pod_id,item_id,qty,order_id,processed_time,task_type,trigger,opp_score,trip_start,trip_duration
416,161,3,-70,59,1,,
416,197,6,-58,59,1,,
0,22,5,-100,62,1,,
0,51,10,-41,62,1,,
447,482,10,-92,68,1,,
135,147,8,-89,70,1,,
182,67,9,-86,82,1,,
437,164,10,-89,85,1,,
108,1,2,-65,88,1,,
108,1,4,-95,88,1,,
108,1,5,-74,88,1,,
108,1,9,-41,88,1,,
282,38,10,-72,96,1,,
305,212,8,-91,96,1,,
319,1104,4,-82,103,1,,
423,418,12,-100,105,1,,
479,1084,6,-76,112,1,,
384,1172,8,-97,124,1,,
408,68,4,-98,131,1,,
409,84,5,-100,131,1,,
409,84,8,-80,131,1,,
409,84,7,-41,131,1,,
284,2,6,-37,136,1,,
284,27,8,-85,136,1,,
284,20,5,-91,136,1,,
284,20,12,-58,136,1,,
128,45,2,-76,151,1,,
410,84,1,-41,152,1,,
410,92,8,-78,152,1,,
410,87,7,-30,152,1,,
283,2,2,-21,162,1,,
283,2,3,-70,162,1,,
283,2,4,-89,162,1,,
283,2,8,-96,162,1,,
283,2,3,-37,162,1,,
420,303,1,-94,164,1,,
383,17,8,-100,169,1,,
383,34,5,-74,169,1,,
464,812,6,-89,171,1,,
99,47,2,-85,180,1,,
99,1254,4,-58,180,1,,
395,600,8,-65,181,1,,
391,309,5,-58,189,1,,
320,0,7,-74,192,1,,
261,327,10,-65,205,1,,
417,219,2,-89,207,1,,
251,163,6,-74,215,1,,
446,454,5,-70,219,1,,
401,2866,3,-37,225,1,,
461,760,6,-65,230,1,,
457,3110,3,-89,231,1,,
363,194,6,-74,242,1,,
407,40,6,-6,243,1,,
419,263,8,-63,262,1,,
385,21,7,-63,284,1,,
385,53,8,-63,284,1,,
95,1227,2,-85,286,1,,
175,1692,2,-60,288,1,,
164,1627,3,-45,294,1,,
118,1371,2,-85,298,1,,
470,919,4,-74,306,1,,
443,380,3,-45,318,1,,
411,98,8,-22,325,1,,
418,239,6,-60,327,1,,
360,49,3,-30,343,1,,
360,60,10,-88,343,1,,
402,823,4,-93,349,1,,
408,56,8,-53,350,1,,
408,40,9,-45,350,1,,
440,295,5,-41,350,1,,
358,997,10,-14,365,1,,
384,42,12,-71,366,1,,
459,711,8,-90,373,1,,
472,939,6,-71,376,1,,
412,105,8,-88,380,1,,
412,111,3,-88,380,1,,
241,2054,4,-88,387,1,,
76,129,6,-90,388,1,,
386,72,12,-79,392,1,,
398,731,3,-22,402,1,,
444,394,5,-50,421,1,,
431,891,3,-14,430,1,,
0,46,4,-48,434,1,,
403,964,2,-65,448,1,,
464,807,5,-8,453,1,,
464,815,6,-93,453,1,,
174,1686,2,-65,458,1,,
50,88,6,-50,462,1,,
383,42,10,-25,467,1,,
85,8,6,-50,471,1,,
387,127,8,-25,482,1,,
419,235,8,-45,501,1,,
419,289,6,-42,501,1,,
446,443,8,-20,502,1,,
128,1,1,-41,505,1,,
1,51,6,11,512,1,,
162,14,8,-25,513,1,,
229,95,6,-62,518,1,,
264,103,8,-79,524,1,,
51,88,6,15,526,1,,
389,242,7,-25,535,1,,
199,149,8,-62,540,1,,
361,12,5,-62,548,1,,
382,18,11,-38,550,1,,
265,496,11,-34,565,1,,
52,4,8,-5,576,1,,
395,639,10,-34,580,1,,
192,191,8,-36,590,1,,
385,53,10,20,593,1,,
100,1263,6,-38,606,1,,
100,1260,3,23,606,1,,
411,101,12,-62,607,1,,
2,28,8,-5,621,1,,
440,299,10,-44,633,1,,
440,282,10,-62,633,1,,
430,852,3,-36,639,1,,
443,365,6,-42,642,1,,
53,88,9,-15,646,1,,
179,160,6,24,648,1,,
305,346,1,-31,651,1,,
425,550,7,-25,652,1,,
306,256,10,-33,667,1,,
84,58,8,16,670,1,,
84,270,10,27,670,1,,
424,511,8,-10,674,1,,
485,1163,6,-15,679,1,,
359,11,10,-11,681,1,,
109,1318,7,27,690,1,,
360,12,6,16,699,1,,
358,12,5,12,707,1,,
369,452,7,-28,718,1,,
441,323,8,4,729,1,,
452,574,5,-38,738,1,,
342,310,9,-54,742,1,,
464,820,8,-74,742,1,,
384,17,4,23,745,1,,
449,516,4,23,756,1,,
337,6,8,-11,759,1,,
426,571,3,-77,761,1,,
288,211,4,-77,770,1,,
313,2442,2,-11,785,1,,
412,112,1,-11,788,1,,
0,22,6,4,790,1,,
238,2040,2,20,796,1,,
229,1994,3,-31,797,1,,
307,393,8,-9,809,1,,
338,100,11,0,812,1,,
382,18,3,-3,815,1,,
437,164,2,-11,819,1,,
76,129,6,-28,821,1,,
105,1290,4,-3,841,1,,
366,338,5,-54,853,1,,
289,27,5,6,853,1,,
427,584,11,-57,871,1,,
453,586,3,39,877,1,,
339,6,12,-83,882,1,,
50,4,7,37,901,1,,
93,13,7,39,909,1,,
448,492,3,12,909,1,,
319,0,5,-83,920,1,,
444,390,5,-46,927,1,,
442,349,10,1,928,1,,
40,5,4,-83,929,1,,
176,1694,2,-28,935,1,,
422,2958,2,8,936,1,,
193,1786,2,27,942,1,,
224,240,4,-46,945,1,,
441,325,6,-10,962,1,,
256,411,4,10,969,1,,
421,358,10,-18,976,1,,
261,2167,2,39,988,1,,
187,1753,8,-43,988,1,,
454,612,3,-43,993,1,,
320,0,7,33,995,1,,
225,271,1,-52,1001,1,,
449,516,5,-29,1010,1,,
449,513,7,1,1010,1,,
290,77,6,-43,1019,1,,
130,1437,2,-43,1024,1,,
321,61,5,-49,1035,1,,
129,1428,4,-49,1042,1,,
456,654,1,-49,1049,1,,
439,261,2,12,1054,1,,
192,166,7,48,1057,1,,
437,186,2,22,1059,1,,
437,179,5,-75,1059,1,,
437,180,10,-3,1059,1,,
131,45,7,44,1064,1,,
440,290,6,44,1074,1,,
453,593,6,-46,1079,1,,
128,115,6,29,1084,1,,
132,1,10,31,1088,1,,
221,1945,3,29,1091,1,,
363,2704,3,29,1097,1,,
313,613,9,44,1101,1,,
162,10,8,31,1112,1,,
229,118,7,21,1130,1,,
39,44,2,21,1134,1,,
312,483,11,32,1134,1,,
446,445,2,21,1139,1,,
223,83,6,34,1139,1,,
257,233,10,21,1153,1,,
444,388,4,42,1160,1,,
400,782,6,21,1169,1,,
127,1420,8,-73,1180,1,,
38,63,5,52,1197,1,,
189,1768,8,-73,1199,1,,
103,1282,2,52,1206,1,,
362,60,8,-73,1211,1,,
386,168,4,-56,1221,1,,
124,115,8,32,1240,1,,
291,229,3,-39,1242,1,,
291,291,9,-39,1242,1,,
482,1115,10,32,1254,1,,
404,1017,8,36,1266,1,,
364,254,10,-39,1267,1,,
364,220,9,-32,1267,1,,
118,1367,8,-16,1279,1,,
75,62,4,40,1282,1,,
75,44,8,41,1282,1,,
101,1269,4,-32,1283,1,,
101,3,8,-27,1283,1,,
314,480,7,-7,1290,1,,
298,759,12,-39,1300,1,,
163,10,8,-16,1304,1,,
280,470,10,-27,1314,1,,
264,33,10,50,1319,1,,
129,1430,9,46,1319,1,,
215,286,8,-27,1332,1,,
215,23,6,62,1332,1,,
85,8,8,50,1333,1,,
439,262,6,-67,1339,1,,
439,268,7,44,1339,1,,
434,1065,9,-39,1347,1,,
299,78,6,-16,1351,1,,
415,169,9,41,1356,1,,
353,774,6,-7,1362,1,,
410,96,8,41,1368,1,,
411,96,9,-26,1382,1,,
449,512,8,-73,1384,1,,
440,312,9,31,1386,1,,
440,288,7,36,1386,1,,
412,108,9,3,1395,1,,
168,14,5,47,1407,1,,
168,1649,3,47,1407,1,,
238,2038,1,8,1417,1,,
238,321,6,-73,1417,1,,
413,148,8,3,1419,1,,
414,142,8,17,1437,1,,
414,154,5,17,1437,1,,
452,576,6,46,1442,1,,
367,398,5,32,1451,1,,
431,872,7,-39,1451,1,,
446,442,8,47,1453,1,,
446,441,4,17,1453,1,,
237,2033,4,31,1458,1,,
445,427,7,-39,1462,1,,
224,1966,2,-7,1473,1,,
481,1108,8,-32,1473,1,,
358,11,6,-32,1509,1,,
487,1200,7,-39,1520,1,,
18,28,3,17,1525,1,,
18,1256,8,17,1525,1,,
419,267,4,-39,1527,1,,
443,3049,4,-39,1534,1,,
368,351,11,66,1536,1,,
475,992,1,32,1539,1,,
407,35,4,-32,1541,1,,
162,126,6,17,1541,1,,
162,14,6,-61,1541,1,,
422,399,2,44,1544,1,,
163,1623,4,-27,1547,1,,
43,1275,8,17,1554,1,,
370,591,5,30,1555,1,,
225,286,3,30,1561,1,,
226,25,8,41,1578,1,,
444,394,7,-56,1589,1,,
121,1386,3,-73,1594,1,,
462,776,6,40,1598,1,,
389,250,4,41,1605,1,,
50,4,4,47,1612,1,,
114,1345,5,47,1620,1,,
437,186,4,60,1632,1,,
415,158,3,34,1639,1,,
280,2266,4,47,1639,1,,
391,313,5,60,1641,1,,
442,349,4,60,1648,1,,
338,100,4,47,1654,1,,
384,17,6,74,1657,1,,
200,1827,2,34,1664,1,,
128,89,2,61,1672,1,,
440,305,4,30,1672,1,,
388,198,3,60,1680,1,,
0,46,2,-39,1681,1,,
377,2762,2,-73,1687,1,,
446,446,5,-61,1704,1,,
159,269,4,81,1726,1,,
159,16,10,81,1726,1,,
452,567,4,-26,1728,1,,
445,421,3,68,1732,1,,
385,31,10,73,1734,1,,
463,790,1,48,1742,1,,
383,32,10,57,1749,1,,
100,1261,10,45,1757,1,,
378,2768,4,17,1760,1,,
416,159,6,73,1763,1,,
344,2603,1,81,1767,1,,
443,373,8,17,1774,1,,
443,379,2,-61,1774,1,,
111,1330,10,57,1777,1,,
1,9,9,45,1782,1,,
27,46,5,53,1789,1,,
27,1969,3,53,1789,1,,
40,5,12,89,1793,1,,
282,36,8,89,1805,1,,
139,50,9,45,1818,1,,
390,247,9,85,1818,1,,
475,999,8,-61,1830,1,,
196,1807,2,73,1839,1,,
411,2909,2,-61,1841,1,,
411,111,6,89,1841,1,,
256,279,3,57,1844,1,,
138,1483,3,41,1851,1,,
386,80,5,74,1854,1,,
438,227,6,53,1863,1,,
359,2687,2,73,1868,1,,
417,219,2,17,1872,1,,
419,272,2,47,1890,1,,
135,147,6,-12,1891,1,,
395,2842,2,60,1893,1,,
2,28,12,71,1907,1,,
418,215,5,26,1912,1,,
76,129,6,69,1917,1,,
84,270,7,71,1944,1,,
84,24,6,75,1944,1,,
84,7,8,75,1944,1,,
384,21,7,53,1949,1,,
471,928,2,60,1960,1,,
264,90,4,71,1961,1,,
264,162,8,71,1961,1,,
432,2999,2,85,1967,1,,
446,433,6,31,1969,1,,
357,2677,1,73,1977,1,,
364,322,4,71,1983,1,,
364,121,11,93,1983,1,,
90,3207,2,57,2002,1,,
445,423,6,41,2005,1,,
445,428,11,-61,2005,1,,
44,1298,5,71,2005,1,,
44,46,10,93,2005,1,,
462,3129,2,35,2010,1,,
229,123,2,89,2019,1,,
208,1865,1,17,2022,1,,
348,589,2,93,2024,1,,
348,678,10,5,2024,1,,
311,2428,2,-84,2032,1,,
242,163,2,47,2041,1,,
75,62,6,93,2044,1,,
75,7,7,49,2044,1,,
437,1142,6,93,2062,1,,
437,179,6,93,2062,1,,
199,149,5,-59,2069,1,,
475,989,6,80,2077,1,,
475,993,6,60,2077,1,,
172,1675,2,45,2079,1,,
172,10,8,93,2079,1,,
241,318,7,-59,2080,1,,
389,2814,3,-12,2095,1,,
389,188,7,93,2095,1,,
352,713,5,13,2101,1,,
338,85,5,-19,2102,1,,
0,41,4,93,2110,1,,
0,41,5,5,2110,1,,
438,248,8,18,2126,1,,
438,206,10,-84,2126,1,,
413,137,10,93,2127,1,,
186,1747,4,-40,2134,1,,
251,59,6,13,2137,1,,
472,954,10,49,2143,1,,
290,381,6,-40,2143,1,,
128,1,4,13,2148,1,,
386,80,2,75,2161,1,,
386,72,7,49,2161,1,,
158,151,6,92,2189,1,,
454,608,3,96,2194,1,,
184,1738,3,-40,2200,1,,
387,94,2,13,2205,1,,
470,921,9,75,2205,1,,
182,67,10,92,2214,1,,
371,650,9,5,2219,1,,
417,226,11,104,2220,1,,
289,229,7,96,2225,1,,
388,168,10,112,2247,1,,
388,94,11,104,2247,1,,
455,630,3,96,2249,1,,
264,183,6,5,2260,1,,
264,296,2,49,2260,1,,
306,361,10,104,2261,1,,
420,285,3,112,2277,1,,
420,300,8,104,2277,1,,
358,49,4,71,2283,1,,
358,12,3,75,2283,1,,
418,222,4,-87,2291,1,,
418,225,6,106,2291,1,,
445,426,8,49,2294,1,,
443,371,8,5,2306,1,,
162,10,4,98,2306,1,,
120,89,8,-23,2307,1,,
120,1,3,118,2307,1,,
451,559,10,-23,2321,1,,
180,166,10,120,2330,1,,
180,126,8,120,2330,1,,
312,545,6,5,2331,1,,
446,443,10,112,2335,1,,
474,3178,2,75,2341,1,,
474,981,4,-13,2341,1,,
348,680,6,49,2350,1,,
467,866,10,104,2355,1,,
285,211,1,120,2356,1,,
285,27,10,87,2356,1,,
419,267,8,120,2367,1,,
477,1048,6,93,2375,1,,
423,505,7,87,2378,1,,
188,184,9,104,2383,1,,
482,1115,6,87,2387,1,,
481,1107,6,49,2392,1,,
139,43,4,120,2394,1,,
424,444,6,88,2404,1,,
386,72,1,-23,2411,1,,
386,168,8,119,2411,1,,
343,334,5,71,2431,1,,
438,190,8,-19,2436,1,,
438,238,6,-40,2436,1,,
438,216,11,-40,2436,1,,
372,723,6,-13,2446,1,,
282,2,8,-23,2449,1,,
452,578,5,-23,2457,1,,
395,639,4,49,2459,1,,
397,669,4,120,2465,1,,
435,1124,6,104,2466,1,,
413,145,4,-24,2472,1,,
359,11,6,-23,2475,1,,
0,22,4,-23,2482,1,,
172,1674,4,95,2491,1,,
385,72,3,-23,2492,1,,
455,631,7,98,2499,1,,
448,495,4,75,2499,1,,
407,48,3,71,2505,1,,
50,4,4,112,2508,1,,
408,56,7,105,2519,1,,
263,2178,2,-24,2522,1,,
48,1368,3,-13,2525,1,,
295,2342,3,-23,2544,1,,
444,401,3,93,2552,1,,
392,367,2,120,2568,1,,
443,386,10,106,2577,1,,
125,1408,2,88,2579,1,,
224,301,2,87,2583,1,,
479,1082,3,49,2584,1,,
451,554,3,-17,2586,1,,
451,3083,2,38,2586,1,,
454,624,2,91,2587,1,,
384,32,2,49,2600,1,,
383,32,8,109,2602,1,,
477,1039,7,-24,2610,1,,
411,2910,2,-12,2610,1,,
468,873,4,109,2626,1,,
409,87,3,-23,2632,1,,
214,301,6,110,2633,1,,
85,8,1,-13,2646,1,,
423,477,11,-24,2649,1,,
467,856,2,-12,2651,1,,
226,1980,2,104,2653,1,,
264,90,4,110,2656,1,,
391,313,6,99,2665,1,,
428,758,2,109,2677,1,,
415,2927,2,104,2684,1,,
362,172,1,95,2686,1,,
360,1037,10,138,2702,1,,
412,101,6,127,2711,1,,
393,415,6,-35,2717,1,,
427,627,4,136,2717,1,,
372,2743,3,-23,2726,1,,
476,1018,7,-35,2734,1,,
382,18,6,111,2735,1,,
444,397,2,-87,2740,1,,
82,2887,3,-66,2741,1,,
0,2520,1,107,2744,1,,
426,584,2,111,2751,1,,
441,328,8,58,2753,1,,
326,530,7,86,2759,1,,
383,18,3,111,2767,1,,
440,305,11,117,2769,1,,
479,1072,7,84,2770,1,,
448,494,4,-87,2774,1,,
215,339,10,117,2782,1,,
40,29,8,117,2794,1,,
449,513,6,58,2806,1,,
449,3078,2,117,2806,1,,
413,114,10,134,2807,1,,
327,609,5,7,2816,1,,
290,291,5,134,2830,1,,
261,327,7,102,2830,1,,
411,106,8,107,2850,1,,
411,105,6,86,2850,1,,
392,462,7,58,2852,1,,
437,174,6,129,2853,1,,
328,609,3,134,2856,1,,
384,17,10,129,2867,1,,
54,88,9,124,2870,1,,
54,1611,3,124,2870,1,,
322,0,10,79,2882,1,,
322,389,8,79,2882,1,,
414,150,7,102,2884,1,,
468,875,5,-55,2891,1,,
468,875,7,59,2891,1,,
430,852,12,67,2899,1,,
371,670,10,-81,2905,1,,
319,899,10,128,2913,1,,
409,92,6,102,2914,1,,
425,555,9,113,2918,1,,
362,121,6,124,2929,1,,
94,58,4,-81,2932,1,,
94,1219,6,113,2932,1,,
207,1863,3,67,2935,1,,
207,149,6,79,2935,1,,
412,106,5,124,2941,1,,
179,294,8,151,2944,1,,
385,55,4,102,2950,1,,
86,8,8,151,2956,1,,
234,131,4,153,2969,1,,
205,1852,2,79,2973,1,,
205,144,11,140,2973,1,,
241,318,4,124,2976,1,,
288,77,8,67,3005,1,,
87,8,8,142,3005,1,,
87,62,8,142,3005,1,,
431,893,4,103,3018,1,,
398,747,10,142,3019,1,,
442,363,6,79,3023,1,,
386,53,8,142,3031,1,,
449,3075,4,64,3037,1,,
388,188,6,142,3052,1,,
440,311,7,134,3055,1,,
476,1023,2,-66,3056,1,,
200,185,8,149,3067,1,,
387,171,8,161,3075,1,,
299,2362,3,124,3078,1,,
185,1743,2,79,3081,1,,
185,67,8,143,3081,1,,
448,499,3,-24,3090,1,,
106,1295,6,149,3090,1,,
312,483,9,-47,3092,1,,
169,1657,3,67,3096,1,,
315,2451,3,67,3105,1,,
414,155,2,103,3110,1,,
437,164,8,-81,3113,1,,
325,448,6,-47,3122,1,,
180,166,6,165,3125,1,,
462,769,2,102,3129,1,,
423,505,8,159,3134,1,,
384,53,2,79,3150,1,,
332,894,6,142,3153,1,,
377,991,7,-64,3163,1,,
181,166,11,155,3165,1,,
319,2471,4,102,3169,1,,
383,18,6,159,3180,1,,
234,2021,2,70,3191,1,,
289,2,4,155,3194,1,,
240,2049,2,67,3208,1,,
94,1222,8,-47,3209,1,,
298,15,5,54,3217,1,,
437,-1,-1,-999,3220,2,v14_piggyback,1.0,3113,107
273,243,6,159,3225,1,,
320,0,6,97,3227,1,,
228,1988,3,97,3233,1,,
467,866,7,159,3235,1,,
201,149,10,141,3251,1,,
479,3201,2,97,3254,1,,
350,651,10,141,3265,1,,
486,1181,8,-4,3279,1,,
442,353,10,143,3280,1,,
386,94,8,152,3280,1,,
386,127,10,159,3280,1,,
471,937,7,139,3290,1,,
300,15,8,-4,3291,1,,
422,407,10,126,3297,1,,
440,305,5,102,3299,1,,
352,676,9,139,3303,1,,
385,31,5,141,3312,1,,
183,67,8,126,3316,1,,
288,77,4,141,3335,1,,
288,36,4,19,3335,1,,
382,17,7,126,3339,1,,
285,2291,2,-2,3346,1,,
251,430,6,-47,3349,1,,
321,804,2,172,3359,1,,
473,959,6,159,3360,1,,
444,405,3,141,3367,1,,
444,391,8,19,3367,1,,
363,194,6,142,3369,1,,
128,1,5,159,3377,1,,
410,93,8,19,3385,1,,
313,483,5,177,3397,1,,
409,92,10,-68,3399,1,,
462,779,4,116,3404,1,,
440,-1,-1,-999,3408,2,v14_piggyback,1.0,3299,109
225,23,5,-68,3415,1,,
225,25,7,174,3415,1,,
306,408,4,-64,3420,1,,
163,1619,4,126,3427,1,,
427,2978,4,-64,3435,1,,
384,18,4,-68,3445,1,,
384,42,7,174,3445,1,,
450,539,6,2,3447,1,,
322,61,6,177,3457,1,,
283,20,10,174,3465,1,,
289,27,8,2,3468,1,,
406,1117,8,2,3480,1,,
320,213,6,2,3490,1,,
457,665,4,159,3501,1,,
460,738,12,55,3506,1,,
124,1403,3,2,3511,1,,
419,272,3,141,3517,1,,
419,252,4,-68,3517,1,,
358,979,4,2,3524,1,,
342,310,9,174,3530,1,,
421,341,12,130,3532,1,,
471,937,7,19,3540,1,,
437,164,4,-81,3543,1,,
486,1180,12,132,3548,1,,
486,1184,6,-2,3548,1,,
324,0,3,159,3551,1,,
95,1226,8,174,3552,1,,
441,328,4,142,3558,1,,
474,971,4,-47,3565,1,,
323,91,5,-1,3568,1,,
323,0,10,-1,3568,1,,
442,348,6,19,3573,1,,
454,611,2,-64,3578,1,,
216,1915,3,126,3604,1,,
199,223,4,-68,3621,1,,
112,1336,4,174,3628,1,,
480,1091,5,-68,3636,1,,
444,405,5,173,3644,1,,
290,2316,4,-1,3648,1,,
290,128,9,-1,3648,1,,
404,994,9,137,3661,1,,
179,1711,1,51,3669,1,,
174,1684,4,137,3670,1,,
174,65,2,189,3670,1,,
438,249,1,126,3673,1,,
328,649,2,159,3678,1,,
440,282,8,157,3681,1,,
398,2852,3,157,3687,1,,
200,260,4,-1,3691,1,,
200,228,11,137,3691,1,,
284,2,3,55,3694,1,,
459,708,9,122,3707,1,,
0,9,12,189,3710,1,,
18,1253,8,122,3721,1,,
424,519,6,137,3721,1,,
245,2079,3,19,3726,1,,
109,13,8,-1,3742,1,,
109,1,6,189,3742,1,,
419,289,8,197,3748,1,,
232,2010,6,189,3754,1,,
150,1547,9,150,3761,1,,
1,37,5,162,3764,1,,
244,2069,2,150,3766,1,,
2,41,9,170,3779,1,,
395,556,3,-1,3787,1,,
285,2,7,204,3796,1,,
408,68,8,158,3807,1,,
241,318,7,197,3817,1,,
420,263,8,158,3829,1,,
471,933,10,122,3835,1,,
384,18,2,55,3840,1,,
454,612,4,163,3848,1,,
454,615,10,150,3848,1,,
180,160,7,158,3858,1,,
474,983,9,122,3858,1,,
437,179,12,-1,3867,1,,
3,41,6,158,3867,1,,
386,53,5,204,3869,1,,
423,418,2,192,3871,1,,
446,443,2,-1,3876,1,,
224,240,5,169,3877,1,,
141,43,1,174,3886,1,,
141,1500,3,-69,3886,1,,
421,303,8,125,3886,1,,
421,341,4,25,3886,1,,
441,315,8,-1,3896,1,,
441,3038,2,-1,3896,1,,
134,130,6,196,3899,1,,
388,199,6,169,3904,1,,
388,132,7,169,3904,1,,
410,84,2,174,3916,1,,
275,2243,1,137,3924,1,,
440,305,2,102,3930,1,,
353,746,4,210,3945,1,,
442,353,1,-4,3947,1,,
409,86,6,210,3955,1,,
407,56,6,25,3979,1,,
396,603,5,144,3983,1,,
459,718,6,-69,3984,1,,
0,9,4,25,3986,1,,
446,-1,-1,-999,3987,2,v14_piggyback,1.0,3876,111
422,399,6,206,3992,1,,
456,654,8,131,3998,1,,
273,297,6,154,4001,1,,
383,42,3,196,4007,1,,
383,34,3,196,4007,1,,
448,491,5,25,4015,1,,
50,4,4,154,4017,1,,
225,83,12,223,4019,1,,
419,283,4,131,4022,1,,
354,746,4,146,4026,1,,
241,2055,2,139,4035,1,,
362,2699,2,158,4036,1,,
362,121,8,115,4036,1,,
384,2792,2,223,4041,1,,
462,765,4,154,4043,1,,
139,43,6,115,4046,1,,
1,37,8,115,4068,1,,
51,88,4,200,4076,1,,
226,214,2,144,4080,1,,
274,275,6,115,4086,1,,
355,2664,4,191,4091,1,,
361,69,6,212,4106,1,,
403,976,2,223,4114,1,,
328,649,4,224,4115,1,,
128,141,2,219,4121,1,,
129,115,2,191,4137,1,,
129,1,4,220,4137,1,,
408,56,5,226,4146,1,,
420,252,9,228,4155,1,,
41,5,8,228,4167,1,,
467,869,9,215,4170,1,,
467,860,2,215,4170,1,,
138,1482,4,220,4177,1,,
437,179,4,115,4179,1,,
363,69,10,178,4181,1,,
410,76,5,226,4187,1,,
130,1,12,203,4194,1,,
256,306,4,115,4196,1,,
395,603,11,178,4196,1,,
440,288,8,224,4208,1,,
131,39,3,131,4216,1,,
131,116,6,175,4216,1,,
413,145,12,186,4218,1,,
240,2051,2,228,4221,1,,
240,95,7,178,4221,1,,
360,60,6,202,4230,1,,
438,249,12,175,4232,1,,
358,49,10,203,4232,1,,
412,133,9,166,4245,1,,
409,79,12,156,4249,1,,
370,537,9,175,4262,1,,
365,121,10,186,4263,1,,
102,8,2,235,4275,1,,
102,1273,7,121,4275,1,,
456,657,10,115,4276,1,,
446,443,3,-1,4281,1,,
437,-1,-1,-999,4290,2,v14_piggyback,1.0,4179,111
439,265,8,203,4294,1,,
86,8,11,207,4303,1,,
407,56,3,226,4310,1,,
407,1151,10,236,4310,1,,
407,1059,6,236,4310,1,,
383,34,2,131,4325,1,,
383,31,9,236,4325,1,,
419,272,4,121,4326,1,,
384,32,6,215,4337,1,,
303,2385,4,121,4338,1,,
362,60,10,175,4339,1,,
482,1116,8,215,4352,1,,
313,652,10,236,4363,1,,
375,932,3,202,4363,1,,
458,684,8,203,4364,1,,
427,696,4,121,4371,1,,
485,1168,6,186,4380,1,,
359,49,6,186,4389,1,,
298,15,5,215,4398,1,,
209,1877,2,121,4401,1,,
378,1041,7,156,4401,1,,
460,726,2,207,4405,1,,
242,59,6,186,4408,1,,
257,259,6,156,4410,1,,
156,1582,9,231,4418,1,,
386,127,8,156,4425,1,,
93,13,8,231,4429,1,,
440,311,8,235,4450,1,,
216,1915,2,176,4454,1,,
448,495,4,231,4457,1,,
410,86,4,191,4464,1,,
410,79,4,215,4464,1,,
199,149,4,196,4467,1,,
305,212,5,215,4473,1,,
390,236,2,175,4474,1,,
390,266,2,175,4474,1,,
470,3162,2,175,4479,1,,
332,792,5,203,4481,1,,
428,627,2,94,4489,1,,
389,245,6,199,4489,1,,
240,2049,3,94,4494,1,,
363,172,6,243,4498,1,,
446,438,10,121,4509,1,,
438,238,7,203,4517,1,,
424,2965,1,175,4525,1,,
364,194,9,247,4530,1,,
439,273,8,241,4537,1,,
437,179,4,115,4544,1,,
437,174,8,175,4544,1,,
487,1200,4,215,4544,1,,
459,3116,4,219,4553,1,,
139,50,7,247,4557,1,,
205,1852,3,186,4576,1,,
458,691,3,236,4576,1,,
256,2135,2,247,4576,1,,
407,56,5,203,4584,1,,
312,480,3,186,4590,1,,
258,587,10,221,4593,1,,
240,-1,-1,-999,4604,2,v14_piggyback,2.0,4494,110
425,536,6,221,4611,1,,
354,2660,2,220,4611,1,,
433,1009,12,211,4622,1,,
426,571,8,198,4629,1,,
362,119,5,211,4636,1,,
412,114,9,244,4642,1,,
391,264,10,211,4650,1,,
453,586,8,221,4653,1,,
105,1292,8,250,4659,1,,
242,2061,4,195,4666,1,,
427,683,6,221,4672,1,,
440,314,2,271,4683,1,,
0,37,4,246,4688,1,,
365,156,6,198,4693,1,,
410,84,8,175,4700,1,,
434,1000,10,201,4714,1,,
1,9,4,261,4721,1,,
423,493,4,246,4728,1,,
243,318,6,238,4732,1,,
460,733,4,14,4734,1,,
225,25,6,238,4741,1,,
238,157,6,244,4744,1,,
361,69,9,168,4746,1,,
419,267,8,262,4753,1,,
183,67,12,168,4763,1,,
439,265,8,250,4765,1,,
305,333,2,244,4773,1,,
226,25,7,262,4777,1,,
424,422,10,168,4777,1,,
473,970,3,198,4781,1,,
408,66,6,262,4786,1,,
182,113,8,253,4819,1,,
455,625,7,264,4825,1,,
414,158,2,94,4826,1,,
40,5,1,218,4834,1,,
244,163,6,264,4835,1,,
449,516,5,135,4843,1,,
319,0,8,168,4848,1,,
413,145,4,218,4852,1,,
412,2912,4,242,4859,1,,
358,11,8,268,4860,1,,
443,373,10,263,4863,1,,
438,227,8,156,4889,1,,
2,3,4,262,4902,1,,
2,30,5,263,4902,1,,
457,662,10,82,4903,1,,
474,985,8,168,4915,1,,
453,582,10,272,4916,1,,
440,290,4,252,4917,1,,
102,8,6,278,4925,1,,
411,105,4,184,4927,1,,
109,1,10,270,4929,1,,
130,1435,8,245,4941,1,,
360,60,1,82,4953,1,,
360,11,7,245,4953,1,,
410,92,6,281,4955,1,,
452,561,6,82,4962,1,,
409,68,6,263,4965,1,,
258,2146,2,222,4975,1,,
264,2183,4,268,4977,1,,
143,1511,4,135,4991,1,,
295,2341,4,278,4998,1,,
256,587,7,276,5009,1,,
1,9,5,168,5023,1,,
439,258,11,135,5032,1,,
469,898,4,253,5034,1,,
389,250,6,185,5036,1,,
487,1187,4,271,5038,1,,
225,25,4,268,5042,1,,
441,315,5,185,5045,1,,
445,432,6,283,5054,1,,
478,1057,3,262,5055,1,,
460,739,3,185,5060,1,,
139,43,1,185,5064,1,,
298,54,2,82,5078,1,,
455,626,10,272,5080,1,,
473,970,12,164,5084,1,,
414,145,3,218,5090,1,,
416,167,3,168,5099,1,,
412,108,10,222,5104,1,,
480,1095,3,135,5116,1,,
224,214,2,135,5122,1,,
363,2703,2,270,5124,1,,
440,292,2,245,5140,1,,
440,311,6,245,5140,1,,
438,216,9,82,5153,1,,
401,861,2,268,5157,1,,
457,675,6,100,5167,1,,
413,137,2,213,5168,1,,
413,122,9,213,5168,1,,
449,501,8,263,5168,1,,
449,512,6,278,5168,1,,
474,3179,3,290,5189,1,,
273,2233,2,135,5189,1,,
274,330,5,213,5191,1,,
181,1723,2,100,5194,1,,
419,272,2,264,5196,1,,
132,117,7,286,5207,1,,
51,4,4,213,5214,1,,
131,1440,2,272,5215,1,,
415,173,9,258,5215,1,,
193,1788,1,268,5232,1,,
275,278,9,299,5236,1,,
470,906,7,299,5246,1,,
207,1862,4,299,5254,1,,
319,0,3,256,5257,1,,
438,-1,-1,-999,5260,2,v14_piggyback,1.0,5153,107
450,523,3,286,5263,1,,
198,81,10,295,5277,1,,
276,275,10,275,5285,1,,
339,100,10,295,5299,1,,
162,10,4,279,5303,1,,
221,1945,3,256,5304,1,,
200,185,6,275,5305,1,,
426,617,2,275,5318,1,,
416,161,8,255,5318,1,,
337,6,12,171,5321,1,,
209,1874,2,213,5325,1,,
445,428,4,275,5331,1,,
338,244,5,279,5339,1,,
399,716,10,216,5354,1,,
398,716,12,255,5371,1,,
136,1473,4,255,5378,1,,
425,571,8,280,5381,1,,
179,294,7,255,5388,1,,
256,279,2,255,5396,1,,
424,522,8,289,5410,1,,
133,1451,7,280,5420,1,,
442,348,7,295,5422,1,,
232,2010,11,282,5430,1,,
407,48,6,295,5431,1,,
264,162,9,308,5434,1,,
400,674,10,248,5444,1,,
412,101,11,295,5447,1,,
143,1510,2,148,5453,1,,
143,147,5,308,5453,1,,
440,305,8,283,5458,1,,
385,34,1,255,5463,1,,
385,72,5,248,5463,1,,
385,21,8,282,5463,1,,
273,277,6,308,5470,1,,
225,25,1,213,5474,1,,
441,328,6,256,5484,1,,
265,183,3,288,5489,1,,
265,33,11,300,5489,1,,
320,61,3,266,5490,1,,
459,707,6,289,5499,1,,
485,1173,6,289,5508,1,,
473,962,4,185,5513,1,,
438,190,4,185,5519,1,,
415,182,6,282,5528,1,,
415,169,9,277,5528,1,,
415,159,9,239,5528,1,,
353,2652,2,233,5534,1,,
229,321,10,277,5542,1,,
416,167,7,322,5553,1,,
128,141,4,308,5557,1,,
321,91,6,233,5562,1,,
134,107,9,282,5574,1,,
470,911,6,254,5577,1,,
389,247,6,303,5584,1,,
408,35,5,280,5585,1,,
446,436,4,239,5591,1,,
348,694,5,308,5593,1,,
384,34,4,239,5598,1,,
173,153,6,303,5607,1,,
198,1816,2,90,5614,1,,
290,2319,4,254,5622,1,,
324,0,12,274,5631,1,,
193,1786,4,275,5634,1,,
465,822,2,239,5636,1,,
445,419,4,213,5638,1,,
322,2486,2,277,5652,1,,
201,1830,4,308,5654,1,,
383,52,6,274,5673,1,,
442,355,11,239,5674,1,,
77,58,8,249,5685,1,,
456,655,6,249,5694,1,,
180,104,9,320,5695,1,,
288,470,4,274,5701,1,,
289,229,8,237,5707,1,,
370,2736,2,303,5709,1,,
371,723,6,331,5710,1,,
282,27,10,324,5721,1,,
157,65,6,329,5721,1,,
94,58,8,325,5729,1,,
94,1221,6,325,5729,1,,
163,10,6,312,5733,1,,
10,1917,2,274,5739,1,,
468,873,4,324,5748,1,,
468,870,5,269,5748,1,,
284,2,10,269,5762,1,,
409,70,9,330,5763,1,,
404,2876,3,312,5772,1,,
262,327,6,294,5785,1,,
438,190,7,249,5786,1,,
438,206,10,331,5786,1,,
283,77,6,330,5788,1,,
160,65,1,330,5792,1,,
264,90,6,269,5794,1,,
86,347,5,328,5800,1,,
86,3,4,296,5800,1,,
164,10,6,269,5822,1,,
411,97,6,323,5825,1,,
363,194,2,312,5828,1,,
379,1069,6,294,5838,1,,
410,87,4,296,5839,1,,
158,75,8,273,5843,1,,
447,481,5,320,5846,1,,
459,701,4,249,5851,1,,
403,977,3,302,5857,1,,
364,201,8,273,5868,1,,
464,813,4,254,5874,1,,
440,3035,2,274,5893,1,,
465,821,8,108,5897,1,,
442,354,10,266,5910,1,,
385,42,3,308,5912,1,,
290,2316,2,296,5915,1,,
390,208,4,340,5917,1,,
390,198,3,63,5917,1,,
390,266,8,63,5917,1,,
412,108,1,315,5918,1,,
256,279,3,320,5918,1,,
321,0,2,269,5923,1,,
456,642,3,254,5929,1,,
24,1608,1,237,5945,1,,
407,35,11,63,5946,1,,
409,79,4,227,5949,1,,
454,624,2,237,5962,1,,
157,1586,4,273,5963,1,,
157,1585,8,340,5963,1,,
76,24,8,227,5967,1,,
282,27,7,63,5974,1,,
305,256,6,227,5976,1,,
52,1472,7,63,5984,1,,
413,122,9,309,5994,1,,
358,11,6,309,6003,1,,
165,10,7,63,6008,1,,
434,1033,4,227,6015,1,,
164,1625,2,260,6021,1,,
355,746,6,63,6023,1,,
145,345,8,352,6034,1,,
460,724,6,273,6044,1,,
464,806,3,83,6045,1,,
307,256,12,287,6052,1,,
0,51,6,352,6053,1,,
276,461,7,287,6072,1,,
410,74,12,63,6073,1,,
410,98,3,353,6073,1,,
128,1,8,343,6073,1,,
1,28,6,230,6082,1,,
129,1,3,354,6090,1,,
435,1073,3,230,6097,1,,
482,1113,11,293,6105,1,,
121,1385,7,230,6107,1,,
411,98,5,354,6115,1,,
455,637,12,293,6122,1,,
2,19,7,345,6126,1,,
194,1790,2,345,6130,1,,
408,68,7,265,6133,1,,
160,269,6,353,6141,1,,
160,1601,4,353,6141,1,,
414,143,8,293,6145,1,,
51,4,4,352,6153,1,,
51,4,4,353,6153,1,,
440,282,8,351,6157,1,,
438,204,7,345,6159,1,,
130,1,6,352,6162,1,,
442,354,7,312,6184,1,,
442,364,10,330,6184,1,,
437,174,7,293,6187,1,,
405,1046,6,353,6194,1,,
447,469,8,265,6202,1,,
439,253,6,353,6203,1,,
478,1050,6,273,6212,1,,
409,87,12,293,6218,1,,
184,67,10,356,6221,1,,
342,304,4,309,6228,1,,
342,2591,2,265,6228,1,,
193,228,11,337,6250,1,,
417,219,2,273,6255,1,,
443,385,6,287,6256,1,,
106,1301,2,340,6264,1,,
440,-1,-1,-999,6264,2,v14_piggyback,1.0,6157,107
468,875,6,293,6265,1,,
95,1230,6,63,6276,1,,
412,106,9,363,6278,1,,
145,1520,4,337,6285,1,,
292,2328,3,287,6291,1,,
326,609,8,363,6296,1,,
306,408,4,335,6305,1,,
454,624,8,259,6308,1,,
464,820,3,230,6314,1,,
185,67,2,265,6324,1,,
242,64,11,347,6331,1,,
363,201,2,335,6341,1,,
136,147,10,347,6345,1,,
55,4,2,309,6345,1,,
50,1427,2,345,6349,1,,
450,518,1,363,6366,1,,
479,1084,2,287,6368,1,,
411,108,5,315,6376,1,,
418,215,10,225,6377,1,,
418,222,8,193,6377,1,,
445,429,2,345,6380,1,,
243,64,2,287,6387,1,,
373,2747,2,123,6401,1,,
438,238,4,293,6404,1,,
192,104,8,375,6408,1,,
419,235,12,297,6428,1,,
459,3116,4,297,6435,1,,
421,329,9,297,6448,1,,
439,268,6,363,6450,1,,
106,1295,4,190,6457,1,,
106,1301,2,234,6457,1,,
406,1129,3,297,6463,1,,
417,225,7,123,6473,1,,
2,9,11,360,6483,1,,
283,2283,2,297,6487,1,,
414,155,6,360,6492,1,,
413,133,2,297,6494,1,,
440,282,2,351,6495,1,,
440,314,4,364,6495,1,,
468,878,6,297,6505,1,,
441,324,6,360,6506,1,,
111,1331,4,360,6512,1,,
389,210,6,378,6513,1,,
274,434,4,360,6519,1,,
410,97,6,378,6523,1,,
52,4,10,367,6537,1,,
94,1221,7,378,6547,1,,
174,1682,2,306,6551,1,,
41,5,5,306,6560,1,,
415,150,8,359,6579,1,,
282,38,10,373,6583,1,,
409,86,3,359,6585,1,,
416,169,5,306,6586,1,,
158,75,5,355,6594,1,,
420,303,2,359,6594,1,,
53,1491,8,321,6604,1,,
5,51,2,359,6613,1,,
5,2215,2,359,6613,1,,
59,5,3,379,6630,1,,
59,7,4,379,6630,1,,
157,65,3,321,6631,1,,
488,1203,12,298,6636,1,,
395,556,2,321,6641,1,,
470,910,4,373,6648,1,,
145,345,9,374,6649,1,,
418,232,8,326,6659,1,,
396,621,10,333,6673,1,,
447,468,8,187,6676,1,,
0,46,6,326,6690,1,,
0,3,6,381,6690,1,,
1,3,4,187,6697,1,,
409,-1,-1,-999,6697,2,v14_piggyback,2.0,6585,112
62,1873,4,298,6701,1,,
62,3,8,390,6701,1,,
285,38,10,267,6704,1,,
388,199,3,298,6719,1,,
388,199,6,366,6719,1,,
284,128,2,381,6719,1,,
284,36,9,381,6719,1,,
439,268,6,358,6726,1,,
439,253,11,360,6726,1,,
439,251,6,379,6726,1,,
437,186,3,187,6732,1,,
385,42,11,381,6734,1,,
419,283,9,390,6738,1,,
438,216,7,342,6750,1,,
438,206,6,347,6750,1,,
334,1068,2,379,6754,1,,
444,388,7,298,6758,1,,
444,390,8,369,6758,1,,
310,2424,1,359,6769,1,,
417,189,9,321,6769,1,,
138,1485,8,298,6770,1,,
386,171,8,369,6781,1,,
410,84,9,298,6811,1,,
410,79,7,298,6811,1,,
410,79,7,390,6811,1,,
298,15,5,326,6813,1,,
298,569,3,381,6813,1,,
408,68,1,379,6817,1,,
440,282,8,378,6823,1,,
362,121,6,326,6823,1,,
441,340,4,376,6832,1,,
441,315,5,187,6832,1,,
320,61,8,298,6834,1,,
468,878,8,321,6835,1,,
457,660,6,381,6844,1,,
134,130,10,396,6848,1,,
413,142,5,381,6853,1,,
143,1509,6,390,6857,1,,
438,-1,-1,-999,6861,2,v14_piggyback,1.0,6750,111
384,53,5,267,6862,1,,
416,195,6,298,6867,1,,
484,1150,5,333,6870,1,,
163,10,6,298,6876,1,,
391,2822,4,381,6884,1,,
420,300,4,267,6896,1,,
409,68,5,379,6898,1,,
273,243,7,307,6914,1,,
273,297,5,307,6914,1,,
332,894,10,307,6937,1,,
299,15,6,366,6951,1,,
193,228,2,381,6953,1,,
308,458,7,346,6963,1,,
308,408,11,346,6963,1,,
104,129,4,326,6970,1,,
248,2090,2,267,6974,1,,
469,898,9,346,6977,1,,
383,34,5,396,6986,1,,
338,298,8,346,6991,1,,
300,78,11,399,7001,1,,
259,259,5,307,7003,1,,
259,2151,2,407,7003,1,,
229,95,2,326,7010,1,,
301,26,8,384,7013,1,,
339,85,10,357,7019,1,,
373,2749,2,145,7022,1,,
444,394,8,257,7025,1,,
125,1410,8,346,7033,1,,
439,273,12,390,7041,1,,
407,40,7,346,7046,1,,
411,93,7,399,7052,1,,
410,87,6,373,7052,1,,
378,1020,2,381,7056,1,,
219,1932,3,298,7057,1,,
18,1291,3,384,7063,1,,
340,85,10,413,7069,1,,
340,136,6,388,7069,1,,
376,895,1,321,7072,1,,
456,657,4,390,7076,1,,
451,554,4,366,7085,1,,
419,246,8,406,7091,1,,
227,25,8,406,7102,1,,
247,59,8,406,7114,1,,
408,40,10,416,7123,1,,
202,1838,2,355,7131,1,,
444,-1,-1,-999,7132,2,v14_piggyback,1.0,7025,107
409,92,10,307,7137,1,,
472,945,8,413,7149,1,,
440,282,6,346,7158,1,,
438,216,1,82,7159,1,,
282,2,3,307,7168,1,,
282,20,2,416,7168,1,,
384,31,4,346,7183,1,,
384,18,6,388,7183,1,,
103,1282,2,298,7184,1,,
377,991,6,209,7189,1,,
128,614,4,407,7190,1,,
439,-1,-1,-999,7194,2,v14_piggyback,1.0,7041,153
295,2343,2,390,7195,1,,
264,2183,2,209,7197,1,,
344,2605,4,346,7201,1,,
157,1584,2,298,7201,1,,
263,440,4,341,7203,1,,
468,880,4,357,7219,1,,
151,16,8,417,7221,1,,
224,23,12,365,7229,1,,
265,103,8,403,7241,1,,
0,41,1,403,7244,1,,
178,1708,3,403,7250,1,,
440,-1,-1,-999,7270,2,v14_piggyback,1.0,7158,112
152,16,8,412,7274,1,,
162,126,8,400,7276,1,,
407,66,3,412,7282,1,,
470,920,7,365,7289,1,,
122,1392,4,400,7296,1,,
416,173,8,412,7299,1,,
460,738,8,284,7317,1,,
456,647,2,383,7322,1,,
345,406,4,313,7323,1,,
451,546,8,387,7336,1,,
346,310,9,284,7341,1,,
3,9,10,405,7348,1,,
166,1638,1,284,7348,1,,
446,442,7,387,7353,1,,
129,39,8,405,7359,1,,
444,394,3,257,7361,1,,
108,8,6,284,7368,1,,
108,45,6,284,7368,1,,
420,293,6,398,7380,1,,
362,172,12,391,7392,1,,
2,9,8,398,7394,1,,
408,48,8,387,7400,1,,
404,1013,8,284,7408,1,,
22,1550,1,284,7413,1,,
321,0,8,404,7415,1,,
438,206,2,347,7420,1,,
363,119,11,409,7426,1,,
460,-1,-1,-999,7428,2,v14_piggyback,1.0,7317,111
415,178,6,405,7437,1,,
229,321,8,404,7442,1,,
439,251,11,307,7467,1,,
131,1,6,433,7470,1,,
151,1553,8,56,7484,1,,
449,509,5,405,7492,1,,
104,1285,8,319,7498,1,,
1,46,6,318,7502,1,,
214,301,10,391,7516,1,,
338,6,8,318,7528,1,,
59,7,6,319,7528,1,,
358,49,4,409,7535,1,,
418,232,5,425,7538,1,,
443,3049,3,391,7540,1,,
421,300,5,426,7546,1,,
479,1079,4,400,7552,1,,
0,37,3,442,7554,1,,
417,197,5,319,7561,1,,
288,2,2,400,7561,1,,
224,301,6,410,7569,1,,
407,35,5,404,7571,1,,
440,282,1,346,7577,1,,
422,329,4,319,7580,1,,
434,1065,2,410,7582,1,,
451,542,8,404,7594,1,,
365,335,6,430,7615,1,,
226,25,5,430,7623,1,,
343,534,2,318,7626,1,,
166,1639,3,77,7628,1,,
289,128,4,411,7635,1,,
170,1661,3,319,7653,1,,
475,999,1,405,7664,1,,
409,84,1,298,7664,1,,
409,68,4,437,7664,1,,
180,104,6,402,7668,1,,
180,10,6,402,7668,1,,
449,504,6,318,7674,1,,
446,438,8,319,7678,1,,
157,65,10,430,7682,1,,
439,262,5,381,7697,1,,
439,280,8,267,7697,1,,
105,47,11,434,7702,1,,
105,115,5,434,7702,1,,
385,72,2,319,7708,1,,
290,77,11,336,7715,1,,
320,61,9,449,7724,1,,
462,779,7,336,7726,1,,
321,0,2,319,7730,1,,
344,310,12,336,7742,1,,
326,510,6,336,7751,1,,
285,2,12,9,7752,1,,
408,35,1,404,7756,1,,
1,3,7,380,7761,1,,
76,47,7,402,7766,1,,
76,4,3,402,7766,1,,
423,407,8,380,7773,1,,
416,182,10,9,7780,1,,
50,88,12,395,7797,1,,
445,419,5,380,7806,1,,
421,341,4,232,7806,1,,
440,312,4,412,7817,1,,
479,1081,8,336,7817,1,,
435,1027,10,9,7821,1,,
374,846,9,9,7834,1,,
459,714,8,9,7846,1,,
250,2101,4,380,7846,1,,
458,684,8,395,7857,1,,
422,341,8,232,7860,1,,
481,3218,3,401,7868,1,,
420,303,8,411,7869,1,,
448,489,4,395,7876,1,,
367,392,8,401,7882,1,,
454,3096,2,401,7888,1,,
0,46,8,453,7891,1,,
313,564,8,395,7893,1,,
18,1256,2,401,7919,1,,
449,515,9,214,7930,1,,
449,515,11,380,7930,1,,
439,261,9,410,7932,1,,
475,1001,11,229,7945,1,,
411,101,8,447,7945,1,,
273,330,6,453,7954,1,,
264,90,6,214,7963,1,,
2,41,10,447,7974,1,,
2,46,10,447,7974,1,,
471,929,7,453,7975,1,,
231,2003,4,9,7978,1,,
227,1981,4,395,7985,1,,
154,1572,6,214,7986,1,,
285,2291,4,395,7993,1,,
446,441,6,437,7995,1,,
446,445,8,401,7995,1,,
462,781,8,456,8000,1,,
101,1265,1,447,8021,1,,
101,62,6,447,8021,1,,
101,3,11,461,8021,1,,
423,402,5,424,8029,1,,
391,316,4,334,8029,1,,
338,244,8,447,8035,1,,
444,397,4,411,8037,1,,
449,-1,-1,-999,8039,2,v14_piggyback,1.0,7930,109
341,85,12,421,8053,1,,
232,2007,4,214,8065,1,,
440,290,6,430,8068,1,,
440,307,7,402,8068,1,,
440,282,4,424,8068,1,,
366,337,10,350,8073,1,,
478,1050,4,395,8075,1,,
392,309,7,377,8078,1,,
419,246,2,448,8082,1,,
384,2792,3,430,8087,1,,
340,6,12,350,8090,1,,
465,835,7,455,8100,1,,
265,33,8,350,8112,1,,
434,1033,4,456,8123,1,,
304,78,6,455,8125,1,,
304,2393,3,350,8125,1,,
320,196,3,453,8131,1,,
422,2957,2,401,8138,1,,
422,407,7,455,8138,1,,
321,196,8,460,8145,1,,
418,239,8,444,8149,1,,
451,3083,3,433,8153,1,,
414,145,6,447,8167,1,,
424,422,3,334,8170,1,,
53,4,10,444,8171,1,,
407,40,3,460,8178,1,,
474,984,2,214,8185,1,,
445,419,3,214,8193,1,,
127,1420,8,444,8199,1,,
383,18,3,456,8201,1,,
199,144,4,461,8208,1,,
108,1313,6,350,8218,1,,
417,219,4,350,8235,1,,
400,768,10,393,8242,1,,
233,2012,3,350,8242,1,,
360,11,10,393,8256,1,,
446,443,7,447,8270,1,,
397,2850,3,455,8276,1,,
326,645,10,393,8277,1,,
187,1756,3,447,8285,1,,
124,1403,3,480,8294,1,,
124,1,8,480,8294,1,,
164,10,9,476,8298,1,,
343,334,3,421,8302,1,,
172,1670,2,334,8302,1,,
385,21,5,393,8305,1,,
387,72,8,445,8318,1,,
341,2587,3,214,8319,1,,
299,78,6,445,8330,1,,
481,1102,2,181,8339,1,,
322,196,10,344,8340,1,,
300,26,8,429,8344,1,,
181,166,6,344,8357,1,,
344,424,6,114,8361,1,,
440,290,4,465,8365,1,,
440,305,8,393,8365,1,,
338,109,5,179,8385,1,,
92,1215,10,114,8386,1,,
281,2273,4,179,8392,1,,
444,405,10,444,8400,1,,
444,410,4,478,8400,1,,
433,1000,4,344,8408,1,,
134,1456,12,368,8417,1,,
384,21,5,393,8424,1,,
470,906,7,368,8428,1,,
452,576,6,179,8429,1,,
452,575,10,179,8429,1,,
323,61,8,179,8441,1,,
184,67,5,114,8448,1,,
184,160,10,368,8448,1,,
359,11,3,458,8449,1,,
359,49,2,445,8449,1,,
112,1332,2,480,8454,1,,
128,39,4,485,8455,1,,
255,2131,2,447,8459,1,,
289,2313,3,445,8459,1,,
163,345,6,467,8462,1,,
163,14,10,467,8462,1,,
206,1858,3,114,8465,1,,
39,44,3,478,8465,1,,
345,406,4,368,8476,1,,
409,76,8,467,8498,1,,
392,462,10,475,8511,1,,
3,9,7,467,8517,1,,
446,446,5,393,8518,1,,
410,70,6,427,8526,1,,
439,261,5,483,8527,1,,
231,2004,2,445,8531,1,,
256,259,11,475,8543,1,,
227,25,7,467,8549,1,,
358,12,8,483,8549,1,,
162,10,4,496,8573,1,,
129,1,5,495,8580,1,,
429,2986,3,179,8583,1,,
86,3058,3,496,8589,1,,
478,1061,10,475,8594,1,,
411,93,5,475,8602,1,,
465,822,3,344,8603,1,,
361,12,8,385,8607,1,,
361,11,10,385,8607,1,,
419,272,2,214,8614,1,,
393,352,8,183,8621,1,,
282,20,4,385,8623,1,,
282,2,8,489,8623,1,,
304,2392,2,339,8629,1,,
304,26,3,475,8629,1,,
4,9,10,385,8637,1,,
135,147,2,179,8644,1,,
423,493,8,385,8649,1,,
273,2228,4,475,8651,1,,
264,496,9,492,8662,1,,
290,229,6,489,8684,1,,
290,128,11,492,8684,1,,
10,3163,2,455,8686,1,,
10,1316,3,183,8686,1,,
470,912,10,467,8688,1,,
322,2484,2,447,8690,1,,
233,2012,2,483,8697,1,,
233,25,7,492,8697,1,,
452,568,6,317,8697,1,,
385,1172,2,114,8706,1,,
291,336,10,474,8712,1,,
411,-1,-1,-999,8713,2,v14_piggyback,2.0,8602,111
205,228,1,467,8717,1,,
205,207,6,506,8717,1,,
408,66,8,489,8728,1,,
407,2892,2,475,8728,1,,
215,1907,2,344,8730,1,,
430,831,9,489,8741,1,,
412,101,2,447,8749,1,,
134,107,7,474,8751,1,,
449,515,1,380,8758,1,,
372,754,1,368,8764,1,,
120,1384,2,436,8770,1,,
299,57,4,436,8777,1,,
439,274,1,344,8779,1,,
439,262,3,496,8779,1,,
216,83,6,511,8799,1,,
216,271,8,511,8799,1,,
446,433,10,385,8803,1,,
409,68,7,385,8813,1,,
321,61,4,511,8819,1,,
228,25,8,513,8837,1,,
128,39,11,514,8837,1,,
408,-1,-1,-999,8839,2,v14_piggyback,3.0,8728,111
96,1231,6,492,8842,1,,
127,1417,4,511,8844,1,,
300,15,10,513,8851,1,,
361,11,7,431,8853,1,,
320,196,7,513,8872,1,,
426,581,12,469,8880,1,,
425,555,6,492,8890,1,,
266,496,3,513,8892,1,,
266,33,8,452,8892,1,,
442,359,6,474,8899,1,,
387,73,4,385,8911,1,,
387,72,4,469,8911,1,,
326,389,8,452,8912,1,,
326,510,7,292,8912,1,,
119,1375,10,502,8914,1,,
119,141,10,502,8914,1,,
327,520,5,492,8921,1,,
487,1187,6,316,8924,1,,
145,1522,1,316,8927,1,,
206,207,4,316,8934,1,,
227,83,10,464,8939,1,,
227,23,9,452,8939,1,,
227,1983,2,452,8939,1,,
415,155,6,502,8955,1,,
415,173,9,502,8955,1,,
393,472,5,385,8956,1,,
301,15,10,160,8957,1,,
301,26,3,160,8957,1,,
429,808,11,502,8971,1,,
265,90,12,292,8973,1,,
0,28,4,504,8978,1,,
470,911,12,475,8990,1,,
455,628,7,292,9007,1,,
455,634,6,160,9007,1,,
58,1706,3,469,9007,1,,
428,728,11,487,9008,1,,
423,422,10,502,9022,1,,
198,113,7,464,9025,1,,
198,81,6,160,9025,1,,
194,228,8,502,9034,1,,
411,99,3,385,9034,1,,
110,3,3,513,9040,1,,
110,1,6,452,9040,1,,
417,195,7,530,9045,1,,
321,2480,3,385,9047,1,,
431,887,10,452,9055,1,,
430,833,3,443,9058,1,,
416,182,6,477,9060,1,,
451,3083,3,385,9063,1,,
409,84,8,160,9066,1,,
459,704,6,452,9076,1,,
78,88,8,493,9083,1,,
338,109,3,431,9089,1,,
215,23,6,160,9089,1,,
96,1231,9,502,9095,1,,
403,964,2,385,9095,1,,
180,104,2,492,9115,1,,
214,339,6,502,9121,1,,
158,43,2,509,9137,1,,
158,192,6,524,9137,1,,
457,660,4,487,9144,1,,
487,1189,9,502,9157,1,,
154,1570,4,464,9173,1,,
242,2062,2,489,9182,1,,
332,792,4,487,9183,1,,
484,1154,5,513,9185,1,,
422,414,8,524,9195,1,,
139,1490,3,292,9200,1,,
163,126,8,538,9201,1,,
413,148,4,160,9206,1,,
119,1376,9,435,9208,1,,
371,673,4,292,9214,1,,
316,2456,2,385,9216,1,,
447,476,4,292,9220,1,,
427,627,3,459,9224,1,,
339,109,8,537,9228,1,,
420,300,3,452,9229,1,,
408,68,1,385,9254,1,,
421,358,10,501,9258,1,,
474,984,2,499,9260,1,,
340,287,6,499,9273,1,,
455,633,8,372,9274,1,,
320,2477,3,160,9285,1,,
398,685,10,501,9287,1,,
407,56,6,505,9289,1,,
70,2140,3,160,9291,1,,
411,101,5,513,9299,1,,
450,535,7,505,9307,1,,
194,1789,1,492,9320,1,,
87,8,8,544,9325,1,,
431,2997,4,389,9331,1,,
452,567,5,534,9337,1,,
129,39,9,301,9338,1,,
374,834,8,543,9350,1,,
466,849,6,544,9359,1,,
299,78,8,301,9371,1,,
416,195,7,292,9373,1,,
5,9,12,517,9374,1,,
198,1814,3,451,9379,1,,
423,399,8,301,9383,1,,
52,1472,6,520,9383,1,,
103,1280,3,160,9384,1,,
457,667,7,301,9393,1,,
256,233,2,160,9393,1,,
382,2783,2,513,9398,1,,
482,1116,11,240,9408,1,,
419,239,9,517,9415,1,,
461,3126,2,160,9431,1,,
305,333,1,543,9451,1,,
305,124,9,240,9451,1,,
286,2,2,517,9456,1,,
286,2,6,305,9456,1,,
286,2297,3,305,9456,1,,
386,127,1,452,9465,1,,
281,330,8,525,9468,1,,
59,7,5,240,9470,1,,
59,5,3,240,9470,1,,
193,1788,1,160,9471,1,,
392,462,1,160,9476,1,,
395,619,8,240,9482,1,,
288,38,9,526,9483,1,,
188,184,9,525,9496,1,,
441,3038,3,305,9502,1,,
417,187,6,310,9508,1,,
408,56,6,505,9511,1,,
312,2432,1,464,9513,1,,
230,2000,2,525,9516,1,,
393,309,2,543,9523,1,,
393,415,5,310,9523,1,,
166,1638,1,525,9528,1,,
306,256,8,481,9542,1,,
411,108,8,502,9554,1,,
450,521,7,534,9571,1,,
450,517,7,534,9571,1,,
450,523,8,305,9571,1,,
387,132,12,440,9574,1,,
438,237,6,301,9577,1,,
388,176,11,497,9589,1,,
375,778,6,484,9595,1,,
452,573,10,520,9598,1,,
462,775,9,440,9602,1,,
464,799,6,484,9604,1,,
351,2643,1,492,9611,1,,
412,105,6,440,9611,1,,
466,849,5,543,9615,1,,
466,3145,2,240,9615,1,,
484,1153,2,497,9615,1,,
457,675,7,310,9628,1,,
428,758,5,301,9636,1,,
286,2,8,348,9645,1,,
461,753,2,76,9647,1,,
461,751,6,440,9647,1,,
482,1118,9,310,9649,1,,
77,58,8,348,9662,1,,
352,678,5,414,9670,1,,
389,199,7,515,9673,1,,
444,401,2,348,9675,1,,
420,303,4,543,9684,1,,
289,211,12,546,9691,1,,
362,156,4,310,9691,1,,
4,9,5,515,9695,1,,
206,1854,3,515,9706,1,,
222,240,4,564,9710,1,,
140,50,6,515,9715,1,,
51,88,8,564,9722,1,,
273,2232,3,484,9730,1,,
338,6,5,564,9748,1,,
143,1510,3,301,9750,1,,
128,177,2,481,9758,1,,
312,2435,3,418,9773,1,,
448,499,2,502,9777,1,,
60,82,7,486,9784,1,,
60,7,10,571,9784,1,,
60,9,5,571,9784,1,,
60,29,6,571,9784,1,,
345,2614,2,301,9794,1,,
296,2346,1,481,9797,1,,
45,1312,2,564,9801,1,,
45,5,10,562,9801,1,,
422,358,1,501,9801,1,,
184,1737,2,502,9807,1,,
390,250,4,575,9810,1,,
283,27,7,486,9814,1,,
283,38,2,574,9814,1,,
437,174,1,240,9820,1,,
21,37,12,570,9830,1,,
21,1550,3,575,9830,1,,
205,207,10,562,9833,1,,
410,97,7,570,9840,1,,
466,848,3,160,9846,1,,
465,3143,3,575,9852,1,,
452,562,8,348,9863,1,,
287,20,8,579,9875,1,,
484,1152,9,167,9877,1,,
484,1149,10,180,9877,1,,
439,265,1,502,9881,1,,
291,2322,2,571,9885,1,,
291,404,5,579,9885,1,,
343,424,4,582,9907,1,,
359,876,4,571,9908,1,,
359,12,3,574,9908,1,,
359,49,10,580,9908,1,,
461,752,6,515,9910,1,,
352,2650,2,515,9916,1,,
188,1761,6,580,9917,1,,
153,1563,2,582,9924,1,,
414,155,5,571,9925,1,,
437,-1,-1,-999,9928,2,v14_piggyback,1.0,9820,108
411,97,2,576,9935,1,,
0,41,4,579,9947,1,,
474,3180,2,582,9952,1,,
277,2250,3,508,9961,1,,
129,1,1,582,9964,1,,
304,54,3,486,9971,1,,
304,2393,1,571,9971,1,,
140,1494,2,531,9974,1,,
256,2135,2,564,9983,1,,
288,20,4,584,9990,1,,
364,200,4,470,9994,1,,
351,680,8,423,9995,1,,
183,1732,2,508,9998,1,,
348,678,4,564,10012,1,,
445,421,4,584,10012,1,,
363,220,8,508,10018,1,,
448,492,6,521,10031,1,,
7,1308,4,500,10034,1,,
413,148,7,521,10042,1,,
131,1441,5,394,10049,1,,
131,116,3,569,10049,1,,
50,88,1,500,10057,1,,
454,604,4,569,10065,1,,
132,1,4,588,10075,1,,
107,1305,8,394,10076,1,,
321,0,4,423,10079,1,,
409,74,6,560,10092,1,,
452,573,9,580,10092,1,,
465,827,6,536,10101,1,,
358,12,4,521,10103,1,,
257,488,9,557,10118,1,,
410,97,7,584,10120,1,,
410,98,7,394,10120,1,,
1,41,4,585,10125,1,,
437,174,4,240,10138,1,,
437,180,6,494,10138,1,,
437,180,10,473,10138,1,,
437,179,10,508,10138,1,,
261,2164,3,72,10150,1,,
413,-1,-1,-999,10153,2,v14_piggyback,2.0,10042,111
420,302,7,72,10160,1,,
392,352,9,208,10170,1,,
143,1512,7,72,10173,1,,
414,145,11,423,10174,1,,
0,37,6,208,10184,1,,
447,3069,2,72,10190,1,,
298,26,6,72,10202,1,,
403,977,8,557,10209,1,,
416,169,4,208,10211,1,,
133,1,5,590,10212,1,,
128,614,2,585,10215,1,,
265,103,4,468,10221,1,,
419,263,5,590,10223,1,,
244,2073,2,571,10232,1,,
244,131,5,468,10232,1,,
455,634,6,590,10234,1,,
437,-1,-1,-999,10246,2,v14_piggyback,1.0,10138,108
134,117,3,394,10252,1,,
275,2243,2,486,10254,1,,
264,183,4,590,10259,1,,
445,419,3,482,10265,1,,
445,419,4,500,10265,1,,
449,501,3,482,10274,1,,
266,183,8,552,10279,1,,
411,97,3,584,10282,1,,
386,120,2,482,10303,1,,
393,367,3,578,10314,1,,
219,1928,2,569,10319,1,,
454,604,6,423,10329,1,,
417,195,3,606,10338,1,,
243,64,12,466,10349,1,,
256,221,4,466,10356,1,,
409,74,9,482,10358,1,,
427,627,2,571,10360,1,,
254,233,11,577,10366,1,,
254,221,9,547,10366,1,,
465,826,8,208,10370,1,,
448,487,5,585,10376,1,,
448,494,6,468,10376,1,,
293,569,2,466,10381,1,,
475,1008,8,490,10390,1,,
475,992,8,547,10390,1,,
164,10,1,547,10403,1,,
164,16,6,547,10403,1,,
268,2203,3,285,10411,1,,
359,12,8,547,10416,1,,
194,1791,2,285,10417,1,,
457,672,2,554,10424,1,,
129,1,6,547,10428,1,,
59,7,2,585,10438,1,,
338,109,12,577,10447,1,,
343,465,6,577,10458,1,,
418,222,6,572,10459,1,,
387,94,2,613,10464,1,,
415,159,9,577,10473,1,,
355,2664,4,577,10482,1,,
394,472,7,581,10484,1,,
428,622,10,612,10487,1,,
45,1281,4,457,10497,1,,
410,70,8,457,10509,1,,
432,3001,2,457,10513,1,,
133,1453,11,490,10520,1,,
133,1453,9,441,10520,1,,
468,874,9,610,10534,1,,
437,164,12,72,10539,1,,
2,37,11,561,10548,1,,
298,54,10,610,10549,1,,
301,2373,2,457,10553,1,,
168,1649,2,610,10565,1,,
168,269,6,600,10565,1,,
430,831,10,561,10568,1,,
339,85,8,595,10581,1,,
244,2072,2,554,10586,1,,
244,157,9,561,10586,1,,
452,3087,4,441,10598,1,,
153,1567,2,610,10601,1,,
153,16,6,603,10601,1,,
447,469,8,577,10613,1,,
243,2064,3,285,10620,1,,
243,157,12,415,10620,1,,
243,163,3,627,10620,1,,
380,1055,4,590,10622,1,,
133,-1,-1,-999,10630,2,v14_piggyback,1.0,10520,110
189,294,10,415,10644,1,,
189,184,6,415,10644,1,,
388,198,2,441,10665,1,,
386,94,8,600,10670,1,,
386,94,4,516,10670,1,,
448,490,4,285,10675,1,,
448,490,8,605,10675,1,,
448,494,10,561,10675,1,,
140,1494,3,301,10682,1,,
51,4,8,605,10688,1,,
476,1021,4,547,10692,1,,
335,2555,3,590,10700,1,,
299,15,2,603,10702,1,,
299,57,10,622,10702,1,,
455,3101,2,577,10707,1,,
124,1404,4,415,10712,1,,
124,89,12,415,10712,1,,
163,192,10,516,10725,1,,
163,345,6,370,10725,1,,
163,1623,1,370,10725,1,,
106,8,6,415,10733,1,,
106,141,8,627,10733,1,,
384,53,10,370,10739,1,,
159,269,8,415,10747,1,,
451,553,10,370,10753,1,,
291,439,6,561,10761,1,,
291,2321,2,627,10761,1,,
379,1058,9,622,10766,1,,
389,188,10,624,10773,1,,
387,94,4,516,10779,1,,
387,55,5,370,10779,1,,
448,-1,-1,-999,10787,2,v14_piggyback,1.0,10675,112
431,887,10,611,10789,1,,
44,63,2,540,10790,1,,
44,1281,6,370,10790,1,,
446,450,8,605,10800,1,,
392,326,7,610,10801,1,,
410,93,8,370,10813,1,,
438,218,7,612,10815,1,,
390,236,10,623,10825,1,,
462,764,3,611,10833,1,,
468,873,12,540,10836,1,,
457,667,6,627,10836,1,,
0,22,5,415,10847,1,,
437,180,12,611,10855,1,,
220,240,7,540,10867,1,,
483,1143,5,605,10887,1,,
433,990,4,415,10899,1,,
391,210,6,601,10904,1,,
391,264,9,601,10904,1,,
332,706,9,555,10919,1,,
408,2898,4,612,10924,1,,
133,1453,3,441,10927,1,,
385,55,9,541,10928,1,,
472,953,2,420,10934,1,,
396,640,6,591,10937,1,,
468,-1,-1,-999,10943,2,v14_piggyback,1.0,10836,107
144,1515,6,541,10947,1,,
229,118,4,627,10951,1,,
189,1766,3,420,10954,1,,
189,1767,10,555,10954,1,,
407,48,6,540,10956,1,,
386,55,3,605,10959,1,,
165,10,6,591,10965,1,,
417,222,3,627,10967,1,,
179,1716,12,601,10973,1,,
443,3048,4,561,10976,1,,
432,892,9,601,10988,1,,
109,1317,2,600,10992,1,,
109,45,4,370,10992,1,,
97,1242,8,601,11022,1,,
147,1534,10,618,11022,1,,
147,117,4,618,11022,1,,
414,143,4,516,11029,1,,
159,1595,9,583,11034,1,,
326,645,7,528,11035,1,,
463,788,3,561,11042,1,,
451,559,8,591,11048,1,,
451,553,6,541,11048,1,,
479,1080,8,601,11049,1,,
416,161,2,415,11056,1,,
448,490,4,628,11076,1,,
214,339,12,618,11082,1,,
449,504,2,585,11084,1,,
188,1763,4,541,11089,1,,
100,1260,4,601,11096,1,,
100,8,10,548,11096,1,,
480,1086,2,627,11100,1,,
390,2819,3,370,11106,1,,
327,530,7,548,11119,1,,
446,441,7,628,11119,1,,
476,1028,6,420,11131,1,,
180,160,9,654,11146,1,,
204,1846,2,628,11148,1,,
374,2751,3,622,11153,1,,
363,200,2,605,11153,1,,
467,859,3,540,11158,1,,
470,912,9,535,11161,1,,
433,3003,2,622,11163,1,,
453,590,2,516,11168,1,,
440,281,4,548,11170,1,,
184,1737,1,561,11184,1,,
135,1461,2,541,11195,1,,
107,1306,2,622,11199,1,,
472,954,3,528,11202,1,,
190,1773,2,600,11206,1,,
362,69,3,548,11210,1,,
181,1725,2,583,11215,1,,
323,2492,4,548,11219,1,,
348,676,3,548,11230,1,,
128,1424,1,667,11239,1,,
391,313,2,528,11243,1,,
463,791,8,101,11251,1,,
97,1244,7,188,11261,1,,
408,68,8,567,11273,1,,
448,497,5,370,11278,1,,
192,113,6,667,11282,1,,
444,390,5,617,11290,1,,
346,538,8,392,11296,1,,
214,1902,3,415,11298,1,,
322,0,8,648,11309,1,,
303,2384,2,601,11316,1,,
432,931,6,392,11317,1,,
165,10,6,567,11327,1,,
479,1076,2,392,11336,1,,
416,159,7,548,11337,1,,
451,557,4,392,11343,1,,
179,1714,2,637,11347,1,,
223,1963,4,392,11358,1,,
344,465,1,601,11366,1,,
216,23,10,615,11372,1,,
189,184,10,621,11386,1,,
446,436,6,617,11391,1,,
130,39,4,551,11393,1,,
218,1926,2,392,11397,1,,
425,581,8,522,11409,1,,
180,224,8,681,11414,1,,
38,63,2,681,11419,1,,
440,314,2,605,11423,1,,
422,402,6,661,11432,1,,
14,2499,2,681,11435,1,,
445,427,5,662,11442,1,,
199,260,6,488,11451,1,,
199,165,3,488,11451,1,,
159,269,6,662,11454,1,,
343,310,6,522,11455,1,,
343,377,10,651,11455,1,,
334,2551,4,488,11458,1,,
299,124,6,661,11465,1,,
409,76,8,488,11471,1,,
453,598,8,472,11474,1,,
453,585,6,419,11474,1,,
288,38,5,678,11479,1,,
485,1168,12,651,11504,1,,
410,92,6,678,11508,1,,
300,57,10,687,11519,1,,
135,1465,9,392,11522,1,,
408,56,7,604,11531,1,,
408,68,7,594,11531,1,,
345,334,7,503,11531,1,,
469,890,8,615,11540,1,,
471,938,12,503,11550,1,,
457,668,8,503,11564,1,,
419,263,6,621,11569,1,,
298,26,6,503,11576,1,,
289,20,5,630,11579,1,,
407,1208,6,621,11580,1,,
409,-1,-1,-999,11582,2,v14_piggyback,3.0,11471,111
467,862,5,503,11586,1,,
447,463,5,621,11588,1,,
175,1692,3,551,11594,1,,
94,1222,6,652,11598,1,,
437,179,4,615,11601,1,,
433,965,10,663,11605,1,,
444,410,4,567,11621,1,,
170,1661,3,643,11624,1,,
451,549,7,551,11625,1,,
451,542,5,621,11625,1,,
283,27,10,644,11635,1,,
484,1156,2,621,11656,1,,
364,220,8,608,11662,1,,
465,822,1,621,11665,1,,
440,292,6,488,11671,1,,
284,128,5,608,11674,1,,
265,90,1,615,11679,1,,
287,2,10,663,11686,1,,
362,69,7,685,11692,1,,
363,194,6,644,11700,1,,
384,52,6,702,11708,1,,
158,151,6,702,11718,1,,
485,1170,6,568,11719,1,,
485,1166,4,362,11719,1,,
333,2545,3,685,11724,1,,
434,965,8,599,11725,1,,
325,2504,3,685,11730,1,,
477,1043,2,685,11734,1,,
285,77,12,683,11747,1,,
379,1058,8,599,11760,1,,
419,2942,2,706,11762,1,,
385,42,6,669,11771,1,,
414,154,10,647,11774,1,,
320,91,4,693,11777,1,,
469,889,6,598,11781,1,,
479,1079,10,683,11789,1,,
457,660,8,643,11789,1,,
408,1132,10,663,11805,1,,
94,1224,10,608,11812,1,,
229,123,6,599,11817,1,,
85,8,2,693,11817,1,,
257,296,10,616,11817,1,,
467,3151,2,652,11821,1,,
126,1416,2,670,11824,1,,
288,128,6,647,11828,1,,
353,720,7,616,11838,1,,
415,155,7,659,11849,1,,
440,292,6,651,11859,1,,
438,237,8,616,11871,1,,
447,476,5,647,11875,1,,
387,72,8,715,11883,1,,
468,873,6,683,11886,1,,
383,31,11,699,11898,1,,
76,24,6,620,11902,1,,
224,181,6,699,11907,1,,
306,408,8,620,11914,1,,
420,272,4,647,11917,1,,
386,132,7,655,11918,1,,
333,2545,2,432,11925,1,,
256,221,12,655,11934,1,,
460,729,4,646,11946,1,,
388,120,9,672,11949,1,,
48,1397,2,683,11951,1,,
435,1027,4,626,11961,1,,
409,92,2,678,11968,1,,
54,4,12,646,11971,1,,
38,63,1,690,11976,1,,
410,74,3,646,11977,1,,
426,2972,2,646,11982,1,,
425,547,7,692,11992,1,,
0,3,7,512,12003,1,,
463,793,4,512,12010,1,,
479,1071,11,647,12016,1,,
417,226,6,686,12028,1,,
40,29,8,684,12029,1,,
40,5,2,684,12029,1,,
194,1790,4,699,12030,1,,
469,3157,4,669,12037,1,,
225,23,2,655,12041,1,,
332,697,8,684,12058,1,,
149,1543,6,707,12073,1,,
389,176,10,722,12085,1,,
156,1578,6,707,12086,1,,
440,281,12,535,12097,1,,
440,282,10,671,12097,1,,
179,160,11,705,12110,1,,
39,28,6,638,12112,1,,
39,44,4,660,12112,1,,
411,93,2,672,12116,1,,
482,1125,8,638,12124,1,,
468,883,4,709,12125,1,,
468,873,9,686,12125,1,,
384,32,6,684,12133,1,,
438,206,11,670,12134,1,,
452,565,2,715,12140,1,,
135,107,12,711,12143,1,,
407,1208,6,711,12152,1,,
126,1415,10,699,12157,1,,
448,487,1,715,12162,1,,
136,107,12,704,12169,1,,
266,33,12,653,12185,1,,
265,103,5,684,12193,1,,
60,29,5,711,12201,1,,
60,7,6,704,12201,1,,
445,423,6,638,12203,1,,
264,103,8,711,12212,1,,
460,729,10,512,12217,1,,
480,1085,6,660,12226,1,,
363,200,8,428,12227,1,,
363,69,3,428,12227,1,,
472,943,5,656,12234,1,,
412,111,11,727,12236,1,,
408,35,9,428,12241,1,,
128,141,9,689,12250,1,,
308,2414,1,689,12253,1,,
426,555,7,684,12256,1,,
426,550,7,638,12256,1,,
388,198,3,689,12260,1,,
421,2951,1,653,12281,1,,
421,300,8,704,12281,1,,
6,9,10,737,12298,1,,
6,30,3,735,12298,1,,
77,4,8,428,12300,1,,
0,9,4,656,12305,1,,
307,361,12,682,12309,1,,
413,143,4,713,12312,1,,
78,24,12,733,12318,1,,
417,215,7,408,12319,1,,
144,1514,3,656,12325,1,,
306,366,12,408,12336,1,,
131,1,7,491,12346,1,,
440,295,7,656,12347,1,,
411,101,8,408,12358,1,,
149,1542,7,641,12361,1,,
149,170,2,717,12361,1,,
415,155,6,682,12367,1,,
267,162,8,428,12373,1,,
153,1564,3,638,12382,1,,
409,79,11,712,12383,1,,
362,119,8,717,12385,1,,
410,76,8,707,12397,1,,
438,204,10,682,12407,1,,
438,190,8,491,12407,1,,
448,494,12,656,12407,1,,
389,247,7,653,12407,1,,
439,274,7,428,12417,1,,
459,721,6,696,12420,1,,
199,165,7,641,12428,1,,
218,1925,3,735,12428,1,,
449,502,6,641,12437,1,,
447,457,4,717,12451,1,,
105,115,6,742,12453,1,,
210,231,4,696,12454,1,,
210,1881,6,696,12454,1,,
471,935,8,712,12465,1,,
442,354,3,428,12472,1,,
215,23,5,712,12473,1,,
137,147,12,745,12487,1,,
418,203,5,712,12493,1,,
480,1093,8,713,12499,1,,
186,1750,2,428,12504,1,,
224,214,5,696,12507,1,,
200,1828,2,737,12511,1,,
195,1801,2,656,12518,1,,
474,984,2,737,12540,1,,
412,99,12,712,12548,1,,
412,122,8,712,12548,1,,
243,2067,2,704,12555,1,,
134,1455,2,711,12559,1,,
443,379,4,491,12560,1,,
267,2199,2,251,12565,1,,
1,46,4,700,12567,1,,
465,832,4,629,12571,1,,
360,49,4,700,12574,1,,
363,200,4,408,12583,1,,
442,-1,-1,-999,12584,2,v14_piggyback,2.0,12472,112
436,3016,2,512,12586,1,,
486,1174,1,741,12592,1,,
467,859,4,491,12592,1,,
128,1422,1,371,12597,1,,
129,45,9,746,12624,1,,
230,1996,2,371,12629,1,,
440,307,8,699,12632,1,,
440,290,6,699,12632,1,,
448,497,8,696,12635,1,,
409,70,7,741,12639,1,,
452,577,2,638,12640,1,,
419,241,12,759,12648,1,,
439,273,8,741,12651,1,,
161,1606,2,700,12653,1,,
281,2271,2,311,12657,1,,
156,1580,2,408,12662,1,,
225,23,4,765,12671,1,,
192,67,8,768,12686,1,,
18,1291,3,768,12697,1,,
418,235,6,754,12720,1,,
480,1085,6,712,12721,1,,
186,1748,9,629,12725,1,,
226,240,6,754,12730,1,,
265,90,4,767,12732,1,,
197,1810,2,408,12736,1,,
200,1827,4,446,12738,1,,
440,-1,-1,-999,12739,2,v14_piggyback,1.0,12632,107
474,973,4,491,12743,1,,
181,160,8,758,12743,1,,
199,165,8,774,12758,1,,
229,276,5,758,12759,1,,
229,25,6,549,12759,1,,
443,380,7,311,12762,1,,
174,1682,2,759,12775,1,,
458,699,10,549,12776,1,,
151,16,8,549,12791,1,,
290,336,5,758,12799,1,,
238,157,6,674,12810,1,,
182,104,10,549,12814,1,,
353,2654,3,674,12815,1,,
417,226,3,674,12821,1,,
442,354,7,428,12826,1,,
416,197,8,749,12844,1,,
486,1183,7,371,12852,1,,
100,1263,8,732,12857,1,,
103,1282,4,732,12864,1,,
439,251,5,549,12867,1,,
439,255,4,770,12867,1,,
415,161,5,743,12872,1,,
428,736,5,758,12878,1,,
448,487,6,689,12879,1,,
448,497,7,700,12879,1,,
404,1002,10,529,12887,1,,
41,5,2,749,12891,1,,
409,84,8,549,12891,1,,
452,575,6,675,12909,1,,
198,1816,4,549,12923,1,,
198,67,2,78,12923,1,,
1,46,7,573,12934,1,,
1,41,8,573,12934,1,,
173,192,9,675,12936,1,,
173,153,4,675,12936,1,,
173,75,7,675,12936,1,,
55,4,12,675,12953,1,,
230,240,2,743,12960,1,,
230,276,10,573,12960,1,,
124,1402,6,675,12964,1,,
39,44,4,78,12970,1,,
130,1437,2,675,12971,1,,
439,-1,-1,-999,12980,2,v14_piggyback,1.0,12867,113
42,82,8,751,12985,1,,
87,8,4,549,12999,1,,
282,20,10,675,13001,1,,
437,164,4,675,13010,1,,
440,314,6,549,13011,1,,
175,1689,4,78,13020,1,,
131,39,11,780,13027,1,,
183,113,11,573,13028,1,,
448,-1,-1,-999,13042,2,v14_piggyback,1.0,12879,163
450,535,6,766,13049,1,,
48,22,5,753,13057,1,,
48,1383,10,753,13057,1,,
48,82,6,753,13057,1,,
408,48,8,573,13060,1,,
478,1052,4,549,13066,1,,
358,1138,8,632,13073,1,,
442,349,10,78,13083,1,,
320,71,7,573,13084,1,,
353,746,6,632,13094,1,,
458,691,8,361,13111,1,,
458,681,12,770,13111,1,,
137,1476,10,147,13113,1,,
437,-1,-1,-999,13119,2,v14_piggyback,1.0,13010,109
416,159,7,732,13123,1,,
416,2931,4,529,13123,1,,
416,167,10,573,13123,1,,
416,189,2,632,13123,1,,
0,3,7,787,13124,1,,
384,32,3,549,13132,1,,
413,134,7,573,13134,1,,
226,1978,2,761,13148,1,,
226,240,8,556,13148,1,,
414,2925,1,675,13152,1,,
414,138,9,780,13152,1,,
43,29,5,573,13156,1,,
326,510,2,758,13157,1,,
443,375,10,776,13168,1,,
464,799,11,556,13171,1,,
54,1614,4,147,13178,1,,
417,215,6,675,13189,1,,
313,652,5,573,13194,1,,
136,1470,2,549,13195,1,,
457,675,4,753,13198,1,,
44,82,10,790,13215,1,,
265,2187,2,78,13224,1,,
418,226,4,674,13228,1,,
386,146,7,790,13229,1,,
205,1852,2,549,13237,1,,
30,2141,4,556,13246,1,,
440,288,9,766,13252,1,,
138,1484,2,78,13260,1,,
479,1081,3,753,13262,1,,
173,1677,2,758,13276,1,,
248,163,4,632,13277,1,,
480,1087,2,780,13278,1,,
321,196,3,753,13286,1,,
438,1207,4,573,13301,1,,
408,66,2,767,13307,1,,
429,800,4,573,13312,1,,
140,1494,2,573,13317,1,,
327,459,6,688,13319,1,,
444,394,3,632,13322,1,,
448,497,1,700,13336,1,,
448,495,4,675,13336,1,,
483,1139,8,799,13340,1,,
446,441,2,78,13348,1,,
468,873,1,770,13354,1,,
2,46,8,792,13366,1,,
93,13,3,529,13369,1,,
394,2837,1,573,13372,1,,
102,1272,4,792,13375,1,,
407,40,2,556,13377,1,,
437,164,4,675,13385,1,,
415,167,1,573,13388,1,,
384,53,3,714,13393,1,,
201,1829,3,714,13400,1,,
464,815,5,739,13408,1,,
464,809,4,720,13408,1,,
385,53,2,714,13413,1,,
153,1563,4,518,13428,1,,
453,594,6,518,13440,1,,
411,111,1,518,13445,1,,
190,184,8,804,13448,1,,
322,0,2,792,13455,1,,
266,103,10,633,13463,1,,
468,-1,-1,-999,13466,2,v14_piggyback,1.0,13354,112
158,43,8,633,13484,1,,
158,65,6,633,13484,1,,
421,2953,2,753,13491,1,,
370,529,8,625,13495,1,,
386,53,3,714,13499,1,,
290,291,11,633,13502,1,,
438,216,9,750,13508,1,,
110,1,8,633,13520,1,,
110,347,4,786,13520,1,,
392,352,7,625,13523,1,,
392,415,4,625,13523,1,,
128,45,5,625,13531,1,,
440,305,10,799,13537,1,,
199,1823,3,625,13537,1,,
416,169,5,625,13545,1,,
375,932,4,769,13546,1,,
363,220,8,786,13550,1,,
364,220,2,675,13558,1,,
367,372,6,479,13559,1,,
338,6,2,675,13564,1,,
455,3101,3,625,13565,1,,
264,496,10,725,13567,1,,
387,2808,2,625,13577,1,,
42,22,4,633,13583,1,,
42,1266,6,725,13583,1,,
6,1259,2,625,13585,1,,
445,428,2,463,13608,1,,
371,537,8,665,13614,1,,
446,442,9,633,13619,1,,
376,975,7,462,13627,1,,
383,32,2,769,13634,1,,
384,32,3,769,13642,1,,
102,1270,7,463,13654,1,,
456,655,8,725,13656,1,,
385,32,2,769,13661,1,,
215,83,7,633,13669,1,,
415,167,3,798,13673,1,,
339,6,5,812,13680,1,,
483,1130,8,518,13683,1,,
136,147,6,786,13694,1,,
311,2429,2,625,13700,1,,
365,322,12,779,13707,1,,
227,25,4,763,13709,1,,
468,873,6,770,13714,1,,
468,871,7,633,13714,1,,
305,212,3,779,13715,1,,
388,127,8,763,13725,1,,
442,360,6,553,13726,1,,
446,-1,-1,-999,13732,2,v14_piggyback,1.0,13619,113
429,766,6,791,13737,1,,
128,1424,4,785,13761,1,,
377,975,2,719,13766,1,,
424,532,4,725,13768,1,,
306,346,5,808,13769,1,,
444,403,6,633,13779,1,,
393,2832,3,587,13787,1,,
340,244,4,587,13797,1,,
440,288,7,725,13805,1,,
455,635,4,710,13813,1,,
455,626,10,723,13813,1,,
110,1325,6,553,13817,1,,
341,136,9,658,13827,1,,
341,6,9,658,13827,1,,
267,209,8,658,13841,1,,
0,37,3,725,13845,1,,
288,470,8,833,13854,1,,
438,218,4,633,13854,1,,
42,5,8,519,13858,1,,
42,46,3,519,13858,1,,
290,336,3,791,13862,1,,
390,188,8,833,13866,1,,
391,309,2,519,13876,1,,
391,236,9,519,13876,1,,
386,146,8,833,13877,1,,
1,3,6,658,13887,1,,
389,210,10,728,13891,1,,
465,828,3,633,13897,1,,
342,109,5,519,13905,1,,
342,109,6,807,13905,1,,
387,120,11,830,13907,1,,
456,653,8,523,13912,1,,
455,-1,-1,-999,13921,2,v14_piggyback,1.0,13813,108
112,1335,8,728,13921,1,,
41,29,10,807,13926,1,,
301,57,11,519,13944,1,,
338,136,3,633,13957,1,,
411,97,11,830,13958,1,,
289,20,2,786,13969,1,,
366,357,10,830,13972,1,,
474,981,2,633,13982,1,,
440,-1,-1,-999,13984,2,v14_piggyback,1.0,13805,179
2,22,10,842,13984,1,,
311,2426,4,827,13986,1,,
311,361,6,830,13986,1,,
410,96,9,845,13999,1,,
442,364,6,794,14005,1,,
442,344,7,817,14005,1,,
364,200,10,519,14015,1,,
388,120,6,718,14032,1,,
388,146,10,718,14032,1,,
339,6,2,519,14035,1,,
339,202,11,559,14035,1,,
341,287,7,851,14045,1,,
340,2584,2,725,14052,1,,
268,496,8,772,14062,1,,
268,33,11,559,14062,1,,
412,106,6,619,14063,1,,
412,112,10,676,14063,1,,
411,-1,-1,-999,14069,2,v14_piggyback,2.0,13958,111
343,310,5,772,14084,1,,
343,377,10,559,14084,1,,
110,1,6,619,14088,1,,
110,13,8,718,14088,1,,
376,982,10,778,14101,1,,
323,0,10,718,14105,1,,
103,129,7,559,14113,1,,
446,433,2,545,14119,1,,
385,55,7,619,14125,1,,
385,73,6,676,14125,1,,
98,1247,3,545,14127,1,,
390,247,8,778,14138,1,,
390,199,9,772,14138,1,,
456,646,4,747,14143,1,,
229,420,8,619,14143,1,,
229,240,4,676,14143,1,,
299,15,8,772,14152,1,,
420,272,2,718,14160,1,,
420,289,8,676,14160,1,,
438,237,6,807,14163,1,,
427,683,5,519,14174,1,,
321,0,1,718,14175,1,,
321,196,8,676,14175,1,,
481,1106,10,857,14184,1,,
18,9,4,830,14192,1,,
18,1311,3,676,14192,1,,
342,85,6,857,14196,1,,
3,3,6,853,14208,1,,
263,440,8,859,14222,1,,
210,231,10,853,14226,1,,
41,5,3,845,14228,1,,
41,9,9,843,14228,1,,
220,1942,4,559,14232,1,,
476,1021,4,772,14241,1,,
283,461,6,676,14242,1,,
283,2285,2,843,14242,1,,
206,81,4,847,14255,1,,
206,207,8,810,14255,1,,
230,400,4,803,14261,1,,
230,95,8,843,14261,1,,
438,-1,-1,-999,14272,2,v14_piggyback,1.0,14163,109
480,1090,11,810,14273,1,,
419,263,1,807,14294,1,,
419,2946,2,807,14294,1,,
454,602,6,619,14297,1,,
0,28,9,847,14300,1,,
0,30,10,338,14300,1,,
487,3249,3,559,14302,1,,
450,535,7,718,14309,1,,
168,1651,3,658,14325,1,,
437,180,10,338,14326,1,,
445,421,7,619,14332,1,,
228,25,4,658,14336,1,,
220,-1,-1,-999,14341,2,v14_piggyback,1.0,14232,109
462,779,6,718,14344,1,,
467,856,10,338,14348,1,,
291,2322,4,676,14353,1,,
191,1776,3,778,14357,1,,
444,391,10,338,14365,1,,
463,788,5,338,14381,1,,
463,798,5,726,14381,1,,
386,55,5,619,14383,1,,
350,2640,2,658,14386,1,,
131,1444,2,658,14393,1,,
440,290,2,699,14406,1,,
409,70,8,777,14411,1,,
449,513,4,845,14417,1,,
450,-1,-1,-999,14419,2,v14_piggyback,1.0,14309,110
341,109,4,810,14426,1,,
341,100,5,338,14426,1,,
363,201,4,718,14431,1,,
420,263,6,807,14437,1,,
415,167,2,778,14444,1,,
434,3008,3,619,14450,1,,
128,39,3,869,14452,1,,
256,259,2,718,14457,1,,
325,448,8,338,14461,1,,
417,222,3,813,14473,1,,
456,638,8,726,14477,1,,
129,89,7,862,14486,1,,
88,8,8,338,14491,1,,
102,1273,2,718,14510,1,,
234,123,4,810,14511,1,,
234,2020,4,810,14511,1,,
466,847,7,726,14524,1,,
438,237,1,807,14524,1,,
33,2620,2,-99,14530,1,,
311,2428,2,-99,14537,1,,
407,1132,6,819,14542,1,,
480,1091,4,519,14544,1,,
454,616,2,836,14547,1,,
477,1045,2,830,14554,1,,
411,106,2,619,14561,1,,
439,265,5,338,14564,1,,
284,27,6,726,14576,1,,
421,302,10,875,14587,1,,
442,349,4,545,14589,1,,
206,1858,3,831,14594,1,,
121,1387,1,676,14597,1,,
450,535,5,718,14607,1,,
444,395,4,734,14608,1,,
444,410,8,777,14608,1,,
409,84,3,676,14615,1,,
387,55,4,819,14617,1,,
339,244,10,861,14645,1,,
160,269,10,861,14661,1,,
265,90,2,810,14672,1,,
215,214,6,861,14673,1,,
449,506,9,813,14677,1,,
392,367,3,338,14679,1,,
359,12,6,861,14684,1,,
445,426,4,847,14686,1,,
488,1206,3,861,14692,1,,
420,303,5,861,14702,1,,
125,1408,2,734,14704,1,,
350,2638,2,752,14709,1,,
363,2702,2,338,14713,1,,
278,2254,2,338,14733,1,,
384,34,5,592,14746,1,,
224,214,7,816,14753,1,,
275,2239,4,592,14755,1,,
417,232,7,816,14768,1,,
391,266,12,797,14774,1,,
419,272,2,592,14781,1,,
480,1096,4,338,14782,1,,
353,814,4,890,14790,1,,
471,926,2,819,14798,1,,
385,34,11,890,14807,1,,
364,201,8,900,14812,1,,
88,8,4,890,14816,1,,
266,90,2,887,14817,1,,
418,239,6,797,14828,1,,
416,189,9,849,14828,1,,
411,106,4,886,14837,1,,
439,265,8,831,14842,1,,
4,9,4,900,14843,1,,
393,309,10,889,14853,1,,
422,329,3,900,14855,1,,
121,1387,2,338,14872,1,,
438,248,5,862,14878,1,,
438,218,4,839,14878,1,,
438,204,10,831,14878,1,,
438,237,7,861,14878,1,,
76,47,6,816,14890,1,,
421,303,6,861,14901,1,,
337,2569,2,816,14908,1,,
409,76,2,816,14914,1,,
462,783,8,889,14919,1,,
256,279,2,816,14921,1,,
1,22,9,873,14925,1,,
160,1605,5,816,14931,1,,
456,654,6,873,14937,1,,
450,518,8,592,14951,1,,
332,805,5,815,14956,1,,
38,63,4,858,14960,1,,
488,1202,6,602,14968,1,,
107,1306,4,858,14969,1,,
431,892,2,797,14976,1,,
129,110,2,872,14983,1,,
363,254,7,909,14988,1,,
419,239,2,797,14992,1,,
477,3193,2,890,14999,1,,
471,937,1,800,15002,1,,
471,933,9,773,15002,1,,
3,37,10,757,15023,1,,
40,29,4,757,15030,1,,
423,399,6,757,15040,1,,
412,101,1,889,15042,1,,
413,134,3,757,15045,1,,
139,170,4,846,15046,1,,
427,620,2,908,15057,1,,
432,892,6,736,15057,1,,
288,20,2,757,15062,1,,
169,1658,5,846,15067,1,,
289,2,12,908,15091,1,,
385,32,4,889,15091,1,,
385,32,12,872,15091,1,,
385,32,2,797,15091,1,,
385,72,4,797,15091,1,,
439,273,7,846,15091,1,,
392,313,10,788,15108,1,,
418,235,8,858,15117,1,,
286,2,2,921,15118,1,,
346,310,7,841,15120,1,,
409,84,5,892,15131,1,,
422,358,10,784,15132,1,,
163,126,11,902,15138,1,,
411,101,5,889,15141,1,,
344,377,12,902,15157,1,,
428,696,10,789,15163,1,,
36,2799,1,904,15182,1,,
56,4,12,788,15184,1,,
56,88,7,915,15184,1,,
135,1462,4,788,15193,1,,
1,28,10,919,15199,1,,
385,-1,-1,-999,15200,2,v14_piggyback,4.0,15091,109
128,116,5,923,15203,1,,
287,2,4,855,15204,1,,
287,20,3,855,15204,1,,
287,211,7,865,15204,1,,
181,1725,2,919,15206,1,,
469,889,4,855,15211,1,,
229,1992,4,850,15215,1,,
326,609,4,865,15218,1,,
431,2996,4,757,15225,1,,
277,2249,2,757,15229,1,,
398,643,4,788,15231,1,,
410,86,2,757,15252,1,,
180,294,8,893,15253,1,,
409,-1,-1,-999,15262,2,v14_piggyback,2.0,15131,131
348,2630,2,893,15267,1,,
440,295,2,893,15274,1,,
413,125,10,856,15281,1,,
413,145,5,921,15281,1,,
327,609,3,915,15286,1,,
477,1034,2,757,15290,1,,
336,2564,4,923,15299,1,,
288,2,7,932,15300,1,,
439,274,7,923,15319,1,,
439,268,5,850,15319,1,,
234,131,2,498,15328,1,,
345,538,10,901,15333,1,,
488,1201,3,788,15338,1,,
411,97,4,929,15339,1,,
148,1540,7,941,15352,1,,
193,1785,4,697,15359,1,,
399,731,2,593,15368,1,,
399,685,6,589,15368,1,,
408,35,3,911,15369,1,,
414,135,9,697,15372,1,,
289,27,4,589,15375,1,,
2,51,8,941,15383,1,,
423,479,9,901,15388,1,,
205,1849,2,816,15392,1,,
447,457,6,439,15394,1,,
247,2087,3,915,15398,1,,
450,517,6,938,15399,1,,
412,102,12,439,15413,1,,
298,15,4,697,15426,1,,
182,224,7,439,15426,1,,
427,620,8,439,15440,1,,
416,178,10,898,15440,1,,
286,2299,2,498,15445,1,,
415,173,2,938,15449,1,,
468,873,2,439,15457,1,,
458,684,4,439,15466,1,,
233,2015,2,932,15469,1,,
438,248,2,915,15473,1,,
409,92,3,788,15479,1,,
410,76,7,697,15479,1,,
385,32,10,797,15489,1,,
424,479,10,896,15495,1,,
150,1549,1,757,15498,1,,
439,261,5,589,15503,1,,
239,157,11,944,15519,1,,
273,275,7,944,15529,1,,
200,165,6,951,15543,1,,
477,1032,10,898,15551,1,,
277,2249,4,498,15558,1,,
440,281,9,922,15559,1,,
440,305,8,911,15559,1,,
271,230,10,422,15560,1,,
271,90,2,422,15560,1,,
470,912,1,856,15561,1,,
131,1,4,899,15567,1,,
447,466,2,806,15575,1,,
447,468,8,840,15575,1,,
458,-1,-1,-999,15575,2,v14_piggyback,1.0,15466,109
251,163,11,899,15582,1,,
442,348,10,756,15582,1,,
202,81,6,422,15594,1,,
202,1834,2,422,15594,1,,
416,173,8,938,15616,1,,
413,145,4,756,15623,1,,
257,296,10,952,15625,1,,
139,43,6,756,15633,1,,
264,183,6,860,15637,1,,
185,67,6,924,15639,1,,
389,199,9,756,15645,1,,
411,101,6,422,15646,1,,
229,321,2,924,15653,1,,
470,-1,-1,-999,15674,2,v14_piggyback,1.0,15561,113
415,167,5,916,15679,1,,
256,383,12,781,15682,1,,
451,546,8,781,15693,1,,
414,148,11,397,15704,1,,
414,143,8,397,15704,1,,
38,63,4,422,15711,1,,
38,37,9,781,15711,1,,
388,80,8,397,15723,1,,
388,199,5,558,15723,1,,
368,335,6,781,15729,1,,
368,447,7,614,15729,1,,
182,191,12,958,15730,1,,
182,166,11,828,15730,1,,
409,76,3,697,15740,1,,
409,84,8,756,15740,1,,
301,57,9,828,15745,1,,
410,70,6,896,15749,1,,
410,79,2,944,15749,1,,
150,1547,11,756,15758,1,,
42,82,7,958,15758,1,,
384,2793,2,828,15764,1,,
230,205,6,828,15776,1,,
265,162,7,781,15777,1,,
463,790,2,828,15783,1,,
242,163,7,558,15786,1,,
385,42,7,781,15788,1,,
199,223,6,781,15799,1,,
383,52,6,950,15804,1,,
383,18,8,912,15804,1,,
166,10,12,397,15814,1,,
445,423,8,950,15817,1,,
226,1980,4,860,15824,1,,
443,365,5,828,15828,1,,
164,16,4,957,15836,1,,
164,126,11,957,15836,1,,
442,364,8,937,15853,1,,
442,364,2,558,15853,1,,
320,196,5,397,15863,1,,
131,1444,4,614,15865,1,,
150,-1,-1,-999,15871,2,v14_piggyback,1.0,15758,113
458,684,5,439,15872,1,,
458,3114,2,906,15872,1,,
408,40,4,860,15874,1,,
291,563,4,558,15881,1,,
200,223,4,957,15890,1,,
123,1395,4,781,15897,1,,
447,457,10,924,15911,1,,
321,213,8,882,15913,1,,
416,175,10,952,15917,1,,
299,57,4,558,15922,1,,
451,558,6,614,15926,1,,
72,2186,2,860,15931,1,,
338,287,4,397,15931,1,,
445,-1,-1,-999,15933,2,v14_piggyback,1.0,15817,116
415,167,2,958,15938,1,,
473,966,2,614,15962,1,,
361,69,4,397,15974,1,,
428,2983,2,899,15976,1,,
384,18,4,912,15976,1,,
409,84,1,892,15981,1,,
476,1018,4,558,15983,1,,
442,-1,-1,-999,15995,2,v14_piggyback,1.0,15853,142
1,3,3,957,16012,1,,
463,789,5,422,16013,1,,
175,1692,2,614,16018,1,,
470,912,4,856,16024,1,,
339,136,10,913,16047,1,,
472,950,12,748,16049,1,,
322,61,3,880,16055,1,,
447,-1,-1,-999,16057,2,v14_piggyback,1.0,15911,146
168,139,11,821,16067,1,,
230,2000,2,558,16080,1,,
119,1374,8,821,16085,1,,
444,390,3,558,16088,1,,
414,154,5,821,16095,1,,
429,758,4,978,16102,1,,
288,2,6,968,16107,1,,
413,143,2,397,16112,1,,
385,21,6,748,16118,1,,
332,2541,2,558,16122,1,,
99,1250,8,832,16132,1,,
415,167,4,558,16137,1,,
487,1189,8,809,16138,1,,
430,818,6,832,16144,1,,
360,49,10,825,16154,1,,
158,65,8,832,16158,1,,
88,8,5,949,16168,1,,
280,470,5,832,16178,1,,
446,436,2,558,16179,1,,
164,14,11,975,16190,1,,
363,201,7,975,16201,1,,
90,8,12,977,16217,1,,
302,15,11,731,16229,1,,
411,112,10,975,16231,1,,
361,2695,3,832,16235,1,,
255,2129,2,397,16236,1,,
89,8,9,975,16244,1,,
442,364,8,558,16250,1,,
463,791,6,809,16254,1,,
298,2360,2,985,16257,1,,
2,3,8,983,16265,1,,
300,57,8,985,16271,1,,
472,948,2,397,16278,1,,
447,469,10,645,16280,1,,
249,2099,2,989,16290,1,,
409,70,4,896,16295,1,,
409,79,7,944,16295,1,,
409,92,3,860,16295,1,,
409,92,9,781,16295,1,,
438,218,4,961,16298,1,,
200,1825,4,983,16302,1,,
408,35,2,983,16318,1,,
299,26,6,972,16325,1,,
61,7,9,961,16327,1,,
389,199,1,558,16329,1,,
410,87,2,967,16342,1,,
361,-1,-1,-999,16344,2,v14_piggyback,2.0,16235,109
160,1602,3,961,16346,1,,
414,137,10,731,16355,1,,
199,228,6,967,16362,1,,
199,81,5,967,16362,1,,
444,391,6,989,16364,1,,
256,2138,2,996,16367,1,,
1,37,5,967,16370,1,,
99,1250,4,891,16376,1,,
446,442,12,980,16396,1,,
446,443,6,731,16396,1,,
415,154,3,821,16398,1,,
451,557,4,972,16402,1,,
409,-1,-1,-999,16407,2,v14_piggyback,1.0,16295,112
40,44,10,866,16415,1,,
412,99,4,903,16416,1,,
455,629,6,866,16426,1,,
0,30,2,984,16433,1,,
214,1905,4,866,16436,1,,
150,1547,1,756,16445,1,,
458,686,4,903,16447,1,,
390,242,4,981,16453,1,,
115,1347,1,989,16456,1,,
408,-1,-1,-999,16469,2,v14_piggyback,1.0,16318,151
293,2335,4,863,16471,1,,
441,325,2,903,16476,1,,
197,1812,4,607,16483,1,,
290,229,6,969,16500,1,,
192,113,8,991,16502,1,,
463,798,12,950,16502,1,,
168,1653,2,607,16511,1,,
438,249,3,996,16511,1,,
123,1395,1,969,16517,1,,
388,188,7,991,16525,1,,
444,-1,-1,-999,16531,2,v14_piggyback,1.0,16364,167
440,307,6,871,16545,1,,
472,950,8,968,16559,1,,
257,259,10,871,16575,1,,
387,176,10,964,16578,1,,
339,109,8,907,16579,1,,
130,39,10,964,16592,1,,
105,270,10,871,16600,1,,
105,1292,7,871,16600,1,,
181,1723,2,871,16607,1,,
462,762,9,964,16612,1,,
193,113,5,907,16618,1,,
242,163,10,729,16623,1,,
327,510,9,964,16625,1,,
77,47,9,729,16638,1,,
190,184,10,964,16647,1,,
190,104,6,936,16647,1,,
199,1821,8,903,16651,1,,
164,126,8,729,16652,1,,
409,70,10,397,16661,1,,
320,213,5,755,16661,1,,
169,139,6,1001,16664,1,,
472,-1,-1,-999,16668,2,v14_piggyback,1.0,16559,109
417,219,3,755,16669,1,,
384,21,7,964,16671,1,,
282,677,8,953,16689,1,,
458,682,10,907,16705,1,,
350,2638,4,795,16711,1,,
350,676,6,795,16711,1,,
301,15,6,729,16719,1,,
386,120,7,979,16722,1,,
455,3100,3,981,16736,1,,
455,636,5,795,16736,1,,
76,24,4,1001,16741,1,,
76,3,1,1001,16741,1,,
76,4,9,801,16741,1,,
418,222,2,1002,16742,1,,
485,1163,11,801,16759,1,,
388,127,12,795,16769,1,,
388,120,4,795,16769,1,,
388,171,6,953,16769,1,,
241,193,8,801,16773,1,,
395,2839,4,1001,16782,1,,
441,342,5,596,16793,1,,
441,342,9,755,16793,1,,
441,319,8,802,16793,1,,
441,332,9,863,16793,1,,
441,323,8,607,16793,1,,
322,389,6,1018,16793,1,,
396,570,8,796,16797,1,,
197,1812,4,907,16802,1,,
404,1035,6,1018,16806,1,,
440,307,4,962,16806,1,,
426,617,2,999,16813,1,,
408,48,7,953,16816,1,,
444,409,2,801,16821,1,,
478,1061,4,795,16844,1,,
427,584,6,1003,16849,1,,
358,1012,6,936,16853,1,,
164,1627,4,999,16866,1,,
409,79,11,795,16873,1,,
142,1503,4,979,16880,1,,
451,541,3,964,16888,1,,
231,2003,2,936,16895,1,,
455,637,8,885,16900,1,,
229,1995,2,820,16901,1,,
387,176,3,820,16909,1,,
264,33,2,979,16916,1,,
191,104,5,327,16918,1,,
191,184,8,966,16918,1,,
418,226,4,1016,16927,1,,
283,36,12,966,16956,1,,
283,20,8,1034,16956,1,,
369,351,11,986,16966,1,,
137,1475,2,953,16977,1,,
137,130,4,1029,16977,1,,
308,256,6,966,16986,1,,
308,256,12,811,16986,1,,
308,366,4,1034,16986,1,,
457,660,2,795,16994,1,,
370,452,11,782,16996,1,,
385,34,8,811,17012,1,,
385,55,10,1034,17012,1,,
343,473,7,782,17013,1,,
189,1764,2,1029,17017,1,,
417,222,6,1002,17024,1,,
485,1164,6,914,17032,1,,
302,15,8,327,17038,1,,
94,13,6,811,17051,1,,
94,47,2,327,17051,1,,
440,281,7,1033,17052,1,,
440,295,8,986,17052,1,,
478,1066,4,820,17055,1,,
190,1771,2,979,17060,1,,
450,524,8,884,17065,1,,
371,529,11,539,17067,1,,
82,2887,3,1038,17073,1,,
408,56,11,724,17077,1,,
386,120,8,884,17079,1,,
382,17,7,539,17083,1,,
474,972,8,327,17093,1,,
345,310,10,1038,17098,1,,
293,2333,3,822,17100,1,,
457,-1,-1,-999,17105,2,v14_piggyback,1.0,16994,111
78,58,6,1024,17111,1,,
419,272,2,1024,17124,1,,
452,568,6,966,17125,1,,
455,634,7,953,17127,1,,
344,534,6,884,17151,1,,
453,593,7,327,17164,1,,
440,-1,-1,-999,17167,2,v14_piggyback,1.0,17052,115
479,1076,2,1024,17171,1,,
416,197,6,884,17175,1,,
407,66,6,844,17186,1,,
343,2597,1,820,17197,1,,
290,229,7,844,17210,1,,
418,217,12,811,17213,1,,
418,232,7,327,17213,1,,
418,225,9,1034,17213,1,,
376,895,2,844,17215,1,,
218,1926,1,974,17217,1,,
484,1148,6,1034,17225,1,,
293,-1,-1,-999,17230,2,v14_piggyback,3.0,17100,130
420,283,9,963,17234,1,,
417,197,3,884,17248,1,,
417,197,12,811,17248,1,,
417,232,1,327,17248,1,,
216,23,10,959,17250,1,,
435,3014,4,1048,17257,1,,
158,1588,4,884,17257,1,,
140,43,5,1044,17260,1,,
298,26,3,1051,17265,1,,
291,229,8,1048,17268,1,,
421,308,4,959,17270,1,,
441,320,3,966,17273,1,,
338,100,4,1048,17275,1,,
411,96,4,1046,17279,1,,
416,-1,-1,-999,17292,2,v14_piggyback,2.0,17175,117
150,1551,2,327,17298,1,,
75,62,4,1046,17318,1,,
36,2905,2,1034,17318,1,,
101,1265,2,1013,17324,1,,
410,96,3,1013,17339,1,,
313,712,7,1049,17345,1,,
408,66,6,1049,17354,1,,
43,82,8,994,17358,1,,
339,244,1,1049,17365,1,,
339,136,6,1049,17365,1,,
407,2891,4,1042,17372,1,,
175,1690,2,966,17378,1,,
230,118,4,955,17381,1,,
229,95,3,1049,17386,1,,
474,971,10,894,17398,1,,
305,333,2,956,17405,1,,
457,660,4,795,17415,1,,
457,668,10,1022,17415,1,,
457,658,8,822,17415,1,,
412,102,8,994,17417,1,,
453,590,8,894,17419,1,,
438,206,3,955,17428,1,,
479,1075,10,1044,17433,1,,
247,284,9,1054,17441,1,,
249,157,2,1034,17445,1,,
341,244,6,895,17448,1,,
468,3155,2,1034,17458,1,,
385,53,12,997,17468,1,,
478,1064,4,895,17472,1,,
192,104,5,1064,17478,1,,
340,287,6,994,17480,1,,
183,1734,2,884,17484,1,,
0,19,12,1062,17499,1,,
362,60,1,1062,17511,1,,
362,172,6,1062,17511,1,,
3,46,8,997,17525,1,,
439,257,1,930,17538,1,,
256,279,3,1073,17540,1,,
4,37,12,1026,17544,1,,
371,723,3,454,17553,1,,
193,104,8,1072,17555,1,,
420,272,4,974,17555,1,,
420,289,2,1026,17555,1,,
449,503,5,930,17562,1,,
411,96,8,1013,17569,1,,
314,564,9,454,17575,1,,
409,86,8,997,17583,1,,
313,483,5,650,17583,1,,
361,60,10,657,17589,1,,
338,2571,4,955,17591,1,,
324,0,5,997,17595,1,,
413,134,5,666,17601,1,,
242,318,10,657,17606,1,,
321,0,3,657,17612,1,,
446,446,6,1008,17613,1,,
319,0,4,657,17619,1,,
378,2767,3,1026,17638,1,,
360,11,3,634,17640,1,,
437,179,4,634,17647,1,,
359,11,1,634,17667,1,,
359,49,2,998,17667,1,,
233,2015,2,997,17669,1,,
452,567,5,1008,17673,1,,
380,2775,3,657,17682,1,,
212,1894,4,666,17682,1,,
358,49,2,998,17687,1,,
438,248,4,895,17698,1,,
438,249,5,930,17698,1,,
267,209,2,1026,17698,1,,
324,-1,-1,-999,17704,2,v14_piggyback,7.0,17595,109
457,660,4,1043,17711,1,,
457,667,4,930,17711,1,,
340,2583,3,1077,17721,1,,
343,2601,2,965,17728,1,,
462,762,5,982,17732,1,,
479,1078,6,997,17742,1,,
335,2558,1,1062,17748,1,,
472,946,6,1065,17750,1,,
465,826,1,1026,17756,1,,
412,112,5,1008,17761,1,,
361,-1,-1,-999,17766,2,v14_piggyback,2.0,17589,177
341,287,4,1032,17776,1,,
341,136,8,1076,17776,1,,
439,251,10,454,17787,1,,
439,261,8,666,17787,1,,
478,1054,4,998,17790,1,,
455,634,3,666,17795,1,,
288,2,1,1008,17803,1,,
289,20,9,1005,17818,1,,
484,1155,6,1076,17820,1,,
468,871,2,1039,17824,1,,
449,508,11,1008,17836,1,,
269,33,10,1032,17836,1,,
234,131,4,1065,17840,1,,
379,1020,2,982,17845,1,,
391,247,5,1032,17846,1,,
389,245,4,1005,17848,1,,
437,140,6,1017,17854,1,,
161,1606,1,1006,17879,1,,
360,49,3,998,17892,1,,
409,76,6,1087,17894,1,,
409,76,10,1076,17894,1,,
413,122,12,639,17896,1,,
326,645,2,1005,17903,1,,
362,2698,3,1076,17908,1,,
324,0,2,657,17910,1,,
287,2,6,1015,17914,1,,
128,1426,2,1076,17915,1,,
176,1696,1,650,17920,1,,
150,1551,4,1076,17928,1,,
464,807,8,639,17933,1,,
465,835,4,1092,17946,1,,
135,130,12,1068,17976,1,,
40,44,10,879,17980,1,,
361,11,8,634,17989,1,,
361,11,8,1006,17989,1,,
361,49,1,998,17989,1,,
472,939,6,982,17999,1,,
159,151,12,879,17999,1,,
360,-1,-1,-999,17999,2,v14_piggyback,5.0,17892,107
382,17,6,835,18008,1,,
395,619,6,990,18017,1,,
181,14,6,917,18022,1,,
181,1722,10,1019,18022,1,,
144,1517,6,835,18029,1,,
302,57,7,879,18035,1,,
136,107,5,1101,18038,1,,
394,514,10,835,18046,1,,
286,2,1,1015,18049,1,,
286,2,1,879,18049,1,,
286,38,6,879,18049,1,,
409,-1,-1,-999,18061,2,v14_piggyback,2.0,17894,167
484,1152,4,775,18065,1,,
484,1147,6,730,18065,1,,
24,1646,4,917,18067,1,,
24,3,8,1019,18067,1,,
265,2188,2,1097,18072,1,,
129,89,5,1097,18082,1,,
390,247,3,970,18083,1,,
390,250,6,1019,18083,1,,
290,412,1,1097,18101,1,,
393,462,6,1098,18107,1,,
0,41,1,1098,18113,1,,
303,57,12,824,18113,1,,
361,-1,-1,-999,18123,2,v14_piggyback,7.0,17989,134
194,1790,2,639,18137,1,,
194,104,9,824,18137,1,,
449,504,5,1006,18138,1,,
39,63,8,824,18151,1,,
130,89,12,988,18152,1,,
324,0,8,990,18163,1,,
283,38,8,988,18166,1,,
321,61,10,824,18168,1,,
229,123,4,988,18176,1,,
429,808,7,824,18186,1,,
447,469,5,988,18188,1,,
432,936,3,988,18196,1,,
473,957,4,1070,18200,1,,
185,1742,2,988,18203,1,,
322,61,2,1105,18207,1,,
328,649,4,917,18209,1,,
328,510,3,917,18209,1,,
360,11,1,1006,18232,1,,
266,183,6,879,18233,1,,
157,16,5,824,18241,1,,
395,2841,2,1098,18246,1,,
433,931,8,814,18250,1,,
138,147,12,1037,18260,1,,
366,357,4,1035,18268,1,,
144,1514,2,954,18269,1,,
324,-1,-1,-999,18273,2,v14_piggyback,1.0,18163,110
331,649,10,1037,18274,1,,
444,395,4,814,18278,1,,
267,496,3,1107,18297,1,,
472,949,8,824,18300,1,,
440,299,7,1037,18310,1,,
460,729,6,876,18313,1,,
256,259,4,639,18321,1,,
75,62,6,1037,18332,1,,
264,33,5,876,18337,1,,
323,61,8,1111,18346,1,,
288,2,4,879,18354,1,,
411,101,5,1019,18362,1,,
199,149,2,1107,18367,1,,
409,76,2,1076,18374,1,,
325,389,8,1011,18382,1,,
449,508,8,639,18383,1,,
449,509,8,879,18383,1,,
443,379,4,764,18384,1,,
439,3031,4,1011,18392,1,,
361,60,6,764,18395,1,,
451,546,4,1011,18401,1,,
289,2,2,879,18419,1,,
289,2,2,970,18419,1,,
460,-1,-1,-999,18422,2,v14_piggyback,1.0,18313,109
417,2937,2,917,18427,1,,
417,225,2,824,18427,1,,
447,468,8,1100,18433,1,,
447,468,8,1035,18433,1,,
201,1833,3,1011,18436,1,,
137,1480,3,695,18444,1,,
360,11,4,650,18447,1,,
432,909,12,764,18463,1,,
305,256,9,640,18464,1,,
249,2098,4,917,18465,1,,
200,144,2,695,18471,1,,
132,39,7,1116,18484,1,,
288,-1,-1,-999,18484,2,v14_piggyback,8.0,18354,130
326,2507,3,639,18500,1,,
437,140,8,640,18501,1,,
389,247,3,970,18508,1,,
359,12,3,1118,18512,1,,
473,957,2,668,18518,1,,
473,958,9,838,18518,1,,
324,0,2,997,18523,1,,
444,397,6,876,18546,1,,
411,-1,-1,-999,18547,2,v14_piggyback,3.0,18362,185
265,103,2,1037,18552,1,,
285,2,1,970,18566,1,,
284,2,1,970,18570,1,,
282,2,1,970,18578,1,,
202,81,7,1045,18596,1,,
361,-1,-1,-999,18611,2,v14_piggyback,2.0,18395,216
229,95,5,1010,18612,1,,
342,2593,3,1045,18615,1,,
320,91,6,1010,18624,1,,
370,507,4,1045,18630,1,,
441,331,9,1010,18639,1,,
251,284,8,1120,18639,1,,
182,113,4,1010,18648,1,,
477,1038,1,1010,18653,1,,
152,16,12,1123,18656,1,,
21,1505,3,848,18661,1,,
163,14,7,738,18670,1,,
451,-1,-1,-999,18675,2,v14_piggyback,1.0,18401,274
439,253,5,640,18679,1,,
438,238,7,738,18682,1,,
151,345,2,1086,18694,1,,
151,16,4,1086,18694,1,,
338,85,6,1110,18694,1,,
422,402,10,946,18698,1,,
15,30,7,1121,18722,1,,
15,1225,4,934,18722,1,,
201,1829,3,695,18724,1,,
360,49,12,738,18734,1,,
447,-1,-1,-999,18740,2,v14_piggyback,1.0,18433,307
5,37,11,1130,18746,1,,
478,1070,9,1079,18755,1,,
366,351,12,1090,18762,1,,
440,314,4,703,18765,1,,
443,373,2,703,18779,1,,
443,370,6,703,18779,1,,
137,1476,8,848,18779,1,,
142,1507,6,1079,18790,1,,
143,1510,4,1086,18791,1,,
143,107,7,1090,18791,1,,
421,387,12,995,18798,1,,
485,1170,8,703,18804,1,,
76,4,6,1086,18807,1,,
76,47,3,1129,18807,1,,
375,2754,3,995,18814,1,,
375,2756,4,542,18814,1,,
215,301,8,1090,18821,1,,
442,356,6,542,18825,1,,
324,2500,3,1070,18832,1,,
367,337,8,1129,18835,1,,
475,1005,6,995,18848,1,,
361,11,8,1129,18857,1,,
379,1062,6,542,18859,1,,
333,894,6,542,18871,1,,
385,72,4,542,18880,1,,
412,114,7,1129,18881,1,,
443,-1,-1,-999,18890,2,v14_piggyback,1.0,18779,111
408,48,6,1102,18892,1,,
261,2164,2,28,18912,1,,
217,23,5,1102,18913,1,,
217,83,9,1102,18913,1,,
339,100,2,28,18919,1,,
365,335,7,1060,18926,1,,
441,319,8,848,18927,1,,
441,325,7,946,18927,1,,
477,1040,10,542,18943,1,,
256,233,5,1129,18952,1,,
439,257,8,1079,18952,1,,
439,257,11,703,18952,1,,
267,2198,4,995,18964,1,,
340,244,8,1139,18966,1,,
438,238,9,1060,18967,1,,
361,-1,-1,-999,18970,2,v14_piggyback,2.0,18857,113
422,358,3,934,18978,1,,
422,387,5,542,18978,1,,
451,546,2,1011,18988,1,,
451,552,12,640,18988,1,,
413,148,4,1115,18988,1,,
413,133,10,1115,18988,1,,
447,467,10,1010,18994,1,,
288,2,5,970,18999,1,,
468,871,4,1130,19003,1,,
440,312,5,1060,19009,1,,
89,58,2,1060,19023,1,,
89,8,6,1115,19023,1,,
139,43,1,542,19025,1,,
442,354,10,1014,19042,1,,
178,1709,2,542,19048,1,,
142,1506,5,28,19053,1,,
277,2249,4,1129,19057,1,,
324,0,4,1137,19066,1,,
439,-1,-1,-999,19068,2,v14_piggyback,1.0,18952,116
443,373,2,703,19075,1,,
383,21,4,1060,19086,1,,
485,1165,2,738,19093,1,,
437,179,8,664,19100,1,,
346,2619,3,1060,19101,1,,
411,101,3,1019,19109,1,,
426,555,5,664,19115,1,,
426,584,4,664,19115,1,,
388,198,2,1090,19116,1,,
438,-1,-1,-999,19130,2,v14_piggyback,1.0,18967,163
140,43,4,664,19134,1,,
488,1210,2,738,19140,1,,
412,105,1,664,19140,1,,
116,1359,3,664,19158,1,,
471,935,6,1052,19168,1,,
130,39,5,1122,19169,1,,
469,896,9,771,19184,1,,
167,10,10,1052,19184,1,,
305,2399,2,738,19195,1,,
433,1000,6,1094,19196,1,,
133,1,10,834,19202,1,,
251,64,5,1052,19206,1,,
273,277,6,1067,19213,1,,
211,1885,3,1052,19214,1,,
168,139,9,762,19235,1,,
192,1783,1,738,19239,1,,
169,1656,1,1060,19249,1,,
291,439,9,762,19250,1,,
3,37,10,762,19267,1,,
111,1,8,870,19275,1,,
111,1328,8,870,19275,1,,
387,80,4,1155,19280,1,,
387,176,6,1155,19280,1,,
417,203,8,762,19281,1,,
432,916,7,762,19294,1,,
425,532,3,1063,19294,1,,
425,566,9,1063,19294,1,,
324,0,1,1102,19303,1,,
451,553,7,1063,19306,1,,
418,203,11,1114,19311,1,,
288,2,7,834,19323,1,,
439,258,4,1060,19333,1,,
361,49,6,834,19335,1,,
339,2575,4,834,19344,1,,
306,346,6,926,19345,1,,
131,1444,2,926,19351,1,,
182,67,1,1158,19357,1,,
443,365,10,664,19360,1,,
453,588,1,926,19362,1,,
442,349,10,1041,19364,1,,
300,78,6,834,19373,1,,
411,112,7,771,19391,1,,
468,880,6,1094,19400,1,,
363,201,3,762,19407,1,,
438,238,1,1060,19414,1,,
485,1163,3,870,19419,1,,
167,1644,1,677,19425,1,,
167,1642,12,762,19425,1,,
118,1372,2,1114,19430,1,,
288,-1,-1,-999,19432,2,v14_piggyback,6.0,19323,109
437,180,6,834,19435,1,,
488,1201,2,762,19445,1,,
385,73,1,834,19460,1,,
390,199,4,1023,19463,1,,
192,1782,2,1126,19470,1,,
42,5,5,1126,19479,1,,
41,1237,2,1103,19483,1,,
386,73,3,1023,19493,1,,
386,120,3,1023,19493,1,,
361,-1,-1,-999,19494,2,v14_piggyback,2.0,19335,159
111,1326,4,931,19504,1,,
387,55,10,1170,19507,1,,
140,50,8,1170,19518,1,,
324,0,7,834,19520,1,,
324,0,2,771,19520,1,,
219,1928,2,1170,19525,1,,
439,257,1,703,19539,1,,
439,273,8,1145,19539,1,,
320,71,4,1156,19548,1,,
435,1073,2,1156,19555,1,,
485,-1,-1,-999,19557,2,v14_piggyback,1.0,19419,138
214,301,4,948,19557,1,,
129,116,8,1106,19560,1,,
132,1,6,1109,19569,1,,
159,1600,7,1106,19570,1,,
445,423,6,1106,19580,1,,
464,809,6,1109,19581,1,,
411,106,6,1052,19600,1,,
215,214,5,1106,19602,1,,
453,598,4,1126,19614,1,,
437,-1,-1,-999,19619,2,v14_piggyback,1.0,19435,184
118,1367,10,205,19623,1,,
118,1370,7,948,19623,1,,
94,13,6,1178,19632,1,,
457,660,5,1109,19640,1,,
438,216,4,995,19647,1,,
280,2270,4,631,19654,1,,
222,339,12,609,19668,1,,
222,1954,10,609,19668,1,,
385,32,4,1156,19674,1,,
385,32,2,1131,19674,1,,
198,317,8,881,19680,1,,
324,-1,-1,-999,19681,2,v14_piggyback,7.0,19520,161
121,1386,2,631,19681,1,,
383,42,6,631,19692,1,,
440,281,10,609,19697,1,,
2,3,8,1180,19706,1,,
377,991,5,881,19708,1,,
288,2,7,1115,19719,1,,
478,1064,5,1148,19729,1,,
386,53,4,1126,19738,1,,
461,745,12,1180,19741,1,,
28,2016,4,1106,19747,1,,
439,280,6,631,19753,1,,
447,469,4,881,19756,1,,
488,1212,4,926,19767,1,,
485,1163,3,870,19771,1,,
77,24,7,1172,19777,1,,
339,100,4,1148,19784,1,,
385,-1,-1,-999,19792,2,v14_piggyback,4.0,19674,118
57,4,12,1168,19793,1,,
464,813,7,1178,19804,1,,
432,909,4,1168,19811,1,,
10,1316,2,1168,19815,1,,
132,39,7,1173,19826,1,,
78,24,4,1181,19846,1,,
78,7,11,1157,19846,1,,
383,-1,-1,-999,19854,2,v14_piggyback,4.0,19692,162
24,1598,11,1173,19876,1,,
24,9,12,1173,19876,1,,
445,425,7,881,19876,1,,
437,186,4,881,19885,1,,
343,534,8,1173,19887,1,,
441,343,3,881,19893,1,,
431,872,7,1173,19898,1,,
62,1876,4,1162,19902,1,,
457,661,6,1112,19907,1,,
288,-1,-1,-999,19916,2,v14_piggyback,1.0,19719,197
440,305,12,1148,19921,1,,
398,716,7,1020,19923,1,,
438,249,9,1160,19936,1,,
117,1362,6,1020,19939,1,,
389,242,3,881,19944,1,,
421,369,2,609,19951,1,,
399,671,11,635,19957,1,,
390,264,6,1184,19962,1,,
321,2481,2,1020,19964,1,,
129,116,7,1184,19975,1,,
324,0,8,771,19978,1,,
130,141,11,635,19995,1,,
0,30,3,1177,19998,1,,
384,31,7,635,20008,1,,
196,1808,4,1177,20009,1,,
456,644,7,635,20021,1,,
450,518,7,635,20033,1,,
487,1186,2,635,20040,1,,
344,406,12,1080,20044,1,,
385,53,1,1126,20046,1,,
385,53,10,1106,20046,1,,
352,694,2,635,20047,1,,
181,160,11,1204,20059,1,,
418,226,9,1204,20078,1,,
138,177,6,1080,20091,1,,
138,1483,2,1080,20091,1,,
161,1609,3,927,20096,1,,
186,1748,10,1080,20113,1,,
186,104,2,1080,20113,1,,
186,191,3,1080,20113,1,,
391,245,10,1188,20114,1,,
384,-1,-1,-999,20117,2,v14_piggyback,3.0,20008,109
1,51,6,1188,20126,1,,
383,32,6,1131,20127,1,,
383,17,6,1151,20127,1,,
383,17,9,1085,20127,1,,
443,379,10,805,20129,1,,
422,369,5,1080,20139,1,,
167,10,10,1182,20156,1,,
437,164,12,1162,20157,1,,
437,1207,10,1184,20157,1,,
326,459,6,1188,20168,1,,
461,753,8,698,20171,1,,
165,126,10,1196,20172,1,,
256,279,4,928,20178,1,,
439,274,8,1020,20185,1,,
407,1208,4,928,20187,1,,
288,2,7,881,20199,1,,
485,1167,5,1020,20202,1,,
251,2105,2,1188,20206,1,,
145,1522,2,635,20210,1,,
149,1544,2,635,20221,1,,
324,0,8,848,20229,1,,
306,2404,4,928,20231,1,,
117,1365,1,43,20243,1,,
421,308,7,805,20253,1,,
264,2182,1,635,20258,1,,
343,538,6,805,20272,1,,
363,172,6,805,20281,1,,
457,662,5,1177,20289,1,,
60,1804,4,1204,20296,1,,
338,136,4,1080,20303,1,,
307,393,10,1200,20305,1,,
307,212,7,1128,20305,1,,
288,-1,-1,-999,20312,2,v14_piggyback,1.0,20199,113
385,53,5,927,20322,1,,
385,42,6,928,20322,1,,
114,39,10,1208,20322,1,,
114,1,7,1208,20322,1,,
196,1803,3,438,20326,1,,
41,29,7,1219,20337,1,,
289,77,9,1208,20338,1,,
415,158,3,805,20344,1,,
109,13,9,1128,20346,1,,
109,8,4,1128,20346,1,,
109,1,3,1128,20346,1,,
362,156,4,1169,20347,1,,
389,242,10,1128,20362,1,,
455,636,4,1208,20366,1,,
455,632,8,1169,20366,1,,
324,-1,-1,-999,20374,2,v14_piggyback,7.0,20229,145
3,3,10,1211,20379,1,,
441,320,2,1080,20384,1,,
284,36,9,1128,20402,1,,
284,27,6,1211,20402,1,,
478,1053,10,1128,20418,1,,
112,1333,8,1207,20427,1,,
112,1,10,1207,20427,1,,
442,356,10,1128,20434,1,,
283,77,5,1207,20438,1,,
409,76,3,1207,20446,1,,
0,30,4,1190,20446,1,,
281,470,7,1223,20447,1,,
416,182,7,1207,20458,1,,
384,34,9,1222,20462,1,,
339,287,10,1190,20469,1,,
282,2277,2,1219,20473,1,,
461,760,4,1078,20475,1,,
461,750,6,1169,20475,1,,
443,386,4,927,20476,1,,
443,380,2,1128,20476,1,,
444,409,2,1196,20478,1,,
383,34,6,1136,20487,1,,
485,1170,6,1203,20498,1,,
485,1167,10,1208,20498,1,,
440,288,5,1136,20498,1,,
360,2691,4,1136,20509,1,,
439,261,10,1169,20514,1,,
284,-1,-1,-999,20515,2,v14_piggyback,6.0,20402,113
422,341,4,1211,20527,1,,
257,2144,4,1128,20537,1,,
219,1930,4,1200,20547,1,,
285,77,7,744,20560,1,,
423,474,3,928,20571,1,,
475,992,6,744,20571,1,,
288,2,1,438,20575,1,,
288,2,11,1196,20575,1,,
258,221,6,744,20583,1,,
410,74,5,1227,20593,1,,
385,21,8,1009,20602,1,,
114,1345,4,1128,20602,1,,
303,15,9,1009,20617,1,,
457,660,3,1128,20618,1,,
268,2200,2,1009,20622,1,,
415,182,9,744,20626,1,,
324,0,4,1184,20627,1,,
287,20,6,1009,20631,1,,
224,1964,2,928,20635,1,,
455,628,6,1135,20638,1,,
302,57,8,1171,20643,1,,
199,223,2,1227,20648,1,,
189,1764,2,744,20656,1,,
482,1123,2,1211,20670,1,,
424,444,12,1161,20691,1,,
259,296,10,1234,20696,1,,
170,1662,2,928,20698,1,,
380,2776,2,1227,20703,1,,
409,70,3,1190,20703,1,,
452,568,5,1234,20714,1,,
416,159,6,1190,20715,1,,
283,128,5,1238,20730,1,,
457,-1,-1,-999,20731,2,v14_piggyback,1.0,20618,113
383,42,4,1161,20736,1,,
384,18,4,1213,20737,1,,
274,2238,2,1128,20744,1,,
443,384,6,1232,20756,1,,
1,51,5,1236,20767,1,,
284,2,10,1128,20772,1,,
448,3071,2,852,20773,1,,
102,1272,2,744,20780,1,,
162,14,5,1236,20786,1,,
117,1362,1,1135,20794,1,,
257,2145,4,1236,20810,1,,
475,1007,5,1228,20813,1,,
475,1010,4,852,20813,1,,
197,1810,1,1236,20813,1,,
362,119,2,1202,20820,1,,
408,2897,4,1040,20829,1,,
440,305,3,1184,20832,1,,
410,2904,2,1187,20848,1,,
272,230,11,987,20858,1,,
385,72,10,1236,20859,1,,
385,21,8,1236,20859,1,,
385,42,6,1236,20859,1,,
176,1693,1,1128,20863,1,,
420,302,10,918,20873,1,,
169,10,1,987,20878,1,,
169,139,8,987,20878,1,,
199,1820,3,1202,20880,1,,
390,236,6,1229,20890,1,,
10,1316,4,918,20901,1,,
10,22,8,1225,20901,1,,
389,245,6,987,20902,1,,
110,1322,10,1099,20918,1,,
266,90,12,1225,20918,1,,
444,391,2,987,20931,1,,
415,154,12,1136,20934,1,,
43,82,11,1248,20950,1,,
168,269,2,1229,20950,1,,
168,10,10,1150,20950,1,,
409,74,2,1227,20950,1,,
391,210,8,1099,20964,1,,
438,204,5,1237,20965,1,,
42,29,12,1220,20976,1,,
42,9,8,1220,20976,1,,
447,469,8,1150,20978,1,,
364,119,10,1250,20982,1,,
253,471,10,1225,20990,1,,
281,470,7,918,21000,1,,
300,78,2,918,21011,1,,
300,26,5,1220,21011,1,,
365,172,10,993,21021,1,,
365,119,11,1195,21021,1,,
3,46,8,1250,21035,1,,
384,17,6,1220,21039,1,,
94,13,8,1150,21047,1,,
186,67,6,918,21048,1,,
292,439,8,993,21049,1,,
284,2,6,1150,21056,1,,
0,19,8,1195,21063,1,,
448,499,6,925,21074,1,,
461,761,6,1220,21081,1,,
440,282,4,987,21084,1,,
440,311,10,1099,21084,1,,
412,122,8,1195,21088,1,,
264,103,4,1195,21097,1,,
162,1617,10,987,21099,1,,
265,162,5,1229,21108,1,,
215,181,6,1225,21110,1,,
368,335,8,1175,21114,1,,
482,1126,6,1132,21118,1,,
128,110,5,1225,21122,1,,
459,718,6,1099,21128,1,,
416,197,4,1040,21145,1,,
224,1968,3,1075,21148,1,,
171,1669,4,943,21165,1,,
284,-1,-1,-999,21168,2,v14_piggyback,6.0,21056,112
156,1578,4,1225,21173,1,,
157,1585,4,1150,21174,1,,
175,1690,2,993,21175,1,,
425,550,4,1150,21184,1,,
216,214,8,1198,21196,1,,
444,391,7,1195,21198,1,,
120,1384,3,1198,21204,1,,
214,1902,4,1099,21205,1,,
324,0,3,848,21211,1,,
438,190,6,1255,21220,1,,
408,66,2,918,21226,1,,
210,1881,3,1150,21247,1,,
447,476,2,1183,21248,1,,
300,2371,3,1183,21256,1,,
418,241,3,1150,21256,1,,
291,229,9,1030,21264,1,,
291,404,8,1030,21264,1,,
164,14,6,1030,21273,1,,
225,240,4,1268,21280,1,,
386,80,4,1030,21287,1,,
94,1224,4,943,21293,1,,
338,287,2,943,21300,1,,
313,2441,2,1030,21303,1,,
409,76,3,1237,21309,1,,
340,136,6,1240,21311,1,,
443,365,6,1205,21318,1,,
387,120,4,1240,21323,1,,
128,1423,11,1149,21325,1,,
274,2237,2,507,21330,1,,
315,527,6,1205,21330,1,,
413,145,3,1240,21338,1,,
442,344,4,1251,21346,1,,
238,157,7,1270,21349,1,,
127,1,9,1270,21361,1,,
217,1916,1,987,21370,1,,
448,487,6,918,21371,1,,
288,2,1,1150,21379,1,,
407,48,5,1266,21393,1,,
182,1730,2,1150,21400,1,,
234,131,4,1192,21402,1,,
4,46,10,1264,21404,1,,
52,4,2,1259,21415,1,,
52,63,5,1259,21415,1,,
443,-1,-1,-999,21425,2,v14_piggyback,1.0,21318,107
324,0,9,1260,21429,1,,
324,2496,4,888,21429,1,,
171,1667,3,304,21432,1,,
408,48,1,1266,21433,1,,
144,1518,6,1259,21439,1,,
228,25,8,1166,21445,1,,
462,783,4,1259,21446,1,,
444,394,9,1099,21450,1,,
323,389,10,1166,21461,1,,
476,1028,8,1166,21472,1,,
438,206,10,1030,21480,1,,
438,218,9,1259,21480,1,,
415,2928,4,1259,21490,1,,
447,481,9,1216,21492,1,,
53,1472,4,679,21497,1,,
407,-1,-1,-999,21500,2,v14_piggyback,1.0,21393,107
322,2485,2,1030,21521,1,,
483,1141,5,1279,21528,1,,
472,946,2,1279,21533,1,,
183,166,9,1274,21535,1,,
339,298,5,1274,21545,1,,
446,441,6,1274,21557,1,,
229,123,6,566,21557,1,,
324,-1,-1,-999,21562,2,v14_piggyback,7.0,21429,133
284,27,4,1274,21574,1,,
284,36,7,1278,21574,1,,
317,2458,3,566,21576,1,,
54,88,8,1257,21591,1,,
54,63,3,1257,21591,1,,
184,113,4,1278,21593,1,,
184,153,8,1281,21593,1,,
450,535,8,1058,21597,1,,
450,539,8,1058,21597,1,,
423,493,6,1281,21605,1,,
442,344,10,1058,21611,1,,
43,5,10,1275,21620,1,,
170,139,12,1283,21623,1,,
220,240,10,945,21625,1,,
111,1,11,1275,21636,1,,
117,1363,8,1083,21637,1,,
478,1053,10,945,21639,1,,
230,25,10,1058,21653,1,,
185,113,10,1083,21654,1,,
440,288,6,1275,21658,1,,
389,208,4,1257,21665,1,,
448,489,9,888,21666,1,,
210,1881,7,945,21680,1,,
210,1879,2,1058,21680,1,,
320,213,7,1058,21693,1,,
391,316,5,1281,21701,1,,
443,386,6,1251,21707,1,,
443,385,12,1259,21707,1,,
95,13,7,1258,21713,1,,
95,1227,6,1258,21713,1,,
144,1518,12,1279,21723,1,,
411,101,6,1283,21731,1,,
411,106,9,818,21731,1,,
220,-1,-1,-999,21733,2,v14_piggyback,1.0,21625,108
438,238,11,1275,21739,1,,
4,3,6,1290,21748,1,,
439,258,5,1083,21751,1,,
353,787,6,1290,21757,1,,
471,928,2,1275,21762,1,,
403,976,7,1058,21778,1,,
447,469,4,818,21792,1,,
446,453,7,1290,21793,1,,
478,-1,-1,-999,21795,2,v14_piggyback,1.0,21639,156
416,178,4,1242,21801,1,,
460,738,4,1278,21810,1,,
476,1011,10,566,21813,1,,
476,1019,5,945,21813,1,,
476,1018,4,945,21813,1,,
174,1685,2,1257,21821,1,,
417,187,9,1269,21825,1,,
103,1282,2,1083,21832,1,,
487,1187,1,1030,21836,1,,
393,352,6,945,21844,1,,
411,-1,-1,-999,21857,2,v14_piggyback,1.0,21731,126
266,90,2,1281,21857,1,,
450,524,5,1134,21872,1,,
450,539,2,1239,21872,1,,
450,533,12,1258,21872,1,,
363,172,2,1269,21874,1,,
462,779,3,945,21880,1,,
374,895,2,1058,21886,1,,
170,1662,2,1257,21887,1,,
324,0,1,1260,21899,1,,
208,1870,2,1083,21902,1,,
117,1362,8,818,21917,1,,
447,-1,-1,-999,21919,2,v14_piggyback,1.0,21792,127
352,713,7,1093,21924,1,,
371,670,4,1119,21930,1,,
448,484,9,1075,21937,1,,
263,440,4,1293,21944,1,,
433,967,6,940,21953,1,,
443,382,6,1290,21963,1,,
185,1745,1,1176,21970,1,,
301,152,6,940,21972,1,,
360,60,2,940,21976,1,,
467,856,6,940,21985,1,,
462,-1,-1,-999,21989,2,v14_piggyback,1.0,21880,109
438,216,2,1258,21993,1,,
2,37,8,1291,22004,1,,
174,1683,3,1273,22014,1,,
370,591,12,1146,22017,1,,
78,58,8,1291,22018,1,,
417,232,5,1206,22028,1,,
478,1053,1,945,22041,1,,
446,436,10,940,22045,1,,
340,6,8,1289,22050,1,,
361,12,8,1262,22055,1,,
192,113,6,1289,22061,1,,
437,180,6,597,22067,1,,
129,141,8,1310,22075,1,,
469,898,6,1262,22079,1,,
298,54,5,1113,22095,1,,
267,33,7,1261,22104,1,,
451,542,2,597,22110,1,,
389,250,9,1311,22113,1,,
412,122,4,1261,22120,1,,
272,2224,2,597,22126,1,,
128,89,12,1311,22134,1,,
292,439,10,1096,22143,1,,
411,101,6,1242,22148,1,,
411,108,2,1242,22148,1,,
290,381,5,1084,22151,1,,
447,469,4,818,22160,1,,
458,682,9,1096,22164,1,,
361,-1,-1,-999,22164,2,v14_piggyback,2.0,22055,109
264,923,3,1140,22171,1,,
302,78,9,1084,22176,1,,
414,134,5,1113,22184,1,,
141,50,11,1297,22189,1,,
457,667,11,1084,22200,1,,
323,2489,3,1113,22205,1,,
461,748,5,1082,22213,1,,
448,487,10,940,22228,1,,
412,-1,-1,-999,22233,2,v14_piggyback,1.0,22120,113
407,35,8,1095,22252,1,,
393,352,5,1297,22260,1,,
424,522,6,1282,22272,1,,
142,50,8,1095,22272,1,,
413,122,3,1261,22278,1,,
413,125,5,550,22278,1,,
413,114,10,1300,22278,1,,
394,462,12,1141,22288,1,,
181,1724,10,550,22294,1,,
437,174,5,1282,22299,1,,
392,415,8,1074,22300,1,,
430,844,9,550,22309,1,,
64,1929,3,1300,22317,1,,
199,81,8,471,22321,1,,
166,10,5,1300,22328,1,,
478,1064,6,597,22339,1,,
421,350,6,1074,22341,1,,
448,-1,-1,-999,22341,2,v14_piggyback,1.0,22228,113
438,216,8,1262,22353,1,,
462,779,3,945,22361,1,,
313,564,5,471,22363,1,,
276,2245,3,1140,22369,1,,
301,78,8,1318,22374,1,,
263,2177,2,1306,22378,1,,
40,9,4,1297,22379,1,,
40,1220,8,691,22379,1,,
39,1216,8,1144,22391,1,,
324,0,2,597,22398,1,,
449,516,4,691,22411,1,,
458,699,10,1082,22422,1,,
458,689,7,1282,22422,1,,
152,1562,2,1318,22428,1,,
411,111,6,1084,22438,1,,
451,548,8,1215,22443,1,,
304,15,12,1252,22455,1,,
414,155,7,1074,22463,1,,
447,464,4,940,22464,1,,
132,1448,2,550,22468,1,,
251,2110,2,1252,22470,1,,
457,658,6,691,22478,1,,
412,112,5,1311,22501,1,,
412,106,4,471,22501,1,,
412,106,8,1297,22501,1,,
454,602,4,1095,22512,1,,
134,1456,1,1140,22513,1,,
129,1429,1,1215,22518,1,,
461,760,10,1252,22519,1,,
142,1508,6,691,22522,1,,
238,2040,1,1300,22524,1,,
393,456,10,691,22536,1,,
437,174,6,1252,22543,1,,
128,1,1,1321,22546,1,,
407,48,10,471,22553,1,,
441,319,1,1331,22557,1,,
328,2518,4,691,22562,1,,
410,93,4,1095,22571,1,,
302,57,3,1331,22573,1,,
438,204,5,1293,22581,1,,
327,645,7,1233,22584,1,,
445,429,4,691,22593,1,,
0,41,4,1325,22602,1,,
276,2245,4,971,22611,1,,
303,15,9,1295,22613,1,,
461,-1,-1,-999,22626,2,v14_piggyback,1.0,22519,107
299,54,12,1127,22630,1,,
343,424,7,1267,22641,1,,
475,1006,9,1301,22642,1,,
388,132,7,1284,22654,1,,
408,40,12,1301,22659,1,,
256,306,4,1247,22666,1,,
451,554,6,1325,22672,1,,
386,171,3,1267,22673,1,,
306,361,8,1127,22677,1,,
384,53,7,1127,22688,1,,
422,399,10,1167,22692,1,,
447,463,2,1141,22692,1,,
447,457,12,471,22692,1,,
273,297,5,1167,22702,1,,
323,2491,3,471,22710,1,,
411,99,6,1140,22714,1,,
400,685,1,1167,22722,1,,
169,1656,4,1167,22738,1,,
338,85,5,1127,22740,1,,
395,556,2,1095,22744,1,,
148,1539,2,691,22749,1,,
339,202,9,1340,22753,1,,
401,773,7,1191,22755,1,,
442,349,6,1338,22766,1,,
342,85,11,1328,22769,1,,
389,210,4,1295,22776,1,,
222,1953,1,1284,22776,1,,
412,112,11,1167,22784,1,,
438,204,6,1301,22785,1,,
437,180,8,550,22800,1,,
437,180,2,1261,22800,1,,
427,2977,3,1323,22808,1,,
441,331,1,1249,22820,1,,
441,323,4,1247,22820,1,,
445,421,10,1267,22822,1,,
403,2875,2,1127,22828,1,,
443,3049,3,1127,22833,1,,
0,37,3,1127,22839,1,,
413,114,6,1056,22846,1,,
367,372,4,1127,22846,1,,
168,10,10,1056,22862,1,,
394,514,5,1337,22862,1,,
475,1010,9,1127,22865,1,,
385,72,6,1337,22872,1,,
442,-1,-1,-999,22875,2,v14_piggyback,1.0,22766,109
343,2601,2,1302,22876,1,,
383,34,10,1277,22907,1,,
256,233,4,1056,22908,1,,
449,508,1,1252,22929,1,,
274,275,4,1056,22930,1,,
396,621,8,1277,22931,1,,
438,-1,-1,-999,22938,2,v14_piggyback,1.0,22785,153
408,68,2,1323,22938,1,,
408,40,1,1056,22938,1,,
409,74,5,1362,22939,1,,
162,126,5,1277,22947,1,,
141,50,8,1342,22952,1,,
393,462,10,1362,22961,1,,
174,65,6,1351,22969,1,,
174,1684,4,1351,22969,1,,
397,570,8,1320,22974,1,,
402,944,4,1050,22975,1,,
411,93,4,1095,22989,1,,
384,53,8,1351,22991,1,,
437,-1,-1,-999,23000,2,v14_piggyback,1.0,22800,200
368,351,9,1304,23000,1,,
90,8,6,1351,23023,1,,
369,351,1,1304,23035,1,,
186,139,8,450,23037,1,,
143,1511,3,1209,23044,1,,
4,3,5,1345,23047,1,,
366,357,6,1349,23056,1,,
317,2462,1,1323,23058,1,,
441,-1,-1,-999,23062,2,v14_piggyback,1.0,22820,242
190,1773,4,1349,23065,1,,
204,1846,3,1209,23073,1,,
401,803,6,1209,23087,1,,
387,94,2,1349,23094,1,,
457,668,6,1320,23104,1,,
191,1775,2,450,23113,1,,
191,113,4,1358,23113,1,,
385,-1,-1,-999,23124,2,v14_piggyback,5.0,22872,252
412,108,8,1323,23124,1,,
412,114,2,1056,23124,1,,
296,2349,2,1209,23126,1,,
229,276,7,450,23132,1,,
445,426,12,1056,23143,1,,
392,455,4,450,23153,1,,
443,380,3,1056,23154,1,,
305,57,3,450,23169,1,,
305,346,9,939,23169,1,,
128,1,1,1209,23171,1,,
438,206,1,1167,23183,1,,
158,1592,10,864,23183,1,,
449,-1,-1,-999,23186,2,v14_piggyback,1.0,22929,257
383,31,10,450,23197,1,,
340,304,10,939,23212,1,,
343,538,4,450,23221,1,,
292,229,8,1354,23221,1,,
442,349,4,1338,23229,1,,
442,356,6,1323,23229,1,,
442,362,6,1056,23229,1,,
442,364,10,1342,23229,1,,
442,355,8,1351,23229,1,,
470,921,10,939,23237,1,,
367,357,1,1349,23239,1,,
365,201,8,1189,23253,1,,
186,67,8,939,23254,1,,
411,93,8,1338,23260,1,,
437,180,10,1261,23277,1,,
384,42,10,864,23284,1,,
384,21,12,939,23284,1,,
439,261,4,1319,23286,1,,
455,631,8,939,23299,1,,
441,323,6,1247,23301,1,,
441,332,8,1209,23301,1,,
190,1771,3,1164,23309,1,,
230,118,7,864,23311,1,,
242,59,4,1360,23318,1,,
162,1617,5,450,23322,1,,
305,346,4,1292,23331,1,,
383,18,4,1189,23339,1,,
131,39,6,939,23342,1,,
386,146,4,1292,23352,1,,
364,172,8,1346,23365,1,,
445,419,10,1337,23368,1,,
436,1188,12,1313,23373,1,,
449,508,5,1252,23375,1,,
246,2081,4,450,23377,1,,
77,24,3,1346,23389,1,,
2,51,6,1313,23399,1,,
438,204,2,1301,23410,1,,
453,599,7,1313,23412,1,,
392,415,8,1152,23426,1,,
444,395,3,450,23434,1,,
366,335,8,1374,23440,1,,
229,205,9,1313,23441,1,,
402,2870,1,1374,23446,1,,
288,27,4,1374,23455,1,,
410,98,8,1265,23455,1,,
151,1556,8,1265,23469,1,,
94,1221,3,450,23469,1,,
39,63,6,1265,23480,1,,
250,2100,3,450,23498,1,,
437,140,10,1301,23500,1,,
442,344,9,1319,23508,1,,
416,173,2,450,23509,1,,
393,455,5,1375,23518,1,,
205,1851,2,450,23524,1,,
41,44,5,1371,23529,1,,
324,0,1,1320,23529,1,,
284,2,10,1299,23530,1,,
290,412,1,1358,23541,1,,
365,156,6,1299,23552,1,,
365,322,8,1153,23552,1,,
471,927,1,1320,23556,1,,
415,159,2,1350,23563,1,,
288,-1,-1,-999,23564,2,v14_piggyback,1.0,23455,109
266,103,9,1380,23567,1,,
204,260,7,1352,23580,1,,
200,165,10,1341,23590,1,,
267,90,8,1329,23594,1,,
340,85,5,1378,23607,1,,
384,17,8,1329,23608,1,,
439,253,9,1360,23625,1,,
367,335,9,1329,23632,1,,
486,1179,4,1152,23634,1,,
449,504,8,1380,23646,1,,
134,1458,2,1152,23655,1,,
134,116,8,1377,23655,1,,
438,238,6,939,23658,1,,
341,6,7,1271,23659,1,,
42,44,6,1387,23667,1,,
56,4,7,1352,23673,1,,
131,1438,2,1152,23673,1,,
444,394,4,1350,23674,1,,
444,390,5,1341,23674,1,,
4,3,9,1322,23689,1,,
52,82,6,1307,23698,1,,
291,381,7,1410,23705,1,,
419,246,7,1322,23706,1,,
420,272,1,1397,23712,1,,
384,-1,-1,-999,23717,2,v14_piggyback,1.0,23608,109
211,231,10,1322,23728,1,,
442,360,1,1233,23731,1,,
442,354,8,864,23731,1,,
366,220,5,1271,23740,1,,
426,571,9,1411,23746,1,,
425,566,4,1396,23756,1,,
270,33,11,1394,23762,1,,
53,4,7,1394,23776,1,,
472,941,8,1396,23777,1,,
437,164,4,1378,23777,1,,
437,179,8,1152,23777,1,,
183,1734,2,1411,23787,1,,
413,148,6,1394,23788,1,,
416,159,1,1350,23798,1,,
465,835,5,1153,23799,1,,
43,5,2,1414,23815,1,,
411,101,6,1394,23819,1,,
481,1111,4,1263,23823,1,,
429,817,4,1153,23828,1,,
109,110,7,1417,23831,1,,
109,8,2,1417,23831,1,,
190,1769,4,1374,23838,1,,
439,274,8,1322,23845,1,,
288,211,2,1263,23851,1,,
41,5,2,1414,23862,1,,
41,30,8,1414,23862,1,,
412,99,3,1071,23870,1,,
430,800,5,1214,23884,1,,
38,63,4,1025,23885,1,,
325,2502,3,1329,23892,1,,
305,333,2,1380,23899,1,,
466,847,2,1025,23908,1,,
58,1712,1,1071,23916,1,,
18,46,6,1286,23922,1,,
18,1253,6,1061,23922,1,,
328,2521,3,1025,23924,1,,
284,20,5,1405,23936,1,,
458,692,3,1025,23937,1,,
244,2069,2,1307,23951,1,,
150,116,6,1286,23953,1,,
150,1552,4,1061,23953,1,,
439,-1,-1,-999,23955,2,v14_piggyback,1.0,23845,110
39,63,6,1424,23957,1,,
131,1440,8,1405,23967,1,,
419,272,3,1359,23968,1,,
444,397,10,1396,23983,1,,
270,2217,2,332,23994,1,,
173,153,8,1286,23997,1,,
258,296,6,1286,24008,1,,
259,2156,4,1382,24008,1,,
24,1608,2,1061,24021,1,,
24,37,5,1368,24021,1,,
456,648,8,1312,24025,1,,
420,267,5,1061,24031,1,,
229,205,5,1366,24034,1,,
243,163,8,1312,24039,1,,
68,2111,4,1286,24043,1,,
68,5,2,1286,24043,1,,
454,610,1,1366,24046,1,,
413,2917,2,1312,24046,1,,
429,771,10,1382,24065,1,,
429,808,2,1312,24065,1,,
211,1888,2,1414,24070,1,,
412,114,5,1366,24081,1,,
430,808,4,1312,24084,1,,
416,197,5,1263,24085,1,,
425,2969,3,1217,24091,1,,
444,-1,-1,-999,24096,2,v14_piggyback,1.0,23983,113
288,2,11,1061,24102,1,,
109,1320,7,1071,24105,1,,
109,45,1,1025,24105,1,,
481,1103,3,1000,24118,1,,
481,1112,6,1405,24118,1,,
466,838,11,1217,24123,1,,
463,794,2,1425,24137,1,,
338,6,5,1061,24146,1,,
230,205,6,1423,24156,1,,
158,65,6,1428,24162,1,,
235,131,8,1218,24171,1,,
231,25,5,1425,24178,1,,
408,68,4,1218,24180,1,,
245,2079,3,1061,24181,1,,
439,274,2,1322,24189,1,,
99,1250,7,1218,24206,1,,
244,2073,3,649,24214,1,,
486,3240,4,1218,24223,1,,
485,1162,2,1286,24226,1,,
268,2202,2,1286,24233,1,,
95,13,10,1399,24239,1,,
272,2227,2,1286,24239,1,,
307,2410,2,1286,24248,1,,
59,7,2,1368,24255,1,,
338,-1,-1,-999,24259,2,v14_piggyback,2.0,24146,113
456,641,10,976,24276,1,,
456,638,7,1012,24276,1,,
456,644,10,1218,24276,1,,
131,1441,5,1071,24279,1,,
79,58,12,1332,24295,1,,
390,250,4,1332,24304,1,,
52,88,11,1309,24310,1,,
257,2139,4,1332,24313,1,,
356,717,3,1332,24321,1,,
441,331,7,1201,24323,1,,
431,907,9,1309,24326,1,,
178,1705,4,1201,24332,1,,
339,6,1,1061,24341,1,,
339,298,8,1309,24341,1,,
225,25,2,1332,24341,1,,
378,2768,1,1201,24344,1,,
363,172,2,1201,24361,1,,
243,2066,4,1272,24366,1,,
243,2067,3,1347,24366,1,,
238,2040,2,1407,24367,1,,
239,157,8,1309,24381,1,,
442,349,10,877,24387,1,,
445,419,6,877,24399,1,,
413,133,2,1286,24404,1,,
413,145,4,1309,24404,1,,
413,143,10,1089,24404,1,,
430,808,2,1366,24405,1,,
288,27,2,877,24414,1,,
391,245,10,1427,24425,1,,
389,245,2,1427,24429,1,,
233,276,9,1089,24430,1,,
233,2013,4,1089,24430,1,,
424,505,2,1427,24434,1,,
409,92,8,1089,24445,1,,
463,788,10,1288,24453,1,,
438,218,11,1441,24456,1,,
306,256,2,1089,24464,1,,
306,376,10,1089,24464,1,,
256,411,11,1384,24473,1,,
242,284,2,1089,24480,1,,
242,430,6,1089,24480,1,,
242,193,2,1089,24480,1,,
308,393,7,1404,24493,1,,
439,261,11,1201,24503,1,,
439,253,8,877,24503,1,,
432,858,4,1287,24505,1,,
432,872,2,1296,24505,1,,
77,3,8,1441,24505,1,,
77,9,4,1419,24505,1,,
77,129,6,1408,24505,1,,
77,24,7,1384,24505,1,,
445,-1,-1,-999,24508,2,v14_piggyback,1.0,24399,109
468,875,6,1309,24516,1,,
353,814,9,1441,24519,1,,
429,771,10,1305,24528,1,,
167,345,10,1384,24537,1,,
167,1642,4,1384,24537,1,,
169,10,6,1305,24546,1,,
169,16,5,1335,24546,1,,
421,302,4,1089,24549,1,,
392,266,8,1419,24549,1,,
322,61,4,1089,24558,1,,
284,20,9,1305,24561,1,,
413,-1,-1,-999,24570,2,v14_piggyback,2.0,24404,166
307,366,8,1384,24576,1,,
99,1252,7,1305,24585,1,,
309,346,11,960,24592,1,,
462,776,9,1335,24602,1,,
384,18,6,1305,24615,1,,
441,323,6,1309,24618,1,,
178,1708,4,1186,24630,1,,
178,65,5,1276,24630,1,,
386,80,9,1409,24636,1,,
229,118,4,1335,24639,1,,
385,21,3,1089,24641,1,,
454,624,8,1384,24647,1,,
165,126,5,1409,24659,1,,
165,151,3,1453,24659,1,,
428,690,4,1305,24664,1,,
428,756,9,1276,24664,1,,
422,2957,2,1089,24671,1,,
420,289,10,960,24673,1,,
49,1405,3,1404,24679,1,,
427,719,12,1452,24682,1,,
391,242,6,1409,24685,1,,
391,316,2,960,24685,1,,
349,2635,2,1286,24692,1,,
453,3094,1,1404,24698,1,,
425,571,1,1411,24704,1,,
438,206,10,1384,24713,1,,
438,227,4,1453,24713,1,,
436,1136,2,1231,24721,1,,
445,419,2,877,24722,1,,
445,428,11,1335,24722,1,,
445,421,7,1363,24722,1,,
396,640,6,960,24722,1,,
474,972,9,1276,24737,1,,
411,96,6,1409,24739,1,,
324,0,2,1231,24744,1,,
332,780,7,1419,24753,1,,
454,-1,-1,-999,24754,2,v14_piggyback,1.0,24647,107
442,363,8,1276,24755,1,,
414,137,6,1408,24783,1,,
283,128,4,1276,24785,1,,
418,241,6,1276,24796,1,,
230,420,6,1276,24808,1,,
106,1296,6,960,24808,1,,
468,875,10,1298,24813,1,,
468,882,8,1231,24813,1,,
345,538,4,1210,24817,1,,
234,131,6,1441,24817,1,,
462,772,6,1363,24829,1,,
421,293,8,1437,24829,1,,
413,145,1,1309,24831,1,,
344,334,4,1276,24838,1,,
208,1865,3,1453,24847,1,,
218,1925,4,1276,24847,1,,
451,541,4,1384,24862,1,,
385,72,10,1280,24867,1,,
199,1822,4,1384,24870,1,,
441,324,5,1407,24883,1,,
441,325,8,877,24883,1,,
441,343,9,1305,24883,1,,
321,71,10,1316,24883,1,,
139,1488,3,1453,24890,1,,
338,298,10,1316,24900,1,,
341,6,4,1458,24909,1,,
458,692,2,960,24910,1,,
467,863,4,1305,24916,1,,
468,-1,-1,-999,24928,2,v14_piggyback,1.0,24813,115
469,888,2,1458,24938,1,,
200,223,6,1438,24947,1,,
438,227,6,1335,24949,1,,
453,579,2,1437,24951,1,,
371,2738,2,960,24956,1,,
474,974,4,1210,24959,1,,
324,0,8,1406,24964,1,,
324,0,2,1316,24964,1,,
448,495,8,1422,24968,1,,
212,1890,4,1210,24968,1,,
58,1706,3,1452,24976,1,,
407,56,3,1305,24984,1,,
321,-1,-1,-999,24996,2,v14_piggyback,7.0,24883,113
372,596,9,1376,25006,1,,
384,31,8,1416,25008,1,,
384,21,6,1416,25008,1,,
470,905,10,1416,25024,1,,
386,55,4,1416,25034,1,,
414,135,7,1458,25046,1,,
456,657,1,1305,25050,1,,
387,120,2,1452,25056,1,,
104,1285,5,1416,25057,1,,
313,2439,2,1276,25063,1,,
368,447,6,1403,25064,1,,
484,1158,3,1456,25076,1,,
108,1313,4,1416,25085,1,,
186,1750,4,1416,25094,1,,
408,66,8,1447,25098,1,,
273,243,3,1403,25099,1,,
191,1774,2,1363,25105,1,,
298,2356,3,1031,25107,1,,
265,496,6,1489,25108,1,,
411,105,2,1489,25113,1,,
385,52,3,1494,25125,1,,
266,162,6,1482,25130,1,,
266,90,4,1482,25130,1,,
467,859,2,1376,25135,1,,
439,261,5,1147,25143,1,,
388,80,8,1436,25148,1,,
198,317,8,1432,25162,1,,
139,1488,10,1422,25173,1,,
290,336,6,1415,25181,1,,
274,278,11,1147,25188,1,,
128,110,2,1416,25197,1,,
128,45,8,1464,25197,1,,
192,67,6,1415,25199,1,,
267,183,10,1496,25202,1,,
407,66,1,1447,25204,1,,
412,133,5,1147,25215,1,,
338,6,3,1458,25222,1,,
338,100,2,1456,25222,1,,
174,153,6,1506,25236,1,,
79,2711,2,1416,25237,1,,
78,4,6,1415,25248,1,,
439,-1,-1,-999,25250,2,v14_piggyback,1.0,25143,107
469,904,8,1471,25251,1,,
470,913,10,1031,25267,1,,
448,498,8,1413,25269,1,,
448,495,8,1147,25269,1,,
321,0,7,1316,25280,1,,
80,9,4,1470,25283,1,,
80,24,6,1470,25283,1,,
80,4,10,1470,25283,1,,
165,14,5,1469,25293,1,,
131,116,7,1504,25297,1,,
429,817,6,1469,25305,1,,
388,-1,-1,-999,25312,2,v14_piggyback,3.0,25148,164
140,130,9,1393,25317,1,,
140,43,6,1421,25317,1,,
398,741,4,1496,25325,1,,
387,120,3,1432,25327,1,,
387,146,12,1469,25327,1,,
340,202,12,1508,25338,1,,
280,434,10,1393,25341,1,,
182,160,5,1510,25343,1,,
76,62,11,1510,25361,1,,
158,151,4,1496,25362,1,,
158,50,10,1367,25362,1,,
440,292,7,1421,25375,1,,
448,-1,-1,-999,25380,2,v14_piggyback,1.0,25269,111
384,34,7,1393,25388,1,,
390,250,4,1510,25389,1,,
409,74,4,1469,25398,1,,
389,199,3,1509,25401,1,,
450,533,8,1367,25402,1,,
5,3,5,1401,25412,1,,
410,86,12,1474,25417,1,,
451,542,5,1393,25423,1,,
58,4,9,1509,25426,1,,
320,196,3,1513,25443,1,,
320,91,10,1509,25443,1,,
301,2377,3,1509,25449,1,,
430,817,8,1474,25455,1,,
314,564,10,1509,25463,1,,
6,3,10,1491,25472,1,,
298,1042,11,1486,25478,1,,
339,136,2,1509,25483,1,,
291,439,3,1462,25488,1,,
385,42,4,1517,25489,1,,
460,729,6,1486,25495,1,,
302,78,4,1147,25506,1,,
450,-1,-1,-999,25511,2,v14_piggyback,1.0,25402,109
386,171,3,1147,25519,1,,
304,15,8,1343,25519,1,,
304,78,9,1365,25519,1,,
465,829,3,1491,25521,1,,
165,1631,3,1285,25530,1,,
256,411,2,1393,25532,1,,
41,44,10,1343,25536,1,,
391,210,6,1462,25541,1,,
376,2759,4,1496,25542,1,,
321,0,6,1507,25563,1,,
320,-1,-1,-999,25573,2,v14_piggyback,4.0,25443,130
439,261,1,1147,25586,1,,
388,120,5,1432,25588,1,,
388,80,8,1474,25588,1,,
418,203,4,1449,25597,1,,
417,219,2,1470,25603,1,,
338,6,6,1509,25606,1,,
411,111,3,1491,25611,1,,
199,165,2,1421,25617,1,,
415,175,4,1365,25625,1,,
448,484,10,1421,25638,1,,
448,490,4,1367,25638,1,,
299,15,4,1343,25638,1,,
409,70,11,1491,25643,1,,
263,2175,3,1365,25648,1,,
384,34,5,1512,25649,1,,
3,3,2,1531,25655,1,,
390,210,5,1462,25662,1,,
390,199,7,1454,25662,1,,
162,1617,5,1343,25665,1,,
177,1703,2,1315,25672,1,,
76,129,2,1528,25684,1,,
424,522,4,1503,25694,1,,
377,975,5,1490,25704,1,,
96,13,10,1081,25705,1,,
385,53,7,1503,25717,1,,
257,233,10,1081,25722,1,,
387,55,1,1528,25723,1,,
322,61,3,1081,25730,1,,
481,1101,8,1528,25737,1,,
97,13,6,1518,25741,1,,
483,1133,3,1527,25759,1,,
450,533,4,1367,25768,1,,
450,531,12,1401,25768,1,,
135,1460,3,1081,25771,1,,
61,7,8,1527,25773,1,,
386,55,8,1528,25782,1,,
338,6,7,1081,25784,1,,
162,-1,-1,-999,25786,2,v14_piggyback,1.0,25665,121
416,189,10,1527,25790,1,,
460,739,2,1315,25791,1,,
5,3,10,1485,25798,1,,
417,203,6,1449,25810,1,,
417,215,7,1364,25810,1,,
137,1479,10,1485,25814,1,,
388,199,3,1454,25818,1,,
418,215,2,1364,25839,1,,
149,1546,2,1365,25854,1,,
444,394,9,1532,25855,1,,
133,39,10,1457,25863,1,,
223,1955,4,1472,25864,1,,
80,58,9,868,25870,1,,
411,97,3,1449,25879,1,,
411,97,6,1527,25879,1,,
184,1740,2,1081,25889,1,,
217,23,6,1457,25896,1,,
338,-1,-1,-999,25897,2,v14_piggyback,6.0,25784,113
43,29,12,1472,25898,1,,
453,579,3,1472,25905,1,,
3,28,8,1534,25910,1,,
425,566,5,1485,25920,1,,
442,356,8,868,25925,1,,
129,45,6,1534,25932,1,,
451,541,4,1457,25941,1,,
314,2444,2,1473,25941,1,,
409,74,5,1500,25950,1,,
245,193,4,1485,25953,1,,
245,2074,2,1534,25953,1,,
288,36,2,1472,25958,1,,
162,1617,1,1343,25981,1,,
483,3223,3,1373,25982,1,,
122,1,8,1445,25985,1,,
122,115,12,1445,25985,1,,
122,1391,3,1445,25985,1,,
180,166,4,1535,25999,1,,
392,326,2,1472,26007,1,,
6,30,10,1445,26010,1,,
6,9,7,1445,26010,1,,
441,324,1,1535,26013,1,,
229,1994,2,1481,26027,1,,
229,240,6,1481,26027,1,,
136,130,12,1445,26028,1,,
360,12,8,1550,26032,1,,
417,189,6,1532,26039,1,,
241,284,12,1475,26047,1,,
416,189,6,1532,26051,1,,
181,104,11,1550,26056,1,,
147,1535,1,1550,26062,1,,
409,-1,-1,-999,26062,2,v14_piggyback,3.0,25950,112
190,104,1,1481,26064,1,,
190,1772,3,1519,26064,1,,
386,132,8,1485,26074,1,,
460,734,8,868,26081,1,,
388,199,4,1509,26091,1,,
133,1453,6,1479,26095,1,,
267,103,6,1445,26113,1,,
411,112,6,1472,26118,1,,
358,979,6,1445,26125,1,,
366,337,4,1463,26128,1,,
393,456,5,1445,26133,1,,
293,2332,4,1463,26137,1,,
450,533,4,1324,26140,1,,
338,6,3,1081,26144,1,,
417,-1,-1,-999,26151,2,v14_piggyback,2.0,26039,112
361,12,8,1398,26171,1,,
453,598,6,1519,26176,1,,
456,655,4,1534,26179,1,,
418,226,3,1532,26184,1,,
88,3185,3,1479,26185,1,,
291,336,8,1476,26198,1,,
166,126,7,1555,26209,1,,
385,55,2,1528,26210,1,,
442,363,8,1523,26223,1,,
395,570,4,1104,26232,1,,
268,103,7,1560,26233,1,,
415,175,7,1476,26242,1,,
391,316,5,1555,26242,1,,
293,-1,-1,-999,26246,2,v14_piggyback,3.0,26137,109
364,194,2,1440,26248,1,,
446,453,2,1445,26251,1,,
433,909,6,1547,26261,1,,
483,1133,8,1445,26263,1,,
140,43,4,1555,26270,1,,
390,250,2,1547,26277,1,,
292,229,7,1224,26304,1,,
361,-1,-1,-999,26308,2,v14_piggyback,2.0,26171,137
409,74,4,1500,26328,1,,
409,70,4,1463,26328,1,,
409,92,8,1463,26328,1,,
416,195,9,1485,26330,1,,
487,1189,2,1457,26335,1,,
159,75,9,1499,26337,1,,
482,1120,4,1545,26343,1,,
215,83,10,1499,26357,1,,
88,-1,-1,-999,26370,2,v14_piggyback,3.0,26185,185
459,702,5,1224,26370,1,,
139,170,9,1389,26373,1,,
468,881,2,1444,26376,1,,
417,226,5,1532,26383,1,,
1,30,6,1442,26385,1,,
309,2416,2,1444,26399,1,,
467,866,3,1224,26410,1,,
306,212,10,1442,26417,1,,
362,69,4,1571,26420,1,,
204,1847,4,1334,26422,1,,
308,393,10,1434,26432,1,,
442,-1,-1,-999,26432,2,v14_piggyback,1.0,26223,209
294,229,8,1389,26436,1,,
453,579,2,1440,26449,1,,
43,5,8,1235,26453,1,,
404,977,11,1334,26453,1,,
463,797,8,1235,26465,1,,
54,4,7,1389,26466,1,,
389,250,1,1547,26475,1,,
389,247,3,1389,26475,1,,
385,72,6,1444,26479,1,,
385,53,4,1442,26479,1,,
458,691,5,636,26491,1,,
166,1636,11,1104,26493,1,,
155,1574,8,636,26505,1,,
293,229,7,1498,26506,1,,
199,223,6,1498,26517,1,,
307,408,7,1235,26517,1,,
467,-1,-1,-999,26519,2,v14_piggyback,1.0,26410,109
443,374,5,636,26521,1,,
451,546,4,1400,26530,1,,
363,119,4,636,26546,1,,
44,5,11,1565,26551,1,,
44,46,10,1565,26551,1,,
456,648,7,1545,26561,1,,
122,3,7,1533,26564,1,,
122,1394,5,1533,26564,1,,
439,280,4,636,26569,1,,
0,28,6,1434,26573,1,,
140,1495,8,1389,26583,1,,
385,-1,-1,-999,26586,2,v14_piggyback,3.0,26479,107
142,50,9,1533,26598,1,,
409,92,7,1224,26604,1,,
440,295,6,1434,26611,1,,
416,173,7,1544,26616,1,,
93,1218,4,1561,26620,1,,
93,347,2,1561,26620,1,,
483,1134,5,1235,26628,1,,
459,711,4,1400,26630,1,,
459,708,4,636,26630,1,,
139,1489,10,1334,26632,1,,
431,907,5,1442,26641,1,,
293,-1,-1,-999,26648,2,v14_piggyback,3.0,26506,142
391,250,6,1547,26651,1,,
390,210,4,1389,26666,1,,
415,161,8,1585,26674,1,,
262,2170,4,1442,26675,1,,
78,2669,4,1533,26687,1,,
462,769,3,1543,26688,1,,
417,226,8,1446,26693,1,,
418,215,3,1389,26695,1,,
82,2921,2,1533,26712,1,,
82,4,8,1570,26712,1,,
409,-1,-1,-999,26716,2,v14_piggyback,1.0,26604,112
163,1620,2,1235,26716,1,,
384,32,5,1585,26718,1,,
404,2879,2,1212,26725,1,,
215,1908,2,1379,26738,1,,
362,119,4,1564,26742,1,,
463,793,6,1543,26746,1,,
463,3134,4,1561,26746,1,,
329,2525,2,1235,26759,1,,
458,695,10,1564,26763,1,,
56,1671,3,636,26771,1,,
256,488,10,1548,26775,1,,
467,866,5,1224,26795,1,,
467,859,11,636,26795,1,,
307,2406,3,636,26803,1,,
176,1694,2,1442,26804,1,,
407,66,1,1498,26808,1,,
321,0,3,1581,26811,1,,
435,1073,2,1565,26822,1,,
172,1675,1,1434,26832,1,,
408,48,2,1592,26833,1,,
322,1104,10,1567,26846,1,,
320,2476,2,636,26853,1,,
419,285,2,1578,26856,1,,
485,3235,2,1564,26859,1,,
385,72,5,1444,26864,1,,
42,82,3,1588,26867,1,,
448,495,10,1487,26873,1,,
416,167,7,1444,26878,1,,
439,262,6,1530,26901,1,,
186,1747,2,1487,26907,1,,
317,2461,2,1487,26914,1,,
308,346,10,874,26925,1,,
183,104,11,1568,26932,1,,
118,1371,9,565,26934,1,,
478,1064,6,1530,26943,1,,
162,10,6,565,26948,1,,
418,217,2,1530,26950,1,,
399,768,12,874,26953,1,,
133,703,1,1333,26955,1,,
434,1033,7,565,26961,1,,
485,-1,-1,-999,26973,2,v14_piggyback,2.0,26859,114
128,177,9,1484,26976,1,,
93,1217,5,874,26977,1,,
409,70,5,1584,26988,1,,
415,178,6,1590,26988,1,,
417,187,12,1430,27021,1,,
417,189,12,1430,27021,1,,
364,119,7,1587,27025,1,,
452,574,7,1525,27033,1,,
370,529,7,1568,27043,1,,
113,1341,2,1587,27045,1,,
113,347,10,1587,27045,1,,
112,1,10,1430,27048,1,,
112,110,9,1546,27048,1,,
365,194,8,1478,27068,1,,
159,65,4,1484,27071,1,,
159,65,11,1430,27071,1,,
68,4,3,874,27078,1,,
68,2026,2,1587,27078,1,,
289,2314,1,1333,27080,1,,
95,1227,7,1575,27090,1,,
95,270,6,1573,27090,1,,
96,13,6,1478,27098,1,,
411,96,10,1546,27107,1,,
407,48,1,1592,27118,1,,
407,40,7,1578,27118,1,,
407,40,9,1487,27118,1,,
407,56,10,1530,27118,1,,
60,82,12,1579,27122,1,,
60,7,4,1579,27122,1,,
290,381,8,1430,27124,1,,
448,494,5,1525,27126,1,,
408,40,1,1487,27129,1,,
353,787,8,1559,27138,1,,
442,355,12,1579,27141,1,,
416,187,8,1559,27155,1,,
320,0,5,1581,27161,1,,
320,0,8,874,27161,1,,
440,314,8,1559,27169,1,,
384,17,6,1579,27172,1,,
229,276,6,1484,27180,1,,
88,8,7,1559,27193,1,,
299,26,7,1395,27198,1,,
1,19,2,563,27202,1,,
385,73,6,1575,27210,1,,
338,6,4,1478,27211,1,,
402,944,2,563,27218,1,,
411,-1,-1,-999,27219,2,v14_piggyback,2.0,27107,112
205,1851,2,874,27225,1,,
478,1053,9,1333,27227,1,,
417,215,7,1389,27240,1,,
423,402,6,1573,27246,1,,
409,79,4,1389,27247,1,,
438,238,5,565,27273,1,,
320,-1,-1,-999,27281,2,v14_piggyback,4.0,27161,120
301,26,8,1088,27285,1,,
360,11,6,1484,27285,1,,
113,1338,10,563,27286,1,,
141,1502,1,874,27292,1,,
55,4,5,1559,27295,1,,
367,335,4,1088,27297,1,,
367,392,4,1088,27297,1,,
247,2085,2,1587,27299,1,,
453,583,9,701,27309,1,,
369,337,12,1027,27326,1,,
368,431,8,1511,27338,1,,
420,252,4,1430,27339,1,,
88,-1,-1,-999,27343,2,v14_piggyback,3.0,27193,150
419,252,8,1088,27350,1,,
95,1228,2,563,27354,1,,
410,87,1,1579,27359,1,,
354,814,7,701,27360,1,,
284,2,3,1430,27379,1,,
209,1871,4,1546,27396,1,,
448,497,5,701,27398,1,,
448,489,10,1088,27398,1,,
301,-1,-1,-999,27405,2,v14_piggyback,1.0,27285,120
486,3240,2,1430,27410,1,,
245,2078,3,1480,27418,1,,
245,64,8,1480,27418,1,,
225,1975,4,1559,27422,1,,
300,15,2,1430,27429,1,,
130,45,9,1480,27433,1,,
218,1925,2,1590,27436,1,,
427,622,10,1480,27449,1,,
266,496,8,1480,27463,1,,
214,286,10,1326,27465,1,,
441,319,11,1154,27474,1,,
422,358,6,1480,27474,1,,
446,433,4,1386,27483,1,,
409,84,7,701,27491,1,,
409,70,5,1385,27491,1,,
284,-1,-1,-999,27502,2,v14_piggyback,2.0,27379,123
411,96,1,1546,27506,1,,
411,97,6,1559,27506,1,,
442,362,6,1385,27510,1,,
442,348,8,1088,27510,1,,
413,142,6,1326,27523,1,,
5,3,3,701,27524,1,,
5,51,7,1027,27524,1,,
385,34,6,1088,27534,1,,
224,339,1,1588,27537,1,,
42,5,4,1326,27543,1,,
366,338,9,1154,27546,1,,
7,9,10,1142,27554,1,,
302,152,8,1154,27563,1,,
393,415,6,1154,27575,1,,
211,231,10,1142,27575,1,,
211,1884,4,1057,27575,1,,
422,-1,-1,-999,27583,2,v14_piggyback,2.0,27474,109
181,104,6,1385,27584,1,,
320,0,4,1430,27588,1,,
407,48,5,1395,27592,1,,
278,2256,2,1484,27598,1,,
456,654,5,1142,27599,1,,
456,638,5,1142,27599,1,,
456,653,6,1521,27599,1,,
467,856,4,1326,27616,1,,
210,231,4,1521,27618,1,,
210,144,9,1521,27618,1,,
455,636,6,1385,27633,1,,
113,1337,3,1480,27634,1,,
113,141,6,1057,27634,1,,
346,2618,2,1430,27634,1,,
184,1737,2,1573,27656,1,,
475,1008,2,1575,27663,1,,
128,89,3,1467,27671,1,,
450,526,5,701,27681,1,,
476,1015,7,1467,27684,1,,
363,119,1,1579,27690,1,,
363,121,6,1057,27690,1,,
199,260,5,1385,27691,1,,
407,-1,-1,-999,27703,2,v14_piggyback,3.0,27592,111
387,146,8,1057,27704,1,,
343,310,8,1574,27708,1,,
437,179,8,1057,27718,1,,
453,582,5,1027,27719,1,,
421,350,7,1142,27730,1,,
215,83,2,701,27740,1,,
215,214,3,1088,27740,1,,
130,1435,9,1386,27747,1,,
130,116,1,1057,27747,1,,
411,96,6,1088,27752,1,,
411,93,2,1088,27752,1,,
441,323,4,1326,27762,1,,
417,225,4,1385,27765,1,,
456,-1,-1,-999,27766,2,v14_piggyback,2.0,27599,167
452,573,1,1430,27771,1,,
471,929,5,1027,27781,1,,
409,87,9,1579,27781,1,,
409,79,5,1579,27781,1,,
409,76,6,1521,27781,1,,
365,119,5,1511,27789,1,,
398,685,4,1088,27796,1,,
442,363,4,1572,27812,1,,
446,433,10,1142,27816,1,,
446,437,9,1057,27816,1,,
436,3016,4,1027,27819,1,,
237,2034,4,1057,27825,1,,
437,-1,-1,-999,27828,2,v14_piggyback,1.0,27718,110
155,147,4,1577,27832,1,,
155,1576,3,1577,27832,1,,
246,2084,4,1142,27834,1,,
420,302,3,1388,27842,1,,
443,365,6,1577,27844,1,,
326,451,3,1521,27850,1,,
485,1165,2,1577,27851,1,,
432,887,6,1431,27862,1,,
424,422,1,1088,27886,1,,
352,676,8,1055,27890,1,,
441,-1,-1,-999,27890,2,v14_piggyback,1.0,27762,128
169,1654,3,1154,27893,1,,
400,786,8,1055,27904,1,,
301,2375,3,1388,27911,1,,
135,147,4,1431,27913,1,,
60,1755,2,1521,27927,1,,
455,630,9,1577,27928,1,,
477,1034,1,701,27942,1,,
475,999,8,1577,27951,1,,
475,1010,5,1577,27951,1,,
452,-1,-1,-999,27952,2,v14_piggyback,1.0,27771,181
470,906,2,1057,27952,1,,
338,6,2,1521,27959,1,,
434,3009,1,1142,27967,1,,
39,44,6,1488,27974,1,,
399,671,9,1294,27975,1,,
407,48,3,1395,27982,1,,
408,40,2,1488,27991,1,,
480,1096,6,1542,28010,1,,
446,-1,-1,-999,28014,2,v14_piggyback,1.0,27816,198
423,493,2,1488,28015,1,,
444,388,8,1294,28016,1,,
3,28,10,1542,28029,1,,
327,609,9,1520,28032,1,,
395,600,12,1138,28046,1,,
411,102,6,1520,28057,1,,
417,232,8,1294,28066,1,,
421,302,5,1388,28068,1,,
420,-1,-1,-999,28076,2,v14_piggyback,1.0,27842,234
454,624,4,1520,28077,1,,
6,3,3,1439,28080,1,,
6,3,6,1138,28080,1,,
6,51,4,1439,28080,1,,
237,2033,2,708,28083,1,,
456,654,3,1142,28099,1,,
456,638,6,1142,28099,1,,
2,51,6,1294,28102,1,,
439,261,12,1138,28113,1,,
439,258,4,1069,28113,1,,
432,887,11,1055,28119,1,,
141,43,6,1294,28131,1,,
44,5,6,1069,28135,1,,
44,22,10,1493,28135,1,,
485,-1,-1,-999,28138,2,v14_piggyback,2.0,27851,287
343,2599,4,1431,28141,1,,
441,323,2,1326,28159,1,,
441,324,10,1577,28159,1,,
425,511,12,1138,28163,1,,
437,179,3,1057,28165,1,,
476,1028,6,1314,28171,1,,
246,2083,3,1524,28177,1,,
398,671,3,1294,28179,1,,
424,493,5,1488,28181,1,,
424,505,8,1542,28181,1,,
452,573,7,1430,28192,1,,
361,49,6,1439,28198,1,,
361,11,6,1483,28198,1,,
45,82,8,1108,28226,1,,
45,1288,6,1483,28226,1,,
444,405,1,1584,28232,1,,
7,37,12,1483,28245,1,,
229,95,2,1537,28245,1,,
277,2249,2,1537,28252,1,,
221,1948,1,1537,28258,1,,
226,23,10,1455,28274,1,,
480,1086,12,1138,28279,1,,
480,1092,7,1439,28279,1,,
480,1089,6,1069,28279,1,,
476,-1,-1,-999,28280,2,v14_piggyback,1.0,28171,109
404,996,8,1455,28288,1,,
447,464,11,1493,28296,1,,
95,1226,6,1569,28305,1,,
68,2111,2,1455,28306,1,,
68,29,9,1455,28306,1,,
394,462,8,1069,28310,1,,
193,1784,4,1455,28315,1,,
290,336,5,1138,28324,1,,
290,77,3,1108,28324,1,,
411,93,11,1326,28326,1,,
411,93,3,1467,28326,1,,
458,682,1,1569,28331,1,,
477,1045,8,1069,28338,1,,
242,318,8,947,28338,1,,
242,64,8,947,28338,1,,
361,-1,-1,-999,28342,2,v14_piggyback,2.0,28198,144
433,931,7,1589,28350,1,,
187,67,7,1483,28351,1,,
468,883,8,1589,28364,1,,
8,3,8,1589,28378,1,,
232,2006,4,942,28388,1,,
485,1170,9,1483,28389,1,,
257,2143,1,1552,28393,1,,
230,25,8,947,28406,1,,
230,95,8,1390,28406,1,,
362,156,6,1589,28415,1,,
389,264,7,1108,28430,1,,
385,42,10,947,28430,1,,
385,72,6,1390,28430,1,,
231,118,10,897,28431,1,,
411,-1,-1,-999,28435,2,v14_piggyback,2.0,28326,109
372,670,7,1483,28443,1,,
440,295,10,897,28448,1,,
407,40,6,1488,28454,1,,
444,397,4,1537,28455,1,,
444,391,10,878,28455,1,,
455,633,7,1138,28467,1,,
97,13,8,947,28474,1,,
97,47,4,1412,28474,1,,
453,588,6,1493,28489,1,,
458,-1,-1,-999,28497,2,v14_piggyback,1.0,28331,166
274,230,4,947,28498,1,,
274,277,6,1390,28498,1,,
274,277,7,1412,28498,1,,
408,68,6,1108,28500,1,,
320,0,5,947,28515,1,,
320,213,5,1412,28515,1,,
460,738,6,1439,28516,1,,
275,378,8,1586,28525,1,,
124,1404,12,947,28533,1,,
452,577,7,1552,28543,1,,
452,565,4,1589,28543,1,,
44,29,10,947,28550,1,,
119,1375,6,1493,28555,1,,
485,-1,-1,-999,28559,2,v14_piggyback,2.0,28389,170
113,1,8,1586,28563,1,,
437,186,2,1455,28565,1,,
437,180,7,1455,28565,1,,
442,344,5,1108,28577,1,,
466,849,9,947,28580,1,,
434,1000,8,897,28586,1,,
441,315,8,878,28594,1,,
438,216,5,897,28596,1,,
384,32,4,1483,28612,1,,
77,47,6,897,28613,1,,
221,1947,4,1159,28615,1,,
221,23,3,878,28615,1,,
440,-1,-1,-999,28621,2,v14_piggyback,1.0,28448,173
322,71,2,1542,28623,1,,
322,389,3,1542,28623,1,,
283,38,7,897,28626,1,,
190,1771,3,1586,28634,1,,
447,475,5,1552,28644,1,,
462,776,7,947,28651,1,,
130,1433,6,878,28663,1,,
420,267,4,1439,28664,1,,
52,1477,2,1586,28673,1,,
444,403,8,1542,28688,1,,
466,-1,-1,-999,28689,2,v14_piggyback,1.0,28580,109
385,52,6,1412,28690,1,,
378,2766,3,1108,28696,1,,
392,462,2,1069,28703,1,,
398,2854,2,1439,28709,1,,
390,242,6,1412,28710,1,,
404,1035,2,1483,28716,1,,
76,62,2,1483,28735,1,,
411,93,9,1467,28743,1,,
411,96,8,1569,28743,1,,
126,1416,4,1540,28753,1,,
383,42,12,1461,28754,1,,
462,-1,-1,-999,28761,2,v14_piggyback,1.0,28651,110
182,113,6,947,28763,1,,
413,143,6,878,28774,1,,
458,682,5,1569,28777,1,,
458,698,6,1552,28777,1,,
458,687,2,942,28777,1,,
454,615,6,947,28786,1,,
452,562,9,1586,28793,1,,
295,2341,4,878,28795,1,,
