pod_id,item_id,qty,order_id,processed_time,task_type,trigger,opp_score,trip_start,trip_duration
0,28,9,-25,52,1,,
199,165,8,-97,54,1,,
319,0,4,-41,64,1,,
319,0,6,-61,64,1,,
319,0,6,-37,64,1,,
319,0,4,-9,64,1,,
257,221,4,-96,75,1,,
257,259,10,-92,75,1,,
155,147,10,-98,81,1,,
155,1574,12,-26,81,1,,
363,201,8,-90,87,1,,
384,52,8,-28,93,1,,
282,38,6,-65,96,1,,
282,38,11,-67,96,1,,
282,20,8,-61,96,1,,
415,173,9,-92,100,1,,
427,690,8,-28,104,1,,
455,629,8,-97,112,1,,
479,1080,11,-27,120,1,,
178,10,10,-67,121,1,,
178,65,7,-61,121,1,,
178,1705,2,-9,121,1,,
437,140,7,-95,122,1,,
438,237,2,-73,131,1,,
438,237,6,-60,131,1,,
439,268,7,-96,133,1,,
320,0,4,-9,150,1,,
320,0,10,-38,150,1,,
320,0,6,-21,150,1,,
362,2698,2,-60,169,1,,
362,119,5,-23,169,1,,
106,347,4,-67,181,1,,
106,47,7,-67,181,1,,
106,1295,12,-37,181,1,,
460,727,6,-92,185,1,,
117,1362,7,-25,185,1,,
256,233,6,-26,194,1,,
321,0,4,-21,204,1,,
321,0,11,-67,204,1,,
273,277,4,-93,206,1,,
264,90,6,-25,212,1,,
385,34,2,-99,221,1,,
290,291,10,-67,222,1,,
290,2317,2,-37,222,1,,
56,1622,2,-100,227,1,,
485,1173,4,-96,237,1,,
386,120,7,-67,241,1,,
386,80,5,-9,241,1,,
446,450,6,-28,253,1,,
238,2038,2,-95,258,1,,
453,586,11,-67,259,1,,
288,2,5,-26,261,1,,
387,146,4,-98,275,1,,
456,648,12,-61,277,1,,
450,533,3,-27,287,1,,
226,214,8,-61,294,1,,
226,1980,2,-21,294,1,,
441,328,3,-28,301,1,,
108,45,10,-65,310,1,,
50,88,8,-68,323,1,,
0,30,2,-67,325,1,,
0,51,7,-38,325,1,,
190,1771,4,-73,326,1,,
455,625,10,-46,340,1,,
449,513,10,-67,341,1,,
467,869,2,-28,344,1,,
462,776,9,-67,356,1,,
282,36,7,-36,371,1,,
438,204,8,-100,374,1,,
239,157,6,-38,377,1,,
239,2045,2,-37,377,1,,
39,44,6,-52,383,1,,
229,276,6,-16,393,1,,
51,88,8,-16,404,1,,
338,136,8,-37,409,1,,
180,166,9,-59,416,1,,
289,211,5,-16,423,1,,
93,13,6,-66,425,1,,
361,69,3,-16,428,1,,
384,21,6,-61,441,1,,
40,29,10,-22,451,1,,
421,358,7,-38,451,1,,
95,13,6,-53,465,1,,
398,747,6,-61,468,1,,
94,13,4,-59,472,1,,
362,156,6,-37,477,1,,
283,2,8,-22,481,1,,
283,36,11,14,481,1,,
440,281,6,-41,487,1,,
192,191,8,-62,492,1,,
287,27,11,-86,496,1,,
158,1588,4,-62,499,1,,
456,642,1,-98,502,1,,
485,1169,11,-61,506,1,,
452,574,5,-67,514,1,,
284,36,10,-94,529,1,,
151,16,5,-42,537,1,,
416,187,6,-70,552,1,,
481,1107,5,-61,563,1,,
76,24,9,-70,565,1,,
1,3,10,-7,568,1,,
427,679,4,-67,571,1,,
102,1272,2,-61,579,1,,
102,58,3,-37,579,1,,
417,195,9,-7,586,1,,
77,58,7,-11,588,1,,
77,4,10,-11,588,1,,
418,222,10,-43,600,1,,
339,109,12,-11,604,1,,
140,1495,6,-22,609,1,,
285,27,7,0,620,1,,
455,634,7,-21,622,1,,
455,637,10,-9,622,1,,
264,33,6,0,629,1,,
300,2369,4,-41,632,1,,
409,86,7,-11,633,1,,
462,765,6,-44,641,1,,
298,26,5,-94,646,1,,
467,866,6,-62,650,1,,
410,76,4,14,655,1,,
437,186,3,-61,666,1,,
363,69,4,14,679,1,,
475,1001,3,-38,684,1,,
229,276,4,0,687,1,,
125,1407,6,-55,694,1,,
457,661,5,-70,702,1,,
315,712,6,-54,711,1,,
361,2695,3,-41,719,1,,
361,-1,-1,-999,719,2,v14_piggyback,2.0,719,0
128,1,8,-2,723,1,,
139,43,2,-67,724,1,,
389,247,2,-38,729,1,,
352,2650,2,0,740,1,,
129,45,7,-39,742,1,,
267,2199,2,-67,754,1,,
448,498,2,-9,762,1,,
411,108,5,-55,767,1,,
411,98,1,-39,767,1,,
186,1747,2,-37,770,1,,
450,539,2,-16,774,1,,
452,3088,2,0,780,1,,
476,1028,6,-39,781,1,,
161,1610,1,-16,796,1,,
338,109,5,20,807,1,,
417,203,8,-14,811,1,,
444,401,2,-11,821,1,,
261,296,10,31,830,1,,
261,2164,4,31,830,1,,
379,1055,2,-86,834,1,,
414,138,2,-41,834,1,,
157,65,8,26,846,1,,
413,143,8,-50,848,1,,
470,921,2,-9,853,1,,
225,25,8,38,857,1,,
130,89,6,-85,862,1,,
353,713,10,38,872,1,,
321,0,5,38,880,1,,
412,122,5,-85,886,1,,
162,1616,2,-85,895,1,,
409,86,8,-54,897,1,,
409,70,10,-55,897,1,,
131,141,8,-35,909,1,,
389,208,6,28,918,1,,
410,97,4,-24,921,1,,
459,718,9,-35,931,1,,
479,1080,4,-82,933,1,,
320,61,6,34,946,1,,
42,82,3,38,952,1,,
422,2957,2,-34,965,1,,
448,487,6,-32,978,1,,
448,495,9,-35,978,1,,
408,2897,2,28,982,1,,
411,102,4,-47,986,1,,
411,106,10,-30,986,1,,
322,213,12,-48,992,1,,
158,65,5,-82,994,1,,
110,1323,2,38,997,1,,
451,549,6,-34,1003,1,,
272,2223,2,44,1007,1,,
388,198,4,-3,1013,1,,
128,1,12,-13,1013,1,,
236,2030,2,2,1020,1,,
323,0,12,46,1030,1,,
163,10,8,22,1042,1,,
318,2467,2,-3,1044,1,,
407,40,6,13,1053,1,,
444,396,3,-56,1053,1,,
444,394,7,-82,1053,1,,
324,91,6,-13,1063,1,,
324,61,10,22,1063,1,,
288,36,4,13,1068,1,,
358,12,8,-48,1075,1,,
452,575,6,-13,1084,1,,
159,75,8,43,1092,1,,
289,2,6,36,1098,1,,
440,314,4,43,1102,1,,
227,1985,4,-80,1109,1,,
164,151,6,27,1113,1,,
164,14,7,27,1113,1,,
453,594,5,43,1118,1,,
413,133,3,2,1121,1,,
101,1265,2,-80,1122,1,,
264,162,11,43,1137,1,,
395,600,9,27,1143,1,,
280,470,9,-15,1144,1,,
359,12,5,27,1166,1,,
479,1082,7,-34,1167,1,,
480,1085,8,27,1181,1,,
412,105,8,-77,1184,1,,
412,106,12,28,1184,1,,
353,2653,1,44,1184,1,,
445,421,6,-15,1193,1,,
468,878,3,3,1197,1,,
410,96,5,-83,1198,1,,
305,346,5,-15,1201,1,,
414,143,6,5,1210,1,,
292,2330,4,5,1217,1,,
446,453,2,38,1224,1,,
257,2143,2,46,1228,1,,
273,277,2,40,1234,1,,
451,548,10,44,1252,1,,
408,66,6,-13,1254,1,,
215,23,6,35,1264,1,,
437,3022,2,-31,1265,1,,
229,123,2,-13,1267,1,,
123,1395,4,29,1274,1,,
290,412,7,29,1284,1,,
337,6,2,-83,1291,1,,
214,286,4,39,1294,1,,
214,231,5,39,1294,1,,
40,29,4,19,1301,1,,
440,290,5,-29,1309,1,,
68,1962,1,34,1314,1,,
332,792,4,39,1316,1,,
385,55,8,-71,1324,1,,
453,594,5,3,1331,1,,
453,594,6,19,1331,1,,
444,403,4,-80,1338,1,,
265,183,3,39,1343,1,,
336,894,7,-81,1354,1,,
407,40,8,-15,1370,1,,
384,53,8,17,1381,1,,
413,2916,4,27,1387,1,,
295,2345,4,16,1390,1,,
50,88,8,33,1398,1,,
409,84,8,17,1402,1,,
224,23,2,17,1409,1,,
480,1086,11,-18,1414,1,,
283,128,7,-71,1422,1,,
338,6,12,73,1430,1,,
445,427,6,35,1433,1,,
288,20,12,59,1441,1,,
39,44,7,68,1443,1,,
199,223,10,-19,1448,1,,
386,73,6,59,1452,1,,
289,20,11,73,1458,1,,
414,137,4,-71,1462,1,,
51,4,8,74,1470,1,,
387,132,11,62,1479,1,,
446,441,12,53,1486,1,,
200,185,6,-89,1489,1,,
200,260,8,-89,1489,1,,
437,174,4,16,1493,1,,
298,15,4,74,1493,1,,
418,2938,2,66,1501,1,,
123,1398,11,74,1509,1,,
96,1236,4,-4,1512,1,,
304,2391,3,-89,1518,1,,
250,318,7,30,1524,1,,
75,62,6,-51,1543,1,,
129,1,10,56,1550,1,,
85,8,10,61,1558,1,,
295,2341,2,25,1561,1,,
107,1306,3,-89,1563,1,,
86,3025,4,9,1570,1,,
442,344,2,17,1576,1,,
299,15,4,-51,1577,1,,
300,26,1,59,1582,1,,
477,3194,1,59,1588,1,,
341,304,8,-57,1599,1,,
460,738,8,8,1603,1,,
340,109,10,56,1613,1,,
413,142,6,30,1619,1,,
93,13,6,8,1620,1,,
93,3,6,-84,1620,1,,
306,408,6,-57,1622,1,,
343,406,7,-17,1633,1,,
202,1837,3,-84,1642,1,,
202,317,8,-84,1642,1,,
198,81,8,57,1644,1,,
445,419,6,-31,1655,1,,
344,406,8,23,1656,1,,
229,118,7,57,1667,1,,
464,799,6,56,1676,1,,
414,142,8,66,1677,1,,
414,135,4,8,1677,1,,
305,256,5,57,1684,1,,
410,97,7,55,1687,1,,
384,42,8,-84,1689,1,,
76,62,5,-57,1692,1,,
358,11,4,-5,1701,1,,
320,71,10,-84,1703,1,,
363,194,4,-5,1708,1,,
433,990,8,-84,1729,1,,
409,86,5,90,1731,1,,
123,1399,7,17,1743,1,,
77,3,6,79,1748,1,,
77,62,8,92,1748,1,,
446,443,4,48,1751,1,,
446,445,7,-17,1751,1,,
446,433,7,57,1751,1,,
379,2772,4,92,1765,1,,
379,1058,8,67,1765,1,,
64,1936,4,-17,1770,1,,
442,349,1,80,1779,1,,
442,354,10,-5,1779,1,,
383,32,11,79,1780,1,,
273,278,4,57,1783,1,,
178,1707,2,79,1795,1,,
178,10,9,67,1795,1,,
362,156,6,78,1798,1,,
434,967,10,67,1809,1,,
361,69,11,-87,1813,1,,
345,465,4,57,1819,1,,
477,1044,9,55,1826,1,,
299,78,6,8,1828,1,,
332,2538,2,78,1830,1,,
480,1091,2,74,1836,1,,
359,11,10,79,1846,1,,
389,208,3,-87,1850,1,,
389,236,10,89,1850,1,,
233,2012,1,-45,1851,1,,
233,205,1,-45,1851,1,,
473,955,3,57,1856,1,,
413,135,6,74,1868,1,,
128,110,8,89,1874,1,,
412,114,10,75,1882,1,,
460,729,6,92,1883,1,,
322,0,3,79,1893,1,,
322,850,3,67,1893,1,,
157,65,8,75,1894,1,,
410,86,2,90,1907,1,,
139,170,5,86,1911,1,,
445,432,10,66,1920,1,,
445,425,3,-4,1920,1,,
445,423,7,-51,1920,1,,
424,519,5,-84,1928,1,,
140,50,11,69,1930,1,,
395,570,8,-87,1931,1,,
411,97,4,-84,1935,1,,
337,2568,2,79,1942,1,,
337,2568,3,-51,1942,1,,
464,820,11,1,1945,1,,
390,242,2,71,1956,1,,
240,2052,3,8,1969,1,,
374,778,8,93,1972,1,,
363,121,11,-91,1976,1,,
471,928,1,-84,1991,1,,
386,94,8,85,1996,1,,
386,80,7,-91,1996,1,,
384,21,2,67,1998,1,,
367,372,9,-91,2009,1,,
394,528,6,85,2025,1,,
215,214,10,41,2040,1,,
234,276,12,63,2041,1,,
368,431,4,-78,2048,1,,
440,290,11,82,2056,1,,
241,193,9,-72,2061,1,,
364,200,6,-72,2075,1,,
364,121,4,-72,2075,1,,
162,126,1,41,2078,1,,
162,345,8,82,2078,1,,
338,6,6,94,2078,1,,
304,2390,2,-63,2083,1,,
385,52,6,69,2089,1,,
449,515,9,94,2096,1,,
99,1254,4,75,2098,1,,
389,176,8,-72,2102,1,,
389,245,8,63,2102,1,,
376,846,8,41,2112,1,,
339,100,12,-69,2112,1,,
478,1050,8,41,2126,1,,
298,26,6,95,2138,1,,
409,76,9,51,2141,1,,
391,245,8,49,2142,1,,
391,266,9,49,2142,1,,
429,802,9,-69,2152,1,,
0,9,7,51,2154,1,,
224,23,7,-69,2162,1,,
291,439,8,96,2174,1,,
412,125,6,41,2181,1,,
412,101,9,51,2181,1,,
1,37,10,11,2195,1,,
418,241,7,-69,2200,1,,
108,1,4,-72,2210,1,,
108,141,6,63,2210,1,,
108,13,6,58,2210,1,,
383,42,7,104,2211,1,,
432,909,11,87,2226,1,,
369,431,6,76,2228,1,,
369,447,6,49,2228,1,,
415,150,5,49,2250,1,,
415,173,11,32,2250,1,,
140,1496,12,93,2262,1,,
151,50,6,63,2266,1,,
151,16,4,49,2266,1,,
413,137,7,11,2273,1,,
366,338,6,82,2282,1,,
427,679,12,49,2285,1,,
458,686,8,87,2285,1,,
456,656,8,11,2294,1,,
370,452,10,32,2301,1,,
471,925,7,-63,2302,1,,
440,299,9,51,2313,1,,
410,74,10,63,2317,1,,
362,119,4,82,2320,1,,
431,892,10,65,2332,1,,
229,123,10,58,2333,1,,
444,390,10,49,2350,1,,
439,274,4,75,2352,1,,
453,583,6,87,2354,1,,
306,2404,3,41,2358,1,,
282,2,9,63,2365,1,,
46,1350,10,12,2368,1,,
401,861,2,11,2401,1,,
384,32,6,12,2406,1,,
302,2379,2,57,2407,1,,
180,1721,3,11,2412,1,,
290,2320,4,87,2413,1,,
438,206,9,58,2422,1,,
449,500,10,87,2427,1,,
122,1392,1,57,2432,1,,
481,1103,9,58,2437,1,,
206,1857,3,104,2440,1,,
206,317,6,12,2440,1,,
291,2322,4,54,2447,1,,
52,1471,4,-69,2454,1,,
441,324,4,12,2465,1,,
385,34,2,58,2468,1,,
385,34,4,63,2468,1,,
385,73,2,63,2468,1,,
173,153,5,109,2470,1,,
437,164,5,49,2476,1,,
454,606,6,49,2485,1,,
468,883,7,58,2495,1,,
128,177,12,99,2503,1,,
158,1589,3,87,2513,1,,
475,993,8,76,2517,1,,
456,644,12,42,2523,1,,
45,1312,8,6,2524,1,,
332,792,5,49,2527,1,,
467,856,5,49,2537,1,,
360,12,6,99,2538,1,,
320,71,2,87,2539,1,,
470,913,9,77,2551,1,,
363,194,5,76,2556,1,,
181,224,9,77,2563,1,,
76,24,7,103,2574,1,,
488,3252,2,-69,2586,1,,
448,487,4,-72,2587,1,,
402,803,6,103,2590,1,,
204,1844,2,12,2596,1,,
440,281,8,76,2600,1,,
108,1,8,103,2602,1,,
0,19,6,103,2611,1,,
389,2814,2,106,2619,1,,
215,83,8,123,2624,1,,
322,71,7,117,2625,1,,
453,593,8,117,2636,1,,
358,49,2,49,2640,1,,
321,71,6,122,2646,1,,
361,60,8,123,2650,1,,
447,476,5,117,2656,1,,
139,43,8,117,2670,1,,
457,665,2,49,2671,1,,
375,932,2,63,2680,1,,
50,4,8,117,2682,1,,
1,19,7,123,2688,1,,
441,315,11,15,2697,1,,
390,242,6,110,2698,1,,
412,114,2,117,2701,1,,
216,23,7,125,2704,1,,
2,9,2,133,2706,1,,
337,6,5,110,2707,1,,
414,2923,2,-72,2711,1,,
416,173,1,32,2715,1,,
182,113,4,103,2723,1,,
182,104,2,134,2723,1,,
129,1,9,131,2740,1,,
411,108,5,126,2742,1,,
401,2864,4,-33,2747,1,,
220,240,10,98,2751,1,,
403,823,4,131,2756,1,,
77,129,4,131,2783,1,,
175,1687,3,123,2789,1,,
3,9,9,128,2790,1,,
158,151,11,98,2794,1,,
367,431,8,128,2805,1,,
454,611,9,-75,2807,1,,
324,2495,2,141,2812,1,,
273,277,8,98,2819,1,,
229,1994,3,11,2822,1,,
168,139,4,126,2831,1,,
439,255,2,103,2831,1,,
413,142,8,98,2836,1,,
256,279,1,141,2838,1,,
463,797,4,141,2846,1,,
440,292,7,123,2852,1,,
356,2672,1,133,2853,1,,
199,223,6,98,2860,1,,
177,1701,4,136,2862,1,,
108,1309,5,81,2868,1,,
461,752,8,10,2880,1,,
179,294,10,-76,2881,1,,
254,279,4,136,2890,1,,
254,233,6,139,2890,1,,
388,198,4,98,2899,1,,
283,128,9,-76,2919,1,,
290,381,9,139,2923,1,,
230,276,6,-76,2928,1,,
442,360,5,-76,2936,1,,
289,229,9,138,2938,1,,
289,2,6,138,2938,1,,
451,559,10,91,2950,1,,
109,347,7,138,2956,1,,
109,1,6,138,2956,1,,
438,206,8,88,2967,1,,
363,200,11,138,2971,1,,
384,34,3,91,2977,1,,
384,53,3,88,2977,1,,
441,319,10,127,2978,1,,
441,323,8,141,2978,1,,
284,38,10,130,2988,1,,
416,173,6,128,2995,1,,
385,42,8,138,3000,1,,
159,75,5,147,3006,1,,
159,75,6,91,3006,1,,
392,462,8,138,3012,1,,
321,71,12,91,3022,1,,
320,2477,2,138,3026,1,,
320,850,8,138,3026,1,,
455,635,12,-49,3027,1,,
446,433,5,-64,3030,1,,
389,198,4,-49,3034,1,,
447,463,4,91,3037,1,,
409,76,6,-49,3046,1,,
409,92,2,-49,3046,1,,
456,644,4,137,3052,1,,
484,1149,6,-49,3062,1,,
411,99,4,137,3081,1,,
415,161,8,138,3082,1,,
125,1409,3,138,3100,1,,
125,1,10,146,3100,1,,
460,738,8,138,3111,1,,
410,96,6,115,3113,1,,
318,545,6,115,3122,1,,
466,853,4,-64,3124,1,,
326,609,4,-76,3131,1,,
242,163,7,-88,3133,1,,
439,255,6,-64,3140,1,,
485,1163,9,146,3140,1,,
473,959,4,91,3156,1,,
173,153,1,138,3160,1,,
173,153,4,10,3160,1,,
173,75,2,138,3160,1,,
442,354,7,91,3167,1,,
412,111,6,138,3169,1,,
425,571,8,116,3176,1,,
338,2571,3,91,3176,1,,
474,973,4,88,3193,1,,
461,751,8,4,3193,1,,
461,745,7,-8,3193,1,,
282,27,7,150,3204,1,,
339,298,6,146,3213,1,,
451,553,10,88,3216,1,,
454,623,5,10,3221,1,,
306,2403,3,10,3229,1,,
306,212,2,138,3229,1,,
402,2871,2,91,3230,1,,
421,303,6,101,3233,1,,
421,341,11,100,3233,1,,
441,332,11,-49,3248,1,,
335,2557,2,147,3257,1,,
248,2094,4,-8,3257,1,,
216,1915,2,-1,3261,1,,
245,59,7,100,3262,1,,
245,2075,3,100,3262,1,,
82,2921,3,101,3278,1,,
82,88,3,100,3278,1,,
455,637,7,137,3297,1,,
455,634,4,-88,3297,1,,
139,43,3,-75,3302,1,,
157,65,4,101,3309,1,,
157,107,4,100,3309,1,,
62,1873,3,150,3318,1,,
465,825,6,101,3318,1,,
343,406,6,101,3327,1,,
223,1960,2,-76,3328,1,,
223,286,9,144,3328,1,,
365,335,6,100,3337,1,,
159,1596,10,120,3342,1,,
411,99,9,101,3349,1,,
446,446,6,105,3351,1,,
341,2590,4,144,3358,1,,
40,5,1,105,3362,1,,
440,314,2,138,3374,1,,
264,162,5,101,3375,1,,
125,1410,7,64,3386,1,,
438,206,3,144,3390,1,,
438,-1,-1,-999,3390,2,v14_piggyback,3.0,3390,0
449,515,6,163,3399,1,,
416,189,8,157,3407,1,,
0,9,11,161,3422,1,,
413,143,8,165,3426,1,,
42,82,8,151,3433,1,,
215,83,5,163,3444,1,,
215,271,8,160,3444,1,,
3,51,9,157,3447,1,,
76,47,6,145,3449,1,,
409,84,10,160,3459,1,,
141,50,6,170,3461,1,,
141,1497,4,170,3461,1,,
253,2117,4,101,3463,1,,
128,116,3,157,3466,1,,
39,44,4,163,3473,1,,
39,22,6,163,3473,1,,
423,505,6,157,3475,1,,
193,228,4,100,3477,1,,
450,3079,2,-88,3486,1,,
158,65,3,101,3492,1,,
108,1,8,170,3496,1,,
126,1413,4,115,3503,1,,
484,1147,2,116,3534,1,,
186,1751,10,171,3538,1,,
385,55,6,142,3541,1,,
414,138,9,171,3561,1,,
414,137,8,172,3561,1,,
313,712,2,160,3576,1,,
313,483,6,175,3576,1,,
384,18,8,171,3587,1,,
440,290,4,96,3599,1,,
440,-1,-1,-999,3599,2,v14_piggyback,2.0,3599,0
85,8,10,164,3600,1,,
465,3140,2,83,3604,1,,
192,1782,3,172,3605,1,,
192,113,9,167,3605,1,,
443,379,10,174,3615,1,,
415,159,3,163,3621,1,,
415,169,7,167,3621,1,,
453,599,7,154,3627,1,,
446,442,10,167,3637,1,,
151,16,6,177,3639,1,,
322,0,9,178,3640,1,,
404,1013,6,167,3649,1,,
43,82,6,142,3650,1,,
129,39,6,167,3660,1,,
467,856,10,174,3666,1,,
449,508,6,165,3671,1,,
452,562,5,175,3682,1,,
247,2089,2,176,3688,1,,
386,73,6,178,3691,1,,
41,29,8,174,3705,1,,
152,16,10,176,3706,1,,
40,1216,9,-10,3719,1,,
324,0,12,180,3741,1,,
324,91,6,180,3741,1,,
407,40,4,-10,3741,1,,
407,1046,8,113,3741,1,,
407,35,4,113,3741,1,,
314,564,2,176,3749,1,,
135,147,6,-10,3759,1,,
77,58,5,154,3760,1,,
363,200,5,172,3760,1,,
409,76,4,175,3768,1,,
312,545,6,-10,3770,1,,
476,1028,10,180,3777,1,,
408,56,8,7,3793,1,,
408,35,7,7,3793,1,,
411,111,4,163,3796,1,,
99,129,2,159,3799,1,,
99,1255,4,159,3799,1,,
438,206,5,144,3806,1,,
120,89,10,113,3822,1,,
273,297,4,170,3822,1,,
186,1748,12,167,3823,1,,
413,138,4,175,3830,1,,
424,532,4,160,3837,1,,
305,212,10,113,3838,1,,
350,2640,4,142,3841,1,,
158,75,4,142,3848,1,,
288,38,3,172,3859,1,,
289,38,10,188,3891,1,,
344,406,10,113,3892,1,,
443,375,12,178,3894,1,,
454,608,3,167,3896,1,,
256,259,2,170,3900,1,,
256,279,1,159,3900,1,,
439,261,4,188,3903,1,,
455,637,3,150,3918,1,,
455,-1,-1,-999,3919,2,v14_piggyback,1.0,3918,1
442,353,8,7,3920,1,,
110,1321,2,163,3939,1,,
465,832,7,24,3940,1,,
104,1284,7,113,3953,1,,
56,1659,2,188,3960,1,,
440,299,12,170,3962,1,,
440,314,1,142,3962,1,,
364,119,2,-10,3966,1,,
364,254,5,182,3966,1,,
274,297,2,166,3967,1,,
384,34,2,154,3971,1,,
467,859,2,159,3976,1,,
121,89,4,185,3977,1,,
121,39,2,182,3977,1,,
444,391,2,163,3983,1,,
447,467,5,7,3988,1,,
412,114,4,199,3997,1,,
349,2632,2,180,4001,1,,
0,1593,4,7,4006,1,,
407,40,2,180,4008,1,,
283,38,4,194,4012,1,,
40,5,4,7,4036,1,,
408,66,2,163,4044,1,,
30,2141,4,-10,4045,1,,
437,179,2,171,4051,1,,
342,2591,2,159,4053,1,,
400,742,3,132,4063,1,,
135,1460,2,159,4064,1,,
450,526,4,24,4073,1,,
358,11,4,-10,4083,1,,
284,20,8,187,4093,1,,
276,2246,2,187,4098,1,,
139,50,2,187,4102,1,,
458,687,3,-10,4115,1,,
162,10,10,187,4119,1,,
442,3044,2,175,4124,1,,
182,113,6,152,4127,1,,
229,1994,3,199,4133,1,,
413,125,3,201,4135,1,,
475,989,2,113,4148,1,,
271,230,9,152,4150,1,,
465,825,6,199,4161,1,,
347,551,8,-79,4165,1,,
479,1077,10,140,4177,1,,
264,90,8,111,4179,1,,
257,296,6,114,4190,1,,
439,274,5,179,4192,1,,
68,1962,4,152,4199,1,,
397,2848,2,-10,4205,1,,
132,117,3,152,4214,1,,
440,290,4,96,4219,1,,
440,292,6,113,4219,1,,
1,28,3,198,4225,1,,
447,466,9,211,4229,1,,
2,9,4,206,4236,1,,
398,666,12,213,4242,1,,
399,741,11,211,4244,1,,
225,1971,3,213,4247,1,,
377,2765,4,206,4250,1,,
456,644,4,173,4251,1,,
456,-1,-1,-999,4252,2,v14_piggyback,1.0,4251,1
0,30,6,210,4257,1,,
408,40,10,187,4265,1,,
130,1,5,216,4280,1,,
454,602,4,210,4293,1,,
437,186,7,132,4296,1,,
437,179,10,140,4296,1,,
248,2094,2,213,4297,1,,
414,155,2,211,4301,1,,
432,891,3,114,4306,1,,
455,637,1,150,4316,1,,
119,1375,7,219,4320,1,,
241,193,10,191,4327,1,,
438,216,5,219,4328,1,,
273,277,3,173,4334,1,,
320,61,3,152,4340,1,,
134,1459,2,220,4349,1,,
216,1914,3,191,4352,1,,
300,2371,2,191,4389,1,,
300,57,8,186,4389,1,,
251,64,10,223,4404,1,,
107,1304,11,135,4404,1,,
479,1084,8,219,4408,1,,
463,784,10,183,4418,1,,
428,736,6,223,4428,1,,
205,207,11,183,4434,1,,
445,413,3,223,4434,1,,
431,887,2,202,4438,1,,
126,1415,8,183,4445,1,,
128,39,2,191,4450,1,,
411,105,8,223,4450,1,,
76,47,8,227,4461,1,,
447,457,3,152,4463,1,,
298,15,7,135,4470,1,,
415,155,8,227,4473,1,,
416,187,5,227,4483,1,,
440,312,10,163,4497,1,,
466,847,12,221,4516,1,,
408,40,10,182,4519,1,,
408,-1,-1,-999,4519,2,v14_piggyback,4.0,4519,0
93,13,5,200,4522,1,,
427,620,6,124,4531,1,,
105,3,8,221,4535,1,,
105,1292,4,21,4535,1,,
198,81,9,209,4538,1,,
461,751,10,200,4545,1,,
457,663,10,209,4553,1,,
444,390,6,200,4562,1,,
450,524,8,212,4563,1,,
437,180,6,-79,4571,1,,
420,293,6,212,4575,1,,
77,47,6,209,4585,1,,
332,730,7,221,4588,1,,
455,633,11,223,4595,1,,
385,32,6,221,4601,1,,
385,73,1,221,4601,1,,
297,2352,2,183,4601,1,,
297,563,4,209,4601,1,,
486,1180,9,184,4622,1,,
168,139,4,183,4629,1,,
166,1636,4,209,4648,1,,
299,15,4,236,4660,1,,
472,939,4,186,4667,1,,
438,190,10,220,4668,1,,
78,58,10,214,4677,1,,
50,4,9,233,4683,1,,
468,882,8,226,4687,1,,
428,696,8,200,4688,1,,
300,78,4,212,4710,1,,
188,184,7,226,4713,1,,
445,413,10,149,4714,1,,
463,789,2,153,4718,1,,
292,2330,4,21,4719,1,,
338,287,4,221,4729,1,,
199,165,9,153,4731,1,,
205,1849,3,70,4739,1,,
487,1198,6,212,4740,1,,
440,281,8,201,4743,1,,
334,1068,2,209,4748,1,,
414,158,3,21,4751,1,,
97,58,8,153,4765,1,,
97,1239,8,153,4765,1,,
466,843,12,21,4767,1,,
399,2857,2,153,4769,1,,
424,493,2,21,4772,1,,
389,242,8,-74,4797,1,,
461,3126,2,162,4803,1,,
24,1646,1,209,4811,1,,
439,261,8,-74,4820,1,,
483,1145,1,183,4825,1,,
408,40,1,182,4842,1,,
437,186,6,221,4845,1,,
456,644,1,173,4848,1,,
158,75,10,193,4850,1,,
322,0,8,245,4854,1,,
429,756,7,-74,4860,1,,
478,1057,2,245,4863,1,,
417,217,11,235,4864,1,,
323,0,3,245,4868,1,,
375,975,11,197,4876,1,,
340,109,9,235,4877,1,,
211,1885,2,193,4897,1,,
211,81,7,193,4897,1,,
298,15,8,235,4898,1,,
153,1565,8,235,4910,1,,
407,35,8,245,4915,1,,
390,264,6,235,4920,1,,
468,879,2,215,4925,1,,
391,236,8,193,4932,1,,
0,30,3,231,4935,1,,
358,11,8,231,4958,1,,
134,107,12,203,4962,1,,
40,5,3,-74,4966,1,,
463,794,6,184,4967,1,,
471,924,9,203,4975,1,,
392,462,6,193,4982,1,,
392,309,5,208,4982,1,,
455,637,3,238,4987,1,,
415,155,4,197,4997,1,,
225,25,9,203,4998,1,,
393,352,11,228,5013,1,,
97,1242,10,-74,5027,1,,
440,288,12,186,5034,1,,
440,295,6,204,5034,1,,
204,149,5,203,5037,1,,
204,228,10,251,5037,1,,
439,273,11,239,5043,1,,
194,1793,2,-74,5048,1,,
385,73,4,203,5051,1,,
385,32,6,203,5051,1,,
113,3,10,204,5056,1,,
113,1338,7,204,5056,1,,
384,21,9,249,5064,1,,
419,267,6,204,5079,1,,
419,241,11,250,5079,1,,
347,551,7,203,5083,1,,
146,1529,2,-74,5091,1,,
433,965,6,203,5093,1,,
359,12,6,250,5097,1,,
359,11,5,192,5097,1,,
483,1131,4,-74,5098,1,,
383,32,9,251,5105,1,,
421,358,8,250,5111,1,,
456,647,8,230,5117,1,,
331,2536,2,197,5120,1,,
387,171,7,204,5123,1,,
388,176,8,258,5137,1,,
386,127,5,249,5147,1,,
478,1061,1,204,5151,1,,
478,1057,7,204,5151,1,,
422,369,6,108,5174,1,,
422,329,9,143,5174,1,,
76,24,4,251,5174,1,,
324,0,6,204,5185,1,,
324,-1,-1,-999,5185,2,v14_piggyback,6.0,5185,0
468,878,1,153,5187,1,,
291,485,4,251,5193,1,,
265,162,7,192,5198,1,,
180,104,10,254,5202,1,,
139,43,4,254,5209,1,,
488,1206,9,256,5224,1,,
487,1187,3,-12,5225,1,,
434,947,2,217,5231,1,,
463,793,8,197,5235,1,,
420,246,6,263,5241,1,,
455,635,8,203,5242,1,,
326,609,7,225,5247,1,,
0,3,8,256,5259,1,,
458,684,6,204,5266,1,,
58,1712,2,251,5273,1,,
474,972,9,207,5275,1,,
454,602,5,204,5283,1,,
481,1111,6,256,5296,1,,
370,537,6,192,5302,1,,
398,685,3,207,5302,1,,
440,292,9,227,5307,1,,
440,307,6,212,5307,1,,
384,32,1,251,5310,1,,
470,920,3,190,5312,1,,
439,274,7,240,5322,1,,
435,1033,10,240,5336,1,,
177,1698,4,204,5338,1,,
385,32,8,240,5360,1,,
459,3117,3,204,5368,1,,
339,85,4,204,5377,1,,
178,1709,3,204,5385,1,,
436,1073,2,-20,5403,1,,
358,12,10,266,5404,1,,
456,657,12,204,5405,1,,
1,22,10,266,5418,1,,
467,856,5,47,5425,1,,
467,857,8,248,5425,1,,
467,-1,-1,-999,5426,2,v14_piggyback,1.0,5425,1
215,214,10,241,5432,1,,
408,40,4,261,5445,1,,
382,1060,7,266,5447,1,,
382,17,4,266,5447,1,,
95,1227,1,121,5448,1,,
143,1512,6,47,5449,1,,
143,130,10,248,5449,1,,
134,130,6,266,5456,1,,
234,131,5,241,5464,1,,
288,2,4,241,5471,1,,
360,11,8,248,5472,1,,
360,49,8,274,5472,1,,
383,31,4,277,5481,1,,
383,34,4,118,5481,1,,
488,1214,9,207,5484,1,,
216,23,6,260,5493,1,,
420,300,4,246,5493,1,,
420,246,10,248,5493,1,,
455,628,5,255,5501,1,,
265,90,9,47,5508,1,,
48,1357,6,118,5522,1,,
174,1683,2,246,5522,1,,
174,126,6,248,5522,1,,
162,10,10,107,5536,1,,
481,1105,5,190,5549,1,,
97,1239,11,107,5552,1,,
442,349,4,266,5556,1,,
115,1352,7,118,5562,1,,
454,616,11,274,5576,1,,
217,214,12,107,5578,1,,
441,328,8,248,5590,1,,
324,0,10,107,5593,1,,
474,974,4,241,5593,1,,
385,21,4,266,5599,1,,
304,2391,1,250,5603,1,,
304,57,6,248,5603,1,,
114,1,4,107,5611,1,,
114,39,10,284,5611,1,,
128,45,7,274,5615,1,,
423,418,10,107,5626,1,,
359,1037,6,278,5627,1,,
445,432,2,254,5633,1,,
421,341,6,72,5638,1,,
419,272,2,266,5641,1,,
384,32,2,240,5648,1,,
384,2795,2,261,5648,1,,
384,42,7,284,5648,1,,
182,191,5,248,5649,1,,
209,1877,2,254,5649,1,,
410,97,7,107,5660,1,,
126,1415,2,190,5666,1,,
1,9,6,107,5680,1,,
0,51,10,290,5688,1,,
105,1293,4,248,5689,1,,
95,1229,4,248,5710,1,,
418,234,11,290,5710,1,,
409,70,6,196,5718,1,,
460,738,4,248,5719,1,,
460,-1,-1,-999,5719,2,v14_piggyback,1.0,5719,0
417,232,9,279,5736,1,,
230,1998,3,274,5741,1,,
338,109,6,107,5744,1,,
299,57,6,107,5754,1,,
363,194,8,279,5762,1,,
450,521,6,107,5769,1,,
2,3,6,279,5772,1,,
297,2351,2,47,5775,1,,
461,748,5,107,5790,1,,
211,1888,2,107,5794,1,,
229,118,3,272,5798,1,,
256,259,5,247,5805,1,,
239,2045,3,107,5805,1,,
258,2150,2,204,5808,1,,
288,2309,2,284,5810,1,,
467,856,1,47,5823,1,,
467,855,8,278,5823,1,,
4,28,7,292,5828,1,,
404,1002,8,168,5840,1,,
390,208,9,259,5850,1,,
406,1059,4,290,5855,1,,
389,2816,2,248,5862,1,,
364,201,10,232,5872,1,,
289,2,7,257,5873,1,,
454,615,2,118,5887,1,,
454,602,8,284,5887,1,,
264,33,4,259,5892,1,,
445,429,3,107,5893,1,,
257,221,6,298,5898,1,,
397,2849,2,196,5902,1,,
362,119,9,298,5910,1,,
95,1229,9,218,5915,1,,
442,355,4,290,5917,1,,
177,1702,3,279,5923,1,,
105,1290,9,259,5927,1,,
298,54,2,156,5934,1,,
410,70,2,259,5947,1,,
436,3015,1,121,5947,1,,
385,2797,2,279,5948,1,,
42,1238,2,156,5953,1,,
452,578,2,247,5963,1,,
40,5,7,287,5975,1,,
409,76,1,156,5981,1,,
132,1445,2,247,5993,1,,
363,121,5,309,6000,1,,
450,535,6,229,6012,1,,
232,2007,1,292,6020,1,,
413,135,2,232,6031,1,,
158,75,3,299,6035,1,,
140,43,8,283,6040,1,,
273,275,2,298,6044,1,,
411,98,6,273,6051,1,,
420,303,10,308,6053,1,,
472,941,12,308,6071,1,,
234,2021,1,290,6081,1,,
58,3,9,311,6085,1,,
58,82,12,283,6085,1,,
58,1700,4,283,6085,1,,
142,50,11,281,6098,1,,
142,50,9,308,6098,1,,
445,413,7,247,6100,1,,
445,-1,-1,-999,6101,2,v14_piggyback,2.0,6100,1
460,738,4,248,6108,1,,
460,740,11,264,6108,1,,
485,1173,8,308,6109,1,,
408,68,6,311,6119,1,,
481,1111,10,308,6124,1,,
454,610,3,225,6128,1,,
392,455,4,311,6128,1,,
419,289,8,275,6138,1,,
395,595,6,281,6150,1,,
422,407,4,311,6151,1,,
412,133,9,302,6152,1,,
264,103,4,275,6159,1,,
5,1972,4,273,6166,1,,
155,50,3,308,6174,1,,
155,1576,6,52,6174,1,,
86,8,2,311,6187,1,,
421,358,5,312,6203,1,,
343,2600,3,302,6203,1,,
209,1875,4,273,6212,1,,
162,14,4,308,6218,1,,
482,1127,11,252,6222,1,,
303,2388,4,308,6232,1,,
414,134,10,252,6236,1,,
449,515,5,269,6244,1,,
449,-1,-1,-999,6244,2,v14_piggyback,1.0,6244,0
487,3247,2,252,6248,1,,
410,76,9,156,6254,1,,
410,97,2,312,6254,1,,
362,121,4,275,6260,1,,
451,553,4,269,6263,1,,
21,1523,3,119,6266,1,,
211,1883,2,269,6267,1,,
200,165,4,319,6277,1,,
256,221,2,275,6296,1,,
462,767,3,234,6302,1,,
411,97,6,312,6305,1,,
472,953,6,119,6311,1,,
114,1345,2,102,6312,1,,
483,1141,4,296,6321,1,,
420,272,3,317,6342,1,,
378,1047,8,276,6346,1,,
378,1041,7,276,6346,1,,
418,239,2,234,6348,1,,
460,738,12,129,6348,1,,
199,260,8,276,6358,1,,
454,607,9,299,6377,1,,
376,975,6,158,6381,1,,
485,1162,3,287,6387,1,,
10,1316,2,275,6398,1,,
412,111,8,269,6401,1,,
422,358,2,312,6411,1,,
422,329,10,296,6411,1,,
422,341,4,102,6411,1,,
319,2468,2,158,6419,1,,
445,413,1,247,6427,1,,
128,141,6,325,6429,1,,
128,1424,6,325,6429,1,,
409,74,8,325,6443,1,,
299,57,2,314,6444,1,,
341,109,10,322,6447,1,,
386,171,7,325,6456,1,,
332,805,4,314,6462,1,,
313,712,12,322,6463,1,,
336,2560,2,281,6467,1,,
384,31,7,325,6469,1,,
426,2974,4,322,6475,1,,
383,42,10,313,6485,1,,
482,1119,8,84,6488,1,,
482,3222,1,205,6488,1,,
478,1052,2,281,6491,1,,
457,667,7,253,6498,1,,
312,545,4,325,6507,1,,
0,46,6,331,6507,1,,
446,437,5,325,6517,1,,
1,3,1,313,6536,1,,
449,515,5,269,6560,1,,
460,739,11,119,6561,1,,
2,28,8,328,6563,1,,
453,597,11,329,6577,1,,
425,571,2,282,6580,1,,
389,264,3,329,6582,1,,
376,2761,2,244,6587,1,,
463,785,4,291,6596,1,,
404,2879,2,291,6601,1,,
300,15,4,291,6613,1,,
339,109,5,306,6617,1,,
338,202,10,323,6633,1,,
485,1162,2,52,6644,1,,
387,132,9,300,6645,1,,
387,120,6,321,6645,1,,
387,168,8,321,6645,1,,
387,55,7,326,6645,1,,
358,1138,8,306,6647,1,,
191,1776,3,306,6655,1,,
359,49,7,337,6656,1,,
3,22,6,337,6670,1,,
75,4,10,321,6677,1,,
75,62,9,326,6677,1,,
417,226,6,303,6679,1,,
323,0,5,300,6688,1,,
323,-1,-1,-999,6688,2,v14_piggyback,3.0,6688,0
471,937,7,326,6700,1,,
422,2958,3,253,6708,1,,
4,19,5,347,6711,1,,
179,160,10,303,6715,1,,
410,92,3,265,6724,1,,
392,449,2,335,6731,1,,
392,309,8,339,6731,1,,
418,234,8,346,6732,1,,
367,435,7,343,6737,1,,
116,1359,2,300,6744,1,,
96,1231,4,303,6748,1,,
96,24,7,303,6748,1,,
315,2452,2,328,6751,1,,
51,4,4,324,6760,1,,
86,3,4,339,6774,1,,
86,129,8,349,6774,1,,
86,347,3,349,6774,1,,
441,315,8,169,6774,1,,
441,-1,-1,-999,6775,2,v14_piggyback,1.0,6774,1
446,453,5,265,6789,1,,
478,1054,11,329,6790,1,,
109,1,7,349,6798,1,,
109,8,7,350,6798,1,,
455,635,6,169,6799,1,,
405,1035,6,169,6808,1,,
453,588,8,293,6820,1,,
163,1621,12,330,6827,1,,
163,75,9,330,6827,1,,
460,729,12,346,6837,1,,
1,9,8,353,6848,1,,
242,131,4,350,6850,1,,
242,163,11,330,6850,1,,
477,1039,10,294,6864,1,,
415,159,11,349,6867,1,,
363,220,6,303,6884,1,,
363,119,4,330,6884,1,,
159,269,8,353,6890,1,,
457,662,10,328,6890,1,,
265,162,10,350,6900,1,,
366,337,8,148,6913,1,,
395,639,4,347,6914,1,,
432,931,9,330,6915,1,,
151,16,4,343,6922,1,,
350,700,8,350,6929,1,,
208,1870,2,324,6939,1,,
208,144,8,344,6939,1,,
416,178,8,286,6943,1,,
282,2,4,353,6948,1,,
247,2087,2,148,6954,1,,
247,430,7,344,6954,1,,
448,498,10,280,6970,1,,
471,929,7,343,6983,1,,
326,645,4,337,6988,1,,
59,7,6,350,6990,1,,
139,50,7,344,6996,1,,
364,201,6,280,7007,1,,
450,533,4,343,7017,1,,
128,45,6,351,7021,1,,
449,515,3,265,7032,1,,
327,451,12,316,7034,1,,
418,222,6,335,7039,1,,
418,239,5,350,7039,1,,
262,2169,3,169,7040,1,,
124,1403,3,169,7046,1,,
205,207,6,330,7050,1,,
277,2250,3,347,7054,1,,
273,278,5,349,7061,1,,
200,1824,3,346,7062,1,,
238,2039,2,337,7069,1,,
229,420,5,350,7079,1,,
337,6,3,349,7087,1,,
466,842,3,353,7088,1,,
215,1910,2,280,7088,1,,
215,207,9,333,7088,1,,
311,2427,2,265,7093,1,,
0,1232,2,330,7094,1,,
338,109,2,294,7101,1,,
386,132,1,300,7106,1,,
425,2970,2,339,7123,1,,
477,1044,11,270,7144,1,,
477,-1,-1,-999,7144,2,v14_piggyback,1.0,7144,0
465,832,2,303,7164,1,,
206,207,10,355,7168,1,,
441,340,10,294,7169,1,,
173,153,8,355,7180,1,,
328,451,2,369,7184,1,,
457,663,6,303,7187,1,,
385,55,1,347,7189,1,,
340,85,6,369,7193,1,,
377,2765,2,350,7196,1,,
443,385,4,355,7200,1,,
339,244,4,355,7207,1,,
383,21,4,348,7217,1,,
450,521,5,350,7218,1,,
450,526,1,286,7218,1,,
220,1942,3,356,7224,1,,
438,216,1,316,7227,1,,
103,1282,2,359,7228,1,,
384,18,3,356,7234,1,,
332,697,12,356,7250,1,,
426,536,8,370,7263,1,,
162,14,6,354,7298,1,,
162,192,4,366,7298,1,,
341,100,10,358,7304,1,,
447,463,6,358,7316,1,,
484,1152,10,288,7322,1,,
52,29,8,366,7324,1,,
52,4,12,352,7324,1,,
408,35,4,358,7325,1,,
448,491,2,358,7332,1,,
387,72,8,366,7336,1,,
158,192,9,336,7336,1,,
451,541,4,358,7341,1,,
473,955,2,358,7348,1,,
483,1131,12,366,7352,1,,
76,62,8,336,7356,1,,
155,1576,8,354,7364,1,,
168,139,9,352,7377,1,,
407,56,7,361,7381,1,,
337,6,5,364,7385,1,,
486,1177,9,364,7398,1,,
77,9,8,375,7406,1,,
77,47,8,375,7406,1,,
77,7,10,375,7406,1,,
18,51,2,352,7420,1,,
18,30,6,364,7420,1,,
18,1256,8,364,7420,1,,
113,177,5,336,7432,1,,
113,141,7,375,7432,1,,
200,185,8,364,7434,1,,
368,447,6,315,7444,1,,
306,376,8,375,7445,1,,
19,51,8,362,7457,1,,
19,1311,4,362,7457,1,,
385,34,10,370,7459,1,,
419,267,8,336,7471,1,,
411,99,7,362,7471,1,,
282,27,11,334,7472,1,,
128,177,6,334,7484,1,,
226,25,6,336,7485,1,,
226,301,4,381,7485,1,,
51,4,6,362,7496,1,,
441,331,8,368,7498,1,,
248,64,8,375,7503,1,,
412,122,4,334,7507,1,,
421,368,8,371,7514,1,,
438,248,12,262,7526,1,,
2,9,9,371,7527,1,,
477,1044,1,270,7531,1,,
109,1,7,365,7541,1,,
109,13,3,371,7541,1,,
453,588,5,362,7543,1,,
256,233,6,383,7560,1,,
366,351,8,336,7563,1,,
267,209,4,364,7573,1,,
443,380,4,369,7580,1,,
444,388,10,342,7581,1,,
463,785,4,362,7587,1,,
142,1507,4,383,7590,1,,
417,217,4,352,7594,1,,
416,187,7,375,7596,1,,
283,2,10,383,7606,1,,
389,264,7,371,7607,1,,
448,486,9,362,7622,1,,
251,2110,2,366,7633,1,,
311,2429,4,222,7642,1,,
429,766,7,336,7652,1,,
140,43,7,342,7659,1,,
215,1909,2,304,7660,1,,
181,1722,7,336,7662,1,,
442,349,3,362,7665,1,,
473,963,7,375,7673,1,,
451,554,8,334,7673,1,,
422,341,8,384,7685,1,,
407,48,6,315,7685,1,,
410,86,1,354,7687,1,,
446,446,6,288,7694,1,,
385,21,7,387,7698,1,,
385,-1,-1,-999,7698,2,v14_piggyback,2.0,7698,0
411,108,6,375,7703,1,,
271,230,6,387,7709,1,,
479,1082,6,342,7721,1,,
413,134,10,380,7733,1,,
265,90,7,397,7734,1,,
465,827,6,359,7747,1,,
384,2794,4,288,7765,1,,
384,32,6,380,7765,1,,
468,871,9,271,7770,1,,
438,190,10,370,7780,1,,
438,-1,-1,-999,7780,2,v14_piggyback,3.0,7780,0
371,723,5,342,7781,1,,
409,79,7,360,7781,1,,
282,677,5,387,7791,1,,
38,63,7,360,7791,1,,
117,1366,3,383,7799,1,,
386,127,9,305,7805,1,,
183,113,12,398,7822,1,,
297,2351,2,363,7822,1,,
443,373,10,380,7831,1,,
204,1846,2,383,7831,1,,
198,1815,10,305,7836,1,,
439,251,4,288,7845,1,,
439,280,6,380,7845,1,,
145,1520,8,305,7848,1,,
408,35,6,360,7858,1,,
290,336,9,380,7858,1,,
388,168,9,385,7873,1,,
169,139,12,405,7891,1,,
448,499,5,377,7894,1,,
441,324,6,288,7898,1,,
459,702,8,305,7905,1,,
462,781,6,181,7906,1,,
395,600,6,380,7908,1,,
415,178,6,380,7917,1,,
274,378,4,181,7924,1,,
344,2604,3,181,7932,1,,
376,982,6,375,7936,1,,
323,0,10,338,7963,1,,
323,-1,-1,-999,7963,2,v14_piggyback,1.0,7963,0
107,1305,8,305,7965,1,,
346,544,4,336,7970,1,,
451,557,2,181,7971,1,,
446,442,4,380,7977,1,,
479,1078,12,400,7990,1,,
442,356,8,360,7993,1,,
324,0,8,327,7997,1,,
94,1219,7,393,8003,1,,
345,310,10,382,8006,1,,
383,21,8,382,8020,1,,
157,1583,10,382,8037,1,,
237,2037,3,382,8045,1,,
480,1087,4,338,8054,1,,
468,871,10,305,8059,1,,
468,-1,-1,-999,8059,2,v14_piggyback,1.0,8059,0
359,11,3,288,8060,1,,
421,350,6,382,8066,1,,
0,28,6,305,8072,1,,
358,1037,8,398,8083,1,,
472,3173,3,336,8093,1,,
367,431,7,398,8094,1,,
384,31,9,419,8097,1,,
305,333,2,393,8105,1,,
305,333,3,271,8105,1,,
443,385,6,338,8111,1,,
475,1006,6,360,8116,1,,
488,1206,5,360,8127,1,,
366,338,2,342,8134,1,,
122,1391,2,305,8138,1,,
122,3,2,417,8138,1,,
408,40,5,384,8145,1,,
197,1809,2,288,8149,1,,
137,1475,2,336,8154,1,,
111,1331,2,387,8159,1,,
271,2220,2,363,8183,1,,
364,2709,2,375,8185,1,,
339,2575,2,336,8196,1,,
386,171,4,393,8196,1,,
453,594,4,305,8216,1,,
453,-1,-1,-999,8216,2,v14_piggyback,2.0,8216,0
445,416,2,375,8216,1,,
234,131,9,389,8228,1,,
361,69,6,391,8230,1,,
288,2,4,405,8231,1,,
471,922,2,371,8249,1,,
460,739,9,389,8254,1,,
460,-1,-1,-999,8254,2,v14_piggyback,1.0,8254,0
412,2912,2,371,8258,1,,
93,1217,1,383,8260,1,,
185,1742,1,387,8265,1,,
422,414,4,360,8268,1,,
308,2412,2,400,8272,1,,
426,618,3,405,8276,1,,
315,2448,2,387,8278,1,,
437,174,1,336,8280,1,,
438,249,1,387,8294,1,,
130,1,11,425,8308,1,,
327,2515,3,305,8316,1,,
338,100,6,403,8325,1,,
78,47,7,430,8336,1,,
265,2189,2,429,8339,1,,
273,2232,3,386,8352,1,,
229,118,6,429,8355,1,,
131,1,3,430,8357,1,,
59,7,4,416,8378,1,,
443,373,8,382,8383,1,,
77,24,3,394,8390,1,,
197,1812,8,60,8390,1,,
468,871,5,371,8399,1,,
421,387,6,430,8407,1,,
158,75,3,433,8423,1,,
224,23,8,423,8423,1,,
367,2721,3,430,8432,1,,
411,112,11,423,8439,1,,
410,87,8,392,8447,1,,
236,2030,3,425,8449,1,,
334,1068,4,394,8458,1,,
264,33,10,392,8463,1,,
0,46,4,438,8466,1,,
409,79,1,433,8469,1,,
439,268,10,392,8485,1,,
256,2136,2,360,8488,1,,
159,65,5,392,8496,1,,
341,109,5,438,8498,1,,
107,1305,6,392,8507,1,,
183,1735,2,37,8508,1,,
160,269,12,418,8526,1,,
412,114,2,416,8530,1,,
1,46,8,437,8535,1,,
466,3145,2,374,8560,1,,
466,842,10,378,8560,1,,
453,594,6,305,8567,1,,
363,119,8,418,8574,1,,
2,51,7,426,8583,1,,
230,123,6,418,8586,1,,
257,233,8,428,8594,1,,
343,473,7,414,8594,1,,
460,726,3,305,8602,1,,
265,103,2,418,8609,1,,
265,296,7,378,8609,1,,
437,179,6,320,8622,1,,
437,140,12,386,8622,1,,
437,186,4,341,8622,1,,
437,-1,-1,-999,8623,2,v14_piggyback,3.0,8622,1
413,114,10,357,8627,1,,
3,46,10,414,8636,1,,
229,1992,2,396,8639,1,,
229,240,10,378,8639,1,,
344,534,2,436,8641,1,,
470,913,8,357,8641,1,,
258,221,6,357,8652,1,,
130,1,4,357,8661,1,,
410,84,5,418,8669,1,,
384,34,10,404,8678,1,,
438,204,4,433,8679,1,,
320,91,10,424,8690,1,,
392,455,8,378,8693,1,,
180,166,1,357,8702,1,,
180,294,8,404,8702,1,,
180,10,7,447,8702,1,,
401,803,10,424,8705,1,,
478,1053,7,378,8705,1,,
199,144,8,424,8716,1,,
185,1745,4,18,8724,1,,
345,377,6,424,8728,1,,
298,54,7,424,8738,1,,
447,464,4,392,8745,1,,
299,26,4,435,8752,1,,
414,137,8,404,8761,1,,
414,138,9,420,8761,1,,
273,275,2,392,8783,1,,
163,65,8,420,8784,1,,
163,10,7,420,8784,1,,
398,716,2,378,8812,1,,
300,15,8,390,8813,1,,
128,115,11,447,8814,1,,
440,311,3,374,8820,1,,
105,1289,8,445,8829,1,,
360,60,4,374,8829,1,,
453,585,10,357,8831,1,,
301,124,10,445,8843,1,,
162,16,5,415,8851,1,,
162,126,8,415,8851,1,,
391,313,10,401,8851,1,,
375,934,8,445,8854,1,,
224,1966,2,357,8863,1,,
224,271,5,420,8863,1,,
412,125,7,404,8876,1,,
77,58,7,452,8877,1,,
77,129,10,461,8877,1,,
293,569,2,392,8884,1,,
385,34,8,434,8890,1,,
256,488,6,409,8902,1,,
457,664,6,404,8913,1,,
370,591,7,456,8918,1,,
454,604,2,418,8918,1,,
339,6,6,452,8927,1,,
445,416,5,404,8929,1,,
394,352,11,399,8936,1,,
460,739,2,389,8943,1,,
488,1211,1,378,8949,1,,
387,176,6,461,8950,1,,
104,1285,5,409,8952,1,,
343,465,6,456,8960,1,,
456,642,5,452,8968,1,,
344,538,2,466,8972,1,,
419,272,2,444,8985,1,,
236,2031,1,97,8988,1,,
236,2028,4,447,8988,1,,
236,-1,-1,-999,8988,2,v14_piggyback,1.0,8988,0
438,227,4,434,8996,1,,
462,762,2,378,9006,1,,
415,159,4,409,9013,1,,
371,591,6,444,9019,1,,
389,242,2,453,9022,1,,
386,55,1,418,9028,1,,
437,164,10,418,9044,1,,
88,3185,2,468,9051,1,,
88,-1,-1,-999,9051,2,v14_piggyback,2.0,9051,0
210,1882,4,357,9062,1,,
338,136,7,439,9063,1,,
323,0,3,444,9069,1,,
461,757,4,415,9073,1,,
390,208,2,468,9077,1,,
134,107,6,439,9080,1,,
315,2448,4,420,9086,1,,
440,314,3,376,9087,1,,
99,1255,3,447,9092,1,,
278,2260,2,357,9101,1,,
229,321,1,439,9102,1,,
187,1756,2,415,9106,1,,
481,1105,2,409,9116,1,,
362,69,8,373,9129,1,,
385,72,4,475,9154,1,,
363,172,4,310,9158,1,,
345,473,11,448,9171,1,,
452,574,2,415,9175,1,,
456,644,7,307,9182,1,,
456,638,8,310,9182,1,,
324,0,2,469,9187,1,,
388,199,10,448,9188,1,,
251,64,2,409,9190,1,,
155,1577,1,404,9193,1,,
476,1018,6,469,9196,1,,
427,719,6,310,9205,1,,
387,94,1,404,9208,1,,
257,2143,3,467,9224,1,,
416,175,12,422,9240,1,,
243,131,6,373,9242,1,,
243,163,12,442,9242,1,,
320,71,2,467,9249,1,,
462,777,2,357,9258,1,,
301,2373,1,357,9268,1,,
152,147,9,442,9269,1,,
152,16,10,442,9269,1,,
448,497,8,479,9277,1,,
114,1,3,448,9284,1,,
114,39,6,478,9284,1,,
128,39,9,479,9291,1,,
210,1878,4,367,9295,1,,
59,7,1,448,9299,1,,
59,7,8,442,9299,1,,
256,279,3,462,9303,1,,
413,137,1,404,9307,1,,
323,0,4,469,9308,1,,
323,91,7,427,9308,1,,
337,2566,2,421,9312,1,,
143,1509,8,448,9313,1,,
242,430,12,451,9332,1,,
316,652,8,448,9346,1,,
244,193,4,477,9365,1,,
244,157,9,477,9365,1,,
464,810,7,479,9370,1,,
99,1250,11,332,9376,1,,
447,475,8,478,9379,1,,
187,1753,7,421,9387,1,,
440,307,8,478,9393,1,,
245,193,10,427,9400,1,,
163,1620,3,485,9406,1,,
172,1673,3,442,9406,1,,
172,14,4,477,9406,1,,
225,25,2,422,9412,1,,
476,1029,4,422,9418,1,,
425,519,6,412,9429,1,,
389,208,4,427,9434,1,,
414,142,7,464,9439,1,,
149,1542,1,446,9448,1,,
149,43,4,446,9448,1,,
437,186,1,341,9449,1,,
486,3241,2,427,9456,1,,
391,309,6,464,9460,1,,
444,409,3,448,9463,1,,
444,396,4,451,9463,1,,
226,23,7,450,9469,1,,
424,422,2,464,9473,1,,
446,453,7,448,9477,1,,
42,82,6,470,9488,1,,
347,2625,2,464,9490,1,,
423,477,8,340,9501,1,,
460,727,7,373,9501,1,,
298,2357,2,446,9506,1,,
343,406,6,442,9516,1,,
189,1768,5,442,9533,1,,
448,491,3,485,9538,1,,
390,266,4,448,9540,1,,
227,25,4,481,9545,1,,
323,0,7,448,9563,1,,
323,-1,-1,-999,9563,2,v14_piggyback,7.0,9563,0
299,26,5,490,9569,1,,
285,2295,2,459,9572,1,,
338,85,4,448,9579,1,,
445,421,9,402,9582,1,,
102,1274,2,490,9587,1,,
407,35,4,373,9587,1,,
224,301,10,459,9592,1,,
230,1999,3,478,9593,1,,
128,116,4,499,9596,1,,
464,809,1,268,9600,1,,
409,87,3,402,9604,1,,
288,677,6,487,9619,1,,
201,1830,2,289,9624,1,,
353,744,6,289,9633,1,,
289,128,8,289,9645,1,,
305,2394,3,448,9649,1,,
427,2978,4,289,9652,1,,
465,835,2,289,9658,1,,
425,2968,2,457,9658,1,,
342,109,6,491,9661,1,,
129,39,6,500,9670,1,,
300,15,4,432,9677,1,,
106,1301,2,500,9683,1,,
322,71,10,496,9685,1,,
416,197,6,496,9694,1,,
408,68,4,432,9707,1,,
273,278,4,432,9718,1,,
354,787,3,155,9719,1,,
306,212,6,496,9725,1,,
462,764,2,448,9729,1,,
239,2046,2,477,9734,1,,
424,2964,2,285,9743,1,,
424,418,11,402,9743,1,,
219,1930,2,432,9749,1,,
355,774,12,458,9772,1,,
487,1194,4,509,9776,1,,
175,1691,11,502,9786,1,,
339,100,4,509,9794,1,,
339,136,9,410,9794,1,,
274,330,8,483,9797,1,,
218,1927,2,448,9799,1,,
393,455,11,458,9803,1,,
143,1511,2,237,9803,1,,
415,2927,3,504,9809,1,,
423,477,10,502,9812,1,,
301,2374,3,506,9814,1,,
484,1158,8,458,9826,1,,
386,80,3,458,9831,1,,
413,134,6,410,9844,1,,
394,472,10,506,9845,1,,
461,753,4,506,9852,1,,
288,2306,2,504,9857,1,,
459,711,4,410,9869,1,,
464,810,5,489,9872,1,,
464,813,6,289,9872,1,,
362,156,6,502,9880,1,,
362,121,6,508,9880,1,,
128,116,10,508,9894,1,,
242,2059,4,509,9900,1,,
473,966,1,442,9903,1,,
158,192,10,508,9908,1,,
222,1952,2,448,9908,1,,
485,1169,9,508,9922,1,,
414,143,7,516,9922,1,,
485,-1,-1,-999,9922,2,v14_piggyback,1.0,9922,0
392,415,7,493,9928,1,,
417,222,8,503,9934,1,,
406,1059,7,508,9947,1,,
48,1368,6,493,9960,1,,
363,60,6,503,9965,1,,
363,156,2,388,9965,1,,
99,1250,9,512,9966,1,,
99,-1,-1,-999,9966,2,v14_piggyback,1.0,9966,0
416,175,4,509,9977,1,,
416,161,3,517,9977,1,,
133,1452,8,495,9979,1,,
412,125,7,512,9990,1,,
418,234,1,502,9997,1,,
418,225,10,495,9997,1,,
411,105,10,465,10005,1,,
38,63,12,441,10006,1,,
466,847,7,508,10009,1,,
305,333,3,512,10013,1,,
458,684,6,441,10016,1,,
353,2656,4,492,10022,1,,
299,57,8,441,10034,1,,
98,1247,1,448,10035,1,,
106,1299,7,242,10039,1,,
289,2312,2,431,10039,1,,
0,30,6,501,10065,1,,
165,1631,1,442,10071,1,,
323,0,4,441,10075,1,,
52,29,5,497,10096,1,,
52,4,8,505,10096,1,,
389,264,6,502,10101,1,,
110,1,7,480,10106,1,,
110,13,4,480,10106,1,,
287,36,10,522,10112,1,,
287,2303,2,522,10112,1,,
461,755,12,503,10120,1,,
410,98,5,480,10126,1,,
410,93,8,480,10126,1,,
300,26,10,522,10127,1,,
409,87,6,502,10132,1,,
1,22,6,480,10138,1,,
288,2,4,502,10144,1,,
288,2308,3,388,10144,1,,
400,786,5,480,10148,1,,
462,776,6,508,10167,1,,
290,229,7,528,10171,1,,
421,387,5,508,10178,1,,
417,187,8,480,10188,1,,
472,940,6,508,10189,1,,
105,1294,7,522,10195,1,,
427,620,4,480,10197,1,,
133,1451,10,484,10205,1,,
399,716,3,440,10210,1,,
399,768,4,519,10210,1,,
419,234,5,502,10216,1,,
412,111,6,472,10221,1,,
387,80,6,497,10225,1,,
128,45,6,522,10234,1,,
413,138,4,480,10238,1,,
432,931,5,502,10239,1,,
266,162,5,505,10244,1,,
95,1230,5,388,10261,1,,
451,546,6,522,10262,1,,
458,682,8,505,10278,1,,
431,893,3,441,10286,1,,
431,2997,2,494,10286,1,,
98,1245,6,497,10296,1,,
411,111,4,472,10296,1,,
411,96,10,443,10296,1,,
401,782,6,515,10308,1,,
485,1169,3,508,10321,1,,
485,1161,2,379,10321,1,,
162,1613,4,497,10339,1,,
226,25,4,503,10339,1,,
323,0,6,480,10340,1,,
323,213,10,443,10340,1,,
323,-1,-1,-999,10340,2,v14_piggyback,3.0,10340,0
101,1268,4,528,10346,1,,
242,64,6,443,10352,1,,
182,1729,6,515,10363,1,,
482,1126,6,443,10375,1,,
320,196,4,502,10375,1,,
256,2138,3,505,10375,1,,
375,951,4,522,10383,1,,
440,3034,3,502,10383,1,,
410,84,7,463,10388,1,,
138,1482,2,524,10390,1,,
282,2,4,480,10397,1,,
446,454,4,508,10399,1,,
480,1097,1,508,10405,1,,
220,1940,2,495,10424,1,,
284,36,10,411,10427,1,,
420,267,2,501,10439,1,,
210,231,11,533,10444,1,,
468,879,3,441,10445,1,,
200,1828,2,528,10458,1,,
105,1294,10,494,10473,1,,
180,224,8,533,10474,1,,
472,950,9,524,10479,1,,
412,114,2,495,10491,1,,
224,301,8,530,10508,1,,
60,7,2,533,10515,1,,
60,4,11,476,10515,1,,
214,1901,4,520,10518,1,,
451,543,6,471,10518,1,,
452,567,2,520,10531,1,,
359,12,6,411,10543,1,,
359,49,12,476,10543,1,,
225,181,4,544,10543,1,,
413,114,1,495,10552,1,,
199,81,8,476,10557,1,,
43,3,10,532,10563,1,,
43,82,5,532,10563,1,,
421,293,1,551,10566,1,,
385,31,9,476,10572,1,,
104,1287,4,532,10581,1,,
321,91,6,476,10583,1,,
442,356,4,408,10584,1,,
226,1980,1,514,10588,1,,
390,208,6,411,10595,1,,
456,657,6,411,10606,1,,
456,-1,-1,-999,10606,2,v14_piggyback,1.0,10606,0
288,38,8,547,10622,1,,
449,509,7,550,10622,1,,
428,679,9,529,10624,1,,
440,288,8,520,10634,1,,
440,-1,-1,-999,10634,2,v14_piggyback,3.0,10634,0
383,34,2,511,10638,1,,
383,21,8,547,10638,1,,
75,62,4,529,10641,1,,
75,63,9,529,10641,1,,
453,586,4,529,10651,1,,
411,97,8,547,10652,1,,
411,-1,-1,-999,10652,2,v14_piggyback,3.0,10652,0
256,2133,2,529,10663,1,,
276,2244,3,529,10668,1,,
358,11,4,406,10678,1,,
439,274,4,559,10692,1,,
439,-1,-1,-999,10692,2,v14_piggyback,2.0,10692,0
257,587,12,552,10695,1,,
484,1153,2,559,10703,1,,
384,21,3,547,10709,1,,
121,1388,10,545,10710,1,,
412,105,11,550,10718,1,,
123,1395,4,547,10718,1,,
284,2,4,535,10726,1,,
99,1250,3,512,10731,1,,
144,1517,4,473,10742,1,,
416,189,6,535,10752,1,,
242,59,2,473,10756,1,,
30,2141,2,529,10772,1,,
30,9,6,545,10772,1,,
281,2273,3,547,10778,1,,
323,0,7,497,10783,1,,
406,1059,3,411,10792,1,,
452,573,7,408,10799,1,,
1,51,6,556,10803,1,,
140,43,4,556,10810,1,,
404,996,12,540,10811,1,,
141,1502,2,463,10818,1,,
243,59,6,558,10822,1,,
385,21,1,547,10823,1,,
135,107,4,563,10841,1,,
104,1283,10,243,10847,1,,
449,503,8,395,10861,1,,
449,509,7,535,10861,1,,
253,279,2,406,10868,1,,
253,2119,2,545,10868,1,,
392,352,5,570,10881,1,,
438,216,2,556,10881,1,,
153,16,4,557,10902,1,,
386,53,9,557,10917,1,,
416,159,5,570,10924,1,,
427,620,4,557,10926,1,,
121,1387,1,-58,10928,1,,
415,159,2,570,10931,1,,
453,593,1,443,10931,1,,
305,256,9,557,10946,1,,
456,655,6,553,10958,1,,
488,1203,10,482,10961,1,,
384,32,5,569,10975,1,,
384,34,5,548,10975,1,,
440,288,2,520,10988,1,,
440,281,8,559,10988,1,,
465,827,8,542,10994,1,,
465,3140,4,569,10994,1,,
393,309,5,525,10998,1,,
445,419,11,542,11011,1,,
457,663,4,510,11014,1,,
457,-1,-1,-999,11015,2,v14_piggyback,1.0,11014,1
339,6,12,536,11017,1,,
140,1492,2,460,11019,1,,
76,47,6,536,11029,1,,
485,1170,11,548,11029,1,,
444,405,7,574,11029,1,,
437,3022,3,536,11036,1,,
383,34,2,548,11048,1,,
383,17,11,454,11048,1,,
129,116,9,581,11051,1,,
417,187,9,576,11052,1,,
264,183,8,574,11063,1,,
452,574,6,574,11072,1,,
461,753,4,539,11078,1,,
78,58,4,581,11084,1,,
338,109,4,539,11087,1,,
266,90,11,518,11099,1,,
256,221,3,518,11105,1,,
449,504,11,454,11137,1,,
418,215,8,538,11140,1,,
420,293,9,579,11142,1,,
143,89,7,542,11151,1,,
143,1511,1,542,11151,1,,
439,274,2,559,11162,1,,
439,255,4,473,11162,1,,
438,248,4,486,11163,1,,
438,204,4,482,11163,1,,
438,238,8,574,11163,1,,
428,696,10,542,11167,1,,
416,167,11,536,11182,1,,
179,10,4,582,11186,1,,
179,269,6,582,11186,1,,
179,1711,2,575,11186,1,,
362,121,6,549,11194,1,,
385,32,5,569,11206,1,,
385,31,8,582,11206,1,,
440,314,6,574,11216,1,,
257,296,5,579,11224,1,,
410,98,12,582,11225,1,,
360,60,8,526,11229,1,,
323,0,4,575,11242,1,,
323,0,7,454,11242,1,,
323,-1,-1,-999,11242,2,v14_piggyback,11.0,11242,0
413,137,3,518,11244,1,,
388,198,3,518,11250,1,,
363,200,4,542,11256,1,,
363,172,4,569,11256,1,,
488,1204,4,510,11257,1,,
361,60,9,555,11257,1,,
444,388,4,518,11263,1,,
258,233,6,548,11267,1,,
419,272,2,568,11279,1,,
286,2296,1,542,11282,1,,
286,20,8,575,11282,1,,
200,1826,4,591,11287,1,,
298,54,7,569,11295,1,,
457,663,2,510,11321,1,,
461,755,6,549,11329,1,,
401,917,7,591,11342,1,,
321,91,12,587,11344,1,,
437,179,6,454,11348,1,,
411,102,2,531,11359,1,,
458,689,6,582,11360,1,,
353,746,6,531,11371,1,,
389,210,5,513,11383,1,,
417,197,9,588,11386,1,,
464,820,7,543,11395,1,,
348,680,6,569,11395,1,,
153,16,11,588,11404,1,,
462,764,6,548,11407,1,,
172,1674,10,301,11409,1,,
139,50,8,595,11419,1,,
420,285,5,542,11420,1,,
50,1442,10,587,11423,1,,
485,1166,6,571,11432,1,,
265,33,10,595,11435,1,,
418,235,4,543,11438,1,,
439,261,8,591,11453,1,,
390,236,4,301,11458,1,,
446,437,5,571,11465,1,,
77,47,5,543,11467,1,,
214,1901,3,557,11475,1,,
214,223,2,582,11475,1,,
416,159,7,600,11477,1,,
392,449,4,575,11485,1,,
341,6,7,588,11494,1,,
341,109,2,565,11494,1,,
410,76,7,575,11499,1,,
410,-1,-1,-999,11499,2,v14_piggyback,4.0,11499,0
40,29,5,602,11523,1,,
40,30,4,602,11523,1,,
325,2504,4,569,11526,1,,
320,213,3,599,11527,1,,
320,213,8,595,11527,1,,
320,-1,-1,-999,11527,2,v14_piggyback,1.0,11527,0
164,269,6,600,11542,1,,
164,10,8,605,11542,1,,
276,461,8,565,11545,1,,
386,146,11,602,11557,1,,
349,651,7,407,11563,1,,
452,562,7,599,11568,1,,
465,832,4,582,11573,1,,
312,458,7,595,11593,1,,
312,527,10,599,11593,1,,
474,973,4,542,11600,1,,
323,91,6,602,11602,1,,
323,0,8,602,11602,1,,
274,277,6,599,11605,1,,
126,1414,4,582,11610,1,,
413,137,7,561,11615,1,,
413,137,2,587,11615,1,,
413,-1,-1,-999,11615,2,v14_piggyback,3.0,11615,0
411,111,6,573,11623,1,,
411,99,5,595,11623,1,,
460,726,3,542,11623,1,,
450,521,8,602,11627,1,,
450,-1,-1,-999,11627,2,v14_piggyback,1.0,11627,0
445,417,6,565,11634,1,,
461,745,6,565,11645,1,,
473,960,7,605,11652,1,,
338,287,3,582,11672,1,,
417,197,6,605,11675,1,,
419,246,8,513,11687,1,,
139,1490,10,449,11688,1,,
337,6,5,599,11698,1,,
412,112,6,605,11710,1,,
439,251,7,599,11711,1,,
129,141,5,609,11714,1,,
129,177,6,594,11714,1,,
455,636,4,513,11717,1,,
370,2734,3,542,11722,1,,
367,435,5,605,11731,1,,
409,79,9,609,11737,1,,
421,2952,2,542,11744,1,,
368,431,7,562,11747,1,,
267,209,2,582,11767,1,,
443,370,6,592,11777,1,,
148,1538,2,548,11780,1,,
454,611,7,560,11790,1,,
415,158,2,569,11800,1,,
392,455,4,543,11801,1,,
332,805,6,560,11801,1,,
102,1273,2,622,11819,1,,
420,293,4,621,11824,1,,
414,154,4,513,11826,1,,
399,2856,2,542,11828,1,,
480,1091,5,565,11835,1,,
410,76,1,575,11840,1,,
391,313,4,592,11846,1,,
94,13,9,601,11850,1,,
283,27,4,599,11855,1,,
41,29,2,601,11857,1,,
170,1661,2,622,11861,1,,
200,1827,4,531,11881,1,,
308,2415,2,543,11894,1,,
362,172,4,599,11895,1,,
422,329,1,593,11897,1,,
446,450,5,593,11907,1,,
476,1028,4,565,11907,1,,
476,-1,-1,-999,11908,2,v14_piggyback,1.0,11907,1
466,847,1,301,11921,1,,
466,-1,-1,-999,11921,2,v14_piggyback,1.0,11921,0
445,416,11,592,11925,1,,
198,1817,3,599,11934,1,,
0,3,11,626,11943,1,,
423,414,5,606,11947,1,,
439,258,3,587,11948,1,,
442,3044,2,606,11952,1,,
299,2365,1,562,11956,1,,
440,311,3,599,11960,1,,
282,20,10,596,11967,1,,
430,2989,2,606,11972,1,,
413,137,6,587,12001,1,,
421,329,7,593,12016,1,,
421,308,8,596,12016,1,,
180,224,4,590,12020,1,,
455,637,6,622,12020,1,,
186,1749,3,577,12028,1,,
301,15,6,610,12030,1,,
169,139,8,608,12031,1,,
431,844,9,608,12046,1,,
160,1604,2,592,12053,1,,
474,972,7,572,12056,1,,
363,156,10,527,12070,1,,
103,1280,2,595,12075,1,,
154,1569,2,449,12082,1,,
411,98,4,596,12096,1,,
450,540,3,601,12098,1,,
79,58,7,619,12102,1,,
289,229,6,541,12111,1,,
487,1199,3,527,12117,1,,
313,613,2,592,12121,1,,
151,1556,10,507,12121,1,,
446,453,6,527,12129,1,,
446,-1,-1,-999,12129,2,v14_piggyback,1.0,12129,0
61,7,6,635,12132,1,,
129,45,8,633,12133,1,,
480,1093,4,577,12141,1,,
449,513,6,507,12160,1,,
224,240,9,566,12169,1,,
320,0,11,507,12176,1,,
422,368,5,507,12196,1,,
422,414,10,507,12196,1,,
416,197,4,507,12203,1,,
485,1171,8,589,12206,1,,
432,909,7,507,12214,1,,
86,8,9,634,12217,1,,
448,498,8,589,12218,1,,
448,-1,-1,-999,12218,2,v14_piggyback,3.0,12218,0
323,0,4,583,12221,1,,
367,372,5,534,12231,1,,
440,305,8,619,12231,1,,
362,172,2,566,12235,1,,
110,1323,3,507,12238,1,,
110,8,10,648,12238,1,,
192,67,2,645,12238,1,,
98,1246,4,589,12242,1,,
290,336,9,636,12259,1,,
439,251,3,548,12262,1,,
413,114,8,633,12264,1,,
413,114,12,627,12264,1,,
413,-1,-1,-999,12265,2,v14_piggyback,5.0,12264,1
43,82,8,636,12284,1,,
122,1393,4,583,12288,1,,
122,3,5,616,12288,1,,
122,1,9,643,12288,1,,
392,352,7,636,12297,1,,
393,367,7,638,12310,1,,
460,724,10,631,12312,1,,
360,12,5,638,12320,1,,
322,389,7,631,12325,1,,
474,984,4,589,12340,1,,
450,518,9,507,12346,1,,
450,535,4,507,12346,1,,
394,455,10,597,12349,1,,
141,1500,3,631,12362,1,,
466,847,11,301,12363,1,,
0,46,8,628,12364,1,,
300,57,9,648,12376,1,,
193,228,10,628,12380,1,,
132,117,6,616,12385,1,,
1,19,2,507,12393,1,,
1,28,3,643,12393,1,,
230,118,6,616,12403,1,,
284,2,8,612,12403,1,,
442,354,3,631,12412,1,,
442,-1,-1,-999,12412,2,v14_piggyback,3.0,12412,0
437,174,9,643,12418,1,,
304,2390,2,534,12419,1,,
471,929,10,657,12428,1,,
282,2280,2,541,12434,1,,
409,74,5,643,12436,1,,
287,20,6,654,12452,1,,
169,1655,2,572,12463,1,,
288,20,8,657,12464,1,,
455,625,4,507,12479,1,,
129,116,8,662,12492,1,,
467,866,6,628,12498,1,,
418,241,6,662,12504,1,,
179,160,10,629,12514,1,,
367,435,8,662,12518,1,,
462,783,12,658,12519,1,,
459,701,11,629,12529,1,,
436,1188,8,603,12533,1,,
2,51,5,637,12540,1,,
417,226,10,652,12545,1,,
145,1520,8,629,12552,1,,
384,17,2,662,12552,1,,
446,453,4,527,12561,1,,
361,11,5,612,12563,1,,
385,34,6,603,12565,1,,
131,1,6,603,12576,1,,
448,494,5,534,12585,1,,
448,492,11,631,12585,1,,
78,2711,4,507,12586,1,,
289,20,3,603,12609,1,,
454,610,3,648,12623,1,,
408,40,5,638,12623,1,,
452,575,4,615,12632,1,,
395,514,5,628,12637,1,,
99,1255,4,629,12644,1,,
386,73,7,615,12645,1,,
210,1879,4,628,12664,1,,
456,647,6,640,12668,1,,
368,398,12,664,12675,1,,
141,1498,2,614,12682,1,,
114,1346,4,629,12682,1,,
291,563,4,664,12696,1,,
437,180,10,658,12699,1,,
0,41,12,672,12703,1,,
396,556,2,618,12707,1,,
404,1002,6,625,12707,1,,
246,2081,2,664,12718,1,,
455,637,4,658,12723,1,,
51,1464,6,672,12728,1,,
51,5,6,672,12728,1,,
383,42,3,625,12729,1,,
383,-1,-1,-999,12730,2,v14_piggyback,5.0,12729,1
285,2294,4,615,12736,1,,
40,5,5,679,12753,1,,
40,3,9,679,12753,1,,
439,251,2,629,12758,1,,
130,116,10,685,12762,1,,
405,996,3,641,12770,1,,
340,6,6,641,12782,1,,
241,2056,3,507,12785,1,,
449,508,4,685,12791,1,,
312,2432,2,658,12805,1,,
338,6,2,521,12805,1,,
97,1239,1,612,12808,1,,
97,-1,-1,-999,12808,2,v14_piggyback,1.0,12808,0
462,762,6,624,12814,1,,
444,401,2,507,12819,1,,
341,304,11,686,12823,1,,
459,715,6,632,12826,1,,
459,721,6,672,12826,1,,
110,1,5,521,12850,1,,
385,32,2,640,12851,1,,
385,32,11,669,12851,1,,
385,42,12,615,12851,1,,
2,9,1,521,12861,1,,
2,22,7,691,12861,1,,
454,604,9,640,12864,1,,
478,1052,5,686,12872,1,,
414,150,6,604,12891,1,,
452,576,12,672,12897,1,,
339,6,2,521,12901,1,,
234,2018,4,686,12907,1,,
293,2334,3,604,12915,1,,
456,655,11,656,12918,1,,
77,24,2,678,12919,1,,
77,3,10,678,12919,1,,
415,154,10,667,12932,1,,
280,434,6,667,12943,1,,
342,298,12,678,12944,1,,
387,73,12,684,12959,1,,
114,1344,12,521,12961,1,,
229,123,8,697,12963,1,,
384,42,2,625,12970,1,,
430,844,12,680,12977,1,,
0,28,2,686,12982,1,,
394,478,8,678,12989,1,,
442,354,2,631,13000,1,,
213,1897,2,700,13001,1,,
53,4,9,680,13002,1,,
199,81,4,684,13008,1,,
180,224,5,655,13027,1,,
463,788,2,686,13034,1,,
386,94,12,700,13044,1,,
439,253,7,689,13048,1,,
388,94,7,655,13055,1,,
340,6,6,521,13057,1,,
113,1338,8,655,13066,1,,
200,223,4,655,13073,1,,
54,1501,4,607,13097,1,,
54,5,6,623,13097,1,,
383,2790,4,585,13098,1,,
164,151,9,661,13104,1,,
164,10,8,661,13104,1,,
164,126,6,710,13104,1,,
478,1053,6,604,13115,1,,
338,287,4,667,13124,1,,
134,130,7,670,13124,1,,
449,3076,1,604,13130,1,,
119,45,10,706,13133,1,,
119,1374,12,661,13133,1,,
431,852,6,670,13134,1,,
135,1460,2,686,13137,1,,
187,1752,2,623,13146,1,,
187,166,6,670,13146,1,,
485,1167,2,686,13152,1,,
299,15,4,689,13153,1,,
86,347,8,710,13159,1,,
86,3,11,681,13159,1,,
60,7,4,670,13174,1,,
382,18,10,704,13181,1,,
97,1239,3,612,13188,1,,
411,108,6,714,13192,1,,
226,25,7,661,13195,1,,
226,181,8,710,13195,1,,
128,89,8,711,13206,1,,
342,109,9,623,13209,1,,
385,32,2,521,13214,1,,
448,490,10,710,13219,1,,
448,499,8,683,13219,1,,
204,1847,3,623,13219,1,,
315,2449,4,704,13230,1,,
444,397,12,613,13236,1,,
387,168,8,710,13255,1,,
387,73,6,674,13255,1,,
158,65,4,714,13258,1,,
116,1,8,683,13276,1,,
116,1360,8,674,13276,1,,
423,444,2,678,13282,1,,
441,324,11,681,13291,1,,
412,99,7,651,13293,1,,
41,5,8,719,13301,1,,
463,796,5,714,13304,1,,
360,11,12,674,13308,1,,
336,2561,2,670,13310,1,,
378,1024,2,623,13315,1,,
416,178,2,655,13322,1,,
416,173,8,674,13322,1,,
410,93,6,688,13322,1,,
141,43,4,688,13331,1,,
456,648,11,661,13337,1,,
449,504,3,690,13343,1,,
439,257,8,710,13348,1,,
332,865,3,714,13350,1,,
478,3198,2,689,13359,1,,
445,419,8,710,13360,1,,
445,-1,-1,-999,13360,2,v14_piggyback,1.0,13360,0
409,79,3,653,13373,1,,
384,52,10,726,13377,1,,
187,1753,12,690,13395,1,,
475,999,8,706,13401,1,,
210,223,5,710,13416,1,,
210,231,6,717,13416,1,,
379,1041,8,546,13416,1,,
298,2360,2,546,13421,1,,
229,1993,2,554,13424,1,,
486,1177,8,710,13428,1,,
180,104,7,710,13438,1,,
408,68,8,695,13450,1,,
444,410,9,674,13451,1,,
343,424,12,671,13456,1,,
448,489,8,674,13463,1,,
382,18,10,671,13471,1,,
344,334,7,683,13476,1,,
254,2124,2,723,13482,1,,
1,3,8,671,13482,1,,
386,132,10,725,13496,1,,
370,529,12,723,13501,1,,
139,170,12,723,13520,1,,
242,64,6,681,13533,1,,
477,1044,9,702,13534,1,,
256,221,3,676,13538,1,,
429,763,6,710,13543,1,,
383,17,8,673,13546,1,,
417,232,6,674,13552,1,,
168,1651,4,676,13555,1,,
449,502,8,725,13569,1,,
449,503,7,725,13569,1,,
165,10,8,739,13572,1,,
385,72,1,620,13585,1,,
385,21,10,620,13585,1,,
455,635,4,717,13592,1,,
3,9,4,674,13599,1,,
2,30,7,702,13606,1,,
2,28,9,620,13606,1,,
460,727,4,710,13606,1,,
410,79,4,653,13625,1,,
410,76,8,729,13625,1,,
410,76,11,715,13625,1,,
410,-1,-1,-999,13626,2,v14_piggyback,4.0,13625,1
133,116,6,725,13630,1,,
133,117,12,699,13630,1,,
437,180,4,661,13632,1,,
484,1153,4,649,13635,1,,
141,1502,1,695,13640,1,,
471,938,12,740,13646,1,,
369,452,2,649,13647,1,,
176,1696,3,683,13656,1,,
454,611,3,661,13664,1,,
454,-1,-1,-999,13664,2,v14_piggyback,1.0,13664,0
217,1922,4,655,13671,1,,
4,28,12,699,13679,1,,
413,125,4,683,13694,1,,
305,78,3,725,13703,1,,
305,78,11,699,13703,1,,
305,333,4,620,13703,1,,
246,279,4,744,13717,1,,
475,999,10,620,13717,1,,
118,1367,6,744,13728,1,,
194,1790,2,673,13736,1,,
194,67,3,580,13736,1,,
194,228,9,699,13736,1,,
412,133,4,744,13737,1,,
445,427,10,717,13741,1,,
384,17,2,681,13746,1,,
414,145,9,699,13749,1,,
466,848,2,681,13756,1,,
419,246,9,699,13763,1,,
481,3216,2,744,13769,1,,
266,90,8,580,13775,1,,
399,2856,1,706,13785,1,,
343,473,9,740,13788,1,,
243,59,11,718,13792,1,,
312,527,8,699,13803,1,,
250,64,7,708,13811,1,,
301,152,9,731,13816,1,,
119,13,7,754,13831,1,,
114,1344,8,730,13845,1,,
114,-1,-1,-999,13845,2,v14_piggyback,1.0,13845,0
353,814,7,734,13850,1,,
400,731,2,694,13852,1,,
133,1454,1,674,13855,1,,
427,690,8,671,13858,1,,
40,44,8,754,13864,1,,
261,327,10,727,13880,1,,
452,576,8,673,13884,1,,
452,-1,-1,-999,13884,2,v14_piggyback,2.0,13884,0
336,2560,3,730,13891,1,,
251,306,7,753,13896,1,,
251,318,3,753,13896,1,,
176,1695,2,-40,13897,1,,
443,380,8,725,13903,1,,
18,1291,4,753,13906,1,,
344,473,11,747,13915,1,,
375,834,8,580,13920,1,,
170,139,8,747,13929,1,,
97,24,6,699,13930,1,,
354,720,7,727,13938,1,,
401,824,6,620,13939,1,,
413,114,8,730,13943,1,,
332,792,3,734,13967,1,,
444,391,6,620,13973,1,,
383,31,11,752,13977,1,,
383,34,9,752,13977,1,,
383,42,5,752,13977,1,,
141,1502,4,725,13982,1,,
283,38,1,747,13997,1,,
283,20,12,687,13997,1,,
262,327,11,666,14004,1,,
291,2322,4,620,14007,1,,
428,679,4,586,14014,1,,
328,649,7,598,14042,1,,
441,342,4,699,14042,1,,
483,1131,4,673,14049,1,,
483,-1,-1,-999,14049,2,v14_piggyback,2.0,14049,0
50,4,1,753,14055,1,,
50,9,6,757,14055,1,,
438,216,10,687,14056,1,,
338,244,6,757,14067,1,,
410,84,5,687,14074,1,,
410,76,6,687,14074,1,,
454,606,4,620,14075,1,,
140,50,6,757,14078,1,,
442,363,9,687,14089,1,,
451,549,5,666,14089,1,,
119,1374,6,757,14100,1,,
360,2693,3,740,14108,1,,
437,164,4,756,14108,1,,
437,1207,9,756,14108,1,,
339,244,3,699,14115,1,,
171,139,8,687,14122,1,,
69,1962,4,598,14126,1,,
69,-1,-1,-999,14126,2,v14_piggyback,2.0,14126,0
118,1370,4,112,14135,1,,
457,668,12,758,14141,1,,
250,2104,3,580,14144,1,,
429,771,2,699,14149,1,,
333,894,8,687,14155,1,,
58,1706,2,580,14168,1,,
342,310,8,758,14170,1,,
458,695,6,758,14182,1,,
469,890,3,598,14183,1,,
477,1049,2,580,14190,1,,
484,1159,3,734,14191,1,,
439,258,4,756,14203,1,,
224,1965,2,598,14212,1,,
443,379,10,630,14213,1,,
414,142,5,760,14213,1,,
443,-1,-1,-999,14213,2,v14_piggyback,2.0,14213,0
389,245,9,705,14226,1,,
377,2762,2,753,14236,1,,
288,36,1,699,14237,1,,
229,118,2,673,14245,1,,
283,2281,3,712,14248,1,,
262,2170,2,757,14254,1,,
153,16,2,758,14255,1,,
340,109,1,735,14278,1,,
438,206,11,756,14283,1,,
438,238,2,765,14283,1,,
436,1124,11,732,14289,1,,
435,1088,4,564,14296,1,,
481,1112,2,730,14298,1,,
362,172,11,728,14299,1,,
215,231,4,728,14315,1,,
215,23,4,728,14315,1,,
385,2800,1,758,14315,1,,
63,1876,4,564,14318,1,,
416,173,1,728,14330,1,,
451,558,2,578,14341,1,,
114,1344,2,730,14347,1,,
417,217,2,564,14348,1,,
447,463,2,564,14359,1,,
471,935,4,746,14361,1,,
421,2952,1,699,14362,1,,
413,142,1,760,14371,1,,
457,663,5,720,14384,1,,
364,200,5,733,14411,1,,
458,687,3,746,14411,1,,
470,912,6,665,14420,1,,
415,169,6,733,14426,1,,
483,1131,6,673,14429,1,,
371,723,3,776,14437,1,,
422,308,5,665,14441,1,,
129,177,4,776,14444,1,,
392,326,6,776,14453,1,,
257,233,12,779,14453,1,,
439,257,2,598,14460,1,,
414,155,6,701,14472,1,,
372,596,12,780,14473,1,,
360,60,8,677,14474,1,,
53,4,4,677,14481,1,,
95,1229,7,701,14487,1,,
95,-1,-1,-999,14487,2,v14_piggyback,3.0,14487,0
411,101,12,677,14497,1,,
157,1583,10,677,14512,1,,
157,-1,-1,-999,14512,2,v14_piggyback,1.0,14512,0
393,309,10,724,14514,1,,
445,423,6,773,14523,1,,
182,191,7,677,14525,1,,
86,347,4,677,14534,1,,
320,71,3,761,14535,1,,
320,-1,-1,-999,14535,2,v14_piggyback,4.0,14535,0
131,1,4,781,14544,1,,
438,227,7,776,14546,1,,
256,306,6,761,14555,1,,
425,555,8,761,14569,1,,
447,482,10,724,14579,1,,
426,571,11,611,14593,1,,
94,1224,10,781,14595,1,,
94,47,8,781,14595,1,,
130,45,6,764,14599,1,,
215,1908,4,750,14605,1,,
322,91,10,771,14613,1,,
323,0,8,716,14618,1,,
460,740,10,782,14627,1,,
443,379,1,630,14633,1,,
443,380,10,644,14633,1,,
443,382,9,705,14633,1,,
443,371,10,564,14633,1,,
361,12,9,611,14649,1,,
124,1406,9,611,14664,1,,
416,167,9,776,14667,1,,
363,254,8,771,14679,1,,
162,14,10,770,14684,1,,
387,80,6,782,14688,1,,
488,1203,8,617,14702,1,,
488,1201,3,617,14702,1,,
458,691,4,724,14702,1,,
458,698,5,773,14702,1,,
409,92,12,749,14711,1,,
410,98,10,786,14716,1,,
258,306,6,770,14719,1,,
258,383,4,770,14719,1,,
87,347,11,749,14741,1,,
87,8,10,749,14741,1,,
92,1215,6,770,14742,1,,
415,167,1,776,14750,1,,
415,182,8,786,14750,1,,
483,1140,12,677,14760,1,,
408,2897,3,617,14770,1,,
412,99,7,749,14773,1,,
384,17,4,770,14781,1,,
457,659,6,644,14784,1,,
418,226,6,771,14787,1,,
404,1013,8,611,14798,1,,
73,3,7,738,14811,1,,
73,2259,2,738,14811,1,,
73,88,10,738,14811,1,,
411,111,8,762,14812,1,,
445,419,10,764,14819,1,,
445,413,10,782,14819,1,,
437,1196,6,771,14829,1,,
248,59,6,762,14832,1,,
78,2669,2,738,14833,1,,
78,7,10,798,14833,1,,
441,343,5,773,14851,1,,
285,2,1,770,14859,1,,
285,2,2,755,14859,1,,
285,77,6,738,14859,1,,
285,2291,2,755,14859,1,,
285,38,4,755,14859,1,,
285,2292,3,755,14859,1,,
257,2143,2,646,14866,1,,
421,293,5,764,14873,1,,
460,722,8,668,14885,1,,
484,1152,9,738,14888,1,,
484,1147,6,755,14888,1,,
321,213,5,786,14893,1,,
321,-1,-1,-999,14893,2,v14_piggyback,2.0,14893,0
407,35,4,764,14900,1,,
447,469,8,611,14901,1,,
447,475,9,749,14901,1,,
148,1536,6,738,14912,1,,
148,130,10,755,14912,1,,
385,21,4,794,14925,1,,
111,115,8,795,14927,1,,
111,1,10,795,14927,1,,
299,15,8,738,14932,1,,
299,124,5,755,14932,1,,
390,245,12,795,14946,1,,
340,6,6,794,14950,1,,
340,-1,-1,-999,14951,2,v14_piggyback,4.0,14950,1
467,856,12,755,14951,1,,
313,527,4,786,14970,1,,
410,86,10,784,14976,1,,
410,74,4,795,14976,1,,
410,74,7,784,14976,1,,
44,82,11,755,14981,1,,
426,617,3,782,14984,1,,
443,386,11,611,14993,1,,
392,326,10,738,15006,1,,
199,149,11,795,15011,1,,
229,205,11,755,15024,1,,
48,1378,8,795,15025,1,,
182,67,10,798,15040,1,,
413,133,10,791,15041,1,,
196,1803,1,786,15041,1,,
196,67,2,794,15041,1,,
258,2146,2,776,15046,1,,
354,2659,2,773,15052,1,,
425,547,7,762,15053,1,,
440,312,10,738,15056,1,,
406,1059,6,795,15065,1,,
252,2114,4,795,15076,1,,
252,306,2,795,15076,1,,
383,42,10,803,15091,1,,
402,944,2,794,15098,1,,
393,326,8,803,15111,1,,
320,0,2,716,15115,1,,
320,0,7,617,15115,1,,
441,320,7,794,15130,1,,
45,1281,10,498,15131,1,,
384,17,5,749,15139,1,,
372,754,8,798,15145,1,,
341,6,8,803,15148,1,,
450,525,5,611,15159,1,,
401,824,7,738,15167,1,,
204,149,5,772,15170,1,,
337,2567,2,764,15176,1,,
365,335,4,798,15176,1,,
390,2820,3,771,15184,1,,
274,378,6,798,15194,1,,
411,99,2,782,15195,1,,
138,1482,4,713,15200,1,,
488,3252,3,755,15202,1,,
442,359,4,749,15209,1,,
385,52,8,755,15216,1,,
445,425,4,784,15218,1,,
352,676,2,738,15224,1,,
255,2130,2,776,15242,1,,
436,1144,3,755,15245,1,,
367,372,4,762,15260,1,,
111,1330,4,713,15269,1,,
265,496,6,788,15272,1,,
433,1009,3,611,15279,1,,
264,923,1,782,15285,1,,
449,501,2,738,15291,1,,
153,1563,3,749,15292,1,,
437,179,3,749,15308,1,,
248,2094,1,771,15321,1,,
363,254,2,802,15322,1,,
440,307,8,737,15338,1,,
53,4,3,795,15340,1,,
174,153,4,788,15343,1,,
253,2118,2,755,15345,1,,
340,6,4,762,15349,1,,
383,21,4,816,15352,1,,
392,2828,1,794,15357,1,,
95,1229,2,701,15363,1,,
342,304,4,817,15372,1,,
157,65,10,800,15374,1,,
432,892,1,738,15379,1,,
454,606,2,819,15380,1,,
441,315,2,798,15386,1,,
242,64,7,819,15393,1,,
195,1794,3,749,15399,1,,
165,10,6,819,15405,1,,
356,2673,1,716,15412,1,,
361,60,2,749,15419,1,,
385,34,4,825,15429,1,,
442,360,10,769,15447,1,,
393,2830,2,749,15452,1,,
0,22,10,792,15466,1,,
41,29,7,830,15476,1,,
229,205,2,792,15482,1,,
146,1529,2,795,15492,1,,
122,1394,10,783,15493,1,,
320,0,6,832,15494,1,,
463,794,2,830,15498,1,,
418,232,8,647,15507,1,,
42,1237,2,832,15511,1,,
166,10,6,783,15519,1,,
439,273,6,813,15525,1,,
403,2873,2,762,15529,1,,
283,77,3,801,15533,1,,
283,36,5,801,15533,1,,
4,9,8,813,15536,1,,
96,1233,4,647,15542,1,,
288,470,11,804,15560,1,,
343,334,10,813,15560,1,,
440,299,6,823,15572,1,,
180,1717,2,792,15572,1,,
448,498,8,801,15588,1,,
289,38,7,810,15601,1,,
274,378,5,768,15609,1,,
443,385,6,801,15612,1,,
301,57,10,790,15623,1,,
195,1795,4,721,15625,1,,
1,41,8,768,15635,1,,
411,105,4,810,15638,1,,
363,220,11,822,15640,1,,
280,330,10,829,15649,1,,
192,104,8,822,15652,1,,
384,31,4,801,15659,1,,
299,54,10,787,15663,1,,
2,22,9,822,15666,1,,
313,2439,2,822,15671,1,,
428,758,10,751,15688,1,,
388,80,10,822,15704,1,,
383,31,7,801,15706,1,,
204,1848,2,822,15711,1,,
442,354,9,775,15726,1,,
441,343,10,842,15727,1,,
253,2118,2,832,15731,1,,
308,458,5,829,15740,1,,
427,683,3,647,15743,1,,
76,2514,2,800,15750,1,,
387,80,8,751,15752,1,,
234,2020,3,647,15758,1,,
452,578,5,682,15761,1,,
199,144,8,775,15775,1,,
306,256,10,682,15775,1,,
457,659,3,831,15779,1,,
372,2742,2,771,15785,1,,
242,430,6,843,15786,1,,
485,1165,2,831,15797,1,,
439,258,5,790,15804,1,,
166,1641,12,647,15819,1,,
0,3,1,843,15825,1,,
343,534,9,849,15829,1,,
448,492,8,742,15833,1,,
223,1960,3,831,15840,1,,
256,306,10,851,15844,1,,
438,237,4,843,15851,1,,
362,69,12,849,15854,1,,
443,382,7,831,15864,1,,
465,830,10,851,15866,1,,
463,784,8,774,15866,1,,
165,10,6,751,15875,1,,
464,806,2,751,15882,1,,
230,118,10,852,15897,1,,
296,2350,2,751,15899,1,,
476,1014,6,778,15913,1,,
224,83,5,839,15924,1,,
470,912,11,814,15928,1,,
393,472,8,852,15937,1,,
431,844,10,807,15943,1,,
416,161,4,808,15944,1,,
442,362,8,839,15946,1,,
442,354,7,834,15946,1,,
442,-1,-1,-999,15946,2,v14_piggyback,1.0,15946,0
216,83,10,807,15957,1,,
479,1075,10,852,15958,1,,
266,162,5,808,15966,1,,
241,318,6,814,15966,1,,
225,286,5,862,15974,1,,
283,2,2,778,15976,1,,
283,27,5,807,15976,1,,
488,1213,4,862,15981,1,,
180,14,3,807,16002,1,,
180,160,6,777,16002,1,,
433,995,12,815,16002,1,,
415,182,8,815,16014,1,,
299,2362,2,807,16015,1,,
299,54,7,777,16015,1,,
439,255,2,749,16036,1,,
109,1318,6,827,16046,1,,
3,22,7,777,16047,1,,
181,1722,10,474,16051,1,,
284,128,8,777,16059,1,,
414,154,6,818,16060,1,,
267,162,5,474,16069,1,,
285,2,8,828,16071,1,,
2,3,3,856,16074,1,,
438,204,1,775,16091,1,,
438,190,11,834,16091,1,,
445,416,3,867,16096,1,,
410,76,4,474,16097,1,,
296,2346,2,663,16101,1,,
94,13,6,867,16113,1,,
407,56,3,814,16115,1,,
407,56,4,828,16115,1,,
360,12,5,778,16128,1,,
448,490,4,808,16137,1,,
464,815,6,827,16150,1,,
486,1184,9,709,16156,1,,
409,68,8,866,16162,1,,
465,830,4,814,16164,1,,
465,821,6,778,16164,1,,
465,836,9,778,16164,1,,
465,827,6,807,16164,1,,
465,-1,-1,-999,16165,2,v14_piggyback,1.0,16164,1
268,90,8,709,16167,1,,
451,543,4,777,16171,1,,
430,833,5,709,16175,1,,
466,838,10,866,16176,1,,
86,8,8,866,16187,1,,
404,1026,4,778,16197,1,,
364,322,4,851,16204,1,,
182,166,7,855,16208,1,,
418,2940,3,777,16209,1,,
418,-1,-1,-999,16210,2,v14_piggyback,3.0,16209,1
388,199,3,807,16217,1,,
108,45,1,474,16224,1,,
108,1307,8,853,16224,1,,
411,101,8,855,16235,1,,
419,272,2,866,16241,1,,
456,638,4,709,16242,1,,
278,2254,2,807,16247,1,,
412,112,5,853,16256,1,,
413,137,2,807,16262,1,,
488,3252,3,827,16268,1,,
420,272,4,642,16279,1,,
331,530,6,707,16286,1,,
487,1189,4,707,16294,1,,
391,208,10,871,16300,1,,
439,255,2,814,16301,1,,
439,268,8,807,16301,1,,
248,284,2,828,16306,1,,
454,602,10,871,16314,1,,
188,184,6,857,16330,1,,
188,160,5,857,16330,1,,
389,250,6,698,16339,1,,
442,348,9,778,16351,1,,
39,44,2,853,16359,1,,
100,1261,3,808,16366,1,,
77,24,10,857,16369,1,,
438,227,6,840,16373,1,,
437,164,6,698,16378,1,,
437,-1,-1,-999,16378,2,v14_piggyback,2.0,16378,0
415,158,2,814,16379,1,,
410,74,6,871,16387,1,,
463,784,2,855,16391,1,,
463,-1,-1,-999,16391,2,v14_piggyback,1.0,16391,0
461,743,5,857,16395,1,,
478,1050,2,474,16397,1,,
241,2057,2,855,16401,1,,
386,2801,1,810,16421,1,,
446,450,2,819,16433,1,,
387,94,8,872,16433,1,,
385,21,1,777,16436,1,,
332,894,1,707,16441,1,,
183,1732,2,814,16441,1,,
54,4,8,900,16451,1,,
216,1914,2,841,16454,1,,
444,390,4,857,16459,1,,
444,-1,-1,-999,16459,2,v14_piggyback,1.0,16459,0
412,105,1,707,16478,1,,
466,849,4,799,16480,1,,
466,849,8,871,16480,1,,
466,838,4,821,16480,1,,
400,786,3,698,16485,1,,
484,3228,1,709,16491,1,,
411,105,5,707,16503,1,,
388,171,6,864,16504,1,,
115,1349,3,821,16516,1,,
408,48,8,850,16522,1,,
172,1675,2,900,16533,1,,
465,821,2,698,16544,1,,
454,612,3,707,16548,1,,
251,193,10,903,16561,1,,
188,1759,4,345,16562,1,,
479,3201,1,857,16566,1,,
407,48,7,881,16573,1,,
439,262,2,872,16580,1,,
324,2498,4,850,16589,1,,
416,178,1,642,16595,1,,
384,17,6,903,16601,1,,
140,1492,1,642,16608,1,,
256,221,2,835,16612,1,,
471,924,7,835,16622,1,,
415,167,12,903,16623,1,,
258,259,6,890,16632,1,,
257,411,5,888,16640,1,,
487,1186,1,857,16656,1,,
368,435,6,903,16662,1,,
446,3061,3,693,16674,1,,
446,433,12,835,16674,1,,
446,-1,-1,-999,16674,2,v14_piggyback,1.0,16674,0
386,132,9,850,16677,1,,
166,10,7,910,16689,1,,
369,337,8,859,16691,1,,
170,139,6,915,16698,1,,
370,372,4,902,16700,1,,
310,2423,3,910,16704,1,,
412,106,8,912,16706,1,,
413,133,3,902,16711,1,,
437,174,7,890,16716,1,,
199,1819,2,910,16720,1,,
455,634,10,891,16733,1,,
115,1352,9,767,16735,1,,
264,103,9,891,16748,1,,
411,106,6,857,16753,1,,
320,213,8,891,16760,1,,
284,38,9,824,16766,1,,
284,2,8,824,16766,1,,
285,2291,2,881,16773,1,,
484,1155,8,869,16780,1,,
388,132,1,850,16781,1,,
388,94,2,904,16781,1,,
321,0,6,824,16801,1,,
193,228,2,899,16811,1,,
408,56,9,905,16817,1,,
463,784,5,855,16828,1,,
270,2213,3,824,16829,1,,
409,87,6,885,16840,1,,
201,185,8,922,16850,1,,
145,1521,2,891,16857,1,,
444,390,1,857,16859,1,,
358,49,4,885,16868,1,,
135,107,9,893,16872,1,,
487,3246,2,886,16875,1,,
323,71,5,885,16879,1,,
323,-1,-1,-999,16879,2,v14_piggyback,11.0,16879,0
481,3217,3,824,16887,1,,
322,61,6,922,16893,1,,
322,91,8,893,16893,1,,
128,39,8,901,16895,1,,
410,96,8,926,16909,1,,
97,1244,8,893,16911,1,,
273,297,6,906,16921,1,,
363,156,8,893,16931,1,,
441,343,5,893,16941,1,,
441,-1,-1,-999,16941,2,v14_piggyback,2.0,16941,0
183,67,11,860,16942,1,,
130,1436,4,922,16950,1,,
412,2913,4,698,16958,1,,
413,122,7,922,16963,1,,
199,1820,3,861,16966,1,,
437,164,2,698,16973,1,,
301,15,8,860,16986,1,,
79,58,10,914,16993,1,,
449,506,6,860,16997,1,,
411,93,7,906,17007,1,,
180,160,7,924,17010,1,,
282,36,10,860,17026,1,,
320,0,5,878,17026,1,,
156,1581,1,896,17032,1,,
464,812,6,924,17038,1,,
440,290,6,785,17040,1,,
200,165,4,896,17041,1,,
285,36,5,930,17048,1,,
202,1837,3,785,17060,1,,
321,0,12,885,17067,1,,
302,15,5,897,17077,1,,
409,70,2,901,17080,1,,
201,1833,3,736,17094,1,,
457,665,2,785,17100,1,,
468,871,4,924,17111,1,,
485,1165,2,785,17118,1,,
233,2011,4,860,17121,1,,
370,2734,3,907,17128,1,,
174,1683,2,892,17132,1,,
444,405,5,906,17144,1,,
78,2711,4,836,17157,1,,
78,-1,-1,-999,17157,2,v14_piggyback,1.0,17157,0
128,1423,10,785,17160,1,,
477,1039,4,836,17176,1,,
162,1615,2,930,17182,1,,
367,2721,2,931,17182,1,,
178,1704,2,907,17189,1,,
169,1657,2,907,17195,1,,
437,140,8,891,17197,1,,
203,81,10,863,17200,1,,
203,165,11,875,17200,1,,
163,14,6,931,17208,1,,
439,261,2,860,17214,1,,
166,1641,8,875,17215,1,,
166,-1,-1,-999,17215,2,v14_piggyback,1.0,17215,0
344,2602,3,931,17216,1,,
129,1,1,824,17230,1,,
388,80,10,863,17231,1,,
388,-1,-1,-999,17231,2,v14_piggyback,1.0,17231,0
318,527,4,936,17249,1,,
323,0,1,878,17254,1,,
487,1192,1,824,17258,1,,
322,196,12,936,17274,1,,
438,204,8,863,17281,1,,
256,221,8,936,17292,1,,
411,99,11,863,17299,1,,
449,503,5,820,17307,1,,
449,-1,-1,-999,17307,2,v14_piggyback,2.0,17307,0
441,343,5,893,17316,1,,
273,2229,2,703,17324,1,,
413,145,4,875,17333,1,,
433,1000,3,875,17341,1,,
229,95,2,916,17342,1,,
233,2014,2,650,17348,1,,
202,1838,3,189,17349,1,,
440,312,9,892,17364,1,,
440,-1,-1,-999,17365,2,v14_piggyback,2.0,17364,1
274,243,5,943,17374,1,,
343,465,6,946,17378,1,,
230,276,4,946,17388,1,,
313,613,8,879,17390,1,,
231,276,5,934,17407,1,,
181,1724,11,879,17407,1,,
389,210,2,875,17415,1,,
223,1961,4,946,17416,1,,
416,195,5,745,17418,1,,
215,23,8,934,17435,1,,
314,564,10,745,17437,1,,
420,246,4,934,17445,1,,
420,-1,-1,-999,17445,2,v14_piggyback,3.0,17445,0
466,840,4,745,17447,1,,
477,1031,6,931,17469,1,,
318,2467,2,837,17478,1,,
414,155,6,944,17478,1,,
265,33,4,944,17487,1,,
439,280,9,936,17493,1,,
415,178,6,929,17511,1,,
419,246,3,934,17513,1,,
411,106,2,912,17518,1,,
438,216,3,938,17522,1,,
421,329,4,929,17527,1,,
275,277,8,921,17536,1,,
368,351,6,868,17541,1,,
368,435,10,868,17541,1,,
441,340,8,906,17565,1,,
441,323,6,863,17565,1,,
437,179,10,868,17567,1,,
469,902,10,809,17582,1,,
87,8,6,921,17593,1,,
284,128,5,809,17604,1,,
426,601,8,942,17616,1,,
356,787,7,921,17617,1,,
60,7,5,809,17627,1,,
385,42,8,868,17630,1,,
385,-1,-1,-999,17630,2,v14_piggyback,1.0,17630,0
42,29,8,873,17641,1,,
442,344,8,868,17644,1,,
480,1090,4,809,17650,1,,
340,6,8,932,17650,1,,
483,1135,7,868,17657,1,,
413,135,6,953,17661,1,,
106,1296,6,932,17662,1,,
216,181,7,868,17670,1,,
361,11,7,932,17674,1,,
357,2678,1,932,17680,1,,
388,2810,2,936,17689,1,,
457,667,5,868,17692,1,,
298,26,4,942,17701,1,,
339,287,11,962,17707,1,,
343,534,4,942,17711,1,,
449,513,5,745,17731,1,,
449,508,9,745,17731,1,,
154,16,6,948,17743,1,,
386,55,9,954,17757,1,,
95,13,12,948,17761,1,,
471,927,4,948,17771,1,,
407,1208,4,809,17776,1,,
407,-1,-1,-999,17776,2,v14_piggyback,4.0,17776,0
189,184,7,898,17795,1,,
393,462,12,952,17802,1,,
439,262,6,946,17803,1,,
338,298,4,882,17804,1,,
383,32,2,868,17813,1,,
383,42,2,868,17813,1,,
408,40,5,898,17818,1,,
424,532,2,809,17825,1,,
178,1708,2,865,17827,1,,
178,10,1,954,17827,1,,
441,328,8,809,17839,1,,
166,1641,2,875,17846,1,,
302,15,10,952,17850,1,,
425,522,7,806,17858,1,,
420,283,6,944,17871,1,,
420,263,7,868,17871,1,,
420,267,11,868,17871,1,,
426,571,8,894,17872,1,,
41,5,2,847,17879,1,,
438,218,4,868,17881,1,,
299,54,2,809,17886,1,,
223,1963,3,923,17889,1,,
107,13,1,911,17891,1,,
107,141,8,952,17891,1,,
253,2118,3,923,17899,1,,
24,1598,7,952,17916,1,,
305,333,2,868,17932,1,,
256,2133,2,868,17939,1,,
332,2544,2,923,17946,1,,
466,838,6,952,17951,1,,
466,-1,-1,-999,17951,2,v14_piggyback,2.0,17951,0
163,10,1,954,17962,1,,
1,51,6,927,17963,1,,
25,1632,2,488,17969,1,,
410,79,8,952,17983,1,,
314,2443,2,940,17990,1,,
331,688,10,957,17993,1,,
328,649,4,909,18000,1,,
388,132,8,952,18004,1,,
460,733,2,952,18010,1,,
471,922,6,952,18022,1,,
385,34,7,967,18025,1,,
333,2549,2,911,18029,1,,
480,1086,7,882,18034,1,,
480,1085,12,898,18034,1,,
480,-1,-1,-999,18034,2,v14_piggyback,1.0,18034,0
0,22,8,984,18047,1,,
213,1897,2,984,18054,1,,
393,2830,3,868,18060,1,,
50,1442,3,984,18062,1,,
449,503,2,820,18075,1,,
439,258,4,953,18076,1,,
439,251,4,894,18076,1,,
170,1660,2,957,18083,1,,
444,3051,2,981,18083,1,,
367,372,2,948,18091,1,,
316,2454,4,965,18092,1,,
156,1582,6,981,18103,1,,
226,1978,2,957,18121,1,,
159,269,12,961,18137,1,,
407,40,3,898,18142,1,,
394,352,9,945,18150,1,,
77,24,1,971,18153,1,,
438,206,1,809,18159,1,,
111,1327,6,961,18160,1,,
454,606,2,988,18165,1,,
51,88,4,945,18166,1,,
389,199,5,988,18191,1,,
334,805,8,537,18205,1,,
132,1,9,973,18214,1,,
410,84,5,537,18215,1,,
24,1590,2,973,18218,1,,
479,1076,2,961,18223,1,,
135,1466,4,537,18224,1,,
78,24,6,988,18236,1,,
26,1688,3,854,18244,1,,
161,1609,3,537,18251,1,,
306,376,3,537,18259,1,,
145,345,8,846,18262,1,,
1,19,5,846,18272,1,,
384,18,8,964,18276,1,,
422,402,10,846,18289,1,,
133,1,7,848,18296,1,,
133,1,8,964,18296,1,,
390,266,8,846,18302,1,,
60,1804,2,537,18308,1,,
60,9,8,989,18308,1,,
408,56,4,846,18324,1,,
408,35,10,833,18324,1,,
131,1,4,999,18330,1,,
298,26,4,848,18337,1,,
2,30,8,996,18338,1,,
331,2536,3,455,18343,1,,
385,42,3,848,18354,1,,
299,124,10,833,18354,1,,
450,524,2,973,18359,1,,
414,134,6,833,18373,1,,
414,154,6,917,18373,1,,
439,255,12,932,18388,1,,
439,-1,-1,-999,18389,2,v14_piggyback,2.0,18388,1
141,50,12,833,18391,1,,
271,2221,2,848,18393,1,,
387,73,2,845,18398,1,,
130,1435,10,998,18402,1,,
470,905,2,845,18403,1,,
398,674,4,989,18409,1,,
444,397,5,917,18416,1,,
444,397,12,965,18416,1,,
457,672,2,963,18419,1,,
155,50,11,998,18425,1,,
280,470,10,978,18432,1,,
323,0,6,998,18437,1,,
425,550,4,989,18446,1,,
397,643,11,928,18463,1,,
389,199,8,833,18471,1,,
389,247,4,917,18471,1,,
386,73,1,845,18472,1,,
424,519,6,876,18475,1,,
410,86,10,989,18491,1,,
410,-1,-1,-999,18491,2,v14_piggyback,4.0,18491,0
243,430,3,537,18499,1,,
328,609,5,956,18500,1,,
328,2517,3,956,18500,1,,
78,58,8,996,18501,1,,
378,1047,10,833,18515,1,,
482,1118,9,1003,18528,1,,
300,78,10,959,18529,1,,
479,1080,5,937,18536,1,,
479,-1,-1,-999,18536,2,v14_piggyback,1.0,18536,0
132,45,6,956,18545,1,,
391,208,2,876,18546,1,,
413,134,6,959,18549,1,,
413,148,9,1008,18549,1,,
135,147,3,959,18562,1,,
135,147,3,978,18562,1,,
415,161,10,994,18566,1,,
431,901,8,833,18574,1,,
388,168,8,1003,18578,1,,
416,161,6,833,18584,1,,
383,18,8,979,18590,1,,
452,574,6,959,18593,1,,
371,596,7,979,18603,1,,
241,2056,2,928,18613,1,,
241,157,7,913,18613,1,,
414,154,3,979,18615,1,,
288,36,2,989,18620,1,,
417,219,2,537,18629,1,,
264,923,4,994,18635,1,,
161,1612,2,372,18654,1,,
322,2487,2,998,18663,1,,
193,1785,2,989,18672,1,,
303,15,8,1001,18673,1,,
332,2539,2,998,18681,1,,
110,1,6,917,18683,1,,
390,266,4,996,18689,1,,
307,2406,4,917,18705,1,,
470,911,8,963,18711,1,,
470,910,12,977,18711,1,,
221,1947,2,876,18712,1,,
271,230,4,917,18717,1,,
457,664,6,979,18720,1,,
466,838,2,952,18731,1,,
468,874,2,876,18740,1,,
439,268,11,981,18742,1,,
450,539,12,845,18748,1,,
450,517,6,1003,18748,1,,
55,1622,3,977,18754,1,,
128,177,2,994,18761,1,,
442,3041,1,989,18783,1,,
211,1884,2,1003,18785,1,,
266,33,8,793,18793,1,,
266,327,3,793,18793,1,,
385,73,1,845,18794,1,,
143,1509,10,659,18802,1,,
482,1126,1,998,18806,1,,
66,1946,4,793,18807,1,,
66,4,6,883,18807,1,,
222,1952,2,977,18819,1,,
389,250,10,793,18821,1,,
363,119,8,947,18827,1,,
364,69,4,992,18834,1,,
265,496,10,883,18835,1,,
304,15,9,793,18848,1,,
438,237,9,883,18861,1,,
164,1628,6,793,18870,1,,
371,2737,2,919,18879,1,,
445,416,9,883,18883,1,,
132,1,2,1024,18895,1,,
132,1,6,793,18895,1,,
383,34,10,1013,18896,1,,
479,1080,1,937,18901,1,,
306,393,6,883,18904,1,,
365,201,10,966,18920,1,,
141,43,4,925,18927,1,,
195,1797,3,966,18933,1,,
384,18,1,1014,18936,1,,
384,-1,-1,-999,18936,2,v14_piggyback,3.0,18936,0
60,7,4,925,18940,1,,
410,70,6,925,18949,1,,
163,126,12,1012,18956,1,,
411,99,2,1014,18959,1,,
177,1701,10,925,18963,1,,
439,255,2,977,18966,1,,
379,2770,3,958,18974,1,,
394,2836,4,793,18996,1,,
179,1711,3,925,18998,1,,
179,10,12,1002,18998,1,,
359,2685,4,793,19003,1,,
362,156,2,925,19005,1,,
128,1426,3,974,19010,1,,
468,877,9,659,19021,1,,
224,339,5,972,19021,1,,
446,453,7,972,19034,1,,
78,2666,4,1012,19037,1,,
155,1576,4,793,19044,1,,
385,32,3,958,19044,1,,
375,2756,3,883,19049,1,,
442,349,8,947,19052,1,,
442,364,6,966,19052,1,,
413,145,2,925,19059,1,,
207,1863,3,883,19062,1,,
66,1958,2,45,19066,1,,
66,-1,-1,-999,19067,2,v14_piggyback,2.0,19066,1
453,598,7,1000,19087,1,,
466,838,3,833,19093,1,,
157,65,6,1000,19104,1,,
364,156,10,925,19120,1,,
383,18,3,1014,19121,1,,
383,18,4,941,19121,1,,
261,2166,2,955,19126,1,,
380,1060,2,1030,19127,1,,
410,97,5,955,19137,1,,
434,3007,2,1045,19141,1,,
424,477,2,955,19141,1,,
143,1511,3,908,19147,1,,
465,822,2,959,19148,1,,
266,2190,2,883,19153,1,,
164,14,4,955,19154,1,,
438,248,2,1009,19184,1,,
166,10,5,1039,19188,1,,
272,230,5,1040,19195,1,,
256,259,4,1004,19202,1,,
382,17,6,1040,19207,1,,
469,900,7,880,19215,1,,
267,162,8,1006,19221,1,,
439,274,10,925,19228,1,,
401,917,5,1006,19231,1,,
340,6,4,1006,19240,1,,
340,-1,-1,-999,19240,2,v14_piggyback,2.0,19240,0
411,106,4,1000,19250,1,,
393,326,6,1006,19252,1,,
338,85,8,1023,19268,1,,
425,536,10,1034,19268,1,,
225,181,1,1006,19273,1,,
447,469,6,1034,19284,1,,
258,488,3,1029,19291,1,,
451,543,10,870,19297,1,,
451,-1,-1,-999,19297,2,v14_piggyback,1.0,19297,0
440,288,2,1015,19302,1,,
144,50,9,1034,19304,1,,
358,12,1,880,19305,1,,
285,2,8,990,19312,1,,
179,1710,2,838,19322,1,,
364,200,2,980,19326,1,,
446,453,8,941,19326,1,,
204,1845,4,980,19332,1,,
171,139,10,1036,19336,1,,
414,158,3,1029,19342,1,,
378,1020,3,980,19358,1,,
384,2793,4,1033,19368,1,,
384,34,9,1045,19368,1,,
361,2697,2,980,19375,1,,
1,22,4,1036,19391,1,,
443,371,7,990,19392,1,,
365,254,8,1041,19401,1,,
365,121,5,1041,19401,1,,
410,70,11,1034,19410,1,,
442,354,8,584,19413,1,,
465,836,9,880,19426,1,,
341,100,7,983,19427,1,,
2,46,6,1052,19428,1,,
0,19,9,1011,19453,1,,
198,317,11,1046,19454,1,,
214,301,6,990,19454,1,,
385,42,4,990,19463,1,,
392,449,2,1052,19465,1,,
289,20,5,1038,19473,1,,
162,126,6,1054,19476,1,,
438,249,9,584,19479,1,,
283,77,3,1048,19481,1,,
157,1587,2,955,19487,1,,
233,2012,4,990,19490,1,,
440,295,12,980,19517,1,,
286,36,4,987,19524,1,,
286,470,10,987,19524,1,,
439,265,5,793,19530,1,,
439,262,4,584,19530,1,,
323,0,4,987,19533,1,,
323,-1,-1,-999,19533,2,v14_piggyback,2.0,19533,0
413,134,5,1053,19541,1,,
460,725,8,1046,19542,1,,
236,276,8,1061,19551,1,,
248,59,6,1053,19551,1,,
486,1175,8,584,19553,1,,
420,302,9,1020,19586,1,,
389,247,6,1041,19589,1,,
419,285,5,1031,19594,1,,
412,101,4,1041,19596,1,,
445,425,4,1020,19601,1,,
450,526,6,1041,19606,1,,
299,78,6,1020,19610,1,,
172,139,10,968,19613,1,,
361,11,8,584,19617,1,,
361,-1,-1,-999,19618,2,v14_piggyback,8.0,19617,1
388,199,8,1035,19629,1,,
285,2291,2,1048,19630,1,,
285,128,8,1059,19630,1,,
447,457,10,991,19644,1,,
324,2497,3,1020,19650,1,,
205,1853,8,968,19654,1,,
475,1004,12,639,19674,1,,
320,61,8,976,19686,1,,
188,184,7,1059,19687,1,,
410,86,6,793,19690,1,,
449,500,8,976,19698,1,,
443,384,10,968,19703,1,,
451,541,4,1015,19708,1,,
451,546,9,584,19708,1,,
423,493,4,1046,19714,1,,
230,123,10,639,19719,1,,
340,6,2,1034,19721,1,,
340,6,9,1057,19721,1,,
479,1081,4,1046,19722,1,,
436,1157,9,639,19735,1,,
348,580,8,976,19740,1,,
162,1618,9,987,19750,1,,
266,2194,3,870,19750,1,,
245,64,4,991,19759,1,,
245,2078,4,1057,19759,1,,
181,160,8,639,19764,1,,
375,932,3,584,19779,1,,
283,2283,4,639,19787,1,,
117,1366,2,584,19797,1,,
341,2587,2,584,19801,1,,
341,-1,-1,-999,19802,2,v14_piggyback,6.0,19801,1
413,138,12,1020,19805,1,,
385,73,1,955,19808,1,,
418,241,6,991,19818,1,,
87,8,3,1048,19822,1,,
455,634,10,743,19830,1,,
455,-1,-1,-999,19831,2,v14_piggyback,1.0,19830,1
352,680,2,982,19838,1,,
352,680,4,844,19838,1,,
411,96,10,743,19845,1,,
227,1985,2,1048,19855,1,,
106,141,8,743,19861,1,,
416,161,4,1061,19862,1,,
376,2760,3,983,19867,1,,
470,3165,2,639,19872,1,,
448,499,10,1016,19875,1,,
445,427,9,991,19881,1,,
445,421,6,976,19881,1,,
445,417,9,1057,19881,1,,
450,523,7,1061,19882,1,,
468,881,7,743,19886,1,,
473,957,6,660,19900,1,,
435,1137,8,969,19902,1,,
363,254,2,987,19914,1,,
459,714,8,743,19914,1,,
298,26,1,639,19923,1,,
163,14,5,1016,19933,1,,
349,589,8,826,19937,1,,
414,145,2,990,19945,1,,
340,6,9,660,19954,1,,
260,2159,1,990,19955,1,,
348,589,3,267,19975,1,,
320,61,4,743,19975,1,,
461,755,1,639,19981,1,,
475,993,6,523,19984,1,,
164,10,3,1043,19995,1,,
216,1915,4,743,20005,1,,
350,651,8,523,20008,1,,
440,290,8,1043,20020,1,,
413,114,8,660,20022,1,,
413,-1,-1,-999,20022,2,v14_piggyback,1.0,20022,0
295,2345,2,1043,20024,1,,
191,1774,2,523,20029,1,,
438,204,3,1072,20029,1,,
438,-1,-1,-999,20029,2,v14_piggyback,2.0,20029,0
204,1848,3,743,20039,1,,
415,169,6,1025,20041,1,,
200,185,2,1025,20045,1,,
181,224,4,1074,20067,1,,
134,1455,2,1050,20081,1,,
351,678,6,1056,20081,1,,
50,4,2,811,20083,1,,
256,306,4,1074,20088,1,,
234,2017,2,743,20094,1,,
458,3112,2,743,20101,1,,
257,411,11,1062,20103,1,,
139,50,1,980,20107,1,,
39,63,2,1058,20117,1,,
417,203,9,1062,20118,1,,
445,423,7,1043,20129,1,,
110,13,7,1062,20131,1,,
448,487,8,1050,20141,1,,
448,491,4,660,20141,1,,
349,2635,2,722,20158,1,,
163,1624,3,523,20163,1,,
384,21,5,1010,20183,1,,
384,34,6,997,20183,1,,
473,959,5,696,20186,1,,
473,957,7,1070,20186,1,,
468,881,8,1062,20194,1,,
341,6,2,660,20194,1,,
1,19,6,1079,20207,1,,
414,150,9,1010,20207,1,,
364,156,9,997,20220,1,,
0,37,6,997,20229,1,,
455,632,7,1016,20230,1,,
462,764,1,660,20236,1,,
475,1004,6,920,20237,1,,
475,1005,10,741,20237,1,,
475,1007,7,811,20237,1,,
461,753,9,1056,20242,1,,
440,311,3,743,20244,1,,
175,1690,2,884,20251,1,,
420,246,8,997,20254,1,,
459,718,8,1010,20266,1,,
3,30,12,1088,20270,1,,
258,233,6,997,20275,1,,
264,90,4,1088,20283,1,,
466,842,6,1010,20284,1,,
215,181,5,1056,20299,1,,
437,164,8,1047,20302,1,,
169,1657,3,1088,20309,1,,
412,101,7,1047,20319,1,,
412,-1,-1,-999,20320,2,v14_piggyback,5.0,20319,1
78,9,7,1047,20341,1,,
78,47,9,1047,20341,1,,
285,2295,4,1056,20341,1,,
229,95,4,1081,20347,1,,
300,124,6,1047,20350,1,,
419,267,4,1076,20361,1,,
283,20,7,1047,20361,1,,
192,113,10,1073,20364,1,,
190,1770,3,1081,20372,1,,
301,54,8,1087,20375,1,,
147,1535,4,975,20381,1,,
354,2657,2,1074,20387,1,,
54,4,7,1071,20389,1,,
404,1035,2,1025,20397,1,,
438,204,5,1072,20399,1,,
438,206,6,1073,20399,1,,
413,142,4,1059,20408,1,,
456,656,10,975,20415,1,,
425,2967,2,1019,20422,1,,
411,105,2,639,20436,1,,
4,1593,2,1047,20440,1,,
4,19,11,1022,20440,1,,
4,30,7,1109,20440,1,,
468,875,10,1072,20442,1,,
141,1499,1,1019,20446,1,,
230,205,10,1060,20460,1,,
136,107,8,1060,20472,1,,
465,827,3,1102,20479,1,,
320,196,1,1010,20488,1,,
55,4,6,1114,20499,1,,
55,5,5,1114,20499,1,,
224,339,8,1102,20500,1,,
77,2613,1,1056,20504,1,,
386,171,8,1022,20521,1,,
386,146,6,1109,20521,1,,
449,503,10,1022,20537,1,,
462,783,7,884,20542,1,,
352,713,6,1060,20552,1,,
302,15,1,1101,20554,1,,
302,54,10,1022,20554,1,,
353,787,12,1106,20561,1,,
440,292,4,1081,20567,1,,
440,288,7,975,20567,1,,
443,370,11,1022,20572,1,,
111,1,10,1106,20575,1,,
273,297,7,1060,20577,1,,
410,93,8,1106,20587,1,,
266,162,9,1022,20587,1,,
480,1091,9,1084,20600,1,,
361,60,8,1022,20601,1,,
154,16,6,1109,20612,1,,
180,10,8,1084,20614,1,,
180,139,2,1080,20614,1,,
384,31,7,1114,20625,1,,
466,845,2,1073,20627,1,,
383,32,11,1080,20629,1,,
285,128,3,1094,20637,1,,
285,38,3,1114,20637,1,,
382,17,1,1060,20655,1,,
44,1281,2,1106,20660,1,,
44,5,2,1084,20660,1,,
44,29,4,1080,20660,1,,
411,96,10,1084,20673,1,,
456,646,4,759,20681,1,,
456,647,7,1019,20681,1,,
413,137,7,1109,20686,1,,
409,87,4,1080,20688,1,,
409,74,6,1120,20688,1,,
267,209,4,1095,20696,1,,
349,678,6,1109,20697,1,,
385,52,10,1064,20702,1,,
444,391,6,1114,20709,1,,
412,105,9,1084,20715,1,,
358,49,12,1098,20720,1,,
458,692,5,1071,20732,1,,
115,1351,9,939,20733,1,,
401,803,7,939,20743,1,,
248,157,6,1022,20744,1,,
425,536,7,1084,20756,1,,
372,754,11,1096,20758,1,,
320,61,5,1022,20760,1,,
272,230,11,1096,20774,1,,
141,43,7,1096,20784,1,,
441,315,6,1106,20786,1,,
42,5,6,1096,20794,1,,
477,1044,6,1106,20806,1,,
137,1479,4,1022,20816,1,,
321,61,6,1080,20816,1,,
135,107,4,1125,20817,1,,
440,288,6,1109,20827,1,,
41,5,7,1120,20829,1,,
389,242,4,1120,20836,1,,
111,1328,4,1022,20837,1,,
471,929,3,1084,20842,1,,
471,-1,-1,-999,20842,2,v14_piggyback,2.0,20842,0
453,586,4,1087,20846,1,,
177,10,4,1096,20863,1,,
177,1699,9,297,20863,1,,
307,2406,3,1114,20864,1,,
384,17,8,1100,20868,1,,
392,449,2,1109,20871,1,,
269,2209,2,1080,20872,1,,
450,525,3,1055,20878,1,,
151,1555,2,1114,20893,1,,
275,2243,2,1100,20898,1,,
132,117,10,1105,20898,1,,
142,43,12,1115,20914,1,,
189,1766,2,1109,20920,1,,
411,102,6,1022,20930,1,,
43,1266,3,297,20930,1,,
43,5,8,1115,20930,1,,
306,256,10,1105,20944,1,,
456,646,6,1022,20947,1,,
409,68,5,1055,20955,1,,
195,1796,2,1047,20956,1,,
370,507,10,877,20958,1,,
410,2904,2,1117,20961,1,,
323,71,9,1115,20971,1,,
395,639,6,877,20980,1,,
340,304,1,1106,20988,1,,
104,1285,8,877,20992,1,,
466,853,5,1098,21000,1,,
390,2817,1,1071,21009,1,,
383,52,11,1126,21014,1,,
112,1332,2,1047,21015,1,,
215,181,2,1071,21020,1,,
366,351,6,1126,21025,1,,
320,196,8,1132,21028,1,,
477,1048,2,1101,21046,1,,
440,292,7,939,21048,1,,
46,1329,1,1114,21051,1,,
419,272,2,1126,21055,1,,
453,586,6,1064,21067,1,,
374,895,1,1109,21083,1,,
467,859,10,1104,21083,1,,
256,471,3,1139,21106,1,,
420,252,8,1104,21108,1,,
412,101,1,1047,21108,1,,
267,2195,4,297,21113,1,,
368,338,3,1111,21114,1,,
435,1136,4,1115,21120,1,,
479,1084,6,1104,21123,1,,
192,67,7,1146,21124,1,,
321,0,2,1139,21125,1,,
415,167,2,1098,21146,1,,
175,1689,1,877,21150,1,,
484,3229,2,1105,21156,1,,
95,1228,12,1092,21157,1,,
361,69,2,877,21160,1,,
4,9,8,1151,21164,1,,
469,885,9,1137,21170,1,,
421,303,10,1092,21185,1,,
279,2265,3,1137,21201,1,,
279,297,8,1092,21201,1,,
279,-1,-1,-999,21201,2,v14_piggyback,3.0,21201,0
323,0,6,1139,21205,1,,
360,12,4,1097,21212,1,,
446,443,9,1134,21218,1,,
174,153,6,1138,21227,1,,
481,1112,9,1107,21227,1,,
288,36,4,1140,21234,1,,
112,1332,3,766,21240,1,,
88,8,9,1134,21249,1,,
356,2670,1,1140,21261,1,,
438,237,7,1137,21269,1,,
410,87,8,1137,21283,1,,
201,223,7,1148,21298,1,,
453,590,9,1104,21299,1,,
440,290,11,1123,21300,1,,
440,-1,-1,-999,21300,2,v14_piggyback,1.0,21300,0
417,217,2,1149,21304,1,,
416,178,8,1107,21310,1,,
359,12,3,1097,21315,1,,
359,-1,-1,-999,21316,2,v14_piggyback,5.0,21315,1
418,222,9,1113,21317,1,,
411,2909,4,1137,21321,1,,
411,98,11,1154,21321,1,,
427,683,2,1149,21321,1,,
200,165,8,1107,21327,1,,
412,99,7,1140,21332,1,,
330,2528,2,1148,21332,1,,
471,929,7,1084,21347,1,,
443,375,6,1134,21361,1,,
199,81,6,1119,21374,1,,
166,10,7,1127,21387,1,,
480,1093,10,1130,21389,1,,
58,1712,2,1063,21393,1,,
58,-1,-1,-999,21393,2,v14_piggyback,1.0,21393,0
214,301,8,1127,21408,1,,
419,239,5,1137,21411,1,,
173,1676,2,1137,21438,1,,
173,153,1,1092,21438,1,,
407,48,6,1110,21441,1,,
456,653,3,1064,21446,1,,
328,649,6,1110,21451,1,,
426,584,12,933,21453,1,,
437,140,2,1137,21453,1,,
103,1282,3,1127,21461,1,,
323,0,3,1130,21470,1,,
323,0,11,1107,21470,1,,
323,-1,-1,-999,21470,2,v14_piggyback,13.0,21470,0
446,438,6,933,21470,1,,
469,900,3,1153,21481,1,,
174,1683,3,1065,21482,1,,
361,12,1,1097,21492,1,,
361,12,2,1119,21492,1,,
361,12,5,1130,21492,1,,
361,12,9,1148,21492,1,,
338,202,5,1110,21500,1,,
467,3150,4,1077,21503,1,,
78,24,6,1179,21513,1,,
415,182,4,1124,21516,1,,
415,-1,-1,-999,21517,2,v14_piggyback,3.0,21516,1
265,33,2,1179,21517,1,,
44,1298,10,1150,21524,1,,
302,2381,2,1110,21533,1,,
49,1405,3,1077,21536,1,,
474,988,3,1077,21546,1,,
443,382,4,933,21550,1,,
443,-1,-1,-999,21550,2,v14_piggyback,2.0,21550,0
378,2769,3,1085,21565,1,,
84,270,2,1119,21566,1,,
182,1731,2,1085,21574,1,,
412,99,6,1127,21585,1,,
120,89,3,1182,21585,1,,
120,3,6,1182,21585,1,,
418,234,6,1150,21597,1,,
416,182,4,1124,21600,1,,
416,173,4,1063,21600,1,,
305,212,8,1083,21610,1,,
129,177,5,1163,21621,1,,
440,312,7,1149,21626,1,,
103,1282,1,889,21629,1,,
39,63,7,1083,21636,1,,
301,57,8,1135,21663,1,,
446,443,8,1067,21674,1,,
446,433,5,1085,21674,1,,
0,37,8,1166,21679,1,,
207,1861,3,1135,21679,1,,
137,1475,3,1183,21696,1,,
298,1042,8,1162,21700,1,,
410,97,6,1174,21703,1,,
410,96,10,1174,21703,1,,
395,621,6,1156,21715,1,,
256,411,4,1166,21720,1,,
409,68,4,1156,21724,1,,
50,88,4,1174,21736,1,,
50,29,3,1174,21736,1,,
481,1099,4,1183,21737,1,,
226,1977,4,1166,21738,1,,
413,133,6,1156,21748,1,,
197,1813,3,1083,21766,1,,
339,85,8,1181,21774,1,,
339,298,10,1156,21774,1,,
228,1990,4,1005,21777,1,,
385,55,6,1187,21778,1,,
423,444,4,1181,21783,1,,
378,2769,2,1103,21793,1,,
394,478,7,986,21796,1,,
243,163,2,1083,21797,1,,
243,157,10,993,21797,1,,
258,233,7,1187,21804,1,,
242,163,2,1083,21806,1,,
242,2061,2,1083,21806,1,,
407,35,7,1161,21827,1,,
464,813,7,993,21829,1,,
414,135,4,986,21837,1,,
414,148,12,1118,21837,1,,
120,1384,3,1083,21846,1,,
120,1,5,993,21846,1,,
120,177,2,1193,21846,1,,
320,91,9,1161,21855,1,,
181,104,6,1193,21857,1,,
332,706,10,1017,21873,1,,
102,1270,7,986,21878,1,,
102,62,6,1118,21878,1,,
88,8,11,1161,21888,1,,
408,48,2,1186,21895,1,,
307,256,4,993,21906,1,,
307,256,4,1086,21906,1,,
484,1160,6,1161,21907,1,,
286,2,7,1118,21914,1,,
450,533,5,993,21917,1,,
384,52,6,1017,21924,1,,
384,34,5,1017,21924,1,,
42,5,6,1202,21925,1,,
415,173,4,1063,21934,1,,
264,183,2,993,21937,1,,
437,179,10,1017,21940,1,,
437,-1,-1,-999,21941,2,v14_piggyback,2.0,21940,1
133,1451,6,1202,21946,1,,
446,441,6,1156,21958,1,,
247,59,12,1129,21964,1,,
199,223,4,1174,21967,1,,
443,384,6,1077,21987,1,,
443,385,10,993,21987,1,,
383,52,4,1118,21989,1,,
254,259,8,1204,21995,1,,
470,914,8,1129,22001,1,,
266,2193,3,1181,22006,1,,
412,99,7,1183,22008,1,,
412,-1,-1,-999,22008,2,v14_piggyback,3.0,22008,0
441,340,6,1129,22013,1,,
24,1646,2,986,22023,1,,
393,326,5,1129,22024,1,,
296,2349,2,1174,22030,1,,
343,424,6,1017,22041,1,,
197,1809,4,1005,22042,1,,
407,66,9,1017,22060,1,,
475,1010,5,1128,22079,1,,
67,1959,4,1017,22083,1,,
67,7,3,1017,22083,1,,
95,13,4,1129,22088,1,,
339,2576,1,1066,22093,1,,
60,7,5,1203,22093,1,,
464,810,3,1129,22096,1,,
321,91,5,1184,22104,1,,
232,2007,2,1086,22108,1,,
181,224,4,1017,22113,1,,
159,1599,4,1017,22122,1,,
1,51,8,1208,22123,1,,
440,312,2,1129,22125,1,,
451,542,4,1184,22132,1,,
89,8,6,1208,22153,1,,
456,641,4,1017,22155,1,,
3,28,10,1201,22171,1,,
474,984,2,805,22176,1,,
79,2722,2,1168,22181,1,,
79,4,7,1168,22181,1,,
364,119,11,1201,22189,1,,
231,118,6,1196,22204,1,,
365,200,10,1155,22205,1,,
469,896,9,1168,22218,1,,
450,521,8,1086,22218,1,,
363,201,10,1216,22221,1,,
286,2300,2,1129,22229,1,,
5,9,7,1218,22234,1,,
415,154,10,1195,22250,1,,
227,25,8,1225,22251,1,,
443,382,8,933,22256,1,,
443,373,10,1017,22256,1,,
2,51,8,1195,22269,1,,
2,46,4,1195,22269,1,,
104,1285,4,1017,22270,1,,
470,905,8,1128,22284,1,,
470,910,8,1221,22284,1,,
470,-1,-1,-999,22284,2,v14_piggyback,1.0,22284,0
4,51,6,1168,22286,1,,
90,8,10,1195,22290,1,,
446,441,6,1225,22294,1,,
441,340,6,1027,22303,1,,
441,-1,-1,-999,22303,2,v14_piggyback,2.0,22303,0
280,378,10,1178,22316,1,,
91,8,6,1227,22320,1,,
422,399,2,1017,22327,1,,
404,994,2,1225,22327,1,,
362,60,8,1195,22338,1,,
362,119,2,1178,22338,1,,
6,46,3,1227,22359,1,,
439,268,4,1184,22368,1,,
485,1171,10,1089,22374,1,,
437,179,2,1017,22374,1,,
412,99,3,1183,22383,1,,
1,30,7,1178,22387,1,,
1,1593,2,887,22387,1,,
1,1232,4,887,22387,1,,
368,335,8,1207,22409,1,,
366,335,7,1195,22414,1,,
366,220,12,887,22414,1,,
265,90,4,1207,22416,1,,
451,553,9,1168,22421,1,,
385,34,1,1017,22424,1,,
413,142,6,1207,22425,1,,
367,337,6,1164,22435,1,,
367,351,8,1164,22435,1,,
445,427,1,1161,22442,1,,
445,-1,-1,-999,22442,2,v14_piggyback,1.0,22442,0
411,108,2,1207,22443,1,,
275,378,9,1141,22450,1,,
392,449,4,1224,22452,1,,
268,209,12,1189,22469,1,,
267,90,8,1194,22483,1,,
414,143,4,1224,22494,1,,
423,479,8,887,22497,1,,
476,1029,6,1195,22519,1,,
321,61,8,1219,22521,1,,
321,213,10,1219,22521,1,,
106,1301,2,887,22531,1,,
106,129,4,1234,22531,1,,
369,337,8,1219,22542,1,,
369,398,6,1007,22542,1,,
425,581,6,887,22542,1,,
446,441,8,1187,22544,1,,
446,-1,-1,-999,22544,2,v14_piggyback,2.0,22544,0
338,287,6,1178,22554,1,,
339,136,6,1180,22571,1,,
320,71,12,1236,22573,1,,
320,213,10,1231,22573,1,,
480,1093,5,1189,22581,1,,
418,241,8,1180,22589,1,,
78,129,10,1007,22598,1,,
78,58,7,1007,22598,1,,
439,255,8,1112,22601,1,,
131,1440,8,1180,22621,1,,
312,483,10,1219,22626,1,,
312,483,10,1231,22626,1,,
154,16,8,1180,22635,1,,
415,158,3,1178,22636,1,,
485,1161,1,1021,22642,1,,
485,1170,9,1219,22642,1,,
485,-1,-1,-999,22642,2,v14_piggyback,1.0,22642,0
134,130,5,1212,22645,1,,
213,81,3,1195,22653,1,,
213,1898,2,1116,22653,1,,
340,136,10,1219,22659,1,,
172,139,8,1243,22659,1,,
162,1615,3,887,22670,1,,
199,149,7,1219,22671,1,,
230,1997,3,887,22683,1,,
410,97,9,1007,22686,1,,
451,553,11,1180,22701,1,,
451,-1,-1,-999,22701,2,v14_piggyback,1.0,22701,0
229,95,6,1007,22704,1,,
419,239,5,1243,22711,1,,
232,2006,2,1195,22723,1,,
242,193,3,887,22731,1,,
413,137,4,1195,22752,1,,
441,343,9,1089,22755,1,,
441,324,8,1207,22755,1,,
96,13,10,1032,22768,1,,
313,483,1,1231,22769,1,,
313,480,7,1090,22769,1,,
407,56,11,1233,22783,1,,
228,25,12,1032,22787,1,,
473,968,5,1007,22792,1,,
440,311,6,1233,22795,1,,
412,114,10,1032,22804,1,,
112,1335,5,1007,22808,1,,
58,1712,4,1007,22817,1,,
58,-1,-1,-999,22817,2,v14_piggyback,1.0,22817,0
431,872,10,1032,22821,1,,
42,5,6,1032,22843,1,,
42,9,3,1032,22843,1,,
445,427,7,1161,22846,1,,
445,416,6,1176,22846,1,,
445,421,8,1175,22846,1,,
141,43,4,1007,22848,1,,
264,496,2,1233,22853,1,,
0,1297,4,1232,22862,1,,
455,636,5,1032,22876,1,,
439,258,10,1233,22878,1,,
409,87,1,1254,22880,1,,
409,92,6,1254,22880,1,,
397,643,7,1032,22887,1,,
435,3014,4,1232,22887,1,,
462,765,4,1007,22889,1,,
411,112,8,1248,22898,1,,
395,556,4,1231,22899,1,,
189,184,3,1254,22930,1,,
415,154,8,1222,22934,1,,
225,1975,3,1007,22938,1,,
476,1028,4,1160,22945,1,,
1,41,9,1222,22950,1,,
339,287,4,1032,22956,1,,
43,44,6,1222,22972,1,,
43,29,9,1263,22972,1,,
340,304,7,1222,22985,1,,
140,1495,6,1192,22989,1,,
136,89,8,1262,22994,1,,
136,107,5,1256,22994,1,,
101,1264,3,1248,22994,1,,
153,16,2,1032,22999,1,,
328,649,2,1248,23016,1,,
364,119,2,1178,23023,1,,
64,9,11,1256,23023,1,,
64,7,8,1267,23023,1,,
64,1933,2,1267,23023,1,,
338,100,11,1263,23024,1,,
261,2164,4,1222,23034,1,,
126,1414,1,1007,23039,1,,
126,177,8,1267,23039,1,,
469,896,6,1267,23050,1,,
441,319,10,1178,23055,1,,
106,1300,2,1116,23059,1,,
451,559,10,1233,23060,1,,
92,129,1,1236,23074,1,,
92,1215,4,1267,23074,1,,
368,372,4,1256,23083,1,,
3,28,8,1268,23088,1,,
230,1996,1,1144,23101,1,,
44,29,9,1143,23103,1,,
193,228,1,1192,23108,1,,
473,963,11,1267,23109,1,,
341,109,9,1143,23118,1,,
445,421,12,1007,23128,1,,
445,-1,-1,-999,23128,2,v14_piggyback,2.0,23128,0
127,1420,9,1143,23133,1,,
399,2855,2,1231,23134,1,,
455,631,10,1122,23135,1,,
455,633,7,1192,23135,1,,
485,1170,3,1219,23143,1,,
222,1954,8,1266,23150,1,,
410,87,3,1254,23157,1,,
439,253,12,1222,23169,1,,
416,169,8,1266,23183,1,,
325,448,8,1257,23189,1,,
440,305,6,1242,23195,1,,
440,307,1,1143,23195,1,,
78,47,6,1257,23198,1,,
365,335,7,1245,23200,1,,
466,853,5,1257,23206,1,,
285,2292,2,1257,23212,1,,
413,137,7,1143,23214,1,,
413,-1,-1,-999,23215,2,v14_piggyback,1.0,23214,1
55,4,7,1275,23224,1,,
288,36,6,1275,23233,1,,
419,289,6,1143,23240,1,,
419,-1,-1,-999,23240,2,v14_piggyback,1.0,23240,0
411,97,2,1007,23243,1,,
429,2987,2,1254,23250,1,,
407,35,7,1232,23250,1,,
80,58,12,1283,23265,1,,
461,751,2,1236,23265,1,,
461,-1,-1,-999,23265,2,v14_piggyback,1.0,23265,0
415,154,2,1231,23272,1,,
415,-1,-1,-999,23272,2,v14_piggyback,3.0,23272,0
101,1264,12,935,23281,1,,
284,20,8,1253,23293,1,,
454,624,6,1143,23293,1,,
457,664,2,1007,23298,1,,
121,1388,4,1143,23317,1,,
42,29,5,1272,23323,1,,
326,2510,4,1263,23324,1,,
375,754,2,1256,23329,1,,
113,1338,5,1143,23336,1,,
113,-1,-1,-999,23337,2,v14_piggyback,1.0,23336,1
339,2580,2,1007,23347,1,,
366,357,8,1255,23348,1,,
229,1994,2,1256,23353,1,,
233,2014,2,1143,23356,1,,
287,20,8,1274,23375,1,,
287,77,9,1270,23375,1,,
127,1421,12,895,23383,1,,
256,279,1,1219,23388,1,,
242,2063,2,1267,23394,1,,
414,154,1,1231,23409,1,,
439,280,8,1274,23409,1,,
488,1206,5,1253,23419,1,,
420,267,8,1249,23426,1,,
420,285,8,1249,23426,1,,
420,293,12,1249,23426,1,,
475,998,10,1270,23433,1,,
332,894,4,1275,23440,1,,
408,56,7,1255,23454,1,,
408,66,8,1249,23454,1,,
408,-1,-1,-999,23454,2,v14_piggyback,5.0,23454,0
158,1588,2,1257,23460,1,,
158,43,3,1270,23460,1,,
355,2663,3,1272,23466,1,,
333,865,7,1287,23480,1,,
112,3,4,1255,23488,1,,
112,1,6,1249,23488,1,,
410,86,6,1287,23489,1,,
410,-1,-1,-999,23489,2,v14_piggyback,1.0,23489,0
270,2214,1,1267,23491,1,,
286,2,8,1250,23501,1,,
421,300,11,1285,23506,1,,
101,1264,5,1250,23509,1,,
457,668,3,1289,23509,1,,
457,675,8,1049,23509,1,,
101,-1,-1,-999,23509,2,v14_piggyback,1.0,23509,0
394,462,12,1249,23524,1,,
407,35,6,1271,23536,1,,
118,1372,4,1288,23547,1,,
303,15,10,1229,23552,1,,
114,1,6,1229,23564,1,,
459,715,3,1249,23572,1,,
248,318,10,1288,23577,1,,
409,70,2,1288,23584,1,,
199,144,4,1288,23595,1,,
220,1942,3,1249,23596,1,,
220,-1,-1,-999,23596,2,v14_piggyback,3.0,23596,0
435,1137,5,1250,23601,1,,
2,3,8,1303,23619,1,,
243,163,6,1213,23619,1,,
412,102,2,1285,23619,1,,
0,41,8,1295,23634,1,,
275,2242,3,1249,23635,1,,
61,4,8,1290,23661,1,,
61,7,12,1290,23661,1,,
436,1073,1,1271,23664,1,,
419,283,6,1250,23671,1,,
439,253,4,1205,23671,1,,
56,4,8,1295,23696,1,,
461,751,5,1236,23702,1,,
369,452,12,1228,23712,1,,
411,108,12,1293,23724,1,,
4,22,10,1228,23730,1,,
115,1,9,1306,23736,1,,
207,1863,4,1306,23745,1,,
164,126,10,1228,23746,1,,
469,900,3,1293,23754,1,,
423,474,7,1238,23758,1,,
287,2,11,1302,23764,1,,
383,17,10,1238,23774,1,,
116,1,4,1302,23780,1,,
116,1,6,1290,23780,1,,
3,3,6,1238,23786,1,,
425,572,10,1172,23794,1,,
457,663,10,1205,23802,1,,
438,206,7,1172,23807,1,,
446,438,5,1238,23817,1,,
301,15,5,1172,23817,1,,
186,1749,2,1075,23823,1,,
114,1343,3,1028,23825,1,,
415,154,4,1231,23833,1,,
475,1010,5,1228,23835,1,,
398,685,6,1295,23848,1,,
113,1338,2,1143,23867,1,,
113,1341,4,1261,23867,1,,
399,674,9,1069,23883,1,,
258,2146,4,1287,23892,1,,
459,704,10,1172,23898,1,,
408,35,1,1172,23906,1,,
408,35,2,1271,23906,1,,
248,2091,2,1304,23906,1,,
303,2385,1,1075,23910,1,,
410,70,3,1288,23916,1,,
426,572,8,1276,23920,1,,
419,267,11,1228,23922,1,,
389,210,2,1302,23929,1,,
461,755,4,1075,23939,1,,
412,101,12,1172,23939,1,,
445,417,3,1228,23944,1,,
215,1908,2,1275,23950,1,,
416,182,11,1300,23960,1,,
427,601,8,1273,23967,1,,
442,356,3,1300,23967,1,,
388,199,8,1220,23970,1,,
388,94,5,1220,23970,1,,
0,1297,2,1300,23976,1,,
299,26,9,1297,23989,1,,
429,766,6,1297,23998,1,,
425,536,3,1286,24005,1,,
101,1264,3,1250,24018,1,,
302,152,6,1321,24021,1,,
155,1576,2,1297,24025,1,,
155,-1,-1,-999,24026,2,v14_piggyback,1.0,24025,1
407,66,7,1241,24046,1,,
387,94,6,1318,24048,1,,
106,1300,2,1093,24055,1,,
288,2,1,1241,24055,1,,
339,2580,2,1318,24062,1,,
363,2705,3,1241,24064,1,,
424,2964,2,1241,24071,1,,
438,227,7,1246,24084,1,,
386,120,12,1313,24084,1,,
386,-1,-1,-999,24085,2,v14_piggyback,2.0,24084,1
446,445,6,1265,24089,1,,
446,454,10,1304,24089,1,,
205,1850,1,1320,24093,1,,
166,1636,7,1313,24108,1,,
300,26,8,1296,24117,1,,
415,167,8,1304,24126,1,,
132,1449,4,1251,24132,1,,
437,1207,8,1296,24144,1,,
470,905,10,1324,24147,1,,
423,505,3,1310,24150,1,,
48,1378,3,1251,24155,1,,
148,1540,2,1313,24159,1,,
60,1798,4,1321,24164,1,,
111,1331,2,1313,24165,1,,
459,702,6,1320,24173,1,,
459,714,6,1241,24173,1,,
163,14,8,1277,24183,1,,
440,282,1,1321,24192,1,,
440,314,7,1284,24192,1,,
451,543,6,1277,24195,1,,
224,181,4,1326,24204,1,,
303,57,8,1284,24208,1,,
54,4,5,1284,24216,1,,
460,732,7,1131,24220,1,,
413,148,3,1284,24222,1,,
426,536,8,1286,24234,1,,
426,572,8,1325,24234,1,,
442,353,2,1235,24238,1,,
442,363,10,1297,24238,1,,
439,274,10,1325,24250,1,,
439,-1,-1,-999,24250,2,v14_piggyback,2.0,24250,0
154,1572,5,1131,24256,1,,
305,2397,2,1282,24276,1,,
410,84,4,1277,24277,1,,
479,1077,6,1325,24285,1,,
53,1501,2,1188,24289,1,,
344,334,12,985,24302,1,,
370,2732,3,1310,24308,1,,
417,189,8,1258,24320,1,,
388,132,8,1277,24321,1,,
388,168,9,1131,24321,1,,
388,120,5,1131,24321,1,,
446,438,11,1324,24326,1,,
468,882,5,985,24328,1,,
387,2806,4,1093,24330,1,,
463,3134,2,1284,24330,1,,
113,1341,1,1304,24334,1,,
438,248,6,1131,24342,1,,
441,342,6,1258,24344,1,,
371,537,11,985,24359,1,,
467,859,6,1336,24371,1,,
264,183,4,1336,24378,1,,
464,3138,2,1277,24382,1,,
155,1576,9,1297,24396,1,,
412,125,4,1333,24404,1,,
93,13,2,1136,24408,1,,
418,215,6,1294,24416,1,,
418,222,11,1240,24416,1,,
470,912,10,1251,24418,1,,
163,1621,8,1136,24422,1,,
163,-1,-1,-999,24423,2,v14_piggyback,1.0,24422,1
416,195,7,1240,24429,1,,
416,197,2,1328,24429,1,,
3,3,9,1329,24435,1,,
437,174,9,1282,24442,1,,
421,368,10,1334,24445,1,,
469,902,3,985,24448,1,,
333,706,8,1329,24455,1,,
96,13,8,1334,24456,1,,
411,106,6,1307,24479,1,,
148,1537,10,995,24480,1,,
479,1079,8,1258,24484,1,,
410,86,1,985,24493,1,,
410,96,3,1258,24493,1,,
290,404,9,1307,24494,1,,
423,418,6,1240,24504,1,,
440,292,3,1277,24506,1,,
347,2622,3,1240,24509,1,,
143,50,11,858,24512,1,,
407,40,2,1240,24519,1,,
112,1,8,858,24536,1,,
160,75,10,1264,24541,1,,
345,424,11,858,24552,1,,
2,41,8,1335,24555,1,,
460,727,3,1091,24561,1,,
413,145,2,1240,24562,1,,
136,1473,3,858,24567,1,,
136,89,8,1330,24567,1,,
312,2437,2,1328,24568,1,,
370,507,10,1264,24577,1,,
343,334,10,1198,24597,1,,
391,266,7,1264,24607,1,,
468,871,8,1258,24609,1,,
438,237,4,1336,24617,1,,
291,211,8,1152,24618,1,,
291,412,8,1152,24618,1,,
422,399,12,1342,24631,1,,
464,819,12,1336,24636,1,,
462,765,2,1240,24637,1,,
274,277,8,1152,24640,1,,
274,243,8,1147,24640,1,,
446,437,6,1335,24648,1,,
127,1,1,1147,24653,1,,
127,1421,8,1147,24653,1,,
127,-1,-1,-999,24653,2,v14_piggyback,1.0,24653,0
239,2045,2,985,24659,1,,
158,1588,1,1344,24663,1,,
158,16,8,1344,24663,1,,
341,6,10,1348,24666,1,,
341,-1,-1,-999,24667,2,v14_piggyback,3.0,24666,1
439,274,1,1325,24669,1,,
439,262,4,985,24669,1,,
306,393,2,1305,24678,1,,
344,473,9,1348,24679,1,,
390,242,10,1199,24679,1,,
417,222,1,1240,24683,1,,
281,470,9,1215,24696,1,,
51,4,1,1310,24697,1,,
442,353,7,1280,24710,1,,
442,359,6,1280,24710,1,,
451,549,12,1215,24712,1,,
444,3051,1,985,24726,1,,
292,485,8,1147,24729,1,,
292,563,2,1215,24729,1,,
202,1835,1,1258,24740,1,,
137,107,8,1147,24750,1,,
106,115,10,1353,24760,1,,
105,1289,10,1280,24776,1,,
3,9,7,1356,24787,1,,
457,658,8,1152,24788,1,,
163,1621,2,1136,24793,1,,
163,16,8,1280,24793,1,,
458,684,8,1198,24802,1,,
458,-1,-1,-999,24802,2,v14_piggyback,2.0,24802,0
182,1728,1,985,24806,1,,
387,2808,3,1336,24807,1,,
387,146,5,1199,24807,1,,
468,870,6,1342,24825,1,,
160,1601,11,1344,24825,1,,
482,1126,8,1344,24839,1,,
431,901,7,1147,24846,1,,
424,418,8,1344,24853,1,,
427,683,4,1147,24863,1,,
427,620,2,1348,24863,1,,
438,248,8,1280,24867,1,,
443,385,4,858,24876,1,,
443,384,3,1330,24876,1,,
418,235,7,1280,24880,1,,
43,5,8,1352,24882,1,,
358,979,7,1215,24888,1,,
312,2432,4,1352,24894,1,,
117,1365,2,1352,24901,1,,
398,741,7,1152,24901,1,,
453,598,7,1199,24906,1,,
340,109,6,1215,24921,1,,
200,223,7,1352,24922,1,,
138,1481,6,1051,24932,1,,
455,628,6,858,24933,1,,
183,191,9,1292,24951,1,,
411,112,4,1264,24962,1,,
486,1185,3,1152,24966,1,,
469,896,5,1335,24972,1,,
469,-1,-1,-999,24972,2,v14_piggyback,1.0,24972,0
386,168,12,1292,24973,1,,
386,55,4,1292,24973,1,,
419,246,4,1215,24975,1,,
287,2,4,1353,24992,1,,
287,-1,-1,-999,24992,2,v14_piggyback,6.0,24992,0
313,527,11,1292,25000,1,,
388,94,7,1121,25022,1,,
388,94,8,1206,25022,1,,
286,2,4,1327,25025,1,,
447,475,3,858,25026,1,,
447,-1,-1,-999,25026,2,v14_piggyback,1.0,25026,0
444,409,3,1359,25035,1,,
444,410,6,1051,25035,1,,
290,2318,2,748,25036,1,,
285,20,10,1354,25042,1,,
452,560,11,1206,25050,1,,
284,2290,4,1344,25051,1,,
104,1285,3,1354,25059,1,,
104,-1,-1,-999,25059,2,v14_piggyback,1.0,25059,0
401,897,3,1330,25061,1,,
395,595,4,1353,25068,1,,
84,270,4,1363,25077,1,,
164,1627,2,1147,25082,1,,
468,878,9,1292,25087,1,,
420,283,8,1369,25096,1,,
439,262,9,1206,25100,1,,
341,6,5,1215,25106,1,,
0,30,2,1344,25107,1,,
488,1203,2,1152,25143,1,,
488,-1,-1,-999,25143,2,v14_piggyback,1.0,25143,0
180,160,6,1206,25144,1,,
3,22,6,1292,25154,1,,
408,35,7,1206,25165,1,,
438,206,5,1198,25184,1,,
438,-1,-1,-999,25184,2,v14_piggyback,1.0,25184,0
400,782,5,1292,25191,1,,
11,2060,2,858,25191,1,,
288,38,8,1371,25192,1,,
397,2848,3,1363,25200,1,,
478,1063,5,1121,25206,1,,
143,1511,2,1264,25211,1,,
446,437,5,1292,25222,1,,
458,684,2,1198,25223,1,,
271,2221,2,1147,25230,1,,
407,40,7,1322,25247,1,,
407,1129,12,1350,25247,1,,
386,94,2,1206,25254,1,,
386,168,2,1311,25254,1,,
193,1788,2,1373,25255,1,,
433,909,6,1350,25263,1,,
12,2060,4,1173,25276,1,,
77,62,11,1373,25283,1,,
292,2330,4,1322,25294,1,,
289,36,6,1373,25294,1,,
469,896,1,1335,25300,1,,
134,1457,4,1121,25314,1,,
417,189,11,1211,25317,1,,
460,3123,2,1211,25324,1,,
468,880,6,1322,25336,1,,
399,666,10,1211,25341,1,,
260,2158,2,1121,25349,1,,
200,1827,2,1217,25361,1,,
410,2906,3,1322,25367,1,,
418,215,10,1372,25377,1,,
400,671,7,1279,25389,1,,
473,960,3,1211,25397,1,,
439,257,12,1346,25403,1,,
439,253,8,1346,25403,1,,
408,35,2,1322,25409,1,,
472,948,3,1247,25414,1,,
472,950,6,1247,25414,1,,
441,325,6,1279,25422,1,,
288,2309,2,1332,25428,1,,
256,411,12,1365,25433,1,,
0,19,4,1247,25439,1,,
455,636,1,1247,25444,1,,
434,1000,10,1210,25447,1,,
447,475,1,858,25450,1,,
229,118,1,1346,25450,1,,
458,684,6,812,25474,1,,
458,695,9,1366,25474,1,,
465,832,10,1377,25477,1,,
446,446,9,1322,25481,1,,
136,1473,2,1365,25486,1,,
136,-1,-1,-999,25486,2,v14_piggyback,1.0,25486,0
76,62,6,1377,25489,1,,
271,2220,1,1165,25496,1,,
104,1285,3,1354,25505,1,,
488,1203,6,1152,25509,1,,
230,321,5,1298,25518,1,,
407,2891,2,1211,25536,1,,
407,-1,-1,-999,25536,2,v14_piggyback,5.0,25536,0
468,882,7,1385,25539,1,,
417,215,4,1378,25545,1,,
133,117,8,1298,25551,1,,
469,890,4,1366,25555,1,,
481,1105,4,1377,25557,1,,
257,259,4,1323,25561,1,,
449,502,4,1323,25568,1,,
18,1311,4,1239,25586,1,,
410,76,10,1323,25593,1,,
416,175,4,1239,25595,1,,
2,37,12,1392,25614,1,,
318,2467,3,1298,25620,1,,
109,1317,3,1239,25622,1,,
78,2651,2,1323,25625,1,,
486,3241,4,1278,25632,1,,
304,15,8,1392,25635,1,,
304,-1,-1,-999,25636,2,v14_piggyback,2.0,25635,1
472,940,12,675,25638,1,,
349,2635,1,1167,25643,1,,
441,324,6,1388,25647,1,,
408,35,8,1298,25647,1,,
394,326,8,1340,25659,1,,
418,217,2,1399,25697,1,,
231,205,8,1026,25703,1,,
455,637,7,1387,25708,1,,
232,123,6,1402,25714,1,,
327,2512,2,1396,25715,1,,
174,1682,4,1026,25721,1,,
359,11,7,1299,25729,1,,
363,172,8,1026,25732,1,,
447,482,5,1159,25740,1,,
365,2714,2,1394,25740,1,,
488,1209,4,1311,25748,1,,
468,871,3,1211,25756,1,,
468,-1,-1,-999,25756,2,v14_piggyback,2.0,25756,0
361,11,8,1260,25757,1,,
469,903,4,1377,25767,1,,
257,2143,4,1349,25768,1,,
481,1112,5,1259,25796,1,,
481,1107,7,1239,25796,1,,
449,502,7,1278,25803,1,,
449,506,9,1026,25803,1,,
449,500,7,1340,25803,1,,
427,622,3,1386,25806,1,,
410,70,9,1299,25808,1,,
364,254,4,1398,25810,1,,
465,826,3,1026,25816,1,,
96,1234,7,1405,25821,1,,
53,4,2,1278,25821,1,,
472,941,5,1082,25845,1,,
472,939,5,1167,25845,1,,
166,1641,10,796,25849,1,,
281,378,6,1405,25857,1,,
484,1158,11,796,25867,1,,
386,120,10,796,25883,1,,
78,58,5,1223,25890,1,,
407,35,4,1298,25895,1,,
440,307,7,796,25896,1,,
477,1049,5,1223,25901,1,,
401,823,11,1360,25913,1,,
483,1145,9,1223,25916,1,,
415,167,6,1361,25926,1,,
378,1020,2,1223,25926,1,,
402,917,9,796,25928,1,,
163,14,9,1361,25938,1,,
458,698,11,1244,25954,1,,
448,494,8,1364,25954,1,,
159,192,6,1244,25963,1,,
439,253,6,1360,25966,1,,
327,2512,4,1260,25973,1,,
412,133,6,1317,25976,1,,
418,2938,4,1394,25978,1,,
455,635,7,1396,25986,1,,
366,322,6,1317,25987,1,,
362,121,4,796,25995,1,,
43,9,11,1401,26012,1,,
43,29,8,1401,26012,1,,
447,464,9,1299,26013,1,,
447,466,10,1223,26013,1,,
408,66,11,1415,26027,1,,
365,2710,2,1386,26036,1,,
365,121,7,796,26036,1,,
410,87,8,1405,26039,1,,
300,124,12,1413,26044,1,,
336,2562,2,1145,26046,1,,
140,1492,2,1145,26059,1,,
442,355,11,1401,26059,1,,
472,942,11,1415,26074,1,,
477,1045,1,1357,26085,1,,
477,1038,4,1191,26085,1,,
440,314,2,1360,26086,1,,
440,288,10,1364,26086,1,,
44,22,6,1415,26096,1,,
44,5,10,1424,26096,1,,
468,871,2,1211,26102,1,,
468,878,5,796,26102,1,,
388,198,4,1317,26110,1,,
388,80,6,1415,26110,1,,
158,16,8,1424,26122,1,,
483,1140,8,1145,26130,1,,
483,-1,-1,-999,26130,2,v14_piggyback,1.0,26130,0
316,712,8,1401,26133,1,,
111,1331,3,1419,26137,1,,
361,69,8,1244,26145,1,,
448,484,7,1355,26147,1,,
448,490,6,1177,26147,1,,
448,-1,-1,-999,26147,2,v14_piggyback,1.0,26147,0
293,2334,4,1409,26162,1,,
415,150,12,1317,26171,1,,
415,161,8,1413,26171,1,,
301,124,10,1409,26178,1,,
136,107,8,1419,26181,1,,
284,20,4,1317,26186,1,,
371,650,8,1397,26195,1,,
193,166,4,1317,26196,1,,
193,1786,3,1424,26196,1,,
413,138,6,1281,26206,1,,
386,120,5,1281,26216,1,,
112,141,3,1429,26223,1,,
112,1,4,1429,26223,1,,
211,1885,3,1317,26226,1,,
419,246,3,1412,26240,1,,
411,97,11,1281,26242,1,,
411,97,7,1397,26242,1,,
387,146,7,1381,26255,1,,
306,2405,4,1415,26257,1,,
276,461,4,1381,26264,1,,
447,482,6,796,26268,1,,
422,368,4,1381,26273,1,,
359,11,8,1428,26288,1,,
439,251,5,1376,26291,1,,
353,746,2,1317,26303,1,,
302,57,6,1426,26303,1,,
298,54,1,1406,26306,1,,
432,931,4,1376,26312,1,,
283,27,8,1389,26326,1,,
129,39,2,1426,26332,1,,
442,359,8,1412,26339,1,,
410,79,8,1430,26342,1,,
410,97,4,1397,26342,1,,
128,115,5,1389,26343,1,,
178,1708,4,1281,26354,1,,
178,126,2,1428,26354,1,,
420,283,6,1309,26360,1,,
456,653,6,1309,26369,1,,
440,305,11,1409,26383,1,,
440,290,8,1429,26383,1,,
440,292,6,1376,26383,1,,
182,1730,2,1309,26390,1,,
182,224,10,1390,26390,1,,
157,65,4,1431,26392,1,,
449,500,5,1417,26394,1,,
449,-1,-1,-999,26394,2,v14_piggyback,1.0,26394,0
446,450,6,1390,26399,1,,
285,38,4,1417,26403,1,,
388,146,10,1428,26409,1,,
55,4,3,1281,26416,1,,
450,525,6,1301,26420,1,,
345,544,4,1390,26427,1,,
230,123,4,1389,26431,1,,
307,408,3,1309,26433,1,,
482,1127,6,1308,26435,1,,
413,143,8,1381,26461,1,,
413,137,10,1308,26461,1,,
474,974,2,1281,26468,1,,
342,310,6,1425,26472,1,,
460,726,2,1308,26479,1,,
312,2435,4,1389,26481,1,,
419,283,2,1309,26487,1,,
419,252,8,1391,26487,1,,
400,2862,2,1431,26488,1,,
346,2617,4,1042,26508,1,,
483,1140,2,1145,26508,1,,
483,1139,3,1281,26508,1,,
398,747,2,1389,26514,1,,
305,346,10,1362,26526,1,,
439,274,10,1389,26531,1,,
422,358,5,1389,26541,1,,
454,616,9,1362,26552,1,,
454,611,11,1410,26552,1,,
448,497,12,1397,26558,1,,
448,498,2,1381,26558,1,,
447,463,7,1376,26559,1,,
116,1359,2,1281,26567,1,,
399,674,6,1442,26577,1,,
340,287,8,1391,26589,1,,
340,202,8,1410,26589,1,,
0,19,1,1308,26598,1,,
64,4,10,1410,26608,1,,
64,1933,4,1410,26608,1,,
387,176,1,1448,26614,1,,
56,4,6,1338,26617,1,,
56,82,6,1170,26617,1,,
261,327,9,1362,26620,1,,
456,644,6,1301,26630,1,,
122,1,10,1338,26634,1,,
181,160,10,1362,26644,1,,
421,387,9,1170,26649,1,,
169,1656,2,1452,26658,1,,
257,296,4,1437,26660,1,,
257,221,8,1214,26660,1,,
306,408,8,1338,26663,1,,
408,66,4,1456,26667,1,,
229,276,8,1391,26672,1,,
230,400,6,1338,26674,1,,
407,35,5,1425,26680,1,,
321,213,10,1452,26683,1,,
343,377,6,1410,26689,1,,
129,177,4,1456,26692,1,,
442,355,8,1170,26697,1,,
442,-1,-1,-999,26697,2,v14_piggyback,1.0,26697,0
464,819,4,1442,26720,1,,
128,89,8,1452,26724,1,,
163,126,11,1214,26730,1,,
106,1295,2,1452,26731,1,,
419,246,8,1214,26742,1,,
460,733,5,1338,26746,1,,
449,500,1,1417,26767,1,,
449,512,3,1042,26767,1,,
440,307,8,1214,26771,1,,
167,10,10,1269,26776,1,,
380,2775,4,1170,26784,1,,
341,6,4,1459,26793,1,,
472,949,12,1142,26796,1,,
133,39,4,1410,26802,1,,
133,1454,3,1214,26802,1,,
385,52,7,1142,26823,1,,
385,32,12,1099,26823,1,,
384,52,11,1269,26840,1,,
447,466,10,1338,26844,1,,
447,-1,-1,-999,26844,2,v14_piggyback,1.0,26844,0
448,497,6,1401,26847,1,,
477,1045,4,1391,26854,1,,
420,272,3,1389,26854,1,,
467,860,4,1362,26860,1,,
388,120,7,1142,26861,1,,
388,120,7,1099,26861,1,,
33,2596,3,1170,26862,1,,
422,387,3,1170,26876,1,,
405,996,9,1411,26880,1,,
320,71,1,1416,26883,1,,
320,196,8,1269,26883,1,,
284,2289,3,1338,26890,1,,
456,653,4,1214,26892,1,,
164,14,7,1142,26894,1,,
140,1492,3,1410,26899,1,,
124,1401,4,1099,26923,1,,
124,1,9,1441,26923,1,,
486,1177,3,1338,26928,1,,
486,-1,-1,-999,26928,2,v14_piggyback,2.0,26928,0
208,1867,3,1411,26930,1,,
208,1870,2,1443,26930,1,,
432,916,7,1099,26934,1,,
361,11,6,1099,26956,1,,
361,49,2,1441,26956,1,,
361,-1,-1,-999,26956,2,v14_piggyback,4.0,26956,0
399,2857,4,1269,26963,1,,
251,59,2,1269,26971,1,,
251,2106,3,1158,26971,1,,
275,277,7,1463,26976,1,,
408,56,7,1411,26979,1,,
403,976,3,1291,26985,1,,
1,28,7,1421,26989,1,,
407,35,6,1214,26994,1,,
321,91,3,1362,27000,1,,
460,738,11,1459,27007,1,,
201,165,8,1400,27012,1,,
142,1503,2,1338,27013,1,,
472,3170,2,1099,27019,1,,
472,953,6,1441,27019,1,,
288,128,3,1142,27025,1,,
224,83,4,1451,27031,1,,
300,54,4,1099,27034,1,,
404,1013,6,1400,27039,1,,
0,37,4,1451,27041,1,,
401,823,5,1400,27066,1,,
471,927,2,1451,27067,1,,
116,1353,3,1368,27076,1,,
359,11,5,1445,27084,1,,
448,490,3,1177,27090,1,,
341,6,6,1214,27101,1,,
341,-1,-1,-999,27101,2,v14_piggyback,6.0,27101,0
167,1648,2,1158,27109,1,,
462,783,1,1099,27113,1,,
462,-1,-1,-999,27113,2,v14_piggyback,1.0,27113,0
346,2617,3,1443,27116,1,,
217,231,8,1447,27128,1,,
467,863,10,1443,27130,1,,
366,351,2,1269,27131,1,,
257,296,2,1411,27135,1,,
441,340,6,1447,27140,1,,
194,228,4,1444,27142,1,,
474,986,2,1099,27142,1,,
447,467,10,1463,27174,1,,
436,3017,2,1362,27175,1,,
225,23,10,1358,27190,1,,
408,66,4,1473,27192,1,,
320,850,4,1358,27199,1,,
368,337,12,1403,27206,1,,
446,450,5,1422,27215,1,,
213,1897,4,1468,27216,1,,
398,674,8,1422,27229,1,,
302,54,10,1468,27236,1,,
302,124,5,1468,27236,1,,
42,29,6,1486,27240,1,,
367,357,6,1468,27246,1,,
51,88,4,1422,27249,1,,
142,1506,4,1185,27259,1,,
322,61,10,1403,27268,1,,
453,599,10,1351,27285,1,,
410,86,8,1433,27286,1,,
62,7,9,1351,27300,1,,
442,3042,3,1467,27304,1,,
423,444,11,1491,27315,1,,
57,4,9,1423,27315,1,,
344,310,8,1481,27315,1,,
192,104,6,1492,27325,1,,
385,55,6,1403,27327,1,,
151,1556,5,1433,27328,1,,
151,170,2,1433,27328,1,,
345,424,6,1467,27334,1,,
165,1634,2,1403,27339,1,,
165,16,5,1351,27339,1,,
182,67,8,1466,27346,1,,
257,2142,2,1482,27351,1,,
474,986,4,1492,27360,1,,
441,331,2,1481,27365,1,,
371,650,8,1466,27377,1,,
411,93,9,1491,27381,1,,
63,7,5,1464,27390,1,,
424,422,7,1434,27402,1,,
373,596,12,1440,27408,1,,
44,5,5,1433,27420,1,,
323,61,12,1457,27424,1,,
448,490,4,1452,27425,1,,
155,1573,4,1433,27434,1,,
366,337,10,1351,27442,1,,
180,1720,4,1486,27448,1,,
194,1792,4,1358,27457,1,,
341,6,11,1351,27459,1,,
341,-1,-1,-999,27459,2,v14_piggyback,2.0,27459,0
201,1831,5,1351,27469,1,,
210,231,3,1433,27470,1,,
0,28,2,1434,27481,1,,
384,32,10,1375,27486,1,,
1,30,8,1457,27486,1,,
388,199,3,1433,27490,1,,
45,5,9,1375,27501,1,,
410,76,4,1497,27516,1,,
391,245,10,1375,27517,1,,
181,166,8,1457,27523,1,,
464,3139,2,1433,27528,1,,
462,783,5,1099,27528,1,,
118,1367,8,1440,27537,1,,
453,599,8,1423,27544,1,,
453,599,2,1375,27544,1,,
453,-1,-1,-999,27544,2,v14_piggyback,1.0,27544,0
395,603,7,1440,27547,1,,
128,89,3,1464,27552,1,,
324,61,10,1503,27563,1,,
396,619,10,1470,27577,1,,
460,724,6,1440,27586,1,,
478,1052,10,1495,27600,1,,
285,20,6,1435,27611,1,,
176,1693,2,1375,27614,1,,
179,126,5,1470,27618,1,,
179,294,8,1494,27618,1,,
113,1,6,1435,27620,1,,
150,1549,2,949,27631,1,,
433,990,10,1494,27632,1,,
183,113,7,1435,27637,1,,
3,37,9,1470,27645,1,,
162,1613,6,1435,27650,1,,
375,951,2,1403,27654,1,,
441,340,8,1433,27675,1,,
441,340,6,1422,27675,1,,
441,342,5,1486,27675,1,,
441,-1,-1,-999,27675,2,v14_piggyback,2.0,27675,0
224,1965,4,1435,27681,1,,
323,0,4,1197,27684,1,,
323,71,9,1495,27684,1,,
444,405,2,1464,27685,1,,
2,19,4,1435,27688,1,,
361,11,1,1445,27691,1,,
52,1471,4,1509,27695,1,,
429,763,8,1470,27700,1,,
448,486,3,1435,27701,1,,
231,123,8,1470,27712,1,,
241,2057,3,1018,27726,1,,
114,1,8,1515,27736,1,,
157,1584,2,1434,27740,1,,
459,709,6,1157,27745,1,,
430,802,10,1374,27747,1,,
359,12,5,1157,27756,1,,
289,229,4,1440,27763,1,,
135,147,4,1157,27765,1,,
213,1896,3,1374,27769,1,,
194,1793,2,874,27781,1,,
447,467,2,1422,27785,1,,
458,699,4,1157,27795,1,,
407,66,7,1374,27796,1,,
410,87,6,1509,27798,1,,
141,1502,3,1494,27821,1,,
486,1177,1,1338,27824,1,,
336,2562,1,1434,27828,1,,
460,725,8,1470,27833,1,,
180,1717,2,1440,27837,1,,
242,59,2,1471,27848,1,,
113,1,10,1418,27857,1,,
113,141,8,1418,27857,1,,
176,1693,3,949,27867,1,,
176,1697,3,1018,27867,1,,
4,51,6,1418,27872,1,,
150,1548,4,692,27877,1,,
478,1063,2,1510,27884,1,,
421,369,10,1507,27892,1,,
143,50,6,1418,27905,1,,
387,120,6,1508,27914,1,,
201,223,11,1518,27917,1,,
5,30,11,1500,27930,1,,
230,95,11,1519,27932,1,,
453,599,9,1375,27939,1,,
385,72,9,1507,27942,1,,
344,465,11,1519,27948,1,,
449,3078,4,1339,27948,1,,
415,173,6,1518,27957,1,,
343,377,8,1500,27969,1,,
241,284,4,1518,27975,1,,
241,205,9,1341,27975,1,,
443,386,3,1339,27976,1,,
444,401,4,1374,27981,1,,
360,49,4,1518,27988,1,,
459,3117,3,1510,28000,1,,
414,158,3,1500,28001,1,,
414,148,8,1450,28001,1,,
348,694,10,1367,28002,1,,
438,218,8,1339,28014,1,,
114,177,10,1450,28015,1,,
451,3085,3,1339,28022,1,,
6,1259,1,1518,28024,1,,
6,9,6,1367,28024,1,,
458,682,3,1471,28029,1,,
413,148,2,1450,28031,1,,
413,134,10,1455,28031,1,,
290,229,6,1341,28033,1,,
478,3198,1,1521,28035,1,,
3,51,6,1507,28042,1,,
437,179,6,1418,28057,1,,
488,1202,8,1436,28057,1,,
447,469,8,1508,28069,1,,
428,679,7,1367,28078,1,,
477,1049,6,1418,28078,1,,
416,2932,4,1450,28085,1,,
441,340,4,1422,28092,1,,
224,83,3,1450,28099,1,,
194,1793,2,1518,28107,1,,
194,104,4,1341,28107,1,,
453,590,7,1339,28114,1,,
349,651,6,1501,28117,1,,
457,668,5,1341,28125,1,,
457,-1,-1,-999,28125,2,v14_piggyback,1.0,28125,0
255,2131,3,1418,28125,1,,
415,150,8,1367,28137,1,,
434,990,6,1345,28137,1,,
248,318,7,1367,28147,1,,
443,374,4,1507,28150,1,,
365,2712,2,1367,28159,1,,
365,200,6,1532,28159,1,,
444,403,5,1436,28167,1,,
62,1873,3,1478,28168,1,,
182,191,6,1532,28176,1,,
438,216,2,1477,28178,1,,
438,216,3,1478,28178,1,,
258,2150,2,1478,28185,1,,
4,30,8,1551,28195,1,,
452,560,6,1540,28197,1,,
414,135,4,1462,28202,1,,
264,103,3,1501,28206,1,,
115,1352,4,1341,28213,1,,
45,29,10,1540,28213,1,,
115,-1,-1,-999,28213,2,v14_piggyback,1.0,28213,0
469,896,11,1496,28218,1,,
216,83,8,1496,28230,1,,
427,679,3,1367,28234,1,,
427,-1,-1,-999,28234,2,v14_piggyback,3.0,28234,0
407,1132,7,1496,28241,1,,
5,51,8,1546,28263,1,,
227,25,4,1551,28270,1,,
451,552,7,1379,28270,1,,
451,559,6,1383,28270,1,,
451,557,12,1535,28270,1,,
160,1605,7,1393,28283,1,,
442,344,10,1546,28287,1,,
181,1726,1,1367,28294,1,,
181,153,10,1544,28294,1,,
171,1668,3,1501,28300,1,,
51,88,4,1393,28317,1,,
261,2162,2,1519,28318,1,,
437,179,9,1345,28323,1,,
437,1196,9,1551,28323,1,,
413,137,7,1462,28334,1,,
392,462,2,1519,28340,1,,
384,31,1,1436,28350,1,,
384,17,4,1542,28350,1,,
441,342,10,1496,28353,1,,
50,1443,4,1548,28353,1,,
433,3006,2,1407,28357,1,,
382,2785,2,1341,28363,1,,
395,595,2,1436,28370,1,,
225,23,10,1465,28386,1,,
455,631,6,1465,28398,1,,
286,2297,3,1450,28403,1,,
364,200,3,1465,28406,1,,
448,491,1,1496,28407,1,,
198,1816,2,1450,28412,1,,
465,828,3,1465,28416,1,,
42,1243,6,1546,28426,1,,
143,1509,2,1507,28430,1,,
143,-1,-1,-999,28430,2,v14_piggyback,1.0,28430,0
449,515,3,1418,28437,1,,
452,577,6,1465,28442,1,,
452,577,8,1475,28442,1,,
365,220,9,1315,28455,1,,
459,714,1,1507,28465,1,,
45,5,7,1315,28473,1,,
450,524,8,1502,28484,1,,
383,17,2,1541,28490,1,,
457,668,2,1341,28497,1,,
482,1121,6,1315,28503,1,,
229,205,2,1453,28503,1,,
391,2822,2,1230,28510,1,,
390,2817,4,1541,28519,1,,
393,455,6,1315,28526,1,,
353,2652,3,1230,28527,1,,
120,1,6,1446,28539,1,,
363,254,8,1526,28541,1,,
168,1652,8,1549,28551,1,,
354,744,8,1511,28556,1,,
160,1601,8,1465,28557,1,,
287,2,6,1460,28571,1,,
287,27,9,1549,28571,1,,
282,2,3,1446,28577,1,,
115,1352,4,1341,28577,1,,
115,115,9,1480,28577,1,,
444,394,6,1315,28585,1,,
254,233,10,1480,28596,1,,
463,798,8,1319,28619,1,,
463,790,8,1319,28619,1,,
323,0,4,1517,28623,1,,
323,-1,-1,-999,28624,2,v14_piggyback,1.0,28623,1
413,142,10,1460,28626,1,,
378,1041,5,1517,28631,1,,
392,352,8,1446,28638,1,,
267,209,9,1337,28652,1,,
455,626,10,1458,28660,1,,
455,633,9,1512,28660,1,,
274,434,8,970,28664,1,,
407,35,5,1512,28668,1,,
407,-1,-1,-999,28669,2,v14_piggyback,5.0,28668,1
268,162,6,1498,28676,1,,
325,61,11,1506,28684,1,,
414,135,8,1337,28690,1,,
365,156,6,1517,28693,1,,
473,956,8,1337,28704,1,,
355,746,10,1319,28705,1,,
66,3,3,1517,28711,1,,
66,1939,2,1506,28711,1,,
66,44,8,1506,28711,1,,
66,-1,-1,-999,28711,2,v14_piggyback,1.0,28711,0
384,17,2,1541,28724,1,,
384,18,7,1480,28724,1,,
384,52,3,1319,28724,1,,
384,-1,-1,-999,28724,2,v14_piggyback,1.0,28724,0
415,175,9,1506,28726,1,,
487,1195,6,970,28734,1,,
57,4,7,1480,28738,1,,
452,567,4,1502,28739,1,,
454,623,6,1498,28751,1,,
361,60,10,1480,28754,1,,
449,509,7,1230,28767,1,,
258,306,6,1319,28779,1,,
412,105,10,1533,28793,1,,
