pod_id,item_id,qty,order_id,processed_time,task_type,trigger,opp_score
243,316,7,-87,43,1,,
220,247,6,-64,53,1,,
220,259,10,-35,53,1,,
220,262,4,-35,53,1,,
0,0,1,-66,60,1,,
0,0,6,-87,60,1,,
0,0,5,-43,60,1,,
23,10,5,-56,63,1,,
23,1297,3,-56,63,1,,
23,3,11,-46,63,1,,
292,440,10,-55,68,1,,
247,327,6,-75,77,1,,
247,327,6,-26,77,1,,
58,46,7,-55,88,1,,
58,46,8,-47,88,1,,
100,78,11,-56,95,1,,
100,89,8,-52,95,1,,
100,84,6,-48,95,1,,
132,129,4,-75,99,1,,
132,117,12,-49,99,1,,
132,125,1,-49,99,1,,
179,186,8,-64,110,1,,
179,2001,2,-64,110,1,,
179,-1,-1,-999,110,2,v13_piggyback,0.010526315789473717
433,904,11,-56,111,1,,
242,314,10,-56,131,1,,
242,310,5,-52,131,1,,
41,19,4,-26,134,1,,
41,1369,12,-49,134,1,,
41,22,11,-98,134,1,,
59,36,6,-57,151,1,,
59,44,10,-58,151,1,,
59,41,4,-35,151,1,,
59,47,6,-35,151,1,,
59,42,5,-18,151,1,,
72,56,10,-56,158,1,,
72,1508,9,-48,158,1,,
302,2617,2,-55,167,1,,
302,462,8,-18,167,1,,
1,0,1,-43,168,1,,
1,8,8,-75,168,1,,
1,6,10,-49,168,1,,
1,5,8,-98,168,1,,
171,182,8,-56,172,1,,
244,316,7,-26,179,1,,
434,909,3,-35,187,1,,
434,903,10,-18,187,1,,
363,642,6,-51,188,1,,
430,890,10,-52,188,1,,
104,95,7,-46,201,1,,
221,247,1,-64,204,1,,
221,247,5,-47,204,1,,
221,262,4,-35,204,1,,
240,308,6,-51,213,1,,
340,570,8,-42,215,1,,
327,536,10,-35,220,1,,
64,48,5,-98,221,1,,
362,640,6,-56,226,1,,
122,114,3,-26,231,1,,
396,760,8,-55,234,1,,
364,648,6,-56,259,1,,
347,593,6,-58,266,1,,
67,1484,4,-98,270,1,,
46,36,5,-56,285,1,,
65,53,7,-58,287,1,,
246,2326,3,-98,291,1,,
38,19,6,-11,307,1,,
38,28,5,-69,307,1,,
105,1650,6,-58,310,1,,
105,-1,-1,-999,310,2,v13_piggyback,0.007361963190184007
488,1213,2,-26,319,1,,
252,338,5,-42,320,1,,
250,2347,1,-49,325,1,,
128,118,4,-42,334,1,,
375,681,6,-47,334,1,,
401,3199,2,-47,344,1,,
401,3199,3,-23,344,1,,
470,1096,5,-52,348,1,,
96,1609,3,-48,356,1,,
96,84,2,-48,356,1,,
348,593,8,-31,358,1,,
43,33,4,-23,375,1,,
66,55,6,-1,386,1,,
66,50,8,-1,386,1,,
270,387,4,-56,393,1,,
174,186,4,-64,400,1,,
117,1705,2,-1,407,1,,
117,106,9,-1,407,1,,
37,27,6,7,411,1,,
408,3239,4,-54,418,1,,
322,520,4,-58,423,1,,
108,101,6,-38,424,1,,
200,222,1,-38,427,1,,
454,1015,4,-56,431,1,,
118,112,2,-27,432,1,,
44,33,5,8,434,1,,
338,562,4,-68,450,1,,
213,248,4,-40,459,1,,
212,247,4,-47,465,1,,
214,248,4,-40,468,1,,
72,55,10,-44,479,1,,
72,61,3,-44,479,1,,
184,2028,3,-35,485,1,,
361,2963,2,-55,492,1,,
203,232,10,-44,494,1,,
32,19,1,-35,507,1,,
47,28,10,-44,510,1,,
47,37,2,-44,510,1,,
71,58,6,-14,529,1,,
71,60,8,-15,529,1,,
335,547,6,-21,540,1,,
335,2813,2,-21,540,1,,
308,481,8,-15,541,1,,
178,192,10,-96,549,1,,
307,478,9,0,554,1,,
296,2581,3,-76,557,1,,
221,263,5,-22,559,1,,
176,187,6,-76,569,1,,
390,3131,3,-56,569,1,,
65,53,12,0,570,1,,
396,3168,1,-76,574,1,,
222,265,4,1,576,1,,
409,796,8,-22,588,1,,
177,191,10,-81,591,1,,
410,801,8,-80,600,1,,
328,540,6,-81,605,1,,
422,854,3,-56,605,1,,
21,14,6,-50,622,1,,
21,16,8,-63,622,1,,
416,823,6,-44,636,1,,
416,809,4,-63,636,1,,
81,1547,2,-54,651,1,,
60,49,9,-63,653,1,,
12,1260,2,-56,655,1,,
67,56,2,-56,679,1,,
315,500,2,-40,687,1,,
17,14,4,-86,696,1,,
17,12,9,5,696,1,,
82,1547,2,-54,703,1,,
82,66,6,-19,703,1,,
105,1650,5,-58,706,1,,
105,-1,-1,-999,707,2,v13_piggyback,0.007361963190184007
223,271,8,0,707,1,,
72,61,6,-50,717,1,,
120,115,8,23,722,1,,
120,1721,1,20,722,1,,
120,-1,-1,-999,722,2,v13_piggyback,0.007633587786259555
45,35,7,0,727,1,,
32,1336,6,-63,736,1,,
2,9,10,20,738,1,,
18,1280,6,-53,745,1,,
212,248,2,-40,750,1,,
140,140,5,-44,754,1,,
22,16,1,-81,755,1,,
22,3,10,23,755,1,,
85,66,3,-19,755,1,,
40,1366,2,-96,768,1,,
40,1367,5,22,768,1,,
110,103,10,22,784,1,,
187,207,4,-81,793,1,,
88,70,6,-2,805,1,,
0,7,2,16,807,1,,
0,4,6,-32,807,1,,
303,472,5,-63,812,1,,
138,137,4,-74,815,1,,
59,1451,4,23,817,1,,
316,498,6,-79,830,1,,
463,1063,4,0,842,1,,
474,1120,3,-96,843,1,,
474,1121,6,-32,843,1,,
83,69,3,-74,844,1,,
229,2241,2,-56,859,1,,
106,96,4,-44,863,1,,
304,2631,2,-79,864,1,,
452,1007,3,-79,869,1,,
107,96,4,-44,869,1,,
133,131,6,-73,878,1,,
243,314,2,-56,883,1,,
250,336,8,-32,898,1,,
39,30,6,32,914,1,,
39,24,5,18,914,1,,
141,140,1,-44,927,1,,
141,138,6,18,927,1,,
192,209,6,-32,933,1,,
251,337,6,32,937,1,,
248,332,4,25,943,1,,
227,275,10,36,946,1,,
405,787,6,18,946,1,,
137,135,6,-24,956,1,,
483,1175,3,-96,962,1,,
379,696,5,-24,966,1,,
278,403,3,-96,982,1,,
134,120,4,-90,983,1,,
134,132,9,48,983,1,,
90,79,1,23,987,1,,
417,809,1,-63,988,1,,
417,819,2,-89,988,1,,
241,311,4,18,997,1,,
14,11,6,-90,1004,1,,
14,4,10,-90,1004,1,,
58,46,11,42,1005,1,,
433,903,10,-90,1018,1,,
259,356,10,29,1021,1,,
89,77,11,29,1039,1,,
128,120,4,-90,1047,1,,
128,117,4,-90,1047,1,,
293,444,10,42,1055,1,,
15,11,8,-29,1059,1,,
64,52,3,-53,1060,1,,
177,191,3,-44,1068,1,,
78,67,6,36,1068,1,,
282,411,9,-91,1070,1,,
378,685,8,-90,1080,1,,
453,1011,2,-44,1080,1,,
447,975,1,-56,1090,1,,
447,977,4,36,1090,1,,
292,441,5,36,1098,1,,
129,122,4,-45,1107,1,,
0,1,1,-24,1110,1,,
157,1898,1,-44,1117,1,,
147,148,4,36,1117,1,,
478,3669,2,0,1127,1,,
151,1872,1,18,1130,1,,
55,44,12,51,1133,1,,
55,36,11,51,1133,1,,
91,76,7,-91,1146,1,,
1,5,4,29,1155,1,,
148,148,7,-70,1161,1,,
208,2138,4,29,1164,1,,
208,-1,-1,-999,1164,2,v13_piggyback,0.00457142857142856
318,505,4,65,1173,1,,
236,294,4,36,1178,1,,
152,152,8,-33,1179,1,,
2,2,7,65,1186,1,,
278,2479,2,-24,1197,1,,
170,181,2,56,1202,1,,
265,2421,2,-10,1209,1,,
451,1000,3,-90,1211,1,,
172,183,2,42,1216,1,,
111,104,4,-29,1218,1,,
232,2257,3,-45,1224,1,,
347,2885,2,-68,1234,1,,
487,1202,4,51,1248,1,,
160,152,5,9,1248,1,,
192,210,2,36,1252,1,,
289,430,2,51,1254,1,,
370,668,1,-56,1259,1,,
96,84,2,10,1261,1,,
378,3063,3,-78,1266,1,,
222,2207,3,36,1271,1,,
161,160,8,-4,1289,1,,
471,1105,2,-29,1293,1,,
349,597,9,11,1302,1,,
153,150,7,11,1313,1,,
237,2281,2,10,1325,1,,
158,163,12,-13,1329,1,,
381,704,7,-13,1340,1,,
293,2563,2,-10,1340,1,,
436,925,6,-13,1349,1,,
3,9,2,-13,1354,1,,
338,563,2,-91,1361,1,,
48,40,4,67,1370,1,,
175,189,1,-13,1383,1,,
175,181,8,31,1383,1,,
55,1429,7,10,1389,1,,
453,1010,4,-3,1389,1,,
449,979,12,58,1393,1,,
449,990,8,58,1393,1,,
180,2005,2,29,1395,1,,
105,1650,1,-58,1401,1,,
406,789,3,-72,1404,1,,
4,0,11,31,1416,1,,
4,1230,4,31,1416,1,,
103,94,8,79,1428,1,,
369,664,12,-72,1431,1,,
130,128,4,79,1438,1,,
1,3,6,85,1441,1,,
348,595,2,-99,1445,1,,
371,657,2,85,1452,1,,
131,128,10,34,1454,1,,
368,657,6,85,1462,1,,
0,6,8,66,1463,1,,
201,227,5,34,1466,1,,
114,107,4,85,1469,1,,
76,64,10,64,1491,1,,
159,164,4,53,1500,1,,
159,162,9,40,1500,1,,
111,104,8,78,1503,1,,
2,9,9,64,1521,1,,
322,520,8,31,1522,1,,
178,185,4,79,1528,1,,
178,193,12,-85,1528,1,,
188,211,6,66,1531,1,,
202,227,4,34,1537,1,,
94,75,3,66,1549,1,,
94,1601,10,40,1549,1,,
308,483,5,40,1557,1,,
70,43,2,-85,1560,1,,
70,58,4,-85,1560,1,,
70,59,9,76,1560,1,,
89,78,6,72,1566,1,,
475,1125,6,53,1575,1,,
5,5,11,-85,1580,1,,
448,3478,4,72,1582,1,,
68,57,6,49,1585,1,,
68,54,7,60,1585,1,,
165,174,8,60,1596,1,,
63,51,10,68,1609,1,,
63,51,10,54,1609,1,,
3,1,8,90,1620,1,,
164,171,11,38,1627,1,,
28,18,4,-85,1627,1,,
28,1,8,54,1627,1,,
115,108,4,72,1628,1,,
60,49,11,38,1643,1,,
33,17,10,28,1654,1,,
33,1342,8,28,1654,1,,
175,189,2,49,1656,1,,
175,185,7,50,1656,1,,
6,2,7,38,1672,1,,
6,6,2,38,1672,1,,
75,63,7,90,1682,1,,
11,4,10,28,1684,1,,
11,10,12,28,1684,1,,
236,295,5,64,1685,1,,
236,291,3,38,1685,1,,
46,37,7,28,1697,1,,
233,288,10,73,1704,1,,
233,283,4,73,1704,1,,
180,2007,2,31,1708,1,,
221,265,8,54,1711,1,,
222,266,6,50,1713,1,,
158,1906,3,-16,1713,1,,
263,367,6,68,1722,1,,
370,664,6,49,1722,1,,
182,198,1,-16,1729,1,,
0,6,5,73,1731,1,,
157,161,12,92,1747,1,,
200,226,6,76,1747,1,,
445,965,5,28,1757,1,,
69,57,10,93,1766,1,,
321,515,5,28,1769,1,,
163,170,4,50,1774,1,,
332,549,5,54,1792,1,,
234,287,6,-17,1794,1,,
322,519,10,88,1796,1,,
14,1269,9,95,1809,1,,
47,36,4,49,1813,1,,
358,630,8,93,1821,1,,
439,939,4,-85,1822,1,,
204,232,4,-85,1829,1,,
78,67,4,38,1833,1,,
286,422,7,92,1836,1,,
334,554,4,-85,1837,1,,
37,27,6,92,1854,1,,
223,265,4,54,1860,1,,
165,173,4,50,1877,1,,
31,21,10,89,1878,1,,
352,608,3,78,1885,1,,
102,91,4,68,1888,1,,
284,2517,2,38,1890,1,,
232,286,3,77,1896,1,,
1,6,3,54,1898,1,,
473,3631,2,50,1900,1,,
347,2881,1,47,1913,1,,
46,36,2,91,1925,1,,
106,90,6,95,1926,1,,
106,92,2,89,1926,1,,
106,100,4,106,1926,1,,
167,1947,2,54,1930,1,,
229,281,8,74,1940,1,,
279,405,4,89,1947,1,,
279,393,12,57,1947,1,,
39,29,12,69,1960,1,,
335,554,2,-85,1962,1,,
34,26,12,57,1964,1,,
152,154,7,69,1970,1,,
32,22,6,106,1973,1,,
180,194,4,54,1978,1,,
144,144,9,14,1983,1,,
292,439,9,57,1986,1,,
109,102,2,76,1987,1,,
354,616,6,59,1995,1,,
280,404,9,13,2008,1,,
446,3468,2,-85,2009,1,,
256,349,6,14,2016,1,,
33,25,1,-7,2017,1,,
388,733,5,13,2020,1,,
139,1809,4,59,2029,1,,
440,948,2,28,2035,1,,
181,197,4,89,2044,1,,
260,356,1,29,2053,1,,
450,993,4,93,2059,1,,
78,1536,10,14,2070,1,,
133,1783,2,69,2074,1,,
261,357,10,-8,2078,1,,
79,67,10,83,2088,1,,
416,811,2,-8,2098,1,,
38,27,12,52,2105,1,,
387,730,8,12,2116,1,,
262,358,4,12,2122,1,,
131,1773,2,96,2126,1,,
131,128,6,96,2126,1,,
131,117,8,96,2126,1,,
222,262,2,89,2129,1,,
222,262,2,13,2129,1,,
74,1516,3,99,2139,1,,
74,-1,-1,-999,2139,2,v13_piggyback,0.002010723860589758
355,616,4,59,2142,1,,
486,1195,10,52,2145,1,,
119,113,4,13,2164,1,,
164,173,5,-37,2167,1,,
164,173,12,96,2167,1,,
69,58,4,-94,2167,1,,
67,55,8,114,2179,1,,
285,2523,3,106,2184,1,,
137,136,4,52,2185,1,,
137,136,9,96,2185,1,,
234,292,8,-94,2191,1,,
243,316,3,-94,2197,1,,
185,2029,2,114,2201,1,,
87,1572,3,92,2202,1,,
35,26,8,83,2214,1,,
35,22,6,96,2214,1,,
35,18,6,-37,2214,1,,
400,770,8,83,2231,1,,
400,767,3,-37,2231,1,,
58,46,10,115,2244,1,,
351,606,1,111,2246,1,,
351,604,8,52,2246,1,,
237,299,2,13,2247,1,,
192,197,2,89,2251,1,,
445,965,12,71,2260,1,,
284,415,8,111,2264,1,,
238,300,3,81,2265,1,,
17,1278,10,19,2274,1,,
273,391,8,96,2277,1,,
118,112,6,81,2278,1,,
244,314,9,71,2287,1,,
406,790,8,96,2289,1,,
245,318,10,82,2301,1,,
429,886,8,96,2312,1,,
260,359,11,-94,2317,1,,
84,72,6,109,2322,1,,
272,390,6,-95,2342,1,,
1,0,5,121,2348,1,,
263,366,2,121,2352,1,,
223,269,7,103,2353,1,,
297,457,6,103,2362,1,,
416,826,3,99,2365,1,,
98,87,4,-37,2369,1,,
387,728,7,-65,2375,1,,
120,113,3,121,2381,1,,
68,56,8,19,2384,1,,
197,222,6,115,2394,1,,
78,67,3,115,2399,1,,
298,454,5,19,2408,1,,
138,1800,4,116,2413,1,,
465,3577,3,19,2413,1,,
121,116,6,37,2420,1,,
299,455,10,130,2434,1,,
382,704,10,130,2448,1,,
275,396,3,71,2461,1,,
0,7,12,119,2465,1,,
0,1,4,119,2465,1,,
74,1516,3,80,2467,1,,
74,-1,-1,-999,2467,2,v13_piggyback,0.002680965147453085
430,887,10,-9,2470,1,,
224,2216,1,114,2471,1,,
2,8,11,102,2481,1,,
237,297,7,103,2487,1,,
126,124,12,-30,2489,1,,
264,369,7,-9,2500,1,,
129,120,4,130,2506,1,,
69,57,7,-30,2510,1,,
3,4,12,123,2510,1,,
3,1,11,123,2510,1,,
309,481,6,102,2529,1,,
309,480,8,-88,2529,1,,
156,120,4,130,2532,1,,
156,159,12,145,2532,1,,
127,124,10,-100,2542,1,,
234,291,11,145,2547,1,,
319,509,3,145,2553,1,,
65,53,6,102,2565,1,,
65,52,10,123,2565,1,,
65,43,12,123,2565,1,,
306,2642,4,143,2577,1,,
260,358,12,-88,2581,1,,
478,3667,4,-30,2582,1,,
81,68,10,123,2595,1,,
154,156,7,147,2602,1,,
154,154,12,147,2602,1,,
70,57,8,142,2603,1,,
36,1354,7,-88,2613,1,,
36,1,5,-88,2613,1,,
278,403,10,142,2618,1,,
100,89,7,123,2630,1,,
100,87,4,139,2630,1,,
17,1279,10,142,2632,1,,
303,470,6,147,2632,1,,
353,614,3,-9,2642,1,,
18,14,8,35,2643,1,,
310,485,9,75,2645,1,,
157,160,8,35,2655,1,,
82,68,1,123,2664,1,,
82,67,7,139,2664,1,,
82,63,4,149,2664,1,,
114,107,3,-9,2677,1,,
449,989,9,-88,2679,1,,
47,38,5,136,2685,1,,
31,22,7,139,2694,1,,
32,3,7,124,2696,1,,
32,21,12,124,2696,1,,
302,466,3,136,2714,1,,
162,152,10,124,2717,1,,
162,169,6,-67,2717,1,,
304,466,3,136,2719,1,,
120,112,6,-88,2736,1,,
11,5,6,35,2737,1,,
11,1,6,-67,2737,1,,
11,10,3,-67,2737,1,,
178,192,6,119,2746,1,,
320,508,8,35,2756,1,,
45,35,8,155,2758,1,,
158,164,7,155,2769,1,,
83,68,10,124,2770,1,,
156,1897,4,143,2776,1,,
398,763,2,-9,2780,1,,
355,621,3,157,2781,1,,
67,56,6,124,2784,1,,
67,50,4,159,2784,1,,
166,176,2,52,2788,1,,
33,25,10,157,2795,1,,
450,995,8,2,2799,1,,
155,158,3,-88,2801,1,,
256,2374,4,149,2809,1,,
164,173,6,124,2821,1,,
164,169,1,-67,2821,1,,
224,2219,2,-6,2832,1,,
224,271,5,2,2832,1,,
423,3327,2,136,2834,1,,
336,2821,3,139,2835,1,,
167,174,6,134,2849,1,,
138,129,5,-67,2856,1,,
138,1804,2,165,2856,1,,
296,452,6,-67,2865,1,,
275,393,5,35,2873,1,,
427,876,2,155,2879,1,,
290,2549,2,123,2886,1,,
118,1712,3,121,2893,1,,
303,468,4,123,2907,1,,
277,401,2,145,2907,1,,
458,1035,5,-67,2909,1,,
376,678,2,75,2917,1,,
354,618,2,159,2917,1,,
354,618,3,-67,2917,1,,
350,604,2,52,2920,1,,
243,314,2,96,2929,1,,
234,290,5,2,2933,1,,
270,388,4,35,2940,1,,
373,678,8,-82,2941,1,,
22,17,3,-67,2946,1,,
424,855,4,-84,2959,1,,
257,347,7,120,2964,1,,
384,716,3,86,2965,1,,
59,40,1,140,2986,1,,
59,47,11,127,2986,1,,
258,353,12,128,2991,1,,
58,48,3,35,2991,1,,
466,1072,3,171,2999,1,,
49,40,5,140,3000,1,,
259,353,9,137,3004,1,,
106,1654,2,86,3004,1,,
235,292,4,120,3010,1,,
196,2082,4,120,3017,1,,
347,591,10,170,3024,1,,
374,678,10,97,3031,1,,
103,93,6,171,3033,1,,
65,48,10,170,3047,1,,
453,1012,10,127,3049,1,,
425,858,7,97,3061,1,,
365,651,8,17,3061,1,,
382,708,10,127,3063,1,,
64,49,7,17,3074,1,,
30,20,8,97,3077,1,,
456,1024,10,127,3078,1,,
276,397,9,127,3091,1,,
284,417,6,127,3112,1,,
267,377,10,105,3120,1,,
5,1231,6,137,3121,1,,
85,73,8,154,3134,1,,
46,31,5,137,3148,1,,
46,36,5,185,3148,1,,
44,30,6,182,3148,1,,
44,34,10,174,3148,1,,
60,48,8,105,3151,1,,
60,48,4,169,3151,1,,
155,157,9,174,3161,1,,
469,3603,4,127,3168,1,,
34,22,6,105,3174,1,,
34,26,8,-20,3174,1,,
34,18,3,-20,3174,1,,
76,64,8,151,3178,1,,
98,80,2,-67,3180,1,,
98,88,6,174,3180,1,,
435,913,4,127,3187,1,,
31,18,1,169,3188,1,,
31,22,9,169,3188,1,,
32,20,4,176,3190,1,,
153,154,7,192,3199,1,,
427,874,10,86,3202,1,,
190,213,4,154,3204,1,,
190,208,4,185,3204,1,,
102,91,9,-20,3215,1,,
2,0,8,190,3216,1,,
300,461,8,190,3228,1,,
384,719,6,105,3234,1,,
384,713,8,-20,3234,1,,
299,459,6,128,3237,1,,
301,462,8,27,3246,1,,
289,2543,4,151,3248,1,,
319,2718,2,-100,3251,1,,
17,14,2,165,3255,1,,
182,200,7,188,3256,1,,
0,1,6,27,3277,1,,
0,3,10,188,3277,1,,
346,590,3,137,3279,1,,
187,208,4,185,3290,1,,
363,2974,4,151,3297,1,,
58,48,7,169,3298,1,,
285,417,1,127,3302,1,,
365,648,4,100,3312,1,,
365,650,5,105,3312,1,,
114,1693,2,97,3313,1,,
268,381,8,183,3315,1,,
302,464,6,188,3321,1,,
1,3,6,183,3327,1,,
1,1,2,183,3327,1,,
436,913,1,127,3330,1,,
380,701,7,-20,3342,1,,
56,1435,6,183,3344,1,,
128,118,1,151,3346,1,,
269,382,10,-39,3364,1,,
154,156,6,183,3374,1,,
65,53,6,183,3383,1,,
78,1537,6,105,3389,1,,
188,210,10,203,3393,1,,
366,651,7,196,3410,1,,
129,115,3,203,3413,1,,
410,805,1,97,3416,1,,
3,7,9,200,3417,1,,
106,99,6,105,3425,1,,
73,1514,4,105,3432,1,,
364,643,8,191,3434,1,,
395,757,4,-20,3439,1,,
485,1190,12,107,3450,1,,
64,49,8,209,3455,1,,
427,873,8,27,3458,1,,
288,426,10,107,3464,1,,
252,343,4,169,3465,1,,
266,376,10,104,3469,1,,
237,299,11,-60,3480,1,,
228,2239,3,188,3489,1,,
354,2923,3,105,3498,1,,
126,120,4,-60,3500,1,,
126,116,6,195,3500,1,,
2,4,8,104,3500,1,,
2,1216,6,104,3500,1,,
125,112,7,191,3515,1,,
125,120,4,-60,3515,1,,
460,1042,10,104,3531,1,,
189,211,8,-60,3531,1,,
98,1618,8,172,3542,1,,
140,1817,3,-20,3553,1,,
308,483,11,208,3558,1,,
360,2958,2,17,3563,1,,
236,296,11,168,3564,1,,
320,510,5,202,3568,1,,
320,2725,2,214,3568,1,,
416,827,2,-20,3568,1,,
250,336,8,168,3576,1,,
208,239,8,104,3579,1,,
82,68,8,207,3595,1,,
0,1,4,208,3597,1,,
0,3,9,214,3597,1,,
163,168,3,-60,3610,1,,
163,170,8,206,3610,1,,
31,1,10,126,3613,1,,
31,1333,2,126,3613,1,,
269,2435,3,169,3619,1,,
74,62,8,206,3625,1,,
89,78,10,126,3629,1,,
472,1107,6,107,3634,1,,
238,298,6,207,3643,1,,
476,1131,12,126,3646,1,,
448,3475,1,105,3650,1,,
161,1922,1,100,3663,1,,
83,1552,2,205,3669,1,,
149,148,7,-12,3679,1,,
43,32,4,206,3680,1,,
118,111,6,214,3689,1,,
118,96,4,126,3689,1,,
447,979,7,-12,3690,1,,
1,8,9,216,3702,1,,
349,600,12,-12,3706,1,,
284,416,3,191,3709,1,,
146,147,4,125,3715,1,,
172,182,9,126,3716,1,,
300,2607,3,144,3723,1,,
128,115,6,-12,3724,1,,
328,538,4,195,3730,1,,
47,38,4,-12,3732,1,,
59,48,2,214,3741,1,,
59,48,5,126,3741,1,,
337,550,4,216,3750,1,,
337,2827,2,216,3750,1,,
303,466,3,-60,3754,1,,
335,2815,2,104,3760,1,,
335,550,4,216,3760,1,,
305,466,3,-60,3768,1,,
23,1298,6,-12,3768,1,,
200,2099,3,191,3774,1,,
105,91,4,209,3786,1,,
105,96,2,126,3786,1,,
77,65,5,126,3795,1,,
468,1083,2,191,3795,1,,
39,18,2,-12,3797,1,,
39,29,9,164,3797,1,,
130,120,2,-60,3799,1,,
218,257,6,126,3804,1,,
380,694,5,104,3812,1,,
342,2853,2,207,3812,1,,
414,3271,2,168,3826,1,,
265,375,4,208,3835,1,,
179,2003,2,41,3845,1,,
129,117,10,189,3854,1,,
0,2,10,184,3868,1,,
190,214,4,126,3873,1,,
84,70,6,164,3885,1,,
84,66,6,184,3885,1,,
432,900,4,209,3888,1,,
340,570,10,161,3898,1,,
340,568,5,98,3898,1,,
46,35,9,189,3912,1,,
46,28,12,184,3912,1,,
333,550,4,216,3914,1,,
381,694,10,189,3926,1,,
302,468,12,161,3928,1,,
306,466,1,-60,3932,1,,
169,180,7,161,3943,1,,
448,3477,2,104,3947,1,,
149,1860,10,175,3957,1,,
149,150,6,164,3957,1,,
121,110,3,197,3957,1,,
249,2341,1,204,3961,1,,
159,1908,3,164,3971,1,,
159,163,5,189,3971,1,,
68,57,8,204,3973,1,,
337,2824,3,-97,3979,1,,
184,203,7,161,3983,1,,
453,1011,8,184,3985,1,,
216,252,4,161,3990,1,,
26,1310,10,117,4001,1,,
116,109,8,184,4015,1,,
210,243,8,163,4022,1,,
292,440,6,164,4027,1,,
119,114,8,-62,4034,1,,
200,2099,3,215,4042,1,,
200,214,3,98,4042,1,,
334,552,11,-62,4049,1,,
227,275,4,98,4053,1,,
252,342,6,184,4054,1,,
341,568,3,98,4059,1,,
78,66,6,184,4064,1,,
217,251,7,21,4071,1,,
160,1917,3,-62,4072,1,,
47,38,6,117,4073,1,,
324,2748,4,184,4088,1,,
118,110,7,219,4088,1,,
393,3149,2,219,4093,1,,
248,329,12,112,4109,1,,
300,2604,2,41,4119,1,,
140,1816,2,198,4121,1,,
140,1814,2,205,4121,1,,
418,836,2,141,4132,1,,
218,254,6,141,4140,1,,
253,340,6,240,4143,1,,
117,1704,2,161,4145,1,,
421,3317,3,184,4148,1,,
32,23,4,112,4152,1,,
32,24,12,213,4152,1,,
158,163,12,213,4169,1,,
72,61,12,213,4185,1,,
40,30,10,246,4188,1,,
374,679,2,98,4191,1,,
301,2613,2,98,4195,1,,
250,317,5,129,4203,1,,
250,331,8,-93,4203,1,,
371,672,2,184,4204,1,,
213,2165,3,189,4209,1,,
120,114,12,213,4219,1,,
417,831,12,131,4229,1,,
219,256,10,122,4234,1,,
364,2981,2,-12,4235,1,,
328,536,2,246,4240,1,,
372,671,6,162,4255,1,,
90,79,8,254,4258,1,,
21,16,11,122,4263,1,,
454,1015,8,162,4270,1,,
116,109,11,122,4278,1,,
339,567,6,162,4280,1,,
323,523,8,254,4286,1,,
342,575,2,-12,4290,1,,
220,259,12,43,4295,1,,
14,11,7,156,4300,1,,
334,555,10,129,4309,1,,
394,745,3,129,4322,1,,
394,750,6,253,4322,1,,
355,2929,2,250,4323,1,,
322,518,12,173,4344,1,,
1,4,10,235,4347,1,,
295,450,8,-93,4350,1,,
295,449,1,-93,4350,1,,
0,4,7,250,4357,1,,
41,28,7,254,4361,1,,
41,31,6,-41,4361,1,,
305,476,10,251,4375,1,,
240,306,10,-41,4380,1,,
51,1412,7,213,4384,1,,
51,43,2,122,4384,1,,
418,836,9,156,4393,1,,
442,955,9,129,4397,1,,
327,534,6,-41,4404,1,,
365,648,5,254,4412,1,,
463,1063,6,-93,4415,1,,
88,74,6,166,4423,1,,
3,0,8,251,4423,1,,
3,4,6,238,4423,1,,
156,1894,6,43,4424,1,,
85,1563,4,-41,4431,1,,
85,73,1,228,4431,1,,
39,30,5,129,4436,1,,
39,24,3,129,4436,1,,
256,346,10,227,4437,1,,
273,2456,4,173,4438,1,,
2,7,10,227,4452,1,,
33,25,8,238,4464,1,,
163,169,4,166,4469,1,,
153,155,3,254,4482,1,,
153,145,6,233,4482,1,,
93,84,6,129,4500,1,,
450,993,9,227,4501,1,,
379,696,5,213,4508,1,,
264,370,6,235,4510,1,,
336,550,4,-41,4510,1,,
328,536,2,156,4515,1,,
203,227,5,112,4516,1,,
92,84,6,129,4525,1,,
204,227,3,112,4531,1,,
340,567,2,162,4536,1,,
100,1628,3,112,4537,1,,
362,641,6,233,4546,1,,
26,1310,6,235,4547,1,,
257,348,11,258,4562,1,,
334,550,3,-41,4566,1,,
334,553,5,233,4566,1,,
86,73,4,233,4573,1,,
252,341,2,156,4578,1,,
64,52,3,-41,4587,1,,
480,1157,2,253,4588,1,,
161,1919,2,166,4592,1,,
243,316,2,213,4596,1,,
1,0,3,166,4597,1,,
258,347,12,231,4606,1,,
0,1215,8,126,4614,1,,
354,617,2,173,4624,1,,
241,312,8,199,4626,1,,
377,3059,1,168,4630,1,,
185,2031,4,199,4633,1,,
394,3156,2,201,4636,1,,
42,31,2,-41,4650,1,,
343,579,3,199,4653,1,,
130,127,4,201,4667,1,,
125,1743,4,199,4667,1,,
51,43,9,262,4678,1,,
335,553,2,233,4687,1,,
265,371,10,274,4694,1,,
205,236,6,274,4703,1,,
299,459,1,213,4712,1,,
128,119,6,262,4718,1,,
339,2837,2,122,4719,1,,
129,115,11,260,4734,1,,
481,1163,4,274,4736,1,,
37,27,3,262,4738,1,,
452,1007,1,129,4742,1,,
3,2,8,279,4748,1,,
423,857,1,189,4752,1,,
2,6,4,260,4763,1,,
175,1983,1,187,4763,1,,
175,188,10,187,4763,1,,
207,2135,1,184,4765,1,,
344,578,4,118,4772,1,,
176,188,8,243,4775,1,,
116,1702,2,166,4785,1,,
11,10,8,187,4787,1,,
86,1568,6,55,4799,1,,
108,96,4,267,4820,1,,
104,95,8,225,4832,1,,
480,1155,7,-36,4836,1,,
406,788,10,210,4836,1,,
467,1081,4,225,4839,1,,
111,104,6,225,4848,1,,
296,452,6,236,4851,1,,
5,0,7,179,4856,1,,
5,9,8,276,4856,1,,
287,425,7,276,4866,1,,
237,300,11,236,4868,1,,
174,187,8,210,4878,1,,
130,122,5,179,4886,1,,
121,1724,7,179,4896,1,,
343,578,12,284,4904,1,,
103,94,6,259,4905,1,,
206,227,5,187,4912,1,,
47,38,10,281,4919,1,,
264,2413,4,201,4921,1,,
438,3417,2,284,4923,1,,
57,45,3,259,4925,1,,
155,1890,3,293,4939,1,,
155,-1,-1,-999,4939,2,v13_piggyback,0.013661202185792365
50,41,9,291,4944,1,,
400,772,4,279,4948,1,,
439,937,6,30,4949,1,,
0,5,10,293,4963,1,,
293,440,9,248,4976,1,,
300,463,6,271,4984,1,,
294,443,7,229,4987,1,,
46,29,6,294,4990,1,,
46,35,6,294,4990,1,,
286,420,6,226,5000,1,,
1,1,10,271,5005,1,,
295,447,12,211,5008,1,,
135,1794,4,281,5011,1,,
135,133,4,230,5011,1,,
55,44,4,271,5012,1,,
156,154,7,248,5018,1,,
112,105,12,226,5028,1,,
366,652,6,265,5037,1,,
355,620,6,271,5043,1,,
109,102,4,230,5044,1,,
368,661,12,211,5047,1,,
199,2098,2,274,5050,1,,
199,2096,2,179,5050,1,,
128,123,4,294,5051,1,,
30,17,7,211,5063,1,,
30,1329,3,211,5063,1,,
353,613,8,270,5070,1,,
177,191,6,270,5079,1,,
296,444,10,304,5091,1,,
64,50,2,226,5093,1,,
96,86,4,271,5097,1,,
240,2294,4,274,5117,1,,
157,159,8,300,5119,1,,
118,110,4,294,5119,1,,
351,607,8,249,5129,1,,
249,334,7,-34,5137,1,,
136,134,5,277,5142,1,,
136,131,12,277,5142,1,,
121,114,12,178,5145,1,,
266,375,12,277,5158,1,,
47,36,10,178,5161,1,,
293,2566,2,281,5163,1,,
2,5,2,-34,5165,1,,
2,3,10,303,5165,1,,
2,1,10,303,5165,1,,
480,3677,2,225,5172,1,,
428,883,7,304,5177,1,,
140,141,6,248,5194,1,,
140,138,5,303,5194,1,,
406,789,8,178,5198,1,,
205,235,2,291,5203,1,,
345,584,10,303,5210,1,,
89,77,7,178,5220,1,,
91,79,5,211,5224,1,,
91,81,3,303,5224,1,,
292,441,5,24,5229,1,,
110,99,6,211,5238,1,,
110,96,2,303,5238,1,,
29,1322,8,24,5241,1,,
215,248,4,24,5248,1,,
116,109,4,24,5261,1,,
461,1050,4,178,5264,1,,
229,273,3,300,5264,1,,
229,279,4,303,5264,1,,
167,1945,2,270,5268,1,,
419,841,3,187,5274,1,,
133,131,6,304,5278,1,,
350,602,4,178,5281,1,,
164,172,4,248,5297,1,,
164,169,3,303,5297,1,,
212,248,1,24,5303,1,,
212,241,12,146,5303,1,,
218,257,2,187,5308,1,,
66,53,6,229,5317,1,,
446,969,11,146,5327,1,,
458,1037,6,268,5327,1,,
316,502,8,84,5339,1,,
216,252,1,179,5350,1,,
216,253,6,84,5350,1,,
452,1003,6,194,5351,1,,
134,133,8,318,5353,1,,
202,230,9,146,5366,1,,
468,3599,2,276,5376,1,,
72,1510,3,303,5382,1,,
308,480,2,179,5383,1,,
474,1124,6,303,5394,1,,
132,129,9,317,5397,1,,
132,121,8,320,5397,1,,
270,385,4,303,5403,1,,
226,273,3,300,5411,1,,
475,1121,2,276,5412,1,,
113,106,8,146,5416,1,,
113,100,6,320,5416,1,,
428,880,10,-34,5430,1,,
428,-1,-1,-999,5430,2,v13_piggyback,0.024531024531024515
14,11,7,146,5434,1,,
14,2,6,317,5434,1,,
227,273,3,300,5436,1,,
251,338,6,252,5450,1,,
15,11,8,312,5452,1,,
243,2311,3,-34,5461,1,,
210,241,8,310,5466,1,,
204,227,1,187,5471,1,,
104,93,7,312,5479,1,,
293,439,6,146,5490,1,,
313,494,11,245,5493,1,,
327,537,2,211,5495,1,,
416,823,8,252,5505,1,,
51,43,8,316,5506,1,,
328,536,2,330,5515,1,,
211,243,4,252,5523,1,,
211,241,6,245,5523,1,,
49,1404,6,245,5540,1,,
47,1399,6,265,5546,1,,
221,264,6,252,5549,1,,
271,386,5,321,5556,1,,
246,324,5,245,5559,1,,
272,386,4,321,5563,1,,
364,647,6,310,5566,1,,
123,113,5,252,5567,1,,
1,2,6,326,5575,1,,
400,769,1,303,5586,1,,
208,238,6,326,5593,1,,
228,273,1,300,5597,1,,
365,647,6,310,5602,1,,
182,200,1,303,5607,1,,
312,490,4,234,5619,1,,
312,2674,4,-25,5619,1,,
116,1700,2,211,5620,1,,
220,261,5,282,5627,1,,
461,1046,4,26,5634,1,,
381,702,6,320,5636,1,,
82,1549,1,248,5640,1,,
384,700,8,241,5655,1,,
487,1207,9,241,5673,1,,
119,96,4,324,5682,1,,
161,168,4,320,5690,1,,
161,166,8,39,5690,1,,
111,96,4,335,5691,1,,
109,96,1,324,5698,1,,
109,96,3,335,5698,1,,
48,35,9,299,5702,1,,
46,36,9,39,5714,1,,
46,1,9,39,5714,1,,
325,528,11,299,5717,1,,
112,96,3,335,5720,1,,
482,1168,5,146,5722,1,,
247,325,4,-25,5727,1,,
16,12,10,299,5731,1,,
393,750,2,245,5738,1,,
273,385,8,299,5743,1,,
205,235,10,39,5746,1,,
205,231,8,340,5746,1,,
326,531,6,-71,5752,1,,
255,350,12,39,5771,1,,
139,139,3,299,5771,1,,
416,826,9,245,5779,1,,
298,457,3,299,5782,1,,
412,3261,2,245,5783,1,,
113,1688,4,167,5785,1,,
113,102,6,39,5785,1,,
0,3,4,315,5807,1,,
51,34,9,344,5810,1,,
206,236,6,344,5819,1,,
297,455,10,288,5821,1,,
256,346,2,299,5831,1,,
127,125,5,150,5842,1,,
127,124,6,247,5842,1,,
120,113,8,150,5858,1,,
120,1722,4,247,5858,1,,
407,788,5,39,5859,1,,
476,1131,4,146,5866,1,,
311,488,10,302,5872,1,,
413,811,10,150,5873,1,,
115,1695,4,39,5873,1,,
110,98,9,158,5887,1,,
110,1675,1,158,5887,1,,
114,107,10,247,5901,1,,
207,227,5,325,5908,1,,
207,237,4,325,5908,1,,
229,2244,3,39,5914,1,,
182,199,10,158,5922,1,,
4,2,9,302,5926,1,,
289,428,3,310,5929,1,,
225,2221,2,315,5930,1,,
343,577,6,347,5939,1,,
343,574,6,347,5939,1,,
140,138,6,302,5939,1,,
345,586,10,283,5953,1,,
141,139,10,286,5954,1,,
428,880,2,-34,5965,1,,
374,3040,4,150,5966,1,,
374,679,5,347,5966,1,,
230,280,11,336,5966,1,,
249,333,3,146,5975,1,,
403,782,9,286,5992,1,,
474,1119,3,286,5998,1,,
231,282,10,46,6005,1,,
152,153,8,247,6006,1,,
16,1276,8,113,6010,1,,
59,1451,6,150,6017,1,,
232,284,9,148,6024,1,,
233,286,10,298,6043,1,,
212,245,8,46,6043,1,,
85,73,6,46,6052,1,,
323,524,4,158,6053,1,,
0,5,4,298,6056,1,,
0,8,4,298,6056,1,,
329,540,6,46,6061,1,,
330,540,4,46,6068,1,,
126,124,6,283,6078,1,,
150,1867,2,310,6080,1,,
297,454,9,315,6082,1,,
388,735,5,150,6086,1,,
128,125,5,150,6094,1,,
355,621,6,298,6098,1,,
358,627,3,158,6100,1,,
142,140,3,46,6105,1,,
308,479,4,298,6117,1,,
184,2027,2,247,6135,1,,
15,11,3,298,6140,1,,
15,2,8,364,6140,1,,
411,810,3,247,6151,1,,
162,168,2,320,6154,1,,
309,479,4,298,6156,1,,
112,1684,3,247,6156,1,,
136,134,5,343,6172,1,,
139,139,6,359,6185,1,,
1,7,10,343,6187,1,,
99,1624,2,39,6189,1,,
96,86,5,356,6199,1,,
255,350,2,252,6200,1,,
21,1292,10,343,6202,1,,
64,44,9,339,6213,1,,
18,15,8,342,6219,1,,
18,9,5,342,6219,1,,
205,227,2,325,6220,1,,
97,84,6,313,6238,1,,
160,161,7,339,6239,1,,
133,131,10,342,6241,1,,
453,1012,1,146,6243,1,,
152,1876,4,263,6251,1,,
152,-1,-1,-999,6251,2,v13_piggyback,0.021862348178137703
232,284,6,150,6262,1,,
65,49,6,354,6271,1,,
215,2171,2,313,6276,1,,
457,1032,8,342,6277,1,,
98,84,4,313,6292,1,,
289,429,3,339,6293,1,,
415,819,5,342,6296,1,,
83,70,1,343,6304,1,,
83,71,4,342,6304,1,,
72,45,9,257,6313,1,,
72,61,2,257,6313,1,,
137,134,11,110,6317,1,,
348,596,10,363,6319,1,,
351,605,4,342,6325,1,,
193,197,4,257,6330,1,,
193,215,8,257,6330,1,,
124,1739,4,343,6338,1,,
189,210,10,307,6348,1,,
166,1944,4,257,6355,1,,
276,398,10,110,6355,1,,
198,207,5,372,6378,1,,
198,222,12,383,6378,1,,
310,479,3,298,6380,1,,
218,256,6,110,6387,1,,
230,273,3,343,6390,1,,
170,181,4,307,6391,1,,
301,465,8,264,6399,1,,
311,474,4,257,6404,1,,
482,1173,3,363,6407,1,,
192,215,8,110,6410,1,,
430,895,2,299,6411,1,,
300,460,8,232,6422,1,,
440,947,2,354,6424,1,,
278,403,2,354,6439,1,,
77,1529,2,342,6439,1,,
125,119,9,232,6447,1,,
125,103,6,232,6447,1,,
171,180,8,220,6450,1,,
357,2944,1,263,6458,1,,
14,11,6,232,6463,1,,
14,1,2,386,6463,1,,
110,103,8,386,6476,1,,
21,1290,8,309,6486,1,,
18,15,4,232,6491,1,,
18,10,6,387,6491,1,,
343,577,2,298,6503,1,,
221,263,7,232,6509,1,,
210,2149,2,211,6520,1,,
73,57,6,355,6527,1,,
73,60,12,355,6527,1,,
222,2210,2,298,6531,1,,
126,124,2,315,6535,1,,
302,461,6,355,6536,1,,
275,395,2,264,6537,1,,
275,384,4,232,6537,1,,
248,319,2,298,6539,1,,
270,385,1,299,6542,1,,
93,1594,7,355,6547,1,,
0,4,4,355,6554,1,,
242,315,6,232,6557,1,,
453,1012,7,355,6565,1,,
416,819,1,342,6575,1,,
131,120,4,383,6575,1,,
193,215,5,383,6584,1,,
132,120,4,383,6595,1,,
274,392,8,285,6599,1,,
75,1520,4,386,6625,1,,
78,65,1,391,6634,1,,
276,395,2,264,6646,1,,
276,384,2,232,6646,1,,
1,2,5,285,6647,1,,
43,33,3,383,6652,1,,
228,273,1,343,6655,1,,
88,74,3,232,6658,1,,
116,109,1,299,6668,1,,
2,0,2,366,6670,1,,
2,4,6,366,6670,1,,
2,1,6,366,6670,1,,
203,231,7,393,6682,1,,
243,312,6,358,6685,1,,
251,337,8,366,6686,1,,
251,319,4,390,6686,1,,
160,165,7,393,6692,1,,
76,64,8,358,6697,1,,
163,170,8,285,6698,1,,
161,163,8,399,6704,1,,
312,491,2,393,6712,1,,
308,474,1,257,6713,1,,
308,482,10,332,6713,1,,
21,16,4,358,6714,1,,
68,57,10,332,6735,1,,
313,493,8,224,6742,1,,
165,169,6,366,6749,1,,
165,157,4,332,6749,1,,
284,416,7,224,6753,1,,
356,621,8,366,6761,1,,
186,203,6,224,6774,1,,
90,80,10,390,6775,1,,
319,509,3,358,6777,1,,
97,1613,2,345,6784,1,,
183,202,10,261,6788,1,,
29,18,9,332,6792,1,,
379,3069,3,110,6793,1,,
167,178,2,372,6797,1,,
198,224,2,264,6809,1,,
418,833,4,355,6818,1,,
111,103,12,410,6819,1,,
143,140,5,366,6828,1,,
376,685,10,353,6833,1,,
180,194,4,390,6841,1,,
17,14,7,353,6844,1,,
372,3028,2,386,6848,1,,
189,2049,4,289,6849,1,,
220,261,10,261,6850,1,,
415,821,9,273,6862,1,,
164,168,4,353,6871,1,,
159,1912,2,261,6878,1,,
159,159,9,410,6878,1,,
248,332,1,110,6883,1,,
38,28,8,261,6889,1,,
28,10,4,273,6904,1,,
28,18,6,360,6904,1,,
48,39,10,223,6905,1,,
30,19,8,377,6920,1,,
30,1,2,377,6920,1,,
274,2463,1,232,6920,1,,
31,18,4,360,6927,1,,
0,4,8,223,6934,1,,
311,479,4,403,6934,1,,
320,479,4,403,6941,1,,
313,479,4,403,6948,1,,
247,326,8,401,6958,1,,
23,17,8,223,6958,1,,
23,12,8,223,6958,1,,
173,181,5,223,6970,1,,
173,1975,3,223,6970,1,,
21,16,4,401,6970,1,,
362,2970,2,410,6971,1,,
221,261,8,223,6982,1,,
14,11,10,415,6990,1,,
318,506,8,-5,6993,1,,
61,48,9,415,7003,1,,
22,1294,8,296,7005,1,,
310,479,1,415,7014,1,,
310,477,7,101,7014,1,,
47,36,7,-5,7016,1,,
229,280,8,101,7026,1,,
1,6,6,-5,7029,1,,
57,1438,2,261,7029,1,,
271,389,5,101,7034,1,,
166,169,2,366,7039,1,,
166,176,5,296,7039,1,,
39,30,5,101,7042,1,,
183,201,6,273,7060,1,,
252,2357,1,343,7063,1,,
79,66,6,223,7080,1,,
256,317,6,404,7086,1,,
479,3670,2,393,7088,1,,
468,1081,6,-5,7089,1,,
462,1056,2,360,7093,1,,
15,7,4,101,7096,1,,
15,11,3,404,7096,1,,
80,66,6,223,7098,1,,
372,674,9,101,7111,1,,
360,635,4,308,7119,1,,
32,18,9,427,7124,1,,
440,945,5,377,7127,1,,
126,124,5,377,7135,1,,
30,16,4,420,7138,1,,
30,20,6,357,7138,1,,
50,41,9,371,7157,1,,
10,1251,7,357,7160,1,,
31,1334,8,406,7169,1,,
272,385,6,404,7169,1,,
409,3246,3,390,7170,1,,
186,205,4,-5,7178,1,,
330,2781,4,-5,7192,1,,
106,1651,3,366,7197,1,,
257,317,7,334,7199,1,,
134,1789,2,377,7206,1,,
212,245,6,427,7206,1,,
260,360,7,334,7211,1,,
341,567,6,404,7216,1,,
224,2218,3,413,7222,1,,
303,469,6,334,7227,1,,
308,480,5,413,7238,1,,
258,355,8,280,7239,1,,
318,505,10,33,7241,1,,
49,35,7,334,7249,1,,
408,794,7,108,7258,1,,
259,349,8,400,7261,1,,
146,146,8,280,7272,1,,
355,621,3,415,7276,1,,
353,2918,2,101,7291,1,,
376,3050,3,329,7296,1,,
432,901,9,397,7301,1,,
289,2544,2,223,7305,1,,
312,479,1,415,7308,1,,
64,1471,2,366,7309,1,,
431,897,9,327,7326,1,,
111,1676,2,366,7328,1,,
393,3154,2,390,7333,1,,
340,567,1,404,7338,1,,
52,41,4,221,7343,1,,
52,34,4,-92,7343,1,,
52,36,5,-92,7343,1,,
141,140,1,366,7346,1,,
138,1804,2,366,7356,1,,
10,1251,10,15,7357,1,,
372,3031,2,357,7361,1,,
468,1085,12,365,7362,1,,
468,-1,-1,-999,7363,2,v13_piggyback,0.03508771929824561
467,1081,2,-5,7375,1,,
243,2309,2,366,7379,1,,
50,1410,3,334,7382,1,,
50,38,5,365,7382,1,,
210,243,2,87,7395,1,,
135,130,8,397,7399,1,,
326,2761,4,87,7406,1,,
442,957,1,223,7410,1,,
331,2786,4,87,7417,1,,
314,496,8,400,7431,1,,
251,338,8,327,7443,1,,
171,1963,2,87,7448,1,,
241,310,1,87,7451,1,,
261,355,6,397,7454,1,,
133,131,12,392,7460,1,,
240,302,5,417,7460,1,,
212,245,8,327,7466,1,,
450,993,7,-92,7479,1,,
443,956,4,388,7481,1,,
443,957,12,-83,7481,1,,
439,940,1,324,7484,1,,
451,996,6,275,7490,1,,
328,538,11,352,7493,1,,
81,66,5,352,7501,1,,
214,2166,2,381,7505,1,,
452,1005,6,-92,7517,1,,
438,935,8,381,7517,1,,
387,731,4,381,7524,1,,
51,1416,7,376,7524,1,,
57,42,8,3,7541,1,,
329,539,5,398,7549,1,,
329,-1,-1,-999,7549,2,v13_piggyback,0.013819095477386911
220,260,6,400,7555,1,,
361,635,6,221,7566,1,,
486,1199,2,349,7575,1,,
10,1249,10,87,7594,1,,
377,690,10,373,7596,1,,
381,3082,2,349,7600,1,,
342,575,5,-92,7603,1,,
449,986,7,3,7605,1,,
335,558,6,373,7609,1,,
91,81,7,3,7616,1,,
362,635,5,221,7616,1,,
257,349,4,400,7626,1,,
461,1048,6,3,7632,1,,
297,454,4,376,7639,1,,
217,254,9,440,7641,1,,
103,93,3,334,7649,1,,
279,406,8,416,7656,1,,
216,253,6,444,7663,1,,
168,178,9,416,7669,1,,
0,6,3,397,7670,1,,
240,309,6,376,7684,1,,
12,4,6,416,7685,1,,
12,1258,6,319,7685,1,,
88,74,5,419,7694,1,,
231,273,3,397,7698,1,,
89,77,3,451,7699,1,,
339,565,12,346,7702,1,,
315,498,3,416,7717,1,,
315,498,8,333,7717,1,,
331,544,8,295,7718,1,,
331,540,6,3,7718,1,,
77,65,2,3,7725,1,,
77,51,2,419,7725,1,,
232,273,3,397,7726,1,,
439,941,6,416,7734,1,,
439,938,6,319,7734,1,,
5,2,12,458,7742,1,,
275,393,11,346,7749,1,,
447,981,9,458,7756,1,,
320,2724,2,221,7759,1,,
320,-1,-1,-999,7759,2,v13_piggyback,0.02169421487603307
32,1337,2,400,7768,1,,
58,46,10,346,7776,1,,
214,249,8,416,7792,1,,
214,2169,4,333,7792,1,,
384,3097,2,454,7803,1,,
17,14,8,333,7804,1,,
102,88,6,382,7808,1,,
321,513,4,454,7810,1,,
486,1198,2,334,7815,1,,
314,497,9,152,7821,1,,
1,1,8,454,7822,1,,
458,1036,10,382,7831,1,,
85,1563,4,454,7838,1,,
92,82,7,418,7847,1,,
371,670,8,333,7853,1,,
251,338,6,311,7859,1,,
487,3725,2,397,7866,1,,
330,542,7,319,7870,1,,
104,91,12,311,7884,1,,
382,709,7,333,7889,1,,
329,540,3,3,7893,1,,
182,200,4,311,7894,1,,
282,411,6,416,7908,1,,
462,1048,2,3,7919,1,,
98,87,3,311,7926,1,,
479,1145,7,-28,7929,1,,
12,1258,6,407,7936,1,,
64,49,5,242,7937,1,,
438,934,6,349,7946,1,,
268,381,6,445,7946,1,,
425,3337,4,346,7952,1,,
187,205,4,319,7959,1,,
7,0,2,445,7965,1,,
7,2,12,472,7965,1,,
465,1068,3,311,7972,1,,
2,1224,3,-28,7979,1,,
2,0,2,445,7979,1,,
343,2858,4,333,7985,1,,
105,93,7,384,7999,1,,
174,1978,3,346,7999,1,,
447,978,1,297,8009,1,,
447,980,10,242,8009,1,,
210,2147,2,425,8014,1,,
210,-1,-1,-999,8014,2,v13_piggyback,0.030683403068340276
32,1336,7,382,8020,1,,
313,2682,2,3,8021,1,,
200,226,4,411,8029,1,,
468,1081,2,-5,8043,1,,
217,2181,2,333,8050,1,,
106,95,4,411,8054,1,,
27,1317,2,152,8058,1,,
201,226,9,341,8069,1,,
233,273,2,397,8076,1,,
321,515,10,-28,8078,1,,
362,2968,2,369,8082,1,,
443,3446,1,416,8086,1,,
183,199,8,465,8094,1,,
331,2788,1,400,8102,1,,
269,381,6,465,8118,1,,
173,1972,2,483,8123,1,,
318,474,4,465,8125,1,,
444,964,2,3,8129,1,,
435,915,4,482,8129,1,,
456,1023,1,3,8139,1,,
3,2,3,484,8143,1,,
421,843,8,402,8154,1,,
8,1,2,482,8163,1,,
8,2,8,482,8163,1,,
420,842,7,408,8168,1,,
462,3557,1,445,8177,1,,
33,24,6,408,8179,1,,
440,942,6,237,8190,1,,
472,1112,10,237,8204,1,,
303,470,2,237,8212,1,,
384,717,8,370,8217,1,,
300,462,9,218,8226,1,,
267,379,8,370,8228,1,,
174,1977,2,341,8242,1,,
298,458,12,409,8246,1,,
100,89,7,370,8251,1,,
100,83,4,6,8251,1,,
192,209,3,461,8257,1,,
270,383,10,460,8265,1,,
12,4,6,218,8266,1,,
12,5,7,489,8266,1,,
12,1259,2,489,8266,1,,
419,839,8,461,8271,1,,
48,1401,8,370,8277,1,,
357,626,4,306,8280,1,,
187,207,8,460,8288,1,,
160,157,5,474,8291,1,,
34,25,10,306,8307,1,,
24,17,8,218,8309,1,,
24,2,10,488,8309,1,,
257,353,4,474,8316,1,,
157,161,5,437,8338,1,,
289,428,7,370,8338,1,,
294,446,6,409,8340,1,,
127,1753,8,218,8352,1,,
39,29,11,464,8354,1,,
312,492,7,370,8364,1,,
175,184,9,488,8365,1,,
47,38,6,485,8374,1,,
318,506,9,488,8391,1,,
222,268,6,488,8401,1,,
161,163,9,433,8401,1,,
264,2416,2,426,8408,1,,
128,117,9,496,8413,1,,
94,84,6,287,8415,1,,
301,460,6,488,8423,1,,
152,153,11,426,8425,1,,
152,-1,-1,-999,8426,2,v13_piggyback,0.020242914979757054
345,587,5,409,8431,1,,
38,28,10,287,8441,1,,
38,23,10,287,8441,1,,
336,2820,4,489,8448,1,,
336,553,2,488,8448,1,,
336,-1,-1,-999,8448,2,v13_piggyback,0.030516431924882625
9,0,2,370,8457,1,,
9,2,10,287,8457,1,,
162,167,12,429,8468,1,,
246,325,6,287,8469,1,,
434,912,6,6,8489,1,,
256,346,10,429,8490,1,,
401,774,4,218,8498,1,,
250,335,6,287,8504,1,,
252,339,9,491,8505,1,,
29,1325,4,488,8505,1,,
78,67,5,460,8516,1,,
126,1748,9,433,8523,1,,
421,3316,3,348,8537,1,,
421,847,5,474,8537,1,,
223,268,4,488,8542,1,,
133,120,4,287,8543,1,,
186,200,4,489,8549,1,,
54,42,8,463,8551,1,,
267,380,4,287,8560,1,,
129,117,8,469,8565,1,,
166,177,4,287,8569,1,,
61,1459,3,429,8579,1,,
61,50,5,429,8579,1,,
444,961,4,370,8581,1,,
327,535,3,218,8606,1,,
31,1334,7,491,8608,1,,
253,344,4,489,8613,1,,
159,1909,2,488,8619,1,,
159,157,1,488,8619,1,,
471,1104,3,493,8626,1,,
233,289,7,463,8645,1,,
468,1085,3,237,8653,1,,
318,506,5,6,8658,1,,
318,506,7,449,8658,1,,
224,270,6,457,8662,1,,
119,1714,4,287,8665,1,,
229,281,4,469,8665,1,,
229,278,9,494,8665,1,,
127,1753,3,389,8668,1,,
60,1452,4,132,8672,1,,
441,942,2,237,8672,1,,
391,3140,3,464,8689,1,,
40,1365,2,463,8689,1,,
40,1367,7,494,8689,1,,
236,296,2,488,8693,1,,
319,2717,3,132,8695,1,,
167,177,6,429,8704,1,,
94,1600,8,132,8711,1,,
476,1133,5,429,8715,1,,
100,1628,2,455,8715,1,,
32,22,8,523,8729,1,,
228,2239,2,287,8736,1,,
59,44,3,244,8754,1,,
59,48,5,244,8754,1,,
59,41,9,478,8754,1,,
314,497,2,370,8754,1,,
51,42,2,409,8764,1,,
39,28,4,244,8771,1,,
39,23,6,244,8771,1,,
39,29,1,244,8771,1,,
84,1555,2,460,8773,1,,
52,42,7,525,8774,1,,
409,800,10,244,8788,1,,
337,2823,2,287,8788,1,,
11,10,5,500,8800,1,,
21,16,7,244,8803,1,,
234,288,5,500,8809,1,,
118,110,10,424,8811,1,,
97,86,4,424,8818,1,,
237,295,10,428,8823,1,,
168,169,6,244,8823,1,,
5,0,5,522,8831,1,,
390,3132,2,500,8835,1,,
78,1537,2,244,8840,1,,
78,60,8,244,8840,1,,
235,288,8,256,8847,1,,
0,3,7,256,8858,1,,
233,2262,2,287,8861,1,,
14,1268,5,244,8871,1,,
14,2,6,490,8871,1,,
114,108,2,513,8872,1,,
212,245,12,442,8875,1,,
468,3599,3,449,8888,1,,
50,38,9,442,8901,1,,
50,40,5,501,8901,1,,
487,1206,6,478,8907,1,,
119,111,11,453,8910,1,,
449,990,6,478,8919,1,,
109,101,6,526,8919,1,,
61,48,3,244,8929,1,,
61,1459,2,490,8929,1,,
61,-1,-1,-999,8929,2,v13_piggyback,0.019572953736654797
103,92,6,501,8938,1,,
103,92,6,509,8938,1,,
103,94,6,509,8938,1,,
348,592,5,244,8940,1,,
135,120,4,526,8946,1,,
317,2705,4,491,8949,1,,
46,1,11,509,8958,1,,
46,36,3,350,8958,1,,
106,100,5,435,8965,1,,
161,1921,4,435,8972,1,,
292,440,8,442,8974,1,,
107,99,8,467,8984,1,,
425,863,4,435,8991,1,,
295,450,2,491,8991,1,,
272,390,2,523,8998,1,,
276,2469,4,516,8999,1,,
276,-1,-1,-999,8999,2,v13_piggyback,0.03214285714285714
100,1626,3,429,9011,1,,
100,89,4,490,9011,1,,
400,771,12,350,9011,1,,
219,258,2,463,9018,1,,
239,303,9,361,9029,1,,
110,103,4,516,9037,1,,
215,246,8,535,9055,1,,
215,249,12,328,9055,1,,
466,3581,2,429,9065,1,,
1,5,9,328,9074,1,,
261,358,8,476,9078,1,,
11,1255,2,523,9086,1,,
48,40,1,501,9091,1,,
48,36,3,350,9091,1,,
48,30,8,361,9091,1,,
108,95,8,476,9097,1,,
108,98,6,374,9097,1,,
213,246,8,501,9110,1,,
213,246,4,535,9110,1,,
393,3154,1,491,9113,1,,
183,201,7,476,9114,1,,
0,1215,10,442,9126,1,,
477,3659,2,523,9127,1,,
262,362,10,374,9128,1,,
64,48,1,244,9133,1,,
365,650,7,539,9139,1,,
33,1341,2,350,9140,1,,
33,19,6,328,9140,1,,
218,257,1,462,9147,1,,
237,297,6,374,9151,1,,
69,45,2,361,9154,1,,
69,58,6,328,9154,1,,
265,374,8,328,9168,1,,
152,-1,-1,-999,9168,2,v13_fetch,0.018623481781376516
135,133,3,534,9172,1,,
102,1635,3,256,9184,1,,
102,91,5,350,9184,1,,
234,289,10,450,9193,1,,
117,1707,2,442,9199,1,,
117,101,6,328,9199,1,,
392,749,6,471,9208,1,,
366,650,12,450,9209,1,,
106,98,8,539,9221,1,,
324,523,4,450,9228,1,,
65,51,10,517,9230,1,,
178,192,6,509,9233,1,,
476,1133,7,535,9244,1,,
476,-1,-1,-999,9244,2,v13_piggyback,0.032863849765258246
162,1926,3,322,9245,1,,
162,165,8,322,9245,1,,
162,-1,-1,-999,9245,2,v13_piggyback,0.046697038724373585
192,214,3,526,9249,1,,
421,849,6,361,9253,1,,
66,53,9,322,9259,1,,
471,1101,6,256,9263,1,,
273,391,3,450,9268,1,,
267,376,9,322,9272,1,,
128,126,7,361,9273,1,,
96,78,4,434,9275,1,,
430,895,4,434,9287,1,,
148,150,5,322,9296,1,,
17,1277,8,322,9308,1,,
224,268,6,442,9321,1,,
146,147,10,507,9322,1,,
309,2658,3,516,9324,1,,
144,144,10,548,9336,1,,
235,292,5,361,9348,1,,
190,214,3,511,9353,1,,
190,207,3,511,9353,1,,
378,694,5,256,9356,1,,
389,738,4,361,9363,1,,
388,735,7,507,9375,1,,
264,2415,4,328,9377,1,,
182,197,4,545,9377,1,,
266,2425,3,517,9381,1,,
208,240,4,350,9388,1,,
47,35,3,511,9405,1,,
365,649,6,448,9414,1,,
139,137,7,438,9415,1,,
139,136,9,379,9415,1,,
140,141,2,511,9419,1,,
206,235,7,497,9422,1,,
383,685,11,379,9455,1,,
386,726,2,539,9465,1,,
357,621,6,497,9468,1,,
119,114,4,507,9469,1,,
119,115,6,379,9469,1,,
117,1705,4,519,9475,1,,
352,607,3,328,9481,1,,
191,197,2,545,9481,1,,
191,214,10,212,9481,1,,
6,0,9,379,9482,1,,
342,576,8,379,9494,1,,
89,74,3,535,9496,1,,
83,66,6,212,9500,1,,
83,70,8,459,9500,1,,
33,1343,7,322,9506,1,,
61,48,9,212,9514,1,,
242,315,6,507,9516,1,,
247,327,3,497,9524,1,,
324,525,10,434,9527,1,,
481,1159,3,361,9532,1,,
411,810,6,379,9545,1,,
85,66,2,212,9556,1,,
85,65,9,540,9556,1,,
221,266,6,438,9558,1,,
414,3273,3,328,9573,1,,
192,210,6,459,9573,1,,
60,1452,5,322,9573,1,,
267,374,2,328,9577,1,,
177,190,3,212,9582,1,,
219,259,6,480,9589,1,,
176,190,6,212,9598,1,,
476,1133,4,535,9601,1,,
88,69,2,544,9608,1,,
174,187,3,532,9612,1,,
306,2643,2,442,9618,1,,
392,3145,4,138,9621,1,,
65,1475,4,379,9631,1,,
286,2524,2,256,9643,1,,
322,521,1,544,9647,1,,
84,71,8,543,9649,1,,
115,1698,2,519,9655,1,,
390,740,5,459,9657,1,,
356,616,4,507,9660,1,,
37,1358,4,543,9664,1,,
243,2313,1,442,9671,1,,
440,945,3,379,9672,1,,
34,18,2,553,9678,1,,
48,39,2,552,9692,1,,
33,25,6,556,9716,1,,
185,203,10,504,9719,1,,
244,312,8,550,9725,1,,
188,210,2,549,9728,1,,
188,205,4,549,9728,1,,
268,377,8,486,9737,1,,
215,250,6,549,9738,1,,
186,205,3,212,9743,1,,
118,106,5,486,9748,1,,
118,1711,2,486,9748,1,,
17,1281,4,556,9757,1,,
269,379,12,255,9764,1,,
249,2342,2,448,9778,1,,
43,32,8,508,9778,1,,
43,1,8,508,9778,1,,
315,500,9,255,9790,1,,
417,830,6,508,9791,1,,
194,216,5,506,9801,1,,
436,922,7,508,9804,1,,
193,210,1,549,9806,1,,
60,1454,2,301,9808,1,,
60,-1,-1,-999,9808,2,v13_piggyback,0.02524955960070463
410,796,5,486,9809,1,,
410,806,3,255,9809,1,,
0,8,8,554,9827,1,,
44,33,10,443,9831,1,,
192,2061,2,552,9835,1,,
192,-1,-1,-999,9835,2,v13_piggyback,0.055652173913043446
7,0,5,508,9839,1,,
343,579,12,337,9843,1,,
1,4,6,559,9849,1,,
10,2,6,255,9858,1,,
10,9,5,255,9858,1,,
428,884,7,422,9869,1,,
206,234,6,368,9879,1,,
206,235,5,368,9879,1,,
2,5,10,337,9883,1,,
190,210,10,368,9893,1,,
40,30,10,331,9902,1,,
40,-1,-1,-999,9903,2,v13_piggyback,0.024439918533604943
177,188,11,351,9911,1,,
136,133,4,559,9921,1,,
136,132,10,560,9921,1,,
208,240,8,436,9923,1,,
71,1503,6,255,9935,1,,
71,58,6,533,9935,1,,
176,188,8,368,9937,1,,
35,25,5,560,9941,1,,
35,21,10,331,9941,1,,
227,272,2,486,9951,1,,
227,275,10,533,9951,1,,
207,235,4,368,9956,1,,
207,236,8,421,9956,1,,
3,6,2,560,9965,1,,
3,1220,7,560,9965,1,,
3,9,5,564,9965,1,,
32,23,2,337,9965,1,,
32,1,8,533,9965,1,,
463,1058,9,368,9971,1,,
212,245,9,533,9978,1,,
85,73,8,436,9988,1,,
453,1009,9,331,10000,1,,
215,250,11,436,10006,1,,
487,1206,8,331,10015,1,,
180,196,8,554,10027,1,,
197,221,6,331,10030,1,,
197,219,4,564,10030,1,,
86,73,8,533,10042,1,,
324,525,8,331,10044,1,,
84,65,4,395,10062,1,,
84,65,8,529,10062,1,,
84,68,4,529,10062,1,,
84,59,7,529,10062,1,,
349,2897,3,560,10070,1,,
349,599,4,564,10070,1,,
118,1713,10,337,10071,1,,
118,109,7,533,10071,1,,
104,92,9,395,10077,1,,
386,723,6,337,10081,1,,
370,668,8,564,10084,1,,
419,841,6,337,10090,1,,
320,509,6,422,10099,1,,
343,576,6,557,10115,1,,
8,0,6,375,10118,1,,
143,142,7,529,10122,1,,
143,130,11,529,10122,1,,
134,1786,4,255,10140,1,,
293,443,6,559,10141,1,,
214,246,4,395,10145,1,,
214,241,10,529,10145,1,,
51,1416,6,564,10153,1,,
286,2528,4,255,10153,1,,
310,2663,4,486,10163,1,,
46,37,6,368,10174,1,,
46,37,7,529,10174,1,,
46,30,8,529,10174,1,,
219,258,6,375,10181,1,,
126,124,7,529,10198,1,,
126,115,9,529,10198,1,,
353,612,4,422,10216,1,,
243,317,6,351,10219,1,,
243,315,8,529,10219,1,,
60,1452,10,564,10223,1,,
252,341,5,560,10233,1,,
158,161,10,529,10235,1,,
354,612,6,495,10236,1,,
129,125,4,331,10247,1,,
450,996,9,529,10250,1,,
164,171,5,331,10261,1,,
10,1248,3,510,10263,1,,
187,209,8,569,10264,1,,
175,188,4,375,10270,1,,
469,1089,3,375,10278,1,,
298,458,8,395,10278,1,,
258,354,3,337,10287,1,,
74,62,3,486,10292,1,,
463,1063,11,528,10304,1,,
417,831,2,559,10312,1,,
278,403,7,421,10317,1,,
363,2975,3,486,10321,1,,
394,755,3,557,10327,1,,
441,952,7,569,10340,1,,
479,3672,3,337,10351,1,,
101,1630,2,331,10358,1,,
76,1528,2,564,10365,1,,
64,52,7,529,10374,1,,
72,61,9,439,10376,1,,
43,32,2,375,10379,1,,
424,860,2,422,10381,1,,
1,0,2,439,10385,1,,
370,666,8,528,10391,1,,
370,664,4,529,10391,1,,
251,337,2,533,10391,1,,
438,3416,2,375,10397,1,,
403,780,6,368,10400,1,,
8,0,6,569,10409,1,,
440,3429,2,443,10415,1,,
11,2,7,573,10416,1,,
410,807,6,529,10418,1,,
156,159,2,508,10434,1,,
63,40,5,573,10445,1,,
63,51,8,571,10445,1,,
318,506,6,351,10451,1,,
343,579,1,375,10458,1,,
343,-1,-1,-999,10458,2,v13_piggyback,0.11328976034858385
40,1367,1,494,10473,1,,
286,422,6,395,10480,1,,
418,834,5,528,10497,1,,
252,343,6,193,10506,1,,
252,317,11,580,10506,1,,
338,561,1,560,10507,1,,
450,992,9,292,10510,1,,
348,2886,2,486,10511,1,,
128,126,5,368,10518,1,,
347,592,8,193,10522,1,,
364,648,2,351,10526,1,,
364,621,3,569,10526,1,,
32,1337,8,571,10534,1,,
302,460,12,562,10540,1,,
259,354,6,573,10543,1,,
456,1026,4,292,10551,1,,
157,1898,4,562,10554,1,,
157,155,6,562,10554,1,,
240,2295,4,351,10559,1,,
68,1487,10,562,10568,1,,
42,31,2,594,10573,1,,
116,1702,1,594,10579,1,,
345,587,8,378,10591,1,,
466,1076,4,529,10594,1,,
349,596,8,580,10603,1,,
105,97,6,580,10612,1,,
221,266,2,351,10618,1,,
226,2227,2,368,10623,1,,
71,1503,8,592,10630,1,,
107,100,8,562,10632,1,,
342,2852,3,527,10643,1,,
9,2,2,580,10645,1,,
9,0,8,592,10645,1,,
58,40,1,573,10654,1,,
58,47,5,592,10654,1,,
340,570,10,538,10657,1,,
39,18,8,574,10670,1,,
39,1,7,582,10670,1,,
39,29,12,582,10670,1,,
318,506,5,589,10671,1,,
318,-1,-1,-999,10671,2,v13_piggyback,0.06283856988082337
184,2025,2,538,10675,1,,
363,644,8,222,10695,1,,
363,643,9,582,10695,1,,
174,186,2,583,10705,1,,
174,177,6,583,10705,1,,
78,1537,8,588,10709,1,,
78,59,9,588,10709,1,,
104,89,4,562,10714,1,,
104,95,8,222,10714,1,,
418,3297,4,527,10716,1,,
445,968,6,468,10718,1,,
122,114,6,592,10728,1,,
12,2,5,582,10731,1,,
12,2,6,222,10731,1,,
106,97,4,580,10743,1,,
106,88,7,588,10743,1,,
200,2099,4,487,10743,1,,
200,-1,-1,-999,10744,2,v13_piggyback,0.031620553359683834
138,135,5,378,10751,1,,
158,162,5,222,10752,1,,
158,160,9,222,10752,1,,
258,2384,2,583,10764,1,,
178,193,9,582,10768,1,,
0,5,9,607,10783,1,,
148,150,2,561,10790,1,,
98,87,7,222,10798,1,,
98,81,2,582,10798,1,,
347,594,6,468,10799,1,,
357,616,5,580,10807,1,,
146,146,10,599,10813,1,,
32,24,4,193,10814,1,,
69,58,3,582,10815,1,,
69,46,2,475,10815,1,,
69,54,6,572,10815,1,,
242,311,4,562,10831,1,,
242,313,5,222,10831,1,,
299,457,4,378,10836,1,,
1,1216,3,378,10846,1,,
324,2747,4,601,10848,1,,
185,200,4,601,10855,1,,
195,219,3,588,10869,1,,
323,524,6,596,10880,1,,
105,92,10,475,10883,1,,
256,352,4,596,10887,1,,
255,350,9,475,10899,1,,
226,2227,4,487,10906,1,,
388,734,1,592,10910,1,,
485,1187,4,405,10922,1,,
298,458,8,574,10925,1,,
441,3435,1,439,10926,1,,
296,452,2,537,10932,1,,
7,9,2,596,10933,1,,
7,0,5,446,10933,1,,
281,2498,1,193,10937,1,,
224,272,2,405,10940,1,,
469,1091,8,475,10959,1,,
2,7,2,579,10963,1,,
438,937,6,562,10970,1,,
95,85,4,579,10975,1,,
264,370,6,572,10985,1,,
183,197,3,475,10998,1,,
183,200,4,607,10998,1,,
194,217,12,570,11004,1,,
275,2464,1,468,11008,1,,
465,1067,4,570,11015,1,,
343,576,6,562,11020,1,,
34,26,9,595,11025,1,,
197,221,6,222,11032,1,,
338,562,6,578,11044,1,,
464,1066,8,598,11046,1,,
396,3171,2,45,11048,1,,
396,759,12,45,11048,1,,
96,80,6,595,11057,1,,
285,419,6,290,11064,1,,
33,25,10,45,11072,1,,
0,4,6,290,11075,1,,
242,313,6,607,11077,1,,
88,74,6,572,11089,1,,
280,405,10,290,11089,1,,
267,380,4,582,11098,1,,
3,8,10,45,11102,1,,
169,1958,4,582,11107,1,,
357,2944,4,290,11108,1,,
346,589,8,45,11117,1,,
268,382,7,45,11128,1,,
1,3,8,625,11136,1,,
436,921,4,290,11143,1,,
225,262,4,45,11145,1,,
225,268,6,45,11145,1,,
450,994,4,574,11146,1,,
99,84,6,45,11155,1,,
80,65,2,530,11158,1,,
80,1542,9,314,11158,1,,
485,1187,10,446,11169,1,,
212,2157,3,562,11170,1,,
43,31,3,607,11178,1,,
17,14,2,45,11179,1,,
17,3,4,621,11179,1,,
332,547,10,613,11194,1,,
2,8,8,314,11201,1,,
74,62,10,551,11218,1,,
74,59,2,551,11218,1,,
72,61,6,608,11234,1,,
72,58,6,630,11234,1,,
166,174,6,613,11237,1,,
369,657,6,45,11239,1,,
16,13,6,551,11248,1,,
16,2,3,608,11248,1,,
250,336,6,45,11248,1,,
78,67,11,466,11254,1,,
121,1724,9,551,11260,1,,
306,476,8,314,11272,1,,
32,24,10,626,11278,1,,
5,1231,9,466,11283,1,,
5,1,11,558,11283,1,,
464,1064,8,314,11284,1,,
223,262,3,45,11291,1,,
223,247,6,626,11291,1,,
270,384,4,45,11298,1,,
94,1601,12,558,11310,1,,
157,162,4,45,11323,1,,
240,306,11,466,11328,1,,
441,951,4,45,11333,1,,
285,418,8,530,11344,1,,
244,322,12,558,11347,1,,
370,657,3,45,11354,1,,
126,124,8,625,11358,1,,
6,0,3,623,11359,1,,
338,550,4,466,11363,1,,
338,561,6,466,11363,1,,
280,2491,4,502,11365,1,,
195,219,3,45,11381,1,,
89,75,4,606,11391,1,,
89,75,11,631,11391,1,,
89,59,5,631,11391,1,,
197,221,4,551,11405,1,,
50,41,12,631,11410,1,,
10,0,5,648,11413,1,,
263,2409,3,290,11419,1,,
478,3668,3,551,11425,1,,
29,1326,9,558,11425,1,,
346,2874,3,473,11435,1,,
44,33,9,558,11440,1,,
408,795,2,446,11448,1,,
386,726,2,596,11461,1,,
26,13,8,575,11466,1,,
26,17,10,536,11466,1,,
410,3254,2,45,11467,1,,
155,158,2,628,11472,1,,
312,2675,1,314,11472,1,,
238,295,8,466,11480,1,,
340,2840,2,561,11490,1,,
423,854,10,536,11497,1,,
479,1145,7,575,11509,1,,
95,84,2,45,11509,1,,
3,6,12,645,11510,1,,
3,0,4,645,11510,1,,
271,384,1,45,11520,1,,
261,360,7,558,11522,1,,
221,263,11,645,11525,1,,
129,1762,2,645,11537,1,,
129,119,6,645,11537,1,,
224,247,1,626,11537,1,,
418,833,6,466,11548,1,,
272,389,6,512,11553,1,,
313,490,7,514,11554,1,,
313,493,4,514,11554,1,,
11,0,3,645,11562,1,,
51,41,6,536,11573,1,,
307,474,4,652,11590,1,,
307,466,3,481,11590,1,,
304,474,4,652,11599,1,,
23,1299,7,514,11610,1,,
164,171,5,466,11616,1,,
236,295,4,512,11622,1,,
12,0,2,514,11626,1,,
12,0,9,647,11626,1,,
165,172,11,585,11634,1,,
128,115,8,615,11638,1,,
280,407,4,512,11643,1,,
91,80,5,536,11644,1,,
244,318,5,624,11655,1,,
225,260,4,659,11660,1,,
101,84,5,542,11668,1,,
50,1411,11,575,11672,1,,
50,-1,-1,-999,11672,2,v13_piggyback,0.07150964812712823
237,296,6,565,11677,1,,
181,190,2,647,11684,1,,
181,190,4,615,11684,1,,
181,2012,2,615,11684,1,,
239,296,8,616,11689,1,,
400,772,4,466,11691,1,,
97,1612,2,512,11693,1,,
371,671,8,616,11705,1,,
336,550,4,466,11708,1,,
306,474,4,652,11717,1,,
306,466,2,481,11717,1,,
396,3171,4,536,11718,1,,
53,43,3,635,11731,1,,
53,42,4,646,11731,1,,
341,571,6,576,11750,1,,
473,1115,8,432,11752,1,,
178,193,1,45,11760,1,,
178,181,4,616,11760,1,,
21,16,8,576,11762,1,,
366,652,4,646,11764,1,,
368,659,6,647,11771,1,,
99,87,8,432,11772,1,,
395,755,4,615,11778,1,,
3,1227,6,481,11789,1,,
3,7,2,576,11789,1,,
349,597,5,576,11798,1,,
160,1913,3,466,11800,1,,
82,70,4,576,11805,1,,
457,1032,6,432,11811,1,,
425,3341,4,481,11822,1,,
146,1844,3,575,11823,1,,
293,442,3,576,11828,1,,
205,2124,2,562,11830,1,,
253,2360,4,542,11844,1,,
236,2278,2,577,11854,1,,
236,2277,4,542,11854,1,,
339,550,2,466,11859,1,,
12,1259,3,481,11860,1,,
252,340,4,657,11861,1,,
278,403,2,585,11875,1,,
203,233,1,627,11882,1,,
182,198,1,512,11885,1,,
268,381,1,655,11888,1,,
273,2455,2,565,11891,1,,
421,846,2,512,11897,1,,
77,65,1,655,11898,1,,
242,2304,3,576,11902,1,,
25,17,8,679,11913,1,,
365,645,10,655,11914,1,,
183,198,3,679,11919,1,,
294,443,3,590,11936,1,,
23,1297,3,647,11942,1,,
168,179,6,678,11944,1,,
487,1204,2,647,11947,1,,
66,54,8,678,11956,1,,
396,755,2,615,11956,1,,
295,450,2,634,11969,1,,
107,1656,2,576,11975,1,,
251,338,12,634,11985,1,,
347,2880,1,645,11995,1,,
478,3667,2,602,12002,1,,
272,389,2,679,12006,1,,
238,2285,2,647,12008,1,,
157,159,10,644,12017,1,,
115,1695,1,615,12017,1,,
418,833,10,662,12031,1,,
16,9,9,683,12037,1,,
16,1275,4,683,12037,1,,
16,1,7,441,12037,1,,
64,52,9,644,12044,1,,
255,350,12,441,12054,1,,
266,374,8,629,12056,1,,
78,65,10,662,12070,1,,
235,289,6,683,12070,1,,
235,278,6,441,12070,1,,
205,2128,3,514,12075,1,,
452,1004,8,423,12082,1,,
201,229,8,423,12093,1,,
463,1063,12,278,12100,1,,
453,1002,9,658,12106,1,,
184,202,10,683,12115,1,,
12,1257,7,658,12133,1,,
476,1132,10,632,12135,1,,
17,0,2,612,12137,1,,
17,1278,5,278,12137,1,,
17,2,10,278,12137,1,,
95,76,5,629,12144,1,,
95,85,3,651,12144,1,,
348,592,11,632,12150,1,,
410,808,12,278,12154,1,,
45,34,9,632,12163,1,,
60,50,5,651,12165,1,,
60,45,10,690,12165,1,,
256,348,10,278,12167,1,,
376,683,3,632,12169,1,,
244,320,5,632,12177,1,,
25,1309,9,239,12180,1,,
118,111,2,632,12196,1,,
118,106,6,604,12196,1,,
374,680,8,619,12208,1,,
232,277,4,278,12211,1,,
232,286,12,637,12211,1,,
445,967,6,658,12218,1,,
111,104,6,667,12225,1,,
111,105,5,667,12225,1,,
339,566,6,505,12230,1,,
190,211,8,683,12231,1,,
190,213,7,637,12231,1,,
108,99,9,665,12238,1,,
252,343,8,441,12251,1,,
121,111,6,629,12257,1,,
109,95,10,675,12262,1,,
109,99,8,675,12262,1,,
377,687,3,662,12263,1,,
68,55,8,278,12268,1,,
50,40,4,680,12272,1,,
55,1430,8,637,12280,1,,
9,0,2,675,12281,1,,
9,1245,10,639,12281,1,,
9,6,2,639,12281,1,,
418,836,6,423,12285,1,,
99,1624,3,651,12290,1,,
160,164,2,423,12295,1,,
303,473,8,637,12315,1,,
303,-1,-1,-999,12315,2,v13_piggyback,0.037486218302094865
373,677,8,675,12327,1,,
255,350,6,681,12328,1,,
255,2372,3,695,12328,1,,
255,-1,-1,-999,12328,2,v13_piggyback,0.04003639672429482
207,2135,2,651,12336,1,,
110,102,10,639,12341,1,,
276,399,2,658,12346,1,,
48,36,4,670,12353,1,,
408,795,6,681,12367,1,,
458,1036,6,665,12371,1,,
295,448,7,278,12378,1,,
345,584,6,604,12380,1,,
350,604,5,675,12389,1,,
271,389,4,619,12396,1,,
10,0,7,637,12398,1,,
4,0,1,675,12411,1,,
4,6,10,707,12411,1,,
407,782,12,702,12417,1,,
97,1613,4,707,12420,1,,
97,81,2,707,12420,1,,
159,161,10,682,12425,1,,
309,481,6,441,12428,1,,
51,41,9,682,12438,1,,
38,28,4,665,12457,1,,
213,247,6,637,12458,1,,
56,42,7,672,12469,1,,
164,172,5,637,12470,1,,
297,454,4,604,12484,1,,
277,398,12,654,12486,1,,
90,77,9,689,12499,1,,
485,3713,4,619,12509,1,,
58,42,8,689,12511,1,,
375,681,5,278,12514,1,,
198,224,6,689,12520,1,,
211,2152,4,707,12521,1,,
368,655,5,637,12525,1,,
114,107,6,654,12529,1,,
401,3198,4,637,12535,1,,
318,505,8,689,12541,1,,
308,481,4,441,12553,1,,
308,-1,-1,-999,12553,2,v13_piggyback,0.05197505197505192
33,21,10,701,12556,1,,
111,101,6,703,12559,1,,
111,103,8,664,12559,1,,
236,296,4,681,12562,1,,
240,306,9,701,12572,1,,
249,334,5,278,12572,1,,
103,1642,11,703,12575,1,,
103,-1,-1,-999,12575,2,v13_piggyback,0.05300713557594294
119,1715,2,667,12577,1,,
241,311,4,278,12607,1,,
11,0,3,675,12609,1,,
294,444,6,664,12611,1,,
415,822,2,665,12617,1,,
310,485,5,663,12617,1,,
110,101,8,724,12632,1,,
89,76,5,703,12641,1,,
341,2849,3,612,12650,1,,
379,697,6,689,12650,1,,
193,216,5,692,12658,1,,
366,2994,3,637,12659,1,,
303,466,3,481,12666,1,,
275,393,2,695,12668,1,,
21,1290,4,654,12672,1,,
21,-1,-1,-999,12672,2,v13_piggyback,0.06222222222222218
32,23,11,709,12690,1,,
207,2133,3,709,12696,1,,
155,158,2,683,12699,1,,
18,15,7,709,12706,1,,
363,2978,2,612,12707,1,,
107,100,4,709,12713,1,,
24,1300,4,664,12714,1,,
175,186,4,724,12739,1,,
224,247,2,637,12744,1,,
468,3599,4,664,12749,1,,
139,139,6,684,12758,1,,
221,266,4,689,12765,1,,
365,650,7,555,12772,1,,
146,145,7,710,12777,1,,
421,850,6,710,12787,1,,
364,643,6,684,12801,1,,
108,1665,2,724,12802,1,,
13,2,8,710,12803,1,,
136,134,3,703,12811,1,,
242,312,7,555,12814,1,,
104,95,8,735,12815,1,,
180,195,2,692,12823,1,,
251,338,5,729,12823,1,,
0,5,6,555,12825,1,,
312,492,2,689,12829,1,,
128,118,8,735,12835,1,,
214,2167,2,672,12840,1,,
132,1780,4,555,12844,1,,
195,216,1,692,12865,1,,
1,5,4,729,12884,1,,
247,327,3,555,12894,1,,
219,259,11,694,12897,1,,
66,54,4,555,12903,1,,
9,1246,1,423,12913,1,,
9,3,6,694,12913,1,,
129,126,7,704,12915,1,,
67,53,9,712,12922,1,,
202,230,7,735,12926,1,,
220,257,9,736,12927,1,,
246,324,6,676,12934,1,,
403,778,6,735,12935,1,,
33,1341,2,278,12941,1,,
216,251,8,716,12955,1,,
478,3667,2,637,12962,1,,
123,114,6,736,12965,1,,
97,1613,2,676,12973,1,,
32,1338,6,650,12974,1,,
32,1335,8,710,12974,1,,
147,146,9,716,12986,1,,
119,112,8,697,12991,1,,
92,83,8,716,12998,1,,
2,9,8,633,13011,1,,
2,8,6,633,13011,1,,
133,129,9,722,13014,1,,
175,189,6,697,13025,1,,
297,456,3,735,13026,1,,
322,517,4,722,13036,1,,
60,49,4,710,13042,1,,
57,43,8,722,13049,1,,
173,184,12,633,13050,1,,
444,964,2,716,13056,1,,
281,410,9,633,13064,1,,
96,85,11,737,13076,1,,
65,43,7,633,13080,1,,
65,52,4,600,13080,1,,
392,3148,3,722,13084,1,,
50,1410,1,704,13091,1,,
18,12,3,697,13095,1,,
18,2,6,723,13095,1,,
0,1217,8,673,13122,1,,
61,43,9,723,13123,1,,
61,49,10,706,13123,1,,
325,531,12,719,13141,1,,
212,243,6,743,13141,1,,
212,246,6,723,13141,1,,
51,42,7,733,13154,1,,
260,356,8,748,13155,1,,
46,34,8,745,13165,1,,
120,116,9,600,13169,1,,
40,18,4,748,13173,1,,
40,29,7,753,13173,1,,
136,1795,4,757,13173,1,,
359,630,7,743,13182,1,,
98,86,7,748,13185,1,,
9,1247,6,697,13193,1,,
43,33,12,661,13204,1,,
37,27,3,757,13207,1,,
29,19,10,751,13221,1,,
174,185,6,674,13224,1,,
97,86,7,719,13226,1,,
97,76,8,719,13226,1,,
77,64,12,751,13237,1,,
324,526,10,661,13243,1,,
474,3641,2,751,13251,1,,
47,35,5,600,13269,1,,
69,57,7,760,13272,1,,
92,76,3,719,13274,1,,
92,1592,4,719,13274,1,,
327,537,5,706,13284,1,,
146,147,8,719,13288,1,,
437,931,6,697,13295,1,,
444,3456,4,499,13301,1,,
272,384,4,633,13305,1,,
78,63,3,661,13306,1,,
78,67,8,181,13306,1,,
445,965,4,674,13314,1,,
349,600,6,737,13318,1,,
226,274,4,706,13323,1,,
70,59,11,717,13326,1,,
141,140,2,717,13331,1,,
244,321,4,723,13332,1,,
262,360,10,181,13334,1,,
0,7,6,181,13350,1,,
273,2458,4,717,13352,1,,
96,76,2,674,13360,1,,
433,906,6,181,13361,1,,
325,526,6,181,13373,1,,
194,209,2,600,13384,1,,
194,217,1,723,13384,1,,
72,60,12,714,13393,1,,
385,721,3,674,13395,1,,
1,4,10,714,13407,1,,
178,192,5,714,13415,1,,
176,189,4,753,13429,1,,
388,3124,4,714,13440,1,,
120,1722,10,687,13447,1,,
43,1380,5,181,13450,1,,
137,136,7,714,13451,1,,
238,2287,2,633,13454,1,,
138,134,10,765,13465,1,,
202,2111,4,181,13467,1,,
384,716,5,686,13471,1,,
177,186,8,734,13477,1,,
484,1183,5,719,13477,1,,
167,1948,1,633,13479,1,,
215,250,4,737,13487,1,,
144,143,3,181,13495,1,,
35,1352,3,734,13499,1,,
35,1,3,581,13499,1,,
379,696,4,181,13504,1,,
231,283,6,765,13513,1,,
333,2802,3,686,13522,1,,
311,490,3,722,13534,1,,
101,90,4,714,13534,1,,
437,3409,4,4,13535,1,,
191,2057,3,661,13540,1,,
127,1755,3,181,13556,1,,
51,1414,3,581,13564,1,,
77,1530,3,754,13570,1,,
203,230,2,705,13571,1,,
230,281,3,771,13577,1,,
480,1154,7,705,13586,1,,
386,715,6,705,13597,1,,
107,97,3,719,13602,1,,
352,596,2,714,13604,1,,
27,1316,2,477,13609,1,,
300,2606,2,748,13613,1,,
168,176,6,671,13620,1,,
174,186,1,734,13628,1,,
110,1675,2,771,13646,1,,
37,1356,1,719,13653,1,,
193,2068,2,568,13654,1,,
193,214,6,568,13654,1,,
351,606,4,524,13658,1,,
351,-1,-1,-999,13658,2,v13_piggyback,0.035161744022503494
478,1139,1,719,13660,1,,
19,2,10,568,13670,1,,
138,1806,3,581,13673,1,,
472,3626,1,683,13675,1,,
142,1827,1,719,13680,1,,
86,66,6,671,13682,1,,
252,342,2,524,13691,1,,
385,715,6,705,13693,1,,
484,1185,4,-61,13700,1,,
87,66,2,671,13715,1,,
87,71,8,642,13715,1,,
253,342,11,758,13724,1,,
88,73,9,738,13730,1,,
103,90,7,763,13736,1,,
103,93,9,763,13736,1,,
326,532,2,787,13740,1,,
166,174,6,738,13742,1,,
0,1,4,787,13747,1,,
10,1252,7,763,13758,1,,
104,1645,6,738,13763,1,,
325,528,6,768,13793,1,,
89,75,6,380,13795,1,,
408,798,7,380,13806,1,,
17,14,5,772,13809,1,,
268,380,8,367,13814,1,,
144,142,9,380,13819,1,,
437,929,10,477,13830,1,,
437,908,4,568,13830,1,,
173,185,7,380,13834,1,,
237,298,5,738,13840,1,,
133,131,6,380,13843,1,,
324,523,8,367,13849,1,,
53,42,4,738,13850,1,,
350,604,1,380,13854,1,,
350,600,6,790,13854,1,,
403,778,8,367,13865,1,,
318,505,4,568,13870,1,,
262,2406,3,380,13871,1,,
262,358,8,790,13871,1,,
262,-1,-1,-999,13872,2,v13_piggyback,0.0490196078431373
249,333,4,738,13882,1,,
261,359,6,718,13883,1,,
2,8,3,367,13885,1,,
2,2,5,713,13885,1,,
2,6,7,713,13885,1,,
190,214,4,718,13893,1,,
234,291,7,789,13908,1,,
105,94,7,367,13917,1,,
105,90,7,713,13917,1,,
105,89,6,740,13917,1,,
451,998,4,713,13944,1,,
451,1001,6,740,13944,1,,
451,999,10,456,13944,1,,
70,57,10,656,13949,1,,
113,96,4,380,13950,1,,
137,135,2,367,13957,1,,
137,134,4,713,13957,1,,
85,70,9,656,13964,1,,
138,1806,2,611,13975,1,,
138,129,8,611,13975,1,,
468,1085,9,656,13977,1,,
45,27,6,713,13979,1,,
45,1391,2,713,13979,1,,
45,1,6,798,13979,1,,
189,212,9,611,13993,1,,
20,2,4,713,13993,1,,
20,2,6,456,13993,1,,
266,376,8,656,13996,1,,
446,973,6,713,14002,1,,
104,95,8,656,14008,1,,
472,1111,10,691,14016,1,,
57,45,9,611,14020,1,,
238,301,4,656,14020,1,,
238,300,4,799,14020,1,,
230,2247,2,611,14034,1,,
230,281,6,611,14034,1,,
481,1164,6,740,14035,1,,
351,604,7,380,14047,1,,
471,1100,4,789,14050,1,,
488,1210,6,713,14064,1,,
240,309,6,456,14073,1,,
84,68,5,611,14091,1,,
479,3672,4,671,14092,1,,
290,428,5,740,14099,1,,
276,393,7,755,14103,1,,
107,98,11,688,14108,1,,
437,913,4,768,14108,1,,
275,397,4,611,14113,1,,
258,2387,3,568,14114,1,,
281,2497,3,380,14121,1,,
324,526,6,688,14123,1,,
200,226,8,806,14135,1,,
332,549,3,671,14138,1,,
384,3095,2,696,14147,1,,
261,362,6,713,14150,1,,
455,1020,2,611,14155,1,,
143,1832,2,772,14157,1,,
58,46,4,798,14161,1,,
83,71,4,806,14162,1,,
233,289,4,713,14186,1,,
349,2893,1,794,14190,1,,
385,718,6,815,14191,1,,
103,81,2,740,14193,1,,
103,1639,2,798,14193,1,,
5,1232,1,656,14208,1,,
55,1432,2,789,14218,1,,
55,-1,-1,-999,14218,2,v13_piggyback,0.034782608695652195
151,152,10,816,14227,1,,
323,523,2,367,14232,1,,
114,1692,3,367,14237,1,,
216,2180,3,763,14243,1,,
155,157,2,367,14247,1,,
108,97,6,815,14254,1,,
446,971,6,611,14263,1,,
351,2908,2,568,14269,1,,
48,36,6,816,14273,1,,
78,67,12,698,14280,1,,
290,434,12,777,14287,1,,
318,504,8,816,14288,1,,
38,28,5,815,14296,1,,
234,287,5,816,14296,1,,
74,1519,2,763,14303,1,,
447,973,6,566,14309,1,,
32,23,12,777,14313,1,,
106,97,2,815,14320,1,,
471,1101,12,688,14338,1,,
150,148,8,752,14343,1,,
228,278,4,812,14350,1,,
6,6,11,803,14370,1,,
6,7,12,394,14370,1,,
58,1443,2,731,14373,1,,
436,913,2,768,14377,1,,
261,2402,2,794,14378,1,,
249,333,2,752,14383,1,,
152,151,2,823,14388,1,,
153,155,8,394,14391,1,,
153,144,6,394,14391,1,,
288,414,2,323,14395,1,,
285,418,2,798,14396,1,,
285,412,2,812,14396,1,,
260,356,1,323,14405,1,,
480,1156,11,803,14409,1,,
238,299,11,323,14423,1,,
109,98,9,394,14424,1,,
466,3586,1,763,14426,1,,
63,51,8,708,14435,1,,
128,122,8,803,14438,1,,
186,203,6,708,14444,1,,
433,902,8,394,14452,1,,
75,60,8,323,14456,1,,
108,1661,2,323,14464,1,,
379,699,8,708,14487,1,,
233,287,6,788,14489,1,,
7,1236,6,728,14498,1,,
335,555,10,741,14501,1,,
417,830,11,788,14504,1,,
201,229,8,394,14512,1,,
72,61,8,741,14513,1,,
14,1269,6,394,14523,1,,
74,1515,11,788,14531,1,,
199,222,6,832,14540,1,,
224,262,2,811,14545,1,,
325,530,6,394,14549,1,,
231,284,7,217,14555,1,,
221,264,6,777,14561,1,,
170,181,5,394,14571,1,,
447,980,8,217,14577,1,,
321,509,6,394,14583,1,,
336,557,11,781,14589,1,,
400,771,8,521,14591,1,,
246,325,6,741,14609,1,,
246,321,9,781,14609,1,,
6,1235,11,668,14610,1,,
71,57,9,725,14613,1,,
71,55,6,746,14613,1,,
4,1,9,781,14623,1,,
197,221,7,217,14626,1,,
47,34,4,803,14631,1,,
261,356,9,323,14635,1,,
261,-1,-1,-999,14636,2,v13_piggyback,0.07267833109017496
129,117,7,781,14646,1,,
10,4,5,725,14650,1,,
10,2,6,725,14650,1,,
91,1588,3,567,14655,1,,
116,109,4,803,14664,1,,
76,63,7,781,14671,1,,
196,218,6,521,14678,1,,
196,219,4,725,14678,1,,
405,786,6,781,14680,1,,
433,3389,4,781,14687,1,,
406,785,7,831,14697,1,,
276,398,8,746,14704,1,,
85,73,7,831,14708,1,,
115,1697,2,803,14714,1,,
115,103,7,792,14714,1,,
383,711,6,792,14730,1,,
164,172,8,521,14732,1,,
417,830,10,811,14746,1,,
120,116,2,831,14749,1,,
335,556,2,777,14751,1,,
275,397,8,825,14758,1,,
234,290,2,394,14758,1,,
147,1850,2,815,14765,1,,
225,265,8,746,14769,1,,
160,161,1,815,14770,1,,
134,1785,1,394,14778,1,,
195,218,6,521,14778,1,,
331,545,6,521,14789,1,,
440,941,6,746,14802,1,,
31,1333,5,825,14810,1,,
277,2476,3,653,14818,1,,
130,125,4,844,14829,1,,
119,113,9,653,14831,1,,
66,55,6,653,14843,1,,
148,145,4,725,14845,1,,
321,515,9,567,14849,1,,
321,-1,-1,-999,14849,2,v13_piggyback,0.037694013303769425
271,388,6,653,14853,1,,
270,388,2,653,14863,1,,
359,630,1,568,14871,1,,
112,103,6,660,14886,1,,
136,120,4,836,14890,1,,
465,3579,4,725,14895,1,,
167,178,6,660,14898,1,,
82,1550,2,653,14903,1,,
363,642,5,660,14911,1,,
376,3049,4,521,14920,1,,
78,67,10,817,14929,1,,
351,2905,4,725,14930,1,,
248,329,3,217,14936,1,,
73,1514,4,836,14938,1,,
35,1353,3,217,14942,1,,
407,785,5,660,14951,1,,
486,1201,2,836,14952,1,,
92,80,8,845,14977,1,,
63,51,8,845,14991,1,,
140,120,1,836,15001,1,,
140,141,4,845,15001,1,,
255,2370,2,725,15002,1,,
71,1504,2,727,15010,1,,
300,2606,3,725,15015,1,,
131,1773,2,725,15019,1,,
90,72,8,770,15035,1,,
90,77,8,770,15035,1,,
256,339,2,804,15035,1,,
262,2405,3,660,15051,1,,
69,58,12,770,15054,1,,
433,904,4,653,15058,1,,
65,52,3,660,15064,1,,
132,125,4,793,15073,1,,
132,129,7,793,15073,1,,
132,119,2,793,15073,1,,
16,2,9,817,15077,1,,
325,530,2,817,15081,1,,
225,2220,3,720,15082,1,,
438,932,2,217,15087,1,,
352,2910,2,817,15089,1,,
32,24,9,830,15100,1,,
184,204,2,832,15112,1,,
164,171,10,770,15112,1,,
120,1719,2,802,15117,1,,
17,0,5,809,15131,1,,
17,13,7,793,15131,1,,
224,265,1,746,15133,1,,
59,47,6,793,15147,1,,
59,1451,4,793,15147,1,,
239,303,8,770,15161,1,,
4,1,6,849,15166,1,,
327,2763,3,849,15171,1,,
377,687,1,217,15175,1,,
2,1224,4,770,15175,1,,
2,4,4,770,15175,1,,
419,838,7,793,15188,1,,
0,7,9,846,15188,1,,
191,2057,2,808,15193,1,,
48,38,6,793,15199,1,,
18,2,6,808,15202,1,,
19,13,8,862,15210,1,,
71,1505,2,660,15214,1,,
475,3644,2,862,15219,1,,
321,515,2,567,15221,1,,
321,515,12,792,15221,1,,
420,838,10,818,15237,1,,
273,2457,2,862,15246,1,,
404,3217,4,414,15246,1,,
295,451,5,770,15247,1,,
128,117,1,470,15252,1,,
256,2378,3,846,15258,1,,
342,568,5,793,15267,1,,
290,2548,4,793,15285,1,,
257,330,7,860,15291,1,,
257,346,12,860,15291,1,,
481,1164,4,180,15295,1,,
33,21,2,180,15300,1,,
39,29,10,860,15305,1,,
21,1287,4,180,15307,1,,
20,0,10,180,15326,1,,
20,1287,4,180,15326,1,,
23,17,2,770,15328,1,,
198,224,3,180,15332,1,,
43,33,2,818,15335,1,,
134,1787,3,180,15337,1,,
90,1583,3,809,15353,1,,
100,1625,2,845,15361,1,,
352,610,2,793,15368,1,,
217,253,12,868,15370,1,,
22,12,10,820,15384,1,,
77,65,2,793,15392,1,,
190,214,12,868,15401,1,,
1,9,6,855,15406,1,,
13,0,9,863,15416,1,,
238,302,6,859,15418,1,,
167,176,8,820,15430,1,,
151,152,12,855,15436,1,,
178,1996,2,840,15442,1,,
178,-1,-1,-999,15442,2,v13_piggyback,0.06145833333333328
488,1214,9,863,15445,1,,
289,430,10,859,15452,1,,
66,54,4,871,15459,1,,
403,779,8,869,15459,1,,
335,2810,2,871,15463,1,,
341,568,2,793,15476,1,,
0,1218,7,841,15476,1,,
0,6,4,863,15476,1,,
475,3645,3,470,15479,1,,
475,1125,10,180,15479,1,,
296,2581,4,840,15486,1,,
40,29,7,820,15500,1,,
40,23,9,721,15500,1,,
11,8,3,721,15532,1,,
11,0,6,721,15532,1,,
11,1,5,875,15532,1,,
177,188,6,756,15535,1,,
177,191,10,584,15535,1,,
478,1141,10,756,15549,1,,
150,149,7,863,15549,1,,
150,151,4,721,15549,1,,
76,64,10,584,15563,1,,
365,651,10,875,15567,1,,
421,846,8,584,15575,1,,
186,205,4,795,15583,1,,
218,254,10,721,15584,1,,
67,53,9,756,15593,1,,
67,55,4,756,15593,1,,
239,305,10,721,15600,1,,
2,1,8,756,15607,1,,
176,189,8,795,15608,1,,
407,788,7,863,15617,1,,
12,10,8,795,15620,1,,
179,191,8,699,15621,1,,
295,451,7,869,15630,1,,
130,127,7,795,15632,1,,
175,189,2,795,15637,1,,
471,1102,3,795,15646,1,,
126,124,7,841,15667,1,,
54,1426,2,795,15670,1,,
14,11,10,861,15673,1,,
14,4,9,861,15673,1,,
183,2021,1,795,15681,1,,
378,695,8,776,15685,1,,
327,535,6,414,15690,1,,
65,52,7,762,15697,1,,
187,209,5,721,15698,1,,
380,699,8,699,15708,1,,
317,2702,4,721,15715,1,,
151,1870,4,840,15722,1,,
30,12,2,820,15734,1,,
30,18,2,875,15734,1,,
44,31,6,872,15739,1,,
345,585,6,776,15740,1,,
244,318,6,776,15749,1,,
3,6,2,863,15756,1,,
45,31,4,872,15757,1,,
213,2161,4,721,15763,1,,
213,-1,-1,-999,15763,2,v13_piggyback,0.04142857142857148
82,70,5,861,15765,1,,
335,558,7,584,15779,1,,
228,2239,2,820,15780,1,,
303,472,5,762,15787,1,,
104,1643,3,841,15790,1,,
229,278,3,699,15793,1,,
336,554,2,868,15794,1,,
4,2,3,776,15799,1,,
406,788,2,863,15802,1,,
406,-1,-1,-999,15803,2,v13_piggyback,0.04645476772616142
476,3655,2,863,15810,1,,
158,1904,2,756,15820,1,,
198,224,5,896,15834,1,,
430,894,2,762,15836,1,,
137,120,4,896,15844,1,,
57,1438,1,869,15850,1,,
130,120,2,896,15851,1,,
53,1422,1,820,15857,1,,
329,540,2,584,15859,1,,
381,3082,2,762,15890,1,,
199,219,4,877,15901,1,,
254,2368,2,699,15903,1,,
200,226,1,756,15906,1,,
48,34,8,900,15908,1,,
330,540,2,584,15912,1,,
337,2823,2,776,15916,1,,
51,40,5,827,15926,1,,
240,307,4,827,15933,1,,
128,123,12,895,15937,1,,
403,780,6,905,15942,1,,
10,1,4,827,15955,1,,
10,1250,2,827,15955,1,,
52,40,5,827,15965,1,,
142,137,4,909,15972,1,,
142,138,7,909,15972,1,,
459,3539,2,905,15972,1,,
54,40,2,827,15978,1,,
0,3,10,909,15988,1,,
446,3466,2,909,15995,1,,
278,2480,4,909,16004,1,,
39,30,4,886,16014,1,,
39,24,11,886,16014,1,,
430,893,3,901,16014,1,,
129,118,8,909,16018,1,,
469,1092,6,909,16030,1,,
476,1127,8,764,16032,1,,
201,225,8,867,16033,1,,
139,138,8,837,16043,1,,
32,19,8,911,16053,1,,
204,230,10,847,16060,1,,
382,703,1,889,16064,1,,
53,1423,5,886,16068,1,,
202,226,4,889,16071,1,,
436,923,1,847,16078,1,,
307,2647,4,911,16080,1,,
23,3,8,685,16114,1,,
23,1298,10,685,16114,1,,
303,473,10,780,16117,1,,
303,-1,-1,-999,16117,2,v13_piggyback,0.044101433296582115
444,964,4,685,16124,1,,
375,683,9,780,16132,1,,
118,110,7,685,16136,1,,
240,309,6,759,16144,1,,
447,973,7,685,16149,1,,
10,1251,2,759,16150,1,,
10,-1,-1,-999,16151,2,v13_piggyback,0.06833910034602075
383,706,4,620,16156,1,,
239,303,3,685,16157,1,,
297,456,7,819,16163,1,,
295,444,9,821,16178,1,,
446,973,2,685,16178,1,,
138,1804,2,819,16185,1,,
205,232,10,870,16186,1,,
406,788,3,863,16193,1,,
26,1310,5,620,16194,1,,
21,16,12,883,16206,1,,
113,106,2,916,16213,1,,
227,277,8,883,16227,1,,
90,79,3,883,16235,1,,
12,1259,2,883,16241,1,,
114,106,8,821,16244,1,,
418,835,8,750,16250,1,,
206,236,6,750,16260,1,,
433,907,8,912,16272,1,,
316,500,9,640,16273,1,,
65,1473,4,640,16280,1,,
131,1774,2,640,16295,1,,
131,119,9,640,16295,1,,
301,2610,2,640,16300,1,,
39,30,3,640,16305,1,,
0,4,7,912,16310,1,,
300,460,4,839,16325,1,,
96,80,4,903,16334,1,,
256,345,9,884,16334,1,,
247,328,4,912,16344,1,,
463,1048,5,926,16353,1,,
241,304,12,924,16362,1,,
63,51,7,926,16367,1,,
223,262,1,819,16371,1,,
223,265,3,884,16371,1,,
422,849,9,884,16387,1,,
93,80,8,791,16388,1,,
55,44,9,922,16391,1,,
191,2060,3,791,16394,1,,
157,1900,4,912,16396,1,,
306,476,4,821,16405,1,,
205,234,9,640,16411,1,,
108,100,4,884,16414,1,,
21,1291,2,926,16416,1,,
301,460,4,839,16423,1,,
156,158,4,893,16423,1,,
303,466,2,481,16425,1,,
303,466,1,581,16425,1,,
53,40,3,821,16431,1,,
34,21,2,924,16438,1,,
269,380,5,385,16452,1,,
433,904,8,884,16452,1,,
406,788,8,385,16465,1,,
91,79,4,385,16479,1,,
91,80,6,385,16479,1,,
330,2780,2,821,16483,1,,
302,462,4,385,16486,1,,
110,1675,4,385,16493,1,,
341,572,2,819,16508,1,,
305,476,2,821,16515,1,,
465,3579,1,819,16526,1,,
0,9,4,938,16528,1,,
415,820,7,888,16538,1,,
104,95,8,865,16540,1,,
381,3082,3,888,16544,1,,
370,3016,3,938,16550,1,,
422,853,6,160,16552,1,,
93,1594,5,617,16558,1,,
20,1288,8,888,16561,1,,
15,11,4,888,16568,1,,
34,1347,1,732,16583,1,,
98,88,4,913,16590,1,,
321,2729,3,913,16596,1,,
328,539,8,622,16597,1,,
288,414,2,932,16607,1,,
289,414,6,932,16619,1,,
289,2544,1,932,16619,1,,
284,413,8,835,16633,1,,
42,1374,11,949,16637,1,,
329,539,2,622,16640,1,,
283,2506,2,622,16647,1,,
1,3,5,932,16657,1,,
39,29,11,935,16664,1,,
135,1792,3,906,16666,1,,
303,469,2,949,16669,1,,
275,393,2,932,16673,1,,
237,298,6,935,16678,1,,
273,391,8,-77,16686,1,,
287,425,5,906,16690,1,,
10,0,9,949,16691,1,,
415,3280,2,786,16695,1,,
449,987,7,-77,16697,1,,
381,705,1,826,16699,1,,
437,927,4,935,16717,1,,
401,774,10,-77,16724,1,,
172,183,6,-77,16733,1,,
128,126,5,948,16734,1,,
224,265,1,-77,16736,1,,
137,133,8,936,16750,1,,
43,32,4,948,16757,1,,
32,23,5,936,16765,1,,
270,2440,2,936,16769,1,,
101,90,6,936,16779,1,,
284,414,6,917,16793,1,,
288,425,4,906,16799,1,,
428,879,4,917,16807,1,,
17,14,10,447,16811,1,,
84,72,6,917,16816,1,,
293,442,5,447,16820,1,,
290,414,4,917,16823,1,,
245,323,9,447,16832,1,,
378,690,5,447,16841,1,,
243,312,3,954,16847,1,,
275,2465,2,864,16856,1,,
454,1015,8,447,16858,1,,
68,52,6,447,16873,1,,
68,55,4,447,16873,1,,
130,127,9,44,16877,1,,
218,255,4,447,16887,1,,
57,1441,12,44,16893,1,,
143,142,2,954,16894,1,,
421,850,4,44,16900,1,,
358,616,6,447,16904,1,,
219,255,3,783,16911,1,,
268,374,8,44,16912,1,,
367,3000,2,44,16916,1,,
408,3242,2,44,16921,1,,
287,2529,2,-59,16924,1,,
104,1645,4,44,16930,1,,
37,1357,3,807,16933,1,,
83,71,1,933,16936,1,,
78,67,8,807,16954,1,,
242,312,2,954,16965,1,,
254,340,10,807,16968,1,,
69,55,2,447,16969,1,,
86,1564,2,447,16973,1,,
74,60,10,925,16987,1,,
74,59,4,925,16987,1,,
288,2535,2,949,16995,1,,
300,-1,-1,-999,16995,2,v13_fetch,0.03852739726027399
33,18,10,881,17010,1,,
33,24,6,881,17010,1,,
355,616,1,447,17015,1,,
190,214,5,914,17024,1,,
244,321,7,61,17030,1,,
303,471,6,881,17036,1,,
18,1277,5,61,17038,1,,
34,18,2,881,17040,1,,
59,1449,7,61,17049,1,,
70,55,12,914,17053,1,,
70,54,7,914,17053,1,,
427,876,4,61,17056,1,,
318,507,11,881,17056,1,,
147,145,8,950,17065,1,,
72,61,5,902,17066,1,,
393,752,3,902,17072,1,,
313,492,4,950,17078,1,,
186,205,6,907,17081,1,,
0,7,6,950,17087,1,,
99,86,7,907,17091,1,,
310,487,5,907,17105,1,,
97,80,9,880,17118,1,,
485,1193,5,880,17130,1,,
76,1526,4,880,17137,1,,
1,9,8,966,17144,1,,
144,143,5,934,17152,1,,
210,243,7,966,17163,1,,
355,622,6,902,17167,1,,
113,1686,2,966,17168,1,,
309,2657,4,880,17174,1,,
111,104,6,931,17177,1,,
254,2366,2,769,17181,1,,
242,311,6,966,17186,1,,
36,21,8,62,17198,1,,
362,2969,2,931,17202,1,,
467,1079,9,62,17211,1,,
172,183,7,62,17222,1,,
16,10,2,62,17246,1,,
16,7,6,62,17246,1,,
16,0,4,62,17246,1,,
16,13,6,62,17246,1,,
265,375,7,62,17259,1,,
152,153,7,586,17269,1,,
120,111,7,62,17272,1,,
403,781,7,586,17280,1,,
393,753,11,907,17283,1,,
106,99,1,586,17284,1,,
168,179,10,62,17288,1,,
485,1191,6,882,17292,1,,
130,127,4,62,17297,1,,
112,99,9,586,17298,1,,
318,2709,2,952,17305,1,,
318,2710,2,880,17305,1,,
247,326,5,586,17306,1,,
323,524,7,62,17310,1,,
439,935,7,928,17317,1,,
60,50,6,62,17321,1,,
428,3357,3,928,17323,1,,
259,355,5,62,17332,1,,
389,737,8,928,17334,1,,
224,271,4,928,17352,1,,
472,1110,5,915,17360,1,,
211,2155,4,62,17371,1,,
225,271,12,915,17377,1,,
150,151,7,955,17385,1,,
459,3540,3,62,17386,1,,
308,479,4,62,17401,1,,
355,622,12,950,17404,1,,
158,160,9,813,17411,1,,
244,319,4,62,17413,1,,
107,93,8,951,17415,1,,
137,1801,3,62,17418,1,,
95,1604,2,62,17425,1,,
245,319,2,62,17442,1,,
312,479,2,62,17452,1,,
312,492,1,62,17452,1,,
161,152,7,850,17456,1,,
161,152,9,968,17456,1,,
161,167,2,850,17456,1,,
210,243,4,940,17457,1,,
313,492,6,813,17466,1,,
190,2051,3,813,17471,1,,
151,151,9,940,17472,1,,
160,161,9,927,17484,1,,
103,92,10,873,17486,1,,
179,2001,4,968,17491,1,,
318,505,10,813,17506,1,,
354,618,2,850,17510,1,,
370,-1,-1,-999,17510,2,v13_fetch,0.03695408734602468
132,130,8,990,17510,1,,
17,12,1,813,17513,1,,
265,370,1,968,17517,1,,
247,324,10,873,17524,1,,
437,930,6,990,17543,1,,
15,11,10,988,17545,1,,
201,228,4,873,17550,1,,
314,493,9,990,17568,1,,
314,2686,4,990,17568,1,,
11,10,8,990,17579,1,,
341,571,3,988,17583,1,,
341,-1,-1,-999,17584,2,v13_piggyback,0.03949447077409163
248,323,6,990,17589,1,,
146,147,8,972,17595,1,,
354,618,2,636,17603,1,,
151,1868,2,904,17603,1,,
10,0,2,972,17609,1,,
315,497,6,739,17619,1,,
16,0,8,972,17635,1,,
16,11,9,972,17635,1,,
2,6,4,958,17645,1,,
249,2341,2,972,17651,1,,
488,1213,1,1007,17657,1,,
265,2421,2,547,17663,1,,
265,-1,-1,-999,17664,2,v13_piggyback,0.06910569105691056
154,155,12,784,17665,1,,
209,238,7,784,17676,1,,
11,1255,1,1001,17679,1,,
21,2,10,1007,17680,1,,
21,-1,-1,-999,17680,2,v13_piggyback,0.0417777777777778
0,7,6,1012,17691,1,,
316,499,12,784,17696,1,,
92,82,2,784,17701,1,,
183,202,10,974,17708,1,,
204,230,12,999,17717,1,,
17,13,5,974,17719,1,,
267,374,5,979,17725,1,,
182,199,6,920,17739,1,,
89,75,10,979,17739,1,,
22,16,5,979,17747,1,,
115,101,5,430,17761,1,,
115,1696,3,430,17761,1,,
248,329,9,974,17776,1,,
85,72,6,987,17778,1,,
4,1228,6,430,17792,1,,
4,7,4,430,17792,1,,
385,722,1,987,17794,1,,
111,105,2,987,17804,1,,
19,15,7,430,17805,1,,
166,1943,4,987,17816,1,,
211,244,6,430,17816,1,,
379,698,7,643,17827,1,,
379,-1,-1,-999,17827,2,v13_piggyback,0.04094827586206895
247,326,10,430,17833,1,,
83,71,10,643,17841,1,,
341,568,4,791,17854,1,,
47,31,6,923,17856,1,,
47,30,10,923,17856,1,,
112,105,11,643,17857,1,,
23,1,4,643,17871,1,,
23,1295,5,666,17871,1,,
18,13,9,923,17878,1,,
18,14,6,587,17878,1,,
283,412,6,643,17882,1,,
244,318,12,923,17897,1,,
284,412,11,1004,17900,1,,
279,407,12,923,17916,1,,
264,372,6,587,17927,1,,
303,468,5,643,17940,1,,
46,30,2,587,17945,1,,
46,37,9,587,17945,1,,
317,500,6,643,17952,1,,
249,329,2,974,17956,1,,
249,329,4,430,17956,1,,
344,580,6,430,17968,1,,
304,470,12,997,17978,1,,
483,1177,6,587,17979,1,,
43,1380,4,587,17988,1,,
351,605,7,1004,17991,1,,
84,71,6,997,18002,1,,
407,791,2,430,18013,1,,
126,124,6,643,18014,1,,
21,1287,3,180,18019,1,,
355,620,2,587,18020,1,,
403,779,4,643,18023,1,,
111,99,8,643,18037,1,,
292,440,4,1004,18050,1,,
333,2798,2,666,18057,1,,
202,2109,2,923,18059,1,,
335,557,2,921,18066,1,,
95,84,4,666,18066,1,,
18,1283,6,921,18078,1,,
18,-1,-1,-999,18078,2,v13_piggyback,0.0892857142857143
96,84,2,666,18081,1,,
96,-1,-1,-999,18081,2,v13_piggyback,0.051664753157290466
370,3019,2,972,18084,1,,
439,940,2,430,18091,1,,
98,84,1,666,18101,1,,
98,-1,-1,-999,18101,2,v13_piggyback,0.05853658536585371
466,1076,1,587,18109,1,,
279,408,8,70,18112,1,,
436,920,6,70,18121,1,,
93,1595,7,70,18133,1,,
289,430,10,1033,18136,1,,
197,218,6,70,18143,1,,
482,1169,8,479,18144,1,,
381,703,2,923,18150,1,,
51,43,6,70,18156,1,,
127,124,6,70,18176,1,,
99,86,2,996,18180,1,,
99,83,10,996,18180,1,,
198,218,3,70,18182,1,,
160,166,6,70,18191,1,,
462,1056,9,996,18195,1,,
129,1764,2,70,18200,1,,
389,739,2,996,18211,1,,
69,56,4,996,18220,1,,
375,684,4,996,18229,1,,
467,1072,9,967,18235,1,,
330,541,2,996,18237,1,,
57,45,7,1014,18250,1,,
176,186,8,967,18253,1,,
175,186,2,967,18266,1,,
0,4,6,939,18278,1,,
173,183,8,939,18299,1,,
173,184,6,939,18299,1,,
270,387,4,967,18308,1,,
412,813,6,939,18320,1,,
60,42,6,994,18326,1,,
267,378,6,1027,18331,1,,
445,961,10,94,18332,1,,
55,44,1,998,18332,1,,
180,2005,3,994,18340,1,,
119,100,6,939,18343,1,,
90,76,8,94,18343,1,,
441,941,6,94,18353,1,,
100,87,6,939,18354,1,,
413,813,3,693,18368,1,,
413,812,5,649,18368,1,,
255,348,12,94,18373,1,,
442,941,5,94,18381,1,,
254,342,6,94,18390,1,,
89,76,3,94,18396,1,,
408,3238,3,94,18402,1,,
237,2282,3,94,18407,1,,
61,49,5,1002,18415,1,,
74,1518,6,94,18417,1,,
403,778,2,94,18425,1,,
1,1,4,1022,18437,1,,
56,40,3,1029,18440,1,,
434,909,3,1022,18448,1,,
62,40,5,1029,18459,1,,
62,50,5,1029,18459,1,,
238,301,1,939,18462,1,,
319,504,10,1029,18475,1,,
470,1099,2,94,18484,1,,
235,293,7,1029,18488,1,,
177,1993,3,1029,18496,1,,
454,3509,2,94,18499,1,,
118,110,5,1037,18503,1,,
348,596,6,1002,18508,1,,
232,286,4,1036,18517,1,,
234,291,8,946,18530,1,,
0,4,10,1032,18533,1,,
239,300,8,946,18544,1,,
212,249,8,1032,18548,1,,
116,109,2,1040,18555,1,,
351,2905,2,1040,18562,1,,
174,1980,2,133,18564,1,,
434,909,6,1037,18576,1,,
434,911,2,989,18576,1,,
140,141,2,133,18580,1,,
112,101,4,1048,18585,1,,
38,28,7,1030,18592,1,,
203,231,12,1021,18603,1,,
470,1096,8,133,18609,1,,
95,1605,4,1021,18613,1,,
32,24,6,1016,18616,1,,
233,285,6,1030,18628,1,,
31,22,10,1034,18644,1,,
280,2489,1,1034,18650,1,,
350,602,6,894,18652,1,,
264,2415,2,1016,18657,1,,
391,3142,2,894,18659,1,,
234,2268,2,993,18664,1,,
43,33,4,730,18670,1,,
410,3250,2,894,18677,1,,
344,2865,4,1034,18683,1,,
392,747,8,1009,18692,1,,
33,1344,4,965,18707,1,,
33,22,3,965,18707,1,,
358,628,8,1035,18709,1,,
409,800,4,1009,18718,1,,
378,694,8,965,18719,1,,
309,486,6,965,18728,1,,
39,29,8,1035,18732,1,,
245,2323,4,965,18735,1,,
286,421,9,135,18747,1,,
363,2976,3,965,18748,1,,
180,196,2,965,18753,1,,
396,757,3,965,18761,1,,
108,1664,1,965,18773,1,,
411,807,8,135,18776,1,,
128,115,2,965,18779,1,,
268,379,8,941,18790,1,,
255,350,11,135,18793,1,,
298,456,8,135,18817,1,,
269,382,6,1049,18821,1,,
276,400,7,135,18829,1,,
345,583,7,941,18843,1,,
146,146,6,135,18846,1,,
188,211,3,992,18851,1,,
109,102,4,1049,18860,1,,
32,22,2,135,18870,1,,
32,24,10,1003,18870,1,,
106,98,7,992,18873,1,,
110,102,4,1070,18882,1,,
258,349,7,1003,18883,1,,
107,98,3,992,18890,1,,
77,64,7,135,18895,1,,
122,111,12,153,18901,1,,
147,147,9,930,18910,1,,
252,341,11,153,18916,1,,
145,142,9,1061,18925,1,,
70,56,10,153,18930,1,,
287,417,6,930,18937,1,,
314,497,8,153,18942,1,,
410,802,8,730,18951,1,,
58,47,8,153,18954,1,,
266,2424,2,153,18959,1,,
87,1572,3,153,18973,1,,
423,857,2,153,18977,1,,
309,486,6,135,18983,1,,
15,11,7,153,18988,1,,
322,519,1,153,18991,1,,
352,611,6,135,19020,1,,
238,301,5,930,19028,1,,
189,211,12,1065,19029,1,,
291,2551,3,1065,19035,1,,
486,1199,2,153,19036,1,,
327,534,6,135,19037,1,,
18,1277,5,1075,19043,1,,
286,417,5,930,19046,1,,
382,709,5,135,19054,1,,
108,93,9,1075,19056,1,,
96,84,1,153,19065,1,,
19,12,6,1047,19065,1,,
218,255,3,135,19075,1,,
290,434,7,1075,19076,1,,
358,2947,2,669,19080,1,,
360,633,2,1077,19080,1,,
0,1,3,1061,19085,1,,
190,211,6,1077,19089,1,,
164,1933,2,1003,19095,1,,
164,-1,-1,-999,19095,2,v13_piggyback,0.07431192660550456
171,182,2,930,19102,1,,
351,608,7,1072,19113,1,,
230,281,2,135,19117,1,,
102,91,8,1043,19127,1,,
17,14,10,1080,19151,1,,
361,632,8,1080,19162,1,,
165,168,2,1068,19173,1,,
20,12,9,1043,19175,1,,
470,1095,6,177,19181,1,,
197,221,10,1080,19190,1,,
329,539,4,638,19194,1,,
284,416,7,1080,19200,1,,
162,168,4,1068,19201,1,,
182,200,5,1080,19209,1,,
326,528,10,1089,19217,1,,
285,415,8,1092,19223,1,,
130,126,7,1011,19228,1,,
14,0,8,1063,19237,1,,
129,117,6,1031,19251,1,,
170,181,11,1063,19254,1,,
163,1926,4,638,19258,1,,
128,122,3,1089,19264,1,,
427,874,7,1063,19267,1,,
443,960,3,1063,19285,1,,
22,17,2,1063,19292,1,,
157,162,7,186,19300,1,,
351,2908,2,1087,19311,1,,
351,-1,-1,-999,19311,2,v13_piggyback,0.05485232067510548
194,217,11,186,19315,1,,
426,868,10,956,19318,1,,
359,616,6,186,19325,1,,
41,1370,7,956,19329,1,,
421,846,5,186,19333,1,,
360,616,4,186,19340,1,,
242,313,4,186,19347,1,,
408,796,6,186,19356,1,,
323,522,10,858,19364,1,,
118,110,4,186,19364,1,,
456,1027,3,858,19369,1,,
308,482,3,186,19371,1,,
18,15,2,1097,19376,1,,
43,1380,3,186,19378,1,,
43,-1,-1,-999,19378,2,v13_piggyback,0.05504587155963303
115,1697,4,978,19389,1,,
25,1308,2,186,19389,1,,
346,586,4,858,19397,1,,
96,85,4,971,19404,1,,
289,430,4,1096,19418,1,,
10,2,6,1098,19422,1,,
15,0,5,1096,19426,1,,
344,583,8,1096,19438,1,,
19,15,8,1101,19442,1,,
98,84,5,1082,19446,1,,
105,1650,4,1101,19449,1,,
105,-1,-1,-999,19449,2,v13_piggyback,0.06748466257668717
290,433,12,1082,19463,1,,
301,2612,2,1101,19469,1,,
425,863,2,186,19476,1,,
326,532,3,1054,19479,1,,
430,894,2,186,19487,1,,
368,659,5,1054,19488,1,,
383,3092,1,186,19490,1,,
101,84,1,1082,19495,1,,
452,1002,7,1028,19500,1,,
21,2,6,1028,19510,1,,
300,462,4,1067,19517,1,,
345,583,1,1054,19529,1,,
302,462,8,1028,19531,1,,
235,2272,1,1028,19535,1,,
256,-1,-1,-999,19535,2,v13_fetch,0.05331179321486268
232,286,11,1088,19563,1,,
369,660,2,1017,19566,1,,
100,-1,-1,-999,19566,2,v13_fetch,0.05238467552775605
473,1115,4,1028,19570,1,,
231,283,2,1028,19580,1,,
301,464,3,1088,19591,1,,
346,590,8,978,19595,1,,
346,586,6,1082,19595,1,,
346,583,8,1054,19595,1,,
368,656,6,715,19608,1,,
43,1380,3,186,19610,1,,
351,604,6,721,19618,1,,
105,1650,1,1101,19627,1,,
96,84,4,1054,19627,1,,
344,581,4,1082,19636,1,,
233,286,6,1105,19638,1,,
421,3317,3,1025,19644,1,,
89,75,3,1025,19652,1,,
128,115,1,1025,19659,1,,
327,534,9,1107,19666,1,,
300,460,7,1115,19678,1,,
101,89,8,1107,19679,1,,
32,1339,6,266,19692,1,,
361,639,3,1025,19692,1,,
155,155,10,266,19707,1,,
237,297,6,1123,19711,1,,
324,525,7,266,19720,1,,
129,118,4,1123,19727,1,,
373,678,10,266,19734,1,,
261,356,6,266,19746,1,,
127,118,7,960,19749,1,,
326,532,3,266,19754,1,,
417,819,3,960,19759,1,,
201,228,4,266,19763,1,,
416,819,4,960,19766,1,,
67,56,1,266,19768,1,,
104,93,4,885,19797,1,,
351,604,1,380,19807,1,,
399,757,4,1066,19810,1,,
399,765,5,1066,19810,1,,
269,380,6,885,19826,1,,
480,1153,2,885,19831,1,,
128,1761,6,1115,19837,1,,
128,-1,-1,-999,19837,2,v13_piggyback,0.13100961538461542
144,144,6,1121,19846,1,,
398,762,11,885,19847,1,,
60,1453,2,842,19851,1,,
231,283,6,1066,19858,1,,
126,124,6,842,19860,1,,
397,757,3,1066,19866,1,,
120,116,6,1121,19869,1,,
396,760,2,518,19873,1,,
241,2299,3,518,19881,1,,
100,84,5,1054,19881,1,,
50,41,12,1041,19893,1,,
352,608,7,1041,19906,1,,
153,153,8,1041,19920,1,,
138,137,2,1128,19927,1,,
280,2493,3,1041,19928,1,,
394,755,1,1074,19931,1,,
351,608,5,1041,19938,1,,
32,23,5,1041,19948,1,,
218,256,8,1015,19952,1,,
134,133,2,1006,19957,1,,
114,107,7,1041,19961,1,,
132,129,6,1113,19966,1,,
237,300,4,1015,19975,1,,
285,418,4,1074,19982,1,,
140,137,7,1128,19992,1,,
283,413,9,1015,19995,1,,
282,2504,1,1113,19997,1,,
397,760,6,518,20009,1,,
397,755,4,1074,20009,1,,
178,1997,4,1113,20011,1,,
407,792,5,1015,20018,1,,
396,755,1,1074,20021,1,,
174,186,1,969,20025,1,,
175,186,2,969,20056,1,,
329,536,12,269,20057,1,,
67,54,10,269,20073,1,,
339,2834,3,269,20081,1,,
179,186,7,969,20089,1,,
260,-1,-1,-999,20089,2,v13_fetch,0.05822416302765643
235,290,10,269,20097,1,,
235,-1,-1,-999,20097,2,v13_piggyback,0.05853051058530512
279,408,6,1116,20100,1,,
474,1119,4,269,20106,1,,
71,60,4,1116,20111,1,,
303,469,8,269,20120,1,,
303,-1,-1,-999,20120,2,v13_piggyback,0.05071664829106948
433,903,3,269,20128,1,,
433,-1,-1,-999,20128,2,v13_piggyback,0.09198813056379818
281,405,8,973,20134,1,,
361,638,2,269,20134,1,,
470,1096,3,272,20140,1,,
487,1205,2,269,20141,1,,
152,154,4,973,20141,1,,
280,2493,1,269,20147,1,,
285,418,7,1015,20153,1,,
249,334,4,973,20154,1,,
276,395,2,1126,20171,1,,
330,539,4,890,20179,1,,
277,395,2,1126,20184,1,,
278,395,1,1126,20199,1,,
416,-1,-1,-999,20199,2,v13_fetch,0.050193050193050204
153,153,4,890,20207,1,,
427,873,8,890,20219,1,,
282,405,12,1078,20222,1,,
48,31,6,1132,20231,1,,
150,150,7,305,20236,1,,
51,38,7,1078,20242,1,,
41,1373,6,305,20268,1,,
221,263,6,305,20277,1,,
285,418,5,1132,20284,1,,
351,-1,-1,-999,20284,2,v13_fetch,0.049226441631504914
180,195,6,1078,20293,1,,
487,1207,4,890,20298,1,,
159,1908,3,1078,20299,1,,
38,28,10,1136,20312,1,,
153,1882,2,1057,20319,1,,
276,397,11,890,20328,1,,
140,1813,4,1136,20335,1,,
277,397,1,890,20338,1,,
284,415,6,1136,20348,1,,
128,123,10,1147,20369,1,,
178,190,6,1156,20379,1,,
179,190,4,1156,20385,1,,
126,1750,4,1156,20392,1,,
34,26,10,338,20395,1,,
92,82,9,338,20411,1,,
69,55,8,338,20425,1,,
188,211,5,338,20435,1,,
337,554,4,338,20444,1,,
227,274,6,338,20456,1,,
272,388,4,338,20465,1,,
73,55,10,641,20468,1,,
129,126,3,641,20473,1,,
127,124,8,338,20479,1,,
9,1243,11,641,20489,1,,
183,202,8,338,20493,1,,
398,763,5,641,20497,1,,
476,1132,4,338,20502,1,,
283,412,7,641,20507,1,,
487,1204,4,338,20511,1,,
114,107,3,641,20513,1,,
110,1674,2,641,20517,1,,
334,548,1,641,20523,1,,
159,1912,4,492,20549,1,,
332,548,1,641,20551,1,,
303,466,2,762,20557,1,,
120,116,8,492,20569,1,,
0,8,12,1141,20573,1,,
0,9,4,1141,20573,1,,
96,1608,3,492,20575,1,,
333,548,1,641,20577,1,,
131,125,5,1084,20583,1,,
430,895,3,1084,20593,1,,
136,1798,2,492,20597,1,,
133,125,5,1084,20605,1,,
238,302,4,338,20618,1,,
416,819,4,960,20624,1,,
335,554,2,338,20628,1,,
70,-1,-1,-999,20628,2,v13_fetch,0.08816425120772942
119,113,12,1084,20631,1,,
336,548,1,641,20631,1,,
340,548,1,641,20636,1,,
226,274,1,338,20637,1,,
338,548,1,641,20640,1,,
341,548,1,641,20650,1,,
337,548,1,641,20654,1,,
90,1582,1,338,20657,1,,
339,548,1,641,20665,1,,
304,470,8,1090,20687,1,,
92,-1,-1,-999,20687,2,v13_fetch,0.05251396648044693
342,548,1,641,20691,1,,
355,-1,-1,-999,20691,2,v13_fetch,0.04629629629629628
303,466,1,492,20691,1,,
97,-1,-1,-999,20691,2,v13_fetch,0.045098039215686225
168,179,5,1090,20700,1,,
158,161,8,1090,20718,1,,
133,1784,4,985,20725,1,,
339,559,4,887,20727,1,,
223,272,4,1090,20731,1,,
157,161,1,1090,20735,1,,
338,559,4,887,20740,1,,
346,-1,-1,-999,20740,2,v13_fetch,0.0431034482758621
351,604,1,380,20760,1,,
363,-1,-1,-999,20760,2,v13_fetch,0.04214963119072712
340,559,2,887,20766,1,,
425,863,3,801,20776,1,,
156,155,7,801,20787,1,,
174,187,2,801,20820,1,,
172,183,3,1159,20825,1,,
382,710,6,362,20827,1,,
393,751,6,362,20851,1,,
103,94,6,362,20862,1,,
23,1299,2,396,20864,1,,
452,3500,2,362,20869,1,,
426,3346,2,396,20873,1,,
356,624,1,396,20878,1,,
21,1290,6,362,20882,1,,
256,352,8,362,20896,1,,
357,624,1,396,20898,1,,
261,362,4,362,20905,1,,
468,1087,2,362,20911,1,,
358,624,1,396,20937,1,,
338,562,3,944,20944,1,,
360,624,1,396,20947,1,,
362,624,1,396,20952,1,,
364,624,1,396,20957,1,,
361,624,1,396,20961,1,,
359,624,1,396,20966,1,,
383,709,8,929,20974,1,,
43,33,5,929,20984,1,,
43,1379,1,929,20984,1,,
351,604,6,1081,20986,1,,
351,-1,-1,-999,20987,2,v13_piggyback,0.04219409282700426
250,335,4,929,20991,1,,
169,176,8,929,21003,1,,
237,2280,2,929,21007,1,,
148,150,3,929,21013,1,,
365,624,1,396,21022,1,,
183,-1,-1,-999,21022,2,v13_fetch,0.04140786749482406
168,179,11,1039,21028,1,,
160,1917,1,1039,21032,1,,
366,624,1,396,21033,1,,
417,-1,-1,-999,21033,2,v13_fetch,0.04010238907849828
302,467,3,929,21039,1,,
302,-1,-1,-999,21039,2,v13_piggyback,0.0439862542955326
128,126,10,1195,21049,1,,
352,607,3,1195,21055,1,,
92,84,5,518,21062,1,,
97,84,1,1054,21081,1,,
97,84,4,305,21081,1,,
88,68,4,1195,21096,1,,
271,389,7,942,21098,1,,
300,463,10,726,21107,1,,
433,905,5,726,21115,1,,
393,3151,2,726,21122,1,,
383,711,3,726,21127,1,,
96,85,4,942,21133,1,,
286,2525,4,942,21140,1,,
286,-1,-1,-999,21140,2,v13_piggyback,0.0487528344671202
432,902,4,961,21153,1,,
18,15,4,726,21160,1,,
139,139,2,726,21165,1,,
56,40,2,726,21169,1,,
270,385,3,726,21175,1,,
270,-1,-1,-999,21175,2,v13_piggyback,0.04749999999999999
145,143,10,983,21181,1,,
272,385,2,726,21190,1,,
454,1014,6,983,21206,1,,
366,649,6,805,21215,1,,
171,1965,2,983,21220,1,,
273,384,4,1173,21227,1,,
301,464,5,412,21231,1,,
361,639,7,983,21242,1,,
298,454,8,412,21250,1,,
274,384,4,1173,21251,1,,
111,1679,3,412,21255,1,,
247,326,6,412,21268,1,,
346,586,1,1082,21280,1,,
346,586,8,971,21280,1,,
271,385,7,726,21282,1,,
246,319,4,1197,21289,1,,
455,3517,2,412,21292,1,,
20,15,12,1197,21306,1,,
20,-1,-1,-999,21306,2,v13_piggyback,0.04323001631321366
245,319,2,1197,21325,1,,
351,604,6,1081,21343,1,,
351,-1,-1,-999,21343,2,v13_piggyback,0.04078762306610406
132,129,4,1145,21344,1,,
196,2081,3,1145,21352,1,,
163,170,10,1203,21368,1,,
33,25,2,1114,21375,1,,
137,1799,2,1203,21382,1,,
157,160,6,749,21389,1,,
4,1,8,1211,21396,1,,
248,323,6,749,21401,1,,
131,1775,7,1114,21409,1,,
273,2458,2,1200,21421,1,,
273,391,5,1200,21421,1,,
264,372,3,749,21422,1,,
1,1223,4,749,21431,1,,
417,819,1,960,21434,1,,
313,2679,2,749,21438,1,,
308,2651,1,749,21443,1,,
197,219,2,749,21450,1,,
325,530,10,959,21465,1,,
29,19,7,959,21476,1,,
348,596,6,959,21485,1,,
219,2195,3,959,21491,1,,
389,738,5,959,21499,1,,
274,391,7,1200,21504,1,,
0,5,9,1152,21517,1,,
236,295,1,959,21532,1,,
218,257,3,833,21539,1,,
247,323,2,749,21539,1,,
220,257,3,833,21547,1,,
5,6,11,1206,21564,1,,
5,7,8,1206,21564,1,,
302,466,3,492,21573,1,,
424,854,6,1151,21576,1,,
422,852,2,1206,21583,1,,
286,422,8,959,21588,1,,
98,88,8,1198,21599,1,,
105,97,4,1196,21609,1,,
49,31,6,747,21614,1,,
300,460,4,747,21625,1,,
115,107,11,1212,21626,1,,
395,3163,4,747,21634,1,,
109,97,6,1106,21637,1,,
219,257,2,833,21645,1,,
470,1097,7,747,21647,1,,
110,97,6,1106,21649,1,,
42,31,2,747,21653,1,,
365,-1,-1,-999,21653,2,v13_fetch,0.040116279069767447
301,460,2,747,21660,1,,
220,255,10,963,21667,1,,
2,5,12,1212,21667,1,,
111,104,8,1175,21682,1,,
39,30,6,1175,21693,1,,
302,460,3,747,21698,1,,
223,2212,2,1175,21700,1,,
36,21,4,1108,21709,1,,
40,29,9,1220,21724,1,,
217,248,4,1155,21732,1,,
38,28,6,1199,21735,1,,
0,4,4,1220,21744,1,,
212,248,1,1155,21754,1,,
34,21,8,1220,21758,1,,
288,427,2,1108,21765,1,,
311,2667,3,1155,21771,1,,
35,1353,2,1127,21775,1,,
308,482,5,1190,21779,1,,
240,308,2,1220,21782,1,,
221,254,11,1190,21794,1,,
31,22,8,1194,21795,1,,
166,175,10,431,21803,1,,
10,1251,9,1190,21807,1,,
46,37,6,1190,21817,1,,
393,749,11,431,21818,1,,
95,85,11,431,21833,1,,
95,-1,-1,-999,21833,2,v13_piggyback,0.041617122473246115
18,2,6,1194,21838,1,,
222,261,7,431,21844,1,,
61,1458,2,1194,21850,1,,
59,1451,5,431,21852,1,,
257,353,5,431,21860,1,,
317,498,5,431,21868,1,,
87,1571,4,431,21874,1,,
187,2040,3,431,21880,1,,
57,45,8,1149,21880,1,,
219,259,8,1143,21890,1,,
384,3099,2,431,21891,1,,
7,1237,2,1183,21896,1,,
378,3062,3,431,21899,1,,
314,496,6,1143,21899,1,,
64,47,6,1183,21905,1,,
129,1764,3,1161,21915,1,,
1,4,9,1143,21943,1,,
15,0,7,1161,21947,1,,
15,1273,8,1161,21947,1,,
13,0,3,1161,21953,1,,
58,46,6,1161,21962,1,,
32,1337,4,879,21968,1,,
20,2,10,1058,21976,1,,
470,3611,2,1222,21984,1,,
197,-1,-1,-999,21984,2,v13_fetch,0.04557640750670244
66,51,6,1058,21992,1,,
66,52,2,1246,21992,1,,
218,253,6,879,21992,1,,
152,153,2,431,21997,1,,
78,67,10,1058,22006,1,,
67,52,8,1112,22024,1,,
83,71,3,1249,22027,1,,
198,219,3,1118,22030,1,,
33,25,9,1246,22044,1,,
5,1,8,1249,22054,1,,
35,1352,12,814,22062,1,,
16,13,2,1112,22069,1,,
335,558,1,1161,22074,1,,
327,534,8,1227,22077,1,,
455,1020,3,1246,22082,1,,
149,145,8,1160,22091,1,,
95,84,1,518,22096,1,,
185,202,4,1140,22102,1,,
148,145,3,1160,22104,1,,
92,82,8,1227,22118,1,,
337,557,8,1157,22122,1,,
34,24,4,1227,22127,1,,
411,806,4,1227,22136,1,,
0,8,5,1157,22136,1,,
302,460,4,1239,22145,1,,
83,1554,12,1140,22156,1,,
1,9,10,1239,22159,1,,
117,1706,4,1239,22166,1,,
182,200,8,1191,22168,1,,
116,109,1,1235,22170,1,,
3,9,6,1258,22187,1,,
446,971,8,1122,22203,1,,
238,302,1,1044,22203,1,,
97,1613,3,1255,22213,1,,
97,76,2,1255,22213,1,,
2,4,7,1122,22215,1,,
159,161,4,1044,22223,1,,
141,1818,1,1044,22228,1,,
33,1343,10,1118,22229,1,,
107,97,3,1257,22240,1,,
107,92,4,1257,22240,1,,
410,805,6,1044,22240,1,,
111,97,6,1257,22249,1,,
328,536,4,1044,22249,1,,
11,10,2,1257,22254,1,,
341,571,6,1243,22263,1,,
158,163,8,1228,22263,1,,
158,-1,-1,-999,22263,2,v13_piggyback,0.0828460038986355
105,97,1,1257,22266,1,,
435,919,2,1228,22273,1,,
22,2,6,1243,22276,1,,
180,190,6,1201,22280,1,,
203,233,6,982,22289,1,,
181,196,6,982,22299,1,,
128,117,2,982,22303,1,,
6,4,7,1262,22305,1,,
6,2,5,1262,22305,1,,
394,754,8,1262,22317,1,,
410,-1,-1,-999,22317,2,v13_fetch,0.04962546816479396
340,2844,2,1245,22321,1,,
426,867,6,982,22329,1,,
143,137,6,1018,22350,1,,
23,2,7,1262,22359,1,,
379,697,6,1018,22362,1,,
411,805,6,1262,22369,1,,
8,1233,4,1210,22376,1,,
157,160,8,1261,22376,1,,
7,1233,6,1210,22385,1,,
93,76,8,1261,22390,1,,
77,65,2,1210,22393,1,,
91,76,1,1261,22395,1,,
9,1,8,1269,22409,1,,
129,123,2,1261,22424,1,,
130,121,5,1254,22434,1,,
0,5,9,1273,22442,1,,
114,96,3,1272,22448,1,,
276,399,3,977,22461,1,,
242,308,5,1189,22470,1,,
471,1103,4,1269,22477,1,,
181,2010,10,1266,22479,1,,
448,984,4,1266,22486,1,,
342,550,4,1266,22493,1,,
449,976,6,977,22502,1,,
70,57,10,1189,22507,1,,
131,127,11,1265,22507,1,,
131,123,2,1265,22507,1,,
71,55,5,1177,22515,1,,
357,626,8,1124,22521,1,,
132,127,8,1124,22535,1,,
196,220,5,1109,22545,1,,
106,1651,2,1124,22552,1,,
68,56,2,1169,22558,1,,
481,1165,2,1169,22564,1,,
128,121,8,1109,22566,1,,
326,532,4,1109,22575,1,,
73,56,10,1169,22579,1,,
220,2198,2,1109,22582,1,,
266,2425,4,1169,22586,1,,
44,1385,2,1169,22591,1,,
219,255,7,1109,22594,1,,
450,992,6,1020,22606,1,,
256,345,2,1109,22612,1,,
66,52,9,1020,22623,1,,
263,2408,3,800,22629,1,,
263,366,8,800,22629,1,,
0,1219,6,1269,22632,1,,
55,40,5,800,22637,1,,
9,1247,12,892,22649,1,,
60,46,5,800,22666,1,,
60,40,5,800,22666,1,,
110,99,3,800,22671,1,,
440,943,2,800,22676,1,,
56,44,4,1251,22683,1,,
245,2323,2,800,22687,1,,
228,2237,2,800,22692,1,,
306,2638,2,800,22696,1,,
367,3001,2,800,22701,1,,
183,201,3,800,22707,1,,
1,9,2,1225,22716,1,,
257,348,1,980,22724,1,,
325,531,1,1276,22730,1,,
72,57,10,1264,22737,1,,
278,403,8,1225,22749,1,,
280,407,8,775,22757,1,,
202,230,7,1264,22759,1,,
451,996,6,1225,22768,1,,
258,352,10,775,22773,1,,
276,399,10,1263,22783,1,,
264,369,4,775,22783,1,,
242,315,4,775,22792,1,,
364,648,8,775,22806,1,,
277,2476,2,775,22813,1,,
197,223,9,1093,22815,1,,
449,987,7,800,22816,1,,
261,361,3,1093,22821,1,,
198,216,5,991,22829,1,,
326,531,7,1276,22833,1,,
235,290,6,1133,22838,1,,
106,99,2,800,22847,1,,
234,292,8,1093,22850,1,,
256,348,6,980,22854,1,,
196,2082,2,800,22858,1,,
244,312,1,1253,22865,1,,
101,1630,1,1253,22869,1,,
241,312,1,1253,22873,1,,
245,312,6,1253,22885,1,,
236,288,4,991,22891,1,,
477,1136,2,991,22911,1,,
7,1237,3,991,22921,1,,
208,240,1,1060,22935,1,,
208,239,8,1164,22935,1,,
262,361,10,1247,22949,1,,
257,346,6,1299,22958,1,,
286,2527,2,1299,22965,1,,
0,8,12,1060,22967,1,,
168,179,3,1008,22974,1,,
1,5,8,1164,22979,1,,
346,588,5,1008,22984,1,,
237,291,10,1164,22995,1,,
255,349,8,1008,22998,1,,
258,349,1,1008,23004,1,,
285,418,6,1060,23007,1,,
165,174,4,1013,23019,1,,
91,81,12,1275,23025,1,,
311,488,5,1013,23030,1,,
104,1645,6,1164,23037,1,,
98,87,6,1270,23046,1,,
197,216,1,991,23051,1,,
197,220,7,1060,23051,1,,
116,109,9,1013,23058,1,,
167,174,6,1013,23069,1,,
99,87,3,1234,23070,1,,
378,693,7,1275,23073,1,,
83,71,2,1013,23076,1,,
261,361,6,1164,23084,1,,
186,2035,2,1234,23090,1,,
81,69,7,1296,23101,1,,
328,2768,3,1164,23104,1,,
256,349,2,1008,23108,1,,
160,165,4,1274,23111,1,,
203,231,5,1274,23120,1,,
265,370,4,1060,23127,1,,
395,3162,1,1060,23131,1,,
255,350,4,1247,23143,1,,
350,2900,3,1311,23146,1,,
264,371,10,1111,23167,1,,
100,87,2,1311,23167,1,,
413,3268,3,1164,23176,1,,
258,2384,3,1247,23182,1,,
446,969,8,1111,23194,1,,
347,591,12,1310,23199,1,,
292,440,4,1060,23201,1,,
18,15,11,1310,23215,1,,
70,59,10,1306,23217,1,,
44,1385,1,1310,23218,1,,
47,1393,6,1310,23230,1,,
47,36,2,1310,23230,1,,
154,1884,4,876,23233,1,,
98,88,6,1310,23240,1,,
259,2389,2,876,23247,1,,
409,799,5,1310,23248,1,,
183,197,4,1111,23253,1,,
212,249,2,876,23259,1,,
69,58,7,876,23272,1,,
3,1,4,1193,23274,1,,
363,643,1,876,23278,1,,
36,1353,4,876,23287,1,,
182,199,12,1193,23296,1,,
152,153,9,1304,23302,1,,
410,3249,1,1164,23303,1,,
103,94,4,1193,23311,1,,
237,300,4,876,23311,1,,
192,197,1,1111,23324,1,,
175,1984,1,618,23349,1,,
322,518,12,1179,23350,1,,
193,215,12,1135,23351,1,,
265,2419,2,1292,23356,1,,
166,177,7,1320,23364,1,,
153,153,7,1179,23372,1,,
304,2631,2,1320,23374,1,,
253,2361,2,1135,23375,1,,
234,291,10,1179,23388,1,,
132,130,4,1179,23397,1,,
409,800,5,618,23402,1,,
0,3,6,1179,23411,1,,
0,1,2,1179,23411,1,,
31,1332,4,1320,23414,1,,
254,344,10,1237,23419,1,,
223,270,4,1179,23420,1,,
1,5,8,1318,23445,1,,
1,-1,-1,-999,23445,2,v13_piggyback,0.1908783783783784
139,135,6,1319,23456,1,,
152,152,10,1315,23462,1,,
72,61,2,1179,23463,1,,
235,291,4,1319,23472,1,,
2,3,2,1319,23478,1,,
192,2061,3,1024,23479,1,,
192,215,8,838,23479,1,,
160,158,4,838,23486,1,,
232,285,4,1318,23488,1,,
363,2975,4,1193,23493,1,,
55,44,9,1315,23506,1,,
19,15,8,1284,23508,1,,
19,1,12,1284,23508,1,,
50,31,6,1297,23515,1,,
20,0,11,1307,23524,1,,
18,0,6,1315,23524,1,,
444,961,7,1284,23534,1,,
486,1197,2,1307,23539,1,,
360,636,5,1284,23547,1,,
12,0,1,1307,23550,1,,
262,2404,4,1232,23552,1,,
150,1866,3,1307,23557,1,,
230,282,6,1010,23573,1,,
243,314,4,1232,23583,1,,
431,898,3,1010,23594,1,,
51,38,10,1289,23599,1,,
51,43,4,1289,23599,1,,
231,284,7,1232,23607,1,,
43,32,2,1010,23617,1,,
43,30,3,1010,23617,1,,
42,1374,7,1289,23626,1,,
242,315,4,1172,23626,1,,
25,2,7,1327,23636,1,,
155,158,1,1172,23642,1,,
17,0,5,1324,23645,1,,
377,3057,1,1010,23647,1,,
373,676,4,1146,23651,1,,
39,30,8,1321,23663,1,,
227,276,6,1172,23665,1,,
375,3047,2,1324,23667,1,,
48,36,8,452,23669,1,,
261,2400,4,1289,23674,1,,
269,383,2,1324,23679,1,,
480,1154,5,452,23694,1,,
55,1430,12,1230,23696,1,,
287,424,8,452,23705,1,,
166,175,4,452,23712,1,,
174,187,10,452,23726,1,,
146,144,5,452,23737,1,,
146,1847,2,452,23737,1,,
224,262,2,1303,23746,1,,
0,3,6,452,23748,1,,
0,2,1,452,23748,1,,
0,-1,-1,-999,23748,2,v13_piggyback,0.2690548780487805
250,336,4,452,23754,1,,
228,262,4,1303,23760,1,,
460,1043,4,452,23761,1,,
212,246,4,452,23768,1,,
38,1361,4,1316,23771,1,,
226,262,4,1303,23772,1,,
314,2684,4,452,23775,1,,
102,90,6,1337,23780,1,,
13,1264,6,1337,23790,1,,
300,461,4,1337,23796,1,,
51,43,6,1337,23806,1,,
431,899,10,1208,23806,1,,
101,90,4,1316,23817,1,,
123,1737,2,1208,23825,1,,
123,115,7,1208,23825,1,,
12,1261,4,1335,23841,1,,
40,30,5,1094,23849,1,,
229,274,6,1208,23862,1,,
110,1673,3,452,23866,1,,
83,71,3,1208,23870,1,,
230,274,2,1208,23877,1,,
365,647,5,1094,23891,1,,
155,1891,2,1305,23896,1,,
19,0,11,1186,23906,1,,
70,57,2,452,23909,1,,
256,352,2,452,23913,1,,
1,7,9,1300,23919,1,,
43,32,2,452,23923,1,,
2,4,2,957,23924,1,,
398,763,4,1094,23926,1,,
39,1363,7,1327,23941,1,,
39,27,4,1186,23941,1,,
339,2835,2,452,23946,1,,
326,533,7,1186,23952,1,,
275,2468,3,1134,23960,1,,
4,6,6,1186,23964,1,,
419,3301,2,1244,23970,1,,
183,202,6,1186,23973,1,,
72,61,10,1186,23988,1,,
41,28,8,1343,24002,1,,
111,-1,-1,-999,24002,2,v13_fetch,0.10585585585585588
134,132,11,1312,24013,1,,
134,131,6,1312,24013,1,,
102,1636,12,1094,24020,1,,
0,4,11,1312,24031,1,,
83,1554,9,1300,24036,1,,
434,912,2,1312,24038,1,,
244,-1,-1,-999,24038,2,v13_fetch,0.10256410256410253
139,1808,2,1338,24042,1,,
399,3188,2,1300,24049,1,,
71,57,3,1338,24057,1,,
155,1888,4,957,24060,1,,
155,1892,2,1134,24060,1,,
101,90,5,1350,24067,1,,
43,1378,6,1244,24071,1,,
13,1265,1,1186,24073,1,,
147,147,1,1186,24078,1,,
164,1932,2,1352,24085,1,,
136,133,6,1352,24097,1,,
18,12,6,1248,24104,1,,
251,337,4,1352,24106,1,,
163,170,5,1322,24129,1,,
74,62,9,1248,24130,1,,
148,149,6,1248,24142,1,,
144,144,8,1181,24157,1,,
416,824,6,1248,24165,1,,
55,44,5,1181,24165,1,,
213,249,10,1181,24180,1,,
435,914,8,498,24188,1,,
1,0,1,1181,24197,1,,
1,4,12,1342,24197,1,,
219,253,10,1259,24200,1,,
393,752,9,498,24201,1,,
140,141,12,1342,24213,1,,
414,818,8,1259,24214,1,,
149,146,7,498,24217,1,,
337,553,5,498,24226,1,,
75,60,5,1181,24229,1,,
75,58,6,1342,24229,1,,
130,126,5,897,24244,1,,
130,127,6,897,24244,1,,
5,6,6,1168,24264,1,,
5,5,1,897,24264,1,,
5,3,8,897,24264,1,,
66,54,3,498,24265,1,,
335,553,1,498,24271,1,,
74,1515,5,1131,24277,1,,
210,241,8,897,24286,1,,
210,231,3,1130,24286,1,,
56,41,9,1342,24307,1,,
56,44,6,897,24307,1,,
220,258,8,1344,24308,1,,
220,-1,-1,-999,24309,2,v13_piggyback,0.0804924242424242
221,259,5,1229,24316,1,,
76,63,10,897,24323,1,,
351,608,8,1229,24333,1,,
139,139,10,897,24339,1,,
263,2411,2,1148,24348,1,,
295,447,8,1168,24353,1,,
288,425,6,1148,24358,1,,
123,1733,2,1148,24363,1,,
131,127,7,1334,24366,1,,
133,131,6,1130,24377,1,,
170,176,12,503,24386,1,,
170,181,2,503,24386,1,,
55,1429,10,1168,24393,1,,
451,1000,11,503,24401,1,,
227,276,6,1342,24405,1,,
375,682,9,503,24414,1,,
32,24,4,1181,24414,1,,
157,158,4,897,24423,1,,
138,135,3,503,24425,1,,
138,133,5,503,24425,1,,
43,32,8,503,24439,1,,
353,614,4,1334,24446,1,,
0,0,2,503,24451,1,,
0,8,6,503,24451,1,,
346,590,8,503,24463,1,,
464,1065,4,897,24470,1,,
70,56,8,503,24477,1,,
284,2513,3,897,24477,1,,
366,647,5,1351,24487,1,,
122,114,4,503,24496,1,,
193,2066,2,1342,24509,1,,
367,654,8,503,24510,1,,
71,1505,2,897,24514,1,,
286,422,10,1218,24521,1,,
56,1435,9,1130,24526,1,,
98,88,9,1218,24534,1,,
200,225,2,897,24540,1,,
478,1144,3,503,24552,1,,
410,803,10,515,24553,1,,
140,135,3,503,24560,1,,
128,126,8,515,24565,1,,
77,60,10,1218,24568,1,,
49,36,8,1166,24577,1,,
296,453,2,503,24577,1,,
16,11,8,1218,24580,1,,
192,215,11,1166,24593,1,,
72,55,2,1347,24594,1,,
72,-1,-1,-999,24594,2,v13_piggyback,0.09364081062194274
323,2743,2,503,24600,1,,
85,68,8,515,24604,1,,
73,55,2,1347,24612,1,,
69,55,2,1347,24619,1,,
47,34,6,1238,24623,1,,
161,164,8,515,24634,1,,
193,215,6,848,24647,1,,
83,71,6,1371,24656,1,,
97,1611,2,503,24660,1,,
184,204,5,1238,24664,1,,
70,55,2,1347,24671,1,,
400,771,5,848,24672,1,,
300,457,6,515,24682,1,,
0,2,5,1238,24690,1,,
387,729,10,520,24699,1,,
410,802,10,1238,24704,1,,
119,113,8,520,24714,1,,
469,1092,8,520,24726,1,,
128,120,4,1166,24730,1,,
27,17,8,520,24740,1,,
158,164,4,515,24742,1,,
305,474,4,515,24749,1,,
84,70,5,520,24750,1,,
318,2710,3,520,24759,1,,
318,-1,-1,-999,24759,2,v13_piggyback,0.07150595882990252
302,2618,4,520,24768,1,,
308,474,4,515,24768,1,,
138,120,4,1166,24775,1,,
139,120,2,1166,24791,1,,
139,130,6,1326,24791,1,,
441,950,9,1380,24795,1,,
73,1512,4,1370,24804,1,,
1,6,7,1326,24804,1,,
2,6,5,1386,24816,1,,
51,43,10,1380,24820,1,,
205,234,6,1326,24827,1,,
203,231,8,1365,24838,1,,
309,480,4,1380,24839,1,,
298,457,3,515,24846,1,,
298,-1,-1,-999,24846,2,v13_piggyback,0.07868383404864088
223,269,4,515,24854,1,,
299,457,2,515,24860,1,,
335,556,2,531,24861,1,,
249,334,4,515,24867,1,,
282,2501,4,531,24874,1,,
377,691,4,1386,24879,1,,
338,563,2,531,24893,1,,
270,2440,3,1166,24910,1,,
98,87,1,515,24915,1,,
11,1253,7,541,24916,1,,
407,791,2,1326,24926,1,,
177,1991,2,515,24932,1,,
169,178,6,541,24934,1,,
61,1460,2,897,24939,1,,
295,449,2,1185,24951,1,,
444,960,6,541,24954,1,,
182,190,6,541,24967,1,,
182,-1,-1,-999,24967,2,v13_piggyback,0.0809464508094645
115,106,6,541,24976,1,,
425,3337,4,546,24986,1,,
441,953,9,767,24989,1,,
359,2954,4,546,24996,1,,
309,2659,2,1341,24998,1,,
309,2659,4,541,24998,1,,
443,960,3,541,25004,1,,
448,3475,2,546,25018,1,,
458,1035,5,1224,25030,1,,
308,481,8,546,25038,1,,
325,-1,-1,-999,25038,2,v13_fetch,0.06691449814126393
294,444,5,1356,25041,1,,
65,49,8,1102,25055,1,,
442,941,1,1331,25057,1,,
380,3075,3,1102,25063,1,,
98,-1,-1,-999,25063,2,v13_fetch,0.06463414634146336
338,2828,3,546,25069,1,,
441,949,4,796,25074,1,,
339,565,7,1102,25076,1,,
333,2800,2,1102,25082,1,,
340,564,4,1367,25091,1,,
475,3647,4,1102,25101,1,,
443,941,4,1331,25106,1,,
443,949,1,796,25106,1,,
177,1992,2,1103,25107,1,,
63,51,8,1382,25128,1,,
440,949,4,796,25134,1,,
78,67,6,1382,25140,1,,
33,1340,3,1382,25148,1,,
124,114,12,563,25165,1,,
238,295,4,563,25174,1,,
236,295,2,563,25181,1,,
75,63,4,1418,25194,1,,
311,489,7,563,25194,1,,
237,295,2,563,25201,1,,
22,17,4,1333,25203,1,,
0,0,4,563,25210,1,,
294,446,3,1224,25211,1,,
425,866,8,782,25215,1,,
268,378,6,563,25221,1,,
32,19,9,1374,25226,1,,
462,1053,2,1374,25233,1,,
21,16,4,1392,25238,1,,
486,1199,3,1392,25244,1,,
380,3073,4,910,25248,1,,
25,16,3,1364,25261,1,,
440,944,10,1241,25276,1,,
440,945,5,782,25276,1,,
339,565,10,1382,25282,1,,
28,17,6,1376,25304,1,,
28,1,8,1376,25304,1,,
39,29,2,1393,25310,1,,
455,1014,11,591,25316,1,,
404,784,7,1376,25323,1,,
23,16,3,1393,25331,1,,
72,61,10,591,25333,1,,
1,1,5,1400,25344,1,,
446,967,7,591,25345,1,,
288,427,2,591,25352,1,,
116,106,8,1400,25358,1,,
424,861,10,1420,25363,1,,
424,852,7,878,25363,1,,
317,500,6,591,25366,1,,
105,96,4,1390,25371,1,,
29,1322,1,591,25372,1,,
94,1597,2,591,25378,1,,
14,0,3,1390,25382,1,,
30,1327,8,1420,25393,1,,
30,1,8,878,25393,1,,
106,93,8,1387,25403,1,,
190,212,12,878,25427,1,,
190,213,5,878,25427,1,,
141,135,8,1420,25439,1,,
128,117,6,1410,25442,1,,
411,810,8,1420,25451,1,,
425,862,10,1392,25465,1,,
22,16,6,1410,25472,1,,
58,47,10,1420,25482,1,,
28,1320,7,1400,25494,1,,
171,178,9,878,25497,1,,
108,100,2,1410,25501,1,,
36,3,4,593,25507,1,,
36,18,7,593,25507,1,,
360,636,7,878,25509,1,,
15,11,4,1426,25510,1,,
161,167,6,878,25521,1,,
426,865,6,1410,25521,1,,
292,438,7,593,25524,1,,
296,452,6,878,25532,1,,
481,1160,6,1410,25533,1,,
433,902,7,593,25534,1,,
283,412,6,1420,25544,1,,
76,60,6,593,25544,1,,
474,1123,3,593,25550,1,,
330,543,6,874,25566,1,,
227,2234,3,593,25574,1,,
270,385,2,593,25578,1,,
10,1252,2,593,25583,1,,
0,5,5,874,25583,1,,
109,98,6,874,25595,1,,
172,1968,2,593,25603,1,,
331,545,2,593,25612,1,,
97,1610,4,878,25618,1,,
140,135,3,1420,25624,1,,
475,1123,1,593,25626,1,,
320,514,6,878,25633,1,,
107,98,1,874,25635,1,,
107,95,10,1163,25635,1,,
86,68,3,878,25641,1,,
308,482,7,1163,25648,1,,
75,63,10,1163,25664,1,,
1,3,7,1443,25681,1,,
1,2,3,1443,25681,1,,
87,73,7,1395,25681,1,,
357,2944,2,1420,25688,1,,
164,172,1,878,25691,1,,
128,1759,2,874,25695,1,,
128,118,6,1163,25695,1,,
49,35,2,1163,25710,1,,
49,34,7,1443,25710,1,,
208,238,3,1450,25718,1,,
256,330,6,597,25724,1,,
339,564,4,874,25727,1,,
455,1018,8,597,25736,1,,
47,35,4,1434,25736,1,,
273,388,3,1434,25744,1,,
350,2901,4,597,25745,1,,
95,84,4,597,25752,1,,
2,5,4,1450,25753,1,,
2,-1,-1,-999,25753,2,v13_piggyback,0.19111111111111112
201,228,6,597,25764,1,,
290,433,3,597,25772,1,,
98,84,5,597,25782,1,,
237,-1,-1,-999,25783,2,v13_fetch,0.10898876404494384
262,365,2,874,25791,1,,
163,170,4,1402,25795,1,,
108,98,2,874,25799,1,,
77,65,2,700,25801,1,,
70,1500,4,1402,25808,1,,
187,209,2,874,25808,1,,
160,166,6,1184,25819,1,,
340,567,3,1184,25832,1,,
252,341,2,1163,25839,1,,
341,567,5,1184,25844,1,,
190,213,2,1184,25848,1,,
15,1272,1,1271,25872,1,,
203,233,10,1399,25888,1,,
164,1934,4,700,25891,1,,
189,212,11,1407,25906,1,,
441,-1,-1,-999,25906,2,v13_fetch,0.06511627906976747
431,898,6,1174,25910,1,,
78,64,6,1399,25917,1,,
175,-1,-1,-999,25917,2,v13_fetch,0.06145833333333328
194,209,5,1174,25920,1,,
192,209,11,1460,25935,1,,
192,-1,-1,-999,25935,2,v13_piggyback,0.08347826086956522
193,213,4,1459,25943,1,,
204,231,4,1095,25962,1,,
204,225,8,1095,25962,1,,
128,122,10,1095,25978,1,,
195,217,7,1442,25985,1,,
324,524,6,1095,25990,1,,
77,65,5,1458,25995,1,,
0,3,8,1095,26004,1,,
281,407,4,1095,26013,1,,
201,228,10,1470,26029,1,,
38,28,4,1242,26031,1,,
75,63,2,1095,26035,1,,
117,1705,2,1242,26036,1,,
76,63,7,1242,26047,1,,
198,224,10,1062,26052,1,,
155,1890,4,1242,26053,1,,
2,1224,4,1242,26061,1,,
114,107,10,1062,26068,1,,
404,782,12,947,26087,1,,
129,118,12,1309,26106,1,,
194,217,10,1458,26107,1,,
31,22,4,1471,26114,1,,
115,107,12,947,26131,1,,
115,106,6,1309,26131,1,,
83,67,6,1062,26147,1,,
83,71,3,1403,26147,1,,
1,6,8,1403,26160,1,,
17,-1,-1,-999,26160,2,v13_fetch,0.11853832442067735
26,2,7,1473,26173,1,,
30,20,9,1433,26175,1,,
279,405,8,947,26187,1,,
178,192,8,1433,26187,1,,
446,972,8,1403,26201,1,,
179,192,10,1441,26202,1,,
2,0,6,1416,26211,1,,
275,394,8,1473,26215,1,,
84,71,8,1423,26229,1,,
290,428,7,1309,26242,1,,
133,132,5,1309,26252,1,,
227,268,5,1059,26263,1,,
43,1382,6,1062,26263,1,,
203,-1,-1,-999,26263,2,v13_fetch,0.0656063618290258
403,3210,3,947,26271,1,,
0,4,3,1059,26275,1,,
0,2,5,1059,26275,1,,
450,993,4,1309,26280,1,,
205,227,3,1309,26288,1,,
175,189,6,1059,26290,1,,
202,227,1,1309,26294,1,,
401,3198,3,1059,26296,1,,
113,106,1,1309,26299,1,,
226,268,6,1059,26305,1,,
217,2184,4,1059,26312,1,,
238,302,1,1059,26317,1,,
200,225,4,1475,26334,1,,
235,289,5,1349,26340,1,,
30,1330,7,1416,26351,1,,
267,377,6,1050,26352,1,,
44,33,9,1429,26378,1,,
132,130,9,1466,26393,1,,
244,318,6,1479,26402,1,,
130,128,6,1438,26405,1,,
0,9,11,1479,26417,1,,
14,-1,-1,-999,26417,2,v13_fetch,0.11066398390342047
403,781,8,1050,26419,1,,
96,86,3,1485,26423,1,,
1,4,2,1438,26425,1,,
317,2707,4,1438,26434,1,,
120,116,5,1452,26445,1,,
2,7,7,1452,26457,1,,
247,319,4,1444,26459,1,,
17,0,5,1485,26467,1,,
38,27,8,1452,26471,1,,
148,146,10,1391,26488,1,,
147,1848,3,1435,26495,1,,
92,82,6,1480,26504,1,,
18,0,6,1391,26507,1,,
122,1728,2,1435,26518,1,,
122,110,4,1435,26518,1,,
297,444,8,1391,26532,1,,
32,24,6,1454,26538,1,,
329,539,1,1493,26542,1,,
264,368,6,1413,26544,1,,
330,539,4,1493,26549,1,,
263,368,4,1391,26553,1,,
19,14,8,1493,26561,1,,
298,455,2,1100,26564,1,,
93,82,10,1454,26577,1,,
153,155,1,1454,26580,1,,
358,628,10,1477,26586,1,,
453,1009,4,1454,26589,1,,
303,470,4,1477,26595,1,,
265,372,10,1477,26612,1,,
86,72,7,1394,26614,1,,
33,24,6,1394,26623,1,,
0,1,7,1477,26625,1,,
20,14,9,1394,26636,1,,
304,470,4,1428,26641,1,,
308,-1,-1,-999,26641,2,v13_fetch,0.05613305613305608
332,2795,4,1394,26643,1,,
35,22,8,1405,26655,1,,
360,631,6,1412,26667,1,,
87,73,5,1045,26668,1,,
34,22,4,1412,26676,1,,
362,641,1,1405,26693,1,,
362,621,10,1405,26693,1,,
48,38,3,1428,26701,1,,
264,372,10,1354,26718,1,,
139,135,1,1491,26726,1,,
410,808,6,1354,26729,1,,
134,129,11,1217,26742,1,,
89,68,7,1491,26753,1,,
50,36,8,1354,26754,1,,
50,35,9,1354,26754,1,,
361,632,5,1354,26764,1,,
52,37,8,1217,26772,1,,
52,43,6,1217,26772,1,,
198,219,3,1217,26781,1,,
198,-1,-1,-999,26781,2,v13_piggyback,0.05533980582524267
343,2859,2,1217,26785,1,,
54,34,10,1000,26790,1,,
54,1425,8,1000,26790,1,,
197,223,4,1491,26792,1,,
36,26,3,1354,26804,1,,
36,23,5,1000,26804,1,,
414,816,7,1217,26805,1,,
0,8,2,1217,26812,1,,
302,468,7,1000,26817,1,,
259,2392,2,1217,26818,1,,
335,2812,3,1217,26826,1,,
167,169,6,1000,26828,1,,
1,2,4,1354,26842,1,,
35,26,8,1325,26857,1,,
35,-1,-1,-999,26857,2,v13_piggyback,0.05576488319517714
2,4,7,1325,26869,1,,
166,176,4,1457,26878,1,,
403,3210,3,1325,26886,1,,
138,1804,2,1412,26893,1,,
164,168,2,1325,26899,1,,
182,198,1,1150,26904,1,,
67,1483,2,1354,26906,1,,
217,254,3,1325,26914,1,,
450,996,7,1448,26918,1,,
421,848,2,1325,26921,1,,
439,932,2,1325,26927,1,,
88,66,6,1448,26942,1,,
93,-1,-1,-999,26942,2,v13_fetch,0.052959501557632405
360,632,1,1354,26954,1,,
330,-1,-1,-999,26954,2,v13_fetch,0.05154639175257736
170,181,12,1448,26961,1,,
92,-1,-1,-999,26961,2,v13_fetch,0.05027932960893855
295,449,2,1448,26968,1,,
70,1500,2,1325,26971,1,,
414,3276,4,1150,26977,1,,
87,66,2,1448,26984,1,,
359,-1,-1,-999,26984,2,v13_fetch,0.048223350253807085
37,27,6,1515,26995,1,,
78,1535,2,1354,27002,1,,
78,-1,-1,-999,27002,2,v13_piggyback,0.1452830188679245
45,34,1,1000,27007,1,,
66,52,7,1358,27020,1,,
69,1495,9,1260,27036,1,,
88,68,4,1260,27046,1,,
39,30,9,1521,27052,1,,
379,695,2,1521,27059,1,,
86,68,7,1260,27074,1,,
86,71,2,1260,27074,1,,
86,-1,-1,-999,27074,2,v13_piggyback,0.054811205846528654
67,52,6,1404,27079,1,,
182,197,2,995,27080,1,,
327,534,2,1404,27085,1,,
263,368,8,995,27094,1,,
94,79,10,1534,27103,1,,
195,2076,2,1348,27110,1,,
248,2335,3,1537,27119,1,,
32,1,10,1534,27140,1,,
32,23,4,1534,27140,1,,
0,3,12,1537,27159,1,,
68,52,4,1348,27168,1,,
265,374,7,1525,27177,1,,
265,-1,-1,-999,27177,2,v13_piggyback,0.0630081300813008
2,7,7,1453,27185,1,,
262,364,7,1525,27190,1,,
267,374,1,1525,27195,1,,
136,131,9,1453,27206,1,,
1,9,4,1528,27215,1,,
5,1,4,1467,27225,1,,
93,1594,1,617,27225,1,,
93,84,2,597,27225,1,,
96,82,4,1453,27234,1,,
286,422,4,1467,27243,1,,
458,1036,2,1467,27249,1,,
67,1482,2,1525,27251,1,,
64,46,3,1467,27257,1,,
65,1469,3,1431,27265,1,,
322,509,6,1490,27291,1,,
98,81,2,1490,27315,1,,
98,80,7,1490,27315,1,,
98,87,2,1490,27315,1,,
330,540,5,584,27317,1,,
330,539,3,1493,27317,1,,
227,2234,3,1490,27323,1,,
227,-1,-1,-999,27324,2,v13_piggyback,0.04914370811615787
315,2694,1,1490,27329,1,,
38,28,10,1406,27331,1,,
387,731,3,1490,27337,1,,
224,269,1,1547,27342,1,,
401,775,8,603,27343,1,,
156,159,4,603,27354,1,,
156,153,4,603,27354,1,,
447,978,8,1406,27366,1,,
29,1324,4,603,27375,1,,
141,137,7,1406,27385,1,,
435,918,6,603,27396,1,,
339,564,5,603,27406,1,,
66,52,2,1544,27417,1,,
309,485,6,603,27418,1,,
14,11,10,1336,27423,1,,
288,426,4,1406,27427,1,,
331,542,7,1336,27436,1,,
390,742,2,603,27437,1,,
470,1095,2,1421,27451,1,,
347,591,8,1336,27456,1,,
0,7,4,1551,27465,1,,
286,421,9,1490,27472,1,,
128,115,5,1336,27480,1,,
386,726,3,1421,27480,1,,
359,630,7,568,27499,1,,
116,109,8,1553,27506,1,,
158,159,1,603,27506,1,,
138,137,1,1406,27529,1,,
63,51,8,1553,27531,1,,
86,1565,11,995,27533,1,,
117,109,7,829,27546,1,,
112,103,9,1541,27547,1,,
309,2656,1,829,27560,1,,
113,101,8,1484,27561,1,,
111,101,3,1484,27569,1,,
77,64,9,829,27575,1,,
379,699,7,829,27592,1,,
102,90,11,1492,27599,1,,
310,485,8,1397,27606,1,,
242,2307,4,1233,27610,1,,
166,175,6,1492,27610,1,,
241,306,6,1290,27619,1,,
48,35,6,1492,27622,1,,
408,794,2,1290,27624,1,,
393,752,6,1397,27627,1,,
43,33,6,1541,27634,1,,
470,1099,3,1216,27642,1,,
358,627,2,1019,27648,1,,
96,81,7,1556,27655,1,,
150,151,9,1019,27664,1,,
138,1804,3,1233,27681,1,,
46,37,12,1462,27681,1,,
308,480,9,1019,27685,1,,
396,757,1,1366,27688,1,,
143,138,11,1462,27699,1,,
183,201,9,1462,27714,1,,
151,150,8,1422,27722,1,,
223,270,6,1462,27725,1,,
133,131,7,1366,27731,1,,
398,757,4,1366,27737,1,,
221,-1,-1,-999,27738,2,v13_fetch,0.10215053763440862
21,16,5,1422,27741,1,,
92,80,10,1462,27742,1,,
288,402,2,1462,27749,1,,
397,757,1,1366,27752,1,,
217,244,2,1389,27755,1,,
88,74,1,1389,27763,1,,
216,252,8,1038,27777,1,,
184,202,3,1389,27785,1,,
243,308,8,1038,27800,1,,
394,754,8,1377,27803,1,,
111,97,2,1038,27807,1,,
411,808,10,605,27807,1,,
222,265,2,1038,27814,1,,
224,265,6,1038,27825,1,,
143,1832,3,1523,27833,1,,
183,201,8,1038,27847,1,,
80,59,5,605,27848,1,,
426,869,4,605,27866,1,,
352,610,2,605,27873,1,,
208,2142,3,605,27880,1,,
213,248,4,605,27890,1,,
140,141,11,1498,27894,1,,
140,-1,-1,-999,27894,2,v13_piggyback,0.05224380442062959
218,248,4,605,27899,1,,
22,16,2,605,27906,1,,
219,248,1,605,27911,1,,
21,1292,6,1205,27923,1,,
46,1395,2,1287,27924,1,,
135,1790,1,605,27928,1,,
477,1137,2,1498,27930,1,,
260,357,10,609,27938,1,,
209,238,5,1498,27945,1,,
149,1860,10,609,27952,1,,
175,188,8,1498,27959,1,,
257,-1,-1,-999,27959,2,v13_fetch,0.0481565086531226
402,775,8,609,27964,1,,
119,113,4,609,27971,1,,
68,1487,5,609,27979,1,,
333,547,5,609,27987,1,,
207,235,8,1340,27991,1,,
324,524,6,609,27996,1,,
177,189,7,1506,28007,1,,
133,132,7,1288,28020,1,,
222,2209,4,1005,28024,1,,
222,-1,-1,-999,28024,2,v13_piggyback,0.04947916666666663
157,162,6,1288,28033,1,,
172,183,6,1500,28035,1,,
83,71,8,1474,28044,1,,
14,11,6,1500,28047,1,,
134,131,6,1474,28054,1,,
423,855,6,1288,28063,1,,
158,160,6,1474,28072,1,,
168,176,6,1474,28081,1,,
424,855,2,1288,28086,1,,
218,2188,3,1474,28091,1,,
147,149,11,1415,28096,1,,
142,1825,1,1415,28102,1,,
48,39,3,1415,28110,1,,
289,428,2,1415,28117,1,,
16,11,10,1415,28133,1,,
211,244,6,964,28144,1,,
0,4,6,1415,28145,1,,
484,3708,2,1415,28152,1,,
354,618,2,1415,28163,1,,
354,611,4,1415,28163,1,,
50,41,8,1379,28177,1,,
92,84,2,964,28178,1,,
138,-1,-1,-999,28178,2,v13_fetch,0.11672473867595823
238,2289,2,964,28182,1,,
238,-1,-1,-999,28182,2,v13_piggyback,0.0574506283662477
139,135,1,1294,28183,1,,
169,1958,1,964,28186,1,,
96,-1,-1,-999,28186,2,v13_fetch,0.05510907003444321
58,47,4,1294,28192,1,,
434,909,6,964,28196,1,,
140,135,7,1294,28204,1,,
142,135,4,1294,28214,1,,
168,179,5,1552,28221,1,,
461,1050,7,1379,28226,1,,
188,2043,1,1415,28232,1,,
234,290,1,1294,28237,1,,
450,-1,-1,-999,28237,2,v13_fetch,0.046787709497206675
75,1521,2,1379,28244,1,,
318,505,7,1519,28287,1,,
484,1184,1,843,28288,1,,
0,9,1,1396,28290,1,,
348,593,7,1396,28301,1,,
69,58,2,1536,28316,1,,
357,-1,-1,-999,28316,2,v13_fetch,0.046476761619190454
163,170,4,1519,28318,1,,
163,-1,-1,-999,28318,2,v13_piggyback,0.0508953817153629
371,672,3,1536,28324,1,,
387,3114,3,1396,28326,1,,
347,2882,3,1519,28334,1,,
474,3638,3,1520,28342,1,,
64,50,2,1520,28367,1,,
318,506,8,610,28389,1,,
17,1279,10,1430,28418,1,,
325,523,8,610,28422,1,,
59,44,8,1430,28432,1,,
121,111,6,610,28434,1,,
283,2506,3,1430,28440,1,,
161,167,6,610,28445,1,,
256,348,4,610,28454,1,,
251,338,7,610,28467,1,,
371,3023,3,1510,28467,1,,
292,441,1,610,28473,1,,
196,220,2,610,28479,1,,
331,544,3,610,28487,1,,
155,1891,2,610,28494,1,,
177,191,1,610,28499,1,,
55,44,8,1516,28516,1,,
9,1244,6,1516,28527,1,,
188,208,4,1516,28537,1,,
2,2,5,1516,28547,1,,
278,402,6,1516,28558,1,,
189,208,4,1516,28567,1,,
347,593,2,1396,28572,1,,
265,2418,1,1516,28573,1,,
135,133,1,1516,28581,1,,
390,742,2,1516,28591,1,,
266,2418,1,1516,28597,1,,
266,-1,-1,-999,28597,2,v13_piggyback,0.046966731898238745
100,89,7,1424,28602,1,,
277,397,5,1455,28611,1,,
78,67,4,1424,28611,1,,
304,-1,-1,-999,28612,2,v13_fetch,0.04617414248021112
152,-1,-1,-999,28612,2,v13_fetch,0.0461538461538461
179,2004,2,1424,28618,1,,
261,2399,4,1424,28627,1,,
200,225,2,1424,28634,1,,
348,592,6,1424,28645,1,,
192,215,2,1424,28652,1,,
289,-1,-1,-999,28652,2,v13_fetch,0.04591836734693877
267,2418,1,1516,28652,1,,
267,-1,-1,-999,28653,2,v13_piggyback,0.0714285714285714
198,224,6,1518,28666,1,,
346,588,8,937,28684,1,,
346,-1,-1,-999,28685,2,v13_piggyback,0.04849137931034486
262,366,9,937,28700,1,,
341,2848,4,937,28709,1,,
474,-1,-1,-999,28709,2,v13_fetch,0.0453172205438066
450,993,1,1309,28714,1,,
390,743,6,828,28726,1,,
228,274,6,970,28737,1,,
244,318,9,937,28741,1,,
197,218,4,970,28746,1,,
274,392,10,970,28767,1,,
422,851,6,1231,28778,1,,
100,1628,4,970,28787,1,,
250,319,3,1125,28789,1,,
327,2764,4,970,28797,1,,
290,2550,4,1125,28799,1,,
290,-1,-1,-999,28799,2,v13_piggyback,0.04431314623338256
