pod_id,item_id,qty,order_id,processed_time,task_type,trigger,opp_score
112,95,5,-76,53,1,,
112,306,10,-14,53,1,,
263,104,4,-16,72,1,,
263,396,10,-14,72,1,,
191,125,4,-91,79,1,,
191,46,5,-2,79,1,,
191,46,6,-53,79,1,,
191,7,6,-53,79,1,,
191,1546,12,-37,79,1,,
153,5,12,-81,81,1,,
153,200,6,-68,81,1,,
153,200,8,-35,81,1,,
153,99,11,-19,81,1,,
172,1170,11,-14,87,1,,
222,265,9,-14,100,1,,
300,51,12,-49,114,1,,
300,108,4,-37,114,1,,
300,108,3,-18,114,1,,
300,704,8,-18,114,1,,
69,782,10,-14,114,1,,
87,241,8,-98,126,1,,
244,28,4,-70,134,1,,
244,28,5,-40,134,1,,
244,28,3,-19,134,1,,
244,217,3,-68,134,1,,
244,217,9,-35,134,1,,
244,80,6,-35,134,1,,
244,654,12,-19,134,1,,
43,1,7,-53,160,1,,
43,1,10,-49,160,1,,
43,1,7,-58,160,1,,
43,35,11,-18,160,1,,
371,1010,8,-89,174,1,,
39,88,2,-68,178,1,,
39,88,7,-93,178,1,,
39,88,3,-40,178,1,,
39,34,1,-93,178,1,,
39,1,12,-68,178,1,,
39,19,8,-68,178,1,,
277,682,6,-78,188,1,,
154,124,4,-88,203,1,,
326,1674,4,-68,204,1,,
326,84,6,-40,204,1,,
326,54,8,-19,204,1,,
146,4,7,-49,205,1,,
146,4,8,-53,205,1,,
146,123,11,-53,205,1,,
146,253,8,-49,205,1,,
19,119,1,-49,230,1,,
19,119,5,-53,230,1,,
19,146,3,-53,230,1,,
19,522,8,-2,230,1,,
253,331,9,-68,233,1,,
253,217,1,-35,233,1,,
253,81,9,-35,233,1,,
253,28,2,-19,233,1,,
21,17,8,-93,258,1,,
21,1034,9,-68,258,1,,
358,140,3,-14,270,1,,
256,104,4,-16,277,1,,
195,102,6,-40,283,1,,
195,74,2,-19,283,1,,
195,74,4,-35,283,1,,
195,496,6,-19,283,1,,
325,417,4,-82,284,1,,
257,104,3,-16,289,1,,
64,1,2,-18,298,1,,
64,1,5,-91,298,1,,
64,1,6,-2,298,1,,
64,1,8,-30,298,1,,
64,1,3,-53,298,1,,
64,302,8,-91,298,1,,
64,190,5,-37,298,1,,
64,190,10,-18,298,1,,
64,150,6,-18,298,1,,
136,41,7,-35,307,1,,
136,97,9,-19,307,1,,
295,337,4,-49,326,1,,
295,50,6,-37,326,1,,
295,699,10,-2,326,1,,
102,94,8,-68,329,1,,
102,2,3,-68,329,1,,
102,196,4,-68,329,1,,
206,164,10,-91,349,1,,
206,102,6,-18,349,1,,
167,72,8,-81,350,1,,
167,6,6,-19,350,1,,
128,95,1,-76,356,1,,
278,49,6,-44,369,1,,
281,50,2,-40,370,1,,
281,50,4,-81,370,1,,
281,106,7,-19,370,1,,
235,78,7,-91,372,1,,
235,168,8,-18,372,1,,
0,56,5,-9,385,1,,
365,141,4,-19,390,1,,
365,141,6,-93,390,1,,
365,229,3,-40,390,1,,
347,30,5,-53,394,1,,
347,421,10,-18,394,1,,
2,32,8,-4,406,1,,
123,40,12,-68,409,1,,
334,136,8,-91,415,1,,
334,29,6,-53,415,1,,
1,15,8,7,424,1,,
343,138,4,-40,427,1,,
343,138,4,-35,427,1,,
343,138,4,-11,427,1,,
29,1,5,-58,435,1,,
29,58,8,-49,435,1,,
65,61,10,-40,444,1,,
280,105,1,-22,449,1,,
185,125,4,-91,454,1,,
185,857,8,-53,454,1,,
207,127,7,-35,463,1,,
207,76,3,-35,463,1,,
269,170,2,-49,470,1,,
269,676,8,-49,470,1,,
82,63,9,-40,478,1,,
274,105,8,-22,483,1,,
279,278,4,-37,485,1,,
279,938,5,-37,485,1,,
268,675,9,-35,493,1,,
15,1029,8,-2,499,1,,
277,49,9,-62,499,1,,
22,524,8,-19,507,1,,
166,203,3,-49,511,1,,
166,125,4,-18,511,1,,
3,0,9,-79,512,1,,
348,31,4,-62,519,1,,
337,1321,8,-2,525,1,,
112,457,8,-68,528,1,,
129,40,9,-62,532,1,,
350,31,2,-27,536,1,,
177,159,3,-37,538,1,,
177,125,4,-18,538,1,,
130,67,6,-58,561,1,,
148,69,8,-70,565,1,,
349,286,12,-59,571,1,,
58,540,5,-58,577,1,,
272,171,4,-81,585,1,,
272,171,4,-68,585,1,,
5,85,4,-69,593,1,,
333,281,8,-19,597,1,,
10,16,6,-37,607,1,,
25,147,3,-81,608,1,,
25,87,3,-68,608,1,,
25,58,2,-33,608,1,,
4,0,8,12,612,1,,
355,227,8,-35,620,1,,
6,85,4,-69,624,1,,
6,294,4,-77,624,1,,
256,664,3,-53,627,1,,
196,627,4,-69,631,1,,
296,108,4,-18,634,1,,
136,26,7,-38,638,1,,
353,226,4,-91,652,1,,
168,125,2,-18,657,1,,
169,125,3,-52,657,1,,
184,489,7,-81,658,1,,
167,125,4,-52,664,1,,
128,25,6,0,676,1,,
370,114,8,-68,683,1,,
11,145,6,-40,692,1,,
172,204,1,0,698,1,,
172,157,12,-8,698,1,,
274,934,7,-53,699,1,,
197,498,6,-68,702,1,,
351,225,3,-49,705,1,,
171,204,4,0,705,1,,
105,1106,1,-2,715,1,,
31,88,5,-40,718,1,,
54,538,2,-30,727,1,,
138,585,6,-61,734,1,,
269,275,8,26,738,1,,
90,1093,2,-49,747,1,,
348,992,8,-40,750,1,,
0,85,4,-61,754,1,,
204,630,3,-81,767,1,,
139,585,2,-61,773,1,,
139,26,12,-43,773,1,,
303,954,3,-81,775,1,,
303,51,2,-19,775,1,,
224,129,5,-70,786,1,,
131,4,6,-48,788,1,,
345,85,4,-61,799,1,,
345,12,4,-48,799,1,,
79,2,8,3,809,1,,
205,28,8,-73,812,1,,
205,75,12,-73,812,1,,
230,268,10,17,814,1,,
104,39,4,5,816,1,,
276,936,1,-49,820,1,,
132,4,9,17,827,1,,
129,67,11,-73,827,1,,
88,193,9,27,833,1,,
173,45,5,17,835,1,,
228,103,2,-54,840,1,,
228,324,1,8,840,1,,
12,117,7,-73,846,1,,
12,117,7,-96,846,1,,
203,47,10,2,874,1,,
318,178,8,-13,880,1,,
367,230,3,-81,902,1,,
42,187,6,-13,911,1,,
66,61,2,-40,911,1,,
96,93,2,-19,915,1,,
99,22,3,-77,921,1,,
346,111,5,-13,923,1,,
355,999,7,-31,930,1,,
135,818,7,2,938,1,,
105,368,12,-83,940,1,,
225,129,6,-73,946,1,,
33,59,4,-95,946,1,,
258,333,1,-40,950,1,,
75,38,11,-23,954,1,,
251,272,7,-23,964,1,,
103,452,10,-13,975,1,,
103,38,12,-13,975,1,,
229,103,4,-23,976,1,,
226,77,5,30,981,1,,
273,171,1,-68,985,1,,
92,194,8,-13,987,1,,
188,101,2,-13,991,1,,
29,120,10,-36,1006,1,,
170,157,10,-87,1019,1,,
170,44,2,-47,1019,1,,
332,84,8,29,1019,1,,
64,150,10,-5,1025,1,,
104,452,2,-13,1033,1,,
70,37,4,-87,1042,1,,
70,447,5,-87,1042,1,,
70,191,8,-47,1042,1,,
30,87,1,-86,1049,1,,
30,184,9,-7,1049,1,,
245,47,4,-7,1056,1,,
180,160,2,-23,1057,1,,
180,7,1,-47,1057,1,,
180,7,8,-87,1057,1,,
2,15,6,28,1060,1,,
364,113,9,-72,1081,1,,
364,14,9,-57,1081,1,,
0,56,8,33,1082,1,,
368,1007,7,-87,1092,1,,
256,81,7,32,1092,1,,
334,281,6,32,1102,1,,
358,140,7,4,1103,1,,
358,181,1,4,1103,1,,
358,13,5,4,1103,1,,
173,609,4,-87,1109,1,,
173,100,7,-72,1109,1,,
65,150,6,32,1111,1,,
42,442,8,-50,1119,1,,
352,111,1,-13,1122,1,,
155,5,2,-47,1126,1,,
155,838,8,-55,1126,1,,
67,37,12,-90,1128,1,,
174,260,10,-55,1142,1,,
203,1201,8,-23,1156,1,,
132,250,4,-25,1164,1,,
132,40,6,-25,1164,1,,
189,101,4,-100,1165,1,,
238,79,9,6,1167,1,,
238,224,10,6,1167,1,,
13,346,4,-57,1183,1,,
330,55,12,-90,1184,1,,
206,506,10,24,1191,1,,
209,635,6,4,1201,1,,
21,0,6,-90,1201,1,,
21,86,7,6,1201,1,,
170,1168,1,-75,1204,1,,
181,73,5,-25,1218,1,,
181,160,8,-26,1218,1,,
335,29,8,6,1220,1,,
335,84,6,36,1220,1,,
224,77,4,-100,1221,1,,
88,64,8,4,1230,1,,
190,162,4,6,1234,1,,
190,7,2,35,1234,1,,
190,264,4,-3,1234,1,,
44,1,2,34,1246,1,,
44,35,10,-15,1246,1,,
86,360,8,6,1249,1,,
86,38,2,6,1249,1,,
43,19,2,-25,1263,1,,
43,148,2,-26,1263,1,,
43,762,3,34,1263,1,,
43,59,5,34,1263,1,,
318,221,6,-46,1269,1,,
318,178,9,-46,1269,1,,
283,8,3,-34,1271,1,,
27,0,2,4,1279,1,,
27,148,4,-26,1279,1,,
27,33,6,-26,1279,1,,
150,27,6,-34,1281,1,,
83,63,10,-46,1282,1,,
192,493,5,-34,1290,1,,
129,96,6,-26,1298,1,,
256,48,6,-67,1308,1,,
256,332,7,-67,1308,1,,
75,1,6,35,1308,1,,
75,38,10,-85,1308,1,,
310,221,2,-26,1315,1,,
310,279,5,-26,1315,1,,
310,10,5,34,1315,1,,
171,157,6,40,1317,1,,
236,168,8,-3,1319,1,,
12,146,2,23,1335,1,,
76,152,5,4,1335,1,,
76,92,10,-41,1335,1,,
280,172,8,-90,1337,1,,
124,66,12,-41,1352,1,,
284,8,10,-67,1365,1,,
284,8,10,-65,1365,1,,
284,132,4,-65,1365,1,,
132,580,6,-26,1373,1,,
132,96,5,-41,1373,1,,
132,4,5,41,1373,1,,
301,1286,8,-46,1373,1,,
57,89,5,-65,1384,1,,
57,770,9,-65,1384,1,,
359,14,8,-46,1386,1,,
105,39,4,-26,1397,1,,
105,2,11,41,1397,1,,
306,176,8,-85,1397,1,,
99,243,5,-65,1403,1,,
99,22,9,-17,1403,1,,
202,211,5,-85,1414,1,,
222,166,10,-17,1417,1,,
273,678,4,6,1421,1,,
184,161,3,-15,1423,1,,
184,264,4,-41,1423,1,,
148,5,10,-67,1432,1,,
294,174,8,-41,1434,1,,
314,53,10,43,1439,1,,
196,627,3,-85,1444,1,,
180,46,9,-65,1445,1,,
21,57,6,-65,1460,1,,
21,235,5,13,1460,1,,
77,152,7,15,1470,1,,
77,1,12,15,1470,1,,
77,62,9,15,1470,1,,
254,662,2,-3,1470,1,,
22,86,2,-12,1474,1,,
28,18,8,-41,1482,1,,
150,1149,8,23,1483,1,,
150,69,6,13,1483,1,,
11,181,1,4,1502,1,,
11,520,4,15,1502,1,,
11,0,10,15,1502,1,,
85,240,5,31,1503,1,,
85,20,10,31,1503,1,,
153,99,4,-41,1524,1,,
153,99,5,15,1524,1,,
153,27,8,15,1524,1,,
154,837,1,-90,1525,1,,
205,7,6,15,1544,1,,
205,505,9,15,1544,1,,
23,86,10,31,1545,1,,
23,0,9,37,1545,1,,
23,33,8,37,1545,1,,
128,25,1,35,1546,1,,
310,412,10,18,1558,1,,
130,67,5,31,1563,1,,
130,3,8,37,1563,1,,
197,318,8,42,1569,1,,
307,83,8,15,1575,1,,
307,52,4,15,1575,1,,
159,374,6,37,1582,1,,
159,5,8,37,1582,1,,
257,665,9,15,1588,1,,
129,3,11,42,1590,1,,
352,287,9,42,1603,1,,
302,1287,3,15,1603,1,,
302,8,8,48,1603,1,,
143,26,7,31,1605,1,,
143,154,2,37,1605,1,,
143,826,9,37,1605,1,,
139,1495,7,42,1614,1,,
291,133,12,31,1622,1,,
137,68,8,-29,1625,1,,
308,176,8,-65,1638,1,,
308,9,4,37,1638,1,,
25,147,10,31,1652,1,,
194,74,6,15,1657,1,,
94,153,5,37,1665,1,,
94,243,4,37,1665,1,,
26,147,12,-99,1666,1,,
26,58,10,-99,1666,1,,
372,181,1,4,1670,1,,
372,290,8,15,1670,1,,
365,113,7,39,1677,1,,
261,218,9,37,1678,1,,
298,51,10,-1,1684,1,,
113,3,6,15,1694,1,,
16,1030,10,10,1698,1,,
16,295,6,10,1698,1,,
336,181,1,4,1706,1,,
336,137,6,-41,1706,1,,
233,103,4,-67,1709,1,,
233,269,5,-65,1709,1,,
77,547,8,-45,1718,1,,
17,118,8,14,1723,1,,
17,33,5,14,1723,1,,
17,234,6,14,1723,1,,
247,328,8,37,1723,1,,
145,828,5,15,1729,1,,
290,694,8,-17,1735,1,,
33,33,10,54,1747,1,,
33,59,8,54,1747,1,,
297,108,7,25,1752,1,,
296,108,3,25,1758,1,,
207,633,8,31,1768,1,,
196,74,4,15,1772,1,,
134,251,6,39,1780,1,,
134,4,9,14,1780,1,,
134,25,11,56,1780,1,,
358,13,1,-65,1789,1,,
358,228,6,13,1789,1,,
0,15,6,47,1795,1,,
348,111,5,-29,1800,1,,
348,31,10,14,1800,1,,
284,688,2,15,1808,1,,
284,400,2,47,1808,1,,
277,49,4,37,1812,1,,
99,196,5,39,1816,1,,
99,93,4,14,1816,1,,
99,2,1,14,1816,1,,
99,22,2,54,1816,1,,
166,258,4,-65,1819,1,,
171,607,6,31,1828,1,,
114,3,6,10,1831,1,,
114,39,5,54,1831,1,,
258,274,4,51,1835,1,,
198,74,3,-99,1849,1,,
198,126,7,14,1849,1,,
198,28,3,54,1849,1,,
54,36,3,-26,1852,1,,
262,1252,10,10,1863,1,,
61,190,4,37,1870,1,,
366,113,10,14,1877,1,,
323,969,3,-56,1885,1,,
136,251,1,39,1890,1,,
136,97,8,54,1890,1,,
53,537,4,37,1892,1,,
55,36,8,49,1893,1,,
55,121,8,49,1893,1,,
11,57,1,-65,1898,1,,
11,117,2,-56,1898,1,,
310,412,4,14,1903,1,,
310,83,2,10,1903,1,,
310,136,3,56,1903,1,,
1,115,11,49,1908,1,,
78,192,7,-99,1913,1,,
322,415,6,60,1914,1,,
161,375,8,14,1925,1,,
131,154,8,64,1931,1,,
131,4,9,61,1931,1,,
290,1278,4,9,1945,1,,
195,102,11,49,1951,1,,
195,867,4,64,1951,1,,
302,1650,8,61,1962,1,,
266,674,7,10,1964,1,,
299,108,7,-64,1973,1,,
2,115,6,14,1973,1,,
163,44,10,55,1990,1,,
159,156,11,-63,1990,1,,
34,59,6,61,2000,1,,
291,173,5,10,2005,1,,
286,336,7,-63,2008,1,,
313,84,7,64,2012,1,,
47,60,3,-63,2014,1,,
106,39,5,54,2016,1,,
162,598,2,-41,2023,1,,
162,124,3,64,2023,1,,
10,145,8,68,2029,1,,
21,86,5,14,2034,1,,
155,124,6,58,2038,1,,
301,108,3,-64,2043,1,,
301,51,8,-24,2043,1,,
153,836,4,-29,2049,1,,
318,110,1,-63,2071,1,,
154,124,1,58,2075,1,,
242,903,4,14,2093,1,,
242,7,4,16,2093,1,,
242,79,4,16,2093,1,,
285,689,4,-29,2100,1,,
350,994,8,-24,2103,1,,
319,110,12,52,2107,1,,
319,53,10,52,2107,1,,
300,338,8,16,2112,1,,
148,5,8,63,2114,1,,
265,335,7,-24,2125,1,,
128,3,10,52,2131,1,,
128,249,8,52,2131,1,,
137,97,4,16,2145,1,,
17,348,6,16,2154,1,,
320,54,12,20,2155,1,,
320,84,6,20,2155,1,,
70,61,5,64,2156,1,,
70,151,4,-97,2156,1,,
277,49,4,-97,2163,1,,
161,597,8,16,2166,1,,
221,883,4,56,2173,1,,
57,539,9,59,2176,1,,
281,82,1,44,2178,1,,
281,172,11,44,2178,1,,
281,106,6,46,2178,1,,
223,322,6,-24,2185,1,,
0,0,7,52,2201,1,,
0,32,4,46,2201,1,,
0,292,6,70,2201,1,,
222,215,4,-99,2202,1,,
376,291,6,55,2202,1,,
101,2,4,59,2211,1,,
101,122,2,59,2211,1,,
151,590,6,46,2223,1,,
151,27,11,70,2223,1,,
1,0,10,71,2226,1,,
86,92,8,20,2246,1,,
86,21,3,20,2246,1,,
86,38,6,46,2246,1,,
53,149,3,54,2252,1,,
152,70,8,57,2258,1,,
152,42,9,57,2258,1,,
152,123,8,57,2258,1,,
314,53,3,14,2258,1,,
178,315,2,14,2269,1,,
59,90,4,52,2269,1,,
59,1063,11,20,2269,1,,
59,60,2,-32,2269,1,,
10,519,4,-29,2277,1,,
133,4,1,-24,2285,1,,
133,816,12,57,2285,1,,
85,1442,2,56,2292,1,,
78,20,6,57,2306,1,,
78,1081,4,57,2306,1,,
78,92,6,57,2306,1,,
107,39,2,54,2311,1,,
129,25,6,72,2314,1,,
129,25,10,46,2314,1,,
129,3,10,72,2314,1,,
129,96,7,72,2314,1,,
66,61,8,62,2330,1,,
66,150,10,65,2330,1,,
109,24,2,57,2348,1,,
109,24,4,65,2348,1,,
109,65,7,57,2348,1,,
189,381,11,46,2354,1,,
189,861,8,72,2354,1,,
189,7,6,72,2354,1,,
189,101,6,72,2354,1,,
202,102,8,53,2355,1,,
202,502,11,53,2355,1,,
352,111,1,-29,2358,1,,
302,136,2,57,2364,1,,
302,51,10,57,2364,1,,
108,800,11,38,2379,1,,
136,97,3,-32,2380,1,,
136,97,11,20,2380,1,,
136,4,4,20,2380,1,,
65,37,6,53,2381,1,,
65,1,11,53,2381,1,,
184,489,10,57,2394,1,,
63,150,10,38,2408,1,,
334,29,8,53,2416,1,,
334,84,10,76,2416,1,,
198,499,10,62,2424,1,,
52,35,4,20,2430,1,,
52,35,9,-42,2430,1,,
52,19,10,-32,2430,1,,
52,536,1,72,2430,1,,
52,766,6,72,2430,1,,
52,1,8,72,2430,1,,
119,1119,9,53,2435,1,,
119,95,5,53,2435,1,,
335,29,9,38,2451,1,,
335,55,12,-20,2451,1,,
8,234,10,53,2456,1,,
343,138,10,72,2463,1,,
343,56,4,-42,2463,1,,
343,56,10,72,2463,1,,
367,14,10,53,2470,1,,
368,14,5,-20,2476,1,,
368,230,11,-20,2476,1,,
144,827,8,53,2491,1,,
102,65,4,-32,2491,1,,
102,2,6,72,2491,1,,
102,122,10,-42,2491,1,,
223,322,11,59,2492,1,,
333,222,8,74,2504,1,,
333,181,1,-21,2504,1,,
147,253,8,76,2515,1,,
110,24,6,65,2518,1,,
110,39,5,-20,2518,1,,
110,2,4,67,2518,1,,
140,4,8,-42,2519,1,,
140,823,12,-42,2519,1,,
64,37,3,76,2528,1,,
64,190,6,-21,2528,1,,
78,1081,8,65,2541,1,,
78,92,7,-20,2541,1,,
78,1,2,67,2541,1,,
78,-1,-1,-999,2541,2,stockout,
205,873,7,44,2545,1,,
205,127,11,72,2545,1,,
75,62,8,76,2548,1,,
139,822,10,-20,2554,1,,
230,78,9,52,2571,1,,
230,103,9,-42,2571,1,,
257,395,9,38,2574,1,,
107,245,7,-20,2588,1,,
107,39,3,-20,2588,1,,
137,372,6,-21,2593,1,,
137,223,10,80,2593,1,,
137,4,10,80,2593,1,,
73,37,6,44,2594,1,,
73,786,10,72,2594,1,,
279,684,9,57,2601,1,,
118,95,3,53,2606,1,,
118,807,2,80,2606,1,,
118,3,4,80,2606,1,,
152,835,5,65,2614,1,,
152,27,4,-20,2614,1,,
320,10,8,72,2618,1,,
320,718,8,-42,2618,1,,
29,1,5,80,2625,1,,
29,236,9,80,2625,1,,
301,705,4,-97,2628,1,,
301,135,5,73,2628,1,,
228,1218,9,80,2638,1,,
6,57,2,46,2639,1,,
6,0,2,72,2639,1,,
6,116,10,-42,2639,1,,
196,1194,8,76,2652,1,,
336,29,7,44,2659,1,,
336,137,6,-32,2659,1,,
167,1522,5,53,2665,1,,
138,68,8,73,2668,1,,
286,401,12,20,2677,1,,
286,-1,-1,-999,2677,2,stockout,
283,687,8,67,2688,1,,
175,611,4,53,2695,1,,
298,108,7,20,2696,1,,
298,702,5,72,2696,1,,
186,206,8,57,2710,1,,
186,46,8,85,2710,1,,
38,534,11,72,2713,1,,
367,181,1,-21,2719,1,,
367,1349,12,-21,2719,1,,
344,181,1,-21,2727,1,,
344,12,4,80,2727,1,,
174,45,7,72,2731,1,,
174,158,4,72,2731,1,,
195,1193,4,80,2734,1,,
56,20,10,85,2738,1,,
56,89,12,85,2738,1,,
28,148,2,87,2742,1,,
243,653,4,70,2747,1,,
243,79,6,72,2747,1,,
132,250,5,38,2754,1,,
132,4,6,85,2754,1,,
86,360,10,-32,2764,1,,
148,5,10,85,2768,1,,
376,424,10,72,2781,1,,
305,9,5,85,2783,1,,
305,9,6,67,2783,1,,
128,812,2,42,2786,1,,
325,1673,8,57,2795,1,,
163,202,9,20,2796,1,,
0,181,1,-21,2796,1,,
1,181,1,-21,2807,1,,
192,493,8,-20,2807,1,,
262,922,8,20,2815,1,,
2,181,1,-21,2825,1,,
363,141,8,67,2827,1,,
177,159,7,57,2837,1,,
229,642,8,-42,2847,1,,
168,72,11,90,2853,1,,
204,504,7,38,2872,1,,
3,181,1,-21,2875,1,,
152,1508,7,85,2884,1,,
236,897,8,72,2884,1,,
102,560,1,14,2891,1,,
102,22,5,90,2891,1,,
257,274,6,73,2893,1,,
136,583,7,72,2897,1,,
29,120,6,65,2902,1,,
11,520,7,-32,2910,1,,
5,181,1,-21,2910,1,,
190,862,6,-20,2921,1,,
21,350,7,72,2923,1,,
7,181,1,-21,2925,1,,
7,294,9,50,2925,1,,
4,181,1,-21,2928,1,,
13,17,9,89,2938,1,,
67,1071,12,-94,2945,1,,
36,34,7,75,2950,1,,
263,1253,6,20,2962,1,,
239,271,6,85,2971,1,,
84,359,6,-42,2974,1,,
173,260,5,85,2992,1,,
353,226,6,46,2993,1,,
259,274,4,73,3000,1,,
129,3,11,-94,3001,1,,
129,40,5,100,3001,1,,
120,570,2,72,3005,1,,
120,3,4,-42,3005,1,,
8,116,4,57,3007,1,,
19,433,4,-20,3018,1,,
99,22,12,100,3018,1,,
147,830,4,73,3025,1,,
25,87,8,100,3030,1,,
339,283,4,73,3033,1,,
188,101,5,72,3036,1,,
370,114,7,-94,3040,1,,
196,318,5,72,3044,1,,
329,1313,3,38,3045,1,,
231,644,8,-94,3052,1,,
330,55,3,73,3063,1,,
75,152,5,-42,3066,1,,
104,243,6,98,3076,1,,
104,1105,4,98,3076,1,,
358,140,5,46,3077,1,,
35,755,6,-94,3085,1,,
35,-1,-1,-999,3086,2,stockout,
38,534,2,-97,3103,1,,
371,114,8,83,3105,1,,
121,461,9,-39,3106,1,,
321,54,6,78,3113,1,,
248,658,4,-42,3113,1,,
136,26,6,93,3134,1,,
136,819,10,93,3134,1,,
204,75,2,79,3139,1,,
56,20,12,94,3148,1,,
86,360,11,96,3150,1,,
275,276,2,38,3159,1,,
28,148,2,98,3160,1,,
28,0,6,94,3160,1,,
180,73,6,96,3164,1,,
180,125,4,96,3164,1,,
310,10,5,88,3167,1,,
369,142,10,69,3174,1,,
333,222,8,103,3179,1,,
96,558,4,93,3184,1,,
96,21,11,93,3184,1,,
36,755,1,-94,3187,1,,
36,755,5,94,3187,1,,
36,148,3,98,3187,1,,
372,142,6,94,3196,1,,
211,637,4,72,3197,1,,
211,47,5,93,3197,1,,
244,80,8,83,3208,1,,
103,367,8,96,3217,1,,
175,1173,5,94,3227,1,,
33,59,10,119,3231,1,,
68,91,8,96,3237,1,,
151,70,5,94,3238,1,,
172,608,2,44,3246,1,,
172,125,4,96,3246,1,,
197,318,4,-94,3251,1,,
306,52,7,-80,3256,1,,
337,30,4,94,3258,1,,
80,152,6,93,3263,1,,
80,2,6,118,3263,1,,
348,13,4,100,3265,1,,
322,54,8,-80,3267,1,,
276,276,6,113,3278,1,,
57,20,1,-80,3280,1,,
231,78,4,83,3281,1,,
195,125,1,96,3291,1,,
195,102,6,113,3291,1,,
307,52,10,125,3301,1,,
101,122,8,105,3304,1,,
54,36,4,95,3308,1,,
121,810,7,-10,3315,1,,
329,11,6,92,3321,1,,
257,395,3,-94,3330,1,,
17,118,4,92,3334,1,,
370,342,5,93,3337,1,,
370,181,1,105,3337,1,,
226,216,5,-80,3342,1,,
235,168,3,117,3344,1,,
309,176,8,86,3354,1,,
44,536,1,72,3360,1,,
44,19,2,105,3360,1,,
18,118,6,110,3363,1,,
349,31,10,106,3364,1,,
166,203,8,106,3383,1,,
263,170,1,53,3391,1,,
374,1356,4,44,3391,1,,
374,181,1,105,3391,1,,
196,318,2,-94,3403,1,,
184,489,1,54,3408,1,,
211,878,6,113,3410,1,,
97,558,3,93,3416,1,,
35,755,2,94,3416,1,,
163,71,8,109,3420,1,,
163,6,9,109,3420,1,,
268,928,3,72,3422,1,,
310,1294,3,109,3437,1,,
310,52,10,109,3437,1,,
228,1582,2,44,3439,1,,
6,181,1,105,3442,1,,
2,85,4,109,3451,1,,
2,0,6,109,3451,1,,
275,680,8,-80,3463,1,,
27,18,11,115,3468,1,,
8,181,1,105,3471,1,,
334,418,2,109,3485,1,,
334,110,10,127,3485,1,,
350,13,10,115,3499,1,,
95,2,9,122,3501,1,,
95,154,8,122,3501,1,,
98,448,5,109,3505,1,,
98,448,10,-66,3505,1,,
45,536,1,72,3507,1,,
45,187,2,120,3507,1,,
234,1588,7,115,3510,1,,
212,638,6,115,3519,1,,
13,85,4,109,3525,1,,
13,17,11,-66,3525,1,,
32,752,6,21,3535,1,,
32,33,6,21,3535,1,,
7,116,4,122,3542,1,,
283,8,11,101,3553,1,,
3,1019,2,122,3556,1,,
200,210,10,-66,3559,1,,
200,7,6,102,3559,1,,
200,163,10,102,3559,1,,
280,50,10,124,3576,1,,
280,172,7,97,3576,1,,
23,182,2,122,3585,1,,
333,281,4,102,3585,1,,
333,55,6,-84,3585,1,,
333,55,10,77,3585,1,,
165,482,9,21,3596,1,,
165,1163,6,124,3596,1,,
12,33,9,130,3601,1,,
304,109,12,21,3612,1,,
311,177,10,-66,3617,1,,
311,52,8,102,3617,1,,
311,10,7,102,3617,1,,
54,89,2,21,3636,1,,
54,60,6,97,3636,1,,
54,538,10,81,3636,1,,
92,556,12,-60,3638,1,,
72,1,6,102,3646,1,,
72,91,6,102,3646,1,,
72,1075,11,77,3646,1,,
47,536,1,72,3651,1,,
47,188,8,130,3651,1,,
17,744,5,109,3666,1,,
17,85,1,109,3666,1,,
17,118,8,-66,3666,1,,
108,2,10,130,3671,1,,
108,39,5,130,3671,1,,
155,5,2,19,3676,1,,
155,5,8,97,3676,1,,
155,155,8,81,3676,1,,
155,99,11,19,3676,1,,
155,1154,3,19,3676,1,,
291,133,5,127,3693,1,,
291,8,2,-66,3693,1,,
291,50,6,77,3693,1,,
291,107,6,-84,3693,1,,
10,116,6,124,3709,1,,
10,0,4,97,3709,1,,
10,0,8,19,3709,1,,
10,16,5,97,3709,1,,
10,57,2,19,3709,1,,
111,39,1,126,3712,1,,
111,39,4,-60,3712,1,,
111,2,12,126,3712,1,,
111,305,12,126,3712,1,,
111,24,3,126,3712,1,,
193,208,10,102,3716,1,,
193,865,6,-84,3716,1,,
112,39,4,130,3728,1,,
112,39,1,-60,3728,1,,
112,306,7,-60,3728,1,,
236,649,6,-66,3743,1,,
236,390,6,-66,3743,1,,
236,217,7,102,3743,1,,
294,279,7,19,3744,1,,
294,82,2,19,3744,1,,
294,107,8,19,3744,1,,
294,8,11,19,3744,1,,
15,57,6,126,3760,1,,
15,347,5,126,3760,1,,
15,0,10,126,3760,1,,
15,85,4,126,3760,1,,
69,190,8,127,3764,1,,
69,91,6,-84,3764,1,,
133,41,2,115,3776,1,,
133,4,10,19,3776,1,,
133,25,6,19,3776,1,,
133,250,7,19,3776,1,,
157,840,2,-66,3784,1,,
157,43,6,102,3784,1,,
157,27,5,77,3784,1,,
11,57,4,126,3793,1,,
11,145,10,126,3793,1,,
11,85,2,126,3793,1,,
11,0,2,91,3793,1,,
11,16,8,91,3793,1,,
163,6,4,102,3803,1,,
163,257,8,102,3803,1,,
106,245,12,97,3813,1,,
106,23,10,19,3813,1,,
36,18,4,127,3820,1,,
36,88,3,77,3820,1,,
36,532,4,-84,3820,1,,
358,288,9,-60,3824,1,,
358,339,8,126,3824,1,,
358,228,7,91,3824,1,,
129,96,8,102,3834,1,,
94,153,4,-66,3847,1,,
94,243,3,-84,3847,1,,
70,1073,7,81,3848,1,,
70,121,3,19,3848,1,,
70,1,8,19,3848,1,,
70,91,7,19,3848,1,,
278,277,12,126,3853,1,,
278,683,10,91,3853,1,,
156,475,12,126,3880,1,,
156,100,9,126,3880,1,,
105,39,1,109,3883,1,,
105,1106,6,102,3883,1,,
253,331,8,19,3888,1,,
253,331,12,108,3888,1,,
253,104,4,19,3888,1,,
253,7,6,19,3888,1,,
224,129,7,102,3894,1,,
4,143,6,111,3906,1,,
4,1020,10,126,3906,1,,
4,0,4,91,3906,1,,
334,11,7,124,3919,1,,
334,222,2,19,3919,1,,
334,29,8,19,3919,1,,
334,110,5,19,3919,1,,
46,536,1,72,3931,1,,
46,59,6,126,3931,1,,
46,35,6,11,3931,1,,
46,187,6,11,3931,1,,
80,793,6,109,3936,1,,
88,1445,6,124,3945,1,,
88,92,6,81,3945,1,,
88,153,6,19,3945,1,,
136,372,6,-66,3946,1,,
206,212,6,-84,3955,1,,
123,40,5,130,3956,1,,
123,95,4,11,3956,1,,
123,311,10,11,3956,1,,
369,289,4,97,3974,1,,
369,14,9,19,3974,1,,
369,113,8,19,3974,1,,
28,58,10,-60,3977,1,,
28,527,6,126,3977,1,,
218,512,6,-84,3990,1,,
344,988,4,126,3998,1,,
344,284,4,126,3998,1,,
344,138,8,11,3998,1,,
239,900,6,102,3999,1,,
176,158,2,115,4000,1,,
176,158,10,19,4000,1,,
176,261,6,19,4000,1,,
376,143,5,111,4018,1,,
376,291,10,91,4018,1,,
183,263,4,81,4022,1,,
183,616,11,108,4022,1,,
193,865,8,104,4028,1,,
177,159,8,126,4034,1,,
177,6,3,11,4034,1,,
185,161,5,21,4044,1,,
185,161,6,97,4044,1,,
185,1540,4,19,4044,1,,
64,37,10,126,4048,1,,
75,302,8,150,4056,1,,
75,38,4,150,4056,1,,
75,152,10,151,4056,1,,
107,23,8,111,4062,1,,
107,1464,2,-60,4062,1,,
17,118,10,81,4065,1,,
17,0,4,19,4065,1,,
247,81,6,102,4066,1,,
0,115,5,102,4074,1,,
263,671,10,130,4076,1,,
32,752,5,102,4082,1,,
155,70,2,108,4086,1,,
155,255,12,108,4086,1,,
357,112,10,11,4090,1,,
47,60,5,102,4095,1,,
277,397,6,21,4108,1,,
277,1625,8,19,4108,1,,
277,-1,-1,-999,4108,2,stockout,
320,966,11,21,4128,1,,
320,10,2,124,4128,1,,
320,54,1,19,4128,1,,
121,39,5,109,4135,1,,
254,331,9,-60,4136,1,,
60,189,6,91,4147,1,,
60,1064,2,11,4147,1,,
54,189,6,19,4153,1,,
54,538,7,108,4153,1,,
120,39,5,109,4153,1,,
104,39,1,-60,4159,1,,
104,197,7,126,4159,1,,
365,229,5,-84,4162,1,,
147,588,4,102,4169,1,,
178,159,12,19,4172,1,,
289,948,4,-66,4181,1,,
142,469,6,130,4182,1,,
142,26,2,-60,4182,1,,
170,157,8,19,4191,1,,
170,203,4,19,4191,1,,
230,268,8,-60,4207,1,,
65,778,1,97,4209,1,,
65,1422,10,19,4209,1,,
117,39,1,-60,4219,1,,
117,1118,6,126,4219,1,,
244,104,1,19,4225,1,,
244,80,9,108,4225,1,,
288,403,10,-92,4228,1,,
266,926,8,130,4231,1,,
40,34,6,21,4241,1,,
40,186,4,19,4241,1,,
221,388,7,126,4242,1,,
167,72,4,151,4245,1,,
165,845,9,19,4260,1,,
286,690,6,91,4267,1,,
200,74,6,21,4275,1,,
200,210,3,19,4275,1,,
246,1600,4,-84,4281,1,,
36,34,6,111,4282,1,,
299,51,6,11,4291,1,,
74,787,4,150,4292,1,,
280,685,9,81,4294,1,,
361,1002,4,109,4304,1,,
322,1306,3,102,4310,1,,
229,130,3,109,4316,1,,
43,187,6,11,4321,1,,
18,744,2,109,4322,1,,
247,657,12,19,4326,1,,
47,1054,7,-60,4332,1,,
355,227,2,102,4335,1,,
292,950,1,97,4341,1,,
292,107,8,108,4341,1,,
93,557,6,-60,4348,1,,
86,552,2,-20,4348,1,,
23,235,2,-66,4361,1,,
321,10,2,124,4366,1,,
321,54,7,19,4366,1,,
195,209,2,124,4380,1,,
195,496,6,19,4380,1,,
195,-1,-1,-999,4380,2,stockout,
236,270,6,126,4387,1,,
343,138,6,19,4395,1,,
343,30,3,19,4395,1,,
313,84,5,177,4396,1,,
147,1503,6,-60,4396,1,,
352,287,6,130,4411,1,,
120,1477,10,21,4411,1,,
204,75,8,19,4425,1,,
12,1371,5,126,4436,1,,
212,879,8,81,4440,1,,
87,241,5,126,4444,1,,
129,578,6,97,4451,1,,
192,493,5,-60,4452,1,,
51,357,10,158,4452,1,,
277,1265,6,11,4462,1,,
70,151,6,155,4462,1,,
196,1194,4,126,4473,1,,
196,382,4,174,4473,1,,
132,815,6,19,4474,1,,
196,-1,-1,-999,4474,2,stockout,
360,14,8,153,4483,1,,
222,884,2,109,4488,1,,
101,366,5,11,4497,1,,
13,521,6,81,4507,1,,
200,1198,4,167,4511,1,,
200,-1,-1,-999,4511,2,stockout,
143,826,6,124,4519,1,,
97,1454,5,-6,4524,1,,
145,828,6,81,4544,1,,
278,49,4,148,4548,1,,
78,192,4,126,4559,1,,
358,228,8,148,4560,1,,
191,623,6,19,4562,1,,
75,38,2,167,4565,1,,
312,10,8,131,4576,1,,
366,289,4,130,4579,1,,
76,152,6,21,4585,1,,
214,320,6,21,4597,1,,
71,91,11,167,4600,1,,
197,74,5,21,4608,1,,
316,714,2,91,4610,1,,
153,99,3,130,4615,1,,
102,1459,2,115,4619,1,,
102,243,4,21,4619,1,,
348,31,5,19,4634,1,,
280,172,7,162,4634,1,,
280,50,8,162,4634,1,,
280,224,10,162,4634,1,,
48,536,1,72,4639,1,,
205,127,1,126,4649,1,,
334,29,1,11,4658,1,,
122,571,4,97,4666,1,,
282,941,4,81,4676,1,,
305,224,2,162,4676,1,,
305,83,10,162,4676,1,,
305,28,5,160,4676,1,,
203,211,10,156,4687,1,,
93,242,10,148,4699,1,,
93,2,6,162,4699,1,,
79,192,9,176,4700,1,,
202,211,1,156,4703,1,,
131,67,9,140,4715,1,,
281,106,4,134,4726,1,,
40,186,9,162,4730,1,,
349,31,8,132,4731,1,,
204,75,7,134,4737,1,,
25,183,3,21,4739,1,,
128,25,10,180,4746,1,,
277,1625,4,19,4750,1,,
367,289,4,97,4759,1,,
298,175,8,140,4771,1,,
298,1283,9,180,4771,1,,
368,289,3,97,4775,1,,
49,536,1,72,4776,1,,
350,13,4,131,4786,1,,
350,31,5,140,4786,1,,
213,638,3,115,4790,1,,
206,75,8,162,4800,1,,
352,139,2,141,4802,1,,
7,57,6,180,4811,1,,
130,578,2,97,4827,1,,
129,3,12,161,4830,1,,
193,494,2,115,4831,1,,
146,42,4,162,4841,1,,
146,199,2,180,4841,1,,
351,223,8,175,4853,1,,
351,225,9,175,4853,1,,
196,318,4,123,4854,1,,
234,1224,2,19,4858,1,,
211,637,1,175,4858,1,,
211,224,2,191,4858,1,,
264,170,4,175,4865,1,,
6,116,2,175,4870,1,,
280,398,7,160,4871,1,,
263,170,2,175,4887,1,,
263,224,10,191,4887,1,,
8,57,1,180,4888,1,,
8,343,9,159,4888,1,,
311,959,2,108,4891,1,,
311,83,8,184,4891,1,,
26,147,6,131,4897,1,,
348,225,3,175,4902,1,,
147,98,10,179,4926,1,,
305,1290,5,112,4932,1,,
305,109,5,180,4932,1,,
13,17,4,165,4934,1,,
13,17,8,184,4934,1,,
256,1246,7,179,4948,1,,
256,217,10,179,4948,1,,
236,270,6,162,4949,1,,
2,0,6,194,4951,1,,
2,56,6,194,4951,1,,
267,219,7,165,4961,1,,
212,165,10,179,4962,1,,
254,273,5,160,4973,1,,
177,261,8,179,4974,1,,
113,3,11,165,4976,1,,
292,406,5,131,4985,1,,
307,176,6,165,4985,1,,
204,630,8,141,4990,1,,
304,708,2,19,4993,1,,
281,50,4,195,4995,1,,
334,281,4,180,5002,1,,
112,24,6,145,5003,1,,
202,502,6,165,5012,1,,
180,316,4,180,5017,1,,
180,7,4,196,5017,1,,
189,381,3,162,5024,1,,
38,185,6,193,5036,1,,
38,18,6,193,5036,1,,
251,272,3,179,5042,1,,
5,0,7,179,5057,1,,
135,67,7,193,5061,1,,
135,4,12,193,5061,1,,
196,1194,5,126,5065,1,,
255,273,6,168,5075,1,,
50,536,1,72,5079,1,,
310,83,4,193,5079,1,,
310,177,8,193,5079,1,,
186,206,12,154,5091,1,,
134,4,10,169,5111,1,,
335,110,5,185,5112,1,,
335,29,11,185,5112,1,,
352,996,11,193,5116,1,,
10,16,2,185,5118,1,,
151,70,1,185,5123,1,,
301,705,11,169,5126,1,,
211,1565,6,139,5135,1,,
76,546,9,185,5139,1,,
173,204,4,137,5142,1,,
178,204,4,137,5149,1,,
12,0,7,193,5152,1,,
12,16,11,202,5152,1,,
12,345,4,202,5152,1,,
245,1235,11,185,5164,1,,
245,7,8,185,5164,1,,
230,268,8,202,5178,1,,
230,7,12,202,5178,1,,
29,1,10,203,5178,1,,
174,204,1,137,5186,1,,
174,6,7,206,5186,1,,
193,208,8,199,5193,1,,
124,24,2,145,5202,1,,
124,3,3,193,5202,1,,
124,3,9,202,5202,1,,
124,66,4,192,5202,1,,
298,51,2,206,5224,1,,
94,2,4,202,5224,1,,
94,2,8,193,5224,1,,
94,243,5,202,5224,1,,
152,70,6,147,5243,1,,
152,42,12,147,5243,1,,
152,200,10,147,5243,1,,
33,88,2,192,5248,1,,
33,59,7,192,5248,1,,
33,18,6,202,5248,1,,
33,1,3,202,5248,1,,
54,149,5,181,5251,1,,
172,45,12,143,5252,1,,
109,39,2,169,5257,1,,
329,11,7,199,5262,1,,
343,12,7,202,5267,1,,
343,56,7,202,5267,1,,
345,989,1,168,5281,1,,
345,139,10,143,5281,1,,
101,122,6,147,5284,1,,
101,2,6,147,5284,1,,
336,29,10,202,5285,1,,
88,2,8,143,5298,1,,
88,64,5,143,5298,1,,
149,155,9,193,5300,1,,
30,87,8,133,5302,1,,
30,1,5,133,5302,1,,
198,319,6,202,5312,1,,
240,1230,4,143,5314,1,,
240,47,7,143,5314,1,,
196,162,5,133,5320,1,,
196,318,8,133,5320,1,,
196,-1,-1,-999,5320,2,stockout,
41,237,6,202,5323,1,,
275,935,8,143,5326,1,,
256,48,6,202,5335,1,,
292,1280,4,147,5342,1,,
292,50,8,133,5342,1,,
341,419,8,121,5356,1,,
205,127,10,147,5356,1,,
129,96,5,192,5357,1,,
8,295,5,143,5364,1,,
131,1130,7,143,5374,1,,
166,203,5,202,5387,1,,
66,1423,2,165,5392,1,,
148,5,12,182,5397,1,,
148,42,4,182,5397,1,,
337,137,2,97,5408,1,,
337,282,8,197,5408,1,,
10,1369,6,170,5411,1,,
10,16,4,152,5411,1,,
102,122,4,197,5415,1,,
7,32,2,129,5421,1,,
7,0,6,129,5421,1,,
7,116,6,129,5421,1,,
113,369,5,147,5429,1,,
113,39,2,133,5429,1,,
113,24,6,182,5429,1,,
92,556,7,129,5442,1,,
92,64,9,178,5442,1,,
0,0,2,182,5443,1,,
0,513,8,182,5443,1,,
0,-1,-1,-999,5443,2,global,
173,45,6,129,5459,1,,
173,157,6,129,5459,1,,
221,388,6,182,5459,1,,
221,77,6,182,5459,1,,
86,552,2,108,5467,1,,
105,368,8,147,5471,1,,
87,361,10,45,5483,1,,
87,193,9,45,5483,1,,
251,660,9,182,5485,1,,
167,203,10,138,5488,1,,
250,329,1,19,5492,1,,
207,633,8,45,5500,1,,
207,212,4,209,5500,1,,
175,1530,1,147,5501,1,,
175,72,5,133,5501,1,,
119,248,8,138,5504,1,,
157,476,10,45,5516,1,,
157,71,2,45,5516,1,,
52,189,1,165,5527,1,,
244,80,1,202,5531,1,,
123,40,11,129,5532,1,,
336,29,6,181,5548,1,,
336,980,8,133,5548,1,,
120,248,1,138,5555,1,,
206,127,6,205,5561,1,,
247,657,8,178,5563,1,,
247,47,7,212,5563,1,,
11,16,4,182,5570,1,,
373,290,7,45,5578,1,,
373,423,4,209,5578,1,,
298,702,10,82,5592,1,,
56,20,2,133,5602,1,,
56,60,2,133,5602,1,,
54,189,5,211,5604,1,,
54,60,10,211,5604,1,,
54,36,1,211,5604,1,,
38,1395,10,209,5606,1,,
293,1280,4,147,5611,1,,
245,80,9,208,5617,1,,
21,523,8,129,5618,1,,
101,559,9,211,5630,1,,
168,156,6,129,5631,1,,
168,72,3,212,5631,1,,
274,171,8,209,5643,1,,
228,103,10,211,5644,1,,
236,1226,4,152,5649,1,,
361,14,4,133,5658,1,,
210,385,9,211,5662,1,,
229,890,2,147,5667,1,,
229,77,2,182,5667,1,,
343,12,8,129,5676,1,,
105,368,5,183,5683,1,,
303,51,8,142,5685,1,,
95,195,2,129,5686,1,,
95,195,5,45,5686,1,,
163,257,3,181,5691,1,,
28,1041,6,129,5696,1,,
230,103,9,142,5698,1,,
248,391,3,199,5708,1,,
99,22,8,215,5710,1,,
88,64,6,212,5713,1,,
187,491,8,215,5722,1,,
305,83,2,152,5727,1,,
151,70,4,171,5739,1,,
124,66,6,212,5749,1,,
84,359,6,171,5753,1,,
31,439,6,211,5759,1,,
31,1,9,172,5759,1,,
344,138,4,171,5763,1,,
17,118,2,133,5776,1,,
178,6,12,221,5781,1,,
178,262,5,221,5781,1,,
37,533,2,99,5786,1,,
37,18,12,99,5786,1,,
37,1,7,99,5786,1,,
354,998,6,45,5791,1,,
100,93,2,146,5807,1,,
100,2,6,99,5807,1,,
100,22,4,99,5807,1,,
100,22,4,84,5807,1,,
199,74,4,129,5816,1,,
199,46,1,45,5816,1,,
199,1197,3,221,5816,1,,
199,264,8,221,5816,1,,
306,9,9,221,5829,1,,
173,6,3,99,5830,1,,
173,609,10,99,5830,1,,
173,100,4,99,5830,1,,
331,725,10,221,5843,1,,
192,207,1,147,5846,1,,
130,1129,4,172,5851,1,,
130,40,6,99,5851,1,,
130,464,6,99,5851,1,,
0,513,1,182,5852,1,,
51,536,1,72,5856,1,,
51,188,8,221,5856,1,,
51,-1,-1,-999,5856,2,stockout,
274,934,10,221,5870,1,,
363,341,6,146,5872,1,,
363,14,10,99,5872,1,,
22,86,3,216,5882,1,,
22,17,5,221,5882,1,,
82,551,4,157,5882,1,,
52,1409,7,211,5890,1,,
52,447,6,99,5890,1,,
89,64,8,221,5900,1,,
164,257,8,220,5900,1,,
83,551,2,157,5905,1,,
162,44,3,225,5918,1,,
21,86,8,99,5918,1,,
21,0,4,99,5918,1,,
21,523,8,99,5918,1,,
21,17,2,99,5918,1,,
114,95,5,146,5936,1,,
114,566,8,84,5936,1,,
357,112,8,221,5940,1,,
160,201,8,227,5942,1,,
336,222,1,99,5954,1,,
336,282,12,84,5954,1,,
1,292,9,224,5955,1,,
211,165,6,221,5965,1,,
248,909,11,171,5970,1,,
38,34,5,84,5978,1,,
38,18,6,198,5978,1,,
38,1,8,198,5978,1,,
54,36,9,224,5983,1,,
116,1117,5,212,5985,1,,
128,3,6,198,5997,1,,
128,25,8,198,5997,1,,
305,9,12,224,6000,1,,
314,53,5,129,6002,1,,
374,143,4,211,6014,1,,
374,290,8,99,6014,1,,
115,459,8,222,6014,1,,
131,4,3,129,6029,1,,
183,160,6,172,6030,1,,
183,616,6,99,6030,1,,
251,81,10,217,6035,1,,
251,272,8,217,6035,1,,
222,265,4,212,6042,1,,
68,61,5,198,6045,1,,
68,781,6,198,6045,1,,
333,727,3,209,6048,1,,
308,709,12,217,6051,1,,
64,777,11,198,6061,1,,
307,83,11,222,6063,1,,
111,305,1,143,6071,1,,
111,95,4,233,6071,1,,
346,420,4,99,6076,1,,
346,12,7,84,6076,1,,
62,301,4,217,6077,1,,
62,36,7,217,6077,1,,
273,171,2,209,6079,1,,
85,92,7,224,6093,1,,
85,797,4,217,6093,1,,
175,611,10,198,6108,1,,
369,423,2,209,6125,1,,
187,380,10,99,6128,1,,
74,61,6,224,6129,1,,
74,91,4,217,6129,1,,
74,1,7,213,6129,1,,
74,1,7,166,6129,1,,
74,787,4,213,6129,1,,
207,76,2,99,6142,1,,
207,127,8,84,6142,1,,
132,67,8,201,6152,1,,
132,96,4,201,6152,1,,
151,474,3,146,6155,1,,
151,70,6,99,6155,1,,
136,67,8,217,6161,1,,
136,97,9,213,6161,1,,
136,312,8,213,6161,1,,
215,386,8,198,6167,1,,
348,31,1,212,6167,1,,
348,31,9,201,6167,1,,
269,104,4,146,6178,1,,
269,1257,4,198,6178,1,,
269,-1,-1,-999,6179,2,stockout,
230,268,11,201,6182,1,,
156,100,12,213,6187,1,,
156,5,6,166,6187,1,,
326,180,8,211,6192,1,,
139,68,8,201,6203,1,,
208,164,8,186,6214,1,,
208,212,6,186,6214,1,,
208,7,5,186,6214,1,,
155,593,8,-71,6216,1,,
297,1282,8,-71,6234,1,,
206,75,2,217,6240,1,,
206,75,5,223,6240,1,,
206,212,11,213,6240,1,,
355,1337,8,99,6244,1,,
4,1020,7,172,6254,1,,
73,91,5,186,6259,1,,
73,91,7,223,6259,1,,
141,824,3,99,6265,1,,
141,97,4,99,6265,1,,
349,139,8,-71,6274,1,,
251,104,4,146,6278,1,,
251,912,5,99,6278,1,,
25,350,8,213,6280,1,,
25,147,6,223,6280,1,,
296,135,12,144,6290,1,,
257,332,2,186,6299,1,,
257,395,10,186,6299,1,,
195,162,5,144,6314,1,,
195,209,3,188,6314,1,,
195,46,10,163,6314,1,,
270,1258,8,213,6317,1,,
270,170,4,166,6317,1,,
233,894,7,146,6321,1,,
128,95,4,166,6335,1,,
128,25,7,166,6335,1,,
350,56,4,144,6335,1,,
350,31,6,163,6335,1,,
350,225,6,163,6335,1,,
212,509,6,146,6336,1,,
13,740,5,99,6344,1,,
99,797,1,217,6352,1,,
99,22,10,223,6352,1,,
229,130,6,99,6354,1,,
228,324,4,-71,6355,1,,
228,129,7,163,6355,1,,
228,103,4,240,6355,1,,
280,1628,5,99,6362,1,,
289,8,2,224,6370,1,,
289,172,6,213,6370,1,,
289,693,3,186,6370,1,,
272,104,1,146,6375,1,,
272,104,3,99,6375,1,,
272,677,2,99,6375,1,,
261,274,2,201,6379,1,,
261,104,4,163,6379,1,,
261,218,9,163,6379,1,,
28,18,4,198,6383,1,,
342,181,1,128,6388,1,,
342,284,10,186,6388,1,,
225,1215,9,217,6403,1,,
163,844,10,163,6409,1,,
163,100,6,235,6409,1,,
253,1243,9,213,6423,1,,
41,237,6,163,6433,1,,
41,34,12,235,6433,1,,
0,181,1,128,6444,1,,
0,513,7,128,6444,1,,
255,104,4,99,6444,1,,
279,82,5,188,6452,1,,
279,684,3,188,6452,1,,
279,49,6,163,6452,1,,
279,-1,-1,-999,6452,2,stockout,
132,1488,8,166,6455,1,,
258,104,4,99,6459,1,,
292,406,4,99,6466,1,,
29,18,8,232,6467,1,,
11,344,5,188,6469,1,,
11,145,8,163,6469,1,,
201,1199,7,166,6478,1,,
162,1160,4,99,6486,1,,
335,222,5,201,6487,1,,
335,281,8,163,6487,1,,
269,104,1,99,6495,1,,
269,1257,4,198,6495,1,,
269,-1,-1,-999,6495,2,stockout,
118,24,5,188,6501,1,,
118,309,5,163,6501,1,,
364,181,1,128,6507,1,,
364,1346,6,166,6507,1,,
88,64,6,166,6516,1,,
237,104,4,163,6518,1,,
237,168,8,235,6518,1,,
51,765,4,146,6520,1,,
121,310,6,213,6532,1,,
311,413,4,146,6535,1,,
148,5,8,163,6536,1,,
148,200,1,163,6536,1,,
148,26,2,235,6536,1,,
181,1179,4,99,6547,1,,
205,873,6,163,6552,1,,
205,384,4,240,6552,1,,
312,413,4,146,6564,1,,
69,91,5,223,6572,1,,
247,1237,8,-71,6575,1,,
247,104,2,163,6575,1,,
220,1574,3,99,6578,1,,
233,646,8,128,6584,1,,
350,994,7,172,6593,1,,
305,83,6,232,6605,1,,
89,64,8,201,6608,1,,
170,157,2,84,6611,1,,
286,8,4,163,6622,1,,
286,336,4,163,6622,1,,
252,913,4,252,6623,1,,
196,627,2,142,6625,1,,
322,968,5,166,6631,1,,
25,183,8,188,6636,1,,
92,194,2,99,6643,1,,
75,62,3,213,6646,1,,
10,181,1,128,6662,1,,
10,145,2,186,6662,1,,
86,1089,7,188,6666,1,,
119,808,2,173,6667,1,,
264,924,4,166,6669,1,,
93,242,3,186,6680,1,,
249,392,7,144,6685,1,,
370,1009,7,163,6697,1,,
123,811,1,142,6708,1,,
211,128,7,201,6710,1,,
126,811,1,142,6712,1,,
168,125,2,224,6721,1,,
122,811,1,142,6724,1,,
0,15,6,163,6731,1,,
324,416,1,99,6732,1,,
124,811,1,142,6736,1,,
163,44,3,271,6742,1,,
132,250,6,188,6743,1,,
125,811,1,142,6747,1,,
162,598,5,224,6762,1,,
280,939,6,163,6769,1,,
146,588,12,243,6778,1,,
142,1141,6,240,6781,1,,
271,170,2,166,6783,1,,
34,121,10,264,6790,1,,
35,352,5,189,6798,1,,
321,719,6,243,6801,1,,
57,539,6,201,6802,1,,
233,646,4,214,6810,1,,
341,181,1,128,6816,1,,
341,730,4,268,6816,1,,
327,180,6,144,6819,1,,
313,413,1,146,6821,1,,
230,268,6,235,6848,1,,
7,1366,8,273,6852,1,,
29,87,6,226,6857,1,,
29,184,12,226,6857,1,,
167,72,4,243,6867,1,,
167,28,7,273,6867,1,,
94,194,4,243,6874,1,,
314,53,5,201,6884,1,,
9,181,1,128,6887,1,,
9,0,8,260,6887,1,,
306,136,4,226,6892,1,,
306,52,2,283,6892,1,,
191,162,5,144,6897,1,,
93,242,8,268,6899,1,,
51,536,1,72,6908,1,,
51,35,4,163,6908,1,,
51,-1,-1,-999,6909,2,stockout,
269,1257,2,198,6911,1,,
269,929,6,264,6911,1,,
140,373,2,226,6916,1,,
333,977,5,163,6919,1,,
354,998,7,245,6921,1,,
288,403,5,226,6924,1,,
127,811,1,142,6927,1,,
127,-1,-1,-999,6927,2,stockout,
178,850,4,235,6928,1,,
134,371,4,226,6935,1,,
106,564,4,163,6937,1,,
320,966,3,188,6959,1,,
270,82,9,278,6960,1,,
305,9,4,270,6975,1,,
86,21,8,278,6978,1,,
174,6,4,269,6994,1,,
174,158,8,269,6994,1,,
322,179,5,287,7001,1,,
179,160,3,235,7009,1,,
13,0,6,245,7019,1,,
13,0,6,269,7019,1,,
13,181,1,278,7019,1,,
13,57,6,269,7019,1,,
168,72,9,276,7022,1,,
139,585,4,278,7031,1,,
139,4,4,269,7031,1,,
307,83,8,276,7033,1,,
197,126,8,278,7043,1,,
339,283,2,235,7051,1,,
101,450,7,276,7051,1,,
101,154,6,286,7051,1,,
0,115,4,269,7064,1,,
0,0,2,269,7064,1,,
0,32,10,288,7064,1,,
151,5,2,276,7065,1,,
151,70,8,286,7065,1,,
279,684,3,188,7065,1,,
104,452,8,288,7076,1,,
104,-1,-1,-999,7076,2,stockout,
103,367,12,136,7092,1,,
165,1520,7,237,7094,1,,
165,202,5,237,7094,1,,
165,6,10,237,7094,1,,
177,159,6,219,7095,1,,
43,148,2,276,7110,1,,
43,762,10,281,7110,1,,
229,130,8,278,7111,1,,
107,564,1,163,7118,1,,
1,513,1,128,7121,1,,
1,143,6,263,7121,1,,
330,55,7,261,7131,1,,
39,19,5,289,7142,1,,
286,8,8,286,7149,1,,
286,107,4,237,7149,1,,
286,107,11,290,7149,1,,
286,132,8,281,7149,1,,
131,40,5,269,7157,1,,
131,4,2,288,7157,1,,
156,593,1,-71,7158,1,,
105,2,1,237,7173,1,,
105,197,9,237,7173,1,,
105,23,8,257,7173,1,,
30,18,6,269,7183,1,,
82,358,3,286,7195,1,,
82,2,1,292,7195,1,,
82,2,2,237,7195,1,,
82,192,10,257,7195,1,,
42,34,11,266,7198,1,,
42,19,6,266,7198,1,,
314,1662,11,237,7211,1,,
60,90,6,269,7214,1,,
295,279,8,266,7216,1,,
295,50,5,266,7216,1,,
159,156,6,245,7223,1,,
14,0,8,237,7229,1,,
14,146,3,237,7229,1,,
40,186,4,278,7233,1,,
158,5,2,266,7234,1,,
158,43,9,266,7234,1,,
158,71,2,266,7234,1,,
321,719,4,278,7243,1,,
321,221,2,288,7243,1,,
152,70,10,257,7248,1,,
59,1063,10,266,7248,1,,
181,1179,6,245,7252,1,,
22,86,9,266,7261,1,,
45,148,2,276,7269,1,,
45,445,5,237,7269,1,,
45,1,7,257,7269,1,,
52,189,8,238,7282,1,,
288,692,10,237,7285,1,,
256,664,4,269,7288,1,,
133,4,4,288,7302,1,,
13,346,9,257,7310,1,,
13,17,8,257,7310,1,,
81,2,4,266,7320,1,,
81,153,8,293,7320,1,,
113,95,5,237,7324,1,,
113,1470,3,281,7324,1,,
347,421,2,278,7325,1,,
347,181,1,278,7325,1,,
132,250,8,266,7332,1,,
328,180,7,237,7339,1,,
328,84,2,257,7339,1,,
12,181,1,278,7343,1,,
12,57,2,269,7343,1,,
229,103,8,266,7343,1,,
146,588,8,266,7355,1,,
199,126,2,278,7359,1,,
375,181,1,278,7364,1,,
375,143,2,263,7364,1,,
136,26,8,257,7364,1,,
283,8,10,301,7369,1,,
244,80,8,281,7379,1,,
18,181,1,278,7381,1,,
41,59,7,301,7385,1,,
41,19,4,301,7385,1,,
15,181,1,278,7385,1,,
348,31,8,237,7392,1,,
225,1579,3,266,7400,1,,
225,77,6,301,7400,1,,
16,181,1,278,7403,1,,
17,181,1,278,7407,1,,
345,139,8,266,7412,1,,
182,379,7,286,7421,1,,
47,188,2,266,7430,1,,
47,188,2,-51,7430,1,,
96,93,6,237,7433,1,,
10,16,7,277,7441,1,,
82,153,6,304,7442,1,,
349,31,10,299,7457,1,,
198,319,12,277,7460,1,,
284,132,10,295,7470,1,,
335,181,1,278,7472,1,,
335,29,3,277,7472,1,,
335,281,4,300,7472,1,,
9,57,6,300,7492,1,,
129,25,4,237,7500,1,,
129,96,2,237,7500,1,,
81,1438,4,246,7501,1,,
81,794,6,-51,7501,1,,
127,811,1,142,7511,1,,
127,95,5,237,7511,1,,
127,-1,-1,-999,7511,2,stockout,
59,299,11,293,7517,1,,
167,72,6,237,7523,1,,
190,862,6,310,7524,1,,
190,382,4,310,7524,1,,
43,35,8,295,7528,1,,
269,676,6,237,7534,1,,
200,74,3,301,7539,1,,
200,210,4,295,7539,1,,
152,590,3,268,7540,1,,
152,155,3,310,7540,1,,
251,272,4,286,7546,1,,
251,81,2,237,7546,1,,
233,269,6,237,7557,1,,
314,53,2,266,7573,1,,
314,84,1,296,7573,1,,
358,140,12,250,7574,1,,
358,32,9,250,7574,1,,
0,0,1,301,7582,1,,
36,297,6,300,7583,1,,
212,77,4,301,7591,1,,
286,401,6,250,7592,1,,
8,57,5,300,7600,1,,
125,95,2,237,7605,1,,
125,66,5,314,7605,1,,
40,1397,4,149,7614,1,,
315,53,6,257,7620,1,,
204,75,6,250,7629,1,,
361,14,5,286,7636,1,,
181,486,4,218,7640,1,,
64,37,5,237,7647,1,,
161,375,5,237,7657,1,,
180,46,6,313,7664,1,,
283,50,8,302,7672,1,,
283,132,6,309,7672,1,,
191,623,10,241,7678,1,,
122,311,2,302,7689,1,,
122,3,9,302,7689,1,,
122,154,1,302,7689,1,,
128,370,4,311,7690,1,,
179,378,10,317,7693,1,,
65,37,5,318,7700,1,,
192,73,5,307,7701,1,,
105,244,4,285,7710,1,,
210,213,7,274,7711,1,,
1,85,4,302,7717,1,,
1,56,6,309,7717,1,,
113,565,4,234,7719,1,,
327,180,6,309,7736,1,,
327,28,8,305,7736,1,,
129,370,2,311,7740,1,,
201,210,9,307,7742,1,,
190,1545,12,250,7754,1,,
196,74,4,312,7756,1,,
196,125,2,323,7756,1,,
211,637,4,237,7764,1,,
363,141,8,323,7769,1,,
162,375,5,305,7777,1,,
195,74,6,312,7783,1,,
195,125,4,323,7783,1,,
114,3,8,305,7792,1,,
364,341,6,319,7792,1,,
251,660,3,312,7798,1,,
251,-1,-1,-999,7798,2,stockout,
200,1198,4,237,7808,1,,
200,-1,-1,-999,7809,2,stockout,
282,1270,2,237,7816,1,,
338,30,10,114,7820,1,,
338,137,5,114,7820,1,,
206,127,10,114,7835,1,,
130,25,6,329,7841,1,,
205,75,5,302,7843,1,,
343,30,3,249,7844,1,,
343,138,10,249,7844,1,,
372,1354,6,258,7851,1,,
84,551,4,309,7854,1,,
84,302,4,114,7854,1,,
136,819,7,258,7861,1,,
111,305,9,114,7867,1,,
39,59,11,275,7872,1,,
39,19,6,275,7872,1,,
39,1,4,275,7872,1,,
14,85,4,302,7880,1,,
14,430,5,114,7880,1,,
163,6,6,326,7881,1,,
133,41,6,320,7882,1,,
40,186,7,320,7906,1,,
249,217,6,249,7907,1,,
249,47,6,275,7907,1,,
249,659,8,275,7907,1,,
214,639,8,114,7908,1,,
32,88,9,321,7919,1,,
323,54,7,114,7929,1,,
62,542,11,249,7937,1,,
62,90,5,275,7937,1,,
62,1,7,322,7937,1,,
241,326,8,321,7938,1,,
241,104,4,321,7938,1,,
164,44,8,275,7964,1,,
164,6,7,322,7964,1,,
334,281,2,300,7969,1,,
334,55,4,327,7969,1,,
334,-1,-1,-999,7970,2,stockout,
297,135,8,321,7972,1,,
297,82,9,316,7972,1,,
75,152,10,256,7978,1,,
99,1100,5,309,7983,1,,
105,244,7,236,7995,1,,
105,244,10,258,7995,1,,
54,89,8,275,7996,1,,
54,36,4,256,7996,1,,
356,85,4,302,8000,1,,
356,227,3,114,8000,1,,
128,249,3,321,8011,1,,
128,3,9,316,8011,1,,
106,23,5,302,8014,1,,
180,73,6,249,8015,1,,
180,73,7,275,8015,1,,
114,1115,8,114,8026,1,,
25,147,5,321,8029,1,,
25,58,8,316,8029,1,,
183,205,4,114,8032,1,,
85,63,7,275,8033,1,,
85,240,4,322,8033,1,,
71,151,5,316,8044,1,,
71,37,6,229,8044,1,,
203,872,4,114,8048,1,,
203,-1,-1,-999,8048,2,stockout,
70,1073,10,256,8049,1,,
144,252,3,300,8055,1,,
192,493,2,257,8057,1,,
192,73,7,229,8057,1,,
192,-1,-1,-999,8058,2,stockout,
120,461,8,322,8063,1,,
204,872,4,114,8067,1,,
258,333,11,316,8073,1,,
156,5,6,249,8093,1,,
156,201,2,322,8093,1,,
370,114,9,229,8104,1,,
172,45,8,249,8107,1,,
126,3,5,267,8119,1,,
126,575,6,267,8119,1,,
22,434,3,305,8123,1,,
29,120,3,300,8129,1,,
238,168,8,322,8132,1,,
26,87,9,308,8141,1,,
107,23,8,229,8151,1,,
107,2,2,267,8151,1,,
313,84,8,275,8166,1,,
222,166,11,267,8166,1,,
337,30,2,114,8178,1,,
363,141,8,275,8180,1,,
75,545,4,267,8181,1,,
75,62,7,315,8181,1,,
280,172,6,249,8192,1,,
191,382,2,310,8195,1,,
190,101,10,267,8196,1,,
83,551,1,309,8198,1,,
196,318,6,256,8203,1,,
61,774,10,315,8212,1,,
164,600,8,272,8217,1,,
113,565,2,267,8243,1,,
113,198,6,315,8243,1,,
175,260,8,316,8257,1,,
180,1178,1,302,8265,1,,
105,798,7,322,8266,1,,
127,811,1,250,8270,1,,
127,-1,-1,-999,8270,2,stockout,
312,710,5,249,8276,1,,
84,63,7,321,8284,1,,
334,281,4,300,8285,1,,
129,25,5,275,8287,1,,
19,119,7,267,8297,1,,
207,164,5,275,8307,1,,
299,338,8,267,8310,1,,
335,29,5,332,8316,1,,
143,199,6,316,8322,1,,
330,55,4,331,8326,1,,
128,812,4,275,8334,1,,
200,1198,4,237,8335,1,,
200,163,3,316,8335,1,,
200,-1,-1,-999,8335,2,stockout,
8,517,4,323,8343,1,,
328,280,5,316,8347,1,,
328,1312,2,267,8347,1,,
198,28,3,347,8362,1,,
198,628,4,347,8362,1,,
85,38,5,347,8382,1,,
85,2,10,347,8382,1,,
13,17,4,322,8390,1,,
102,451,6,347,8391,1,,
199,628,4,347,8398,1,,
361,1343,4,275,8412,1,,
110,246,12,303,8415,1,,
281,172,5,321,8421,1,,
291,133,4,275,8425,1,,
348,31,6,316,8432,1,,
86,193,11,303,8435,1,,
228,103,3,275,8437,1,,
58,540,3,321,8443,1,,
58,89,2,229,8443,1,,
104,39,3,275,8445,1,,
283,8,2,342,8452,1,,
279,938,5,267,8453,1,,
192,493,4,257,8468,1,,
192,101,1,267,8468,1,,
192,317,4,315,8468,1,,
97,93,8,303,8471,1,,
97,21,12,306,8471,1,,
42,354,3,347,8477,1,,
67,61,2,254,8507,1,,
37,34,11,345,8511,1,,
10,145,4,267,8522,1,,
184,317,4,315,8531,1,,
88,361,9,291,8532,1,,
186,619,8,291,8543,1,,
251,660,2,312,8548,1,,
87,303,5,280,8551,1,,
355,288,3,356,8556,1,,
11,16,6,354,8557,1,,
205,127,4,280,8558,1,,
321,10,1,333,8562,1,,
229,130,2,229,8568,1,,
229,130,3,316,8568,1,,
161,479,1,280,8570,1,,
161,597,7,291,8570,1,,
304,1289,3,229,8586,1,,
304,109,9,354,8586,1,,
95,195,4,315,8596,1,,
252,272,9,350,8604,1,,
276,681,3,280,8604,1,,
314,413,2,321,8605,1,,
314,413,2,316,8605,1,,
189,621,3,280,8609,1,,
239,79,4,316,8614,1,,
313,10,9,335,8627,1,,
179,1534,3,258,8644,1,,
127,811,1,250,8646,1,,
127,462,2,347,8646,1,,
127,-1,-1,-999,8646,2,stockout,
75,62,6,335,8658,1,,
323,54,6,330,8670,1,,
128,3,8,351,8677,1,,
41,441,4,335,8679,1,,
185,317,2,315,8684,1,,
185,7,9,360,8684,1,,
110,455,8,244,8689,1,,
315,413,3,316,8692,1,,
269,82,10,335,8695,1,,
89,554,5,336,8697,1,,
90,554,2,336,8701,1,,
352,13,6,330,8707,1,,
200,628,1,347,8710,1,,
330,55,2,267,8710,1,,
140,373,1,303,8717,1,,
153,99,2,321,8720,1,,
0,0,6,357,8728,1,,
0,32,8,357,8728,1,,
351,732,8,247,8742,1,,
284,8,9,135,8769,1,,
284,1272,10,135,8769,1,,
141,68,8,340,8780,1,,
298,407,9,324,8785,1,,
24,182,2,334,8794,1,,
24,0,8,334,8794,1,,
79,2,2,334,8801,1,,
34,352,3,334,8810,1,,
34,18,1,334,8810,1,,
70,783,11,210,8814,1,,
49,1056,9,135,8816,1,,
49,88,9,135,8816,1,,
142,68,7,355,8824,1,,
43,535,11,334,8827,1,,
11,1370,5,135,8839,1,,
11,32,8,135,8839,1,,
201,74,6,210,8844,1,,
331,181,1,364,8848,1,,
331,84,4,364,8848,1,,
331,55,9,334,8848,1,,
14,181,1,364,8854,1,,
109,801,8,210,8856,1,,
98,93,6,135,8859,1,,
98,65,7,135,8859,1,,
143,68,7,210,8866,1,,
222,215,12,341,8872,1,,
173,609,6,210,8878,1,,
291,949,7,228,8879,1,,
291,50,6,338,8879,1,,
22,181,1,364,8896,1,,
22,350,9,341,8896,1,,
22,86,6,348,8896,1,,
148,42,6,135,8897,1,,
148,5,5,338,8897,1,,
301,135,7,338,8914,1,,
301,108,4,338,8914,1,,
176,848,5,210,8916,1,,
19,181,1,364,8919,1,,
19,234,10,358,8919,1,,
19,0,5,358,8919,1,,
170,157,8,265,8927,1,,
347,286,6,324,8933,1,,
347,30,5,135,8933,1,,
189,73,1,231,8943,1,,
189,621,10,265,8943,1,,
115,95,5,325,8949,1,,
115,247,8,358,8949,1,,
23,86,1,135,8950,1,,
23,182,6,135,8950,1,,
320,179,9,135,8963,1,,
174,45,8,369,8966,1,,
174,6,10,262,8966,1,,
76,20,4,135,8975,1,,
76,546,4,338,8975,1,,
158,477,8,262,8982,1,,
158,43,3,262,8982,1,,
75,357,12,298,8984,1,,
75,62,6,22,8984,1,,
181,853,6,135,8984,1,,
370,142,11,262,9002,1,,
334,29,5,135,9006,1,,
361,181,1,364,9009,1,,
361,140,10,341,9009,1,,
361,1343,6,22,9009,1,,
339,30,5,135,9014,1,,
15,347,11,361,9017,1,,
180,73,10,370,9032,1,,
20,181,1,364,9033,1,,
20,0,8,298,9033,1,,
20,349,8,22,9033,1,,
276,681,9,262,9045,1,,
179,160,10,22,9050,1,,
129,96,4,135,9052,1,,
103,561,7,262,9063,1,,
103,22,1,262,9063,1,,
153,99,10,341,9066,1,,
147,200,9,349,9071,1,,
116,95,4,262,9076,1,,
116,39,5,262,9076,1,,
87,361,11,349,9088,1,,
213,128,7,325,9089,1,,
213,77,5,279,9089,1,,
213,510,4,279,9089,1,,
302,108,2,338,9100,1,,
302,8,6,349,9100,1,,
275,935,7,262,9103,1,,
86,63,12,279,9108,1,,
154,43,7,262,9113,1,,
200,126,8,22,9127,1,,
200,74,4,279,9127,1,,
159,478,2,325,9144,1,,
159,5,9,279,9144,1,,
31,58,4,349,9145,1,,
31,88,7,371,9145,1,,
273,678,6,369,9149,1,,
273,48,6,368,9149,1,,
109,245,4,262,9159,1,,
109,39,3,262,9159,1,,
291,405,9,362,9163,1,,
173,1528,12,298,9163,1,,
222,215,7,369,9170,1,,
88,64,10,279,9179,1,,
162,44,5,349,9191,1,,
141,585,6,262,9197,1,,
306,52,4,330,9198,1,,
287,50,2,358,9201,1,,
287,402,8,298,9201,1,,
70,1427,6,231,9206,1,,
70,-1,-1,-999,9206,2,stockout,
140,68,8,371,9212,1,,
174,610,6,361,9215,1,,
190,207,5,349,9220,1,,
267,219,4,262,9224,1,,
193,208,4,338,9227,1,,
315,1299,10,325,9231,1,,
230,78,2,357,9240,1,,
230,103,2,338,9240,1,,
169,259,8,325,9244,1,,
369,1008,10,22,9258,1,,
110,801,3,349,9266,1,,
211,878,4,370,9266,1,,
211,-1,-1,-999,9266,2,stockout,
8,116,3,135,9272,1,,
89,241,8,239,9278,1,,
89,64,7,239,9278,1,,
305,1653,3,338,9285,1,,
313,413,3,361,9296,1,,
160,124,6,378,9297,1,,
160,374,8,239,9297,1,,
297,135,3,262,9302,1,,
142,585,2,262,9307,1,,
53,35,2,22,9312,1,,
53,89,8,239,9312,1,,
290,8,3,239,9332,1,,
290,173,8,239,9332,1,,
275,680,4,330,9344,1,,
275,7,6,380,9344,1,,
49,1056,3,251,9350,1,,
10,16,10,379,9351,1,,
10,145,7,379,9351,1,,
344,30,8,22,9354,1,,
344,138,5,239,9354,1,,
196,74,2,210,9358,1,,
25,526,4,325,9368,1,,
25,0,6,239,9368,1,,
113,39,1,262,9371,1,,
113,198,6,377,9371,1,,
65,778,2,135,9375,1,,
298,135,1,338,9382,1,,
131,579,7,298,9382,1,,
131,67,3,239,9382,1,,
314,10,10,239,9396,1,,
54,89,1,338,9405,1,,
329,1677,6,365,9415,1,,
308,9,7,298,9419,1,,
308,176,2,239,9419,1,,
307,9,8,365,9427,1,,
42,238,8,379,9428,1,,
245,906,10,379,9445,1,,
243,653,8,348,9461,1,,
163,6,12,379,9463,1,,
93,242,6,325,9470,1,,
306,9,5,385,9476,1,,
306,83,4,385,9476,1,,
306,52,4,385,9476,1,,
136,26,10,379,9479,1,,
206,212,8,358,9482,1,,
40,759,6,279,9491,1,,
97,1099,1,385,9491,1,,
97,2,10,385,9491,1,,
164,257,9,366,9494,1,,
102,451,6,22,9500,1,,
118,95,1,325,9509,1,,
118,39,5,22,9509,1,,
241,326,9,372,9510,1,,
241,131,5,372,9510,1,,
26,0,5,379,9520,1,,
26,147,7,248,9520,1,,
26,119,6,248,9520,1,,
47,88,7,385,9525,1,,
47,188,4,204,9525,1,,
0,0,3,372,9531,1,,
175,204,4,248,9540,1,,
175,100,9,248,9540,1,,
233,78,4,325,9545,1,,
148,5,7,385,9552,1,,
148,200,2,344,9552,1,,
148,42,7,344,9552,1,,
294,134,11,248,9564,1,,
294,279,5,248,9564,1,,
191,101,4,22,9564,1,,
29,120,4,22,9571,1,,
197,74,1,248,9581,1,,
197,627,10,248,9581,1,,
62,301,9,344,9587,1,,
62,36,6,344,9587,1,,
11,16,10,248,9598,1,,
149,1505,3,239,9604,1,,
70,37,10,344,9606,1,,
70,191,4,344,9606,1,,
78,548,10,248,9614,1,,
280,172,3,282,9618,1,,
121,248,8,344,9625,1,,
121,24,6,344,9625,1,,
205,127,9,353,9631,1,,
137,26,10,392,9635,1,,
49,1056,10,380,9646,1,,
49,35,6,382,9646,1,,
170,259,3,325,9653,1,,
170,157,5,353,9653,1,,
373,1355,7,248,9658,1,,
273,171,5,353,9672,1,,
298,135,9,248,9674,1,,
298,279,1,248,9674,1,,
345,139,8,353,9687,1,,
281,398,10,248,9691,1,,
305,136,5,344,9691,1,,
305,9,8,344,9691,1,,
305,409,12,337,9691,1,,
305,83,7,337,9691,1,,
305,51,4,337,9691,1,,
243,904,4,242,9699,1,,
75,152,2,279,9705,1,,
136,583,12,248,9715,1,,
127,811,1,250,9728,1,,
127,24,6,379,9728,1,,
127,-1,-1,-999,9728,2,stockout,
116,24,3,337,9731,1,,
116,24,3,344,9731,1,,
116,123,6,337,9731,1,,
116,308,10,337,9731,1,,
116,223,9,337,9731,1,,
118,569,10,282,9740,1,,
156,124,6,390,9744,1,,
124,573,2,358,9750,1,,
362,140,6,385,9751,1,,
362,14,9,337,9751,1,,
128,67,1,239,9763,1,,
311,10,1,239,9771,1,,
269,104,4,344,9779,1,,
269,1257,2,382,9779,1,,
269,929,8,337,9779,1,,
269,170,4,337,9779,1,,
269,7,3,337,9779,1,,
269,-1,-1,-999,9779,2,stockout,
202,74,6,248,9792,1,,
176,204,4,248,9801,1,,
251,104,4,344,9803,1,,
251,1241,7,382,9803,1,,
251,169,6,337,9803,1,,
237,270,2,248,9813,1,,
237,78,4,248,9813,1,,
104,39,1,22,9815,1,,
111,456,1,358,9820,1,,
17,57,6,344,9827,1,,
17,118,10,337,9827,1,,
177,204,4,248,9829,1,,
86,193,4,337,9849,1,,
86,1443,11,337,9849,1,,
259,104,4,389,9855,1,,
271,82,7,398,9863,1,,
48,1055,4,337,9870,1,,
48,19,4,337,9870,1,,
48,356,6,337,9870,1,,
157,124,2,390,9888,1,,
123,40,4,297,9891,1,,
123,248,4,297,9891,1,,
102,94,6,344,9891,1,,
102,22,4,337,9891,1,,
102,243,4,337,9891,1,,
260,104,2,389,9896,1,,
114,24,4,379,9897,1,,
221,883,9,204,9912,1,,
221,102,5,337,9912,1,,
137,820,7,164,9932,1,,
115,566,7,297,9935,1,,
70,1427,2,231,9946,1,,
229,130,8,373,9947,1,,
303,707,4,337,9948,1,,
303,108,7,337,9948,1,,
303,28,7,401,9948,1,,
303,8,8,401,9948,1,,
243,904,12,297,9963,1,,
103,38,10,401,9974,1,,
103,94,8,401,9974,1,,
348,31,8,284,9975,1,,
106,1107,2,379,9985,1,,
158,595,6,284,9990,1,,
101,450,2,248,9992,1,,
170,157,6,344,9996,1,,
170,606,9,337,9996,1,,
109,1110,1,248,9997,1,,
198,74,1,248,10003,1,,
349,31,2,344,10017,1,,
349,993,6,344,10017,1,,
349,56,6,401,10017,1,,
87,63,10,402,10019,1,,
87,193,4,402,10019,1,,
87,2,8,402,10019,1,,
310,412,2,262,10037,1,,
30,529,6,344,10037,1,,
30,750,7,401,10037,1,,
233,646,8,402,10050,1,,
233,167,8,402,10050,1,,
233,28,8,259,10050,1,,
10,428,7,385,10056,1,,
10,57,1,344,10056,1,,
10,1024,4,337,10056,1,,
228,641,9,344,10075,1,,
228,47,3,401,10075,1,,
256,131,10,407,10075,1,,
356,32,8,402,10082,1,,
356,13,9,406,10082,1,,
356,227,8,406,10082,1,,
173,45,8,407,10089,1,,
133,41,8,337,10094,1,,
133,67,4,337,10094,1,,
119,39,5,373,10105,1,,
119,24,6,259,10105,1,,
119,3,7,402,10105,1,,
100,93,10,387,10106,1,,
313,711,7,337,10112,1,,
313,52,4,401,10112,1,,
8,15,3,406,10126,1,,
8,116,4,259,10126,1,,
8,1367,9,259,10126,1,,
178,377,4,337,10130,1,,
178,262,7,401,10130,1,,
340,30,9,387,10132,1,,
9,15,6,385,10146,1,,
9,1024,4,337,10146,1,,
83,2,11,411,10149,1,,
125,24,1,259,10155,1,,
125,24,5,402,10155,1,,
125,3,10,207,10155,1,,
125,66,6,207,10155,1,,
121,810,10,337,10162,1,,
147,98,10,337,10178,1,,
48,1,5,387,10180,1,,
48,239,5,410,10180,1,,
31,120,10,402,10185,1,,
31,18,6,259,10185,1,,
70,91,11,382,10196,1,,
6,32,6,414,10199,1,,
6,144,7,414,10199,1,,
5,294,10,402,10207,1,,
5,15,5,207,10207,1,,
82,2,9,414,10220,1,,
220,882,6,375,10229,1,,
220,77,5,402,10229,1,,
220,387,4,207,10229,1,,
220,-1,-1,-999,10229,2,stockout,
75,38,7,418,10231,1,,
235,896,7,387,10241,1,,
291,50,5,375,10252,1,,
291,695,10,406,10252,1,,
211,165,8,410,10253,1,,
159,478,4,337,10253,1,,
159,374,6,337,10253,1,,
138,372,6,407,10262,1,,
331,11,3,393,10268,1,,
331,725,7,337,10268,1,,
231,78,6,207,10270,1,,
231,130,6,207,10270,1,,
333,1317,6,414,10273,1,,
54,36,9,337,10281,1,,
80,152,4,375,10286,1,,
80,550,6,259,10286,1,,
25,147,9,343,10293,1,,
140,373,11,259,10304,1,,
348,31,6,414,10305,1,,
246,656,5,385,10306,1,,
246,104,4,344,10306,1,,
254,662,10,259,10320,1,,
288,337,6,401,10336,1,,
288,107,3,401,10336,1,,
229,890,10,284,10337,1,,
269,1257,4,248,10349,1,,
269,-1,-1,-999,10349,2,stockout,
27,437,8,344,10351,1,,
186,1184,9,259,10352,1,,
105,23,8,337,10362,1,,
200,210,9,207,10369,1,,
201,628,4,385,10374,1,,
201,126,4,401,10374,1,,
204,75,2,387,10384,1,,
299,135,8,344,10386,1,,
127,811,1,250,10389,1,,
127,24,2,387,10389,1,,
127,-1,-1,-999,10389,2,stockout,
286,1274,5,387,10398,1,,
88,64,7,337,10400,1,,
115,39,5,373,10412,1,,
115,24,3,402,10412,1,,
277,49,8,402,10426,1,,
247,657,7,401,10438,1,,
281,50,12,395,10439,1,,
17,118,4,402,10440,1,,
17,118,4,406,10440,1,,
314,53,8,395,10451,1,,
160,478,8,402,10454,1,,
102,94,10,422,10455,1,,
321,719,1,414,10455,1,,
41,237,7,207,10467,1,,
206,632,9,395,10471,1,,
0,143,6,395,10482,1,,
37,353,6,337,10488,1,,
2,143,6,259,10501,1,,
109,95,5,434,10503,1,,
8,1024,2,337,10508,1,,
8,295,6,422,10508,1,,
283,1631,6,402,10516,1,,
283,-1,-1,-999,10516,2,stockout,
75,788,6,401,10521,1,,
114,24,2,344,10540,1,,
114,307,4,401,10540,1,,
30,529,6,207,10558,1,,
30,-1,-1,-999,10558,2,stockout,
300,338,2,395,10561,1,,
300,8,2,434,10561,1,,
289,337,5,401,10565,1,,
11,117,2,395,10571,1,,
278,49,6,337,10574,1,,
52,189,6,259,10579,1,,
52,148,4,442,10579,1,,
182,263,4,409,10582,1,,
364,113,1,204,10583,1,,
364,341,4,337,10583,1,,
110,95,2,434,10589,1,,
90,362,6,207,10591,1,,
40,34,5,438,10594,1,,
235,896,2,367,10596,1,,
26,436,5,297,10601,1,,
154,1153,4,337,10601,1,,
158,156,4,422,10612,1,,
31,148,4,442,10616,1,,
31,18,5,415,10616,1,,
290,1278,5,402,10627,1,,
286,945,4,339,10644,1,,
159,256,5,431,10654,1,,
302,108,5,402,10664,1,,
302,-1,-1,-999,10664,2,stockout,
120,248,3,344,10671,1,,
177,159,3,409,10676,1,,
232,1222,4,337,10678,1,,
249,329,4,343,10685,1,,
337,1321,5,259,10691,1,,
205,127,4,344,10697,1,,
269,1257,1,248,10700,1,,
80,793,3,337,10705,1,,
305,9,4,402,10709,1,,
334,29,2,337,10718,1,,
81,550,4,259,10725,1,,
128,40,7,439,10727,1,,
127,811,1,250,10733,1,,
127,-1,-1,-999,10733,2,stockout,
188,860,2,337,10736,1,,
206,632,7,207,10743,1,,
265,170,3,207,10763,1,,
284,132,7,441,10781,1,,
284,224,9,441,10781,1,,
32,1,12,436,10795,1,,
300,704,12,409,10800,1,,
346,285,3,259,10806,1,,
304,51,7,436,10806,1,,
348,31,8,441,10814,1,,
12,33,8,417,10817,1,,
285,400,8,383,10828,1,,
234,647,3,297,10829,1,,
237,650,5,441,10838,1,,
84,2,9,449,10844,1,,
23,86,8,433,10846,1,,
23,58,8,433,10846,1,,
343,12,4,430,10853,1,,
283,1631,2,402,10865,1,,
3,143,2,259,10872,1,,
75,38,10,433,10872,1,,
75,62,5,433,10872,1,,
224,77,2,419,10878,1,,
224,266,6,419,10878,1,,
224,47,8,419,10878,1,,
224,28,8,419,10878,1,,
224,166,6,419,10878,1,,
306,83,6,433,10896,1,,
306,52,12,435,10896,1,,
268,220,12,383,10897,1,,
181,1536,2,259,10906,1,,
24,0,4,435,10918,1,,
24,86,8,435,10918,1,,
24,33,4,455,10918,1,,
16,57,6,383,10921,1,,
16,0,10,419,10921,1,,
30,529,5,207,10934,1,,
121,310,6,433,10936,1,,
121,3,8,433,10936,1,,
227,77,4,428,10949,1,,
227,77,2,419,10949,1,,
227,266,4,419,10949,1,,
227,389,10,428,10949,1,,
311,10,2,259,10951,1,,
183,1538,2,417,10953,1,,
183,125,4,433,10953,1,,
183,7,6,455,10953,1,,
48,1405,10,455,10967,1,,
220,882,2,375,10971,1,,
207,127,8,419,10977,1,,
207,506,4,443,10977,1,,
207,102,8,443,10977,1,,
205,505,2,259,10978,1,,
13,429,9,433,10980,1,,
362,1003,6,433,10994,1,,
362,85,4,433,10994,1,,
275,48,6,419,11004,1,,
275,171,6,419,11004,1,,
275,131,7,443,11004,1,,
89,193,2,433,11006,1,,
89,2,6,435,11006,1,,
18,57,1,383,11025,1,,
18,0,9,428,11025,1,,
18,85,4,443,11025,1,,
211,637,6,433,11031,1,,
80,2,4,460,11037,1,,
86,21,5,443,11048,1,,
86,21,10,419,11048,1,,
302,108,6,402,11058,1,,
302,706,8,397,11058,1,,
182,487,4,66,11063,1,,
182,46,5,383,11063,1,,
345,30,2,337,11068,1,,
345,111,4,436,11068,1,,
288,50,7,386,11079,1,,
288,692,7,386,11079,1,,
365,14,9,419,11083,1,,
365,85,4,443,11083,1,,
66,545,7,419,11095,1,,
216,321,10,432,11096,1,,
159,478,4,455,11108,1,,
237,898,7,419,11108,1,,
32,18,7,432,11108,1,,
269,1257,3,382,11113,1,,
269,-1,-1,-999,11114,2,stockout,
214,77,6,386,11120,1,,
106,799,7,443,11121,1,,
5,0,3,435,11124,1,,
179,262,1,401,11130,1,,
179,125,2,433,11130,1,,
353,1335,7,432,11133,1,,
127,811,1,250,11134,1,,
127,3,6,419,11134,1,,
127,-1,-1,-999,11134,2,stockout,
284,1272,2,433,11138,1,,
284,-1,-1,-999,11138,2,stockout,
306,52,4,386,11158,1,,
153,43,7,450,11160,1,,
206,212,6,448,11169,1,,
318,110,2,433,11175,1,,
209,164,4,432,11181,1,,
373,143,6,443,11181,1,,
236,168,2,435,11200,1,,
328,180,5,419,11213,1,,
229,890,1,337,11220,1,,
208,76,6,466,11222,1,,
208,76,6,467,11222,1,,
208,7,7,467,11222,1,,
275,1623,6,388,11239,1,,
38,34,5,419,11249,1,,
226,77,1,386,11255,1,,
226,266,6,466,11255,1,,
226,47,9,466,11255,1,,
226,7,8,466,11255,1,,
3,143,4,443,11258,1,,
314,53,8,446,11264,1,,
172,45,4,419,11269,1,,
142,1141,4,383,11278,1,,
302,108,1,337,11285,1,,
302,-1,-1,-999,11285,2,stockout,
215,77,4,419,11291,1,,
170,259,2,467,11293,1,,
170,224,1,461,11293,1,,
170,72,10,456,11293,1,,
170,203,5,230,11293,1,,
170,6,10,230,11293,1,,
0,425,10,464,11323,1,,
171,259,8,467,11325,1,,
171,157,5,461,11325,1,,
171,224,10,461,11325,1,,
17,118,6,464,11333,1,,
66,1070,9,255,11353,1,,
86,2,5,230,11358,1,,
86,2,6,466,11358,1,,
86,2,1,461,11358,1,,
86,240,10,467,11358,1,,
86,21,2,230,11358,1,,
30,1,6,464,11359,1,,
256,916,4,419,11362,1,,
133,41,8,470,11383,1,,
23,182,9,466,11389,1,,
23,17,10,461,11389,1,,
23,0,3,456,11389,1,,
342,56,6,445,11390,1,,
342,284,4,453,11390,1,,
342,84,7,453,11390,1,,
11,1025,8,445,11405,1,,
336,29,6,461,11418,1,,
336,110,8,456,11418,1,,
336,282,7,230,11418,1,,
13,17,9,445,11420,1,,
40,34,4,445,11443,1,,
40,148,4,445,11443,1,,
40,186,8,453,11443,1,,
151,42,6,466,11444,1,,
151,834,12,461,11444,1,,
262,104,4,428,11450,1,,
329,11,11,473,11461,1,,
186,317,3,419,11468,1,,
288,1276,12,461,11472,1,,
288,50,2,230,11472,1,,
288,278,6,230,11472,1,,
41,148,4,445,11477,1,,
41,186,6,473,11477,1,,
376,143,1,443,11483,1,,
103,197,3,383,11492,1,,
210,507,8,230,11497,1,,
210,102,9,230,11497,1,,
343,284,1,443,11500,1,,
353,1335,2,419,11519,1,,
89,2,5,461,11530,1,,
89,447,12,459,11530,1,,
89,241,7,459,11530,1,,
346,12,10,187,11532,1,,
346,285,5,187,11532,1,,
346,85,4,187,11532,1,,
346,30,5,187,11532,1,,
346,56,8,477,11532,1,,
142,825,5,469,11548,1,,
368,289,1,207,11562,1,,
368,56,8,466,11562,1,,
368,113,4,461,11562,1,,
368,230,10,459,11562,1,,
252,394,5,421,11570,1,,
42,148,2,445,11577,1,,
42,1,3,187,11577,1,,
42,19,10,187,11577,1,,
42,88,9,187,11577,1,,
42,59,10,187,11577,1,,
125,40,4,230,11585,1,,
125,574,12,230,11585,1,,
229,267,3,453,11603,1,,
229,890,11,187,11603,1,,
229,77,4,187,11603,1,,
291,133,9,461,11609,1,,
291,8,7,459,11609,1,,
128,3,10,485,11611,1,,
127,811,1,250,11617,1,,
127,-1,-1,-999,11617,2,stockout,
12,0,1,453,11627,1,,
12,739,11,187,11627,1,,
12,57,4,187,11627,1,,
12,85,1,187,11627,1,,
305,83,10,461,11632,1,,
305,9,6,459,11632,1,,
153,43,2,445,11648,1,,
153,5,12,187,11648,1,,
9,116,8,467,11651,1,,
9,0,4,456,11651,1,,
9,-1,-1,-999,11651,2,global,
25,183,6,473,11667,1,,
25,17,6,187,11667,1,,
102,38,8,481,11669,1,,
35,18,6,230,11670,1,,
35,18,6,456,11670,1,,
39,34,12,426,11686,1,,
245,80,11,230,11687,1,,
318,110,4,481,11692,1,,
232,78,6,481,11704,1,,
332,726,12,187,11704,1,,
333,727,11,230,11704,1,,
332,-1,-1,-999,11705,2,stockout,
6,15,4,453,11722,1,,
6,32,3,187,11722,1,,
6,57,4,187,11722,1,,
336,29,6,459,11728,1,,
336,282,10,459,11728,1,,
256,273,10,187,11738,1,,
315,10,10,459,11744,1,,
51,765,9,440,11744,1,,
51,60,5,440,11744,1,,
308,1292,2,481,11751,1,,
234,647,10,187,11757,1,,
157,255,7,230,11771,1,,
157,71,2,230,11771,1,,
149,373,12,440,11781,1,,
149,832,9,474,11781,1,,
130,312,5,466,11786,1,,
130,578,4,461,11786,1,,
130,-1,-1,-999,11786,2,stockout,
13,740,9,453,11790,1,,
13,146,10,489,11790,1,,
162,44,5,474,11803,1,,
162,5,10,488,11803,1,,
41,237,8,187,11811,1,,
344,138,10,187,11828,1,,
247,328,3,230,11831,1,,
247,271,6,484,11831,1,,
52,35,7,474,11833,1,,
52,189,8,381,11833,1,,
52,357,6,381,11833,1,,
99,22,8,187,11847,1,,
194,495,8,461,11855,1,,
147,314,8,381,11857,1,,
147,472,9,381,11857,1,,
53,89,8,466,11869,1,,
141,41,2,453,11872,1,,
141,824,6,187,11872,1,,
27,0,6,381,11879,1,,
27,437,9,381,11879,1,,
28,0,1,456,11882,1,,
28,527,7,230,11882,1,,
28,-1,-1,-999,11883,2,stockout,
206,212,6,230,11895,1,,
206,874,1,230,11895,1,,
94,243,9,474,11900,1,,
94,65,5,381,11900,1,,
298,175,11,476,11901,1,,
348,13,7,467,11912,1,,
60,773,10,462,11917,1,,
305,1653,8,453,11920,1,,
305,279,4,187,11920,1,,
116,308,7,466,11925,1,,
316,10,5,462,11933,1,,
316,10,5,440,11933,1,,
30,18,6,456,11948,1,,
375,1014,10,440,11950,1,,
113,306,8,454,11960,1,,
183,205,9,486,11974,1,,
184,856,8,187,11974,1,,
280,685,6,230,11982,1,,
174,158,8,187,11989,1,,
266,131,5,440,11990,1,,
266,170,4,381,11990,1,,
106,245,8,474,12004,1,,
267,219,7,187,12004,1,,
179,1534,2,230,12005,1,,
179,45,4,459,12005,1,,
86,360,7,476,12017,1,,
365,229,6,187,12030,1,,
350,286,11,482,12033,1,,
6,294,6,454,12041,1,,
217,321,4,466,12042,1,,
190,207,8,440,12049,1,,
284,1272,5,433,12052,1,,
92,194,8,471,12063,1,,
225,266,4,466,12072,1,,
180,262,7,381,12079,1,,
310,412,3,466,12080,1,,
38,34,5,476,12087,1,,
277,49,2,386,12092,1,,
306,83,4,381,12095,1,,
306,9,4,486,12095,1,,
51,765,2,456,12108,1,,
344,138,10,381,12111,1,,
121,310,2,467,12115,1,,
353,226,5,187,12115,1,,
65,544,5,445,12126,1,,
62,542,2,386,12130,1,,
105,563,6,440,12139,1,,
27,1385,4,461,12139,1,,
228,1218,4,445,12160,1,,
228,77,1,187,12160,1,,
293,951,4,187,12170,1,,
56,769,6,381,12176,1,,
161,479,5,381,12188,1,,
127,811,1,250,12198,1,,
127,66,4,381,12198,1,,
127,-1,-1,-999,12199,2,stockout,
128,25,4,440,12208,1,,
205,384,1,187,12210,1,,
205,873,3,187,12210,1,,
69,782,2,187,12217,1,,
348,31,4,500,12220,1,,
333,977,5,440,12224,1,,
130,578,2,461,12227,1,,
28,527,1,230,12239,1,,
331,55,6,512,12240,1,,
67,150,7,497,12241,1,,
67,61,5,472,12241,1,,
267,170,4,381,12249,1,,
6,0,8,501,12257,1,,
6,-1,-1,-999,12257,2,global,
224,389,12,497,12259,1,,
237,168,3,453,12267,1,,
269,1257,3,382,12275,1,,
317,10,4,440,12276,1,,
214,320,2,453,12287,1,,
0,85,4,513,12288,1,,
117,3,5,494,12302,1,,
117,24,6,494,12302,1,,
7,0,4,511,12320,1,,
184,205,2,444,12321,1,,
3,85,2,513,12326,1,,
307,176,6,495,12343,1,,
255,48,9,494,12347,1,,
203,74,4,511,12353,1,,
163,6,7,494,12360,1,,
8,426,5,495,12364,1,,
212,509,3,495,12372,1,,
198,74,2,381,12372,1,,
293,951,7,457,12374,1,,
287,691,8,494,12390,1,,
62,1419,2,187,12393,1,,
58,20,2,479,12418,1,,
51,765,2,381,12425,1,,
180,46,6,496,12430,1,,
180,615,6,496,12430,1,,
304,109,9,519,12435,1,,
151,254,1,494,12443,1,,
290,50,11,496,12450,1,,
290,173,4,496,12450,1,,
129,96,9,521,12450,1,,
56,1413,4,424,12460,1,,
349,13,10,496,12464,1,,
288,8,6,509,12469,1,,
288,947,6,509,12469,1,,
69,782,11,416,12480,1,,
54,36,10,451,12486,1,,
348,992,8,475,12490,1,,
348,286,6,517,12490,1,,
306,52,1,505,12491,1,,
372,15,7,496,12502,1,,
372,423,2,496,12502,1,,
371,142,3,492,12522,1,,
371,114,10,491,12522,1,,
302,51,8,517,12527,1,,
250,47,8,496,12536,1,,
366,14,10,483,12552,1,,
267,219,9,494,12554,1,,
130,96,11,516,12558,1,,
173,260,7,496,12565,1,,
11,117,7,516,12571,1,,
257,217,7,451,12577,1,,
226,216,8,516,12585,1,,
284,400,8,451,12591,1,,
268,170,4,491,12599,1,,
268,81,1,504,12599,1,,
370,14,2,483,12611,1,,
370,14,6,384,12611,1,,
152,254,6,451,12614,1,,
225,887,5,516,12616,1,,
225,47,5,499,12616,1,,
225,7,6,499,12616,1,,
225,389,6,499,12616,1,,
196,1194,7,451,12626,1,,
10,145,5,451,12637,1,,
46,1053,5,384,12640,1,,
308,956,12,499,12644,1,,
308,109,8,525,12644,1,,
287,1635,8,451,12651,1,,
351,111,5,499,12667,1,,
351,32,10,499,12667,1,,
163,480,10,396,12667,1,,
42,442,3,496,12671,1,,
42,1,8,532,12671,1,,
269,170,4,491,12678,1,,
223,265,9,190,12682,1,,
369,342,5,504,12686,1,,
91,21,7,499,12688,1,,
91,555,7,499,12688,1,,
175,260,3,496,12704,1,,
175,72,6,425,12704,1,,
12,33,3,499,12708,1,,
12,16,10,529,12708,1,,
147,200,3,496,12710,1,,
146,42,4,508,12715,1,,
146,154,5,514,12715,1,,
7,516,6,425,12722,1,,
81,20,2,516,12724,1,,
81,2,8,529,12724,1,,
116,805,5,451,12729,1,,
148,5,5,425,12735,1,,
123,572,8,499,12740,1,,
123,154,2,525,12740,1,,
37,34,4,425,12742,1,,
83,192,7,506,12776,1,,
83,153,11,420,12776,1,,
83,20,8,420,12776,1,,
158,5,10,533,12786,1,,
158,124,6,533,12786,1,,
310,1294,9,520,12787,1,,
61,774,2,525,12792,1,,
61,300,8,420,12792,1,,
61,-1,-1,-999,12793,2,stockout,
366,1006,5,294,12795,1,,
343,987,4,514,12801,1,,
343,84,5,533,12801,1,,
176,45,10,499,12808,1,,
264,48,4,190,12815,1,,
264,104,4,514,12815,1,,
184,7,2,530,12824,1,,
184,161,7,529,12824,1,,
318,10,9,523,12825,1,,
186,161,6,533,12827,1,,
205,127,4,514,12836,1,,
370,342,9,538,12838,1,,
311,177,6,525,12845,1,,
162,598,2,451,12846,1,,
162,124,3,533,12846,1,,
41,34,3,425,12848,1,,
41,19,4,523,12848,1,,
27,437,4,190,12855,1,,
113,565,6,516,12856,1,,
295,1643,9,526,12861,1,,
375,143,4,508,12864,1,,
375,-1,-1,-999,12865,2,stockout,
286,107,6,499,12868,1,,
42,34,1,425,12880,1,,
42,442,11,520,12880,1,,
206,127,10,522,12881,1,,
130,578,4,499,12895,1,,
130,-1,-1,-999,12895,2,stockout,
347,111,5,499,12905,1,,
204,384,8,526,12909,1,,
287,402,10,190,12913,1,,
309,1293,4,425,12921,1,,
309,109,4,526,12921,1,,
156,5,2,516,12937,1,,
156,255,2,499,12937,1,,
276,936,6,526,12945,1,,
319,178,5,541,12953,1,,
6,116,3,499,12955,1,,
352,287,3,190,12956,1,,
131,370,4,528,12968,1,,
131,25,3,528,12968,1,,
260,104,2,514,12974,1,,
330,55,7,520,12979,1,,
374,143,2,520,12989,1,,
374,32,5,526,12989,1,,
154,124,1,533,13005,1,,
160,201,11,394,13012,1,,
160,841,12,394,13012,1,,
160,43,10,394,13012,1,,
199,74,1,381,13015,1,,
170,125,4,520,13023,1,,
207,76,5,394,13031,1,,
207,7,7,394,13031,1,,
329,11,8,536,13036,1,,
201,126,2,543,13045,1,,
171,125,4,520,13047,1,,
127,811,1,250,13051,1,,
127,-1,-1,-999,13051,2,stockout,
344,988,3,496,13053,1,,
124,66,1,524,13064,1,,
277,221,3,394,13066,1,,
277,28,8,429,13066,1,,
277,1265,6,429,13066,1,,
277,49,9,429,13066,1,,
277,-1,-1,-999,13067,2,stockout,
94,243,3,526,13070,1,,
271,170,2,491,13095,1,,
159,71,12,376,13097,1,,
159,5,10,429,13097,1,,
342,284,12,515,13112,1,,
85,63,4,394,13124,1,,
85,240,6,429,13124,1,,
85,92,9,429,13124,1,,
82,358,1,496,13130,1,,
82,92,12,540,13130,1,,
69,61,7,539,13134,1,,
12,33,2,523,13134,1,,
262,274,6,539,13145,1,,
14,0,4,394,13149,1,,
14,57,2,429,13149,1,,
14,57,4,376,13149,1,,
14,117,7,376,13149,1,,
258,274,2,539,13152,1,,
64,543,6,394,13170,1,,
64,90,7,376,13170,1,,
64,90,1,429,13170,1,,
129,370,2,528,13192,1,,
129,249,7,394,13192,1,,
129,96,6,429,13192,1,,
133,41,10,542,13194,1,,
269,82,8,540,13211,1,,
57,20,12,542,13213,1,,
63,90,6,429,13218,1,,
63,190,12,545,13218,1,,
375,143,6,520,13220,1,,
375,-1,-1,-999,13220,2,stockout,
318,716,5,540,13236,1,,
223,7,12,542,13239,1,,
223,265,6,542,13239,1,,
98,196,5,394,13239,1,,
98,448,6,394,13239,1,,
98,21,3,376,13239,1,,
265,335,5,542,13249,1,,
275,7,2,463,13252,1,,
275,105,8,463,13252,1,,
33,753,12,376,13258,1,,
341,30,10,463,13266,1,,
44,35,4,542,13270,1,,
44,1,10,548,13270,1,,
301,338,10,429,13274,1,,
166,258,8,463,13278,1,,
24,1037,8,394,13288,1,,
22,235,9,359,13295,1,,
214,128,5,537,13298,1,,
214,47,10,437,13298,1,,
214,320,5,437,13298,1,,
86,552,10,548,13319,1,,
86,21,4,437,13319,1,,
373,290,6,359,13323,1,,
373,15,10,549,13323,1,,
373,231,6,549,13323,1,,
55,189,6,437,13338,1,,
55,768,6,413,13338,1,,
55,-1,-1,-999,13338,2,stockout,
148,69,8,394,13349,1,,
78,1081,7,359,13360,1,,
78,38,12,447,13360,1,,
130,578,6,499,13365,1,,
130,370,4,528,13365,1,,
130,-1,-1,-999,13365,2,stockout,
87,21,12,413,13376,1,,
135,4,8,394,13379,1,,
345,30,2,463,13381,1,,
345,30,6,359,13381,1,,
345,12,8,447,13381,1,,
19,349,1,499,13391,1,,
19,0,3,394,13391,1,,
19,57,3,376,13391,1,,
46,446,10,437,13392,1,,
346,420,7,394,13404,1,,
102,94,4,549,13407,1,,
102,22,5,535,13407,1,,
102,196,11,535,13407,1,,
88,361,9,546,13408,1,,
374,1013,1,525,13423,1,,
374,114,6,394,13423,1,,
5,15,2,549,13424,1,,
5,144,10,547,13424,1,,
113,306,9,437,13426,1,,
104,39,1,429,13435,1,,
104,197,5,429,13435,1,,
342,30,6,359,13440,1,,
342,11,6,547,13440,1,,
246,271,4,437,13441,1,,
246,656,5,413,13441,1,,
119,570,6,394,13447,1,,
370,289,4,447,13457,1,,
370,1009,8,447,13457,1,,
205,127,8,437,13483,1,,
286,107,6,394,13488,1,,
277,105,3,463,13496,1,,
277,171,6,447,13496,1,,
277,49,2,535,13496,1,,
9,518,8,413,13497,1,,
112,457,5,359,13507,1,,
112,306,3,549,13507,1,,
112,-1,-1,-999,13508,2,stockout,
57,770,9,437,13512,1,,
347,139,7,535,13518,1,,
167,203,9,535,13531,1,,
172,259,6,394,13533,1,,
368,113,6,437,13544,1,,
368,14,3,493,13544,1,,
315,963,6,394,13544,1,,
89,303,8,493,13558,1,,
275,680,6,447,13558,1,,
275,680,9,359,13558,1,,
357,227,1,394,13569,1,,
357,112,5,376,13569,1,,
29,749,6,548,13573,1,,
29,184,3,493,13573,1,,
269,220,4,394,13578,1,,
375,143,4,520,13579,1,,
375,290,3,359,13579,1,,
166,482,7,545,13591,1,,
263,334,8,437,13611,1,,
117,39,4,429,13615,1,,
261,218,6,549,13624,1,,
319,10,8,437,13625,1,,
238,168,4,528,13628,1,,
180,316,6,549,13636,1,,
12,1026,3,527,13636,1,,
6,0,7,558,13638,1,,
116,567,6,535,13647,1,,
105,23,1,493,13651,1,,
105,23,6,437,13651,1,,
203,503,5,447,13664,1,,
42,34,3,499,13670,1,,
42,-1,-1,-999,13670,2,stockout,
343,12,6,548,13676,1,,
334,29,5,359,13676,1,,
146,829,3,394,13678,1,,
171,6,4,493,13690,1,,
171,607,3,493,13690,1,,
113,306,3,549,13697,1,,
113,3,8,565,13697,1,,
127,811,1,250,13702,1,,
127,95,4,437,13702,1,,
127,95,1,558,13702,1,,
127,-1,-1,-999,13702,2,stockout,
255,1245,5,547,13724,1,,
61,774,3,525,13728,1,,
124,95,5,558,13740,1,,
36,34,2,499,13749,1,,
147,42,4,540,13756,1,,
155,43,1,520,13765,1,,
155,1154,3,540,13765,1,,
155,-1,-1,-999,13765,2,stockout,
62,190,9,553,13766,1,,
287,402,2,447,13771,1,,
39,34,2,499,13773,1,,
154,475,2,437,13775,1,,
154,5,2,437,13775,1,,
242,327,5,493,13786,1,,
277,1265,2,429,13792,1,,
371,289,2,447,13796,1,,
243,327,5,493,13797,1,,
68,91,4,493,13807,1,,
174,158,11,569,13815,1,,
269,275,3,548,13824,1,,
49,239,9,569,13830,1,,
28,148,1,447,13830,1,,
57,20,10,570,13846,1,,
19,1378,3,558,13865,1,,
34,18,9,544,13876,1,,
112,306,2,549,13883,1,,
109,1110,8,399,13883,1,,
109,154,4,399,13883,1,,
55,768,2,413,13892,1,,
131,579,6,399,13894,1,,
227,167,9,544,13898,1,,
288,132,4,566,13907,1,,
365,113,2,437,13913,1,,
318,110,12,564,13926,1,,
336,282,12,559,13928,1,,
247,328,1,542,13930,1,,
375,143,2,508,13936,1,,
375,-1,-1,-999,13937,2,stockout,
284,50,4,564,13947,1,,
284,688,4,352,13947,1,,
284,8,6,352,13947,1,,
53,189,2,399,13950,1,,
53,189,5,559,13950,1,,
53,89,8,559,13950,1,,
286,107,6,559,13962,1,,
232,325,5,352,13970,1,,
232,167,7,352,13970,1,,
232,7,4,352,13970,1,,
314,53,4,399,13988,1,,
314,84,6,560,13988,1,,
314,279,8,560,13988,1,,
105,1462,2,540,13995,1,,
105,23,5,564,13995,1,,
105,197,10,352,13995,1,,
233,325,10,560,14004,1,,
363,141,6,567,14006,1,,
8,0,8,564,14014,1,,
8,0,4,352,14014,1,,
176,261,6,567,14019,1,,
130,578,1,499,14024,1,,
130,96,5,560,14024,1,,
130,40,7,560,14024,1,,
64,37,11,352,14031,1,,
167,72,8,116,14033,1,,
275,935,6,567,14045,1,,
248,81,10,564,14048,1,,
3,15,8,560,14054,1,,
367,113,10,116,14061,1,,
276,276,6,587,14073,1,,
113,3,12,578,14073,1,,
48,188,3,352,14084,1,,
48,1,10,583,14084,1,,
48,148,4,583,14084,1,,
173,377,4,570,14087,1,,
173,125,4,578,14087,1,,
374,15,4,116,14088,1,,
374,290,5,116,14088,1,,
174,610,12,399,14111,1,,
174,125,4,578,14111,1,,
246,80,4,352,14115,1,,
246,656,8,583,14115,1,,
246,47,9,586,14115,1,,
376,1015,4,507,14115,1,,
376,15,10,507,14115,1,,
135,251,6,560,14122,1,,
218,1208,6,116,14138,1,,
218,47,6,574,14138,1,,
28,437,5,352,14143,1,,
28,0,5,352,14143,1,,
11,117,6,578,14145,1,,
349,111,2,499,14162,1,,
349,13,4,570,14162,1,,
106,2,6,576,14163,1,,
106,23,7,405,14163,1,,
337,137,6,583,14181,1,,
337,222,5,405,14181,1,,
183,1538,6,570,14183,1,,
179,262,8,423,14192,1,,
179,72,10,423,14192,1,,
179,125,2,423,14192,1,,
41,237,5,559,14194,1,,
287,946,6,583,14197,1,,
287,50,4,405,14197,1,,
136,251,4,560,14206,1,,
288,692,11,576,14221,1,,
288,403,5,583,14221,1,,
222,166,4,399,14222,1,,
204,47,12,423,14230,1,,
204,75,8,423,14230,1,,
204,264,8,423,14230,1,,
371,14,10,352,14237,1,,
318,178,10,352,14253,1,,
149,474,12,423,14253,1,,
149,588,4,423,14253,1,,
165,1163,9,352,14268,1,,
249,910,4,570,14269,1,,
184,205,9,574,14273,1,,
184,125,4,423,14273,1,,
168,483,8,352,14285,1,,
297,701,2,570,14293,1,,
160,43,2,574,14294,1,,
160,1158,12,423,14294,1,,
166,482,3,399,14301,1,,
200,74,2,499,14308,1,,
180,160,8,405,14309,1,,
156,43,6,574,14318,1,,
156,201,10,555,14318,1,,
203,74,2,499,14334,1,,
240,131,2,423,14338,1,,
240,79,11,423,14338,1,,
262,1252,6,583,14347,1,,
137,41,6,507,14355,1,,
137,467,5,423,14355,1,,
210,164,7,586,14370,1,,
22,119,3,423,14372,1,,
22,0,8,423,14372,1,,
112,306,4,544,14379,1,,
112,39,2,583,14379,1,,
182,7,11,599,14387,1,,
182,100,11,599,14387,1,,
181,125,4,423,14390,1,,
181,262,7,591,14390,1,,
114,307,6,600,14398,1,,
39,19,9,423,14405,1,,
6,0,5,405,14406,1,,
87,1090,2,525,14408,1,,
87,121,12,599,14408,1,,
130,464,4,564,14413,1,,
334,281,6,116,14426,1,,
334,418,3,507,14426,1,,
324,54,12,599,14427,1,,
205,631,2,429,14434,1,,
30,1043,8,423,14440,1,,
282,106,4,583,14442,1,,
88,241,5,604,14444,1,,
335,979,6,599,14455,1,,
100,1101,4,405,14464,1,,
183,46,4,600,14471,1,,
359,14,2,399,14479,1,,
147,98,2,405,14488,1,,
147,68,8,490,14488,1,,
147,373,2,490,14488,1,,
276,105,8,423,14488,1,,
314,1662,8,507,14503,1,,
163,6,10,607,14511,1,,
308,411,8,574,14518,1,,
360,14,2,399,14518,1,,
256,273,1,499,14523,1,,
99,365,6,423,14536,1,,
299,338,1,429,14539,1,,
42,187,6,490,14546,1,,
42,1,5,490,14546,1,,
226,1580,7,423,14549,1,,
216,386,4,544,14560,1,,
216,77,6,490,14560,1,,
10,16,6,574,14561,1,,
248,1602,8,490,14572,1,,
177,1175,6,423,14572,1,,
177,-1,-1,-999,14572,2,stockout,
228,103,2,490,14582,1,,
228,77,5,490,14582,1,,
336,29,1,584,14582,1,,
209,76,6,490,14591,1,,
321,179,6,573,14594,1,,
303,954,6,116,14596,1,,
317,10,6,507,14608,1,,
322,719,6,602,14620,1,,
137,1493,11,468,14626,1,,
90,2,5,490,14629,1,,
340,1324,6,423,14637,1,,
81,794,4,583,14639,1,,
81,550,2,490,14639,1,,
81,-1,-1,-999,14639,2,stockout,
112,306,6,490,14648,1,,
122,39,5,423,14660,1,,
357,112,10,601,14661,1,,
182,263,12,490,14667,1,,
187,317,4,534,14674,1,,
312,10,2,534,14679,1,,
193,317,2,534,14685,1,,
254,914,5,116,14693,1,,
146,68,1,490,14693,1,,
146,42,6,592,14693,1,,
192,101,8,400,14700,1,,
169,605,6,592,14703,1,,
292,173,10,404,14714,1,,
75,62,6,592,14718,1,,
375,143,1,508,14723,1,,
375,290,3,116,14723,1,,
375,15,1,507,14723,1,,
125,574,10,404,14728,1,,
376,1015,5,574,14733,1,,
148,69,4,591,14743,1,,
332,55,9,404,14750,1,,
172,608,4,490,14754,1,,
210,877,4,490,14761,1,,
58,1415,4,423,14764,1,,
76,62,6,404,14770,1,,
105,563,4,405,14777,1,,
277,105,3,423,14788,1,,
42,34,8,590,14789,1,,
128,312,10,613,14794,1,,
228,641,7,614,14805,1,,
72,91,2,423,14814,1,,
126,66,3,563,14820,1,,
126,66,9,554,14820,1,,
38,1395,2,116,14821,1,,
55,1062,6,608,14832,1,,
27,87,6,610,14838,1,,
291,133,6,613,14857,1,,
175,125,2,423,14860,1,,
241,1595,5,610,14864,1,,
112,39,3,423,14868,1,,
112,-1,-1,-999,14868,2,stockout,
159,124,6,562,14873,1,,
113,39,2,423,14879,1,,
204,75,1,404,14880,1,,
204,211,10,579,14880,1,,
354,226,6,609,14889,1,,
107,2,10,610,14897,1,,
107,23,8,610,14897,1,,
334,29,3,405,14903,1,,
155,1154,2,540,14911,1,,
77,1,4,613,14913,1,,
77,302,6,613,14913,1,,
77,62,8,609,14913,1,,
136,26,10,589,14920,1,,
286,107,8,619,14935,1,,
286,8,9,619,14935,1,,
174,260,2,564,14939,1,,
294,1280,4,589,14943,1,,
294,-1,-1,-999,14944,2,stockout,
157,124,1,562,14947,1,,
43,35,8,619,14947,1,,
166,602,4,404,14954,1,,
138,4,11,577,14961,1,,
120,24,6,579,14963,1,,
111,24,1,579,14967,1,,
87,1444,2,404,14986,1,,
108,800,1,562,14995,1,,
108,23,8,518,14995,1,,
9,0,6,577,14997,1,,
212,77,1,490,14998,1,,
151,70,10,605,15001,1,,
295,1280,4,589,15024,1,,
357,1339,8,328,15024,1,,
169,484,4,423,15033,1,,
177,1175,2,423,15039,1,,
154,99,6,328,15046,1,,
335,29,4,518,15053,1,,
42,34,1,499,15053,1,,
42,59,9,605,15053,1,,
12,16,4,616,15054,1,,
12,33,2,616,15054,1,,
202,502,7,605,15064,1,,
202,-1,-1,-999,15064,2,stockout,
229,890,10,616,15070,1,,
178,159,4,518,15078,1,,
6,57,6,605,15084,1,,
81,2,10,616,15087,1,,
214,320,2,423,15093,1,,
255,48,6,452,15099,1,,
255,131,10,571,15099,1,,
345,139,2,423,15104,1,,
156,593,6,510,15118,1,,
156,155,8,571,15118,1,,
369,113,2,116,15131,1,,
369,-1,-1,-999,15131,2,stockout,
163,6,4,605,15134,1,,
163,257,5,625,15134,1,,
163,44,6,625,15134,1,,
163,314,6,625,15134,1,,
82,153,12,510,15134,1,,
234,78,10,510,15148,1,,
96,2,4,605,15158,1,,
96,2,8,625,15158,1,,
96,65,6,625,15158,1,,
195,1550,9,452,15161,1,,
18,57,4,605,15165,1,,
343,12,2,612,15182,1,,
8,517,6,575,15186,1,,
8,234,10,575,15186,1,,
75,92,4,625,15193,1,,
265,170,1,507,15208,1,,
265,-1,-1,-999,15209,2,stockout,
263,170,1,507,15214,1,,
280,172,10,551,15224,1,,
280,685,12,551,15224,1,,
157,594,9,328,15227,1,,
157,594,12,452,15227,1,,
256,48,9,625,15239,1,,
120,1120,10,452,15241,1,,
199,74,1,116,15251,1,,
112,39,1,423,15256,1,,
77,790,12,328,15258,1,,
67,1,5,551,15263,1,,
67,545,11,551,15263,1,,
170,606,8,571,15269,1,,
107,800,8,562,15281,1,,
150,155,6,575,15285,1,,
150,98,9,551,15285,1,,
365,113,1,574,15289,1,,
191,1546,3,625,15306,1,,
191,46,10,551,15306,1,,
363,141,10,637,15317,1,,
177,261,4,328,15319,1,,
177,377,6,510,15319,1,,
127,811,1,250,15323,1,,
127,-1,-1,-999,15323,2,stockout,
88,21,6,575,15332,1,,
88,64,6,551,15332,1,,
122,311,8,571,15352,1,,
294,1280,4,589,15358,1,,
294,-1,-1,-999,15358,2,stockout,
10,519,9,551,15361,1,,
10,85,2,551,15361,1,,
81,550,6,490,15361,1,,
81,-1,-1,-999,15361,2,stockout,
113,565,6,328,15372,1,,
286,107,10,253,15374,1,,
59,299,10,575,15378,1,,
41,237,7,571,15383,1,,
336,29,3,518,15389,1,,
196,209,9,253,15390,1,,
204,75,9,551,15393,1,,
104,367,8,253,15410,1,,
260,274,6,551,15422,1,,
162,375,2,605,15443,1,,
162,44,5,551,15443,1,,
48,188,3,510,15447,1,,
323,179,7,253,15451,1,,
13,33,6,636,15455,1,,
166,203,6,639,15462,1,,
247,328,7,253,15464,1,,
43,35,6,551,15472,1,,
106,245,6,253,15475,1,,
305,9,2,518,15480,1,,
167,72,9,640,15492,1,,
369,113,7,574,15499,1,,
348,31,6,551,15500,1,,
111,305,4,412,15509,1,,
175,260,1,564,15521,1,,
175,-1,-1,-999,15521,2,stockout,
230,643,4,253,15525,1,,
291,173,4,575,15527,1,,
108,2,2,465,15544,1,,
108,23,10,465,15544,1,,
302,108,3,605,15546,1,,
304,136,4,634,15560,1,,
304,109,6,465,15560,1,,
282,278,5,649,15569,1,,
334,281,2,619,15574,1,,
334,-1,-1,-999,15574,2,stockout,
189,1187,3,649,15575,1,,
238,1228,2,625,15582,1,,
306,136,10,624,15589,1,,
306,109,10,624,15589,1,,
307,83,11,649,15590,1,,
24,236,3,649,15602,1,,
368,422,8,465,15605,1,,
368,14,2,465,15605,1,,
308,52,2,551,15606,1,,
10,519,3,571,15608,1,,
299,51,6,649,15620,1,,
242,652,9,624,15621,1,,
351,995,2,551,15626,1,,
245,80,8,624,15635,1,,
128,25,4,631,15661,1,,
300,135,6,621,15665,1,,
98,2,6,465,15670,1,,
98,93,1,465,15670,1,,
211,128,8,631,15682,1,,
144,252,12,620,15693,1,,
336,29,1,631,15694,1,,
229,390,10,644,15700,1,,
102,94,7,644,15714,1,,
228,103,7,624,15728,1,,
260,1614,7,645,15731,1,,
11,145,10,561,15738,1,,
11,295,12,561,15738,1,,
163,202,6,465,15748,1,,
75,152,12,648,15749,1,,
145,252,12,391,15757,1,,
101,122,6,627,15760,1,,
129,25,5,645,15760,1,,
265,170,4,507,15771,1,,
265,48,2,465,15771,1,,
265,-1,-1,-999,15771,2,stockout,
161,597,9,561,15772,1,,
147,472,12,648,15778,1,,
59,299,5,571,15782,1,,
140,41,8,648,15797,1,,
140,585,4,498,15797,1,,
81,550,4,490,15816,1,,
81,62,4,561,15816,1,,
164,257,8,648,15816,1,,
164,376,4,655,15816,1,,
214,214,4,561,15825,1,,
146,471,1,561,15830,1,,
264,672,12,498,15835,1,,
301,175,6,624,15846,1,,
302,108,4,649,15853,1,,
302,-1,-1,-999,15853,2,stockout,
84,63,5,644,15859,1,,
230,217,6,648,15861,1,,
230,103,4,648,15861,1,,
230,47,4,635,15861,1,,
5,1021,3,561,15868,1,,
369,14,4,465,15868,1,,
311,1295,6,644,15880,1,,
283,8,5,659,15882,1,,
10,1369,6,465,15892,1,,
10,-1,-1,-999,15892,2,stockout,
85,193,11,635,15894,1,,
51,357,3,253,15903,1,,
304,109,9,498,15910,1,,
82,63,3,644,15912,1,,
175,260,1,564,15917,1,,
195,209,3,253,15920,1,,
263,334,9,635,15925,1,,
334,281,8,619,15953,1,,
334,29,4,648,15953,1,,
334,29,5,631,15953,1,,
334,55,3,655,15953,1,,
295,699,2,644,15955,1,,
295,-1,-1,-999,15955,2,stockout,
300,704,12,620,15963,1,,
346,990,9,498,15968,1,,
30,1,10,552,15987,1,,
30,18,6,552,15987,1,,
83,63,2,644,16003,1,,
83,92,6,572,16003,1,,
165,376,4,655,16005,1,,
165,6,9,646,16005,1,,
59,772,8,552,16013,1,,
59,1416,10,661,16013,1,,
148,98,7,655,16018,1,,
202,74,2,116,16019,1,,
91,153,6,552,16030,1,,
91,304,5,552,16030,1,,
121,95,4,646,16034,1,,
121,310,6,646,16034,1,,
54,36,8,655,16048,1,,
233,269,5,552,16050,1,,
233,131,8,661,16050,1,,
29,1387,6,498,16059,1,,
197,209,9,596,16060,1,,
197,382,4,596,16060,1,,
28,33,8,661,16079,1,,
28,87,12,656,16079,1,,
128,67,6,635,16079,1,,
39,19,6,596,16082,1,,
39,1,5,596,16082,1,,
294,174,10,552,16095,1,,
143,586,6,572,16098,1,,
143,4,4,596,16098,1,,
228,267,9,561,16110,1,,
193,101,8,596,16117,1,,
193,382,4,596,16117,1,,
180,73,3,654,16124,1,,
19,349,6,572,16129,1,,
75,152,6,498,16135,1,,
192,207,8,552,16139,1,,
372,1011,8,596,16142,1,,
23,182,4,648,16159,1,,
236,78,10,628,16161,1,,
224,1214,6,635,16170,1,,
375,143,5,596,16180,1,,
375,-1,-1,-999,16180,2,stockout,
104,367,4,596,16189,1,,
26,0,7,629,16190,1,,
26,119,8,629,16190,1,,
129,463,4,596,16199,1,,
55,149,6,663,16204,1,,
55,60,4,663,16204,1,,
55,121,6,647,16204,1,,
55,89,8,647,16204,1,,
302,108,5,649,16211,1,,
302,82,10,629,16211,1,,
175,1173,7,596,16211,1,,
183,616,9,647,16219,1,,
157,100,8,629,16228,1,,
25,183,8,647,16233,1,,
111,456,8,629,16239,1,,
0,115,8,665,16242,1,,
70,191,8,663,16246,1,,
367,230,8,629,16251,1,,
196,102,2,663,16260,1,,
196,497,6,647,16260,1,,
136,26,7,663,16273,1,,
248,658,7,629,16283,1,,
348,13,6,663,16284,1,,
300,704,6,596,16285,1,,
83,1086,1,561,16294,1,,
83,20,6,629,16294,1,,
110,1111,6,663,16296,1,,
10,1369,6,465,16305,1,,
368,230,4,596,16316,1,,
113,247,4,655,16337,1,,
113,3,2,663,16337,1,,
76,38,8,668,16338,1,,
295,699,9,644,16345,1,,
3,0,3,629,16346,1,,
3,233,2,629,16346,1,,
341,1325,4,646,16347,1,,
341,-1,-1,-999,16347,2,stockout,
144,586,3,572,16353,1,,
314,53,3,596,16361,1,,
192,382,3,596,16369,1,,
150,27,5,664,16371,1,,
225,129,4,663,16371,1,,
205,127,5,629,16379,1,,
163,376,3,655,16380,1,,
260,920,2,253,16384,1,,
265,170,2,507,16398,1,,
244,327,4,629,16401,1,,
244,271,10,653,16401,1,,
134,1490,1,465,16406,1,,
293,173,4,629,16408,1,,
299,135,4,629,16415,1,,
211,637,3,663,16425,1,,
236,1226,5,635,16436,1,,
177,204,4,658,16439,1,,
294,174,8,675,16442,1,,
258,333,2,498,16455,1,,
179,204,4,658,16460,1,,
375,143,1,596,16465,1,,
334,418,6,666,16473,1,,
4,233,9,676,16484,1,,
112,39,4,629,16491,1,,
112,-1,-1,-999,16491,2,stockout,
158,156,10,666,16494,1,,
85,63,1,644,16496,1,,
302,1287,11,648,16511,1,,
6,15,7,630,16515,1,,
58,149,2,663,16518,1,,
277,49,1,663,16526,1,,
127,811,1,250,16527,1,,
127,-1,-1,-999,16527,2,stockout,
5,144,8,674,16529,1,,
295,699,3,666,16544,1,,
295,-1,-1,-999,16545,2,stockout,
313,84,10,679,16549,1,,
330,724,2,666,16551,1,,
198,319,12,674,16554,1,,
198,264,2,674,16554,1,,
61,190,10,630,16568,1,,
74,1077,8,679,16576,1,,
74,-1,-1,-999,16576,2,stockout,
321,280,4,667,16582,1,,
325,54,12,677,16585,1,,
128,40,8,679,16594,1,,
200,163,6,677,16608,1,,
200,28,4,677,16608,1,,
200,46,8,677,16608,1,,
104,367,8,679,16614,1,,
104,-1,-1,-999,16614,2,stockout,
283,278,2,676,16622,1,,
283,8,6,677,16622,1,,
135,371,6,667,16625,1,,
301,8,6,652,16629,1,,
301,51,4,652,16629,1,,
146,42,6,630,16632,1,,
148,200,5,679,16636,1,,
217,77,6,652,16640,1,,
188,492,8,671,16654,1,,
244,1234,10,502,16657,1,,
278,49,8,652,16666,1,,
134,817,8,626,16687,1,,
175,204,2,658,16688,1,,
175,260,3,674,16688,1,,
264,672,8,374,16706,1,,
361,340,5,677,16721,1,,
204,75,9,374,16723,1,,
56,769,12,550,16728,1,,
35,1,6,374,16739,1,,
35,755,4,374,16739,1,,
35,-1,-1,-999,16740,2,stockout,
334,222,2,552,16744,1,,
334,29,2,674,16744,1,,
147,42,10,550,16750,1,,
158,477,9,593,16754,1,,
2,293,4,674,16761,1,,
55,1062,8,682,16768,1,,
343,138,2,630,16774,1,,
232,325,2,674,16778,1,,
10,0,8,550,16791,1,,
86,797,4,652,16793,1,,
86,121,6,606,16793,1,,
86,552,7,606,16793,1,,
86,-1,-1,-999,16793,2,global,
222,215,10,550,16808,1,,
279,49,7,374,16815,1,,
279,7,8,606,16815,1,,
369,56,2,688,16818,1,,
369,14,6,688,16818,1,,
313,961,8,671,16822,1,,
189,492,7,643,16835,1,,
133,4,2,688,16835,1,,
329,54,8,682,16839,1,,
329,180,8,606,16839,1,,
370,14,2,688,16843,1,,
9,0,6,685,16846,1,,
112,39,5,674,16851,1,,
38,185,7,643,16859,1,,
132,250,8,581,16873,1,,
130,67,6,681,16878,1,,
53,89,5,681,16890,1,,
341,1325,4,646,16897,1,,
341,137,10,606,16897,1,,
341,-1,-1,-999,16897,2,stockout,
165,1520,10,606,16915,1,,
41,186,4,652,16931,1,,
41,237,5,606,16931,1,,
105,368,6,606,16942,1,,
356,288,12,478,16950,1,,
356,736,7,478,16950,1,,
6,426,6,374,16954,1,,
135,818,5,673,16957,1,,
135,25,8,690,16957,1,,
265,104,4,550,16966,1,,
291,695,8,606,16975,1,,
347,12,5,643,16976,1,,
122,1479,10,478,16980,1,,
122,123,7,478,16980,1,,
122,24,6,-28,16980,1,,
229,390,2,652,16987,1,,
229,890,4,606,16987,1,,
299,175,6,606,16999,1,,
314,712,12,478,17003,1,,
314,136,6,-28,17003,1,,
266,104,4,550,17021,1,,
322,54,5,622,17025,1,,
42,88,7,478,17029,1,,
42,34,6,-28,17029,1,,
42,59,7,672,17029,1,,
42,-1,-1,-999,17029,2,stockout,
81,2,3,550,17044,1,,
218,77,5,652,17047,1,,
39,185,9,-28,17047,1,,
39,148,4,684,17047,1,,
267,104,2,550,17051,1,,
54,36,4,606,17057,1,,
99,448,11,478,17062,1,,
85,240,10,478,17076,1,,
52,189,9,693,17085,1,,
52,60,8,693,17085,1,,
10,145,9,672,17089,1,,
220,882,4,679,17095,1,,
220,-1,-1,-999,17095,2,stockout,
87,361,4,-28,17107,1,,
87,21,9,691,17107,1,,
123,24,6,-28,17121,1,,
123,123,4,672,17121,1,,
128,25,6,693,17123,1,,
204,630,1,606,17123,1,,
204,75,3,606,17123,1,,
204,-1,-1,-999,17123,2,stockout,
101,122,10,660,17139,1,,
313,961,11,652,17147,1,,
63,150,6,693,17151,1,,
7,426,3,374,17155,1,,
92,194,8,686,17155,1,,
92,2,9,686,17155,1,,
92,64,10,686,17155,1,,
150,27,3,606,17163,1,,
44,148,4,684,17172,1,,
44,19,8,686,17172,1,,
35,755,4,374,17180,1,,
273,48,8,660,17191,1,,
273,131,4,598,17191,1,,
273,678,3,598,17191,1,,
273,7,10,598,17191,1,,
369,142,8,-28,17193,1,,
369,113,2,-28,17193,1,,
367,230,3,606,17202,1,,
295,699,2,666,17209,1,,
91,21,6,598,17215,1,,
91,2,10,598,17215,1,,
343,12,2,662,17216,1,,
261,669,8,-28,17227,1,,
261,7,1,672,17227,1,,
261,-1,-1,-999,17228,2,stockout,
203,126,4,598,17236,1,,
203,47,10,598,17236,1,,
149,155,3,700,17250,1,,
149,123,6,700,17250,1,,
149,26,8,700,17250,1,,
330,55,9,478,17258,1,,
3,1019,8,-28,17269,1,,
18,432,8,-28,17281,1,,
65,90,5,598,17285,1,,
65,37,7,598,17285,1,,
41,441,8,686,17293,1,,
86,797,1,652,17296,1,,
86,240,9,700,17296,1,,
146,42,8,686,17305,1,,
334,29,8,598,17306,1,,
334,11,6,598,17306,1,,
64,1068,12,700,17315,1,,
20,0,4,598,17323,1,,
20,57,5,598,17323,1,,
20,146,2,598,17323,1,,
38,148,2,684,17325,1,,
38,59,2,707,17325,1,,
38,534,11,707,17325,1,,
174,158,8,672,17337,1,,
218,512,8,662,17338,1,,
218,165,8,700,17338,1,,
134,67,6,598,17342,1,,
134,67,6,698,17342,1,,
322,10,10,598,17359,1,,
267,219,6,662,17368,1,,
170,1168,4,693,17374,1,,
170,203,5,598,17374,1,,
182,316,5,707,17374,1,,
222,265,5,700,17383,1,,
53,35,6,598,17389,1,,
53,149,3,598,17389,1,,
181,316,6,700,17395,1,,
54,19,4,611,17404,1,,
104,39,5,629,17407,1,,
104,-1,-1,-999,17407,2,stockout,
348,13,2,693,17410,1,,
348,31,7,598,17410,1,,
6,294,4,478,17414,1,,
154,99,4,478,17422,1,,
92,556,5,598,17425,1,,
92,64,4,697,17425,1,,
92,-1,-1,-999,17425,2,stockout,
136,4,10,588,17431,1,,
371,1010,8,598,17439,1,,
151,155,6,700,17442,1,,
55,36,4,686,17453,1,,
305,109,2,700,17459,1,,
305,1290,8,588,17459,1,,
122,571,4,672,17468,1,,
220,882,6,679,17474,1,,
220,128,4,598,17474,1,,
220,-1,-1,-999,17475,2,stockout,
224,886,4,672,17475,1,,
47,60,7,588,17481,1,,
202,74,4,-28,17482,1,,
202,-1,-1,-999,17482,2,stockout,
56,149,6,598,17490,1,,
194,495,3,478,17507,1,,
284,400,6,598,17512,1,,
99,22,6,702,17519,1,,
128,3,4,660,17523,1,,
128,67,2,698,17523,1,,
30,1,6,623,17537,1,,
30,58,6,623,17537,1,,
204,630,7,606,17554,1,,
204,211,4,588,17554,1,,
17,0,5,598,17560,1,,
376,1015,6,660,17571,1,,
306,83,12,718,17573,1,,
119,808,3,478,17574,1,,
365,229,4,693,17585,1,,
365,14,1,598,17585,1,,
133,25,2,588,17586,1,,
133,4,3,623,17586,1,,
133,96,2,623,17586,1,,
265,170,2,686,17587,1,,
265,-1,-1,-999,17587,2,stockout,
301,705,5,598,17597,1,,
301,-1,-1,-999,17597,2,stockout,
223,265,3,700,17599,1,,
223,389,4,588,17599,1,,
223,-1,-1,-999,17599,2,stockout,
174,45,4,700,17611,1,,
174,204,3,588,17611,1,,
155,838,4,598,17612,1,,
261,669,3,-28,17615,1,,
152,254,6,623,17623,1,,
210,385,2,-28,17625,1,,
267,219,6,598,17636,1,,
361,14,1,688,17653,1,,
42,34,1,-28,17675,1,,
42,534,1,707,17675,1,,
298,175,5,720,17681,1,,
181,1179,12,611,17684,1,,
181,204,4,588,17684,1,,
362,14,1,688,17684,1,,
206,212,6,588,17699,1,,
237,898,6,623,17711,1,,
237,-1,-1,-999,17711,2,stockout,
24,1382,2,598,17714,1,,
24,17,7,719,17714,1,,
24,-1,-1,-999,17714,2,stockout,
192,162,5,623,17721,1,,
269,275,3,704,17730,1,,
120,309,8,692,17731,1,,
281,1269,2,598,17744,1,,
281,221,6,727,17744,1,,
211,385,12,721,17750,1,,
182,487,3,598,17752,1,,
104,39,1,629,17756,1,,
221,388,5,623,17762,1,,
221,-1,-1,-999,17762,2,stockout,
57,149,3,598,17769,1,,
276,171,4,623,17778,1,,
250,28,12,726,17810,1,,
250,393,6,726,17810,1,,
12,146,2,722,17818,1,,
300,135,4,722,17827,1,,
134,4,1,623,17831,1,,
134,25,3,708,17831,1,,
43,238,4,726,17831,1,,
75,152,3,660,17835,1,,
344,138,3,611,17839,1,,
344,-1,-1,-999,17839,2,stockout,
172,204,3,588,17849,1,,
81,550,2,598,17851,1,,
81,-1,-1,-999,17851,2,stockout,
210,636,8,726,17854,1,,
210,-1,-1,-999,17854,2,stockout,
341,1325,2,646,17855,1,,
227,167,3,700,17863,1,,
359,228,7,732,17888,1,,
49,1056,2,671,17896,1,,
49,-1,-1,-999,17896,2,stockout,
164,202,6,732,17900,1,,
286,107,4,732,17918,1,,
29,1,4,732,17927,1,,
190,162,1,623,17929,1,,
364,14,1,700,17943,1,,
364,-1,-1,-999,17943,2,stockout,
70,191,6,703,17944,1,,
155,5,3,732,17945,1,,
155,124,6,706,17945,1,,
180,7,12,728,17973,1,,
180,160,8,728,17973,1,,
92,556,1,598,17986,1,,
92,2,6,713,17986,1,,
129,25,10,717,18009,1,,
129,96,6,717,18009,1,,
357,227,10,107,18010,1,,
357,13,10,716,18010,1,,
367,230,2,703,18031,1,,
367,141,4,728,18031,1,,
367,141,8,717,18031,1,,
362,1344,12,732,18039,1,,
362,140,8,107,18039,1,,
336,11,7,728,18049,1,,
336,282,5,728,18049,1,,
163,124,4,706,18064,1,,
163,6,9,734,18064,1,,
163,202,4,734,18064,1,,
283,942,11,728,18067,1,,
11,145,7,557,18086,1,,
11,1370,8,557,18086,1,,
103,243,5,706,18088,1,,
103,2,12,107,18088,1,,
304,408,7,717,18094,1,,
304,82,12,740,18094,1,,
22,0,4,107,18112,1,,
22,58,4,107,18112,1,,
22,33,8,107,18112,1,,
339,137,10,557,18123,1,,
224,323,4,557,18132,1,,
152,155,8,107,18134,1,,
152,27,6,716,18134,1,,
62,301,8,728,18134,1,,
62,1,12,737,18134,1,,
62,20,10,737,18134,1,,
106,23,10,730,18157,1,,
106,2,5,730,18157,1,,
18,432,4,737,18160,1,,
18,17,11,737,18160,1,,
18,0,3,737,18160,1,,
373,1012,6,557,18169,1,,
194,1192,9,107,18197,1,,
325,136,7,730,18203,1,,
325,28,5,730,18203,1,,
325,417,2,730,18203,1,,
325,84,11,730,18203,1,,
38,185,12,107,18216,1,,
91,304,7,717,18220,1,,
91,21,8,737,18220,1,,
222,389,6,730,18225,1,,
222,166,9,730,18225,1,,
273,933,12,107,18235,1,,
15,0,2,730,18242,1,,
15,17,4,730,18242,1,,
15,117,4,730,18242,1,,
137,4,8,734,18249,1,,
119,1476,10,737,18251,1,,
44,763,1,730,18257,1,,
44,238,8,730,18257,1,,
133,41,9,730,18272,1,,
33,296,8,107,18276,1,,
299,703,9,730,18287,1,,
159,256,9,717,18289,1,,
168,604,8,107,18298,1,,
365,1347,9,737,18314,1,,
252,394,9,737,18329,1,,
341,30,8,107,18333,1,,
202,74,1,598,18344,1,,
202,46,8,717,18344,1,,
322,415,7,107,18346,1,,
284,132,7,737,18357,1,,
75,152,7,717,18370,1,,
265,170,4,686,18370,1,,
265,-1,-1,-999,18370,2,stockout,
177,613,6,716,18382,1,,
190,622,6,670,18384,1,,
190,125,4,730,18384,1,,
336,980,8,737,18384,1,,
124,66,6,724,18395,1,,
223,265,1,700,18400,1,,
223,1577,9,694,18400,1,,
279,278,4,734,18403,1,,
221,388,2,713,18409,1,,
221,214,6,728,18409,1,,
5,0,2,730,18412,1,,
5,115,4,730,18412,1,,
22,434,4,705,18418,1,,
54,36,6,730,18423,1,,
89,64,7,730,18436,1,,
92,1449,4,107,18443,1,,
40,186,4,730,18445,1,,
254,662,4,107,18453,1,,
262,922,6,730,18457,1,,
286,107,4,730,18468,1,,
308,956,4,730,18477,1,,
102,560,4,730,18486,1,,
210,636,1,726,18487,1,,
210,877,3,107,18487,1,,
344,138,7,703,18488,1,,
24,1382,2,598,18511,1,,
24,0,3,737,18511,1,,
24,-1,-1,-999,18511,2,stockout,
7,426,3,734,18512,1,,
1,0,2,730,18512,1,,
7,-1,-1,-999,18512,2,global,
1,-1,-1,-999,18512,2,global,
41,441,3,107,18520,1,,
26,1039,5,737,18527,1,,
8,426,1,734,18536,1,,
81,550,5,598,18556,1,,
306,176,4,717,18566,1,,
218,640,1,732,18571,1,,
31,439,4,737,18576,1,,
202,74,4,-28,18580,1,,
278,105,4,713,18586,1,,
15,146,8,756,18594,1,,
287,107,10,769,18597,1,,
284,943,10,724,18602,1,,
309,176,4,717,18613,1,,
307,9,11,699,18614,1,,
49,1056,4,671,18624,1,,
49,356,1,728,18624,1,,
175,125,2,730,18624,1,,
206,212,4,717,18633,1,,
109,801,1,730,18637,1,,
45,763,1,730,18644,1,,
160,224,2,763,18645,1,,
364,14,7,700,18662,1,,
237,898,2,623,18669,1,,
221,388,5,623,18687,1,,
11,117,9,760,18696,1,,
89,1446,11,735,18705,1,,
301,705,3,598,18710,1,,
46,763,1,730,18711,1,,
48,763,1,730,18716,1,,
0,32,2,765,18728,1,,
277,49,11,774,18743,1,,
140,823,1,598,18750,1,,
140,-1,-1,-999,18750,2,stockout,
224,129,1,728,18758,1,,
265,170,2,686,18760,1,,
113,565,3,717,18767,1,,
253,81,7,657,18783,1,,
253,331,7,657,18783,1,,
128,3,10,758,18790,1,,
167,72,8,657,18801,1,,
167,44,4,657,18801,1,,
139,4,10,773,18807,1,,
70,151,2,657,18808,1,,
234,28,6,755,18818,1,,
234,895,6,755,18818,1,,
138,4,7,758,18820,1,,
25,147,6,657,18820,1,,
369,142,1,717,18825,1,,
217,165,7,657,18832,1,,
305,83,9,772,18833,1,,
129,198,6,755,18844,1,,
26,295,2,750,18845,1,,
26,183,5,750,18845,1,,
58,20,7,753,18858,1,,
130,25,6,778,18859,1,,
282,106,4,755,18866,1,,
3,233,9,778,18874,1,,
163,6,10,777,18884,1,,
163,44,8,777,18884,1,,
336,1320,2,772,18884,1,,
344,138,1,611,18902,1,,
344,12,1,755,18902,1,,
227,167,5,757,18912,1,,
114,247,9,744,18923,1,,
47,763,1,730,18925,1,,
47,1,6,746,18925,1,,
47,-1,-1,-999,18925,2,stockout,
364,14,3,598,18934,1,,
364,-1,-1,-999,18934,2,stockout,
272,82,9,746,18940,1,,
86,21,5,744,18944,1,,
52,239,10,749,18946,1,,
52,189,8,749,18946,1,,
52,1,9,749,18946,1,,
228,167,7,766,18953,1,,
328,1312,4,744,18960,1,,
328,-1,-1,-999,18960,2,stockout,
219,77,6,746,18964,1,,
59,299,2,744,18967,1,,
215,214,6,771,18970,1,,
215,639,10,771,18970,1,,
24,1382,2,598,18973,1,,
24,-1,-1,-999,18974,2,stockout,
186,100,10,771,18991,1,,
186,206,4,771,18991,1,,
115,307,1,742,19004,1,,
115,65,4,712,19004,1,,
115,3,6,712,19004,1,,
256,1246,5,746,19008,1,,
256,-1,-1,-999,19008,2,global,
7,426,5,734,19018,1,,
7,85,4,777,19018,1,,
7,57,4,749,19018,1,,
7,144,6,748,19018,1,,
15,1029,10,657,19034,1,,
61,90,8,723,19041,1,,
1,85,3,777,19052,1,,
1,513,8,748,19052,1,,
1,-1,-1,-999,19052,2,stockout,
233,78,8,712,19061,1,,
142,825,8,771,19067,1,,
142,4,1,771,19067,1,,
319,110,6,723,19073,1,,
220,77,4,746,19077,1,,
306,109,9,771,19082,1,,
25,1383,11,746,19094,1,,
167,603,8,748,19096,1,,
49,763,1,730,19100,1,,
102,451,2,750,19110,1,,
102,122,6,749,19110,1,,
314,53,6,701,19112,1,,
198,209,8,749,19145,1,,
276,335,10,617,19150,1,,
276,171,4,617,19150,1,,
276,48,4,617,19150,1,,
50,356,10,617,19187,1,,
50,1,8,752,19187,1,,
50,35,9,752,19187,1,,
140,823,6,723,19187,1,,
140,823,7,598,19187,1,,
140,-1,-1,-999,19187,2,stockout,
37,353,4,712,19206,1,,
301,8,4,777,19214,1,,
301,135,4,777,19214,1,,
123,40,8,617,19216,1,,
123,572,12,1,19216,1,,
262,670,5,712,19217,1,,
139,372,4,531,19226,1,,
66,90,4,723,19235,1,,
216,224,4,752,19246,1,,
216,1206,12,733,19246,1,,
216,128,6,1,19246,1,,
52,1059,7,723,19248,1,,
52,-1,-1,-999,19248,2,global,
28,0,7,617,19266,1,,
28,119,2,617,19266,1,,
28,33,4,752,19266,1,,
310,177,11,754,19267,1,,
26,183,6,777,19277,1,,
168,72,2,712,19287,1,,
53,89,7,748,19289,1,,
221,388,10,617,19292,1,,
221,128,8,751,19292,1,,
359,228,6,771,19303,1,,
78,548,6,749,19314,1,,
334,11,8,617,19317,1,,
334,29,8,751,19317,1,,
334,181,1,751,19317,1,,
60,300,1,736,19330,1,,
130,67,3,777,19333,1,,
130,1486,2,748,19333,1,,
130,-1,-1,-999,19333,2,stockout,
114,803,4,617,19335,1,,
114,3,8,751,19335,1,,
111,305,1,712,19340,1,,
348,225,4,777,19342,1,,
248,271,6,617,19354,1,,
248,328,6,752,19354,1,,
75,38,4,787,19374,1,,
48,188,8,1,19394,1,,
48,1055,2,1,19394,1,,
45,445,3,657,19397,1,,
142,1498,8,689,19411,1,,
284,400,3,617,19413,1,,
284,50,9,752,19413,1,,
343,12,1,749,19419,1,,
343,30,2,771,19419,1,,
64,60,2,797,19419,1,,
63,357,2,733,19429,1,,
63,1420,8,1,19429,1,,
307,52,6,780,19438,1,,
120,1477,3,733,19445,1,,
120,3,7,788,19445,1,,
375,143,3,738,19449,1,,
328,1312,5,744,19451,1,,
316,964,8,1,19459,1,,
364,14,6,598,19463,1,,
362,340,7,751,19473,1,,
362,181,1,751,19473,1,,
54,36,6,796,19474,1,,
156,100,2,796,19492,1,,
21,0,2,617,19513,1,,
21,86,4,752,19513,1,,
21,181,1,751,19513,1,,
363,141,9,784,19519,1,,
223,885,2,784,19526,1,,
280,398,2,748,19528,1,,
24,1382,2,598,19545,1,,
24,-1,-1,-999,19545,2,stockout,
129,1486,2,748,19546,1,,
200,210,2,749,19554,1,,
170,157,7,752,19560,1,,
105,23,2,749,19561,1,,
214,214,2,771,19572,1,,
93,65,6,806,19575,1,,
202,74,1,617,19575,1,,
202,211,6,751,19575,1,,
202,-1,-1,-999,19575,2,stockout,
256,332,7,733,19588,1,,
107,454,6,751,19600,1,,
96,21,2,791,19600,1,,
106,23,8,781,19601,1,,
146,42,6,752,19619,1,,
136,97,12,790,19620,1,,
279,105,8,709,19634,1,,
1,513,3,748,19647,1,,
1,15,4,709,19647,1,,
191,382,2,752,19649,1,,
191,73,4,788,19649,1,,
308,279,8,809,19654,1,,
308,176,2,809,19654,1,,
308,-1,-1,-999,19654,2,stockout,
348,13,5,752,19661,1,,
348,181,1,751,19661,1,,
306,9,9,790,19662,1,,
23,86,5,752,19671,1,,
40,1,9,809,19677,1,,
40,19,7,802,19677,1,,
137,584,7,709,19677,1,,
137,4,2,812,19677,1,,
137,-1,-1,-999,19677,2,global,
157,5,4,802,19693,1,,
157,594,6,802,19693,1,,
110,246,4,788,19708,1,,
323,10,10,802,19710,1,,
101,122,4,752,19717,1,,
305,83,9,802,19725,1,,
104,39,4,617,19727,1,,
104,-1,-1,-999,19727,2,stockout,
162,44,4,809,19749,1,,
162,44,12,783,19749,1,,
268,220,6,790,19757,1,,
210,385,4,807,19767,1,,
329,11,2,802,19768,1,,
329,84,7,783,19768,1,,
329,180,4,783,19768,1,,
307,83,6,709,19778,1,,
269,676,4,752,19781,1,,
70,191,4,790,19787,1,,
350,111,5,802,19789,1,,
350,13,8,783,19789,1,,
194,382,4,752,19790,1,,
4,15,6,815,19799,1,,
283,132,4,786,19807,1,,
153,155,12,783,19807,1,,
99,22,12,792,19826,1,,
59,90,2,781,19833,1,,
57,149,3,788,19837,1,,
349,111,3,802,19848,1,,
349,13,12,792,19848,1,,
169,605,3,788,19862,1,,
93,242,7,709,19862,1,,
301,51,10,783,19865,1,,
139,372,2,1,19869,1,,
102,94,2,790,19869,1,,
177,261,2,1,19875,1,,
318,178,2,748,19876,1,,
204,75,2,790,19886,1,,
7,0,1,617,19888,1,,
7,181,1,751,19888,1,,
112,198,3,783,19896,1,,
112,24,6,783,19896,1,,
275,171,2,752,19912,1,,
103,122,12,762,19922,1,,
376,291,9,680,19937,1,,
1,181,1,751,19945,1,,
13,346,8,783,19955,1,,
191,1546,12,687,19964,1,,
39,19,4,680,19969,1,,
39,19,4,792,19969,1,,
306,52,8,582,19985,1,,
24,1382,2,598,19992,1,,
24,0,4,809,19992,1,,
24,86,9,680,19992,1,,
24,-1,-1,-999,19992,2,stockout,
6,181,1,751,19999,1,,
227,167,8,802,20005,1,,
118,807,6,762,20006,1,,
118,309,7,582,20006,1,,
118,65,1,582,20006,1,,
202,74,6,617,20012,1,,
202,-1,-1,-999,20013,2,stockout,
293,697,8,802,20020,1,,
155,838,1,749,20024,1,,
155,43,10,582,20024,1,,
273,82,8,824,20026,1,,
151,70,7,739,20032,1,,
9,181,1,751,20037,1,,
140,1496,8,762,20038,1,,
348,31,8,739,20046,1,,
199,126,6,582,20049,1,,
259,1613,7,739,20059,1,,
33,753,5,582,20060,1,,
314,53,5,582,20070,1,,
10,181,1,751,20081,1,,
163,6,4,810,20090,1,,
0,232,4,582,20102,1,,
142,585,4,582,20113,1,,
142,-1,-1,-999,20114,2,stockout,
137,372,6,1,20115,1,,
137,-1,-1,-999,20116,2,stockout,
192,382,1,752,20130,1,,
78,152,1,783,20134,1,,
78,192,5,783,20134,1,,
54,36,4,825,20156,1,,
260,668,6,680,20157,1,,
144,586,3,582,20164,1,,
144,-1,-1,-999,20164,2,stockout,
330,181,1,751,20167,1,,
162,44,6,680,20168,1,,
204,126,3,582,20172,1,,
22,86,1,752,20172,1,,
186,206,6,809,20180,1,,
104,39,5,617,20183,1,,
104,-1,-1,-999,20183,2,stockout,
207,164,1,617,20188,1,,
283,8,8,779,20194,1,,
86,63,5,739,20204,1,,
332,181,1,751,20217,1,,
364,14,4,710,20221,1,,
364,-1,-1,-999,20221,2,stockout,
76,38,2,582,20235,1,,
6,294,3,809,20247,1,,
16,522,3,680,20260,1,,
119,309,2,582,20265,1,,
119,309,3,743,20265,1,,
337,181,1,751,20269,1,,
338,137,6,747,20280,1,,
308,176,3,809,20282,1,,
239,79,2,809,20292,1,,
118,569,6,408,20294,1,,
11,344,10,829,20310,1,,
65,778,8,770,20317,1,,
140,585,6,582,20322,1,,
130,1486,1,748,20341,1,,
130,3,10,829,20341,1,,
130,96,1,829,20341,1,,
222,389,2,779,20355,1,,
40,19,9,829,20356,1,,
199,1197,4,651,20365,1,,
314,1298,11,743,20383,1,,
24,1382,1,598,20383,1,,
326,180,1,783,20389,1,,
170,157,6,804,20394,1,,
28,18,8,814,20397,1,,
113,247,6,804,20406,1,,
81,2,10,814,20413,1,,
180,46,5,814,20424,1,,
294,134,4,814,20433,1,,
309,411,10,823,20450,1,,
192,864,12,770,20451,1,,
133,41,4,823,20459,1,,
161,124,5,814,20462,1,,
207,633,8,580,20475,1,,
207,-1,-1,-999,20476,2,stockout,
202,74,5,617,20486,1,,
10,16,8,811,20488,1,,
10,0,4,811,20488,1,,
238,1228,2,582,20495,1,,
191,207,9,838,20501,1,,
142,585,2,582,20501,1,,
21,235,5,821,20506,1,,
21,-1,-1,-999,20506,2,global,
171,157,4,811,20518,1,,
171,28,6,811,20518,1,,
176,125,4,800,20518,1,,
305,109,8,821,20520,1,,
16,431,6,811,20532,1,,
16,0,2,811,20532,1,,
137,584,10,642,20534,1,,
132,250,4,811,20541,1,,
182,125,4,811,20563,1,,
182,46,11,714,20563,1,,
280,172,5,821,20568,1,,
230,130,4,821,20580,1,,
19,433,8,683,20594,1,,
177,125,4,800,20597,1,,
99,196,9,759,20604,1,,
99,2,9,808,20604,1,,
77,547,4,821,20606,1,,
140,823,1,598,20611,1,,
104,39,3,617,20618,1,,
0,292,11,714,20629,1,,
0,56,6,759,20629,1,,
136,4,1,846,20642,1,,
11,16,4,826,20652,1,,
163,6,6,846,20653,1,,
172,259,2,776,20666,1,,
172,28,6,759,20666,1,,
172,608,10,759,20666,1,,
172,157,9,759,20666,1,,
172,-1,-1,-999,20666,2,global,
47,1404,8,816,20668,1,,
228,324,12,826,20671,1,,
224,129,4,816,20679,1,,
213,1567,8,826,20689,1,,
213,319,4,826,20689,1,,
144,586,6,582,20690,1,,
144,4,10,759,20690,1,,
144,-1,-1,-999,20690,2,stockout,
204,126,5,816,20691,1,,
202,74,1,680,20704,1,,
202,-1,-1,-999,20705,2,stockout,
258,1612,8,789,20714,1,,
203,126,4,816,20723,1,,
7,116,9,714,20726,1,,
7,516,5,714,20726,1,,
364,14,6,710,20736,1,,
198,126,1,816,20738,1,,
157,43,1,759,20745,1,,
157,124,3,808,20745,1,,
157,27,8,808,20745,1,,
133,816,10,835,20752,1,,
306,9,3,811,20766,1,,
306,9,6,714,20766,1,,
306,109,4,714,20766,1,,
306,136,1,714,20766,1,,
52,60,6,836,20781,1,,
52,189,10,836,20781,1,,
229,642,11,714,20783,1,,
211,128,12,820,20790,1,,
111,305,9,759,20798,1,,
111,-1,-1,-999,20799,2,stockout,
313,711,6,820,20802,1,,
222,47,6,836,20808,1,,
222,389,6,794,20808,1,,
199,209,9,811,20813,1,,
113,247,9,808,20828,1,,
256,48,4,794,20842,1,,
256,81,4,848,20842,1,,
231,130,9,714,20851,1,,
273,933,8,832,20854,1,,
101,93,8,832,20868,1,,
280,105,1,709,20869,1,,
280,105,5,714,20869,1,,
280,105,1,808,20869,1,,
280,50,5,714,20869,1,,
154,99,4,836,20877,1,,
154,592,4,794,20877,1,,
154,43,5,848,20877,1,,
206,874,8,832,20882,1,,
322,415,9,714,20885,1,,
294,279,6,832,20893,1,,
188,161,6,836,20898,1,,
188,1543,8,819,20898,1,,
348,13,4,832,20908,1,,
10,16,8,808,20914,1,,
207,633,4,580,20916,1,,
207,384,7,819,20916,1,,
62,301,3,832,20929,1,,
106,799,10,819,20932,1,,
126,24,6,832,20941,1,,
99,365,8,798,20955,1,,
47,1054,11,789,20957,1,,
47,1,6,819,20957,1,,
228,641,10,832,20966,1,,
79,1082,7,794,20973,1,,
112,457,8,836,20987,1,,
60,1,6,855,20992,1,,
60,300,7,855,20992,1,,
121,810,7,759,21001,1,,
121,-1,-1,-999,21001,2,global,
187,380,8,839,21001,1,,
305,109,10,855,21010,1,,
14,430,6,759,21012,1,,
190,622,6,794,21013,1,,
16,522,6,714,21024,1,,
210,213,6,819,21024,1,,
349,31,5,834,21034,1,,
349,13,12,729,21034,1,,
347,991,6,714,21036,1,,
259,919,5,819,21042,1,,
282,106,8,855,21049,1,,
172,125,2,811,21056,1,,
172,259,5,776,21056,1,,
350,225,6,759,21068,1,,
161,124,1,836,21077,1,,
161,43,3,848,21077,1,,
224,129,6,808,21079,1,,
124,40,6,855,21081,1,,
124,248,8,729,21081,1,,
21,235,6,714,21091,1,,
186,206,8,855,21093,1,,
193,162,4,819,21108,1,,
166,203,7,729,21110,1,,
239,79,6,808,21114,1,,
364,14,4,729,21117,1,,
364,-1,-1,-999,21117,2,stockout,
213,638,3,678,21123,1,,
213,-1,-1,-999,21123,2,stockout,
334,418,2,714,21126,1,,
334,110,4,860,21126,1,,
100,22,4,836,21136,1,,
164,124,3,836,21147,1,,
164,71,2,865,21147,1,,
202,74,5,680,21150,1,,
167,258,2,856,21155,1,,
84,2,3,785,21169,1,,
84,153,4,785,21169,1,,
84,302,7,785,21169,1,,
126,575,12,745,21173,1,,
126,248,2,729,21173,1,,
146,588,10,785,21185,1,,
170,157,11,799,21187,1,,
1,0,9,785,21200,1,,
108,454,10,799,21212,1,,
201,126,2,819,21215,1,,
201,46,7,785,21215,1,,
177,159,8,799,21226,1,,
110,246,6,785,21229,1,,
110,2,2,785,21229,1,,
125,66,4,819,21238,1,,
365,1005,7,799,21239,1,,
127,24,6,833,21239,1,,
207,164,6,785,21250,1,,
165,124,5,808,21251,1,,
111,39,5,802,21251,1,,
348,13,10,870,21268,1,,
115,24,3,833,21273,1,,
43,35,5,808,21278,1,,
104,39,2,802,21280,1,,
251,224,8,863,21290,1,,
251,660,10,863,21290,1,,
251,-1,-1,-999,21290,2,stockout,
208,634,5,870,21300,1,,
208,28,6,870,21300,1,,
208,7,4,870,21300,1,,
143,199,7,863,21302,1,,
343,12,5,799,21311,1,,
211,128,11,858,21330,1,,
278,105,4,808,21340,1,,
278,-1,-1,-999,21340,2,stockout,
133,41,8,858,21344,1,,
316,714,7,503,21348,1,,
249,659,2,729,21351,1,,
21,0,5,863,21358,1,,
21,119,1,503,21358,1,,
124,24,3,833,21359,1,,
277,105,2,808,21360,1,,
277,49,5,852,21360,1,,
277,49,6,842,21360,1,,
290,337,6,863,21367,1,,
294,1642,4,808,21369,1,,
112,802,4,863,21375,1,,
130,67,10,874,21376,1,,
202,126,4,819,21382,1,,
121,39,1,802,21382,1,,
102,1103,4,799,21391,1,,
334,29,4,785,21403,1,,
226,216,6,874,21407,1,,
226,7,4,864,21407,1,,
226,389,7,864,21407,1,,
168,72,3,503,21409,1,,
170,259,3,870,21421,1,,
170,-1,-1,-999,21421,2,stockout,
1,513,5,346,21426,1,,
1,143,6,503,21426,1,,
1,-1,-1,-999,21426,2,stockout,
98,448,3,863,21445,1,,
172,259,3,870,21450,1,,
132,250,9,864,21457,1,,
200,628,3,759,21458,1,,
200,-1,-1,-999,21459,2,stockout,
7,0,2,870,21470,1,,
329,11,6,864,21471,1,,
364,14,3,799,21477,1,,
241,326,2,794,21477,1,,
291,337,2,863,21481,1,,
93,1096,8,864,21485,1,,
289,948,2,808,21498,1,,
212,77,1,864,21505,1,,
212,213,5,864,21505,1,,
144,586,1,582,21511,1,,
236,270,2,808,21518,1,,
213,638,5,678,21520,1,,
213,77,4,864,21520,1,,
81,153,4,882,21529,1,,
43,1400,2,836,21537,1,,
375,143,2,503,21557,1,,
29,120,3,864,21570,1,,
109,2,5,875,21581,1,,
274,82,11,887,21589,1,,
249,1239,5,831,21598,1,,
249,392,6,882,21598,1,,
282,106,2,880,21603,1,,
282,7,6,881,21603,1,,
86,303,7,885,21608,1,,
86,2,6,885,21608,1,,
34,754,1,836,21612,1,,
331,975,4,881,21612,1,,
95,195,6,875,21615,1,,
95,2,3,875,21615,1,,
95,21,1,875,21615,1,,
134,41,8,881,21626,1,,
2,232,10,885,21628,1,,
30,87,12,803,21633,1,,
133,67,4,887,21638,1,,
202,126,4,808,21647,1,,
167,483,6,885,21649,1,,
9,427,4,885,21658,1,,
26,87,3,881,21678,1,,
322,1670,8,725,21679,1,,
334,29,9,799,21693,1,,
334,-1,-1,-999,21693,2,stockout,
163,6,2,881,21700,1,,
92,194,8,725,21709,1,,
330,11,8,725,21723,1,,
281,106,1,880,21727,1,,
294,279,3,885,21727,1,,
294,82,8,731,21727,1,,
195,209,1,811,21734,1,,
85,193,6,725,21735,1,,
157,71,2,875,21741,1,,
278,105,2,808,21746,1,,
168,483,10,731,21753,1,,
25,183,8,871,21760,1,,
42,34,3,885,21769,1,,
161,375,6,731,21781,1,,
364,14,7,729,21789,1,,
364,113,10,864,21789,1,,
364,-1,-1,-999,21789,2,stockout,
20,1033,6,731,21792,1,,
89,64,5,843,21799,1,,
289,693,9,880,21817,1,,
152,590,3,731,21819,1,,
152,-1,-1,-999,21820,2,stockout,
236,897,12,725,21822,1,,
169,72,3,891,21827,1,,
111,305,1,759,21829,1,,
1,513,3,346,21851,1,,
1,143,1,503,21851,1,,
23,58,11,822,21859,1,,
23,525,9,822,21859,1,,
170,259,6,870,21861,1,,
147,98,10,805,21867,1,,
251,660,1,863,21878,1,,
68,61,4,822,21883,1,,
68,1,8,822,21883,1,,
68,37,4,822,21883,1,,
121,810,1,759,21886,1,,
200,628,4,759,21895,1,,
200,-1,-1,-999,21895,2,stockout,
179,6,10,822,21904,1,,
179,160,4,822,21904,1,,
162,44,8,890,21909,1,,
94,38,1,822,21919,1,,
94,1451,3,822,21919,1,,
94,153,5,822,21919,1,,
335,418,6,890,21923,1,,
159,27,2,822,21934,1,,
159,43,3,892,21934,1,,
159,43,4,845,21934,1,,
38,757,6,845,21946,1,,
43,354,7,857,21953,1,,
146,253,4,876,21955,1,,
256,104,4,822,21957,1,,
256,169,2,892,21957,1,,
148,69,4,890,21965,1,,
95,195,6,822,21980,1,,
95,21,9,841,21980,1,,
352,287,8,841,21994,1,,
7,0,9,857,22000,1,,
7,-1,-1,-999,22000,2,global,
194,162,5,822,22004,1,,
354,226,6,857,22012,1,,
191,101,6,888,22021,1,,
191,-1,-1,-999,22022,2,global,
175,260,8,828,22026,1,,
175,-1,-1,-999,22026,2,stockout,
2,514,4,822,22029,1,,
235,269,3,889,22029,1,,
302,1287,2,828,22032,1,,
136,97,4,889,22039,1,,
42,354,6,828,22044,1,,
24,0,12,615,22062,1,,
149,5,8,879,22075,1,,
149,26,8,879,22075,1,,
149,42,4,879,22075,1,,
166,482,3,615,22075,1,,
166,1521,4,615,22075,1,,
9,15,4,884,22094,1,,
9,15,6,894,22094,1,,
9,144,2,884,22094,1,,
99,22,9,879,22099,1,,
99,65,7,879,22099,1,,
334,29,1,799,22104,1,,
31,1,8,897,22108,1,,
357,112,7,879,22117,1,,
236,897,12,822,22123,1,,
236,104,3,822,22123,1,,
21,17,6,568,22126,1,,
21,57,6,568,22126,1,,
336,282,4,888,22130,1,,
312,177,10,879,22133,1,,
44,35,4,879,22143,1,,
359,140,5,844,22143,1,,
358,112,4,841,22150,1,,
364,14,4,881,22160,1,,
121,248,2,864,22166,1,,
121,310,7,822,22166,1,,
305,83,7,862,22189,1,,
291,173,3,892,22195,1,,
340,11,6,615,22204,1,,
340,137,6,568,22204,1,,
370,231,4,841,22206,1,,
306,83,11,898,22209,1,,
137,97,3,841,22212,1,,
223,1577,2,888,22225,1,,
193,162,1,822,22235,1,,
193,101,2,888,22235,1,,
62,36,7,568,22235,1,,
62,90,3,568,22235,1,,
335,1319,10,850,22236,1,,
335,11,3,898,22236,1,,
352,1334,9,859,22248,1,,
5,15,2,894,22252,1,,
5,233,8,568,22252,1,,
5,-1,-1,-999,22252,2,global,
145,26,5,898,22263,1,,
145,26,8,669,22263,1,,
145,587,6,669,22263,1,,
186,73,1,884,22267,1,,
186,73,4,615,22267,1,,
186,161,4,568,22267,1,,
11,520,8,568,22282,1,,
11,57,1,568,22282,1,,
86,552,10,669,22289,1,,
86,193,10,669,22289,1,,
152,70,7,568,22308,1,,
152,254,6,903,22308,1,,
152,1508,5,903,22308,1,,
53,767,4,898,22311,1,,
53,35,12,669,22311,1,,
307,109,10,669,22325,1,,
10,57,4,568,22325,1,,
10,16,7,903,22325,1,,
22,119,2,669,22339,1,,
22,524,8,669,22339,1,,
22,-1,-1,-999,22339,2,global,
167,72,1,568,22339,1,,
167,846,7,902,22339,1,,
13,429,5,817,22347,1,,
13,33,9,817,22347,1,,
140,4,8,900,22350,1,,
256,916,8,568,22353,1,,
138,4,2,817,22361,1,,
138,313,8,817,22361,1,,
23,1036,8,669,22362,1,,
85,193,9,817,22374,1,,
165,482,4,615,22374,1,,
165,6,10,868,22374,1,,
165,-1,-1,-999,22374,2,stockout,
329,11,9,817,22387,1,,
334,281,9,669,22388,1,,
334,222,11,741,22388,1,,
91,555,3,884,22394,1,,
91,2,2,568,22394,1,,
91,241,8,868,22394,1,,
222,215,8,817,22401,1,,
187,125,4,669,22408,1,,
187,161,11,909,22408,1,,
276,936,11,868,22423,1,,
109,245,8,817,22424,1,,
109,2,7,895,22424,1,,
17,118,6,866,22432,1,,
17,17,8,741,22432,1,,
168,28,10,895,22455,1,,
168,1166,6,895,22455,1,,
25,58,5,817,22472,1,,
25,0,6,895,22472,1,,
118,569,9,868,22493,1,,
29,87,6,741,22497,1,,
29,58,2,909,22497,1,,
29,58,5,899,22497,1,,
27,0,3,895,22500,1,,
27,58,8,912,22500,1,,
27,58,8,638,22500,1,,
59,90,2,568,22509,1,,
59,36,8,868,22509,1,,
35,1047,11,895,22517,1,,
52,189,9,909,22522,1,,
52,35,10,899,22522,1,,
166,1521,8,568,22523,1,,
24,182,9,884,22538,1,,
231,644,4,817,22550,1,,
231,7,6,912,22550,1,,
231,7,6,905,22550,1,,
231,130,8,905,22550,1,,
1,15,6,669,22551,1,,
1,143,4,899,22551,1,,
1,32,10,899,22551,1,,
1,0,2,899,22551,1,,
129,96,5,884,22559,1,,
129,25,9,906,22559,1,,
321,967,6,741,22572,1,,
321,110,8,899,22572,1,,
277,936,8,906,22573,1,,
116,308,7,895,22583,1,,
116,65,10,905,22583,1,,
313,1297,8,894,22587,1,,
313,-1,-1,-999,22587,2,stockout,
11,344,12,669,22592,1,,
11,145,1,899,22592,1,,
137,4,4,817,22603,1,,
137,68,3,817,22603,1,,
137,97,8,912,22603,1,,
117,568,7,902,22610,1,,
147,472,6,741,22613,1,,
147,42,8,917,22613,1,,
44,355,7,868,22623,1,,
223,77,6,895,22625,1,,
223,322,11,912,22625,1,,
86,63,6,866,22635,1,,
86,92,3,741,22635,1,,
86,2,6,899,22635,1,,
305,83,6,817,22644,1,,
305,51,3,817,22644,1,,
305,51,5,905,22644,1,,
152,155,7,868,22654,1,,
37,297,5,669,22654,1,,
37,756,7,899,22654,1,,
221,77,6,568,22666,1,,
221,640,1,868,22666,1,,
196,125,1,669,22673,1,,
196,46,6,899,22673,1,,
196,1194,5,899,22673,1,,
196,-1,-1,-999,22673,2,stockout,
316,53,10,638,22683,1,,
316,714,4,638,22683,1,,
241,79,8,899,22691,1,,
241,79,4,741,22691,1,,
185,1540,10,905,22697,1,,
222,77,6,568,22710,1,,
222,640,1,868,22710,1,,
330,55,12,917,22715,1,,
324,10,5,817,22721,1,,
324,10,5,905,22721,1,,
3,1019,9,899,22732,1,,
3,85,2,917,22732,1,,
3,-1,-1,-999,22732,2,global,
168,156,3,913,22738,1,,
168,604,2,638,22738,1,,
168,72,6,638,22738,1,,
168,-1,-1,-999,22738,2,stockout,
80,192,5,568,22740,1,,
80,2,1,568,22740,1,,
294,174,7,894,22753,1,,
209,635,10,905,22754,1,,
347,139,6,669,22765,1,,
347,85,4,917,22765,1,,
343,12,10,638,22771,1,,
160,841,11,899,22782,1,,
229,642,7,615,22785,1,,
45,445,9,638,22786,1,,
177,159,8,899,22796,1,,
128,3,6,926,22797,1,,
35,18,10,905,22802,1,,
169,72,4,568,22806,1,,
85,2,2,895,22816,1,,
85,240,6,638,22816,1,,
32,18,5,894,22817,1,,
282,50,5,918,22827,1,,
259,919,8,909,22846,1,,
255,48,8,912,22850,1,,
200,628,4,568,22855,1,,
200,-1,-1,-999,22855,2,stockout,
263,1617,8,669,22860,1,,
283,50,8,905,22885,1,,
188,101,3,868,22888,1,,
180,73,2,899,22889,1,,
180,46,10,921,22889,1,,
154,99,7,905,22902,1,,
65,37,2,568,22909,1,,
65,90,1,568,22909,1,,
47,188,7,905,22915,1,,
217,321,7,669,22917,1,,
17,1376,3,568,22917,1,,
295,134,7,899,22934,1,,
295,221,4,921,22934,1,,
301,51,2,905,22939,1,,
301,221,10,929,22939,1,,
7,1023,2,615,22940,1,,
304,708,7,899,22947,1,,
22,434,6,895,22950,1,,
110,455,7,899,22960,1,,
165,482,2,615,22961,1,,
92,2,2,895,22963,1,,
92,1095,5,929,22963,1,,
66,779,6,909,22971,1,,
103,561,2,615,22975,1,,
74,787,6,899,22989,1,,
358,140,6,817,22998,1,,
156,43,6,669,23008,1,,
222,884,6,917,23019,1,,
187,491,6,895,23020,1,,
31,1044,7,907,23021,1,,
12,521,5,893,23030,1,,
242,79,6,741,23043,1,,
67,37,5,895,23051,1,,
68,150,8,793,23051,1,,
68,37,8,793,23051,1,,
348,286,2,906,23064,1,,
348,31,5,931,23064,1,,
202,211,4,638,23067,1,,
278,683,6,921,23070,1,,
23,182,2,906,23071,1,,
75,152,4,817,23083,1,,
311,177,6,921,23086,1,,
37,756,2,638,23088,1,,
238,651,4,912,23094,1,,
5,294,5,931,23094,1,,
5,425,2,793,23094,1,,
5,56,5,793,23094,1,,
21,33,6,793,23115,1,,
21,0,7,934,23115,1,,
206,506,4,669,23116,1,,
42,238,4,899,23125,1,,
140,1139,11,793,23132,1,,
168,604,6,638,23139,1,,
99,22,3,669,23145,1,,
58,20,10,934,23148,1,,
128,25,3,793,23165,1,,
128,3,7,793,23165,1,,
143,199,3,899,23167,1,,
215,77,2,895,23186,1,,
313,10,2,905,23190,1,,
213,77,2,895,23194,1,,
43,1052,8,793,23196,1,,
220,77,2,895,23207,1,,
70,61,9,830,23210,1,,
321,280,3,937,23213,1,,
321,84,8,937,23213,1,,
129,3,2,741,23217,1,,
27,87,2,741,23224,1,,
32,1,6,933,23232,1,,
196,1194,3,899,23232,1,,
17,118,4,793,23235,1,,
17,0,2,934,23235,1,,
17,33,8,937,23235,1,,
17,-1,-1,-999,23235,2,global,
163,28,6,933,23241,1,,
31,1,6,940,23246,1,,
12,345,10,775,23255,1,,
301,338,10,793,23262,1,,
203,211,2,669,23268,1,,
38,185,2,898,23275,1,,
166,258,8,919,23276,1,,
7,15,4,937,23279,1,,
7,57,6,930,23279,1,,
333,977,5,919,23284,1,,
183,616,9,-74,23290,1,,
40,19,8,930,23296,1,,
294,28,1,930,23323,1,,
294,174,7,930,23323,1,,
44,187,6,-74,23329,1,,
358,140,12,944,23332,1,,
164,202,6,937,23335,1,,
359,1341,5,919,23340,1,,
136,97,6,930,23346,1,,
37,297,5,-74,23351,1,,
103,197,5,-74,23362,1,,
29,148,4,919,23364,1,,
128,577,6,919,23373,1,,
128,-1,-1,-999,23373,2,global,
218,321,6,793,23376,1,,
30,148,4,919,23380,1,,
65,37,4,919,23386,1,,
45,187,4,-74,23391,1,,
206,632,6,793,23394,1,,
42,187,2,-74,23414,1,,
200,628,4,568,23418,1,,
200,-1,-1,-999,23418,2,stockout,
36,297,3,-74,23422,1,,
148,5,3,919,23423,1,,
28,148,2,919,23428,1,,
1,85,1,917,23432,1,,
283,8,10,939,23435,1,,
146,42,9,946,23441,1,,
370,231,2,905,23451,1,,
352,111,3,939,23471,1,,
352,732,4,939,23471,1,,
352,32,7,951,23471,1,,
41,1,7,923,23473,1,,
41,237,5,923,23473,1,,
41,19,8,923,23473,1,,
81,192,9,935,23488,1,,
99,22,4,793,23493,1,,
99,196,10,951,23493,1,,
334,29,2,933,23497,1,,
137,26,6,935,23500,1,,
63,150,8,951,23507,1,,
333,727,11,873,23513,1,,
183,46,2,939,23522,1,,
183,855,7,951,23522,1,,
10,145,10,923,23523,1,,
10,32,6,923,23523,1,,
165,202,8,939,23536,1,,
132,67,4,951,23545,1,,
13,17,5,954,23546,1,,
221,388,1,919,23549,1,,
221,-1,-1,-999,23549,2,stockout,
355,227,2,937,23555,1,,
355,111,3,939,23555,1,,
100,22,8,923,23560,1,,
100,2,6,923,23560,1,,
100,93,1,923,23560,1,,
364,14,1,729,23561,1,,
364,56,6,954,23561,1,,
93,65,1,919,23564,1,,
15,347,2,923,23580,1,,
15,17,2,923,23580,1,,
15,521,9,923,23580,1,,
15,-1,-1,-999,23580,2,global,
79,2,1,923,23596,1,,
79,62,9,923,23596,1,,
284,8,4,951,23599,1,,
313,10,4,939,23608,1,,
285,400,4,908,23617,1,,
133,581,8,923,23618,1,,
133,41,3,923,23618,1,,
133,312,4,923,23618,1,,
44,444,9,935,23633,1,,
344,30,6,851,23634,1,,
211,1203,4,793,23637,1,,
211,-1,-1,-999,23637,2,stockout,
327,54,9,923,23649,1,,
86,21,8,851,23651,1,,
239,900,5,851,23660,1,,
105,453,6,923,23665,1,,
105,563,4,767,23665,1,,
124,311,8,851,23671,1,,
87,63,2,793,23675,1,,
287,8,6,923,23680,1,,
287,402,3,923,23680,1,,
235,390,2,793,23683,1,,
179,100,9,928,23689,1,,
179,1534,4,928,23689,1,,
270,930,8,923,23694,1,,
349,993,1,793,23699,1,,
16,347,7,923,23707,1,,
88,21,9,928,23708,1,,
230,268,11,956,23740,1,,
128,812,6,937,23742,1,,
42,34,7,923,23745,1,,
334,29,4,930,23752,1,,
278,105,6,923,23757,1,,
278,-1,-1,-999,23757,2,stockout,
273,1261,8,886,23760,1,,
273,7,7,886,23760,1,,
364,14,4,931,23772,1,,
343,181,1,928,23776,1,,
343,12,10,956,23776,1,,
237,78,8,945,23787,1,,
41,237,6,767,23789,1,,
102,2,3,886,23794,1,,
102,451,10,886,23794,1,,
183,488,2,633,23802,1,,
183,488,5,927,23802,1,,
305,83,8,928,23805,1,,
292,133,10,942,23816,1,,
108,1109,2,923,23821,1,,
108,23,4,904,23821,1,,
29,528,5,923,23831,1,,
344,138,12,883,23834,1,,
344,181,1,928,23834,1,,
10,85,4,942,23848,1,,
10,16,7,942,23848,1,,
10,32,12,942,23848,1,,
129,25,5,956,23857,1,,
129,96,6,886,23857,1,,
1,0,4,923,23860,1,,
321,10,5,964,23871,1,,
13,1027,11,928,23872,1,,
90,21,3,877,23875,1,,
90,2,7,877,23875,1,,
90,92,9,877,23875,1,,
209,635,4,923,23880,1,,
209,-1,-1,-999,23880,2,stockout,
63,1067,6,928,23889,1,,
63,20,6,941,23889,1,,
152,5,8,942,23902,1,,
152,1151,4,877,23902,1,,
152,42,7,877,23902,1,,
231,130,7,854,23905,1,,
231,390,5,941,23905,1,,
185,161,2,923,23905,1,,
184,617,12,877,23921,1,,
232,78,4,923,23924,1,,
105,244,10,928,23929,1,,
136,67,1,942,23936,1,,
136,67,3,877,23936,1,,
136,4,5,877,23936,1,,
136,-1,-1,-999,23936,2,global,
349,1331,3,923,23947,1,,
135,67,5,942,23953,1,,
135,818,6,877,23953,1,,
221,388,7,919,23964,1,,
367,422,6,942,23969,1,,
367,141,3,861,23969,1,,
93,2,6,886,23974,1,,
96,93,2,923,23979,1,,
236,131,6,942,23983,1,,
236,1226,2,942,23983,1,,
273,678,10,941,23990,1,,
106,23,7,878,23992,1,,
128,577,1,919,24006,1,,
128,1485,10,947,24006,1,,
128,-1,-1,-999,24006,2,stockout,
151,70,7,938,24007,1,,
151,98,10,938,24007,1,,
157,100,6,956,24016,1,,
89,64,5,950,24026,1,,
89,193,7,837,24026,1,,
52,189,4,886,24028,1,,
52,239,4,974,24028,1,,
228,103,9,976,24039,1,,
153,591,5,886,24045,1,,
165,376,4,877,24045,1,,
165,44,7,837,24045,1,,
165,71,1,837,24045,1,,
210,164,8,976,24054,1,,
3,0,9,970,24069,1,,
183,1538,9,942,24069,1,,
183,379,8,861,24069,1,,
121,39,4,886,24071,1,,
121,-1,-1,-999,24071,2,stockout,
287,946,7,650,24082,1,,
292,107,5,877,24088,1,,
292,133,7,837,24088,1,,
193,494,8,979,24100,1,,
141,824,4,928,24103,1,,
141,-1,-1,-999,24103,2,stockout,
195,382,4,956,24111,1,,
14,33,5,650,24112,1,,
234,131,6,979,24124,1,,
97,93,5,650,24136,1,,
278,105,7,938,24138,1,,
278,171,8,837,24138,1,,
191,382,4,956,24140,1,,
371,1353,5,650,24147,1,,
4,1020,6,942,24154,1,,
4,15,4,938,24154,1,,
4,-1,-1,-999,24154,2,global,
1,181,1,928,24156,1,,
1,15,2,886,24156,1,,
376,181,1,928,24162,1,,
376,1358,3,886,24162,1,,
133,67,4,877,24171,1,,
133,581,4,861,24171,1,,
105,368,6,986,24178,1,,
205,127,8,837,24185,1,,
363,141,8,837,24199,1,,
159,374,4,650,24204,1,,
255,663,4,837,24213,1,,
255,331,4,837,24213,1,,
194,101,7,989,24217,1,,
101,366,8,953,24219,1,,
166,376,3,877,24231,1,,
166,6,6,972,24231,1,,
71,1074,7,942,24244,1,,
76,1,6,977,24246,1,,
76,38,4,977,24246,1,,
106,1107,12,650,24253,1,,
148,5,11,977,24264,1,,
204,384,3,928,24271,1,,
332,726,7,861,24277,1,,
294,698,1,899,24277,1,,
294,221,6,953,24277,1,,
10,16,10,987,24296,1,,
328,180,6,942,24298,1,,
304,708,3,956,24301,1,,
304,109,3,977,24301,1,,
304,-1,-1,-999,24301,2,stockout,
227,167,10,987,24312,1,,
5,15,6,938,24318,1,,
193,494,8,953,24329,1,,
305,109,3,977,24336,1,,
13,33,4,953,24340,1,,
196,382,1,956,24342,1,,
67,150,2,987,24350,1,,
67,61,3,925,24350,1,,
47,356,3,976,24358,1,,
153,43,3,925,24366,1,,
231,644,5,837,24371,1,,
86,63,1,928,24371,1,,
86,-1,-1,-999,24372,2,stockout,
128,1485,2,947,24378,1,,
111,95,5,942,24384,1,,
69,61,2,925,24388,1,,
32,148,4,877,24394,1,,
302,51,11,980,24396,1,,
98,93,4,837,24406,1,,
75,152,4,877,24415,1,,
82,358,7,992,24417,1,,
82,20,7,992,24417,1,,
221,77,2,650,24418,1,,
279,171,3,837,24433,1,,
171,1169,10,992,24433,1,,
271,397,12,993,24452,1,,
200,628,1,759,24456,1,,
129,25,6,992,24456,1,,
21,350,6,993,24463,1,,
341,137,7,992,24469,1,,
180,46,7,982,24472,1,,
117,95,3,942,24474,1,,
117,3,2,993,24474,1,,
214,320,10,982,24485,1,,
303,136,6,992,24493,1,,
181,379,2,861,24496,1,,
168,72,6,982,24498,1,,
278,105,1,923,24505,1,,
278,-1,-1,-999,24505,2,stockout,
134,581,2,861,24509,1,,
87,21,5,992,24511,1,,
3,15,10,996,24536,1,,
3,0,3,996,24536,1,,
162,44,11,997,24545,1,,
337,30,2,942,24549,1,,
14,346,4,992,24554,1,,
265,335,10,996,24562,1,,
265,81,10,996,24562,1,,
211,1203,2,793,24565,1,,
376,424,4,901,24577,1,,
83,92,10,996,24588,1,,
83,796,10,996,24588,1,,
170,157,4,922,24589,1,,
136,4,1,877,24601,1,,
247,169,6,996,24608,1,,
247,81,9,978,24608,1,,
130,3,7,999,24614,1,,
206,506,4,999,24623,1,,
116,308,3,955,24626,1,,
135,371,8,996,24627,1,,
135,818,6,996,24627,1,,
135,-1,-1,-999,24627,2,stockout,
304,708,4,956,24632,1,,
294,174,1,992,24638,1,,
99,93,9,966,24650,1,,
246,47,4,801,24651,1,,
246,80,12,801,24651,1,,
82,795,12,936,24657,1,,
4,0,10,966,24666,1,,
146,42,8,801,24672,1,,
146,199,8,801,24672,1,,
334,728,8,966,24681,1,,
141,824,1,928,24688,1,,
96,93,1,966,24689,1,,
166,203,12,996,24695,1,,
166,28,5,1001,24695,1,,
164,202,6,801,24715,1,,
164,6,7,801,24715,1,,
182,46,8,996,24735,1,,
182,160,5,801,24735,1,,
101,450,10,867,24739,1,,
101,304,3,867,24739,1,,
121,3,6,994,24751,1,,
121,39,5,994,24751,1,,
121,-1,-1,-999,24751,2,stockout,
161,597,6,801,24754,1,,
161,256,6,801,24754,1,,
86,63,6,793,24757,1,,
86,63,6,938,24757,1,,
86,-1,-1,-999,24757,2,stockout,
52,1059,9,996,24769,1,,
137,26,9,867,24772,1,,
290,8,12,994,24777,1,,
290,404,6,994,24777,1,,
5,144,8,978,24783,1,,
313,52,8,867,24789,1,,
313,84,2,916,24789,1,,
340,729,8,994,24791,1,,
189,381,8,916,24803,1,,
148,69,8,1001,24805,1,,
120,3,8,958,24817,1,,
120,570,10,958,24817,1,,
95,195,5,867,24817,1,,
95,21,3,867,24817,1,,
120,-1,-1,-999,24817,2,global,
79,549,8,1001,24819,1,,
104,367,10,958,24833,1,,
111,456,1,923,24834,1,,
111,24,6,801,24834,1,,
339,1323,9,487,24848,1,,
369,342,10,958,24850,1,,
295,50,6,995,24870,1,,
295,174,7,1011,24870,1,,
83,796,4,957,24890,1,,
83,358,8,801,24890,1,,
83,-1,-1,-999,24890,2,global,
224,129,8,867,24894,1,,
42,354,8,995,24895,1,,
42,354,10,948,24895,1,,
265,1619,6,1001,24901,1,,
207,875,8,487,24908,1,,
2,293,7,867,24921,1,,
180,852,6,967,24922,1,,
147,1503,3,994,24923,1,,
147,26,6,995,24923,1,,
147,98,10,948,24923,1,,
10,16,6,996,24943,1,,
139,468,10,948,24945,1,,
139,97,5,403,24945,1,,
306,52,4,971,24950,1,,
306,109,7,1012,24950,1,,
329,1677,6,996,24955,1,,
74,91,7,867,24965,1,,
65,37,6,403,24965,1,,
65,1,7,1006,24965,1,,
333,222,6,996,24967,1,,
246,656,5,696,24977,1,,
210,636,7,916,24978,1,,
210,-1,-1,-999,24978,2,stockout,
7,0,4,867,24990,1,,
7,116,2,867,24990,1,,
106,245,6,994,24990,1,,
106,2,1,948,24990,1,,
106,23,6,948,24990,1,,
151,42,7,403,25010,1,,
151,70,6,1006,25010,1,,
330,1678,4,996,25011,1,,
330,11,8,1020,25011,1,,
287,402,6,867,25021,1,,
334,29,6,916,25041,1,,
47,188,4,996,25044,1,,
328,54,3,958,25053,1,,
328,54,7,1006,25053,1,,
328,54,3,403,25053,1,,
213,880,4,996,25059,1,,
149,5,6,916,25065,1,,
87,21,6,487,25077,1,,
221,77,4,801,25081,1,,
221,-1,-1,-999,25081,2,stockout,
161,43,9,995,25086,1,,
288,1636,6,1023,25092,1,,
201,383,6,958,25101,1,,
201,102,3,958,25101,1,,
189,381,10,487,25101,1,,
32,1,5,1023,25107,1,,
346,285,6,867,25113,1,,
18,1377,6,994,25116,1,,
18,146,3,995,25116,1,,
291,695,3,801,25134,1,,
190,622,6,403,25135,1,,
190,73,6,1006,25135,1,,
135,818,3,996,25142,1,,
290,1638,3,958,25150,1,,
290,8,6,403,25150,1,,
42,34,4,996,25151,1,,
42,-1,-1,-999,25151,2,stockout,
108,564,4,867,25155,1,,
102,1459,8,403,25164,1,,
343,12,4,1010,25168,1,,
0,232,1,996,25183,1,,
119,1119,8,403,25186,1,,
119,-1,-1,-999,25186,2,global,
207,633,10,910,25190,1,,
13,17,2,487,25199,1,,
218,77,1,801,25202,1,,
218,7,3,1025,25202,1,,
265,170,2,867,25216,1,,
265,-1,-1,-999,25216,2,stockout,
86,63,7,928,25235,1,,
86,2,5,948,25235,1,,
22,58,7,1007,25242,1,,
241,902,8,403,25249,1,,
107,564,2,867,25255,1,,
278,105,1,923,25264,1,,
106,1463,9,1000,25265,1,,
106,-1,-1,-999,25265,2,global,
120,1120,1,801,25274,1,,
264,396,8,948,25278,1,,
83,63,1,938,25292,1,,
336,282,8,403,25293,1,,
178,315,7,960,25296,1,,
23,58,6,995,25304,1,,
21,86,8,960,25314,1,,
210,636,1,916,25314,1,,
177,261,6,995,25315,1,,
177,-1,-1,-999,25315,2,stockout,
43,35,6,960,25325,1,,
149,69,5,403,25339,1,,
288,692,9,695,25358,1,,
288,692,10,914,25358,1,,
50,764,5,403,25361,1,,
346,285,2,872,25366,1,,
279,171,5,960,25369,1,,
326,54,5,403,25374,1,,
1,343,4,960,25378,1,,
354,226,8,869,25380,1,,
216,1206,11,869,25398,1,,
283,8,8,1021,25414,1,,
308,176,9,1030,25417,1,,
308,-1,-1,-999,25417,2,stockout,
277,171,2,960,25419,1,,
348,31,5,958,25430,1,,
227,216,6,869,25431,1,,
227,1581,2,869,25431,1,,
211,213,8,869,25445,1,,
163,202,1,869,25460,1,,
163,599,8,1031,25460,1,,
244,654,4,958,25465,1,,
244,168,10,915,25465,1,,
244,7,8,915,25465,1,,
244,-1,-1,-999,25465,2,global,
19,119,11,1008,25468,1,,
19,0,4,1008,25468,1,,
304,109,6,1031,25471,1,,
161,479,10,1008,25483,1,,
114,1115,6,869,25483,1,,
318,178,9,1008,25501,1,,
146,42,9,915,25505,1,,
146,26,4,1024,25505,1,,
46,1053,8,1008,25513,1,,
321,280,5,869,25521,1,,
321,136,6,1034,25521,1,,
30,1,2,915,25524,1,,
30,58,10,915,25524,1,,
165,202,5,869,25532,1,,
42,34,6,996,25538,1,,
358,140,10,915,25555,1,,
358,13,12,998,25555,1,,
150,27,8,1014,25569,1,,
33,1,4,915,25583,1,,
33,120,7,1024,25583,1,,
33,120,9,998,25583,1,,
174,158,6,1021,25597,1,,
306,9,10,768,25604,1,,
342,84,8,915,25607,1,,
342,137,8,998,25607,1,,
314,53,7,961,25608,1,,
371,142,6,1014,25617,1,,
83,358,10,869,25621,1,,
125,66,11,915,25624,1,,
18,432,6,1014,25627,1,,
357,56,2,768,25644,1,,
357,13,8,768,25644,1,,
357,112,6,768,25644,1,,
278,397,7,915,25650,1,,
278,277,6,915,25650,1,,
278,7,5,998,25650,1,,
134,817,9,768,25659,1,,
119,24,6,1021,25662,1,,
17,118,10,998,25666,1,,
205,127,6,768,25671,1,,
71,61,7,998,25679,1,,
47,148,4,768,25685,1,,
47,60,4,768,25685,1,,
336,1320,3,840,25692,1,,
336,1320,4,915,25692,1,,
228,167,6,768,25698,1,,
0,15,2,994,25703,1,,
0,343,4,915,25703,1,,
0,-1,-1,-999,25703,2,global,
170,157,5,961,25715,1,,
3,514,4,768,25722,1,,
3,115,8,1042,25722,1,,
19,745,8,975,25726,1,,
135,582,6,998,25732,1,,
322,280,4,961,25734,1,,
113,3,8,1042,25736,1,,
11,117,6,915,25746,1,,
9,427,5,768,25746,1,,
147,42,8,1044,25756,1,,
263,671,2,1021,25761,1,,
263,-1,-1,-999,25761,2,stockout,
304,51,10,1026,25765,1,,
304,8,2,768,25765,1,,
313,84,7,1047,25771,1,,
334,29,5,869,25787,1,,
288,1636,2,995,25788,1,,
288,8,4,915,25788,1,,
221,77,3,801,25803,1,,
172,45,6,915,25804,1,,
168,72,2,1052,25815,1,,
99,22,1,1021,25824,1,,
144,586,4,998,25825,1,,
181,73,3,1034,25834,1,,
181,379,2,768,25834,1,,
248,1238,2,960,25840,1,,
131,579,4,768,25843,1,,
171,607,4,915,25851,1,,
353,111,5,1030,25854,1,,
154,592,3,915,25859,1,,
33,148,4,768,25863,1,,
160,71,1,1052,25865,1,,
189,621,3,958,25867,1,,
265,170,4,867,25895,1,,
229,642,3,995,25900,1,,
314,84,9,1053,25901,1,,
278,171,1,960,25904,1,,
239,1593,3,403,25908,1,,
58,540,4,1034,25933,1,,
89,64,2,994,25945,1,,
204,75,9,1053,25945,1,,
330,55,11,1058,25948,1,,
141,585,2,403,25952,1,,
200,500,2,1034,25953,1,,
128,25,6,1058,25962,1,,
24,1382,1,1024,25962,1,,
24,-1,-1,-999,25963,2,stockout,
275,82,6,1058,25971,1,,
113,565,9,1039,25986,1,,
113,-1,-1,-999,25987,2,stockout,
81,550,1,915,25989,1,,
81,-1,-1,-999,25989,2,stockout,
36,88,2,984,25992,1,,
36,18,8,984,25992,1,,
106,39,1,994,25994,1,,
44,444,3,1043,26007,1,,
44,1,4,1043,26007,1,,
44,1,8,1039,26007,1,,
44,-1,-1,-999,26007,2,global,
129,249,5,1032,26025,1,,
1,0,6,984,26034,1,,
167,156,8,585,26035,1,,
167,6,4,585,26035,1,,
167,258,10,585,26035,1,,
163,6,6,1054,26035,1,,
28,18,2,984,26052,1,,
186,206,12,1054,26054,1,,
344,138,4,984,26059,1,,
97,195,5,585,26064,1,,
97,195,7,1039,26064,1,,
97,2,2,1017,26064,1,,
97,21,2,1017,26064,1,,
97,21,6,585,26064,1,,
258,333,5,1054,26068,1,,
166,258,8,1039,26088,1,,
166,203,8,1017,26088,1,,
25,183,8,1056,26101,1,,
13,17,12,1046,26108,1,,
211,128,7,1039,26117,1,,
211,7,8,585,26117,1,,
211,319,6,585,26117,1,,
184,7,8,1063,26144,1,,
184,1539,10,1063,26144,1,,
184,46,6,1063,26144,1,,
308,136,7,1043,26144,1,,
308,1656,2,1039,26144,1,,
308,9,10,585,26144,1,,
263,170,4,768,26151,1,,
263,-1,-1,-999,26152,2,stockout,
331,55,2,984,26164,1,,
112,2,6,1017,26170,1,,
112,2,6,585,26170,1,,
112,1113,6,585,26170,1,,
183,46,11,959,26181,1,,
183,205,8,959,26181,1,,
95,195,12,1057,26188,1,,
256,332,10,1063,26198,1,,
313,84,8,1069,26201,1,,
329,11,1,1067,26204,1,,
53,35,8,1017,26207,1,,
53,89,4,585,26207,1,,
74,37,4,1054,26213,1,,
74,91,5,1063,26213,1,,
159,27,6,1043,26226,1,,
159,374,6,585,26226,1,,
76,38,7,959,26237,1,,
76,357,10,959,26237,1,,
27,183,9,585,26242,1,,
27,0,1,585,26242,1,,
260,920,11,959,26255,1,,
260,-1,-1,-999,26255,2,stockout,
248,169,6,1039,26261,1,,
248,658,6,585,26261,1,,
72,91,4,1063,26271,1,,
72,61,6,1009,26271,1,,
110,801,5,585,26281,1,,
110,2,5,585,26281,1,,
249,329,8,1009,26285,1,,
98,558,4,1066,26291,1,,
222,166,7,959,26304,1,,
287,946,10,585,26305,1,,
193,208,6,1066,26315,1,,
193,28,10,1066,26315,1,,
319,10,2,1054,26318,1,,
319,414,6,959,26318,1,,
100,558,2,1066,26320,1,,
342,11,2,1017,26325,1,,
342,30,4,585,26325,1,,
342,137,4,585,26325,1,,
99,558,4,1066,26327,1,,
371,114,6,1066,26336,1,,
344,138,10,1017,26347,1,,
344,30,4,585,26347,1,,
254,273,7,959,26348,1,,
372,142,5,1016,26349,1,,
171,607,6,1038,26365,1,,
181,1179,9,585,26374,1,,
236,897,6,959,26379,1,,
364,421,4,585,26390,1,,
364,14,1,585,26390,1,,
364,113,5,585,26390,1,,
364,-1,-1,-999,26390,2,stockout,
172,204,4,1004,26411,1,,
308,176,1,1030,26415,1,,
70,151,7,585,26419,1,,
70,1,7,1071,26419,1,,
188,161,7,1004,26440,1,,
223,265,12,1071,26445,1,,
307,9,6,1004,26449,1,,
375,290,1,985,26453,1,,
256,273,5,959,26456,1,,
343,12,12,1071,26464,1,,
81,550,5,915,26466,1,,
24,1382,2,1024,26477,1,,
24,17,3,1063,26477,1,,
24,-1,-1,-999,26477,2,stockout,
294,134,4,1039,26478,1,,
294,50,4,1071,26478,1,,
175,204,4,1004,26487,1,,
58,540,5,959,26487,1,,
0,425,8,585,26492,1,,
96,1098,5,959,26497,1,,
135,251,4,1063,26506,1,,
15,1029,8,1043,26506,1,,
278,277,7,1065,26523,1,,
69,91,1,1063,26524,1,,
69,1,10,1076,26524,1,,
27,87,4,959,26534,1,,
261,274,6,585,26535,1,,
153,591,6,1055,26557,1,,
144,1143,6,585,26561,1,,
42,34,9,1055,26570,1,,
42,-1,-1,-999,26570,2,stockout,
306,9,2,1078,26575,1,,
345,12,4,1055,26589,1,,
345,56,6,1055,26589,1,,
147,253,5,1071,26592,1,,
105,23,4,959,26596,1,,
257,48,8,1070,26601,1,,
154,837,6,1071,26604,1,,
177,613,4,959,26605,1,,
263,170,2,768,26612,1,,
263,671,6,715,26612,1,,
75,152,4,585,26613,1,,
151,834,7,1070,26623,1,,
200,1198,4,1017,26626,1,,
200,-1,-1,-999,26626,2,stockout,
313,10,3,1054,26634,1,,
196,74,6,1070,26645,1,,
176,158,8,991,26657,1,,
181,1179,6,1063,26661,1,,
1,115,6,1070,26666,1,,
224,129,4,1053,26673,1,,
61,190,8,1013,26682,1,,
2,15,2,959,26690,1,,
136,372,2,585,26694,1,,
303,51,2,1046,26697,1,,
303,-1,-1,-999,26697,2,stockout,
106,245,8,991,26702,1,,
106,2,4,969,26702,1,,
304,51,2,1046,26703,1,,
302,51,1,1046,26709,1,,
259,667,2,1043,26716,1,,
180,204,4,813,26723,1,,
117,568,4,1039,26727,1,,
267,219,8,813,26750,1,,
44,444,2,1043,26753,1,,
364,14,5,585,26768,1,,
210,102,4,969,26773,1,,
210,213,6,969,26773,1,,
337,137,1,585,26776,1,,
361,340,7,969,26784,1,,
60,773,2,1039,26785,1,,
60,-1,-1,-999,26785,2,stockout,
81,62,4,990,26802,1,,
81,2,10,990,26802,1,,
146,42,3,813,26805,1,,
102,560,8,990,26814,1,,
182,204,3,813,26819,1,,
233,646,4,990,26829,1,,
233,1223,6,990,26829,1,,
137,251,6,1072,26831,1,,
135,251,1,1072,26836,1,,
66,37,7,990,26844,1,,
66,302,2,1064,26844,1,,
261,7,8,1084,26848,1,,
261,218,6,1084,26848,1,,
263,671,4,1021,26861,1,,
24,182,12,990,26863,1,,
348,31,8,1073,26880,1,,
348,85,4,1073,26880,1,,
130,3,4,990,26885,1,,
130,25,2,990,26885,1,,
130,25,6,1018,26885,1,,
130,578,3,1064,26885,1,,
144,97,3,1084,26894,1,,
144,199,1,1086,26894,1,,
144,68,3,952,26894,1,,
144,4,9,952,26894,1,,
257,81,6,990,26904,1,,
257,917,6,990,26904,1,,
133,41,8,1073,26908,1,,
177,261,11,968,26911,1,,
325,1309,8,990,26917,1,,
89,64,6,952,26932,1,,
89,21,8,711,26932,1,,
42,34,1,1055,26952,1,,
42,34,12,991,26952,1,,
252,7,7,952,26956,1,,
252,330,9,952,26956,1,,
5,0,10,1005,26959,1,,
221,77,3,1073,26967,1,,
221,-1,-1,-999,26967,2,stockout,
0,85,2,1073,26974,1,,
301,8,9,952,26976,1,,
301,108,4,711,26976,1,,
117,568,11,595,26991,1,,
376,32,6,952,26997,1,,
376,291,8,711,26997,1,,
52,1059,3,1005,27006,1,,
52,60,6,1005,27006,1,,
52,-1,-1,-999,27007,2,stockout,
200,74,4,1070,27009,1,,
200,74,2,969,27009,1,,
200,382,4,990,27009,1,,
6,144,4,1029,27015,1,,
101,366,6,952,27015,1,,
101,196,6,711,27015,1,,
355,1337,8,1064,27023,1,,
105,1106,5,813,27035,1,,
105,23,8,952,27035,1,,
103,122,7,1018,27036,1,,
106,23,7,990,27048,1,,
10,145,4,1005,27051,1,,
178,159,11,711,27053,1,,
147,4,2,991,27061,1,,
147,4,2,990,27061,1,,
147,98,3,1064,27061,1,,
1,32,9,1092,27066,1,,
56,769,9,952,27068,1,,
278,105,7,969,27083,1,,
278,-1,-1,-999,27083,2,stockout,
21,86,9,952,27084,1,,
179,6,1,969,27094,1,,
179,378,5,990,27094,1,,
12,16,8,1049,27098,1,,
12,0,4,1049,27098,1,,
233,269,6,1064,27120,1,,
161,597,9,711,27126,1,,
40,19,5,1049,27138,1,,
40,1,6,1049,27138,1,,
269,676,6,1064,27153,1,,
166,203,3,952,27154,1,,
166,258,4,952,27154,1,,
166,6,6,1090,27154,1,,
102,94,11,1049,27156,1,,
261,921,8,952,27169,1,,
170,259,2,969,27170,1,,
170,72,8,1088,27170,1,,
170,-1,-1,-999,27170,2,stockout,
281,172,7,1049,27178,1,,
85,359,8,952,27183,1,,
263,1253,11,969,27187,1,,
7,0,1,1049,27191,1,,
7,116,6,1049,27191,1,,
128,3,2,1084,27195,1,,
128,95,5,711,27195,1,,
344,138,6,1049,27203,1,,
344,-1,-1,-999,27203,2,stockout,
11,145,7,952,27208,1,,
346,420,6,1049,27214,1,,
163,257,6,1088,27215,1,,
60,773,6,1039,27226,1,,
149,69,6,1084,27234,1,,
370,1009,6,1018,27253,1,,
343,84,12,1094,27256,1,,
343,56,3,1094,27256,1,,
343,12,6,1094,27256,1,,
366,1006,6,990,27264,1,,
143,199,10,1094,27272,1,,
230,1220,6,952,27274,1,,
230,47,7,1095,27274,1,,
301,1286,6,969,27276,1,,
73,61,6,1095,27291,1,,
15,521,5,1094,27295,1,,
15,234,4,1094,27295,1,,
15,0,6,1099,27295,1,,
345,12,5,990,27296,1,,
158,71,8,1095,27305,1,,
362,340,5,969,27306,1,,
362,-1,-1,-999,27306,2,stockout,
41,186,4,990,27315,1,,
309,9,6,952,27316,1,,
194,495,4,969,27324,1,,
134,25,2,1005,27344,1,,
134,371,12,1099,27344,1,,
243,79,6,952,27344,1,,
206,632,4,990,27347,1,,
339,56,2,1094,27357,1,,
339,30,5,1099,27357,1,,
63,36,4,1095,27357,1,,
63,150,3,1003,27357,1,,
86,360,3,991,27380,1,,
266,674,3,1049,27387,1,,
303,51,5,1046,27394,1,,
200,1198,4,1017,27396,1,,
200,-1,-1,-999,27397,2,stockout,
294,174,3,1064,27397,1,,
112,95,5,711,27412,1,,
238,79,3,1049,27412,1,,
295,174,11,1045,27414,1,,
280,172,2,1085,27419,1,,
204,75,5,952,27422,1,,
221,77,6,1073,27431,1,,
221,-1,-1,-999,27431,2,stockout,
329,54,5,952,27433,1,,
256,273,4,711,27445,1,,
90,64,3,990,27450,1,,
90,21,7,1101,27450,1,,
7,516,9,1085,27452,1,,
6,1022,3,1101,27460,1,,
291,1639,8,1041,27460,1,,
129,312,7,1104,27465,1,,
30,1043,4,952,27487,1,,
278,105,2,969,27488,1,,
20,1379,2,1070,27499,1,,
334,978,6,1104,27500,1,,
346,30,5,1099,27510,1,,
114,307,4,952,27515,1,,
281,172,2,991,27528,1,,
230,130,12,1041,27535,1,,
42,34,2,1017,27536,1,,
42,-1,-1,-999,27536,2,stockout,
177,204,2,990,27537,1,,
301,135,4,965,27542,1,,
170,259,8,969,27557,1,,
170,-1,-1,-999,27557,2,stockout,
242,79,2,1049,27583,1,,
242,-1,-1,-999,27583,2,stockout,
196,382,2,990,27586,1,,
254,662,8,1117,27587,1,,
254,-1,-1,-999,27587,2,stockout,
244,80,2,991,27593,1,,
106,369,9,1117,27602,1,,
151,254,6,1100,27610,1,,
12,345,1,1099,27611,1,,
205,75,8,1075,27614,1,,
147,98,5,1113,27622,1,,
52,1059,1,1005,27635,1,,
52,1,9,1116,27635,1,,
243,653,6,1003,27639,1,,
240,79,1,1049,27641,1,,
344,138,2,1049,27647,1,,
237,168,12,1107,27655,1,,
277,49,5,1100,27663,1,,
24,1382,2,1024,27666,1,,
24,0,5,1075,27666,1,,
24,-1,-1,-999,27666,2,stockout,
185,1183,9,1107,27678,1,,
92,194,5,1075,27690,1,,
172,45,8,1115,27694,1,,
36,297,1,990,27700,1,,
178,159,3,1107,27709,1,,
327,54,3,952,27729,1,,
149,5,2,1041,27733,1,,
93,363,6,1119,27755,1,,
76,302,3,847,27764,1,,
76,152,4,847,27764,1,,
76,92,9,847,27764,1,,
76,1,12,847,27764,1,,
76,38,10,847,27764,1,,
221,77,1,1073,27773,1,,
17,146,6,981,27788,1,,
17,0,7,981,27788,1,,
40,186,10,847,27795,1,,
40,236,6,847,27795,1,,
40,353,6,847,27795,1,,
101,122,4,1126,27804,1,,
148,5,7,847,27817,1,,
148,98,8,847,27817,1,,
342,284,9,1126,27819,1,,
358,112,9,981,27827,1,,
166,203,12,847,27836,1,,
211,128,7,1122,27837,1,,
211,7,4,1122,27837,1,,
157,71,6,1122,27848,1,,
33,33,3,847,27855,1,,
33,351,4,847,27855,1,,
33,18,5,847,27855,1,,
31,439,8,1122,27864,1,,
31,1,1,1122,27864,1,,
31,-1,-1,-999,27864,2,global,
290,1278,11,847,27873,1,,
128,3,4,1122,27873,1,,
281,172,2,952,27875,1,,
281,172,7,981,27875,1,,
196,318,12,847,27891,1,,
196,-1,-1,-999,27891,2,stockout,
96,93,2,1022,27896,1,,
191,207,9,981,27905,1,,
356,288,6,847,27909,1,,
356,111,5,847,27909,1,,
106,2,8,1093,27922,1,,
106,245,10,1093,27922,1,,
292,133,7,981,27934,1,,
94,1097,3,1037,27947,1,,
94,21,6,1061,27947,1,,
161,479,7,1093,27949,1,,
161,5,12,1093,27949,1,,
42,34,6,847,27952,1,,
42,34,9,1115,27952,1,,
42,1,2,1129,27952,1,,
42,-1,-1,-999,27952,2,stockout,
98,93,2,1022,27956,1,,
38,297,4,981,27961,1,,
132,1131,10,847,27968,1,,
192,207,7,1061,27974,1,,
203,47,4,981,27988,1,,
203,7,4,1125,27988,1,,
30,750,10,1093,27991,1,,
79,2,1,847,27993,1,,
79,152,4,1123,27993,1,,
79,20,12,1133,27993,1,,
92,556,6,981,27999,1,,
259,667,10,847,28014,1,,
259,81,4,1133,28014,1,,
34,1,3,1125,28020,1,,
34,1,4,1061,28020,1,,
34,1,7,1137,28020,1,,
354,111,1,847,28031,1,,
354,13,10,1133,28031,1,,
370,1009,7,1125,28038,1,,
242,903,9,911,28042,1,,
242,652,5,1093,28042,1,,
119,3,4,847,28048,1,,
119,309,6,1133,28048,1,,
110,455,6,1061,28049,1,,
150,27,9,1134,28064,1,,
150,5,6,1138,28064,1,,
144,252,10,847,28071,1,,
324,720,12,1138,28083,1,,
165,202,7,847,28089,1,,
129,25,8,1093,28097,1,,
266,1620,9,847,28104,1,,
334,29,3,1137,28107,1,,
187,1542,7,847,28116,1,,
111,564,4,1138,28118,1,,
111,2,10,1127,28118,1,,
358,1340,6,1037,28122,1,,
3,233,6,847,28128,1,,
86,21,6,1093,28130,1,,
191,207,3,1061,28142,1,,
348,13,10,1127,28146,1,,
263,170,2,1061,28149,1,,
263,-1,-1,-999,28149,2,stockout,
114,803,2,1107,28156,1,,
114,-1,-1,-999,28156,2,stockout,
81,2,2,847,28157,1,,
81,62,8,1139,28157,1,,
33,88,5,1093,28160,1,,
33,1,3,1127,28160,1,,
321,179,4,847,28174,1,,
321,110,2,847,28174,1,,
240,1594,4,618,28174,1,,
240,104,4,1127,28174,1,,
240,-1,-1,-999,28174,2,stockout,
24,1382,2,1024,28179,1,,
24,-1,-1,-999,28179,2,stockout,
128,25,6,1127,28185,1,,
337,137,2,1059,28186,1,,
340,137,6,1059,28202,1,,
200,74,6,969,28204,1,,
236,897,6,847,28216,1,,
101,93,5,1022,28219,1,,
101,-1,-1,-999,28219,2,stockout,
355,1337,11,1142,28219,1,,
177,613,5,847,28232,1,,
25,236,6,1142,28237,1,,
56,769,4,1123,28247,1,,
103,197,4,847,28263,1,,
320,414,6,1142,28268,1,,
92,21,6,1112,28287,1,,
92,38,10,1112,28287,1,,
92,153,2,1112,28287,1,,
92,194,3,1112,28287,1,,
92,2,4,1112,28287,1,,
44,355,3,847,28292,1,,
305,83,3,847,28302,1,,
34,754,7,1059,28305,1,,
164,202,2,847,28313,1,,
164,-1,-1,-999,28313,2,stockout,
146,97,7,1112,28320,1,,
146,26,7,1112,28320,1,,
146,42,10,1112,28320,1,,
152,5,2,1127,28341,1,,
152,200,9,1132,28341,1,,
152,835,3,1132,28341,1,,
41,237,2,1133,28341,1,,
242,79,6,952,28350,1,,
178,159,9,1145,28357,1,,
223,265,3,943,28361,1,,
22,86,2,1127,28373,1,,
22,0,12,1112,28373,1,,
22,33,9,1098,28373,1,,
196,74,2,969,28392,1,,
283,106,4,1112,28396,1,,
283,224,4,1112,28396,1,,
283,8,8,1112,28396,1,,
321,414,1,1142,28411,1,,
362,112,9,1112,28423,1,,
362,14,10,1112,28423,1,,
33,1045,3,1079,28428,1,,
42,34,1,1115,28433,1,,
102,22,8,1132,28444,1,,
102,122,6,1112,28444,1,,
136,819,2,1112,28463,1,,
136,26,10,1098,28463,1,,
32,752,2,1087,28464,1,,
165,124,6,1087,28475,1,,
195,264,3,1132,28481,1,,
195,867,8,1112,28481,1,,
163,124,1,1087,28481,1,,
25,1038,6,943,28481,1,,
263,170,1,1061,28490,1,,
263,170,3,1137,28490,1,,
263,-1,-1,-999,28491,2,stockout,
205,127,1,1087,28495,1,,
110,95,3,1132,28498,1,,
110,801,7,1112,28498,1,,
110,2,1,1112,28498,1,,
110,-1,-1,-999,28498,2,global,
156,70,1,1112,28518,1,,
156,1155,12,458,28518,1,,
325,10,6,932,28529,1,,
268,104,4,1127,28534,1,,
268,220,6,1112,28534,1,,
228,641,10,932,28545,1,,
66,1,4,1112,28549,1,,
66,779,5,1098,28549,1,,
314,962,10,1132,28566,1,,
114,803,6,1107,28567,1,,
114,-1,-1,-999,28567,2,stockout,
246,907,12,1050,28572,1,,
246,28,6,1050,28572,1,,
15,57,4,1050,28596,1,,
15,117,6,1050,28596,1,,
15,295,6,1050,28596,1,,
186,206,8,458,28599,1,,
204,75,5,1050,28614,1,,
204,211,6,1050,28614,1,,
264,334,6,924,28618,1,,
264,218,9,924,28618,1,,
264,48,10,924,28618,1,,
90,64,9,458,28626,1,,
31,58,9,1050,28638,1,,
31,18,8,1083,28638,1,,
135,312,7,924,28652,1,,
135,4,7,924,28652,1,,
135,67,10,924,28652,1,,
34,59,10,1050,28654,1,,
202,383,8,1098,28672,1,,
158,255,4,1050,28674,1,,
158,100,2,1110,28674,1,,
158,156,7,1028,28674,1,,
113,24,6,924,28687,1,,
113,369,12,924,28687,1,,
113,3,8,924,28687,1,,
229,267,7,1050,28693,1,,
229,1583,5,1106,28693,1,,
259,1249,8,1127,28695,1,,
227,216,8,458,28709,1,,
57,36,2,1050,28711,1,,
57,1414,8,1028,28711,1,,
57,60,1,1028,28711,1,,
225,323,10,924,28712,1,,
225,215,7,924,28712,1,,
11,117,8,1110,28725,1,,
10,145,6,924,28741,1,,
10,738,6,924,28741,1,,
10,16,5,924,28741,1,,
10,116,4,924,28741,1,,
352,287,10,1028,28742,1,,
352,32,1,1028,28742,1,,
287,946,1,1127,28745,1,,
287,132,7,458,28745,1,,
287,-1,-1,-999,28745,2,stockout,
28,527,11,924,28766,1,,
28,119,6,924,28766,1,,
364,14,1,1112,28766,1,,
364,228,7,1098,28766,1,,
58,149,4,1110,28785,1,,
58,89,7,1108,28785,1,,
83,38,10,924,28788,1,,
83,796,5,924,28788,1,,
12,1371,7,1098,28793,1,,
12,-1,-1,-999,28793,2,global,
