pod_id,item_id,qty,order_id,processed_time,task_type,trigger,opp_score
0,0,5,-16,49,1,,
0,0,7,-42,49,1,,
91,2,3,-4,72,1,,
91,36,4,-85,72,1,,
91,250,8,-30,72,1,,
193,43,8,-8,75,1,,
430,407,8,-69,76,1,,
430,633,7,-54,76,1,,
430,26,9,-54,76,1,,
133,79,8,-8,92,1,,
133,128,4,-8,92,1,,
92,2,6,-63,101,1,,
92,2,6,-96,101,1,,
92,1316,5,-4,101,1,,
230,1962,9,-8,105,1,,
63,71,10,-54,114,1,,
63,1,6,-54,114,1,,
63,332,8,-51,114,1,,
63,439,6,-51,114,1,,
196,733,11,-4,117,1,,
364,156,12,-8,122,1,,
387,500,4,-96,136,1,,
387,817,8,-4,136,1,,
137,39,8,-69,149,1,,
137,560,2,-69,149,1,,
137,712,11,-51,149,1,,
137,5,6,-51,149,1,,
132,5,10,-30,152,1,,
1,0,1,-42,156,1,,
1,0,10,-93,156,1,,
1,29,8,-82,156,1,,
1,231,6,-8,156,1,,
282,1190,8,-82,170,1,,
66,2,1,-96,171,1,,
66,2,7,-33,171,1,,
66,2,4,-4,171,1,,
149,1781,8,-69,181,1,,
149,80,5,-50,181,1,,
149,80,10,-69,181,1,,
116,4,7,-82,183,1,,
184,1863,10,-33,187,1,,
337,392,8,-93,197,1,,
354,499,7,-33,199,1,,
225,46,7,-62,211,1,,
225,9,10,-51,211,1,,
225,88,4,-51,211,1,,
445,111,6,-4,211,1,,
151,6,3,-8,214,1,,
151,456,4,-100,214,1,,
171,82,4,-4,225,1,,
384,500,4,-96,231,1,,
14,233,7,-54,244,1,,
14,233,10,-51,244,1,,
14,322,7,-51,244,1,,
172,82,6,-8,256,1,,
172,7,4,-72,256,1,,
313,2175,4,-4,262,1,,
279,1187,4,-69,273,1,,
279,13,12,-62,273,1,,
279,144,5,-51,273,1,,
210,741,6,-8,276,1,,
170,566,4,-68,279,1,,
170,7,5,-68,279,1,,
277,975,7,-8,287,1,,
173,566,3,-68,294,1,,
356,500,2,-96,300,1,,
356,56,1,-24,300,1,,
115,37,3,-73,301,1,,
115,37,4,-51,301,1,,
115,903,2,-69,301,1,,
115,445,11,-62,301,1,,
234,90,3,-30,305,1,,
396,159,6,-82,318,1,,
460,1269,6,-8,327,1,,
186,42,8,-62,328,1,,
186,83,6,-62,328,1,,
186,1868,5,-51,328,1,,
134,184,5,-72,335,1,,
430,837,2,-30,341,1,,
133,184,6,-43,344,1,,
447,111,7,-69,355,1,,
447,64,6,-54,355,1,,
447,28,6,-51,355,1,,
174,82,3,-8,362,1,,
174,460,10,-43,362,1,,
352,290,8,-53,368,1,,
49,663,10,-69,381,1,,
49,239,8,-50,381,1,,
160,458,1,-4,384,1,,
314,387,4,-8,390,1,,
66,1633,8,-82,404,1,,
273,2067,3,-53,404,1,,
331,54,8,-54,407,1,,
331,212,10,-51,407,1,,
269,597,4,-8,411,1,,
384,295,4,-8,433,1,,
316,150,6,-62,433,1,,
316,992,6,-62,433,1,,
316,387,2,-54,433,1,,
316,53,4,-51,433,1,,
268,13,7,0,445,1,,
338,392,4,-93,452,1,,
120,181,8,-54,458,1,,
120,557,5,-54,458,1,,
120,38,4,-54,458,1,,
404,160,10,-87,476,1,,
240,476,8,-62,483,1,,
240,47,4,-54,483,1,,
240,90,5,-51,483,1,,
20,1,6,3,486,1,,
422,62,6,3,495,1,,
387,218,4,-87,502,1,,
139,5,7,-66,506,1,,
287,146,4,-51,506,1,,
287,146,6,-69,506,1,,
287,50,6,-62,506,1,,
15,115,8,8,514,1,,
313,386,6,-82,515,1,,
348,1223,9,-62,528,1,,
348,20,6,-62,528,1,,
373,1017,4,-82,530,1,,
407,61,6,-66,540,1,,
210,87,6,-59,541,1,,
375,103,8,-69,547,1,,
375,1236,4,-51,547,1,,
159,1351,2,-59,558,1,,
159,81,10,-59,558,1,,
310,281,11,-51,565,1,,
21,426,6,-59,567,1,,
408,403,6,-48,578,1,,
59,668,10,-51,581,1,,
0,231,2,-8,583,1,,
147,6,8,-45,583,1,,
70,1639,10,-69,597,1,,
409,403,3,-48,598,1,,
7,856,4,-59,608,1,,
98,76,3,-69,613,1,,
98,178,6,-54,613,1,,
98,125,1,-51,613,1,,
138,452,9,-47,617,1,,
251,93,10,-51,641,1,,
51,1,12,-14,642,1,,
51,1610,8,-14,642,1,,
304,279,4,-47,643,1,,
304,16,9,-84,643,1,,
332,54,2,-66,647,1,,
394,159,2,-82,652,1,,
295,147,10,-69,668,1,,
55,241,8,-14,671,1,,
166,1822,9,-54,680,1,,
180,83,7,-45,682,1,,
311,281,6,-75,691,1,,
395,298,2,-69,695,1,,
395,220,8,-54,695,1,,
204,8,8,-75,703,1,,
20,426,7,-69,706,1,,
20,68,1,-62,706,1,,
12,859,1,-45,711,1,,
12,0,4,11,711,1,,
360,1450,7,-84,720,1,,
230,581,6,-51,720,1,,
230,473,3,-51,720,1,,
301,988,2,-8,741,1,,
203,937,4,-44,744,1,,
417,61,2,-47,750,1,,
354,794,4,-45,751,1,,
416,61,6,-47,759,1,,
260,12,8,-62,763,1,,
56,241,6,-75,772,1,,
153,355,8,-73,775,1,,
132,5,6,14,778,1,,
454,64,2,-59,783,1,,
454,1266,4,-75,783,1,,
196,1893,8,-54,787,1,,
305,280,2,-59,798,1,,
80,246,7,-54,798,1,,
80,125,1,-51,798,1,,
261,203,1,-59,801,1,,
140,185,6,-78,802,1,,
358,291,8,-51,810,1,,
362,1452,8,-62,822,1,,
263,203,6,-83,829,1,,
348,20,2,-78,841,1,,
348,101,6,-78,841,1,,
262,203,6,-78,850,1,,
405,24,2,-62,857,1,,
405,625,6,-54,857,1,,
447,28,8,-9,860,1,,
397,23,12,-78,867,1,,
91,250,6,-51,868,1,,
91,125,1,-51,868,1,,
38,33,9,-9,873,1,,
2,0,4,-78,873,1,,
164,7,3,-9,883,1,,
1,65,10,2,887,1,,
141,185,7,-69,888,1,,
0,65,2,-62,897,1,,
0,65,4,-51,897,1,,
133,681,6,-54,907,1,,
13,67,6,-55,908,1,,
13,0,8,15,908,1,,
450,229,11,-49,910,1,,
337,288,7,-1,920,1,,
258,273,4,-55,921,1,,
258,375,4,-55,921,1,,
134,5,10,2,935,1,,
464,318,6,-9,939,1,,
6,421,6,-69,954,1,,
446,111,10,-1,963,1,,
30,1563,4,-49,970,1,,
246,139,4,15,980,1,,
246,11,9,15,980,1,,
23,859,1,-45,984,1,,
23,168,9,-6,984,1,,
4,529,10,-88,988,1,,
279,95,9,-6,997,1,,
156,918,6,-62,997,1,,
14,859,1,-45,1000,1,,
102,179,7,2,1007,1,,
411,25,5,-62,1008,1,,
411,829,1,-51,1008,1,,
22,427,6,-54,1017,1,,
15,859,1,-45,1017,1,,
316,779,8,12,1034,1,,
316,98,8,12,1034,1,,
180,193,6,-50,1035,1,,
305,280,2,-55,1045,1,,
305,382,5,12,1045,1,,
194,732,6,-62,1050,1,,
348,1009,8,2,1056,1,,
42,118,6,-69,1059,1,,
20,1,6,2,1066,1,,
16,859,1,-45,1075,1,,
10,686,10,12,1080,1,,
17,859,1,-45,1083,1,,
282,482,3,-54,1088,1,,
165,131,6,-29,1089,1,,
433,27,5,-51,1098,1,,
434,63,5,1,1099,1,,
33,1075,5,-62,1106,1,,
321,99,6,2,1117,1,,
93,251,6,-55,1126,1,,
293,381,6,2,1136,1,,
112,253,4,1,1144,1,,
124,907,6,-55,1153,1,,
294,96,2,1,1154,1,,
178,1145,2,-54,1160,1,,
432,308,8,-56,1166,1,,
317,2187,1,-51,1171,1,,
239,475,2,-62,1176,1,,
167,460,2,-92,1177,1,,
167,7,6,-92,1177,1,,
435,109,6,-94,1188,1,,
177,361,8,-58,1192,1,,
173,264,8,-56,1201,1,,
306,486,5,15,1212,1,,
118,556,6,-92,1212,1,,
283,145,6,-36,1220,1,,
283,378,2,-36,1220,1,,
133,681,5,-29,1220,1,,
259,375,4,-55,1229,1,,
23,325,8,-23,1230,1,,
315,283,8,-17,1232,1,,
96,125,1,-51,1235,1,,
271,378,2,-36,1240,1,,
0,65,2,2,1257,1,,
443,412,3,-78,1271,1,,
260,375,2,-55,1285,1,,
300,2140,3,-17,1287,1,,
340,289,2,2,1289,1,,
272,378,1,-36,1291,1,,
322,18,4,-92,1292,1,,
348,20,4,-92,1305,1,,
348,55,5,-38,1305,1,,
97,125,1,-51,1315,1,,
174,41,5,-38,1323,1,,
174,360,2,-12,1323,1,,
299,382,1,12,1335,1,,
409,25,6,-38,1335,1,,
274,95,12,-10,1345,1,,
274,205,8,-10,1345,1,,
114,77,10,-38,1351,1,,
81,125,1,-51,1360,1,,
81,2,10,-10,1360,1,,
318,211,10,-38,1368,1,,
119,345,4,-12,1382,1,,
119,253,4,-67,1382,1,,
98,441,9,-10,1384,1,,
98,441,4,-40,1384,1,,
98,3,5,-95,1384,1,,
172,41,1,-38,1397,1,,
172,726,8,-67,1397,1,,
240,1987,12,-20,1398,1,,
240,90,7,-20,1398,1,,
307,486,2,22,1402,1,,
352,393,10,-10,1403,1,,
352,1224,4,-40,1403,1,,
164,41,5,-38,1407,1,,
141,40,3,22,1413,1,,
141,128,4,22,1413,1,,
24,116,8,30,1421,1,,
332,54,8,-40,1423,1,,
332,153,3,-95,1423,1,,
57,241,8,-20,1424,1,,
433,63,10,-20,1438,1,,
1,319,1,22,1441,1,,
128,559,10,-95,1443,1,,
28,657,11,-79,1457,1,,
280,14,10,-95,1458,1,,
129,128,7,-20,1459,1,,
360,155,10,19,1474,1,,
118,345,9,-10,1482,1,,
229,473,6,-64,1494,1,,
229,370,9,-64,1494,1,,
5,1061,2,-10,1495,1,,
5,649,7,-40,1495,1,,
192,1884,8,-10,1514,1,,
192,135,5,-81,1514,1,,
444,312,6,-64,1518,1,,
444,27,12,-64,1518,1,,
115,253,2,-67,1522,1,,
115,127,9,-3,1522,1,,
115,675,5,-3,1522,1,,
14,233,8,-10,1526,1,,
251,93,10,-3,1536,1,,
125,183,8,19,1537,1,,
125,38,6,-13,1537,1,,
323,18,9,-81,1539,1,,
173,264,10,-3,1550,1,,
53,173,8,-95,1551,1,,
58,120,8,-79,1562,1,,
232,47,8,-95,1568,1,,
148,353,6,-3,1571,1,,
11,686,8,-3,1583,1,,
165,190,12,-13,1586,1,,
265,13,8,-40,1587,1,,
252,93,6,27,1592,1,,
445,412,6,-86,1595,1,,
19,68,6,-3,1601,1,,
308,149,6,-3,1611,1,,
142,129,2,-79,1619,1,,
142,185,3,-79,1619,1,,
67,72,7,-40,1629,1,,
132,183,2,19,1632,1,,
132,5,2,-86,1632,1,,
281,1189,4,-86,1639,1,,
423,1033,8,-95,1643,1,,
410,25,2,-38,1652,1,,
410,1027,3,30,1652,1,,
384,21,6,-40,1652,1,,
163,922,8,-77,1655,1,,
163,358,4,-77,1655,1,,
376,293,4,-86,1664,1,,
376,104,2,-86,1664,1,,
120,447,6,-77,1677,1,,
120,4,3,-77,1677,1,,
227,580,8,-77,1689,1,,
435,308,5,-40,1690,1,,
133,681,6,-10,1700,1,,
133,5,1,-81,1700,1,,
334,494,8,-77,1701,1,,
96,441,6,-40,1710,1,,
203,367,7,-77,1711,1,,
280,2082,5,23,1718,1,,
12,423,10,9,1731,1,,
258,592,6,-77,1744,1,,
82,125,1,-51,1751,1,,
82,73,4,-81,1751,1,,
183,42,5,27,1752,1,,
183,42,11,9,1752,1,,
137,1131,2,-81,1756,1,,
349,1224,3,-40,1762,1,,
358,56,5,30,1765,1,,
358,395,4,9,1765,1,,
342,214,9,9,1778,1,,
224,88,5,9,1786,1,,
3,1060,2,-81,1792,1,,
174,264,8,9,1798,1,,
77,335,4,-3,1804,1,,
446,412,1,-86,1811,1,,
446,313,9,32,1811,1,,
446,27,8,32,1811,1,,
136,451,4,-3,1811,1,,
38,33,8,9,1823,1,,
106,898,2,-10,1830,1,,
364,156,10,32,1832,1,,
364,58,6,32,1832,1,,
97,1687,4,29,1837,1,,
99,341,3,30,1843,1,,
99,441,1,-79,1843,1,,
465,1515,4,-3,1852,1,,
86,2,6,32,1855,1,,
86,74,2,18,1855,1,,
86,35,9,18,1855,1,,
176,265,1,-10,1873,1,,
175,265,1,-10,1883,1,,
177,265,1,-10,1887,1,,
230,473,2,-64,1887,1,,
230,271,6,32,1887,1,,
230,46,10,18,1887,1,,
178,265,1,-10,1891,1,,
119,677,4,-3,1905,1,,
141,258,12,18,1906,1,,
321,152,12,18,1924,1,,
61,34,8,33,1927,1,,
365,396,7,18,1949,1,,
365,58,10,18,1949,1,,
78,335,8,-70,1954,1,,
403,222,6,-70,1963,1,,
59,70,6,-91,1967,1,,
59,120,8,-91,1967,1,,
336,494,3,-77,1967,1,,
336,19,8,18,1967,1,,
338,213,2,-3,1968,1,,
257,94,2,-3,1972,1,,
262,375,4,33,1974,1,,
261,375,4,33,1980,1,,
98,178,4,-70,1982,1,,
302,279,10,32,1983,1,,
100,178,12,-32,1999,1,,
265,49,10,18,1999,1,,
204,137,9,-32,2012,1,,
332,493,10,18,2016,1,,
31,69,10,-91,2019,1,,
31,659,8,-34,2019,1,,
293,51,8,-32,2024,1,,
130,39,9,32,2031,1,,
96,1687,4,29,2038,1,,
96,36,10,-34,2038,1,,
222,946,11,-34,2063,1,,
322,99,7,35,2071,1,,
95,251,7,-90,2077,1,,
95,341,6,-90,2077,1,,
95,2,10,-90,2077,1,,
249,11,1,-91,2081,1,,
249,372,5,-34,2081,1,,
249,200,7,-34,2081,1,,
32,117,4,35,2086,1,,
32,32,6,43,2086,1,,
205,8,10,-90,2091,1,,
75,1648,5,-91,2096,1,,
75,34,6,-34,2096,1,,
182,570,8,18,2097,1,,
187,1869,9,-90,2106,1,,
323,285,9,-34,2109,1,,
324,783,8,43,2109,1,,
77,884,2,-15,2118,1,,
77,245,6,-32,2118,1,,
2,0,6,18,2118,1,,
58,1,6,-11,2129,1,,
58,1303,8,-11,2129,1,,
152,188,2,-32,2131,1,,
152,456,6,-90,2131,1,,
102,179,10,43,2132,1,,
158,262,6,32,2142,1,,
405,1480,10,-11,2144,1,,
300,382,5,-90,2145,1,,
300,96,5,-27,2145,1,,
373,59,8,-90,2157,1,,
87,125,1,-51,2158,1,,
87,2,7,-11,2158,1,,
87,74,2,-11,2158,1,,
209,1157,8,-34,2170,1,,
319,211,10,-11,2184,1,,
159,6,7,44,2186,1,,
159,262,8,44,2186,1,,
115,706,6,18,2201,1,,
414,628,4,-34,2206,1,,
15,424,11,44,2218,1,,
452,112,6,18,2228,1,,
208,44,8,47,2229,1,,
170,132,5,-77,2237,1,,
5,165,4,-90,2239,1,,
5,420,6,44,2239,1,,
164,922,2,-77,2247,1,,
42,118,4,-34,2247,1,,
215,45,4,-11,2255,1,,
206,8,10,44,2255,1,,
206,137,2,44,2255,1,,
91,36,2,-34,2266,1,,
99,178,8,-27,2272,1,,
447,64,10,-74,2278,1,,
447,28,12,-74,2278,1,,
439,227,4,18,2285,1,,
372,103,10,-27,2291,1,,
285,483,4,-74,2293,1,,
260,375,1,33,2293,1,,
251,588,2,-91,2304,1,,
305,97,8,44,2308,1,,
330,1002,12,-74,2309,1,,
384,396,1,18,2313,1,,
465,318,8,-90,2320,1,,
121,38,6,-90,2337,1,,
121,182,6,-98,2337,1,,
322,18,10,39,2341,1,,
153,456,6,-90,2346,1,,
329,492,6,-71,2357,1,,
96,177,8,46,2368,1,,
256,202,2,46,2372,1,,
82,546,6,-32,2387,1,,
21,116,4,46,2388,1,,
21,1,7,46,2388,1,,
216,87,6,-25,2397,1,,
304,16,1,-11,2400,1,,
115,903,7,-74,2402,1,,
115,445,9,39,2402,1,,
158,262,3,-11,2406,1,,
342,1004,10,39,2417,1,,
453,641,5,-98,2418,1,,
211,87,4,-25,2423,1,,
374,619,6,-98,2430,1,,
286,483,1,-74,2433,1,,
286,49,11,56,2433,1,,
426,161,5,-90,2438,1,,
301,382,5,-90,2446,1,,
461,1270,10,39,2453,1,,
97,177,10,50,2461,1,,
425,160,5,37,2465,1,,
425,26,9,37,2465,1,,
441,227,5,-25,2470,1,,
20,1,4,-90,2472,1,,
429,162,4,39,2472,1,,
83,175,7,39,2483,1,,
19,68,6,10,2507,1,,
19,115,11,-65,2507,1,,
430,162,3,39,2512,1,,
454,1266,4,37,2514,1,,
234,90,1,-20,2516,1,,
460,525,4,44,2524,1,,
109,343,6,-60,2526,1,,
108,36,3,56,2531,1,,
177,1844,3,-79,2537,1,,
62,1088,12,10,2546,1,,
133,5,4,10,2567,1,,
133,79,4,10,2567,1,,
133,350,8,-65,2567,1,,
264,2042,2,37,2569,1,,
422,62,10,-97,2572,1,,
326,491,3,-98,2575,1,,
84,546,8,-97,2583,1,,
153,80,4,50,2585,1,,
153,915,1,10,2585,1,,
153,6,2,-65,2585,1,,
153,40,6,59,2585,1,,
42,118,6,-97,2603,1,,
35,168,6,59,2605,1,,
35,1575,9,59,2605,1,,
299,382,2,-90,2611,1,,
6,66,1,-32,2614,1,,
171,1144,12,45,2622,1,,
4,648,7,10,2623,1,,
4,0,6,59,2623,1,,
284,275,2,-90,2638,1,,
337,19,12,10,2639,1,,
320,17,1,-32,2641,1,,
114,445,1,39,2656,1,,
114,37,6,45,2656,1,,
119,37,8,10,2661,1,,
119,128,8,-46,2661,1,,
450,520,12,10,2677,1,,
427,62,6,45,2677,1,,
427,26,4,45,2677,1,,
380,812,5,-97,2686,1,,
260,12,4,60,2692,1,,
67,2,11,10,2692,1,,
128,38,3,60,2698,1,,
26,535,10,71,2700,1,,
195,267,4,10,2717,1,,
195,7,4,59,2717,1,,
195,135,11,65,2717,1,,
27,32,10,-26,2719,1,,
27,535,4,-26,2719,1,,
338,154,6,61,2722,1,,
28,861,4,45,2726,1,,
339,154,2,61,2737,1,,
209,269,10,10,2739,1,,
209,8,7,65,2739,1,,
261,203,10,61,2751,1,,
40,1,7,57,2751,1,,
40,1584,12,57,2751,1,,
172,132,8,57,2769,1,,
55,435,7,-46,2774,1,,
55,1,9,65,2774,1,,
447,28,8,-26,2780,1,,
340,55,7,26,2786,1,,
340,19,10,26,2786,1,,
405,24,7,-26,2791,1,,
235,90,9,-46,2792,1,,
109,1706,8,-26,2802,1,,
62,438,8,-65,2803,1,,
21,1,6,26,2814,1,,
21,30,11,53,2814,1,,
242,91,8,10,2815,1,,
71,334,8,21,2828,1,,
316,387,4,50,2833,1,,
316,779,9,65,2833,1,,
133,184,6,53,2837,1,,
133,681,11,53,2837,1,,
147,6,8,65,2844,1,,
433,63,5,26,2857,1,,
433,63,5,53,2857,1,,
433,108,5,53,2857,1,,
418,1252,7,-65,2865,1,,
69,244,8,31,2865,1,,
137,1342,6,-26,2874,1,,
315,387,6,50,2875,1,,
36,1,8,64,2882,1,,
36,1,10,74,2882,1,,
36,1289,1,64,2882,1,,
31,1285,2,50,2885,1,,
31,117,4,-46,2885,1,,
314,489,4,-26,2886,1,,
314,1433,1,-26,2886,1,,
3,0,8,53,2898,1,,
3,0,4,26,2898,1,,
278,766,6,57,2900,1,,
243,749,10,6,2902,1,,
454,1507,7,6,2912,1,,
341,19,8,53,2917,1,,
341,55,6,64,2917,1,,
377,104,4,21,2935,1,,
434,109,9,64,2943,1,,
434,27,11,67,2943,1,,
378,104,4,21,2947,1,,
22,427,3,57,2959,1,,
120,557,6,26,2960,1,,
120,4,6,53,2960,1,,
138,1342,2,-26,2969,1,,
246,11,2,53,2976,1,,
246,11,10,26,2976,1,,
444,412,6,65,2980,1,,
384,104,2,21,2987,1,,
390,22,4,64,2993,1,,
390,820,8,-37,2993,1,,
282,601,3,-65,2994,1,,
40,-1,-1,-999,3000,2,stockout,
279,766,3,57,3002,1,,
263,2039,4,-46,3004,1,,
160,357,8,26,3008,1,,
160,564,3,-37,3008,1,,
286,379,5,-65,3012,1,,
157,189,2,-26,3016,1,,
13,67,4,-65,3019,1,,
260,12,10,53,3039,1,,
443,412,3,65,3040,1,,
440,411,3,-65,3046,1,,
344,496,4,67,3054,1,,
344,215,6,-37,3054,1,,
217,471,3,10,3064,1,,
1,0,1,26,3068,1,,
1,1059,6,53,3068,1,,
1,164,3,74,3068,1,,
121,182,10,73,3068,1,,
218,471,3,10,3080,1,,
270,205,1,55,3081,1,,
270,274,8,73,3081,1,,
128,183,2,-65,3085,1,,
171,132,2,57,3093,1,,
171,132,6,73,3093,1,,
219,1386,9,26,3099,1,,
372,103,2,57,3102,1,,
372,500,4,73,3102,1,,
319,388,3,82,3108,1,,
132,5,5,73,3111,1,,
432,634,10,-37,3114,1,,
4,0,5,26,3126,1,,
4,648,4,67,3126,1,,
91,36,4,73,3129,1,,
313,52,9,53,3140,1,,
399,1245,8,26,3152,1,,
147,130,4,73,3155,1,,
31,69,4,73,3162,1,,
170,132,3,73,3174,1,,
170,725,5,80,3174,1,,
294,773,7,53,3184,1,,
408,301,2,50,3187,1,,
129,183,2,82,3194,1,,
385,500,2,73,3202,1,,
215,197,2,71,3209,1,,
148,455,7,53,3212,1,,
224,471,1,10,3219,1,,
450,1262,1,-26,3227,1,,
220,471,3,85,3228,1,,
234,474,6,64,3231,1,,
265,204,6,26,3241,1,,
172,1359,7,-28,3241,1,,
360,155,6,53,3250,1,,
284,602,6,26,3259,1,,
144,259,12,86,3266,1,,
225,471,3,85,3271,1,,
34,1572,1,50,3276,1,,
143,186,7,-28,3291,1,,
366,1455,6,74,3291,1,,
41,539,6,86,3296,1,,
41,430,8,86,3296,1,,
402,299,6,26,3301,1,,
409,61,6,86,3306,1,,
142,129,10,88,3309,1,,
359,1225,4,-28,3322,1,,
59,331,6,86,3323,1,,
2,528,5,86,3331,1,,
455,230,5,53,3342,1,,
412,25,6,67,3351,1,,
181,7,2,26,3360,1,,
181,194,3,53,3360,1,,
136,1130,3,-28,3360,1,,
256,374,4,91,3367,1,,
130,256,4,26,3374,1,,
132,5,7,91,3378,1,,
160,1352,8,94,3390,1,,
4,0,1,69,3395,1,,
4,684,10,69,3395,1,,
135,682,4,94,3397,1,,
231,46,4,64,3399,1,,
313,282,10,69,3409,1,,
117,1330,9,16,3410,1,,
239,273,4,77,3424,1,,
239,90,7,77,3424,1,,
86,74,12,-22,3433,1,,
342,496,4,67,3441,1,,
118,181,10,-22,3453,1,,
248,586,10,-7,3455,1,,
320,1436,2,26,3460,1,,
28,32,9,69,3460,1,,
28,1,12,77,3460,1,,
247,477,4,-37,3467,1,,
92,36,10,77,3475,1,,
89,548,4,26,3477,1,,
5,0,5,69,3493,1,,
5,165,9,98,3493,1,,
162,357,7,16,3498,1,,
77,884,2,26,3500,1,,
83,35,10,96,3513,1,,
161,723,9,69,3518,1,,
161,723,10,98,3518,1,,
449,28,7,16,3523,1,,
398,221,10,77,3532,1,,
343,496,2,67,3535,1,,
452,522,10,54,3545,1,,
371,1233,10,69,3546,1,,
463,416,2,67,3548,1,,
372,103,2,26,3552,1,,
99,252,1,53,3558,1,,
158,919,8,98,3558,1,,
307,2157,9,54,3558,1,,
6,0,8,90,3570,1,,
437,410,8,90,3582,1,,
433,63,12,84,3591,1,,
433,108,7,84,3591,1,,
436,309,10,-39,3605,1,,
165,190,6,77,3610,1,,
339,55,7,77,3620,1,,
85,35,7,54,3621,1,,
85,547,5,-39,3621,1,,
253,201,10,-21,3634,1,,
253,11,9,-21,3634,1,,
137,39,10,84,3643,1,,
137,1752,6,84,3643,1,,
69,695,12,-21,3657,1,,
250,48,8,54,3658,1,,
250,2008,3,84,3658,1,,
16,424,10,-21,3671,1,,
222,8,6,77,3673,1,,
453,112,10,84,3677,1,,
265,13,5,98,3681,1,,
197,85,10,-21,3685,1,,
193,573,6,69,3696,1,,
356,56,9,-21,3698,1,,
320,2196,2,77,3701,1,,
84,35,8,84,3704,1,,
256,273,4,77,3708,1,,
4,648,12,102,3714,1,,
286,14,1,54,3729,1,,
286,14,9,52,3729,1,,
286,603,9,52,3729,1,,
319,17,10,-21,3736,1,,
319,98,6,-21,3736,1,,
451,845,5,84,3745,1,,
451,111,7,52,3745,1,,
78,124,9,102,3749,1,,
162,1809,6,28,3751,1,,
406,105,11,52,3764,1,,
255,93,7,5,3767,1,,
93,36,2,77,3775,1,,
161,1809,4,28,3782,1,,
324,1212,1,26,3784,1,,
324,211,7,5,3784,1,,
248,92,8,52,3796,1,,
145,1773,1,93,3798,1,,
257,273,1,77,3805,1,,
68,2,8,52,3808,1,,
112,3,8,84,3820,1,,
338,495,12,93,3822,1,,
89,75,6,-21,3831,1,,
109,37,8,113,3831,1,,
82,175,5,108,3839,1,,
47,432,7,84,3842,1,,
101,252,1,53,3851,1,,
101,178,6,108,3851,1,,
38,237,6,84,3852,1,,
384,814,6,-22,3861,1,,
9,321,7,5,3862,1,,
122,1728,1,26,3870,1,,
122,4,4,108,3870,1,,
427,306,4,5,3886,1,,
321,17,9,115,3889,1,,
460,644,6,54,3892,1,,
266,376,4,-21,3893,1,,
336,19,4,84,3899,1,,
373,59,3,5,3899,1,,
341,55,4,115,3899,1,,
91,1105,11,115,3915,1,,
372,103,6,84,3916,1,,
453,1506,2,69,3919,1,,
437,410,6,66,3920,1,,
231,473,4,84,3933,1,,
265,13,6,66,3950,1,,
318,53,8,110,3956,1,,
318,284,4,110,3956,1,,
244,372,5,66,3958,1,,
144,186,7,110,3984,1,,
144,5,8,110,3984,1,,
144,80,6,110,3984,1,,
335,391,11,-99,3992,1,,
235,583,4,16,3999,1,,
294,985,5,110,4004,1,,
294,15,10,75,4004,1,,
280,978,8,-99,4015,1,,
128,4,2,66,4020,1,,
358,291,10,110,4021,1,,
221,745,6,-99,4025,1,,
34,430,10,110,4037,1,,
33,117,2,-21,4038,1,,
386,1468,4,-99,4042,1,,
301,2143,11,110,4055,1,,
408,301,7,-99,4057,1,,
30,429,8,51,4064,1,,
410,61,6,109,4067,1,,
206,737,2,5,4068,1,,
267,13,7,110,4068,1,,
267,94,1,110,4068,1,,
193,43,4,51,4075,1,,
97,3,6,-99,4078,1,,
4,648,4,108,4082,1,,
338,19,8,75,4085,1,,
27,1556,2,51,4115,1,,
100,252,1,53,4123,1,,
59,668,4,-99,4126,1,,
9,1528,2,84,4130,1,,
22,534,7,110,4134,1,,
85,1102,3,84,4136,1,,
103,252,1,53,4159,1,,
284,14,3,110,4160,1,,
284,207,6,101,4160,1,,
220,1163,7,130,4173,1,,
303,15,2,75,4176,1,,
303,208,5,107,4176,1,,
303,279,5,70,4176,1,,
102,252,1,53,4181,1,,
271,143,10,70,4190,1,,
411,61,2,109,4191,1,,
8,0,8,126,4202,1,,
434,109,2,113,4206,1,,
270,143,12,101,4207,1,,
331,390,7,125,4211,1,,
133,79,1,109,4215,1,,
133,350,4,126,4215,1,,
65,1305,1,84,4220,1,,
20,1,6,101,4225,1,,
20,29,8,70,4225,1,,
321,17,1,84,4228,1,,
212,1924,6,110,4237,1,,
224,578,5,125,4246,1,,
232,371,6,75,4246,1,,
165,41,1,110,4258,1,,
165,131,6,75,4258,1,,
429,108,1,84,4268,1,,
352,216,4,125,4270,1,,
253,201,7,110,4270,1,,
314,97,2,100,4284,1,,
314,2178,5,100,4284,1,,
332,390,6,100,4296,1,,
364,616,6,70,4306,1,,
315,2178,5,100,4307,1,,
315,16,2,119,4307,1,,
301,208,3,107,4320,1,,
301,2142,6,70,4320,1,,
249,1177,12,128,4324,1,,
383,814,1,-22,4333,1,,
192,572,3,110,4333,1,,
30,658,12,130,4348,1,,
420,509,10,79,4348,1,,
12,686,6,79,4358,1,,
214,8,8,128,4360,1,,
350,610,3,101,4361,1,,
384,158,2,107,4365,1,,
342,55,10,128,4374,1,,
428,1489,8,79,4377,1,,
428,26,6,79,4377,1,,
56,1301,2,79,4381,1,,
322,2203,2,79,4386,1,,
339,55,1,128,4388,1,,
339,19,9,25,4388,1,,
440,411,2,110,4399,1,,
204,8,9,25,4401,1,,
441,311,9,124,4416,1,,
421,405,8,17,4427,1,,
312,2170,7,25,4428,1,,
190,363,2,-80,4430,1,,
38,70,1,17,4443,1,,
38,169,10,134,4443,1,,
197,575,4,25,4452,1,,
197,43,9,106,4452,1,,
426,161,9,134,4456,1,,
417,304,8,134,4473,1,,
417,25,5,78,4473,1,,
313,150,6,128,4476,1,,
313,209,12,106,4476,1,,
83,1662,11,-35,4491,1,,
232,10,7,106,4495,1,,
232,1169,8,106,4495,1,,
242,749,12,-35,4507,1,,
282,145,5,25,4516,1,,
282,95,10,106,4516,1,,
456,163,8,-35,4519,1,,
436,309,8,106,4527,1,,
348,20,8,-35,4530,1,,
5,0,6,134,4537,1,,
5,113,8,4,4537,1,,
0,418,4,119,4543,1,,
0,319,7,92,4543,1,,
442,411,9,-35,4543,1,,
233,47,7,92,4554,1,,
452,315,10,42,4558,1,,
11,232,6,25,4563,1,,
24,68,8,134,4570,1,,
24,31,9,4,4570,1,,
349,55,7,42,4573,1,,
349,20,4,112,4573,1,,
200,735,4,-35,4581,1,,
118,77,4,134,4589,1,,
118,1331,10,4,4589,1,,
185,571,7,-35,4593,1,,
150,354,6,128,4597,1,,
425,26,10,4,4603,1,,
335,608,6,4,4621,1,,
335,391,7,4,4621,1,,
444,312,6,4,4638,1,,
444,63,7,138,4638,1,,
408,61,6,25,4640,1,,
317,387,6,92,4649,1,,
71,34,2,134,4650,1,,
71,122,6,138,4650,1,,
88,176,7,42,4659,1,,
88,35,6,143,4659,1,,
153,915,8,4,4662,1,,
256,140,5,106,4666,1,,
283,979,6,138,4671,1,,
343,55,10,116,4673,1,,
312,2172,5,92,4679,1,,
384,158,7,134,4681,1,,
120,557,6,112,4689,1,,
120,38,6,143,4689,1,,
14,1533,4,100,4690,1,,
266,595,4,134,4696,1,,
266,13,3,138,4696,1,,
412,61,6,4,4706,1,,
135,682,4,25,4716,1,,
285,1193,8,42,4719,1,,
350,56,4,25,4723,1,,
201,1151,9,112,4731,1,,
25,326,8,112,4743,1,,
302,2144,8,112,4755,1,,
284,1192,7,116,4765,1,,
158,6,9,131,4769,1,,
291,15,2,131,4774,1,,
190,1877,8,42,4777,1,,
49,119,2,17,4781,1,,
49,541,4,78,4781,1,,
370,293,4,128,4781,1,,
411,61,3,25,4786,1,,
336,391,6,138,4790,1,,
31,1565,6,42,4797,1,,
32,429,6,134,4800,1,,
316,53,6,124,4809,1,,
89,249,8,7,4810,1,,
225,9,2,106,4826,1,,
97,1319,6,78,4827,1,,
425,630,4,106,4835,1,,
42,118,4,4,4840,1,,
102,179,2,131,4847,1,,
232,371,5,78,4848,1,,
451,521,4,78,4868,1,,
132,350,9,135,4881,1,,
86,74,3,4,4894,1,,
50,239,10,135,4896,1,,
417,61,1,4,4897,1,,
384,620,5,112,4904,1,,
133,184,4,112,4915,1,,
133,128,4,7,4915,1,,
314,387,2,92,4924,1,,
307,2156,5,112,4931,1,,
339,55,2,147,4938,1,,
241,199,5,42,4942,1,,
340,289,6,139,4949,1,,
24,31,7,7,4955,1,,
21,324,6,139,4959,1,,
276,974,12,148,4961,1,,
315,210,5,7,4965,1,,
224,46,10,139,4973,1,,
459,850,5,42,4975,1,,
250,200,5,7,4985,1,,
318,150,10,148,4991,1,,
318,2189,7,148,4991,1,,
141,258,4,116,5006,1,,
98,670,8,-31,5014,1,,
98,36,9,72,5014,1,,
16,234,9,129,5027,1,,
370,1458,10,24,5041,1,,
88,2,10,148,5050,1,,
88,74,12,-31,5050,1,,
192,1884,10,103,5056,1,,
256,11,10,133,5067,1,,
313,150,8,-31,5073,1,,
313,52,7,-31,5073,1,,
144,80,4,42,5074,1,,
366,396,5,103,5077,1,,
366,58,11,103,5077,1,,
278,1186,4,133,5088,1,,
278,274,6,133,5088,1,,
303,485,10,103,5091,1,,
441,63,10,148,5097,1,,
441,1497,7,72,5097,1,,
323,285,8,103,5103,1,,
193,573,6,146,5115,1,,
193,7,5,72,5115,1,,
191,463,12,-5,5119,1,,
69,1637,9,133,5120,1,,
456,163,3,-31,5132,1,,
456,413,8,-31,5132,1,,
306,383,10,133,5134,1,,
322,2202,6,133,5143,1,,
149,187,10,148,5149,1,,
364,156,8,-5,5152,1,,
364,102,12,153,5152,1,,
161,723,4,42,5161,1,,
48,1297,10,-5,5166,1,,
437,110,8,162,5171,1,,
437,27,7,162,5171,1,,
248,92,4,153,5182,1,,
248,477,7,153,5182,1,,
22,1,10,148,5187,1,,
70,244,7,150,5191,1,,
8,114,2,42,5196,1,,
450,229,2,112,5200,1,,
197,136,4,7,5210,1,,
330,2226,6,-31,5226,1,,
330,18,6,162,5226,1,,
21,167,7,103,5231,1,,
21,1,9,168,5231,1,,
457,524,9,162,5239,1,,
132,450,8,-5,5248,1,,
132,5,5,89,5248,1,,
94,1683,1,150,5250,1,,
247,2002,10,72,5253,1,,
9,114,8,72,5265,1,,
49,171,12,49,5265,1,,
62,332,12,89,5281,1,,
313,209,7,72,5282,1,,
313,282,3,162,5282,1,,
129,1125,7,162,5294,1,,
328,786,3,153,5295,1,,
328,53,7,89,5295,1,,
196,365,4,20,5300,1,,
90,890,8,72,5306,1,,
47,691,4,20,5307,1,,
299,278,11,168,5311,1,,
111,444,8,-31,5317,1,,
109,37,10,89,5325,1,,
155,1801,9,153,5338,1,,
156,457,7,162,5339,1,,
205,137,9,153,5350,1,,
236,1976,9,-57,5353,1,,
392,821,10,89,5364,1,,
83,1663,4,167,5374,1,,
86,338,6,162,5374,1,,
86,888,1,162,5374,1,,
7,0,8,153,5376,1,,
181,134,6,167,5383,1,,
186,1369,8,-57,5395,1,,
266,13,6,72,5399,1,,
463,416,3,-57,5401,1,,
84,1663,2,167,5405,1,,
316,98,6,146,5409,1,,
183,42,8,89,5425,1,,
350,56,5,148,5426,1,,
405,24,8,141,5428,1,,
161,357,9,146,5440,1,,
407,403,2,164,5442,1,,
407,160,8,164,5442,1,,
410,403,5,72,5448,1,,
385,296,8,153,5451,1,,
194,84,9,164,5455,1,,
431,408,2,-31,5461,1,,
193,364,8,153,5463,1,,
441,110,4,162,5469,1,,
234,90,8,-5,5475,1,,
190,933,3,78,5485,1,,
103,672,7,141,5488,1,,
363,58,8,89,5501,1,,
342,214,1,146,5510,1,,
233,1970,10,174,5515,1,,
230,10,5,164,5518,1,,
335,494,8,174,5527,1,,
180,83,7,174,5539,1,,
47,869,7,-57,5545,1,,
270,94,4,174,5551,1,,
270,205,4,174,5551,1,,
404,160,9,178,5558,1,,
376,1463,8,89,5562,1,,
30,236,4,164,5567,1,,
319,17,3,164,5572,1,,
303,148,7,153,5573,1,,
48,691,4,20,5579,1,,
0,526,4,177,5582,1,,
6,650,6,174,5583,1,,
47,-1,-1,-999,5587,2,stockout,
128,78,4,164,5587,1,,
160,564,9,177,5596,1,,
294,2121,4,177,5604,1,,
118,345,2,164,5606,1,,
358,395,4,180,5615,1,,
149,187,9,178,5629,1,,
162,458,4,180,5632,1,,
31,236,1,164,5635,1,,
42,430,2,-5,5648,1,,
42,118,4,89,5648,1,,
293,606,10,149,5652,1,,
413,25,6,-5,5658,1,,
177,568,11,149,5670,1,,
343,19,9,149,5683,1,,
9,0,6,149,5692,1,,
287,50,5,174,5697,1,,
395,159,6,149,5701,1,,
15,1535,4,174,5704,1,,
257,94,2,174,5708,1,,
11,0,5,179,5714,1,,
359,57,6,103,5717,1,,
26,31,10,160,5722,1,,
7,650,3,174,5723,1,,
308,149,2,49,5735,1,,
32,659,10,160,5736,1,,
125,349,8,154,5749,1,,
147,6,8,160,5768,1,,
2,1059,10,142,5779,1,,
282,145,4,149,5783,1,,
280,14,7,160,5788,1,,
349,290,2,142,5793,1,,
349,20,8,142,5793,1,,
274,764,6,152,5799,1,,
320,17,8,142,5806,1,,
299,208,5,152,5807,1,,
128,4,8,142,5818,1,,
167,923,12,87,5822,1,,
298,2135,6,154,5823,1,,
389,219,2,76,5827,1,,
397,159,2,184,5831,1,,
332,100,5,160,5831,1,,
394,159,2,149,5845,1,,
394,23,8,87,5845,1,,
213,8,4,154,5850,1,,
213,196,6,170,5850,1,,
21,30,2,179,5850,1,,
173,264,8,170,5862,1,,
14,67,7,186,5877,1,,
270,13,2,170,5886,1,,
270,143,5,170,5886,1,,
129,4,7,189,5888,1,,
177,568,5,76,5897,1,,
290,380,6,169,5908,1,,
290,207,9,187,5908,1,,
281,14,4,152,5913,1,,
440,311,1,186,5914,1,,
395,1474,5,-89,5921,1,,
300,208,5,152,5927,1,,
144,80,4,170,5934,1,,
205,43,8,169,5935,1,,
205,467,7,187,5935,1,,
206,195,3,189,5941,1,,
83,125,1,164,5958,1,,
458,849,11,169,5959,1,,
86,125,1,164,5971,1,,
31,429,9,187,5974,1,,
103,1323,2,152,5977,1,,
84,125,1,164,5980,1,,
318,16,10,169,5995,1,,
318,284,4,187,5995,1,,
344,55,8,166,6009,1,,
60,120,6,195,6010,1,,
34,117,4,195,6017,1,,
85,125,1,164,6020,1,,
7,1525,8,142,6023,1,,
166,41,5,195,6026,1,,
165,41,3,195,6031,1,,
461,1270,6,195,6040,1,,
172,191,6,156,6049,1,,
42,118,8,132,6052,1,,
280,14,10,-18,6063,1,,
38,169,6,187,6071,1,,
99,441,9,99,6074,1,,
99,126,8,132,6074,1,,
92,125,1,164,6085,1,,
92,250,10,-18,6085,1,,
277,2078,5,169,6089,1,,
22,427,8,99,6096,1,,
22,116,8,132,6096,1,,
288,276,4,166,6101,1,,
87,74,7,132,6109,1,,
87,2,2,201,6109,1,,
88,125,1,164,6122,1,,
88,248,8,-18,6122,1,,
171,82,2,99,6127,1,,
171,190,12,198,6127,1,,
149,187,6,-18,6132,1,,
33,429,9,62,6137,1,,
246,2000,8,137,6144,1,,
132,350,11,161,6152,1,,
29,1561,6,-18,6154,1,,
193,43,10,62,6166,1,,
243,91,11,205,6169,1,,
61,437,6,111,6171,1,,
61,120,8,111,6171,1,,
89,125,1,164,6172,1,,
128,559,2,156,6177,1,,
37,660,5,62,6186,1,,
37,32,10,161,6186,1,,
0,526,11,198,6195,1,,
91,250,8,62,6197,1,,
90,125,1,164,6199,1,,
142,129,10,161,6212,1,,
32,429,6,161,6223,1,,
32,32,2,161,6223,1,,
198,85,5,111,6231,1,,
198,43,4,111,6231,1,,
93,125,1,164,6244,1,,
414,302,7,132,6249,1,,
414,25,6,111,6249,1,,
291,146,8,203,6249,1,,
291,15,6,203,6249,1,,
94,125,1,164,6261,1,,
450,520,10,111,6263,1,,
69,2,12,203,6265,1,,
82,175,5,198,6278,1,,
82,34,6,185,6278,1,,
92,892,6,137,6280,1,,
38,1580,8,62,6284,1,,
206,137,7,203,6294,1,,
122,558,8,198,6297,1,,
160,1352,4,161,6311,1,,
160,40,8,203,6311,1,,
34,1287,5,99,6316,1,,
34,32,7,132,6316,1,,
434,63,7,99,6328,1,,
226,472,11,-41,6332,1,,
452,112,5,203,6336,1,,
282,145,9,111,6343,1,,
244,585,11,-41,6348,1,,
272,2064,4,161,6355,1,,
102,179,6,111,6355,1,,
136,682,8,-41,6360,1,,
147,6,4,207,6362,1,,
173,82,6,99,6366,1,,
62,120,8,-41,6371,1,,
215,369,6,132,6380,1,,
31,69,7,-41,6382,1,,
6,421,2,-41,6401,1,,
6,421,10,196,6401,1,,
6,0,2,-41,6401,1,,
117,181,7,-41,6411,1,,
95,894,4,161,6418,1,,
319,17,4,62,6425,1,,
115,77,12,196,6428,1,,
350,56,4,203,6432,1,,
387,218,6,99,6432,1,,
30,429,3,161,6439,1,,
89,75,9,-41,6449,1,,
257,967,6,198,6452,1,,
52,70,12,216,6466,1,,
364,616,3,62,6473,1,,
283,145,12,63,6484,1,,
174,82,1,99,6490,1,,
174,264,11,217,6490,1,,
291,2113,10,114,6498,1,,
305,16,2,169,6502,1,,
190,933,1,203,6506,1,,
101,178,4,111,6509,1,,
101,550,10,217,6509,1,,
198,1899,8,63,6514,1,,
224,88,2,62,6515,1,,
41,1079,1,201,6517,1,,
41,690,4,198,6517,1,,
120,557,5,111,6526,1,,
112,344,8,63,6527,1,,
7,0,4,132,6532,1,,
288,146,5,220,6533,1,,
313,386,4,132,6540,1,,
313,992,1,111,6540,1,,
157,81,4,111,6548,1,,
463,416,1,62,6549,1,,
46,1,8,63,6552,1,,
46,1081,2,63,6552,1,,
277,144,4,198,6564,1,,
225,88,4,132,6571,1,,
142,1762,4,205,6576,1,,
142,185,2,216,6576,1,,
124,907,6,63,6585,1,,
226,579,6,63,6595,1,,
9,1528,4,-41,6601,1,,
385,104,4,-41,6608,1,,
344,215,2,220,6613,1,,
456,1267,2,99,6614,1,,
423,107,4,-41,6617,1,,
42,690,2,198,6623,1,,
345,215,10,105,6657,1,,
386,104,3,-41,6661,1,,
83,175,2,198,6663,1,,
306,16,4,221,6667,1,,
433,308,4,63,6683,1,,
282,14,10,105,6692,1,,
282,482,9,105,6692,1,,
448,638,3,196,6701,1,,
22,325,8,68,6707,1,,
426,631,10,105,6709,1,,
64,71,1,63,6718,1,,
251,588,6,215,6720,1,,
128,38,11,212,6730,1,,
304,148,7,215,6733,1,,
194,84,9,68,6744,1,,
299,278,8,105,6747,1,,
314,52,8,68,6756,1,,
396,400,9,105,6762,1,,
117,446,9,219,6771,1,,
113,344,7,105,6775,1,,
63,34,4,225,6785,1,,
63,71,9,151,6785,1,,
119,77,8,68,6785,1,,
240,1399,8,151,6797,1,,
73,1645,1,-41,6800,1,,
349,20,6,212,6809,1,,
89,339,6,225,6810,1,,
387,296,6,225,6819,1,,
109,3,5,206,6819,1,,
109,180,6,206,6819,1,,
109,37,8,206,6819,1,,
43,431,8,118,6823,1,,
68,72,7,151,6829,1,,
405,300,5,151,6838,1,,
427,26,4,212,6850,1,,
427,407,7,176,6850,1,,
173,132,5,173,6857,1,,
173,7,11,206,6857,1,,
80,336,4,151,6862,1,,
20,1,2,176,6865,1,,
20,167,8,176,6865,1,,
9,857,10,151,6876,1,,
106,703,7,40,6878,1,,
106,3,6,165,6878,1,,
121,77,4,118,6893,1,,
121,182,6,176,6893,1,,
208,8,8,165,6894,1,,
208,44,4,165,6894,1,,
231,10,9,224,6904,1,,
29,1,4,176,6908,1,,
29,327,7,183,6908,1,,
224,370,5,173,6909,1,,
224,46,6,206,6909,1,,
237,584,6,190,6914,1,,
122,678,5,105,6925,1,,
122,4,6,165,6925,1,,
147,6,9,176,6932,1,,
377,294,11,40,6940,1,,
22,534,4,118,6945,1,,
22,30,5,211,6945,1,,
428,306,8,183,6957,1,,
250,273,4,105,6958,1,,
250,11,5,40,6958,1,,
250,200,4,222,6958,1,,
188,266,6,176,6967,1,,
209,740,1,224,6968,1,,
292,15,9,206,6971,1,,
182,134,7,211,6977,1,,
435,63,9,206,6983,1,,
118,905,8,81,6991,1,,
386,1238,8,173,6995,1,,
74,123,6,176,6996,1,,
264,1184,5,176,7004,1,,
374,103,10,81,7006,1,,
373,59,1,224,7009,1,,
266,204,8,165,7017,1,,
8,650,6,199,7026,1,,
407,105,6,199,7036,1,,
313,150,5,176,7040,1,,
84,175,2,81,7043,1,,
128,4,7,222,7062,1,,
384,158,4,176,7069,1,,
7,650,3,199,7070,1,,
129,183,4,118,7079,1,,
392,1243,7,165,7091,1,,
14,653,4,211,7092,1,,
236,1172,10,193,7093,1,,
306,777,4,105,7108,1,,
306,383,3,40,7108,1,,
43,431,4,183,7113,1,,
80,336,10,81,7118,1,,
261,2032,6,165,7120,1,,
290,380,3,183,7127,1,,
364,156,6,206,7130,1,,
319,388,8,193,7131,1,,
51,434,4,212,7134,1,,
136,451,6,222,7142,1,,
85,175,7,193,7143,1,,
237,1979,8,183,7145,1,,
174,360,6,165,7151,1,,
106,898,10,222,7165,1,,
427,306,6,193,7175,1,,
167,359,3,68,7181,1,,
69,244,2,68,7185,1,,
16,323,5,206,7194,1,,
16,29,6,202,7194,1,,
181,134,1,211,7198,1,,
405,625,6,206,7203,1,,
256,479,4,193,7216,1,,
219,471,2,199,7227,1,,
219,8,4,193,7227,1,,
130,4,5,232,7235,1,,
326,100,8,202,7236,1,,
61,34,5,232,7243,1,,
133,184,8,202,7248,1,,
327,100,4,232,7250,1,,
168,1824,10,58,7256,1,,
188,1371,4,190,7257,1,,
385,620,2,193,7268,1,,
235,1973,10,58,7270,1,,
53,240,7,202,7274,1,,
12,652,5,236,7288,1,,
12,0,8,236,7288,1,,
175,132,4,234,7299,1,,
175,727,10,234,7299,1,,
287,50,10,58,7306,1,,
233,10,7,236,7316,1,,
83,1100,2,232,7317,1,,
83,35,5,238,7317,1,,
83,2,4,238,7317,1,,
141,1760,5,40,7321,1,,
84,35,2,238,7325,1,,
215,45,8,236,7328,1,,
220,1939,10,234,7335,1,,
257,479,1,193,7337,1,,
242,1401,7,202,7346,1,,
409,223,5,234,7363,1,,
9,650,1,199,7366,1,,
386,396,2,58,7367,1,,
386,396,5,192,7367,1,,
386,21,8,192,7367,1,,
386,296,7,192,7367,1,,
54,173,9,159,7376,1,,
258,479,4,202,7383,1,,
183,1367,4,206,7390,1,,
2,647,8,182,7393,1,,
2,0,2,192,7393,1,,
2,29,10,241,7393,1,,
259,479,4,202,7397,1,,
10,0,4,234,7408,1,,
212,44,5,236,7413,1,,
212,195,4,182,7413,1,,
212,87,6,182,7413,1,,
256,202,11,210,7430,1,,
239,10,8,182,7434,1,,
239,198,2,182,7434,1,,
239,198,4,192,7434,1,,
239,47,2,192,7434,1,,
32,536,8,210,7442,1,,
174,132,8,210,7453,1,,
450,844,4,165,7462,1,,
228,271,8,241,7463,1,,
228,580,4,117,7463,1,,
228,89,10,117,7463,1,,
373,59,11,210,7469,1,,
410,223,2,234,7473,1,,
192,83,6,210,7478,1,,
176,360,4,249,7485,1,,
442,27,5,182,7488,1,,
442,63,9,241,7488,1,,
442,228,5,117,7488,1,,
260,479,1,202,7508,1,,
211,44,8,192,7511,1,,
211,87,2,241,7511,1,,
211,195,8,117,7511,1,,
55,1,6,140,7530,1,,
55,241,3,140,7530,1,,
447,64,8,235,7533,1,,
62,1,4,182,7536,1,,
62,1,5,58,7536,1,,
62,243,4,241,7536,1,,
62,332,5,117,7536,1,,
50,1606,2,234,7546,1,,
144,80,6,242,7547,1,,
144,186,6,242,7547,1,,
140,185,12,182,7554,1,,
340,55,2,234,7556,1,,
173,264,7,140,7564,1,,
173,41,5,140,7564,1,,
389,219,5,140,7572,1,,
196,7,6,192,7573,1,,
196,136,6,117,7573,1,,
184,570,11,163,7586,1,,
351,611,11,241,7591,1,,
0,29,10,242,7596,1,,
70,2,7,163,7597,1,,
187,1869,7,231,7607,1,,
408,105,5,58,7608,1,,
408,301,6,117,7608,1,,
132,5,8,247,7621,1,,
338,213,12,231,7624,1,,
123,679,10,117,7624,1,,
341,289,8,163,7635,1,,
112,444,10,241,7641,1,,
189,135,8,242,7650,1,,
284,275,10,192,7657,1,,
426,407,10,242,7664,1,,
10,231,6,104,7677,1,,
10,0,8,104,7677,1,,
342,19,4,236,7686,1,,
342,214,6,241,7686,1,,
1,684,10,248,7687,1,,
412,106,6,104,7693,1,,
412,403,6,104,7693,1,,
420,405,10,241,7700,1,,
149,455,10,191,7701,1,,
29,68,2,104,7717,1,,
29,32,8,253,7717,1,,
29,1,8,253,7717,1,,
148,1778,11,248,7718,1,,
332,493,9,192,7721,1,,
313,52,7,242,7728,1,,
110,553,4,192,7733,1,,
110,443,4,117,7733,1,,
113,344,10,248,7742,1,,
103,179,4,192,7752,1,,
103,443,4,117,7752,1,,
71,174,10,104,7763,1,,
71,34,12,229,7763,1,,
71,2,10,229,7763,1,,
252,589,10,191,7780,1,,
129,1125,7,192,7780,1,,
453,28,10,104,7790,1,,
453,1049,7,229,7790,1,,
453,112,4,229,7790,1,,
267,595,8,191,7792,1,,
187,-1,-1,-999,7803,2,stockout,
250,478,12,240,7808,1,,
213,87,6,241,7811,1,,
91,75,5,253,7812,1,,
91,250,11,229,7812,1,,
387,22,9,248,7821,1,,
354,499,8,117,7823,1,,
372,21,6,241,7832,1,,
333,493,8,240,7833,1,,
21,30,4,229,7833,1,,
21,68,12,41,7833,1,,
38,169,5,182,7848,1,,
440,311,4,104,7854,1,,
440,27,7,253,7854,1,,
440,411,5,229,7854,1,,
214,87,4,241,7871,1,,
214,44,10,255,7871,1,,
198,575,6,229,7873,1,,
198,365,8,41,7873,1,,
322,783,7,191,7878,1,,
247,140,5,241,7880,1,,
260,202,6,104,7890,1,,
260,12,6,229,7890,1,,
460,525,6,248,7897,1,,
331,390,11,104,7905,1,,
301,988,6,242,7917,1,,
287,379,10,229,7919,1,,
423,107,6,191,7926,1,,
26,1554,1,241,7930,1,,
26,326,2,117,7930,1,,
26,1,10,255,7930,1,,
268,970,10,41,7933,1,,
458,643,6,191,7936,1,,
8,0,3,192,7943,1,,
8,320,6,255,7943,1,,
9,231,3,104,7946,1,,
9,0,2,104,7946,1,,
9,321,4,253,7946,1,,
225,9,4,229,7958,1,,
225,9,4,41,7958,1,,
411,829,5,140,7958,1,,
248,140,5,241,7960,1,,
248,477,7,255,7960,1,,
350,56,11,255,7975,1,,
439,227,5,140,7983,1,,
293,15,4,182,7999,1,,
167,41,5,140,8006,1,,
438,110,6,255,8008,1,,
168,41,5,191,8014,1,,
337,288,8,104,8019,1,,
318,781,5,191,8022,1,,
434,109,4,192,8030,1,,
29,1072,10,41,8033,1,,
234,474,3,255,8036,1,,
351,56,10,181,8042,1,,
388,22,8,104,8051,1,,
183,42,4,255,8054,1,,
184,42,7,229,8061,1,,
257,140,2,241,8065,1,,
450,229,8,41,8073,1,,
174,82,2,104,8082,1,,
174,925,4,41,8082,1,,
2,320,2,255,8088,1,,
436,226,3,163,8092,1,,
436,309,4,229,8092,1,,
410,627,9,181,8093,1,,
394,622,2,255,8101,1,,
213,1158,7,181,8103,1,,
305,1425,6,41,8105,1,,
421,510,8,269,8116,1,,
316,53,6,181,8125,1,,
175,82,5,104,8125,1,,
340,289,5,140,8133,1,,
326,491,6,229,8134,1,,
282,1190,2,117,8137,1,,
109,1706,6,41,8144,1,,
99,178,4,181,8147,1,,
104,443,2,117,8150,1,,
270,205,2,248,8155,1,,
147,6,2,58,8171,1,,
91,250,2,191,8177,1,,
260,12,2,248,8181,1,,
263,274,8,261,8185,1,,
169,41,2,191,8185,1,,
89,339,4,261,8192,1,,
248,1176,6,253,8195,1,,
306,486,2,192,8200,1,,
167,1824,2,58,8209,1,,
98,178,1,181,8210,1,,
12,686,4,41,8222,1,,
48,238,1,273,8227,1,,
319,994,5,253,8230,1,,
187,1869,5,231,8245,1,,
450,520,2,140,8252,1,,
234,1972,6,41,8261,1,,
157,81,4,104,8271,1,,
132,5,7,274,8271,1,,
283,145,6,252,8272,1,,
192,1884,5,273,8279,1,,
281,1189,4,163,8281,1,,
235,272,3,41,8287,1,,
97,3,7,273,8290,1,,
72,2,9,264,8302,1,,
264,375,4,233,8305,1,,
280,14,8,127,8306,1,,
110,37,11,264,8318,1,,
105,551,7,274,8320,1,,
367,58,10,127,8321,1,,
349,102,4,163,8325,1,,
316,2182,6,252,8330,1,,
100,126,6,127,8339,1,,
161,1352,9,127,8352,1,,
436,109,7,265,8357,1,,
225,9,12,262,8369,1,,
62,438,5,157,8381,1,,
62,243,7,157,8381,1,,
38,33,4,265,8388,1,,
148,260,6,127,8391,1,,
148,40,11,262,8391,1,,
274,95,2,264,8395,1,,
261,12,10,157,8404,1,,
261,94,2,157,8404,1,,
416,403,2,104,8405,1,,
450,-1,-1,-999,8405,2,stockout,
30,32,10,262,8414,1,,
444,839,9,157,8417,1,,
435,635,8,-52,8417,1,,
434,1041,8,157,8434,1,,
323,53,10,262,8445,1,,
323,783,6,194,8445,1,,
350,56,10,197,8446,1,,
18,425,10,197,8460,1,,
437,516,7,121,8465,1,,
59,174,8,262,8471,1,,
59,70,12,194,8471,1,,
98,3,11,197,8476,1,,
266,13,6,197,8485,1,,
279,206,12,194,8488,1,,
236,272,6,197,8494,1,,
246,11,10,278,8500,1,,
246,91,5,278,8500,1,,
328,491,6,197,8503,1,,
251,588,6,121,8510,1,,
309,149,10,262,8515,1,,
410,25,4,-52,8528,1,,
213,196,9,277,8530,1,,
147,716,2,194,8539,1,,
147,6,8,279,8539,1,,
190,1879,10,275,8547,1,,
71,34,4,121,8548,1,,
71,244,10,278,8548,1,,
192,934,8,262,8555,1,,
192,463,4,262,8555,1,,
270,143,7,194,8566,1,,
245,750,8,277,8568,1,,
259,141,9,194,8578,1,,
23,30,6,260,8584,1,,
329,1001,10,275,8590,1,,
369,1232,6,194,8591,1,,
369,292,3,194,8591,1,,
152,261,2,-52,8598,1,,
152,1790,3,275,8598,1,,
22,1,6,277,8617,1,,
237,90,5,286,8625,1,,
237,474,8,285,8625,1,,
397,824,5,121,8625,1,,
283,1191,6,262,8626,1,,
405,300,5,278,8633,1,,
72,334,4,-52,8634,1,,
31,69,4,-52,8641,1,,
181,1854,6,194,8647,1,,
21,30,12,287,8650,1,,
389,297,3,197,8653,1,,
20,68,6,194,8657,1,,
234,10,10,287,8673,1,,
239,198,4,197,8677,1,,
100,442,6,194,8678,1,,
308,149,3,275,8684,1,,
338,213,6,262,8697,1,,
122,678,8,287,8703,1,,
263,375,4,233,8710,1,,
112,344,6,262,8711,1,,
200,1902,2,41,8722,1,,
142,454,2,197,8726,1,,
24,31,6,287,8726,1,,
460,525,1,-52,8729,1,,
151,1347,4,145,8744,1,,
151,80,8,145,8744,1,,
2,65,5,262,8758,1,,
2,647,5,145,8758,1,,
443,519,3,127,8766,1,,
443,110,2,145,8766,1,,
260,375,1,233,8772,1,,
61,34,3,260,8779,1,,
201,466,2,277,8783,1,,
224,88,3,260,8789,1,,
133,184,2,121,8794,1,,
288,50,10,145,8799,1,,
298,51,11,257,8807,1,,
298,2134,7,-19,8807,1,,
333,54,8,145,8811,1,,
129,4,8,288,8818,1,,
256,966,4,194,8820,1,,
63,71,10,-19,8821,1,,
38,70,7,257,8840,1,,
38,169,7,257,8840,1,,
207,738,4,288,8841,1,,
450,520,5,140,8842,1,,
107,343,2,288,8850,1,,
71,334,10,-19,8854,1,,
22,30,7,257,8865,1,,
259,141,4,145,8872,1,,
394,104,4,-19,8874,1,,
394,159,2,-19,8874,1,,
274,598,2,145,8883,1,,
184,1367,8,-19,8885,1,,
403,222,2,288,8886,1,,
451,521,4,145,8890,1,,
124,558,2,194,8896,1,,
124,255,2,194,8896,1,,
455,64,4,257,8899,1,,
455,230,6,298,8899,1,,
39,33,8,293,8911,1,,
97,3,8,296,8922,1,,
349,102,7,293,8924,1,,
164,458,7,297,8939,1,,
164,922,5,297,8939,1,,
130,78,9,299,8943,1,,
128,38,6,297,8948,1,,
452,112,12,263,8956,1,,
225,46,10,297,8962,1,,
232,1394,9,299,8965,1,,
232,47,4,299,8965,1,,
73,245,5,297,8970,1,,
337,494,8,136,8977,1,,
226,88,10,158,8987,1,,
5,1523,1,-19,8989,1,,
5,529,10,301,8989,1,,
308,384,4,299,9004,1,,
258,-1,-1,-999,9005,2,stockout,
122,4,7,158,9005,1,,
122,558,6,251,9005,1,,
183,134,6,299,9014,1,,
72,334,10,251,9019,1,,
191,1373,5,-19,9023,1,,
191,7,6,301,9023,1,,
288,769,11,299,9029,1,,
58,667,9,251,9032,1,,
336,494,4,136,9036,1,,
40,33,7,301,9038,1,,
40,1,4,301,9038,1,,
260,12,8,158,9046,1,,
260,141,2,251,9046,1,,
77,124,6,301,9049,1,,
142,1765,6,-19,9058,1,,
335,789,5,309,9065,1,,
335,18,3,309,9065,1,,
410,505,7,309,9075,1,,
418,1252,10,301,9078,1,,
31,69,6,257,9088,1,,
350,102,8,308,9090,1,,
365,616,8,305,9103,1,,
28,1560,5,251,9110,1,,
28,1,12,243,9110,1,,
26,31,5,-19,9127,1,,
26,535,8,303,9127,1,,
265,204,5,293,9135,1,,
55,173,10,280,9141,1,,
426,161,5,257,9143,1,,
208,44,6,257,9153,1,,
317,16,2,297,9157,1,,
317,98,10,243,9157,1,,
451,28,6,309,9158,1,,
451,639,8,308,9158,1,,
234,371,7,309,9169,1,,
10,651,6,309,9178,1,,
138,713,5,158,9180,1,,
138,39,4,251,9180,1,,
138,128,8,243,9180,1,,
289,50,7,305,9188,1,,
130,1739,4,257,9191,1,,
204,86,3,158,9193,1,,
204,43,6,251,9193,1,,
129,255,8,243,9207,1,,
154,456,6,308,9216,1,,
290,1196,9,280,9223,1,,
7,1524,4,309,9232,1,,
143,129,8,280,9236,1,,
309,487,5,309,9241,1,,
372,103,4,301,9242,1,,
345,55,3,263,9248,1,,
171,1834,7,243,9249,1,,
412,506,8,158,9263,1,,
306,97,4,301,9266,1,,
155,456,3,308,9268,1,,
97,3,4,299,9276,1,,
190,363,7,251,9276,1,,
63,1628,2,263,9281,1,,
327,1000,3,309,9281,1,,
384,104,2,-19,9290,1,,
385,815,6,243,9297,1,,
462,851,3,301,9300,1,,
180,193,3,309,9315,1,,
425,26,10,302,9328,1,,
399,221,7,302,9339,1,,
432,514,6,243,9347,1,,
209,368,4,302,9353,1,,
209,269,6,256,9353,1,,
338,19,2,305,9355,1,,
413,106,9,302,9366,1,,
380,21,4,270,9367,1,,
380,396,7,270,9367,1,,
224,1165,2,309,9378,1,,
358,291,6,158,9381,1,,
152,188,8,270,9392,1,,
324,285,8,318,9400,1,,
324,53,4,318,9400,1,,
324,18,8,318,9400,1,,
350,56,12,294,9410,1,,
130,1126,10,136,9416,1,,
130,1337,6,309,9416,1,,
289,770,8,270,9422,1,,
43,690,4,243,9428,1,,
342,290,9,318,9432,1,,
328,212,10,313,9434,1,,
328,18,1,313,9434,1,,
183,1858,5,270,9437,1,,
415,25,5,251,9445,1,,
273,763,10,313,9448,1,,
225,46,4,313,9459,1,,
225,88,2,313,9459,1,,
386,21,8,318,9462,1,,
437,636,3,313,9465,1,,
44,690,4,243,9465,1,,
414,302,9,318,9475,1,,
323,285,7,230,9485,1,,
176,927,6,244,9493,1,,
251,588,4,270,9506,1,,
16,115,8,320,9507,1,,
360,57,10,244,9507,1,,
438,636,8,244,9519,1,,
325,99,10,320,9524,1,,
339,213,4,244,9533,1,,
179,362,4,302,9537,1,,
179,133,5,83,9537,1,,
239,1986,8,83,9549,1,,
14,67,3,251,9556,1,,
376,620,4,230,9567,1,,
376,21,4,83,9567,1,,
134,1340,1,302,9578,1,,
134,39,2,302,9578,1,,
134,5,4,83,9578,1,,
164,7,7,322,9578,1,,
15,0,10,323,9578,1,,
242,1996,4,158,9585,1,,
2,231,6,256,9587,1,,
60,1620,6,322,9587,1,,
384,396,3,270,9591,1,,
247,586,4,158,9598,1,,
331,390,2,251,9602,1,,
359,57,12,268,9616,1,,
359,395,10,281,9616,1,,
460,415,2,158,9619,1,,
141,351,8,281,9628,1,,
20,426,2,158,9634,1,,
258,375,1,233,9642,1,,
337,288,8,281,9654,1,,
337,100,12,281,9654,1,,
3,419,6,324,9655,1,,
117,675,9,268,9673,1,,
117,181,5,281,9673,1,,
324,285,2,230,9673,1,,
324,285,10,83,9673,1,,
64,71,6,318,9682,1,,
17,115,5,324,9684,1,,
17,-1,-1,-999,9684,2,global,
24,31,12,281,9689,1,,
343,290,6,83,9692,1,,
260,141,4,302,9698,1,,
118,181,2,281,9703,1,,
118,127,8,246,9703,1,,
429,1038,5,320,9707,1,,
394,502,4,230,9713,1,,
464,417,8,281,9722,1,,
464,318,6,246,9722,1,,
458,316,4,230,9737,1,,
206,195,5,268,9738,1,,
206,8,7,246,9738,1,,
76,696,4,83,9744,1,,
47,330,4,83,9751,1,,
16,424,2,213,9753,1,,
321,99,2,324,9757,1,,
31,69,3,281,9767,1,,
31,168,5,311,9767,1,,
234,474,4,256,9777,1,,
364,156,4,83,9784,1,,
456,230,12,310,9786,1,,
433,63,4,322,9792,1,,
433,162,4,281,9792,1,,
233,1970,8,310,9798,1,,
280,14,9,310,9811,1,,
261,12,6,281,9815,1,,
235,371,12,237,9827,1,,
239,47,4,281,9829,1,,
239,475,6,281,9829,1,,
204,8,4,311,9840,1,,
18,0,4,237,9846,1,,
18,687,10,237,9846,1,,
2,528,8,311,9861,1,,
300,776,4,246,9868,1,,
99,1690,10,237,9870,1,,
99,3,8,326,9870,1,,
94,1682,3,230,9877,1,,
46,170,6,335,9886,1,,
4,419,10,326,9886,1,,
37,660,2,83,9892,1,,
123,4,4,326,9901,1,,
123,1729,7,95,9901,1,,
427,1036,8,282,9904,1,,
159,1143,2,281,9912,1,,
73,2,10,334,9920,1,,
104,252,1,95,9925,1,,
104,36,9,95,9925,1,,
104,3,8,95,9925,1,,
33,32,6,327,9928,1,,
216,45,8,282,9932,1,,
431,162,4,281,9939,1,,
56,173,6,282,9946,1,,
56,1,4,282,9946,1,,
119,181,3,281,9952,1,,
72,244,8,282,9958,1,,
55,873,10,95,9959,1,,
457,28,9,282,9977,1,,
457,524,3,282,9977,1,,
457,163,2,282,9977,1,,
3,684,3,95,9978,1,,
3,65,10,258,9978,1,,
292,277,4,327,9992,1,,
35,430,5,237,9992,1,,
35,32,5,258,9992,1,,
215,369,10,284,10001,1,,
194,84,10,95,10007,1,,
260,141,8,315,10010,1,,
105,1700,6,282,10010,1,,
160,1143,2,281,10015,1,,
299,278,10,95,10021,1,,
347,216,6,315,10032,1,,
255,202,2,237,10035,1,,
255,2019,8,237,10035,1,,
317,490,9,326,10048,1,,
256,93,2,281,10049,1,,
195,84,9,333,10061,1,,
41,1587,10,272,10065,1,,
118,556,6,333,10070,1,,
120,38,8,258,10077,1,,
426,512,6,272,10082,1,,
426,161,6,341,10082,1,,
47,691,4,333,10094,1,,
46,329,4,282,10098,1,,
46,540,8,272,10098,1,,
204,8,11,341,10113,1,,
253,201,8,326,10120,1,,
109,673,10,341,10127,1,,
392,501,5,237,10131,1,,
392,23,2,326,10131,1,,
330,287,9,272,10141,1,,
233,371,8,95,10142,1,,
142,351,1,281,10142,1,,
261,12,2,333,10148,1,,
130,449,7,341,10151,1,,
106,252,1,95,10152,1,,
106,180,5,258,10152,1,,
349,102,8,341,10162,1,,
353,612,8,258,10163,1,,
432,162,2,281,10168,1,,
148,353,6,95,10173,1,,
405,503,2,272,10178,1,,
405,24,9,341,10178,1,,
169,1829,6,258,10182,1,,
406,503,2,272,10194,1,,
406,300,8,332,10194,1,,
77,2,1,281,10203,1,,
77,335,5,254,10203,1,,
47,-1,-1,-999,10208,2,stockout,
364,156,6,326,10209,1,,
190,1878,6,341,10213,1,,
194,364,2,254,10220,1,,
140,185,4,282,10224,1,,
376,1463,6,213,10229,1,,
119,556,6,333,10235,1,,
301,776,1,246,10238,1,,
193,364,4,254,10246,1,,
451,639,6,237,10261,1,,
21,116,4,334,10263,1,,
408,301,5,254,10266,1,,
416,25,6,237,10270,1,,
340,289,5,95,10279,1,,
393,399,4,341,10292,1,,
452,112,4,272,10304,1,,
171,1359,5,258,10307,1,,
5,0,1,282,10307,1,,
175,132,4,282,10316,1,,
397,503,2,272,10320,1,,
17,424,4,213,10327,1,,
17,-1,-1,-999,10327,2,global,
251,588,3,282,10328,1,,
61,34,4,95,10344,1,,
268,596,4,326,10351,1,,
281,2085,4,95,10358,1,,
398,503,1,272,10360,1,,
394,220,3,237,10369,1,,
338,19,1,245,10371,1,,
373,1017,9,295,10391,1,,
120,181,4,245,10396,1,,
387,104,4,295,10398,1,,
54,330,3,258,10399,1,,
388,104,4,295,10405,1,,
299,1421,9,245,10409,1,,
154,916,3,237,10415,1,,
158,919,6,319,10425,1,,
252,373,8,345,10442,1,,
119,181,4,245,10449,1,,
314,489,3,95,10460,1,,
448,111,9,336,10462,1,,
329,787,2,310,10476,1,,
315,1207,11,336,10478,1,,
403,222,2,319,10482,1,,
162,1810,2,326,10485,1,,
77,544,10,188,10496,1,,
148,260,4,345,10497,1,,
392,23,4,336,10503,1,,
0,65,1,258,10510,1,,
376,104,2,295,10515,1,,
376,1019,6,306,10515,1,,
179,265,1,310,10515,1,,
74,2,9,336,10516,1,,
84,248,7,300,10527,1,,
253,373,4,345,10537,1,,
149,353,4,291,10544,1,,
313,150,12,300,10544,1,,
180,265,1,310,10548,1,,
107,252,1,95,10560,1,,
6,529,7,172,10565,1,,
374,59,6,172,10574,1,,
5,420,5,306,10583,1,,
389,297,9,208,10603,1,,
105,252,1,95,10611,1,,
46,1296,8,208,10615,1,,
47,691,1,333,10618,1,,
212,1924,6,97,10624,1,,
176,82,6,97,10633,1,,
226,46,12,208,10635,1,,
293,15,5,97,10641,1,,
435,162,4,208,10648,1,,
435,308,4,354,10648,1,,
153,188,12,347,10658,1,,
310,2165,7,208,10658,1,,
282,145,4,336,10666,1,,
207,137,9,331,10671,1,,
434,162,4,208,10675,1,,
7,66,10,360,10681,1,,
279,206,8,358,10689,1,,
108,252,1,95,10693,1,,
108,180,4,97,10693,1,,
108,3,9,347,10693,1,,
78,545,4,358,10698,1,,
326,286,10,360,10705,1,,
326,785,8,360,10705,1,,
11,0,5,354,10709,1,,
322,152,6,329,10714,1,,
87,35,7,331,10718,1,,
145,352,4,360,10721,1,,
258,94,4,329,10728,1,,
348,20,4,329,10735,1,,
259,94,4,329,10742,1,,
157,81,8,325,10754,1,,
175,82,1,97,10754,1,,
175,191,12,223,10754,1,,
8,685,7,325,10765,1,,
154,355,9,36,10774,1,,
154,6,6,36,10774,1,,
208,44,5,338,10787,1,,
208,44,6,325,10787,1,,
208,8,6,338,10787,1,,
42,866,7,36,10792,1,,
42,118,6,36,10792,1,,
376,1463,10,172,10804,1,,
206,1379,3,358,10806,1,,
229,89,4,331,10808,1,,
229,1958,8,36,10808,1,,
432,162,2,208,10812,1,,
432,308,1,354,10812,1,,
212,-1,-1,-999,10816,2,stockout,
331,54,2,358,10819,1,,
433,308,2,354,10823,1,,
109,252,1,95,10824,1,,
109,3,4,331,10824,1,,
109,552,6,36,10824,1,,
149,912,8,358,10837,1,,
201,466,1,97,10838,1,,
201,43,9,223,10838,1,,
172,191,2,208,10842,1,,
303,15,4,223,10854,1,,
303,279,8,36,10854,1,,
289,770,12,321,10860,1,,
317,98,2,331,10868,1,,
317,53,8,223,10868,1,,
277,599,9,223,10881,1,,
79,1309,6,321,10881,1,,
369,58,6,325,10897,1,,
369,292,2,338,10897,1,,
369,157,7,338,10897,1,,
268,596,12,338,10914,1,,
166,1820,9,36,10918,1,,
31,32,10,338,10928,1,,
78,1652,8,290,10930,1,,
424,511,8,223,10930,1,,
121,347,8,36,10942,1,,
329,212,5,338,10946,1,,
329,2222,8,338,10946,1,,
52,434,6,223,10960,1,,
183,134,1,338,10964,1,,
183,42,7,338,10964,1,,
183,194,6,369,10964,1,,
22,427,6,331,10969,1,,
61,243,6,347,10979,1,,
264,760,6,338,10982,1,,
264,142,7,209,10982,1,,
299,278,4,347,10995,1,,
299,607,2,36,10995,1,,
146,80,4,338,10997,1,,
146,352,6,338,10997,1,,
77,124,9,339,11004,1,,
86,1312,4,209,11013,1,,
86,1668,6,369,11013,1,,
215,1934,1,339,11017,1,,
215,138,8,339,11017,1,,
5,685,9,338,11028,1,,
6,685,8,339,11028,1,,
338,100,7,339,11042,1,,
338,213,3,365,11042,1,,
150,261,5,209,11048,1,,
150,6,8,369,11048,1,,
280,2083,5,223,11060,1,,
25,326,6,339,11062,1,,
25,428,9,34,11062,1,,
3,29,11,372,11065,1,,
20,167,4,355,11067,1,,
437,310,8,339,11074,1,,
177,82,4,97,11080,1,,
136,451,4,339,11088,1,,
136,79,4,339,11088,1,,
216,45,4,331,11097,1,,
32,536,4,36,11105,1,,
295,381,7,34,11109,1,,
295,15,7,34,11109,1,,
270,205,7,338,11111,1,,
270,480,6,218,11111,1,,
270,761,11,218,11111,1,,
257,273,3,36,11115,1,,
417,404,8,339,11123,1,,
224,578,11,218,11130,1,,
224,46,3,218,11130,1,,
132,78,6,339,11143,1,,
132,5,3,34,11143,1,,
132,350,4,34,11143,1,,
407,24,3,36,11144,1,,
36,32,2,338,11146,1,,
36,32,6,218,11146,1,,
36,236,4,218,11146,1,,
212,1924,2,97,11158,1,,
330,2224,9,218,11159,1,,
133,350,6,34,11163,1,,
133,559,7,359,11163,1,,
337,1443,11,218,11174,1,,
164,7,8,376,11177,1,,
51,434,1,223,11180,1,,
300,278,8,218,11186,1,,
75,2,2,312,11199,1,,
75,2,10,34,11199,1,,
377,59,7,338,11199,1,,
377,1237,2,218,11199,1,,
267,760,2,338,11210,1,,
267,204,6,218,11210,1,,
422,62,4,369,11222,1,,
422,25,4,218,11222,1,,
418,304,12,34,11224,1,,
248,1176,9,34,11237,1,,
102,179,8,363,11243,1,,
455,1508,8,218,11247,1,,
288,379,9,34,11250,1,,
403,222,5,363,11251,1,,
439,227,8,209,11259,1,,
318,284,7,34,11262,1,,
113,127,10,363,11265,1,,
17,1537,7,34,11274,1,,
17,859,1,312,11274,1,,
17,-1,-1,-999,11274,2,global,
343,792,7,363,11276,1,,
144,80,7,339,11285,1,,
362,292,12,377,11299,1,,
87,1668,3,369,11308,1,,
87,74,4,218,11308,1,,
227,472,8,377,11311,1,,
170,924,6,339,11316,1,,
225,9,6,312,11325,1,,
338,495,2,312,11335,1,,
338,100,4,312,11335,1,,
392,23,6,377,11341,1,,
53,434,6,267,11345,1,,
421,510,4,267,11352,1,,
360,615,7,330,11357,1,,
235,954,5,338,11360,1,,
208,44,7,382,11368,1,,
325,998,4,218,11374,1,,
258,375,3,338,11382,1,,
74,2,2,34,11382,1,,
74,123,8,342,11382,1,,
22,1,5,363,11383,1,,
22,1281,6,352,11383,1,,
24,235,3,338,11387,1,,
198,465,3,338,11400,1,,
31,236,3,218,11411,1,,
23,1281,1,352,11415,1,,
23,30,8,283,11415,1,,
23,1,2,283,11415,1,,
18,859,1,312,11420,1,,
18,687,6,342,11420,1,,
419,25,6,342,11430,1,,
189,266,6,342,11440,1,,
209,137,3,218,11441,1,,
424,1487,10,283,11446,1,,
384,1237,2,218,11447,1,,
466,1058,3,312,11451,1,,
466,318,5,342,11451,1,,
213,1383,11,283,11472,1,,
373,103,6,342,11475,1,,
357,614,5,342,11483,1,,
125,255,8,352,11484,1,,
5,1061,4,365,11491,1,,
4,65,7,283,11494,1,,
256,202,2,339,11496,1,,
385,1237,2,218,11502,1,,
226,9,8,352,11506,1,,
115,4,10,350,11520,1,,
54,434,4,312,11524,1,,
103,672,3,312,11530,1,,
97,3,7,283,11531,1,,
274,378,2,218,11532,1,,
273,378,2,218,11546,1,,
277,378,2,218,11555,1,,
418,25,2,342,11557,1,,
275,378,2,218,11563,1,,
278,378,2,218,11572,1,,
358,217,6,382,11576,1,,
358,614,9,214,11576,1,,
148,260,2,209,11576,1,,
276,378,2,218,11580,1,,
208,739,4,34,11587,1,,
120,128,6,214,11592,1,,
120,38,6,214,11592,1,,
410,223,2,218,11599,1,,
53,173,4,350,11609,1,,
53,663,8,214,11609,1,,
13,859,1,312,11610,1,,
429,108,2,342,11620,1,,
320,98,1,369,11623,1,,
239,956,2,312,11627,1,,
116,77,9,389,11629,1,,
227,46,9,350,11642,1,,
19,859,1,312,11645,1,,
217,45,7,382,11654,1,,
217,8,2,350,11654,1,,
17,859,1,312,11656,1,,
17,-1,-1,-999,11656,2,global,
51,434,1,267,11656,1,,
100,342,6,391,11666,1,,
81,247,8,350,11669,1,,
21,1545,8,214,11681,1,,
54,434,1,267,11684,1,,
20,859,1,312,11686,1,,
169,1828,7,352,11696,1,,
192,266,1,342,11705,1,,
198,1377,7,350,11706,1,,
22,859,1,312,11711,1,,
216,1934,1,339,11716,1,,
260,593,8,214,11718,1,,
277,599,7,350,11732,1,,
114,127,6,378,11748,1,,
321,99,7,214,11757,1,,
339,392,8,378,11759,1,,
430,226,12,395,11767,1,,
267,13,11,378,11775,1,,
14,0,6,214,11776,1,,
407,105,4,378,11782,1,,
160,357,3,378,11792,1,,
160,81,4,387,11792,1,,
195,1375,9,395,11800,1,,
165,922,8,378,11804,1,,
16,0,9,395,11813,1,,
313,2175,8,378,11818,1,,
34,1076,6,214,11821,1,,
107,343,5,395,11823,1,,
162,357,4,378,11827,1,,
142,129,4,395,11830,1,,
353,217,6,382,11837,1,,
61,1624,6,389,11854,1,,
117,77,8,307,11861,1,,
117,344,6,307,11861,1,,
133,79,3,388,11868,1,,
24,859,1,312,11875,1,,
380,295,9,307,11880,1,,
414,61,6,283,11885,1,,
25,859,1,312,11886,1,,
450,1504,6,350,11894,1,,
394,220,5,214,11902,1,,
141,1344,10,392,11905,1,,
217,1934,1,339,11919,1,,
442,228,5,382,11920,1,,
283,2091,5,382,11928,1,,
93,251,5,214,11941,1,,
161,357,2,378,11945,1,,
161,130,4,307,11945,1,,
161,6,10,398,11945,1,,
413,61,4,283,11955,1,,
373,500,4,398,11957,1,,
373,21,4,398,11957,1,,
424,835,4,350,11967,1,,
143,129,9,398,11970,1,,
116,445,10,307,11984,1,,
154,563,3,214,11987,1,,
247,751,6,307,12000,1,,
160,-1,-1,-999,12004,2,stockout,
45,1596,2,214,12006,1,,
26,535,6,398,12011,1,,
38,169,9,417,12016,1,,
258,-1,-1,-999,12022,2,stockout,
212,87,6,398,12023,1,,
216,1385,8,405,12028,1,,
198,85,7,307,12035,1,,
89,75,10,356,12041,1,,
128,128,8,417,12043,1,,
171,566,4,307,12044,1,,
235,10,7,405,12054,1,,
255,479,4,307,12057,1,,
218,1385,2,405,12061,1,,
181,265,1,405,12066,1,,
184,265,1,405,12075,1,,
86,74,3,307,12078,1,,
182,265,1,405,12084,1,,
54,173,2,350,12091,1,,
132,5,7,409,12109,1,,
53,240,6,416,12130,1,,
382,500,3,398,12140,1,,
338,392,3,378,12145,1,,
261,593,1,214,12148,1,,
279,378,2,307,12155,1,,
44,1080,6,228,12158,1,,
130,4,9,408,12160,1,,
59,242,2,352,12162,1,,
418,508,3,378,12168,1,,
317,490,7,409,12183,1,,
281,378,2,307,12186,1,,
280,378,2,307,12191,1,,
453,413,2,398,12195,1,,
42,662,6,409,12204,1,,
257,479,2,307,12205,1,,
192,363,7,383,12214,1,,
252,964,1,387,12224,1,,
236,90,6,409,12229,1,,
315,283,3,400,12241,1,,
260,12,10,383,12246,1,,
43,662,2,409,12251,1,,
186,265,1,405,12257,1,,
50,119,2,409,12264,1,,
185,265,1,405,12269,1,,
187,265,1,405,12278,1,,
262,141,12,375,12290,1,,
346,215,6,375,12300,1,,
45,118,8,407,12311,1,,
160,357,1,378,12317,1,,
288,14,4,375,12320,1,,
248,92,10,364,12326,1,,
188,194,8,375,12332,1,,
47,330,8,364,12341,1,,
189,462,10,343,12348,1,,
454,413,8,402,12350,1,,
83,1100,5,364,12355,1,,
83,669,3,364,12355,1,,
159,458,9,402,12363,1,,
29,1561,11,259,12366,1,,
296,15,9,402,12376,1,,
16,323,5,407,12376,1,,
437,410,7,402,12386,1,,
84,35,4,402,12396,1,,
22,68,8,401,12402,1,,
22,656,10,401,12402,1,,
392,23,4,402,12403,1,,
320,284,4,402,12413,1,,
37,70,6,402,12425,1,,
183,42,7,364,12426,1,,
183,-1,-1,-999,12426,2,global,
196,267,5,259,12436,1,,
196,7,12,401,12436,1,,
452,315,5,403,12442,1,,
97,669,3,364,12449,1,,
97,3,1,364,12449,1,,
46,170,7,397,12462,1,,
143,1135,6,343,12465,1,,
143,5,8,385,12465,1,,
258,375,1,338,12466,1,,
316,283,9,421,12481,1,,
60,669,2,364,12488,1,,
259,592,3,364,12496,1,,
194,84,12,385,12509,1,,
9,0,3,421,12511,1,,
9,114,6,421,12511,1,,
368,58,9,343,12522,1,,
256,11,9,428,12522,1,,
63,120,9,421,12526,1,,
17,323,8,259,12534,1,,
17,-1,-1,-999,12534,2,global,
76,2,6,421,12545,1,,
18,234,8,423,12545,1,,
352,498,8,401,12557,1,,
182,570,4,421,12562,1,,
14,233,7,401,12567,1,,
192,731,3,421,12570,1,,
439,517,6,343,12577,1,,
1,1059,4,385,12584,1,,
42,118,4,259,12596,1,,
453,315,12,370,12604,1,,
98,3,4,430,12611,1,,
184,570,1,421,12616,1,,
2,-1,-1,-999,12618,2,stockout,
447,64,8,430,12623,1,,
260,273,4,343,12625,1,,
132,257,6,430,12632,1,,
85,35,6,430,12641,1,,
265,13,4,407,12662,1,,
325,784,9,422,12665,1,,
40,1,12,432,12666,1,,
40,1292,2,432,12666,1,,
133,5,6,422,12674,1,,
257,48,3,422,12680,1,,
96,177,8,432,12680,1,,
99,3,10,422,12694,1,,
66,440,8,432,12694,1,,
407,403,4,343,12695,1,,
448,313,6,371,12703,1,,
356,394,8,353,12708,1,,
398,159,5,432,12718,1,,
261,2031,4,371,12720,1,,
429,108,4,423,12720,1,,
176,7,4,432,12729,1,,
176,133,1,432,12729,1,,
213,469,4,259,12733,1,,
64,439,4,401,12739,1,,
341,19,4,343,12746,1,,
361,155,5,432,12765,1,,
67,1305,4,353,12774,1,,
105,443,4,401,12779,1,,
183,570,7,421,12787,1,,
106,443,4,401,12793,1,,
134,350,4,432,12796,1,,
110,553,4,371,12802,1,,
258,273,2,343,12820,1,,
201,466,8,386,12825,1,,
21,30,3,435,12827,1,,
9,650,4,314,12832,1,,
256,11,6,386,12834,1,,
430,108,8,435,12845,1,,
77,2,11,438,12850,1,,
380,295,4,443,12857,1,,
101,550,4,386,12864,1,,
119,556,6,386,12873,1,,
384,60,2,386,12877,1,,
72,122,8,434,12880,1,,
71,122,8,361,12891,1,,
437,1042,11,443,12892,1,,
181,194,4,443,12900,1,,
232,47,9,361,12904,1,,
401,1246,4,404,12910,1,,
193,43,10,449,12926,1,,
2,1059,6,385,12934,1,,
133,79,6,404,12938,1,,
64,1629,9,361,12947,1,,
307,383,4,404,12947,1,,
228,89,2,446,12966,1,,
132,39,9,449,12972,1,,
132,5,8,449,12972,1,,
402,1246,2,404,12978,1,,
387,22,7,404,12991,1,,
444,312,12,344,12995,1,,
444,27,7,344,12995,1,,
293,51,7,449,13004,1,,
233,47,12,444,13009,1,,
162,921,7,449,13016,1,,
76,2,6,444,13018,1,,
99,126,12,344,13027,1,,
274,95,8,437,13030,1,,
420,25,6,433,13032,1,,
359,57,8,344,13044,1,,
359,500,4,344,13044,1,,
265,594,5,449,13051,1,,
265,49,6,426,13051,1,,
225,9,8,433,13063,1,,
147,716,2,344,13075,1,,
147,6,8,344,13075,1,,
258,375,3,361,13085,1,,
411,25,1,433,13088,1,,
357,500,4,344,13095,1,,
357,102,9,442,13095,1,,
408,105,6,439,13098,1,,
406,105,1,344,13106,1,,
406,1480,6,344,13106,1,,
256,11,5,449,13119,1,,
421,405,8,344,13120,1,,
234,47,6,426,13128,1,,
56,666,6,349,13134,1,,
110,1708,9,344,13135,1,,
189,932,4,449,13135,1,,
388,22,4,349,13150,1,,
246,11,10,344,13151,1,,
78,885,6,344,13163,1,,
178,82,4,449,13166,1,,
384,295,2,449,13171,1,,
47,691,3,344,13173,1,,
47,1,2,344,13173,1,,
232,473,6,349,13173,1,,
232,89,12,366,13173,1,,
432,1491,3,437,13178,1,,
226,9,8,349,13185,1,,
235,47,7,429,13192,1,,
77,1651,6,386,13198,1,,
118,-1,-1,-999,13201,2,stockout,
258,-1,-1,-999,13201,2,stockout,
414,106,10,366,13208,1,,
85,1102,8,429,13210,1,,
295,381,5,344,13213,1,,
294,381,6,429,13238,1,,
209,740,10,366,13242,1,,
6,685,2,449,13243,1,,
130,39,2,437,13247,1,,
314,489,5,344,13259,1,,
284,378,2,344,13269,1,,
284,207,5,458,13269,1,,
370,293,10,366,13274,1,,
419,224,4,431,13289,1,,
2,0,8,379,13296,1,,
2,419,8,379,13296,1,,
0,684,1,449,13303,1,,
390,297,6,458,13308,1,,
319,388,4,344,13317,1,,
149,261,8,411,13317,1,,
462,164,8,411,13329,1,,
38,328,4,379,13333,1,,
38,117,4,379,13333,1,,
38,1,12,204,13333,1,,
38,33,9,204,13333,1,,
395,1474,3,344,13333,1,,
452,112,10,440,13347,1,,
409,105,3,344,13349,1,,
416,831,2,344,13354,1,,
40,1,6,440,13358,1,,
40,539,2,440,13358,1,,
335,391,1,437,13362,1,,
347,1008,3,344,13380,1,,
444,839,2,451,13381,1,,
79,696,9,379,13381,1,,
79,335,8,204,13381,1,,
327,153,12,451,13407,1,,
307,383,7,349,13409,1,,
307,148,10,204,13409,1,,
307,2157,5,204,13409,1,,
13,322,6,366,13433,1,,
13,232,6,204,13433,1,,
341,101,6,464,13435,1,,
35,32,5,448,13436,1,,
313,52,5,448,13444,1,,
19,1542,12,464,13452,1,,
227,46,7,379,13453,1,,
227,9,6,204,13453,1,,
3,231,6,448,13456,1,,
14,0,5,456,13464,1,,
129,4,4,448,13471,1,,
208,137,10,379,13474,1,,
208,86,4,379,13474,1,,
128,448,8,456,13476,1,,
33,32,3,448,13482,1,,
287,146,8,440,13493,1,,
287,483,4,379,13493,1,,
424,225,8,456,13507,1,,
253,590,10,204,13509,1,,
4,231,2,448,13514,1,,
337,154,6,456,13516,1,,
459,1510,10,204,13525,1,,
82,1660,2,448,13526,1,,
339,154,2,456,13526,1,,
2,65,8,204,13539,1,,
118,556,4,386,13551,1,,
118,-1,-1,-999,13551,2,global,
103,3,4,366,13560,1,,
103,551,4,204,13560,1,,
89,2,7,346,13569,1,,
89,35,8,346,13569,1,,
345,55,4,366,13573,1,,
345,215,4,379,13573,1,,
284,1192,8,204,13584,1,,
271,972,5,346,13587,1,,
271,49,8,304,13587,1,,
276,974,10,346,13601,1,,
11,686,2,453,13616,1,,
437,1042,4,346,13618,1,,
437,27,8,346,13618,1,,
29,32,2,204,13619,1,,
29,535,5,204,13619,1,,
85,1665,9,453,13630,1,,
464,417,8,204,13631,1,,
335,1441,11,346,13633,1,,
432,514,8,346,13645,1,,
165,131,6,204,13645,1,,
109,37,8,453,13646,1,,
90,548,6,379,13655,1,,
7,422,8,346,13656,1,,
213,196,10,304,13670,1,,
420,509,6,349,13674,1,,
28,861,6,304,13684,1,,
193,935,6,204,13689,1,,
387,817,5,379,13697,1,,
305,16,6,455,13704,1,,
34,537,7,346,13714,1,,
104,897,4,455,13721,1,,
102,179,5,455,13743,1,,
33,1568,6,304,13746,1,,
33,32,1,459,13746,1,,
62,332,5,379,13753,1,,
288,50,6,304,13755,1,,
302,2144,4,379,13762,1,,
463,645,6,346,13765,1,,
154,188,5,346,13772,1,,
91,176,10,475,13776,1,,
173,132,3,379,13781,1,,
89,249,7,425,13784,1,,
306,280,8,317,13786,1,,
6,66,4,349,13788,1,,
45,1597,5,304,13796,1,,
285,602,5,362,13797,1,,
5,649,5,317,13799,1,,
80,336,4,346,13803,1,,
27,-1,-1,-999,13804,2,stockout,
183,42,4,379,13804,1,,
448,412,4,317,13808,1,,
387,-1,-1,-999,13813,2,stockout,
47,-1,-1,-999,13814,2,stockout,
170,-1,-1,-999,13825,2,stockout,
441,411,5,304,13825,1,,
258,375,2,361,13838,1,,
218,578,4,346,13843,1,,
286,483,2,379,13848,1,,
118,556,9,455,13865,1,,
32,32,2,204,13865,1,,
36,32,2,204,13869,1,,
397,824,3,304,13873,1,,
204,137,1,379,13878,1,,
104,1699,6,317,13889,1,,
8,422,1,346,13896,1,,
231,473,2,349,13901,1,,
174,264,9,373,13923,1,,
34,32,3,459,13926,1,,
28,32,1,459,13933,1,,
31,659,9,374,13940,1,,
260,12,12,374,13957,1,,
205,8,8,481,13959,1,,
261,12,12,452,13965,1,,
200,268,10,374,13971,1,,
24,31,4,452,13981,1,,
24,168,8,452,13981,1,,
433,1040,10,374,13985,1,,
215,1933,6,374,13999,1,,
393,298,4,374,14006,1,,
105,36,4,452,14018,1,,
105,180,9,452,14018,1,,
105,76,8,452,14018,1,,
459,643,9,374,14019,1,,
154,916,6,452,14028,1,,
237,90,7,374,14032,1,,
278,144,10,452,14042,1,,
280,766,6,351,14050,1,,
346,55,6,452,14057,1,,
5,420,6,452,14069,1,,
11,66,4,351,14070,1,,
11,232,3,351,14070,1,,
316,2183,8,452,14083,1,,
35,430,6,351,14085,1,,
230,370,5,452,14098,1,,
230,10,4,452,14098,1,,
394,298,4,374,14099,1,,
328,1001,4,452,14107,1,,
377,810,8,351,14110,1,,
262,12,4,351,14117,1,,
456,163,12,367,14126,1,,
160,1805,2,351,14128,1,,
113,253,4,351,14135,1,,
412,302,12,461,14143,1,,
350,56,4,452,14149,1,,
25,428,8,413,14151,1,,
25,31,4,413,14151,1,,
174,925,9,427,14162,1,,
10,321,8,413,14163,1,,
132,5,4,461,14169,1,,
13,322,8,413,14175,1,,
457,230,11,461,14186,1,,
277,205,7,447,14192,1,,
277,144,6,447,14192,1,,
171,41,4,374,14193,1,,
110,252,1,452,14203,1,,
339,790,4,367,14206,1,,
396,298,3,374,14218,1,,
80,246,8,413,14220,1,,
27,32,3,204,14223,1,,
433,1040,3,452,14228,1,,
386,500,4,413,14238,1,,
387,817,3,379,14242,1,,
176,1363,5,447,14246,1,,
47,691,3,344,14252,1,,
47,1599,6,452,14252,1,,
279,144,4,447,14253,1,,
159,1805,2,351,14272,1,,
230,1962,8,200,14273,1,,
170,132,5,379,14283,1,,
5,420,7,447,14284,1,,
22,235,4,490,14290,1,,
380,812,5,476,14298,1,,
2,29,10,494,14308,1,,
165,131,6,476,14314,1,,
20,167,8,476,14325,1,,
192,42,5,490,14333,1,,
32,69,1,494,14345,1,,
59,174,12,406,14350,1,,
63,1088,10,337,14351,1,,
38,33,4,494,14356,1,,
77,544,1,494,14359,1,,
21,167,12,406,14366,1,,
60,174,11,485,14381,1,,
228,46,8,473,14384,1,,
228,46,10,337,14384,1,,
246,959,11,473,14400,1,,
388,22,10,406,14408,1,,
388,60,10,500,14408,1,,
189,135,8,473,14411,1,,
34,537,10,406,14422,1,,
307,16,10,337,14426,1,,
96,1686,6,502,14441,1,,
430,1039,9,473,14442,1,,
430,162,1,473,14442,1,,
27,32,2,459,14446,1,,
39,169,10,502,14461,1,,
15,686,9,473,14463,1,,
15,115,5,473,14463,1,,
116,127,6,473,14475,1,,
81,174,10,500,14478,1,,
81,73,8,122,14478,1,,
81,1098,2,122,14478,1,,
464,1272,8,337,14489,1,,
47,170,2,406,14493,1,,
47,869,9,122,14493,1,,
86,338,9,337,14504,1,,
154,130,4,406,14511,1,,
154,355,6,406,14511,1,,
154,916,3,122,14511,1,,
61,243,6,478,14523,1,,
61,174,6,478,14523,1,,
312,149,8,485,14527,1,,
312,991,4,470,14527,1,,
328,786,10,505,14537,1,,
16,115,3,473,14545,1,,
16,67,8,478,14545,1,,
153,130,4,406,14548,1,,
153,355,7,470,14548,1,,
153,80,5,436,14548,1,,
22,30,10,122,14566,1,,
363,1228,5,337,14569,1,,
363,58,2,478,14569,1,,
69,1093,8,384,14581,1,,
256,11,4,406,14582,1,,
256,93,6,122,14582,1,,
55,665,10,478,14593,1,,
65,121,8,470,14596,1,,
297,15,6,473,14603,1,,
110,553,4,384,14611,1,,
340,100,8,500,14611,1,,
340,55,1,470,14611,1,,
426,631,6,337,14612,1,,
6,529,6,384,14620,1,,
128,349,6,473,14621,1,,
151,914,6,406,14625,1,,
151,130,2,406,14625,1,,
40,237,6,384,14633,1,,
293,51,8,436,14639,1,,
458,316,5,478,14646,1,,
314,1206,10,482,14651,1,,
32,536,10,482,14666,1,,
214,1159,4,482,14672,1,,
267,204,6,436,14677,1,,
422,406,7,482,14683,1,,
438,162,4,473,14692,1,,
322,18,10,482,14697,1,,
158,189,6,500,14699,1,,
23,534,4,473,14699,1,,
97,3,4,482,14704,1,,
190,266,6,122,14708,1,,
439,162,1,473,14708,1,,
243,1402,4,337,14721,1,,
305,16,1,337,14724,1,,
464,417,11,122,14732,1,,
27,32,5,505,14751,1,,
59,242,6,122,14753,1,,
59,1,10,492,14753,1,,
252,589,2,482,14755,1,,
265,142,9,492,14766,1,,
278,1186,2,482,14766,1,,
201,466,10,492,14780,1,,
117,1718,6,436,14789,1,,
8,422,6,492,14799,1,,
5,1061,9,227,14800,1,,
108,343,5,406,14807,1,,
159,189,5,500,14815,1,,
294,1197,8,227,14815,1,,
387,22,4,470,14822,1,,
31,659,7,227,14826,1,,
64,71,5,511,14831,1,,
435,1494,4,470,14843,1,,
453,1265,3,227,14846,1,,
453,1049,12,227,14846,1,,
282,95,11,486,14848,1,,
217,197,4,492,14858,1,,
131,4,8,486,14869,1,,
131,39,7,486,14869,1,,
94,176,8,227,14872,1,,
94,36,10,227,14872,1,,
132,257,7,486,14880,1,,
430,307,7,227,14885,1,,
60,120,6,486,14889,1,,
213,196,12,227,14904,1,,
411,223,5,486,14910,1,,
463,416,5,227,14914,1,,
298,208,5,486,14918,1,,
58,120,2,486,14923,1,,
313,52,3,406,14925,1,,
302,279,2,492,14938,1,,
61,34,4,517,14942,1,,
61,693,10,517,14942,1,,
93,36,2,227,14943,1,,
206,1911,4,122,14945,1,,
412,223,2,486,14946,1,,
301,208,1,486,14949,1,,
76,73,4,122,14952,1,,
388,22,12,463,14969,1,,
330,153,6,463,14990,1,,
330,492,10,463,14990,1,,
27,-1,-1,-999,15000,2,stockout,
327,100,7,517,15000,1,,
151,354,10,463,15004,1,,
119,677,12,517,15017,1,,
62,34,5,517,15025,1,,
238,197,2,492,15027,1,,
238,955,8,457,15027,1,,
238,10,7,457,15027,1,,
91,699,3,510,15037,1,,
434,308,2,470,15043,1,,
434,109,10,457,15043,1,,
439,517,8,511,15046,1,,
94,340,8,491,15049,1,,
53,1299,3,510,15055,1,,
95,36,8,520,15057,1,,
319,17,7,463,15061,1,,
319,53,6,457,15061,1,,
387,817,10,463,15075,1,,
320,17,8,493,15089,1,,
75,1307,8,463,15103,1,,
128,128,6,520,15107,1,,
403,222,10,493,15119,1,,
441,227,11,469,15122,1,,
159,721,3,463,15127,1,,
80,886,6,520,15132,1,,
221,370,8,463,15141,1,,
185,571,8,469,15144,1,,
358,291,4,463,15150,1,,
208,44,4,469,15154,1,,
213,44,4,463,15159,1,,
129,38,11,514,15173,1,,
399,503,2,508,15175,1,,
364,58,5,514,15181,1,,
423,834,3,463,15181,1,,
49,119,6,468,15183,1,,
274,95,2,514,15185,1,,
452,112,10,514,15199,1,,
17,654,8,175,15204,1,,
17,0,8,175,15204,1,,
17,-1,-1,-999,15204,2,global,
190,933,5,514,15208,1,,
124,1731,11,175,15219,1,,
176,133,8,175,15231,1,,
407,503,2,508,15249,1,,
407,24,11,484,15249,1,,
50,433,12,175,15251,1,,
50,33,3,175,15251,1,,
216,197,4,175,15258,1,,
408,626,6,175,15268,1,,
23,1,6,484,15271,1,,
111,37,7,175,15280,1,,
111,252,1,175,15280,1,,
350,20,10,484,15285,1,,
218,197,4,175,15289,1,,
378,811,6,484,15294,1,,
354,217,6,175,15301,1,,
192,266,2,122,15303,1,,
355,217,4,175,15310,1,,
397,1476,6,489,15312,1,,
315,283,10,524,15316,1,,
344,55,1,470,15316,1,,
356,20,12,524,15332,1,,
115,675,4,524,15339,1,,
263,274,7,524,15350,1,,
285,275,5,524,15358,1,,
352,290,7,503,15367,1,,
80,336,8,469,15369,1,,
219,45,6,503,15379,1,,
223,1165,6,477,15383,1,,
224,139,3,524,15389,1,,
14,233,3,450,15397,1,,
64,71,3,175,15401,1,,
290,605,8,477,15402,1,,
183,42,1,477,15406,1,,
130,39,2,477,15411,1,,
73,245,10,454,15417,1,,
353,56,3,450,15421,1,,
8,1526,2,175,15432,1,,
359,57,4,529,15440,1,,
175,191,6,454,15456,1,,
175,567,11,454,15456,1,,
194,464,2,175,15463,1,,
360,57,6,393,15464,1,,
164,7,6,529,15473,1,,
242,749,6,454,15475,1,,
27,32,1,505,15480,1,,
266,13,8,-76,15485,1,,
231,197,1,175,15486,1,,
47,691,1,529,15488,1,,
121,254,10,480,15514,1,,
270,205,9,512,15525,1,,
355,613,11,477,15529,1,,
361,57,9,-76,15538,1,,
288,276,9,480,15552,1,,
288,95,9,480,15552,1,,
354,393,8,-76,15557,1,,
354,154,6,527,15557,1,,
34,1287,9,480,15570,1,,
319,17,3,-76,15574,1,,
319,17,10,512,15574,1,,
211,138,10,480,15586,1,,
302,1201,9,512,15591,1,,
310,149,10,480,15603,1,,
387,-1,-1,-999,15605,2,stockout,
287,2101,10,527,15605,1,,
47,-1,-1,-999,15612,2,stockout,
444,110,8,480,15616,1,,
23,1,5,536,15618,1,,
23,235,4,471,15618,1,,
454,847,3,536,15630,1,,
454,229,5,536,15630,1,,
369,1232,4,480,15630,1,,
369,102,4,480,15630,1,,
177,192,11,532,15637,1,,
99,-1,-1,-999,15637,2,stockout,
149,261,8,480,15644,1,,
316,779,7,381,15657,1,,
232,139,8,532,15661,1,,
425,630,1,532,15666,1,,
289,276,6,381,15668,1,,
359,57,5,512,15672,1,,
359,154,4,527,15672,1,,
260,12,3,532,15679,1,,
4,855,8,471,15683,1,,
316,-1,-1,-999,15691,2,stockout,
261,12,4,537,15702,1,,
132,5,5,466,15713,1,,
180,83,5,480,15722,1,,
303,148,8,471,15724,1,,
427,26,4,527,15736,1,,
427,631,4,471,15736,1,,
160,357,4,480,15743,1,,
268,13,8,471,15748,1,,
154,188,7,-76,15758,1,,
198,136,5,466,15764,1,,
11,423,6,512,15768,1,,
107,443,4,480,15771,1,,
414,1484,3,480,15779,1,,
288,276,6,527,15788,1,,
108,443,3,480,15797,1,,
100,126,6,527,15797,1,,
215,87,6,471,15809,1,,
397,159,1,480,15816,1,,
157,81,6,512,15818,1,,
426,26,5,535,15837,1,,
224,46,2,466,15844,1,,
72,879,12,487,15850,1,,
423,629,4,545,15859,1,,
258,273,4,545,15871,1,,
67,72,5,-76,15876,1,,
311,385,4,-76,15883,1,,
289,2107,12,466,15889,1,,
400,503,2,512,15895,1,,
259,592,10,487,15900,1,,
448,228,2,-76,15901,1,,
236,90,4,512,15907,1,,
452,112,3,471,15913,1,,
47,691,4,529,15924,1,,
64,71,8,506,15932,1,,
194,364,6,525,15933,1,,
442,228,10,525,15947,1,,
284,207,12,506,15949,1,,
121,1726,4,525,15954,1,,
122,254,8,506,15961,1,,
342,19,7,506,15971,1,,
183,265,1,506,15974,1,,
226,9,7,506,15985,1,,
316,779,5,381,15994,1,,
169,41,2,506,15998,1,,
170,41,5,506,16006,1,,
109,443,4,390,16007,1,,
260,12,10,390,16032,1,,
312,488,10,526,16032,1,,
248,1176,2,390,16039,1,,
51,172,4,526,16044,1,,
219,1939,8,390,16053,1,,
166,131,2,390,16059,1,,
191,1373,4,526,16061,1,,
104,443,2,390,16066,1,,
317,150,2,544,16073,1,,
317,53,6,544,16073,1,,
239,198,3,390,16074,1,,
258,1180,5,390,16085,1,,
422,305,9,544,16086,1,,
119,128,10,534,16112,1,,
119,37,9,534,16112,1,,
62,34,6,544,16115,1,,
256,93,11,539,16116,1,,
95,125,1,522,16125,1,,
426,1256,8,534,16127,1,,
252,478,4,526,16132,1,,
398,503,1,512,16137,1,,
204,86,6,544,16138,1,,
261,12,8,534,16141,1,,
130,4,5,544,16146,1,,
443,228,5,522,16147,1,,
444,312,2,526,16154,1,,
309,16,8,496,16158,1,,
251,93,5,531,16164,1,,
201,576,5,496,16168,1,,
15,424,1,496,16172,1,,
320,17,2,496,16178,1,,
17,0,10,531,16190,1,,
17,-1,-1,-999,16190,2,global,
165,190,3,496,16191,1,,
202,576,3,496,16197,1,,
175,-1,-1,-999,16207,2,stockout,
47,-1,-1,-999,16209,2,stockout,
323,-1,-1,-999,16209,2,stockout,
80,-1,-1,-999,16213,2,stockout,
45,868,7,534,16221,1,,
99,252,1,175,16224,1,,
324,285,4,501,16232,1,,
0,646,2,501,16237,1,,
249,200,3,566,16240,1,,
250,200,1,566,16246,1,,
425,26,8,501,16248,1,,
217,45,4,501,16255,1,,
226,46,5,521,16257,1,,
133,184,8,521,16271,1,,
170,132,3,521,16295,1,,
199,1378,11,565,16304,1,,
260,12,5,565,16312,1,,
445,111,2,521,16319,1,,
134,79,4,565,16346,1,,
429,108,4,565,16353,1,,
213,743,4,565,16361,1,,
333,493,10,412,16364,1,,
16,166,8,412,16378,1,,
316,53,10,561,16393,1,,
225,9,2,412,16394,1,,
225,270,8,412,16394,1,,
78,2,12,561,16410,1,,
135,257,7,412,16412,1,,
135,79,5,412,16412,1,,
97,441,10,271,16424,1,,
252,200,6,566,16429,1,,
252,200,4,521,16429,1,,
1,319,8,271,16436,1,,
19,0,9,509,16444,1,,
431,633,8,271,16451,1,,
172,191,8,412,16458,1,,
77,73,8,271,16462,1,,
89,75,6,271,16474,1,,
191,1881,8,412,16477,1,,
347,101,4,271,16481,1,,
322,18,3,271,16487,1,,
76,73,2,271,16492,1,,
395,298,2,271,16510,1,,
243,958,6,412,16516,1,,
32,536,5,412,16526,1,,
17,424,4,496,16533,1,,
17,-1,-1,-999,16533,2,global,
249,587,5,521,16544,1,,
174,1840,5,549,16549,1,,
2,0,4,549,16556,1,,
226,9,4,412,16559,1,,
120,346,2,271,16559,1,,
38,33,7,549,16566,1,,
170,1831,3,271,16581,1,,
18,0,8,549,16587,1,,
251,200,2,521,16588,1,,
430,633,1,271,16590,1,,
4,529,3,549,16595,1,,
5,529,3,549,16603,1,,
47,691,1,529,16615,1,,
176,41,5,567,16626,1,,
316,779,8,271,16627,1,,
266,142,12,546,16645,1,,
175,265,1,506,16648,1,,
175,-1,-1,-999,16648,2,global,
143,186,4,412,16654,1,,
80,125,1,561,16663,1,,
144,186,9,546,16669,1,,
177,41,2,567,16676,1,,
3,647,9,559,16688,1,,
265,49,4,583,16698,1,,
203,367,8,559,16702,1,,
43,1592,2,559,16709,1,,
313,282,7,583,16719,1,,
64,120,8,559,16723,1,,
308,16,8,585,16733,1,,
294,606,6,583,16745,1,,
314,992,8,579,16759,1,,
176,927,11,583,16776,1,,
53,240,3,585,16784,1,,
132,5,7,585,16797,1,,
300,1422,11,-61,16802,1,,
396,298,1,585,16802,1,,
307,280,8,579,16816,1,,
236,10,10,-61,16818,1,,
4,-1,-1,-999,16823,2,stockout,
397,298,4,585,16825,1,,
99,-1,-1,-999,16827,2,stockout,
74,123,5,579,16835,1,,
142,185,6,-61,16841,1,,
142,129,9,-61,16841,1,,
430,-1,-1,-999,16843,2,stockout,
80,-1,-1,-999,16844,2,stockout,
35,1574,4,579,16845,1,,
285,275,6,-61,16852,1,,
369,157,6,-61,16864,1,,
128,38,6,-61,16875,1,,
334,54,8,-61,16889,1,,
16,323,9,-61,16904,1,,
433,27,3,579,16906,1,,
265,760,2,564,16913,1,,
414,506,7,-61,16917,1,,
25,428,5,-61,16927,1,,
232,10,2,-61,16954,1,,
299,278,6,419,16964,1,,
175,265,1,506,16976,1,,
175,567,8,-61,16976,1,,
175,-1,-1,-999,16976,2,global,
129,128,8,419,16978,1,,
158,262,2,564,16985,1,,
163,358,2,419,17003,1,,
163,6,9,419,17003,1,,
4,529,6,549,17006,1,,
431,408,7,419,17016,1,,
49,119,6,419,17027,1,,
214,1929,11,419,17044,1,,
122,347,7,528,17048,1,,
396,400,3,550,17052,1,,
206,577,6,582,17064,1,,
310,281,2,579,17071,1,,
21,116,5,419,17081,1,,
435,226,4,528,17082,1,,
13,0,4,528,17089,1,,
387,218,4,419,17090,1,,
140,1134,6,578,17112,1,,
434,109,7,554,17113,1,,
80,125,1,561,17122,1,,
222,8,8,578,17134,1,,
83,546,4,554,17141,1,,
133,79,6,584,17158,1,,
133,39,10,584,17158,1,,
447,842,7,584,17171,1,,
279,206,2,578,17177,1,,
336,1442,4,584,17186,1,,
446,412,4,498,17195,1,,
347,55,6,498,17207,1,,
99,252,1,175,17210,1,,
437,63,6,595,17214,1,,
390,820,6,495,17218,1,,
433,515,2,595,17224,1,,
42,118,7,495,17231,1,,
438,63,6,504,17234,1,,
154,563,9,595,17246,1,,
388,398,12,600,17250,1,,
339,1444,8,504,17258,1,,
44,1,6,600,17267,1,,
44,431,5,600,17267,1,,
431,108,8,504,17270,1,,
430,633,3,271,17276,1,,
15,531,9,600,17282,1,,
298,15,9,592,17300,1,,
383,60,7,592,17318,1,,
383,500,4,592,17318,1,,
319,17,6,600,17329,1,,
425,835,8,590,17339,1,,
425,26,10,590,17339,1,,
222,745,8,495,17343,1,,
175,265,1,506,17346,1,,
175,-1,-1,-999,17346,2,global,
251,200,7,600,17356,1,,
155,356,10,590,17361,1,,
314,52,8,592,17370,1,,
56,173,4,495,17379,1,,
369,292,6,292,17381,1,,
369,618,9,292,17381,1,,
246,11,4,591,17388,1,,
434,63,4,590,17389,1,,
45,329,5,592,17398,1,,
363,292,6,590,17401,1,,
80,-1,-1,-999,17404,2,stockout,
387,500,4,592,17407,1,,
23,1,8,590,17415,1,,
226,9,9,292,17430,1,,
85,1665,9,-2,17439,1,,
450,314,9,292,17445,1,,
131,1127,8,-2,17452,1,,
440,311,1,292,17465,1,,
440,27,12,292,17465,1,,
130,183,8,292,17479,1,,
39,237,8,-2,17488,1,,
347,101,2,495,17490,1,,
121,447,6,-2,17498,1,,
442,228,4,-2,17505,1,,
294,96,4,594,17509,1,,
122,447,4,-2,17515,1,,
402,299,3,591,17517,1,,
385,500,2,592,17524,1,,
24,31,1,495,17533,1,,
172,460,2,292,17555,1,,
172,191,6,292,17555,1,,
25,1,9,598,17567,1,,
307,1204,7,292,17570,1,,
302,2144,6,598,17579,1,,
328,100,6,292,17582,1,,
99,670,6,292,17594,1,,
315,52,10,598,17595,1,,
96,177,5,292,17604,1,,
194,84,4,598,17612,1,,
95,341,4,611,17613,1,,
175,265,1,506,17619,1,,
175,-1,-1,-999,17619,2,global,
40,661,2,292,17626,1,,
218,944,7,13,17641,1,,
218,45,6,13,17641,1,,
144,80,2,292,17645,1,,
51,172,6,570,17650,1,,
34,430,7,13,17665,1,,
34,1,10,13,17665,1,,
292,2115,6,552,17678,1,,
292,15,1,552,17678,1,,
299,15,6,552,17690,1,,
80,125,1,561,17693,1,,
212,1923,10,13,17706,1,,
261,141,10,589,17722,1,,
4,0,3,607,17728,1,,
132,5,4,607,17737,1,,
263,12,8,13,17741,1,,
263,274,4,13,17741,1,,
8,0,1,607,17747,1,,
8,856,4,607,17747,1,,
445,840,9,13,17756,1,,
1,113,6,596,17761,1,,
79,696,9,13,17777,1,,
79,2,5,589,17777,1,,
319,151,10,596,17777,1,,
197,267,5,596,17788,1,,
311,385,10,499,17793,1,,
130,39,6,596,17799,1,,
207,195,9,499,17808,1,,
170,7,4,593,17813,1,,
170,1832,2,593,17813,1,,
204,8,4,596,17813,1,,
0,684,8,13,17822,1,,
465,1272,10,593,17827,1,,
125,349,12,593,17843,1,,
284,2095,8,13,17852,1,,
82,2,8,593,17855,1,,
464,1272,1,593,17858,1,,
439,517,8,13,17874,1,,
175,265,1,506,17885,1,,
175,-1,-1,-999,17885,2,global,
155,188,7,13,17887,1,,
280,14,9,558,17902,1,,
193,43,5,632,17915,1,,
353,393,8,13,17916,1,,
159,721,6,13,17929,1,,
348,497,7,577,17938,1,,
9,114,6,499,17941,1,,
319,388,5,577,17948,1,,
178,41,5,13,17951,1,,
268,204,6,13,17963,1,,
73,245,6,613,17974,1,,
316,53,6,613,17985,1,,
150,1346,9,38,17990,1,,
1,418,6,499,17997,1,,
99,-1,-1,-999,18003,2,stockout,
47,170,10,38,18008,1,,
47,691,3,38,18008,1,,
80,-1,-1,-999,18009,2,stockout,
295,96,9,38,18025,1,,
225,1950,12,38,18044,1,,
31,328,8,38,18058,1,,
194,84,6,38,18069,1,,
147,6,8,618,18080,1,,
338,1443,6,38,18081,1,,
294,96,3,38,18089,1,,
59,120,4,13,18089,1,,
415,61,6,462,18097,1,,
32,236,4,499,18098,1,,
420,405,6,38,18100,1,,
61,120,4,13,18107,1,,
279,206,8,462,18111,1,,
133,184,6,38,18112,1,,
146,1774,4,38,18121,1,,
320,17,6,462,18131,1,,
320,284,7,462,18131,1,,
104,180,6,462,18143,1,,
411,61,1,462,18153,1,,
3,1519,5,462,18163,1,,
105,180,3,499,18167,1,,
308,97,3,462,18171,1,,
248,92,4,589,18181,1,,
193,573,7,577,18184,1,,
135,682,4,13,18190,1,,
319,17,3,38,18205,1,,
358,395,3,38,18211,1,,
325,286,2,38,18220,1,,
106,3,9,555,18225,1,,
106,672,9,555,18225,1,,
4,0,2,38,18230,1,,
136,682,2,13,18232,1,,
343,19,3,13,18239,1,,
175,265,1,506,18254,1,,
175,-1,-1,-999,18254,2,global,
60,437,9,555,18255,1,,
147,1774,2,38,18260,1,,
423,629,8,555,18269,1,,
316,779,9,462,18269,1,,
347,609,7,555,18282,1,,
33,69,8,555,18296,1,,
205,368,4,619,18296,1,,
95,76,7,629,18309,1,,
206,368,4,619,18313,1,,
99,252,1,175,18317,1,,
335,18,6,555,18333,1,,
335,54,10,626,18333,1,,
204,8,10,636,18349,1,,
80,125,1,561,18361,1,,
404,160,10,626,18365,1,,
207,368,4,619,18371,1,,
251,200,1,13,18380,1,,
251,11,8,626,18380,1,,
297,15,4,581,18387,1,,
98,178,1,581,18391,1,,
130,39,8,636,18394,1,,
101,178,2,581,18396,1,,
17,115,6,629,18406,1,,
17,-1,-1,-999,18406,2,global,
45,690,4,519,18410,1,,
89,176,7,626,18418,1,,
57,173,6,555,18430,1,,
199,194,7,519,18430,1,,
199,575,6,519,18430,1,,
42,690,2,519,18437,1,,
320,2197,6,636,18441,1,,
197,575,2,519,18444,1,,
358,395,3,519,18452,1,,
169,41,1,13,18469,1,,
169,131,4,555,18469,1,,
141,40,6,555,18481,1,,
286,379,5,626,18491,1,,
99,178,5,581,18496,1,,
24,31,5,555,18501,1,,
14,233,4,555,18510,1,,
27,32,2,13,18519,1,,
182,362,2,626,18525,1,,
306,16,2,629,18532,1,,
47,869,1,13,18538,1,,
175,265,1,506,18542,1,,
175,132,6,619,18542,1,,
175,-1,-1,-999,18542,2,global,
119,1722,2,555,18545,1,,
16,323,12,628,18561,1,,
25,31,11,658,18562,1,,
100,671,10,628,18577,1,,
174,360,7,628,18590,1,,
249,-1,-1,-999,18602,2,stockout,
124,348,7,628,18603,1,,
238,272,6,48,18604,1,,
238,1397,8,48,18604,1,,
238,90,2,48,18604,1,,
99,-1,-1,-999,18610,2,stockout,
80,-1,-1,-999,18613,2,stockout,
109,37,7,628,18615,1,,
11,423,8,48,18616,1,,
295,607,6,628,18627,1,,
86,2,4,48,18632,1,,
86,175,6,48,18632,1,,
86,888,2,48,18632,1,,
296,607,2,628,18646,1,,
23,1,2,48,18647,1,,
23,68,8,48,18647,1,,
209,740,6,48,18656,1,,
392,501,6,48,18665,1,,
283,482,4,48,18673,1,,
378,811,6,48,18684,1,,
342,290,5,48,18704,1,,
305,280,4,659,18712,1,,
430,307,4,48,18713,1,,
294,51,4,48,18722,1,,
180,193,8,609,18727,1,,
87,35,6,663,18734,1,,
169,1357,7,609,18740,1,,
0,1516,6,650,18751,1,,
108,1704,8,663,18752,1,,
4,0,1,647,18758,1,,
165,190,8,650,18765,1,,
26,1,10,650,18782,1,,
193,43,2,48,18796,1,,
303,148,12,609,18800,1,,
138,713,1,650,18806,1,,
447,28,3,48,18812,1,,
217,1935,1,48,18815,1,,
139,713,6,650,18817,1,,
119,1722,7,658,18830,1,,
136,451,10,665,18845,1,,
218,1935,1,48,18853,1,,
21,30,6,665,18857,1,,
176,133,4,670,18869,1,,
95,76,10,665,18874,1,,
308,487,3,670,18887,1,,
67,440,11,655,18891,1,,
20,324,10,655,18907,1,,
351,611,6,655,18922,1,,
351,20,3,655,18922,1,,
133,5,11,655,18940,1,,
37,70,8,533,18948,1,,
280,600,7,655,18953,1,,
265,2048,10,533,18964,1,,
134,5,10,682,18971,1,,
134,350,2,682,18971,1,,
109,37,8,533,18978,1,,
80,125,1,561,18982,1,,
320,211,3,655,18985,1,,
320,284,5,655,18985,1,,
249,200,3,13,18986,1,,
319,151,6,533,18997,1,,
311,281,8,682,18999,1,,
248,92,6,533,19009,1,,
260,12,6,655,19010,1,,
226,1951,6,533,19020,1,,
425,1035,4,682,19027,1,,
425,160,6,675,19027,1,,
263,141,10,674,19037,1,,
99,252,1,175,19038,1,,
340,154,6,682,19039,1,,
405,104,3,533,19050,1,,
405,300,5,641,19050,1,,
229,271,5,674,19061,1,,
227,948,10,467,19077,1,,
281,14,8,675,19096,1,,
424,511,8,467,19107,1,,
360,799,6,655,19107,1,,
77,124,2,675,19114,1,,
258,94,4,641,19116,1,,
339,154,2,682,19121,1,,
119,1332,4,533,19130,1,,
119,37,4,674,19130,1,,
284,207,12,572,19149,1,,
422,62,6,572,19160,1,,
2,1059,4,572,19170,1,,
327,491,6,630,19182,1,,
262,94,3,641,19182,1,,
262,12,4,572,19182,1,,
171,1834,4,572,19191,1,,
1,-1,-1,-999,19206,2,stockout,
396,1024,8,687,19208,1,,
38,169,12,572,19210,1,,
138,452,4,533,19219,1,,
329,100,12,687,19227,1,,
182,1147,4,467,19228,1,,
139,-1,-1,-999,19230,2,stockout,
47,-1,-1,-999,19233,2,stockout,
220,197,4,572,19237,1,,
34,430,8,687,19241,1,,
99,-1,-1,-999,19242,2,stockout,
219,197,4,572,19246,1,,
80,-1,-1,-999,19251,2,stockout,
140,713,6,603,19252,1,,
397,400,6,630,19264,1,,
394,220,4,603,19275,1,,
406,300,2,641,19279,1,,
406,60,2,572,19279,1,,
395,220,4,603,19285,1,,
120,1332,2,533,19285,1,,
302,208,5,603,19295,1,,
302,-1,-1,-999,19295,2,global,
304,208,3,603,19302,1,,
78,545,2,533,19329,1,,
224,197,1,572,19339,1,,
223,87,6,664,19364,1,,
303,776,4,631,19365,1,,
205,137,1,674,19370,1,,
15,67,3,664,19378,1,,
51,172,6,683,19380,1,,
217,87,3,664,19386,1,,
299,382,2,683,19400,1,,
396,220,4,603,19409,1,,
7,530,4,683,19419,1,,
301,776,3,631,19427,1,,
143,351,8,488,19433,1,,
46,170,9,683,19442,1,,
225,88,8,488,19447,1,,
452,112,9,488,19462,1,,
304,382,5,683,19479,1,,
142,351,2,488,19486,1,,
220,45,7,488,19499,1,,
78,1653,8,488,19513,1,,
1,1059,7,572,19525,1,,
303,382,5,683,19539,1,,
230,581,8,569,19539,1,,
139,713,2,603,19546,1,,
214,270,7,656,19552,1,,
231,1394,5,656,19562,1,,
99,252,1,533,19568,1,,
27,32,6,656,19579,1,,
452,1048,10,656,19596,1,,
327,212,10,696,19612,1,,
348,609,4,696,19621,1,,
133,5,8,562,19631,1,,
4,0,6,696,19632,1,,
349,497,8,562,19645,1,,
38,33,5,696,19657,1,,
38,1,12,696,19657,1,,
313,386,8,562,19659,1,,
350,102,7,695,19672,1,,
11,321,2,516,19673,1,,
11,858,8,623,19673,1,,
323,152,8,562,19686,1,,
10,321,4,516,19687,1,,
10,422,4,516,19687,1,,
2,320,6,516,19699,1,,
247,2003,10,695,19702,1,,
274,2069,3,695,19710,1,,
453,112,8,516,19714,1,,
333,54,4,695,19719,1,,
80,125,1,561,19726,1,,
95,76,7,623,19727,1,,
88,1669,4,516,19736,1,,
86,35,6,541,19748,1,,
284,145,4,541,19757,1,,
302,776,1,631,19762,1,,
302,-1,-1,-999,19762,2,global,
452,522,6,696,19768,1,,
280,481,3,696,19776,1,,
3,320,2,516,19783,1,,
275,598,9,642,19787,1,,
214,270,8,642,19801,1,,
99,-1,-1,-999,19804,2,stockout,
80,-1,-1,-999,19805,2,stockout,
97,3,3,642,19818,1,,
248,586,8,642,19832,1,,
349,1010,10,623,19845,1,,
270,205,9,703,19847,1,,
156,457,4,266,19854,1,,
116,675,7,703,19860,1,,
2,528,6,266,19866,1,,
104,180,7,707,19872,1,,
161,263,3,266,19874,1,,
239,198,4,266,19883,1,,
160,263,3,266,19891,1,,
185,1866,3,266,19899,1,,
162,263,3,266,19906,1,,
163,263,2,266,19913,1,,
452,522,8,712,19927,1,,
157,457,10,610,19947,1,,
112,344,7,560,19951,1,,
215,369,2,560,19958,1,,
97,3,5,691,19969,1,,
330,100,8,691,19983,1,,
111,37,4,660,19996,1,,
111,674,4,660,19996,1,,
144,80,6,681,20002,1,,
180,193,6,691,20008,1,,
147,6,3,661,20010,1,,
420,509,8,660,20022,1,,
91,250,10,660,20038,1,,
443,228,10,701,20039,1,,
332,2231,4,660,20047,1,,
235,954,5,681,20049,1,,
447,28,6,681,20061,1,,
90,339,7,713,20073,1,,
90,-1,-1,-999,20073,2,global,
80,125,1,522,20074,1,,
99,252,1,533,20082,1,,
83,2,8,715,20086,1,,
84,2,8,700,20102,1,,
97,1319,10,660,20103,1,,
239,475,6,700,20113,1,,
180,193,4,701,20122,1,,
299,278,1,693,20140,1,,
408,1482,4,693,20149,1,,
311,149,5,693,20159,1,,
76,73,2,693,20166,1,,
78,73,8,693,20180,1,,
147,6,4,693,20189,1,,
232,47,5,693,20199,1,,
214,1159,8,694,20206,1,,
145,352,9,518,20214,1,,
109,37,8,728,20220,1,,
307,97,8,518,20228,1,,
458,316,8,694,20234,1,,
74,123,4,608,20237,1,,
172,41,4,694,20243,1,,
64,71,7,518,20250,1,,
447,28,8,728,20257,1,,
411,1028,4,518,20259,1,,
90,125,1,522,20263,1,,
90,-1,-1,-999,20263,2,global,
347,101,5,518,20269,1,,
22,1,3,730,20277,1,,
150,187,12,548,20298,1,,
79,2,6,548,20310,1,,
408,301,9,548,20325,1,,
88,35,5,721,20328,1,,
346,55,4,548,20334,1,,
2,165,5,721,20338,1,,
8,1062,6,548,20346,1,,
148,1780,4,692,20347,1,,
100,1321,4,721,20357,1,,
85,697,9,640,20361,1,,
101,1321,8,692,20373,1,,
84,175,6,734,20373,1,,
145,80,7,640,20385,1,,
229,1957,6,640,20397,1,,
452,-1,-1,-999,20406,2,stockout,
99,-1,-1,-999,20408,2,stockout,
144,80,11,734,20414,1,,
247,586,7,734,20427,1,,
41,237,6,497,20439,1,,
77,124,12,640,20446,1,,
118,345,5,497,20449,1,,
267,13,4,640,20455,1,,
146,80,10,497,20465,1,,
120,346,6,640,20466,1,,
91,548,6,497,20477,1,,
112,3,8,497,20497,1,,
112,554,5,497,20497,1,,
429,226,4,497,20506,1,,
411,403,6,497,20517,1,,
208,44,2,497,20524,1,,
235,90,2,497,20530,1,,
32,69,4,731,20534,1,,
409,403,2,497,20537,1,,
236,583,7,651,20550,1,,
90,125,1,561,20550,1,,
90,-1,-1,-999,20550,2,global,
109,37,3,731,20552,1,,
419,832,6,651,20561,1,,
199,1901,1,497,20567,1,,
100,126,6,740,20578,1,,
145,1771,8,711,20592,1,,
120,346,8,731,20606,1,,
361,102,6,740,20618,1,,
122,678,2,740,20624,1,,
200,136,5,645,20642,1,,
99,252,1,175,20654,1,,
284,145,3,538,20663,1,,
313,282,8,538,20677,1,,
360,615,11,540,20687,1,,
59,242,6,538,20689,1,,
33,117,3,538,20697,1,,
0,853,8,540,20701,1,,
201,85,11,538,20714,1,,
166,131,4,538,20723,1,,
159,81,7,540,20725,1,,
159,458,9,540,20725,1,,
433,634,3,645,20731,1,,
205,8,5,540,20735,1,,
187,1370,2,540,20742,1,,
98,1320,3,540,20749,1,,
118,77,9,540,20765,1,,
118,-1,-1,-999,20765,2,global,
465,853,4,540,20773,1,,
158,262,8,741,20787,1,,
452,522,2,712,20793,1,,
177,192,6,741,20799,1,,
117,127,10,587,20815,1,,
90,125,1,522,20820,1,,
90,-1,-1,-999,20820,2,global,
260,12,4,587,20824,1,,
86,338,5,587,20835,1,,
89,249,10,553,20838,1,,
339,19,3,553,20846,1,,
94,1683,1,587,20852,1,,
20,167,8,553,20860,1,,
264,142,4,553,20869,1,,
32,1566,11,668,20870,1,,
257,140,2,553,20876,1,,
25,68,5,739,20886,1,,
85,248,10,668,20891,1,,
287,146,6,553,20898,1,,
91,75,6,668,20907,1,,
452,640,10,553,20948,1,,
275,95,2,648,20955,1,,
1,0,10,513,20966,1,,
47,691,4,648,20967,1,,
47,1,3,648,20967,1,,
450,314,6,513,20978,1,,
80,2,8,513,20992,1,,
54,664,6,460,21003,1,,
447,64,11,717,21005,1,,
47,-1,-1,-999,21006,2,stockout,
389,398,6,513,21015,1,,
99,-1,-1,-999,21018,2,stockout,
24,1,6,717,21025,1,,
53,1084,7,513,21028,1,,
86,338,3,717,21033,1,,
128,4,3,513,21035,1,,
33,168,3,513,21043,1,,
260,12,7,717,21046,1,,
4,529,7,717,21059,1,,
129,349,10,684,21060,1,,
178,7,4,717,21070,1,,
178,1364,2,717,21070,1,,
91,1676,6,460,21084,1,,
195,364,9,754,21085,1,,
270,143,11,754,21103,1,,
231,89,3,754,21111,1,,
324,152,11,726,21127,1,,
324,99,6,726,21127,1,,
130,128,10,726,21141,1,,
90,125,1,522,21147,1,,
90,-1,-1,-999,21147,2,global,
425,26,8,726,21153,1,,
124,38,5,744,21157,1,,
85,2,6,726,21171,1,,
229,9,2,744,21176,1,,
423,107,12,729,21190,1,,
266,49,8,744,21195,1,,
396,220,4,729,21199,1,,
131,4,6,751,21207,1,,
160,189,5,726,21209,1,,
340,790,8,744,21220,1,,
421,25,6,702,21220,1,,
361,155,4,751,21230,1,,
418,25,4,702,21230,1,,
47,691,1,648,21235,1,,
416,223,5,547,21272,1,,
417,223,3,547,21278,1,,
419,404,6,624,21287,1,,
433,27,5,657,21301,1,,
99,252,1,175,21304,1,,
413,506,10,673,21313,1,,
89,75,4,624,21320,1,,
42,33,4,657,21322,1,,
42,118,10,657,21322,1,,
464,417,4,657,21331,1,,
9,422,6,657,21343,1,,
9,-1,-1,-999,21343,2,global,
261,1182,5,673,21346,1,,
6,66,4,599,21352,1,,
17,234,6,673,21355,1,,
17,-1,-1,-999,21355,2,global,
387,104,4,657,21361,1,,
15,166,4,714,21362,1,,
196,365,7,599,21374,1,,
90,125,1,522,21379,1,,
90,-1,-1,-999,21379,2,global,
89,1671,8,673,21401,1,,
423,107,10,698,21431,1,,
85,35,2,698,21436,1,,
356,613,10,348,21437,1,,
309,384,10,698,21450,1,,
181,930,11,348,21455,1,,
88,35,4,698,21457,1,,
91,2,7,348,21467,1,,
320,995,10,348,21484,1,,
84,248,5,602,21494,1,,
344,215,9,348,21499,1,,
22,235,6,348,21510,1,,
103,179,6,348,21522,1,,
229,1392,4,602,21522,1,,
349,1010,6,762,21533,1,,
452,522,4,602,21536,1,,
180,1146,2,762,21540,1,,
293,2120,2,602,21548,1,,
357,56,8,762,21554,1,,
37,70,1,348,21559,1,,
89,249,7,348,21572,1,,
287,146,2,760,21580,1,,
275,95,11,722,21599,1,,
4,-1,-1,-999,21600,2,stockout,
99,-1,-1,-999,21607,2,stockout,
306,209,7,722,21609,1,,
34,236,4,722,21616,1,,
9,1277,6,688,21621,1,,
9,-1,-1,-999,21621,2,global,
49,119,6,722,21625,1,,
33,236,4,722,21632,1,,
31,659,8,748,21644,1,,
215,1384,9,622,21651,1,,
249,92,7,748,21655,1,,
232,47,9,622,21666,1,,
313,150,7,622,21679,1,,
55,435,6,748,21680,1,,
268,13,5,748,21688,1,,
17,29,6,622,21697,1,,
17,0,6,622,21697,1,,
17,-1,-1,-999,21697,2,global,
39,33,7,765,21698,1,,
90,125,1,522,21706,1,,
90,249,3,348,21706,1,,
90,-1,-1,-999,21707,2,global,
259,757,4,764,21715,1,,
377,294,2,765,21723,1,,
314,150,4,764,21724,1,,
121,557,6,765,21733,1,,
385,396,7,723,21762,1,,
175,265,1,765,21765,1,,
175,-1,-1,-999,21766,2,global,
58,173,10,755,21781,1,,
58,1,7,755,21781,1,,
315,210,6,706,21792,1,,
57,436,8,706,21808,1,,
57,1,2,706,21808,1,,
128,710,4,755,21818,1,,
98,670,4,706,21827,1,,
302,279,5,755,21837,1,,
302,-1,-1,-999,21837,2,global,
304,208,2,708,21843,1,,
399,623,7,708,21856,1,,
152,1791,7,704,21862,1,,
305,208,5,708,21866,1,,
309,280,10,704,21877,1,,
24,1,8,708,21880,1,,
301,208,1,708,21886,1,,
219,8,8,704,21888,1,,
173,727,8,704,21900,1,,
239,198,9,704,21914,1,,
307,280,1,704,21919,1,,
96,76,6,779,21923,1,,
287,50,2,779,21934,1,,
460,415,4,779,21943,1,,
391,1242,2,704,21949,1,,
99,252,1,533,21953,1,,
99,670,2,706,21953,1,,
142,129,8,120,22017,1,,
142,351,4,120,22017,1,,
411,505,8,120,22031,1,,
13,686,7,123,22032,1,,
13,322,9,123,22032,1,,
380,59,7,120,22047,1,,
380,295,3,120,22047,1,,
254,478,8,123,22054,1,,
254,202,7,123,22054,1,,
331,100,12,120,22066,1,,
55,1301,9,123,22072,1,,
55,1,2,123,22072,1,,
434,63,11,123,22089,1,,
313,209,8,120,22093,1,,
313,52,3,120,22093,1,,
313,992,8,120,22093,1,,
370,58,10,123,22106,1,,
405,24,8,120,22107,1,,
123,679,7,120,22120,1,,
458,230,7,123,22123,1,,
458,28,4,123,22123,1,,
449,111,8,120,22134,1,,
90,125,1,561,22135,1,,
90,-1,-1,-999,22135,2,global,
219,1162,8,123,22137,1,,
81,247,7,120,22146,1,,
166,131,7,123,22150,1,,
180,41,5,120,22159,1,,
180,83,2,120,22159,1,,
22,30,7,123,22163,1,,
255,374,7,120,22172,1,,
422,510,8,123,22176,1,,
23,534,6,120,22184,1,,
5,420,6,123,22188,1,,
204,86,6,120,22195,1,,
4,0,5,120,22206,1,,
18,1066,6,123,22208,1,,
182,-1,-1,-999,22210,2,stockout,
99,-1,-1,-999,22210,2,stockout,
260,758,6,123,22219,1,,
299,-1,-1,-999,22220,2,stockout,
183,570,5,120,22237,1,,
266,204,4,120,22247,1,,
316,53,4,120,22254,1,,
302,208,4,708,22267,1,,
302,382,5,123,22267,1,,
94,1683,5,123,22277,1,,
175,41,5,123,22288,1,,
175,-1,-1,-999,22288,2,global,
294,2122,3,120,22289,1,,
253,590,4,120,22296,1,,
192,1883,5,123,22298,1,,
189,135,2,120,22305,1,,
261,758,4,123,22307,1,,
428,835,2,123,22332,1,,
274,598,4,123,22341,1,,
389,22,2,123,22350,1,,
389,219,2,123,22350,1,,
171,1359,2,123,22358,1,,
171,41,1,123,22358,1,,
177,41,2,123,22365,1,,
149,261,2,123,22372,1,,
90,125,1,624,22379,1,,
90,-1,-1,-999,22379,2,global,
466,1515,4,123,22381,1,,
141,40,6,792,22393,1,,
268,596,1,123,22399,1,,
224,88,2,123,22415,1,,
99,252,1,533,22428,1,,
99,178,2,779,22428,1,,
302,208,1,120,22441,1,,
225,88,9,753,22473,1,,
182,265,1,765,22482,1,,
182,570,1,120,22482,1,,
182,-1,-1,-999,22482,2,global,
447,64,6,753,22484,1,,
203,367,6,753,22496,1,,
213,1928,10,785,22512,1,,
13,686,3,761,22562,1,,
157,564,12,144,22564,1,,
299,382,5,123,22574,1,,
25,688,10,144,22590,1,,
65,71,7,144,22603,1,,
200,268,6,144,22617,1,,
200,366,2,144,22617,1,,
128,78,8,144,22631,1,,
133,1339,7,155,22631,1,,
89,35,7,144,22643,1,,
367,617,8,155,22651,1,,
367,396,7,155,22651,1,,
265,376,10,144,22659,1,,
420,224,9,155,22664,1,,
457,1268,10,144,22676,1,,
242,199,6,155,22676,1,,
288,276,10,144,22692,1,,
11,232,12,155,22695,1,,
17,115,5,144,22702,1,,
17,-1,-1,-999,22702,2,global,
243,199,3,155,22702,1,,
0,418,2,155,22709,1,,
384,396,2,155,22716,1,,
203,367,8,785,22716,1,,
175,82,3,155,22724,1,,
175,-1,-1,-999,22724,2,global,
212,1923,2,155,22730,1,,
193,43,2,155,22737,1,,
14,233,5,809,22757,1,,
299,208,2,120,22759,1,,
91,75,9,809,22772,1,,
90,125,1,561,22775,1,,
90,-1,-1,-999,22775,2,global,
84,35,1,144,22779,1,,
461,1270,4,144,22789,1,,
87,35,2,144,22795,1,,
299,-1,-1,-999,22800,2,stockout,
212,-1,-1,-999,22800,2,stockout,
99,-1,-1,-999,22800,2,stockout,
43,867,12,805,22809,1,,
81,337,7,808,22812,1,,
296,147,10,805,22836,1,,
40,539,7,768,22848,1,,
356,56,12,612,22849,1,,
103,179,4,768,22858,1,,
458,113,4,612,22870,1,,
458,163,10,612,22870,1,,
439,110,6,612,22882,1,,
361,102,2,798,22888,1,,
174,1840,3,790,22895,1,,
224,139,11,790,22919,1,,
32,328,7,790,22932,1,,
27,32,1,716,22937,1,,
167,460,8,716,22951,1,,
362,102,8,802,22962,1,,
303,148,7,716,22963,1,,
349,20,5,716,22974,1,,
315,52,7,786,22979,1,,
429,1038,8,786,22993,1,,
314,52,4,802,23002,1,,
260,12,8,802,23016,1,,
331,54,2,786,23023,1,,
364,156,8,786,23037,1,,
452,640,4,786,23046,1,,
175,1840,7,790,23048,1,,
175,-1,-1,-999,23048,2,global,
90,125,1,522,23053,1,,
90,35,1,144,23053,1,,
90,-1,-1,-999,23053,2,global,
89,339,2,786,23059,1,,
256,755,5,718,23085,1,,
327,153,8,718,23099,1,,
450,229,6,718,23110,1,,
142,714,4,718,23119,1,,
316,2182,10,171,23122,1,,
143,714,1,718,23125,1,,
10,651,4,718,23134,1,,
141,714,4,718,23143,1,,
325,152,8,171,23155,1,,
166,131,9,756,23166,1,,
462,1271,6,171,23166,1,,
418,508,10,171,23183,1,,
434,109,8,171,23197,1,,
278,2078,5,171,23207,1,,
317,53,8,756,23211,1,,
461,1270,4,171,23216,1,,
240,1175,1,171,23222,1,,
99,252,1,175,23224,1,,
120,346,8,756,23225,1,,
243,1175,1,171,23227,1,,
242,1175,1,171,23233,1,,
241,1175,1,171,23252,1,,
118,77,10,788,23271,1,,
118,-1,-1,-999,23271,2,global,
38,865,4,788,23280,1,,
244,1175,1,171,23284,1,,
140,185,8,788,23294,1,,
39,865,4,788,23303,1,,
31,429,3,788,23311,1,,
40,865,2,788,23317,1,,
245,1175,1,171,23323,1,,
33,429,3,788,23325,1,,
132,257,6,709,23337,1,,
246,1175,1,171,23350,1,,
450,520,6,399,23351,1,,
447,64,7,794,23366,1,,
131,39,12,794,23385,1,,
90,125,1,624,23393,1,,
90,-1,-1,-999,23393,2,global,
306,16,4,794,23394,1,,
99,-1,-1,-999,23400,2,stockout,
461,-1,-1,-999,23400,2,stockout,
27,-1,-1,-999,23400,2,stockout,
192,1374,6,794,23405,1,,
434,63,6,794,23417,1,,
69,244,1,794,23422,1,,
54,70,5,794,23433,1,,
70,244,5,794,23443,1,,
435,109,6,759,23454,1,,
130,39,4,777,23463,1,,
430,513,5,777,23474,1,,
429,226,8,795,23488,1,,
15,166,4,795,23497,1,,
431,226,11,841,23530,1,,
396,400,10,815,23546,1,,
422,62,12,815,23565,1,,
311,149,6,841,23577,1,,
91,250,4,841,23586,1,,
280,144,7,784,23598,1,,
27,32,4,716,23606,1,,
419,224,6,784,23610,1,,
24,1,4,841,23619,1,,
25,1,6,784,23630,1,,
281,481,7,720,23643,1,,
281,-1,-1,-999,23643,2,global,
129,78,4,841,23652,1,,
279,766,2,747,23659,1,,
260,94,2,784,23665,1,,
90,125,1,624,23667,1,,
90,-1,-1,-999,23667,2,global,
282,766,6,747,23677,1,,
44,329,8,838,23681,1,,
422,305,9,838,23697,1,,
93,2,10,838,23713,1,,
166,459,6,838,23724,1,,
103,179,4,838,23733,1,,
269,13,11,813,23738,1,,
350,56,5,838,23744,1,,
96,177,5,813,23748,1,,
145,80,4,838,23753,1,,
283,601,8,847,23767,1,,
283,206,4,847,23767,1,,
256,93,7,847,23780,1,,
461,1270,2,171,23783,1,,
149,261,8,847,23794,1,,
68,72,5,686,23804,1,,
133,5,6,847,23815,1,,
134,79,4,844,23824,1,,
148,130,4,686,23834,1,,
150,130,3,686,23841,1,,
257,11,4,686,23850,1,,
35,117,5,625,23858,1,,
99,252,1,533,23865,1,,
263,141,4,625,23870,1,,
36,117,3,625,23878,1,,
2,647,5,737,23880,1,,
447,64,11,625,23895,1,,
349,1010,5,625,23905,1,,
83,546,4,625,23915,1,,
261,141,4,625,23924,1,,
259,141,1,625,23929,1,,
180,193,2,625,23936,1,,
23,325,2,625,23943,1,,
100,342,12,816,23947,1,,
258,11,10,816,23966,1,,
3,165,5,816,23976,1,,
193,43,10,816,23993,1,,
80,-1,-1,-999,24000,2,stockout,
99,-1,-1,-999,24000,2,stockout,
218,45,5,816,24003,1,,
212,87,6,823,24014,1,,
221,45,9,778,24015,1,,
256,202,7,835,24027,1,,
392,23,11,778,24032,1,,
417,404,2,823,24034,1,,
90,125,1,624,24038,1,,
90,-1,-1,-999,24038,2,global,
302,279,3,816,24042,1,,
302,-1,-1,-999,24042,2,global,
181,83,6,778,24049,1,,
150,1138,9,737,24057,1,,
58,667,5,778,24069,1,,
299,15,10,835,24073,1,,
299,-1,-1,-999,24073,2,global,
72,244,4,835,24082,1,,
147,6,6,812,24094,1,,
71,244,2,835,24100,1,,
274,598,4,812,24110,1,,
294,51,7,812,24126,1,,
226,9,3,812,24134,1,,
392,399,5,394,24165,1,,
194,364,4,394,24174,1,,
292,277,5,394,24184,1,,
195,364,3,394,24192,1,,
44,662,6,394,24204,1,,
99,252,1,175,24212,1,,
387,22,10,394,24220,1,,
143,1766,11,394,24237,1,,
294,606,4,776,24258,1,,
294,773,10,394,24258,1,,
80,125,1,624,24266,1,,
384,620,5,803,24268,1,,
45,431,8,803,24282,1,,
90,249,4,816,24323,1,,
90,-1,-1,-999,24323,2,global,
422,224,10,834,24339,1,,
313,386,7,834,24352,1,,
46,868,10,834,24368,1,,
336,494,1,834,24374,1,,
421,224,2,834,24380,1,,
421,-1,-1,-999,24381,2,global,
336,1442,8,820,24516,1,,
46,690,4,749,24525,1,,
90,125,1,624,24532,1,,
90,35,7,778,24532,1,,
223,1388,10,580,24579,1,,
237,197,4,787,24594,1,,
237,10,8,787,24594,1,,
25,1,9,580,24594,1,,
41,-1,-1,-999,24600,2,stockout,
193,-1,-1,-999,24600,2,stockout,
334,-1,-1,-999,24600,2,stockout,
284,145,5,580,24605,1,,
167,131,8,782,24608,1,,
69,244,1,580,24610,1,,
99,-1,-1,-999,24612,2,stockout,
133,5,8,782,24622,1,,
70,-1,-1,-999,24629,2,stockout,
80,-1,-1,-999,24629,2,stockout,
293,-1,-1,-999,24634,2,stockout,
115,4,4,787,24639,1,,
115,4,6,782,24639,1,,
399,298,4,782,24648,1,,
413,223,5,782,24658,1,,
253,590,10,782,24675,1,,
341,790,7,782,24687,1,,
417,223,2,782,24696,1,,
417,304,2,787,24696,1,,
86,1103,3,787,24704,1,,
96,76,3,782,24712,1,,
400,298,1,782,24717,1,,
97,76,10,858,24756,1,,
128,680,1,858,24761,1,,
439,27,4,818,24780,1,,
180,83,5,858,24788,1,,
41,690,1,749,24803,1,,
41,-1,-1,-999,24803,2,global,
422,1032,8,239,24850,1,,
123,447,6,239,24860,1,,
334,494,5,834,24860,1,,
62,120,4,239,24867,1,,
122,77,5,239,24877,1,,
122,447,2,239,24877,1,,
446,1044,5,239,24894,1,,
347,55,4,226,24895,1,,
347,19,9,226,24895,1,,
316,98,6,239,24906,1,,
233,10,2,239,24913,1,,
204,466,8,226,24918,1,,
204,8,2,226,24918,1,,
64,120,1,239,24918,1,,
46,431,8,239,24932,1,,
371,806,10,226,24934,1,,
22,30,10,226,24950,1,,
403,222,8,226,24964,1,,
133,79,7,226,24977,1,,
99,252,1,175,24985,1,,
130,256,8,226,24991,1,,
423,25,6,226,25002,1,,
80,125,1,561,25013,1,,
180,193,6,818,25014,1,,
421,25,6,226,25018,1,,
404,222,8,752,25032,1,,
428,632,6,226,25043,1,,
432,1491,2,226,25050,1,,
224,8,2,226,25057,1,,
361,800,9,867,25064,1,,
440,110,5,226,25067,1,,
407,300,1,867,25068,1,,
181,83,6,867,25078,1,,
373,1017,5,733,25087,1,,
374,59,6,810,25096,1,,
362,155,6,845,25102,1,,
78,1309,3,845,25107,1,,
345,55,2,226,25123,1,,
303,148,1,226,25134,1,,
80,336,7,733,25145,1,,
70,244,9,580,25162,1,,
103,179,8,880,25168,1,,
322,18,6,873,25174,1,,
426,161,8,766,25176,1,,
293,606,2,776,25182,1,,
47,1082,8,789,25186,1,,
82,440,12,880,25188,1,,
208,44,7,880,25198,1,,
320,211,9,789,25199,1,,
99,-1,-1,-999,25201,2,stockout,
73,1643,9,639,25203,1,,
80,-1,-1,-999,25203,2,stockout,
205,8,5,789,25207,1,,
74,245,4,873,25214,1,,
425,1035,6,639,25221,1,,
124,348,7,880,25224,1,,
206,467,10,895,25249,1,,
415,831,10,472,25255,1,,
71,122,11,472,25272,1,,
132,257,6,472,25284,1,,
435,63,6,639,25295,1,,
267,377,8,862,25309,1,,
207,8,3,862,25317,1,,
226,9,3,881,25321,1,,
421,224,2,862,25324,1,,
421,-1,-1,-999,25324,2,global,
209,8,8,883,25329,1,,
9,0,8,872,25332,1,,
9,-1,-1,-999,25333,2,global,
269,204,10,472,25340,1,,
342,1004,4,883,25344,1,,
268,377,1,862,25345,1,,
100,442,9,872,25345,1,,
75,123,7,872,25356,1,,
193,43,9,891,25360,1,,
4,0,4,881,25363,1,,
182,134,3,883,25376,1,,
182,-1,-1,-999,25376,2,global,
159,721,9,767,25392,1,,
265,204,1,854,25411,1,,
73,1096,11,472,25429,1,,
1,65,9,800,25435,1,,
183,194,6,876,25440,1,,
429,226,5,800,25443,1,,
450,111,8,876,25458,1,,
99,252,1,533,25463,1,,
460,415,3,908,25474,1,,
0,164,4,825,25478,1,,
448,28,6,863,25479,1,,
11,232,9,908,25487,1,,
143,186,6,908,25499,1,,
158,262,10,908,25517,1,,
158,81,3,908,25517,1,,
293,51,5,908,25527,1,,
199,85,7,908,25540,1,,
268,204,4,854,25542,1,,
457,414,2,908,25547,1,,
269,204,2,854,25556,1,,
342,1004,12,767,25565,1,,
449,111,3,828,25567,1,,
289,50,11,875,25585,1,,
451,111,5,828,25596,1,,
292,277,4,828,25605,1,,
172,726,5,828,25615,1,,
133,79,8,853,25622,1,,
355,613,6,875,25626,1,,
9,650,6,800,25631,1,,
9,-1,-1,-999,25631,2,global,
17,0,6,853,25640,1,,
87,175,8,465,25640,1,,
17,-1,-1,-999,25640,2,global,
452,229,4,875,25649,1,,
317,780,6,677,25651,1,,
294,277,5,465,25659,1,,
343,214,6,677,25663,1,,
288,14,8,887,25673,1,,
131,4,3,677,25677,1,,
142,258,5,677,25687,1,,
18,115,4,875,25693,1,,
270,971,7,677,25700,1,,
310,16,4,904,25709,1,,
68,1092,12,871,25711,1,,
25,168,6,780,25729,1,,
458,643,6,780,25741,1,,
31,69,3,871,25749,1,,
341,154,3,465,25757,1,,
19,166,9,793,25760,1,,
29,327,12,793,25776,1,,
349,102,5,780,25780,1,,
401,503,2,793,25784,1,,
458,-1,-1,-999,25801,2,stockout,
44,1080,5,793,25805,1,,
99,-1,-1,-999,25815,2,stockout,
23,657,9,870,25820,1,,
451,639,11,871,25822,1,,
309,97,8,877,25826,1,,
402,503,2,793,25830,1,,
459,643,3,780,25830,1,,
418,508,4,780,25839,1,,
418,-1,-1,-999,25839,2,global,
308,149,1,852,25849,1,,
308,-1,-1,-999,25849,2,global,
26,428,10,874,25855,1,,
312,149,4,852,25864,1,,
389,104,4,851,25876,1,,
389,1240,10,851,25876,1,,
311,149,1,852,25877,1,,
24,31,12,851,25895,1,,
16,323,6,874,25906,1,,
299,382,5,874,25919,1,,
452,1264,2,465,25926,1,,
9,1063,4,465,25935,1,,
9,-1,-1,-999,25935,2,global,
399,401,4,868,25937,1,,
353,612,10,738,25947,1,,
453,1049,10,725,25951,1,,
390,104,2,851,25958,1,,
373,21,6,738,25963,1,,
373,103,4,738,25963,1,,
287,603,7,868,25968,1,,
310,384,8,738,25980,1,,
392,23,2,797,26005,1,,
297,147,9,725,26009,1,,
170,1832,6,738,26009,1,,
425,26,6,738,26021,1,,
314,210,9,855,26024,1,,
320,98,6,797,26050,1,,
451,639,11,851,26057,1,,
37,117,3,725,26065,1,,
391,219,8,855,26079,1,,
234,1395,5,801,26090,1,,
303,148,10,736,26095,1,,
45,238,3,801,26109,1,,
60,70,9,771,26117,1,,
60,242,6,771,26117,1,,
321,17,4,801,26125,1,,
389,819,8,725,26131,1,,
373,1017,5,543,26137,1,,
5,420,7,771,26144,1,,
374,59,4,882,26152,1,,
26,1555,6,851,26155,1,,
38,169,5,936,26162,1,,
277,599,6,771,26167,1,,
428,632,6,771,26178,1,,
69,72,5,736,26188,1,,
10,422,4,736,26198,1,,
47,432,4,771,26207,1,,
314,52,4,736,26216,1,,
459,850,6,890,26219,1,,
278,599,7,905,26229,1,,
206,1379,2,905,26240,1,,
380,59,9,705,26245,1,,
265,49,3,890,26254,1,,
77,335,8,705,26257,1,,
65,333,8,940,26257,1,,
124,447,6,705,26266,1,,
34,430,7,890,26270,1,,
34,1287,3,890,26270,1,,
384,21,6,627,26296,1,,
118,77,12,941,26306,1,,
118,-1,-1,-999,26306,2,global,
460,1054,10,627,26312,1,,
283,766,2,627,26319,1,,
296,96,9,941,26321,1,,
129,38,10,924,26334,1,,
303,2148,9,771,26336,1,,
11,651,5,940,26353,1,,
11,29,6,941,26353,1,,
281,766,6,627,26356,1,,
281,-1,-1,-999,26356,2,global,
397,220,6,940,26365,1,,
73,543,2,940,26371,1,,
128,349,9,912,26380,1,,
6,66,5,944,26382,1,,
72,543,4,940,26391,1,,
9,422,4,736,26400,1,,
9,-1,-1,-999,26400,2,global,
201,735,4,912,26404,1,,
201,7,6,912,26404,1,,
297,96,1,941,26405,1,,
284,145,6,912,26413,1,,
280,481,10,897,26421,1,,
385,60,8,897,26435,1,,
197,136,4,949,26445,1,,
38,169,8,897,26466,1,,
91,250,7,860,26467,1,,
387,218,8,653,26480,1,,
354,499,6,860,26485,1,,
120,38,8,897,26494,1,,
384,21,9,653,26509,1,,
296,2129,6,860,26511,1,,
260,12,8,653,26523,1,,
17,1537,7,653,26536,1,,
17,-1,-1,-999,26536,2,global,
90,35,6,920,26537,1,,
90,339,12,920,26537,1,,
116,4,6,653,26547,1,,
145,80,9,920,26552,1,,
95,700,6,653,26558,1,,
208,44,6,920,26564,1,,
458,316,8,653,26572,1,,
194,84,5,921,26574,1,,
198,365,3,843,26576,1,,
144,259,2,896,26581,1,,
144,-1,-1,-999,26581,2,global,
209,44,12,735,26602,1,,
199,267,4,909,26602,1,,
47,170,4,653,26612,1,,
146,80,8,921,26616,1,,
320,1210,5,653,26623,1,,
294,985,4,735,26631,1,,
132,711,5,653,26633,1,,
356,394,8,735,26645,1,,
92,1316,4,653,26666,1,,
177,361,4,735,26668,1,,
156,457,4,653,26675,1,,
379,59,6,916,26687,1,,
379,104,4,916,26687,1,,
160,81,8,840,26696,1,,
256,48,9,922,26704,1,,
195,84,5,916,26708,1,,
195,574,9,916,26708,1,,
257,374,6,840,26719,1,,
70,2,10,916,26724,1,,
201,136,8,840,26731,1,,
331,390,4,840,26738,1,,
400,104,4,916,26743,1,,
400,1477,8,781,26743,1,,
419,61,4,840,26745,1,,
418,61,6,840,26754,1,,
418,-1,-1,-999,26754,2,global,
364,156,10,781,26759,1,,
196,136,1,840,26763,1,,
255,374,5,899,26775,1,,
392,104,2,916,26786,1,,
392,501,7,638,26786,1,,
392,23,10,638,26786,1,,
332,287,8,899,26789,1,,
323,285,7,899,26800,1,,
72,174,6,781,26810,1,,
72,2,3,638,26810,1,,
72,72,7,638,26810,1,,
313,282,4,899,26818,1,,
299,1200,6,638,26833,1,,
299,775,10,646,26833,1,,
432,514,1,899,26836,1,,
142,1134,11,917,26840,1,,
157,130,4,916,26852,1,,
157,6,2,638,26852,1,,
157,356,6,638,26852,1,,
143,454,7,913,26855,1,,
143,79,2,913,26855,1,,
287,146,11,638,26870,1,,
87,2,3,638,26890,1,,
87,248,10,638,26890,1,,
180,83,8,913,26890,1,,
361,800,3,913,26898,1,,
450,520,10,638,26906,1,,
334,54,4,913,26908,1,,
184,1861,8,942,26910,1,,
430,108,8,942,26921,1,,
350,154,3,638,26923,1,,
350,56,7,646,26923,1,,
256,591,10,917,26924,1,,
189,135,8,942,26933,1,,
160,130,4,916,26939,1,,
160,357,6,638,26939,1,,
328,100,6,942,26944,1,,
269,13,1,916,26954,1,,
269,13,8,638,26954,1,,
118,181,6,942,26959,1,,
208,368,2,942,26963,1,,
447,1261,9,916,26970,1,,
257,374,1,899,26985,1,,
223,746,4,916,26992,1,,
204,368,4,942,26992,1,,
224,746,4,916,27001,1,,
160,-1,-1,-999,27009,2,stockout,
144,454,7,781,27013,1,,
144,-1,-1,-999,27014,2,global,
213,469,2,770,27017,1,,
96,76,5,638,27024,1,,
434,109,8,770,27028,1,,
225,746,4,916,27033,1,,
148,455,2,770,27039,1,,
77,124,3,781,27041,1,,
322,152,2,916,27048,1,,
258,202,6,770,27051,1,,
372,619,3,770,27062,1,,
59,668,6,770,27074,1,,
283,2092,11,953,27083,1,,
37,1290,2,916,27092,1,,
180,929,2,735,27098,1,,
432,514,6,953,27099,1,,
334,494,3,646,27116,1,,
437,636,6,953,27116,1,,
438,310,5,676,27124,1,,
53,330,5,953,27138,1,,
53,240,5,953,27138,1,,
464,417,4,953,27145,1,,
435,109,12,796,27153,1,,
193,43,9,953,27158,1,,
153,355,8,953,27170,1,,
9,0,8,796,27174,1,,
140,185,2,676,27174,1,,
9,-1,-1,-999,27174,2,global,
323,18,2,796,27193,1,,
323,99,10,796,27193,1,,
319,2194,2,796,27200,1,,
221,1164,4,796,27209,1,,
308,384,10,685,27210,1,,
308,-1,-1,-999,27211,2,global,
331,390,7,685,27221,1,,
147,6,12,685,27240,1,,
455,1508,8,644,27249,1,,
148,260,6,892,27250,1,,
226,9,5,685,27261,1,,
436,63,12,644,27271,1,,
425,26,6,685,27272,1,,
80,2,5,685,27282,1,,
17,0,6,644,27283,1,,
17,-1,-1,-999,27283,2,global,
86,74,6,479,27294,1,,
157,81,6,644,27294,1,,
348,216,6,479,27303,1,,
442,110,8,743,27308,1,,
141,1134,10,479,27317,1,,
49,541,5,479,27325,1,,
15,166,11,743,27325,1,,
79,73,7,930,27336,1,,
461,644,11,743,27343,1,,
429,226,6,743,27354,1,,
209,137,4,479,27364,1,,
349,216,1,479,27382,1,,
349,55,3,930,27382,1,,
344,55,1,930,27386,1,,
4,65,5,743,27388,1,,
131,39,4,479,27396,1,,
345,55,1,930,27399,1,,
85,175,3,644,27423,1,,
335,1441,2,479,27427,1,,
160,357,2,638,27429,1,,
318,994,3,743,27438,1,,
96,177,8,948,27444,1,,
320,98,6,948,27456,1,,
87,175,2,644,27463,1,,
84,175,2,644,27470,1,,
437,310,12,948,27474,1,,
80,246,6,930,27490,1,,
391,297,10,948,27490,1,,
423,107,11,948,27508,1,,
234,1171,10,926,27511,1,,
234,474,6,926,27511,1,,
408,301,8,926,27523,1,,
438,310,10,662,27524,1,,
364,156,8,588,27529,1,,
288,14,3,662,27532,1,,
90,2,12,926,27540,1,,
5,65,6,662,27543,1,,
15,531,10,945,27546,1,,
77,174,6,926,27549,1,,
149,455,1,644,27551,1,,
170,566,4,588,27562,1,,
314,52,4,588,27572,1,,
434,109,8,926,27577,1,,
172,566,4,588,27586,1,,
268,2054,6,926,27587,1,,
14,233,4,588,27595,1,,
12,652,5,926,27600,1,,
334,-1,-1,-999,27604,2,stockout,
97,895,2,588,27608,1,,
143,186,6,926,27615,1,,
103,1696,6,926,27624,1,,
208,195,6,926,27633,1,,
409,504,10,907,27667,1,,
41,237,8,827,27669,1,,
41,-1,-1,-999,27669,2,global,
429,226,8,807,27671,1,,
321,17,3,926,27673,1,,
173,566,1,588,27675,1,,
422,62,10,955,27685,1,,
28,688,5,926,27691,1,,
427,1036,7,807,27696,1,,
120,346,4,926,27698,1,,
81,337,10,955,27709,1,,
249,92,9,654,27721,1,,
371,58,9,955,27722,1,,
298,147,8,955,27734,1,,
440,518,7,955,27745,1,,
148,1779,6,654,27745,1,,
148,80,10,654,27745,1,,
35,430,8,654,27759,1,,
90,1674,2,955,27761,1,,
160,1805,2,351,27763,1,,
246,11,8,689,27773,1,,
213,196,8,689,27787,1,,
308,97,8,654,27805,1,,
308,51,4,689,27805,1,,
308,-1,-1,-999,27806,2,global,
15,233,4,807,27813,1,,
58,241,11,829,27818,1,,
319,17,8,689,27819,1,,
167,359,4,829,27825,1,,
172,726,10,827,27836,1,,
22,235,7,829,27848,1,,
22,116,10,829,27848,1,,
17,67,7,689,27849,1,,
17,-1,-1,-999,27849,2,global,
423,62,8,829,27860,1,,
442,228,8,654,27862,1,,
450,229,4,829,27868,1,,
186,731,4,829,27876,1,,
424,511,7,654,27880,1,,
185,731,4,829,27885,1,,
102,442,6,689,27893,1,,
288,604,3,829,27894,1,,
276,765,4,900,27903,1,,
193,731,2,829,27912,1,,
6,66,6,654,27915,1,,
209,468,12,745,27920,1,,
334,494,3,646,27929,1,,
334,494,5,654,27929,1,,
24,326,6,745,27929,1,,
463,645,9,745,27942,1,,
136,451,5,745,27950,1,,
187,462,4,900,27958,1,,
396,400,6,654,27959,1,,
100,442,1,745,27963,1,,
25,31,6,689,27992,1,,
342,154,6,654,28004,1,,
41,1588,7,807,28010,1,,
41,-1,-1,-999,28011,2,global,
94,251,6,689,28015,1,,
15,531,10,745,28024,1,,
149,912,6,827,28027,1,,
341,154,3,654,28035,1,,
108,1327,2,799,28041,1,,
113,704,3,654,28049,1,,
380,812,3,654,28057,1,,
35,537,12,250,28058,1,,
306,97,2,654,28066,1,,
331,287,10,250,28072,1,,
205,86,2,654,28073,1,,
206,737,7,250,28094,1,,
206,8,10,250,28094,1,,
180,193,8,250,28110,1,,
422,62,7,250,28120,1,,
101,76,2,250,28133,1,,
101,671,6,250,28133,1,,
10,651,10,710,28139,1,,
307,209,1,250,28149,1,,
307,2156,9,250,28149,1,,
160,357,8,710,28153,1,,
374,808,8,250,28163,1,,
444,312,10,710,28176,1,,
439,227,7,250,28176,1,,
421,224,5,710,28186,1,,
421,-1,-1,-999,28187,2,global,
389,219,12,250,28194,1,,
199,366,8,710,28198,1,,
37,236,4,697,28198,1,,
37,1,6,697,28198,1,,
40,1584,6,250,28206,1,,
30,-1,-1,-999,28206,2,stockout,
450,314,8,710,28211,1,,
334,-1,-1,-999,28211,2,stockout,
313,282,3,710,28219,1,,
114,37,12,697,28227,1,,
114,445,8,697,28227,1,,
235,954,12,951,28238,1,,
182,194,10,697,28243,1,,
182,-1,-1,-999,28243,2,global,
447,64,6,951,28250,1,,
321,211,7,697,28256,1,,
141,40,6,951,28261,1,,
198,465,6,951,28273,1,,
53,240,12,938,28290,1,,
53,1,8,938,28290,1,,
111,444,4,697,28311,1,,
111,3,10,938,28311,1,,
220,1163,6,250,28326,1,,
11,232,12,938,28330,1,,
17,115,4,250,28348,1,,
17,0,4,250,28348,1,,
17,-1,-1,-999,28348,2,global,
240,1987,7,938,28352,1,,
240,47,8,830,28352,1,,
234,582,4,250,28357,1,,
187,1872,4,775,28364,1,,
227,1167,12,938,28371,1,,
173,727,4,250,28371,1,,
254,202,10,830,28387,1,,
369,157,2,250,28388,1,,
414,506,5,951,28390,1,,
318,53,10,938,28403,1,,
15,531,7,710,28404,1,,
412,506,3,951,28412,1,,
21,167,7,830,28428,1,,
110,343,8,830,28442,1,,
15,-1,-1,-999,28451,2,stockout,
387,218,8,621,28455,1,,
86,2,2,697,28456,1,,
86,74,6,938,28456,1,,
210,368,4,621,28473,1,,
35,236,4,697,28475,1,,
35,1,8,830,28475,1,,
338,495,4,621,28479,1,,
437,226,6,938,28486,1,,
142,129,4,697,28495,1,,
208,368,2,621,28505,1,,
373,59,7,830,28508,1,,
280,14,6,830,28519,1,,
58,1087,7,575,28523,1,,
445,111,2,830,28526,1,,
372,58,9,621,28538,1,,
51,172,7,575,28549,1,,
436,516,9,276,28561,1,,
436,27,7,276,28561,1,,
181,194,2,697,28564,1,,
112,444,2,697,28571,1,,
430,837,10,276,28590,1,,
19,234,12,276,28609,1,,
341,101,1,938,28613,1,,
175,265,1,276,28621,1,,
175,191,6,276,28621,1,,
175,-1,-1,-999,28622,2,global,
207,1379,9,276,28636,1,,
21,116,7,542,28637,1,,
122,558,7,276,28649,1,,
318,781,10,542,28653,1,,
335,391,8,276,28663,1,,
97,3,9,542,28668,1,,
392,23,7,276,28676,1,,
333,100,8,542,28682,1,,
384,21,5,276,28686,1,,
334,494,2,654,28689,1,,
452,315,5,276,28696,1,,
303,148,6,542,28700,1,,
37,70,6,276,28708,1,,
213,942,6,542,28712,1,,
359,1449,10,919,28714,1,,
386,1468,6,542,28724,1,,
54,434,1,919,28732,1,,
54,1,12,919,28732,1,,
39,117,5,542,28740,1,,
373,807,10,575,28749,1,,
222,1944,5,542,28755,1,,
195,1375,9,919,28761,1,,
82,1312,5,276,28776,1,,
182,265,1,276,28795,1,,
182,-1,-1,-999,28796,2,global,
