pod_id,item_id,qty,order_id,processed_time,task_type,trigger,opp_score
171,566,3,-68,62,1,,
171,190,12,-13,62,1,,
0,0,5,-16,64,1,,
0,0,7,-42,64,1,,
137,39,8,-69,76,1,,
137,560,2,-69,76,1,,
137,712,11,-51,76,1,,
137,5,6,-51,76,1,,
137,128,4,-8,76,1,,
137,79,8,-8,76,1,,
348,392,8,-93,85,1,,
348,20,2,-78,85,1,,
348,101,6,-78,85,1,,
226,472,11,-41,102,1,,
115,37,3,-73,102,1,,
115,37,4,-51,102,1,,
115,903,2,-69,102,1,,
115,445,11,-62,102,1,,
170,460,2,-92,105,1,,
170,460,10,-43,105,1,,
170,7,3,-9,105,1,,
170,7,4,-72,105,1,,
170,7,5,-68,105,1,,
170,7,6,-92,105,1,,
170,566,4,-68,105,1,,
128,38,6,-13,114,1,,
394,159,6,-82,131,1,,
394,23,12,-78,131,1,,
394,104,4,-41,131,1,,
133,184,5,-72,132,1,,
133,184,6,-43,132,1,,
63,71,10,-54,141,1,,
63,1,6,-54,141,1,,
63,332,8,-51,141,1,,
63,439,6,-51,141,1,,
118,556,6,-92,143,1,,
243,585,11,-41,148,1,,
454,28,8,-9,157,1,,
117,4,7,-82,169,1,,
117,181,7,-41,169,1,,
38,33,9,-9,172,1,,
430,407,8,-69,174,1,,
430,633,7,-54,174,1,,
430,26,9,-54,174,1,,
464,318,6,-9,184,1,,
322,18,4,-92,194,1,,
9,29,8,-82,195,1,,
9,0,2,-41,195,1,,
9,0,4,-78,195,1,,
9,1528,4,-41,195,1,,
230,46,7,-62,208,1,,
230,581,6,-51,208,1,,
230,473,3,-51,208,1,,
230,1962,9,-8,208,1,,
1,0,1,-42,213,1,,
1,0,10,-93,213,1,,
349,20,4,-92,222,1,,
89,75,9,-41,228,1,,
277,13,12,-62,241,1,,
277,144,5,-51,241,1,,
277,975,7,-8,241,1,,
282,1190,8,-82,242,1,,
135,682,8,-41,256,1,,
58,120,8,-41,270,1,,
352,290,8,-53,270,1,,
316,150,6,-62,272,1,,
316,992,6,-62,272,1,,
316,387,2,-54,272,1,,
316,387,4,-8,272,1,,
316,53,4,-51,272,1,,
31,69,7,-41,283,1,,
450,229,11,-49,286,1,,
30,1563,4,-49,292,1,,
353,56,1,-24,296,1,,
66,1633,8,-82,296,1,,
273,2067,3,-53,302,1,,
14,233,7,-54,305,1,,
14,233,10,-51,305,1,,
14,322,7,-51,305,1,,
265,13,7,0,313,1,,
140,185,6,-78,314,1,,
261,203,6,-78,326,1,,
149,1781,8,-69,334,1,,
149,80,10,-69,334,1,,
149,6,3,-8,334,1,,
337,288,7,-1,337,1,,
73,1645,1,-41,339,1,,
73,2,6,-63,339,1,,
313,386,6,-82,350,1,,
448,111,10,-1,354,1,,
186,42,8,-62,361,1,,
186,83,6,-62,361,1,,
186,1868,5,-51,361,1,,
23,168,9,-6,380,1,,
423,107,4,-41,386,1,,
447,111,7,-69,388,1,,
447,64,6,-54,388,1,,
447,28,6,-51,388,1,,
338,392,4,-93,393,1,,
422,62,6,3,403,1,,
395,159,2,-82,411,1,,
395,104,3,-41,411,1,,
20,1,6,3,412,1,,
331,54,8,-54,414,1,,
331,212,10,-51,414,1,,
404,160,10,-87,427,1,,
274,95,9,-6,428,1,,
373,1017,4,-82,440,1,,
364,20,6,-62,440,1,,
364,156,12,-8,440,1,,
330,1002,12,-74,444,1,,
387,218,4,-87,451,1,,
120,181,8,-54,465,1,,
120,557,5,-54,465,1,,
120,38,4,-54,465,1,,
449,64,10,-74,479,1,,
449,28,12,-74,479,1,,
451,412,3,-78,489,1,,
115,903,7,-74,490,1,,
240,476,8,-62,490,1,,
240,47,4,-54,490,1,,
240,90,5,-51,490,1,,
6,421,2,-41,493,1,,
329,492,6,-71,499,1,,
15,115,8,8,510,1,,
196,1893,8,-54,513,1,,
196,43,8,-8,513,1,,
22,325,8,-23,515,1,,
288,483,4,-74,517,1,,
287,146,4,-51,537,1,,
287,146,6,-69,537,1,,
287,50,6,-62,537,1,,
51,1,12,-14,543,1,,
51,1610,8,-14,543,1,,
55,241,8,-14,555,1,,
225,9,10,-51,558,1,,
225,88,4,-51,558,1,,
281,1189,4,-86,573,1,,
0,65,2,-62,576,1,,
0,65,4,-51,576,1,,
0,231,6,-8,576,1,,
2,0,4,11,579,1,,
376,293,4,-86,584,1,,
376,104,2,-86,584,1,,
395,1474,5,-89,587,1,,
443,412,6,-86,593,1,,
301,147,10,-69,595,1,,
301,988,2,-8,595,1,,
4,529,10,-88,601,1,,
444,412,1,-86,603,1,,
444,63,5,1,603,1,,
310,281,11,-51,612,1,,
348,1009,8,2,612,1,,
112,253,4,1,618,1,,
294,483,1,-74,624,1,,
294,96,2,1,624,1,,
1,65,10,2,627,1,,
375,103,8,-69,631,1,,
375,1236,4,-51,631,1,,
132,5,10,2,641,1,,
49,663,10,-69,647,1,,
293,381,6,2,650,1,,
102,179,7,2,661,1,,
59,668,10,-51,664,1,,
20,1,6,2,670,1,,
321,99,6,2,679,1,,
98,76,3,-69,680,1,,
98,178,6,-54,680,1,,
98,125,1,-51,680,1,,
70,1639,10,-69,696,1,,
133,5,2,-86,697,1,,
133,559,10,-95,697,1,,
134,5,7,-66,702,1,,
166,1822,9,-54,714,1,,
229,473,6,-64,717,1,,
229,370,9,-64,717,1,,
394,298,2,-69,728,1,,
394,220,8,-54,728,1,,
232,473,2,-64,732,1,,
232,47,8,-95,732,1,,
407,61,6,-66,734,1,,
251,93,10,-51,742,1,,
408,403,6,-48,748,1,,
347,1223,9,-62,755,1,,
445,312,6,-64,758,1,,
445,27,12,-64,758,1,,
91,36,4,-85,764,1,,
91,250,8,-30,764,1,,
6,421,6,-69,767,1,,
6,231,2,-8,767,1,,
280,14,10,-95,774,1,,
234,90,3,-30,783,1,,
80,246,7,-54,783,1,,
80,125,1,-51,783,1,,
340,289,2,2,787,1,,
423,1033,8,-95,788,1,,
409,403,3,-48,793,1,,
21,426,7,-69,795,1,,
21,68,1,-62,795,1,,
53,173,8,-95,802,1,,
165,131,6,-29,802,1,,
153,355,8,-73,807,1,,
135,5,6,14,813,1,,
136,5,10,-30,817,1,,
0,65,2,2,821,1,,
97,3,5,-95,823,1,,
331,54,2,-66,826,1,,
327,153,3,-95,831,1,,
178,1145,2,-54,838,1,,
178,82,6,-8,838,1,,
430,837,2,-30,840,1,,
260,12,8,-62,851,1,,
240,1987,12,-20,859,1,,
240,90,7,-20,859,1,,
405,24,2,-62,863,1,,
405,625,6,-54,863,1,,
358,291,8,-51,875,1,,
137,5,1,-81,878,1,,
137,1131,2,-81,878,1,,
137,128,7,-20,878,1,,
362,1452,8,-62,889,1,,
422,62,10,-97,895,1,,
235,90,9,-46,898,1,,
92,250,6,-51,899,1,,
92,125,1,-51,899,1,,
134,681,5,-29,907,1,,
22,427,6,-54,909,1,,
82,73,4,-81,913,1,,
82,546,8,-97,913,1,,
128,128,8,-46,918,1,,
140,185,7,-69,919,1,,
55,435,7,-46,929,1,,
433,63,10,-20,930,1,,
31,69,10,-91,943,1,,
133,681,6,-54,952,1,,
56,241,8,-20,955,1,,
42,118,6,-69,961,1,,
59,70,6,-91,962,1,,
59,120,8,-91,962,1,,
32,117,4,-46,969,1,,
322,18,9,-81,970,1,,
177,82,3,-8,978,1,,
177,361,8,-58,978,1,,
360,155,10,19,983,1,,
380,812,5,-97,985,1,,
380,500,4,-96,985,1,,
304,16,9,-84,996,1,,
173,264,8,-56,999,1,,
194,732,6,-62,1003,1,,
75,1648,5,-91,1004,1,,
156,918,6,-62,1012,1,,
432,308,8,-56,1013,1,,
411,25,5,-62,1022,1,,
411,829,1,-51,1022,1,,
210,741,6,-8,1031,1,,
66,2,7,-96,1036,1,,
435,635,8,-52,1041,1,,
460,1269,6,-8,1051,1,,
318,211,10,-38,1052,1,,
129,183,8,19,1052,1,,
263,2039,4,-46,1061,1,,
114,77,10,-38,1069,1,,
33,1075,5,-62,1072,1,,
43,118,6,-97,1080,1,,
410,25,4,-52,1080,1,,
384,295,4,-8,1089,1,,
434,109,6,-94,1090,1,,
409,25,6,-38,1094,1,,
436,27,5,-51,1108,1,,
164,41,5,-38,1110,1,,
279,1187,4,-69,1115,1,,
71,334,4,-52,1122,1,,
269,597,4,-8,1122,1,,
85,125,1,-51,1131,1,,
85,547,5,-39,1131,1,,
34,69,4,-52,1134,1,,
339,55,5,-38,1134,1,,
385,500,4,-96,1141,1,,
251,588,2,-91,1142,1,,
251,11,1,-91,1142,1,,
282,482,3,-54,1148,1,,
165,41,5,-38,1150,1,,
239,475,2,-62,1153,1,,
189,135,5,-81,1158,1,,
128,183,2,19,1160,1,,
96,125,1,-51,1167,1,,
360,1450,7,-84,1170,1,,
97,125,1,-51,1172,1,,
149,261,2,-52,1175,1,,
317,2187,1,-51,1177,1,,
461,525,1,-52,1192,1,,
173,41,1,-38,1196,1,,
173,264,8,9,1196,1,,
306,486,2,22,1202,1,,
81,125,1,-51,1206,1,,
342,214,9,9,1209,1,,
141,40,3,22,1216,1,,
141,128,4,22,1216,1,,
358,500,2,-96,1223,1,,
358,395,4,9,1223,1,,
358,56,4,25,1223,1,,
0,319,1,22,1234,1,,
82,125,1,-51,1237,1,,
183,42,11,9,1238,1,,
315,283,8,-17,1250,1,,
224,88,5,9,1257,1,,
224,8,9,25,1257,1,,
283,145,6,-36,1261,1,,
283,378,2,-36,1261,1,,
271,378,2,-36,1269,1,,
11,423,10,9,1271,1,,
147,6,8,-45,1276,1,,
354,794,4,-45,1283,1,,
336,19,9,25,1284,1,,
300,2140,3,-17,1284,1,,
180,83,7,-45,1293,1,,
38,33,8,9,1296,1,,
49,239,8,-50,1305,1,,
312,2170,7,25,1306,1,,
316,779,8,12,1313,1,,
316,98,8,12,1313,1,,
410,25,2,-38,1318,1,,
410,61,6,25,1318,1,,
246,139,4,15,1327,1,,
246,11,9,15,1327,1,,
12,859,1,-45,1330,1,,
274,378,1,-36,1340,1,,
274,95,12,-10,1340,1,,
274,205,8,-10,1340,1,,
258,273,4,-55,1342,1,,
258,375,4,-55,1342,1,,
13,232,6,25,1348,1,,
285,145,5,25,1356,1,,
15,859,1,-45,1360,1,,
15,0,8,15,1360,1,,
14,233,8,-10,1364,1,,
14,686,10,12,1364,1,,
436,309,10,-39,1384,1,,
144,80,5,-50,1387,1,,
144,186,7,-28,1387,1,,
204,8,8,-75,1390,1,,
135,682,4,25,1397,1,,
307,486,5,15,1398,1,,
307,280,2,-55,1398,1,,
67,2,10,-10,1400,1,,
310,281,6,-75,1406,1,,
16,859,1,-45,1409,1,,
16,67,6,-55,1409,1,,
57,241,6,-75,1416,1,,
352,393,10,-10,1417,1,,
408,61,3,25,1422,1,,
197,575,4,25,1428,1,,
171,1359,7,-28,1432,1,,
96,441,9,-10,1437,1,,
96,441,4,-40,1437,1,,
259,375,4,-55,1439,1,,
454,1266,4,-75,1439,1,,
124,907,6,-55,1448,1,,
118,345,9,-10,1452,1,,
242,749,10,6,1453,1,,
93,251,6,-55,1458,1,,
203,937,4,-44,1460,1,,
5,1061,2,-10,1467,1,,
5,649,7,-40,1467,1,,
234,90,1,-20,1476,1,,
180,193,6,-50,1478,1,,
192,1884,8,-10,1480,1,,
359,1225,4,-28,1485,1,,
3,1060,2,-81,1485,1,,
265,13,8,-40,1494,1,,
136,1130,3,-28,1502,1,,
260,375,2,-55,1506,1,,
332,54,8,-40,1508,1,,
13,859,1,-45,1510,1,,
68,72,7,-40,1521,1,,
132,350,8,-65,1524,1,,
132,183,2,-65,1524,1,,
119,345,4,-12,1542,1,,
119,181,10,-22,1542,1,,
384,21,6,-40,1553,1,,
243,749,12,-35,1560,1,,
17,859,1,-45,1563,1,,
17,115,11,-65,1563,1,,
17,67,4,-65,1563,1,,
348,20,8,-35,1572,1,,
86,74,12,-22,1572,1,,
62,438,8,-65,1575,1,,
133,681,6,-10,1583,1,,
286,379,5,-65,1584,1,,
456,163,8,-35,1585,1,,
256,93,6,27,1595,1,,
418,1252,7,-65,1601,1,,
97,441,6,-40,1608,1,,
83,1662,11,-35,1612,1,,
138,452,9,-47,1625,1,,
185,571,7,-35,1625,1,,
299,382,5,12,1629,1,,
282,601,3,-65,1630,1,,
440,411,9,-35,1640,1,,
409,61,6,-47,1640,1,,
383,814,6,-22,1641,1,,
433,308,5,-40,1651,1,,
210,87,6,-25,1652,1,,
175,265,1,-10,1665,1,,
175,360,2,-12,1665,1,,
61,34,8,33,1668,1,,
204,735,4,-35,1672,1,,
204,137,9,-32,1672,1,,
349,1224,4,-40,1673,1,,
350,1224,3,-40,1681,1,,
183,42,5,27,1682,1,,
134,5,3,34,1686,1,,
134,350,10,34,1686,1,,
190,363,2,-80,1686,1,,
74,245,6,-32,1702,1,,
74,2,7,-33,1702,1,,
293,381,7,34,1704,1,,
293,15,7,34,1704,1,,
176,265,1,-10,1708,1,,
106,898,2,-10,1713,1,,
417,61,2,-47,1723,1,,
417,304,12,34,1723,1,,
300,382,1,12,1723,1,,
99,178,12,-32,1726,1,,
184,1863,10,-33,1740,1,,
25,859,1,-45,1743,1,,
25,428,9,34,1743,1,,
177,265,1,-10,1751,1,,
454,1507,7,6,1751,1,,
68,2,12,34,1759,1,,
384,814,1,-22,1762,1,,
294,51,8,-32,1762,1,,
84,546,6,-32,1772,1,,
248,1176,9,34,1772,1,,
354,499,7,-33,1782,1,,
17,1537,7,34,1782,1,,
178,265,1,-10,1785,1,,
211,87,4,-25,1789,1,,
261,375,4,33,1789,1,,
352,56,5,30,1794,1,,
287,379,9,34,1802,1,,
439,227,5,-25,1802,1,,
21,116,8,30,1806,1,,
318,284,7,34,1813,1,,
262,375,4,33,1820,1,,
302,279,4,-47,1827,1,,
71,334,8,21,1833,1,,
208,739,4,34,1834,1,,
385,104,4,21,1846,1,,
95,251,7,-90,1856,1,,
95,341,6,-90,1856,1,,
95,2,10,-90,1856,1,,
97,1687,4,29,1863,1,,
69,244,8,31,1866,1,,
96,341,3,30,1869,1,,
387,104,2,21,1871,1,,
386,104,4,21,1881,1,,
204,8,10,-90,1883,1,,
263,375,1,33,1884,1,,
263,203,6,-83,1884,1,,
440,411,3,-65,1897,1,,
92,2,7,-4,1899,1,,
92,1316,5,-4,1899,1,,
160,6,2,-65,1904,1,,
58,1,4,-90,1907,1,,
58,1,6,-11,1907,1,,
58,1303,8,-11,1907,1,,
445,111,6,-4,1909,1,,
171,82,4,-4,1916,1,,
187,1869,9,-90,1919,1,,
47,691,4,20,1923,1,,
47,-1,-1,-999,1923,2,two_level_rop,4.0
319,211,10,-11,1933,1,,
249,372,5,-34,1939,1,,
249,200,7,-34,1939,1,,
158,6,7,44,1950,1,,
158,262,8,44,1950,1,,
77,2,7,-11,1953,1,,
77,335,8,-70,1953,1,,
196,733,11,-4,1954,1,,
5,420,6,44,1960,1,,
405,1027,3,30,1971,1,,
405,1480,10,-11,1971,1,,
15,424,11,44,1975,1,,
373,59,8,-90,1983,1,,
222,946,11,-34,1991,1,,
305,97,8,44,1992,1,,
465,318,8,-90,1994,1,,
403,222,6,-70,2004,1,,
172,1144,12,45,2009,1,,
206,8,10,44,2011,1,,
206,137,2,44,2011,1,,
151,456,6,-90,2013,1,,
460,525,4,44,2020,1,,
93,36,10,-34,2023,1,,
152,456,6,-90,2027,1,,
20,426,6,-59,2031,1,,
422,628,4,-34,2037,1,,
422,62,6,45,2037,1,,
159,1351,2,-59,2050,1,,
159,81,10,-59,2050,1,,
113,37,6,45,2051,1,,
113,253,4,-67,2051,1,,
128,38,6,-90,2060,1,,
323,285,9,-34,2064,1,,
31,659,8,-34,2076,1,,
27,32,10,-26,2077,1,,
27,535,4,-26,2077,1,,
426,161,5,-90,2080,1,,
209,1157,8,-34,2087,1,,
304,382,5,-90,2090,1,,
304,16,1,-11,2090,1,,
48,691,4,20,2099,1,,
48,118,4,-34,2099,1,,
29,1072,10,41,2106,1,,
29,68,12,41,2106,1,,
301,382,5,-90,2110,1,,
387,817,8,-4,2112,1,,
61,34,6,-34,2121,1,,
100,178,4,-70,2127,1,,
100,178,8,-27,2127,1,,
450,64,2,-59,2128,1,,
450,229,8,41,2128,1,,
450,28,7,16,2128,1,,
215,45,4,-11,2134,1,,
2,165,4,-90,2141,1,,
109,1706,6,41,2147,1,,
109,1706,8,-26,2147,1,,
300,382,2,-90,2152,1,,
300,96,5,-27,2152,1,,
28,861,4,45,2158,1,,
96,1687,4,29,2158,1,,
268,970,10,41,2161,1,,
425,26,4,45,2165,1,,
158,262,3,-11,2174,1,,
160,357,7,16,2174,1,,
160,189,2,-26,2174,1,,
313,2175,4,-4,2185,1,,
196,365,8,41,2186,1,,
372,103,10,-27,2188,1,,
197,365,4,20,2192,1,,
77,884,2,-15,2193,1,,
447,28,8,-26,2198,1,,
117,1330,9,16,2211,1,,
405,24,7,-26,2221,1,,
91,36,2,-34,2227,1,,
305,280,2,-59,2233,1,,
305,1425,6,41,2233,1,,
235,272,3,41,2243,1,,
235,583,4,16,2243,1,,
172,726,8,-67,2248,1,,
320,17,1,-32,2251,1,,
92,250,10,-18,2253,1,,
114,253,2,-67,2256,1,,
86,74,2,-11,2260,1,,
161,458,1,-4,2260,1,,
212,87,6,-59,2264,1,,
152,188,2,-32,2271,1,,
288,14,10,-18,2274,1,,
6,66,1,-32,2274,1,,
137,1342,6,-26,2276,1,,
149,187,6,-18,2283,1,,
284,275,2,-90,2287,1,,
314,489,4,-26,2288,1,,
314,1433,1,-26,2288,1,,
234,1972,6,41,2299,1,,
29,1561,6,-18,2311,1,,
162,1809,6,28,2311,1,,
84,248,8,-18,2322,1,,
319,17,10,-21,2338,1,,
319,98,6,-21,2338,1,,
21,116,4,46,2338,1,,
21,1,7,46,2338,1,,
107,343,6,-60,2339,1,,
7,856,4,-59,2346,1,,
96,177,10,50,2352,1,,
225,9,4,41,2362,1,,
253,201,10,-21,2363,1,,
253,11,9,-21,2363,1,,
97,177,8,46,2363,1,,
10,686,4,41,2369,1,,
200,1902,2,41,2374,1,,
16,424,10,-21,2377,1,,
26,657,11,-79,2379,1,,
174,925,4,41,2387,1,,
69,695,12,-21,2393,1,,
60,120,8,-79,2398,1,,
208,44,8,47,2399,1,,
197,85,10,-21,2407,1,,
138,1342,2,-26,2418,1,,
265,376,4,-21,2424,1,,
265,13,8,-76,2424,1,,
281,49,11,56,2425,1,,
144,80,4,50,2434,1,,
144,129,2,-79,2434,1,,
450,1262,1,-26,2436,1,,
350,56,9,-21,2436,1,,
264,203,1,-59,2443,1,,
321,211,7,5,2450,1,,
321,17,3,-76,2450,1,,
141,185,3,-79,2455,1,,
141,40,6,59,2455,1,,
359,57,9,-76,2463,1,,
35,168,6,59,2477,1,,
35,1575,9,59,2477,1,,
340,55,7,26,2486,1,,
340,19,10,26,2486,1,,
315,387,6,50,2488,1,,
128,38,3,60,2490,1,,
338,154,2,61,2495,1,,
89,249,8,7,2500,1,,
260,12,4,60,2508,1,,
11,321,7,5,2509,1,,
11,0,10,26,2509,1,,
317,387,4,50,2513,1,,
317,210,5,7,2513,1,,
24,31,7,7,2526,1,,
339,19,12,10,2530,1,,
251,93,7,5,2534,1,,
251,11,10,26,2534,1,,
2,0,6,59,2537,1,,
261,203,10,61,2544,1,,
196,7,4,59,2551,1,,
196,136,4,7,2551,1,,
161,1809,4,28,2552,1,,
161,357,8,26,2552,1,,
337,154,6,61,2553,1,,
250,200,5,7,2565,1,,
70,2,11,10,2568,1,,
31,117,2,-21,2570,1,,
31,117,3,35,2570,1,,
31,1,6,26,2570,1,,
62,1088,12,10,2585,1,,
90,75,6,-21,2586,1,,
90,548,4,26,2586,1,,
129,128,4,7,2592,1,,
209,269,10,10,2599,1,,
219,1386,9,26,2601,1,,
97,441,1,-79,2602,1,,
97,36,3,56,2602,1,,
322,99,7,35,2616,1,,
322,1436,2,26,2616,1,,
20,68,6,10,2617,1,,
20,1,8,64,2617,1,,
177,1844,3,-79,2622,1,,
256,202,2,46,2626,1,,
32,1285,2,50,2639,1,,
353,393,8,-76,2642,1,,
408,301,2,50,2644,1,,
133,5,4,10,2651,1,,
133,79,4,10,2651,1,,
133,184,6,53,2651,1,,
133,681,11,53,2651,1,,
399,1245,8,26,2656,1,,
152,188,7,-76,2668,1,,
4,648,7,10,2671,1,,
4,0,8,53,2671,1,,
34,1572,1,50,2672,1,,
442,228,2,-76,2681,1,,
442,63,5,26,2681,1,,
193,43,4,51,2688,1,,
120,557,6,26,2692,1,,
450,520,12,10,2697,1,,
450,412,6,65,2697,1,,
33,429,8,51,2704,1,,
265,204,6,26,2704,1,,
115,37,8,10,2717,1,,
115,4,6,53,2717,1,,
26,535,10,71,2720,1,,
27,1556,2,51,2720,1,,
35,117,1,35,2738,1,,
35,1,10,74,2738,1,,
21,30,11,53,2745,1,,
21,1,9,65,2745,1,,
38,660,5,62,2754,1,,
38,1580,8,62,2754,1,,
284,602,6,26,2757,1,,
194,43,10,62,2768,1,,
366,1455,6,74,2770,1,,
195,267,4,10,2771,1,,
195,194,3,53,2771,1,,
195,135,11,65,2771,1,,
402,299,6,26,2782,1,,
191,463,12,-5,2785,1,,
148,455,7,53,2793,1,,
148,6,8,65,2793,1,,
425,160,5,37,2804,1,,
425,26,9,37,2804,1,,
224,471,3,10,2814,1,,
224,46,4,64,2814,1,,
224,8,7,65,2814,1,,
67,72,5,-76,2817,1,,
311,385,4,-76,2824,1,,
30,429,9,62,2824,1,,
30,32,6,43,2824,1,,
130,256,4,26,2830,1,,
313,52,8,68,2839,1,,
313,52,9,53,2839,1,,
373,59,3,5,2839,1,,
373,103,2,26,2839,1,,
364,616,3,62,2839,1,,
364,156,8,-5,2839,1,,
48,1297,10,-5,2853,1,,
0,164,3,74,2859,1,,
341,55,6,64,2860,1,,
341,19,8,53,2860,1,,
428,306,4,5,2868,1,,
102,179,10,43,2871,1,,
434,109,9,64,2881,1,,
434,63,5,53,2881,1,,
49,171,12,49,2887,1,,
429,1489,8,79,2890,1,,
429,26,6,79,2890,1,,
164,7,2,26,2894,1,,
260,12,10,53,2897,1,,
131,450,8,-5,2899,1,,
39,430,2,-5,2913,1,,
39,237,8,-2,2913,1,,
246,91,8,10,2913,1,,
246,11,2,53,2913,1,,
85,1665,9,-2,2926,1,,
316,779,9,65,2929,1,,
322,783,8,43,2940,1,,
196,84,9,68,2944,1,,
420,509,10,79,2946,1,,
91,250,8,62,2951,1,,
10,686,6,79,2955,1,,
22,325,8,68,2958,1,,
55,1301,2,79,2959,1,,
50,119,2,17,2965,1,,
50,70,1,17,2965,1,,
77,884,2,26,2970,1,,
115,77,8,68,2971,1,,
412,25,6,-5,2974,1,,
294,773,7,53,2984,1,,
234,90,8,-5,2993,1,,
232,197,2,71,2995,1,,
232,371,5,78,2995,1,,
206,737,2,5,3000,1,,
442,228,4,-2,3003,1,,
1,1059,6,53,3006,1,,
120,447,6,-2,3012,1,,
360,155,6,53,3021,1,,
319,17,4,62,3025,1,,
421,405,8,17,3026,1,,
121,447,4,-2,3032,1,,
235,474,6,64,3040,1,,
97,1319,6,78,3044,1,,
454,1266,4,37,3053,1,,
451,521,4,78,3055,1,,
430,108,5,53,3056,1,,
387,22,4,64,3074,1,,
320,388,3,82,3076,1,,
413,25,5,78,3078,1,,
264,2042,2,37,3080,1,,
167,359,3,68,3086,1,,
224,88,2,62,3090,1,,
190,933,3,78,3094,1,,
455,230,5,53,3099,1,,
49,541,4,78,3100,1,,
122,1728,1,26,3104,1,,
444,412,3,65,3107,1,,
217,471,3,10,3115,1,,
308,149,2,49,3119,1,,
123,182,6,-98,3128,1,,
153,915,1,10,3131,1,,
36,1289,1,64,3137,1,,
131,1127,8,-2,3142,1,,
131,183,2,82,3142,1,,
69,244,2,68,3144,1,,
218,471,1,10,3150,1,,
170,190,6,77,3153,1,,
170,132,8,73,3153,1,,
324,1212,1,26,3156,1,,
99,252,1,53,3169,1,,
23,1,12,77,3173,1,,
453,641,5,-98,3174,1,,
322,2203,2,79,3177,1,,
328,491,3,-98,3181,1,,
372,619,6,-98,3190,1,,
100,252,1,53,3192,1,,
239,273,4,77,3193,1,,
239,90,7,77,3193,1,,
124,182,10,73,3207,1,,
80,336,10,81,3214,1,,
463,416,1,62,3220,1,,
92,36,4,73,3221,1,,
92,36,6,77,3221,1,,
82,175,2,81,3228,1,,
101,252,1,53,3229,1,,
398,221,10,77,3235,1,,
102,252,1,53,3238,1,,
373,103,10,81,3244,1,,
263,274,8,73,3247,1,,
118,905,8,81,3256,1,,
168,725,5,80,3269,1,,
168,923,12,87,3269,1,,
42,866,7,36,3275,1,,
42,118,6,36,3275,1,,
461,1270,10,39,3280,1,,
392,23,8,87,3281,1,,
166,1820,9,36,3288,1,,
323,18,10,39,3295,1,,
291,15,10,75,3299,1,,
225,471,3,85,3301,1,,
342,55,7,77,3310,1,,
154,456,4,-100,3310,1,,
219,471,3,85,3316,1,,
103,252,1,53,3322,1,,
114,445,10,39,3328,1,,
114,37,10,89,3328,1,,
62,332,12,89,3345,1,,
147,6,6,36,3348,1,,
147,259,12,86,3348,1,,
167,131,6,75,3354,1,,
167,1824,10,58,3354,1,,
364,58,8,89,3361,1,,
364,156,4,83,3361,1,,
153,355,9,36,3363,1,,
31,69,4,73,3366,1,,
31,1,5,58,3366,1,,
376,1463,8,89,3378,1,,
376,21,4,83,3378,1,,
292,15,2,75,3384,1,,
292,50,10,58,3384,1,,
40,539,6,86,3389,1,,
40,430,8,86,3389,1,,
337,19,8,75,3397,1,,
324,53,7,89,3400,1,,
324,285,10,83,3400,1,,
302,279,8,36,3403,1,,
229,1958,8,36,3420,1,,
235,371,6,75,3421,1,,
235,1973,10,58,3421,1,,
0,29,8,70,3421,1,,
0,113,8,4,3421,1,,
408,24,3,36,3429,1,,
408,61,3,86,3429,1,,
94,36,6,77,3433,1,,
429,162,4,39,3440,1,,
429,26,10,4,3440,1,,
121,347,8,36,3441,1,,
148,130,4,73,3444,1,,
148,6,2,58,3444,1,,
335,608,6,4,3462,1,,
335,391,7,4,3462,1,,
32,536,4,36,3463,1,,
32,1,7,57,3463,1,,
241,273,4,77,3468,1,,
241,199,5,42,3468,1,,
241,47,7,92,3468,1,,
59,331,6,86,3473,1,,
47,118,4,89,3481,1,,
47,118,4,4,3481,1,,
47,330,4,83,3481,1,,
144,5,5,73,3483,1,,
144,80,4,42,3483,1,,
163,922,8,-77,3489,1,,
163,358,4,-77,3489,1,,
82,175,7,39,3498,1,,
82,696,4,83,3498,1,,
452,315,10,42,3499,1,,
225,1950,12,38,3505,1,,
190,1877,8,42,3513,1,,
411,61,6,4,3518,1,,
411,301,7,-99,3518,1,,
295,607,2,36,3521,1,,
295,96,9,38,3521,1,,
285,1193,8,42,3527,1,,
118,1331,10,4,3534,1,,
46,170,10,38,3535,1,,
343,55,7,42,3542,1,,
122,447,6,-77,3548,1,,
122,4,3,-77,3548,1,,
336,391,11,-99,3552,1,,
150,1346,9,38,3561,1,,
1,319,7,92,3569,1,,
342,1004,10,39,3575,1,,
342,290,6,83,3575,1,,
83,35,10,96,3583,1,,
40,1584,12,57,3587,1,,
40,328,8,38,3587,1,,
40,-1,-1,-999,3587,2,two_level_rop,34.0
24,31,9,4,3591,1,,
31,1565,6,42,3593,1,,
88,176,7,42,3603,1,,
337,1443,6,38,3605,1,,
337,494,8,-77,3605,1,,
392,821,10,89,3607,1,,
314,387,6,92,3618,1,,
259,273,3,36,3618,1,,
259,592,6,-77,3618,1,,
270,143,10,70,3623,1,,
420,61,3,86,3634,1,,
420,405,6,38,3634,1,,
204,8,6,77,3634,1,,
132,5,4,83,3639,1,,
132,5,5,89,3639,1,,
171,132,5,-77,3646,1,,
171,132,3,57,3646,1,,
406,105,5,58,3652,1,,
444,162,3,39,3654,1,,
444,312,6,4,3654,1,,
227,580,8,-77,3657,1,,
364,500,4,73,3662,1,,
364,396,2,58,3662,1,,
281,978,8,-99,3667,1,,
2,528,5,86,3668,1,,
2,0,2,38,3668,1,,
312,2172,5,92,3672,1,,
172,132,7,57,3678,1,,
153,915,8,4,3681,1,,
183,42,8,89,3695,1,,
278,766,6,57,3704,1,,
382,500,2,73,3711,1,,
221,745,6,-99,3715,1,,
133,184,6,38,3715,1,,
203,367,7,-77,3726,1,,
239,1986,8,83,3728,1,,
161,723,4,42,3729,1,,
194,84,6,38,3735,1,,
301,2142,6,70,3737,1,,
459,850,5,42,3738,1,,
160,1352,8,94,3750,1,,
106,552,6,36,3753,1,,
168,1824,2,58,3755,1,,
22,427,3,57,3762,1,,
97,3,6,-99,3763,1,,
320,2196,2,77,3779,1,,
365,616,6,70,3783,1,,
146,1774,4,38,3783,1,,
136,682,4,94,3788,1,,
176,133,5,83,3791,1,,
8,114,2,42,3792,1,,
317,387,2,92,3797,1,,
303,279,5,70,3799,1,,
256,273,1,77,3801,1,,
279,766,3,57,3804,1,,
386,1468,4,-99,3808,1,,
386,158,2,107,3808,1,,
294,96,3,38,3817,1,,
334,494,3,-77,3823,1,,
319,17,3,38,3828,1,,
366,396,5,103,3830,1,,
366,58,11,103,3830,1,,
298,208,5,107,3838,1,,
173,132,1,73,3844,1,,
47,691,3,38,3845,1,,
59,668,4,-99,3845,1,,
358,395,3,38,3851,1,,
147,1774,2,38,3859,1,,
304,208,3,107,3863,1,,
304,485,10,103,3863,1,,
142,129,10,88,3874,1,,
323,285,8,103,3875,1,,
164,922,2,-77,3878,1,,
192,1884,10,103,3889,1,,
257,374,4,91,3891,1,,
359,57,6,103,3898,1,,
325,286,2,38,3900,1,,
3,0,8,90,3909,1,,
20,167,7,103,3909,1,,
437,410,8,90,3920,1,,
372,103,2,57,3921,1,,
132,5,7,91,3931,1,,
86,74,3,4,3932,1,,
305,16,2,119,3935,1,,
414,25,6,67,3945,1,,
270,205,1,55,3951,1,,
412,61,6,109,3954,1,,
4,648,4,67,3961,1,,
0,418,4,119,3967,1,,
83,2,6,32,3970,1,,
83,175,5,108,3970,1,,
433,27,11,67,3983,1,,
130,39,9,32,3984,1,,
77,124,9,102,3996,1,,
365,396,7,18,3998,1,,
365,58,10,18,3998,1,,
367,156,10,32,4005,1,,
367,58,6,32,4005,1,,
141,258,12,18,4014,1,,
342,496,4,67,4017,1,,
87,74,2,18,4030,1,,
87,35,9,18,4030,1,,
446,313,9,32,4030,1,,
446,27,8,32,4030,1,,
303,279,8,32,4044,1,,
332,493,10,18,4046,1,,
321,152,12,18,4063,1,,
452,112,10,84,4066,1,,
452,845,5,84,4066,1,,
7,231,6,104,4078,1,,
7,0,10,104,4078,1,,
343,496,4,67,4085,1,,
137,39,10,84,4090,1,,
137,1752,6,84,4090,1,,
271,49,10,18,4094,1,,
271,143,12,101,4094,1,,
413,61,2,109,4104,1,,
413,106,6,104,4104,1,,
413,403,6,104,4104,1,,
98,178,6,108,4111,1,,
98,3,8,84,4111,1,,
347,19,8,18,4113,1,,
347,216,4,125,4113,1,,
331,390,11,104,4120,1,,
224,46,10,18,4129,1,,
434,63,12,84,4130,1,,
5,0,8,126,4131,1,,
182,570,8,18,4143,1,,
447,28,10,104,4145,1,,
85,35,7,54,4155,1,,
85,35,8,84,4155,1,,
85,1102,3,84,4155,1,,
284,207,6,101,4163,1,,
284,1192,7,116,4163,1,,
390,22,8,104,4168,1,,
390,820,8,-37,4168,1,,
231,271,6,32,4172,1,,
231,473,4,84,4172,1,,
91,1105,11,115,4181,1,,
59,174,10,104,4182,1,,
250,2008,3,84,4189,1,,
250,48,8,54,4189,1,,
432,634,10,-37,4196,1,,
344,55,4,115,4197,1,,
344,55,6,116,4197,1,,
307,2157,9,54,4204,1,,
337,288,8,104,4208,1,,
319,17,9,115,4212,1,,
38,660,2,83,4218,1,,
38,237,6,84,4218,1,,
333,390,7,125,4225,1,,
4,648,12,102,4228,1,,
4,231,3,104,4228,1,,
47,432,7,84,4234,1,,
21,1,6,101,4236,1,,
157,81,4,104,4238,1,,
157,564,3,-37,4238,1,,
6,0,6,18,4248,1,,
429,108,8,84,4248,1,,
345,496,2,67,4251,1,,
345,215,6,-37,4251,1,,
158,262,6,32,4260,1,,
218,578,5,125,4270,1,,
460,644,6,54,4274,1,,
256,202,6,104,4276,1,,
115,706,6,18,4282,1,,
172,82,6,104,4286,1,,
453,112,6,18,4297,1,,
133,79,1,109,4304,1,,
133,350,4,126,4304,1,,
141,258,4,116,4307,1,,
128,4,4,108,4312,1,,
439,227,4,18,4316,1,,
372,103,6,84,4321,1,,
245,477,4,-37,4323,1,,
339,55,4,116,4332,1,,
452,522,10,54,4335,1,,
440,311,4,104,4336,1,,
338,19,4,84,4342,1,,
9,1528,2,84,4347,1,,
147,6,9,131,4350,1,,
285,14,1,54,4351,1,,
350,610,3,101,4352,1,,
463,416,2,67,4354,1,,
407,403,2,104,4359,1,,
16,234,9,129,4369,1,,
19,68,2,104,4373,1,,
304,279,2,32,4373,1,,
413,61,1,4,4385,1,,
4,648,4,108,4397,1,,
102,179,2,131,4397,1,,
320,17,1,84,4401,1,,
145,1773,1,93,4407,1,,
64,1305,1,84,4408,1,,
384,396,1,18,4411,1,,
247,2002,10,72,4419,1,,
292,15,2,131,4424,1,,
340,495,12,93,4430,1,,
171,82,1,104,4431,1,,
21,324,6,139,4444,1,,
224,46,10,139,4458,1,,
161,723,10,98,4463,1,,
441,311,9,124,4466,1,,
441,1497,7,72,4466,1,,
341,289,6,139,4468,1,,
158,919,8,98,4474,1,,
248,586,10,-7,4481,1,,
30,68,8,134,4484,1,,
30,429,3,134,4484,1,,
2,165,9,98,4487,1,,
95,36,9,72,4494,1,,
266,13,5,98,4496,1,,
103,672,7,141,4504,1,,
90,890,8,72,4516,1,,
385,158,7,134,4518,1,,
348,290,2,142,4522,1,,
348,20,8,142,4522,1,,
8,114,8,72,4529,1,,
426,161,9,134,4531,1,,
129,38,6,143,4534,1,,
129,4,2,66,4534,1,,
405,24,8,141,4543,1,,
38,169,10,134,4545,1,,
128,4,8,142,4545,1,,
306,209,7,72,4555,1,,
418,304,8,134,4557,1,,
7,1525,8,142,4557,1,,
220,1163,7,130,4567,1,,
321,17,8,142,4569,1,,
267,13,6,66,4578,1,,
322,53,6,124,4580,1,,
322,2202,6,133,4580,1,,
28,116,8,132,4587,1,,
28,32,7,132,4587,1,,
268,13,6,72,4593,1,,
1,1059,4,142,4598,1,,
1,0,1,69,4598,1,,
1,684,10,69,4598,1,,
215,369,6,132,4606,1,,
215,8,8,128,4606,1,,
313,282,10,69,4612,1,,
278,1186,4,133,4616,1,,
278,274,6,133,4616,1,,
278,13,3,138,4616,1,,
249,1177,12,128,4623,1,,
29,32,9,69,4627,1,,
246,11,10,133,4630,1,,
10,0,4,132,4637,1,,
10,0,6,134,4637,1,,
69,1637,9,133,4656,1,,
349,55,10,128,4656,1,,
349,20,4,112,4656,1,,
371,1233,10,69,4656,1,,
200,1151,9,112,4669,1,,
307,383,10,133,4670,1,,
71,122,6,138,4681,1,,
161,723,9,69,4684,1,,
24,326,8,112,4690,1,,
84,35,6,143,4693,1,,
437,410,6,66,4703,1,,
376,293,4,128,4703,1,,
376,620,5,112,4703,1,,
282,14,10,105,4705,1,,
282,482,9,105,4705,1,,
2,1059,6,142,4712,1,,
433,63,7,138,4717,1,,
30,658,12,130,4720,1,,
193,573,6,69,4721,1,,
283,979,6,138,4728,1,,
6,0,5,69,4729,1,,
120,77,4,134,4734,1,,
120,557,6,112,4734,1,,
236,372,5,66,4738,1,,
344,215,10,105,4744,1,,
42,118,8,132,4745,1,,
453,1506,2,69,4746,1,,
302,2144,8,112,4757,1,,
99,126,8,132,4769,1,,
427,631,10,105,4774,1,,
340,55,2,147,4777,1,,
299,278,8,105,4796,1,,
86,74,7,132,4803,1,,
186,1369,8,-57,4804,1,,
70,244,7,150,4809,1,,
412,302,7,132,4814,1,,
133,184,4,112,4821,1,,
112,344,7,105,4822,1,,
47,869,7,-57,4830,1,,
313,386,4,132,4835,1,,
313,150,6,128,4835,1,,
396,400,9,105,4837,1,,
150,354,6,128,4844,1,,
343,214,1,146,4845,1,,
109,37,8,113,4850,1,,
463,416,3,-57,4852,1,,
307,2156,5,112,4852,1,,
246,2000,8,137,4869,1,,
246,273,4,105,4869,1,,
55,1,6,140,4872,1,,
55,241,3,140,4872,1,,
87,74,12,-31,4879,1,,
335,391,6,138,4881,1,,
320,98,6,146,4882,1,,
92,892,6,137,4892,1,,
162,357,9,146,4894,1,,
314,150,8,-31,4899,1,,
314,52,7,-31,4899,1,,
410,403,5,72,4903,1,,
174,264,7,140,4911,1,,
174,41,5,140,4911,1,,
164,7,5,72,4913,1,,
122,678,5,105,4924,1,,
172,41,5,140,4926,1,,
172,191,6,156,4926,1,,
450,520,7,140,4937,1,,
456,163,3,-31,4956,1,,
456,413,8,-31,4956,1,,
434,109,2,113,4960,1,,
212,1924,8,97,4965,1,,
98,670,8,-31,4967,1,,
304,777,4,105,4976,1,,
173,82,6,97,4979,1,,
111,444,8,-31,4979,1,,
94,1683,1,150,4981,1,,
266,595,4,134,4986,1,,
330,2226,6,-31,4995,1,,
224,88,4,132,5002,1,,
193,573,6,146,5003,1,,
61,34,2,134,5008,1,,
31,429,3,134,5013,1,,
411,829,5,140,5013,1,,
431,408,2,-31,5018,1,,
451,229,2,112,5022,1,,
236,1976,9,-57,5026,1,,
389,219,5,140,5034,1,,
339,55,1,128,5041,1,,
292,15,5,97,5045,1,,
248,92,8,52,5050,1,,
175,82,5,97,5062,1,,
407,105,11,52,5065,1,,
439,227,5,140,5077,1,,
286,14,9,52,5089,1,,
286,603,9,52,5089,1,,
104,180,4,97,5090,1,,
69,2,8,52,5101,1,,
32,659,10,160,5109,1,,
284,145,12,63,5120,1,,
129,349,8,154,5123,1,,
24,31,10,160,5123,1,,
128,559,2,156,5128,1,,
298,2135,6,154,5137,1,,
147,6,8,160,5137,1,,
115,344,8,63,5139,1,,
115,77,4,118,5139,1,,
340,289,5,140,5145,1,,
43,431,8,118,5153,1,,
280,14,7,160,5154,1,,
201,466,1,97,5158,1,,
142,129,10,161,5168,1,,
46,1,8,63,5169,1,,
46,1081,2,63,5169,1,,
160,1352,4,161,5175,1,,
437,110,8,162,5190,1,,
437,27,7,162,5190,1,,
132,350,11,161,5191,1,,
63,71,1,63,5197,1,,
63,71,9,151,5197,1,,
63,1,10,148,5197,1,,
326,100,5,160,5200,1,,
458,524,9,162,5215,1,,
71,72,7,151,5222,1,,
71,2,10,148,5222,1,,
156,457,7,162,5226,1,,
144,186,7,110,5230,1,,
144,5,8,110,5230,1,,
144,80,6,110,5230,1,,
88,338,6,162,5236,1,,
88,888,1,162,5236,1,,
9,857,10,151,5238,1,,
322,18,6,162,5246,1,,
33,429,4,161,5251,1,,
33,32,10,161,5251,1,,
438,110,4,162,5259,1,,
446,111,7,52,5263,1,,
446,63,10,148,5263,1,,
34,32,2,161,5269,1,,
34,430,10,110,5269,1,,
204,8,4,154,5276,1,,
299,278,11,168,5280,1,,
272,2064,4,161,5288,1,,
272,13,7,110,5288,1,,
272,94,1,110,5288,1,,
183,570,11,163,5291,1,,
22,534,4,118,5300,1,,
22,1,9,168,5300,1,,
341,289,8,163,5303,1,,
319,53,8,110,5307,1,,
319,284,4,110,5307,1,,
301,2143,11,110,5324,1,,
318,150,10,148,5325,1,,
318,2189,7,148,5325,1,,
84,2,7,163,5335,1,,
84,1663,4,167,5335,1,,
276,974,12,148,5344,1,,
193,43,8,169,5347,1,,
51,239,10,135,5351,1,,
149,187,10,148,5360,1,,
314,282,3,162,5365,1,,
314,16,10,169,5365,1,,
133,350,9,135,5366,1,,
198,1899,8,63,5374,1,,
129,1125,7,162,5375,1,,
358,291,10,110,5383,1,,
290,380,6,169,5385,1,,
240,1399,8,151,5388,1,,
184,134,6,167,5394,1,,
23,534,7,110,5395,1,,
226,579,6,63,5399,1,,
277,2078,5,169,5402,1,,
173,41,1,110,5410,1,,
173,264,8,170,5410,1,,
124,907,6,63,5411,1,,
405,300,5,151,5421,1,,
270,13,2,170,5423,1,,
270,143,5,170,5423,1,,
280,2082,5,23,5437,1,,
280,14,3,110,5437,1,,
458,849,11,169,5441,1,,
253,201,7,110,5450,1,,
281,1189,4,163,5450,1,,
20,1,4,176,5451,1,,
20,167,8,176,5451,1,,
213,196,6,170,5461,1,,
345,55,8,166,5464,1,,
147,6,9,176,5471,1,,
288,276,4,166,5471,1,,
294,985,5,110,5472,1,,
31,429,5,161,5486,1,,
429,226,3,163,5499,1,,
313,150,5,176,5502,1,,
313,209,12,106,5502,1,,
349,102,4,163,5506,1,,
144,80,4,170,5512,1,,
232,10,7,106,5525,1,,
232,1169,8,106,5525,1,,
115,127,9,-3,5532,1,,
115,675,5,-3,5532,1,,
305,16,2,169,5534,1,,
274,764,6,152,5543,1,,
256,93,10,-3,5546,1,,
194,266,6,176,5548,1,,
194,43,9,106,5548,1,,
300,208,5,152,5554,1,,
174,264,10,-3,5560,1,,
436,309,8,106,5561,1,,
299,208,5,152,5562,1,,
289,14,4,152,5569,1,,
11,686,8,-3,5572,1,,
275,95,10,106,5578,1,,
148,353,6,-3,5581,1,,
426,407,7,176,5590,1,,
19,68,6,-3,5590,1,,
103,1323,2,152,5592,1,,
247,140,5,106,5601,1,,
74,123,6,176,5612,1,,
83,1663,2,167,5620,1,,
308,149,6,-3,5620,1,,
121,182,6,176,5624,1,,
136,451,4,-3,5627,1,,
264,1184,5,176,5634,1,,
77,335,4,-3,5643,1,,
350,56,5,148,5644,1,,
280,14,8,127,5650,1,,
13,0,5,179,5651,1,,
80,336,4,151,5656,1,,
99,126,6,127,5659,1,,
386,1238,8,173,5665,1,,
363,58,10,127,5674,1,,
125,183,4,118,5674,1,,
0,526,4,177,5680,1,,
173,132,5,173,5682,1,,
384,158,4,176,5682,1,,
221,370,5,173,5690,1,,
161,1352,9,127,5693,1,,
433,308,4,63,5700,1,,
465,1515,4,-3,5704,1,,
159,458,4,180,5711,1,,
159,564,9,177,5711,1,,
95,894,4,161,5711,1,,
358,395,4,180,5718,1,,
212,1924,4,110,5718,1,,
212,-1,-1,-999,5718,2,two_level_rop,18.0
425,630,4,106,5725,1,,
21,1,2,176,5729,1,,
448,519,3,127,5732,1,,
294,2121,4,177,5743,1,,
225,9,2,106,5747,1,,
119,677,4,-3,5755,1,,
22,30,2,179,5771,1,,
338,213,2,-3,5777,1,,
351,56,10,181,5778,1,,
257,94,2,-3,5787,1,,
61,34,6,185,5791,1,,
441,411,2,110,5801,1,,
101,178,5,181,5806,1,,
101,36,9,95,5806,1,,
101,3,8,95,5806,1,,
192,572,3,110,5807,1,,
149,187,9,178,5808,1,,
266,204,8,165,5819,1,,
412,506,8,158,5819,1,,
148,260,6,127,5823,1,,
148,353,6,95,5823,1,,
206,195,3,189,5825,1,,
392,1243,7,165,5829,1,,
55,873,10,95,5837,1,,
404,160,9,178,5838,1,,
208,8,8,165,5846,1,,
208,44,4,165,5846,1,,
128,4,7,189,5848,1,,
194,84,10,95,5851,1,,
224,88,10,158,5863,1,,
299,278,10,95,5865,1,,
98,3,6,165,5868,1,,
98,441,9,99,5868,1,,
260,12,8,158,5874,1,,
410,627,9,181,5878,1,,
174,360,6,165,5888,1,,
174,82,6,99,5888,1,,
54,173,9,159,5891,1,,
23,427,8,99,5902,1,,
316,53,6,181,5904,1,,
316,489,3,95,5904,1,,
177,82,3,99,5916,1,,
177,568,5,76,5916,1,,
233,371,8,95,5917,1,,
62,438,5,157,5919,1,,
62,243,7,157,5919,1,,
62,70,12,194,5919,1,,
433,63,7,99,5927,1,,
261,12,10,157,5936,1,,
261,94,2,157,5936,1,,
293,606,10,149,5941,1,,
123,1729,7,95,5941,1,,
123,78,4,164,5941,1,,
129,4,7,158,5946,1,,
342,19,9,149,5954,1,,
195,84,9,164,5954,1,,
130,4,6,165,5963,1,,
259,141,4,145,5964,1,,
259,141,9,194,5964,1,,
407,403,2,164,5968,1,,
407,160,8,164,5968,1,,
387,218,6,99,5973,1,,
151,1347,4,145,5987,1,,
151,80,8,145,5987,1,,
104,252,1,95,5987,1,,
104,3,11,197,5987,1,,
8,0,6,149,5995,1,,
350,56,10,197,6006,1,,
335,54,8,145,6008,1,,
335,494,8,174,6008,1,,
396,159,6,149,6018,1,,
444,839,9,157,6023,1,,
444,110,2,145,6023,1,,
18,425,10,197,6025,1,,
34,1287,5,99,6036,1,,
279,206,12,194,6040,1,,
282,145,4,149,6044,1,,
235,10,5,164,6045,1,,
235,272,6,197,6045,1,,
181,1854,6,194,6055,1,,
181,41,5,195,6055,1,,
213,1158,7,181,6055,1,,
266,13,6,197,6065,1,,
13,67,7,186,6075,1,,
270,143,7,194,6075,1,,
270,94,4,174,6075,1,,
270,205,4,174,6075,1,,
389,219,2,76,6079,1,,
326,491,6,197,6084,1,,
450,844,4,165,6086,1,,
456,1267,2,99,6091,1,,
340,289,5,95,6092,1,,
287,50,5,174,6095,1,,
287,50,10,145,6095,1,,
395,159,2,149,6104,1,,
180,41,3,195,6109,1,,
180,83,7,174,6109,1,,
177,568,11,149,6120,1,,
62,34,4,95,6122,1,,
234,1970,10,174,6123,1,,
30,236,4,164,6128,1,,
369,1232,6,194,6136,1,,
369,292,3,194,6136,1,,
261,2032,6,165,6137,1,,
20,426,2,158,6148,1,,
20,68,6,194,6148,1,,
281,2085,4,95,6154,1,,
0,684,3,95,6159,1,,
434,1041,8,157,6160,1,,
239,198,4,197,6166,1,,
6,650,6,174,6169,1,,
390,297,3,197,6172,1,,
212,1924,2,110,6172,1,,
61,120,6,195,6178,1,,
237,584,6,190,6181,1,,
319,17,3,164,6188,1,,
461,415,2,158,6190,1,,
461,1270,6,195,6190,1,,
100,442,6,194,6199,1,,
188,1371,4,190,6203,1,,
118,345,2,164,6208,1,,
323,783,6,194,6208,1,,
397,159,2,184,6212,1,,
142,454,2,197,6215,1,,
251,588,6,121,6230,1,,
2,647,5,145,6234,1,,
133,184,2,121,6235,1,,
436,516,7,121,6245,1,,
63,34,4,121,6252,1,,
358,291,6,158,6255,1,,
31,236,1,164,6264,1,,
140,185,12,182,6269,1,,
38,169,5,182,6282,1,,
38,1,4,182,6282,1,,
440,311,1,186,6284,1,,
138,713,5,158,6287,1,,
3,647,8,182,6294,1,,
83,125,1,164,6300,1,,
256,966,4,194,6303,1,,
84,125,1,164,6304,1,,
240,10,8,182,6308,1,,
240,198,2,182,6308,1,,
86,125,1,164,6308,1,,
15,1535,4,174,6310,1,,
7,650,3,174,6323,1,,
7,29,6,202,6323,1,,
34,430,7,13,6333,1,,
34,1,10,13,6333,1,,
34,32,2,13,6333,1,,
242,1996,4,158,6338,1,,
242,1401,7,202,6338,1,,
89,125,1,164,6343,1,,
90,125,1,164,6350,1,,
90,2,2,201,6350,1,,
327,100,8,202,6350,1,,
87,125,1,164,6354,1,,
88,125,1,164,6358,1,,
53,240,7,202,6361,1,,
258,94,2,174,6370,1,,
258,479,4,202,6370,1,,
257,479,4,202,6377,1,,
284,2095,8,13,6377,1,,
284,1192,8,204,6377,1,,
284,207,9,187,6377,1,,
41,1079,1,201,6382,1,,
134,184,8,202,6389,1,,
58,120,4,13,6409,1,,
58,1,12,204,6409,1,,
58,33,9,204,6409,1,,
439,227,8,209,6413,1,,
264,142,7,209,6424,1,,
33,117,4,195,6425,1,,
77,696,9,13,6432,1,,
77,335,8,204,6432,1,,
149,261,5,209,6437,1,,
451,521,4,145,6455,1,,
32,32,9,204,6456,1,,
32,429,9,187,6456,1,,
37,70,12,216,6465,1,,
127,558,2,194,6467,1,,
127,255,2,194,6467,1,,
274,598,2,145,6473,1,,
82,1312,4,209,6478,1,,
204,86,3,158,6479,1,,
147,716,2,194,6484,1,,
212,195,4,182,6484,1,,
212,87,6,182,6484,1,,
212,1923,10,13,6484,1,,
140,185,2,216,6486,1,,
247,586,4,158,6491,1,,
93,125,1,164,6493,1,,
148,260,2,209,6498,1,,
256,479,1,202,6500,1,,
91,125,1,164,6501,1,,
4,684,8,13,6508,1,,
4,65,8,204,6508,1,,
445,27,5,182,6529,1,,
445,840,9,13,6529,1,,
294,146,8,203,6539,1,,
294,15,6,203,6539,1,,
94,125,1,164,6543,1,,
307,148,10,204,6551,1,,
307,2157,5,204,6551,1,,
160,6,4,207,6554,1,,
72,2,12,203,6560,1,,
263,12,8,13,6570,1,,
263,274,4,13,6570,1,,
141,40,8,203,6571,1,,
242,91,11,205,6583,1,,
452,112,5,203,6584,1,,
209,740,1,224,6587,1,,
217,944,7,13,6590,1,,
217,45,6,13,6590,1,,
142,1762,4,205,6594,1,,
205,137,7,203,6600,1,,
373,59,1,224,6604,1,,
166,41,5,13,6607,1,,
166,131,6,204,6607,1,,
344,215,2,220,6619,1,,
257,202,11,210,6620,1,,
459,1510,10,204,6623,1,,
287,146,5,220,6628,1,,
230,10,9,224,6633,1,,
350,56,4,203,6635,1,,
253,590,10,204,6640,1,,
33,536,8,210,6644,1,,
354,393,8,13,6653,1,,
374,59,11,210,6660,1,,
385,296,6,225,6663,1,,
464,417,8,204,6667,1,,
62,34,4,225,6670,1,,
439,517,8,13,6681,1,,
173,264,11,217,6682,1,,
89,339,6,225,6686,1,,
174,132,8,210,6694,1,,
153,188,7,13,6694,1,,
206,467,7,187,6707,1,,
225,46,12,208,6710,1,,
386,21,8,192,6717,1,,
386,396,5,192,6717,1,,
386,296,7,192,6717,1,,
38,169,6,187,6719,1,,
136,682,6,13,6730,1,,
101,550,10,217,6733,1,,
208,44,8,192,6734,1,,
11,232,6,204,6742,1,,
332,493,9,192,6747,1,,
159,721,6,13,6758,1,,
284,275,10,192,6761,1,,
109,3,5,206,6768,1,,
109,180,6,206,6768,1,,
109,37,8,206,6768,1,,
190,933,1,203,6771,1,,
190,7,6,192,6771,1,,
183,83,6,210,6796,1,,
183,1367,4,206,6796,1,,
183,7,11,206,6796,1,,
360,20,6,212,6797,1,,
129,1125,7,192,6807,1,,
226,9,6,204,6814,1,,
239,198,4,192,6817,1,,
239,47,2,192,6817,1,,
389,297,9,208,6818,1,,
397,824,5,121,6823,1,,
265,204,6,13,6832,1,,
120,38,11,212,6833,1,,
433,162,4,208,6838,1,,
433,63,9,206,6838,1,,
26,535,5,204,6840,1,,
8,0,5,192,6843,1,,
193,935,6,204,6849,1,,
295,15,9,206,6853,1,,
294,15,4,182,6856,1,,
349,102,12,153,6859,1,,
103,551,4,204,6863,1,,
46,1296,8,208,6867,1,,
318,284,4,187,6874,1,,
181,134,7,211,6880,1,,
248,92,4,153,6880,1,,
248,477,7,153,6880,1,,
59,120,4,13,6883,1,,
310,2165,7,208,6892,1,,
155,1801,9,153,6902,1,,
230,1962,8,200,6913,1,,
230,46,6,206,6913,1,,
336,19,3,13,6917,1,,
306,486,2,192,6921,1,,
306,148,7,153,6921,1,,
405,625,6,206,6925,1,,
207,137,9,153,6934,1,,
250,200,4,13,6935,1,,
364,156,6,206,6936,1,,
385,296,8,153,6946,1,,
16,323,5,206,6947,1,,
334,494,5,136,6956,1,,
303,148,7,215,6957,1,,
12,0,8,153,6969,1,,
49,433,12,175,6969,1,,
49,33,3,175,6969,1,,
167,41,1,13,6980,1,,
194,364,8,153,6980,1,,
251,588,6,215,6990,1,,
17,654,8,175,6992,1,,
17,0,8,175,6992,1,,
130,1126,10,136,6995,1,,
425,26,4,212,6997,1,,
110,252,1,95,7004,1,,
110,553,4,192,7004,1,,
106,898,10,222,7009,1,,
124,1731,11,175,7010,1,,
47,869,1,13,7013,1,,
129,4,7,222,7024,1,,
176,191,2,208,7027,1,,
176,133,8,175,7027,1,,
377,294,11,40,7039,1,,
109,37,7,175,7041,1,,
109,252,1,175,7041,1,,
102,179,4,192,7045,1,,
107,703,7,40,7053,1,,
434,109,4,192,7057,1,,
376,217,4,175,7057,1,,
376,1463,6,213,7057,1,,
328,786,3,153,7063,1,,
252,200,4,222,7066,1,,
252,11,5,40,7066,1,,
353,217,6,175,7069,1,,
314,97,2,100,7077,1,,
314,2178,5,100,7077,1,,
407,626,6,175,7080,1,,
331,390,6,100,7086,1,,
15,653,4,211,7091,1,,
15,424,1,213,7091,1,,
136,451,6,222,7097,1,,
51,434,4,212,7097,1,,
108,252,1,95,7108,1,,
21,30,5,211,7109,1,,
131,4,5,232,7117,1,,
105,252,1,95,7121,1,,
373,59,6,172,7125,1,,
336,494,7,136,7127,1,,
62,34,5,232,7129,1,,
111,252,1,95,7132,1,,
5,529,7,172,7147,1,,
215,197,4,175,7156,1,,
141,1760,5,40,7160,1,,
326,100,4,232,7162,1,,
315,2178,5,100,7169,1,,
216,197,4,175,7169,1,,
83,1100,2,232,7176,1,,
305,16,4,221,7184,1,,
329,53,4,120,7190,1,,
329,100,12,120,7190,1,,
443,162,4,208,7201,1,,
106,252,1,95,7202,1,,
106,-1,-1,-999,7202,2,two_level_rop,19.0
142,129,8,120,7207,1,,
142,351,4,120,7207,1,,
17,424,5,213,7213,1,,
236,1172,10,193,7217,1,,
63,71,3,175,7219,1,,
313,209,8,120,7231,1,,
313,52,3,120,7231,1,,
313,992,8,120,7231,1,,
430,162,2,208,7238,1,,
8,1526,2,175,7243,1,,
82,175,1,193,7247,1,,
82,34,12,229,7247,1,,
82,2,10,229,7247,1,,
182,41,5,120,7247,1,,
182,83,2,120,7247,1,,
182,570,4,120,7247,1,,
194,464,2,175,7261,1,,
405,24,8,120,7261,1,,
327,388,8,193,7270,1,,
327,491,6,229,7270,1,,
380,59,7,120,7278,1,,
380,295,3,120,7278,1,,
260,479,4,193,7284,1,,
260,12,6,229,7284,1,,
376,1463,10,172,7292,1,,
14,1533,4,100,7293,1,,
14,0,5,120,7293,1,,
183,134,1,211,7295,1,,
453,1049,7,229,7299,1,,
453,112,4,229,7299,1,,
217,197,1,175,7305,1,,
410,505,8,120,7306,1,,
107,252,1,175,7313,1,,
91,250,11,229,7317,1,,
175,132,4,234,7328,1,,
175,727,10,234,7328,1,,
84,175,6,193,7342,1,,
84,35,7,238,7342,1,,
84,2,4,238,7342,1,,
220,471,2,199,7346,1,,
220,1939,10,234,7346,1,,
351,611,11,241,7352,1,,
288,379,10,229,7358,1,,
409,105,6,199,7365,1,,
409,223,5,234,7365,1,,
1,29,10,241,7366,1,,
213,8,4,193,7381,1,,
213,196,12,227,7381,1,,
9,650,6,199,7381,1,,
9,0,4,234,7381,1,,
144,80,6,242,7383,1,,
144,186,6,242,7383,1,,
184,42,7,229,7394,1,,
449,111,8,120,7395,1,,
2,29,10,242,7397,1,,
447,64,8,235,7408,1,,
123,679,7,120,7411,1,,
112,444,10,241,7411,1,,
256,374,7,120,7422,1,,
420,405,10,241,7425,1,,
94,176,8,227,7427,1,,
94,36,4,227,7427,1,,
427,407,10,242,7439,1,,
81,247,7,120,7441,1,,
5,1061,9,227,7442,1,,
204,86,6,120,7451,1,,
148,1778,11,248,7454,1,,
293,1197,8,227,7456,1,,
22,534,6,120,7460,1,,
31,659,7,227,7469,1,,
214,87,6,241,7472,1,,
214,8,7,246,7472,1,,
266,204,4,120,7480,1,,
96,36,8,227,7482,1,,
174,360,4,249,7489,1,,
113,344,10,248,7496,1,,
113,127,8,246,7496,1,,
453,1265,3,227,7505,1,,
453,1049,12,227,7505,1,,
8,650,4,199,7509,1,,
301,988,6,242,7510,1,,
301,776,4,246,7510,1,,
3,684,10,248,7524,1,,
302,208,3,120,7525,1,,
13,652,5,236,7530,1,,
13,0,7,236,7530,1,,
387,22,9,248,7537,1,,
430,307,7,227,7543,1,,
294,2122,3,120,7545,1,,
132,5,8,247,7549,1,,
253,590,4,120,7552,1,,
215,45,8,236,7557,1,,
313,52,7,242,7559,1,,
306,383,3,40,7560,1,,
231,10,7,236,7570,1,,
434,63,9,241,7572,1,,
226,271,8,241,7583,1,,
410,223,2,234,7585,1,,
238,272,6,48,7593,1,,
238,1397,8,48,7593,1,,
238,90,2,48,7593,1,,
189,135,8,242,7598,1,,
192,135,2,120,7603,1,,
23,30,4,229,7615,1,,
23,1,2,48,7615,1,,
23,68,8,48,7615,1,,
50,1606,2,234,7616,1,,
184,570,2,120,7623,1,,
86,2,4,48,7633,1,,
86,175,6,48,7633,1,,
86,888,2,48,7633,1,,
384,21,6,241,7639,1,,
460,525,6,248,7649,1,,
209,44,5,236,7651,1,,
209,740,6,48,7651,1,,
213,87,6,241,7658,1,,
333,493,8,240,7665,1,,
464,318,6,246,7667,1,,
11,0,1,236,7673,1,,
11,423,8,48,7673,1,,
256,140,5,241,7675,1,,
338,213,12,231,7682,1,,
342,214,6,241,7684,1,,
341,55,2,234,7686,1,,
343,19,4,236,7688,1,,
343,290,5,48,7688,1,,
198,575,6,229,7702,1,,
198,43,2,48,7702,1,,
250,478,12,240,7703,1,,
251,140,5,241,7706,1,,
251,93,6,122,7706,1,,
77,335,5,254,7715,1,,
378,620,2,193,7716,1,,
378,811,6,48,7716,1,,
21,30,10,122,7720,1,,
187,1869,7,231,7725,1,,
187,-1,-1,-999,7725,2,two_level_rop,16.0
1,231,6,256,7733,1,,
193,364,6,254,7735,1,,
427,306,6,193,7739,1,,
47,869,9,122,7747,1,,
408,301,5,254,7753,1,,
463,416,5,227,7758,1,,
81,73,8,122,7762,1,,
81,1098,2,122,7762,1,,
392,501,6,48,7769,1,,
59,242,6,122,7779,1,,
441,411,5,229,7780,1,,
22,30,6,260,7787,1,,
76,73,4,122,7800,1,,
283,482,4,48,7801,1,,
436,309,4,229,7810,1,,
188,266,6,122,7815,1,,
430,307,4,48,7819,1,,
234,474,4,256,7822,1,,
293,51,4,48,7828,1,,
61,243,4,241,7829,1,,
210,269,6,256,7838,1,,
206,1911,4,122,7845,1,,
38,70,7,257,7846,1,,
38,169,7,257,7846,1,,
263,479,1,193,7847,1,,
263,274,8,261,7847,1,,
62,34,3,260,7852,1,,
31,69,6,257,7862,1,,
89,339,4,261,7869,1,,
224,88,3,260,7870,1,,
225,9,4,229,7879,1,,
23,30,7,257,7883,1,,
426,161,5,257,7893,1,,
449,28,3,48,7896,1,,
154,916,3,122,7907,1,,
294,51,11,257,7911,1,,
257,140,2,241,7916,1,,
208,44,6,257,7922,1,,
109,37,11,264,7929,1,,
464,417,11,122,7931,1,,
448,64,4,257,7931,1,,
274,95,2,264,7936,1,,
75,2,9,264,7950,1,,
106,252,1,175,7952,1,,
106,-1,-1,-999,7952,2,two_level_rop,1.0
217,1935,1,48,7954,1,,
35,32,8,253,7955,1,,
35,1,8,253,7955,1,,
26,1554,1,241,7959,1,,
189,266,2,122,7965,1,,
77,544,10,188,7971,1,,
218,1935,1,48,7972,1,,
260,12,2,248,7973,1,,
270,205,2,248,7977,1,,
165,190,12,198,7994,1,,
192,934,8,262,8003,1,,
192,463,4,262,8003,1,,
433,27,7,253,8003,1,,
141,40,11,262,8018,1,,
0,526,11,198,8018,1,,
94,75,5,253,8025,1,,
300,776,1,246,8026,1,,
226,9,12,262,8034,1,,
248,1176,6,253,8039,1,,
22,1,10,255,8055,1,,
71,174,8,262,8058,1,,
71,334,10,251,8058,1,,
209,44,10,255,8072,1,,
258,967,6,198,8083,1,,
329,53,10,262,8083,1,,
329,2224,9,218,8083,1,,
350,56,11,255,8089,1,,
85,175,7,198,8098,1,,
3,320,6,255,8101,1,,
268,761,11,218,8105,1,,
268,204,6,218,8105,1,,
122,558,8,198,8110,1,,
245,477,7,255,8113,1,,
116,77,12,196,8127,1,,
187,1869,5,231,8129,1,,
187,42,4,255,8129,1,,
338,213,6,262,8135,1,,
338,1443,11,218,8135,1,,
439,110,6,255,8140,1,,
359,57,12,268,8143,1,,
277,144,4,198,8150,1,,
31,32,6,262,8165,1,,
31,236,3,218,8165,1,,
31,1,12,243,8165,1,,
115,675,5,268,8170,1,,
115,180,5,258,8170,1,,
360,57,10,244,8174,1,,
6,421,10,196,8184,1,,
36,32,6,218,8186,1,,
36,32,4,262,8186,1,,
36,236,4,218,8186,1,,
437,636,8,244,8187,1,,
2,65,10,258,8198,1,,
130,1739,4,257,8208,1,,
339,213,4,244,8215,1,,
120,128,6,214,8215,1,,
120,38,6,214,8215,1,,
124,558,6,251,8217,1,,
124,255,8,243,8217,1,,
124,128,8,243,8217,1,,
176,927,6,244,8225,1,,
128,38,8,258,8227,1,,
318,994,5,253,8233,1,,
225,578,11,218,8238,1,,
225,46,3,218,8238,1,,
9,321,4,253,8244,1,,
34,32,5,258,8251,1,,
34,1076,6,214,8251,1,,
309,149,10,262,8254,1,,
234,474,3,255,8258,1,,
317,98,10,243,8270,1,,
278,599,9,223,8273,1,,
58,667,9,251,8285,1,,
49,330,3,258,8287,1,,
49,663,8,214,8287,1,,
172,191,12,223,8290,1,,
357,614,9,214,8300,1,,
205,43,6,251,8300,1,,
205,137,3,218,8300,1,,
260,593,8,214,8311,1,,
272,378,2,218,8314,1,,
272,480,6,218,8314,1,,
4,320,2,255,8317,1,,
321,99,7,214,8322,1,,
299,278,8,218,8328,1,,
385,1237,2,218,8342,1,,
385,815,6,243,8342,1,,
21,1545,8,214,8344,1,,
424,511,8,223,8347,1,,
353,612,8,258,8355,1,,
193,43,9,223,8360,1,,
415,25,4,218,8363,1,,
415,25,2,251,8363,1,,
415,223,2,218,8363,1,,
169,1829,6,258,8365,1,,
14,0,6,214,8374,1,,
29,1561,11,259,8375,1,,
171,1834,7,243,8380,1,,
395,220,5,214,8385,1,,
99,1690,10,237,8390,1,,
45,690,4,198,8394,1,,
45,1596,2,214,8394,1,,
190,363,7,251,8400,1,,
256,202,2,237,8404,1,,
256,2019,8,237,8404,1,,
206,195,5,268,8408,1,,
42,430,5,237,8417,1,,
42,118,4,259,8417,1,,
455,1508,8,218,8426,1,,
154,563,3,214,8427,1,,
17,323,8,259,8428,1,,
112,344,6,262,8438,1,,
93,251,5,214,8443,1,,
16,0,4,237,8447,1,,
16,687,10,237,8447,1,,
283,1191,6,262,8449,1,,
316,53,8,223,8459,1,,
116,675,4,268,8467,1,,
3,65,5,262,8471,1,,
445,638,3,196,8473,1,,
234,371,12,237,8475,1,,
432,514,6,243,8482,1,,
43,690,2,198,8485,1,,
97,3,7,273,8486,1,,
41,690,4,243,8492,1,,
416,25,6,237,8495,1,,
28,1560,5,251,8513,1,,
172,1359,5,258,8518,1,,
261,593,1,214,8521,1,,
130,39,4,251,8522,1,,
52,434,6,223,8522,1,,
106,252,1,175,8525,1,,
106,-1,-1,-999,8525,2,two_level_rop,1.0
0,65,1,258,8534,1,,
451,639,6,237,8537,1,,
44,690,4,243,8539,1,,
86,74,4,218,8552,1,,
325,998,4,218,8561,1,,
192,1884,5,273,8563,1,,
392,501,5,237,8572,1,,
13,67,3,251,8574,1,,
394,622,2,255,8581,1,,
394,220,3,237,8581,1,,
436,109,7,265,8583,1,,
384,1237,2,218,8585,1,,
196,267,5,259,8589,1,,
280,2083,5,223,8597,1,,
417,25,3,251,8602,1,,
154,916,3,237,8603,1,,
38,33,4,265,8604,1,,
296,15,4,223,8610,1,,
213,196,9,277,8619,1,,
45,1080,6,228,8632,1,,
201,466,2,277,8632,1,,
273,378,2,218,8646,1,,
260,141,2,251,8657,1,,
21,30,12,287,8658,1,,
275,378,2,218,8661,1,,
245,750,8,277,8670,1,,
276,378,2,218,8672,1,,
51,434,1,223,8678,1,,
23,1,6,277,8679,1,,
46,238,1,273,8690,1,,
22,30,8,283,8693,1,,
22,1,2,283,8693,1,,
367,617,8,155,8695,1,,
367,396,7,155,8695,1,,
233,10,10,287,8707,1,,
11,232,12,155,8711,1,,
160,6,8,279,8714,1,,
242,199,6,155,8721,1,,
214,1383,11,283,8723,1,,
39,33,8,293,8725,1,,
267,204,5,293,8734,1,,
419,224,9,155,8734,1,,
133,1339,7,155,8744,1,,
437,516,9,276,8747,1,,
437,27,7,276,8747,1,,
378,1237,2,218,8751,1,,
378,396,2,155,8751,1,,
349,102,7,293,8757,1,,
424,1487,10,283,8763,1,,
176,82,3,155,8781,1,,
207,1379,9,276,8783,1,,
207,738,4,288,8783,1,,
132,5,7,274,8792,1,,
243,199,3,155,8797,1,,
17,234,12,276,8802,1,,
103,551,7,274,8808,1,,
164,458,7,297,8809,1,,
164,922,5,297,8809,1,,
0,418,2,155,8816,1,,
226,46,10,297,8823,1,,
122,678,8,287,8824,1,,
122,558,7,276,8824,1,,
213,469,4,259,8830,1,,
277,378,2,218,8832,1,,
73,245,5,297,8837,1,,
107,3,7,283,8839,1,,
107,343,2,288,8839,1,,
305,16,2,297,8842,1,,
430,837,10,276,8855,1,,
278,378,2,218,8857,1,,
369,292,6,292,8862,1,,
369,618,9,292,8862,1,,
403,23,7,276,8870,1,,
403,222,2,288,8870,1,,
128,38,6,297,8871,1,,
115,4,8,288,8884,1,,
193,43,2,155,8893,1,,
106,252,1,175,8900,1,,
106,3,8,296,8900,1,,
106,-1,-1,-999,8900,2,two_level_rop,9.0
331,390,2,251,8910,1,,
335,391,8,276,8913,1,,
212,1923,2,155,8920,1,,
212,-1,-1,-999,8920,2,two_level_rop,24.0
441,311,1,292,8921,1,,
441,27,12,292,8921,1,,
441,411,5,304,8921,1,,
24,31,6,287,8930,1,,
330,287,9,272,8933,1,,
126,183,8,292,8943,1,,
126,78,9,299,8943,1,,
37,70,6,276,8945,1,,
41,1587,10,272,8948,1,,
450,314,9,292,8956,1,,
414,61,6,283,8957,1,,
46,540,8,272,8960,1,,
425,512,6,272,8969,1,,
397,503,2,272,8973,1,,
5,65,7,283,8973,1,,
288,50,6,304,8978,1,,
288,769,11,299,8978,1,,
172,191,6,276,8985,1,,
225,9,9,292,8991,1,,
452,112,4,272,8991,1,,
398,503,2,272,8996,1,,
308,1204,7,292,9007,1,,
308,384,4,299,9007,1,,
384,21,5,276,9020,1,,
99,670,6,292,9021,1,,
99,3,4,299,9021,1,,
454,112,12,263,9026,1,,
232,1394,9,299,9038,1,,
232,47,4,299,9038,1,,
83,1312,5,276,9044,1,,
337,100,6,292,9056,1,,
337,19,2,305,9056,1,,
337,789,5,309,9056,1,,
453,315,5,276,9064,1,,
214,196,10,304,9070,1,,
373,1017,9,295,9078,1,,
173,460,2,292,9082,1,,
173,191,6,292,9082,1,,
418,61,4,283,9085,1,,
418,1252,10,301,9085,1,,
399,503,2,272,9096,1,,
399,104,4,295,9096,1,,
399,221,7,302,9096,1,,
375,1019,6,306,9096,1,,
364,616,8,305,9100,1,,
342,55,3,263,9102,1,,
265,49,8,304,9111,1,,
38,33,7,301,9114,1,,
38,1,4,301,9114,1,,
426,26,10,302,9116,1,,
411,505,7,309,9122,1,,
412,106,9,302,9129,1,,
6,529,10,301,9130,1,,
400,503,1,272,9139,1,,
400,104,4,295,9139,1,,
204,368,4,302,9145,1,,
372,103,4,301,9152,1,,
372,21,4,270,9152,1,,
372,396,7,270,9152,1,,
260,141,4,302,9153,1,,
179,362,4,302,9162,1,,
134,1340,1,302,9170,1,,
134,39,2,302,9170,1,,
183,265,1,276,9171,1,,
183,7,6,301,9171,1,,
183,1858,5,270,9171,1,,
289,50,7,305,9183,1,,
154,188,8,270,9185,1,,
182,134,6,299,9192,1,,
77,124,6,301,9196,1,,
130,1337,6,309,9202,1,,
387,104,2,295,9205,1,,
251,588,4,270,9206,1,,
10,651,6,309,9211,1,,
28,861,6,304,9220,1,,
63,1628,2,263,9225,1,,
5,420,5,306,9229,1,,
447,28,6,309,9229,1,,
306,97,4,301,9238,1,,
232,371,7,309,9240,1,,
33,1568,6,304,9249,1,,
104,1699,6,317,9253,1,,
327,1000,3,309,9262,1,,
327,18,3,309,9262,1,,
45,1597,5,304,9270,1,,
308,487,5,309,9278,1,,
352,216,6,315,9278,1,,
305,280,8,317,9280,1,,
384,396,3,270,9286,1,,
261,141,8,315,9290,1,,
445,412,4,317,9292,1,,
353,56,12,294,9306,1,,
184,265,1,276,9310,1,,
462,851,3,301,9318,1,,
26,535,8,303,9323,1,,
181,265,1,276,9328,1,,
180,265,1,276,9338,1,,
328,212,10,313,9339,1,,
328,18,1,313,9339,1,,
225,46,4,313,9348,1,,
225,88,2,313,9348,1,,
385,21,8,318,9349,1,,
179,265,1,276,9361,1,,
273,763,10,313,9362,1,,
342,290,9,318,9362,1,,
7,1524,4,309,9385,1,,
324,285,8,318,9389,1,,
324,53,4,318,9389,1,,
324,18,8,318,9389,1,,
64,71,10,-19,9398,1,,
96,177,5,292,9401,1,,
451,639,8,308,9401,1,,
155,456,3,308,9409,1,,
224,1165,2,309,9411,1,,
40,661,2,292,9415,1,,
72,334,10,-19,9419,1,,
397,824,3,304,9421,1,,
412,302,9,318,9424,1,,
437,636,3,313,9427,1,,
289,770,8,270,9430,1,,
144,80,2,292,9431,1,,
153,456,6,308,9435,1,,
298,2134,7,-19,9441,1,,
349,102,8,308,9449,1,,
398,104,4,-19,9450,1,,
398,159,2,-19,9450,1,,
5,649,5,317,9460,1,,
5,1523,1,-19,9460,1,,
8,650,2,314,9465,1,,
24,31,5,-19,9468,1,,
16,115,8,320,9471,1,,
142,1765,6,-19,9477,1,,
65,71,6,318,9483,1,,
78,1309,6,321,9486,1,,
323,99,10,320,9499,1,,
388,104,2,-19,9517,1,,
429,1038,5,320,9520,1,,
384,620,4,230,9527,1,,
184,1367,8,-19,9529,1,,
458,316,4,230,9534,1,,
180,193,3,309,9535,1,,
191,1373,5,-19,9537,1,,
324,285,6,230,9545,1,,
164,7,7,322,9545,1,,
94,1682,3,230,9551,1,,
182,265,1,276,9553,1,,
182,-1,-1,-999,9553,2,two_level_rop,26.0
6,685,7,325,9556,1,,
434,63,4,322,9563,1,,
394,502,4,230,9571,1,,
185,265,1,276,9574,1,,
208,44,6,325,9575,1,,
60,1620,6,322,9584,1,,
157,81,8,325,9596,1,,
190,1879,10,275,9600,1,,
187,265,1,276,9603,1,,
455,230,6,298,9604,1,,
2,528,6,266,9605,1,,
186,265,1,276,9607,1,,
367,58,6,325,9614,1,,
239,198,4,266,9624,1,,
156,457,4,266,9632,1,,
289,770,12,321,9649,1,,
280,14,9,310,9654,1,,
152,1790,3,275,9655,1,,
328,1001,10,275,9669,1,,
456,230,12,310,9674,1,,
308,149,3,275,9680,1,,
233,1970,8,310,9686,1,,
160,263,3,266,9692,1,,
78,1652,8,290,9694,1,,
322,152,6,329,9698,1,,
236,90,5,286,9703,1,,
259,94,4,329,9707,1,,
163,263,2,266,9708,1,,
329,787,2,310,9713,1,,
348,20,4,329,9723,1,,
260,94,4,329,9732,1,,
7,650,2,314,9739,1,,
323,285,3,230,9740,1,,
87,1313,10,289,9742,1,,
161,263,3,266,9744,1,,
162,263,3,266,9750,1,,
197,43,2,289,9759,1,,
197,136,8,289,9759,1,,
234,474,8,285,9761,1,,
247,11,10,278,9764,1,,
247,91,5,278,9764,1,,
411,403,6,289,9776,1,,
411,223,5,289,9776,1,,
71,244,10,278,9780,1,,
185,1866,3,266,9781,1,,
306,280,10,289,9793,1,,
405,300,5,278,9802,1,,
330,389,8,289,9806,1,,
18,0,10,323,9807,1,,
182,265,1,310,9811,1,,
182,-1,-1,-999,9811,2,two_level_rop,1.0
86,248,7,300,9827,1,,
86,35,7,331,9827,1,,
2,419,6,324,9833,1,,
321,99,2,324,9838,1,,
79,545,7,289,9840,1,,
15,115,5,324,9846,1,,
24,168,5,311,9854,1,,
403,222,2,319,9857,1,,
313,150,12,300,9859,1,,
3,528,8,311,9866,1,,
319,2194,7,289,9871,1,,
204,8,4,311,9874,1,,
406,300,8,332,9877,1,,
158,919,6,319,9886,1,,
76,543,4,289,9893,1,,
76,2,10,334,9893,1,,
97,3,8,326,9898,1,,
186,134,7,289,9905,1,,
317,490,9,326,9911,1,,
22,116,4,334,9922,1,,
22,427,6,331,9922,1,,
4,419,10,326,9925,1,,
208,137,9,331,9937,1,,
157,564,12,144,9937,1,,
354,217,6,289,9948,1,,
25,688,10,144,9959,1,,
412,403,3,289,9960,1,,
412,223,3,289,9960,1,,
120,4,4,326,9966,1,,
120,346,10,328,9966,1,,
183,134,5,289,9970,1,,
288,276,10,144,9973,1,,
433,27,10,328,9980,1,,
265,376,10,144,9988,1,,
194,732,5,289,9990,1,,
94,251,10,328,9997,1,,
200,268,6,144,9999,1,,
200,366,2,144,9999,1,,
299,1421,9,245,10014,1,,
88,35,11,144,10015,1,,
106,252,1,175,10017,1,,
106,3,4,331,10017,1,,
106,-1,-1,-999,10017,2,two_level_rop,5.0
457,1268,10,144,10031,1,,
119,556,12,333,10034,1,,
315,1207,11,336,10034,1,,
128,78,8,144,10045,1,,
195,84,9,333,10047,1,,
78,2,9,336,10047,1,,
63,71,7,144,10058,1,,
72,543,4,289,10060,1,,
99,441,10,271,10061,1,,
231,89,4,331,10067,1,,
450,111,9,336,10074,1,,
61,437,6,111,10077,1,,
61,120,6,111,10077,1,,
117,446,9,219,10082,1,,
402,23,2,326,10088,1,,
402,23,4,336,10088,1,,
402,299,4,328,10088,1,,
7,422,3,289,10088,1,,
316,992,1,111,10094,1,,
316,16,10,337,10094,1,,
0,319,8,271,10100,1,,
77,73,8,271,10112,1,,
317,98,2,331,10117,1,,
86,338,9,337,10121,1,,
216,45,4,331,10123,1,,
118,181,8,245,10124,1,,
198,85,5,111,10136,1,,
198,43,4,111,10136,1,,
182,265,1,276,10137,1,,
182,-1,-1,-999,10137,2,two_level_rop,1.0
260,12,2,333,10144,1,,
253,201,8,326,10145,1,,
226,46,10,337,10152,1,,
44,431,7,328,10163,1,,
282,145,9,111,10168,1,,
89,75,6,271,10172,1,,
102,179,6,111,10179,1,,
431,633,8,271,10184,1,,
47,691,1,333,10192,1,,
47,-1,-1,-999,10192,2,two_level_rop,40.0
464,1272,8,337,10193,1,,
187,1872,6,328,10206,1,,
418,25,6,111,10212,1,,
248,199,6,328,10216,1,,
215,369,10,284,10222,1,,
426,631,6,337,10223,1,,
364,156,6,326,10225,1,,
341,19,1,245,10233,1,,
341,101,4,271,10233,1,,
363,1228,5,337,10234,1,,
16,115,5,144,10251,1,,
283,145,4,336,10261,1,,
46,170,6,335,10266,1,,
63,120,2,111,10269,1,,
63,1088,10,337,10269,1,,
268,596,4,326,10272,1,,
450,520,5,111,10280,1,,
263,375,3,233,10280,1,,
450,-1,-1,-999,10280,2,two_level_rop,81.0
263,-1,-1,-999,10280,2,two_level_rop,43.0
322,18,3,271,10280,1,,
264,375,4,233,10287,1,,
120,557,5,111,10290,1,,
316,779,7,271,10291,1,,
316,-1,-1,-999,10291,2,two_level_rop,82.0
170,1831,3,271,10297,1,,
157,81,4,111,10307,1,,
393,298,2,271,10313,1,,
428,1037,2,328,10321,1,,
260,375,2,233,10328,1,,
101,178,4,111,10330,1,,
106,252,1,175,10334,1,,
106,-1,-1,-999,10334,2,two_level_rop,1.0
461,1270,4,144,10344,1,,
243,1402,4,337,10355,1,,
244,199,2,328,10365,1,,
155,188,12,347,10375,1,,
162,1810,2,326,10377,1,,
434,109,8,171,10388,1,,
97,3,9,347,10390,1,,
308,16,1,337,10394,1,,
282,145,6,252,10397,1,,
418,508,10,171,10411,1,,
110,1708,9,344,10420,1,,
110,126,12,344,10420,1,,
76,73,2,271,10422,1,,
299,278,4,347,10429,1,,
61,243,6,347,10441,1,,
359,57,8,344,10459,1,,
359,500,4,344,10459,1,,
323,152,8,171,10460,1,,
462,1271,6,171,10472,1,,
182,265,1,310,10475,1,,
182,-1,-1,-999,10475,2,two_level_rop,1.0
172,191,1,328,10480,1,,
444,312,12,344,10486,1,,
444,27,7,344,10486,1,,
278,2078,5,171,10493,1,,
181,930,11,348,10497,1,,
430,633,1,271,10500,1,,
430,-1,-1,-999,10500,2,two_level_rop,55.0
147,716,2,344,10503,1,,
147,6,8,344,10503,1,,
246,11,10,344,10519,1,,
89,2,7,348,10522,1,,
89,249,10,348,10522,1,,
406,105,4,344,10535,1,,
406,1480,6,344,10535,1,,
320,995,10,348,10538,1,,
420,405,8,344,10549,1,,
22,235,6,348,10550,1,,
120,346,2,271,10552,1,,
47,691,4,333,10561,1,,
47,1,2,344,10561,1,,
47,-1,-1,-999,10561,2,two_level_rop,6.0
435,308,7,354,10565,1,,
355,613,10,348,10566,1,,
344,215,9,348,10581,1,,
16,0,5,354,10582,1,,
78,885,6,344,10585,1,,
37,70,1,348,10586,1,,
240,1175,1,171,10596,1,,
102,179,6,348,10598,1,,
293,381,5,344,10605,1,,
461,1270,4,171,10608,1,,
461,-1,-1,-999,10608,2,two_level_rop,27.0
90,75,10,356,10614,1,,
314,489,5,344,10616,1,,
241,1175,1,171,10635,1,,
292,277,4,327,10640,1,,
263,2039,2,-46,10641,1,,
450,520,5,111,10646,1,,
242,1175,1,171,10649,1,,
30,32,4,327,10649,1,,
20,167,4,355,10657,1,,
64,1629,9,361,10664,1,,
395,1474,3,344,10681,1,,
232,47,9,361,10689,1,,
356,500,4,344,10694,1,,
347,1008,3,344,10702,1,,
71,122,8,361,10704,1,,
319,388,4,344,10711,1,,
243,1175,1,171,10722,1,,
357,394,8,353,10725,1,,
279,378,2,344,10732,1,,
422,1032,8,239,10736,1,,
86,2,7,346,10753,1,,
86,35,8,346,10753,1,,
63,1305,4,353,10755,1,,
316,779,1,271,10761,1,,
316,2182,6,252,10761,1,,
316,2182,10,171,10761,1,,
335,1441,11,346,10771,1,,
45,431,8,239,10776,1,,
276,974,10,346,10787,1,,
437,1042,4,346,10805,1,,
437,27,8,346,10805,1,,
415,831,2,344,10807,1,,
121,77,5,239,10809,1,,
121,447,2,239,10809,1,,
34,537,7,346,10818,1,,
123,447,6,239,10821,1,,
28,32,2,327,10821,1,,
106,252,1,175,10826,1,,
106,-1,-1,-999,10826,2,two_level_rop,1.0
8,422,8,346,10832,1,,
421,510,8,269,10835,1,,
318,98,6,239,10846,1,,
446,1044,5,239,10857,1,,
220,578,4,346,10860,1,,
220,1163,6,250,10860,1,,
220,8,10,250,10860,1,,
244,1175,1,171,10865,1,,
244,10,2,239,10865,1,,
263,375,1,233,10868,1,,
463,645,6,346,10872,1,,
182,265,1,276,10874,1,,
182,-1,-1,-999,10874,2,two_level_rop,1.0
62,120,5,239,10875,1,,
245,1175,1,171,10880,1,,
432,514,8,346,10886,1,,
430,633,3,271,10888,1,,
326,286,10,360,10911,1,,
326,785,8,360,10911,1,,
414,106,10,366,10916,1,,
246,1175,1,171,10934,1,,
231,89,12,366,10935,1,,
7,422,1,346,10941,1,,
7,66,10,360,10941,1,,
7,0,2,250,10941,1,,
7,685,8,339,10941,1,,
209,740,10,366,10952,1,,
346,55,4,366,10961,1,,
331,287,10,250,10966,1,,
331,100,7,339,10966,1,,
370,293,10,366,10977,1,,
123,679,12,368,10983,1,,
35,537,12,250,10984,1,,
13,322,6,366,10988,1,,
461,1270,2,171,10990,1,,
47,691,4,344,10998,1,,
47,-1,-1,-999,10998,2,two_level_rop,4.0
153,188,5,346,11003,1,,
153,80,7,339,11003,1,,
339,790,4,367,11015,1,,
3,29,11,372,11015,1,,
173,727,4,250,11019,1,,
173,924,6,339,11019,1,,
97,3,4,366,11024,1,,
456,163,12,367,11033,1,,
389,219,12,250,11038,1,,
185,462,10,343,11053,1,,
439,227,2,250,11054,1,,
439,310,8,339,11054,1,,
452,315,12,370,11059,1,,
77,124,9,339,11069,1,,
368,58,9,343,11072,1,,
307,209,1,250,11086,1,,
307,2156,9,250,11086,1,,
263,375,3,361,11087,1,,
263,-1,-1,-999,11087,2,two_level_rop,6.0
143,1135,6,343,11090,1,,
5,1061,4,365,11096,1,,
215,1934,1,339,11101,1,,
215,138,8,339,11101,1,,
338,213,3,365,11104,1,,
257,273,4,343,11110,1,,
100,76,2,250,11115,1,,
100,671,6,250,11115,1,,
415,403,4,343,11122,1,,
136,451,4,339,11135,1,,
136,79,4,339,11135,1,,
343,19,4,343,11141,1,,
256,273,2,343,11148,1,,
417,404,8,339,11149,1,,
262,141,12,375,11159,1,,
374,808,8,250,11163,1,,
106,252,1,175,11165,1,,
106,-1,-1,-999,11165,2,two_level_rop,1.0
288,14,4,375,11168,1,,
180,193,8,250,11177,1,,
181,194,8,375,11182,1,,
164,7,8,376,11189,1,,
422,62,7,250,11190,1,,
344,215,6,375,11200,1,,
206,737,7,250,11203,1,,
362,292,12,377,11208,1,,
316,779,12,381,11219,1,,
227,472,8,377,11228,1,,
289,276,6,381,11231,1,,
192,363,7,383,11243,1,,
370,1458,10,24,11244,1,,
24,326,6,339,11248,1,,
439,517,6,343,11256,1,,
18,115,4,250,11260,1,,
18,0,2,250,11260,1,,
392,23,6,377,11267,1,,
40,1584,6,250,11272,1,,
260,12,10,383,11272,1,,
261,2031,4,371,11282,1,,
440,227,5,250,11282,1,,
110,553,4,371,11291,1,,
271,972,5,346,11292,1,,
47,691,2,344,11302,1,,
448,313,6,371,11302,1,,
129,78,6,339,11304,1,,
80,336,4,346,11313,1,,
234,582,4,250,11322,1,,
256,202,2,339,11331,1,,
147,6,8,369,11336,1,,
423,62,4,369,11345,1,,
360,615,7,330,11348,1,,
86,1668,6,369,11357,1,,
145,352,4,360,11358,1,,
369,157,2,250,11365,1,,
182,194,6,369,11368,1,,
216,1934,1,339,11383,1,,
248,92,10,364,11385,1,,
371,806,10,316,11390,1,,
87,1668,3,369,11393,1,,
288,604,5,316,11401,1,,
48,330,8,364,11413,1,,
206,1912,10,316,11417,1,,
217,1934,1,339,11423,1,,
364,801,6,316,11429,1,,
421,510,4,267,11440,1,,
55,173,10,280,11444,1,,
204,8,11,341,11446,1,,
83,1100,5,364,11454,1,,
83,669,3,364,11454,1,,
109,673,10,341,11462,1,,
189,42,7,364,11467,1,,
15,531,4,316,11471,1,,
290,1196,9,280,11474,1,,
53,434,6,267,11479,1,,
142,129,8,280,11489,1,,
16,687,6,342,11491,1,,
355,102,8,341,11492,1,,
355,217,6,382,11492,1,,
141,1344,10,392,11503,1,,
358,291,9,316,11508,1,,
74,669,3,364,11508,1,,
74,123,8,342,11508,1,,
133,79,3,388,11509,1,,
190,266,6,342,11524,1,,
405,24,9,341,11532,1,,
405,222,8,226,11532,1,,
373,103,6,342,11535,1,,
359,614,5,342,11546,1,,
201,466,8,226,11556,1,,
201,466,8,386,11556,1,,
97,669,2,364,11558,1,,
97,3,1,364,11558,1,,
419,25,6,342,11567,1,,
258,592,3,364,11573,1,,
371,217,6,382,11579,1,,
371,806,10,226,11579,1,,
466,318,5,342,11583,1,,
417,25,2,342,11587,1,,
263,375,2,361,11592,1,,
130,449,7,341,11601,1,,
130,256,8,226,11601,1,,
128,559,7,359,11610,1,,
429,108,2,342,11621,1,,
346,55,6,226,11624,1,,
346,19,9,226,11624,1,,
194,84,12,385,11632,1,,
2,1059,4,385,11639,1,,
2,-1,-1,-999,11639,2,two_level_rop,77.0
428,161,6,341,11642,1,,
428,632,6,226,11642,1,,
54,434,2,267,11644,1,,
226,9,8,352,11650,1,,
208,44,7,382,11660,1,,
208,8,4,226,11660,1,,
169,1828,7,352,11661,1,,
24,1281,1,352,11667,1,,
22,30,10,226,11676,1,,
132,5,8,385,11682,1,,
430,226,12,395,11684,1,,
320,98,1,369,11688,1,,
442,228,5,382,11692,1,,
442,110,5,226,11692,1,,
129,255,8,352,11696,1,,
134,79,7,226,11705,1,,
23,1281,6,352,11707,1,,
192,266,1,342,11708,1,,
59,242,2,352,11714,1,,
64,71,8,340,11725,1,,
64,1,5,340,11725,1,,
195,1375,9,395,11735,1,,
108,343,5,395,11744,1,,
135,79,12,340,11744,1,,
19,0,9,395,11759,1,,
199,366,11,340,11761,1,,
157,81,4,387,11762,1,,
252,964,1,387,11769,1,,
427,306,8,183,11771,1,,
142,129,4,395,11778,1,,
173,727,2,340,11778,1,,
173,359,8,340,11778,1,,
237,1979,8,183,11789,1,,
246,11,6,386,11794,1,,
246,2000,3,340,11794,1,,
29,327,7,183,11800,1,,
368,804,10,340,11811,1,,
300,1422,11,-61,11815,1,,
382,60,2,386,11827,1,,
382,21,4,340,11827,1,,
382,104,4,340,11827,1,,
149,261,8,411,11827,1,,
77,1651,6,386,11839,1,,
175,567,8,-61,11841,1,,
175,7,12,401,11841,1,,
216,45,7,382,11851,1,,
124,680,6,340,11863,1,,
143,129,9,-61,11865,1,,
143,5,7,409,11865,1,,
118,556,6,386,11874,1,,
118,-1,-1,-999,11874,2,two_level_rop,49.0
1,164,8,411,11876,1,,
234,10,10,-61,11879,1,,
420,25,6,226,11885,1,,
148,353,4,291,11889,1,,
392,399,4,341,11897,1,,
392,104,2,340,11897,1,,
21,68,8,401,11905,1,,
21,656,10,401,11905,1,,
190,1878,6,341,11908,1,,
2,1059,6,385,11911,1,,
421,25,6,226,11920,1,,
43,431,4,183,11921,1,,
43,662,6,409,11921,1,,
283,2091,5,382,11930,1,,
16,323,9,-61,11936,1,,
151,354,5,340,11941,1,,
101,550,4,386,11951,1,,
42,662,2,409,11953,1,,
42,118,8,407,11953,1,,
303,148,1,226,11957,1,,
355,1014,4,340,11966,1,,
236,10,2,-61,11967,1,,
236,90,6,409,11967,1,,
333,54,8,-61,11981,1,,
432,1491,2,226,11981,1,,
252,373,4,345,11988,1,,
317,490,7,409,11993,1,,
14,233,7,401,12006,1,,
369,804,1,340,12010,1,,
251,373,8,345,12019,1,,
352,498,8,401,12020,1,,
168,41,5,191,12027,1,,
413,506,7,-61,12032,1,,
324,783,7,191,12038,1,,
106,252,1,175,12038,1,,
106,-1,-1,-999,12038,2,two_level_rop,1.0
128,38,6,-61,12044,1,,
423,107,6,191,12056,1,,
458,643,6,191,12068,1,,
140,185,6,-61,12070,1,,
370,157,6,-61,12080,1,,
384,500,4,398,12081,1,,
384,21,4,398,12081,1,,
267,595,8,191,12082,1,,
285,275,6,-61,12089,1,,
100,342,6,391,12093,1,,
17,323,5,407,12098,1,,
149,455,10,191,12098,1,,
26,535,6,398,12104,1,,
167,41,2,191,12105,1,,
318,781,5,191,12115,1,,
25,428,5,-61,12118,1,,
142,129,9,398,12119,1,,
279,206,8,358,12129,1,,
147,6,10,398,12136,1,,
148,260,4,345,12140,1,,
386,500,3,398,12144,1,,
266,13,4,407,12153,1,,
212,87,6,398,12155,1,,
63,439,4,401,12160,1,,
252,589,10,191,12161,1,,
453,413,2,398,12162,1,,
103,443,4,401,12167,1,,
452,315,5,403,12172,1,,
206,1379,3,358,12174,1,,
331,54,2,358,12185,1,,
9,321,8,413,12186,1,,
290,380,3,183,12188,1,,
104,443,4,401,12201,1,,
91,250,2,191,12207,1,,
49,119,2,409,12211,1,,
329,212,5,338,12215,1,,
329,2222,8,338,12215,1,,
78,545,4,358,12219,1,,
369,500,4,413,12243,1,,
369,292,2,338,12243,1,,
369,157,7,338,12243,1,,
24,1,5,363,12245,1,,
114,127,10,363,12259,1,,
268,596,12,338,12262,1,,
34,328,4,379,12267,1,,
34,117,4,379,12267,1,,
343,792,7,363,12270,1,,
403,222,5,363,12278,1,,
149,912,8,358,12279,1,,
28,428,8,413,12280,1,,
28,235,3,338,12280,1,,
28,32,1,338,12280,1,,
102,179,5,363,12286,1,,
208,8,6,338,12298,1,,
208,44,5,338,12298,1,,
2,0,8,379,12300,1,,
2,419,8,379,12300,1,,
97,3,10,422,12304,1,,
37,32,10,338,12314,1,,
325,784,9,422,12317,1,,
209,137,10,379,12319,1,,
209,86,4,379,12319,1,,
132,5,6,422,12329,1,,
227,46,7,379,12330,1,,
145,80,4,338,12330,1,,
145,352,6,338,12330,1,,
76,696,9,379,12343,1,,
5,685,9,338,12345,1,,
387,817,5,379,12351,1,,
387,-1,-1,-999,12351,2,two_level_rop,40.0
62,332,5,379,12360,1,,
377,59,7,338,12368,1,,
377,810,8,351,12368,1,,
89,548,6,379,12369,1,,
38,169,9,417,12370,1,,
13,322,8,413,12382,1,,
90,249,7,425,12386,1,,
119,128,8,417,12391,1,,
119,128,8,419,12391,1,,
285,483,4,379,12393,1,,
40,237,6,384,12400,1,,
40,430,6,351,12400,1,,
175,132,4,379,12406,1,,
175,-1,-1,-999,12406,2,two_level_rop,46.0
163,358,2,419,12407,1,,
163,6,9,419,12407,1,,
264,760,6,338,12417,1,,
264,12,4,351,12417,1,,
284,602,5,362,12420,1,,
214,1929,11,419,12422,1,,
69,1093,8,384,12431,1,,
431,408,7,419,12433,1,,
302,2144,4,379,12444,1,,
80,246,8,413,12445,1,,
130,4,9,408,12446,1,,
49,119,6,419,12456,1,,
183,134,1,338,12462,1,,
183,42,7,338,12462,1,,
299,278,6,419,12465,1,,
388,218,4,419,12472,1,,
6,529,3,384,12475,1,,
6,66,4,351,12475,1,,
256,48,3,422,12478,1,,
23,116,5,419,12486,1,,
286,483,2,379,12486,1,,
118,556,4,386,12489,1,,
118,253,4,351,12489,1,,
389,22,7,404,12502,1,,
344,215,4,379,12511,1,,
133,79,6,404,12515,1,,
184,42,4,379,12518,1,,
204,137,1,379,12522,1,,
270,205,7,338,12528,1,,
103,179,3,363,12532,1,,
235,954,5,338,12548,1,,
257,11,9,428,12553,1,,
174,264,9,373,12556,1,,
306,383,4,404,12558,1,,
173,132,2,379,12563,1,,
24,31,4,413,12567,1,,
172,132,1,379,12569,1,,
159,458,9,402,12571,1,,
280,766,6,351,12579,1,,
437,410,7,402,12581,1,,
401,1246,4,404,12588,1,,
297,15,9,402,12594,1,,
110,553,4,384,12599,1,,
392,23,4,402,12601,1,,
4,529,3,384,12610,1,,
89,35,4,402,12615,1,,
89,35,6,430,12615,1,,
38,70,6,402,12625,1,,
263,375,2,338,12625,1,,
263,-1,-1,-999,12626,2,two_level_rop,4.0
265,760,2,338,12632,1,,
453,413,8,402,12636,1,,
198,465,3,338,12640,1,,
320,284,4,402,12643,1,,
387,817,3,379,12647,1,,
11,232,3,351,12648,1,,
40,1,12,432,12662,1,,
40,1292,2,432,12662,1,,
97,3,4,430,12679,1,,
97,177,8,432,12679,1,,
44,662,6,394,12686,1,,
402,1246,2,404,12690,1,,
143,1766,11,394,12703,1,,
432,1491,3,437,12717,1,,
85,440,8,432,12724,1,,
85,1102,8,429,12724,1,,
160,1805,2,351,12724,1,,
294,277,5,394,12725,1,,
294,773,10,394,12725,1,,
195,364,7,394,12738,1,,
29,32,1,338,12740,1,,
293,51,8,436,12743,1,,
293,381,6,429,12743,1,,
275,95,8,437,12754,1,,
447,64,8,430,12754,1,,
388,22,10,394,12755,1,,
175,132,1,379,12760,1,,
130,39,2,437,12766,1,,
232,47,7,429,12766,1,,
393,399,5,394,12770,1,,
267,204,6,436,12776,1,,
430,108,8,435,12782,1,,
117,1718,6,436,12785,1,,
174,925,9,427,12785,1,,
159,1805,2,351,12788,1,,
335,391,1,437,12794,1,,
132,257,6,430,12800,1,,
132,350,4,432,12800,1,,
22,30,3,435,12802,1,,
399,159,5,432,12810,1,,
144,80,5,436,12830,1,,
176,7,4,432,12841,1,,
176,133,1,432,12841,1,,
265,49,6,426,12849,1,,
272,2064,6,380,12857,1,,
79,2,11,438,12858,1,,
361,155,5,432,12869,1,,
458,316,10,380,12874,1,,
263,375,2,338,12875,1,,
233,47,6,426,12887,1,,
206,137,8,380,12888,1,,
225,9,6,412,12895,1,,
225,270,8,412,12895,1,,
133,257,7,412,12911,1,,
133,79,5,412,12911,1,,
299,147,8,380,12915,1,,
299,278,11,380,12915,1,,
333,493,10,412,12926,1,,
24,68,10,380,12934,1,,
24,534,2,380,12934,1,,
15,166,8,412,12937,1,,
228,89,2,446,12939,1,,
464,417,6,380,12945,1,,
359,57,6,393,12946,1,,
191,1881,8,412,12958,1,,
392,23,8,380,12959,1,,
258,140,5,380,12969,1,,
232,47,12,444,12969,1,,
172,191,8,412,12970,1,,
243,958,6,412,12979,1,,
71,122,7,380,12982,1,,
73,2,6,444,12986,1,,
349,102,9,442,12992,1,,
72,122,8,434,12995,1,,
216,1385,8,405,13004,1,,
306,383,7,349,13013,1,,
226,9,8,433,13015,1,,
456,28,9,282,13017,1,,
456,524,3,282,13017,1,,
456,163,2,282,13017,1,,
227,9,8,349,13027,1,,
44,118,2,380,13033,1,,
44,1,4,282,13033,1,,
44,329,4,282,13033,1,,
6,66,4,349,13036,1,,
230,473,3,349,13044,1,,
427,1036,8,282,13047,1,,
420,509,6,349,13056,1,,
70,121,3,380,13063,1,,
70,244,5,282,13063,1,,
56,666,6,349,13067,1,,
236,10,7,405,13067,1,,
32,536,5,412,13076,1,,
421,224,4,431,13076,1,,
218,45,8,282,13077,1,,
143,186,4,412,13082,1,,
387,22,4,349,13085,1,,
422,25,6,433,13092,1,,
105,1700,6,282,13095,1,,
57,173,6,282,13107,1,,
21,167,12,406,13112,1,,
239,10,8,396,13118,1,,
239,198,5,396,13118,1,,
16,166,3,380,13122,1,,
16,0,1,282,13122,1,,
225,9,8,396,13130,1,,
140,185,4,282,13136,1,,
124,78,10,396,13144,1,,
175,132,4,282,13147,1,,
59,174,12,406,13152,1,,
89,176,7,396,13154,1,,
452,112,10,440,13165,1,,
116,4,10,350,13168,1,,
388,22,10,406,13171,1,,
81,247,8,350,13180,1,,
290,146,8,440,13193,1,,
228,46,9,350,13194,1,,
151,914,6,406,13197,1,,
151,130,4,406,13197,1,,
438,516,4,380,13200,1,,
198,1377,7,350,13204,1,,
40,1,6,440,13212,1,,
40,539,2,440,13212,1,,
153,130,4,406,13214,1,,
153,355,6,406,13214,1,,
257,140,3,380,13226,1,,
34,537,10,406,13230,1,,
72,244,3,282,13237,1,,
114,3,5,396,13240,1,,
114,77,2,307,13240,1,,
114,445,10,307,13240,1,,
114,344,6,307,13240,1,,
233,473,5,349,13240,1,,
109,343,5,406,13250,1,,
156,457,5,396,13252,1,,
156,130,4,307,13252,1,,
251,588,3,282,13253,1,,
176,133,2,380,13264,1,,
424,25,1,433,13264,1,,
424,107,3,396,13264,1,,
424,835,4,350,13264,1,,
110,37,8,453,13264,1,,
380,295,9,307,13277,1,,
18,234,8,423,13278,1,,
9,1528,2,380,13278,1,,
172,359,5,396,13290,1,,
172,566,4,307,13290,1,,
226,9,2,380,13291,1,,
85,1665,9,453,13293,1,,
199,85,7,307,13303,1,,
256,11,4,406,13305,1,,
247,751,6,307,13329,1,,
430,108,4,423,13334,1,,
37,660,6,396,13339,1,,
313,52,3,406,13342,1,,
242,749,6,454,13344,1,,
117,77,6,307,13348,1,,
46,170,2,406,13351,1,,
56,173,6,350,13357,1,,
11,686,2,453,13359,1,,
175,191,6,454,13366,1,,
175,567,11,454,13366,1,,
160,130,2,406,13368,1,,
277,599,7,350,13368,1,,
73,245,10,454,13381,1,,
47,170,7,397,13382,1,,
450,1504,6,350,13399,1,,
238,955,8,457,13401,1,,
238,10,7,457,13401,1,,
463,416,5,396,13407,1,,
259,479,4,307,13414,1,,
434,109,10,457,13415,1,,
403,624,6,396,13423,1,,
316,53,6,457,13424,1,,
315,283,3,400,13430,1,,
22,30,4,396,13430,1,,
182,265,1,405,13436,1,,
182,1366,3,396,13436,1,,
182,-1,-1,-999,13437,2,two_level_rop,10.0
217,1385,2,405,13443,1,,
217,8,2,350,13443,1,,
103,179,5,455,13446,1,,
86,74,3,307,13449,1,,
118,556,8,455,13461,1,,
118,-1,-1,-999,13462,2,two_level_rop,16.0
16,532,1,396,13470,1,,
16,654,2,396,13470,1,,
306,16,6,455,13473,1,,
256,479,2,307,13475,1,,
119,77,9,389,13488,1,,
280,378,2,307,13491,1,,
319,17,6,462,13499,1,,
319,284,7,462,13499,1,,
61,1624,6,389,13500,1,,
279,206,8,462,13511,1,,
415,61,6,462,13520,1,,
106,36,4,452,13530,1,,
106,252,1,452,13530,1,,
106,180,9,452,13530,1,,
106,76,8,452,13530,1,,
106,-1,-1,-999,13531,2,two_level_rop,22.0
3,1519,5,462,13536,1,,
104,897,4,455,13539,1,,
281,378,2,307,13543,1,,
105,180,6,462,13545,1,,
175,265,1,405,13546,1,,
307,97,3,462,13551,1,,
282,378,2,307,13551,1,,
278,144,10,452,13556,1,,
416,61,1,462,13573,1,,
25,31,4,452,13574,1,,
25,168,8,452,13574,1,,
313,52,5,448,13586,1,,
277,205,7,447,13588,1,,
277,144,1,447,13588,1,,
261,12,10,390,13591,1,,
2,231,6,448,13596,1,,
450,520,6,399,13597,1,,
128,448,8,456,13607,1,,
260,12,12,452,13609,1,,
129,4,4,448,13614,1,,
5,420,7,447,13619,1,,
176,1363,5,447,13628,1,,
231,370,5,452,13642,1,,
231,10,3,452,13642,1,,
31,32,4,448,13656,1,,
31,-1,-1,-999,13656,2,two_level_rop,98.0
219,1939,8,390,13656,1,,
9,231,2,448,13662,1,,
9,0,2,456,13662,1,,
4,855,8,471,13670,1,,
424,225,8,456,13679,1,,
280,144,9,447,13681,1,,
316,2183,8,452,13684,1,,
339,154,6,456,13689,1,,
12,0,3,456,13694,1,,
154,916,6,452,13696,1,,
35,32,2,448,13699,1,,
266,13,8,471,13710,1,,
182,265,1,405,13715,1,,
182,-1,-1,-999,13715,2,two_level_rop,1.0
82,1660,2,448,13721,1,,
303,148,8,471,13723,1,,
47,1599,6,452,13735,1,,
63,120,9,421,13735,1,,
347,55,6,452,13747,1,,
317,283,9,421,13748,1,,
215,87,6,471,13758,1,,
338,154,2,456,13759,1,,
184,570,10,421,13762,1,,
32,32,1,448,13765,1,,
34,32,1,448,13771,1,,
10,0,2,421,13774,1,,
10,114,6,421,13774,1,,
185,731,3,421,13789,1,,
258,1180,5,390,13796,1,,
25,1552,2,396,13796,1,,
3,0,1,421,13804,1,,
5,420,6,452,13807,1,,
183,570,1,421,13811,1,,
80,2,6,421,13823,1,,
22,235,4,471,13836,1,,
426,631,4,471,13845,1,,
105,443,4,390,13854,1,,
452,112,3,471,13862,1,,
440,227,11,469,13869,1,,
350,56,4,452,13871,1,,
329,1001,4,452,13880,1,,
186,571,8,469,13883,1,,
33,536,10,482,13888,1,,
239,10,1,452,13889,1,,
239,198,3,390,13889,1,,
209,44,4,469,13892,1,,
433,1040,3,452,13897,1,,
316,779,9,462,13904,1,,
165,131,2,390,13904,1,,
314,1206,10,482,13920,1,,
422,406,7,482,13932,1,,
214,1159,4,482,13942,1,,
106,443,2,390,13952,1,,
437,1042,11,443,13955,1,,
322,18,10,482,13958,1,,
187,194,4,443,13964,1,,
278,1186,2,482,13965,1,,
384,295,4,443,13973,1,,
327,153,12,451,13975,1,,
224,8,8,481,13978,1,,
444,839,2,451,13982,1,,
252,589,2,482,13985,1,,
248,1176,2,390,13989,1,,
97,3,4,482,13994,1,,
20,167,8,476,14003,1,,
118,556,1,455,14008,1,,
290,605,8,477,14013,1,,
80,336,8,469,14013,1,,
166,131,6,476,14023,1,,
223,1165,6,477,14024,1,,
182,265,1,405,14026,1,,
182,570,1,421,14026,1,,
182,-1,-1,-999,14026,2,two_level_rop,2.0
380,812,5,476,14033,1,,
356,613,11,477,14042,1,,
130,39,2,477,14049,1,,
192,42,1,477,14054,1,,
312,149,8,485,14061,1,,
352,56,3,450,14065,1,,
59,174,11,485,14079,1,,
14,233,3,450,14081,1,,
337,392,8,378,14091,1,,
409,105,6,439,14102,1,,
267,13,11,378,14120,1,,
288,207,5,458,14122,1,,
183,1147,4,467,14126,1,,
165,922,8,378,14134,1,,
227,948,10,467,14145,1,,
116,127,6,378,14145,1,,
390,297,6,458,14156,1,,
424,511,8,467,14159,1,,
349,392,3,378,14165,1,,
349,20,10,484,14165,1,,
160,357,4,378,14174,1,,
289,1416,11,357,14176,1,,
313,2175,8,378,14188,1,,
373,396,5,357,14194,1,,
373,158,6,357,14194,1,,
408,105,4,378,14197,1,,
344,793,10,441,14207,1,,
91,36,4,357,14210,1,,
91,548,6,357,14210,1,,
407,24,11,484,14214,1,,
151,914,7,441,14218,1,,
180,83,10,357,14226,1,,
18,115,7,483,14227,1,,
276,95,10,441,14235,1,,
24,534,8,357,14240,1,,
51,172,10,441,14249,1,,
206,1911,10,357,14257,1,,
78,545,10,441,14266,1,,
54,240,6,416,14268,1,,
25,1,6,484,14270,1,,
2,165,6,441,14277,1,,
378,811,6,484,14279,1,,
53,1613,8,357,14282,1,,
328,100,7,441,14290,1,,
49,119,6,468,14301,1,,
260,141,5,483,14304,1,,
423,25,6,441,14313,1,,
92,548,6,357,14316,1,,
467,1518,5,483,14324,1,,
467,29,10,494,14324,1,,
322,99,6,441,14324,1,,
314,150,5,483,14332,1,,
104,180,4,483,14339,1,,
154,563,5,357,14341,1,,
19,1542,12,464,14343,1,,
38,33,4,494,14346,1,,
308,51,4,357,14351,1,,
161,357,3,378,14351,1,,
161,-1,-1,-999,14351,2,two_level_rop,51.0
347,1008,5,483,14359,1,,
340,154,6,357,14362,1,,
162,357,2,378,14364,1,,
224,88,6,357,14374,1,,
418,508,3,378,14383,1,,
193,364,4,441,14384,1,,
119,1332,4,441,14392,1,,
59,668,3,357,14400,1,,
341,101,6,464,14401,1,,
257,2024,2,441,14405,1,,
96,36,2,357,14406,1,,
285,767,4,357,14416,1,,
182,265,1,405,14421,1,,
182,-1,-1,-999,14421,2,two_level_rop,1.0
424,25,2,441,14422,1,,
121,1332,1,441,14435,1,,
33,69,1,494,14436,1,,
77,544,1,494,14441,1,,
39,169,10,502,14456,1,,
194,1148,8,410,14460,1,,
194,43,8,410,14460,1,,
91,1676,6,460,14468,1,,
91,176,10,475,14468,1,,
384,60,10,500,14472,1,,
251,588,10,410,14474,1,,
54,664,6,460,14479,1,,
330,100,8,500,14484,1,,
255,374,8,410,14486,1,,
163,189,6,500,14498,1,,
87,175,10,410,14500,1,,
164,189,5,500,14506,1,,
17,424,7,410,14510,1,,
60,174,10,500,14521,1,,
177,192,7,410,14525,1,,
154,1798,10,410,14539,1,,
201,466,10,492,14544,1,,
24,1,10,492,14558,1,,
120,4,5,410,14561,1,,
120,38,4,414,14561,1,,
218,197,4,492,14571,1,,
65,121,8,470,14575,1,,
9,422,6,492,14581,1,,
304,279,2,492,14587,1,,
394,622,11,414,14593,1,,
49,541,5,479,14600,1,,
265,142,9,492,14602,1,,
340,289,10,410,14609,1,,
140,1134,10,479,14621,1,,
140,39,4,479,14621,1,,
254,202,8,414,14623,1,,
96,1686,6,502,14624,1,,
348,216,6,479,14632,1,,
313,150,8,414,14637,1,,
210,137,4,479,14641,1,,
347,216,1,479,14647,1,,
335,1441,2,479,14654,1,,
446,412,4,498,14663,1,,
153,355,7,470,14670,1,,
88,74,6,479,14674,1,,
31,689,6,414,14679,1,,
161,357,4,357,14683,1,,
219,45,6,503,14687,1,,
10,1529,7,414,14690,1,,
343,55,3,498,14691,1,,
217,197,2,492,14692,1,,
341,55,2,498,14698,1,,
385,396,6,414,14699,1,,
194,1889,6,414,14708,1,,
342,290,7,503,14713,1,,
227,1167,6,414,14718,1,,
56,173,6,414,14727,1,,
266,142,7,507,14732,1,,
435,308,2,470,14736,1,,
435,1494,4,470,14736,1,,
182,265,1,405,14741,1,,
182,-1,-1,-999,14741,2,two_level_rop,1.0
387,22,4,470,14743,1,,
345,55,1,498,14746,1,,
439,517,7,507,14750,1,,
312,991,4,470,14758,1,,
216,87,6,507,14759,1,,
424,25,3,507,14765,1,,
218,87,6,507,14789,1,,
457,230,4,414,14792,1,,
47,869,3,507,14795,1,,
299,278,3,414,14797,1,,
64,71,8,506,14801,1,,
128,38,4,507,14802,1,,
80,886,4,410,14805,1,,
121,254,8,506,14813,1,,
87,1668,3,507,14814,1,,
226,9,7,506,14823,1,,
16,424,1,410,14827,1,,
338,19,7,506,14834,1,,
109,37,2,507,14840,1,,
284,207,12,506,14850,1,,
348,55,2,470,14863,1,,
65,71,5,511,14863,1,,
131,4,8,486,14873,1,,
131,39,7,486,14873,1,,
169,41,5,506,14882,1,,
452,112,10,514,14892,1,,
90,548,2,410,14896,1,,
90,-1,-1,-999,14897,2,two_level_rop,40.0
276,95,11,486,14899,1,,
275,95,2,514,14906,1,,
132,257,7,486,14912,1,,
343,214,5,410,14916,1,,
439,517,8,511,14919,1,,
53,1084,7,513,14926,1,,
364,58,5,514,14928,1,,
62,120,7,486,14935,1,,
62,34,8,517,14935,1,,
388,398,6,513,14938,1,,
130,4,3,513,14945,1,,
129,38,11,514,14945,1,,
411,25,1,507,14951,1,,
411,-1,-1,-999,14951,2,two_level_rop,43.0
81,2,8,513,14959,1,,
190,933,5,514,14961,1,,
413,25,1,507,14967,1,,
61,34,1,517,14967,1,,
61,693,10,517,14967,1,,
61,243,6,478,14967,1,,
61,174,6,478,14967,1,,
2,0,4,513,14968,1,,
450,314,6,513,14979,1,,
417,25,1,507,14982,1,,
119,677,12,517,14986,1,,
4,0,4,513,14988,1,,
161,357,1,378,14993,1,,
14,67,8,478,14999,1,,
23,168,3,513,15013,1,,
55,665,10,478,15016,1,,
414,223,5,486,15026,1,,
98,36,8,520,15033,1,,
332,100,7,517,15039,1,,
106,252,1,507,15043,1,,
106,-1,-1,-999,15043,2,two_level_rop,3.0
458,316,5,478,15049,1,,
301,208,5,486,15059,1,,
183,42,5,490,15074,1,,
410,223,2,486,15080,1,,
128,128,6,520,15085,1,,
60,120,1,486,15090,1,,
459,230,11,461,15092,1,,
80,886,6,520,15097,1,,
182,265,1,506,15100,1,,
182,41,2,506,15100,1,,
182,-1,-1,-999,15100,2,two_level_rop,3.0
22,235,4,490,15101,1,,
91,699,3,510,15104,1,,
3,0,2,513,15112,1,,
363,58,2,478,15120,1,,
199,194,7,519,15122,1,,
199,575,6,519,15122,1,,
302,208,1,486,15123,1,,
53,1299,3,510,15125,1,,
358,395,3,519,15129,1,,
132,5,4,461,15139,1,,
285,275,5,524,15149,1,,
412,302,8,461,15152,1,,
197,575,2,519,15159,1,,
315,283,10,524,15163,1,,
42,690,4,519,15168,1,,
43,690,2,519,15175,1,,
350,20,12,524,15180,1,,
263,274,7,524,15190,1,,
222,745,8,495,15196,1,,
116,675,4,524,15197,1,,
413,302,4,461,15197,1,,
224,139,3,524,15203,1,,
390,820,6,495,15208,1,,
57,173,4,495,15217,1,,
411,25,2,507,15225,1,,
44,118,7,495,15230,1,,
152,354,10,463,15248,1,,
201,576,5,496,15254,1,,
193,43,10,449,15257,1,,
75,1307,8,463,15262,1,,
25,31,1,495,15268,1,,
309,16,8,496,15270,1,,
165,190,3,496,15277,1,,
133,39,9,449,15282,1,,
133,5,8,449,15282,1,,
162,921,7,449,15295,1,,
202,576,3,496,15295,1,,
202,268,10,374,15295,1,,
387,22,12,463,15299,1,,
387,817,10,463,15299,1,,
387,-1,-1,-999,15299,2,two_level_rop,33.0
346,101,2,495,15305,1,,
293,51,7,449,15309,1,,
31,659,9,374,15309,1,,
433,1040,10,374,15323,1,,
330,153,6,463,15329,1,,
330,492,10,463,15329,1,,
175,82,4,449,15333,1,,
260,12,12,374,15340,1,,
264,594,5,449,15344,1,,
112,3,8,497,15349,1,,
112,554,5,497,15349,1,,
189,932,4,449,15353,1,,
459,643,9,374,15353,1,,
237,90,7,374,15364,1,,
134,184,8,521,15367,1,,
215,1933,6,374,15373,1,,
144,80,10,497,15374,1,,
256,11,5,449,15377,1,,
395,298,4,374,15380,1,,
41,237,6,497,15391,1,,
9,685,2,449,15402,1,,
9,1063,4,465,15402,1,,
319,17,7,463,15404,1,,
292,277,5,465,15412,1,,
223,370,8,463,15418,1,,
396,298,4,374,15426,1,,
249,200,3,521,15426,1,,
249,587,5,521,15426,1,,
414,403,6,497,15430,1,,
397,298,3,374,15432,1,,
182,265,1,506,15440,1,,
182,41,4,374,15440,1,,
182,-1,-1,-999,15440,2,two_level_rop,5.0
208,44,2,497,15441,1,,
208,44,4,463,15441,1,,
83,175,5,465,15454,1,,
90,548,6,497,15454,1,,
90,-1,-1,-999,15454,2,two_level_rop,6.0
225,46,5,521,15465,1,,
320,17,2,496,15465,1,,
84,175,3,465,15473,1,,
407,403,2,497,15473,1,,
407,222,10,493,15473,1,,
118,345,5,497,15483,1,,
16,424,1,496,15486,1,,
16,-1,-1,-999,15486,2,two_level_rop,87.0
321,17,8,493,15497,1,,
429,226,4,497,15507,1,,
341,154,3,465,15508,1,,
175,132,3,521,15516,1,,
175,-1,-1,-999,15516,2,two_level_rop,30.0
384,295,2,449,15522,1,,
31,32,7,459,15528,1,,
358,291,4,463,15529,1,,
0,684,1,449,15529,1,,
423,834,3,463,15537,1,,
251,200,3,521,15537,1,,
448,111,2,521,15544,1,,
159,721,3,463,15545,1,,
452,1264,2,465,15551,1,,
26,1,5,536,15558,1,,
235,90,2,497,15558,1,,
199,1901,1,497,15568,1,,
454,847,3,536,15578,1,,
454,229,5,536,15578,1,,
425,26,5,535,15578,1,,
88,1669,4,516,15585,1,,
453,112,8,516,15597,1,,
449,228,10,525,15607,1,,
7,320,6,516,15611,1,,
7,422,4,516,15611,1,,
195,364,5,525,15618,1,,
10,321,6,516,15626,1,,
193,364,1,525,15632,1,,
121,1726,4,525,15641,1,,
426,26,8,501,15643,1,,
2,320,2,516,15648,1,,
442,228,5,522,15652,1,,
359,57,4,529,15661,1,,
323,285,4,501,15663,1,,
323,-1,-1,-999,15663,2,two_level_rop,58.0
1,646,2,501,15670,1,,
164,7,6,529,15673,1,,
95,125,1,522,15678,1,,
95,-1,-1,-999,15678,2,two_level_rop,37.0
217,45,4,501,15683,1,,
47,691,2,529,15685,1,,
47,-1,-1,-999,15685,2,two_level_rop,20.0
261,12,8,534,15697,1,,
260,12,4,537,15706,1,,
224,88,8,488,15729,1,,
119,128,8,534,15731,1,,
119,37,9,534,15731,1,,
141,351,8,488,15743,1,,
45,868,7,534,15744,1,,
78,1653,8,488,15757,1,,
427,1256,8,534,15758,1,,
159,81,7,540,15760,1,,
159,458,9,540,15760,1,,
128,128,2,534,15764,1,,
455,112,9,488,15772,1,,
118,77,9,540,15777,1,,
182,265,1,506,15777,1,,
182,-1,-1,-999,15778,2,two_level_rop,1.0
465,853,4,540,15786,1,,
220,45,7,488,15790,1,,
142,351,2,488,15797,1,,
0,853,8,540,15800,1,,
425,630,1,532,15806,1,,
219,8,5,540,15811,1,,
225,139,8,532,15820,1,,
360,615,11,540,15828,1,,
262,12,3,532,15828,1,,
187,1370,2,540,15838,1,,
177,192,11,532,15846,1,,
98,1320,3,540,15849,1,,
422,305,9,544,15858,1,,
90,125,1,522,15862,1,,
90,-1,-1,-999,15862,2,two_level_rop,1.0
423,629,4,545,15867,1,,
240,273,4,545,15876,1,,
316,150,2,544,15890,1,,
316,53,6,544,15890,1,,
16,424,4,496,15895,1,,
63,34,6,544,15901,1,,
175,265,1,506,15910,1,,
424,107,7,515,15914,1,,
130,256,8,515,15928,1,,
204,86,6,544,15939,1,,
15,0,4,509,15945,1,,
131,4,5,544,15950,1,,
87,35,6,541,15951,1,,
256,93,5,531,15955,1,,
283,1413,6,515,15961,1,,
5,0,4,509,15964,1,,
387,817,6,515,15973,1,,
17,0,4,531,15974,1,,
3,0,1,509,15979,1,,
19,0,3,531,15987,1,,
282,145,4,541,15989,1,,
8,0,1,531,15992,1,,
85,2,6,515,15994,1,,
6,0,1,531,15998,1,,
433,63,3,504,16011,1,,
433,108,8,504,16011,1,,
95,125,1,522,16012,1,,
11,0,1,531,16012,1,,
445,111,6,515,16023,1,,
251,93,11,539,16033,1,,
339,1444,8,504,16037,1,,
47,691,4,529,16046,1,,
47,-1,-1,-999,16046,2,two_level_rop,4.0
124,447,6,515,16048,1,,
338,288,8,281,16076,1,,
338,100,12,281,16076,1,,
182,265,1,506,16082,1,,
182,-1,-1,-999,16082,2,two_level_rop,1.0
154,1142,4,515,16085,1,,
444,312,2,526,16088,1,,
358,395,4,515,16094,1,,
38,33,7,549,16100,1,,
191,1373,4,526,16102,1,,
118,181,10,281,16111,1,,
16,0,12,549,16119,1,,
250,478,4,526,16123,1,,
24,31,12,281,16130,1,,
5,529,6,549,16130,1,,
5,-1,-1,-999,16130,2,two_level_rop,93.0
51,172,4,526,16132,1,,
206,195,4,515,16139,1,,
174,1840,5,549,16141,1,,
360,291,10,445,16149,1,,
359,395,10,281,16155,1,,
312,488,10,526,16165,1,,
239,47,4,281,16171,1,,
239,475,6,281,16171,1,,
90,125,1,522,16176,1,,
90,-1,-1,-999,16176,2,two_level_rop,1.0
343,1447,10,445,16181,1,,
143,351,8,281,16189,1,,
50,119,8,445,16195,1,,
260,12,6,281,16205,1,,
311,281,8,445,16209,1,,
434,63,3,504,16219,1,,
434,162,4,281,16219,1,,
87,2,12,561,16219,1,,
146,352,9,518,16224,1,,
430,162,4,281,16225,1,,
31,69,3,281,16231,1,,
316,53,10,561,16235,1,,
464,417,8,281,16243,1,,
308,97,8,518,16247,1,,
125,447,2,515,16256,1,,
267,142,7,445,16260,1,,
160,1143,2,281,16260,1,,
159,1143,2,281,16268,1,,
170,41,5,445,16270,1,,
65,71,7,518,16283,1,,
341,101,5,518,16293,1,,
256,93,2,281,16297,1,,
411,1028,4,518,16302,1,,
431,162,2,281,16313,1,,
145,186,9,546,16317,1,,
265,760,2,564,16317,1,,
158,262,2,564,16323,1,,
260,12,5,565,16330,1,,
142,351,1,281,16334,1,,
268,142,12,546,16336,1,,
66,2,1,281,16338,1,,
32,69,4,445,16345,1,,
432,108,4,565,16345,1,,
133,79,4,565,16352,1,,
115,253,4,445,16354,1,,
116,253,4,445,16363,1,,
199,1378,11,565,16368,1,,
401,503,2,445,16370,1,,
213,743,4,565,16378,1,,
182,265,1,506,16380,1,,
182,41,2,445,16380,1,,
182,-1,-1,-999,16380,2,two_level_rop,3.0
402,503,2,445,16389,1,,
351,611,2,445,16396,1,,
403,503,2,445,16402,1,,
5,529,6,549,16414,1,,
114,253,2,445,16417,1,,
114,344,7,560,16417,1,,
289,2107,12,466,16419,1,,
132,5,5,466,16427,1,,
90,125,1,522,16439,1,,
90,-1,-1,-999,16439,2,two_level_rop,1.0
38,169,12,572,16444,1,,
215,369,2,560,16444,1,,
288,14,9,558,16457,1,,
171,41,5,567,16465,1,,
167,41,2,567,16472,1,,
198,136,5,466,16474,1,,
422,62,6,572,16486,1,,
21,167,8,553,16492,1,,
2,1059,4,572,16495,1,,
2,-1,-1,-999,16495,2,two_level_rop,44.0
452,640,10,553,16508,1,,
284,207,12,572,16513,1,,
226,46,2,466,16520,1,,
89,249,10,553,16525,1,,
219,197,4,572,16529,1,,
264,142,4,553,16534,1,,
260,12,4,572,16538,1,,
75,882,10,576,16541,1,,
287,146,6,553,16545,1,,
347,19,3,553,16553,1,,
220,197,4,572,16559,1,,
194,574,9,576,16563,1,,
194,7,6,576,16563,1,,
248,140,2,553,16564,1,,
217,197,1,572,16567,1,,
290,50,8,576,16577,1,,
384,60,2,572,16589,1,,
308,384,7,576,16590,1,,
157,81,7,576,16603,1,,
205,8,8,578,16603,1,,
91,250,8,576,16617,1,,
453,112,4,576,16626,1,,
141,1134,6,578,16629,1,,
201,85,11,538,16643,1,,
314,992,8,579,16657,1,,
90,125,1,522,16669,1,,
90,-1,-1,-999,16669,2,two_level_rop,1.0
200,85,7,576,16670,1,,
307,280,8,579,16684,1,,
291,2113,10,114,16685,1,,
206,577,6,582,16688,1,,
59,242,6,538,16695,1,,
171,1834,4,572,16700,1,,
313,282,8,538,16709,1,,
2,1059,7,572,16713,1,,
165,131,4,538,16718,1,,
280,206,2,578,16720,1,,
35,1574,4,579,16731,1,,
35,117,3,538,16731,1,,
64,120,8,559,16739,1,,
74,123,5,579,16741,1,,
283,145,3,538,16749,1,,
3,647,9,559,16752,1,,
312,281,2,579,16755,1,,
438,27,3,579,16763,1,,
228,580,4,117,16767,1,,
228,89,10,117,16767,1,,
203,367,8,559,16776,1,,
223,1388,10,580,16780,1,,
123,679,10,117,16783,1,,
26,1,9,580,16795,1,,
207,195,8,117,16797,1,,
182,265,1,506,16800,1,,
182,-1,-1,-999,16800,2,two_level_rop,1.0
408,301,6,117,16808,1,,
43,1592,2,559,16815,1,,
354,499,8,117,16822,1,,
199,136,6,117,16834,1,,
72,244,9,580,16836,1,,
442,228,5,117,16844,1,,
107,443,4,117,16853,1,,
24,326,2,117,16860,1,,
31,168,7,530,16863,1,,
31,69,11,530,16863,1,,
106,443,4,117,16869,1,,
111,674,8,530,16877,1,,
62,332,5,117,16879,1,,
69,244,1,580,16888,1,,
308,280,8,530,16889,1,,
284,145,5,580,16901,1,,
447,313,10,530,16904,1,,
258,592,10,487,16917,1,,
41,1079,11,530,16921,1,,
122,254,10,480,16934,1,,
342,214,12,530,16940,1,,
310,149,10,480,16950,1,,
132,5,7,585,16952,1,,
282,1190,2,117,16958,1,,
108,443,2,117,16969,1,,
317,53,6,530,16973,1,,
317,16,8,585,16973,1,,
288,276,9,480,16976,1,,
288,95,9,480,16976,1,,
349,216,5,530,16984,1,,
90,125,1,522,16991,1,,
90,-1,-1,-999,16992,2,two_level_rop,1.0
211,138,10,480,16992,1,,
377,294,5,530,16994,1,,
443,110,8,480,17006,1,,
448,313,2,530,17009,1,,
448,842,7,584,17009,1,,
149,261,8,480,17020,1,,
133,79,6,584,17033,1,,
133,39,10,584,17033,1,,
34,1287,9,480,17035,1,,
203,367,9,530,17048,1,,
369,1232,4,480,17049,1,,
369,102,4,480,17049,1,,
173,566,4,530,17057,1,,
74,2,5,589,17058,1,,
180,83,5,480,17059,1,,
398,298,4,585,17066,1,,
174,566,4,530,17075,1,,
72,879,12,487,17078,1,,
53,240,3,585,17083,1,,
263,141,10,589,17085,1,,
256,11,4,591,17087,1,,
402,159,1,480,17096,1,,
402,299,3,591,17096,1,,
336,1442,4,584,17104,1,,
161,357,4,480,17105,1,,
248,92,4,589,17108,1,,
101,178,2,530,17111,1,,
393,298,1,585,17117,1,,
109,443,4,480,17123,1,,
442,411,1,530,17126,1,,
414,1484,3,480,17132,1,,
182,265,1,506,17138,1,,
182,-1,-1,-999,17138,2,two_level_rop,1.0
110,443,3,480,17148,1,,
232,47,10,563,17165,1,,
155,563,9,595,17166,1,,
252,200,3,566,17173,1,,
435,63,6,595,17178,1,,
435,515,2,595,17178,1,,
230,581,8,569,17179,1,,
251,200,7,566,17186,1,,
320,98,6,563,17190,1,,
119,906,4,563,17200,1,,
13,686,7,123,17212,1,,
13,322,9,123,17212,1,,
422,510,8,123,17223,1,,
90,125,1,522,17226,1,,
90,-1,-1,-999,17226,2,two_level_rop,1.0
457,230,7,123,17239,1,,
457,28,4,123,17239,1,,
319,151,10,596,17250,1,,
55,1301,9,123,17257,1,,
55,1,2,123,17257,1,,
197,267,5,596,17260,1,,
130,39,6,596,17272,1,,
369,58,10,123,17273,1,,
198,365,7,599,17284,1,,
254,478,8,123,17295,1,,
254,202,7,123,17295,1,,
0,113,6,596,17296,1,,
88,2,8,593,17301,1,,
414,1484,8,563,17310,1,,
14,233,12,588,17314,1,,
336,494,1,563,17315,1,,
336,-1,-1,-999,17315,2,two_level_rop,35.0
125,349,12,593,17320,1,,
204,8,4,596,17324,1,,
436,63,11,123,17331,1,,
170,7,4,593,17332,1,,
170,1832,2,593,17332,1,,
6,66,4,599,17333,1,,
219,1162,8,123,17345,1,,
465,1272,10,593,17348,1,,
464,1272,1,593,17354,1,,
364,156,8,588,17359,1,,
317,53,6,613,17365,1,,
22,30,7,123,17372,1,,
73,245,6,613,17380,1,,
165,131,7,123,17384,1,,
229,1392,4,602,17387,1,,
452,522,4,602,17396,1,,
434,109,7,554,17397,1,,
5,420,6,123,17409,1,,
85,248,5,602,17411,1,,
18,1066,6,123,17420,1,,
293,2120,2,602,17429,1,,
302,382,5,123,17434,1,,
71,122,11,472,17443,1,,
260,758,6,123,17446,1,,
175,41,5,123,17456,1,,
101,178,1,581,17457,1,,
101,-1,-1,-999,17457,2,two_level_rop,44.0
415,831,10,472,17460,1,,
132,257,6,472,17471,1,,
90,125,1,561,17474,1,,
90,-1,-1,-999,17474,2,two_level_rop,1.0
303,382,5,123,17475,1,,
2,0,4,607,17480,1,,
192,1883,5,123,17486,1,,
296,15,4,581,17488,1,,
261,758,4,123,17495,1,,
269,204,10,472,17497,1,,
94,1683,5,123,17505,1,,
416,223,5,547,17507,1,,
389,22,2,123,17514,1,,
389,219,2,123,17514,1,,
417,223,3,547,17515,1,,
7,856,4,607,17524,1,,
274,598,4,123,17532,1,,
133,5,4,607,17533,1,,
83,546,4,554,17542,1,,
294,96,4,594,17546,1,,
73,1096,11,472,17550,1,,
149,261,2,123,17557,1,,
171,1359,2,123,17562,1,,
171,566,1,588,17562,1,,
171,-1,-1,-999,17562,2,two_level_rop,54.0
465,1515,4,123,17569,1,,
224,88,2,123,17574,1,,
314,52,4,588,17581,1,,
424,835,2,123,17585,1,,
173,41,3,123,17599,1,,
185,362,2,626,17604,1,,
96,895,2,588,17605,1,,
334,54,10,626,17620,1,,
97,341,4,611,17627,1,,
268,596,1,123,17632,1,,
336,494,8,563,17635,1,,
336,-1,-1,-999,17635,2,two_level_rop,8.0
92,176,7,626,17647,1,,
48,171,10,415,17652,1,,
48,1,6,415,17652,1,,
286,379,5,626,17657,1,,
404,160,10,626,17674,1,,
452,315,8,415,17675,1,,
452,112,2,415,17675,1,,
452,412,6,415,17675,1,,
256,11,8,626,17688,1,,
351,611,10,415,17692,1,,
227,9,6,312,17699,1,,
122,558,5,415,17708,1,,
122,38,5,415,17708,1,,
340,495,2,312,17711,1,,
340,100,4,312,17711,1,,
0,1058,3,312,17719,1,,
19,29,6,415,17724,1,,
19,68,4,415,17724,1,,
7,1525,4,605,17728,1,,
203,367,7,415,17737,1,,
54,434,4,312,17737,1,,
63,1626,6,415,17748,1,,
313,282,7,583,17757,1,,
422,62,7,415,17761,1,,
103,672,3,312,17762,1,,
294,606,6,583,17768,1,,
231,1394,6,415,17772,1,,
105,1324,6,415,17784,1,,
176,927,11,583,17786,1,,
175,132,6,415,17795,1,,
132,5,8,562,17800,1,,
265,49,4,583,17809,1,,
66,2,2,312,17818,1,,
323,152,8,562,17823,1,,
20,859,1,312,17831,1,,
20,115,6,629,17831,1,,
243,958,6,415,17833,1,,
348,497,8,562,17837,1,,
16,859,1,312,17837,1,,
177,41,5,415,17844,1,,
303,148,12,609,17856,1,,
101,178,7,581,17859,1,,
14,859,1,312,17861,1,,
239,956,2,312,17868,1,,
171,566,4,588,17870,1,,
171,-1,-1,-999,17870,2,two_level_rop,4.0
394,502,6,415,17875,1,,
95,76,7,629,17881,1,,
403,222,4,415,17884,1,,
18,859,1,312,17886,1,,
375,59,5,415,17894,1,,
180,193,8,609,17900,1,,
23,30,4,415,17911,1,,
169,1357,7,609,17913,1,,
306,16,2,629,17920,1,,
117,675,3,415,17920,1,,
193,573,7,577,17923,1,,
178,41,4,415,17929,1,,
235,1974,2,415,17941,1,,
71,244,2,415,17948,1,,
71,-1,-1,-999,17948,2,two_level_rop,91.0
313,386,8,562,17949,1,,
266,13,1,415,17959,1,,
349,497,7,577,17960,1,,
21,859,1,312,17961,1,,
336,494,1,563,17966,1,,
320,388,5,577,17968,1,,
19,859,1,312,17972,1,,
22,859,1,312,17982,1,,
260,12,4,587,18001,1,,
24,859,1,312,18001,1,,
69,244,1,415,18006,1,,
90,125,1,561,18012,1,,
90,-1,-1,-999,18012,2,two_level_rop,1.0
118,127,10,587,18028,1,,
29,116,7,542,18034,1,,
86,338,5,587,18039,1,,
94,1683,1,587,18044,1,,
10,858,8,623,18051,1,,
215,942,6,542,18056,1,,
215,1384,9,622,18056,1,,
408,301,9,548,18064,1,,
333,100,8,542,18070,1,,
95,76,7,623,18074,1,,
97,3,9,542,18085,1,,
150,187,12,548,18094,1,,
318,781,10,542,18101,1,,
347,55,4,548,18101,1,,
386,1468,6,542,18112,1,,
80,2,6,548,18113,1,,
8,1062,6,548,18124,1,,
2,29,6,622,18131,1,,
2,0,6,622,18131,1,,
349,1010,10,623,18140,1,,
171,566,4,588,18150,1,,
171,-1,-1,-999,18150,2,two_level_rop,4.0
222,1944,5,542,18153,1,,
222,8,10,636,18153,1,,
72,669,3,418,18156,1,,
72,1642,11,418,18156,1,,
232,47,9,622,18169,1,,
89,669,3,418,18173,1,,
89,75,7,418,18173,1,,
130,39,8,636,18182,1,,
75,123,8,418,18190,1,,
75,669,3,418,18190,1,,
313,150,7,622,18195,1,,
422,305,7,418,18203,1,,
303,148,6,542,18206,1,,
158,262,10,418,18219,1,,
23,859,1,312,18229,1,,
23,-1,-1,-999,18229,2,two_level_rop,82.0
409,504,6,418,18231,1,,
213,942,2,542,18235,1,,
206,368,4,619,18239,1,,
147,6,1,542,18241,1,,
34,1572,6,418,18242,1,,
208,44,7,418,18255,1,,
320,2197,6,636,18257,1,,
32,117,1,542,18262,1,,
389,819,10,418,18271,1,,
205,368,4,619,18271,1,,
31,117,5,542,18272,1,,
207,368,4,619,18281,1,,
243,91,5,418,18282,1,,
175,132,2,619,18287,1,,
173,727,6,418,18293,1,,
193,43,5,632,18313,1,,
209,195,9,499,18328,1,,
311,385,10,499,18344,1,,
71,244,7,415,18350,1,,
71,669,1,418,18350,1,,
1,418,6,499,18356,1,,
261,141,5,418,18361,1,,
33,236,4,499,18365,1,,
266,142,4,418,18370,1,,
9,114,6,499,18376,1,,
25,1,10,650,18377,1,,
277,95,5,418,18380,1,,
104,180,3,499,18384,1,,
432,162,4,418,18389,1,,
160,6,8,618,18391,1,,
435,162,4,418,18399,1,,
139,713,6,650,18402,1,,
194,84,4,418,18408,1,,
165,190,8,650,18416,1,,
436,162,4,418,18417,1,,
0,1516,6,650,18428,1,,
248,92,4,418,18433,1,,
138,713,1,650,18433,1,,
358,291,2,418,18448,1,,
307,1427,12,637,18452,1,,
131,39,8,637,18466,1,,
10,422,3,637,18473,1,,
141,40,6,555,18479,1,,
406,300,7,641,18485,1,,
126,558,8,637,18487,1,,
90,125,1,561,18490,1,,
90,-1,-1,-999,18491,2,two_level_rop,1.0
60,437,9,555,18494,1,,
151,1347,4,634,18496,1,,
262,94,4,641,18500,1,,
105,3,9,555,18520,1,,
105,672,9,555,18520,1,,
171,132,4,619,18529,1,,
263,94,3,641,18535,1,,
347,609,7,555,18542,1,,
314,52,10,598,18550,1,,
423,629,8,555,18556,1,,
32,429,3,637,18558,1,,
404,503,2,508,18558,1,,
302,2144,6,598,18569,1,,
31,69,8,555,18569,1,,
405,503,2,508,18569,1,,
195,84,4,598,18578,1,,
58,173,6,555,18581,1,,
23,1,9,598,18593,1,,
24,31,11,658,18599,1,,
147,6,3,661,18601,1,,
26,31,5,555,18609,1,,
20,533,3,637,18609,1,,
165,131,2,634,18616,1,,
322,18,6,555,18620,1,,
119,1722,2,555,18635,1,,
119,1722,7,658,18635,1,,
298,15,9,592,18636,1,,
166,131,4,555,18644,1,,
15,233,4,555,18653,1,,
383,60,7,592,18656,1,,
383,500,4,592,18656,1,,
44,329,5,592,18666,1,,
389,398,12,600,18672,1,,
387,500,4,592,18675,1,,
315,52,8,592,18689,1,,
46,1,6,600,18690,1,,
46,431,5,600,18690,1,,
10,422,5,657,18699,1,,
320,17,6,600,18702,1,,
348,55,8,604,18704,1,,
348,-1,-1,-999,18704,2,two_level_rop,70.0
252,200,3,600,18710,1,,
252,-1,-1,-999,18710,2,two_level_rop,32.0
250,200,1,600,18715,1,,
42,33,4,657,18721,1,,
42,118,10,657,18721,1,,
101,252,1,604,18727,1,,
101,126,3,604,18727,1,,
101,-1,-1,-999,18727,2,two_level_rop,11.0
433,27,5,657,18731,1,,
307,16,6,604,18738,1,,
384,104,4,657,18740,1,,
388,500,2,592,18747,1,,
464,417,4,657,18756,1,,
425,26,4,527,18760,1,,
425,160,6,675,18760,1,,
288,276,6,527,18771,1,,
106,252,1,604,18777,1,,
340,55,1,604,18782,1,,
287,2101,10,527,18798,1,,
9,422,1,657,18799,1,,
345,55,1,604,18804,1,,
38,70,8,533,18805,1,,
342,154,6,527,18815,1,,
265,2048,10,533,18821,1,,
31,429,7,637,18828,1,,
226,1951,6,533,18833,1,,
108,1704,8,663,18847,1,,
319,151,6,533,18858,1,,
99,126,6,527,18869,1,,
15,531,9,600,18873,1,,
147,1775,8,604,18883,1,,
109,37,8,533,18887,1,,
36,117,5,625,18892,1,,
83,35,5,663,18897,1,,
280,14,8,675,18897,1,,
90,125,1,561,18898,1,,
90,-1,-1,-999,18898,2,two_level_rop,1.0
260,141,3,625,18905,1,,
249,92,6,533,18909,1,,
349,1010,5,625,18917,1,,
120,1332,4,533,18918,1,,
180,193,2,625,18925,1,,
138,452,4,533,18927,1,,
22,325,2,625,18934,1,,
77,124,2,675,18943,1,,
447,64,11,625,18952,1,,
78,545,2,533,18955,1,,
262,141,2,625,18959,1,,
37,117,3,625,18967,1,,
229,1957,6,640,18967,1,,
387,104,3,533,18969,1,,
263,141,4,625,18976,1,,
343,154,4,527,18992,1,,
177,133,4,670,18992,1,,
84,697,9,640,19007,1,,
267,13,4,640,19016,1,,
122,1332,2,533,19021,1,,
145,80,7,640,19028,1,,
88,35,1,663,19037,1,,
308,487,3,670,19045,1,,
101,252,1,533,19047,1,,
101,-1,-1,-999,19047,2,two_level_rop,1.0
79,124,12,640,19047,1,,
252,200,3,600,19054,1,,
311,281,8,682,19061,1,,
83,546,4,625,19067,1,,
133,5,10,682,19080,1,,
133,350,2,682,19080,1,,
90,125,1,561,19089,1,,
90,-1,-1,-999,19089,2,two_level_rop,1.0
344,154,6,682,19091,1,,
348,55,2,604,19098,1,,
425,1035,4,682,19107,1,,
363,292,6,590,19119,1,,
95,76,10,665,19123,1,,
21,30,2,665,19130,1,,
155,356,10,590,19135,1,,
418,404,6,624,19140,1,,
338,154,2,682,19142,1,,
136,451,10,665,19146,1,,
89,75,4,624,19149,1,,
23,1,8,590,19155,1,,
66,440,11,655,19164,1,,
426,835,8,590,19181,1,,
426,26,10,590,19181,1,,
132,5,11,655,19181,1,,
261,1182,5,673,19192,1,,
120,346,6,640,19193,1,,
360,20,3,655,19196,1,,
360,799,6,655,19196,1,,
435,63,4,590,19202,1,,
414,506,10,673,19208,1,,
20,324,10,655,19213,1,,
16,234,6,673,19220,1,,
260,12,6,655,19224,1,,
425,1035,6,639,19235,1,,
320,211,3,655,19238,1,,
320,284,5,655,19238,1,,
256,11,4,686,19242,1,,
280,600,7,655,19250,1,,
73,1643,9,639,19255,1,,
351,611,6,655,19262,1,,
436,63,6,639,19264,1,,
23,30,4,665,19271,1,,
67,72,5,686,19272,1,,
101,252,1,533,19277,1,,
101,-1,-1,-999,19277,2,two_level_rop,1.0
147,130,4,686,19279,1,,
150,130,3,686,19285,1,,
309,384,10,685,19299,1,,
89,1671,8,673,19301,1,,
331,390,7,685,19309,1,,
148,6,12,685,19328,1,,
427,26,6,685,19338,1,,
100,1321,8,692,19339,1,,
71,2,5,685,19348,1,,
90,125,1,561,19352,1,,
90,-1,-1,-999,19352,2,two_level_rop,1.0
334,100,8,691,19353,1,,
308,280,2,659,19355,1,,
180,193,6,691,19364,1,,
225,9,5,685,19365,1,,
149,1780,4,692,19373,1,,
310,97,8,597,19379,1,,
97,3,5,691,19383,1,,
272,2064,6,597,19391,1,,
32,1566,11,668,19393,1,,
327,153,8,597,19405,1,,
87,248,10,668,19410,1,,
306,97,1,597,19410,1,,
422,305,4,597,19419,1,,
91,75,6,668,19421,1,,
84,546,2,597,19426,1,,
84,-1,-1,-999,19426,2,two_level_rop,63.0
136,1750,5,597,19436,1,,
89,249,4,597,19445,1,,
332,2231,4,660,19452,1,,
172,191,5,597,19456,1,,
309,280,2,659,19462,1,,
420,509,8,660,19467,1,,
423,107,10,698,19479,1,,
88,35,3,698,19486,1,,
308,384,1,698,19494,1,,
115,37,12,697,19495,1,,
115,445,8,697,19495,1,,
92,250,10,660,19511,1,,
310,384,9,698,19521,1,,
111,37,4,660,19525,1,,
111,674,4,660,19525,1,,
142,129,4,697,19534,1,,
89,35,3,698,19545,1,,
320,211,7,697,19547,1,,
101,252,1,604,19550,1,,
101,-1,-1,-999,19551,2,two_level_rop,1.0
31,236,4,697,19563,1,,
31,1,6,697,19563,1,,
93,2,8,700,19564,1,,
34,236,4,697,19572,1,,
239,475,6,700,19579,1,,
90,125,1,561,19579,1,,
90,-1,-1,-999,19579,2,two_level_rop,1.0
113,444,6,697,19584,1,,
182,194,10,697,19600,1,,
97,1319,10,660,19616,1,,
66,2,2,697,19623,1,,
84,125,1,561,19624,1,,
181,194,2,697,19629,1,,
94,340,8,491,19632,1,,
310,2166,7,672,19645,1,,
229,139,12,672,19664,1,,
38,169,8,672,19678,1,,
15,1280,1,672,19683,1,,
14,1280,1,672,19689,1,,
202,7,8,678,19699,1,,
202,85,9,678,19699,1,,
408,105,6,672,19700,1,,
396,823,3,672,19708,1,,
107,1326,10,678,19713,1,,
16,1280,1,672,19713,1,,
435,63,12,678,19730,1,,
5,0,11,672,19731,1,,
13,1280,1,672,19736,1,,
13,-1,-1,-999,19737,2,two_level_rop,65.0
224,88,4,678,19744,1,,
224,197,4,678,19744,1,,
93,340,6,672,19759,1,,
246,11,9,678,19759,1,,
182,265,1,420,19760,1,,
182,-1,-1,-999,19760,2,two_level_rop,11.0
47,432,6,678,19771,1,,
84,546,8,597,19773,1,,
84,-1,-1,-999,19773,2,two_level_rop,9.0
2,0,1,647,19778,1,,
355,393,6,678,19782,1,,
17,1280,1,672,19784,1,,
131,450,6,678,19794,1,,
18,1280,1,672,19804,1,,
332,287,9,678,19809,1,,
101,252,1,604,19816,1,,
101,-1,-1,-999,19816,2,two_level_rop,1.0
19,1280,1,672,19821,1,,
283,49,7,678,19822,1,,
283,2092,1,678,19822,1,,
90,125,1,561,19823,1,,
21,1280,1,672,19832,1,,
104,180,7,707,19835,1,,
20,1280,1,672,19838,1,,
221,197,3,678,19843,1,,
15,166,4,714,19853,1,,
100,1321,4,721,19896,1,,
217,87,6,664,19905,1,,
219,87,3,664,19911,1,,
14,67,3,664,19916,1,,
90,35,3,721,19922,1,,
89,35,2,721,19926,1,,
58,173,6,424,19929,1,,
2,165,5,721,19944,1,,
384,21,10,424,19945,1,,
419,304,5,424,19956,1,,
190,933,12,424,19974,1,,
91,339,7,713,19980,1,,
235,748,4,424,19983,1,,
53,173,4,424,19992,1,,
309,280,8,424,20006,1,,
309,-1,-1,-999,20006,2,two_level_rop,38.0
182,265,1,420,20010,1,,
182,-1,-1,-999,20010,2,two_level_rop,1.0
23,30,8,424,20020,1,,
94,2,8,715,20021,1,,
47,869,2,424,20027,1,,
239,748,5,424,20037,1,,
54,173,2,424,20044,1,,
13,1280,1,672,20049,1,,
13,-1,-1,-999,20049,2,two_level_rop,1.0
425,26,8,726,20052,1,,
90,249,4,597,20058,1,,
84,125,1,561,20073,1,,
84,-1,-1,-999,20074,2,two_level_rop,1.0
324,152,11,726,20075,1,,
324,99,6,726,20075,1,,
120,128,10,726,20092,1,,
71,2,6,726,20102,1,,
157,189,5,726,20112,1,,
2,165,7,671,20112,1,,
2,0,1,671,20112,1,,
269,142,9,671,20127,1,,
156,457,10,610,20128,1,,
183,42,6,671,20139,1,,
101,252,1,533,20140,1,,
101,-1,-1,-999,20140,2,two_level_rop,1.0
237,90,2,671,20146,1,,
306,209,7,671,20158,1,,
246,959,11,473,20168,1,,
336,19,5,671,20169,1,,
130,349,10,684,20185,1,,
431,1039,9,473,20185,1,,
431,162,2,473,20185,1,,
5,0,1,671,20190,1,,
48,171,4,671,20200,1,,
12,686,9,473,20200,1,,
128,183,5,671,20210,1,,
189,135,8,473,20214,1,,
22,1,3,730,20218,1,,
16,115,8,473,20228,1,,
117,127,6,473,20240,1,,
227,46,8,473,20254,1,,
145,80,11,734,20261,1,,
299,15,6,473,20265,1,,
247,586,7,734,20272,1,,
23,534,4,473,20274,1,,
38,33,5,696,20279,1,,
38,1,12,696,20279,1,,
86,175,4,734,20279,1,,
437,162,4,473,20283,1,,
85,175,2,734,20283,1,,
125,349,6,473,20295,1,,
327,212,10,696,20295,1,,
14,0,1,671,20300,1,,
452,522,6,696,20312,1,,
281,481,7,720,20325,1,,
12,0,1,671,20330,1,,
348,609,4,696,20339,1,,
335,100,12,687,20343,1,,
182,265,1,420,20344,1,,
182,-1,-1,-999,20344,2,two_level_rop,1.0
280,481,3,696,20347,1,,
145,1771,8,711,20363,1,,
13,0,4,671,20363,1,,
13,0,6,696,20363,1,,
171,41,4,694,20374,1,,
396,1024,8,687,20375,1,,
34,430,8,687,20386,1,,
458,316,8,694,20388,1,,
84,125,1,624,20393,1,,
84,-1,-1,-999,20393,2,two_level_rop,1.0
100,442,11,474,20397,1,,
0,113,7,474,20410,1,,
214,1159,8,694,20420,1,,
144,186,10,474,20436,1,,
144,351,8,474,20436,1,,
397,400,3,550,20439,1,,
205,8,6,474,20448,1,,
398,1476,6,489,20451,1,,
101,252,1,533,20455,1,,
101,-1,-1,-999,20456,2,two_level_rop,1.0
387,218,12,474,20466,1,,
40,539,3,474,20474,1,,
198,465,7,474,20487,1,,
71,1641,2,474,20493,1,,
328,786,10,505,20499,1,,
24,1,8,708,20501,1,,
247,91,4,474,20502,1,,
31,32,3,505,20507,1,,
31,-1,-1,-999,20507,2,two_level_rop,76.0
69,2,3,474,20510,1,,
349,102,7,695,20523,1,,
399,623,7,708,20524,1,,
303,208,5,708,20532,1,,
200,136,5,645,20533,1,,
201,1904,2,474,20540,1,,
305,208,5,708,20540,1,,
304,208,2,708,20545,1,,
274,2069,3,695,20548,1,,
332,54,4,695,20557,1,,
292,2115,6,552,20563,1,,
292,15,1,552,20563,1,,
13,0,2,474,20564,1,,
182,265,1,420,20564,1,,
13,-1,-1,-999,20564,2,two_level_rop,12.0
182,-1,-1,-999,20564,2,two_level_rop,1.0
433,634,3,645,20571,1,,
300,15,6,552,20575,1,,
84,125,1,624,20587,1,,
84,-1,-1,-999,20587,2,two_level_rop,1.0
247,2003,10,695,20604,1,,
142,351,1,474,20614,1,,
142,-1,-1,-999,20614,2,two_level_rop,73.0
302,776,4,631,20624,1,,
303,776,4,631,20634,1,,
68,72,5,736,20644,1,,
248,586,8,642,20644,1,,
314,52,4,736,20653,1,,
275,598,9,642,20659,1,,
97,3,3,642,20667,1,,
305,148,10,736,20669,1,,
101,252,1,533,20675,1,,
101,-1,-1,-999,20675,2,two_level_rop,1.0
9,422,1,736,20680,1,,
9,-1,-1,-999,20680,2,two_level_rop,78.0
214,270,8,642,20681,1,,
117,675,7,703,20694,1,,
31,32,3,505,20707,1,,
277,205,9,703,20709,1,,
447,28,8,728,20743,1,,
259,141,1,674,20749,1,,
259,-1,-1,-999,20749,2,two_level_rop,35.0
261,141,1,674,20761,1,,
110,37,4,674,20770,1,,
109,37,8,728,20775,1,,
226,271,5,674,20781,1,,
207,137,1,674,20790,1,,
319,17,10,512,20791,1,,
13,0,10,474,20814,1,,
13,423,6,512,20814,1,,
182,265,1,420,20823,1,,
182,-1,-1,-999,20823,2,two_level_rop,1.0
270,205,9,512,20829,1,,
302,1201,9,512,20844,1,,
359,57,5,512,20855,1,,
239,90,4,512,20864,1,,
157,81,6,512,20875,1,,
84,125,1,624,20884,1,,
84,-1,-1,-999,20884,2,two_level_rop,1.0
361,102,6,740,20887,1,,
407,503,2,512,20893,1,,
400,503,1,512,20899,1,,
100,126,6,740,20910,1,,
122,678,2,740,20917,1,,
142,351,1,474,20959,1,,
140,185,2,676,20971,1,,
115,4,6,751,20987,1,,
362,155,4,751,20996,1,,
437,310,5,676,21007,1,,
132,257,6,709,21043,1,,
101,252,1,533,21048,1,,
101,-1,-1,-999,21048,2,two_level_rop,1.0
438,310,10,662,21059,1,,
2,65,6,662,21071,1,,
150,1138,9,737,21086,1,,
280,14,3,662,21094,1,,
226,9,2,744,21101,1,,
429,226,4,528,21111,1,,
3,647,5,737,21111,1,,
266,49,8,744,21125,1,,
9,422,7,736,21131,1,,
9,1277,6,688,21131,1,,
13,0,2,528,21138,1,,
340,790,8,744,21139,1,,
128,38,5,744,21149,1,,
122,347,7,528,21150,1,,
259,141,8,674,21160,1,,
447,64,6,753,21161,1,,
442,228,10,701,21192,1,,
180,193,4,701,21201,1,,
47,170,9,683,21213,1,,
203,367,6,753,21213,1,,
319,17,8,689,21227,1,,
224,88,9,753,21228,1,,
305,51,4,689,21242,1,,
305,382,5,683,21242,1,,
305,-1,-1,-999,21242,2,two_level_rop,58.0
95,251,6,689,21253,1,,
448,64,11,717,21255,1,,
23,1,6,717,21266,1,,
213,196,8,689,21267,1,,
171,41,1,601,21276,1,,
171,359,10,601,21276,1,,
178,7,4,717,21278,1,,
178,1364,2,717,21278,1,,
15,67,7,689,21280,1,,
5,529,7,717,21291,1,,
5,-1,-1,-999,21291,2,two_level_rop,31.0
257,11,8,689,21294,1,,
260,12,7,717,21303,1,,
51,172,6,683,21305,1,,
338,495,9,601,21309,1,,
86,338,3,717,21311,1,,
24,31,6,689,21317,1,,
386,1238,8,601,21323,1,,
100,442,6,689,21328,1,,
182,265,1,420,21329,1,,
182,-1,-1,-999,21329,2,two_level_rop,1.0
7,530,4,683,21337,1,,
133,5,8,601,21343,1,,
118,446,5,601,21353,1,,
9,0,2,528,21359,1,,
22,68,5,739,21359,1,,
176,41,4,601,21362,1,,
84,125,1,624,21368,1,,
84,-1,-1,-999,21368,2,two_level_rop,1.0
177,568,4,601,21377,1,,
177,-1,-1,-999,21377,2,two_level_rop,65.0
99,701,3,763,21379,1,,
149,130,4,763,21388,1,,
309,280,8,601,21390,1,,
300,382,2,683,21395,1,,
300,-1,-1,-999,21395,2,two_level_rop,36.0
376,1463,4,601,21399,1,,
2,231,2,763,21401,1,,
154,130,4,763,21412,1,,
98,670,4,706,21421,1,,
368,396,7,723,21426,1,,
23,30,11,763,21439,1,,
314,210,6,706,21451,1,,
259,757,4,764,21460,1,,
295,147,9,725,21461,1,,
57,436,8,706,21476,1,,
57,1,2,706,21476,1,,
453,1049,10,725,21477,1,,
101,252,1,604,21481,1,,
101,-1,-1,-999,21482,2,two_level_rop,1.0
370,805,6,523,21484,1,,
99,670,2,706,21488,1,,
389,819,8,725,21493,1,,
313,150,4,764,21497,1,,
31,117,3,725,21501,1,,
305,382,5,683,21512,1,,
39,33,7,765,21518,1,,
121,557,6,765,21539,1,,
77,335,8,705,21554,1,,
373,1017,5,543,21555,1,,
377,294,2,765,21560,1,,
126,447,6,705,21572,1,,
47,691,4,648,21585,1,,
47,1,3,648,21585,1,,
47,-1,-1,-999,21585,2,two_level_rop,24.0
275,95,2,648,21591,1,,
317,53,8,756,21594,1,,
380,59,9,705,21606,1,,
303,148,7,716,21607,1,,
182,265,1,765,21612,1,,
194,364,4,754,21621,1,,
194,-1,-1,-999,21621,2,two_level_rop,119.0
167,460,8,716,21621,1,,
348,20,5,716,21631,1,,
270,143,11,754,21638,1,,
228,89,3,754,21646,1,,
168,131,9,756,21646,1,,
193,364,1,754,21651,1,,
309,149,5,693,21653,1,,
84,125,1,624,21663,1,,
84,-1,-1,-999,21663,2,two_level_rop,1.0
31,429,8,750,21666,1,,
31,32,5,716,21666,1,,
408,1482,4,693,21672,1,,
120,346,8,756,21680,1,,
147,6,4,693,21682,1,,
232,47,5,693,21694,1,,
342,214,6,677,21698,1,,
78,73,8,693,21708,1,,
142,258,5,677,21708,1,,
299,278,1,693,21713,1,,
116,4,3,677,21716,1,,
76,73,2,693,21720,1,,
270,971,7,677,21729,1,,
317,780,6,677,21741,1,,
284,207,8,616,21741,1,,
177,568,4,601,21742,1,,
117,37,3,731,21758,1,,
117,181,4,616,21758,1,,
117,4,2,616,21758,1,,
411,505,6,616,21773,1,,
411,223,3,616,21773,1,,
279,766,2,747,21780,1,,
173,1360,6,616,21791,1,,
120,346,4,731,21800,1,,
120,-1,-1,-999,21801,2,two_level_rop,124.0
32,69,4,731,21809,1,,
158,262,8,741,21810,1,,
281,766,6,747,21821,1,,
220,87,6,616,21832,1,,
211,87,1,616,21838,1,,
178,192,6,741,21843,1,,
0,113,10,551,21845,1,,
157,1804,4,635,21852,1,,
48,171,10,551,21862,1,,
294,985,4,735,21878,1,,
100,126,12,551,21880,1,,
208,44,12,735,21901,1,,
85,1312,6,551,21905,1,,
85,337,11,551,21905,1,,
177,361,4,735,21911,1,,
195,84,10,551,21922,1,,
356,394,8,735,21925,1,,
455,1508,8,644,21930,1,,
180,929,2,735,21931,1,,
435,409,8,551,21935,1,,
5,0,6,644,21941,1,,
187,1370,7,551,21948,1,,
148,455,1,644,21950,1,,
288,146,2,760,21955,1,,
158,1804,4,635,21959,1,,
124,1731,7,551,21961,1,,
405,24,7,551,21973,1,,
436,63,12,644,21978,1,,
315,210,7,551,21986,1,,
159,81,6,644,21989,1,,
31,69,6,551,21997,1,,
84,125,1,624,22003,1,,
84,175,7,644,22003,1,,
84,-1,-1,-999,22003,2,two_level_rop,8.0
58,241,6,551,22009,1,,
336,100,6,551,22020,1,,
155,456,3,551,22028,1,,
155,-1,-1,-999,22028,2,two_level_rop,46.0
32,236,4,722,22029,1,,
359,57,6,551,22039,1,,
49,119,6,722,22040,1,,
194,364,4,754,22049,1,,
154,456,2,551,22055,1,,
277,95,11,722,22058,1,,
35,236,4,722,22067,1,,
318,284,2,551,22073,1,,
249,92,7,748,22080,1,,
82,1312,2,551,22082,1,,
116,675,2,551,22090,1,,
116,-1,-1,-999,22090,2,two_level_rop,45.0
306,209,7,722,22092,1,,
47,691,1,648,22102,1,,
33,659,8,748,22106,1,,
177,265,1,765,22111,1,,
177,-1,-1,-999,22111,2,two_level_rop,9.0
55,435,6,748,22118,1,,
268,13,5,748,22128,1,,
355,1014,6,556,22133,1,,
355,56,10,556,22133,1,,
120,346,4,731,22137,1,,
397,220,2,556,22149,1,,
397,23,2,556,22149,1,,
397,824,6,556,22149,1,,
97,3,6,556,22168,1,,
97,895,6,556,22168,1,,
142,40,6,792,22172,1,,
199,366,8,556,22182,1,,
279,144,7,784,22197,1,,
424,629,8,556,22198,1,,
424,1255,2,556,22198,1,,
305,97,8,669,22204,1,,
25,1,6,784,22208,1,,
182,134,7,556,22211,1,,
257,94,2,784,22215,1,,
46,118,3,556,22226,1,,
46,1,2,556,22226,1,,
46,690,4,749,22226,1,,
46,-1,-1,-999,22226,2,two_level_rop,65.0
420,224,6,784,22226,1,,
228,89,7,669,22229,1,,
281,600,8,556,22239,1,,
280,14,6,669,22241,1,,
29,1072,6,556,22251,1,,
91,1676,6,669,22252,1,,
141,40,6,556,22262,1,,
458,230,7,669,22265,1,,
143,186,6,669,22277,1,,
299,278,9,556,22278,1,,
122,77,10,788,22278,1,,
38,865,4,788,22287,1,,
258,592,5,669,22287,1,,
39,865,4,788,22296,1,,
357,500,3,669,22309,1,,
357,56,12,612,22309,1,,
31,429,4,788,22317,1,,
31,-1,-1,-999,22317,2,two_level_rop,29.0
389,500,4,669,22318,1,,
40,865,2,788,22323,1,,
179,41,5,669,22328,1,,
140,185,1,788,22329,1,,
317,993,6,556,22330,1,,
41,539,7,768,22341,1,,
77,124,6,556,22346,1,,
81,1311,6,556,22357,1,,
74,123,5,556,22368,1,,
103,179,4,768,22371,1,,
314,52,4,556,22377,1,,
131,39,4,777,22385,1,,
96,895,4,556,22387,1,,
459,113,4,612,22388,1,,
459,163,10,612,22388,1,,
256,11,3,556,22395,1,,
429,513,5,777,22407,1,,
142,185,12,669,22407,1,,
42,169,2,556,22408,1,,
184,134,1,556,22418,1,,
440,110,6,612,22418,1,,
350,56,8,762,22432,1,,
349,1010,6,762,22444,1,,
155,456,4,551,22453,1,,
116,675,5,551,22463,1,,
430,226,8,795,22464,1,,
180,41,2,669,22472,1,,
180,1146,2,762,22472,1,,
15,166,4,795,22474,1,,
279,1187,3,669,22480,1,,
13,686,3,761,22481,1,,
306,97,2,669,22487,1,,
46,690,1,749,22492,1,,
141,185,7,788,22494,1,,
138,1342,4,669,22496,1,,
138,-1,-1,-999,22496,2,two_level_rop,25.0
351,102,2,798,22502,1,,
176,41,1,669,22508,1,,
31,429,2,788,22516,1,,
352,102,8,802,22523,1,,
304,279,5,755,22529,1,,
314,52,4,802,22532,1,,
55,173,2,755,22542,1,,
55,1,7,755,22542,1,,
55,-1,-1,-999,22542,2,two_level_rop,82.0
260,12,8,802,22546,1,,
128,710,4,755,22550,1,,
131,39,12,794,22565,1,,
435,63,6,794,22577,1,,
64,1,8,679,22583,1,,
64,120,4,679,22583,1,,
54,173,1,755,22587,1,,
447,64,7,794,22589,1,,
57,173,2,755,22592,1,,
192,1374,6,794,22601,1,,
133,5,11,679,22607,1,,
56,70,5,794,22611,1,,
74,123,12,679,22624,1,,
348,101,10,557,22629,1,,
348,55,4,557,22629,1,,
348,216,6,557,22629,1,,
450,111,6,679,22633,1,,
71,244,5,794,22641,1,,
71,-1,-1,-999,22641,2,two_level_rop,26.0
151,1139,9,679,22646,1,,
108,1327,4,557,22647,1,,
108,126,8,557,22647,1,,
407,300,8,557,22673,1,,
407,24,10,557,22673,1,,
448,28,6,681,22689,1,,
22,1547,10,557,22689,1,,
434,109,6,759,22695,1,,
83,247,4,557,22706,1,,
83,2,6,557,22706,1,,
59,668,6,770,22707,1,,
145,80,6,681,22708,1,,
123,254,6,557,22717,1,,
256,202,6,770,22718,1,,
206,577,6,679,22721,1,,
287,483,4,679,22731,1,,
436,109,8,770,22732,1,,
208,195,10,557,22733,1,,
289,483,4,679,22738,1,,
305,16,4,794,22741,1,,
185,571,6,557,22745,1,,
235,954,5,681,22746,1,,
372,807,2,679,22750,1,,
60,33,2,690,22757,1,,
60,242,8,690,22757,1,,
276,598,9,557,22760,1,,
72,334,4,690,22767,1,,
198,267,6,557,22771,1,,
283,145,8,690,22780,1,,
203,367,10,557,22788,1,,
373,619,3,770,22789,1,,
109,37,1,679,22813,1,,
286,483,1,679,22819,1,,
180,929,9,557,22820,1,,
213,469,2,770,22820,1,,
148,455,2,770,22831,1,,
31,32,6,556,22834,1,,
31,32,4,557,22834,1,,
31,-1,-1,-999,22834,2,two_level_rop,12.0
63,120,1,679,22839,1,,
63,-1,-1,-999,22839,2,two_level_rop,108.0
267,142,5,557,22848,1,,
55,173,5,755,22854,1,,
110,1327,4,557,22858,1,,
374,59,6,810,22859,1,,
269,142,2,557,22864,1,,
285,378,2,557,22871,1,,
203,367,8,785,22873,1,,
396,400,2,557,22878,1,,
71,244,1,794,22879,1,,
60,120,3,679,22879,1,,
265,142,3,557,22886,1,,
75,2,3,557,22894,1,,
237,10,10,606,22895,1,,
284,378,2,557,22900,1,,
333,493,2,557,22907,1,,
333,-1,-1,-999,22907,2,two_level_rop,43.0
373,59,9,606,22910,1,,
256,11,1,557,22913,1,,
16,424,6,606,22923,1,,
274,764,4,606,22933,1,,
230,10,1,606,22939,1,,
76,123,4,608,22940,1,,
195,267,1,557,22946,1,,
428,632,6,771,22953,1,,
303,2148,9,771,22968,1,,
5,420,7,771,22981,1,,
59,70,9,771,23003,1,,
59,242,6,771,23003,1,,
268,13,11,813,23006,1,,
332,493,1,557,23009,1,,
47,432,4,771,23012,1,,
213,1928,10,785,23022,1,,
277,599,6,771,23024,1,,
236,1172,6,819,23045,1,,
236,474,9,819,23045,1,,
450,229,6,718,23052,1,,
227,46,6,819,23056,1,,
141,714,4,718,23061,1,,
97,177,8,819,23070,1,,
142,714,4,718,23070,1,,
10,651,4,718,23079,1,,
9,0,8,819,23084,1,,
143,714,1,718,23085,1,,
464,852,7,819,23097,1,,
327,153,8,718,23099,1,,
96,177,5,813,23107,1,,
256,755,5,718,23109,1,,
274,378,1,557,23114,1,,
274,-1,-1,-999,23115,2,two_level_rop,52.0
300,15,10,819,23123,1,,
133,5,6,568,23126,1,,
133,79,4,568,23126,1,,
116,445,4,819,23132,1,,
31,32,4,557,23140,1,,
235,583,7,651,23145,1,,
275,973,6,568,23147,1,,
244,10,6,568,23159,1,,
241,10,8,787,23159,1,,
419,832,6,651,23170,1,,
288,50,10,568,23175,1,,
316,1208,7,568,23188,1,,
118,4,4,787,23188,1,,
348,609,6,568,23199,1,,
223,87,6,823,23200,1,,
222,197,4,787,23207,1,,
117,4,5,568,23209,1,,
418,304,2,787,23212,1,,
417,404,2,823,23216,1,,
455,1051,4,568,23219,1,,
86,1103,3,787,23221,1,,
422,62,3,568,23227,1,,
2,419,3,568,23235,1,,
129,1125,10,783,23236,1,,
385,296,3,568,23242,1,,
11,114,4,783,23257,1,,
11,1279,3,783,23257,1,,
333,493,1,557,23263,1,,
225,197,3,783,23271,1,,
234,1395,5,801,23272,1,,
13,1280,1,568,23280,1,,
13,-1,-1,-999,23280,2,two_level_rop,22.0
145,454,5,783,23281,1,,
336,54,10,783,23297,1,,
26,1,5,783,23308,1,,
423,406,8,822,23320,1,,
269,13,9,783,23323,1,,
320,17,4,801,23328,1,,
155,456,2,783,23329,1,,
155,-1,-1,-999,23330,2,two_level_rop,6.0
63,120,1,679,23338,1,,
21,68,2,822,23338,1,,
21,324,5,822,23338,1,,
239,475,5,822,23349,1,,
274,378,2,557,23362,1,,
274,-1,-1,-999,23363,2,two_level_rop,2.0
424,107,12,729,23365,1,,
109,37,6,822,23375,1,,
429,226,5,822,23385,1,,
118,556,11,822,23403,1,,
118,-1,-1,-999,23403,2,two_level_rop,55.0
45,238,3,801,23411,1,,
395,220,4,729,23420,1,,
51,172,6,570,23426,1,,
111,1327,2,799,23427,1,,
384,21,6,627,23461,1,,
13,1280,1,568,23466,1,,
13,-1,-1,-999,23466,2,two_level_rop,1.0
283,766,2,627,23469,1,,
101,76,6,779,23483,1,,
101,178,2,779,23483,1,,
282,766,6,627,23495,1,,
5,0,6,773,23500,1,,
288,50,2,779,23502,1,,
31,32,4,773,23509,1,,
460,415,4,779,23511,1,,
9,0,1,773,23515,1,,
277,599,3,773,23523,1,,
459,1054,10,627,23527,1,,
155,456,2,783,23534,1,,
46,431,8,803,23541,1,,
422,224,10,834,23557,1,,
385,620,5,803,23567,1,,
45,868,10,834,23584,1,,
274,378,2,557,23591,1,,
274,-1,-1,-999,23592,2,two_level_rop,2.0
313,386,7,834,23596,1,,
336,494,6,834,23608,1,,
275,598,4,812,23611,1,,
420,224,2,834,23614,1,,
147,6,6,812,23622,1,,
46,690,3,773,23628,1,,
46,-1,-1,-999,23628,2,two_level_rop,12.0
226,9,3,812,23630,1,,
423,62,12,815,23633,1,,
118,1721,6,773,23649,1,,
396,400,10,815,23649,1,,
295,51,7,812,23652,1,,
326,491,6,630,23661,1,,
397,400,6,630,23672,1,,
395,220,3,603,23682,1,,
300,208,5,603,23692,1,,
13,1280,1,568,23699,1,,
13,-1,-1,-999,23699,2,two_level_rop,1.0
305,208,3,603,23700,1,,
138,713,6,603,23712,1,,
140,713,2,603,23718,1,,
336,1442,8,820,23732,1,,
280,14,10,804,23733,1,,
394,220,1,603,23738,1,,
387,22,6,804,23753,1,,
387,158,7,804,23753,1,,
133,79,4,844,23755,1,,
134,681,4,804,23769,1,,
134,450,6,804,23769,1,,
269,13,10,804,23785,1,,
461,1055,10,571,23785,1,,
221,45,7,804,23798,1,,
358,797,7,571,23798,1,,
408,301,7,804,23811,1,,
230,1962,8,571,23812,1,,
415,507,7,804,23823,1,,
420,405,10,571,23828,1,,
96,76,4,804,23832,1,,
296,96,9,571,23843,1,,
122,558,6,804,23844,1,,
59,1,5,804,23856,1,,
59,668,1,804,23856,1,,
59,-1,-1,-999,23856,2,two_level_rop,115.0
396,220,8,603,23857,1,,
84,35,4,804,23864,1,,
434,109,4,571,23866,1,,
141,40,4,804,23874,1,,
337,288,3,804,23881,1,,
289,379,12,571,23885,1,,
9,0,1,804,23887,1,,
43,867,12,805,23904,1,,
13,1280,1,568,23907,1,,
13,-1,-1,-999,23907,2,two_level_rop,1.0
46,690,4,773,23919,1,,
46,-1,-1,-999,23919,2,two_level_rop,4.0
297,147,10,805,23920,1,,
274,378,1,557,23932,1,,
224,139,11,790,23937,1,,
175,1840,8,790,23951,1,,
174,1840,2,790,23958,1,,
31,328,7,790,23971,1,,
429,226,11,841,23988,1,,
38,117,5,573,23994,1,,
128,78,4,841,23997,1,,
26,1,4,841,24006,1,,
431,108,8,573,24009,1,,
33,117,1,573,24014,1,,
309,149,6,841,24018,1,,
63,34,4,571,24027,1,,
186,1369,12,573,24034,1,,
91,250,4,841,24036,1,,
59,668,5,804,24044,1,,
89,75,9,809,24051,1,,
15,233,5,809,24061,1,,
427,1036,7,807,24074,1,,
13,1280,1,568,24083,1,,
13,-1,-1,-999,24084,2,two_level_rop,1.0
430,226,8,807,24088,1,,
372,807,10,575,24096,1,,
41,1588,7,807,24100,1,,
14,233,1,807,24106,1,,
58,1087,7,575,24108,1,,
426,161,8,766,24120,1,,
51,172,7,575,24127,1,,
16,166,11,743,24137,1,,
46,690,2,773,24144,1,,
461,644,11,743,24155,1,,
3,65,5,743,24165,1,,
438,226,6,743,24181,1,,
438,110,4,743,24181,1,,
441,110,4,743,24190,1,,
118,77,10,574,24199,1,,
118,556,6,574,24199,1,,
439,27,4,818,24200,1,,
318,994,3,743,24208,1,,
355,1014,11,574,24217,1,,
180,193,6,818,24219,1,,
15,233,3,807,24227,1,,
343,214,11,574,24234,1,,
316,98,6,797,24238,1,,
392,23,2,797,24245,1,,
377,21,7,574,24251,1,,
377,104,3,574,24251,1,,
319,388,11,586,24255,1,,
285,767,10,586,24271,1,,
290,207,8,574,24273,1,,
290,146,4,574,24273,1,,
290,483,3,574,24273,1,,
405,24,6,586,24283,1,,
440,518,11,574,24292,1,,
440,63,1,574,24292,1,,
219,945,5,586,24293,1,,
350,102,4,586,24302,1,,
450,520,2,586,24309,1,,
42,430,6,574,24320,1,,
42,169,6,574,24320,1,,
42,237,8,574,24320,1,,
214,470,10,586,24325,1,,
26,1555,6,851,24337,1,,
26,31,12,851,24337,1,,
421,224,6,586,24337,1,,
52,239,8,574,24339,1,,
52,172,4,574,24339,1,,
424,225,4,586,24346,1,,
389,219,8,855,24349,1,,
335,1441,9,574,24354,1,,
32,864,6,586,24357,1,,
314,210,9,855,24361,1,,
372,807,3,586,24365,1,,
390,104,4,851,24368,1,,
453,315,9,574,24369,1,,
23,168,8,574,24382,1,,
451,639,11,851,24383,1,,
448,28,6,863,24393,1,,
96,251,8,574,24396,1,,
172,726,5,828,24401,1,,
388,104,2,851,24405,1,,
13,0,8,804,24410,1,,
446,111,5,828,24413,1,,
449,111,3,828,24419,1,,
411,403,6,574,24422,1,,
292,277,4,828,24435,1,,
166,131,8,574,24436,1,,
149,912,6,827,24448,1,,
221,87,4,574,24455,1,,
2,419,5,574,24465,1,,
0,164,5,574,24475,1,,
116,675,5,574,24486,1,,
116,-1,-1,-999,24486,2,two_level_rop,14.0
353,612,4,574,24495,1,,
43,237,8,827,24496,1,,
405,60,4,614,24501,1,,
405,24,11,614,24501,1,,
303,485,2,574,24512,1,,
249,92,9,614,24517,1,,
150,717,2,574,24520,1,,
84,35,10,614,24533,1,,
389,1240,10,851,24545,1,,
134,79,12,614,24552,1,,
387,218,8,621,24556,1,,
49,541,9,614,24567,1,,
370,58,9,621,24579,1,,
347,216,1,614,24580,1,,
347,101,7,614,24580,1,,
59,120,2,574,24585,1,,
208,368,4,621,24588,1,,
209,368,2,621,24595,1,,
57,693,10,667,24603,1,,
338,495,4,621,24604,1,,
333,100,12,614,24605,1,,
333,153,5,614,24605,1,,
131,256,8,857,24618,1,,
279,206,9,614,24620,1,,
452,112,10,667,24622,1,,
297,96,6,857,24630,1,,
95,341,6,614,24632,1,,
397,1025,6,667,24634,1,,
58,542,5,857,24640,1,,
22,68,3,667,24641,1,,
155,188,8,614,24646,1,,
326,785,5,857,24650,1,,
319,17,4,667,24651,1,,
185,134,7,614,24658,1,,
147,6,4,667,24660,1,,
166,459,6,667,24671,1,,
305,16,5,614,24691,1,,
47,1082,8,789,24692,1,,
299,484,4,614,24706,1,,
172,726,10,827,24706,1,,
392,23,5,614,24717,1,,
323,211,9,789,24719,1,,
412,506,4,614,24726,1,,
205,8,5,789,24727,1,,
55,241,11,829,24736,1,,
210,1921,6,614,24737,1,,
104,672,4,614,24746,1,,
252,964,4,857,24750,1,,
253,201,4,614,24755,1,,
23,235,7,829,24761,1,,
23,116,10,829,24761,1,,
243,91,4,614,24765,1,,
186,731,4,829,24770,1,,
387,397,11,857,24771,1,,
118,181,2,614,24774,1,,
74,245,4,873,24778,1,,
187,731,4,829,24780,1,,
148,6,4,857,24785,1,,
167,359,4,829,24789,1,,
64,542,1,857,24796,1,,
188,134,1,614,24801,1,,
422,62,8,829,24803,1,,
322,18,6,873,24806,1,,
450,229,4,829,24812,1,,
288,604,3,829,24820,1,,
13,1280,1,568,24820,1,,
13,-1,-1,-999,24820,2,two_level_rop,9.0
68,1092,12,871,24824,1,,
193,731,2,829,24826,1,,
349,216,1,614,24828,1,,
451,111,8,876,24836,1,,
182,194,6,876,24845,1,,
7,1275,8,826,24857,1,,
32,69,3,871,24862,1,,
426,161,9,826,24875,1,,
187,1872,4,775,24880,1,,
96,76,4,826,24882,1,,
180,83,5,858,24890,1,,
343,214,5,826,24898,1,,
361,800,9,867,24906,1,,
405,300,1,867,24912,1,,
97,76,10,858,24912,1,,
110,703,7,615,24918,1,,
110,343,8,615,24918,1,,
318,53,10,826,24926,1,,
116,77,6,615,24927,1,,
181,83,6,867,24929,1,,
128,680,1,858,24930,1,,
148,455,4,769,24937,1,,
244,91,10,615,24942,1,,
196,365,3,769,24952,1,,
157,81,5,615,24952,1,,
6,66,3,769,24960,1,,
427,407,3,769,24970,1,,
115,1712,11,615,24970,1,,
249,92,8,615,24984,1,,
145,715,3,615,24992,1,,
451,639,11,871,24995,1,,
451,521,8,826,24995,1,,
108,343,1,615,24997,1,,
439,410,3,769,25000,1,,
13,1280,1,568,25003,1,,
13,-1,-1,-999,25003,2,two_level_rop,1.0
403,222,8,752,25010,1,,
7,1524,8,769,25012,1,,
148,260,6,892,25036,1,,
398,401,4,868,25058,1,,
442,228,8,654,25062,1,,
442,27,8,848,25062,1,,
227,9,3,881,25073,1,,
146,80,10,654,25076,1,,
287,603,7,868,25090,1,,
307,97,5,654,25094,1,,
307,148,8,848,25094,1,,
289,14,8,887,25104,1,,
250,92,9,654,25110,1,,
34,430,8,654,25123,1,,
380,812,3,654,25136,1,,
380,21,4,848,25136,1,,
85,547,7,848,25149,1,,
290,50,11,875,25155,1,,
8,66,6,654,25160,1,,
16,115,4,875,25164,1,,
424,511,7,654,25173,1,,
355,613,6,875,25176,1,,
81,337,7,808,25186,1,,
354,499,6,860,25188,1,,
13,1280,1,568,25192,1,,
13,0,4,881,25192,1,,
13,-1,-1,-999,25192,2,two_level_rop,5.0
177,192,6,848,25197,1,,
91,250,7,860,25200,1,,
345,154,6,654,25209,1,,
450,229,4,875,25209,1,,
387,22,6,848,25220,1,,
296,2129,6,860,25221,1,,
148,1779,6,654,25231,1,,
403,222,6,848,25243,1,,
46,170,7,617,25245,1,,
396,400,6,654,25254,1,,
133,681,11,617,25263,1,,
373,59,4,882,25264,1,,
309,97,5,654,25274,1,,
268,204,6,617,25274,1,,
268,-1,-1,-999,25274,2,two_level_rop,84.0
411,61,4,848,25283,1,,
92,1678,8,617,25288,1,,
307,16,4,904,25292,1,,
341,154,3,654,25300,1,,
82,247,11,836,25303,1,,
444,839,9,617,25303,1,,
205,86,2,654,25306,1,,
297,607,5,836,25312,1,,
113,704,3,654,25318,1,,
128,349,9,617,25318,1,,
269,204,2,617,25325,1,,
311,488,2,617,25332,1,,
336,494,1,654,25332,1,,
336,-1,-1,-999,25333,2,two_level_rop,37.0
56,1617,4,836,25334,1,,
267,204,1,617,25337,1,,
103,179,8,880,25345,1,,
208,44,7,880,25356,1,,
13,1280,1,568,25368,1,,
13,-1,-1,-999,25369,2,two_level_rop,1.0
67,440,12,880,25372,1,,
16,115,1,848,25377,1,,
124,348,7,880,25383,1,,
207,8,8,883,25394,1,,
342,1004,4,883,25401,1,,
187,134,3,883,25407,1,,
193,43,9,891,25413,1,,
206,467,10,895,25430,1,,
335,54,4,913,25439,1,,
159,721,9,767,25446,1,,
180,83,8,913,25456,1,,
268,204,2,617,25468,1,,
142,454,7,913,25471,1,,
142,79,2,913,25471,1,,
158,262,10,908,25475,1,,
158,81,3,908,25475,1,,
361,800,3,913,25479,1,,
293,51,5,908,25483,1,,
362,155,6,845,25491,1,,
143,186,6,908,25492,1,,
198,85,7,908,25503,1,,
133,79,8,853,25505,1,,
78,1309,3,845,25515,1,,
11,232,9,908,25518,1,,
457,414,2,908,25525,1,,
116,37,12,620,25532,1,,
116,253,4,620,25532,1,,
342,1004,12,767,25543,1,,
460,415,3,908,25551,1,,
84,2,6,620,25555,1,,
84,175,10,620,25555,1,,
101,671,12,620,25574,1,,
79,124,3,781,25576,1,,
79,174,6,781,25576,1,,
65,1,5,620,25594,1,,
65,121,8,620,25594,1,,
13,0,6,853,25608,1,,
420,304,8,620,25617,1,,
420,160,8,620,25617,1,,
400,1477,8,781,25622,1,,
336,494,6,654,25634,1,,
346,793,10,620,25636,1,,
346,154,2,620,25636,1,,
34,430,5,890,25639,1,,
34,1287,3,890,25639,1,,
265,49,3,890,25644,1,,
364,156,10,781,25650,1,,
20,324,11,620,25654,1,,
459,850,6,890,25654,1,,
145,259,2,896,25657,1,,
458,643,6,780,25663,1,,
35,430,2,890,25667,1,,
144,454,7,781,25669,1,,
323,285,5,620,25671,1,,
323,388,6,620,25671,1,,
350,102,5,780,25676,1,,
71,334,8,620,25685,1,,
418,508,4,780,25692,1,,
77,335,8,620,25699,1,,
24,168,6,780,25702,1,,
106,1703,8,620,25713,1,,
463,645,8,620,25727,1,,
363,1228,10,746,25737,1,,
289,50,7,620,25739,1,,
146,80,8,921,25751,1,,
136,451,7,620,25752,1,,
194,84,5,921,25761,1,,
279,49,5,620,25765,1,,
279,144,2,620,25765,1,,
23,657,9,870,25770,1,,
426,512,6,746,25773,1,,
16,424,2,620,25776,1,,
16,67,4,620,25776,1,,
16,-1,-1,-999,25776,2,two_level_rop,60.0
148,455,4,746,25782,1,,
299,51,6,620,25788,1,,
427,512,4,746,25791,1,,
313,282,5,620,25798,1,,
459,643,3,780,25803,1,,
459,-1,-1,-999,25803,2,two_level_rop,68.0
90,2,10,838,25807,1,,
41,865,4,620,25807,1,,
199,267,5,620,25817,1,,
319,17,3,620,25825,1,,
147,80,4,838,25827,1,,
147,80,9,920,25827,1,,
251,2010,5,620,25835,1,,
422,305,9,838,25842,1,,
450,229,3,620,25843,1,,
69,1637,3,620,25851,1,,
44,329,8,838,25856,1,,
125,1732,3,620,25859,1,,
387,218,8,653,25861,1,,
300,382,5,746,25866,1,,
300,-1,-1,-999,25866,2,two_level_rop,20.0
52,872,2,620,25868,1,,
384,21,9,653,25873,1,,
92,339,12,920,25885,1,,
458,316,8,653,25885,1,,
132,711,5,653,25893,1,,
208,44,6,920,25896,1,,
260,12,8,653,25905,1,,
166,459,6,838,25908,1,,
350,56,5,838,25918,1,,
95,700,6,653,25921,1,,
116,4,6,653,25930,1,,
320,1210,5,653,25938,1,,
17,1537,5,653,25946,1,,
17,-1,-1,-999,25946,2,two_level_rop,86.0
13,1280,1,568,25949,1,,
46,170,4,653,25954,1,,
82,1099,1,620,25958,1,,
256,48,9,922,25967,1,,
117,253,2,620,25968,1,,
84,35,1,920,25970,1,,
156,457,4,653,25977,1,,
90,35,5,920,25981,1,,
103,179,4,838,25990,1,,
92,1316,4,653,25992,1,,
16,1280,1,568,25995,1,,
16,424,7,620,25995,1,,
85,175,1,620,26008,1,,
85,-1,-1,-999,26008,2,two_level_rop,103.0
166,459,4,884,26024,1,,
251,93,7,847,26029,1,,
282,601,8,847,26046,1,,
282,206,4,847,26046,1,,
200,735,4,912,26058,1,,
200,7,6,912,26058,1,,
149,261,8,847,26062,1,,
284,145,6,912,26069,1,,
133,5,6,847,26082,1,,
300,382,5,746,26082,1,,
300,-1,-1,-999,26083,2,two_level_rop,5.0
128,349,9,912,26098,1,,
129,38,10,924,26114,1,,
103,1696,12,923,26133,1,,
16,323,12,628,26145,1,,
17,1280,1,568,26154,1,,
17,-1,-1,-999,26154,2,two_level_rop,1.0
174,360,7,628,26158,1,,
219,45,5,816,26161,1,,
296,607,6,628,26170,1,,
100,342,12,816,26180,1,,
102,671,10,628,26186,1,,
142,1134,11,917,26197,1,,
109,37,7,628,26199,1,,
90,249,4,816,26206,1,,
124,348,7,628,26212,1,,
85,175,1,620,26212,1,,
295,607,2,628,26218,1,,
256,11,10,816,26223,1,,
80,246,6,930,26233,1,,
80,73,7,930,26233,1,,
193,43,10,816,26239,1,,
2,165,5,816,26249,1,,
348,55,4,930,26265,1,,
348,-1,-1,-999,26265,2,two_level_rop,41.0
120,77,12,941,26268,1,,
304,279,3,816,26275,1,,
257,591,10,917,26292,1,,
148,6,8,633,26293,1,,
335,391,4,633,26302,1,,
121,557,12,824,26310,1,,
431,26,4,633,26321,1,,
431,108,4,633,26321,1,,
431,513,4,633,26321,1,,
298,96,9,941,26326,1,,
116,127,6,633,26333,1,,
4,29,6,941,26337,1,,
297,96,1,941,26342,1,,
26,688,11,633,26350,1,,
308,487,6,633,26361,1,,
336,494,2,646,26365,1,,
336,-1,-1,-999,26366,2,two_level_rop,8.0
51,434,1,633,26367,1,,
51,-1,-1,-999,26367,2,two_level_rop,69.0
313,282,4,899,26374,1,,
265,376,5,633,26377,1,,
429,108,2,633,26384,1,,
352,56,7,646,26387,1,,
17,1537,2,653,26390,1,,
299,775,10,646,26404,1,,
312,97,8,877,26417,1,,
333,287,8,899,26431,1,,
256,374,5,899,26442,1,,
323,285,7,899,26454,1,,
287,146,11,638,26456,1,,
257,374,1,899,26460,1,,
432,514,1,899,26465,1,,
96,76,5,638,26466,1,,
311,149,6,852,26477,1,,
450,520,10,638,26483,1,,
69,72,7,638,26495,1,,
348,55,1,930,26500,1,,
155,6,2,638,26509,1,,
155,356,6,638,26509,1,,
16,0,8,821,26524,1,,
84,2,6,638,26533,1,,
84,248,10,638,26533,1,,
316,387,6,821,26536,1,,
118,127,8,821,26550,1,,
392,501,7,638,26557,1,,
392,23,10,638,26557,1,,
318,387,5,821,26560,1,,
274,598,4,821,26569,1,,
268,13,8,638,26571,1,,
346,154,3,638,26579,1,,
67,1634,10,946,26585,1,,
300,1200,6,638,26591,1,,
255,374,4,821,26594,1,,
161,357,2,638,26597,1,,
161,-1,-1,-999,26598,2,two_level_rop,11.0
423,510,10,946,26610,1,,
281,14,4,643,26612,1,,
281,144,8,643,26612,1,,
303,148,10,946,26627,1,,
446,1044,4,643,26635,1,,
446,228,12,643,26635,1,,
278,95,10,946,26653,1,,
278,13,8,946,26653,1,,
387,218,10,643,26659,1,,
387,22,6,643,26659,1,,
319,284,10,946,26669,1,,
97,76,6,643,26683,1,,
97,1108,11,643,26683,1,,
432,514,10,821,26685,1,,
315,283,8,946,26699,1,,
51,434,6,633,26700,1,,
51,-1,-1,-999,26700,2,two_level_rop,6.0
124,348,8,643,26702,1,,
124,4,4,643,26702,1,,
359,57,7,946,26712,1,,
141,40,2,643,26721,1,,
141,5,10,643,26721,1,,
13,0,5,946,26722,1,,
194,574,5,946,26732,1,,
35,69,7,643,26743,1,,
35,537,8,643,26743,1,,
93,340,10,946,26749,1,,
232,473,4,946,26758,1,,
232,-1,-1,-999,26758,2,two_level_rop,108.0
341,101,10,643,26759,1,,
277,599,7,905,26770,1,,
366,616,10,643,26775,1,,
336,494,4,646,26779,1,,
257,374,2,821,26786,1,,
207,938,7,643,26788,1,,
231,473,2,946,26793,1,,
233,473,1,946,26799,1,,
410,627,7,643,26801,1,,
206,1379,2,905,26805,1,,
268,142,11,643,26822,1,,
268,596,3,643,26822,1,,
161,357,6,638,26829,1,,
3,1060,5,643,26832,1,,
227,46,3,643,26840,1,,
300,208,5,643,26850,1,,
256,755,2,643,26857,1,,
113,555,3,643,26865,1,,
195,464,1,643,26870,1,,
111,343,8,830,26872,1,,
305,208,2,643,26877,1,,
21,167,7,830,26885,1,,
27,1,8,830,26899,1,,
373,59,7,830,26911,1,,
456,1508,10,649,26923,1,,
234,47,8,830,26925,1,,
253,201,10,649,26939,1,,
254,202,10,830,26942,1,,
239,956,8,649,26953,1,,
13,67,8,652,26957,1,,
25,428,10,874,26958,1,,
211,138,7,649,26966,1,,
9,650,6,652,26966,1,,
280,14,6,830,26969,1,,
51,434,5,633,26976,1,,
138,452,10,652,26980,1,,
153,1792,1,649,26982,1,,
80,336,7,733,26982,1,,
16,323,6,874,26994,1,,
114,37,6,652,26996,1,,
450,111,2,830,27000,1,,
85,547,7,652,27008,1,,
296,147,5,652,27019,1,,
300,382,5,874,27027,1,,
300,-1,-1,-999,27027,2,two_level_rop,16.0
120,447,5,652,27029,1,,
232,473,1,946,27032,1,,
171,82,6,652,27040,1,,
373,1017,5,733,27048,1,,
245,199,6,652,27052,1,,
411,505,6,652,27063,1,,
198,465,6,951,27067,1,,
256,202,2,652,27070,1,,
398,825,2,652,27077,1,,
142,40,6,951,27078,1,,
175,82,1,652,27082,1,,
447,64,6,951,27090,1,,
410,505,2,652,27094,1,,
413,506,5,951,27100,1,,
413,-1,-1,-999,27101,2,two_level_rop,37.0
71,244,6,835,27111,1,,
235,954,12,951,27119,1,,
257,202,7,835,27123,1,,
197,365,3,843,27127,1,,
414,506,2,951,27134,1,,
301,15,10,835,27140,1,,
17,0,8,915,27154,1,,
282,1190,6,915,27165,1,,
39,33,8,915,27179,1,,
452,1048,10,656,27191,1,,
242,10,10,915,27195,1,,
231,1394,5,656,27199,1,,
289,2108,5,915,27206,1,,
323,99,10,837,27208,1,,
214,270,7,656,27209,1,,
31,32,2,656,27214,1,,
31,-1,-1,-999,27214,2,two_level_rop,17.0
404,160,3,837,27216,1,,
18,166,9,793,27221,1,,
100,671,7,837,27229,1,,
60,437,3,837,27237,1,,
29,327,12,793,27240,1,,
350,102,7,837,27250,1,,
38,169,5,936,27250,1,,
101,671,1,837,27255,1,,
406,503,2,793,27256,1,,
406,-1,-1,-999,27257,2,two_level_rop,32.0
44,1080,5,793,27267,1,,
280,481,10,897,27283,1,,
384,60,8,897,27297,1,,
413,506,1,951,27305,1,,
128,38,8,897,27310,1,,
411,25,4,702,27314,1,,
40,169,8,897,27324,1,,
405,24,10,901,27341,1,,
39,33,8,901,27354,1,,
373,158,9,901,27369,1,,
410,627,12,839,27384,1,,
183,42,10,932,27386,1,,
31,32,4,656,27391,1,,
36,538,10,932,27402,1,,
165,1817,12,839,27402,1,,
374,59,8,932,27418,1,,
374,21,2,932,27418,1,,
245,1404,10,839,27418,1,,
279,206,4,839,27428,1,,
293,1419,6,901,27430,1,,
375,103,8,839,27442,1,,
212,1923,4,901,27446,1,,
212,195,6,932,27446,1,,
256,11,3,839,27449,1,,
79,545,8,932,27460,1,,
413,25,6,702,27461,1,,
413,-1,-1,-999,27461,2,two_level_rop,7.0
230,1393,12,666,27471,1,,
444,110,6,932,27471,1,,
315,52,8,666,27483,1,,
211,138,10,850,27488,1,,
88,74,9,666,27495,1,,
41,1293,6,850,27499,1,,
173,264,6,666,27504,1,,
63,439,7,850,27512,1,,
324,99,7,666,27515,1,,
21,426,5,932,27522,1,,
21,-1,-1,-999,27522,2,two_level_rop,157.0
442,110,3,666,27523,1,,
418,223,5,918,27533,1,,
398,401,6,850,27533,1,,
268,204,10,666,27538,1,,
268,-1,-1,-999,27538,2,two_level_rop,34.0
266,94,4,901,27544,1,,
266,142,1,932,27544,1,,
441,110,4,666,27547,1,,
410,505,2,879,27552,1,,
410,-1,-1,-999,27552,2,two_level_rop,61.0
20,426,4,932,27553,1,,
205,8,5,666,27558,1,,
16,0,4,901,27562,1,,
232,371,4,879,27570,1,,
264,94,4,901,27572,1,,
264,142,1,932,27572,1,,
350,102,4,901,27581,1,,
259,141,6,918,27581,1,,
259,-1,-1,-999,27582,2,two_level_rop,18.0
269,94,1,901,27588,1,,
269,142,1,932,27588,1,,
450,229,5,879,27592,1,,
306,148,5,879,27608,1,,
306,486,5,879,27608,1,,
177,265,1,901,27612,1,,
177,-1,-1,-999,27613,2,two_level_rop,7.0
406,503,2,793,27625,1,,
406,-1,-1,-999,27625,2,two_level_rop,2.0
270,377,1,862,27633,1,,
420,224,2,862,27640,1,,
267,377,8,862,27654,1,,
206,8,3,862,27662,1,,
80,246,11,699,27667,1,,
435,27,6,699,27689,1,,
435,635,9,699,27689,1,,
376,104,2,680,27705,1,,
376,1463,8,680,27705,1,,
376,-1,-1,-999,27705,2,two_level_rop,61.0
85,887,10,699,27706,1,,
85,125,1,699,27706,1,,
154,563,4,699,27719,1,,
154,80,3,699,27719,1,,
289,50,8,680,27719,1,,
256,48,6,699,27731,1,,
307,209,10,680,27747,1,,
318,284,10,699,27747,1,,
109,37,6,699,27758,1,,
325,152,7,680,27760,1,,
389,104,4,680,27769,1,,
215,8,6,699,27776,1,,
215,369,5,699,27776,1,,
130,183,6,680,27780,1,,
271,205,6,699,27787,1,,
241,1400,8,680,27794,1,,
364,156,6,699,27799,1,,
20,533,6,879,27806,1,,
451,521,7,699,27811,1,,
255,93,6,680,27817,1,,
239,198,9,704,27820,1,,
302,279,1,680,27823,1,,
302,-1,-1,-999,27823,2,two_level_rop,53.0
304,279,1,680,27828,1,,
173,727,8,704,27835,1,,
205,8,8,704,27849,1,,
305,280,10,704,27865,1,,
152,1791,7,704,27878,1,,
309,280,1,704,27884,1,,
21,426,2,932,27890,1,,
136,682,2,699,27899,1,,
136,-1,-1,-999,27899,2,two_level_rop,65.0
297,51,6,727,27910,1,,
297,2130,7,727,27910,1,,
51,172,1,680,27914,1,,
300,382,4,699,27915,1,,
391,1242,2,704,27917,1,,
348,497,4,699,27924,1,,
410,505,6,879,27926,1,,
84,125,1,699,27930,1,,
84,-1,-1,-999,27930,2,two_level_rop,48.0
277,480,11,727,27934,1,,
174,264,2,699,27944,1,,
142,40,10,727,27951,1,,
22,167,11,727,27968,1,,
38,169,6,727,27980,1,,
259,2029,6,879,27989,1,,
423,834,6,727,27992,1,,
374,103,10,727,28008,1,,
63,1627,10,727,28024,1,,
312,281,6,727,28036,1,,
392,297,9,929,28046,1,,
227,580,5,727,28046,1,,
268,142,1,932,28052,1,,
293,15,2,929,28056,1,,
177,265,1,901,28058,1,,
177,-1,-1,-999,28058,2,two_level_rop,1.0
143,186,1,929,28061,1,,
39,33,5,929,28072,1,,
265,94,4,929,28081,1,,
168,131,3,929,28089,1,,
300,15,10,929,28105,1,,
245,477,2,929,28111,1,,
450,314,8,710,28115,1,,
258,94,1,929,28117,1,,
376,1463,1,680,28122,1,,
15,531,8,710,28129,1,,
302,279,4,680,28137,1,,
444,312,10,710,28145,1,,
10,651,10,710,28161,1,,
423,224,5,710,28171,1,,
260,273,4,943,28174,1,,
161,357,5,710,28182,1,,
161,-1,-1,-999,28182,2,two_level_rop,11.0
375,1236,10,943,28192,1,,
199,366,8,710,28195,1,,
259,273,4,943,28201,1,,
313,282,3,710,28203,1,,
256,273,1,943,28207,1,,
268,204,7,854,28216,1,,
276,765,4,900,28216,1,,
136,682,5,699,28222,1,,
188,931,8,943,28230,1,,
15,531,10,945,28233,1,,
186,462,4,900,28239,1,,
84,125,1,699,28278,1,,
84,-1,-1,-999,28278,2,two_level_rop,1.0
209,468,12,745,28295,1,,
347,154,6,925,28302,1,,
24,326,6,745,28307,1,,
100,442,1,745,28312,1,,
69,72,5,925,28313,1,,
137,451,5,745,28323,1,,
416,507,6,925,28324,1,,
462,164,4,825,28332,1,,
118,253,4,925,28333,1,,
463,645,9,745,28347,1,,
213,1158,8,925,28347,1,,
15,531,5,745,28357,1,,
15,-1,-1,-999,28357,2,two_level_rop,118.0
177,265,1,901,28363,1,,
177,-1,-1,-999,28363,2,two_level_rop,1.0
183,42,9,925,28367,1,,
183,7,4,925,28367,1,,
387,218,4,925,28376,1,,
91,891,9,927,28389,1,,
95,1684,8,925,28390,1,,
119,253,4,925,28399,1,,
210,1921,2,888,28406,1,,
211,368,4,927,28412,1,,
211,269,11,927,28412,1,,
120,253,3,925,28414,1,,
343,154,2,925,28420,1,,
433,515,10,927,28428,1,,
460,317,12,927,28447,1,,
213,469,4,888,28454,1,,
80,1657,6,927,28459,1,,
375,103,6,927,28470,1,,
212,368,3,927,28478,1,,
456,163,6,950,28478,1,,
16,234,5,927,28488,1,,
209,269,6,950,28490,1,,
84,125,1,699,28491,1,,
84,-1,-1,-999,28491,2,two_level_rop,1.0
117,253,2,927,28495,1,,
117,-1,-1,-999,28495,2,two_level_rop,78.0
172,726,4,950,28501,1,,
161,357,3,710,28503,1,,
171,132,4,950,28510,1,,
171,-1,-1,-999,28510,2,two_level_rop,29.0
21,116,1,950,28515,1,,
120,253,1,927,28529,1,,
451,521,8,950,28529,1,,
298,147,10,832,28546,1,,
32,536,6,832,28566,1,,
32,1,7,832,28566,1,,
17,0,4,872,28566,1,,
452,522,4,712,28574,1,,
452,-1,-1,-999,28574,2,two_level_rop,146.0
413,506,6,832,28577,1,,
15,531,5,745,28580,1,,
23,30,11,832,28594,1,,
100,442,9,872,28595,1,,
350,56,5,832,28605,1,,
75,123,7,872,28608,1,,
316,98,4,832,28614,1,,
13,0,1,872,28614,1,,
133,184,2,832,28620,1,,
177,265,1,901,28629,1,,
177,-1,-1,-999,28629,2,two_level_rop,1.0
197,365,4,832,28630,1,,
294,2122,2,832,28636,1,,
274,378,1,832,28642,1,,
274,-1,-1,-999,28642,2,two_level_rop,6.0
210,269,1,950,28647,1,,
53,240,12,938,28670,1,,
53,1,8,938,28670,1,,
11,232,12,938,28689,1,,
228,1167,12,938,28707,1,,
97,3,10,938,28724,1,,
409,504,10,907,28725,1,,
435,226,6,938,28735,1,,
240,1987,7,938,28748,1,,
318,53,10,938,28764,1,,
87,74,6,938,28776,1,,
15,0,3,872,28783,1,,
341,101,1,938,28789,1,,
117,253,1,927,28794,1,,
