item_code,item_name,abc_kmeans,distribution,mean_order_freq,std_order_freq,cv,cv_class,full_class
10000001001,可口可樂Zero 600ml,B,poisson,1.2381,1.1127,0.8987,1,medium demand - volatile
10000002001,可口可樂2L,A,poisson,35.381,5.9482,0.1681,0,high demand - stable
10000003001,百事可樂330ml,A,poisson,7.3333,2.708,0.3693,0,high demand - stable
10000004001,百事可樂2L,A,poisson,7.1429,2.6726,0.3742,0,high demand - stable
10000005001,可口可樂330ml,A,poisson,25.2857,5.0285,0.1989,0,high demand - stable
10000006001,Dr. Pepper 可樂,C,poisson,0.1429,0.378,2.6458,2,low demand - intermittent
10000007001,可口可樂 Zero 330ml,A,poisson,14.4762,3.8048,0.2628,0,high demand - stable
10000008001,可口可樂纖維+ 1250ml 可樂纖維+ 1.25L,C,poisson,0.1905,0.4364,2.2913,2,low demand - intermittent
10000010001,可口可樂 Zero 2L,A,poisson,8.9048,2.9841,0.3351,0,high demand - stable
10000011001,可口可樂 Can 250 ml,A,poisson,54.9524,7.413,0.1349,0,high demand - stable
10000012001,可口可樂Pet 600ml,A,poisson,5.7619,2.4004,0.4166,0,high demand - stable
10000013001,百事可樂 Can250ml,A,poisson,2.5238,1.5887,0.6295,1,high demand - volatile
10000021001,可口可樂纖維+ Can330ml 可樂纖維+Can,A,poisson,4.0,2.0,0.5,0,high demand - stable
10000022001,可口可樂1250ml 可口可樂,A,poisson,3.2381,1.7995,0.5557,1,high demand - volatile
10000023001,百事可樂 - 600ml,B,poisson,1.1905,1.0911,0.9165,1,medium demand - volatile
10000026001,可口可樂Can 235ml 可口可樂Can,A,poisson,24.1905,4.9184,0.2033,0,high demand - stable
10000027001,可口可樂纖維+ Pet 600ml,A,poisson,3.9524,1.9881,0.503,1,high demand - volatile
10000998001,可樂雪碧350ml*12入組 可樂雪碧12入,A,poisson,30.7143,5.542,0.1804,0,high demand - stable
10001001001,七喜汽水2L,A,poisson,7.5238,2.743,0.3646,0,high demand - stable
10001004001,雪碧汽水2L,A,poisson,21.1429,4.5981,0.2175,0,high demand - stable
10001005001,七喜汽水330ml,A,poisson,4.8095,2.1931,0.456,0,high demand - stable
10001006001,雪碧汽水330ml,A,poisson,27.3333,5.2281,0.1913,0,high demand - stable
10001007001,黑松汽水-600毫升,B,poisson,0.9048,0.9512,1.0513,2,medium demand - intermittent
10001008001,黑松汽水2L 黑松汽水,A,poisson,2.9524,1.7182,0.582,1,high demand - volatile
10001009001,黑松沙士245ml,A,poisson,27.381,5.2327,0.1911,0,high demand - stable
10001010001,雪碧汽水1250ml 雪碧汽水,C,poisson,0.2381,0.488,2.0494,2,low demand - intermittent
10001012001,雪碧汽水Can 250 ml,A,poisson,22.5238,4.7459,0.2107,0,high demand - stable
10001014001,雪碧易開罐235ml 雪碧易開罐235m,A,poisson,7.8571,2.8031,0.3568,0,high demand - stable
10001015001,雪碧汽水600ml 雪碧汽水寶特瓶,A,poisson,3.0952,1.7593,0.5684,1,high demand - volatile
10001020001,黑松CC檸檬氣泡飲can 330ml 黑松CC檸檬氣,A,poisson,5.619,2.3705,0.4219,0,high demand - stable
10001022001,黑松CC檸檬氣泡飲PET 500ml 黑松CC檸檬氣,A,poisson,6.0952,2.4689,0.405,0,high demand - stable
10001025001,黑松汽水Can 245ml 黑松汽水245ml,A,poisson,14.0476,3.748,0.2668,0,high demand - stable
10001035001,黑松CC氣泡飲葡萄 500ml,A,poisson,4.3333,2.0817,0.4804,0,high demand - stable
10001041001,Mountain Dew 激浪汽水 500ml,B,poisson,1.1905,1.0911,0.9165,1,medium demand - volatile
10001043001,雪碧纖維+ Pet 600ml,A,poisson,3.0952,1.7593,0.5684,1,high demand - volatile
10001044001,黑松CC乳酸菌氣泡飲 510ml,C,poisson,0.1429,0.378,2.6458,2,low demand - intermittent
10002001001,維他露P 250ml,A,poisson,15.0952,3.8853,0.2574,0,high demand - stable
10002003001,黑松加鹽沙士600 ml PET600加鹽沙士,A,poisson,8.1905,2.8619,0.3494,0,high demand - stable
10002005001,蘋果西打330ml,A,poisson,17.4762,4.1805,0.2392,0,high demand - stable
10002006001,蘋果西打2L,A,poisson,20.4286,4.5198,0.2212,0,high demand - stable
10002007001,芬達橘子汽水330ml 芬達汽水,A,poisson,9.5238,3.0861,0.324,0,high demand - stable
10002008001,加鹽黑松沙士Can245ml,A,poisson,19.2381,4.3861,0.228,0,high demand - stable
10002009001,黑松沙士600 ml 黑松沙士,A,poisson,11.9524,3.4572,0.2892,0,high demand - stable
10002010001,維大力汽水255 ml,A,poisson,11.381,3.3736,0.2964,0,high demand - stable
10002011001,金車麥根沙士PET585ml,B,poisson,0.381,0.6172,1.6202,2,medium demand - intermittent
10002012001,維他露P 330 ml 維他露P,A,poisson,3.4762,1.8645,0.5363,1,high demand - volatile
10002013001,AW 麥根沙士,C,poisson,0.1905,0.4364,2.2913,2,low demand - intermittent
10002014001,維大力汽水Can330ml,A,poisson,7.381,2.7168,0.3681,0,high demand - stable
10002017001,黑松沙士2L,A,poisson,9.9048,3.1472,0.3177,0,high demand - stable
10002018001,黑松沙士330ml,A,poisson,39.2381,6.264,0.1596,0,high demand - stable
10002019001,維大力加鹽沙士Can330 ml,A,poisson,18.5714,4.3095,0.232,0,high demand - stable
10002021001,蘋果西打-250ml,A,poisson,22.7143,4.766,0.2098,0,high demand - stable
10002025001,黑松沙士1250 ml 黑松沙士,A,poisson,4.7143,2.1712,0.4606,0,high demand - stable
10002026001,芬達汽水橘子口味600ml,C,poisson,0.1905,0.4364,2.2913,2,low demand - intermittent
10002035001,維大力汽水2L,A,poisson,9.2857,3.0472,0.3282,0,high demand - stable
10002037001,七星藍莓汽泡香檳飲料750ml 七星藍莓汽泡香,B,poisson,0.3333,0.5774,1.7321,2,medium demand - intermittent
10002038001,七星紅葡萄氣泡香檳飲料750ml 七星紅葡萄氣泡,B,poisson,0.4286,0.6547,1.5275,2,medium demand - intermittent
10002039001,七星白葡萄汽泡香檳飲料750 ml,C,poisson,0.1905,0.4364,2.2913,2,low demand - intermittent
10002040001,芬達橘子汽水2L 芬達橘子汽水,A,poisson,4.1905,2.0471,0.4885,0,high demand - stable
10002045001,黑松加鹽沙士2L,A,poisson,12.4286,3.5254,0.2837,0,high demand - stable
10002046001,金車麥根沙士can330ml,A,poisson,7.0476,2.6547,0.3767,0,high demand - stable
10002051001,維他露P 2L,B,poisson,0.4762,0.6901,1.4491,2,medium demand - intermittent
10002069001,金車麥根沙士Pet 2000ml 麥根沙士2000ml,A,poisson,3.0,1.7321,0.5774,1,high demand - volatile
10002071001,金車奧利多水Pet585ml 奧利多水585ml,A,poisson,7.0476,2.6547,0.3767,0,high demand - stable
10002072001,金車奧利多水Pet2000ml,A,poisson,3.1905,1.7862,0.5599,1,high demand - volatile
10002073001,微舒打葡萄can320ml 微舒打葡萄,A,poisson,3.0952,1.7593,0.5684,1,high demand - volatile
10002074001,蘋果西打1250ml,A,poisson,5.0,2.2361,0.4472,0,high demand - stable
10002078001,金車冰淇淋汽水Pet 2000ml,B,poisson,0.381,0.6172,1.6202,2,medium demand - intermittent
10002102001,維大力零熱量汽水 330ml,A,poisson,19.1905,4.3807,0.2283,0,high demand - stable
10002899001,黑松加鹽沙士330 ml CAN330ml黑松加,C,poisson,0.1429,0.378,2.6458,2,low demand - intermittent
10002906001,美粒果蘋果蘇打Pet 500ml 蘋果蘇打500ml,A,poisson,4.7619,2.1822,0.4583,0,high demand - stable
10002907001,美粒果蘋果蘇打Can 330ml,A,poisson,10.8571,3.295,0.3035,0,high demand - stable
10002911001,樹頂蘋果氣泡飲320ml,C,poisson,0.0476,0.2182,4.5826,2,low demand - intermittent
10002915001,黑松CC氣泡飲王林蘋果風味 500ml,B,poisson,0.8571,0.9258,1.0801,2,medium demand - intermittent
10002916001,美粒果蘋果蘇打1250ml 蘋果蘇打 1.25L,B,poisson,0.619,0.7868,1.271,2,medium demand - intermittent
10002917001,黑松蘋果蘇打富士蘋果風味2000ml 黑松蘋果蘇打2L,B,poisson,2.381,1.543,0.6481,1,medium demand - volatile
10002918001,維大力蘋果風味氣水2000ml 維大力蘋果 2L,C,poisson,0.2857,0.5345,1.8708,2,low demand - intermittent
10002919001,維大力白葡萄風味氣水2000ml,B,poisson,0.7143,0.8452,1.1832,2,medium demand - intermittent
10002924001,英國Barr覆盆子風味無糖飲料,C,poisson,0.1429,0.378,2.6458,2,low demand - intermittent
10002942001,黑松CC氣泡飲蘋果口味330ml,B,poisson,2.2381,1.496,0.6684,1,medium demand - volatile
10002943001,維大力白葡萄風味氣水330ml,A,poisson,6.5714,2.5635,0.3901,0,high demand - stable
10002944001,維大力蘋果風味氣水330ml,A,poisson,6.4286,2.5355,0.3944,0,high demand - stable
10002990001,維他露大蘋果蘇打 330ml,B,poisson,0.7619,0.8729,1.1456,2,medium demand - intermittent
10002992001,黑松蘋安福氣組 460mlx12,A,poisson,16.7143,4.0883,0.2446,0,high demand - stable
10010001001,波蜜一日蔬果100蔬果汁 250ml 波蜜一日蔬果,C,poisson,0.0476,0.2182,4.5826,2,low demand - intermittent
10010002001,波蜜果菜汁TP250ml,A,poisson,33.2857,5.7694,0.1733,0,high demand - stable
10010007001,100紫色蔬果汁TP250ml 100紫色蔬果汁,C,poisson,0.1905,0.4364,2.2913,2,low demand - intermittent
10010009001,波蜜BCE果菜汁Pet580ml 波蜜果菜汁BCE,B,poisson,0.9524,0.9759,1.0247,2,medium demand - intermittent
10010012001,波蜜果菜汁 Pet 580ml 波蜜果菜汁 Pet,B,poisson,1.0952,1.0465,0.9555,1,medium demand - volatile
10010018001,波蜜果菜汁Can240ml,B,poisson,0.8571,0.9258,1.0801,2,medium demand - intermittent
10010019001,波蜜低卡果菜汁TP250ml 波蜜低卡果菜汁,B,poisson,1.7143,1.3093,0.7638,1,medium demand - volatile
10010023001,波蜜100蔬果汁TP160ml,C,poisson,0.0476,0.2182,4.5826,2,low demand - intermittent
10010026001,一日蔬果100葡萄蔬果汁 160ml,A,poisson,3.9048,1.976,0.5061,1,high demand - volatile
10010027001,一日蔬果100蘋果柳橙蔬果 160ml 一日蘋果柳橙蔬,C,poisson,0.381,0.6172,1.6202,2,low demand - intermittent
10010035001,波蜜BCE果菜汁TP250ml BCE果汁,A,poisson,19.9048,4.4615,0.2241,0,high demand - stable
10010042001,義美寶吉蔬果汁葡萄莓果125ml 蔬果汁葡萄莓果,B,poisson,1.4286,1.1952,0.8367,1,medium demand - volatile
10010043001,義美寶吉蔬果汁蘋果柳橙125ml 蔬果汁蘋果柳橙,B,poisson,1.6667,1.291,0.7746,1,medium demand - volatile
10010044001,一日蔬果100水蜜桃蘋果蔬果汁160ml,C,poisson,0.0952,0.3086,3.2404,2,low demand - intermittent
10011001001,光泉果汁時刻蘋果汁TP250ml 蘋果汁,A,poisson,9.9524,3.1547,0.317,0,high demand - stable
10011003001,樹頂100純蘋果汁200ml,A,poisson,12.0476,3.471,0.2881,0,high demand - stable
10011004001,波蜜一日水果100蘋果汁250ml,B,poisson,0.619,0.7868,1.271,2,medium demand - intermittent
10011007001,囍瑞100純天然蘋果原汁1L 囍瑞100純天然,B,poisson,0.7619,0.8729,1.1456,2,medium demand - intermittent
10011008001,樹頂100純蘋果汁1000ml 樹頂100純蘋果,A,poisson,3.0476,1.7457,0.5728,1,high demand - volatile
10011016001,黑松蘋果C/TP300ml 黑松蘋果C,A,poisson,9.9524,3.1547,0.317,0,high demand - stable
10011021001,光泉果汁時刻100蘋果綜合果汁 200ml,B,poisson,2.0,1.4142,0.7071,1,medium demand - volatile
10011023001,義美寶吉純果汁蘋果TP125ml 小寶吉蘋果125m,A,poisson,5.7619,2.4004,0.4166,0,high demand - stable
10011028001,樹頂100純蘋果汁 300ml,B,poisson,0.7619,0.8729,1.1456,2,medium demand - intermittent
10012002001,囍瑞100純天然柳橙原汁1L 囍瑞100純天然,C,poisson,0.1905,0.4364,2.2913,2,low demand - intermittent
10012004001,美粒果柳橙汁Pet1250ml,A,poisson,7.0952,2.6637,0.3754,0,high demand - stable
10012006001,義美寶吉純果汁柳橙TP125ml 小寶吉柳橙汁,A,poisson,4.5714,2.1381,0.4677,0,high demand - stable
10012008001,樹頂100純柳橙汁200ml 樹頂100純柳橙,C,poisson,0.1905,0.4364,2.2913,2,low demand - intermittent
10012009001,樹頂100純柳橙汁1000ml,B,poisson,0.3333,0.5774,1.7321,2,medium demand - intermittent
10012011001,黑松柳橙C/TP300ml 黑松柳橙C,A,poisson,6.8571,2.6186,0.3819,0,high demand - stable
10012899001,美粒果柳橙汁450mlPet 美粒果柳橙汁45,A,poisson,5.0476,2.2467,0.4451,0,high demand - stable
10012907001,光泉果汁時刻100柳橙綜合果汁 200ml,B,poisson,2.1905,1.48,0.6757,1,medium demand - volatile
10013003001,黑松葡萄C/TP300ml 黑松葡萄C,A,poisson,11.2381,3.3523,0.2983,0,high demand - stable
10013004001,囍瑞100純天然紅葡萄原汁1L,C,poisson,0.2857,0.5345,1.8708,2,low demand - intermittent
10013005001,光泉果汁時刻葡萄汁TP250ml 葡萄汁,A,poisson,7.6667,2.7689,0.3612,0,high demand - stable
10013007001,光泉果汁時刻100葡萄綜合果汁 200ml,B,poisson,0.5238,0.7237,1.3817,2,medium demand - intermittent
10013011001,波蜜一日水果100葡萄綜合果汁250ml 一日水果葡萄果,C,poisson,0.0952,0.3086,3.2404,2,low demand - intermittent
10013012001,義美寶吉純果汁葡萄TP125ml,A,poisson,6.8571,2.6186,0.3819,0,high demand - stable
10014001001,波蜜100蘋果葡萄汁TP160ml 蘋果葡萄汁TP16,C,poisson,0.0476,0.2182,4.5826,2,low demand - intermittent
10014005001,鮮剖100椰子汁含椰肉520ml 鮮剖椰子汁,C,poisson,0.1905,0.4364,2.2913,2,low demand - intermittent
10014006001,樹頂100蜜桃綜合果汁 1L 蜜桃綜合果汁 1L,C,poisson,0.2381,0.488,2.0494,2,low demand - intermittent
10014009001,崇德發天然黑麥汁Btl330ml,A,poisson,6.4762,2.5448,0.393,0,high demand - stable
10014014001,噶瑪蘭麥汁can 310ml,B,poisson,0.4286,0.6547,1.5275,2,medium demand - intermittent
10014018001,太陽牌加州梅汁Pet 946ml 太陽牌加洲梅汁,C,poisson,0.1905,0.4364,2.2913,2,low demand - intermittent
10014020001,崇德發天然黑麥汁Can330ml,A,poisson,4.381,2.0931,0.4778,0,high demand - stable
10014021001,COCO XIM有機椰子水 有機椰子水,C,poisson,0.1429,0.378,2.6458,2,low demand - intermittent
10014023001,優鮮沛綜合果汁蔓越莓TP250ml,A,poisson,11.2857,3.3594,0.2977,0,high demand - stable
10014024001,酷椰嶼椰子汁250ml,B,poisson,0.9524,0.9759,1.0247,2,medium demand - intermittent
10014027001,台酒烏梅黑麥汁 Can 330ml,C,poisson,0.0952,0.3086,3.2404,2,low demand - intermittent
10014028001,光泉果汁時刻芭芒柳汁TP250ml,A,poisson,11.381,3.3736,0.2964,0,high demand - stable
10014029001,椰活100純椰子水 500ml,B,poisson,1.4286,1.1952,0.8367,1,medium demand - volatile
10014030001,優鮮沛蔓越莓綜合果汁Pet500ml 優鮮沛蔓越莓綜,B,poisson,1.0476,1.0235,0.977,1,medium demand - volatile
10014032001,黑松百香果C/TP300ml 黑松百香果C,A,poisson,4.2857,2.0702,0.483,0,high demand - stable
10014033001,黑松蜜桃C/TP300ml,A,poisson,7.9048,2.8115,0.3557,0,high demand - stable
10014034001,老北京御品酸梅湯TP300ml,B,poisson,1.0952,1.0465,0.9555,1,medium demand - volatile
10014037001,好聖地100椰子水 350ml,B,poisson,0.8095,0.8997,1.1114,2,medium demand - intermittent
10014041001,噶瑪蘭檸檬麥汁330ml 檸檬黑麥汁,C,poisson,0.2381,0.488,2.0494,2,low demand - intermittent
10014043001,囍瑞100覆盆莓綜合原汁1L 囍瑞100純天然,C,poisson,0.0476,0.2182,4.5826,2,low demand - intermittent
10014044001,SAKI水蜜桃果汁180ML SAKI水蜜桃,C,poisson,0.0952,0.3086,3.2404,2,low demand - intermittent
10014046001,崇德發天然黑麥汁Btl500ml,C,poisson,0.0476,0.2182,4.5826,2,low demand - intermittent
10014051001,崇德發易開罐黑麥汁250ml 崇德發易開罐黑,A,poisson,3.2857,1.8127,0.5517,1,high demand - volatile
10014053001,好聖地蜂蜜蘆薈露 350ml,C,poisson,0.1429,0.378,2.6458,2,low demand - intermittent
10014055001,鮮剖100純椰子汁 500ml,C,poisson,0.0476,0.2182,4.5826,2,low demand - intermittent
10014058001,貝思寶兒熱帶水果汁300ml　 貝思寶兒熱帶水,C,poisson,0.1429,0.378,2.6458,2,low demand - intermittent
10014059001,台鳳100％鳳梨純汁Can350ml,C,poisson,0.2381,0.488,2.0494,2,low demand - intermittent
10014062001,囍瑞純天然蔓越莓汁200ml 純天然蔓越莓汁,C,poisson,0.1429,0.378,2.6458,2,low demand - intermittent
10014067001,愛之味莎莎亞椰奶TP250ml 莎莎亞椰奶,B,poisson,0.5238,0.7237,1.3817,2,medium demand - intermittent
10014069001,波蜜芭樂汁300ml,C,poisson,0.0476,0.2182,4.5826,2,low demand - intermittent
10014073001,台酒紅麴黑麥汁Can330 ml TTL紅麴黑麥汁,B,poisson,0.381,0.6172,1.6202,2,medium demand - intermittent
10014074001,德國卡麥隆黑麥汁330ml,B,normal,1.381,1.0455,0.7571,1,medium demand - volatile
10014075001,卡麥隆石榴黑麥汁330ml 卡麥隆石榴黑麥,C,poisson,0.0476,0.2182,4.5826,2,low demand - intermittent
10014076001,德國卡麥隆檸檬黑麥汁330ml 德國卡麥隆檸檬,B,poisson,0.9048,0.9512,1.0513,2,medium demand - intermittent
10014080001,樹頂100蔓越莓綜合果汁200ml,B,poisson,1.381,1.1751,0.851,1,medium demand - volatile
10014081001,樹頂100石榴莓綜合果汁200ml,C,poisson,0.1429,0.378,2.6458,2,low demand - intermittent
10014083001,黑松桂花烏梅汁 900ml,A,poisson,5.9524,2.4398,0.4099,0,high demand - stable
10014086001,酷椰嶼100純椰子汁350ml,B,poisson,1.381,1.1751,0.851,1,medium demand - volatile
10014090001,波蜜多果汁TP250ml,A,poisson,16.3333,4.0415,0.2474,0,high demand - stable
10014092001,美粒果白葡萄加蘆薈Pet1250ml,A,poisson,3.5238,1.8772,0.5327,1,high demand - volatile
10014097001,老北京酸梅湯Pet900ml,C,poisson,0.2857,0.5345,1.8708,2,low demand - intermittent
10014101001,義美酸梅湯250ml 義美酸梅湯250,B,normal,1.0476,1.1329,1.0814,2,medium demand - intermittent
10014103001,樹頂100石榴莓綜合果汁1L 石榴莓果汁1L,C,poisson,0.1429,0.378,2.6458,2,low demand - intermittent
10014106001,噶瑪蘭麥汁Btl330ml,B,poisson,0.4286,0.6547,1.5275,2,medium demand - intermittent
10014109001,崇德發檸檬黑麥汁Btl330ml,B,poisson,0.9048,0.9512,1.0513,2,medium demand - intermittent
10014110001,鮮剖100純天然椰子汁520ml,C,poisson,0.1429,0.378,2.6458,2,low demand - intermittent
10014111001,崇德發白麥檸檬汁Can 330ml 崇德發白麥檸檬,B,poisson,0.8095,0.8997,1.1114,2,medium demand - intermittent
10014112001,悅氏洛神仙楂茶1000ml,C,poisson,0.0476,0.2182,4.5826,2,low demand - intermittent
10014113001,崇德發減糖黑麥汁Can 330ml 崇德發減糖黑麥,A,poisson,4.4762,2.1157,0.4727,0,high demand - stable
10014117001,波蜜芭樂汁PET580ml,B,poisson,1.2857,1.1339,0.8819,1,medium demand - volatile
10014119001,鮮剖蜂蜜蘆薈汁CAN520ml 蜂蜜蘆薈汁520ml,C,poisson,0.1429,0.378,2.6458,2,low demand - intermittent
10014123001,紅牌水蜜桃汁飲料 490ml 紅牌水蜜桃汁,C,poisson,0.0952,0.3086,3.2404,2,low demand - intermittent
10014126001,台酒原味黑麥汁 330ml 台酒原味黑麥汁,B,poisson,1.2857,1.1339,0.8819,1,medium demand - volatile
10014127001,紅牌芒果綜合果汁飲料 490ml 紅牌芒果綜合果,C,poisson,0.0476,0.2182,4.5826,2,low demand - intermittent
10014130001,崇德發白麥汁330ml 崇德發白麥汁,B,poisson,0.8095,0.8997,1.1114,2,medium demand - intermittent
10014132001,大西洋芭樂汁Pet580ml 芭樂汁Pet580ml,C,poisson,0.2857,0.5345,1.8708,2,low demand - intermittent
10014212001,VITA HYDRO 火烤100純椰子水 1000ml 火烤椰子水 1L,B,poisson,0.4286,0.6547,1.5275,2,medium demand - intermittent
10014214001,Innocent 100 椰子水 1L 天真椰子水 1L,B,poisson,0.4762,0.6901,1.4491,2,medium demand - intermittent
10014898001,美粒果白葡萄蘆薈450mlPet,B,poisson,1.7619,1.3274,0.7534,1,medium demand - volatile
10014905001,崇德發多醣體護衛汁第二代200ml 二代多醣體護衛,B,poisson,0.7619,0.8729,1.1456,2,medium demand - intermittent
10015005001,津津綠蘆筍汁Pet600ml,C,poisson,0.0952,0.3086,3.2404,2,low demand - intermittent
10015007001,津津蘆筍汁Can245ml,A,poisson,10.8571,3.295,0.3035,0,high demand - stable
10015008001,津津蘆筍汁Pet1500 ml,B,poisson,2.2381,1.496,0.6684,1,medium demand - volatile
10015010001,波蜜漢宮蘆筍汁TP250ml,A,poisson,10.6667,3.266,0.3062,0,high demand - stable
10015011001,光泉正庄蘆筍汁TP250ml,A,poisson,5.0952,2.2573,0.443,0,high demand - stable
10016002001,可果美100蕃茄檸檬汁280ml,B,poisson,0.8095,0.8997,1.1114,2,medium demand - intermittent
10016006001,愛之味鮮採蕃茄汁-Oligo保健 250ml,C,poisson,0.0952,0.3086,3.2404,2,low demand - intermittent
10016011001,可果美無鹽蕃茄汁Can340ml,B,normal,1.1429,0.8883,0.7773,1,medium demand - volatile
10016014001,統一嚴選素材番茄汁Can340ml,B,poisson,2.2857,1.5119,0.6614,1,medium demand - volatile
10016015001,波蜜紅蕃茄汁TP250ml 波蜜紅蕃茄汁,A,poisson,4.2857,2.0702,0.483,0,high demand - stable
10016018001,愛之味鮮採蕃茄汁-Oligo腸道保 530ml 腸道保健蕃茄汁,C,poisson,0.0952,0.3086,3.2404,2,low demand - intermittent
10016020001,鮮採蕃茄綜合蔬菜汁升級配方 530ml 綜合蔬菜汁升級,A,poisson,2.9048,1.7043,0.5867,1,high demand - volatile
10016021001,SAKI番茄汁180ML SAKI番茄汁,C,poisson,0.1429,0.378,2.6458,2,low demand - intermittent
10020002001,貝納頌榛果拿鐵咖啡TP375,A,poisson,3.2857,1.8127,0.5517,1,high demand - volatile
10020003001,伯朗醇黑咖啡無糖,B,poisson,0.619,0.7868,1.271,2,medium demand - intermittent
10020004001,貝納頌經典拿鐵咖啡Can210ml,A,poisson,3.0952,1.7593,0.5684,1,high demand - volatile
10020006001,伯朗曼特寧咖啡二合一Can240ml 曼特寧2合1,C,poisson,0.0476,0.2182,4.5826,2,low demand - intermittent
10020007001,伯朗咖啡原味Can240ml 金車伯朗咖啡,A,poisson,17.0476,4.1289,0.2422,0,high demand - stable
10020008001,UCC Aroma Brew 艾洛瑪黑咖啡Pet 525ml,B,poisson,1.5714,1.2536,0.7977,1,medium demand - volatile
10020010001,UCC Aroma Brew 艾洛瑪拿鐵咖啡Pet 525ml,B,poisson,0.7619,0.8729,1.1456,2,medium demand - intermittent
10020011001,統一咖啡廣場TP300ml 統一咖啡廣場,A,poisson,4.2381,2.0587,0.4858,0,high demand - stable
10020012001,36法郎拿堤烘焙咖啡Can240ml 拿堤烘焙咖啡,B,poisson,0.9048,0.9512,1.0513,2,medium demand - intermittent
10020015001,伯朗曼特寧咖啡Can240ml,A,poisson,2.8095,1.6762,0.5966,1,high demand - volatile
10020016001,韋恩 Flash Brew閃萃黑咖啡500ml,B,poisson,1.619,1.2724,0.7859,1,medium demand - volatile
10020017001,曼仕德濃醇拿鐵咖啡Can235ml 曼仕德濃醇拿鐵,C,poisson,0.0952,0.3086,3.2404,2,low demand - intermittent
10020018001,伯朗藍山咖啡Can240 ml 金車藍山咖啡,A,poisson,9.7143,3.1168,0.3208,0,high demand - stable
10020019001,貝納頌經典曼特寧咖啡Can210ml 貝納頌經典曼特,B,normal,1.1905,1.2196,1.0245,2,medium demand - intermittent
10020020001,貝納頌咖啡重乳拿鐵 375ML,A,poisson,2.5714,1.6036,0.6236,1,high demand - volatile
10020024001,貝納頌黑咖啡 Can 210ml,B,poisson,1.7143,1.3093,0.7638,1,medium demand - volatile
10020025001,貝納頌直火炭焙風味 Can 210ml 貝納頌直火炭焙,B,normal,1.3333,1.2848,0.9636,1,medium demand - volatile
10020027001,貝納頌咖啡TP375ml 貝納頌咖啡,A,poisson,7.0,2.6458,0.378,0,high demand - stable
10020028001,UCC BLACK無糖黑咖啡飲料275g 產地日本滋賀縣,C,poisson,0.2381,0.488,2.0494,2,low demand - intermittent
10020029001,伯朗精品咖啡_巴西喜拉朵240ml,C,poisson,0.0476,0.2182,4.5826,2,low demand - intermittent
10020030001,韋恩Flash Brew閃萃拿鐵咖啡pet500ml,B,poisson,0.7619,0.8729,1.1456,2,medium demand - intermittent
10020032001,伯朗巧克力風味咖啡Can 240ml,C,poisson,0.1429,0.378,2.6458,2,low demand - intermittent
10020033001,韋恩特濃咖啡Can320ml 韋恩特濃咖啡,A,poisson,3.2381,1.7995,0.5557,1,high demand - volatile
10020034001,午后時光重乳咖啡拿鐵TP330ml,B,poisson,1.619,1.2724,0.7859,1,medium demand - volatile
10020036001,咖啡廣場奶香特調咖啡Pet600ml,B,poisson,2.0952,1.4475,0.6908,1,medium demand - volatile
10020037001,Asahi Wonda 早安咖啡 CAN179ml Asahi Wonda咖啡,C,poisson,0.0952,0.3086,3.2404,2,low demand - intermittent
10020038001,36法郎典藏曼特寧咖啡Can240ml 36法郎典曼特寧,B,poisson,1.0476,1.0235,0.977,1,medium demand - volatile
10020039001,Asahi Wonda 金的微糖咖啡 CAN182ml Asahi Wonda金的,C,poisson,0.0952,0.3086,3.2404,2,low demand - intermittent
10020040001,Asahi Wonda 特製咖啡歐蕾 CAN179ml Asahi Wonda歐蕾,C,poisson,0.2381,0.488,2.0494,2,low demand - intermittent
10020041001,UCC無糖咖啡飲料Can184ml 產地日本兵庫縣,A,poisson,7.4286,2.7255,0.3669,0,high demand - stable
10020042001,咖啡廣場調和式冰咖啡Pet600ml,B,poisson,1.7619,1.3274,0.7534,1,medium demand - volatile
10020043001,貝納頌咖啡深焙拿鐵TP375ml,B,poisson,1.9048,1.3801,0.7246,1,medium demand - volatile
10020046001,韋恩特濃黑咖Can210ml,B,poisson,0.6667,0.8165,1.2247,2,medium demand - intermittent
10020093001,喬亞滴濾拿鐵Pet350ml 喬亞滴濾拿鐵,C,poisson,0.0476,0.2182,4.5826,2,low demand - intermittent
10020094001,喬亞滴濾無糖黑Pet350ml 喬亞滴濾無糖黑,B,poisson,0.7619,0.8729,1.1456,2,medium demand - intermittent
10020101001,貝納頌極品大咖啡(黑咖啡) Pet490ml 貝納頌大咖啡黑,B,poisson,0.4762,0.6901,1.4491,2,medium demand - intermittent
10020102001,貝納頌極品大咖啡(經典拿鐵) Pet490m 貝納頌大咖啡,C,poisson,0.0476,0.2182,4.5826,2,low demand - intermittent
10021003001,生活運動飲料TP400ml,B,poisson,0.619,0.7868,1.271,2,medium demand - intermittent
10021005001,寶礦力水得Can340ml 340ml,B,poisson,0.8095,0.8997,1.1114,2,medium demand - intermittent
10021006001,黑松FIN補給飲料Pet580ml,A,poisson,21.0,4.5826,0.2182,0,high demand - stable
10021007001,寶礦力水得Pet1460ml,A,poisson,5.619,2.3705,0.4219,0,high demand - stable
10021009001,舒跑Pet1500ml,A,poisson,8.7143,2.952,0.3388,0,high demand - stable
10021010001,寶礦力水得(低卡)Pet 580ml,A,poisson,2.2857,1.5119,0.6614,1,high demand - volatile
10021012001,舒跑(中)Can335ml 舒跑(中),A,poisson,7.0,2.6458,0.378,0,high demand - stable
10021015001,舒跑S健康補給飲料Pet590ml S健康補給,A,poisson,2.7619,1.6619,0.6017,1,high demand - volatile
10021016001,舒跑Pet590ml,A,poisson,13.7143,3.7033,0.27,0,high demand - stable
10021017001,寶礦力水得Pet580ml,A,poisson,4.1905,2.0471,0.4885,0,high demand - stable
10021018001,寶礦力水得Pet900ml,B,poisson,0.6667,0.8165,1.2247,2,medium demand - intermittent
10021019001,生活運動飲料TP250ml 生活運動飲料,A,poisson,4.381,2.0931,0.4778,0,high demand - stable
10021021001,寶礦力水得Pet345ml 寶礦力水得,A,poisson,3.5238,1.8772,0.5327,1,high demand - volatile
10021022001,舒跑Pet975ml 舒跑Pet975ml,B,poisson,1.0476,1.0235,0.977,1,medium demand - volatile
10021023001,動元素運動飲料Pet600ml,C,poisson,0.2857,0.5345,1.8708,2,low demand - intermittent
10021026001,黑松FIN補給飲料Pet1460ml 黑松FIN健康補,A,poisson,124.2381,11.1462,0.0897,0,high demand - stable
10021027001,黑松FIN補給飲料Can240ml,A,poisson,11.5238,3.3947,0.2946,0,high demand - stable
10021034001,黑松FIN補給飲料Pet975ml,A,poisson,2.9524,1.7182,0.582,1,high demand - volatile
10021035001,舒跑TP250 6入,A,poisson,32.5714,5.7071,0.1752,0,high demand - stable
10021040001,動元素運動飲料Pet1250ml,B,poisson,0.4286,0.6547,1.5275,2,medium demand - intermittent
10021042001,黑松FIN乳酸菌(乳酸風味)補給飲料PET580ml,B,poisson,1.5714,1.2536,0.7977,1,medium demand - volatile
10022003001,紅牛能量飲料Can355ml 紅牛能量飲料,C,poisson,0.1429,0.378,2.6458,2,low demand - intermittent
10022004001,白馬馬力夯提神飲料150ml,B,poisson,0.381,0.6172,1.6202,2,medium demand - intermittent
10022006001,紅牛能量飲料1入,B,poisson,0.4286,0.6547,1.5275,2,medium demand - intermittent
10022007001,保力達蠻牛160 ml,A,poisson,4.8571,2.2039,0.4537,0,high demand - stable
10022008001,金車奧利多Btl150ml,B,poisson,1.619,1.2724,0.7859,1,medium demand - volatile
10022009001,紅牛能量飲料4入Can355ml,C,poisson,0.2381,0.488,2.0494,2,low demand - intermittent
10022010001,康貝特來富飲料100 ml 康貝特來富飲料,C,poisson,0.2857,0.5345,1.8708,2,low demand - intermittent
10022011001,紅牛能量飲料4入 紅牛能量飲料4,A,poisson,2.2381,1.496,0.6684,1,high demand - volatile
10022012001,康貝特200P 康貝特200P,B,poisson,0.4286,0.6547,1.5275,2,medium demand - intermittent
10022014001,紅牛無糖能量飲料4入 紅牛無糖能量飲,B,poisson,0.8095,0.8997,1.1114,2,medium demand - intermittent
10022015001,保力達水蠻牛維他命B補給飲料,B,poisson,0.619,0.7868,1.271,2,medium demand - intermittent
10022016001,PowerBOMB活力爆發能量飲料 康貝特活力爆發,B,poisson,0.5714,0.7559,1.3229,2,medium demand - intermittent
10022020001,魔爪能量碳酸飲料Can355ml,B,poisson,0.7619,0.8729,1.1456,2,medium demand - intermittent
10022024001,黃金康貝特能量飲料150ml 黃金康貝特,B,poisson,0.3333,0.5774,1.7321,2,medium demand - intermittent
10022030001,金車奧利多Can240ml,A,poisson,7.0952,2.6637,0.3754,0,high demand - stable
10022908001,白魔爪能量碳酸飲料(超越)Can355ml,B,poisson,0.4286,0.6547,1.5275,2,medium demand - intermittent
10022910001,魔爪芒果狂歡能量碳酸飲料can355ml 魔爪芒果狂歡,C,poisson,0.1905,0.4364,2.2913,2,low demand - intermittent
10022915001,保力達蠻牛EX能量飲料Can250ml,C,poisson,0.2857,0.5345,1.8708,2,low demand - intermittent
10022916001,保力達蠻牛Slim維他命B Can250ml,B,poisson,0.381,0.6172,1.6202,2,medium demand - intermittent
10022918001,掠奪者能量飲料can 250ml,C,poisson,0.0476,0.2182,4.5826,2,low demand - intermittent
10023002001,桂格無糖養氣人蔘60mlx19 桂格無糖養氣人,B,poisson,1.1429,1.069,0.9354,1,medium demand - volatile
10023003001,白蘭氏雙認證雞精 41mlx6 雙認證雞精41x6,B,poisson,0.4762,0.6901,1.4491,2,medium demand - intermittent
10023004001,歐典生機養身黑木耳180ml,C,poisson,0.0476,0.2182,4.5826,2,low demand - intermittent
10023005001,老協珍人蔘精60mlx14入,B,poisson,0.7143,0.8452,1.1832,2,medium demand - intermittent
10023008001,白蘭氏黑醋栗+金盞花葉黃素精華飲60m 白蘭氏葉黃素飲,B,poisson,0.4762,0.6901,1.4491,2,medium demand - intermittent
10023011001,白蘭氏葉黃素精華凍15Gx21入 葉黃素精華凍,B,poisson,0.381,0.6172,1.6202,2,medium demand - intermittent
10023017001,桂格滴雞精52mlx9 滴雞精,B,poisson,0.381,0.6172,1.6202,2,medium demand - intermittent
10023020001,老協珍熬雞精14入,A,poisson,5.8095,2.4103,0.4149,0,high demand - stable
10023023001,白蘭氏旭沛人蔘蜆精60ml*15 人參蜆精60ml*1,C,poisson,0.0476,0.2182,4.5826,2,low demand - intermittent
10023025001,台糖蜆精62mlx19,C,poisson,0.0476,0.2182,4.5826,2,low demand - intermittent
10023027001,桂格養氣人蔘滋補液60mlx19 桂格養氣人蔘,B,normal,2.0476,1.4302,0.6984,1,medium demand - volatile
10023029001,桂格活靈芝滋補液60mlx19 桂格活靈芝,B,poisson,0.5238,0.7237,1.3817,2,medium demand - intermittent
10023031001,白蘭氏旭沛蜆精60ml*12 白蘭氏旭沛蜆精,C,poisson,0.2381,0.488,2.0494,2,low demand - intermittent
10023032001,天地合補純正官燕窩,C,poisson,0.0952,0.3086,3.2404,2,low demand - intermittent
10023035001,愛健萬丹紅紅豆水Pet530ml,B,poisson,1.1905,1.0911,0.9165,1,medium demand - volatile
10023037001,愛健御白玉薏仁水Pet530ml 愛健御白玉薏仁,C,poisson,0.0952,0.3086,3.2404,2,low demand - intermittent
10023038001,愛健黑豆水530ml,B,poisson,0.9048,0.9512,1.0513,2,medium demand - intermittent
10023041001,天然享活-有機黑木耳露,B,poisson,0.3333,0.5774,1.7321,2,medium demand - intermittent
10023043001,華佗粉光蔘靈芝雞精禮盒68ml*9 華佗粉光蔘靈芝,C,poisson,0.0476,0.2182,4.5826,2,low demand - intermittent
10023044001,天地合補葉黃素功能飲60mlx18 天地合補葉黃素,B,poisson,0.5238,0.7237,1.3817,2,medium demand - intermittent
10023049001,白蘭氏雙認證雞精68mlx19 雙認證68mlx19,B,poisson,0.8095,0.8997,1.1114,2,medium demand - intermittent
10023051001,桂格養氣人蔘雞精雙效滋補18入 桂格養氣人蔘雞,B,poisson,0.5238,0.7237,1.3817,2,medium demand - intermittent
10023054001,天地合補含鐵玫瑰四物飲12入 含鐵四物飲,C,poisson,0.2381,0.488,2.0494,2,low demand - intermittent
10023055001,桂格雙效活靈芝盒裝16瓶 桂格雙效活靈芝,C,poisson,0.1429,0.378,2.6458,2,low demand - intermittent
10023058001,白蘭氏強化型金盞花葉黃素精華飲60ml 強化型葉黃素,C,poisson,0.2381,0.488,2.0494,2,low demand - intermittent
10023061001,華陀扶元堂養氣雙蔘飲60mlx6,B,poisson,0.4286,0.6547,1.5275,2,medium demand - intermittent
10023063001,白蘭氏冬蟲夏草雞精68mlx18 白蘭氏蟲草雞精,C,poisson,0.2381,0.488,2.0494,2,low demand - intermittent
10023064001,天地合補青木瓜四物鐵120mlx6 青木瓜四物飲,C,poisson,0.1429,0.378,2.6458,2,low demand - intermittent
10023066001,白蘭氏養蔘飲60mlx18 白蘭氏養蔘飲60,B,poisson,0.381,0.6172,1.6202,2,medium demand - intermittent
10023068001,桂格冬蟲夏草養氣人蔘60mlx16,C,poisson,0.2381,0.488,2.0494,2,low demand - intermittent
10023073001,白蘭氏兒童學進雞精41mlx6 白蘭氏學進雞精,C,poisson,0.1905,0.4364,2.2913,2,low demand - intermittent
10023075001,桂格5X人蔘濃縮精華飲盒裝15ml*18包 5X人蔘濃縮精,C,poisson,0.0476,0.2182,4.5826,2,low demand - intermittent
10023078001,白蘭氏關鍵活躍雞精69mlx15入,B,poisson,0.3333,0.5774,1.7321,2,medium demand - intermittent
10023079001,白蘭氏萃雞精膠原蛋白菁萃50ml*9,C,poisson,0.1429,0.378,2.6458,2,low demand - intermittent
10023080001,華陀扶元堂龜鹿雙寶葡萄糖胺飲60mlx6,B,poisson,1.1905,1.0911,0.9165,1,medium demand - volatile
10023083001,白蘭氏雙認證雞精 68mlX12 雙認證雞精68*12,B,poisson,0.5238,0.7237,1.3817,2,medium demand - intermittent
10023087001,白蘭氏冰糖燕窩68mlx6 白蘭氏冰糖燕窩,C,poisson,0.0476,0.2182,4.5826,2,low demand - intermittent
10023093001,桂格養氣人蔘60mlX6,B,poisson,0.381,0.6172,1.6202,2,medium demand - intermittent
10023100001,桂格5X蜜人蔘濃縮精華飲盒裝15ml*185X蜜人蔘濃縮精,C,poisson,0.0476,0.2182,4.5826,2,low demand - intermittent
10023102001,白蘭氏冰糖燕窩禮盒70gx5,C,poisson,0.0476,0.2182,4.5826,2,low demand - intermittent
10023103001,老協珍熬雞精42mlx7入,B,poisson,0.619,0.7868,1.271,2,medium demand - intermittent
10023104001,老協珍人蔘精60mlx7入 老協珍人蔘精7,C,poisson,0.1429,0.378,2.6458,2,low demand - intermittent
10023106001,李時珍養氣人蔘精華飲35mlx18入 李時珍養氣人蔘,B,poisson,1.5714,1.2536,0.7977,1,medium demand - volatile
10023107001,華佗粉光蔘靈芝雞精68mlx18 粉光蔘雞精18,C,poisson,0.2381,0.488,2.0494,2,low demand - intermittent
10023110001,天地合補含鐵玫瑰四物120ml x6 天地合補含鐵,B,poisson,0.4286,0.6547,1.5275,2,medium demand - intermittent
10023114001,老協珍熬雞精暖薑口味42mlx14入 老協珍熬雞精薑,B,poisson,0.619,0.7868,1.271,2,medium demand - intermittent
10023124001,老協珍人蔘精麥蘆卡蜂蜜口味60mlx14入,C,poisson,0.2857,0.5345,1.8708,2,low demand - intermittent
10023892001,天地合補葡萄糖胺18入 天地合補葡萄糖,B,poisson,0.7619,0.8729,1.1456,2,medium demand - intermittent
10023991001,正官庄高麗蔘精Everytime秘10mlx20 正官庄高麗蔘精,C,poisson,0.2381,0.488,2.0494,2,low demand - intermittent
10023998001,天地合補金盞花葉黃素濃縮飲15mlx16入,C,poisson,0.1905,0.4364,2.2913,2,low demand - intermittent
10023999001,農純鄉滴雞精50mlx8入 農純鄉滴雞精,C,poisson,0.0476,0.2182,4.5826,2,low demand - intermittent
10024001001,健酪原味乳酸飲料,B,poisson,0.7619,0.8729,1.1456,2,medium demand - intermittent
10024003001,健酪乳酸飲料原味Pet1450ml,B,poisson,1.0,1.0,1.0,1,medium demand - volatile
10024004001,開心成長可爾必思蘋果口味160ml 蘋果,A,poisson,3.0,1.7321,0.5774,1,high demand - volatile
10024005001,健酪水蜜桃乳酸飲料 健酪水蜜桃乳酸,B,poisson,0.5238,0.7237,1.3817,2,medium demand - intermittent
10024006001,健酪藍莓乳酸飲料,C,poisson,0.1429,0.378,2.6458,2,low demand - intermittent
10024007001,開心成長可爾必思160ml,A,poisson,8.4762,2.9114,0.3435,0,high demand - stable
10024010001,可爾必思乳酸菌飲料Can335ml,A,poisson,3.619,1.9024,0.5257,1,high demand - volatile
10024011001,可爾必思乳酸菌飲料Pet500ml,A,poisson,4.2857,2.0702,0.483,0,high demand - stable
10024014001,健酪乳酸飲料原味Pet580ml,B,poisson,1.5238,1.2344,0.8101,1,medium demand - volatile
10024900001,SAKI 清涼脫脂乳飲料 250ML,C,poisson,0.1905,0.4364,2.2913,2,low demand - intermittent
10030001001,開喜凍頂烏龍茶無糖1.5L 開喜凍頂烏龍茶,B,poisson,0.4762,0.6901,1.4491,2,medium demand - intermittent
10030003001,光泉冷泡烏龍茶無糖Pet585 ml 光泉冷泡烏龍茶,A,poisson,12.4762,3.5322,0.2831,0,high demand - stable
10030005001,開喜凍頂烏龍茶有糖Pet1500ml 開喜凍頂烏龍茶,A,poisson,2.9524,1.7182,0.582,1,high demand - volatile
10030007001,原萃文山包種烏龍茶580ml 原萃文山包種烏,A,poisson,23.2381,4.8206,0.2074,0,high demand - stable
10030008001,原萃冷萃金萱烏龍 450ml 冷萃金萱烏龍Pet,A,poisson,2.8571,1.6903,0.5916,1,high demand - volatile
10030011001,御茶園金萱烏龍PET550ml 御茶園金萱烏龍P,A,poisson,7.3333,2.708,0.3693,0,high demand - stable
10030012001,悅氏黃金烏龍茶無糖Pet2000ml 悅氏烏龍茶-無糖,A,poisson,4.2857,2.0702,0.483,0,high demand - stable
10030013001,開喜凍頂烏龍茶微糖TP 250ml,A,poisson,16.2857,4.0356,0.2478,0,high demand - stable
10030014001,茶裏王白毫烏龍茶微甜Pet 600ml,A,poisson,7.1429,2.6726,0.3742,0,high demand - stable
10030015001,茶裏王青心烏龍無糖Pet600ml,A,poisson,3.7619,1.9396,0.5156,1,high demand - volatile
10030016001,立頓茶佐茶無糖烏龍紅 535ml,A,poisson,5.0952,2.2573,0.443,0,high demand - stable
10030017001,冷泡茶茶王烏龍 1235ml 茶王烏龍 1235ml,B,poisson,1.5238,1.2344,0.8101,1,medium demand - volatile
10030018001,悅氏黑烏龍茶 2000ml 悅氏黑烏龍茶2L,A,poisson,4.1429,2.0354,0.4913,0,high demand - stable
10030019001,濃韻烏龍茶Pet 600ml,B,poisson,1.5238,1.2344,0.8101,1,medium demand - volatile
10030020001,濃韻烏龍茶 975mL 濃韻烏龍茶975ml,B,poisson,0.5238,0.7237,1.3817,2,medium demand - intermittent
10030021001,開喜凍頂烏龍茶(無糖)Pet575ml 開喜烏龍茶無糖,B,poisson,1.4286,1.1952,0.8367,1,medium demand - volatile
10030022001,開喜凍頂烏龍茶有糖Pet575ml 開喜烏龍茶低糖,A,poisson,3.2857,1.8127,0.5517,1,high demand - volatile
10030023001,原萃冷萃平安超值組 450ml*12入組 原萃冷萃超值組,A,poisson,19.4762,4.4132,0.2266,0,high demand - stable
10030030001,冷泡茶冰釀烏龍無糖Pet1235ml 烏龍茶,B,poisson,2.2381,1.496,0.6684,1,medium demand - volatile
10030045001,茶之初烏龍茶 535ml 茶之初烏龍茶,A,poisson,3.0,1.7321,0.5774,1,high demand - volatile
10030046001,冷泡茶茶王烏龍585ml,A,poisson,4.9048,2.2147,0.4515,0,high demand - stable
10030048001,原萃木柵鐵觀音 580ml,A,poisson,23.0476,4.8008,0.2083,0,high demand - stable
10030049001,原萃文山包種烏龍茶1250ml 包種烏龍茶1.25L,A,poisson,2.9048,1.7043,0.5867,1,high demand - volatile
10031001001,泰山冰鎮檸檬紅茶250ml 泰山冰鎮紅茶,A,poisson,31.7143,5.6315,0.1776,0,high demand - stable
10031003001,KIRIN午後紅茶-紅茶 Pet500ml,C,poisson,0.2857,0.5345,1.8708,2,low demand - intermittent
10031004001,御茶園特上紅茶Pet 550ml,A,poisson,6.3333,2.5166,0.3974,0,high demand - stable
10031006001,生活蘇格蘭紅茶 590ml,C,poisson,0.0952,0.3086,3.2404,2,low demand - intermittent
10031007001,茶裏王英式紅茶Pet600ml,A,poisson,4.7143,2.1712,0.4606,0,high demand - stable
10031009001,健茶王蜜香烏龍540ml,B,poisson,0.3333,0.5774,1.7321,2,medium demand - intermittent
10031011001,麥香阿薩姆紅茶1250ml,A,poisson,4.6667,2.1602,0.4629,0,high demand - stable
10031012001,泰山冰鎮檸檬紅茶Pet535ml,A,poisson,2.7143,1.6475,0.607,1,high demand - volatile
10031013001,統一麥香紅茶TP375ml,A,poisson,34.2381,5.8513,0.1709,0,high demand - stable
10031015001,生活日月潭無糖紅茶590ml,B,poisson,0.4286,0.6547,1.5275,2,medium demand - intermittent
10031016001,生活泡沫紅茶TP250ml 生活泡沫紅茶,A,poisson,8.381,2.895,0.3454,0,high demand - stable
10031017001,阿薩姆紅茶300ml,A,poisson,6.381,2.5261,0.3959,0,high demand - stable
10031019001,麥香阿薩姆紅茶Pet600ml,A,poisson,3.6667,1.9149,0.5222,1,high demand - volatile
10031021001,阿薩姆雙茶會烏龍紅茶330ml 阿薩姆烏龍紅茶,C,poisson,0.1429,0.378,2.6458,2,low demand - intermittent
10031022001,雀巢茶品錫蘭原葉紅茶530ml 雀巢錫蘭紅茶,B,poisson,0.381,0.6172,1.6202,2,medium demand - intermittent
10031023001,光泉茉莉茶園蘋果紅茶585ml,B,poisson,0.9524,0.9759,1.0247,2,medium demand - intermittent
10031025001,波蜜靠茶極品紅茶580ml,A,poisson,8.0952,2.8452,0.3515,0,high demand - stable
10031026001,泰山冰鎮紅茶1250ml,B,poisson,0.619,0.7868,1.271,2,medium demand - intermittent
10031030001,茶之初紅茶535ml,C,poisson,0.1429,0.378,2.6458,2,low demand - intermittent
10031031001,義美錫蘭紅茶TP250ml 義美錫蘭紅茶,A,poisson,13.7619,3.7097,0.2696,0,high demand - stable
10031033001,原萃錫蘭無糖紅茶580ml 原萃錫蘭紅茶,A,poisson,12.6667,3.559,0.281,0,high demand - stable
10031899001,KIRIN午後紅茶-原味紅茶 1500ml KIRIN午後紅茶,B,poisson,0.4762,0.6901,1.4491,2,medium demand - intermittent
10031901001,御茶園特上紅茶 1250ml 特上紅茶Pet,A,poisson,5.1429,2.2678,0.441,0,high demand - stable
10031902001,光泉冷泡茶英倫無糖紅茶585ml,A,poisson,4.1905,2.0471,0.4885,0,high demand - stable
10031909001,KIRIN午後紅茶-無糖紅茶500ml,C,poisson,0.0476,0.2182,4.5826,2,low demand - intermittent
10031910001,波蜜靠茶初茗紅茶 250ml 靠茶初茗紅茶TP,A,normal,17.2857,9.5775,0.5541,1,high demand - volatile
10031911001,午后時光錫蘭紅茶 250ml,A,poisson,7.7619,2.786,0.3589,0,high demand - stable
10031916001,原萃冷萃蜜香福氣組 450mlx12入組 冷萃蜜香福氣組,A,poisson,11.6667,3.4157,0.2928,0,high demand - stable
10032001001,麥香阿薩姆奶茶Pet1250ml,B,poisson,2.1429,1.4639,0.6831,1,medium demand - volatile
10032003001,阿薩姆奶茶TP350ml,A,poisson,8.5714,2.9277,0.3416,0,high demand - stable
10032004001,KIRIN午後紅茶-奶茶 Pet 500ml KIRIN 午後紅茶,C,poisson,0.3333,0.5774,1.7321,2,low demand - intermittent
10032005001,阿薩姆咖啡奶茶TP350ml,C,poisson,0.0476,0.2182,4.5826,2,low demand - intermittent
10032006001,立頓奶茶TP250ml,A,poisson,34.0,5.831,0.1715,0,high demand - stable
10032007001,立頓萃香奶綠535ml 立頓奶綠535ml,B,poisson,0.3333,0.5774,1.7321,2,medium demand - intermittent
10032008001,立頓瑞士巧克力奶茶TP250ml 瑞士巧克力奶茶,A,poisson,16.5238,4.0649,0.246,0,high demand - stable
10032010001,立頓鮮漾綠奶茶TP250ml 立頓鮮漾綠奶茶,A,poisson,22.3333,4.7258,0.2116,0,high demand - stable
10032011001,阿薩姆草莓奶茶TP250ml,A,poisson,5.8095,2.4103,0.4149,0,high demand - stable
10032013001,統一麥香奶茶TP375ml,A,poisson,31.0,5.5678,0.1796,0,high demand - stable
10032014001,御茶園特上奶茶550ml 御茶園特上奶茶,A,poisson,3.0476,1.7457,0.5728,1,high demand - volatile
10032015001,麥香阿薩姆奶茶Pet600ml,A,poisson,3.3333,1.8257,0.5477,1,high demand - volatile
10032016001,御茶園特上奶茶250ml,A,poisson,30.6667,5.5377,0.1806,0,high demand - stable
10032019001,午后時光阿薩姆奶茶250ml,A,poisson,11.0952,3.331,0.3002,0,high demand - stable
10032020001,紅茶花伝皇家奶茶Pet 470ml,A,poisson,5.5238,2.3503,0.4255,0,high demand - stable
10032023001,紅牌蜂蜜奶茶 300ml 紅牌蜂蜜奶茶TP,B,poisson,0.619,0.7868,1.271,2,medium demand - intermittent
10032046001,阿薩姆蘋果奶茶TP250ml,A,poisson,4.619,2.1492,0.4653,0,high demand - stable
10032047001,阿薩姆原味奶茶TP250ml,A,poisson,26.9524,5.1916,0.1926,0,high demand - stable
10032048001,立頓英式奶茶535ml,B,poisson,1.1429,1.069,0.9354,1,medium demand - volatile
10032049001,義美錫蘭奶茶 250ML,A,poisson,8.9524,2.9921,0.3342,0,high demand - stable
10032052001,雀巢茶品阿薩姆慢火奶茶 Pet 500ml 雀巢阿薩姆奶茶,B,poisson,0.5714,0.7559,1.3229,2,medium demand - intermittent
10032054001,阿薩姆茶會烏龍奶茶 330ml,B,poisson,0.3333,0.5774,1.7321,2,medium demand - intermittent
10032055001,光泉午后時光重乳奶茶330ml 光泉重乳奶茶TP,A,poisson,6.1905,2.4881,0.4019,0,high demand - stable
10032059001,伯朗絲絨奶茶 580ml,B,poisson,0.8571,0.9258,1.0801,2,medium demand - intermittent
10032064001,午后時光伯爵奶茶250ml,A,poisson,7.5714,2.7516,0.3634,0,high demand - stable
10032081001,紅茶花伝太妃糖風味岩鹽奶茶470ml 太妃糖岩鹽奶茶,B,poisson,0.5714,0.7559,1.3229,2,medium demand - intermittent
10033001001,原萃冷萃日式深蒸綠茶 450ml 原萃冷萃綠茶Pet,A,poisson,2.2381,1.496,0.6684,1,high demand - volatile
10033002001,冷泡茶春釀綠茶微甜Pet1235ml 冷泡春釀綠1235,B,poisson,0.7619,0.8729,1.1456,2,medium demand - intermittent
10033003001,光泉冷泡茶春釀綠茶微甜Pet585,A,poisson,3.0952,1.7593,0.5684,1,high demand - volatile
10033004001,原萃日式綠茶580ml,A,poisson,31.5714,5.6188,0.178,0,high demand - stable
10033005001,生活泡沫花茶TP250ml 生活泡沫花茶TP,A,poisson,11.1905,3.3452,0.2989,0,high demand - stable
10033006001,悅氏日式綠茶無糖Pet2000ml,A,poisson,5.0,2.2361,0.4472,0,high demand - stable
10033010001,黑松茶花綠茶 1230ml 茶花綠茶1230ml,A,poisson,6.0,2.4495,0.4082,0,high demand - stable
10033011001,光泉冷泡綠茶無糖Pet585ml,A,poisson,8.7143,2.952,0.3388,0,high demand - stable
10033012001,悅氏油切綠茶550ml,B,poisson,1.381,1.1751,0.851,1,medium demand - volatile
10033013001,每朝健康綠茶無糖650ml,A,poisson,14.8095,3.8483,0.2599,0,high demand - stable
10033014001,茶裏王台式綠茶微甜Pet600ml,A,poisson,5.619,2.3705,0.4219,0,high demand - stable
10033015001,茶裏王日式綠茶無糖600ml,A,poisson,16.1905,4.0237,0.2485,0,high demand - stable
10033016001,原萃日式綠茶Pet1250ml 原萃日式綠茶Pe,A,poisson,5.4762,2.3401,0.4273,0,high demand - stable
10033017001,黑松茶尋味新日式綠茶 1230ml 茶尋味綠茶1.23L,B,poisson,1.9048,1.3801,0.7246,1,medium demand - volatile
10033018001,原萃綠茶玉露 Pet 580ml,A,poisson,32.5714,5.7071,0.1752,0,high demand - stable
10033019001,御茶園日式綠茶無糖Pet1250ml 御茶園日式綠茶,A,poisson,7.1429,2.6726,0.3742,0,high demand - stable
10033020001,悅氏綠茶微甜Pet2000ml,A,poisson,3.7143,1.9272,0.5189,1,high demand - volatile
10033022001,冷泡茶冷萃綠茶無糖1235ml 綠茶,B,poisson,0.9048,0.9512,1.0513,2,medium demand - intermittent
10033023001,KIRIN生茶 525ml,B,poisson,0.7619,0.8729,1.1456,2,medium demand - intermittent
10033025001,生活泡沫綠茶-微甜TP250ml 生活泡沫綠茶,A,poisson,29.4762,5.4292,0.1842,0,high demand - stable
10033026001,茶裏王台式綠茶微甜Pet1250ml,A,poisson,2.8095,1.6762,0.5966,1,high demand - volatile
10033027001,茶之初台灣四季春 535ml 茶之初四季春Pet,A,poisson,3.9048,1.976,0.5061,1,high demand - volatile
10033028001,御茶園特撰日式綠茶550ml,A,poisson,6.3333,2.5166,0.3974,0,high demand - stable
10033029001,濃韻日式綠茶Pet 600ml 濃韻日式綠茶,C,poisson,0.2857,0.5345,1.8708,2,low demand - intermittent
10033030001,黑松茶尋味新日式綠茶590ml 茶尋味新日式綠,A,poisson,11.2381,3.3523,0.2983,0,high demand - stable
10033031001,古道梅子綠茶1500ml 古道梅子綠1.5L,B,poisson,0.9524,0.9759,1.0247,2,medium demand - intermittent
10033033001,Arizona綠茶 綠茶,B,poisson,0.5714,0.7559,1.3229,2,medium demand - intermittent
10033034001,茶裏王日式綠茶無糖Pet1250 ml,A,poisson,4.2857,2.0702,0.483,0,high demand - stable
10033037001,御茶園特上綠茶 250ml 御茶園特上綠茶,A,poisson,24.9524,4.9952,0.2002,0,high demand - stable
10033038001,御茶園冰釀綠茶微甜Pet1250ml 御茶園冰釀綠茶,A,poisson,3.5714,1.8898,0.5292,1,high demand - volatile
10033041001,愛之味健康油切分解茶無糖 590ml,A,poisson,15.7143,3.9641,0.2523,0,high demand - stable
10033043001,御茶園台灣四季春PET550ml 御茶園四季春,A,poisson,50.2857,7.0912,0.141,0,high demand - stable
10033044001,悅氏梅子綠茶微甜Pet2000ml,A,poisson,6.0,2.4495,0.4082,0,high demand - stable
10033046001,古道梅子綠茶微甜Pet600ml,A,poisson,3.4286,1.8516,0.5401,1,high demand - volatile
10033048001,古道百香綠茶微甜Pet600ml 古道百香綠茶,B,poisson,0.8571,0.9258,1.0801,2,medium demand - intermittent
10033049001,悅氏健茶到油切綠無糖Pet 2000ml,A,poisson,4.4286,2.1044,0.4752,0,high demand - stable
10033050001,原萃日式焙茶 580ml 原萃日式焙茶Pet,A,poisson,12.1905,3.4915,0.2864,0,high demand - stable
10033052001,超油切綠茶無糖Pet600ml,C,poisson,0.0952,0.3086,3.2404,2,low demand - intermittent
10033053001,悅氏四季春茶2000ml 悅氏四季春茶2L,A,poisson,5.0952,2.2573,0.443,0,high demand - stable
10033054001,黑松茶尋味台灣青茶 590ml 茶尋味青茶590ml,A,poisson,9.5714,3.0938,0.3232,0,high demand - stable
10033056001,御茶園特撰冰釀綠茶550ml 御茶園特選冰釀,A,poisson,4.9524,2.2254,0.4494,0,high demand - stable
10033057001,每朝健康雙纖綠茶650ml,A,poisson,16.8571,4.1057,0.2436,0,high demand - stable
10033062001,生活泡沫綠茶-微甜Pet590ml 生活泡沫綠茶,C,poisson,0.0952,0.3086,3.2404,2,low demand - intermittent
10033064001,統一麥香綠茶TP375ml,A,poisson,21.0476,4.5878,0.218,0,high demand - stable
10033065001,御茶園台灣四季春 1250ml 四季春1250ml,A,poisson,5.0476,2.2467,0.4451,0,high demand - stable
10033066001,御茶園日式生茶 550ml 御茶園日式生茶,A,poisson,9.2381,3.0394,0.329,0,high demand - stable
10033068001,波蜜靠茶初茗綠茶 250ml 初茗綠茶TP,A,poisson,13.0476,3.6121,0.2768,0,high demand - stable
10033070001,黑松茶花綠茶-無糖Pet580ml,A,poisson,8.7143,2.952,0.3388,0,high demand - stable
10033073001,爽健美茶PET 1250ml 爽健美茶,B,poisson,1.5714,1.2536,0.7977,1,medium demand - volatile
10033074001,爽健美茶PET 535ml 爽健美茶,A,poisson,13.6667,3.6968,0.2705,0,high demand - stable
10033075001,悅氏茶花綠茶無糖 2000ml,A,poisson,7.0,2.6458,0.378,0,high demand - stable
10033082001,御茶園綠茶-研磨綠茶入550ml,A,poisson,4.4286,2.1044,0.4752,0,high demand - stable
10034002001,泰山冰鎮芭樂綠茶Pet535ml,B,poisson,1.0,1.0,1.0,1,medium demand - volatile
10034003001,茉莉茶園茉香柚茶 250ml 光泉茉莉柚茶,A,poisson,15.7143,3.9641,0.2523,0,high demand - stable
10034004001,立頓檸檬紅茶TP250ml 立頓檸檬茶TP,A,poisson,11.7143,3.4226,0.2922,0,high demand - stable
10034006001,古道綠茶Pet 2L,B,poisson,0.3333,0.5774,1.7321,2,medium demand - intermittent
10034007001,泰山冰鎮水果茶 535ml 泰山冰鎮水果茶,B,poisson,1.9048,1.3801,0.7246,1,medium demand - volatile
10034011001,茉莉茶園蘋果紅茶 250ml 蘋果紅茶TP,A,poisson,11.2857,3.3594,0.2977,0,high demand - stable
10034012001,雀巢茶品檸檬茶530ml 雀巢茶品檸檬茶,B,normal,1.2857,1.2778,0.9938,1,medium demand - volatile
10034013001,貝思寶兒蜜桃果茶 330ml 蜜桃果茶330ml,B,poisson,1.0476,1.0235,0.977,1,medium demand - volatile
10034014001,雀巢茶品檸檬茶TP300ml,A,poisson,10.4762,3.2367,0.309,0,high demand - stable
10034015001,貝思寶兒覆盆子果茶 330ml,B,poisson,0.6667,0.8165,1.2247,2,medium demand - intermittent
10034016001,波蜜靠茶四季青茶580ml 波蜜靠茶四季青,A,poisson,2.4762,1.5736,0.6355,1,high demand - volatile
10034017001,茉莉茶園檸檬茶 250ml,A,poisson,7.3333,2.708,0.3693,0,high demand - stable
10034018001,雀巢茶品檸檬茶 1250ml,B,poisson,0.3333,0.5774,1.7321,2,medium demand - intermittent
10034019001,御茶園特上檸檬茶 250ml,A,poisson,25.619,5.0615,0.1976,0,high demand - stable
10034020001,飛想茶檸檬紅茶300ml 飛想茶檸檬紅茶,A,poisson,4.619,2.1492,0.4653,0,high demand - stable
10034022001,伊藤園TEASTEA蘋果紅茶535ml,B,poisson,0.4286,0.6547,1.5275,2,medium demand - intermittent
10034023001,飛想茶檸檬紅茶580ml,B,poisson,1.2857,1.1339,0.8819,1,medium demand - volatile
10034024001,波爾茶檸檬口味 320ml,A,poisson,4.9048,2.2147,0.4515,0,high demand - stable
10034025001,泰山冰鎮水果茶TP250ml,A,poisson,19.0,4.3589,0.2294,0,high demand - stable
10034026001,飛想茶檸檬紅茶1250ml,B,poisson,1.0476,1.0235,0.977,1,medium demand - volatile
10034027001,古道百香綠茶300ml,A,poisson,6.8095,2.6095,0.3832,0,high demand - stable
10034031001,KIRIN 午後紅茶-檸檬紅茶500ml,C,poisson,0.2381,0.488,2.0494,2,low demand - intermittent
10034032001,古道梅子綠茶300ml,B,poisson,1.0476,1.0235,0.977,1,medium demand - volatile
10034033001,御茶園特上檸檬茶PET550ml 特上檸檬紅茶,B,poisson,1.8095,1.3452,0.7434,1,medium demand - volatile
10034036001,泰山冰鎮葡萄鮮冰茶 250ml 泰山冰鎮葡萄茶,A,poisson,14.0476,3.748,0.2668,0,high demand - stable
10034039001,雀巢茶品翡翠檸檬蜜茶300ml,A,poisson,5.2857,2.2991,0.435,0,high demand - stable
10034040001,雀巢茶品翡翠檸檬蜜茶 530ml,B,poisson,0.4762,0.6901,1.4491,2,medium demand - intermittent
10034041001,伊藤園TEASTEA蜜桃紅茶535ml,C,poisson,0.3333,0.5774,1.7321,2,low demand - intermittent
10034042001,茉莉茶園蜜茶 250ml,A,poisson,33.381,5.7776,0.1731,0,high demand - stable
10034043001,茶本淨草本舒壓有機洋甘菊茶580ml,B,poisson,0.5238,0.7237,1.3817,2,medium demand - intermittent
10034044001,光泉茉莉蜜茶 585ml,C,poisson,0.0952,0.3086,3.2404,2,low demand - intermittent
10034045001,古道雙味果茶蘋果蜜桃茶575ml,B,poisson,0.9048,0.9512,1.0513,2,medium demand - intermittent
10034046001,悅氏檸檬紅茶2000ml 悅氏檸檬紅茶20,B,poisson,1.8571,1.3628,0.7338,1,medium demand - volatile
10034047001,茶本淨草本舒壓南非綠博士茶580ml 有機博士茶580ml,C,poisson,0.0952,0.3086,3.2404,2,low demand - intermittent
10034049001,KIRIN午後紅茶 - 檸檬紅茶1500ml,B,poisson,0.619,0.7868,1.271,2,medium demand - intermittent
10034050001,波爾茶葡萄柚口味320ml,A,poisson,5.4286,2.3299,0.4292,0,high demand - stable
10034057001,古道百香綠茶 Pet 2000ml 古道百綠茶2L,B,poisson,0.619,0.7868,1.271,2,medium demand - intermittent
10034999001,光泉正庄蜂蜜菊花茶250ml 光泉蜂蜜菊花茶,A,poisson,12.0952,3.4778,0.2875,0,high demand - stable
10035001001,愛之味麥仔茶1480ml,A,poisson,5.0,2.2361,0.4472,0,high demand - stable
10035002001,悅氏麥仔茶Pet2000ml,A,poisson,5.9524,2.4398,0.4099,0,high demand - stable
10035003001,味丹青草茶Pet1480ml,B,poisson,2.3333,1.5275,0.6547,1,medium demand - volatile
10035006001,義美桂圓紅棗茶TP250ml,A,poisson,3.5238,1.8772,0.5327,1,high demand - volatile
10035010001,泰山仙草蜜茶500ml,A,poisson,2.9524,1.7182,0.582,1,high demand - volatile
10035011001,悅氏青草茶Pet2000ml 悅氏青草茶,B,poisson,0.5714,0.7559,1.3229,2,medium demand - intermittent
10035012001,味丹青草茶Pet560ml 味丹青草茶,A,poisson,4.7619,2.1822,0.4583,0,high demand - stable
10035013001,味丹冬瓜茶Pet560ml,A,poisson,3.0,1.7321,0.5774,1,high demand - volatile
10035015001,泰山仙草蜜Can330ml,A,poisson,12.9048,3.5923,0.2784,0,high demand - stable
10035017001,悅氏六茶 550ml,A,poisson,7.0,2.6458,0.378,0,high demand - stable
10035024001,Asahi十六茶 990ml 十六茶 990ml,B,poisson,0.7143,0.8452,1.1832,2,medium demand - intermittent
10035027001,愛之味多纖微礦麥仔茶(無糖)590ml,C,poisson,0.2857,0.5345,1.8708,2,low demand - intermittent
10035028001,光泉正庄冬瓜茶 250ml,A,poisson,6.0476,2.4592,0.4066,0,high demand - stable
10035033001,鴻福堂竹蔗茅根500ml 竹蔗茅根500ml,C,poisson,0.0952,0.3086,3.2404,2,low demand - intermittent
10035034001,波蜜漢宮冬瓜茶TP250ml,A,poisson,16.8571,4.1057,0.2436,0,high demand - stable
10035035001,愛之味麥仔茶 TP250ml,A,poisson,37.1429,6.0945,0.1641,0,high demand - stable
10035036001,愛之味分解茶-秋薑黃Pet590ml,B,normal,1.0952,1.1508,1.0507,2,medium demand - intermittent
10035037001,鴻福堂凍檸茶 500ml 凍檸茶 500ml,C,poisson,0.1905,0.4364,2.2913,2,low demand - intermittent
10035038001,鴻福堂港式涼茶夏枯草500ml 夏枯草500ml,C,poisson,0.0952,0.3086,3.2404,2,low demand - intermittent
10035041001,泰山仙草凍255g,B,poisson,0.4286,0.6547,1.5275,2,medium demand - intermittent
10035046001,愛之味麥仔茶590ml,C,poisson,0.1905,0.4364,2.2913,2,low demand - intermittent
10035051001,鮮芋仙嫩仙草凍飲 320g 嫩仙草凍飲Can,C,poisson,0.0952,0.3086,3.2404,2,low demand - intermittent
10035052001,鮮芋仙嫩仙草冬瓜露 320g 嫩仙草冬瓜露Can,C,poisson,0.1429,0.378,2.6458,2,low demand - intermittent
10040001001,法國Contrex天然礦泉水 Contrex礦泉水,C,poisson,0.2381,0.488,2.0494,2,low demand - intermittent
10040002001,Evian依雲礦泉水500ml,A,poisson,2.7143,1.6475,0.607,1,high demand - volatile
10040003001,悅氏礦泉水1500ml,A,poisson,11.1429,3.3381,0.2996,0,high demand - stable
10040004001,味丹多喝水6200ml,A,poisson,15.6667,3.9581,0.2526,0,high demand - stable
10040005001,悅氏礦泉水600ml,A,poisson,11.4286,3.3806,0.2958,0,high demand - stable
10040008001,泰山純水1500ml,A,poisson,6.1905,2.4881,0.4019,0,high demand - stable
10040009001,味丹多喝水1500ml,A,poisson,4.381,2.0931,0.4778,0,high demand - stable
10040010001,味丹多喝水600ml,A,poisson,3.8095,1.9518,0.5123,1,high demand - volatile
10040011001,舒跑 鹼性離子水PET 850ml 舒跑 鹼性離子,B,poisson,0.9524,0.9759,1.0247,2,medium demand - intermittent
10040012001,家福法國天然礦泉水1500毫升 家福礦泉水,C,poisson,0.2381,0.488,2.0494,2,low demand - intermittent
10040013001,家福竹炭水280ml,A,poisson,3.5238,1.8772,0.5327,1,high demand - volatile
10040014001,波爾天然水600ml 波爾天然水,C,poisson,0.3333,0.5774,1.7321,2,low demand - intermittent
10040015001,法國富維克天然礦泉水運動瓶Pet750ml 富維克運動瓶,B,poisson,0.381,0.6172,1.6202,2,medium demand - intermittent
10040016001,泰山純水700ml,B,poisson,1.9048,1.3801,0.7246,1,medium demand - volatile
10040017001,波爾天然水1500ml,C,poisson,0.1429,0.378,2.6458,2,low demand - intermittent
10040018001,味丹多喝水2000ml,A,poisson,3.0952,1.7593,0.5684,1,high demand - volatile
10040019001,悅氏Light鹼性水6000ml,A,poisson,5.619,2.3705,0.4219,0,high demand - stable
10040020001,家福竹炭水600ml,A,poisson,4.4762,2.1157,0.4727,0,high demand - stable
10040021001,富維克礦泉水500 ml,B,poisson,0.4762,0.6901,1.4491,2,medium demand - intermittent
10040022001,統一 PH9.0鹼性離子水800ml,A,poisson,3.2857,1.8127,0.5517,1,high demand - volatile
10040023001,台鹽海洋鹼性離子水Pet850ml,A,poisson,8.381,2.895,0.3454,0,high demand - stable
10040024001,富維克礦泉水1500ml,C,poisson,0.381,0.6172,1.6202,2,low demand - intermittent
10040025001,悅氏天然水6000ml,A,poisson,13.8095,3.7161,0.2691,0,high demand - stable
10040026001,統一H2O純水5800ml,A,poisson,12.2857,3.5051,0.2853,0,high demand - stable
10040027001,台鹽海洋鹼性離子水PET420ml,A,poisson,2.4286,1.5584,0.6417,1,high demand - volatile
10040028001,維大力淨化純水6000ml 淨化純水,B,poisson,1.0,1.0,1.0,1,medium demand - volatile
10040031001,普娜天然礦泉水Btl750 普娜天然礦泉水,C,poisson,0.2857,0.5345,1.8708,2,low demand - intermittent
10040032001,悅氏礦泉水 330ml,A,poisson,6.5238,2.5542,0.3915,0,high demand - stable
10040033001,悅氏天然水2200ml,A,poisson,3.8095,1.9518,0.5123,1,high demand - volatile
10040034001,味丹竹炭礦泉水700ml,B,poisson,0.6667,0.8165,1.2247,2,medium demand - intermittent
10040035001,家福竹炭水1500ml,B,normal,1.2857,1.2778,0.9938,1,medium demand - volatile
10040037001,家福竹炭水6000ml,A,poisson,3.8571,1.964,0.5092,1,high demand - volatile
10040038001,悅氏 Light鹼性水2200ml 悅氏 Light鹼性,B,poisson,1.0476,1.0235,0.977,1,medium demand - volatile
10040039001,家樂福超值純水6000ml,A,poisson,20.0952,4.4828,0.2231,0,high demand - stable
10040040001,波爾天然水6000ml,A,poisson,3.7143,1.9272,0.5189,1,high demand - volatile
10040041001,悅氏Light鹼性水隨手瓶Pet330ml 鹼性水,A,poisson,4.1429,2.0354,0.4913,0,high demand - stable
10040042001,泰山純水5L,A,poisson,4.1905,2.0471,0.4885,0,high demand - stable
10040044001,Evian依雲礦泉水1000ml,B,poisson,0.381,0.6172,1.6202,2,medium demand - intermittent
10040048001,多喝水微鹼性竹炭離子水Pet2000ml 微鹼竹炭離子水,A,poisson,5.6667,2.3805,0.4201,0,high demand - stable
10040049001,味丹竹炭礦泉水6200ml,A,poisson,6.6667,2.582,0.3873,0,high demand - stable
10040050001,台鹽海洋鹼性離子水Pet1500ml,B,poisson,1.3333,1.1547,0.866,1,medium demand - volatile
10040056001,泰山環保包裝水1460ml,B,poisson,0.4286,0.6547,1.5275,2,medium demand - intermittent
10040058001,泰山純水600ml,A,poisson,4.4286,2.1044,0.4752,0,high demand - stable
10040062001,家樂福超值純水  1500ml,A,poisson,17.4286,4.1748,0.2395,0,high demand - stable
10040063001,家樂福超值純水  600ml,A,poisson,15.7143,3.9641,0.2523,0,high demand - stable
10040066001,悅氏Light鹼性水720ml,A,poisson,3.4762,1.8645,0.5363,1,high demand - volatile
10040069001,家福天然水 550ml毫升 家福天然水 550m,C,poisson,0.0476,0.2182,4.5826,2,low demand - intermittent
10040071001,家福鹼性離子水850ml,B,poisson,1.0952,1.0465,0.9555,1,medium demand - volatile
10040072001,北海道大雪山天然礦泉水Pet 550ml,C,poisson,0.0476,0.2182,4.5826,2,low demand - intermittent
10040078001,味丹多喝水微鹼性竹炭離子水Pet850ml,C,poisson,0.0476,0.2182,4.5826,2,low demand - intermittent
10040079001,水事紀麥飯石礦泉水5000ml,A,poisson,4.7143,2.1712,0.4606,0,high demand - stable
10040080001,Solan西班牙神藍天然礦泉水Pet500ml 西班牙神藍水,C,poisson,0.0476,0.2182,4.5826,2,low demand - intermittent
10040081001,統一H2O純水1500ml,A,poisson,4.0952,2.0237,0.4942,0,high demand - stable
10040082001,家樂福天然水 1500 ml 天然水1.5L,B,poisson,1.4762,1.215,0.8231,1,medium demand - volatile
10040089001,天泉溫泉水(鹼性軟水)PET600ml,C,poisson,0.0476,0.2182,4.5826,2,low demand - intermittent
10040094001,家樂福天然水 6.3L,A,poisson,6.6667,2.582,0.3873,0,high demand - stable
10040111001,悅氏light鹼性水Pet1450ml 悅氏light鹼性水,B,poisson,2.0476,1.431,0.6988,1,medium demand - volatile
10041001001,聖沛黎洛氣泡礦泉水750ml,C,poisson,0.2381,0.488,2.0494,2,low demand - intermittent
10041002001,Perrier 汽泡礦泉水330ml 汽泡礦泉水(小),A,poisson,3.4286,1.8516,0.5401,1,high demand - volatile
10041003001,Perrier 汽泡礦泉水750ml 汽泡礦泉水(大),B,poisson,2.0952,1.4475,0.6908,1,medium demand - volatile
10041004001,泰山Cheers奇兒思氣泡水Pet500ml,A,poisson,2.7619,1.6619,0.6017,1,high demand - volatile
10041005001,亞莉佳氣泡礦泉水1500ml,C,poisson,0.1429,0.378,2.6458,2,low demand - intermittent
10041006001,舒味思伯爵紅茶風味氣泡水PET500ml 舒味思氣泡水,A,poisson,2.381,1.543,0.6481,1,high demand - volatile
10041007001,家樂福爽暢飲氣泡水500ml毫升,B,poisson,1.0476,1.0235,0.977,1,medium demand - volatile
10041008001,舒味思氣泡水纖維+Pet500ml 舒味思纖維+,B,poisson,1.381,1.1751,0.851,1,medium demand - volatile
10041009001,聖沛黎洛氣泡礦泉水250ml 聖沛黎洛氣泡礦,B,poisson,0.381,0.6172,1.6202,2,medium demand - intermittent
10041013001,聖碧濤義大利天然氣泡礦泉水Pet1.5L 聖碧濤氣泡水,C,poisson,0.0952,0.3086,3.2404,2,low demand - intermittent
10041014001,家樂福ULTRA爽暢飲氣泡水500ml毫升,C,poisson,0.0476,0.2182,4.5826,2,low demand - intermittent
10041020001,亞莉佳氣泡礦泉水1000ml 亞莉佳氣泡水,B,poisson,0.5714,0.7559,1.3229,2,medium demand - intermittent
10041032001,舒味思氣泡水Pet500ml,A,poisson,2.9048,1.7043,0.5867,1,high demand - volatile
10041033001,舒味思氣泡水萊姆口味Pet500ml,A,poisson,3.2381,1.7995,0.5557,1,high demand - volatile
10041034001,泰山奇而思Cheers檸檬氣泡水590ml,A,poisson,2.4286,1.5584,0.6417,1,high demand - volatile
10041036001,舒跑透明系氣泡水PET510ml 舒跑透明系氣泡,C,poisson,0.0476,0.2182,4.5826,2,low demand - intermittent
10041038001,阿維拉氣泡水Pet 500ml,C,poisson,0.2381,0.488,2.0494,2,low demand - intermittent
10041039001,味丹多喝水MORE氣泡水Pet560ml 多喝水氣泡水,A,poisson,2.619,1.6183,0.6179,1,high demand - volatile
10041040001,味丹多喝水MORE氣泡水檸檬風味Pet560 多喝水氣泡水,A,poisson,3.9524,1.9881,0.503,1,high demand - volatile
10041050001,舒味思氣泡水萊姆口味Pet 1250ml 舒味思氣泡水,B,poisson,0.4762,0.6901,1.4491,2,medium demand - intermittent
10041052001,deepbloo 純沛海洋離子氣泡水pet 500ml,C,poisson,0.2381,0.488,2.0494,2,low demand - intermittent
10041055001,Perrier 汽泡礦泉水1L 汽泡礦泉水1L,C,poisson,0.0952,0.3086,3.2404,2,low demand - intermittent
10041057001,TAISUN Cheers Bee 蜂蜜氣泡水Pet590ml,B,poisson,0.6667,0.8165,1.2247,2,medium demand - intermittent
10041058001,多喝水More+維他命100氣泡水(百香果風味),C,poisson,0.0952,0.3086,3.2404,2,low demand - intermittent
10041067001,礦沛氣泡水PET585ml 礦沛氣泡水,A,poisson,15.3333,3.9158,0.2554,0,high demand - stable
10041069001,多喝水MORE氣泡水PET1250ml More氣泡水,C,poisson,0.0476,0.2182,4.5826,2,low demand - intermittent
10041076001,美國LaCroix葡萄柚風味氣泡水,C,poisson,0.0476,0.2182,4.5826,2,low demand - intermittent
10041085001,奇而思 Cheers EX 強氣泡水 500ml,A,poisson,5.4286,2.3299,0.4292,0,high demand - stable
10041087001,悅氏礦泉氣泡水PET520ml 悅氏礦泉氣泡水,C,poisson,0.0476,0.2182,4.5826,2,low demand - intermittent
10041135001,舒味思果然蜜桃果汁氣泡水Pet500ml 果然蜜桃氣泡水,B,poisson,1.9048,1.3801,0.7246,1,medium demand - volatile
10041899001,S.Pellegrino氣泡礦泉水,B,poisson,1.7143,1.3093,0.7638,1,medium demand - volatile
10051001001,紅花牌檸檬果露250ml 原汁檸檬汁250m,C,poisson,0.1429,0.378,2.6458,2,low demand - intermittent
10051034001,紅花牌檸檬果露960ml,B,poisson,0.381,0.6172,1.6202,2,medium demand - intermittent
10052002001,百家珍健美醋600ml 百家珍健美醋,C,poisson,0.1429,0.378,2.6458,2,low demand - intermittent
10052004001,百家珍鳳梨醋600ml 百家珍鳳梨醋,C,poisson,0.1905,0.4364,2.2913,2,low demand - intermittent
10052009001,百家珍嚴選精釀無糖蘋果醋 百家珍嚴選精釀,C,poisson,0.1905,0.4364,2.2913,2,low demand - intermittent
10052011001,崇德發洛神梅健康醋 崇德發洛神梅健,B,poisson,1.5238,1.2344,0.8101,1,medium demand - volatile
10052014001,百家珍蘆薈醋600ml 百家珍蘆薈醋,C,poisson,0.1905,0.4364,2.2913,2,low demand - intermittent
10052015001,百家珍梅子醋600ml 百家珍梅子醋,B,poisson,0.4286,0.6547,1.5275,2,medium demand - intermittent
10052017001,崇德發綜合水果醋 崇德發綜合水果,B,poisson,1.4286,1.1952,0.8367,1,medium demand - volatile
10052019001,百家珍蘋果醋600ml 百家珍蘋果醋,B,poisson,0.9048,0.9512,1.0513,2,medium demand - intermittent
10052020001,百家珍蔓越莓醋600ml,A,poisson,3.381,1.8387,0.5439,1,high demand - volatile
10052024001,家樂福蘋果醋,B,poisson,0.381,0.6172,1.6202,2,medium demand - intermittent
10052025001,百家珍紅葡萄醋600ml 百家珍紅葡萄醋,A,poisson,3.5238,1.8772,0.5327,1,high demand - volatile
10052033001,百家珍桑椹醋600ml 百家珍桑椹醋,C,poisson,0.0952,0.3086,3.2404,2,low demand - intermittent
10052035001,崇德發水蜜桃醋 崇德發水蜜桃醋,B,poisson,1.8571,1.3628,0.7338,1,medium demand - volatile
10052046001,果然好喝紅葡萄蘋果雙果酢360ml 果然好喝雙果酢,C,poisson,0.0476,0.2182,4.5826,2,low demand - intermittent
10053901001,十全蘋果醋飲料(即飲品)140ml 十全蘋果醋飲料,B,normal,1.0476,0.8985,0.8576,1,medium demand - volatile
10053903001,十全鳳梨醋飲料(即飲品)140ml 十全鳳梨醋飲,C,poisson,0.1429,0.378,2.6458,2,low demand - intermittent
10053904001,十全葡萄醋飲料(即飲品)140ml 十全葡萄醋飲,C,poisson,0.2857,0.5345,1.8708,2,low demand - intermittent
10053909001,泰山奇兒思Cheers+果醋氣泡飲PET380ml,B,poisson,0.9048,0.9512,1.0513,2,medium demand - intermittent
10100132001,海尼根0.0零酒精Can330ml,B,poisson,1.7619,1.3274,0.7534,1,medium demand - volatile
10100222001,HITE ZERO無酒精啤酒風味飲料 無酒精啤酒,C,poisson,0.1905,0.4364,2.2913,2,low demand - intermittent
10303001001,舒味思蘇打汽水Can330ml,B,poisson,1.0952,1.0465,0.9555,1,medium demand - volatile
10303002001,舒味思通寧汽水Can330ml,A,poisson,2.9048,1.7043,0.5867,1,high demand - volatile
10303003001,舒味思薑汁汽水Can330ml,B,poisson,0.7143,0.8452,1.1832,2,medium demand - intermittent
10904003001,桂格養氣人蔘盒裝48入贈野餐墊 桂格人蔘48附贈,B,poisson,0.5714,0.7559,1.3229,2,medium demand - intermittent
10904008001,桂格雙效活靈芝禮盒60ml*8 桂格雙效活靈芝,C,poisson,0.0476,0.2182,4.5826,2,low demand - intermittent
10904021001,桂格養氣人蔘滋補大禮盒60ml*8 養氣4入高麗4入,C,poisson,0.0476,0.2182,4.5826,2,low demand - intermittent
10904899001,桂格養氣人蔘禮盒60mlx8 養氣人蔘禮盒,C,poisson,0.0476,0.2182,4.5826,2,low demand - intermittent
11002007001,去味大師鞋內除臭芳香劑 220ml 鞋內除臭芳香劑,C,poisson,0.1429,0.378,2.6458,2,low demand - intermittent
11010001001,威猛先生地板瓶裝-芬多精 芬多精,C,poisson,0.0952,0.3086,3.2404,2,low demand - intermittent
11010002001,魔術靈地板噴易拖森林湖畔噴槍 魔術靈地板噴易,C,poisson,0.1429,0.378,2.6458,2,low demand - intermittent
11010005001,香滿室茶樹地板清潔劑補充包 香滿室地板茶樹,C,poisson,0.0952,0.3086,3.2404,2,low demand - intermittent
11010007001,清淨海環保地板清潔劑 清淨海地板清潔,B,poisson,1.8095,1.3452,0.7434,1,medium demand - volatile
11010012001,威猛先生地板清潔劑完美花香 完美花香,C,poisson,0.1429,0.378,2.6458,2,low demand - intermittent
11010013001,魔術靈地板清潔劑 魔術靈水漾玫瑰,B,poisson,0.7143,0.8452,1.1832,2,medium demand - intermittent
11010013002,魔術靈地板清潔劑 魔術靈忘憂森林,B,poisson,0.5238,0.7237,1.3817,2,medium demand - intermittent
11010015001,妙管家除臭地板清潔劑-瓶裝 田園馨香,C,poisson,0.1429,0.378,2.6458,2,low demand - intermittent
11010015002,妙管家除臭地板清潔劑-瓶裝,C,poisson,0.0952,0.3086,3.2404,2,low demand - intermittent
11010016001,香滿室薰衣草地板清潔劑補充包 香滿室薰衣草補,C,poisson,0.2381,0.488,2.0494,2,low demand - intermittent
11010018001,白帥帥防蟑地板清潔劑,C,poisson,0.1905,0.4364,2.2913,2,low demand - intermittent
11010019001,威猛先生地板清潔劑清新早晨 清新早晨,B,poisson,0.4762,0.6901,1.4491,2,medium demand - intermittent
11010020001,威猛先生地板補充包完美花香 威猛先生地板清,B,poisson,0.4286,0.6547,1.5275,2,medium demand - intermittent
11010021001,魔術靈地板清潔劑補充包 魔術靈水漾玫瑰,B,poisson,0.4286,0.6547,1.5275,2,medium demand - intermittent
11010021002,魔術靈地板清潔劑補充包 魔術靈忘憂森林,C,poisson,0.2381,0.488,2.0494,2,low demand - intermittent
11010022001,威猛先生地板補充包-芬多精 芬多精補充包,B,poisson,0.381,0.6172,1.6202,2,medium demand - intermittent
11010023001,威猛先生地板補充包-檸檬 檸檬補充包,B,poisson,0.5714,0.7559,1.3229,2,medium demand - intermittent
11010024001,威猛先生地板補充包清新早晨 威猛先生地板清,B,poisson,0.3333,0.5774,1.7321,2,medium demand - intermittent
11010025001,威猛先生地板瓶裝-檸檬 檸檬,B,poisson,0.5714,0.7559,1.3229,2,medium demand - intermittent
11010026001,妙管家除臭地板清潔劑補充包 天然花香,C,poisson,0.2857,0.5345,1.8708,2,low demand - intermittent
11010027001,魔術靈地板清潔劑清新海洋 魔術靈清新海洋,B,poisson,0.619,0.7868,1.271,2,medium demand - intermittent
11010035001,毛寶香滿室檀木馨香地板清潔劑 香滿室-檀木馨香,C,poisson,0.1905,0.4364,2.2913,2,low demand - intermittent
11010037001,威猛先生地板瓶裝舒活海洋 威猛先生地板瓶,C,poisson,0.0952,0.3086,3.2404,2,low demand - intermittent
11010038001,優品木質地板亮光腊 優品木質地板腊,C,poisson,0.0476,0.2182,4.5826,2,low demand - intermittent
11010040001,毛寶香滿室海洋微風地板清潔劑 香滿室-海洋微,B,poisson,0.4762,0.6901,1.4491,2,medium demand - intermittent
11010042001,家福超值地板清潔劑 家福超值地板清,B,poisson,1.7619,1.3274,0.7534,1,medium demand - volatile
11010043001,毛寶香滿室檀木地板清潔補充包 香滿室-檀木(補,B,poisson,0.7619,0.8729,1.1456,2,medium demand - intermittent
11010045001,毛寶香滿室海洋微風清潔補充包 香滿室-海洋(補,C,poisson,0.2857,0.5345,1.8708,2,low demand - intermittent
11010051001,公道先生地板清潔劑 公道地板清潔劑,C,poisson,0.0952,0.3086,3.2404,2,low demand - intermittent
11010052001,魔術靈地板清潔劑鮮採檸檬 魔術靈鮮採檸檬,C,poisson,0.0476,0.2182,4.5826,2,low demand - intermittent
11010058001,威猛先生地板清潔劑清新鮮橙 清新鮮橙,C,poisson,0.2857,0.5345,1.8708,2,low demand - intermittent
11010059001,威猛先生地板清潔劑薰衣草 薰衣草,C,poisson,0.2381,0.488,2.0494,2,low demand - intermittent
11010060001,魔術靈地板清潔劑清新海洋補充 清新海洋補充包,B,poisson,0.3333,0.5774,1.7321,2,medium demand - intermittent
11010061001,魔術靈地板清潔劑鮮採檸檬補充 鮮採檸檬補充包,C,poisson,0.2381,0.488,2.0494,2,low demand - intermittent
11010112001,毛寶香滿室薰衣草地板清潔劑 香滿室-薰衣草,B,poisson,0.5714,0.7559,1.3229,2,medium demand - intermittent
11010115001,香滿室清新茶樹地板清潔劑 香滿室茶樹地板,B,poisson,0.8095,0.8997,1.1114,2,medium demand - intermittent
11010116001,妙管家木質地板清潔劑 木質地板清潔劑,B,poisson,0.4286,0.6547,1.5275,2,medium demand - intermittent
11010120001,家福亞麻籽油地板清潔劑,C,poisson,0.0952,0.3086,3.2404,2,low demand - intermittent
11020001001,家福 ECO環保玻璃清潔劑,C,poisson,0.0952,0.3086,3.2404,2,low demand - intermittent
11020002001,新-魔術靈玻璃清潔劑噴槍瓶 玻璃清潔噴槍瓶,B,poisson,1.0,1.0,1.0,1,medium demand - volatile
11020003001,新-魔術靈玻璃清潔劑經濟瓶 玻璃清潔經濟瓶,C,poisson,0.3333,0.5774,1.7321,2,low demand - intermittent
11020008001,新威猛先生玻璃噴槍 新威猛玻璃噴槍,C,poisson,0.2857,0.5345,1.8708,2,low demand - intermittent
11020010001,新威猛先生玻璃重裝 威猛玻璃重裝,C,poisson,0.1429,0.378,2.6458,2,low demand - intermittent
11020012001,家福玻璃清潔劑,B,poisson,0.381,0.6172,1.6202,2,medium demand - intermittent
11020013001,妙管家玻璃亮光清潔劑 噴槍瓶,C,poisson,0.2857,0.5345,1.8708,2,low demand - intermittent
11021002001,白博士廚房去污濕巾60入 白博士,C,poisson,0.0952,0.3086,3.2404,2,low demand - intermittent
11021005001,白博士廚房清潔劑 白博士廚房清,C,poisson,0.0952,0.3086,3.2404,2,low demand - intermittent
11021006001,威猛先生廚房超強效 威猛先生超強效,B,poisson,0.5714,0.7559,1.3229,2,medium demand - intermittent
11021007001,魔利萬用去污劑大瓶裝 魔利萬用去污劑,C,poisson,0.2857,0.5345,1.8708,2,low demand - intermittent
11021011001,白博士抗菌濕巾(10張x3包) 白博士抗菌濕巾,C,poisson,0.0476,0.2182,4.5826,2,low demand - intermittent
11021013001,魔術靈廚房清潔劑--桶裝 廚房清潔劑,B,normal,1.0476,1.0455,0.9979,1,medium demand - volatile
11021017001,橘子工坊廚房爐具專用清潔劑,B,poisson,0.5238,0.7237,1.3817,2,medium demand - intermittent
11021018001,新-廚房魔術靈噴槍 廚房魔術靈噴槍,C,poisson,0.1905,0.4364,2.2913,2,low demand - intermittent
11021019001,立得清腸病毒濕巾50抽 腸病毒濕巾,C,poisson,0.0476,0.2182,4.5826,2,low demand - intermittent
11021020001,家福全效多功能馬賽皂去汙家用清潔劑 家福全效多功能,C,poisson,0.1905,0.4364,2.2913,2,low demand - intermittent
11021023001,白博士廚房清潔劑噴槍型 廚房清潔噴槍瓶,B,poisson,0.3333,0.5774,1.7321,2,medium demand - intermittent
11021025001,清檜-抗菌驅蟲萬用清潔劑600ml 驅蟲萬用清潔劑,C,poisson,0.2857,0.5345,1.8708,2,low demand - intermittent
11021026001,家福強效廚房清潔劑 家福廚房清潔劑,B,poisson,0.4762,0.6901,1.4491,2,medium demand - intermittent
11021027001,魔術靈多用途清潔濕巾補充包 濕巾柑橘香補包,C,poisson,0.0476,0.2182,4.5826,2,low demand - intermittent
11021028001,毛寶小蘇打廚房清潔劑噴槍瓶 小蘇打廚房清潔,C,poisson,0.2381,0.488,2.0494,2,low demand - intermittent
11021029001,新-廚房魔術靈經濟瓶2入裝 廚房魔術靈經濟,B,poisson,0.9048,0.9512,1.0513,2,medium demand - intermittent
11021030001,新-廚房魔術靈青蘋不刺鼻噴槍 青蘋不刺鼻噴槍,B,poisson,0.619,0.7868,1.271,2,medium demand - intermittent
11021036001,新廚房魔術靈青蘋不刺鼻經濟2P 青瓶經濟瓶2入,B,poisson,0.381,0.6172,1.6202,2,medium demand - intermittent
11021041001,潔霜廚房噴槍 潔霜廚房噴槍,B,poisson,1.619,1.2724,0.7859,1,medium demand - volatile
11021043001,魔利泡沫廚房清潔劑 魔利廚房清潔劑,C,poisson,0.0476,0.2182,4.5826,2,low demand - intermittent
11021044001,3M魔利萬用去污劑,C,poisson,0.2381,0.488,2.0494,2,low demand - intermittent
11021046001,衣麗亮白-氣炸鍋天然檸檬油清潔泡泡 衣麗亮白氣炸鍋,C,poisson,0.0476,0.2182,4.5826,2,low demand - intermittent
11021047001,台糖酒精擦隨身包,B,poisson,0.5238,0.7237,1.3817,2,medium demand - intermittent
11021051002,高樂氏居家殺菌濕紙巾,C,poisson,0.0476,0.2182,4.5826,2,low demand - intermittent
11021052001,高樂氏萬用清潔噴劑,B,poisson,0.4286,0.6547,1.5275,2,medium demand - intermittent
11021059002,法國玫翠思亞麻油黑肥皂1L 玫翠思黑皂馬鞭,C,poisson,0.0476,0.2182,4.5826,2,low demand - intermittent
11021060001,家福馬賽皂廚房清潔劑-噴槍,B,poisson,0.381,0.6172,1.6202,2,medium demand - intermittent
11021061001,家福全效多功能黑肥皂家用清潔劑,B,poisson,0.4286,0.6547,1.5275,2,medium demand - intermittent
11021062001,威猛無添加廚房浴室超值組500+500g 廚房浴室組,C,poisson,0.0952,0.3086,3.2404,2,low demand - intermittent
11021063001,新威猛先生廚房超強效重裝 廚房超強效重裝,B,poisson,0.4286,0.6547,1.5275,2,medium demand - intermittent
11021064001,新威猛先生廚房檸檬噴槍 威猛廚房檸檬噴,B,poisson,0.3333,0.5774,1.7321,2,medium demand - intermittent
11021066001,毛寶超強效萬用去污劑白柚清香 毛寶去污劑補瓶,C,poisson,0.0952,0.3086,3.2404,2,low demand - intermittent
11021067001,家福全效多功能橄欖油黑肥皂濕巾 (80張),C,poisson,0.0952,0.3086,3.2404,2,low demand - intermittent
11021068001,家福黑肥皂廚房清潔劑-噴槍,B,poisson,0.619,0.7868,1.271,2,medium demand - intermittent
11021071001,立得清酒精瞬潔擦濕巾50抽 立得清酒精巾,A,poisson,2.619,1.6183,0.6179,1,high demand - volatile
11021074001,3M百利家用除菌清潔濕巾85入桶裝,C,poisson,0.0952,0.3086,3.2404,2,low demand - intermittent
11021095001,高樂氏-居家殺菌濕紙巾(檸檬香)75片 檸檬香75片,C,poisson,0.0476,0.2182,4.5826,2,low demand - intermittent
11021096001,高樂氏-居家殺菌濕紙巾(清新香)75片 清新香75片,C,poisson,0.0476,0.2182,4.5826,2,low demand - intermittent
11022001001,魔術靈浴室噴槍-舒適檸檬 浴室魔術靈噴槍,B,poisson,0.5238,0.7237,1.3817,2,medium demand - intermittent
11022002001,橘子工坊天然制菌浴廁清潔劑,B,poisson,0.619,0.7868,1.271,2,medium demand - intermittent
11022003001,魔術靈浴室清潔劑噴槍 浴室噴槍-玫瑰,B,poisson,0.4762,0.6901,1.4491,2,medium demand - intermittent
11022003002,魔術靈浴室清潔劑噴槍 浴室噴槍-草本,B,poisson,0.8095,0.8997,1.1114,2,medium demand - intermittent
11022006001,浴廁魔術靈除霉漂潔- 噴槍瓶 除霉漂潔,C,poisson,0.0952,0.3086,3.2404,2,low demand - intermittent
11022007001,魔術靈浴室經濟瓶舒適檸檬2入 經濟-檸檬,B,normal,1.7619,1.3418,0.7616,1,medium demand - volatile
11022012001,威猛先生浴室全效噴槍+重裝 威猛先生浴室全,B,poisson,0.381,0.6172,1.6202,2,medium demand - intermittent
11022014001,浴廁魔術靈除霉漂潔- 更替瓶 除霉漂潔-更替瓶,B,poisson,1.8571,1.3628,0.7338,1,medium demand - volatile
11022017001,家福強效浴室清潔劑,B,poisson,0.5714,0.7559,1.3229,2,medium demand - intermittent
11022021001,清淨海環保浴廁清潔劑 清淨海浴廁清潔,C,poisson,0.0476,0.2182,4.5826,2,low demand - intermittent
11022024001,魔術靈浴室清潔劑經濟瓶 浴室經濟瓶玫瑰,B,poisson,0.4762,0.6901,1.4491,2,medium demand - intermittent
11022024002,魔術靈浴室清潔劑經濟瓶 浴室經濟瓶草本,B,poisson,0.4762,0.6901,1.4491,2,medium demand - intermittent
11022025001,浴室魔術靈除霉漂潔噴槍500ml 浴室魔術靈除霉,B,normal,1.0,0.8165,0.8165,1,medium demand - volatile
11022026001,家樂福緣點子葡萄柚浴室清潔劑 環保浴室清潔劑,C,poisson,0.0952,0.3086,3.2404,2,low demand - intermittent
11022031001,威猛先生強力去霉劑重裝 威猛強力去霉重,B,poisson,0.5238,0.7237,1.3817,2,medium demand - intermittent
11022034001,浴室魔術靈除霉漂潔替換瓶 浴室魔術靈除霉,B,poisson,0.4762,0.6901,1.4491,2,medium demand - intermittent
11022035001,潔霜-S浴廁專用清潔劑1050g 浴廁專用清潔劑,C,poisson,0.2857,0.5345,1.8708,2,low demand - intermittent
11022036001,潔霜-S浴廁清潔劑-清新薄荷 潔霜浴廁冬青油,B,poisson,0.5238,0.7237,1.3817,2,medium demand - intermittent
11022041001,3M天然橙柚浴室清潔劑 橙柚浴室清潔劑,C,poisson,0.2381,0.488,2.0494,2,low demand - intermittent
11022044001,白博士浴廁清潔劑噴槍型 浴廁清潔劑噴槍,C,poisson,0.1905,0.4364,2.2913,2,low demand - intermittent
11022051001,威猛先生去霉劑噴槍重裝特惠組 去霉劑組合包,B,poisson,2.1905,1.48,0.6757,1,medium demand - volatile
11022056001,魔利除霉劑 魔利除霉劑,C,poisson,0.2857,0.5345,1.8708,2,low demand - intermittent
11022058001,妙管家中性浴廁清潔劑玫瑰花香,C,poisson,0.1905,0.4364,2.2913,2,low demand - intermittent
11022059001,妙管家中性浴廁清潔劑香水百合 浴廁清潔劑百合,B,poisson,0.4286,0.6547,1.5275,2,medium demand - intermittent
11022060001,妙管家中性浴廁清潔劑薰衣草香,C,poisson,0.0952,0.3086,3.2404,2,low demand - intermittent
11022063001,妙管家去霉劑 妙管家去霉劑,B,poisson,0.381,0.6172,1.6202,2,medium demand - intermittent
11022067001,新威猛先生浴室重裝 威猛浴室重裝,C,poisson,0.1429,0.378,2.6458,2,low demand - intermittent
11022068001,家樂福綠點子茶籽浴廁清潔劑,C,poisson,0.0476,0.2182,4.5826,2,low demand - intermittent
11022075001,魔利浴室清潔劑 魔利浴室清潔劑,C,poisson,0.0476,0.2182,4.5826,2,low demand - intermittent
11022077001,妙管家廚房清潔劑噴槍 妙管家廚房清潔,C,poisson,0.0476,0.2182,4.5826,2,low demand - intermittent
11022082001,高樂氏強效除霉清潔噴劑,B,poisson,0.4762,0.6901,1.4491,2,medium demand - intermittent
11022083001,威猛先生浴室清潔劑-Free 500g 浴室清潔劑,C,poisson,0.1429,0.378,2.6458,2,low demand - intermittent
11022085001,潔霜S浴廁清潔劑-亮潔檸檬 潔霜浴廁檸檬,C,poisson,0.1905,0.4364,2.2913,2,low demand - intermittent
11022087001,潔霜S濃縮超強效浴廁清潔劑-淨白青蘋,C,poisson,0.3333,0.5774,1.7321,2,low demand - intermittent
11023010001,碧麗珠-檸檬 檸檬,B,poisson,0.7143,0.8452,1.1832,2,medium demand - intermittent
11023012001,優品輕鬆打傢俱噴腊-檜木450ml 傢俱臘-檜木,C,poisson,0.1429,0.378,2.6458,2,low demand - intermittent
11023015001,碧麗珠-百花清香 百花清香,C,poisson,0.0952,0.3086,3.2404,2,low demand - intermittent
11030002001,妙管家液體芳香劑(玫瑰香) 液體芳香劑(玫,C,poisson,0.0952,0.3086,3.2404,2,low demand - intermittent
11030005001,妙管家液體芳香劑-檸檬 檸檬蘇打,C,poisson,0.2381,0.488,2.0494,2,low demand - intermittent
11030006001,去味大師晶球補充包--潔淨 創意潔淨補充包,B,poisson,0.3333,0.5774,1.7321,2,medium demand - intermittent
11030007001,妙管家液體芳香劑-薰衣草,C,poisson,0.0952,0.3086,3.2404,2,low demand - intermittent
11030010001,家福冰箱消臭劑-備長炭 家福冰箱消臭劑,B,poisson,0.381,0.6172,1.6202,2,medium demand - intermittent
11030012002,Laundrin車用芳香 經典花香,C,poisson,0.0476,0.2182,4.5826,2,low demand - intermittent
11030015001,去味大師竹木香-粉戀櫻花 竹木香粉戀櫻花,C,poisson,0.0952,0.3086,3.2404,2,low demand - intermittent
11030016001,Farcent香水室內擴香 擴香-小蒼蘭,C,poisson,0.2381,0.488,2.0494,2,low demand - intermittent
11030016002,Farcent香水室內擴香 擴香-海鹽,C,poisson,0.0476,0.2182,4.5826,2,low demand - intermittent
11030017001,去味大師竹木香補充-清新麝香 竹木香補充麝香,C,poisson,0.0952,0.3086,3.2404,2,low demand - intermittent
11030018001,Farcent香水擴香補小蒼蘭英國梨 擴香補充小蒼蘭,B,poisson,0.4762,0.6901,1.4491,2,medium demand - intermittent
11030020001,去味大師三效消臭-潔淨 三效消臭-潔淨,B,poisson,0.5238,0.7237,1.3817,2,medium demand - intermittent
11030024001,去味大師備長炭消臭易冰箱專用 備長炭-冰箱用,C,poisson,0.2381,0.488,2.0494,2,low demand - intermittent
11030028003,ST夢幻香水果凍芳香劑-260g ST-月光泡泡,C,poisson,0.0476,0.2182,4.5826,2,low demand - intermittent
11030028004,ST夢幻香水果凍芳香劑-260g ST-閃耀香水,C,poisson,0.0476,0.2182,4.5826,2,low demand - intermittent
11030029001,去味大師晶球充包-舒爽薰衣草 去味大師晶球補,B,poisson,0.4762,0.6901,1.4491,2,medium demand - intermittent
11030031001,花仙子去味大師消臭易--檸檬 檸檬,B,poisson,0.6667,0.8165,1.2247,2,medium demand - intermittent
11030032001,花仙子去味大師消臭易- 薰衣草 薰衣草,B,poisson,0.619,0.7868,1.271,2,medium demand - intermittent
11030046001,Farcent香水室內擴香補充-真我星夜 擴香補充-星夜,C,poisson,0.1429,0.378,2.6458,2,low demand - intermittent
11030048001,Farcent香水室內擴香補充-同名花語 擴香補充-花語,C,poisson,0.0476,0.2182,4.5826,2,low demand - intermittent
11030049001,康朵室內香氛擴香膏-120g,C,poisson,0.0476,0.2182,4.5826,2,low demand - intermittent
11030049002,康朵室內香氛擴香膏-120g 白麝香擴香膏,C,poisson,0.0952,0.3086,3.2404,2,low demand - intermittent
11030062001,去味大師消臭易備長炭鞋櫃專用 去味大師消臭劑,C,poisson,0.1429,0.378,2.6458,2,low demand - intermittent
11030066001,去味大師備長炭消臭易 消臭易備長炭,B,poisson,0.4762,0.6901,1.4491,2,medium demand - intermittent
11030079001,妙管家EQ芳香消臭液 妙管家雅緻清香,C,poisson,0.1429,0.378,2.6458,2,low demand - intermittent
11030079002,妙管家EQ芳香消臭液 妙管家自然芳香,C,poisson,0.0476,0.2182,4.5826,2,low demand - intermittent
11030080001,妙管家EQ芳香消臭液-甜美馨香 妙管家EQ芳香,C,poisson,0.0952,0.3086,3.2404,2,low demand - intermittent
11030094001,滿庭香除臭清香凝膠 完美花香,C,poisson,0.0952,0.3086,3.2404,2,low demand - intermittent
11030095001,妙管家冰箱消臭炭-冷藏庫專用 妙管家冰箱消臭,B,poisson,0.3333,0.5774,1.7321,2,medium demand - intermittent
11030096001,家福薰衣草消臭液,C,poisson,0.1905,0.4364,2.2913,2,low demand - intermittent
11030097001,家福檸檬消臭液 消臭液-檸檬,C,poisson,0.0952,0.3086,3.2404,2,low demand - intermittent
11030108001,花仙子好心情香氛蛋－蜜桃香氛 香氛蛋-桃,C,poisson,0.0952,0.3086,3.2404,2,low demand - intermittent
11030125001,滿庭香除臭清香凝膠檸檬 清香凝膠檸檬,C,poisson,0.0952,0.3086,3.2404,2,low demand - intermittent
11030128001,滿庭香除臭清香凝膠清新早晨,C,poisson,0.2381,0.488,2.0494,2,low demand - intermittent
11030177001,美國Renuzit室內空氣芳香凍-綠野仙花,B,poisson,0.381,0.6172,1.6202,2,medium demand - intermittent
11030179001,美國Renuzit室內芳香凍-柑橘果園,C,poisson,0.1429,0.378,2.6458,2,low demand - intermittent
11030180001,美國Renuzit室內空氣芳香凍-清新薰衣,C,poisson,0.2857,0.5345,1.8708,2,low demand - intermittent
11030183001,花仙子花語香膏 薰衣草,C,poisson,0.0476,0.2182,4.5826,2,low demand - intermittent
11030183002,花仙子花語香膏 檸檬,C,poisson,0.2857,0.5345,1.8708,2,low demand - intermittent
11030195001,美國Renuzit室內空氣芳香凍-Snuggle Super,C,poisson,0.2857,0.5345,1.8708,2,low demand - intermittent
11030196002,Farcent香水室內擴香,C,poisson,0.0476,0.2182,4.5826,2,low demand - intermittent
11030198001,花仙子天然植翠0室內擴香 花仙子0清新綠茶,C,poisson,0.0476,0.2182,4.5826,2,low demand - intermittent
11030198002,花仙子天然植翠0室內擴香 花仙子0白麝香,C,poisson,0.0952,0.3086,3.2404,2,low demand - intermittent
11030198003,花仙子天然植翠0室內擴香 花仙子0森林木香,C,poisson,0.2381,0.488,2.0494,2,low demand - intermittent
11030204001,角落小夥伴寧靜白茶香氛罐頭 角落白茶香氛罐,C,poisson,0.1429,0.378,2.6458,2,low demand - intermittent
11030207001,熊寶貝香氛室內擴香 熊寶貝療癒白茶,C,poisson,0.0952,0.3086,3.2404,2,low demand - intermittent
11030207002,熊寶貝香氛室內擴香 熊寶貝舒緩橙花,C,poisson,0.1905,0.4364,2.2913,2,low demand - intermittent
11030207003,熊寶貝香氛室內擴香,C,poisson,0.0476,0.2182,4.5826,2,low demand - intermittent
11030234001,Farcent香水室內擴香絲絨玫瑰與烏木 擴香-玫瑰烏木,C,poisson,0.0476,0.2182,4.5826,2,low demand - intermittent
11031001001,AP清新噴霧-海洋微風 AP噴霧海洋,C,poisson,0.0476,0.2182,4.5826,2,low demand - intermittent
11031002001,AP清新噴霧-月光香草,C,poisson,0.0476,0.2182,4.5826,2,low demand - intermittent
11031005001,AP清新噴霧-柑橘除異味,C,poisson,0.0476,0.2182,4.5826,2,low demand - intermittent
11031011001,熊寶貝衣物清新噴霧 衣物清新噴霧,C,poisson,0.2381,0.488,2.0494,2,low demand - intermittent
11031011002,熊寶貝衣物清新噴霧 熊寶貝竹萃淨味,C,poisson,0.0476,0.2182,4.5826,2,low demand - intermittent
11031021001,家福定量噴霧式芳香劑-紫羅蘭 家福定量噴霧,C,poisson,0.0476,0.2182,4.5826,2,low demand - intermittent
11031022001,家福定量噴霧式芳香劑-檸檬 家福定量噴霧,C,poisson,0.1905,0.4364,2.2913,2,low demand - intermittent
11031023001,家福定量噴霧式芳香劑-薰衣草 家福定量噴霧,C,poisson,0.0952,0.3086,3.2404,2,low demand - intermittent
11031026001,家福銀離子消臭液--浴廁專用 銀離子消臭液,C,poisson,0.2381,0.488,2.0494,2,low demand - intermittent
11031027001,家福銀離子消臭液--寵物環境用 銀離子消臭液,C,poisson,0.0476,0.2182,4.5826,2,low demand - intermittent
11031033001,花仙子噴霧飄香劑補充瓶--檸檬 檸檬,C,poisson,0.1905,0.4364,2.2913,2,low demand - intermittent
11031035001,滿庭香空氣清淨劑--自然清香 噴霧除臭,B,poisson,0.381,0.6172,1.6202,2,medium demand - intermittent
11031038001,滿庭香噴霧罐薰衣草 滿庭香噴霧罐薰,C,poisson,0.1905,0.4364,2.2913,2,low demand - intermittent
11031041001,滿庭香噴霧罐玫瑰 滿庭香噴霧罐玫,C,poisson,0.2857,0.5345,1.8708,2,low demand - intermittent
11031049001,Drs Formula 除臭清新噴霧無香 除臭噴霧無香,C,poisson,0.2857,0.5345,1.8708,2,low demand - intermittent
11031050001,Drs Formula 除臭清新噴霧茶香 除臭噴霧茶香,B,poisson,0.4286,0.6547,1.5275,2,medium demand - intermittent
11031901001,妙管家噴霧芳香機 妙管家噴霧芳香,C,poisson,0.1429,0.378,2.6458,2,low demand - intermittent
11031907001,Febreze風倍清織物除菌消臭噴霧-高效 衣物消臭噴霧,B,poisson,0.6667,0.8165,1.2247,2,medium demand - intermittent
11031908001,熊寶貝衣物清新噴霧200ML 熊寶貝噴霧茉莉,C,poisson,0.0476,0.2182,4.5826,2,low demand - intermittent
11031908002,熊寶貝衣物清新噴霧200ML,C,poisson,0.0476,0.2182,4.5826,2,low demand - intermittent
11031910002,Febreze風倍清織物除菌消臭補充包 風倍清除菌酒精,C,poisson,0.0952,0.3086,3.2404,2,low demand - intermittent
11031911001,Febreze風倍清織物除菌消臭噴霧 風倍清除菌無香,C,poisson,0.1429,0.378,2.6458,2,low demand - intermittent
11031912001,Febreze風倍清織物除菌消臭補充-高效 風倍清除菌噴霧,B,poisson,0.8095,0.8997,1.1114,2,medium demand - intermittent
11031913001,Febreze風倍清織物除菌消臭噴霧綠茶清香,B,poisson,0.4762,0.6901,1.4491,2,medium demand - intermittent
11031914001,Febreze風倍清織物除菌消臭補充包-綠 風倍清除菌噴霧,B,poisson,0.4762,0.6901,1.4491,2,medium demand - intermittent
11031915001,妙管家噴霧式芳香劑-浪漫玫瑰,C,poisson,0.0476,0.2182,4.5826,2,low demand - intermittent
11031916001,妙管家噴霧式芳香劑-清新檸檬 噴式香劑檸檬,C,poisson,0.1905,0.4364,2.2913,2,low demand - intermittent
11031917001,妙管家噴霧式芳香劑-淡雅薰衣草,C,poisson,0.2857,0.5345,1.8708,2,low demand - intermittent
11031918001,毛子殿下寵物消臭劑(綠茶沁香) 寵物消臭劑綠茶,C,poisson,0.0476,0.2182,4.5826,2,low demand - intermittent
11031922001,熊寶貝香氛室內擴香氣質小蒼蘭 100ml 熊寶貝擴香氣質,C,poisson,0.2381,0.488,2.0494,2,low demand - intermittent
11031923001,熊寶貝香氛室內擴香 清新茉莉 100ml 熊寶貝擴香清新,C,poisson,0.1905,0.4364,2.2913,2,low demand - intermittent
11031924001,熊寶貝香氛室內擴香 沉靜雪松 100ml 熊寶貝擴香沉靜,C,poisson,0.2381,0.488,2.0494,2,low demand - intermittent
11031942001,風倍清天然織物噴霧370ml南法薰衣草 風倍清 薰衣草,C,poisson,0.1905,0.4364,2.2913,2,low demand - intermittent
11032002001,超值除濕劑補充包,B,poisson,0.8095,0.8997,1.1114,2,medium demand - intermittent
11032003001,妙管家集水袋除溼盒補充包 除溼盒補薰衣草,B,poisson,0.4762,0.6901,1.4491,2,medium demand - intermittent
11032003002,妙管家集水袋除溼盒補充包,B,poisson,0.5238,0.7237,1.3817,2,medium demand - intermittent
11032006001,花仙子克潮靈集水袋替換包 集水袋替換包,C,poisson,0.1429,0.378,2.6458,2,low demand - intermittent
11032008001,家福除濕桶補充包- 紫羅蘭香,B,poisson,0.8095,0.8997,1.1114,2,medium demand - intermittent
11032011001,妙管家除濕補充包 除濕補充包,C,poisson,0.0476,0.2182,4.5826,2,low demand - intermittent
11032014002,妙管家芳香除濕劑 芳香除濕薰衣草,B,poisson,0.6667,0.8165,1.2247,2,medium demand - intermittent
11032015001,克潮靈備長炭消臭除濕量販包 備長炭除濕包,C,poisson,0.2857,0.5345,1.8708,2,low demand - intermittent
11032016002,克潮靈除濕桶補充包,B,poisson,0.8571,0.9258,1.0801,2,medium demand - intermittent
11032017001,克潮靈櫥櫃用除濕劑-備長炭 備長炭除濕劑,C,poisson,0.2381,0.488,2.0494,2,low demand - intermittent
11032018001,克潮靈吊掛式除濕袋 除濕袋檜木,B,poisson,0.5238,0.7237,1.3817,2,medium demand - intermittent
11032018002,克潮靈吊掛式除濕袋 除濕袋去霉味,B,poisson,0.6667,0.8165,1.2247,2,medium demand - intermittent
11032021001,克潮靈重複使用型除濕桶 克潮靈除濕桶,B,poisson,1.1905,1.0911,0.9165,1,medium demand - volatile
11032024001,家樂福環保除濕桶 家福環保除濕桶,B,poisson,0.8571,0.9258,1.0801,2,medium demand - intermittent
11032026001,家樂福吊掛式集水袋-活性碳 活性碳,C,poisson,0.2381,0.488,2.0494,2,low demand - intermittent
11032027001,克潮靈集水袋補充包 -檜木香,B,normal,1.2857,0.9331,0.7258,1,medium demand - volatile
11032028001,克潮靈櫥櫃專用除濕劑-玫瑰 克潮靈除濕劑,B,poisson,0.5238,0.7237,1.3817,2,medium demand - intermittent
11032031001,克潮靈集水袋除濕盒,C,poisson,0.1429,0.378,2.6458,2,low demand - intermittent
11032035001,家樂福備長炭集水袋除濕盒 家福備長炭集水,B,poisson,0.619,0.7868,1.271,2,medium demand - intermittent
11032036001,家樂福白玫瑰集水袋除濕盒補充包 家福白玫瑰集水,B,poisson,0.7619,0.8729,1.1456,2,medium demand - intermittent
11032037001,家樂福備長炭集水袋除濕盒補充包,B,poisson,1.8095,1.3452,0.7434,1,medium demand - volatile
11032043001,克潮靈吊掛式除濕袋-晨露香氛 吊掛式除濕袋,B,poisson,0.3333,0.5774,1.7321,2,medium demand - intermittent
11032218001,克潮靈除濕桶補充包,B,poisson,1.619,1.2724,0.7859,1,medium demand - volatile
11032218002,克潮靈除濕桶補充包 克潮靈-去霉味,B,poisson,1.5238,1.2344,0.8101,1,medium demand - volatile
11032219001,ST多用途乾燥劑12入 ST多用途乾燥,C,poisson,0.0476,0.2182,4.5826,2,low demand - intermittent
11032220001,克潮靈集水代替換包-去霉味,B,poisson,1.5714,1.2536,0.7977,1,medium demand - volatile
11032221001,克潮靈集水袋除濕盒-除濕盒 除濕盒-去霉,C,poisson,0.2857,0.5345,1.8708,2,low demand - intermittent
11032222001,克潮靈吊掛式除濕袋 晨露香氛,B,poisson,0.4286,0.6547,1.5275,2,medium demand - intermittent
11032222002,克潮靈吊掛式除濕袋 去霉味,B,poisson,0.6667,0.8165,1.2247,2,medium demand - intermittent
11032224001,家樂福白玫瑰集水袋除濕盒 家福白玫瑰集水,C,poisson,0.1905,0.4364,2.2913,2,low demand - intermittent
11032225001,奇蒂可-珪藻土除濕除臭防潮塊 橢圓60 珪藻土橢圓,C,poisson,0.0476,0.2182,4.5826,2,low demand - intermittent
11032227001,奇蒂可-珪藻土除濕除臭防潮塊 方形60 珪藻土方形,C,poisson,0.0952,0.3086,3.2404,2,low demand - intermittent
11032228001,克潮靈香水環保除濕桶小蒼蘭英國梨 除濕桶小蒼蘭,B,poisson,0.3333,0.5774,1.7321,2,medium demand - intermittent
11032229001,克潮靈卡通吊掛式除濕袋-無香,C,poisson,0.0476,0.2182,4.5826,2,low demand - intermittent
11032230001,克潮靈香水環保除濕桶補充包小蒼蘭英 除濕補充小蒼蘭,B,poisson,0.8571,0.9258,1.0801,2,medium demand - intermittent
11040001001,威猛先生深層淨力潔廁凝膠 威猛潔廁檸檬,B,poisson,1.0,1.0,1.0,1,medium demand - volatile
11040001002,威猛先生深層淨力潔廁凝膠 威猛璀璨花舞,B,poisson,0.9048,0.9512,1.0513,2,medium demand - intermittent
11040003001,潔霜免刷洗馬桶清潔劑青檸芳香 潔霜免刷洗青檸,B,poisson,0.381,0.6172,1.6202,2,medium demand - intermittent
11040004001,威猛先生深層淨力潔廁凝膠清新海洋 威猛潔廁海洋,C,poisson,0.1429,0.378,2.6458,2,low demand - intermittent
11040005001,潔霜芳香浴廁清潔劑--薰衣草,A,poisson,7.3333,2.708,0.3693,0,high demand - stable
11040006001,潔霜芳香浴廁清潔劑--檸檬 芳香浴廁-檸檬,A,poisson,5.9048,2.43,0.4115,0,high demand - stable
11040007001,白博士馬桶清潔劑 白博士馬桶清潔,C,poisson,0.0952,0.3086,3.2404,2,low demand - intermittent
11040008001,潔霜免刷洗馬桶清潔劑百花清香 潔霜免刷洗花香,B,poisson,0.5714,0.7559,1.3229,2,medium demand - intermittent
11040009001,潔霜芳香浴廁清潔劑綠茶馨香,A,poisson,6.3333,2.5166,0.3974,0,high demand - stable
11040010001,潔霜S浴廁清潔劑,A,poisson,4.9524,2.2254,0.4494,0,high demand - stable
11040011001,新潔霜 S浴廁專用清潔劑 新潔霜 S,C,poisson,0.0952,0.3086,3.2404,2,low demand - intermittent
11040017001,威猛先生潔廁劑-松香 威猛潔廁劑松香,C,poisson,0.1905,0.4364,2.2913,2,low demand - intermittent
11040018001,威猛先生潔廁劑-柑橘 威猛潔廁劑柑橘,B,poisson,0.3333,0.5774,1.7321,2,medium demand - intermittent
11040020001,馬桶草本消臭更替瓶,B,poisson,0.3333,0.5774,1.7321,2,medium demand - intermittent
11040021001,潔霜浴廁噴槍,A,poisson,3.6667,1.9149,0.5222,1,high demand - volatile
11040023001,馬桶清潔草本消臭噴槍 馬桶草本噴槍,C,poisson,0.1429,0.378,2.6458,2,low demand - intermittent
11040025001,威猛先生變色威力潔廁劑,C,poisson,0.1905,0.4364,2.2913,2,low demand - intermittent
11040026001,威猛先生潔廁劑加崙裝 威猛潔廁劑加崙,B,poisson,1.2381,1.1127,0.8987,1,medium demand - volatile
11040027001,威猛先生除臭威力潔廁劑 除臭威力潔廁劑,C,poisson,0.1429,0.378,2.6458,2,low demand - intermittent
11040029001,威猛先生潔廁劑 防汙膜潔廁劑,C,poisson,0.0476,0.2182,4.5826,2,low demand - intermittent
11040029002,威猛先生潔廁劑 泡沫淨白凝膠,C,poisson,0.1905,0.4364,2.2913,2,low demand - intermittent
11040030001,家福超值浴廁清潔劑 家福超值浴廁清,B,poisson,1.6667,1.291,0.7746,1,medium demand - volatile
11040031001,家福浴廁清潔劑--百花香 家福浴廁清潔,B,poisson,0.8095,0.8997,1.1114,2,medium demand - intermittent
11040032001,家福浴廁清潔劑--檸檬香,C,poisson,0.0476,0.2182,4.5826,2,low demand - intermittent
11040035001,潔霜芳香浴廁清潔劑-清新皂香,A,poisson,6.2857,2.5071,0.3989,0,high demand - stable
11040039001,魔術靈高密泡馬桶清潔劑-柑橘消臭 魔術靈高密泡噴,B,normal,1.2857,1.0302,0.8012,1,medium demand - volatile
11040040001,魔術靈高密泡馬桶清潔劑更替瓶-柑橘高密泡補充瓶,B,poisson,0.6667,0.8165,1.2247,2,medium demand - intermittent
11040044001,魔術靈雙重淨力馬桶清潔劑森林 魔術靈森林清香,B,poisson,0.5714,0.7559,1.3229,2,medium demand - intermittent
11040045001,魔術靈雙重淨力馬桶清潔劑海洋 魔術靈海洋清香,B,poisson,0.3333,0.5774,1.7321,2,medium demand - intermittent
11040046001,魔術靈殺菌瞬潔馬桶漂潔劑檸檬 殺菌瞬潔檸檬,B,normal,1.0952,1.0648,0.9722,1,medium demand - volatile
11040047001,魔術靈殺菌瞬潔馬桶漂潔劑 魔術靈馬桶漂潔,B,poisson,0.4286,0.6547,1.5275,2,medium demand - intermittent
11040056001,家福松木尤加利馬桶清潔劑,B,poisson,0.381,0.6172,1.6202,2,medium demand - intermittent
11040057001,家福柑橘馬桶清潔劑,C,poisson,0.0952,0.3086,3.2404,2,low demand - intermittent
11040058001,家福海洋香氛馬桶清潔劑,C,poisson,0.2857,0.5345,1.8708,2,low demand - intermittent
11040059001,家福除菌抗石灰馬桶清潔劑 家福除菌抗石灰,C,poisson,0.0476,0.2182,4.5826,2,low demand - intermittent
11040060001,家福尤加利馬桶清潔劑,B,poisson,0.3333,0.5774,1.7321,2,medium demand - intermittent
11040061001,妙管家浴室噴槍清潔劑-清新檸檬 浴室清潔噴槍檸,C,poisson,0.0476,0.2182,4.5826,2,low demand - intermittent
11040062001,高樂氏馬桶殺菌清潔凝膠,C,poisson,0.1429,0.378,2.6458,2,low demand - intermittent
11041002001,家福固體馬桶潔廁劑 固體馬桶潔廁劑,B,poisson,0.619,0.7868,1.271,2,medium demand - intermittent
11041003001,德國米諾Minel馬桶清潔球 米諾清潔球檸檬,C,poisson,0.0952,0.3086,3.2404,2,low demand - intermittent
11041005001,威猛先生潔廁清香凍清新 威猛清香凍海洋,B,poisson,0.4286,0.6547,1.5275,2,medium demand - intermittent
11041005002,威猛先生潔廁清香凍清新 清香凍組裝粉紅,C,poisson,0.0952,0.3086,3.2404,2,low demand - intermittent
11041007001,威猛先生潔廁清香凍補充管 清香凍海洋補充,B,poisson,0.5714,0.7559,1.3229,2,medium demand - intermittent
11041007003,威猛先生潔廁清香凍補充管 清香凍重裝花舞,B,poisson,0.381,0.6172,1.6202,2,medium demand - intermittent
11041009001,威猛先生潔廁清香凍檸檬補充管 清香凍檸檬補充,C,poisson,0.1905,0.4364,2.2913,2,low demand - intermittent
11041012001,威猛先生自動潔廁劑含活性碳 威猛先生自動潔,C,poisson,0.1905,0.4364,2.2913,2,low demand - intermittent
11041013001,藍藍香馬桶清廁劑 65g*4,C,poisson,0.0952,0.3086,3.2404,2,low demand - intermittent
11041014001,優品馬桶自動清潔劑,C,poisson,0.2381,0.488,2.0494,2,low demand - intermittent
11041017001,妙管家馬桶自動清潔劑,B,poisson,0.8095,0.8997,1.1114,2,medium demand - intermittent
11041018001,威猛先生活力潔廁球璀璨花舞38.6g 活力潔廁球,C,poisson,0.0476,0.2182,4.5826,2,low demand - intermittent
11041019001,Bref妙力懸掛式馬桶清潔球,B,poisson,0.619,0.7868,1.271,2,medium demand - intermittent
11041019002,Bref妙力懸掛式馬桶清潔球 薰衣草香,B,poisson,0.4286,0.6547,1.5275,2,medium demand - intermittent
11041020001,Bref妙力投入式馬桶清潔錠,C,poisson,0.2381,0.488,2.0494,2,low demand - intermittent
11041023001,威猛先生潔廁清香凍組裝薰衣草 潔廁清凍薰衣,C,poisson,0.0952,0.3086,3.2404,2,low demand - intermittent
11041024001,威猛先生潔廁清香凍重裝薰衣草 清香凍薰衣草,B,poisson,0.381,0.6172,1.6202,2,medium demand - intermittent
11041025001,風倍清浴廁用抗菌消臭防臭劑清爽皂香6ML,B,poisson,0.3333,0.5774,1.7321,2,medium demand - intermittent
11041026001,風倍清浴廁用抗菌消臭防臭劑薄荷綠香6ML,B,poisson,0.5238,0.7237,1.3817,2,medium demand - intermittent
11041027001,妙管家馬桶自動清潔劑-薰衣草 薰衣草,B,normal,1.2381,0.9209,0.7438,1,medium demand - volatile
11041028001,風倍清浴廁用抗菌消臭防臭劑山谷微香6ML,B,poisson,0.4286,0.6547,1.5275,2,medium demand - intermittent
11041029001,威猛先生潔廁清香凍活力柑橘組 威猛先生潔廁清,C,poisson,0.0952,0.3086,3.2404,2,low demand - intermittent
11041030001,風倍清浴廁用抗菌消臭防臭劑6mlx2 風倍清防臭劑,B,poisson,0.381,0.6172,1.6202,2,medium demand - intermittent
11041031001,威猛先生潔廁清香凍活力柑橘重 威猛先生潔廁清,C,poisson,0.2381,0.488,2.0494,2,low demand - intermittent
11041032001,威猛先生活力潔廁球清新海洋38.6g 活力潔廁球,C,poisson,0.0476,0.2182,4.5826,2,low demand - intermittent
11041999001,Bref妙力懸掛式馬桶清潔球50g 清潔球薰衣草,C,poisson,0.2381,0.488,2.0494,2,low demand - intermittent
11041999004,Bref妙力懸掛式馬桶清潔球50g,C,poisson,0.1429,0.378,2.6458,2,low demand - intermittent
11042001001,通樂-馬桶疏通劑 通樂-馬桶疏通,B,poisson,0.4286,0.6547,1.5275,2,medium demand - intermittent
11042002001,妙管家水管疏通劑,B,poisson,0.381,0.6172,1.6202,2,medium demand - intermittent
11042005001,莊臣馬桶通樂（圓瓶） 圓瓶,B,poisson,0.8095,0.8997,1.1114,2,medium demand - intermittent
11042006001,家福水管疏通劑,B,poisson,0.3333,0.5774,1.7321,2,medium demand - intermittent
11042007001,妙管家管路疏通劑,B,poisson,0.5238,0.7237,1.3817,2,medium demand - intermittent
11042008001,通樂超濃疏通膠 通樂超濃疏通膠,B,poisson,1.4286,1.1952,0.8367,1,medium demand - volatile
11042009001,通樂激泡排水管清洗劑 通樂水管清洗劑,B,poisson,0.619,0.7868,1.271,2,medium demand - intermittent
11042010001,家福馬桶疏通劑 家福馬桶疏通劑,C,poisson,0.2857,0.5345,1.8708,2,low demand - intermittent
11042011001,妙管家快速疏通劑,B,poisson,0.9524,0.9759,1.0247,2,medium demand - intermittent
11042015001,優品水槽管路清潔錠,B,poisson,0.4286,0.6547,1.5275,2,medium demand - intermittent
11042017001,快速通樂 快速通樂,B,poisson,0.6667,0.8165,1.2247,2,medium demand - intermittent
11042020001,魔術靈水管清潔劑噴槍瓶 魔術靈水管清潔,B,poisson,0.4762,0.6901,1.4491,2,medium demand - intermittent
11042022001,浴室通樂 浴室通樂,C,poisson,0.2857,0.5345,1.8708,2,low demand - intermittent
11042023001,魔術靈水管疏通劑500G 水管魔術靈瓶裝,B,poisson,0.619,0.7868,1.271,2,medium demand - intermittent
11042027001,威猛先生水管疏通劑 威猛水管疏通劑,C,poisson,0.2857,0.5345,1.8708,2,low demand - intermittent
11042028001,小通水管疏通膠 小通水管疏通膠,C,poisson,0.0952,0.3086,3.2404,2,low demand - intermittent
11042029001,家福Active水管疏通劑,C,poisson,0.2381,0.488,2.0494,2,low demand - intermittent
11042030001,家福速效水管疏通劑,C,poisson,0.0952,0.3086,3.2404,2,low demand - intermittent
11042031001,家福EXPRESS 水管疏通劑,B,poisson,0.381,0.6172,1.6202,2,medium demand - intermittent
11043007001,悍菌遁超濃縮配方清香消毒液,C,poisson,0.0952,0.3086,3.2404,2,low demand - intermittent
11043012001,來舒噴霧抗菌清潔劑--原野香 原野香,C,poisson,0.1429,0.378,2.6458,2,low demand - intermittent
11043016002,花之鄉花露水,C,poisson,0.1429,0.378,2.6458,2,low demand - intermittent
11043023001,德國dalli多功能香氛抗菌液1L 香氛抗菌液,C,poisson,0.0476,0.2182,4.5826,2,low demand - intermittent
11050002001,毛寶洗碗精-擠壓瓶 植物性配方,B,poisson,0.5238,0.7237,1.3817,2,medium demand - intermittent
11050003001,毛寶小蘇打洗碗精-無香精 毛寶小蘇打洗碗,B,poisson,0.5238,0.7237,1.3817,2,medium demand - intermittent
11050004001,泡舒洗潔精-綠茶2.8L,A,poisson,5.381,2.3197,0.4311,0,high demand - stable
11050005001,易洗樂洗潔精 易洗樂洗潔精,B,poisson,0.8095,0.8997,1.1114,2,medium demand - intermittent
11050006001,易洗樂洗潔精-補充包,C,poisson,0.1905,0.4364,2.2913,2,low demand - intermittent
11050008001,皂福無香精洗潔精補充包 無香精洗潔補充,C,poisson,0.0952,0.3086,3.2404,2,low demand - intermittent
11050009001,Pril淨麗小蘇打高效洗碗精 淨麗洗碗精草本,C,poisson,0.1905,0.4364,2.2913,2,low demand - intermittent
11050009002,Pril淨麗小蘇打高效洗碗精 淨麗洗碗精莓果,B,poisson,0.5238,0.7237,1.3817,2,medium demand - intermittent
11050010001,毛寶洗碗精 植物性配方,C,poisson,0.2381,0.488,2.0494,2,low demand - intermittent
11050010002,毛寶洗碗精 潔淨強化配方,C,poisson,0.2381,0.488,2.0494,2,low demand - intermittent
11050011001,沙拉脫,B,poisson,1.8095,1.3452,0.7434,1,medium demand - volatile
11050012001,泡舒洗潔精補充包--綠茶,A,poisson,2.4286,1.5584,0.6417,1,high demand - volatile
11050014001,快潔適蔬果碗盤洗潔精補充包 快潔適蔬果碗盤,C,poisson,0.1429,0.378,2.6458,2,low demand - intermittent
11050017001,泡舒抗菌洗潔精--檸檬2.8L,A,poisson,4.2381,2.0587,0.4858,0,high demand - stable
11050019001,毛寶洗碗精補充包 潔淨強化配方,C,poisson,0.0476,0.2182,4.5826,2,low demand - intermittent
11050019002,毛寶洗碗精補充包 植物性配方,B,normal,1.381,1.1742,0.8503,1,medium demand - volatile
11050020001,泡舒檸檬抗菌精油洗潔精補充包 檸檬精油補充包,A,poisson,3.619,1.9024,0.5257,1,high demand - volatile
11050022001,白蘭新動力配方洗碗精鮮柚補充 動力補充包鮮柚,B,poisson,0.4762,0.6901,1.4491,2,medium demand - intermittent
11050025001,泡舒洗潔精-綠茶,A,poisson,3.1429,1.7728,0.5641,1,high demand - volatile
11050029001,家福洗碗精-蘋果香,B,normal,1.2857,1.0302,0.8012,1,medium demand - volatile
11050031001,毛寶小蘇打洗碗精按壓瓶無香精 毛寶小蘇打洗碗,B,poisson,1.2381,1.1127,0.8987,1,medium demand - volatile
11050031002,毛寶小蘇打洗碗精按壓瓶無香精 小蘇打洗碗甜橙,B,poisson,0.5714,0.7559,1.3229,2,medium demand - intermittent
11050032001,泡舒抗菌洗潔精檸檬抗菌精油,B,poisson,0.7619,0.8729,1.1456,2,medium demand - intermittent
11050033001,家福洗碗精-蘋果香 2.8L,B,poisson,1.8095,1.3452,0.7434,1,medium demand - volatile
11050035001,白熊軟性洗碗精4Kg,A,poisson,5.6667,2.3805,0.4201,0,high demand - stable
11050036001,奶瓶蔬果洗潔精(2包入) 瓶蔬洗潔精2入,C,poisson,0.1905,0.4364,2.2913,2,low demand - intermittent
11050037001,妙管家E護洗潔精 E護洗潔精,C,poisson,0.0952,0.3086,3.2404,2,low demand - intermittent
11050038001,水晶肥皂無添加食器洗滌液體 水晶肥皂食器用,B,poisson,1.0476,1.0235,0.977,1,medium demand - volatile
11050039001,藍寶洗碗精3000g 除菌洗碗精,B,poisson,0.9048,0.9512,1.0513,2,medium demand - intermittent
11050040001,茶樹莊園茶樹洗碗精促銷組 茶樹洗碗組,B,poisson,0.7619,0.8729,1.1456,2,medium demand - intermittent
11050040002,茶樹莊園茶樹洗碗精促銷組 茶樹洗碗組檸檬,B,poisson,1.9524,1.3973,0.7157,1,medium demand - volatile
11050045001,妙管家植萃酵素洗潔精桔油香,B,poisson,1.0952,1.0465,0.9555,1,medium demand - volatile
11050046001,日星沙拉脫,B,poisson,1.5714,1.2536,0.7977,1,medium demand - volatile
11050047001,水晶肥皂食器洗滌液体-補充包 食器洗滌液体Re,B,poisson,0.9048,0.9512,1.0513,2,medium demand - intermittent
11050049001,家福ECO環保無香氛洗碗精 家福環保無香氛,B,poisson,0.4286,0.6547,1.5275,2,medium demand - intermittent
11050050001,綠活維洗碗精-檸檬香,C,poisson,0.0476,0.2182,4.5826,2,low demand - intermittent
11050052001,白熊PLUS洗碗精 白熊PLUS洗碗精,C,poisson,0.1905,0.4364,2.2913,2,low demand - intermittent
11050053001,一滴淨蘆薈多酚食品用洗潔精檸檬橘子,B,poisson,0.4286,0.6547,1.5275,2,medium demand - intermittent
11050055001,妙管家植萃酵素洗潔精補充包 洗潔精補充包,C,poisson,0.0476,0.2182,4.5826,2,low demand - intermittent
11050057001,德國PR洗碗精-檸檬清香 檸檬清香洗碗精,B,poisson,0.6667,0.8165,1.2247,2,medium demand - intermittent
11050059001,白蘭新動力配方洗碗精檸檬補充 動力補充包檸檬,B,poisson,1.1429,1.069,0.9354,1,medium demand - volatile
11050060001,白熊高分解洗碗精 白熊高分解洗碗,B,poisson,1.9048,1.3801,0.7246,1,medium demand - volatile
11050061001,白蘭新動力配方洗碗精鮮柚1kg 洗碗精鮮柚1kg,C,poisson,0.0952,0.3086,3.2404,2,low demand - intermittent
11050062001,白蘭新動力配方洗碗精檸檬1kg 洗碗精檸檬1kg,C,poisson,0.1905,0.4364,2.2913,2,low demand - intermittent
11050063001,茶樹莊園茶樹超濃縮洗碗精 茶樹濃縮洗碗精,C,poisson,0.1905,0.4364,2.2913,2,low demand - intermittent
11050064001,白蘭新動力配方洗碗精柚2.8kg 洗碗鮮柚2.8kg,B,poisson,0.7619,0.8729,1.1456,2,medium demand - intermittent
11050065001,茶樹莊園海鹽超濃縮洗碗精補充包 茶樹濃縮洗碗補,C,poisson,0.1429,0.378,2.6458,2,low demand - intermittent
11050065002,茶樹莊園海鹽超濃縮洗碗精補充包 茶樹檸檬洗碗補,B,normal,1.381,1.0455,0.7571,1,medium demand - volatile
11050065003,茶樹莊園海鹽超濃縮洗碗精補充包 茶樹生薑洗碗補,C,poisson,0.1429,0.378,2.6458,2,low demand - intermittent
11050068001,妙管家植萃酵素洗潔精(壓+重) 植萃酵素洗潔精,B,poisson,0.4286,0.6547,1.5275,2,medium demand - intermittent
11050069001,妙管家椰子油洗潔精 妙管家椰子油洗,C,poisson,0.0952,0.3086,3.2404,2,low demand - intermittent
11050073001,白雪洗碗精 白雪檸檬洗碗精,C,poisson,0.0952,0.3086,3.2404,2,low demand - intermittent
11050073002,白雪洗碗精 白雪柑橘洗碗精,C,poisson,0.0952,0.3086,3.2404,2,low demand - intermittent
11050074001,OP苦茶籽洗潔精 OP苦茶籽洗潔精,C,poisson,0.1905,0.4364,2.2913,2,low demand - intermittent
11050076001,白蘭新動力配方洗碗精檸2.8kg 洗碗檸檬2.8kg,B,poisson,2.0,1.4142,0.7071,1,medium demand - volatile
11050077001,家福超值洗潔精5000克 家福超值洗碗精,A,poisson,4.4286,2.1044,0.4752,0,high demand - stable
11050078001,Pril淨麗小蘇打洗碗精補充草本,B,poisson,0.5238,0.7237,1.3817,2,medium demand - intermittent
11050078002,Pril淨麗小蘇打洗碗精補充草本 淨麗小蘇打莓果,B,poisson,0.4286,0.6547,1.5275,2,medium demand - intermittent
11050081001,橘子工坊高效速淨碗盤洗滌液補包,B,normal,1.0,1.069,1.069,2,medium demand - intermittent
11050087001,清淨海環保洗碗精,B,poisson,0.6667,0.8165,1.2247,2,medium demand - intermittent
11050088001,橘子工坊溫和護手碗盤洗滌液補充包,C,poisson,0.0952,0.3086,3.2404,2,low demand - intermittent
11050091001,家福ECO環保薄荷迷迭香洗碗精,C,poisson,0.0476,0.2182,4.5826,2,low demand - intermittent
11050093001,橘子工坊淨味碗盤洗滌液補充包,B,poisson,0.619,0.7868,1.271,2,medium demand - intermittent
11050094001,橘子工坊深層淨味碗盤洗滌液,C,poisson,0.1905,0.4364,2.2913,2,low demand - intermittent
11050095001,淨毒五郎蔬果清潔劑,C,poisson,0.0476,0.2182,4.5826,2,low demand - intermittent
11050097001,妙管家植萃酵素洗潔精加侖桶,C,poisson,0.0952,0.3086,3.2404,2,low demand - intermittent
11050098001,超值洗潔精 超值洗潔精,B,poisson,0.8571,0.9258,1.0801,2,medium demand - intermittent
11050101001,潔倍茶籽粉 潔倍茶籽粉,B,poisson,0.4286,0.6547,1.5275,2,medium demand - intermittent
11050102001,一滴淨蘆薈多酚食品用洗潔精補充包檸檬,B,poisson,0.381,0.6172,1.6202,2,medium demand - intermittent
11050103001,一滴淨蘆薈多酚食品用洗潔精補充包柑橘,B,poisson,0.5238,0.7237,1.3817,2,medium demand - intermittent
11050104001,鷹王檸檬洗潔精 鷹王蘆薈洗潔精,C,poisson,0.0476,0.2182,4.5826,2,low demand - intermittent
11050105001,獅王Magica洗潔精組合品 柑橙組,C,poisson,0.0952,0.3086,3.2404,2,low demand - intermittent
11050108001,OP茶酚洗潔精-金柚清香 瓶裝 洗潔精金柚,C,poisson,0.1905,0.4364,2.2913,2,low demand - intermittent
11050110001,小綠人小蘇打洗潔精 洗潔精茶樹,C,poisson,0.0952,0.3086,3.2404,2,low demand - intermittent
11050110002,小綠人小蘇打洗潔精 洗潔精海鹽,C,poisson,0.1429,0.378,2.6458,2,low demand - intermittent
11050111001,洗寶環保洗潔精 洗寶環保洗潔精,C,poisson,0.0476,0.2182,4.5826,2,low demand - intermittent
11050113001,德國PR洗碗精-原味 PR洗碗精原味,C,poisson,0.1905,0.4364,2.2913,2,low demand - intermittent
11050123001,易洗樂洗潔精超值大包裝,B,poisson,0.5714,0.7559,1.3229,2,medium demand - intermittent
11050129001,妙管家洗潔精 植萃酵素洗潔精,B,poisson,0.4286,0.6547,1.5275,2,medium demand - intermittent
11050129002,妙管家洗潔精 E護洗潔精,C,poisson,0.1429,0.378,2.6458,2,low demand - intermittent
11050131001,OP茶酚洗潔精 (零添加) 茶酚洗潔精,B,poisson,0.7619,0.8729,1.1456,2,medium demand - intermittent
11050134001,德國dalli花香洗碗精-1L 達麗花香洗碗精,C,poisson,0.0476,0.2182,4.5826,2,low demand - intermittent
11050137001,家福蘆薈洗碗精-溫和護手 家福蘆薈洗碗精,C,poisson,0.0952,0.3086,3.2404,2,low demand - intermittent
11050140002,珂珂透超濃縮洗碗凝露 洗碗凝露葡萄,C,poisson,0.0952,0.3086,3.2404,2,low demand - intermittent
11050141002,珂珂透噴槍型泡泡洗碗精,C,poisson,0.2381,0.488,2.0494,2,low demand - intermittent
11050142001,家福ECO環保杏仁香氣洗碗精,C,poisson,0.0952,0.3086,3.2404,2,low demand - intermittent
11050895001,日星沙拉脫 沙拉脫,B,poisson,1.0,1.0,1.0,1,medium demand - volatile
11051001001,ST洗衣槽除菌劑550g ST洗衣槽除菌劑,C,poisson,0.1429,0.378,2.6458,2,low demand - intermittent
11051002001,加倍潔小蘇打去汙粉 加倍潔小蘇打粉,A,poisson,3.5714,1.8898,0.5292,1,high demand - volatile
11051003001,毛寶熱水瓶洗淨劑 熱水瓶洗淨劑,C,poisson,0.2381,0.488,2.0494,2,low demand - intermittent
11051004001,藍寶洗衣槽去污劑 藍寶洗衣槽去污,C,poisson,0.2857,0.5345,1.8708,2,low demand - intermittent
11051006001,毛寶洗衣槽專用去污劑,A,poisson,2.8095,1.6762,0.5966,1,high demand - volatile
11051007001,家樂福小蘇打粉 家樂福小蘇打粉,B,poisson,0.5714,0.7559,1.3229,2,medium demand - intermittent
11051009001,加倍潔洗衣槽專用去污劑 茶樹+小蘇打,B,poisson,0.3333,0.5774,1.7321,2,medium demand - intermittent
11051011001,加倍潔檸檬酸去汙粉 加倍潔檸檬酸去汙粉,C,poisson,0.2381,0.488,2.0494,2,low demand - intermittent
11051012001,家福洗碗機專用清潔鹽,C,poisson,0.1429,0.378,2.6458,2,low demand - intermittent
11051013001,妙管家洗衣槽專用清潔劑,B,normal,1.8571,1.0817,0.5825,1,medium demand - volatile
11051016001,茶樹莊園-茶樹洗衣槽去汙劑250g*3 茶樹洗衣去汙劑,C,poisson,0.0476,0.2182,4.5826,2,low demand - intermittent
11051018001,日本Mitsuei洗衣槽專用洗劑550G 日本洗衣槽洗劑,C,poisson,0.0952,0.3086,3.2404,2,low demand - intermittent
11051019001,妙管家除垢劑750g 妙管家除垢劑,B,poisson,0.3333,0.5774,1.7321,2,medium demand - intermittent
11051022001,加倍潔檸檬酸+小蘇打洗衣槽去 檸檬酸洗衣槽,B,poisson,0.4762,0.6901,1.4491,2,medium demand - intermittent
11051023001,橘子工坊食器妙用清潔粉,B,poisson,0.381,0.6172,1.6202,2,medium demand - intermittent
11051025001,加倍潔小蘇打去汙粉400g 萬用去汙粉400g,B,poisson,0.7619,0.8729,1.1456,2,medium demand - intermittent
11051027001,茶樹莊園-茶樹小蘇打粉 茶樹小蘇打粉,C,poisson,0.1905,0.4364,2.2913,2,low demand - intermittent
11051030001,輕時代 小蘇打粉,C,poisson,0.0476,0.2182,4.5826,2,low demand - intermittent
11051031001,清淨海槽洗淨洗衣槽去污劑 清淨海槽洗淨洗,C,poisson,0.1429,0.378,2.6458,2,low demand - intermittent
11051032001,加倍潔小蘇打粉 加倍潔小蘇打粉,C,poisson,0.0952,0.3086,3.2404,2,low demand - intermittent
11051037001,天工去汙粉,C,poisson,0.1905,0.4364,2.2913,2,low demand - intermittent
11051039001,清淨海巧檸酸檸檬酸 清淨海巧檸酸,C,poisson,0.0952,0.3086,3.2404,2,low demand - intermittent
11051044001,AH小蘇打粉13.5lb,B,poisson,1.1905,1.0911,0.9165,1,medium demand - volatile
11051049001,一滴淨免凈泡洗槽劑,B,poisson,0.3333,0.5774,1.7321,2,medium demand - intermittent
11051056001,白象萬用檸檬酸,C,poisson,0.0952,0.3086,3.2404,2,low demand - intermittent
11051057001,白象萬用去漬霸 萬用去漬霸,C,poisson,0.0476,0.2182,4.5826,2,low demand - intermittent
11051899001,優品洗衣槽去汙防霉劑150g*4 洗衣槽去汙劑,C,poisson,0.0476,0.2182,4.5826,2,low demand - intermittent
11051999001,毛寶電鍋專用清潔劑 毛寶電鍋清潔劑,C,poisson,0.1905,0.4364,2.2913,2,low demand - intermittent
11061001001,百利潔力豆海綿菜瓜布 潔力豆綠4片,B,poisson,0.3333,0.5774,1.7321,2,medium demand - intermittent
11061001002,百利潔力豆海綿菜瓜布 潔力豆橘4片,C,poisson,0.2857,0.5345,1.8708,2,low demand - intermittent
11061002001,洗王抗菌海棉菜瓜布 洗王海棉菜瓜布,B,poisson,0.5714,0.7559,1.3229,2,medium demand - intermittent
11061003001,OP德國妙用擦 德國妙用擦,C,poisson,0.2381,0.488,2.0494,2,low demand - intermittent
11061005001,家福海綿3入,C,poisson,0.1429,0.378,2.6458,2,low demand - intermittent
11061008001,家福植物性彩色海綿,C,poisson,0.2857,0.5345,1.8708,2,low demand - intermittent
11061009001,洗王快可擦海棉,C,poisson,0.2381,0.488,2.0494,2,low demand - intermittent
11061011001,OP茶樹抗菌海綿菜瓜布 茶樹海棉菜瓜布,B,poisson,0.8095,0.8997,1.1114,2,medium demand - intermittent
11061015001,家福木漿棉菜瓜布3入,C,poisson,0.2381,0.488,2.0494,2,low demand - intermittent
11061016001,百利天然木漿棉菜瓜布-爐具 爐具專用2片裝,C,poisson,0.2381,0.488,2.0494,2,low demand - intermittent
11061023001,OP柑橘除油海綿菜瓜布 柑橘海棉菜瓜布,B,poisson,1.3333,1.1547,0.866,1,medium demand - volatile
11061024001,百利天然木漿棉菜瓜布細緻鍋具 鍋具專用2片裝,C,poisson,0.0476,0.2182,4.5826,2,low demand - intermittent
11061027001,百利天然木漿棉菜瓜布衛浴專用 衛浴專用2片裝,C,poisson,0.0476,0.2182,4.5826,2,low demand - intermittent
11061028001,家福海棉菜瓜布衛浴專用2入,C,poisson,0.2857,0.5345,1.8708,2,low demand - intermittent
11061030001,百利天然木漿棉菜瓜布細緻餐具 餐具好握2片裝,B,poisson,0.381,0.6172,1.6202,2,medium demand - intermittent
11061031001,百利衛浴專用海綿菜瓜布2片裝 百利衛浴海棉,B,poisson,0.3333,0.5774,1.7321,2,medium demand - intermittent
11061032001,百利多用途天然木漿棉2片裝 百利天然木漿棉,B,poisson,0.381,0.6172,1.6202,2,medium demand - intermittent
11061033001,家福木漿棉菜瓜布爐具專用2入,C,poisson,0.0952,0.3086,3.2404,2,low demand - intermittent
11061035001,洗王彩虹海綿菜瓜布 彩虹海綿菜瓜布,B,poisson,0.4762,0.6901,1.4491,2,medium demand - intermittent
11061049001,百利天然木漿棉加大版 百利天然木漿棉,C,poisson,0.1905,0.4364,2.2913,2,low demand - intermittent
11061050001,百利隨手掛架組爐廚專用 爐廚專用,C,poisson,0.0476,0.2182,4.5826,2,low demand - intermittent
11061051001,百利隨手掛架組餐具專用 餐具專用,C,poisson,0.1429,0.378,2.6458,2,low demand - intermittent
11061052001,百利隨手掛架組爐廚專用補充 爐廚專用補充,C,poisson,0.2857,0.5345,1.8708,2,low demand - intermittent
11061053001,百利隨手掛架組餐具專用補充 餐具專用補充,B,poisson,0.4762,0.6901,1.4491,2,medium demand - intermittent
11061054001,百利多用途細緻菜瓜布_木漿棉 木漿棉兩片裝紫,B,poisson,0.3333,0.5774,1.7321,2,medium demand - intermittent
11061054002,百利多用途細緻菜瓜布_木漿棉,C,poisson,0.1429,0.378,2.6458,2,low demand - intermittent
11061055001,百利多用途細緻菜瓜布海棉 雙面四片裝紫,C,poisson,0.1905,0.4364,2.2913,2,low demand - intermittent
11061055002,百利多用途細緻菜瓜布海棉 雙面四片桃紅,C,poisson,0.1905,0.4364,2.2913,2,low demand - intermittent
11061068001,百利爐鍋專用海綿菜瓜布6片裝 海綿菜瓜布,A,poisson,3.619,1.9024,0.5257,1,high demand - volatile
11061070001,百利不鏽鋼/頑垢專用鋼絨海綿菜瓜布6 鋼絨海綿,B,normal,1.1429,1.1249,0.9843,1,medium demand - volatile
11061071001,百利細緻餐具海綿菜瓜布6片裝 小黃海綿,A,poisson,5.5714,2.3604,0.4237,0,high demand - stable
11062002001,洗王菜瓜布4入 洗王菜瓜布4入,C,poisson,0.0476,0.2182,4.5826,2,low demand - intermittent
11062006001,百利不鏽鋼頑垢專用菜瓜布10片 鋼絨5片裝*2,B,poisson,0.4286,0.6547,1.5275,2,medium demand - intermittent
11062008001,OP 鑽石晶砂菜瓜布,C,poisson,0.0476,0.2182,4.5826,2,low demand - intermittent
11062011001,洗王茶杯專用菜瓜布 洗王茶杯專用,C,poisson,0.0952,0.3086,3.2404,2,low demand - intermittent
11062013001,洗王不鏽鋼球刷 50gx2 洗王不鏽鋼球刷,B,poisson,0.7619,0.8729,1.1456,2,medium demand - intermittent
11062015001,百利不鏽鋼黑垢專用菜瓜布5片 黑鋼絨5片裝,B,poisson,0.619,0.7868,1.271,2,medium demand - intermittent
11062017001,驅塵氏菜瓜布-爐具專用(5入) 驅塵氏-爐具5入,C,poisson,0.0476,0.2182,4.5826,2,low demand - intermittent
11062019001,百利不鏽鋼頑垢專用菜瓜布6片 鋼絨6片裝,B,poisson,0.7619,0.8729,1.1456,2,medium demand - intermittent
11062023001,3M百利爐具-鍋具專用菜瓜布 特厚版4片,B,poisson,0.5714,0.7559,1.3229,2,medium demand - intermittent
11062025001,百利細緻餐具/茶杯專用菜瓜布6片裝 小黃菜瓜布,B,poisson,1.2857,1.1339,0.8819,1,medium demand - volatile
11062026001,百利爐具/鍋具專用菜瓜布6片裝 大綠菜瓜布,B,poisson,0.7143,0.8452,1.1832,2,medium demand - intermittent
11070001001,噴效水性噴霧殺蟲劑,A,poisson,3.2381,1.7995,0.5557,1,high demand - volatile
11070002001,雷達速效蟑螂螞蟻藥 (無味) 無臭無味配方,B,poisson,0.6667,0.8165,1.2247,2,medium demand - intermittent
11070003001,雷達天然植物噴霧殺蟲劑 雷達天然植物,B,normal,0.9524,0.8985,0.9434,1,medium demand - volatile
11070004001,噴效新蟑螂螞蟻藥,A,poisson,3.2381,1.7995,0.5557,1,high demand - volatile
11070005001,威滅防蚊網補充包1入60天,C,poisson,0.0476,0.2182,4.5826,2,low demand - intermittent
11070006001,速必效驅蚊寶-60天,C,poisson,0.0476,0.2182,4.5826,2,low demand - intermittent
11070007001,噴效新油性噴霧殺蟲劑,A,poisson,2.619,1.6183,0.6179,1,high demand - volatile
11070011001,雷達雙效殺蟲劑,B,poisson,0.9048,0.9512,1.0513,2,medium demand - intermittent
11070012001,鱷魚水性蟑螂螞蟻藥,C,poisson,0.1905,0.4364,2.2913,2,low demand - intermittent
11070013001,必安住跳蚤蟑螂藥600ml 跳蚤蟑螂藥,C,poisson,0.2381,0.488,2.0494,2,low demand - intermittent
11070014001,雷達蟑螂藥-天然尤加利精油 雷達蟑螂藥-天,B,poisson,0.619,0.7868,1.271,2,medium demand - intermittent
11070015001,噴效快速殺蟑液--水性配方 水性配方,B,poisson,0.4762,0.6901,1.4491,2,medium demand - intermittent
11070016001,雷達殺菌型蟑螂螞蟻藥 雷達殺菌型,B,poisson,0.7619,0.8729,1.1456,2,medium demand - intermittent
11070018001,雷達廣用殺蟲劑 雷達廣用殺蟲劑,C,poisson,0.2857,0.5345,1.8708,2,low demand - intermittent
11070019001,家家蟑螂螞蟻跳蚤噴霧殺蟲劑 蟑螂螞蟻殺蟲劑,C,poisson,0.0476,0.2182,4.5826,2,low demand - intermittent
11070022001,雷達速效蟑螂螞蟻藥(清新) 強效ULTEC配,C,poisson,0.1429,0.378,2.6458,2,low demand - intermittent
11070024001,雷達噴霧殺蟲劑-天然尤加利精 雷達噴霧殺蟲劑,B,normal,1.1905,1.0963,0.9209,1,medium demand - volatile
11070027001,必安住白蟻蟑螂跳蚤藥600ml 白蟻蟑螂跳蚤藥,C,poisson,0.0952,0.3086,3.2404,2,low demand - intermittent
11070029001,雷達快速蟑螂螞蟻藥柑橘精油 雷達蟑蟻藥柑橘,B,poisson,1.2381,1.1127,0.8987,1,medium demand - volatile
11070030001,花仙子防蚊香膏-香茅薄荷 花仙子防蚊香膏,C,poisson,0.2381,0.488,2.0494,2,low demand - intermittent
11070034001,噴效新水性噴霧殺蟲劑,C,poisson,0.0476,0.2182,4.5826,2,low demand - intermittent
11070037001,鱷魚門窗庭園防蚊片補充包 鱷魚防蚊片補充,C,poisson,0.0476,0.2182,4.5826,2,low demand - intermittent
11070040001,金龍自動噴霧殺蟲劑 自動噴霧殺蟲劑,C,poisson,0.0476,0.2182,4.5826,2,low demand - intermittent
11070042001,金龍蟑螂螞蟻殺蟲劑 蟑螂螞蟻殺蟲劑,C,poisson,0.0476,0.2182,4.5826,2,low demand - intermittent
11070045001,噴效通用水性噴霧殺蟲劑,B,poisson,1.2381,1.1127,0.8987,1,medium demand - volatile
11070046001,速必效果蠅誘聚餌寶,C,poisson,0.0476,0.2182,4.5826,2,low demand - intermittent
11070050001,興家安速果蠅餌劑,B,poisson,0.381,0.6172,1.6202,2,medium demand - intermittent
11070051001,康朵 防蟑螂螞蟻噴劑-500ML 防蟑螂螞蟻噴,C,poisson,0.0952,0.3086,3.2404,2,low demand - intermittent
11070054001,鱷魚水性快速殺蹣滅蟑劑 快速殺蹣滅蟑劑,C,poisson,0.0476,0.2182,4.5826,2,low demand - intermittent
11070062001,速必效蚊子蒼蠅跳蚤水性氣霧寶,C,poisson,0.0952,0.3086,3.2404,2,low demand - intermittent
11070063001,速必效蟑螂螞蟻跳蚤水性氣霧寶 蟑蟻跳蚤氣霧寶,C,poisson,0.0952,0.3086,3.2404,2,low demand - intermittent
11071001001,威滅滅蟑隊,B,poisson,1.4286,1.1952,0.8367,1,medium demand - volatile
11071002001,優品除蟻膏80g,B,poisson,0.381,0.6172,1.6202,2,medium demand - intermittent
11071004001,威滅滅蟻隊,B,poisson,0.7619,0.8729,1.1456,2,medium demand - intermittent
11071005001,安德生蟑愛呷-粘蟑屋 蟑愛呷-粘蟑屋,C,poisson,0.2857,0.5345,1.8708,2,low demand - intermittent
11071008001,優品別慌蟑捕蟑屋,B,poisson,0.5714,0.7559,1.3229,2,medium demand - intermittent
11071009001,雷達殺蟑堡 雷達殺蟑堡,B,poisson,0.7143,0.8452,1.1832,2,medium demand - intermittent
11071011001,優品除蟑錠 除蟑錠,C,poisson,0.0476,0.2182,4.5826,2,low demand - intermittent
11071012001,威滅滅蟑凝膠劑8g 威滅滅蟑凝膠劑,C,poisson,0.0952,0.3086,3.2404,2,low demand - intermittent
11071013001,鱷魚點點殺蟑 鱷魚點點殺蟑,C,poisson,0.0952,0.3086,3.2404,2,low demand - intermittent
11071014001,家福黏蟑屋 家福黏蟑屋,C,poisson,0.2857,0.5345,1.8708,2,low demand - intermittent
11071016001,優品蟻巢淨除蟻錠,C,poisson,0.1429,0.378,2.6458,2,low demand - intermittent
11071018001,威滅滅蟑隊居家裝潢 威滅滅蟑隊,B,poisson,0.5238,0.7237,1.3817,2,medium demand - intermittent
11071021001,蟻愛呷攻巢螞蟻餌劑,B,poisson,0.381,0.6172,1.6202,2,medium demand - intermittent
11071030001,安德生蟑愛呷黏蟑屋--玉米口味,C,poisson,0.1905,0.4364,2.2913,2,low demand - intermittent
11071032001,家家滅蟑螂8入 家家滅蟑螂8入,B,poisson,0.381,0.6172,1.6202,2,medium demand - intermittent
11071033001,速必效連鎖殺蟑螂套餐堡 連鎖殺蟑套餐堡,B,poisson,0.8571,0.9258,1.0801,2,medium demand - intermittent
11071034001,速必效螞蟻甜食性凝膠餌寶 螞蟻凝膠餌寶-A,B,poisson,0.9048,0.9512,1.0513,2,medium demand - intermittent
11071035001,速必效蟑螂凝膠餌寶 蟑螂凝膠餌寶,C,poisson,0.2381,0.488,2.0494,2,low demand - intermittent
11071898001,雷達殺蟑堡8入 雷達殺蟑堡8入,A,poisson,2.2381,1.496,0.6684,1,high demand - volatile
11071899001,興農淘汰蟑殺蟑餌錠 興農殺蟑餌錠,C,poisson,0.1429,0.378,2.6458,2,low demand - intermittent
11071902001,威滅滅蟑隊12入,B,poisson,1.2857,1.1339,0.8819,1,medium demand - volatile
11071909001,易克捷除蟑餌膠 易克捷除蟑餌膠,C,poisson,0.0476,0.2182,4.5826,2,low demand - intermittent
11071911001,速必效蟑不拒聚殺餌寶 蟑不拒聚殺餌寶,C,poisson,0.1429,0.378,2.6458,2,low demand - intermittent
11071912001,家家滅蟻劑4入(吊卡式),C,poisson,0.0476,0.2182,4.5826,2,low demand - intermittent
11071916001,一點絕2凝膠餌劑 一點絕2凝膠,B,poisson,1.4286,1.1952,0.8367,1,medium demand - volatile
11072001001,滅飛新蚊香經濟包60卷,B,poisson,1.6667,1.291,0.7746,1,medium demand - volatile
11072003001,鱷魚蚊香-A 60卷 經濟包 鱷魚蚊香-A-60,C,poisson,0.0952,0.3086,3.2404,2,low demand - intermittent
11072004001,家家線體紙蚊香+燃燒盤,C,poisson,0.0476,0.2182,4.5826,2,low demand - intermittent
11072005001,鱷魚水蒸式殺蹣滅蟑劑20g*3罐 水蒸式殺蟲劑,C,poisson,0.2381,0.488,2.0494,2,low demand - intermittent
11072008001,夜安寧廣效水蒸煙霧式殺蟲劑,B,poisson,0.3333,0.5774,1.7321,2,medium demand - intermittent
11072010001,必安住水蒸式殺蹣滅蟑劑10g,C,poisson,0.2381,0.488,2.0494,2,low demand - intermittent
11072011001,新鱷魚蚊香-優30卷鐵罐 新鱷魚蚊香-優,C,poisson,0.1429,0.378,2.6458,2,low demand - intermittent
11072012002,鱷魚蚊香-30卷經濟包 鱷魚蚊香30卷,B,poisson,0.7143,0.8452,1.1832,2,medium demand - intermittent
11072013001,速必效超煙霸強滲煙寶 速必效強滲煙寶,C,poisson,0.0476,0.2182,4.5826,2,low demand - intermittent
11072017001,速必效微煙黑蚊香,C,poisson,0.1429,0.378,2.6458,2,low demand - intermittent
11072019001,速必效超煙霸強滲煙寶三入裝,C,poisson,0.0476,0.2182,4.5826,2,low demand - intermittent
11072030001,必安住蚊香60卷 必安住蚊香-S60,C,poisson,0.1905,0.4364,2.2913,2,low demand - intermittent
11072033001,鱷魚淡煙蚊香-A 60卷鐵罐 鱷魚淡煙-A60鐵,C,poisson,0.0476,0.2182,4.5826,2,low demand - intermittent
11072034001,鱷魚淡煙蚊香-A 經濟包60卷 鱷魚蚊香A60經,B,poisson,0.4762,0.6901,1.4491,2,medium demand - intermittent
11072036001,必安住水蒸式白蟻衣魚殺蹣滅蟑,C,poisson,0.3333,0.5774,1.7321,2,low demand - intermittent
11072897001,雷達強效煙霧殺蟲劑2入42.5g 雷達煙霧2入,B,poisson,0.3333,0.5774,1.7321,2,medium demand - intermittent
11072902001,速必效頑強全釋型煙霧寶 頑強全釋煙霧寶,C,poisson,0.1429,0.378,2.6458,2,low demand - intermittent
11072903001,金龍蚊香,B,poisson,0.3333,0.5774,1.7321,2,medium demand - intermittent
11072905001,必安住紫丁蚊香40卷 紫丁蚊香,C,poisson,0.1429,0.378,2.6458,2,low demand - intermittent
11072906001,速必效清場水蒸寶 清場水蒸寶,C,poisson,0.0476,0.2182,4.5826,2,low demand - intermittent
11073001001,雷達薄型液體電蚊香無味組裝 +電蚊器,C,poisson,0.0476,0.2182,4.5826,2,low demand - intermittent
11073002001,雷達液電無味2器2液超值組 液電無味2,C,poisson,0.1429,0.378,2.6458,2,low demand - intermittent
11073002002,雷達液電無味2器2液超值組 液電尤加利2,C,poisson,0.0476,0.2182,4.5826,2,low demand - intermittent
11073006001,鱷魚液體電蚊香,B,poisson,0.7143,0.8452,1.1832,2,medium demand - intermittent
11073009001,滅飛液體電蚊香液45ml油性 滅飛液體電蚊香,B,poisson,0.4762,0.6901,1.4491,2,medium demand - intermittent
11073012001,新鱷魚液體電蚊香(無香料)45ml 液體電蚊香,C,poisson,0.2381,0.488,2.0494,2,low demand - intermittent
11073025001,雷達薄型液電重裝無味2入 雷達液體重無味,B,poisson,0.5238,0.7237,1.3817,2,medium demand - intermittent
11073032001,速必效無味型電熱蚊片寶 無味型電熱蚊片,C,poisson,0.0476,0.2182,4.5826,2,low demand - intermittent
11073039001,雷達薄型液電重裝植物清新2入 液電重裝清新味,C,poisson,0.0952,0.3086,3.2404,2,low demand - intermittent
11073898001,速必效無味型電熱蚊液寶A二入 電熱蚊液寶,C,poisson,0.0476,0.2182,4.5826,2,low demand - intermittent
11073899001,速必效無味型電熱淨蚊寶三入裝,C,poisson,0.0476,0.2182,4.5826,2,low demand - intermittent
11073900001,興家安速電蚊香液2入 電蚊香液2入,C,poisson,0.1429,0.378,2.6458,2,low demand - intermittent
11073901001,興家安速電蚊香液+器組合 興家安速液+器,C,poisson,0.0952,0.3086,3.2404,2,low demand - intermittent
11073902001,雷達液體電蚊香無味重裝4入 液體無味重4入,B,poisson,1.9524,1.3973,0.7157,1,medium demand - volatile
11073902002,雷達液體電蚊香無味重裝4入 雷達尤加利重4入,B,poisson,0.9524,0.9759,1.0247,2,medium demand - intermittent
11073905001,新鱷魚130天防蚊片,C,poisson,0.1429,0.378,2.6458,2,low demand - intermittent
11073907001,雷達佳兒護液體電蚊香重裝 佳兒護液電重裝,B,poisson,0.9524,0.9759,1.0247,2,medium demand - intermittent
11074001001,熊寶貝衣物香氛袋草本清新 草本清新香氛袋,C,poisson,0.0952,0.3086,3.2404,2,low demand - intermittent
11074003001,花仙子衣物香氛袋-晨露香氛 晨露香氛香氛袋,B,poisson,1.9048,1.3801,0.7246,1,medium demand - volatile
11074004001,Farcent香水衣物香氛袋-雞蛋花 香氛袋-雞蛋花,C,poisson,0.0476,0.2182,4.5826,2,low demand - intermittent
11074005001,威滅衣櫃除蟲片柑橘清香10入 除蟲片柑10入,B,poisson,0.6667,0.8165,1.2247,2,medium demand - intermittent
11074007001,威滅衣櫃除蟲片天然草本香2入,B,poisson,0.4286,0.6547,1.5275,2,medium demand - intermittent
11074009001,角落小夥伴英國梨與小蒼蘭香氛袋 角落小蒼蘭香氛,C,poisson,0.0476,0.2182,4.5826,2,low demand - intermittent
11074010001,防蟲樂薰衣草香衣物防蟲劑 散裝,C,poisson,0.0952,0.3086,3.2404,2,low demand - intermittent
11074012001,優品木之薈樟腦油-噴式 優品木之薈樟腦,C,poisson,0.0952,0.3086,3.2404,2,low demand - intermittent
11074014001,家樂福衣物香氛袋-晨露香 家福香氛袋晨露,C,poisson,0.1905,0.4364,2.2913,2,low demand - intermittent
11074015001,花仙子香氛袋 天使玫瑰香,B,poisson,2.0,1.4142,0.7071,1,medium demand - volatile
11074015002,花仙子香氛袋 粉戀櫻花,A,poisson,3.381,1.8387,0.5439,1,high demand - volatile
11074016001,家樂福薰衣草衣物香氛袋 香氛袋-薰衣草,C,poisson,0.1905,0.4364,2.2913,2,low demand - intermittent
11074018001,威滅衣櫃除蟲片spa舒緩香氛10入,B,poisson,0.4762,0.6901,1.4491,2,medium demand - intermittent
11074019001,熊寶貝衣物香氛袋芬芳香音勺 熊袋芬芳香,C,poisson,0.1905,0.4364,2.2913,2,low demand - intermittent
11074020001,威滅衣櫃除蟲片spa舒緩香氛2入,B,poisson,0.5238,0.7237,1.3817,2,medium demand - intermittent
11074021001,白雪奈丸 白雪奈丸,C,poisson,0.0952,0.3086,3.2404,2,low demand - intermittent
11074022001,優品木之薈樟腦油-補充瓶 優品木之薈樟腦,C,poisson,0.1429,0.378,2.6458,2,low demand - intermittent
11074027001,優品森之萃香茅油-噴槍 優品森之萃香茅,C,poisson,0.1905,0.4364,2.2913,2,low demand - intermittent
11074031001,優品森之萃香茅油-補充瓶,B,poisson,0.4286,0.6547,1.5275,2,medium demand - intermittent
11074033001,奈丸 奈丸,C,poisson,0.1429,0.378,2.6458,2,low demand - intermittent
11074040001,薰衣草芳鄉居衣物香氛防蟲劑 芳香防蟲劑,C,poisson,0.0476,0.2182,4.5826,2,low demand - intermittent
11074041001,水晶腦衣物芳香防蟲包 水晶腦防蟲包,C,poisson,0.0952,0.3086,3.2404,2,low demand - intermittent
11074043001,花神薰衣草芳鄉居大奈丸,C,poisson,0.0476,0.2182,4.5826,2,low demand - intermittent
11074045002,熊寶貝衣物香氛袋 香氛袋竹萃淨味,C,poisson,0.0476,0.2182,4.5826,2,low demand - intermittent
11074046001,熊寶貝衣物香氛袋花漾香氣 熊寶貝衣物香氛,B,poisson,0.3333,0.5774,1.7321,2,medium demand - intermittent
11074047001,熊寶貝衣物香氛袋繽紛花果香 熊寶貝衣物香氛,C,poisson,0.1429,0.378,2.6458,2,low demand - intermittent
11074048001,熊寶貝衣物香氛袋清新晨露香 熊寶貝衣物香氛,B,poisson,0.8095,0.8997,1.1114,2,medium demand - intermittent
11074052001,水晶腦芳香防蟲量販包 防蟲量販包,C,poisson,0.0476,0.2182,4.5826,2,low demand - intermittent
11074059001,Farcent香水衣物香氛袋 香氛袋-小蒼蘭,C,poisson,0.2857,0.5345,1.8708,2,low demand - intermittent
11074059002,Farcent香水衣物香氛袋 香氛袋- 海鹽,C,poisson,0.0952,0.3086,3.2404,2,low demand - intermittent
11074060002,熊寶貝衣物香氛袋21G 香氛袋茉莉香,C,poisson,0.0476,0.2182,4.5826,2,low demand - intermittent
11074060003,熊寶貝衣物香氛袋21G,C,poisson,0.0476,0.2182,4.5826,2,low demand - intermittent
11074060004,熊寶貝衣物香氛袋21G 香氛袋山茶花香,C,poisson,0.0952,0.3086,3.2404,2,low demand - intermittent
11074060005,熊寶貝衣物香氛袋21G 熊袋小蒼蘭,C,poisson,0.1905,0.4364,2.2913,2,low demand - intermittent
11075001001,家福黏鼠板,B,poisson,0.381,0.6172,1.6202,2,medium demand - intermittent
11075002001,粘牢鼠粘鼠板,C,poisson,0.0952,0.3086,3.2404,2,low demand - intermittent
11075003001,鱷魚黏鼠板(大) 鱷魚黏鼠板(大),B,poisson,0.381,0.6172,1.6202,2,medium demand - intermittent
11075004001,鱷魚黏鼠板 鱷魚黏鼠板,C,poisson,0.2381,0.488,2.0494,2,low demand - intermittent
11075006001,天堂鼠 天堂鼠,C,poisson,0.0476,0.2182,4.5826,2,low demand - intermittent
11075012001,興農奶油香味粘鼠板-小 興農奶油香味粘,C,poisson,0.0476,0.2182,4.5826,2,low demand - intermittent
11075013001,家福黏蠅板 5入 家福黏蠅板 5入,B,poisson,0.5714,0.7559,1.3229,2,medium demand - intermittent
11075039001,優品黏牢鼠環保黏鼠板(大),C,poisson,0.0476,0.2182,4.5826,2,low demand - intermittent
11076004001,速必效免驚蚊防蚊液80ml 蘆薈防蚊液,C,poisson,0.0476,0.2182,4.5826,2,low demand - intermittent
11076883001,叮寧小黑蚊防蚊液,C,poisson,0.1905,0.4364,2.2913,2,low demand - intermittent
11076886001,叮嚀柚香長效防蚊液-可倒噴 防蚊液可倒噴,C,poisson,0.0952,0.3086,3.2404,2,low demand - intermittent
11076890001,叮嚀清新長效防蚊液,C,poisson,0.0952,0.3086,3.2404,2,low demand - intermittent
11076892001,小博士天然防蚊噴劑60ml 小博士防蚊噴劑,C,poisson,0.0952,0.3086,3.2404,2,low demand - intermittent
11076896001,綠油精叮寧防蚊液,B,poisson,0.3333,0.5774,1.7321,2,medium demand - intermittent
11076926001,康朵小黑絕防蚊香膏-120g 小黑絕防蚊香膏,C,poisson,0.0476,0.2182,4.5826,2,low demand - intermittent
11076928001,叮寧小黑蚊超長效防蚊液_90ml,C,poisson,0.1905,0.4364,2.2913,2,low demand - intermittent
11076938001,Hello Kitty小黑蚊防蚊液 KT防蚊液,C,poisson,0.1905,0.4364,2.2913,2,low demand - intermittent
11100001001,妙管家活氧洗衣粉4.5Kg,A,poisson,4.1429,2.0354,0.4913,0,high demand - stable
11100003001,白蘭含熊寶貝馨香精華粉花漾 精華粉花漾,B,poisson,0.381,0.6172,1.6202,2,medium demand - intermittent
11100004001,白蘭茶樹除菌洗衣粉4.25kg 白蘭茶樹除菌洗,C,poisson,0.1429,0.378,2.6458,2,low demand - intermittent
11100005001,妙管家強效洗衣粉,B,poisson,1.4762,1.215,0.8231,1,medium demand - volatile
11100007001,妙管家活氧洗衣粉,C,poisson,0.2857,0.5345,1.8708,2,low demand - intermittent
11100008001,白蘭強效潔淨洗衣粉 白蘭潔淨洗衣粉,A,poisson,3.1429,1.7728,0.5641,1,high demand - volatile
11100010001,白蘭鮮豔護色洗衣粉,B,poisson,0.7143,0.8452,1.1832,2,medium demand - intermittent
11100011001,白蘭蘆薈親膚洗衣粉,B,normal,1.0952,1.0648,0.9722,1,medium demand - volatile
11100012001,潔倍極淨草本洗衣粉,B,poisson,0.5238,0.7237,1.3817,2,medium demand - intermittent
11100014001,妙管家強效洗衣粉,B,poisson,0.7143,0.8452,1.1832,2,medium demand - intermittent
11100015001,白蘭陽光馨香洗衣粉,B,poisson,0.8571,0.9258,1.0801,2,medium demand - intermittent
11100016001,潔倍護纖草本洗衣粉,B,poisson,0.3333,0.5774,1.7321,2,medium demand - intermittent
11100017001,白蘭含熊寶貝大自然馨香洗衣粉,B,poisson,0.9048,0.9512,1.0513,2,medium demand - intermittent
11100018001,加倍潔制菌潔白洗衣粉4.5kg,B,poisson,1.0952,1.0465,0.9555,1,medium demand - volatile
11100019001,加倍潔防蹣潔白洗衣粉4.5kg 尤加利+小蘇打,B,poisson,0.619,0.7868,1.271,2,medium demand - intermittent
11100021001,白蘭含熊寶貝純淨溫和洗衣粉 純淨溫和洗衣粉,C,poisson,0.2857,0.5345,1.8708,2,low demand - intermittent
11100103001,新奇無磷酵素洗衣粉 無磷酵素洗衣粉,C,poisson,0.2381,0.488,2.0494,2,low demand - intermittent
11100107001,藍寶抗菌防蹣洗衣粉 抗菌防蹣洗衣粉,C,poisson,0.2857,0.5345,1.8708,2,low demand - intermittent
11100108001,藍寶潔白除菌洗衣粉 潔白除菌洗衣粉,B,poisson,0.4286,0.6547,1.5275,2,medium demand - intermittent
11100110001,白象小蘇打洗衣粉-薰衣草 洗衣粉 薰衣草,C,poisson,0.0952,0.3086,3.2404,2,low demand - intermittent
11100111001,家福進口活氧洗衣粉,C,poisson,0.0476,0.2182,4.5826,2,low demand - intermittent
11100112001,加倍潔殺菌洗衣粉10KG,B,poisson,0.9048,0.9512,1.0513,2,medium demand - intermittent
11101002001,白蘭強效潔淨超濃縮洗衣粉 白蘭潔淨洗衣粉,C,poisson,0.0476,0.2182,4.5826,2,low demand - intermittent
11101009001,台塑防蹣抗菌濃縮洗衣粉補充包 台塑防蹣抗菌濃,C,poisson,0.0476,0.2182,4.5826,2,low demand - intermittent
11101013001,加倍潔尤加利防蹣潔白洗衣粉 加倍潔尤加利防,C,poisson,0.0476,0.2182,4.5826,2,low demand - intermittent
11101014001,清淨海環保洗衣粉 清淨海洗衣粉,A,poisson,3.5714,1.8898,0.5292,1,high demand - volatile
11101015001,橘子工坊淨味除臭洗衣粉補充包,C,poisson,0.0952,0.3086,3.2404,2,low demand - intermittent
11101018001,清淨海櫻花7+洗衣粉,C,poisson,0.0476,0.2182,4.5826,2,low demand - intermittent
11101021001,一匙靈亮彩超濃縮洗衣粉 亮彩超濃縮,C,poisson,0.2381,0.488,2.0494,2,low demand - intermittent
11101023001,加倍潔小蘇打制菌濃縮洗衣粉2KG補充制菌濃縮洗衣粉,C,poisson,0.1905,0.4364,2.2913,2,low demand - intermittent
11101028001,一匙靈制菌超濃縮洗衣粉補充包,A,poisson,3.381,1.8387,0.5439,1,high demand - volatile
11101029001,一匙靈亮彩超濃縮洗衣粉補充包 亮彩洗衣粉補,B,poisson,1.7143,1.3093,0.7638,1,medium demand - volatile
11101034001,藍寶超濃縮洗衣粉 3效濃縮洗衣粉,C,poisson,0.0952,0.3086,3.2404,2,low demand - intermittent
11101034002,藍寶超濃縮洗衣粉 衣留香洗衣粉,C,poisson,0.1429,0.378,2.6458,2,low demand - intermittent
11101036001,一匙靈制菌超濃縮洗衣粉,B,poisson,1.3333,1.1547,0.866,1,medium demand - volatile
11101038001,一匙靈淨柔超濃縮洗衣粉,B,poisson,0.8571,0.9258,1.0801,2,medium demand - intermittent
11101039001,一匙靈Attack抗菌EX超濃縮洗粉,B,poisson,0.7619,0.8729,1.1456,2,medium demand - intermittent
11101044001,橘子工坊天然制菌洗衣粉補充包,C,poisson,0.2857,0.5345,1.8708,2,low demand - intermittent
11101055001,一匙靈抗菌EX洗衣粉補充包,A,poisson,2.381,1.543,0.6481,1,high demand - volatile
11102002001,水晶肥皂新4入 水晶肥皂新4入,A,poisson,4.7619,2.1822,0.4583,0,high demand - stable
11102003001,家福薰衣草天然洗衣皂 薰衣草洗衣皂,B,poisson,0.4286,0.6547,1.5275,2,medium demand - intermittent
11102004001,家福檸檬天然洗衣皂 5個 檸檬洗衣皂,B,poisson,0.4286,0.6547,1.5275,2,medium demand - intermittent
11102007001,泡舒天然肥皂160g*5,B,poisson,0.5238,0.7237,1.3817,2,medium demand - intermittent
11102009001,水晶肥皂200g 8入,A,poisson,3.1429,1.7728,0.5641,1,high demand - volatile
11102010001,優品衣領袖口天然洗潔皂 優品天然洗潔皂,C,poisson,0.0476,0.2182,4.5826,2,low demand - intermittent
11102012001,水晶肥皂粉体,C,poisson,0.1905,0.4364,2.2913,2,low demand - intermittent
11102013001,皂福肥皂-三入裝 皂福肥皂三入裝,C,poisson,0.2381,0.488,2.0494,2,low demand - intermittent
11102014001,鷹王護手洗衣皂 鷹王護手洗衣皂,C,poisson,0.0952,0.3086,3.2404,2,low demand - intermittent
11102017001,家福洗衣皂 家福洗衣皂,C,poisson,0.2857,0.5345,1.8708,2,low demand - intermittent
11102023001,達利dalli親膚植物油抗敏洗衣皂(3入),C,poisson,0.1429,0.378,2.6458,2,low demand - intermittent
11102043001,水晶肥皂絲絮,C,poisson,0.1429,0.378,2.6458,2,low demand - intermittent
11103001001,白帥帥抗菌洗衣精,B,poisson,0.3333,0.5774,1.7321,2,medium demand - intermittent
11103001002,白帥帥抗菌洗衣精 白帥帥橘油抗菌,C,poisson,0.1905,0.4364,2.2913,2,low demand - intermittent
11103002001,家福藍色清新香氛洗衣精 家福藍色清新香,C,poisson,0.0952,0.3086,3.2404,2,low demand - intermittent
11103005001,白蘭含熊寶貝純淨溫和洗衣精補充包 純淨溫和補,B,poisson,0.6667,0.8165,1.2247,2,medium demand - intermittent
11103007001,一匙靈Attack抗菌EX濃縮洗衣精,A,poisson,3.2381,1.7995,0.5557,1,high demand - volatile
11103008001,藍寶衣留香洗衣精 衣留香洗衣精瓶,C,poisson,0.1429,0.378,2.6458,2,low demand - intermittent
11103011001,BioLead 經典香氛洗衣精 補 紅粉補充,C,poisson,0.0476,0.2182,4.5826,2,low demand - intermittent
11103011003,BioLead 經典香氛洗衣精 補 花園精靈,C,poisson,0.0476,0.2182,4.5826,2,low demand - intermittent
11103011004,BioLead 經典香氛洗衣精 補 天使之吻,C,poisson,0.0476,0.2182,4.5826,2,low demand - intermittent
11103014001,白鴿防霉洗衣精--薰衣草精油,B,poisson,0.7143,0.8452,1.1832,2,medium demand - intermittent
11103015001,白鴿防霉洗衣精補充包,A,poisson,3.8571,1.964,0.5092,1,high demand - volatile
11103018001,毛寶PM2.5洗衣精補充包 PM2.5 除霉防,B,poisson,0.8095,0.8997,1.1114,2,medium demand - intermittent
11103018002,毛寶PM2.5洗衣精補充包 PM2.5制臭,B,poisson,0.4286,0.6547,1.5275,2,medium demand - intermittent
11103019001,全效光鮮柔軟洗衣精溫柔花香,A,poisson,6.5714,2.5635,0.3901,0,high demand - stable
11103021001,一匙靈Attack抗菌EX洗衣精補充 Attack EX1.5kg,A,poisson,10.9524,3.3094,0.3022,0,high demand - stable
11103022001,妙管家有酵洗衣精補充包-抗菌,A,poisson,7.8571,2.8031,0.3568,0,high demand - stable
11103023001,妙管家濃縮有酵洗衣精-中性),B,poisson,0.8095,0.8997,1.1114,2,medium demand - intermittent
11103027001,水晶肥皂液体補充包,B,poisson,0.8095,0.8997,1.1114,2,medium demand - intermittent
11103029001,家福熱帶花香洗衣精,C,poisson,0.0476,0.2182,4.5826,2,low demand - intermittent
11103031001,橘子工坊天然制菌力濃縮洗衣精,B,poisson,0.7619,0.8729,1.1456,2,medium demand - intermittent
11103032003,BioLead 經典香氛洗衣精 瓶,C,poisson,0.0476,0.2182,4.5826,2,low demand - intermittent
11103035001,白鴿天然濃縮防蹣洗衣精,B,poisson,1.4762,1.215,0.8231,1,medium demand - volatile
11103039001,水晶肥皂抗菌洗衣用液體 水晶抗菌液態皂,C,poisson,0.0952,0.3086,3.2404,2,low demand - intermittent
11103040001,皂福無香精洗衣皂精 無香精洗衣皂精,C,poisson,0.1429,0.378,2.6458,2,low demand - intermittent
11103043001,白蘭含熊寶貝森林晨露洗衣精補充包 森林晨露補,B,poisson,0.381,0.6172,1.6202,2,medium demand - intermittent
11103044001,日本PG BOLD 新3D無痕療癒花香洗衣球(粉紅),C,poisson,0.0476,0.2182,4.5826,2,low demand - intermittent
11103045001,家福蘆薈濃縮洗衣精,C,poisson,0.0476,0.2182,4.5826,2,low demand - intermittent
11103046001,白帥帥抗菌洗衣精補充,B,poisson,1.0952,1.0465,0.9555,1,medium demand - volatile
11103046002,白帥帥抗菌洗衣精補充,B,poisson,0.9524,0.9759,1.0247,2,medium demand - intermittent
11103047001,白帥帥超淨亮抗菌洗衣精補充包,B,poisson,0.4762,0.6901,1.4491,2,medium demand - intermittent
11103048001,AH 2X小蘇打洗衣精-清新配方,C,poisson,0.0476,0.2182,4.5826,2,low demand - intermittent
11103049001,家福EXPERT 綠色柑橘高效洗衣精,C,poisson,0.1905,0.4364,2.2913,2,low demand - intermittent
11103050001,妙管家有酵洗衣精補充包-護色,A,poisson,5.4286,2.3299,0.4292,0,high demand - stable
11103051001,一匙靈極速淨EX洗衣精補充包,B,poisson,2.2381,1.496,0.6684,1,medium demand - volatile
11103052001,一匙靈幽谷鈴蘭洗衣精瓶裝 優雅花香瓶裝,C,poisson,0.2857,0.5345,1.8708,2,low demand - intermittent
11103054001,水晶肥皂液体補充包 (洗衣用),B,poisson,0.7619,0.8729,1.1456,2,medium demand - intermittent
11103054002,水晶肥皂液体補充包 (洗衣用) 薰衣馬鞭草補充,B,poisson,0.4286,0.6547,1.5275,2,medium demand - intermittent
11103054003,水晶肥皂液体補充包 (洗衣用),C,poisson,0.2381,0.488,2.0494,2,low demand - intermittent
11103058001,一匙靈幽谷鈴蘭洗衣精補充包,B,poisson,1.3333,1.1547,0.866,1,medium demand - volatile
11103062001,水晶肥皂抗菌洗衣用液體補充包 水晶抗菌液態Re,B,poisson,0.5238,0.7237,1.3817,2,medium demand - intermittent
11103063001,日本PG BOLD 新3D無痕清新皂香洗衣球(水藍),C,poisson,0.0476,0.2182,4.5826,2,low demand - intermittent
11103065001,毛寶低泡沫小蘇打洗衣液體皂 瓶裝,C,poisson,0.0952,0.3086,3.2404,2,low demand - intermittent
11103067001,白蘭含熊寶貝大自然馨香洗衣精瓶裝 大自然馨香瓶,B,poisson,0.5238,0.7237,1.3817,2,medium demand - intermittent
11103068001,一匙靈歡馨蝶舞紫羅蘭香洗衣精 一匙靈歡馨蝶舞,C,poisson,0.2857,0.5345,1.8708,2,low demand - intermittent
11103069001,白鴿抗菌洗衣精補充包,B,poisson,0.9048,0.9512,1.0513,2,medium demand - intermittent
11103070001,白鴿防蹣洗衣精補充包 天然尤加利,A,poisson,5.8095,2.4103,0.4149,0,high demand - stable
11103071001,Nac Nac 防蹣抗菌洗衣精組合包 Nac Nac 防蹣抗,C,poisson,0.0952,0.3086,3.2404,2,low demand - intermittent
11103073001,Nac Nac抗過敏洗衣精組合包,C,poisson,0.0952,0.3086,3.2404,2,low demand - intermittent
11103074001,毛寶小蘇打洗衣液體皂(補充包) 補充包,B,poisson,0.4286,0.6547,1.5275,2,medium demand - intermittent
11103076001,白帥帥超效能抗菌洗衣精補充包,B,poisson,1.3333,1.1547,0.866,1,medium demand - volatile
11103077001,Tide Plus超濃縮柔軟洗衣精AF,C,poisson,0.2857,0.5345,1.8708,2,low demand - intermittent
11103078001,白帥帥超效能抗菌洗衣精,C,poisson,0.1905,0.4364,2.2913,2,low demand - intermittent
11103079001,小綠人小蘇打抗菌洗衣精 洗衣精柑橘,C,poisson,0.0952,0.3086,3.2404,2,low demand - intermittent
11103079002,小綠人小蘇打抗菌洗衣精 洗衣精陽光,C,poisson,0.0476,0.2182,4.5826,2,low demand - intermittent
11103080001,妙管家濃縮有酵洗衣精-護色 濃縮護色洗衣精,B,poisson,1.1905,1.0911,0.9165,1,medium demand - volatile
11103082001,Nac Nac酵素洗衣精3包 酵素洗衣精3包,C,poisson,0.0476,0.2182,4.5826,2,low demand - intermittent
11103083001,一匙靈極速淨EX超濃縮洗衣精 極速淨EX洗衣,B,poisson,0.7143,0.8452,1.1832,2,medium demand - intermittent
11103084001,一匙靈歡馨蝶舞紫羅蘭香補充包,B,poisson,0.5714,0.7559,1.3229,2,medium demand - intermittent
11103085001,白帥帥小蘇打抗菌洗衣精補充包 白帥小蘇打補充,C,poisson,0.1905,0.4364,2.2913,2,low demand - intermittent
11103086002,毛寶天然植萃PM2.5洗衣精-補充包 PM2.2天然植萃,C,poisson,0.1429,0.378,2.6458,2,low demand - intermittent
11103088001,妙管家濃縮有酵洗衣精-抗菌,B,poisson,0.9048,0.9512,1.0513,2,medium demand - intermittent
11103089004,白帥帥馨香抗菌洗精 白帥帥薰衣草,C,poisson,0.1429,0.378,2.6458,2,low demand - intermittent
11103090001,妙管家有酵洗衣精補充包-中性,A,poisson,8.1429,2.8536,0.3504,0,high demand - stable
11103091001,家福熱帶花2合1衣物柔軟洗衣球,C,poisson,0.1429,0.378,2.6458,2,low demand - intermittent
11103092001,清淨海環保洗衣精補充包 清淨海洗衣補充,C,poisson,0.1429,0.378,2.6458,2,low demand - intermittent
11103094001,清淨海環保洗衣精,A,poisson,3.0,1.7321,0.5774,1,high demand - volatile
11103095001,全效強淨柔軟洗衣精,B,poisson,2.0952,1.4475,0.6908,1,medium demand - volatile
11103096001,全效強淨洗衣精 (補充包) 全效強淨洗衣精,B,poisson,2.0,1.4142,0.7071,1,medium demand - volatile
11103098001,全效抗菌洗衣精 (補充包),B,normal,2.0952,1.3768,0.6571,1,medium demand - volatile
11103099001,易洗樂抗菌防洗衣精,C,poisson,0.0952,0.3086,3.2404,2,low demand - intermittent
11103100001,白鴿天然棉花籽護纖抗菌洗衣精,C,poisson,0.2381,0.488,2.0494,2,low demand - intermittent
11103102001,白鴿抗菌洗衣精 白鴿天然肉桂防,C,poisson,0.2857,0.5345,1.8708,2,low demand - intermittent
11103102002,白鴿抗菌洗衣精,C,poisson,0.2857,0.5345,1.8708,2,low demand - intermittent
11103105001,橘子工坊濃縮洗衣精深層淨味,C,poisson,0.0952,0.3086,3.2404,2,low demand - intermittent
11103106001,白蘭強效除蹣過敏洗衣精補充包,B,poisson,0.9048,0.9512,1.0513,2,medium demand - intermittent
11103108001,加倍潔洗衣液體小蘇打(抗菌)補充 洗衣抗菌補充,C,poisson,0.1429,0.378,2.6458,2,low demand - intermittent
11103110001,白蘭蘆薈親膚洗衣補充包1.6kg,C,poisson,0.0476,0.2182,4.5826,2,low demand - intermittent
11103111001,白蘭陽光馨香超濃縮洗衣精補包,B,poisson,0.7143,0.8452,1.1832,2,medium demand - intermittent
11103112001,白蘭強效除蹣過敏洗衣精2.7KG 白蘭強效除蹣過,B,poisson,0.381,0.6172,1.6202,2,medium demand - intermittent
11103113001,白蘭洗衣精蘆薈親膚2.7KG 白蘭洗衣精蘆薈,C,poisson,0.1905,0.4364,2.2913,2,low demand - intermittent
11103114001,白鴿天然棉花籽護纖抗菌補充,B,poisson,1.7619,1.3274,0.7534,1,medium demand - volatile
11103115001,白蘭濃縮洗衣精陽光馨香2.7kg 白蘭濃縮洗衣精,C,poisson,0.2857,0.5345,1.8708,2,low demand - intermittent
11103116001,白鴿天然肉桂防蹣抗菌補充包 白鴿肉桂防蹣,B,poisson,1.0952,1.0465,0.9555,1,medium demand - volatile
11103118001,白蘭茶樹除菌洗衣補充包1.6kg 白蘭茶樹除菌洗,B,poisson,0.381,0.6172,1.6202,2,medium demand - intermittent
11103123001,毛寶小蘇打液體皂-抗菌,C,poisson,0.0476,0.2182,4.5826,2,low demand - intermittent
11103127001,Prosi小蒼蘭蜜絲(香水洗衣凝露)瓶裝 香水洗衣瓶裝,C,poisson,0.0952,0.3086,3.2404,2,low demand - intermittent
11103128001,一匙靈淨柔超濃縮洗衣精1.8kg補充包,C,poisson,0.0952,0.3086,3.2404,2,low demand - intermittent
11103130001,小綠人小蘇打抗菌洗衣精補充包,C,poisson,0.1429,0.378,2.6458,2,low demand - intermittent
11103130002,小綠人小蘇打抗菌洗衣精補充包,C,poisson,0.1905,0.4364,2.2913,2,low demand - intermittent
11103132001,毛寶小蘇打液體皂補充包-抗菌 小蘇打抗菌補充,B,poisson,0.4286,0.6547,1.5275,2,medium demand - intermittent
11103133001,橘子工坊天然制菌力洗衣精補充包,B,poisson,1.4762,1.215,0.8231,1,medium demand - volatile
11103134001,一匙靈制菌超濃縮洗衣精,A,poisson,3.9048,1.976,0.5061,1,high demand - volatile
11103135001,一匙靈亮彩超濃縮洗衣精,B,poisson,0.9524,0.9759,1.0247,2,medium demand - intermittent
11103136001,一匙靈制菌超濃縮洗衣精補充包 制菌補充包,A,poisson,13.5238,3.6775,0.2719,0,high demand - stable
11103137001,一匙靈亮彩超濃縮洗衣精補充包,A,poisson,3.8571,1.964,0.5092,1,high demand - volatile
11103139002,白雪愛天然洗衣精 萊姆洗衣精,C,poisson,0.0476,0.2182,4.5826,2,low demand - intermittent
11103142001,清淨海櫻花7+洗衣精,C,poisson,0.0476,0.2182,4.5826,2,low demand - intermittent
11103147001,橘子工坊天然低敏親膚洗衣精補充包,C,poisson,0.1429,0.378,2.6458,2,low demand - intermittent
11103148001,清淨海櫻花7+洗衣精補充包 清淨海櫻花7+洗,C,poisson,0.0952,0.3086,3.2404,2,low demand - intermittent
11103152001,一匙靈淨柔超濃縮洗衣精2.8kg瓶裝,C,poisson,0.3333,0.5774,1.7321,2,low demand - intermittent
11103153001,日本花王植萃香氛洗衣精780G 植萃香氛晨露玫,C,poisson,0.1429,0.378,2.6458,2,low demand - intermittent
11103155001,皂福洗衣皂精 皂福洗衣皂精,C,poisson,0.0952,0.3086,3.2404,2,low demand - intermittent
11103156001,皂福無香精洗衣皂精補充包,B,poisson,0.7143,0.8452,1.1832,2,medium demand - intermittent
11103157001,皂福洗衣皂精補充包,C,poisson,0.2381,0.488,2.0494,2,low demand - intermittent
11103158001,橘子工坊濃縮洗衣精補充包,B,poisson,0.7619,0.8729,1.1456,2,medium demand - intermittent
11103164001,ARIEL超濃縮抗菌抗洗衣精910G ARIEL抗,B,poisson,0.4762,0.6901,1.4491,2,medium demand - intermittent
11103176001,家福超值抗菌濃縮洗衣精 家福超值抗菌濃,B,poisson,2.1429,1.4639,0.6831,1,medium demand - volatile
11103179001,橘子工坊五合一洗衣金球24顆,B,poisson,0.6667,0.8165,1.2247,2,medium demand - intermittent
11103182001,德國Dalli機能衣物洗衣精-1.1L Dalli機能洗衣精,C,poisson,0.0952,0.3086,3.2404,2,low demand - intermittent
11103183001,快潔適抗菌防蹣洗衣精補充包 快潔適抗菌防蹣,C,poisson,0.0476,0.2182,4.5826,2,low demand - intermittent
11103187001,易洗樂抗菌防洗衣精補充包 易洗樂洗衣精補,C,poisson,0.0476,0.2182,4.5826,2,low demand - intermittent
11103188001,全植媽媽洗衣液體皂,C,poisson,0.1429,0.378,2.6458,2,low demand - intermittent
11103188002,全植媽媽洗衣液體皂 全植洗衣皂檀香,C,poisson,0.1429,0.378,2.6458,2,low demand - intermittent
11103190001,日本PG BOLD 新3D無痕清新花園香洗衣球,C,poisson,0.1905,0.4364,2.2913,2,low demand - intermittent
11103191001,台塑-防蹣抗菌濃縮洗衣精 台塑-防蹣抗菌,C,poisson,0.1905,0.4364,2.2913,2,low demand - intermittent
11103193001,新3D無痕療癒花香洗衣膠球3倍大補充包粉紅,C,poisson,0.1429,0.378,2.6458,2,low demand - intermittent
11103195001,全效光鮮柔軟洗衣精-補充包 全效光鮮柔軟洗,B,poisson,0.4286,0.6547,1.5275,2,medium demand - intermittent
11103196001,水晶肥皂洗衣用液體(清爽型) 水晶肥皂洗衣用,C,poisson,0.3333,0.5774,1.7321,2,low demand - intermittent
11103199001,新3D無痕清新皂香洗衣膠球3倍大補充包水藍,C,poisson,0.2381,0.488,2.0494,2,low demand - intermittent
11103200001,ARIEL超濃縮抗菌洗衣精優惠組-室內晾 ARIEL室,B,poisson,0.381,0.6172,1.6202,2,medium demand - intermittent
11103201001,ARIEL超濃縮抗菌洗衣精優惠組 ARIEL組,C,poisson,0.1905,0.4364,2.2913,2,low demand - intermittent
11103203001,新3D無痕清新花園香洗衣膠球3倍大補洗衣球補充包,C,poisson,0.0952,0.3086,3.2404,2,low demand - intermittent
11103206001,白蘭4X酵素極淨洗衣球除菌除補充包,C,poisson,0.0952,0.3086,3.2404,2,low demand - intermittent
11103211001,白蘭4X酵素極淨洗衣球除菌淨味補充包 除菌淨味,C,poisson,0.2381,0.488,2.0494,2,low demand - intermittent
11103212001,皂福無香精天然酵素肥皂精補,C,poisson,0.0476,0.2182,4.5826,2,low demand - intermittent
11103220001,一匙靈抗菌EX防成分PLUS洗衣精瓶裝 一匙靈防瓶,B,normal,1.2381,1.2688,1.0248,2,medium demand - intermittent
11103224001,白蘭含熊寶貝花漾清新洗衣精瓶裝,B,poisson,0.381,0.6172,1.6202,2,medium demand - intermittent
11103229001,Dalli神奇洗衣吸色紙 Dalli神奇洗衣,C,poisson,0.0476,0.2182,4.5826,2,low demand - intermittent
11103233001,茶樹莊園茶樹洗衣精組(正加補),C,poisson,0.2857,0.5345,1.8708,2,low demand - intermittent
11103237001,白蘭含熊馨香洗衣精補二入組 白蘭含熊補2入,B,poisson,0.9048,0.9512,1.0513,2,medium demand - intermittent
11103238001,家福Baby 親膚洗衣精 1.5L,C,poisson,0.0476,0.2182,4.5826,2,low demand - intermittent
11103241001,Hello Kitty藍風鈴洗衣精 KT藍風鈴衣瓶,C,poisson,0.0476,0.2182,4.5826,2,low demand - intermittent
11103244001,白蘭4X酵素極淨洗衣精瓶裝 白蘭除菌除蹣瓶,C,poisson,0.2857,0.5345,1.8708,2,low demand - intermittent
11103244002,白蘭4X酵素極淨洗衣精瓶裝 白蘭除菌淨味瓶,C,poisson,0.2857,0.5345,1.8708,2,low demand - intermittent
11103244003,白蘭4X酵素極淨洗衣精瓶裝 白蘭奈米除菌瓶,C,poisson,0.2381,0.488,2.0494,2,low demand - intermittent
11103246001,依必朗防霉抗菌洗衣精陽光補 必朗陽光洗衣補,B,poisson,0.3333,0.5774,1.7321,2,medium demand - intermittent
11103247001,依必朗防蹣抗菌洗衣精綠茶香氛 依必朗洗衣綠茶,C,poisson,0.1429,0.378,2.6458,2,low demand - intermittent
11103248001,依必朗防霉抗菌洗衣精陽光香氛,C,poisson,0.0952,0.3086,3.2404,2,low demand - intermittent
11103249001,鷹王洗衣膏4KG,C,poisson,0.0952,0.3086,3.2404,2,low demand - intermittent
11103252001,依必朗抗菌洗衣精海洋補,C,poisson,0.2381,0.488,2.0494,2,low demand - intermittent
11103253001,依必朗抗菌洗衣精薰衣補,C,poisson,0.1905,0.4364,2.2913,2,low demand - intermittent
11103254001,依必朗防蹣抗菌洗衣精綠茶補 必朗洗衣綠茶補,B,poisson,0.619,0.7868,1.271,2,medium demand - intermittent
11103256001,艾克博士酵素濃縮洗衣膏 艾克酵素洗衣膏,C,poisson,0.0952,0.3086,3.2404,2,low demand - intermittent
11103262001,白蘭含熊寶貝純淨溫和洗衣精瓶裝 純淨溫和瓶,B,poisson,0.4286,0.6547,1.5275,2,medium demand - intermittent
11103265001,全新汰漬2倍超濃縮洗衣精138oz,B,poisson,0.5714,0.7559,1.3229,2,medium demand - intermittent
11103267001,ARIEL抗菌洗衣精補充包1430G微香,B,poisson,0.3333,0.5774,1.7321,2,medium demand - intermittent
11103270001,白蘭4X酵素極淨洗衣精補充包 白蘭除菌除蹣補,B,poisson,0.7619,0.8729,1.1456,2,medium demand - intermittent
11103270002,白蘭4X酵素極淨洗衣精補充包,B,poisson,0.8571,0.9258,1.0801,2,medium demand - intermittent
11103270003,白蘭4X酵素極淨洗衣精補充包 白蘭奈米除菌補,B,poisson,1.0,1.0,1.0,1,medium demand - volatile
11103272001,Ariel抗菌洗衣膠囊32顆袋裝 Ariel洗衣膠囊32,B,poisson,0.6667,0.8165,1.2247,2,medium demand - intermittent
11103274001,水晶肥皂液體3.8kg-低敏型檸香 水晶肥皂液體,C,poisson,0.0476,0.2182,4.5826,2,low demand - intermittent
11103279001,ARIEL抗菌洗衣精補充包1520G,B,poisson,0.619,0.7868,1.271,2,medium demand - intermittent
11103280001,ARIEL抗菌洗衣精900G ARE洗衣精,B,poisson,0.4762,0.6901,1.4491,2,medium demand - intermittent
11103281001,ARIEL抗菌洗衣膠囊16顆微香355G,C,poisson,0.0952,0.3086,3.2404,2,low demand - intermittent
11103282001,ARIEL抗菌洗衣膠囊室內晾衣袋裝32顆,C,poisson,0.2381,0.488,2.0494,2,low demand - intermittent
11103283001,南僑水晶液体補充包1400g 防霉尤加利茶樹,C,poisson,0.2857,0.5345,1.8708,2,low demand - intermittent
11103283002,南僑水晶液体補充包1400g 補防蹣百里香,C,poisson,0.2381,0.488,2.0494,2,low demand - intermittent
11103284001,ARIEL抗菌洗衣精930G-微香型 ARE洗衣精,B,poisson,0.6667,0.8165,1.2247,2,medium demand - intermittent
11103289001,白蘭含熊寶貝大自然馨香洗衣精補充包 大自然馨香補,B,normal,1.0476,0.95,0.9068,1,medium demand - volatile
11103290001,橘子工坊高倍速淨濃縮洗衣精,C,poisson,0.0476,0.2182,4.5826,2,low demand - intermittent
11103291001,橘子工坊高倍速淨洗衣精補充包,B,poisson,0.5714,0.7559,1.3229,2,medium demand - intermittent
11103293001,獅王奈米樂抗菌洗衣精900g補充包,C,poisson,0.1905,0.4364,2.2913,2,low demand - intermittent
11103296001,藍寶小蘇打洗衣精補充包 小蘇打洗衣精包,C,poisson,0.0476,0.2182,4.5826,2,low demand - intermittent
11103297001,家福蘆薈洗衣精補充瓶 1.755L,C,poisson,0.0476,0.2182,4.5826,2,low demand - intermittent
11103298001,ARIEL抗菌洗衣精補充包室內晾衣1520G ARE洗衣精,B,poisson,0.4286,0.6547,1.5275,2,medium demand - intermittent
11103299001,ARIEL抗菌洗衣膠囊微香袋裝30顆 Ariel膠囊,C,poisson,0.1905,0.4364,2.2913,2,low demand - intermittent
11103301001,OP茶酚洗衣精-除臭防霉補充包 洗衣精補-除臭,C,poisson,0.0952,0.3086,3.2404,2,low demand - intermittent
11103301002,OP茶酚洗衣精-除臭防霉補充包 洗衣精補-防蹣,C,poisson,0.0952,0.3086,3.2404,2,low demand - intermittent
11103303001,AH小蘇打粉強效洗衣精,B,poisson,0.9048,0.9512,1.0513,2,medium demand - intermittent
11103304001,ARIEL抗菌洗衣精900G-室內晾衣型 ARE洗衣精,B,poisson,0.3333,0.5774,1.7321,2,medium demand - intermittent
11103312001,寶瀅強效淨垢護色洗衣凝露 1L 寶瀅護色凝露1,C,poisson,0.0476,0.2182,4.5826,2,low demand - intermittent
11103313001,一匙靈抗菌EX 3倍濃縮洗衣瓶,C,poisson,0.0952,0.3086,3.2404,2,low demand - intermittent
11103314001,一匙靈抗菌EX 3倍濃縮洗衣補 3倍濃縮洗衣補,B,poisson,0.3333,0.5774,1.7321,2,medium demand - intermittent
11103317001,一匙靈抗菌EX防成分PLUS洗衣精補包 一匙靈防補,A,poisson,2.3333,1.5275,0.6547,1,high demand - volatile
11103321001,毛寶PM2.5洗衣精 毛寶除蹣抗菌,C,poisson,0.1429,0.378,2.6458,2,low demand - intermittent
11103321002,毛寶PM2.5洗衣精 毛寶PM2.5制臭,C,poisson,0.2857,0.5345,1.8708,2,low demand - intermittent
11103322001,毛寶天然植萃PM2.5洗衣精 毛寶天然植萃,C,poisson,0.2857,0.5345,1.8708,2,low demand - intermittent
11103323001,白帥帥小蘇打抗菌洗衣精 白帥小蘇打洗衣,C,poisson,0.1429,0.378,2.6458,2,low demand - intermittent
11103331001,輕時代超濃縮洗衣片 超濃縮洗衣片,C,poisson,0.0476,0.2182,4.5826,2,low demand - intermittent
11103334001,家福馬賽香皂洗衣精補充瓶 1.755L,C,poisson,0.0476,0.2182,4.5826,2,low demand - intermittent
11103336001,ARIEL超濃縮抗菌抗洗衣精補充包,C,poisson,0.2381,0.488,2.0494,2,low demand - intermittent
11103346001,白蘭含熊寶貝花漾清新洗衣精補充包 花漾清新補,B,poisson,1.1429,1.069,0.9354,1,medium demand - volatile
11103347001,白蘭含熊寶貝森林晨露洗衣精瓶裝,C,poisson,0.0476,0.2182,4.5826,2,low demand - intermittent
11103350001,茶樹莊園-茶樹天然濃縮抗菌洗衣精,C,poisson,0.0952,0.3086,3.2404,2,low demand - intermittent
11103354001,茶樹莊園-茶樹天然濃縮抗菌洗衣精補茶樹抗菌洗衣補,C,poisson,0.1429,0.378,2.6458,2,low demand - intermittent
11103361001,加倍潔洗衣液體小蘇打(淨白)補充 洗衣淨白補充,C,poisson,0.0476,0.2182,4.5826,2,low demand - intermittent
11103365001,德國dalli護色超濃縮洗衣精2.75L,C,poisson,0.1905,0.4364,2.2913,2,low demand - intermittent
11103369001,寶瀅強效淨垢洗衣凝露2.5L,B,poisson,1.5238,1.2344,0.8101,1,medium demand - volatile
11103370001,德國dalli全效超濃縮洗衣精2.75L 達麗全效2.7,B,poisson,0.3333,0.5774,1.7321,2,medium demand - intermittent
11103371001,獅王奈米樂洗衣精特販組 奈米樂特販組,C,poisson,0.0476,0.2182,4.5826,2,low demand - intermittent
11103375001,白鴿迷人小蒼蘭香氛抗菌洗衣精補充包,A,poisson,3.4286,1.8516,0.5401,1,high demand - volatile
11103377001,白蘭4X酵素極淨洗衣球除菌淨味,C,poisson,0.1429,0.378,2.6458,2,low demand - intermittent
11103380001,白蘭4X酵素極淨洗衣球除菌除 白蘭除菌除,C,poisson,0.0952,0.3086,3.2404,2,low demand - intermittent
11103387001,ARIEL抗菌3D洗衣膠囊室內晾衣17顆,C,poisson,0.1429,0.378,2.6458,2,low demand - intermittent
11103388001,ARIEL抗菌3D洗衣膠囊17顆盒裝 Ariel膠囊,C,poisson,0.0476,0.2182,4.5826,2,low demand - intermittent
11103884001,水晶肥皂液体 檸檬香茅,C,poisson,0.2381,0.488,2.0494,2,low demand - intermittent
11103884002,水晶肥皂液体,C,poisson,0.1429,0.378,2.6458,2,low demand - intermittent
11103884003,水晶肥皂液体 薰衣馬鞭草,C,poisson,0.2381,0.488,2.0494,2,low demand - intermittent
11104001001,毛寶除璊抗菌冷洗精補充包 除璊抗菌補充包,B,poisson,0.4286,0.6547,1.5275,2,medium demand - intermittent
11104005001,白鴿貼心衣物手洗精,B,poisson,0.8571,0.9258,1.0801,2,medium demand - intermittent
11104005002,白鴿貼心衣物手洗精 白鴿小蒼蘭,B,poisson,1.2857,1.1339,0.8819,1,medium demand - volatile
11104006001,毛寶除蹣抗菌冷洗精手洗專用瓶 冷洗精手洗專,B,poisson,0.9048,0.9512,1.0513,2,medium demand - intermittent
11104013001,毛寶天然環保冷洗精1000g 環保冷洗1000g,B,poisson,0.4762,0.6901,1.4491,2,medium demand - intermittent
11110005001,熊寶貝香水精華柔軟護衣精經典山茶花 山茶花,C,poisson,0.1905,0.4364,2.2913,2,low demand - intermittent
11110006001,妙管家衣物柔軟精補充包玫瑰,B,poisson,1.8571,1.3628,0.7338,1,medium demand - volatile
11110007001,妙管家衣物柔軟精補充包淡雅,A,poisson,3.2857,1.8127,0.5517,1,high demand - volatile
11110008001,妙管家衣物柔軟精補充包-果漾清香,A,poisson,3.2857,1.8127,0.5517,1,high demand - volatile
11110012001,毛寶衣物柔軟精瓶裝 -溫暖花香,C,poisson,0.0476,0.2182,4.5826,2,low demand - intermittent
11110013001,毛寶柔軟精補充包 -溫暖花香 柔軟精補充包,B,poisson,0.5238,0.7237,1.3817,2,medium demand - intermittent
11110014001,白鴿衣物柔軟精 白鴿柔軟薰衣草,C,poisson,0.1905,0.4364,2.2913,2,low demand - intermittent
11110014002,白鴿衣物柔軟精 白鴿柔軟小蒼蘭,B,poisson,0.4286,0.6547,1.5275,2,medium demand - intermittent
11110016001,白鴿衣物柔軟精-富士櫻 富士櫻,C,poisson,0.1905,0.4364,2.2913,2,low demand - intermittent
11110018001,白鴿衣物柔軟精富士櫻補充包 白鴿柔補富士櫻,B,poisson,0.6667,0.8165,1.2247,2,medium demand - intermittent
11110020001,毛寶衣物柔軟精--防霉日光浴 毛寶衣物柔軟精,C,poisson,0.0476,0.2182,4.5826,2,low demand - intermittent
11110022001,蘭諾衣物柔軟芳香豆-梔子蒼蘭330ml 蘭諾柔軟芳香豆,C,poisson,0.1429,0.378,2.6458,2,low demand - intermittent
11110026001,白鴿衣物柔軟精-花香,C,poisson,0.1429,0.378,2.6458,2,low demand - intermittent
11110028001,白鴿衣物柔軟精薰衣草補充包,B,poisson,0.381,0.6172,1.6202,2,medium demand - intermittent
11110029001,白鴿衣物柔軟精花香補充包,B,poisson,0.7143,0.8452,1.1832,2,medium demand - intermittent
11110031001,一匙靈抗菌EX抑菌柔衣精瓶裝,C,poisson,0.1429,0.378,2.6458,2,low demand - intermittent
11110031002,一匙靈抗菌EX抑菌柔衣精瓶裝 EX柔衣棉花香,C,poisson,0.0476,0.2182,4.5826,2,low demand - intermittent
11110032001,毛寶柔軟精補充包防霉日光浴 毛寶柔軟精補充,C,poisson,0.0952,0.3086,3.2404,2,low demand - intermittent
11110033001,家福Horizon茉莉金橘濃縮柔軟精,C,poisson,0.0952,0.3086,3.2404,2,low demand - intermittent
11110045001,家福Horizon日本櫻桃花濃縮柔軟精,C,poisson,0.1429,0.378,2.6458,2,low demand - intermittent
11110050001,熊寶貝香水精華柔軟護衣精氣質小蒼蘭 小蒼蘭,C,poisson,0.1429,0.378,2.6458,2,low demand - intermittent
11110053001,妙管家衣物柔軟精--玫瑰花香 柔軟精瓶裝玫瑰,C,poisson,0.0476,0.2182,4.5826,2,low demand - intermittent
11110056001,蘭諾芳香豆Hebe限定組(清晨草木),C,poisson,0.2381,0.488,2.0494,2,low demand - intermittent
11110060001,一匙靈抗菌EX抑菌柔衣精補充包 柔衣精補充包,B,poisson,1.4762,1.215,0.8231,1,medium demand - volatile
11110060002,一匙靈抗菌EX抑菌柔衣精補充包 EX柔衣棉花香,B,poisson,1.0476,1.0235,0.977,1,medium demand - volatile
11110063001,Drs Formula 防蹣柔軟精 防蹣柔軟精,C,poisson,0.0476,0.2182,4.5826,2,low demand - intermittent
11110065001,白鴿衣物柔軟精-玫瑰 白鴿柔軟精玫瑰,C,poisson,0.3333,0.5774,1.7321,2,low demand - intermittent
11110066001,白鴿衣物柔軟精補充包-玫瑰 柔軟補-玫瑰,B,poisson,0.4286,0.6547,1.5275,2,medium demand - intermittent
11110075001,熊寶貝香水精華柔軟護衣精清新茉莉,C,poisson,0.0476,0.2182,4.5826,2,low demand - intermittent
11110077003,蘭諾衣物芳香豆40ml 蘭諾芳香豆草木,B,poisson,0.5714,0.7559,1.3229,2,medium demand - intermittent
11110078001,蘭諾衣物芳香豆455ml補充包,B,poisson,0.381,0.6172,1.6202,2,medium demand - intermittent
11110078002,蘭諾衣物芳香豆455ml補充包,B,poisson,0.381,0.6172,1.6202,2,medium demand - intermittent
11110078003,蘭諾衣物芳香豆455ml補充包,B,poisson,0.5238,0.7237,1.3817,2,medium demand - intermittent
11110078004,蘭諾衣物芳香豆455ml補充包 蘭諾芳甜花石榴,B,poisson,0.8095,0.8997,1.1114,2,medium demand - intermittent
11110078005,蘭諾衣物芳香豆455ml補充包 蘭諾芳青蘋甜麝,B,poisson,0.5238,0.7237,1.3817,2,medium demand - intermittent
11110079001,蘭諾衣物芳香豆520ml 蘭諾芳香豆玫瑰,B,poisson,0.4286,0.6547,1.5275,2,medium demand - intermittent
11110079003,蘭諾衣物芳香豆520ml,C,poisson,0.1429,0.378,2.6458,2,low demand - intermittent
11110079004,蘭諾衣物芳香豆520ml,C,poisson,0.2381,0.488,2.0494,2,low demand - intermittent
11110079005,蘭諾衣物芳香豆520ml 蘭諾青蘋甜麝香,C,poisson,0.2857,0.5345,1.8708,2,low demand - intermittent
11110082001,新熊寶貝舒恬薰衣草柔軟護衣精補充包 熊寶貝薰衣草補,B,poisson,0.7619,0.8729,1.1456,2,medium demand - intermittent
11110083001,新熊寶貝柔軟護衣精玫瑰甜心香 3.2L 熊寶貝玫瑰甜心,B,poisson,0.5238,0.7237,1.3817,2,medium demand - intermittent
11110084001,新熊寶貝柔軟護衣精茶樹抗菌3.0L 熊寶貝茶樹抗菌,B,poisson,0.381,0.6172,1.6202,2,medium demand - intermittent
11110085001,新熊寶貝沁藍海洋香柔軟護衣精補充包,B,poisson,2.1905,1.48,0.6757,1,medium demand - volatile
11110086001,新熊寶貝柔軟護衣精純淨溫和3.2L 熊寶貝純淨溫和,B,poisson,0.4286,0.6547,1.5275,2,medium demand - intermittent
11110087001,新熊寶貝柔軟護衣精補充包,C,poisson,0.2857,0.5345,1.8708,2,low demand - intermittent
11110087002,新熊寶貝柔軟護衣精補充包,C,poisson,0.3333,0.5774,1.7321,2,low demand - intermittent
11110088001,新熊寶貝柔軟護衣精3.0L 熊寶貝淡雅櫻花,C,poisson,0.2857,0.5345,1.8708,2,low demand - intermittent
11110088002,新熊寶貝柔軟護衣精3.0L 熊寶貝竹萃淨味,B,poisson,0.4762,0.6901,1.4491,2,medium demand - intermittent
11110089001,新熊寶貝柔軟護衣精補充包,B,poisson,1.4286,1.1952,0.8367,1,medium demand - volatile
11110090001,新熊寶貝純淨溫和柔軟護衣精補充包,B,poisson,0.8571,0.9258,1.0801,2,medium demand - intermittent
11110091001,新熊寶貝柔軟護衣精沁藍海洋香 3.2L,B,poisson,0.5714,0.7559,1.3229,2,medium demand - intermittent
11110092001,新熊寶貝柔軟護衣精舒恬薰衣草3.2L 熊寶貝薰衣草,B,poisson,0.3333,0.5774,1.7321,2,medium demand - intermittent
11110093001,新熊寶貝柔軟護衣精茶樹抗菌補充包 熊寶貝茶樹補,B,normal,1.0952,0.9712,0.8868,1,medium demand - volatile
11110094001,新熊寶貝柔軟護衣精3.2L 熊寶貝陽光馨香,B,poisson,0.6667,0.8165,1.2247,2,medium demand - intermittent
11110095001,新熊寶貝玫瑰甜心香柔軟護衣精補充包,B,poisson,0.8571,0.9258,1.0801,2,medium demand - intermittent
11110100001,家福BLUE蓮花野生漿果柔軟精,C,poisson,0.0476,0.2182,4.5826,2,low demand - intermittent
11110101001,家福JUNGLE廣藿香柑橘柔軟精,C,poisson,0.0476,0.2182,4.5826,2,low demand - intermittent
11110999001,蘭諾衣物柔軟芳香豆-薔葳鈴蘭330ml 蘭諾柔軟芳香豆,C,poisson,0.2381,0.488,2.0494,2,low demand - intermittent
11111003001,妙管家(彩漂)新型漂白水,B,poisson,0.8571,0.9258,1.0801,2,medium demand - intermittent
11111004001,妙管家衣物殺菌液 妙管家衣物殺菌,B,poisson,0.9524,0.9759,1.0247,2,medium demand - intermittent
11111005001,新奇漂白水陽光萊姆香1500ml 新奇漂白水陽光,B,poisson,1.0952,1.0465,0.9555,1,medium demand - volatile
11111007001,新奇潔豔漂白水 新奇潔豔漂白水,B,poisson,1.1905,1.0911,0.9165,1,medium demand - volatile
11111008001,妙管家超強漂白水,C,poisson,0.2857,0.5345,1.8708,2,low demand - intermittent
11111009001,妙管家彩漂漂白水 -玫瑰香,B,poisson,0.4286,0.6547,1.5275,2,medium demand - intermittent
11111010001,妙管家彩色漂白水 -補充包,B,normal,1.0476,0.9989,0.9535,1,medium demand - volatile
11111011001,新奇漂白水 1500ml瓶裝,A,poisson,4.3333,2.0817,0.4804,0,high demand - stable
11111012001,新奇潔艷漂白水-沁雅薔薇香 新奇潔艷漂白水,B,poisson,0.5714,0.7559,1.3229,2,medium demand - intermittent
11111013001,超值漂白水1000克 漂白水1000克,B,poisson,1.7143,1.3093,0.7638,1,medium demand - volatile
11111014001,妙管家彩漂漂白水補充包-玫瑰,B,poisson,0.6667,0.8165,1.2247,2,medium demand - intermittent
11111015001,新奇潔艷漂白水沁雅薔薇補充包 新奇潔艷漂白水,B,poisson,1.0952,1.0465,0.9555,1,medium demand - volatile
11111017001,超值漂白水5000克,A,poisson,8.619,2.9358,0.3406,0,high demand - stable
11111019001,家福超值增豔雙氧漂白水,B,poisson,2.1429,1.4639,0.6831,1,medium demand - volatile
11111020001,新奇漂白水600ml 新奇漂白水600m,B,poisson,0.8571,0.9258,1.0801,2,medium demand - intermittent
11111021001,白蘭漂白水,A,poisson,3.8571,1.964,0.5092,1,high demand - volatile
11111022001,新奇潔艷漂白水補充包 新奇潔艷補充包,B,poisson,1.0476,1.0235,0.977,1,medium demand - volatile
11111023001,白鴿殺菌漂白素,C,poisson,0.0952,0.3086,3.2404,2,low demand - intermittent
11111025001,公道先生漂白水,B,poisson,1.7619,1.3274,0.7534,1,medium demand - volatile
11111030001,藍寶增豔漂白水 藍寶增豔漂白水,B,poisson,0.5714,0.7559,1.3229,2,medium demand - intermittent
11111033001,妙管家超強漂白水4L 妙管家超強漂白,A,poisson,4.5238,2.1269,0.4702,0,high demand - stable
11111037001,白蘭鮮彩漂白水 白蘭鮮彩漂白水,B,poisson,0.3333,0.5774,1.7321,2,medium demand - intermittent
11111050001,新奇漂白水 新奇漂白水,B,poisson,1.9048,1.3801,0.7246,1,medium demand - volatile
11112001001,毛寶衣領精補充包 衣領精補充包,C,poisson,0.1429,0.378,2.6458,2,low demand - intermittent
11112002001,毛寶衣領精附噴槍651g 毛寶衣領4000g,C,poisson,0.0952,0.3086,3.2404,2,low demand - intermittent
11112004001,毛寶衣領精 毛寶衣領精,B,poisson,0.3333,0.5774,1.7321,2,medium demand - intermittent
11112005001,妙管家高級衣領精 (重裝) 加贈500ml,C,poisson,0.0476,0.2182,4.5826,2,low demand - intermittent
11112007001,效達衣領去漬凝膠 效達去漬凝膠,B,poisson,0.381,0.6172,1.6202,2,medium demand - intermittent
11112008001,妙管家衣領精組裝包 噴裝加重裝瓶,C,poisson,0.0476,0.2182,4.5826,2,low demand - intermittent
11112015001,OP天然茶酚衣物去漬劑 OP茶酚衣物去漬,C,poisson,0.0476,0.2182,4.5826,2,low demand - intermittent
11112017001,碧蓮衣物去漬凝膠,C,poisson,0.0476,0.2182,4.5826,2,low demand - intermittent
11112021001,橘子工坊溫和無氯漂白粉,C,poisson,0.2857,0.5345,1.8708,2,low demand - intermittent
11112038001,Tide To Go 去漬筆3支 去漬筆3支,C,poisson,0.0952,0.3086,3.2404,2,low demand - intermittent
11112040001,一匙靈抗菌EX除菌去漬液 EX去漬液,B,poisson,0.619,0.7868,1.271,2,medium demand - intermittent
12000003001,566香水能量洗髮露白麝香 566洗髮白麝,C,poisson,0.2857,0.5345,1.8708,2,low demand - intermittent
12000005001,潘婷淨化極潤順澤洗髮露500ml 潘婷護色洗髮露,C,poisson,0.1429,0.378,2.6458,2,low demand - intermittent
12000007001,絲蘊無矽靈修護洗髮乳 無矽靈修護洗髮,C,poisson,0.0952,0.3086,3.2404,2,low demand - intermittent
12000011001,美吾髮琥珀檀香雪松精油洗髮露 美吾髮琥珀檀香,B,poisson,1.2381,1.1127,0.8987,1,medium demand - volatile
12000013001,施華蔻8重精油豐盈洗髮乳,C,poisson,0.0476,0.2182,4.5826,2,low demand - intermittent
12000016001,566洗潤雙效洗髮乳 洗潤雙效洗髮乳,B,poisson,0.9524,0.9759,1.0247,2,medium demand - intermittent
12000018001,潘婷淨化極潤淨澈洗髮露500ml 潘婷淨澈洗髮露,C,poisson,0.1429,0.378,2.6458,2,low demand - intermittent
12000019001,飛柔淨油柔順微米洗髮露530ML 0矽靈淨油洗髮露,B,poisson,0.3333,0.5774,1.7321,2,medium demand - intermittent
12000020001,飛柔熱油滋潤洗髮乳 飛柔熱油滋潤洗,C,poisson,0.0476,0.2182,4.5826,2,low demand - intermittent
12000022001,魅尚萱 完美造型持久洗髮精680ml 魅尚萱造型洗,C,poisson,0.0476,0.2182,4.5826,2,low demand - intermittent
12000026001,ES無限濃情奢華香水洗髮精 無限濃情洗髮精,B,poisson,0.4286,0.6547,1.5275,2,medium demand - intermittent
12000028001,花王植萃弱酸洗髮精長效潔味型 花王植萃洗潔味,B,poisson,0.4286,0.6547,1.5275,2,medium demand - intermittent
12000032001,ANTICA義大利草本專家洋甘菊洗髮乳 洋甘菊洗髮乳,C,poisson,0.0952,0.3086,3.2404,2,low demand - intermittent
12000035001,ES大馬士革玫瑰香水洗髮精 玫瑰香水洗髮精,C,poisson,0.2381,0.488,2.0494,2,low demand - intermittent
12000036001,飛柔檸檬均衡滋潤洗髮乳,C,poisson,0.0952,0.3086,3.2404,2,low demand - intermittent
12000039001,麗仕髮的補給乳木果萃取胺基酸洗髮精 乳木果萃取,C,poisson,0.2381,0.488,2.0494,2,low demand - intermittent
12000041001,ES綠野迷情奢華香水洗髮精 綠野迷情洗髮精,B,poisson,0.3333,0.5774,1.7321,2,medium demand - intermittent
12000042001,麗仕柔亮直順洗髮乳 麗仕直順洗髮乳,C,poisson,0.1429,0.378,2.6458,2,low demand - intermittent
12000044001,思波綺瞬亮修護洗髮乳 思波綺瞬亮修洗,C,poisson,0.0476,0.2182,4.5826,2,low demand - intermittent
12000045001,美吾髮白茶茉莉馨香洗髮露 美吾髮白茶洗髮,B,poisson,0.9524,0.9759,1.0247,2,medium demand - intermittent
12000047001,上山採藥日光金萱頭皮洗髮露600ml 金萱頭皮洗髮露,C,poisson,0.1429,0.378,2.6458,2,low demand - intermittent
12000048001,多芬植萃藍風鈴豐盈洗髮露 多芬藍鈴洗髮露,C,poisson,0.1905,0.4364,2.2913,2,low demand - intermittent
12000049001,潘婷乳液修護去屑洗髮乳700ml,B,poisson,0.5238,0.7237,1.3817,2,medium demand - intermittent
12000050001,飛柔薄荷水涼洗髮乳 飛柔薄荷水涼洗,B,poisson,0.3333,0.5774,1.7321,2,medium demand - intermittent
12000051001,思波綺豐盈洗髮精(軟塌髮用),B,poisson,0.381,0.6172,1.6202,2,medium demand - intermittent
12000053001,麗仕璐咪可草本純淨洗髮精 璐咪可草本洗髮,C,poisson,0.0476,0.2182,4.5826,2,low demand - intermittent
12000054001,多芬植萃橙花淨化洗髮露 多芬橙花洗髮露,C,poisson,0.0476,0.2182,4.5826,2,low demand - intermittent
12000057001,美吾髮鼠尾草沁香洗髮露 美吾髮鼠尾草洗,B,poisson,0.3333,0.5774,1.7321,2,medium demand - intermittent
12000058001,566洗髮露800g-(無矽靈咖啡因控油),B,poisson,0.3333,0.5774,1.7321,2,medium demand - intermittent
12000059001,超值玫瑰洗髮乳,B,poisson,1.6667,1.291,0.7746,1,medium demand - volatile
12000060001,超值薰衣草洗髮乳,B,poisson,1.619,1.2724,0.7859,1,medium demand - volatile
12000061001,絲蘊無矽靈水潤洗髮乳 無矽靈水潤洗髮,C,poisson,0.2381,0.488,2.0494,2,low demand - intermittent
12000064001,艾瑪花園植物性清爽滑順洗髮精500ml 清爽滑順洗髮精,C,poisson,0.0476,0.2182,4.5826,2,low demand - intermittent
12000067001,Drs Formula髮根強化洗髮精清 清爽感,B,poisson,0.5714,0.7559,1.3229,2,medium demand - intermittent
12000069001,Farcent香水奇蹟洗髮露-療癒鼠尾草 花仙子洗髮鼠尾,C,poisson,0.1429,0.378,2.6458,2,low demand - intermittent
12000070001,Farcent香水奇蹟洗髮露-微醺小蒼蘭 花仙子洗髮蒼蘭,C,poisson,0.2381,0.488,2.0494,2,low demand - intermittent
12000071001,上山採藥魚池紅玉修護洗髮露600ml 紅玉修護洗髮露,C,poisson,0.0476,0.2182,4.5826,2,low demand - intermittent
12000075001,美國箭牌馬洗髮精 箭牌馬洗髮精,C,poisson,0.0476,0.2182,4.5826,2,low demand - intermittent
12000076001,美國箭牌馬洗髮精,C,poisson,0.2381,0.488,2.0494,2,low demand - intermittent
12000080001,Farcent香水奇蹟洗髮露-同名花語 花仙子洗髮同名,C,poisson,0.0952,0.3086,3.2404,2,low demand - intermittent
12000081001,麗仕柔亮清爽洗髮乳 麗仕清爽洗髮乳,B,poisson,0.8095,0.8997,1.1114,2,medium demand - intermittent
12000082001,巴黎美妝杏仁橙花洗髮精,C,poisson,0.0476,0.2182,4.5826,2,low demand - intermittent
12000085001,黛絲恩完美奇蹟雙護洗髮精 奇蹟雙護洗髮精,B,poisson,0.3333,0.5774,1.7321,2,medium demand - intermittent
12000089001,566 薄荷淨屑洗髮露 薄荷淨屑洗髮露,B,poisson,0.7143,0.8452,1.1832,2,medium demand - intermittent
12000090001,多芬植萃蝴蝶蘭受損修護洗髮露 多芬蝶蘭洗髮露,C,poisson,0.0476,0.2182,4.5826,2,low demand - intermittent
12000092001,黛絲恩完美柔順極潤修護洗髮精 完美柔順洗髮精,C,poisson,0.0476,0.2182,4.5826,2,low demand - intermittent
12000093001,潘婷垂順直髮洗髮乳700ml,C,poisson,0.2857,0.5345,1.8708,2,low demand - intermittent
12000097001,566蛋黃素洗髮乳 566蛋黃素洗髮乳,B,poisson,0.381,0.6172,1.6202,2,medium demand - intermittent
12000100001,芙夏妮水水亮澤洗髮露-微涼控油型 芙夏妮微涼控油,C,poisson,0.2381,0.488,2.0494,2,low demand - intermittent
12000101001,超值薄荷洗髮乳,B,poisson,0.4762,0.6901,1.4491,2,medium demand - intermittent
12000103001,潘婷乳液修護洗髮乳700ml,C,poisson,0.1429,0.378,2.6458,2,low demand - intermittent
12000108001,美吾髮藍風鈴奢香蓬鬆洗髮露 髮藍風鈴,B,poisson,1.0,1.0,1.0,1,medium demand - volatile
12000112001,飛柔三合一護髮洗髮乳,B,poisson,0.5714,0.7559,1.3229,2,medium demand - intermittent
12000113001,ES花漾莓果奢華香水洗髮精輕盈蓬鬆款 ES花漾莓果,C,poisson,0.1905,0.4364,2.2913,2,low demand - intermittent
12000114001,ES島嶼花園奢華香水洗髮精淨化控油款 ES島嶼花園,C,poisson,0.1905,0.4364,2.2913,2,low demand - intermittent
12000115001,飛柔甜心滋養香氛洗髮露530ML 飛柔甜心洗髮露,C,poisson,0.1429,0.378,2.6458,2,low demand - intermittent
12000118001,Drs Formula溫潤舒活洗髮精 溫潤舒活洗髮精,C,poisson,0.2381,0.488,2.0494,2,low demand - intermittent
12000122001,花王植萃弱酸洗髮精滋養健髮型 花王植萃洗髮精,B,poisson,0.381,0.6172,1.6202,2,medium demand - intermittent
12000124001,潘婷染燙修護洗髮乳700ml 染燙修護,B,poisson,0.8095,0.8997,1.1114,2,medium demand - intermittent
12000125001,多芬深層修護洗髮乳 深層修護,B,poisson,0.5238,0.7237,1.3817,2,medium demand - intermittent
12000126001,Drs Formula髮根強化洗髮精潤 潤澤感,C,poisson,0.1905,0.4364,2.2913,2,low demand - intermittent
12000128001,美吾髮晨霧玫瑰奢香柔順洗髮露 晨霧玫瑰,C,poisson,0.1905,0.4364,2.2913,2,low demand - intermittent
12000129001,麗仕柔亮修護洗髮乳 麗仕修護洗髮乳,B,poisson,0.6667,0.8165,1.2247,2,medium demand - intermittent
12000135001,潘婷奇蹟系列柔亮護色洗髮露 潘婷奇蹟護色洗,C,poisson,0.1429,0.378,2.6458,2,low demand - intermittent
12000136001,ANTICA義大利草本專家蕁麻葉洗髮乳 蕁麻葉洗髮乳,C,poisson,0.0476,0.2182,4.5826,2,low demand - intermittent
12000140001,黛絲恩完美修補極潤修護洗髮精 完美修補洗髮精,C,poisson,0.2381,0.488,2.0494,2,low demand - intermittent
12000144001,麗仕璐咪可小確幸柔順洗髮精 璐咪可小確幸洗,C,poisson,0.0476,0.2182,4.5826,2,low demand - intermittent
12000146001,飛柔橄欖油柔潤洗髮乳1000毫升,C,poisson,0.0952,0.3086,3.2404,2,low demand - intermittent
12000149001,花香5原效洗髮乳-茉莉花香 洗髮乳-茉莉花香,C,poisson,0.0476,0.2182,4.5826,2,low demand - intermittent
12000150001,芙夏妮水水亮澤洗髮乳 水水亮澤洗髮乳,C,poisson,0.1429,0.378,2.6458,2,low demand - intermittent
12000152001,美吾髮小蒼蘭梨萃香水洗髮露,B,normal,1.0476,0.95,0.9068,1,medium demand - volatile
12000157001,麗仕璐咪可舒緩空氣感洗髮精 璐咪可舒緩洗,C,poisson,0.0952,0.3086,3.2404,2,low demand - intermittent
12000159001,沛特斯草本複方強建洗髮精 草本複方洗髮精,C,poisson,0.0476,0.2182,4.5826,2,low demand - intermittent
12000163001,麗仕柔亮強韌洗髮乳 麗仕強韌洗髮乳,C,poisson,0.1429,0.378,2.6458,2,low demand - intermittent
12000165001,花王植萃弱酸洗髮精保濕去屑型,C,poisson,0.2381,0.488,2.0494,2,low demand - intermittent
12000166001,澳潔蕬玫瑰天竺葵保濕洗髮精500ML 澳潔蕬玫瑰洗,C,poisson,0.0476,0.2182,4.5826,2,low demand - intermittent
12000169001,麗仕柔亮絲滑洗髮乳 麗仕絲滑洗髮乳,B,poisson,0.4286,0.6547,1.5275,2,medium demand - intermittent
12000170001,花王植萃弱酸洗髮精涼感控油型 花王植萃洗涼感,B,poisson,0.6667,0.8165,1.2247,2,medium demand - intermittent
12000176001,水平衡香水洗髮精今天做自己 今天做自己,C,poisson,0.0476,0.2182,4.5826,2,low demand - intermittent
12000178001,花王洗髮精清新沁涼型,A,poisson,5.4286,2.3299,0.4292,0,high demand - stable
12000179001,花王洗髮精溫和柔潤型,A,poisson,3.0,1.7321,0.5774,1,high demand - volatile
12000182001,566潤澤抗菌香氛洗髮精-白麝香 潤澤抗菌白麝香,B,poisson,0.5238,0.7237,1.3817,2,medium demand - intermittent
12000183001,沙宣護色亮澤洗髮乳 沙宣護色亮澤洗,C,poisson,0.0952,0.3086,3.2404,2,low demand - intermittent
12000186001,566乳油木果油強韌洗髮乳 乳油木果油,B,poisson,0.4286,0.6547,1.5275,2,medium demand - intermittent
12000189001,沙宣輕盈柔順洗髮乳 沙宣輕盈柔順洗,B,poisson,0.3333,0.5774,1.7321,2,medium demand - intermittent
12000191001,ES輕甜花語奢華香水洗髮精 輕甜花語洗髮精,C,poisson,0.2857,0.5345,1.8708,2,low demand - intermittent
12000193001,花王洗髮精深層柔潤型 深層柔潤型,C,poisson,0.0952,0.3086,3.2404,2,low demand - intermittent
12000194001,ANTICA義大利草本專家野玫瑰洗髮乳 義大利草本玫瑰,C,poisson,0.1429,0.378,2.6458,2,low demand - intermittent
12000196001,脫普咖啡因頭皮調理洗髮精800ML,C,poisson,0.0476,0.2182,4.5826,2,low demand - intermittent
12000197001,黛絲恩完美淨化極潤修護洗髮精 完美淨化洗髮精,B,poisson,0.4762,0.6901,1.4491,2,medium demand - intermittent
12000200001,髮職人植萃藍風鈴香氛洗髮精 藍風鈴洗髮精,C,poisson,0.1429,0.378,2.6458,2,low demand - intermittent
12000204001,ANTICA義大利草本專家薰衣草洗髮乳 義大利草本薰衣,C,poisson,0.0952,0.3086,3.2404,2,low demand - intermittent
12000205001,潘婷絲質順滑洗髮乳700ml 絲質順滑,B,poisson,0.381,0.6172,1.6202,2,medium demand - intermittent
12000206001,Hair Recipe生薑蘋果滋養洗髮露,C,poisson,0.0952,0.3086,3.2404,2,low demand - intermittent
12000207001,潘婷強韌頭髮減少斷裂洗髮精 強韌減少斷裂,B,poisson,0.3333,0.5774,1.7321,2,medium demand - intermittent
12000208001,花王植萃弱酸洗髮精酷爽去屑型 花王植萃洗酷爽,B,poisson,0.4762,0.6901,1.4491,2,medium demand - intermittent
12000212001,多芬植萃櫻花柔順保濕洗髮露 櫻花柔順保濕,C,poisson,0.0476,0.2182,4.5826,2,low demand - intermittent
12000213001,一家人益生菌控油洗髮精 一家人控油洗,C,poisson,0.0476,0.2182,4.5826,2,low demand - intermittent
12000214001,逸萱秀柔亮零毛燥洗髮乳 柔亮零毛燥洗髮,B,poisson,0.5714,0.7559,1.3229,2,medium demand - intermittent
12000215001,朵蔓頭皮淨化洗髮精控油蓬鬆 朵蔓控油洗髮精,C,poisson,0.1905,0.4364,2.2913,2,low demand - intermittent
12000217001,逸萱秀清爽防油光洗髮精 清爽防油光洗髮,C,poisson,0.1905,0.4364,2.2913,2,low demand - intermittent
12000219001,AVALON 有機洗髮精-薰衣草 薰衣草,C,poisson,0.0476,0.2182,4.5826,2,low demand - intermittent
12000220001,阿葵亞瞬護賦活洗髮精,B,poisson,0.5238,0.7237,1.3817,2,medium demand - intermittent
12000221001,Drs Formula恆采固色洗髮精 恆采固色洗髮精,C,poisson,0.2857,0.5345,1.8708,2,low demand - intermittent
12000223001,566抗屑抗菌香氛洗髮精-小蒼蘭 抗屑抗菌小蒼蘭,B,poisson,0.8095,0.8997,1.1114,2,medium demand - intermittent
12000224001,沛特斯有機迷迭香洗髮精 有機迷迭香,C,poisson,0.0476,0.2182,4.5826,2,low demand - intermittent
12000225001,沛特斯有機薰衣草洗髮精 有機薰衣草,C,poisson,0.2381,0.488,2.0494,2,low demand - intermittent
12000226001,沛特斯有機茶樹洗髮精 有機茶樹,C,poisson,0.1905,0.4364,2.2913,2,low demand - intermittent
12000228001,逸萱秀潤澤防斷裂洗髮乳 潤澤防斷裂洗髮,C,poisson,0.1905,0.4364,2.2913,2,low demand - intermittent
12000229001,髮職人植萃黑莓月桂葉洗髮精 月桂葉洗髮精,C,poisson,0.0476,0.2182,4.5826,2,low demand - intermittent
12000230001,髮職人植萃英國梨小蒼蘭洗髮精,B,poisson,0.381,0.6172,1.6202,2,medium demand - intermittent
12000232001,逸萱秀速乾空氣感洗髮精 速乾空氣感洗髮,C,poisson,0.1429,0.378,2.6458,2,low demand - intermittent
12000233001,Farm Recipe萃進化羽衣甘藍清爽蓬鬆清爽蓬鬆洗髮精,C,poisson,0.0476,0.2182,4.5826,2,low demand - intermittent
12000239001,蒂沐蝶薰衣草豐盈植萃洗髮精 蒂沐蝶薰衣草洗,C,poisson,0.2381,0.488,2.0494,2,low demand - intermittent
12000241001,瑪宣妮蜜桃珍珠洗髮精-絲潤感,C,poisson,0.2381,0.488,2.0494,2,low demand - intermittent
12000242001,麗仕璐咪可SPA精油修護洗髮精 璐咪可修護洗髮,C,poisson,0.0952,0.3086,3.2404,2,low demand - intermittent
12000246001,曼秀雷敦咖啡因頭皮活力洗髮精 咖啡因頭皮洗,B,poisson,0.5714,0.7559,1.3229,2,medium demand - intermittent
12000247001,Farm Recipe萃進化薑根強健養護洗髮強健養護洗髮精,C,poisson,0.1429,0.378,2.6458,2,low demand - intermittent
12000260001,澳潔蕬檸檬香桃木控油洗髮精500ML 澳潔蕬檸檬洗,C,poisson,0.2857,0.5345,1.8708,2,low demand - intermittent
12000261001,脫普清涼潔淨洗髮精 潔淨洗髮精,C,poisson,0.2857,0.5345,1.8708,2,low demand - intermittent
12000262001,脫普輕盈保溼洗髮精 保溼洗髮精,C,poisson,0.0952,0.3086,3.2404,2,low demand - intermittent
12000264001,多芬日本植萃蜂蜜輕盈柔亮洗髮露 多芬蜂蜜洗髮露,B,poisson,0.4762,0.6901,1.4491,2,medium demand - intermittent
12000265001,KAFEN還原酸系列保濕洗髮精 保濕洗髮精,C,poisson,0.1429,0.378,2.6458,2,low demand - intermittent
12000270001,呂滋養韌髮洗髮精_中乾性頭皮適用 呂滋養乾性洗,C,poisson,0.0476,0.2182,4.5826,2,low demand - intermittent
12000275001,BOTANIST植物性洗髮精受損護理 受損護理洗髮,C,poisson,0.0476,0.2182,4.5826,2,low demand - intermittent
12000276001,水平衡香水洗髮精現正戀愛中 現正戀愛中,C,poisson,0.0476,0.2182,4.5826,2,low demand - intermittent
12000282001,一家人益生菌抗屑洗髮精 一家人抗屑洗,C,poisson,0.0952,0.3086,3.2404,2,low demand - intermittent
12000285001,KAFEN還原酸系列控油洗髮精 控油洗髮精,C,poisson,0.0476,0.2182,4.5826,2,low demand - intermittent
12000288001,清淨海環保洗髮精,C,poisson,0.1905,0.4364,2.2913,2,low demand - intermittent
12000295001,呂滋養韌髮洗髮精_油性頭皮適用 呂滋養油性洗,C,poisson,0.0476,0.2182,4.5826,2,low demand - intermittent
12000298001,美吾髮黑醋栗月桂迷香洗髮露 黑醋栗月桂洗髮,C,poisson,0.1905,0.4364,2.2913,2,low demand - intermittent
12000301001,快潔適沁爽潔淨洗髮露_熊熊遇見你 快潔適洗髮露,C,poisson,0.0476,0.2182,4.5826,2,low demand - intermittent
12000309001,呂滋養韌髮洗髮精_敏感性頭皮適用 呂滋養敏感洗,C,poisson,0.0476,0.2182,4.5826,2,low demand - intermittent
12000314001,麗仕柔亮護色洗髮乳,C,poisson,0.2857,0.5345,1.8708,2,low demand - intermittent
12000317001,美吾髮馬鞭草清新水漾洗髮露 馬鞭草清新水漾,B,poisson,1.2857,1.1339,0.8819,1,medium demand - volatile
12000319001,Elastine香水洗髮精永恆珍愛 永恆珍愛,C,poisson,0.1905,0.4364,2.2913,2,low demand - intermittent
12000320001,Elastine香水洗髮精甜蜜愛戀 甜蜜愛戀,C,poisson,0.2857,0.5345,1.8708,2,low demand - intermittent
12000325001,巴黎美妝迷迭香甘菊洗髮精,C,poisson,0.1905,0.4364,2.2913,2,low demand - intermittent
12000340001,美吾髮罌粟牡丹奢香洗髮露 罌粟牡丹洗髮露,B,poisson,0.5238,0.7237,1.3817,2,medium demand - intermittent
12000343001,絲蘊深層修護洗髮乳 深層修護洗髮乳,C,poisson,0.0952,0.3086,3.2404,2,low demand - intermittent
12000349001,美吾髮New葵花洗髮精,C,poisson,0.1429,0.378,2.6458,2,low demand - intermittent
12000350001,美吾髮檀香精油洗髮精 檀香精油洗髮,B,poisson,0.619,0.7868,1.271,2,medium demand - intermittent
12000351001,美吾髮仙草精油洗髮精,B,poisson,0.5238,0.7237,1.3817,2,medium demand - intermittent
12000359001,脫普強健髮根洗髮精,B,poisson,0.4762,0.6901,1.4491,2,medium demand - intermittent
12000361001,Hair Recipe 奇異果控油營養洗髮露,B,poisson,0.4286,0.6547,1.5275,2,medium demand - intermittent
12000366001,麗仕髮的補給角蛋白胺基酸洗髮精 角蛋白洗髮精,C,poisson,0.1905,0.4364,2.2913,2,low demand - intermittent
12000369001,可瑞絲植萃系抗損洗髮精-抗扁塌 可瑞絲洗髮精,C,poisson,0.0476,0.2182,4.5826,2,low demand - intermittent
12000372001,麗仕髮的補給膠原蛋白胺基酸洗髮精 膠原蛋白洗髮,C,poisson,0.2857,0.5345,1.8708,2,low demand - intermittent
12000373001,可瑞絲植萃系抗損洗髮精-抗毛燥 可瑞絲洗髮精,C,poisson,0.0952,0.3086,3.2404,2,low demand - intermittent
12000374001,蒂沐蝶深層純淨洗髮精 蒂沐蝶純淨洗髮,B,poisson,0.3333,0.5774,1.7321,2,medium demand - intermittent
12000375001,蒂沐蝶玫瑰保濕植萃洗髮精 蒂沐蝶玫瑰洗髮,B,poisson,0.4286,0.6547,1.5275,2,medium demand - intermittent
12000377001,蒂沐蝶茶樹清爽植萃洗髮精 蒂沐蝶茶樹洗髮,B,poisson,0.9048,0.9512,1.0513,2,medium demand - intermittent
12000379001,絲蘊植萃頭皮養護洗髮乳 頭皮養護洗髮乳,C,poisson,0.1905,0.4364,2.2913,2,low demand - intermittent
12000381001,曼秀雷敦健髮去油洗髮精,C,poisson,0.1905,0.4364,2.2913,2,low demand - intermittent
12000396001,可瑞絲頭皮去屑止癢舒敏洗髮精 止癢舒敏洗髮,C,poisson,0.0476,0.2182,4.5826,2,low demand - intermittent
12000397001,可瑞絲頭皮控油抗屑勁涼洗髮精,B,poisson,0.381,0.6172,1.6202,2,medium demand - intermittent
12000400001,TRES.沙龍級維他命E潤澤洗髮乳,C,poisson,0.0952,0.3086,3.2404,2,low demand - intermittent
12000408001,脫普控油平衡洗髮精 控油平衡洗髮精,B,poisson,0.381,0.6172,1.6202,2,medium demand - intermittent
12000411001,澳潔蕬薰衣草舒緩洗髮精,C,poisson,0.1429,0.378,2.6458,2,low demand - intermittent
12000425001,曼秀雷敦頭皮去味洗髮精 曼秀去味洗髮精,C,poisson,0.0952,0.3086,3.2404,2,low demand - intermittent
12000430001,呂 森活舒氧髮浴(中乾性適用),C,poisson,0.0952,0.3086,3.2404,2,low demand - intermittent
12000431001,箭牌馬天然草本洗髮精 箭牌馬草本洗,C,poisson,0.0476,0.2182,4.5826,2,low demand - intermittent
12000432001,沛特斯B群頭皮洗髮精 稀疏髮質適用,C,poisson,0.0952,0.3086,3.2404,2,low demand - intermittent
12000433001,呂 森活植淨髮浴(油性適用) 呂森活植淨髮浴,C,poisson,0.1905,0.4364,2.2913,2,low demand - intermittent
12000438001,多芬日本植萃防斷髮柔韌洗髮露 多芬植萃柔韌洗,B,poisson,0.5238,0.7237,1.3817,2,medium demand - intermittent
12000445001,多芬深層修護洗髮乳 角蛋白修護因子,C,poisson,0.1429,0.378,2.6458,2,low demand - intermittent
12000468001,可瑞絲蜂膠光澤活力洗髮精,C,poisson,0.0476,0.2182,4.5826,2,low demand - intermittent
12000480001,潘婷水潤滋養洗髮乳700ml,C,poisson,0.2857,0.5345,1.8708,2,low demand - intermittent
12000485001,BTANIST植物性洗髮精清爽順滑 清爽順滑,C,poisson,0.0476,0.2182,4.5826,2,low demand - intermittent
12000494001,多芬去屑修護洗髮乳 去屑修護,C,poisson,0.0476,0.2182,4.5826,2,low demand - intermittent
12000495001,多芬清爽淨化洗髮乳 清爽淨化,C,poisson,0.1905,0.4364,2.2913,2,low demand - intermittent
12000496001,多芬輕潤保濕洗髮乳 輕潤保濕,B,poisson,0.381,0.6172,1.6202,2,medium demand - intermittent
12000497001,多芬直順亮澤洗髮乳 直順亮澤,C,poisson,0.0952,0.3086,3.2404,2,low demand - intermittent
12000498001,多芬輕盈蓬鬆洗髮乳 輕盈蓬鬆,C,poisson,0.2381,0.488,2.0494,2,low demand - intermittent
12000504001,美吾髮草本主義金盞花保水柔順洗髮精 保水柔順,C,poisson,0.1905,0.4364,2.2913,2,low demand - intermittent
12000505001,美吾髮草本主義洋甘菊舒緩修護洗髮精 舒緩修護,C,poisson,0.1429,0.378,2.6458,2,low demand - intermittent
12000999001,潘婷淨化極潤蓬鬆洗髮露500ml 潘婷蓬鬆洗髮露,C,poisson,0.2381,0.488,2.0494,2,low demand - intermittent
12001004001,海倫仙度絲去屑止癢呵護洗髮乳,B,poisson,0.6667,0.8165,1.2247,2,medium demand - intermittent
12001006001,思波綺豐盈潤髮乳(軟塌髮用) 豐盈潤髮軟塌髮,C,poisson,0.0952,0.3086,3.2404,2,low demand - intermittent
12001007001,566強健髮根洗髮乳 566彈力豐盈洗髮,C,poisson,0.0952,0.3086,3.2404,2,low demand - intermittent
12001008001,Drs Formula控油抗屑洗髮精 控油抗屑洗髮精,B,poisson,0.5714,0.7559,1.3229,2,medium demand - intermittent
12001010001,妮維雅男士抗屑健髮洗髮精 男士抗屑洗髮精,C,poisson,0.0476,0.2182,4.5826,2,low demand - intermittent
12001011001,台鹽絲易康60植萃健髮洗髮精柔順輕盈,C,poisson,0.1905,0.4364,2.2913,2,low demand - intermittent
12001015001,絲蘊無矽靈抗屑洗髮乳 絲蘊無矽抗屑洗,C,poisson,0.0476,0.2182,4.5826,2,low demand - intermittent
12001017001,Plantur咖啡因洗髮露細 植物洗髮露細,C,poisson,0.0952,0.3086,3.2404,2,low demand - intermittent
12001018001,Plantur咖啡因洗髮露染 植物洗髮露染,C,poisson,0.0476,0.2182,4.5826,2,low demand - intermittent
12001019001,曼秀雷敦抗屑冰涼洗髮精 抗屑冰涼洗髮精,B,poisson,0.381,0.6172,1.6202,2,medium demand - intermittent
12001022001,566 抗屑柔順洗髮乳 566抗屑保濕洗髮,C,poisson,0.0476,0.2182,4.5826,2,low demand - intermittent
12001023001,海倫男士根源健髮去屑洗髮乳 海倫根源,B,poisson,0.3333,0.5774,1.7321,2,medium demand - intermittent
12001026001,Men s Biore抗屑潔味洗髮精 Biore潔味洗髮,B,poisson,0.8571,0.9258,1.0801,2,medium demand - intermittent
12001027001,落建頭皮洗髮露-潔淨健髮400ml雙入組,C,poisson,0.1429,0.378,2.6458,2,low demand - intermittent
12001028001,海倫０％矽靈洗髮乳微米淨透 海倫０％矽靈洗,C,poisson,0.0952,0.3086,3.2404,2,low demand - intermittent
12001029001,飛柔去頭皮屑熱油洗髮乳 飛柔去頭皮屑熱,C,poisson,0.2857,0.5345,1.8708,2,low demand - intermittent
12001031001,落建洗髮露潔淨健髮配方200ml 潔淨健髮,C,poisson,0.1905,0.4364,2.2913,2,low demand - intermittent
12001037001,澎澎MAN強效控油去屑洗髮乳 澎澎MAN強效控,B,poisson,0.3333,0.5774,1.7321,2,medium demand - intermittent
12001038001,花王洗髮精清新順滑屑型750ML 花王洗髮精頭皮,C,poisson,0.2381,0.488,2.0494,2,low demand - intermittent
12001039001,沙宣保濕去屑洗髮乳 沙宣保濕去屑洗,C,poisson,0.1429,0.378,2.6458,2,low demand - intermittent
12001041001,Men s Biore頭皮調理洗髮精 頭皮調理,B,poisson,0.381,0.6172,1.6202,2,medium demand - intermittent
12001043001,Clear淨植萃頭皮煥活系列洗髮露控油控油淨化洗,B,poisson,0.4286,0.6547,1.5275,2,medium demand - intermittent
12001047001,海倫絲滑柔順去屑洗髮乳,C,poisson,0.2381,0.488,2.0494,2,low demand - intermittent
12001048001,Seborin 三效咖啡因抗屑洗髮乳 三效咖啡因抗屑,C,poisson,0.1429,0.378,2.6458,2,low demand - intermittent
12001049001,海倫薄荷舒爽去屑洗髮乳 薄荷舒爽,A,normal,2.2381,1.3768,0.6152,1,high demand - volatile
12001050001,絲蘊抗屑控油洗髮乳 絲蘊抗屑洗,C,poisson,0.0952,0.3086,3.2404,2,low demand - intermittent
12001051001,566去屑專用洗髮乳 566去屑,B,poisson,0.381,0.6172,1.6202,2,medium demand - intermittent
12001055001,Alpecin 雙動力咖啡因洗髮露 雙動力洗髮露,C,poisson,0.0952,0.3086,3.2404,2,low demand - intermittent
12001056001,566抗屑柔順洗髮乳-補充包,C,poisson,0.1429,0.378,2.6458,2,low demand - intermittent
12001057001,海倫仙度絲去屑潔淨保濕洗髮乳 海倫仙度絲去屑,C,poisson,0.1905,0.4364,2.2913,2,low demand - intermittent
12001058001,海倫仙度絲去屑薄荷舒爽洗髮乳,C,poisson,0.1905,0.4364,2.2913,2,low demand - intermittent
12001059001,海倫仙度絲去屑檸檬草洗髮乳 海倫仙度絲去屑,C,poisson,0.2857,0.5345,1.8708,2,low demand - intermittent
12001061001,Fresh Up萌髮甦活洗髮精-調理養護 調理養護,C,poisson,0.0952,0.3086,3.2404,2,low demand - intermittent
12001062001,淨女士去屑洗髮乳冰恬薄荷止癢 淨女去屑洗冰恬,C,poisson,0.1905,0.4364,2.2913,2,low demand - intermittent
12001063001,海倫仙度絲去屑絲柔順洗髮乳 海倫仙度絲去屑,C,poisson,0.0952,0.3086,3.2404,2,low demand - intermittent
12001064001,Seborin 咖啡因洗髮露 咖啡因洗髮露,C,poisson,0.0952,0.3086,3.2404,2,low demand - intermittent
12001065001,淨男士去屑洗髮乳冰爽薄荷止癢 淨男去屑洗冰爽,C,poisson,0.0476,0.2182,4.5826,2,low demand - intermittent
12001067001,Alpecin咖啡因頭髮液,C,poisson,0.0952,0.3086,3.2404,2,low demand - intermittent
12001068001,海倫檸檬草去屑洗髮乳,C,poisson,0.1429,0.378,2.6458,2,low demand - intermittent
12001070001,Alpecin咖啡因洗髮露 強健髮根,C,poisson,0.2857,0.5345,1.8708,2,low demand - intermittent
12001071001,淨男士去屑洗髮乳清爽控油型 淨男去屑洗清爽,C,poisson,0.0476,0.2182,4.5826,2,low demand - intermittent
12001076001,淨男士去屑洗髮乳強韌健髮淨爽型 淨男士強韌洗髮,C,poisson,0.0476,0.2182,4.5826,2,low demand - intermittent
12001077001,淨女士去屑洗髮乳控油平衡型 淨女去屑洗控油,C,poisson,0.2857,0.5345,1.8708,2,low demand - intermittent
12001078001,淨女士去屑洗髮乳多效水護型 淨女去屑洗多效,C,poisson,0.0476,0.2182,4.5826,2,low demand - intermittent
12001079001,Fresh Up萌髮甦活洗髮精-調理抗屑 調理抗屑,C,poisson,0.1429,0.378,2.6458,2,low demand - intermittent
12001080001,海倫仙度絲去屑洗髮乳薄荷舒爽1.2L 薄荷舒爽1.2L,B,normal,1.3333,1.2848,0.9636,1,medium demand - volatile
12001081001,淨男士去屑洗髮乳深層淨碳型 淨男去屑洗深層,C,poisson,0.0476,0.2182,4.5826,2,low demand - intermittent
12001083001,台鹽絲易康60植萃健髮洗髮精控油抗屑,C,poisson,0.2857,0.5345,1.8708,2,low demand - intermittent
12001084001,海倫仙度絲去屑洗髮乳絲滑柔順1.2L,C,poisson,0.1905,0.4364,2.2913,2,low demand - intermittent
12001085001,呂 韓方頭皮養護洗髮精去屑止癢 呂去屑洗髮精,C,poisson,0.0476,0.2182,4.5826,2,low demand - intermittent
12001086001,呂韓方頭皮養護洗髮精營養潤澤 呂營養洗髮精,C,poisson,0.1429,0.378,2.6458,2,low demand - intermittent
12001087001,海倫仙度絲去屑洗髮乳檸檬清爽1.2L 檸檬清爽1.2L,C,poisson,0.1905,0.4364,2.2913,2,low demand - intermittent
12001088001,呂 韓方頭皮養護洗髮精清爽控油 呂清爽控油洗髮,C,poisson,0.0952,0.3086,3.2404,2,low demand - intermittent
12001090001,呂韓方頭皮養護洗髮精染燙受損 呂染燙受損洗髮,C,poisson,0.1905,0.4364,2.2913,2,low demand - intermittent
12001091001,落建頭皮洗髮乳保濕豐厚 保濕豐量,C,poisson,0.0476,0.2182,4.5826,2,low demand - intermittent
12001092001,落建頭皮洗髮露潔淨健髮 潔淨豐量,C,poisson,0.0476,0.2182,4.5826,2,low demand - intermittent
12001093001,海倫男士去屑洗髮乳淨爽控油,C,poisson,0.0476,0.2182,4.5826,2,low demand - intermittent
12001094001,海倫男士去屑洗髮乳活力酷爽 活力酷爽,C,poisson,0.1905,0.4364,2.2913,2,low demand - intermittent
12001108001,海倫仙度絲茉莉花香氛去屑洗髮乳750m 海倫茉莉花洗髮,B,poisson,0.5238,0.7237,1.3817,2,medium demand - intermittent
12001109001,海倫仙度絲小蒼蘭香氛去屑洗髮乳750ml,B,poisson,0.9524,0.9759,1.0247,2,medium demand - intermittent
12001110001,絲蘊無矽靈強健髮根洗髮乳750ml,C,poisson,0.0476,0.2182,4.5826,2,low demand - intermittent
12001111001,沛特斯救髮B頭皮洗髮精(稀疏) PF救髮B稀疏,C,poisson,0.1429,0.378,2.6458,2,low demand - intermittent
12001112001,麗仕柔亮去屑止癢洗髮乳 麗仕去屑洗髮乳,B,poisson,0.4286,0.6547,1.5275,2,medium demand - intermittent
12001113001,Mdmmd.琥珀香水安瓶精油洗髮精去屑止癢,C,poisson,0.0952,0.3086,3.2404,2,low demand - intermittent
12001114001,Clear淨植萃頭皮煥活系列洗髮露水潤水潤平衡洗,C,poisson,0.0476,0.2182,4.5826,2,low demand - intermittent
12001119001,台鹽絲易康60植萃健髮洗髮精-蓬鬆豐蓬鬆豐盈,C,poisson,0.0952,0.3086,3.2404,2,low demand - intermittent
12001999001,澎澎MAN咖啡因洗髮露 澎澎咖啡因洗髮,C,poisson,0.1905,0.4364,2.2913,2,low demand - intermittent
12002002001,絲蘊無矽靈水潤潤髮乳 無矽靈水潤潤髮,C,poisson,0.0476,0.2182,4.5826,2,low demand - intermittent
12002003001,566長效保濕潤髮乳 566長效保濕潤髮,C,poisson,0.2381,0.488,2.0494,2,low demand - intermittent
12002005001,TRES.沙龍級維他命E潤澤護髮素,B,poisson,0.3333,0.5774,1.7321,2,medium demand - intermittent
12002006001,脫普柔順滋養潤髮乳800ML,B,poisson,0.4286,0.6547,1.5275,2,medium demand - intermittent
12002008001,Mods Hair 熱感修護潤髮乳 熱感修護潤髮乳,C,poisson,0.1429,0.378,2.6458,2,low demand - intermittent
12002009001,魅尚萱 完美深層修護潤髮乳680ml 魅尚萱修護潤,C,poisson,0.0476,0.2182,4.5826,2,low demand - intermittent
12002010001,566 護色增亮潤髮乳 染燙受損髮,C,poisson,0.2857,0.5345,1.8708,2,low demand - intermittent
12002013001,多芬深層修護潤髮乳 深層修護,B,poisson,0.381,0.6172,1.6202,2,medium demand - intermittent
12002014001,巴黎美妝洋甘菊小麥潤髮乳 200ML,C,poisson,0.1905,0.4364,2.2913,2,low demand - intermittent
12002018001,潘婷強韌減少斷裂潤髮精華素 強韌減少斷裂,C,poisson,0.1429,0.378,2.6458,2,low demand - intermittent
12002021001,飛柔橄欖油柔潤潤髮乳1000毫升 飛柔橄欖油柔潤,C,poisson,0.2381,0.488,2.0494,2,low demand - intermittent
12002023001,花王潤髮乳 花王潤髮乳,B,normal,1.1905,1.0057,0.8447,1,medium demand - volatile
12002024001,花王植萃弱酸潤髮乳長效潔味型 花王植萃潤潔味,C,poisson,0.1429,0.378,2.6458,2,low demand - intermittent
12002026001,BOTANIST植物性潤髮乳受損護理 受損護理潤髮,C,poisson,0.0952,0.3086,3.2404,2,low demand - intermittent
12002030001,Mods Hair 輕感淨潤潤髮乳 輕感淨潤潤髮乳,C,poisson,0.0476,0.2182,4.5826,2,low demand - intermittent
12002035001,潘婷水潤滋養潤髮精華素700ml 潘婷水潤精華素,B,poisson,0.3333,0.5774,1.7321,2,medium demand - intermittent
12002036001,BTANIST植物性潤髮乳滋潤保濕,C,poisson,0.0476,0.2182,4.5826,2,low demand - intermittent
12002037001,飛柔熱油滋潤潤髮乳 飛柔一分鐘熱油,C,poisson,0.0952,0.3086,3.2404,2,low demand - intermittent
12002040001,美國箭牌馬潤絲精 箭牌馬潤絲精,C,poisson,0.0952,0.3086,3.2404,2,low demand - intermittent
12002042001,魅萱 完美修護精油潤髮乳 680ml 魅萱精油潤,C,poisson,0.0476,0.2182,4.5826,2,low demand - intermittent
12002044001,思波綺瞬亮修護潤髮乳 思波綺瞬亮修潤,B,poisson,0.381,0.6172,1.6202,2,medium demand - intermittent
12002050001,逸萱秀潤澤防斷裂潤髮乳 潤澤防斷裂潤髮,C,poisson,0.0952,0.3086,3.2404,2,low demand - intermittent
12002052001,逸萱秀柔亮零毛燥潤髮乳 柔亮零毛燥潤髮,B,poisson,0.5714,0.7559,1.3229,2,medium demand - intermittent
12002057001,施華蔻Gliss極致精油修護潤髮乳 極致精油修護,C,poisson,0.0476,0.2182,4.5826,2,low demand - intermittent
12002062001,花王潤髮乳山茶花 山茶花,C,poisson,0.2857,0.5345,1.8708,2,low demand - intermittent
12002064001,ES輕甜花語奢華香水潤髮乳 輕甜花語潤髮乳,C,poisson,0.1905,0.4364,2.2913,2,low demand - intermittent
12002066001,沙宣深層滋潤潤髮乳 沙宣深層滋潤潤,B,poisson,0.4286,0.6547,1.5275,2,medium demand - intermittent
12002068001,呂 韓方頭皮養護潤髮乳去屑止癢 呂去屑潤髮乳,C,poisson,0.0952,0.3086,3.2404,2,low demand - intermittent
12002071001,呂韓方頭皮養護潤髮乳染燙受損 呂染燙受損潤髮,C,poisson,0.2857,0.5345,1.8708,2,low demand - intermittent
12002075001,潘婷奇蹟系列煥活根源護髮精華素500G,C,poisson,0.0476,0.2182,4.5826,2,low demand - intermittent
12002084001,多芬直順亮澤潤髮乳 直順亮澤,C,poisson,0.0952,0.3086,3.2404,2,low demand - intermittent
12002089001,沛特斯有機薰衣草潤絲精 有機薰衣草,C,poisson,0.0952,0.3086,3.2404,2,low demand - intermittent
12002090001,沛特斯有機茶樹潤絲精,C,poisson,0.0476,0.2182,4.5826,2,low demand - intermittent
12002093001,阿葵亞瞬護賦活潤髮乳,C,poisson,0.0952,0.3086,3.2404,2,low demand - intermittent
12002096001,潘婷奇蹟系列柔亮護色護髮精華素 潘婷奇蹟護色潤,C,poisson,0.0476,0.2182,4.5826,2,low demand - intermittent
12002100001,多芬輕潤保濕潤髮乳 輕潤保濕,B,poisson,0.5238,0.7237,1.3817,2,medium demand - intermittent
12002103001,多芬日本植萃蜂蜜輕盈柔亮潤髮乳 多芬蜂蜜潤髮乳,C,poisson,0.2857,0.5345,1.8708,2,low demand - intermittent
12002104001,麗仕柔亮強韌潤髮乳 麗仕強韌潤髮乳,C,poisson,0.1429,0.378,2.6458,2,low demand - intermittent
12002105001,麗仕柔亮直順潤髮乳 麗仕直順潤髮乳,C,poisson,0.1905,0.4364,2.2913,2,low demand - intermittent
12002106001,麗仕柔亮絲滑潤髮乳 麗仕絲滑潤髮乳,B,poisson,0.3333,0.5774,1.7321,2,medium demand - intermittent
12002107001,麗仕柔亮修護潤髮乳 麗仕修護潤髮乳,B,poisson,0.4762,0.6901,1.4491,2,medium demand - intermittent
12002114001,多芬輕盈蓬鬆潤髮乳 輕盈蓬鬆,B,poisson,0.381,0.6172,1.6202,2,medium demand - intermittent
12002118001,花香5原效潤絲精 花香5原效潤絲精,C,poisson,0.0952,0.3086,3.2404,2,low demand - intermittent
12002119001,芙夏妮水水亮澤潤髮乳 水水亮澤潤髮乳,C,poisson,0.0476,0.2182,4.5826,2,low demand - intermittent
12002124001,潘婷絲質滑順潤髮精華素700ml 絲質滑順,C,poisson,0.1429,0.378,2.6458,2,low demand - intermittent
12002125001,潘婷乳液修護潤髮精華素700ml 乳液修護,B,poisson,0.3333,0.5774,1.7321,2,medium demand - intermittent
12002126001,潘婷染燙修護潤髮素700ml,B,poisson,0.8095,0.8997,1.1114,2,medium demand - intermittent
12002127001,巴黎美妝石榴保濕潤髮乳,C,poisson,0.0476,0.2182,4.5826,2,low demand - intermittent
12002134001,海倫仙度絲絲滑柔順潤髮乳 海倫仙度絲絲滑,C,poisson,0.1905,0.4364,2.2913,2,low demand - intermittent
12002155001,絲蘊深層修護潤髮乳750 深層修護潤髮乳,C,poisson,0.1429,0.378,2.6458,2,low demand - intermittent
12002158001,Elastine香水潤髮乳-永恆珍愛 永恆珍愛,C,poisson,0.0476,0.2182,4.5826,2,low demand - intermittent
12002160001,Drs Formula 水律輕盈潤絲乳 水律輕盈,C,poisson,0.0952,0.3086,3.2404,2,low demand - intermittent
12002948001,瑪宣妮莓果珍珠潤髮乳-蓬鬆感 珍珠潤髮-蓬鬆,C,poisson,0.1905,0.4364,2.2913,2,low demand - intermittent
12002949001,瑪宣妮蜜桃珍珠潤髮乳-絲潤感 珍珠潤髮-絲潤,C,poisson,0.2857,0.5345,1.8708,2,low demand - intermittent
12002996001,飛柔豐盈飄逸微米潤髮乳530ML 飛柔豐盈潤髮乳,C,poisson,0.0476,0.2182,4.5826,2,low demand - intermittent
12002998001,ES大馬士革玫瑰香水潤髮乳 玫瑰香水潤髮乳,C,poisson,0.1429,0.378,2.6458,2,low demand - intermittent
12003003001,阿葵亞水分髮梢修護凝露 阿葵亞修護凝,C,poisson,0.0476,0.2182,4.5826,2,low demand - intermittent
12003006001,飛柔免沖洗瞬效柔順護髮精華,C,poisson,0.2381,0.488,2.0494,2,low demand - intermittent
12003008001,潘婷高濃保濕膠囊髮膜(密集修護型)X6 潘婷髮膜密集型,C,poisson,0.0952,0.3086,3.2404,2,low demand - intermittent
12003012001,潘婷高濃保濕膠囊髮膜(輕盈水潤型)X6 潘婷髮膜輕盈型,C,poisson,0.2381,0.488,2.0494,2,low demand - intermittent
12003013001,麗仕髮的補給乳木果萃取胺基酸護髮乳 乳木果萃取,C,poisson,0.0952,0.3086,3.2404,2,low demand - intermittent
12003014001,Plantur咖啡因頭髮液 頭髮液,C,poisson,0.0476,0.2182,4.5826,2,low demand - intermittent
12003015001,魅尚萱完美修護 3分鐘沙龍級髮膜300m 3分鐘髮膜,C,poisson,0.0952,0.3086,3.2404,2,low demand - intermittent
12003025001,黛絲恩完美奇蹟雙護護髮素 奇蹟雙護護髮素,C,poisson,0.1905,0.4364,2.2913,2,low demand - intermittent
12003028001,澳寶一分鐘焗油-經典護理,B,poisson,0.5238,0.7237,1.3817,2,medium demand - intermittent
12003030001,韓國isLeaf香氛順盈護髮油-茉氣十足,C,poisson,0.0476,0.2182,4.5826,2,low demand - intermittent
12003031001,蒂沐蝶金盞花修護植萃護髮乳 蒂沐蝶金盞花護,C,poisson,0.0476,0.2182,4.5826,2,low demand - intermittent
12003035001,潘婷乳液修護深層滋養髮膜 乳液修護髮膜,C,poisson,0.0476,0.2182,4.5826,2,low demand - intermittent
12003038001,思波綺瞬亮潤澤護髮霜,C,poisson,0.0952,0.3086,3.2404,2,low demand - intermittent
12003039001,潘婷染燙修護深層滋養髮膜 染燙修護髮膜,C,poisson,0.2381,0.488,2.0494,2,low demand - intermittent
12003042001,Hair Recipe生薑蘋果護髮精華素 HR生薑蘋果潤,B,poisson,0.4762,0.6901,1.4491,2,medium demand - intermittent
12003043001,思波綺瞬亮修護護髮霜 思波綺瞬亮修護,C,poisson,0.0476,0.2182,4.5826,2,low demand - intermittent
12003046001,潘婷3分鐘燙染護髮精華180ML 潘婷3分鐘燙染,C,poisson,0.0476,0.2182,4.5826,2,low demand - intermittent
12003048001,阿葵亞瞬效水光髮膜,C,poisson,0.1905,0.4364,2.2913,2,low demand - intermittent
12003051001,潘婷淨化極潤淨澈護髮精華素500g 潘婷淨澈護髮素,C,poisson,0.0476,0.2182,4.5826,2,low demand - intermittent
12003054001,潘婷淨化極潤蓬鬆護髮精華素500g 潘婷蓬鬆護髮素,C,poisson,0.1905,0.4364,2.2913,2,low demand - intermittent
12003055001,Farcent香水奇蹟護髮素-微醺小蒼蘭 花仙子護髮蒼蘭,C,poisson,0.1429,0.378,2.6458,2,low demand - intermittent
12003056001,Farcent香水奇蹟護髮素-真我星夜 花仙子護髮真我,C,poisson,0.0476,0.2182,4.5826,2,low demand - intermittent
12003058001,朵蔓頭皮淨化噴霧 朵蔓頭皮噴霧,C,poisson,0.0476,0.2182,4.5826,2,low demand - intermittent
12003059001,多芬深層修護一分鐘護髮精華 角蛋白修護因子,C,poisson,0.2857,0.5345,1.8708,2,low demand - intermittent
12003063001,麗仕璐咪可小確幸柔順護髮乳 璐咪可小確幸護,C,poisson,0.0476,0.2182,4.5826,2,low demand - intermittent
12003064001,多芬輕潤保濕一分鐘護髮精華 多芬輕潤一分鐘,C,poisson,0.0476,0.2182,4.5826,2,low demand - intermittent
12003065001,蒂沐蝶薰衣草豐盈植萃護髮乳 蒂沐蝶薰衣草護,C,poisson,0.0476,0.2182,4.5826,2,low demand - intermittent
12003069001,潘婷三分鐘護髮精華素-多效 多效損傷修護,C,poisson,0.0952,0.3086,3.2404,2,low demand - intermittent
12003072001,潘婷淨化極潤順澤護髮精華素500g 潘婷護色護髮素,C,poisson,0.0952,0.3086,3.2404,2,low demand - intermittent
12003077001,Hair Recipe 蜂蜜保濕營養護髮精華素 HR蜂蜜護髮素,B,poisson,0.4286,0.6547,1.5275,2,medium demand - intermittent
12003082001,Farcent香水奇蹟護髮素-同名花語 花仙子護髮同名,C,poisson,0.0952,0.3086,3.2404,2,low demand - intermittent
12003084001,蒂沐蝶玫瑰保濕植萃護髮乳 蒂沐蝶玫瑰護髮,C,poisson,0.2381,0.488,2.0494,2,low demand - intermittent
12003085001,Farm Recipe萃進化酪梨修護潤澤護髮修護潤澤護髮膜,C,poisson,0.0476,0.2182,4.5826,2,low demand - intermittent
12003086001,樂絲朵-L摩洛哥護髮精華油,C,poisson,0.1429,0.378,2.6458,2,low demand - intermittent
12003098001,Hair Recipe 奇異果控油營養護髮精華 HR奇異果護髮素,B,poisson,0.4762,0.6901,1.4491,2,medium demand - intermittent
12003100001,麗仕髮的補給營養胺基酸深層修護髮膜 胺基酸髮膜,C,poisson,0.0476,0.2182,4.5826,2,low demand - intermittent
12003104001,麗仕髮的補給角蛋白胺基酸護髮乳 角蛋白護髮乳,C,poisson,0.0952,0.3086,3.2404,2,low demand - intermittent
12003111001,瑪宣妮珍珠光護髮優格,C,poisson,0.0952,0.3086,3.2404,2,low demand - intermittent
12003113001,麗仕髮的補給膠原蛋白胺基酸護髮乳 膠原蛋白護髮,C,poisson,0.0952,0.3086,3.2404,2,low demand - intermittent
12003115001,萊雅金緻護髮精油 棕色版 金緻護髮精油,C,poisson,0.0952,0.3086,3.2404,2,low demand - intermittent
12003117001,呂 森活舒氧護髮素 森活舒氧護髮素,C,poisson,0.0476,0.2182,4.5826,2,low demand - intermittent
12003120001,韓國isLeaf香氛順盈護髮油-拈花惹草,C,poisson,0.0952,0.3086,3.2404,2,low demand - intermittent
12003123001,Clear淨植萃頭皮煥活系列護髮乳控油控油淨化護,C,poisson,0.0952,0.3086,3.2404,2,low demand - intermittent
12003125001,澳寶一分鐘焗油-深層修護,C,poisson,0.0952,0.3086,3.2404,2,low demand - intermittent
12003126001,澳寶一分鐘焗油-極耀水光凝護 澳寶焗油極耀,C,poisson,0.0476,0.2182,4.5826,2,low demand - intermittent
12003128001,澳寶一分鐘焗油-密集營潤瞬滑 澳寶焗油密集,C,poisson,0.1429,0.378,2.6458,2,low demand - intermittent
12003130001,FINO高效滲透護髮膜 FINO護髮膜,B,poisson,0.9048,0.9512,1.0513,2,medium demand - intermittent
12003134001,蒂沐蝶茶樹清爽植萃護髮乳 蒂沐蝶茶樹護髮,C,poisson,0.1905,0.4364,2.2913,2,low demand - intermittent
12003135001,蒂沐蝶深層純淨護髮乳 蒂沐蝶純淨潤髮,C,poisson,0.1429,0.378,2.6458,2,low demand - intermittent
12003137001,逸萱秀潤澤防斷裂護髮乳 逸萱秀潤澤護髮,C,poisson,0.0476,0.2182,4.5826,2,low demand - intermittent
12003138001,多芬植萃橙花清爽淨化護髮乳 橙花清爽淨化,C,poisson,0.0476,0.2182,4.5826,2,low demand - intermittent
12003142001,多芬植萃櫻花柔順保濕護髮乳 櫻花柔順保濕,C,poisson,0.0476,0.2182,4.5826,2,low demand - intermittent
12003145001,韓國isLeaf香氛順盈護髮油-紫愛瑰蜜,C,poisson,0.0476,0.2182,4.5826,2,low demand - intermittent
12003147001,韓國isLeaf香氛順盈護髮油-蘋檸也配,C,poisson,0.0952,0.3086,3.2404,2,low demand - intermittent
12003161001,超值玫瑰滋養護髮霜,B,poisson,0.381,0.6172,1.6202,2,medium demand - intermittent
12003911001,巴黎萊雅金緻護髮玫瑰精油 玫瑰護髮精油,C,poisson,0.0952,0.3086,3.2404,2,low demand - intermittent
12004016001,絲逸歡造型髮雕 絲逸歡造型髮,C,poisson,0.1429,0.378,2.6458,2,low demand - intermittent
12004020001,絲逸歡造型定型液 絲逸歡造型定,C,poisson,0.0952,0.3086,3.2404,2,low demand - intermittent
12004036001,超值彈性定型液,C,poisson,0.0952,0.3086,3.2404,2,low demand - intermittent
12004046001,沙宣強力定型慕絲 沙宣超強固定慕,C,poisson,0.0476,0.2182,4.5826,2,low demand - intermittent
12004053001,瑪宣妮保濕髮妝水 毛躁Bye Bye,C,poisson,0.0476,0.2182,4.5826,2,low demand - intermittent
12004063001,GATSBY 狂野塑型髮腊,C,poisson,0.0476,0.2182,4.5826,2,low demand - intermittent
12004095001,Man-Q 光澤造型髮蠟 光澤造型髮蠟,C,poisson,0.0476,0.2182,4.5826,2,low demand - intermittent
12004160001,阿葵亞瞬間順髮液補充瓶 順髮液補充瓶,C,poisson,0.1905,0.4364,2.2913,2,low demand - intermittent
12004165001,瑪宣妮髮蠟式捲髮慕斯,C,poisson,0.0476,0.2182,4.5826,2,low demand - intermittent
12004170001,UNO強硬作風定型膠,C,poisson,0.1429,0.378,2.6458,2,low demand - intermittent
12004171001,UNO強硬作風定型慕斯 UNO硬慕斯,C,poisson,0.0476,0.2182,4.5826,2,low demand - intermittent
12004188001,可口奶泡冷燙專用泡沫雕150ml 可口奶泡泡沫雕,C,poisson,0.0476,0.2182,4.5826,2,low demand - intermittent
12004193001,熱情無罪熱塑燙專用髮凝乳 熱情無罪髮凝乳,C,poisson,0.0476,0.2182,4.5826,2,low demand - intermittent
12004218001,沙宣強力定型噴霧300ml 沙宣強力噴霧,C,poisson,0.0476,0.2182,4.5826,2,low demand - intermittent
12005002003,美吾髮黑娜快速護髮染髮霜80g 深栗 No.5,C,poisson,0.1429,0.378,2.6458,2,low demand - intermittent
12005002004,美吾髮黑娜快速護髮染髮霜80g 自然褐 No.6,C,poisson,0.0476,0.2182,4.5826,2,low demand - intermittent
12005002005,美吾髮黑娜快速護髮染髮霜80g 自然黑褐 No.7,C,poisson,0.1429,0.378,2.6458,2,low demand - intermittent
12005003001,566 美色護髮染髮霜補充盒 自然亮黑,C,poisson,0.2381,0.488,2.0494,2,low demand - intermittent
12005003002,566 美色護髮染髮霜補充盒 自然深栗,C,poisson,0.2857,0.5345,1.8708,2,low demand - intermittent
12005003003,566 美色護髮染髮霜補充盒 栗褐色,C,poisson,0.1905,0.4364,2.2913,2,low demand - intermittent
12005003004,566 美色護髮染髮霜補充盒,C,poisson,0.1429,0.378,2.6458,2,low demand - intermittent
12005003005,566 美色護髮染髮霜補充盒 葡萄酒紅,C,poisson,0.0476,0.2182,4.5826,2,low demand - intermittent
12005007001,566補色膏-新生白髮專用10g,C,poisson,0.0476,0.2182,4.5826,2,low demand - intermittent
12005009007,葵花亮澤染髮霜 4C薑餅亞麻棕+20,C,poisson,0.0952,0.3086,3.2404,2,low demand - intermittent
12005009008,葵花亮澤染髮霜 5C摩卡亞麻棕+20,C,poisson,0.0476,0.2182,4.5826,2,low demand - intermittent
12005015001,566 美色護髮染髮霜 110g 3A-自然亮黑,C,poisson,0.0476,0.2182,4.5826,2,low demand - intermittent
12005015002,566 美色護髮染髮霜 110g 3-自然亮黑,C,poisson,0.0952,0.3086,3.2404,2,low demand - intermittent
12005015003,566 美色護髮染髮霜 110g 5-自然深栗,C,poisson,0.0476,0.2182,4.5826,2,low demand - intermittent
12005015004,566 美色護髮染髮霜 110g 11-金棕栗,C,poisson,0.0476,0.2182,4.5826,2,low demand - intermittent
12005015006,566 美色護髮染髮霜 110g 8-葡萄酒紅,C,poisson,0.0476,0.2182,4.5826,2,low demand - intermittent
12005015007,566 美色護髮染髮霜 110g 6-栗褐色,C,poisson,0.1429,0.378,2.6458,2,low demand - intermittent
12005015008,566 美色護髮染髮霜 110g 3B-魅力柔黑,C,poisson,0.0476,0.2182,4.5826,2,low demand - intermittent
12005015010,566 美色護髮染髮霜 110g 4-栗黑色,C,poisson,0.0952,0.3086,3.2404,2,low demand - intermittent
12005019001,美吾髮快速護髮染髮霜 80g 7M-男版深亮黑,C,poisson,0.0952,0.3086,3.2404,2,low demand - intermittent
12005019002,美吾髮快速護髮染髮霜 80g 5號-深栗,C,poisson,0.0952,0.3086,3.2404,2,low demand - intermittent
12005019003,美吾髮快速護髮染髮霜 80g 6號-自然褐,C,poisson,0.0952,0.3086,3.2404,2,low demand - intermittent
12005019005,美吾髮快速護髮染髮霜 80g 4號-自然栗,C,poisson,0.0476,0.2182,4.5826,2,low demand - intermittent
12005019006,美吾髮快速護髮染髮霜 80g 7號-自然黑褐,C,poisson,0.0952,0.3086,3.2404,2,low demand - intermittent
12005019008,美吾髮快速護髮染髮霜 80g,C,poisson,0.0952,0.3086,3.2404,2,low demand - intermittent
12005056001,美吾髮快速護髮染髮霜補充包,C,poisson,0.2381,0.488,2.0494,2,low demand - intermittent
12005056002,美吾髮快速護髮染髮霜補充包 5號-深栗,C,poisson,0.1905,0.4364,2.2913,2,low demand - intermittent
12005056003,美吾髮快速護髮染髮霜補充包 6號-自然褐,C,poisson,0.0952,0.3086,3.2404,2,low demand - intermittent
12005056004,美吾髮快速護髮染髮霜補充包 7號-自然黑褐,C,poisson,0.2381,0.488,2.0494,2,low demand - intermittent
12005072003,卡樂芙優質染髮霜 野莓紅,C,poisson,0.0476,0.2182,4.5826,2,low demand - intermittent
12005072005,卡樂芙優質染髮霜 金沙亞麻,C,poisson,0.0476,0.2182,4.5826,2,low demand - intermittent
12005072013,卡樂芙優質染髮霜 奶荼甜棕,C,poisson,0.0476,0.2182,4.5826,2,low demand - intermittent
12005082002,宣若EX染髮霜 玫瑰棕,C,poisson,0.0952,0.3086,3.2404,2,low demand - intermittent
12005082003,宣若EX染髮霜 淺栗棕,C,poisson,0.1905,0.4364,2.2913,2,low demand - intermittent
12005082004,宣若EX染髮霜 摩卡棕,C,poisson,0.1429,0.378,2.6458,2,low demand - intermittent
12005082006,宣若EX染髮霜 自然紅棕,C,poisson,0.0952,0.3086,3.2404,2,low demand - intermittent
12005082007,宣若EX染髮霜,C,poisson,0.2857,0.5345,1.8708,2,low demand - intermittent
12005082008,宣若EX染髮霜 紫紅棕,C,poisson,0.0476,0.2182,4.5826,2,low demand - intermittent
12005082009,宣若EX染髮霜 深栗棕,B,poisson,0.3333,0.5774,1.7321,2,medium demand - intermittent
12005082010,宣若EX染髮霜 深紅棕,C,poisson,0.0952,0.3086,3.2404,2,low demand - intermittent
12005082011,宣若EX染髮霜 深玫瑰棕,C,poisson,0.1429,0.378,2.6458,2,low demand - intermittent
12005082013,宣若EX染髮霜 深紫棕,C,poisson,0.0476,0.2182,4.5826,2,low demand - intermittent
12005082016,宣若EX染髮霜 深黑棕,C,poisson,0.1429,0.378,2.6458,2,low demand - intermittent
12005083002,美源男士染髮霜 自然黑,C,poisson,0.0476,0.2182,4.5826,2,low demand - intermittent
12005084001,美源花果香染髮霜 淺亮棕色,C,poisson,0.0476,0.2182,4.5826,2,low demand - intermittent
12005084002,美源花果香染髮霜 自然淺棕色,C,poisson,0.0476,0.2182,4.5826,2,low demand - intermittent
12005084004,美源花果香染髮霜 亮棕色,C,poisson,0.1905,0.4364,2.2913,2,low demand - intermittent
12005084005,美源花果香染髮霜 摩卡棕色,C,poisson,0.0476,0.2182,4.5826,2,low demand - intermittent
12005084006,美源花果香染髮霜 自然亮棕色,C,poisson,0.1429,0.378,2.6458,2,low demand - intermittent
12005084007,美源花果香染髮霜 棕色,C,poisson,0.1905,0.4364,2.2913,2,low demand - intermittent
12005084008,美源花果香染髮霜 深棕色,C,poisson,0.0952,0.3086,3.2404,2,low demand - intermittent
12005084009,美源花果香染髮霜 深栗棕,C,poisson,0.0476,0.2182,4.5826,2,low demand - intermittent
12005087001,莉婕頂級一按即梳染髮霜 5 深粟棕色,C,poisson,0.0952,0.3086,3.2404,2,low demand - intermittent
12005087003,莉婕頂級一按即梳染髮霜 4 栗子棕色,C,poisson,0.0952,0.3086,3.2404,2,low demand - intermittent
12005089004,美吾髮快速染髮霜超值組 7號自然黑褐,C,poisson,0.0476,0.2182,4.5826,2,low demand - intermittent
12005092002,HELLO BUBBLE 泡沫染髮劑 HB煙灰,C,poisson,0.0476,0.2182,4.5826,2,low demand - intermittent
12005092009,HELLO BUBBLE 泡沫染髮劑 HB褪色染髮劑,C,poisson,0.0476,0.2182,4.5826,2,low demand - intermittent
12005093001,莉婕泡沫染髮劑 棉花糖棕色,B,poisson,0.8571,0.9258,1.0801,2,medium demand - intermittent
12005093002,莉婕泡沫染髮劑,C,poisson,0.1429,0.378,2.6458,2,low demand - intermittent
12005093004,莉婕泡沫染髮劑 栗子棕色,B,poisson,0.8095,0.8997,1.1114,2,medium demand - intermittent
12005093005,莉婕泡沫染髮劑 巧克力棕色,B,poisson,0.4762,0.6901,1.4491,2,medium demand - intermittent
12005093007,莉婕泡沫染髮劑 冰沙亞麻灰色,B,poisson,0.619,0.7868,1.271,2,medium demand - intermittent
12005093008,莉婕泡沫染髮劑,B,poisson,0.5714,0.7559,1.3229,2,medium demand - intermittent
12005093010,莉婕泡沫染髮劑 自然黑色,C,poisson,0.0952,0.3086,3.2404,2,low demand - intermittent
12005107001,萊雅優媚霜三重護髮雙管染髮霜 優媚霜3深棕,C,poisson,0.0952,0.3086,3.2404,2,low demand - intermittent
12005107003,萊雅優媚霜三重護髮雙管染髮霜 優媚霜3.16,C,poisson,0.0476,0.2182,4.5826,2,low demand - intermittent
12005107006,萊雅優媚霜三重護髮雙管染髮霜 優媚霜5淺棕,C,poisson,0.0476,0.2182,4.5826,2,low demand - intermittent
12005107007,萊雅優媚霜三重護髮雙管染髮霜,C,poisson,0.0476,0.2182,4.5826,2,low demand - intermittent
12005108001,巴黎萊雅優媚霜三重護髮染髮霜 優媚霜1自然黑,C,poisson,0.1905,0.4364,2.2913,2,low demand - intermittent
12005108002,巴黎萊雅優媚霜三重護髮染髮霜 優媚霜3深棕,C,poisson,0.0952,0.3086,3.2404,2,low demand - intermittent
12005108003,巴黎萊雅優媚霜三重護髮染髮霜 優媚霜4自然棕,C,poisson,0.0952,0.3086,3.2404,2,low demand - intermittent
12005108006,巴黎萊雅優媚霜三重護髮染髮霜 優媚霜4.45,C,poisson,0.0476,0.2182,4.5826,2,low demand - intermittent
12005109003,美吾髮植優護髮染髮霜 6號自然深棕,C,poisson,0.0476,0.2182,4.5826,2,low demand - intermittent
12006001001,Drs Formula染前頭皮隔離液,C,poisson,0.0476,0.2182,4.5826,2,low demand - intermittent
12006020001,Caravan基礎系染髮梳,C,poisson,0.0476,0.2182,4.5826,2,low demand - intermittent
12006048001,Caravan基礎系雙齒距梳-大,C,poisson,0.0952,0.3086,3.2404,2,low demand - intermittent
12006059001,Caravan琥珀系極細齒尖尾梳-中,C,poisson,0.0476,0.2182,4.5826,2,low demand - intermittent
12006067001,Caravan原木頭皮護理氣墊梳,C,poisson,0.0476,0.2182,4.5826,2,low demand - intermittent
12006135001,Caravan直順抗靜電梳-大,C,poisson,0.0476,0.2182,4.5826,2,low demand - intermittent
12006144001,Caravan理髮剪,C,poisson,0.0476,0.2182,4.5826,2,low demand - intermittent
12010001001,綠的藥皂 綠的藥皂,B,poisson,0.619,0.7868,1.271,2,medium demand - intermittent
12010002001,茶樹莊園-茶樹抗菌洗手慕斯 茶樹,B,poisson,1.4762,1.215,0.8231,1,medium demand - volatile
12010003001,家福超柔軟潔手乳 300ML,C,poisson,0.0476,0.2182,4.5826,2,low demand - intermittent
12010004001,LCDP 棉花潔手乳,C,poisson,0.2381,0.488,2.0494,2,low demand - intermittent
12010008001,LCDP-N棉花潔手乳-補充包,C,poisson,0.0952,0.3086,3.2404,2,low demand - intermittent
12010010001,綠的潔手乳-抗菌配方 綠的潔手乳-加侖,B,poisson,0.5714,0.7559,1.3229,2,medium demand - intermittent
12010013001,綠的潔手乳 潔手乳1+1,B,poisson,0.9048,0.9512,1.0513,2,medium demand - intermittent
12010019001,茶樹莊園-茶樹檸檬抗菌洗手慕斯 茶樹檸檬,B,poisson,0.4762,0.6901,1.4491,2,medium demand - intermittent
12010020001,花王香皂禮盒- 優雅花香 花王香皂- 花香,B,poisson,1.619,1.2724,0.7859,1,medium demand - volatile
12010022001,雪芙蘭柔膚香皂,B,poisson,0.619,0.7868,1.271,2,medium demand - intermittent
12010023001,棕欖香皂 牛奶嫩膚配方,C,poisson,0.0952,0.3086,3.2404,2,low demand - intermittent
12010023002,棕欖香皂 蘆薈保濕配方,B,poisson,1.6667,1.291,0.7746,1,medium demand - volatile
12010025001,家福衛生泡沫潔手乳 300ML,C,poisson,0.1905,0.4364,2.2913,2,low demand - intermittent
12010026001,牛乳石鹼牛乳香皂(紅盒) 牛乳紅盒,B,poisson,0.4286,0.6547,1.5275,2,medium demand - intermittent
12010034001,澳洲NATM精油香皂-清檸羅勒與柑橘 清檸精油香皂,C,poisson,0.1429,0.378,2.6458,2,low demand - intermittent
12010035001,家福衛生深層泡沫潔手乳 300ML,B,poisson,0.381,0.6172,1.6202,2,medium demand - intermittent
12010036001,麗仕持久香氛皂-媚惑幽香 媚惑幽香,B,normal,1.0952,1.1086,1.0122,2,medium demand - intermittent
12010037001,麗仕柔膚香氛皂-水嫩柔膚 水嫩柔膚,B,poisson,1.381,1.1751,0.851,1,medium demand - volatile
12010040001,櫻桃牛乳香皂 櫻桃牛乳香皂,B,poisson,0.3333,0.5774,1.7321,2,medium demand - intermittent
12010041001,美國Ivory蘆薈香皂3入,B,normal,1.8571,1.3197,0.7106,1,medium demand - volatile
12010042001,美國Ivory香皂3入,B,poisson,1.0952,1.0465,0.9555,1,medium demand - volatile
12010049001,美國Ivory原味香皂(10入),B,poisson,0.619,0.7868,1.271,2,medium demand - intermittent
12010051001,美國Ivory蘆薈香皂(10入),C,poisson,0.2857,0.5345,1.8708,2,low demand - intermittent
12010052001,沙威隆經典抗菌皂 沙威隆抗菌皂,C,poisson,0.2381,0.488,2.0494,2,low demand - intermittent
12010053001,巴黎美妝馬賽香皂-橄欖檸檬,B,poisson,0.5238,0.7237,1.3817,2,medium demand - intermittent
12010054001,Biore抗菌洗手慕絲補充瓶-自然清香 清甜柚子香,B,poisson,0.619,0.7868,1.271,2,medium demand - intermittent
12010055001,澳洲NATM精油香皂-卡卡度果與粉紅百莓果精油香皂,B,poisson,0.3333,0.5774,1.7321,2,medium demand - intermittent
12010058001,彎彎全效控油皂-白麝香 亞馬遜白泥,C,poisson,0.0476,0.2182,4.5826,2,low demand - intermittent
12010059001,美琪樂皂,B,normal,1.1905,1.2196,1.0245,2,medium demand - intermittent
12010060001,彎彎浴皂,C,poisson,0.2381,0.488,2.0494,2,low demand - intermittent
12010062001,彎彎淨化毛孔皂-茶樹 黑纖竹炭,C,poisson,0.0952,0.3086,3.2404,2,low demand - intermittent
12010065001,澳洲NATM精油香皂-羊奶 羊奶精油香皂,B,poisson,0.4286,0.6547,1.5275,2,medium demand - intermittent
12010067001,澳洲NATM精油香皂-活性碳 活性碳精油香皂,B,poisson,0.3333,0.5774,1.7321,2,medium demand - intermittent
12010068001,澳洲NATM精油香皂-玫瑰洋甘菊 玫瑰精油香皂,B,poisson,0.7143,0.8452,1.1832,2,medium demand - intermittent
12010069001,巴黎美妝馬賽潔手露-羅勒檸檬,B,poisson,0.4286,0.6547,1.5275,2,medium demand - intermittent
12010071001,美琪天然T3抗菌洗手乳,B,poisson,0.7143,0.8452,1.1832,2,medium demand - intermittent
12010072001,Citra香皂(粉紅)-珍珠淨白 香皂(粉紅)珍珠,C,poisson,0.0952,0.3086,3.2404,2,low demand - intermittent
12010074001,牛乳石鹼牛乳香皂(藍盒) 牛乳藍盒,B,poisson,0.5714,0.7559,1.3229,2,medium demand - intermittent
12010077001,澳洲NATM精油香皂-薰衣草,B,poisson,0.4286,0.6547,1.5275,2,medium demand - intermittent
12010079001,澳洲NATM精油香皂-海鹽 海鹽精油香皂,C,poisson,0.2381,0.488,2.0494,2,low demand - intermittent
12010080001,麗仕煥活香氛皂-煥活冰爽 煥活冰爽,B,normal,1.2381,1.2688,1.0248,2,medium demand - intermittent
12010081001,Citra香皂(綠)-無暇淨白 香皂(綠)山茶花,C,poisson,0.1429,0.378,2.6458,2,low demand - intermittent
12010082001,快潔適小黃鴨抑菌洗手慕絲 甜蜜厞香,C,poisson,0.0476,0.2182,4.5826,2,low demand - intermittent
12010084001,澳洲NATM精油香皂-檸檬草,B,poisson,0.6667,0.8165,1.2247,2,medium demand - intermittent
12010085001,巴黎美妝潔手乳-粉紅葡萄柚補充包,C,poisson,0.0952,0.3086,3.2404,2,low demand - intermittent
12010095001,LCS杏仁牛奶潔手乳,C,poisson,0.0476,0.2182,4.5826,2,low demand - intermittent
12010096001,LCS杏仁牛奶潔手乳-補充包,C,poisson,0.0476,0.2182,4.5826,2,low demand - intermittent
12010097001,Caprina山羊奶滋養皂-經典原味 經典原味,C,poisson,0.0476,0.2182,4.5826,2,low demand - intermittent
12010098001,Medimix美姬仕百年經典美膚皂 百年經典,C,poisson,0.0476,0.2182,4.5826,2,low demand - intermittent
12010102001,Medimix美姬仕草本精萃皂 草本精萃皂淺綠,C,poisson,0.0476,0.2182,4.5826,2,low demand - intermittent
12010103001,美琪抗菌T3洗手慕斯滋養補充瓶 美琪滋養補充瓶,C,poisson,0.2381,0.488,2.0494,2,low demand - intermittent
12010105001,家福薰衣草香氛精油皂,C,poisson,0.1905,0.4364,2.2913,2,low demand - intermittent
12010106001,家福玫瑰香氛精油皂,B,poisson,0.3333,0.5774,1.7321,2,medium demand - intermittent
12010107001,家福蘆薈香氛精油皂 蘆薈香氛精油皂,C,poisson,0.1905,0.4364,2.2913,2,low demand - intermittent
12010110001,依必朗抗菌洗手露 依必朗洗手露,A,poisson,3.5714,1.8898,0.5292,1,high demand - volatile
12010113001,美琪抗菌T3洗手慕斯 美琪洗手慕斯,B,poisson,0.5238,0.7237,1.3817,2,medium demand - intermittent
12010118001,台鹽蓓舒美海鹽抗菌洗手露,B,poisson,0.3333,0.5774,1.7321,2,medium demand - intermittent
12010119001,艾瑪花園檸檬馬鞭草馬賽液態皂 馬鞭草液態皂,C,poisson,0.1429,0.378,2.6458,2,low demand - intermittent
12010120001,依必朗抗菌洗手露 依必朗洗手露,B,poisson,1.0952,1.0465,0.9555,1,medium demand - volatile
12010121001,快潔適貓熊抑菌洗手乳 貓熊抗菌洗手乳,C,poisson,0.0952,0.3086,3.2404,2,low demand - intermittent
12010122001,艾瑪花園蜂王乳青春馬賽液態皂 蜂王乳液態皂,C,poisson,0.0476,0.2182,4.5826,2,low demand - intermittent
12010123001,OP天然茶酚洗手慕絲-敏弱性 OP洗手敏弱性,C,poisson,0.2381,0.488,2.0494,2,low demand - intermittent
12010124001,OP天然茶酚洗手慕絲深層抗菌 OP抗菌洗手,C,poisson,0.1905,0.4364,2.2913,2,low demand - intermittent
12010135001,蒂沐蝶抗菌植萃洗手露-水漾微風 抗菌洗手乳水漾,C,poisson,0.0952,0.3086,3.2404,2,low demand - intermittent
12010137001,美琪抗菌洗手乳-淨萃青桔 美琪青桔洗手乳,A,poisson,2.7143,1.6475,0.607,1,high demand - volatile
12010140001,雅蓮碧美體入浴劑-膠原蛋白 雅蓮碧入浴劑,C,poisson,0.0476,0.2182,4.5826,2,low demand - intermittent
12010144001,綠的抗菌皂-茶樹清香 抗菌皂-茶樹,B,poisson,0.9524,0.9759,1.0247,2,medium demand - intermittent
12010145001,美琪抗菌皂茶樹6入裝 美琪茶樹皂6入,B,poisson,0.3333,0.5774,1.7321,2,medium demand - intermittent
12010147001,臺灣茶摳-鳶尾花潤澤滋養皂 鳶尾花潤澤,C,poisson,0.0476,0.2182,4.5826,2,low demand - intermittent
12010148001,臺灣茶摳-小蒼蘭水漾滋養皂 小蒼蘭水樣,C,poisson,0.0476,0.2182,4.5826,2,low demand - intermittent
12010149001,臺灣茶摳-桃花嫩白滋養皂 桃花嫩白,C,poisson,0.0952,0.3086,3.2404,2,low demand - intermittent
12010153001,滴露滋潤倍護潔手液,C,poisson,0.1429,0.378,2.6458,2,low demand - intermittent
12010156001,滴露經典松木香皂 經典松木,C,poisson,0.0476,0.2182,4.5826,2,low demand - intermittent
12010161001,依必朗健康柔膚皂 健康柔膚皂,C,poisson,0.0952,0.3086,3.2404,2,low demand - intermittent
12010163001,多芬滋養柔嫩潔膚塊 多芬滋養潔膚塊,B,poisson,0.619,0.7868,1.271,2,medium demand - intermittent
12010170001,蜂王無患子淨白皂,C,poisson,0.1429,0.378,2.6458,2,low demand - intermittent
12010171001,蜂王珍珠檀香皂 珍珠檀香皂,C,poisson,0.1905,0.4364,2.2913,2,low demand - intermittent
12010172001,蜂王黑砂糖香皂4+1蘆薈皂 黑砂糖+蘆薈,C,poisson,0.2381,0.488,2.0494,2,low demand - intermittent
12010173001,清淨海環保洗手乳,B,poisson,0.3333,0.5774,1.7321,2,medium demand - intermittent
12010175001,滴露清新柑橘香皂 清新柑橘,C,poisson,0.0476,0.2182,4.5826,2,low demand - intermittent
12010176001,滴露滋潤倍護香皂 滋潤倍護,C,poisson,0.0952,0.3086,3.2404,2,low demand - intermittent
12010178001,快潔適小黃鴨抑菌洗手慕絲補充包 小黃鴨洗手補包,C,poisson,0.1429,0.378,2.6458,2,low demand - intermittent
12010180001,戴奧飛波登馬賽皂,C,poisson,0.0476,0.2182,4.5826,2,low demand - intermittent
12010192001,沙威隆茶樹精油抗菌潔淨洗手乳 沙威隆洗手乳,B,poisson,0.9524,0.9759,1.0247,2,medium demand - intermittent
12010193001,日本獅王趣淨洗手慕斯-清爽柑橘 清爽柑橘,C,poisson,0.1429,0.378,2.6458,2,low demand - intermittent
12010194001,小橄欖樹草本極致滋潤香皂-乳油木 乳油木,C,poisson,0.0476,0.2182,4.5826,2,low demand - intermittent
12010196001,蒂沐蝶抗菌植萃洗手露-清新花語 抗菌洗手乳花語,C,poisson,0.1429,0.378,2.6458,2,low demand - intermittent
12010198001,日本獅王洗手慕斯補充包-柑橘 清爽柑橘,B,normal,1.0952,0.8109,0.7404,1,medium demand - volatile
12010200001,台鹽蓓舒美海鹽淨膚皂三入裝 海鹽淨膚皂,C,poisson,0.1905,0.4364,2.2913,2,low demand - intermittent
12010201001,比佛利美容香皂(六塊裝) 比佛利香皂,C,poisson,0.1429,0.378,2.6458,2,low demand - intermittent
12010206001,沙威隆抗菌洗手慕斯-清新草本薄荷 草本薄荷,C,poisson,0.0476,0.2182,4.5826,2,low demand - intermittent
12010207001,白博士抗菌洗手乳2kg,C,poisson,0.1905,0.4364,2.2913,2,low demand - intermittent
12010209001,白博士抗菌洗手乳500g,B,poisson,0.8571,0.9258,1.0801,2,medium demand - intermittent
12010213001,美琪抗菌皂白麝香6入裝 美琪白麝皂6入,B,poisson,0.3333,0.5774,1.7321,2,medium demand - intermittent
12010214001,蜂王蘆薈潤膚皂 蘆薈皂,C,poisson,0.0476,0.2182,4.5826,2,low demand - intermittent
12010221001,小橄欖樹草本極致滋潤香皂-薰衣草 薰衣草,C,poisson,0.0476,0.2182,4.5826,2,low demand - intermittent
12010229001,印度Medimix檀香美肌皂,C,poisson,0.1429,0.378,2.6458,2,low demand - intermittent
12010234001,美琪抗菌洗手乳-玫瑰果萃 1加侖 玫瑰果萃 1加侖,A,poisson,2.4286,1.5584,0.6417,1,high demand - volatile
12010243001,美琪抗菌皂草本6入裝 美琪草本皂6入,C,poisson,0.0952,0.3086,3.2404,2,low demand - intermittent
12010249001,雅蓮碧入浴劑吉野櫻40g 雅蓮碧吉野櫻,C,poisson,0.0476,0.2182,4.5826,2,low demand - intermittent
12010254001,綠的藥皂-消毒殺菌味 消毒殺菌味,C,poisson,0.1905,0.4364,2.2913,2,low demand - intermittent
12010261001,雅蓮碧美體入浴劑-小蒼蘭 小蒼蘭,C,poisson,0.0476,0.2182,4.5826,2,low demand - intermittent
12010262001,沙威隆抗菌潔淨洗手乳-青檸尤加利 沙威隆洗手青檸,B,normal,1.0476,0.95,0.9068,1,medium demand - volatile
12010263001,Biore抗菌洗手慕絲花型 洗手慕絲花型,C,poisson,0.1429,0.378,2.6458,2,low demand - intermittent
12010897001,巴黎美妝馬賽香皂-羅勒哈密瓜,C,poisson,0.2381,0.488,2.0494,2,low demand - intermittent
12010999001,巴黎美妝潔手乳-覆盆子牡丹,C,poisson,0.0952,0.3086,3.2404,2,low demand - intermittent
12011003001,Mens Biore 沐浴乳-麝香清新 男性專用,B,poisson,0.7143,0.8452,1.1832,2,medium demand - intermittent
12011005001,澎澎元氣炭控油沐浴乳補充包,B,poisson,0.5238,0.7237,1.3817,2,medium demand - intermittent
12011006001,On The Body SPA沐浴露-阿拉斯加,C,poisson,0.0476,0.2182,4.5826,2,low demand - intermittent
12011007001,澡享沐浴乳-原味清香添加胺基酸,C,poisson,0.1905,0.4364,2.2913,2,low demand - intermittent
12011009001,巴黎美妝黑苺歡欣沐浴露,C,poisson,0.0476,0.2182,4.5826,2,low demand - intermittent
12011011001,澎澎 激酷沐浴乳 澎澎 激酷沐浴乳,C,poisson,0.1905,0.4364,2.2913,2,low demand - intermittent
12011014001,Farcent香水沐浴露補充包-真我星夜 沐浴(補)星夜,C,poisson,0.2381,0.488,2.0494,2,low demand - intermittent
12011018001,澡享雪松白麝香沐浴乳補充包,B,poisson,0.4286,0.6547,1.5275,2,medium demand - intermittent
12011019001,植簡舒敏柔潤沐浴露 舒敏柔潤,C,poisson,0.0476,0.2182,4.5826,2,low demand - intermittent
12011022001,嬌生PH 5.5沐浴乳--一般,B,poisson,0.9048,0.9512,1.0513,2,medium demand - intermittent
12011024001,詩波蜜柔沐浴乳柑橘香(清爽型) 柑橘香(清爽,C,poisson,0.0476,0.2182,4.5826,2,low demand - intermittent
12011025001,詩波蜜柔沐浴乳花果香(滋潤型) 花果香(滋潤,C,poisson,0.0952,0.3086,3.2404,2,low demand - intermittent
12011032001,牛乳石鹼精華沐浴乳補充包柚子 牛乳補柚子果香,C,poisson,0.2381,0.488,2.0494,2,low demand - intermittent
12011033001,超值薰衣草沐浴乳,A,poisson,3.5238,1.8772,0.5327,1,high demand - volatile
12011034001,麗仕精油香氛沐浴乳媚惑幽香 媚惑幽香,C,poisson,0.1429,0.378,2.6458,2,low demand - intermittent
12011038001,澡享白茶沐浴乳補充包,C,poisson,0.0476,0.2182,4.5826,2,low demand - intermittent
12011039001,植簡清爽潔淨沐浴露 清爽潔淨,C,poisson,0.0476,0.2182,4.5826,2,low demand - intermittent
12011042001,澡享甘橙花梨木沐浴乳,B,poisson,0.5714,0.7559,1.3229,2,medium demand - intermittent
12011047001,嚕啦啦燕麥保濕舒敏沐浴乳,C,poisson,0.0476,0.2182,4.5826,2,low demand - intermittent
12011050001,嚕啦啦玫瑰香氛沐浴乳,C,poisson,0.2381,0.488,2.0494,2,low demand - intermittent
12011051001,澎澎香浴乳--倍潤保濕型 活泉保濕型,C,poisson,0.2857,0.5345,1.8708,2,low demand - intermittent
12011056001,EAU耀香水沐浴乳-海島風情 耀沐浴海島風情,B,poisson,1.2381,1.1127,0.8987,1,medium demand - volatile
12011057001,牛乳石鹼精華沐浴乳補充包皂香 牛乳補清新皂香,C,poisson,0.1429,0.378,2.6458,2,low demand - intermittent
12011058001,沙威隆抗菌潔淨沐浴乳-綠茶精萃 綠茶精萃,B,poisson,0.9048,0.9512,1.0513,2,medium demand - intermittent
12011060001,綠的綠茶抗菌沐浴乳 綠茶抗菌沐浴乳,C,poisson,0.2381,0.488,2.0494,2,low demand - intermittent
12011061001,雪芙蘭美肌SPA沐浴乳檸檬草抗菌 檸檬草抗菌,C,poisson,0.0952,0.3086,3.2404,2,low demand - intermittent
12011062001,MENs Biore 控油體香沐浴乳 控油體香沐浴乳,B,poisson,0.4286,0.6547,1.5275,2,medium demand - intermittent
12011063001,多芬薰衣草舒緩清潤沐浴乳 多芬薰衣草沐浴,C,poisson,0.2857,0.5345,1.8708,2,low demand - intermittent
12011065001,澎澎元氣炭控油沐浴乳 澎澎元氣炭沐浴,B,poisson,1.0952,1.0465,0.9555,1,medium demand - volatile
12011067001,麗仕植然香氛沐浴露-深層淨化 深層淨化,B,normal,1.2857,0.8806,0.6849,1,medium demand - volatile
12011068001,澎澎香浴乳-漾采緊緻型 漾采緊緻,B,poisson,0.5238,0.7237,1.3817,2,medium demand - intermittent
12011069001,Mens Biore 沐浴乳-茶樹清爽 茶樹元氣,B,poisson,0.7143,0.8452,1.1832,2,medium demand - intermittent
12011074001,多芬滋養柔嫩沐浴乳 滋養柔嫩,B,poisson,0.4286,0.6547,1.5275,2,medium demand - intermittent
12011075001,澎澎香浴乳--水嫩清爽型 水漾清爽型,B,poisson,2.1429,1.4639,0.6831,1,medium demand - volatile
12011076001,EAU耀 湛藍微風沐浴乳補充包 耀湛藍微風補充,C,poisson,0.1429,0.378,2.6458,2,low demand - intermittent
12011079001,牛乳石鹼美肌保濕沐浴乳補愉悅 牛乳補愉悅花香,C,poisson,0.2381,0.488,2.0494,2,low demand - intermittent
12011080001,沙威隆抗菌潔淨沐浴乳-天然白茶精萃 天然白茶精萃,C,poisson,0.1429,0.378,2.6458,2,low demand - intermittent
12011084001,麗仕精油香氛沐浴乳日本櫻花 麗仕櫻花沐浴乳,B,poisson,0.619,0.7868,1.271,2,medium demand - intermittent
12011085001,澎澎香浴乳--亮澤滋潤型 亮澤滋潤型,B,poisson,1.2857,1.1339,0.8819,1,medium demand - volatile
12011088001,蜜妮高彈潤沐浴慕絲-優雅花香,C,poisson,0.1429,0.378,2.6458,2,low demand - intermittent
12011093001,白雪檀香沐浴乳-乳沐果油,C,poisson,0.0476,0.2182,4.5826,2,low demand - intermittent
12011094001,莎啦莎啦抗菌沐浴乳撩心木蘭香 莎啦撩心木蘭香,C,poisson,0.2857,0.5345,1.8708,2,low demand - intermittent
12011096001,多芬溫和去角質沐浴乳 溫和去角質,C,poisson,0.1905,0.4364,2.2913,2,low demand - intermittent
12011097001,麗仕植然香氛沐浴露-平衡舒緩 平衡舒緩,C,poisson,0.0952,0.3086,3.2404,2,low demand - intermittent
12011098001,快潔適熊熊遇見你沐浴露 水潤清新,C,poisson,0.0476,0.2182,4.5826,2,low demand - intermittent
12011100001,澎澎香浴乳煥膚亮白型補充包,C,poisson,0.1905,0.4364,2.2913,2,low demand - intermittent
12011101001,多芬舒敏溫和感沐浴乳 舒敏溫和,C,poisson,0.0952,0.3086,3.2404,2,low demand - intermittent
12011102001,麗仕清爽沐浴乳-青檸橙花 青檸橙花,B,poisson,0.5238,0.7237,1.3817,2,medium demand - intermittent
12011103001,澎澎Soft胺基酸修護沐浴露 胺基酸修護,C,poisson,0.1429,0.378,2.6458,2,low demand - intermittent
12011105001,多芬櫻花香氛清潤沐浴乳 多芬櫻花香氛沐,C,poisson,0.2381,0.488,2.0494,2,low demand - intermittent
12011108001,澎澎香浴乳補充包--美白玫瑰氛 美白玫瑰香氛,B,poisson,0.5714,0.7559,1.3229,2,medium demand - intermittent
12011109001,Biore淨嫩沐浴乳淨亮光澤型 大島山茶花,B,poisson,1.0476,1.0235,0.977,1,medium demand - volatile
12011110001,澎澎MAN抗都會汙染沐浴乳 抗都會汙染,C,poisson,0.0952,0.3086,3.2404,2,low demand - intermittent
12011111001,施巴5.5橄欖潔膚露 橄欖潔膚露,C,poisson,0.1905,0.4364,2.2913,2,low demand - intermittent
12011113001,澎澎香浴乳補充包--水嫩清爽型,B,poisson,2.0476,1.431,0.6988,1,medium demand - volatile
12011114001,澎澎香浴乳補充包--亮澤滋潤型,B,poisson,1.9048,1.3801,0.7246,1,medium demand - volatile
12011115001,澎澎香浴乳補充包--倍潤保濕型 活泉保濕型,B,poisson,0.4286,0.6547,1.5275,2,medium demand - intermittent
12011116001,多芬玫瑰水嫩清潤沐浴乳 多芬玫瑰水嫩沐,C,poisson,0.1429,0.378,2.6458,2,low demand - intermittent
12011117001,曼秀雷敦Acnes抗痘沐浴乳 抗痘沐浴乳,C,poisson,0.2857,0.5345,1.8708,2,low demand - intermittent
12011118001,澎澎Soft親膚舒緩沐浴乳,C,poisson,0.2381,0.488,2.0494,2,low demand - intermittent
12011120001,麗仕媚惑幽香沐浴乳補充包 媚惑幽香,C,poisson,0.2857,0.5345,1.8708,2,low demand - intermittent
12011122001,BDM滋潤溫和潔膚露 1L Bio潔膚露,C,poisson,0.0476,0.2182,4.5826,2,low demand - intermittent
12011123001,專科超微米沐浴乳-清新花香 超微米沐浴花香,C,poisson,0.0476,0.2182,4.5826,2,low demand - intermittent
12011126001,多芬清爽水嫩清潤沐浴乳 多芬清爽水嫩沐,C,poisson,0.0952,0.3086,3.2404,2,low demand - intermittent
12011131001,多芬滋養柔嫩沐浴乳補充包 滋養柔嫩,C,poisson,0.0952,0.3086,3.2404,2,low demand - intermittent
12011133001,Farcent香水胺基酸沐浴露-絲滑白麝香 白麝香,C,poisson,0.2381,0.488,2.0494,2,low demand - intermittent
12011134001,家福香草沐浴露 500ML,C,poisson,0.0952,0.3086,3.2404,2,low demand - intermittent
12011136001,淨嫩沐浴乳淨亮光澤補充包 大島山茶花香,B,poisson,0.8571,0.9258,1.0801,2,medium demand - intermittent
12011139001,曼秀雷敦海洋清爽沐浴乳 海洋清爽,C,poisson,0.1905,0.4364,2.2913,2,low demand - intermittent
12011140001,莎啦莎啦沐浴乳-玫瑰 玫瑰嫩白,C,poisson,0.0476,0.2182,4.5826,2,low demand - intermittent
12011142001,曼秀雷敦草本制菌沐浴乳,C,poisson,0.0476,0.2182,4.5826,2,low demand - intermittent
12011144001,EAU耀香水沐浴乳-花舞奇緣,B,poisson,0.8571,0.9258,1.0801,2,medium demand - intermittent
12011147001,麗仕植然光澤透亮精油香氛沐浴露 光澤透亮,B,poisson,0.3333,0.5774,1.7321,2,medium demand - intermittent
12011148001,麗仕植然香氛沐浴露-保濕煥活 保濕煥活,B,poisson,0.5238,0.7237,1.3817,2,medium demand - intermittent
12011150001,EAU耀 香水沐浴乳-湛藍微風,B,poisson,0.5238,0.7237,1.3817,2,medium demand - intermittent
12011152001,綠的潔膚劑 綠的潔膚劑,C,poisson,0.1905,0.4364,2.2913,2,low demand - intermittent
12011153001,雪芙蘭美肌SPA綠茶清新補充包 綠茶清新,C,poisson,0.1905,0.4364,2.2913,2,low demand - intermittent
12011156001,美吾髮小蒼蘭梨萃香水沐浴露 小蒼蘭梨沐浴露,C,poisson,0.1905,0.4364,2.2913,2,low demand - intermittent
12011158002,澎澎淨化沐浴乳-茶樹精油 茶樹精油淨化沐,C,poisson,0.2857,0.5345,1.8708,2,low demand - intermittent
12011161001,Biore極緻精華油沐浴露-白茶 白茶與海鹽,C,poisson,0.1429,0.378,2.6458,2,low demand - intermittent
12011163001,嬌生PH 5.5沐浴乳 二合一潤膚,B,poisson,0.6667,0.8165,1.2247,2,medium demand - intermittent
12011165001,依必朗抗菌沐浴露--保濕洋甘菊 保濕洋甘菊,B,poisson,0.619,0.7868,1.271,2,medium demand - intermittent
12011166001,依必朗抗菌沐浴露--清爽健康 清爽健康,C,poisson,0.2381,0.488,2.0494,2,low demand - intermittent
12011168001,超值玫瑰沐浴乳,A,poisson,3.1429,1.7728,0.5641,1,high demand - volatile
12011169001,EAU耀 香水沐浴乳-百花霓裳 百花霓裳,B,poisson,0.6667,0.8165,1.2247,2,medium demand - intermittent
12011171001,EAU耀 香水沐浴乳-沁寧晨露 沁寧晨露,C,poisson,0.2381,0.488,2.0494,2,low demand - intermittent
12011172001,綠的抗菌沐浴乳--洋甘菊 抗菌沐浴乳,B,poisson,0.619,0.7868,1.271,2,medium demand - intermittent
12011173001,綠的抗菌沐浴乳--百里香 抗菌沐浴乳,C,poisson,0.0476,0.2182,4.5826,2,low demand - intermittent
12011174001,牛乳石鹼美肌保濕沐浴乳-花香 優雅花香,C,poisson,0.0952,0.3086,3.2404,2,low demand - intermittent
12011175001,沛特斯薰衣草滋潤沐浴乳 薰衣草沐浴乳,C,poisson,0.1905,0.4364,2.2913,2,low demand - intermittent
12011176001,綠的抗菌沐浴露--橄欖葉 1L 抗菌沐浴露,B,poisson,0.619,0.7868,1.271,2,medium demand - intermittent
12011177001,莎啦莎啦小蒼蘭香氛沐浴乳,C,poisson,0.0952,0.3086,3.2404,2,low demand - intermittent
12011178001,美琪抗菌沐浴乳(杏桃花與蜂蜜) 杏桃花與蜂蜜,C,poisson,0.1905,0.4364,2.2913,2,low demand - intermittent
12011179001,綠的抗菌沐浴乳-綠茶 加侖 綠的-綠茶加侖,C,poisson,0.1905,0.4364,2.2913,2,low demand - intermittent
12011182001,MENS Biore 髮顏體潔淨露-草本,C,poisson,0.0952,0.3086,3.2404,2,low demand - intermittent
12011184001,麗仕清爽沐浴乳煥活冰爽 煥活冰爽,C,poisson,0.2857,0.5345,1.8708,2,low demand - intermittent
12011186001,綠的男性抗菌沐浴乳-清爽麝香 男性運動,C,poisson,0.1429,0.378,2.6458,2,low demand - intermittent
12011188001,Biore極緻精華油沐浴露-白桃 白桃與粉玫瑰,C,poisson,0.1905,0.4364,2.2913,2,low demand - intermittent
12011189001,澎澎香浴乳-美白玫瑰香氛,B,poisson,0.619,0.7868,1.271,2,medium demand - intermittent
12011191001,淨男士平衡控油沐浴露活力運動 淨沐浴露活力,C,poisson,0.1429,0.378,2.6458,2,low demand - intermittent
12011192001,沛特斯忍冬玫瑰水嫩沐浴乳 忍冬玫瑰沐浴乳,C,poisson,0.1429,0.378,2.6458,2,low demand - intermittent
12011195001,家福水蜜桃沐浴露 250ML,C,poisson,0.0476,0.2182,4.5826,2,low demand - intermittent
12011196001,麗仕絲蛋白精華沐浴乳水嫩柔膚 水嫩柔膚,C,poisson,0.2381,0.488,2.0494,2,low demand - intermittent
12011198001,Biore極緻精華油沐浴乳-紫丁香 紫丁香與風鈴草,C,poisson,0.1905,0.4364,2.2913,2,low demand - intermittent
12011199001,澡享白茶沐浴乳,B,normal,1.0476,1.0455,0.9979,1,medium demand - volatile
12011204001,水平衡香水沐浴乳-繽紛馬卡龍 繽紛馬卡龍,C,poisson,0.0476,0.2182,4.5826,2,low demand - intermittent
12011206001,淨嫩沐浴乳寵愛潤澤補充包 千葉玫瑰,B,poisson,0.7619,0.8729,1.1456,2,medium demand - intermittent
12011207001,巴黎美妝佛手柑煥活沐浴露,C,poisson,0.0952,0.3086,3.2404,2,low demand - intermittent
12011210001,澡享玫瑰風信子沐浴乳,B,poisson,0.5238,0.7237,1.3817,2,medium demand - intermittent
12011212001,美國Ivory潤膚沐浴乳30FL OZ,C,poisson,0.0952,0.3086,3.2404,2,low demand - intermittent
12011213001,美吾髮馬鞭草柚香清新沐浴露 馬鞭草沐浴露,C,poisson,0.2857,0.5345,1.8708,2,low demand - intermittent
12011215001,嬌生PH5.5 蜂蜜舒緩沐浴乳 蜂蜜舒緩沐浴乳,B,poisson,0.4762,0.6901,1.4491,2,medium demand - intermittent
12011216001,嬌生pH5.5 杏仁保濕沐浴乳 杏仁保濕沐浴乳,C,poisson,0.1905,0.4364,2.2913,2,low demand - intermittent
12011220001,麗仕水嫩柔膚沐浴乳補充包 水嫩柔膚,C,poisson,0.1429,0.378,2.6458,2,low demand - intermittent
12011221001,美吾髮琥珀檀香雪松精油沐浴露 琥珀檀香沐浴露,B,poisson,0.4286,0.6547,1.5275,2,medium demand - intermittent
12011226001,麗仕精油香氛沐浴乳浪漫怡香 浪漫怡香,C,poisson,0.1429,0.378,2.6458,2,low demand - intermittent
12011228001,澎澎香浴乳-肌Q彈潤型 巴黎小香風,C,poisson,0.1429,0.378,2.6458,2,low demand - intermittent
12011230001,美琪抗菌沐浴乳(白麝香) 美琪沐浴乳麝香,B,poisson,0.619,0.7868,1.271,2,medium demand - intermittent
12011231001,牛乳石鹼美肌保濕沐浴乳補充包 優雅花香補充包,C,poisson,0.1429,0.378,2.6458,2,low demand - intermittent
12011233001,Farcent香水沐浴露補充包-同名花語 沐浴(補)花語,C,poisson,0.1429,0.378,2.6458,2,low demand - intermittent
12011235001,雪芙蘭美肌SPA檸檬草抗菌補充包 檸檬草抗菌,B,poisson,0.381,0.6172,1.6202,2,medium demand - intermittent
12011237001,嚕啦啦鈴蘭香氛沐浴乳 嚕啦香氛沐浴乳,B,poisson,1.0476,1.0235,0.977,1,medium demand - volatile
12011238001,嚕啦啦百里香清新沐浴乳 嚕啦清新沐浴乳,B,poisson,0.4286,0.6547,1.5275,2,medium demand - intermittent
12011239001,Biore極緻精華油沐浴乳-迷迭香 迷迭香與橙花,C,poisson,0.1429,0.378,2.6458,2,low demand - intermittent
12011240001,淨男士平衡控油沐浴露深層控油 淨沐浴露控油,C,poisson,0.1429,0.378,2.6458,2,low demand - intermittent
12011241002,Farcent香水胺基酸沐浴露季節限定 罌粟花,C,poisson,0.1429,0.378,2.6458,2,low demand - intermittent
12011243001,綠的抗菌沐浴露-蘋果玫瑰 蘋果玫瑰,C,poisson,0.2381,0.488,2.0494,2,low demand - intermittent
12011244001,沙威隆抗菌潔淨沐浴乳-琥珀雪松 琥珀雪松,B,poisson,0.8095,0.8997,1.1114,2,medium demand - intermittent
12011247001,清淨海環保沐浴乳 環保沐浴乳,C,poisson,0.0952,0.3086,3.2404,2,low demand - intermittent
12011248001,MARO終極全效沐浴乳 全效,C,poisson,0.0476,0.2182,4.5826,2,low demand - intermittent
12011249001,菲蘇德美水潤沐浴乳 水潤,C,poisson,0.1429,0.378,2.6458,2,low demand - intermittent
12011251001,Biore淨嫩沐浴乳清新清爽型 靜岡綠茶,B,poisson,0.619,0.7868,1.271,2,medium demand - intermittent
12011252001,Biore淨嫩沐浴乳浪漫保濕型,B,poisson,0.8095,0.8997,1.1114,2,medium demand - intermittent
12011254001,淨嫩沐浴乳浪漫保濕補充包,B,normal,1.2857,1.0754,0.8364,1,medium demand - volatile
12011255001,淨嫩沐浴乳清新清爽補充包 靜岡綠茶,B,normal,1.0952,0.9209,0.8408,1,medium demand - volatile
12011257001,莎啦莎啦沐浴乳玫瑰嫩白補充包,B,poisson,0.381,0.6172,1.6202,2,medium demand - intermittent
12011262001,綠的抗菌沐浴乳-百里香精油加侖桶 百里香加侖桶,B,poisson,0.3333,0.5774,1.7321,2,medium demand - intermittent
12011263001,依必朗香氛沐浴乳-清新小蒼蘭 沐浴乳小蒼蘭,B,poisson,0.5238,0.7237,1.3817,2,medium demand - intermittent
12011264001,美琪抗菌沐浴乳(海洋) 美琪沐浴乳海洋,C,poisson,0.2857,0.5345,1.8708,2,low demand - intermittent
12011265001,澡享沐浴乳牡丹小蒼蘭,C,poisson,0.2381,0.488,2.0494,2,low demand - intermittent
12011267001,綠的抗菌沐浴乳-鳶尾花精萃 鳶尾花精萃,C,poisson,0.1905,0.4364,2.2913,2,low demand - intermittent
12011268001,綠的抗菌沐浴露-洋梨小蒼蘭 洋梨小蒼蘭,B,poisson,0.7619,0.8729,1.1456,2,medium demand - intermittent
12011273001,綠的抗菌沐浴乳-玫瑰木精油 玫瑰木精油,C,poisson,0.1429,0.378,2.6458,2,low demand - intermittent
12011274001,On The Body 快樂微風沐浴乳 快樂微風香水,C,poisson,0.0476,0.2182,4.5826,2,low demand - intermittent
12011275001,綠的抗菌沐浴乳玫瑰木補充包 玫瑰木補充包,B,poisson,0.8095,0.8997,1.1114,2,medium demand - intermittent
12011276001,多芬清爽水嫩沐浴乳補充包 清爽水嫩,C,poisson,0.2381,0.488,2.0494,2,low demand - intermittent
12011277001,依必朗香氛沐浴乳-經典白麝香 沐浴乳白麝香,B,poisson,1.9048,1.3801,0.7246,1,medium demand - volatile
12011281001,Mdmmd.琥珀香水安瓶精油沐浴乳-鎖水 深度清潔鎖水,C,poisson,0.0476,0.2182,4.5826,2,low demand - intermittent
12011282001,美琪抗菌沐浴乳(薰衣草) 美琪沐浴薰衣草,C,poisson,0.2857,0.5345,1.8708,2,low demand - intermittent
12011285001,澎澎MAN二合一洗髮沐浴露-海洋 海洋保濕,C,poisson,0.2381,0.488,2.0494,2,low demand - intermittent
12011287001,澎澎MAN二合一洗髮沐浴露-控油 控油酷涼,B,poisson,0.3333,0.5774,1.7321,2,medium demand - intermittent
12011291001,美琪抗菌沐浴乳(茶樹) 美琪沐浴乳茶樹,B,poisson,0.3333,0.5774,1.7321,2,medium demand - intermittent
12011292001,美吾髮藍風鈴奢香沐浴露,C,poisson,0.0476,0.2182,4.5826,2,low demand - intermittent
12011293001,麗仕清爽香氛沐浴乳沁涼石榴 麗仕沐浴乳石榴,C,poisson,0.0476,0.2182,4.5826,2,low demand - intermittent
12011294001,沙威隆抗菌溫和沐浴乳清爽海洋 清爽海洋風,B,poisson,0.6667,0.8165,1.2247,2,medium demand - intermittent
12011299001,莎啦莎啦小蒼蘭香氛沐浴乳補充包,B,poisson,1.0,1.0,1.0,1,medium demand - volatile
12011300001,MARO終極秒感全效沐浴乳-酷涼 全效-酷涼,C,poisson,0.0952,0.3086,3.2404,2,low demand - intermittent
12011304001,麗仕清爽香氛沐浴乳綠茶白桃 麗仕沐浴乳白桃,B,poisson,0.3333,0.5774,1.7321,2,medium demand - intermittent
12011305001,美琪抗菌沐浴乳(蠟菊) 美琪沐浴乳蠟菊,C,poisson,0.1429,0.378,2.6458,2,low demand - intermittent
12011308001,麗仕柔膚香氛沐浴乳水潤桃花 麗仕沐浴乳桃花,B,poisson,0.3333,0.5774,1.7321,2,medium demand - intermittent
12011310001,彎彎珍珠淨白沐浴乳2000ml 珍珠淨白,C,poisson,0.2381,0.488,2.0494,2,low demand - intermittent
12011311001,美吾髮白茶茉莉馨香沐浴露 白茶茉莉馨香,C,poisson,0.0952,0.3086,3.2404,2,low demand - intermittent
12011322001,莎啦莎啦沐浴乳櫻花彈力補充包,C,poisson,0.0952,0.3086,3.2404,2,low demand - intermittent
12011326001,元素碳男性沐浴乳-檀香制菌 檀香制菌,C,poisson,0.2857,0.5345,1.8708,2,low demand - intermittent
12011329001,雪芙蘭海洋活泉沐浴乳-珍珠 珍珠淨白,C,poisson,0.1905,0.4364,2.2913,2,low demand - intermittent
12011330001,Farcent香水胺基酸沐浴露-雞蛋花 雞蛋花,C,poisson,0.1429,0.378,2.6458,2,low demand - intermittent
12011332001,澎澎茶淨化沐浴乳補充包-茶樹精油,B,poisson,0.4286,0.6547,1.5275,2,medium demand - intermittent
12011333001,綠的抗菌沐浴乳百里香補充包 百里香,B,normal,1.0,0.8165,0.8165,1,medium demand - volatile
12011334001,綠的抗菌沐浴乳洋甘菊補充包 洋甘菊,B,poisson,1.5238,1.2344,0.8101,1,medium demand - volatile
12011335001,沙威隆沐浴乳-草本 沐浴乳草本,C,poisson,0.0476,0.2182,4.5826,2,low demand - intermittent
12011337001,澡享玫瑰風信子沐浴乳補充包 澡享風信子補充,C,poisson,0.2381,0.488,2.0494,2,low demand - intermittent
12011338001,美吾髮晨霧玫瑰奢香沐浴露,C,poisson,0.1905,0.4364,2.2913,2,low demand - intermittent
12011339001,澡享沐浴乳雪松白麝香 雪松白麝香,C,poisson,0.1429,0.378,2.6458,2,low demand - intermittent
12011340001,白雪維他命Ｅ＆果酸沐浴乳 奇異果萃取,C,poisson,0.1429,0.378,2.6458,2,low demand - intermittent
12011342001,雪芙蘭美肌SPA沐浴乳-玫瑰嫩白 玫瑰嫩白,C,poisson,0.0476,0.2182,4.5826,2,low demand - intermittent
12011345001,牛乳石鹼牛乳精華沐浴乳-玫瑰 牛乳玫瑰沐浴乳,C,poisson,0.0952,0.3086,3.2404,2,low demand - intermittent
12011346001,牛乳石鹼植物性無添加沐浴乳 牛乳無添加,C,poisson,0.0476,0.2182,4.5826,2,low demand - intermittent
12011347001,沙威隆抗菌潔淨沐浴乳茶樹精油,B,poisson,0.4762,0.6901,1.4491,2,medium demand - intermittent
12011348001,沙威隆抗菌保濕沐浴乳蘆薈精華 天然蘆薈精華,B,poisson,0.5238,0.7237,1.3817,2,medium demand - intermittent
12011349001,沙威隆潔身液 沙威隆潔身液,B,poisson,0.619,0.7868,1.271,2,medium demand - intermittent
12011350001,雪芙蘭海洋活泉沐浴乳- 清爽 清爽海礦鹽,C,poisson,0.2381,0.488,2.0494,2,low demand - intermittent
12011351001,雪芙蘭海洋活泉沐浴乳- 海洋 海洋膠原保濕,C,poisson,0.2857,0.5345,1.8708,2,low demand - intermittent
12011354001,綠的抗菌沐浴乳綠茶補充包 綠茶,B,poisson,0.9048,0.9512,1.0513,2,medium demand - intermittent
12011355001,澎澎香浴乳補充包-漾采緊緻 漾采緊緻,C,poisson,0.2381,0.488,2.0494,2,low demand - intermittent
12011357001,艾瑪花園蠟菊蘆薈抗乾敏沐浴膠,C,poisson,0.0476,0.2182,4.5826,2,low demand - intermittent
12011358001,艾瑪花園忍冬舒壓甜睡沐浴膠 忍冬舒壓沐浴膠,C,poisson,0.0476,0.2182,4.5826,2,low demand - intermittent
12011360001,超值玫瑰沐浴露,C,poisson,0.1905,0.4364,2.2913,2,low demand - intermittent
12011362001,蜜妮高彈潤沐浴慕絲自然草本香 彈潤慕絲草本香,C,poisson,0.1429,0.378,2.6458,2,low demand - intermittent
12011364001,超值青蘋果沐浴露 超值青蘋果沐浴,B,poisson,0.5714,0.7559,1.3229,2,medium demand - intermittent
12011366001,蒂沐蝶植萃淨化沐浴露-綠茶 綠茶,C,poisson,0.1429,0.378,2.6458,2,low demand - intermittent
12011367001,綠的抗菌沐浴乳鳶尾花補充包 鳶尾花補充包,B,poisson,0.7143,0.8452,1.1832,2,medium demand - intermittent
12011373001,上山採藥冷泉玉露清新沐浴露 冷泉玉露沐浴露,C,poisson,0.2381,0.488,2.0494,2,low demand - intermittent
12011374001,Biore淨嫩沐浴乳熱情木槿花香 熱情木槿花香,B,poisson,0.4286,0.6547,1.5275,2,medium demand - intermittent
12011376001,牛乳石鹼牛乳精華沐浴乳-柚子 牛乳柚子沐浴乳,C,poisson,0.1905,0.4364,2.2913,2,low demand - intermittent
12011383001,莎啦莎啦抗菌沐浴乳補充包撩心,B,poisson,0.7143,0.8452,1.1832,2,medium demand - intermittent
12011385001,綠的男性抗菌沐浴露-活力奔放海洋 活力奔放海洋,C,poisson,0.0952,0.3086,3.2404,2,low demand - intermittent
12011386001,舒特膚全效潔膚乳 舒特膚潔膚乳,C,poisson,0.0952,0.3086,3.2404,2,low demand - intermittent
12011387001,愛迪達男用三效洗髮沐浴露卓越自信 卓越自信,C,poisson,0.0476,0.2182,4.5826,2,low demand - intermittent
12011388001,愛迪達男用三效洗髮沐浴露青春活力 青春活力,C,poisson,0.1429,0.378,2.6458,2,low demand - intermittent
12011389001,愛迪達男用三效洗髮沐浴露極限挑戰,C,poisson,0.0952,0.3086,3.2404,2,low demand - intermittent
12011390001,愛迪達男用三效洗髮沐浴露品味透涼 品味透涼,C,poisson,0.1429,0.378,2.6458,2,low demand - intermittent
12011391001,愛迪達男用三效洗髮沐浴露典藏魅力 典藏魅力,C,poisson,0.1429,0.378,2.6458,2,low demand - intermittent
12011395001,巴黎美妝鈴蘭沐浴露,C,poisson,0.0952,0.3086,3.2404,2,low demand - intermittent
12011398001,Biore淨嫩沐浴乳熱情木槿花香補包 熱情木槿花香,B,poisson,0.4286,0.6547,1.5275,2,medium demand - intermittent
12011400001,快潔適小黃鴨抑菌沐浴乳 小黃鴨沐浴乳,B,normal,1.2381,1.0648,0.86,1,medium demand - volatile
12011402001,美吾髮檀香精油沐浴精 檀香精油沐浴,C,poisson,0.2381,0.488,2.0494,2,low demand - intermittent
12011403001,綠的抗菌沐浴露-橙花燕麥 綠的沐浴露橙花,B,poisson,0.381,0.6172,1.6202,2,medium demand - intermittent
12011405001,多芬日本植萃白茉莉沐浴乳 多芬植萃茉莉沐,C,poisson,0.0476,0.2182,4.5826,2,low demand - intermittent
12011409001,快潔適貓熊抑菌沐浴乳 貓熊抗菌沐浴乳,B,poisson,0.7143,0.8452,1.1832,2,medium demand - intermittent
12011412001,超值薄荷沐浴乳,A,poisson,2.4286,1.5584,0.6417,1,high demand - volatile
12011416001,澎澎香浴乳煥膚亮白1200g 澎澎煥膚亮白瓶,C,poisson,0.1905,0.4364,2.2913,2,low demand - intermittent
12011417001,水平衡香水沐浴乳-星光摩天輪 香水星光摩天輪,C,poisson,0.0952,0.3086,3.2404,2,low demand - intermittent
12011422001,多芬日本植萃粉玫瑰沐浴乳 多芬植萃玫瑰沐,C,poisson,0.0952,0.3086,3.2404,2,low demand - intermittent
12011426001,白雪乳霜沐浴乳-滋潤 乳霜沐浴乳滋潤,B,poisson,0.381,0.6172,1.6202,2,medium demand - intermittent
12011427001,白雪乳霜沐浴乳-清潤 乳霜沐浴乳清潤,B,poisson,0.381,0.6172,1.6202,2,medium demand - intermittent
12011433001,蒂沐蝶植萃保濕沐浴露-玫瑰 玫瑰,C,poisson,0.0952,0.3086,3.2404,2,low demand - intermittent
12011439001,美吾髮鼠尾草沐浴露 鼠尾草沁香,C,poisson,0.2381,0.488,2.0494,2,low demand - intermittent
12011442001,超微米完美泡泡沐浴乳-清新花香 清新花香,B,poisson,0.3333,0.5774,1.7321,2,medium demand - intermittent
12011451001,Biore淨嫩沐浴乳溫和保濕型 茉莉與鼠尾草,C,poisson,0.0952,0.3086,3.2404,2,low demand - intermittent
12011452001,On The Body SPA沐浴露-薰衣草 薰衣草,C,poisson,0.0476,0.2182,4.5826,2,low demand - intermittent
12011453001,On The Body SPA沐浴露-經典香 經典香,C,poisson,0.0952,0.3086,3.2404,2,low demand - intermittent
12011466001,Farcent香水胺基酸沐浴露-小蒼蘭 小蒼蘭,C,poisson,0.0952,0.3086,3.2404,2,low demand - intermittent
12011467001,潤波低脂牛奶清爽沐浴慕絲 清爽,C,poisson,0.1429,0.378,2.6458,2,low demand - intermittent
12011470001,Farcent香水胺基酸沐浴露-鼠尾草 療癒鼠尾草,C,poisson,0.0476,0.2182,4.5826,2,low demand - intermittent
12011473001,澡享甘橙花梨木沐浴乳補充包 甘橙花梨木,B,poisson,0.8571,0.9258,1.0801,2,medium demand - intermittent
12011477001,多芬柔膚舒敏沐浴乳補充包 舒敏沐浴補充包,C,poisson,0.2381,0.488,2.0494,2,low demand - intermittent
12011479001,Farcent香水胺基酸沐浴露-真我星夜 真我星夜,C,poisson,0.0476,0.2182,4.5826,2,low demand - intermittent
12011482001,綠的男性抗菌沐浴露-極限能量大地 極限能量大地,C,poisson,0.0952,0.3086,3.2404,2,low demand - intermittent
12011484001,多芬桃悅水透清潤沐浴乳 桃悅水透,B,poisson,0.381,0.6172,1.6202,2,medium demand - intermittent
12011487001,快潔適貓熊抑菌沐浴乳補充包 貓熊抑菌沐浴乳,C,poisson,0.0476,0.2182,4.5826,2,low demand - intermittent
12011488001,快潔適小黃鴨抑菌沐浴乳補充包 小黃鴨抑菌沐浴,C,poisson,0.0476,0.2182,4.5826,2,low demand - intermittent
12011489001,牛乳石鹼牛乳精華沐浴乳-清新皂香 清新皂香,C,poisson,0.1429,0.378,2.6458,2,low demand - intermittent
12011490001,多芬活力柚香清潤沐浴乳 活力柚香,B,poisson,0.5238,0.7237,1.3817,2,medium demand - intermittent
12011999001,MENS Biore 髮顏體潔淨露-清香 淨皂清香,C,poisson,0.0952,0.3086,3.2404,2,low demand - intermittent
12012001001,超值蘆薈身體乳液,C,poisson,0.0952,0.3086,3.2404,2,low demand - intermittent
12012003001,妮維雅極潤修護乳液 極潤修護潤膚乳,C,poisson,0.0476,0.2182,4.5826,2,low demand - intermittent
12012008001,曼秀雷敦淨白美肌潤膚乳液 淨白美肌潤,C,poisson,0.0476,0.2182,4.5826,2,low demand - intermittent
12012012001,凡士林香薰舒緩潤膚露,C,poisson,0.0476,0.2182,4.5826,2,low demand - intermittent
12012014001,艾惟諾燕麥高效舒緩護手霜,C,poisson,0.0952,0.3086,3.2404,2,low demand - intermittent
12012015001,凡士林蘆薈舒緩潤膚露,B,poisson,0.4762,0.6901,1.4491,2,medium demand - intermittent
12012022001,凡士林深層修護潤膚露 凡士林全效滋養,C,poisson,0.2381,0.488,2.0494,2,low demand - intermittent
12012027001,雪芙蘭小蒼蘭滋養霜 小蒼滋養霜,C,poisson,0.1905,0.4364,2.2913,2,low demand - intermittent
12012037001,超值綿羊油身體乳液,B,poisson,0.3333,0.5774,1.7321,2,medium demand - intermittent
12012043001,美國凡士林368g,B,poisson,0.7143,0.8452,1.1832,2,medium demand - intermittent
12012045001,曼秀雷敦AD高效抗乾修復乳液 AD抗乾乳液,C,poisson,0.1429,0.378,2.6458,2,low demand - intermittent
12012046001,妮維雅粉嫩嫩潤白水凝乳-玫瑰,C,poisson,0.0476,0.2182,4.5826,2,low demand - intermittent
12012048001,曼秀雷敦AD高效抗乾修復乳液-草本 AD草本乳液,C,poisson,0.0476,0.2182,4.5826,2,low demand - intermittent
12012054001,Mdmmd.紫香蘭安瓶精油身體乳-保濕 保濕緊膚,C,poisson,0.0476,0.2182,4.5826,2,low demand - intermittent
12012059001,妮維雅粉嫩嫩潤白水凝乳櫻花,C,poisson,0.0476,0.2182,4.5826,2,low demand - intermittent
12012069001,大地系列花梨木護手霜,C,poisson,0.0952,0.3086,3.2404,2,low demand - intermittent
12012072001,雪芙蘭滋養霜(清爽型) 清爽型,C,poisson,0.1429,0.378,2.6458,2,low demand - intermittent
12012086001,妮維雅淡斑亮白青春精華凝乳 淡斑亮白精華乳,C,poisson,0.0476,0.2182,4.5826,2,low demand - intermittent
12012098001,凡士林專業修護潤膚露 專業修護,C,poisson,0.1429,0.378,2.6458,2,low demand - intermittent
12012108001,超值薰衣草身體乳液,C,poisson,0.2857,0.5345,1.8708,2,low demand - intermittent
12012118001,舒特膚全效乳霜,C,poisson,0.0476,0.2182,4.5826,2,low demand - intermittent
12012119001,凡士林十效亮白修護潤膚露 十效亮白,C,poisson,0.0476,0.2182,4.5826,2,low demand - intermittent
12012120001,舒特膚全效潤膚乳 舒特膚潤膚乳,C,poisson,0.1429,0.378,2.6458,2,low demand - intermittent
12012143001,帕瑪氏除紋按摩霜-新配方 除紋按摩霜-新,C,poisson,0.0476,0.2182,4.5826,2,low demand - intermittent
12012145001,超值蘆薈綿羊油滋養霜 超值蘆薈滋養霜,C,poisson,0.2381,0.488,2.0494,2,low demand - intermittent
12012161001,艾翠斯修護護手霜 -小甘菊修護,C,poisson,0.0952,0.3086,3.2404,2,low demand - intermittent
12012164001,妮維雅美白潤膚乳液 嫩白潤膚乳液,C,poisson,0.2857,0.5345,1.8708,2,low demand - intermittent
12012165001,妮維雅美體緊膚乳液Q10 Plus,C,poisson,0.0476,0.2182,4.5826,2,low demand - intermittent
12012169001,妮維雅深層修護乳液 一般肌膚,B,poisson,0.3333,0.5774,1.7321,2,medium demand - intermittent
12012170001,妮維雅絲滑瑩亮乳液 乾性肌膚,C,poisson,0.0952,0.3086,3.2404,2,low demand - intermittent
12012171001,嬌生美體主張深層滋養乳液 嬌生美體滋養乳,C,poisson,0.0476,0.2182,4.5826,2,low demand - intermittent
12012173001,嬌生美體主張24小時水感乳液 嬌生美體水感乳,C,poisson,0.0476,0.2182,4.5826,2,low demand - intermittent
12012196001,雪芙蘭滋養霜,C,poisson,0.2857,0.5345,1.8708,2,low demand - intermittent
12012928001,家福薄荷沐浴露 家福薄荷沐浴露,C,poisson,0.0952,0.3086,3.2404,2,low demand - intermittent
12012929001,家福法國進口蘭花沐浴露,C,poisson,0.0476,0.2182,4.5826,2,low demand - intermittent
12012969001,difeel 護手霜-茉莉花 茉莉花,C,poisson,0.1429,0.378,2.6458,2,low demand - intermittent
12012984001,妮維雅全方位潤膚霜 全方位潤膚霜,C,poisson,0.0952,0.3086,3.2404,2,low demand - intermittent
12012985001,妮維雅全方位潤膚霜-敏感肌適用 敏感肌適用,C,poisson,0.0952,0.3086,3.2404,2,low demand - intermittent
12013033001,我的心機．綠茶淨化身體去角質霜 我的心機綠茶,C,poisson,0.0952,0.3086,3.2404,2,low demand - intermittent
12013034001,我的心機．玫瑰亮白身體去角質霜 我的心機玫瑰亮,C,poisson,0.0476,0.2182,4.5826,2,low demand - intermittent
12013048001,E.M死海沐浴鹽-紓壓麝香 紓壓麝香,C,poisson,0.0476,0.2182,4.5826,2,low demand - intermittent
12013050001,E.M死海沐浴鹽香草廣藿香 香草廣藿香,C,poisson,0.0476,0.2182,4.5826,2,low demand - intermittent
12013052001,E.M死海沐浴鹽-無香天然 無香天然,C,poisson,0.0476,0.2182,4.5826,2,low demand - intermittent
12013055001,我的心機牛奶嫩白身體去角質 嫩白身體去角質,C,poisson,0.0476,0.2182,4.5826,2,low demand - intermittent
12014004001,我的心機去皮嫩膚黑足膜 去皮嫩膚黑足膜,C,poisson,0.1905,0.4364,2.2913,2,low demand - intermittent
12014022001,我的心機大馬士革美白嫩膚足膜 美白嫩膚足膜,C,poisson,0.0476,0.2182,4.5826,2,low demand - intermittent
12014025001,VGT優雅經典系列沐浴球-灰 沐浴球-灰,C,poisson,0.0476,0.2182,4.5826,2,low demand - intermittent
12014028001,VGT喚醒系列沐浴巾-粉紅 沐浴巾-粉紅,C,poisson,0.2381,0.488,2.0494,2,low demand - intermittent
12014032001,VGT喚醒系列沐浴巾-白 沐浴巾-白,C,poisson,0.0952,0.3086,3.2404,2,low demand - intermittent
12014035001,VGT喚醒系列沐浴巾-黑藍 沐浴巾-黑藍,B,poisson,0.381,0.6172,1.6202,2,medium demand - intermittent
12016005001,妮維雅男止汗爽身噴霧-乾適活力 乾適活力,C,poisson,0.0952,0.3086,3.2404,2,low demand - intermittent
12016009001,MENS Biore 排汗爽身淨味劑-滾珠型 爽身淨味滾珠-,C,poisson,0.0476,0.2182,4.5826,2,low demand - intermittent
12016016001,妮維雅止汗爽身乳液-嫩白 滾珠,C,poisson,0.0952,0.3086,3.2404,2,low demand - intermittent
12016023001,蕊娜制汗爽身香體露-清新舒棉 清新舒棉,C,poisson,0.0952,0.3086,3.2404,2,low demand - intermittent
12016026001,妮維雅止汗爽身乳膏 -嫩白 妮維雅止汗爽,C,poisson,0.2857,0.5345,1.8708,2,low demand - intermittent
12016027001,妮維雅止汗爽身噴霧 -嫩白 妮維雅止汗爽,C,poisson,0.1429,0.378,2.6458,2,low demand - intermittent
12016035001,妮維雅止汗噴霧珍珠煥采150ml 止汗噴霧珍珠,C,poisson,0.0952,0.3086,3.2404,2,low demand - intermittent
12016042001,妮維雅止汗乳液珍珠煥采50ml 止汗乳液珍珠,C,poisson,0.0952,0.3086,3.2404,2,low demand - intermittent
12016045001,蕊娜男士制汗香體露-極酷冰涼 極酷冰涼,C,poisson,0.0952,0.3086,3.2404,2,low demand - intermittent
12016056001,AXE男仕香體噴霧-黯黑經典,C,poisson,0.0952,0.3086,3.2404,2,low demand - intermittent
12016061001,蕊娜制汗爽身噴霧-亮白玫瑰 亮白玫瑰,C,poisson,0.1429,0.378,2.6458,2,low demand - intermittent
12016070001,愛迪達女用制汗滾珠美白清爽,C,poisson,0.0476,0.2182,4.5826,2,low demand - intermittent
12016072001,愛迪達男用制汗滾珠清新冰氛 男滾珠清新冰氛,C,poisson,0.0476,0.2182,4.5826,2,low demand - intermittent
12016077001,妮維雅止汗爽身乳膏-乾適活力 乾適活力,C,poisson,0.1905,0.4364,2.2913,2,low demand - intermittent
12016078001,妮維雅止汗爽身乳液-清新舒涼 妮維雅止汗乳液,C,poisson,0.0952,0.3086,3.2404,2,low demand - intermittent
12016079001,妮維雅男止汗爽身乳液-乾適活力 妮維雅止汗乾適,C,poisson,0.1429,0.378,2.6458,2,low demand - intermittent
12016085001,Fa 綠茶清新止汗爽身露-滾珠 綠茶清新,C,poisson,0.0952,0.3086,3.2404,2,low demand - intermittent
12016091001,蕊娜制汗爽身噴霧-亮白櫻花 亮白櫻花,C,poisson,0.0952,0.3086,3.2404,2,low demand - intermittent
12016096001,愛迪達女用6合1長效制汗滾珠 女6合1滾珠,C,poisson,0.0476,0.2182,4.5826,2,low demand - intermittent
12016099001,妮維雅男止汗爽身噴霧-無印乾爽海洋 無印乾爽海洋,C,poisson,0.1429,0.378,2.6458,2,low demand - intermittent
12016100001,妮維雅止汗乳液美白植萃-百合 止汗乳液-百合,C,poisson,0.0952,0.3086,3.2404,2,low demand - intermittent
12016102001,妮維雅止汗乳液美白植萃-櫻花 止汗乳液-櫻花,C,poisson,0.0476,0.2182,4.5826,2,low demand - intermittent
12016106001,妮維雅男止汗爽身乳液-無印乾爽 男土無印乾爽,C,poisson,0.0952,0.3086,3.2404,2,low demand - intermittent
12016111001,妮維雅止汗爽身乳液乾適活力 乾適活力,C,poisson,0.2381,0.488,2.0494,2,low demand - intermittent
12016112001,蕊娜沐浴舒爽制汗 爽身噴霧 15 沐浴舒爽噴霧,C,poisson,0.0952,0.3086,3.2404,2,low demand - intermittent
12016113001,新蕊娜制汗爽身噴霧-清新舒棉 清新舒棉噴霧,C,poisson,0.2381,0.488,2.0494,2,low demand - intermittent
12016114001,妮維雅男士止汗爽身乳液-深極炭 清新魅力,C,poisson,0.1429,0.378,2.6458,2,low demand - intermittent
12016126001,蕊娜制汗爽身噴霧 自然香氛 蕊娜噴霧自然香,C,poisson,0.0476,0.2182,4.5826,2,low demand - intermittent
12016130001,蕊娜自由舒暢制汗 爽身噴霧 15 自由舒暢噴霧,C,poisson,0.0952,0.3086,3.2404,2,low demand - intermittent
12016131001,蕊娜超效乾爽制汗 爽身噴霧 15 超效乾爽噴霧,C,poisson,0.0952,0.3086,3.2404,2,low demand - intermittent
12016139001,妮維雅男止汗爽身噴霧-無印乾爽,C,poisson,0.0952,0.3086,3.2404,2,low demand - intermittent
12016999001,愛迪達男用香體噴霧品味透涼 品味透涼,C,poisson,0.0476,0.2182,4.5826,2,low demand - intermittent
12017009001,婦潔私密沐浴露-日常潔淨 日常潔淨,C,poisson,0.1905,0.4364,2.2913,2,low demand - intermittent
12017015001,舒摩兒清新氣息灌洗液特惠組 舒摩兒灌洗液,C,poisson,0.0952,0.3086,3.2404,2,low demand - intermittent
12017016001,依必朗女性護理沐浴乳-粉玫瑰 舒敏粉玫瑰,C,poisson,0.1905,0.4364,2.2913,2,low demand - intermittent
12017017001,婦潔私密柔淨慕絲-加強乳酸 加強乳酸,C,poisson,0.1429,0.378,2.6458,2,low demand - intermittent
12017018001,婦潔私密沐浴露-滋潤嫩白 滋潤嫩白,C,poisson,0.1429,0.378,2.6458,2,low demand - intermittent
12017019001,婦潔私密沐浴露-蔓越莓 蔓越莓,C,poisson,0.1429,0.378,2.6458,2,low demand - intermittent
12017037001,舒摩兒長效清新浴潔慕斯 舒摩兒舒芙蕾,C,poisson,0.0476,0.2182,4.5826,2,low demand - intermittent
12017039001,舒摩兒賦活美學浴潔露-甜美香氛 舒摩兒甜美香氛,C,poisson,0.0476,0.2182,4.5826,2,low demand - intermittent
12017040001,舒摩兒賦活美學浴潔露-全肌防護 舒摩兒全肌防護,C,poisson,0.1429,0.378,2.6458,2,low demand - intermittent
12020001001,MENs Biore控油保水洗面乳,C,poisson,0.1905,0.4364,2.2913,2,low demand - intermittent
12020003001,滋卿愛牛乳石鹼青春調理洗面乳,B,poisson,0.3333,0.5774,1.7321,2,medium demand - intermittent
12020005001,雪芙蘭淨肌礦物泥洗面乳 清爽控油,C,poisson,0.0952,0.3086,3.2404,2,low demand - intermittent
12020005002,雪芙蘭淨肌礦物泥洗面乳 毛孔淨緻,C,poisson,0.0952,0.3086,3.2404,2,low demand - intermittent
12020005003,雪芙蘭淨肌礦物泥洗面乳 淨白亮膚,C,poisson,0.0952,0.3086,3.2404,2,low demand - intermittent
12020008001,露得清深層卸妝乳 深層卸妝乳,C,poisson,0.0476,0.2182,4.5826,2,low demand - intermittent
12020009001,KOSE雪肌粹洗面乳,C,poisson,0.0952,0.3086,3.2404,2,low demand - intermittent
12020011001,Biore溫感淨透卸精華乳 溫感卸精華乳,C,poisson,0.0476,0.2182,4.5826,2,low demand - intermittent
12020018001,肌研卵肌溫和去角質泡洗顏 卵肌系列,C,poisson,0.0476,0.2182,4.5826,2,low demand - intermittent
12020019001,MENS Biore 控油去角質洗面乳,C,poisson,0.0952,0.3086,3.2404,2,low demand - intermittent
12020020001,可伶可俐毛孔潔淨洗面露 深層潔淨系列,C,poisson,0.2381,0.488,2.0494,2,low demand - intermittent
12020021001,可伶可俐長效去油洗面乳,C,poisson,0.0476,0.2182,4.5826,2,low demand - intermittent
12020025001,森田藥茶樹蘆薈淨化洗面乳,C,poisson,0.0952,0.3086,3.2404,2,low demand - intermittent
12020026001,森田藥抗黑淨白洗面乳,C,poisson,0.0952,0.3086,3.2404,2,low demand - intermittent
12020028001,MENS Biore深層柔珠洗面乳 深層柔珠-男用,B,poisson,0.7619,0.8729,1.1456,2,medium demand - intermittent
12020034001,森田藥草本抗痘洗面乳,C,poisson,0.1905,0.4364,2.2913,2,low demand - intermittent
12020035001,森田藥玻尿酸保濕洗面乳,B,poisson,0.4762,0.6901,1.4491,2,medium demand - intermittent
12020036001,UNO新炭洗顏 UNO新炭洗顏,B,poisson,0.7143,0.8452,1.1832,2,medium demand - intermittent
12020038001,UNO勁速潔顏慕斯 UNO潔顏慕斯,C,poisson,0.2381,0.488,2.0494,2,low demand - intermittent
12020045001,碧菲絲特毛孔淨透洗面乳,C,poisson,0.0952,0.3086,3.2404,2,low demand - intermittent
12020046001,碧菲絲特水嫩淨透洗面乳,C,poisson,0.1429,0.378,2.6458,2,low demand - intermittent
12020050001,妮維雅男深極炭抗痘控油潔面泥 男抗痘潔面泥,C,poisson,0.0476,0.2182,4.5826,2,low demand - intermittent
12020051001,Biore毛孔淨透洗面乳 毛孔淨透洗面乳,C,poisson,0.0952,0.3086,3.2404,2,low demand - intermittent
12020057001,BDM高效潔膚液,C,poisson,0.1905,0.4364,2.2913,2,low demand - intermittent
12020060001,森田男性淨涼抗痘洗面乳,C,poisson,0.2857,0.5345,1.8708,2,low demand - intermittent
12020062001,肌研卵肌溫和去角質洗面乳 卵肌系列,C,poisson,0.0476,0.2182,4.5826,2,low demand - intermittent
12020068001,蜜妮柔珠深層洗面乳 柔珠,B,poisson,0.9048,0.9512,1.0513,2,medium demand - intermittent
12020070001,廣源良絲瓜洗敷凝露150ml 絲瓜洗敷,C,poisson,0.0476,0.2182,4.5826,2,low demand - intermittent
12020078001,Biore抗痘保濕洗顏慕絲更替瓶 更替瓶,C,poisson,0.2381,0.488,2.0494,2,low demand - intermittent
12020085001,台鹽膠原美研洗面乳(100ml) 膠原美研洗面乳,C,poisson,0.2381,0.488,2.0494,2,low demand - intermittent
12020087001,洗顏專科超微米洗卸兩用潔淨乳-進化超微米洗卸乳,B,poisson,0.5238,0.7237,1.3817,2,medium demand - intermittent
12020089001,妮維雅男深極炭極淨控油潔面泥 男極淨控油泥,C,poisson,0.1429,0.378,2.6458,2,low demand - intermittent
12020093001,Biore抗痘調理洗面乳 抗痘調理洗面乳,B,poisson,0.6667,0.8165,1.2247,2,medium demand - intermittent
12020101001,露得清洗面露,C,poisson,0.0476,0.2182,4.5826,2,low demand - intermittent
12020117001,萊雅炭黑去油微粒洗面乳升級版 去油微粒洗面乳,B,poisson,0.381,0.6172,1.6202,2,medium demand - intermittent
12020128001,Tiss深層卸油(L)毛孔潔淨升,C,poisson,0.0952,0.3086,3.2404,2,low demand - intermittent
12020131001,ROSETTE果酸清爽型去角質洗顏OP組 去角質洗顏凝膠,C,poisson,0.0476,0.2182,4.5826,2,low demand - intermittent
12020132001,多芬潤澤卸妝油慕絲-乾濕兩用 多芬卸妝油慕絲,C,poisson,0.0952,0.3086,3.2404,2,low demand - intermittent
12020133001,露得清深層淨化洗面乳 深層淨化洗面乳,C,poisson,0.2857,0.5345,1.8708,2,low demand - intermittent
12020138001,旁氏深層淨顏卸油 深層淨顏卸,C,poisson,0.0476,0.2182,4.5826,2,low demand - intermittent
12020141001,多芬3合1潤澤卸妝潔面慕絲 多芬卸妝慕絲,B,poisson,0.5238,0.7237,1.3817,2,medium demand - intermittent
12020147001,多芬潤澤卸妝乳 多芬潤澤卸妝乳,C,poisson,0.0952,0.3086,3.2404,2,low demand - intermittent
12020161001,肌研暗沉對策洗顏乳,C,poisson,0.0952,0.3086,3.2404,2,low demand - intermittent
12020164001,淨肌冰河泥洗面乳-深層淨膚 深層淨膚,C,poisson,0.1905,0.4364,2.2913,2,low demand - intermittent
12020165001,蜜妮溫和水嫩洗面乳 溫和水嫩,B,normal,1.1429,0.9404,0.8229,1,medium demand - volatile
12020166001,淨肌冰河泥洗面乳-粉刺淨化,C,poisson,0.0476,0.2182,4.5826,2,low demand - intermittent
12020167001,可伶可俐潔面泡沫慕斯 泡沫慕斯,C,poisson,0.1905,0.4364,2.2913,2,low demand - intermittent
12020175001,滋卿愛牛乳石鹼泡洗顏 牛乳石鹼,C,poisson,0.0952,0.3086,3.2404,2,low demand - intermittent
12020184001,MensBiore激淨油抗痘洗面乳 激淨油抗痘洗面,C,poisson,0.0476,0.2182,4.5826,2,low demand - intermittent
12020189001,妮維雅水活保濕洗面乳 水活保濕,C,poisson,0.0476,0.2182,4.5826,2,low demand - intermittent
12020196001,水平衡神奇蘇打毛穴洗面乳-黑頭對策 黑頭對策,C,poisson,0.2381,0.488,2.0494,2,low demand - intermittent
12020203001,巴黎萊雅8效勁能深層洗面乳 8效勁能深層洗,C,poisson,0.1905,0.4364,2.2913,2,low demand - intermittent
12020210001,露得清男性淨涼洗面乳,C,poisson,0.0476,0.2182,4.5826,2,low demand - intermittent
12020211001,MensBiore激淨油深層洗面乳 激淨油深層洗面,C,poisson,0.1429,0.378,2.6458,2,low demand - intermittent
12020212001,菲蘇德美水潤修護潔顏慕斯 水潤慕斯,C,poisson,0.0476,0.2182,4.5826,2,low demand - intermittent
12020217001,澎澎元氣炭控油洗面乳,C,poisson,0.1429,0.378,2.6458,2,low demand - intermittent
12020219001,森田藥透亮白皙洗面乳150g 亮白皙洗面乳,C,poisson,0.0476,0.2182,4.5826,2,low demand - intermittent
12020220001,菲蘇德美控油調理潔顏慕斯 控油慕斯,C,poisson,0.1429,0.378,2.6458,2,low demand - intermittent
12020221001,水平衡神奇蘇打毛穴洗面乳-角質拋光,C,poisson,0.0952,0.3086,3.2404,2,low demand - intermittent
12020222001,森田青木瓜酵素淨化去角質凝露 青木瓜去角質露,C,poisson,0.0952,0.3086,3.2404,2,low demand - intermittent
12020224001,森田藥活性炭深層淨化洗面乳 活性炭深層淨化,C,poisson,0.0476,0.2182,4.5826,2,low demand - intermittent
12020225001,森田藥炭深層控油洗面乳 炭深層控油,B,poisson,0.6667,0.8165,1.2247,2,medium demand - intermittent
12020228001,家福進口卸妝水 - 溫和肌膚 家福進口卸妝水,C,poisson,0.0476,0.2182,4.5826,2,low demand - intermittent
12020232001,MENS Biore沁涼淨油洗面乳 沁涼淨油-男用,B,poisson,1.4286,1.1952,0.8367,1,medium demand - volatile
12020234001,露得清深層淨化抗黑頭洗面乳 抗黑頭系列,C,poisson,0.0476,0.2182,4.5826,2,low demand - intermittent
12020237001,元素碳男性洗面乳-深層淨化 男性深層型,C,poisson,0.0952,0.3086,3.2404,2,low demand - intermittent
12020238001,元素碳男性洗面乳-勁涼薄荷 男性勁涼型,C,poisson,0.1905,0.4364,2.2913,2,low demand - intermittent
12020240001,曼秀雷敦極淨抗痘控油洗面乳 淨抗痘洗面乳,B,poisson,0.3333,0.5774,1.7321,2,medium demand - intermittent
12020242001,曼秀雷敦極淨抗痘控油潔面乳 極淨抗痘潔面乳,C,poisson,0.0952,0.3086,3.2404,2,low demand - intermittent
12020243001,露得清男性深層去油洗面乳 露得清去油洗面,B,poisson,1.6667,1.291,0.7746,1,medium demand - volatile
12020246001,曼秀雷敦火山泥抗黑頭洗面乳,C,poisson,0.1429,0.378,2.6458,2,low demand - intermittent
12020248001,菲蘇德美抗痘修護洗面乳 抗痘修護,C,poisson,0.2381,0.488,2.0494,2,low demand - intermittent
12020249001,妮維雅男性清爽控油洗面乳 男性,C,poisson,0.2857,0.5345,1.8708,2,low demand - intermittent
12020250001,肌研極潤保濕泡洗顏 極潤保濕泡洗顏,C,poisson,0.0476,0.2182,4.5826,2,low demand - intermittent
12020253001,水平衡神奇蘇打毛穴洗面乳-毛穴收斂,C,poisson,0.0952,0.3086,3.2404,2,low demand - intermittent
12020260001,曼秀雷敦冰振活炭潔面乳,C,poisson,0.1905,0.4364,2.2913,2,low demand - intermittent
12020261001,菲蘇德美舒敏修護洗面乳 舒敏修護,C,poisson,0.0952,0.3086,3.2404,2,low demand - intermittent
12020266001,曼秀雷敦保濕活力洗面乳,C,poisson,0.1429,0.378,2.6458,2,low demand - intermittent
12020271001,澎澎激酷控油抗痘洗面乳 控油抗痘洗面乳,C,poisson,0.1429,0.378,2.6458,2,low demand - intermittent
12020282001,絲芙蒂膠原蛋白彈力卸洗顏霜190g 膠原蛋白卸洗顏,C,poisson,0.0952,0.3086,3.2404,2,low demand - intermittent
12020283001,絲芙蒂玻尿酸特淨卸洗顏霜190g 玻尿酸卸洗顏,C,poisson,0.0476,0.2182,4.5826,2,low demand - intermittent
12020284001,肌研極潤保濕卸油,C,poisson,0.0476,0.2182,4.5826,2,low demand - intermittent
12020312001,肌研極潤保濕洗面乳 極潤系列,C,poisson,0.0476,0.2182,4.5826,2,low demand - intermittent
12020314001,巴黎萊雅男士炭黑酷涼洗面乳 萊雅男士,B,poisson,0.4762,0.6901,1.4491,2,medium demand - intermittent
12020323001,肌研毛穴對策洗顏乳,C,poisson,0.0952,0.3086,3.2404,2,low demand - intermittent
12020324001,肌研皮脂對策洗顏乳,B,poisson,0.4286,0.6547,1.5275,2,medium demand - intermittent
12020325001,曼秀雷敦Acnes抗痘洗面乳,C,poisson,0.1905,0.4364,2.2913,2,low demand - intermittent
12020326001,曼秀雷敦Acnes抗痘美白洗面乳,C,poisson,0.2857,0.5345,1.8708,2,low demand - intermittent
12020327001,曼秀雷敦Acnes抗痘柔珠洗面乳 Acnes抗痘柔珠,C,poisson,0.0952,0.3086,3.2404,2,low demand - intermittent
12020328001,曼秀雷敦藥用抗痘潔面慕絲 藥用Acnes,C,poisson,0.0476,0.2182,4.5826,2,low demand - intermittent
12020332001,Simple清妍溫和毛孔調理潔顏凝露 清妍潔顏凝露,C,poisson,0.0476,0.2182,4.5826,2,low demand - intermittent
12020339001,專科超微米控油潔顏乳n搶購組 控油潔顏乳組,B,normal,1.0,0.8729,0.8729,1,medium demand - volatile
12020341001,森田藥茶樹淨化洗面乳120g 茶樹淨化洗面乳,C,poisson,0.0476,0.2182,4.5826,2,low demand - intermittent
12020342001,森田藥蘆薈晶透洗面乳120g 蘆薈晶透洗面乳,C,poisson,0.0476,0.2182,4.5826,2,low demand - intermittent
12020344001,MENS Biore黑白柔珠洗面乳,B,normal,1.1905,1.4998,1.2598,2,medium demand - intermittent
12020362001,水平衡超抗痘雙效洗面乳-深層 深層抗痘,C,poisson,0.0952,0.3086,3.2404,2,low demand - intermittent
12020372001,UNO新潤洗顏 UNO新潤洗顏,C,poisson,0.1429,0.378,2.6458,2,low demand - intermittent
12020383001,水平衡超抗痘雙效洗面乳-控油 控油抗痘,C,poisson,0.2857,0.5345,1.8708,2,low demand - intermittent
12020384001,水平衡超抗痘雙效洗面乳-美白 美白抗痘,C,poisson,0.0952,0.3086,3.2404,2,low demand - intermittent
12020404001,OXY歐治 制痘酷涼洗面乳 制痘酷涼洗面乳,C,poisson,0.0476,0.2182,4.5826,2,low demand - intermittent
12020416001,妮維雅男士亮白控油潔面泥 控油潔面泥,C,poisson,0.0952,0.3086,3.2404,2,low demand - intermittent
12020418001,專科超微米卸蜜-新升級 超微米卸蜜,C,poisson,0.0476,0.2182,4.5826,2,low demand - intermittent
12020420001,露得清深層淨化氣墊泡泡潔顏乳 氣墊泡泡洗面乳,C,poisson,0.0952,0.3086,3.2404,2,low demand - intermittent
12020423001,Biore 淨膚鎖水透白勻亮洗面乳 透白勻亮,C,poisson,0.2381,0.488,2.0494,2,low demand - intermittent
12020434001,專科超微米水潤卸油-新升級 超微米潤卸油,C,poisson,0.0952,0.3086,3.2404,2,low demand - intermittent
12020437001,露得清深層淨化保濕洗面乳 深層淨化保濕,C,poisson,0.2857,0.5345,1.8708,2,low demand - intermittent
12020458001,萊雅勁炭控油潔面乳 勁炭控油潔面乳,C,poisson,0.0952,0.3086,3.2404,2,low demand - intermittent
12020461001,滋卿愛淨白調理洗面乳,C,poisson,0.1429,0.378,2.6458,2,low demand - intermittent
12020471001,妮維雅男士全效水活潔面乳 男士全效水活,C,poisson,0.0476,0.2182,4.5826,2,low demand - intermittent
12020473001,Biore 清透極淨洗面乳 清透極淨洗面乳,B,poisson,1.7143,1.3093,0.7638,1,medium demand - volatile
12020485001,多芬潤澤水嫩洗面乳 多芬潤澤洗面乳,B,normal,1.0952,0.9712,0.8868,1,medium demand - volatile
12020498001,曼秀雷敦Acnes多效抗痘洗面乳,C,poisson,0.1905,0.4364,2.2913,2,low demand - intermittent
12020500001,多芬淨透柔嫩洗面乳 多芬淨透洗面乳,B,poisson,0.3333,0.5774,1.7321,2,medium demand - intermittent
12020501001,多芬淨亮彈嫩洗面乳,C,poisson,0.0952,0.3086,3.2404,2,low demand - intermittent
12020901001,萊雅雙效淨化抗暗沉洗面乳 雙效淨化,C,poisson,0.2857,0.5345,1.8708,2,low demand - intermittent
12020914001,家福進口3合1全效卸妝水,C,poisson,0.1429,0.378,2.6458,2,low demand - intermittent
12020920001,Biore深層卸油 深層卸油,C,poisson,0.1905,0.4364,2.2913,2,low demand - intermittent
12020923001,Biore深層卸乳 深層卸乳,C,poisson,0.2381,0.488,2.0494,2,low demand - intermittent
12020925001,Simple清妍極致補水深層潔顏凝露 清妍補水潔顏露,C,poisson,0.0952,0.3086,3.2404,2,low demand - intermittent
12020926001,Simple清妍溫和保濕潔顏乳 清妍保濕潔顏乳,C,poisson,0.1429,0.378,2.6458,2,low demand - intermittent
12020927001,露得清深層淨化抗痘洗面乳 露得清抗痘,C,poisson,0.2857,0.5345,1.8708,2,low demand - intermittent
12020929001,露得清深層淨化亮白洗面乳 露得清亮白洗面,C,poisson,0.0476,0.2182,4.5826,2,low demand - intermittent
12020946001,森田藥玻尿酸臉部去角質凝露 130ml 森田去角質凝露,C,poisson,0.1905,0.4364,2.2913,2,low demand - intermittent
12020952001,露得清深層淨化洗卸輕透潔顏油 露得清洗卸輕透,C,poisson,0.0476,0.2182,4.5826,2,low demand - intermittent
12020955001,Biore舒柔卸水溫潤保濕型 卸水溫潤保濕,C,poisson,0.0476,0.2182,4.5826,2,low demand - intermittent
12020956001,Biore舒柔卸水淨爽控油型 卸水淨爽控油,C,poisson,0.0476,0.2182,4.5826,2,low demand - intermittent
12020957001,澳寶outlast茶樹控油磨砂淨膚潔面乳 茶樹控油潔面乳,C,poisson,0.0476,0.2182,4.5826,2,low demand - intermittent
12020960001,澳寶outlast櫻花亮白彈嫩水潔面乳 櫻花亮潔面乳,C,poisson,0.1429,0.378,2.6458,2,low demand - intermittent
12020961001,蓓舒美海鹽去角質洗面乳 蓓舒美洗面乳,C,poisson,0.1429,0.378,2.6458,2,low demand - intermittent
12020964001,水平衡超濃密水感泡泡洗面乳-清爽水洗面乳-水嫩,C,poisson,0.1429,0.378,2.6458,2,low demand - intermittent
12020965001,水平衡超濃密水感泡泡洗面乳-亮白淨洗面乳-亮白,C,poisson,0.0952,0.3086,3.2404,2,low demand - intermittent
12020966001,水平衡超濃密水感泡泡洗面乳-深層控洗面乳-控油,C,poisson,0.0952,0.3086,3.2404,2,low demand - intermittent
12020969001,上山採藥茶樹粉痘調理洗顏乳100g 茶樹抗痘洗顏乳,C,poisson,0.0952,0.3086,3.2404,2,low demand - intermittent
12020979001,上山採藥青柚籽去角質凝膠100g 青柚籽去角質膠,C,poisson,0.0476,0.2182,4.5826,2,low demand - intermittent
12021020001,肌研極水胺基酸化水400ml 胺基酸化水,C,poisson,0.0476,0.2182,4.5826,2,low demand - intermittent
12021022001,肌研極水薏仁維他命C化水 400ml,C,poisson,0.0952,0.3086,3.2404,2,low demand - intermittent
12021028001,雪芙蘭保濕化妝水 保濕,C,poisson,0.1429,0.378,2.6458,2,low demand - intermittent
12021036001,露得清毛孔細緻化妝水,C,poisson,0.0952,0.3086,3.2404,2,low demand - intermittent
12021042001,雪芙蘭嫩白化妝水 嫩白,C,poisson,0.0476,0.2182,4.5826,2,low demand - intermittent
12021044001,純白專科美肌水-清爽型 純白專科水清爽,C,poisson,0.0476,0.2182,4.5826,2,low demand - intermittent
12021045001,水潤專科保濕化水-清爽型 專科保濕水清爽,C,poisson,0.0476,0.2182,4.5826,2,low demand - intermittent
12021052001,廣源良絲瓜水320ml 廣源良絲瓜水,C,poisson,0.0476,0.2182,4.5826,2,low demand - intermittent
12021064001,BIO碧歐斯三效水養清爽化妝水100ml 水養清爽化妝水,C,poisson,0.0476,0.2182,4.5826,2,low demand - intermittent
12021069001,肌研極潤保濕化水清爽型 極潤化水清爽,C,poisson,0.0476,0.2182,4.5826,2,low demand - intermittent
12021094001,肌研白潤美白化妝水(潤澤),C,poisson,0.0952,0.3086,3.2404,2,low demand - intermittent
12021923001,森田藥玻尿酸水 森田玻尿酸水,C,poisson,0.0952,0.3086,3.2404,2,low demand - intermittent
12021969001,IMJU薏仁清潤化妝水,C,poisson,0.1905,0.4364,2.2913,2,low demand - intermittent
12021993001,廣源良菜瓜水100ml 菜瓜水-100ml,C,poisson,0.0476,0.2182,4.5826,2,low demand - intermittent
12021994001,廣源良菜瓜水180ml 菜瓜水,C,poisson,0.0952,0.3086,3.2404,2,low demand - intermittent
12022005001,肌研極潤保濕乳液 肌研極潤乳液,C,poisson,0.0476,0.2182,4.5826,2,low demand - intermittent
12022008001,肌研極潤金緻高效保濕精華乳 極潤金緻精華乳,C,poisson,0.0476,0.2182,4.5826,2,low demand - intermittent
12022027001,雪芙蘭嫩白水乳液 嫩白水乳液,C,poisson,0.0476,0.2182,4.5826,2,low demand - intermittent
12022030001,妮維雅男士水活保濕精華乳液 水活保濕精華,C,poisson,0.0476,0.2182,4.5826,2,low demand - intermittent
12022034001,Bella Beauty蘆薈保濕凝膠 蘆薈保濕凝膠,C,poisson,0.0952,0.3086,3.2404,2,low demand - intermittent
12022043001,Olay滋潤保濕乳液 一般性肌膚,C,poisson,0.2857,0.5345,1.8708,2,low demand - intermittent
12022043002,Olay滋潤保濕乳液 敏感性肌膚,C,poisson,0.0952,0.3086,3.2404,2,low demand - intermittent
12022047001,水潤專科保濕乳液 專科保濕乳液,C,poisson,0.0952,0.3086,3.2404,2,low demand - intermittent
12022062001,雪芙蘭保濕水乳液 雪芙蘭保濕乳液,C,poisson,0.0476,0.2182,4.5826,2,low demand - intermittent
12022064001,肌研極潤緊緻彈力保濕乳液,C,poisson,0.0952,0.3086,3.2404,2,low demand - intermittent
12022070001,萊雅8效勁能保濕乳液組合包 乳液組合包,C,poisson,0.0476,0.2182,4.5826,2,low demand - intermittent
12022079001,妮維雅涼感長效防曬噴霧 SPF50 涼感長效,C,poisson,0.0476,0.2182,4.5826,2,low demand - intermittent
12022081001,專科完美清透潤色隔離乳 專科潤色隔離乳,C,poisson,0.0476,0.2182,4.5826,2,low demand - intermittent
12022093003,蜜妮含水防曬清透水凝露 含水防曬水凝露,C,poisson,0.1429,0.378,2.6458,2,low demand - intermittent
12022096001,蜜妮高防曬乳液SPF48 高防曬SPF48,B,poisson,0.3333,0.5774,1.7321,2,medium demand - intermittent
12022100001,蜜妮高防曬明亮隔離乳液 SPF50 輕透隔離SPF50,C,poisson,0.0476,0.2182,4.5826,2,low demand - intermittent
12022109001,雪芙蘭蘆薈保濕凝露 蘆薈凝露,C,poisson,0.1905,0.4364,2.2913,2,low demand - intermittent
12022114001,Biore舒涼高防曬乳液 舒涼高防曬乳液,C,poisson,0.0476,0.2182,4.5826,2,low demand - intermittent
12022127001,Olay 防曬淨白乳液UV SPF19,C,poisson,0.0476,0.2182,4.5826,2,low demand - intermittent
12022128001,肌研極潤健康化妝水 肌研健康化水,C,poisson,0.0476,0.2182,4.5826,2,low demand - intermittent
12022137001,雪芙蘭超水感清爽勁涼防曬噴霧 勁涼SPF50+,C,poisson,0.0476,0.2182,4.5826,2,low demand - intermittent
12022153001,自白肌防曬乳SPF50+ 35ml戶外型 自白肌防曬戶外,C,poisson,0.1429,0.378,2.6458,2,low demand - intermittent
12022162001,萊雅完美UV全效隔離乳SPF50+明亮色 隔離乳-明亮,C,poisson,0.0952,0.3086,3.2404,2,low demand - intermittent
12022167001,曼秀雷敦控油醒膚凝膠 控油清爽系列,C,poisson,0.0476,0.2182,4.5826,2,low demand - intermittent
12022171001,萊雅完美UV全效隔離乳SPF50+自然色 隔離乳-自然,C,poisson,0.0952,0.3086,3.2404,2,low demand - intermittent
12022177001,保濕專科修護眼霜,C,poisson,0.0952,0.3086,3.2404,2,low demand - intermittent
12022184001,雪芙蘭超水感防曬噴霧-防水型 防水型,C,poisson,0.0952,0.3086,3.2404,2,low demand - intermittent
12022224001,曼秀雷敦Sunplay防曬乳液 清透涼爽,C,poisson,0.0476,0.2182,4.5826,2,low demand - intermittent
12022265001,肌研極潤完美多效清透凝露UV SPF50+PA++++,C,poisson,0.0476,0.2182,4.5826,2,low demand - intermittent
12022275001,香蕉船曬後修護蘆薈清涼凝露 曬後修護蘆薈,C,poisson,0.0476,0.2182,4.5826,2,low demand - intermittent
12023011001,Farm stay 蘆薈保濕舒緩精華面膜 蘆薈保濕面膜,C,poisson,0.0476,0.2182,4.5826,2,low demand - intermittent
12023015001,Olay滋潤保濕霜 敏感,C,poisson,0.1905,0.4364,2.2913,2,low demand - intermittent
12023022001,Farm stay 牛奶嫩白精華面膜 牛奶嫩白面膜,C,poisson,0.0476,0.2182,4.5826,2,low demand - intermittent
12023025001,森田瞬效極緻保濕精華面膜,B,poisson,0.5238,0.7237,1.3817,2,medium demand - intermittent
12023039001,Farm stay 膠原蛋白補水精華面膜 膠原蛋白面膜,C,poisson,0.0476,0.2182,4.5826,2,low demand - intermittent
12023067001,Farm stay 燕窩保濕亮白精華面膜 燕窩保濕面膜,C,poisson,0.0952,0.3086,3.2404,2,low demand - intermittent
12023071001,Farm stay 珍珠提亮保濕精華面膜 珍珠保濕面膜,C,poisson,0.0952,0.3086,3.2404,2,low demand - intermittent
12023079001,肌研極潤多效精華水感凝露 180ml 肌研水感凝露,C,poisson,0.0476,0.2182,4.5826,2,low demand - intermittent
12023093001,OLAY多元修護日霜2入優惠組 歐蕾多元修護組,C,poisson,0.0476,0.2182,4.5826,2,low demand - intermittent
12023094001,森田極緻超保水美容液面膜7入 超保水美容液,C,poisson,0.0476,0.2182,4.5826,2,low demand - intermittent
12023103001,UNO完效男人保濕乳,C,poisson,0.0476,0.2182,4.5826,2,low demand - intermittent
12023115001,Farm stay 石榴柔膚鎖水精華面膜 石榴柔膚面膜,C,poisson,0.0476,0.2182,4.5826,2,low demand - intermittent
12023125001,Olay活膚精華霜 歐蕾活膚精華霜,C,poisson,0.0476,0.2182,4.5826,2,low demand - intermittent
12023143001,Farm stay 小黃瓜淨嫩補水精華面膜 小黃瓜保濕面膜,C,poisson,0.0952,0.3086,3.2404,2,low demand - intermittent
12023167001,肌研光透潤白金修護美白面膜,C,poisson,0.0952,0.3086,3.2404,2,low demand - intermittent
12023184001,韓國isLeaf極緻水感保濕面膜22ml-蝸牛,C,poisson,0.0476,0.2182,4.5826,2,low demand - intermittent
12023189001,Farm stay 蝸牛補水保濕精華面膜 蝸牛保濕面膜,C,poisson,0.0476,0.2182,4.5826,2,low demand - intermittent
12023195001,我的心機 高效安瓶EX極致淨白面膜4入 安瓶淨白面膜,C,poisson,0.0476,0.2182,4.5826,2,low demand - intermittent
12023202001,我的心機 高效安瓶EX保濕補水面膜4入 安瓶補水面膜,C,poisson,0.0476,0.2182,4.5826,2,low demand - intermittent
12023225001,LUKE維他命果凍眼膜5組入 維他命眼膜,C,poisson,0.0476,0.2182,4.5826,2,low demand - intermittent
12023227001,曼秀雷敦Acnes抗痘筆 Acnes抗痘筆,C,poisson,0.0952,0.3086,3.2404,2,low demand - intermittent
12023263001,曼秀雷敦Acnes抗痘凝膠,C,poisson,0.0476,0.2182,4.5826,2,low demand - intermittent
12023265001,肌研極潤完美多效凝露 極潤系列,C,poisson,0.0476,0.2182,4.5826,2,low demand - intermittent
12023273001,LUKE膠原蛋白果凍眼膜5組入 膠原蛋白眼膜,C,poisson,0.0476,0.2182,4.5826,2,low demand - intermittent
12023278001,OLAY長效保濕凝露50g 長效保濕凝露,C,poisson,0.0476,0.2182,4.5826,2,low demand - intermittent
12023279001,我的心機 蘆薈絲瓜農情補水修護面膜5 滴肌精蘆薈絲瓜,C,poisson,0.0952,0.3086,3.2404,2,low demand - intermittent
12023310001,我的心機 珍珠薏仁農情白皙淡斑面膜5 滴肌精珍珠薏仁,C,poisson,0.0952,0.3086,3.2404,2,low demand - intermittent
12023330001,我的心機 肌優安瓶水活修護面膜4入 肌優活水修護,C,poisson,0.0476,0.2182,4.5826,2,low demand - intermittent
12023331001,森田玻尿酸酵母青春露保濕面膜 酵母青春露,B,poisson,0.4286,0.6547,1.5275,2,medium demand - intermittent
12023332001,我的心機 燕窩蠶絲農情保濕柔嫩面膜5 滴肌精蠶絲燕窩,C,poisson,0.0476,0.2182,4.5826,2,low demand - intermittent
12023393001,美麗日記保濕能亮雙激粹EX+黑珍珠面能量黑珍面膜,C,poisson,0.0476,0.2182,4.5826,2,low demand - intermittent
12023463001,妮維雅男士水活保濕精華凝露 男水活保濕精華,C,poisson,0.0952,0.3086,3.2404,2,low demand - intermittent
12023995001,森田黑珍珠極致潤白黑面膜,C,poisson,0.0952,0.3086,3.2404,2,low demand - intermittent
12030001001,媚比琳超激細抗暈眼線液抗手震版 蜜桃棕,C,poisson,0.0476,0.2182,4.5826,2,low demand - intermittent
12030040001,惹我眉筆 1g,C,poisson,0.0476,0.2182,4.5826,2,low demand - intermittent
12030086001,媚比琳超激細眼線液抗手震黑色,C,poisson,0.0952,0.3086,3.2404,2,low demand - intermittent
12030737001,媚比琳武士道塑型眉筆 灰棕色,C,poisson,0.0476,0.2182,4.5826,2,low demand - intermittent
12030741001,媚比琳武士道塑型眉筆 深棕色,C,poisson,0.0952,0.3086,3.2404,2,low demand - intermittent
12030992001,Za 新魔睫-絕對捲翹睫毛膏,C,poisson,0.0476,0.2182,4.5826,2,low demand - intermittent
12031016001,惹我清爽吸油蜜粉 3.5g,C,poisson,0.0476,0.2182,4.5826,2,low demand - intermittent
12031127001,Za美白聚光智慧BB霜,C,poisson,0.0476,0.2182,4.5826,2,low demand - intermittent
12032035001,曼秀雷敦Lip Pure純淨植物潤脣 無香料,C,poisson,0.0476,0.2182,4.5826,2,low demand - intermittent
12032043007,曼秀雷敦薄荷修護潤唇膏 葯用,C,poisson,0.0476,0.2182,4.5826,2,low demand - intermittent
12032072001,凡士林經典滋潤護唇膏,C,poisson,0.0476,0.2182,4.5826,2,low demand - intermittent
12032076001,Therapind 魔唇修護唇霜(夜間),C,poisson,0.0476,0.2182,4.5826,2,low demand - intermittent
12032101001,妮維雅潤澤修護護唇膏 潤澤護唇膏,C,poisson,0.0476,0.2182,4.5826,2,low demand - intermittent
12032121001,妮維雅極致保濕護脣膏 極致護脣膏,C,poisson,0.1429,0.378,2.6458,2,low demand - intermittent
12032224001,家福修復護唇膏,C,poisson,0.0952,0.3086,3.2404,2,low demand - intermittent
12032226001,雪芙蘭滋潤唇膏--維他命E 5g 雪芙蘭護唇膏,C,poisson,0.1429,0.378,2.6458,2,low demand - intermittent
12032227001,家福保濕護唇膏,C,poisson,0.1429,0.378,2.6458,2,low demand - intermittent
12032228001,雪芙蘭滋潤護唇膏--蘆薈5g,C,poisson,0.1905,0.4364,2.2913,2,low demand - intermittent
12032524001,小甘菊經典修護唇膏 經典修護唇膏,C,poisson,0.0476,0.2182,4.5826,2,low demand - intermittent
12032540001,曼秀雷敦深層保濕潤唇膏-薄荷 薄荷,C,poisson,0.0952,0.3086,3.2404,2,low demand - intermittent
12032541001,曼秀雷敦深層潤唇膏-無香料 無香料,C,poisson,0.1905,0.4364,2.2913,2,low demand - intermittent
12032543001,小蜜媞修護唇膏 小蜜媞修護唇膏,C,poisson,0.1429,0.378,2.6458,2,low demand - intermittent
12033189001,白媞雅去光水,C,poisson,0.0476,0.2182,4.5826,2,low demand - intermittent
12034001001,家福純棉化妝棉 家福純棉化妝棉,C,poisson,0.0952,0.3086,3.2404,2,low demand - intermittent
12034012001,美娜多超服貼化妝棉 超服貼化妝棉,C,poisson,0.1429,0.378,2.6458,2,low demand - intermittent
12034025001,森田藥保濕深層卸妝棉 保濕卸妝棉,C,poisson,0.0952,0.3086,3.2404,2,low demand - intermittent
12034035001,曼秀雷敦Acnes吸油面紙-天然麻 100片,C,poisson,0.0952,0.3086,3.2404,2,low demand - intermittent
12034036001,曼秀雷敦Acnes清爽吸油面紙 60片,C,poisson,0.0952,0.3086,3.2404,2,low demand - intermittent
12034037001,絲花化妝棉82片2入,B,poisson,1.3333,1.1547,0.866,1,medium demand - volatile
12034051001,蘭韻淨角質化妝棉80片 淨角質化妝棉,C,poisson,0.1905,0.4364,2.2913,2,low demand - intermittent
12034053001,蘭韻可撕式化妝棉80片-一般 蘭韻可撕化妝棉,C,poisson,0.2381,0.488,2.0494,2,low demand - intermittent
12034055001,GATSBY潔面濕紙巾(極凍型)超值包 極凍型超值包,C,poisson,0.0476,0.2182,4.5826,2,low demand - intermittent
12034063001,森田藥積雪草肌活緊妍深層卸妝棉48入,C,poisson,0.0476,0.2182,4.5826,2,low demand - intermittent
12034071001,Biore深層卸棉 補充包 卸棉 補充包,C,poisson,0.0952,0.3086,3.2404,2,low demand - intermittent
12034073001,森田藥極淨保濕卸妝棉48片 保濕卸妝棉,C,poisson,0.0476,0.2182,4.5826,2,low demand - intermittent
12034075001,蘭韻化妝棉,B,poisson,1.7619,1.3274,0.7534,1,medium demand - volatile
12034085001,GATSBY潔面濕紙巾大包裝 潔面濕巾-大,C,poisson,0.1429,0.378,2.6458,2,low demand - intermittent
12034086001,GATSBY潔面濕紙巾(冰爽型)大包裝 GBFP冰爽型-大,C,poisson,0.0952,0.3086,3.2404,2,low demand - intermittent
12034087001,GATSBY潔面濕紙巾(冰爽型) GBFP冰爽型,C,poisson,0.0476,0.2182,4.5826,2,low demand - intermittent
12034088001,GATSBY潔面濕紙巾(極凍型) GBFP極凍型,C,poisson,0.1429,0.378,2.6458,2,low demand - intermittent
12034094001,GATSBY潔面濕紙巾(控油型)超值包 控油濕巾42張,C,poisson,0.2857,0.5345,1.8708,2,low demand - intermittent
12034095001,GATSBY潔面濕紙巾(玻尿酸)超值包 玻尿酸濕巾42,C,poisson,0.1429,0.378,2.6458,2,low demand - intermittent
12034097001,家福進口蘆薈化妝棉,C,poisson,0.1905,0.4364,2.2913,2,low demand - intermittent
12034100001,Biore頂級深層卸棉-補充包 卸棉補充包,C,poisson,0.0952,0.3086,3.2404,2,low demand - intermittent
12034103001,森田藥無添加深層卸妝棉 深層卸妝棉,C,poisson,0.0476,0.2182,4.5826,2,low demand - intermittent
12034104001,絲花潤澤化妝棉 潤澤化妝棉,B,poisson,0.3333,0.5774,1.7321,2,medium demand - intermittent
12034126001,COSMOS洗顏刷 洗顏刷,C,poisson,0.0476,0.2182,4.5826,2,low demand - intermittent
12034154001,cosmos 多功能抗菌香皂袋 香皂袋,C,poisson,0.1429,0.378,2.6458,2,low demand - intermittent
12034167001,cosmos 鼻毛修飾剪 鼻毛修飾剪,C,poisson,0.0476,0.2182,4.5826,2,low demand - intermittent
12034171001,cosmos 指甲剪501 指甲剪501,C,poisson,0.0476,0.2182,4.5826,2,low demand - intermittent
12034172001,cosmos 指甲剪502 指甲剪502,C,poisson,0.0476,0.2182,4.5826,2,low demand - intermittent
12034201001,美娜多原色化妝棉180枚 原色棉180枚,C,poisson,0.1905,0.4364,2.2913,2,low demand - intermittent
12034211001,家福進口100純棉化妝棉,C,poisson,0.1429,0.378,2.6458,2,low demand - intermittent
12034240001,cosmos 100ml按壓瓶 100ml壓瓶,C,poisson,0.0476,0.2182,4.5826,2,low demand - intermittent
12034999001,貝拉美人毛穴粉刺鼻頭貼-白,C,poisson,0.0476,0.2182,4.5826,2,low demand - intermittent
12100002001,高露潔全效專業潔淨膏狀牙膏 強效極淨牙膏,B,poisson,0.4762,0.6901,1.4491,2,medium demand - intermittent
12100003001,黑人全亮白牙膏-多效護理 黑人全亮白牙膏,B,poisson,1.0,1.0,1.0,1,medium demand - volatile
12100008001,黑人專業亮白牙膏,C,poisson,0.1429,0.378,2.6458,2,low demand - intermittent
12100009001,天工特效牙膏 天工特效牙膏,C,poisson,0.1905,0.4364,2.2913,2,low demand - intermittent
12100011001,德恩奈超氟牙膏 德恩奈超氟牙,B,poisson,1.5714,1.2536,0.7977,1,medium demand - volatile
12100012001,黑人亮白含氟牙膏 黑人亮白牙膏,B,poisson,0.619,0.7868,1.271,2,medium demand - intermittent
12100013001,高露潔全效專業淨白牙膏 全效美白牙膏,B,poisson,1.4762,1.215,0.8231,1,medium demand - volatile
12100017001,黑人超氟多效護理牙膏 超氟多效護理,C,poisson,0.0476,0.2182,4.5826,2,low demand - intermittent
12100018001,高露潔特涼薄荷牙膏 特涼薄荷牙膏,B,poisson,0.5238,0.7237,1.3817,2,medium demand - intermittent
12100019001,高露潔清香薄荷牙膏 清香薄荷牙膏,C,poisson,0.0476,0.2182,4.5826,2,low demand - intermittent
12100020001,黑人牙膏--茶倍健 龍井綠茶精華,C,poisson,0.1905,0.4364,2.2913,2,low demand - intermittent
12100023001,黑人全亮白牙膏- 青檸薄荷口味 黑人全亮白青檸,B,poisson,0.9524,0.9759,1.0247,2,medium demand - intermittent
12100026001,白人牙膏特特號,A,poisson,3.0,1.7321,0.5774,1,high demand - volatile
12100027001,白人牙膏家庭號 白人牙膏家庭號,B,normal,1.1905,1.2581,1.0568,2,medium demand - intermittent
12100028001,黑人雙重功效含氟牙膏 黑人雙重功效牙,B,poisson,0.9048,0.9512,1.0513,2,medium demand - intermittent
12100039001,黑人超氟強化琺瑯質+亮白牙膏2+1超值 黑人超氟+亮白,A,poisson,7.0,2.6458,0.378,0,high demand - stable
12100040001,白人牙膏超霸號強護法瑯質 白人牙膏255g,B,poisson,0.4762,0.6901,1.4491,2,medium demand - intermittent
12100046001,黑人全亮白牙齦護理牙膏 全亮白礦物鹽,B,poisson,0.7619,0.8729,1.1456,2,medium demand - intermittent
12100049001,Ora2 Me淨白無瑕牙膏蜜桃薄荷香 愛樂齒牙膏百花,B,poisson,0.4286,0.6547,1.5275,2,medium demand - intermittent
12100051001,Ora2 Me淨白無瑕牙膏薄荷香 愛樂齒牙膏天然,B,poisson,0.381,0.6172,1.6202,2,medium demand - intermittent
12100054001,Crest專業鑽白牙膏-鑽亮炫白,C,poisson,0.1905,0.4364,2.2913,2,low demand - intermittent
12100055001,Ora2 Me淨白無瑕牙膏白茶花香 淨白無瑕牙膏白,C,poisson,0.1429,0.378,2.6458,2,low demand - intermittent
12100056001,百齡 天然鹽粒牙膏 鹽粒牙膏,C,poisson,0.1429,0.378,2.6458,2,low demand - intermittent
12100059001,高露潔全效炭深潔牙膏 高露潔炭深潔,C,poisson,0.1905,0.4364,2.2913,2,low demand - intermittent
12100061001,百齡 鹹性牙膏(無氟) 鹹性牙膏,C,poisson,0.0952,0.3086,3.2404,2,low demand - intermittent
12100069001,白人 蜂膠牙膏 白人蜂膠牙膏,B,poisson,0.381,0.6172,1.6202,2,medium demand - intermittent
12100078001,日本獅王固齒佳酵素淨護牙膏-清涼薄荷,C,poisson,0.1429,0.378,2.6458,2,low demand - intermittent
12100091001,台鹽鹹淨潔效牙膏,B,poisson,0.3333,0.5774,1.7321,2,medium demand - intermittent
12100092001,台鹽鹹淨晶亮牙膏 鹹淨晶亮牙膏,C,poisson,0.1905,0.4364,2.2913,2,low demand - intermittent
12100093001,台鹽鹹淨固齒牙膏 鹹淨固齒牙膏,C,poisson,0.1905,0.4364,2.2913,2,low demand - intermittent
12100101001,家樂福亮白晶鹽牙膏 亮白晶鹽牙膏,C,poisson,0.2857,0.5345,1.8708,2,low demand - intermittent
12100102001,家樂福清新薄荷牙膏 清新薄荷牙膏,C,poisson,0.2381,0.488,2.0494,2,low demand - intermittent
12100103001,黑人全亮白密泡小蘇打牙膏 密泡小蘇打牙膏,C,poisson,0.2857,0.5345,1.8708,2,low demand - intermittent
12100911001,獅王固齒佳酵素亮白牙膏-百花 百花薄荷,C,poisson,0.0476,0.2182,4.5826,2,low demand - intermittent
12101001002,高露潔兒童牙膏 水果口味,C,poisson,0.0476,0.2182,4.5826,2,low demand - intermittent
12101003001,德恩奈兒童牙膏,B,poisson,0.6667,0.8165,1.2247,2,medium demand - intermittent
12101004001,舒酸定強化琺瑯質兒童牙膏 舒酸定兒童牙膏,B,poisson,1.2857,1.1339,0.8819,1,medium demand - volatile
12101005001,百齡兒童牙膏 百齡兒童牙膏,C,poisson,0.2381,0.488,2.0494,2,low demand - intermittent
12101009001,Jordan清新水果味兒童牙膏(6-12歲) (6-12歲),C,poisson,0.0952,0.3086,3.2404,2,low demand - intermittent
12101010001,黑人兒童牙膏 黑人兒童牙膏,B,poisson,0.3333,0.5774,1.7321,2,medium demand - intermittent
12101016001,三詩達巧虎兒童牙膏-草莓 巧虎兒童牙膏,C,poisson,0.2381,0.488,2.0494,2,low demand - intermittent
12101020001,獅王兒童牙膏 兒童牙膏,C,poisson,0.2381,0.488,2.0494,2,low demand - intermittent
12101032001,日本獅王麵包超人牙膏-哈密瓜,C,poisson,0.0476,0.2182,4.5826,2,low demand - intermittent
12101033001,日本獅王麵包超人牙膏-草莓 草莓,B,poisson,0.3333,0.5774,1.7321,2,medium demand - intermittent
12101040002,百齡雙氟防蛀兒童牙膏 香檳葡萄,C,poisson,0.1905,0.4364,2.2913,2,low demand - intermittent
12101042001,黑人2-6歲兒童牙膏 2-6歲牙膏,B,poisson,0.3333,0.5774,1.7321,2,medium demand - intermittent
12101043001,黑人6-12歲兒童牙膏,B,poisson,0.4762,0.6901,1.4491,2,medium demand - intermittent
12102003001,高露潔抗敏專家牙膏-修護預防 修護預防,C,poisson,0.0476,0.2182,4.5826,2,low demand - intermittent
12102005001,帝克牙粉 帝克牙粉,B,poisson,0.4286,0.6547,1.5275,2,medium demand - intermittent
12102006001,漬脫牙膏 漬脫牙膏,C,poisson,0.2381,0.488,2.0494,2,low demand - intermittent
12102008001,舒酸定強化琺瑯質牙膏三入超值組 強化琺瑯質三入,B,poisson,1.4762,1.215,0.8231,1,medium demand - volatile
12102010001,高露潔抗敏感牙齦護理牙膏 高露潔抗敏感,B,poisson,0.3333,0.5774,1.7321,2,medium demand - intermittent
12102013001,三詩達藥用鹽牙膏--微粒晶鹽 藥用鹽牙膏,B,poisson,0.7619,0.8729,1.1456,2,medium demand - intermittent
12102014001,高露潔抗敏感清涼薄荷牙膏 清涼薄荷,C,poisson,0.0952,0.3086,3.2404,2,low demand - intermittent
12102016001,保麗淨假牙清潔錠 保麗淨假牙,B,poisson,0.4286,0.6547,1.5275,2,medium demand - intermittent
12102020001,高露潔抗敏感  強護琺瑯質牙膏 高露潔強護琺瑯,B,poisson,0.4286,0.6547,1.5275,2,medium demand - intermittent
12102021001,德恩奈抗敏感三效牙膏,C,poisson,0.0952,0.3086,3.2404,2,low demand - intermittent
12102022001,高露潔抗敏感牙膏-潔淨亮白 高露潔抗敏感 +,C,poisson,0.0952,0.3086,3.2404,2,low demand - intermittent
12102024001,保麗淨假牙黏著劑 保麗淨假牙黏著,C,poisson,0.1905,0.4364,2.2913,2,low demand - intermittent
12102026001,黑人全亮白極緻酵素清爽薄荷牙膏 清爽薄荷,B,poisson,0.4286,0.6547,1.5275,2,medium demand - intermittent
12102029001,歐樂B專業牙齦護理牙膏-深層清潔90g 深層清潔,C,poisson,0.2381,0.488,2.0494,2,low demand - intermittent
12102030001,Ora2愛樂齒晶鑽薄荷新微鈣粒子 Ora2膏,C,poisson,0.1429,0.378,2.6458,2,low demand - intermittent
12102031001,三詩達新一代葉綠素牙膏 新葉綠素牙膏,C,poisson,0.2381,0.488,2.0494,2,low demand - intermittent
12102033001,黑人全亮白極緻酵素淡雅花香牙膏 淡雅花香,C,poisson,0.1429,0.378,2.6458,2,low demand - intermittent
12102035001,日本獅王固齒佳牙膏 獅王牙膏,B,poisson,0.5238,0.7237,1.3817,2,medium demand - intermittent
12102038001,Ora2淨色無瑕極緻牙膏 Ora2精緻牙膏,C,poisson,0.0476,0.2182,4.5826,2,low demand - intermittent
12102041001,牙周適牙齦護理牙膏-深層潔淨 深層潔淨,C,poisson,0.2381,0.488,2.0494,2,low demand - intermittent
12102042001,GUM牙周護理牙膏 牙周護理牙膏,C,poisson,0.2857,0.5345,1.8708,2,low demand - intermittent
12102046001,高露潔抗敏專家牙膏-長效抗敏 長效抗敏,C,poisson,0.0952,0.3086,3.2404,2,low demand - intermittent
12102047001,舒酸定牙齦護理超值組 舒酸錠超值組,C,poisson,0.0952,0.3086,3.2404,2,low demand - intermittent
12102048001,雲南白藥擊漬亮白牙膏 擊漬亮白,B,poisson,0.619,0.7868,1.271,2,medium demand - intermittent
12102053001,舒酸定清涼薄荷加量包 清涼薄荷加量包,B,poisson,0.5714,0.7559,1.3229,2,medium demand - intermittent
12102055001,雲南白藥牙膏-薄荷 雲南白藥牙膏-,B,poisson,0.9524,0.9759,1.0247,2,medium demand - intermittent
12102057001,高露潔全效專業抗敏感牙膏 專業抗敏感牙膏,B,poisson,0.8571,0.9258,1.0801,2,medium demand - intermittent
12102058001,牙周適牙齦護理牙膏-清新薄荷 牙周適牙齦護理,B,poisson,0.5238,0.7237,1.3817,2,medium demand - intermittent
12102059001,保麗淨假牙清潔錠72片 保麗淨假牙清潔,B,poisson,0.5714,0.7559,1.3229,2,medium demand - intermittent
12102060001,舒酸定專業修復抗敏牙膏 舒酸定專業修復,C,poisson,0.1905,0.4364,2.2913,2,low demand - intermittent
12102067001,牙周適固齒護齦高效清新牙膏80g 固齒護齦清新,C,poisson,0.2381,0.488,2.0494,2,low demand - intermittent
12102080001,高露潔抗敏感抗敏護齦2+1超值組 抗敏護齦,B,poisson,1.4286,1.1952,0.8367,1,medium demand - volatile
12102082001,保麗淨局部假牙清潔錠72片2盒組 局部72片2盒,B,poisson,0.4286,0.6547,1.5275,2,medium demand - intermittent
12102086001,舒酸定牙膏清涼薄荷120g三入超值組 清涼薄荷超值組,B,normal,1.8095,1.2581,0.6953,1,medium demand - volatile
12102087001,舒酸定專業抗敏護齦牙膏原味配方100克,B,poisson,0.5238,0.7237,1.3817,2,medium demand - intermittent
12102091001,舒酸定專業抗敏護齦牙膏美白配方100抗敏護齦美白,C,poisson,0.2381,0.488,2.0494,2,low demand - intermittent
12102092001,Drs Formula 固齒健牙齦牙周雙護理牙 牙周雙護理,C,poisson,0.0476,0.2182,4.5826,2,low demand - intermittent
12102095001,台鹽護牙齦抗敏感牙膏,A,poisson,3.619,1.9024,0.5257,1,high demand - volatile
12102097001,Ora2淨色無瑕極緻牙膏柑橘薄荷 柑橘薄荷,C,poisson,0.1429,0.378,2.6458,2,low demand - intermittent
12102100001,紐西蘭紅印護齦蜂膠牙膏 護齦蜂膠牙膏,C,poisson,0.0476,0.2182,4.5826,2,low demand - intermittent
12102101001,舒酸定速效修護抗敏牙膏100g 2入組 速效修護抗敏,C,poisson,0.2381,0.488,2.0494,2,low demand - intermittent
12102105001,舒酸定專業抗敏護齦牙膏沁涼薄荷100抗敏護齦沁涼,B,poisson,0.5238,0.7237,1.3817,2,medium demand - intermittent
12102106001,雲南白藥抗敏牙膏 抗敏感,B,poisson,1.1905,1.0911,0.9165,1,medium demand - volatile
12102108001,SPARKLE 三倍亮白頂級牙膏100g 三倍亮白牙膏,C,poisson,0.0476,0.2182,4.5826,2,low demand - intermittent
12102112001,舒酸定專業修復抗敏牙膏超值組 修復抗敏,B,poisson,0.7143,0.8452,1.1832,2,medium demand - intermittent
12102112002,舒酸定專業修復抗敏牙膏超值組,C,poisson,0.2381,0.488,2.0494,2,low demand - intermittent
12102113001,GUM牙周護理牙膏-清爽岩鹽 盒裝,C,poisson,0.0952,0.3086,3.2404,2,low demand - intermittent
12102114001,日本獅王細潔適齦佳牙膏淨白plus95g 適齦佳淨白95,C,poisson,0.0476,0.2182,4.5826,2,low demand - intermittent
12102116001,保麗淨局部假牙清潔錠72片 保麗淨局部式,B,poisson,0.4762,0.6901,1.4491,2,medium demand - intermittent
12102118001,舒酸定深層潔淨牙膏 深層潔淨,C,poisson,0.0952,0.3086,3.2404,2,low demand - intermittent
12102122001,歐樂B抗敏護齦專業修護90g OB抗敏專業,C,poisson,0.0952,0.3086,3.2404,2,low demand - intermittent
12102123001,SPARKLE 強效亮白去漬牙膏90g,C,poisson,0.0476,0.2182,4.5826,2,low demand - intermittent
12102132001,牙周適牙齦護理牙膏草本修護90g 牙周適草本牙膏,C,poisson,0.2381,0.488,2.0494,2,low demand - intermittent
12102133002,德恩奈口腔護具清潔錠 買一送一組,C,poisson,0.0952,0.3086,3.2404,2,low demand - intermittent
12102134001,歐樂B專業牙齦護理牙膏-持久清新90g 持久清新,C,poisson,0.1905,0.4364,2.2913,2,low demand - intermittent
12102136001,日本獅王NONIO終結口氣牙膏冰炫薄荷 NONIO冰炫,C,poisson,0.2857,0.5345,1.8708,2,low demand - intermittent
12102140001,台鹽護牙齦益牙周牙膏,A,poisson,3.7619,1.9396,0.5156,1,high demand - volatile
12102141001,白人抗敏牙膏 抗敏牙膏,C,poisson,0.0476,0.2182,4.5826,2,low demand - intermittent
12102142001,台鹽護牙齦全亮白牙膏,B,poisson,1.3333,1.1547,0.866,1,medium demand - volatile
12102144001,牙周適固齒護齦亮白牙膏80g 固齒護齦亮白,C,poisson,0.1429,0.378,2.6458,2,low demand - intermittent
12102146001,Crest亮白竹炭116g Crest竹炭,C,poisson,0.0952,0.3086,3.2404,2,low demand - intermittent
12102150001,Crest 鑽感鎖白牙膏-清新亮白 Crest清新亮白,C,poisson,0.2381,0.488,2.0494,2,low demand - intermittent
12102151001,Crest 鑽感鎖白牙膏-冰山鑽白 Crest冰山鑽白,C,poisson,0.1429,0.378,2.6458,2,low demand - intermittent
12102152001,牙周適深層潔淨80克3入贈固齒護齦牙牙周適深層潔淨,B,poisson,1.4762,1.215,0.8231,1,medium demand - volatile
12102153001,日本獅王NONIO終結口氣牙膏清梨薄荷 NONIO清梨,C,poisson,0.2857,0.5345,1.8708,2,low demand - intermittent
12102154001,日本獅王NONIO終結口氣牙膏澄橘薄荷,B,poisson,0.3333,0.5774,1.7321,2,medium demand - intermittent
12102997001,舒酸定速效修護抗敏牙膏 速效修護抗敏,C,poisson,0.1905,0.4364,2.2913,2,low demand - intermittent
12102998001,日本獅王細潔適齦佳牙膏抗敏plus95g 適齦佳抗敏95,C,poisson,0.0476,0.2182,4.5826,2,low demand - intermittent
12102999001,日本獅王細潔適齦佳牙膏修護Plus90g 適齦佳修護90,C,poisson,0.0476,0.2182,4.5826,2,low demand - intermittent
12103003001,高露潔專業型牙刷 專業型牙刷,C,poisson,0.0476,0.2182,4.5826,2,low demand - intermittent
12103004001,舒酸定牙齦護理-抗敏軟毛牙刷3入 舒酸定軟毛牙刷,B,poisson,0.5714,0.7559,1.3229,2,medium demand - intermittent
12103005001,刷樂牙間刷SS極細 刷樂牙間刷,C,poisson,0.0476,0.2182,4.5826,2,low demand - intermittent
12103008001,高露潔強效潔淨牙刷超值組 強效潔淨促銷包,B,poisson,2.1429,1.4639,0.6831,1,medium demand - volatile
12103011001,刷樂備長炭牙刷 刷樂備長炭牙刷,B,poisson,0.5714,0.7559,1.3229,2,medium demand - intermittent
12103012001,高露潔360度抗敏專家牙刷,C,poisson,0.2381,0.488,2.0494,2,low demand - intermittent
12103013001,3M 亮白美齒牙刷 白美齒牙刷,C,poisson,0.0476,0.2182,4.5826,2,low demand - intermittent
12103016001,獅王牙周抗敏感牙刷,B,poisson,0.381,0.6172,1.6202,2,medium demand - intermittent
12103019001,歐樂B Pro 450 3D電動牙刷 Pro450,C,poisson,0.0952,0.3086,3.2404,2,low demand - intermittent
12103020001,刷樂曲線牙刷 刷樂曲線牙刷,C,poisson,0.1429,0.378,2.6458,2,low demand - intermittent
12103021001,家福 FAMILY 牙刷4入 家福 FAMILY 牙,C,poisson,0.0476,0.2182,4.5826,2,low demand - intermittent
12103024001,刷樂極薄炭深潔牙刷 極薄炭深潔牙刷,B,poisson,0.4762,0.6901,1.4491,2,medium demand - intermittent
12103025001,刷樂極薄護齦牙刷 極薄護齦牙刷,B,poisson,0.4762,0.6901,1.4491,2,medium demand - intermittent
12103026001,刷樂新動感牙刷 新個性牙刷,B,poisson,0.4762,0.6901,1.4491,2,medium demand - intermittent
12103027001,刷樂纖柔護齦牙刷,A,normal,2.5238,2.2807,0.9037,1,high demand - volatile
12103029001,高露潔高密細絲護齦牙刷 高密細絲護齦,C,poisson,0.2857,0.5345,1.8708,2,low demand - intermittent
12103030001,刷樂醫生牙刷 醫生牙刷,B,normal,1.381,0.9989,0.7233,1,medium demand - volatile
12103031001,舒酸定深層潔淨-抗敏纖柔毛牙刷3入 舒酸定抗敏牙刷,C,poisson,0.2857,0.5345,1.8708,2,low demand - intermittent
12103036001,3M 8度角潔效抗菌牙刷小刷頭 小刷頭,C,poisson,0.1429,0.378,2.6458,2,low demand - intermittent
12103039001,刷樂彈力牙刷 刷樂彈力牙刷,C,poisson,0.1429,0.378,2.6458,2,low demand - intermittent
12103040001,刷樂牙間刷SSS超極細,C,poisson,0.2857,0.5345,1.8708,2,low demand - intermittent
12103041001,刷樂備長炭亮白牙刷 刷樂備長炭亮白,C,poisson,0.2381,0.488,2.0494,2,low demand - intermittent
12103047001,刷樂炭炫極淨牙刷-炫白極淨 炫白極淨,C,poisson,0.1905,0.4364,2.2913,2,low demand - intermittent
12103048001,高露潔適齒彈力牙刷 適齒彈力牙刷,B,poisson,0.4762,0.6901,1.4491,2,medium demand - intermittent
12103049001,歐樂B 多動向美白電動牙刷刷頭,C,poisson,0.0952,0.3086,3.2404,2,low demand - intermittent
12103050001,歐樂B多動向雙向震動電動牙刷 美白電動牙刷,C,poisson,0.1905,0.4364,2.2913,2,low demand - intermittent
12103052001,歐樂B 電動牙刷杯型彈性刷頭 杯型彈性刷頭,C,poisson,0.0952,0.3086,3.2404,2,low demand - intermittent
12103053001,黑人炭金炫潔牙刷 炭金炫潔,C,poisson,0.0952,0.3086,3.2404,2,low demand - intermittent
12103060001,刷樂臼齒專研牙刷 臼齒專研,B,poisson,0.5238,0.7237,1.3817,2,medium demand - intermittent
12103064001,歐樂B 電動牙刷專業美白刷頭 專業美白刷頭,C,poisson,0.0476,0.2182,4.5826,2,low demand - intermittent
12103066001,刷樂經典牙刷 刷樂經典牙刷,C,poisson,0.0476,0.2182,4.5826,2,low demand - intermittent
12103069001,歐樂B天鵝絨小頭護齦牙刷3入裝 歐樂B牙刷3入,C,poisson,0.0952,0.3086,3.2404,2,low demand - intermittent
12103070001,家福護齒專家硬毛牙刷2入,C,poisson,0.1429,0.378,2.6458,2,low demand - intermittent
12103072001,家福攜帶型牙間刷-S 家福牙間刷-S,C,poisson,0.0952,0.3086,3.2404,2,low demand - intermittent
12103073001,德國百靈歐樂 B動感超潔電動牙 歐樂B動感超潔,C,poisson,0.2381,0.488,2.0494,2,low demand - intermittent
12103075001,家福護齒專家中硬毛牙刷2入,B,poisson,0.5714,0.7559,1.3229,2,medium demand - intermittent
12103080001,刷樂炭密清新牙刷,C,poisson,0.1905,0.4364,2.2913,2,low demand - intermittent
12103081001,獅王細潔標準牙刷,C,poisson,0.0476,0.2182,4.5826,2,low demand - intermittent
12103083001,高露潔潔淨護齦牙刷 潔淨護齦,C,poisson,0.0476,0.2182,4.5826,2,low demand - intermittent
12103089001,高露潔纖柔備長炭牙刷 高露潔纖柔備長,C,poisson,0.2857,0.5345,1.8708,2,low demand - intermittent
12103091001,高露潔高分子超彈極淨牙刷 高分子超彈極淨,C,poisson,0.0476,0.2182,4.5826,2,low demand - intermittent
12103093001,家福 FAMILY 中硬牙刷4入,B,poisson,0.4286,0.6547,1.5275,2,medium demand - intermittent
12103097001,三詩達BUTLER密集植毛護理牙刷-軟毛,C,poisson,0.0476,0.2182,4.5826,2,low demand - intermittent
12103098001,獅王細潔小頭牙刷 細潔小頭,C,poisson,0.0952,0.3086,3.2404,2,low demand - intermittent
12103099001,刷樂多功能備長炭牙刷 多功能備長炭,C,poisson,0.1905,0.4364,2.2913,2,low demand - intermittent
12103101001,刷樂杯型彈力牙刷 9支裝 刷樂杯型牙刷,B,poisson,0.5238,0.7237,1.3817,2,medium demand - intermittent
12103105001,獅王細潔抗敏牙刷 細潔抗敏,B,poisson,0.4762,0.6901,1.4491,2,medium demand - intermittent
12103112001,黑人經典纖柔牙刷 黑人經典纖柔,C,poisson,0.2381,0.488,2.0494,2,low demand - intermittent
12103125001,刷樂纖柔炫麗牙刷 刷樂纖柔炫麗牙,B,poisson,0.5238,0.7237,1.3817,2,medium demand - intermittent
12103126001,黑人淨白去漬牙刷 淨白去漬,C,poisson,0.0476,0.2182,4.5826,2,low demand - intermittent
12103127001,獅王細潔全罩顧捷淨牙刷 全罩顧捷淨,C,poisson,0.0476,0.2182,4.5826,2,low demand - intermittent
12103132001,歐樂B超細毛深層清潔牙刷,C,poisson,0.0952,0.3086,3.2404,2,low demand - intermittent
12103134001,德恩奈幸運星成人牙刷 德恩奈幸運星成,C,poisson,0.1429,0.378,2.6458,2,low demand - intermittent
12103135001,GUM牙周護理牙刷-超彈力極細毛 小頭極軟毛,C,poisson,0.0476,0.2182,4.5826,2,low demand - intermittent
12103139001,獅王細潔全罩顧加護牙刷 全罩顧加護,C,poisson,0.0476,0.2182,4.5826,2,low demand - intermittent
12103144001,獅王細潔無隱角牙刷 小巧頭,B,poisson,0.4286,0.6547,1.5275,2,medium demand - intermittent
12103146001,歐樂B多效5效潔淨牙刷2+1 歐樂B多效5效潔,C,poisson,0.0476,0.2182,4.5826,2,low demand - intermittent
12103147001,日本獅王護齦牙刷 日本獅王護齦牙,C,poisson,0.0476,0.2182,4.5826,2,low demand - intermittent
12103150001,Ora2 Me微觸感牙刷超軟毛 微觸感牙刷超軟,C,poisson,0.1905,0.4364,2.2913,2,low demand - intermittent
12103154001,日本獅王固齒佳薄深潔牙刷-小頭,C,poisson,0.0476,0.2182,4.5826,2,low demand - intermittent
12103155001,Ora2 淨白無瑕牙刷-軟性毛 軟性毛,C,poisson,0.0952,0.3086,3.2404,2,low demand - intermittent
12103156001,Ora2 淨白無瑕牙刷-中性毛 中性毛,C,poisson,0.0476,0.2182,4.5826,2,low demand - intermittent
12103160001,日本獅王固齒佳薄深潔牙刷-超小頭,C,poisson,0.1905,0.4364,2.2913,2,low demand - intermittent
12103170001,歐樂B小頭護齦超細毛牙刷 小頭護齦超細毛,B,poisson,0.4286,0.6547,1.5275,2,medium demand - intermittent
12103174001,麗奇 牙周對策牙刷-短刷頭極細軟毛,C,poisson,0.0952,0.3086,3.2404,2,low demand - intermittent
12103179001,Ora2 Me微觸感牙刷中性毛 微觸感牙刷中性,C,poisson,0.0476,0.2182,4.5826,2,low demand - intermittent
12103183001,刷樂極薄深潔牙刷 極薄深潔牙刷0.3,C,poisson,0.1905,0.4364,2.2913,2,low demand - intermittent
12103899001,黑人炭絲旋潔牙刷,C,poisson,0.1429,0.378,2.6458,2,low demand - intermittent
12104001001,歐樂Ｂ兒童電動牙刷刷頭,C,poisson,0.1905,0.4364,2.2913,2,low demand - intermittent
12104003001,刷樂小胖子兒童牙刷,B,poisson,1.619,1.2724,0.7859,1,medium demand - volatile
12104005001,麗奇X寶可夢兒童護齒組傑尼龜 護齒組-傑尼龜,C,poisson,0.0476,0.2182,4.5826,2,low demand - intermittent
12104006001,歐樂B兒童防蛀牙膏40克2入-冰雪奇緣 歐樂B兒童牙膏,C,poisson,0.0476,0.2182,4.5826,2,low demand - intermittent
12104011001,刷樂極薄防蛀兒童牙刷3支入 極薄防蛀牙刷,B,poisson,0.4762,0.6901,1.4491,2,medium demand - intermittent
12104012001,歐樂B D2兒童電池式電動牙刷 歐樂B兒童電動牙,C,poisson,0.0476,0.2182,4.5826,2,low demand - intermittent
12104013001,美國漫畫兒童牙刷(附刷頭蓋),C,poisson,0.1429,0.378,2.6458,2,low demand - intermittent
12104015001,刷樂炭寶貝牙刷 炭寶貝牙刷,C,poisson,0.0952,0.3086,3.2404,2,low demand - intermittent
12104021001,刷樂西崔寶貝兒童牙刷 3-6歲專用,B,poisson,0.6667,0.8165,1.2247,2,medium demand - intermittent
12104027001,美國原裝進口卡通兒童牙刷,C,poisson,0.0476,0.2182,4.5826,2,low demand - intermittent
12104027002,美國原裝進口卡通兒童牙刷,C,poisson,0.0952,0.3086,3.2404,2,low demand - intermittent
12104032001,歐樂B EB10-2兒童冰雪奇緣刷頭2入 歐樂B冰雪刷頭,C,poisson,0.0952,0.3086,3.2404,2,low demand - intermittent
12104034001,三詩達巧虎園兒牙刷4-6歲 巧虎園兒牙刷,C,poisson,0.0476,0.2182,4.5826,2,low demand - intermittent
12104040001,家福小朋友SOFT (柔軟) 3-6歲牙刷,C,poisson,0.0476,0.2182,4.5826,2,low demand - intermittent
12104042001,獅王細潔兒童牙刷 3-6歲 3-6歲,C,poisson,0.0952,0.3086,3.2404,2,low demand - intermittent
12104046001,獅王細潔兒童牙刷 6-12歲 6-12歲,C,poisson,0.1905,0.4364,2.2913,2,low demand - intermittent
12104047001,歐樂B  D100K 兒童充電式電動牙刷 歐樂B電動牙刷,C,poisson,0.0476,0.2182,4.5826,2,low demand - intermittent
12104050001,Jordan兒童牙刷(3-5歲)超值包(2入),C,poisson,0.2381,0.488,2.0494,2,low demand - intermittent
12104051001,Jordan兒童牙刷(0-2歲)超值包(2入) 牙刷0-2歲,C,poisson,0.1429,0.378,2.6458,2,low demand - intermittent
12104900001,黑人纖柔寶貝兔兒童牙刷,C,poisson,0.0952,0.3086,3.2404,2,low demand - intermittent
12105001001,德恩奈含氟漱口水,B,poisson,0.7619,0.8729,1.1456,2,medium demand - intermittent
12105002001,百齡護牙周到漱口水-晶鹽薄荷 晶鹽薄荷漱口水,C,poisson,0.0476,0.2182,4.5826,2,low demand - intermittent
12105005001,德恩奈深層潔淨漱口水 德恩奈漱口水,C,poisson,0.1429,0.378,2.6458,2,low demand - intermittent
12105006001,GUM牙周護理潔齒液 牙周護理潔齒液,B,poisson,0.381,0.6172,1.6202,2,medium demand - intermittent
12105009001,白人漱口水促銷包,A,poisson,2.3333,1.5275,0.6547,1,high demand - volatile
12105010001,日本獅王細潔適齦佳漱口水450ml 適齦佳漱口水,C,poisson,0.1429,0.378,2.6458,2,low demand - intermittent
12105011001,舒酸定抗敏漱口水酷涼薄荷組 抗敏酷涼薄荷,B,poisson,0.4762,0.6901,1.4491,2,medium demand - intermittent
12105012001,德恩奈兒童漱口水 兒童漱口水,C,poisson,0.1429,0.378,2.6458,2,low demand - intermittent
12105013001,高露潔全效亮白去漬漱口水1+1超值組 亮白去漬漱口水,C,poisson,0.1905,0.4364,2.2913,2,low demand - intermittent
12105014001,李施德霖漱口水綠茶250ml 李施德霖綠茶,C,poisson,0.1429,0.378,2.6458,2,low demand - intermittent
12105017001,T.KI 蜂膠抗敏漱口水620cc T.KI 蜂膠抗敏,C,poisson,0.0476,0.2182,4.5826,2,low demand - intermittent
12105018001,日本獅王固齒佳酵素漱口水 酵素漱口水,C,poisson,0.0952,0.3086,3.2404,2,low demand - intermittent
12105019001,Crest專業鑽白漱口水 500ml 鑽白漱口水,C,poisson,0.0476,0.2182,4.5826,2,low demand - intermittent
12105021001,李施德霖漱口水-天然綠茶 李施德霖漱口水,C,poisson,0.2857,0.5345,1.8708,2,low demand - intermittent
12105023001,T.KI蜂膠隨身型漱口水10ccX24入 T.KI蜂膠隨身漱,C,poisson,0.0952,0.3086,3.2404,2,low demand - intermittent
12105025001,依必朗清新漱口水 清新漱口水,C,poisson,0.0952,0.3086,3.2404,2,low demand - intermittent
12105026001,依必朗超氟漱口水 超氟漱口水,C,poisson,0.0476,0.2182,4.5826,2,low demand - intermittent
12105027001,GUM 牙周護理潔齒液960ml 潔齒液960ml,C,poisson,0.0476,0.2182,4.5826,2,low demand - intermittent
12105029001,Ora2 Me淨白清新漱口水清香蘋果香 清香蘋果,C,poisson,0.1429,0.378,2.6458,2,low demand - intermittent
12105032001,Ora2 極緻香水漱口水-玫瑰果香 玫瑰果香,C,poisson,0.0952,0.3086,3.2404,2,low demand - intermittent
12105034001,李施德霖漱口水組-綠茶+薄荷,B,poisson,1.4762,1.215,0.8231,1,medium demand - volatile
12105036001,Ora2 Me清新漱口水蜜桃 淨白清新漱口水,C,poisson,0.0476,0.2182,4.5826,2,low demand - intermittent
12105037001,李施德霖薄荷750+250 李施德750+250,C,poisson,0.0952,0.3086,3.2404,2,low demand - intermittent
12105043001,刷樂專業護理漱口水超值組 酷涼750*2,C,poisson,0.1905,0.4364,2.2913,2,low demand - intermittent
12105043002,刷樂專業護理漱口水超值組 清新750*2,B,poisson,0.5714,0.7559,1.3229,2,medium demand - intermittent
12105044001,李施德霖全效漱口水 全效漱口水,C,poisson,0.2381,0.488,2.0494,2,low demand - intermittent
12105045001,李施德霖亮白+綠茶漱口水750mlX2,B,poisson,1.1429,1.069,0.9354,1,medium demand - volatile
12105046001,Drs Formula 固齒健兒童含氟漱口水3- 兒童含氟漱口水,C,poisson,0.0952,0.3086,3.2404,2,low demand - intermittent
12105047001,李施德霖漱口水-Zero+綠茶,C,poisson,0.1905,0.4364,2.2913,2,low demand - intermittent
12105049001,白人護理漱口水超值組 護理漱口水,B,poisson,0.9524,0.9759,1.0247,2,medium demand - intermittent
12105051001,百齡雙氟防蛀兒童漱口水 冰淇淋汽水,C,poisson,0.2381,0.488,2.0494,2,low demand - intermittent
12105051002,百齡雙氟防蛀兒童漱口水,C,poisson,0.1905,0.4364,2.2913,2,low demand - intermittent
12105053001,牙周適牙齦專業護理漱口水雙入組,B,poisson,0.4762,0.6901,1.4491,2,medium demand - intermittent
12105055001,李施德霖牙齦護理漱口水 草本薑味,C,poisson,0.2381,0.488,2.0494,2,low demand - intermittent
12105058001,李施德霖全效護理除菌漱口水-無酒精全效護理無酒精,B,poisson,0.3333,0.5774,1.7321,2,medium demand - intermittent
12105059001,刷樂兒童含氟漱口水(青蘋果) 兒童含氟漱口水,B,poisson,0.3333,0.5774,1.7321,2,medium demand - intermittent
12105061001,Ora2 Me淨白清新漱口水青檸 淨白清新漱口水,C,poisson,0.0952,0.3086,3.2404,2,low demand - intermittent
12105063001,李施德霖健康亮白除菌漱口水250ml 亮白,C,poisson,0.2857,0.5345,1.8708,2,low demand - intermittent
12105066001,刷樂專業護理漱口水買超值組-綠茶口味,B,poisson,0.619,0.7868,1.271,2,medium demand - intermittent
12105067001,刷樂全效護理漱口水750ML超值組 刷樂漱口水,B,poisson,0.8095,0.8997,1.1114,2,medium demand - intermittent
12105068001,刷樂專業護理漱口水超值組-蜂膠口味,B,poisson,0.3333,0.5774,1.7321,2,medium demand - intermittent
12105070001,刷樂兒童含氟漱口水(草莓口味) 兒童_草莓,C,poisson,0.2857,0.5345,1.8708,2,low demand - intermittent
12105071001,李施德霖兒童漱口水500ml 兒童漱口水,C,poisson,0.1429,0.378,2.6458,2,low demand - intermittent
12105072001,李施德霖綠茶防蛀護齦漱口水500ml 綠茶,B,poisson,0.3333,0.5774,1.7321,2,medium demand - intermittent
12105908001,李施德霖兒童漱口水500mlx2 兒童漱口水２入,C,poisson,0.2857,0.5345,1.8708,2,low demand - intermittent
12106001001,歐樂B 50M 牙線薄荷微蠟 50M牙線,B,poisson,2.0952,1.4475,0.6908,1,medium demand - volatile
12106002001,刷樂抗敏牙間刷L型(極細SS) 抗敏牙間刷L型,C,poisson,0.0952,0.3086,3.2404,2,low demand - intermittent
12106003001,刷樂高拉力牙線棒 400支 家庭號,C,poisson,0.0952,0.3086,3.2404,2,low demand - intermittent
12106004001,3M兒童安全牙線棒 3M兒童牙線棒,C,poisson,0.2381,0.488,2.0494,2,low demand - intermittent
12106005001,家樂福葉形牙籤刷300支,C,poisson,0.0476,0.2182,4.5826,2,low demand - intermittent
12106006001,刷樂雙線超細滑牙線棒650支入 雙線超細滑牙線,B,poisson,1.1429,1.069,0.9354,1,medium demand - volatile
12106007001,刷樂超細滑潔舌牙線棒-盒裝 超細滑盒裝,C,poisson,0.1429,0.378,2.6458,2,low demand - intermittent
12106012001,家福牙線棒補充包,C,poisson,0.1905,0.4364,2.2913,2,low demand - intermittent
12106013001,刷樂高拉力牙線棒800支 刷樂高拉力牙線,B,poisson,0.8095,0.8997,1.1114,2,medium demand - intermittent
12106014001,刷樂安全牙籤600支 安全牙籤,C,poisson,0.1429,0.378,2.6458,2,low demand - intermittent
12106016002,刷樂含氟潔牙線50M 贈牙線一個,B,poisson,0.5714,0.7559,1.3229,2,medium demand - intermittent
12106019001,刷樂扁線牙線棒400支,B,poisson,0.5238,0.7237,1.3817,2,medium demand - intermittent
12106020001,3M雙線細滑牙線棒補充包-250支 雙線細滑牙線,B,poisson,0.5714,0.7559,1.3229,2,medium demand - intermittent
12106027001,家樂福L型牙間刷-M 家樂福L型牙間,C,poisson,0.0952,0.3086,3.2404,2,low demand - intermittent
12106028001,超值牙線棒補充包,B,normal,1.7143,1.5164,0.8845,1,medium demand - volatile
12106029001,刷樂扁線薄荷味牙線棒 薄荷牙線棒,C,poisson,0.0952,0.3086,3.2404,2,low demand - intermittent
12106030001,歐樂B50M牙線無蠟 50M牙線無蠟,B,poisson,1.0952,1.0465,0.9555,1,medium demand - volatile
12106031001,家樂福葉形牙籤刷600支 葉形牙籤600支,C,poisson,0.1429,0.378,2.6458,2,low demand - intermittent
12106034001,3M 軟式牙間刷80入 80入,C,poisson,0.0476,0.2182,4.5826,2,low demand - intermittent
12106035001,3M雙線細滑牙線棒-盒裝 雙線牙線棒盒裝,C,poisson,0.1905,0.4364,2.2913,2,low demand - intermittent
12106038001,刷樂扁線牙線棒衛生包 刷樂扁線牙線棒,C,poisson,0.2857,0.5345,1.8708,2,low demand - intermittent
12106039001,刷樂扁線牙線棒經濟包 刷樂扁線牙線棒,B,poisson,0.4286,0.6547,1.5275,2,medium demand - intermittent
12106040001,刷樂L型牙間刷SSS L型SSS超極細,C,poisson,0.0952,0.3086,3.2404,2,low demand - intermittent
12106043001,3M 細滑牙線棒盒裝促銷包 160支入,B,poisson,0.6667,0.8165,1.2247,2,medium demand - intermittent
12106044001,3M 細滑牙線棒散裝超值量販包,B,poisson,0.8095,0.8997,1.1114,2,medium demand - intermittent
12106047001,惠百施牙間刷I型SS號,C,poisson,0.0476,0.2182,4.5826,2,low demand - intermittent
12106055001,刷樂超柔順牙線棒500支 刷樂超柔順牙線,C,poisson,0.1429,0.378,2.6458,2,low demand - intermittent
12106056001,刷樂安全牙籤單支衛生包300支 刷樂安全牙籤單,C,poisson,0.2381,0.488,2.0494,2,low demand - intermittent
12106061001,固特齒L型牙間刷-M 固特齒L-M,C,poisson,0.2381,0.488,2.0494,2,low demand - intermittent
12106063001,家樂福L型牙間刷SSS L型牙間SSS,C,poisson,0.1905,0.4364,2.2913,2,low demand - intermittent
12106064001,超值單支攜帶型牙線棒,B,poisson,0.6667,0.8165,1.2247,2,medium demand - intermittent
12106066001,家樂福L型牙間刷-S L型牙間刷 S,C,poisson,0.0476,0.2182,4.5826,2,low demand - intermittent
12106067001,3M雙線細滑牙線棒散裝量販包 雙線牙線棒散裝,B,poisson,0.4762,0.6901,1.4491,2,medium demand - intermittent
12106068001,固特齒L型牙間刷-SSS 固特齒L-SSS,C,poisson,0.0476,0.2182,4.5826,2,low demand - intermittent
12106070001,固特齒牙線棒袋裝 固特齒牙線棒,C,poisson,0.1905,0.4364,2.2913,2,low demand - intermittent
12106073001,刷樂雙線超細滑牙線棒散裝量販包 刷樂雙線超細滑,C,poisson,0.1905,0.4364,2.2913,2,low demand - intermittent
12106075001,固特齒L型牙間刷-SSSS 固特齒L-SSS,C,poisson,0.1905,0.4364,2.2913,2,low demand - intermittent
12106085001,快潔適極細絲滑牙線棒 快潔適牙線棒,C,poisson,0.0476,0.2182,4.5826,2,low demand - intermittent
12106086001,刷樂齒縫牙間刷SSSS 刷樂牙間刷SSSS,B,poisson,0.381,0.6172,1.6202,2,medium demand - intermittent
12106087001,刷樂超細滑潔舌牙線棒-散裝量販包 散裝量販包,C,poisson,0.2381,0.488,2.0494,2,low demand - intermittent
12106088001,刷樂超細滑潔舌牙線棒-單支量販包 單支量販包,C,poisson,0.0952,0.3086,3.2404,2,low demand - intermittent
12106089001,固特齒超咕溜牙線棒1000支盒裝 1000支盒裝,C,poisson,0.0952,0.3086,3.2404,2,low demand - intermittent
12106091001,Crest美白牙貼14次 美白牙貼,C,poisson,0.0952,0.3086,3.2404,2,low demand - intermittent
12106097001,刷樂超細滑潔舌牙線棒650支 細滑潔舌牙線棒,B,poisson,1.2381,1.1127,0.8987,1,medium demand - volatile
12106098001,刷樂雙線超細滑牙線棒-盒裝 雙線超細滑盒裝,C,poisson,0.2381,0.488,2.0494,2,low demand - intermittent
12106101001,固特齒超咕溜單支包牙線棒 單支包盒裝,C,poisson,0.1429,0.378,2.6458,2,low demand - intermittent
12106105001,3M細滑牙線棒補充包-650支 細滑牙線,A,poisson,6.5238,2.5542,0.3915,0,high demand - stable
12106107001,歐樂B 舒適深潔牙線 薄荷,C,poisson,0.2857,0.5345,1.8708,2,low demand - intermittent
12106109002,３Ｍ 細滑微孔潔牙線 藍(40m+30m),C,poisson,0.0476,0.2182,4.5826,2,low demand - intermittent
12106112001,麗奇潔牙線含蠟薄荷 含蠟薄荷,C,poisson,0.0952,0.3086,3.2404,2,low demand - intermittent
12106113001,麗奇潔牙線含蠟無味 含蠟無味,C,poisson,0.0952,0.3086,3.2404,2,low demand - intermittent
12106999001,刷樂超細滑牙線棒350支+雙線50支 細滑+雙線,C,poisson,0.1905,0.4364,2.2913,2,low demand - intermittent
12110003001,舒適牌烏爪潤滑板刮鬍刀 烏爪潤滑板刮鬍,C,poisson,0.0952,0.3086,3.2404,2,low demand - intermittent
12110015001,吉列長柄潤滑輕便刀 吉列長柄潤滑輕,C,poisson,0.1905,0.4364,2.2913,2,low demand - intermittent
12110016001,舒適超鋒3輕便型刮鬍刀 (2+1入) 超鋒3輕便刀,C,poisson,0.0952,0.3086,3.2404,2,low demand - intermittent
12110018001,吉列長柄潤滑輕便刀 吉列長柄潤滑輕,C,poisson,0.1429,0.378,2.6458,2,low demand - intermittent
12110022001,舒適牌防滑輕便刀- 一般型 防滑輕便刀,B,poisson,0.5714,0.7559,1.3229,2,medium demand - intermittent
12110028001,超值輕便型刮鬍刀 輕便刀,B,poisson,0.4286,0.6547,1.5275,2,medium demand - intermittent
12110029001,吉列鋒隱無感刮鬍刀(一刀架兩刀頭) 吉列無感兩刀頭,C,poisson,0.2381,0.488,2.0494,2,low demand - intermittent
12110037001,吉列鋒護潤滑1刀架2刀頭 吉列鋒護1刀2頭,C,poisson,0.1429,0.378,2.6458,2,low demand - intermittent
12110058001,吉列威鋒三3層刮鬍刀架一刀頭 3層刮鬍刀架,C,poisson,0.0952,0.3086,3.2404,2,low demand - intermittent
12110059001,吉列鋒速3刮鬍刀 1刀頭1刀架,C,poisson,0.0952,0.3086,3.2404,2,low demand - intermittent
12110068001,舒適防滑輕便刀滋潤型2+1入 滋潤型2+1入,C,poisson,0.1429,0.378,2.6458,2,low demand - intermittent
12110074001,舒適舒芙仕女除毛刀把-敏感肌 敏感肌-1刀2頭,C,poisson,0.0952,0.3086,3.2404,2,low demand - intermittent
12111003001,舒適牌捍將3刮鬍刀片 舒適捍將3刀片,C,poisson,0.0476,0.2182,4.5826,2,low demand - intermittent
12111010004,吉列鋒隱5+1 刀片四入 鋒隱刀片四入,C,poisson,0.0476,0.2182,4.5826,2,low demand - intermittent
12111014001,舒適超鋒3刮鬍刀片 4入,C,poisson,0.0952,0.3086,3.2404,2,low demand - intermittent
12111030001,舒適水次元5刮鬍刀片,B,poisson,0.381,0.6172,1.6202,2,medium demand - intermittent
12111034001,吉列威鋒三3層刮鬍刀片(3片裝) 3層刮鬍刀片,C,poisson,0.0476,0.2182,4.5826,2,low demand - intermittent
12111074001,吉列無感Proglide系列刮鬍刀頭(8刀頭),C,poisson,0.2381,0.488,2.0494,2,low demand - intermittent
12112002001,舒適牌刮鬍泡--敏感膚質 敏感膚質,B,poisson,0.381,0.6172,1.6202,2,medium demand - intermittent
12112003001,Gillette男用刮鬍泡-敏感性,B,poisson,0.6667,0.8165,1.2247,2,medium demand - intermittent
12112017001,吉列檸檬大鬍泡210g,B,poisson,0.3333,0.5774,1.7321,2,medium demand - intermittent
12112018001,吉列薄荷大鬍泡210g 薄荷鬍泡210g,B,poisson,0.619,0.7868,1.271,2,medium demand - intermittent
12112025001,舒適水次元刮鬍露(保濕型),C,poisson,0.2857,0.5345,1.8708,2,low demand - intermittent
12112026001,舒適水次元刮鬍露(敏感型),C,poisson,0.1429,0.378,2.6458,2,low demand - intermittent
12112038001,妮維雅男士深極炭極淨保濕刮鬍泡200m 男深極炭刮鬍泡,C,poisson,0.1905,0.4364,2.2913,2,low demand - intermittent
12112039001,Gillette男用刮鬍泡-原味 原味,C,poisson,0.1905,0.4364,2.2913,2,low demand - intermittent
12120001001,康乃馨超薄透氣護墊,A,poisson,2.9524,1.7182,0.582,1,high demand - volatile
12120002001,靠得住安全瞬吸香氛護墊標準型,C,poisson,0.0476,0.2182,4.5826,2,low demand - intermittent
12120004001,康乃馨奈米核心健康護墊無香 奈米護墊無香,C,poisson,0.2381,0.488,2.0494,2,low demand - intermittent
12120005001,蘇菲天然草本護墊17.5cm 草本護墊175,C,poisson,0.0952,0.3086,3.2404,2,low demand - intermittent
12120006001,蘇菲繽紛香氣超薄護墊淡雅香氛,B,normal,1.0952,0.9209,0.8408,1,medium demand - volatile
12120007001,蘇菲繽紛香氣超薄護墊玫瑰甜心,B,poisson,0.9524,0.9759,1.0247,2,medium demand - intermittent
12120011001,康乃馨香草花園護墊純淨美國棉 香草花園護墊,C,poisson,0.0952,0.3086,3.2404,2,low demand - intermittent
12120013001,靠得住蘆薈高透氧香氛護墊,C,poisson,0.1905,0.4364,2.2913,2,low demand - intermittent
12120015001,康乃馨奈米核心加長型護墊無香,B,poisson,0.4762,0.6901,1.4491,2,medium demand - intermittent
12120018001,蘇菲繽紛香氣超薄護墊清爽花果,B,poisson,0.5238,0.7237,1.3817,2,medium demand - intermittent
12120024001,蘇菲超輕柔護墊天然無香40P,B,poisson,0.381,0.6172,1.6202,2,medium demand - intermittent
12120025001,靠得住暖心香氛護墊14.5梔子花,B,poisson,1.4762,1.215,0.8231,1,medium demand - volatile
12120026001,靠得住蘆薈高透氧加長護墊,C,poisson,0.2381,0.488,2.0494,2,low demand - intermittent
12120027001,靠得住蘆薈高透氧護墊,C,poisson,0.1905,0.4364,2.2913,2,low demand - intermittent
12120030001,蘇菲超輕柔護墊天然花香40P 超輕柔護墊花香,B,poisson,0.8095,0.8997,1.1114,2,medium demand - intermittent
12120031001,康乃馨奈米核心健康護墊薰衣草 奈米護墊薰衣草,C,poisson,0.0952,0.3086,3.2404,2,low demand - intermittent
12120033001,靠得住暖心香氛護墊14.5杏桃花,C,poisson,0.2857,0.5345,1.8708,2,low demand - intermittent
12120034001,蘇菲極淨肌透氣清新護墊無香 極淨肌護墊無香,B,poisson,0.619,0.7868,1.271,2,medium demand - intermittent
12120036001,Mdmmd.新涼感抑菌衛生棉護墊15cm,C,poisson,0.1429,0.378,2.6458,2,low demand - intermittent
12120038001,康乃馨超薄透氣護墊--微香,B,poisson,1.3333,1.1547,0.866,1,medium demand - volatile
12120039001,蘇菲繽紛香氣超薄護墊沐浴清新,B,poisson,0.5714,0.7559,1.3229,2,medium demand - intermittent
12120040001,來復易瞬吸安心漏尿專用棉墊多量型 漏尿專用多量型,C,poisson,0.0476,0.2182,4.5826,2,low demand - intermittent
12120041001,來復易瞬吸安心漏尿專用棉墊中量型 漏尿專用中量型,C,poisson,0.0952,0.3086,3.2404,2,low demand - intermittent
12120043001,靠得住安全瞬吸無香護墊標準型,C,poisson,0.0476,0.2182,4.5826,2,low demand - intermittent
12120044001,靠得住安全瞬吸無香護墊加長型,B,poisson,1.0,1.0,1.0,1,medium demand - volatile
12120045001,來復易瞬吸安心漏尿專用棉墊少量型 漏尿專用少量型,C,poisson,0.2381,0.488,2.0494,2,low demand - intermittent
12120046001,蘇菲天然草本護墊15.5cm 漢方15.5,C,poisson,0.0952,0.3086,3.2404,2,low demand - intermittent
12120048001,康乃馨律動美人140 貼身護墊微,C,poisson,0.0476,0.2182,4.5826,2,low demand - intermittent
12120049001,康乃馨律動美人140 貼身護墊無 無香,B,poisson,0.4762,0.6901,1.4491,2,medium demand - intermittent
12120052001,蘇菲瞬吸加長護墊17.5cm無香,A,poisson,3.8095,1.9518,0.5123,1,high demand - volatile
12120053001,蘇菲瞬吸加長護墊17.5cm花香,B,poisson,1.6667,1.291,0.7746,1,medium demand - volatile
12120058001,蘇菲瞬吸加長抑菌乾爽護墊20片 加長抑菌護墊,B,poisson,0.8095,0.8997,1.1114,2,medium demand - intermittent
12120060001,蕾妮亞淨妍護墊-天然棉無香,B,poisson,0.4286,0.6547,1.5275,2,medium demand - intermittent
12120061001,靠得住安全瞬吸香氛護墊加長型,B,normal,1.0,0.9258,0.9258,1,medium demand - volatile
12120062001,靠得住蘆薈高透氧香氛加長護墊,B,poisson,0.3333,0.5774,1.7321,2,medium demand - intermittent
12120063001,靠得住健康抑菌護墊標準型,B,poisson,1.9048,1.3801,0.7246,1,medium demand - volatile
12120064001,康乃馨輕柔乾爽護墊 (草本潔淨 康乃馨護墊草本,C,poisson,0.1905,0.4364,2.2913,2,low demand - intermittent
12120065001,康乃馨輕柔乾爽護墊 (無香) 康乃馨護墊無香,C,poisson,0.0476,0.2182,4.5826,2,low demand - intermittent
12120072001,蘇菲瞬吸加長小翅膀護墊175,C,poisson,0.2381,0.488,2.0494,2,low demand - intermittent
12120076001,好自在隱型透氣無香護墊40片,B,poisson,0.3333,0.5774,1.7321,2,medium demand - intermittent
12120078001,好自在隱型清新淡香護墊40片 好自在隱型清新,C,poisson,0.2381,0.488,2.0494,2,low demand - intermittent
12120079001,來復易吸水淨爽護墊少量22片 來復易吸水墊少,C,poisson,0.1905,0.4364,2.2913,2,low demand - intermittent
12120080001,來復易吸水淨爽護墊中量16片 來復易吸水墊中,C,poisson,0.0476,0.2182,4.5826,2,low demand - intermittent
12120081001,來復易吸水淨爽護墊微量40片 來復易吸水墊微,B,poisson,0.3333,0.5774,1.7321,2,medium demand - intermittent
12120082001,靠得住草本瞬吸護墊17.5,B,normal,1.0,1.1127,1.1127,2,medium demand - intermittent
12120083001,靠得住香氛瞬吸護墊-梔子花17.5,B,poisson,0.619,0.7868,1.271,2,medium demand - intermittent
12120085001,愛康超透氣衛生棉護墊4入組,C,poisson,0.1429,0.378,2.6458,2,low demand - intermittent
12120086001,康乃韾清涼護墊加長17cm 清涼護墊17cm,C,poisson,0.2857,0.5345,1.8708,2,low demand - intermittent
12120087001,康乃韾清涼護墊一般15cm 清涼護墊15cm,C,poisson,0.0476,0.2182,4.5826,2,low demand - intermittent
12120088001,康乃韾超薄透氣護墊加長無香 護墊加長無香,B,poisson,0.619,0.7868,1.271,2,medium demand - intermittent
12120089001,蘇菲極淨肌透氣清新護墊花香 極淨肌護墊花香,C,poisson,0.2857,0.5345,1.8708,2,low demand - intermittent
12120090001,蘇菲極淨肌天然棉護墊,C,poisson,0.0476,0.2182,4.5826,2,low demand - intermittent
12120091001,康乃韾超薄透氣護墊加長微香 護墊加長微香,C,poisson,0.1905,0.4364,2.2913,2,low demand - intermittent
12120093001,靠得住茶樹舒涼護墊14.5cm,B,poisson,1.2381,1.1127,0.8987,1,medium demand - volatile
12120094001,靠得住茶樹舒涼護墊瞬吸加長17.5cm,A,poisson,3.1905,1.7862,0.5599,1,high demand - volatile
12120898001,蘇菲瞬吸加長護墊15.5cm無香 蘇菲瞬吸加長15,B,normal,0.9524,0.7854,0.8246,1,medium demand - volatile
12121003001,靠得住溫柔宣言草本抑菌少流量,B,normal,1.5714,1.1369,0.7235,1,medium demand - volatile
12121004001,蘇菲彈力貼身量少潔翼,A,poisson,3.1905,1.7862,0.5599,1,high demand - volatile
12121005001,靠得住草本抑菌衛生棉日用23cm,B,poisson,1.619,1.2724,0.7859,1,medium demand - volatile
12121006002,康乃馨御守棉超薄衛生棉一般流 御守棉一般,C,poisson,0.1429,0.378,2.6458,2,low demand - intermittent
12121007001,康乃馨純淨棉一般流量 純淨棉一般,C,poisson,0.0952,0.3086,3.2404,2,low demand - intermittent
12121009001,Elis 愛麗思清爽零感日用超薄23cm 超薄日用23,C,poisson,0.2381,0.488,2.0494,2,low demand - intermittent
12121010001,康乃馨量少型蝶型衛生棉 量少蝶型衛生棉,C,poisson,0.2857,0.5345,1.8708,2,low demand - intermittent
12121014001,蕾妮亞舒膚超極薄量多日用22.5cm 超極薄量多日用,C,poisson,0.0952,0.3086,3.2404,2,low demand - intermittent
12121015001,蘇菲動感記形日用薄形潔翼18片 動感記形日用,C,poisson,0.2381,0.488,2.0494,2,low demand - intermittent
12121016001,靠得住純白體驗超吸洞日用超薄,B,poisson,0.9048,0.9512,1.0513,2,medium demand - intermittent
12121023001,蘇菲彈力貼身草本抑菌超薄23cm15片 抑菌潔淨23cm,B,normal,1.3333,1.0389,0.7792,1,medium demand - volatile
12121024001,Elis清爽零感日用超薄17 日用超薄17cm,C,poisson,0.1905,0.4364,2.2913,2,low demand - intermittent
12121027001,好自在幻彩液體衛生棉24cm 9片 好自在幻彩24,C,poisson,0.1905,0.4364,2.2913,2,low demand - intermittent
12121028001,好自在純肌絲薄日用24cm10片x3,B,poisson,0.381,0.6172,1.6202,2,medium demand - intermittent
12121029001,好自在純肌貼身日用24cm10片x3,C,poisson,0.1429,0.378,2.6458,2,low demand - intermittent
12121032001,康乃馨輕柔美學貼身棉一般流量 貼身棉一般型,C,poisson,0.0476,0.2182,4.5826,2,low demand - intermittent
12121034001,康乃馨一般流量促銷包,B,poisson,1.619,1.2724,0.7859,1,medium demand - volatile
12121036001,靠得住溫柔宣言輕柔棉日用,B,poisson,0.6667,0.8165,1.2247,2,medium demand - intermittent
12121037001,蘇菲極淨肌草本抑菌日23cm 極淨肌草本抑23,B,poisson,0.4286,0.6547,1.5275,2,medium demand - intermittent
12121038001,蘇菲清新涼感衛生棉23cm黃瓜 微涼棉23cm,B,poisson,0.619,0.7868,1.271,2,medium demand - intermittent
12121039001,Slim Slim輕柔動感衛生棉22.5,C,poisson,0.0952,0.3086,3.2404,2,low demand - intermittent
12121048001,蘇菲極淨肌原生棉超薄潔翼23cm 23cm12片,B,poisson,0.381,0.6172,1.6202,2,medium demand - intermittent
12121050001,蘇菲清新涼感衛生棉23cm薄荷,B,poisson,1.4762,1.215,0.8231,1,medium demand - volatile
12121051001,蘇菲極淨肌原生棉量少型17.5cm 量少18片,C,poisson,0.1905,0.4364,2.2913,2,low demand - intermittent
12121056001,好自在INFINITY液體衛生棉24cm 好自在IN24,B,normal,0.9524,0.8985,0.9434,1,medium demand - volatile
12121059001,蘇菲彈力貼身Happycatch超薄23cm 蘇菲happy棉23,B,poisson,0.6667,0.8165,1.2247,2,medium demand - intermittent
12121060001,靠得住暖心香氛青檸日薄23,C,poisson,0.1429,0.378,2.6458,2,low demand - intermittent
12121061001,Mdmmd.新涼感抑菌衛生棉一般型24.5cm,B,poisson,0.5238,0.7237,1.3817,2,medium demand - intermittent
12121062001,Slim Slim輕柔動感衛生棉25cm,C,poisson,0.1429,0.378,2.6458,2,low demand - intermittent
12121064001,靠得住喵掌包衛生棉24cm 12片入,A,poisson,8.0,2.8284,0.3536,0,high demand - stable
12121065001,靠得住暖心香氛梔子花日薄23,B,poisson,0.381,0.6172,1.6202,2,medium demand - intermittent
12121066001,康乃韾清涼棉一般流量14片2入 清涼棉一般21.5,C,poisson,0.2381,0.488,2.0494,2,low demand - intermittent
12121067001,靠得住草本抑菌極薄23,B,poisson,0.4286,0.6547,1.5275,2,medium demand - intermittent
12121070001,好自在瞬潔乾爽蝶翼23公分,C,poisson,0.2857,0.5345,1.8708,2,low demand - intermittent
12121071001,好自在純棉液體衛生棉日用24cm8片,C,poisson,0.3333,0.5774,1.7321,2,low demand - intermittent
12121072001,蘇菲有機棉日用25cm14片 有機棉日用,B,poisson,0.3333,0.5774,1.7321,2,medium demand - intermittent
12121078001,愛康超透氣衛生棉日用4入組 愛康日用4入組,C,poisson,0.1905,0.4364,2.2913,2,low demand - intermittent
12121079001,好自在少女口袋棉淡香24cm 口袋棉淡香24,C,poisson,0.2381,0.488,2.0494,2,low demand - intermittent
12121081001,蕾妮亞輕潔抑菌量多日用型22.5cm 輕潔抑菌日用型,C,poisson,0.0952,0.3086,3.2404,2,low demand - intermittent
12121082001,靠得住茶樹舒涼棉23cm,B,poisson,0.619,0.7868,1.271,2,medium demand - intermittent
12121085001,好自在少女口袋棉無香24cm,B,poisson,0.4286,0.6547,1.5275,2,medium demand - intermittent
12121087001,蕾妮亞零觸感特薄量多日用22.5cm,B,poisson,0.3333,0.5774,1.7321,2,medium demand - intermittent
12121089001,蕾妮亞零觸感特薄一般量日用20.5cm 零觸感一般日用,B,normal,1.0952,0.8677,0.7922,1,medium demand - volatile
12121091001,蕾妮亞零觸感特薄倍護側邊22.5cm 零觸感倍護側邊,B,normal,1.0952,1.1508,1.0507,2,medium demand - intermittent
12121092001,好自在乾爽瞬潔絲薄24cm 乾爽瞬潔絲薄24,B,poisson,0.381,0.6172,1.6202,2,medium demand - intermittent
12121103001,蘇菲極淨肌原生棉極薄0.1潔翼23cm 極23cm10片,C,poisson,0.2857,0.5345,1.8708,2,low demand - intermittent
12121109001,好自在純肌透氣棉日用24cm16片X2 好自在純肌24,B,poisson,0.6667,0.8165,1.2247,2,medium demand - intermittent
12122001001,蘇菲天然草本衛生棉25cm 草本25cm,C,poisson,0.1905,0.4364,2.2913,2,low demand - intermittent
12122002002,康乃馨御守棉超薄衛生棉量多型,B,poisson,0.6667,0.8165,1.2247,2,medium demand - intermittent
12122003001,純白體驗淨味紫羅蘭日用超薄,B,poisson,1.1905,1.0911,0.9165,1,medium demand - volatile
12122005001,蘇菲極淨肌原生棉超薄潔翼26cm 26cm17片,B,poisson,0.381,0.6172,1.6202,2,medium demand - intermittent
12122007001,蘇菲彈力貼身草本抑菌超薄28cm13片 抑菌潔淨28cm,B,poisson,0.7143,0.8452,1.1832,2,medium demand - intermittent
12122008001,蘇菲彈力貼身極薄0.1日潔翼23 蘇菲彈力貼身極,C,poisson,0.1905,0.4364,2.2913,2,low demand - intermittent
12122009001,蕾妮亞零觸感特薄超涼量多日用22.5cm 零觸感涼量多日,B,poisson,0.4762,0.6901,1.4491,2,medium demand - intermittent
12122011001,蘇菲立體防漏日用潔翼 防漏日用潔翼,C,poisson,0.2381,0.488,2.0494,2,low demand - intermittent
12122012001,蘇菲極緻柔感日用超薄衛生棉 極緻柔感日用,C,poisson,0.381,0.6172,1.6202,2,low demand - intermittent
12122013001,靠得住柔棉超薄護翼日用23,B,poisson,1.8095,1.3452,0.7434,1,medium demand - volatile
12122014001,康乃馨純淨棉量多型 純淨棉量多,B,poisson,0.4762,0.6901,1.4491,2,medium demand - intermittent
12122015001,蘇菲彈力貼身日用潔翼 蘇菲日用潔翼,C,poisson,0.1905,0.4364,2.2913,2,low demand - intermittent
12122016001,蘇菲清新涼感衛生棉25cm黃瓜,B,normal,1.381,1.2527,0.9071,1,medium demand - volatile
12122017001,Elis愛麗思 超防護極安心日用超薄25c 日用超薄25cm,C,poisson,0.0476,0.2182,4.5826,2,low demand - intermittent
12122018001,Mdmmd.新涼感抑菌衛生棉量多型28cm 涼感量多28,B,poisson,0.4762,0.6901,1.4491,2,medium demand - intermittent
12122019001,家樂福輕柔透氣衛生棉日用加長 家福輕柔衛生棉,C,poisson,0.2857,0.5345,1.8708,2,low demand - intermittent
12122020001,蘇菲彈力貼身日用超薄基本23cm16P,B,poisson,1.5714,1.2536,0.7977,1,medium demand - volatile
12122021001,康乃馨輕柔美學貼身棉量多型 貼身棉量多型,B,poisson,0.5714,0.7559,1.3229,2,medium demand - intermittent
12122023002,康乃馨御守棉超薄衛生棉量多加 御守棉量多加長,C,poisson,0.2857,0.5345,1.8708,2,low demand - intermittent
12122024001,好自在少女口袋棉淡香29cm 口袋棉淡香29,C,poisson,0.0952,0.3086,3.2404,2,low demand - intermittent
12122026001,Elis 愛麗思清爽零感日用超薄27cm 超薄日用27,C,poisson,0.0952,0.3086,3.2404,2,low demand - intermittent
12122030001,蕾妮亞零觸感特薄超涼量多日用加長25 零觸感涼日用長,B,poisson,0.4762,0.6901,1.4491,2,medium demand - intermittent
12122032001,靠得住喵掌包衛生棉28cm 9片入,A,poisson,7.2857,2.6992,0.3705,0,high demand - stable
12122034001,好自在INFINITY液體衛生棉27cm 好自在IN27,B,poisson,1.0,1.0,1.0,1,medium demand - volatile
12122035001,好自在純棉液體衛生棉量多日用27cm7好自在棉27,C,poisson,0.2381,0.488,2.0494,2,low demand - intermittent
12122036001,好自在幻彩衛生棉27cm 9片,C,poisson,0.1429,0.378,2.6458,2,low demand - intermittent
12122037001,康乃馨清涼棉量多12片 清涼棉量多25.5,C,poisson,0.0476,0.2182,4.5826,2,low demand - intermittent
12122038001,蕾妮亞舒膚超極薄量多日用加長25cm 超極薄日用加長,C,poisson,0.0952,0.3086,3.2404,2,low demand - intermittent
12122040001,蘇菲肌之呼吸超超薄細緻棉柔日用 蘇菲超超薄細緻,C,poisson,0.2381,0.488,2.0494,2,low demand - intermittent
12122041001,靠得住草本抑菌極薄28,C,poisson,0.1429,0.378,2.6458,2,low demand - intermittent
12122045001,蘇菲彈力貼身Happycatch衛生棉26cm happy棉26,B,poisson,0.3333,0.5774,1.7321,2,medium demand - intermittent
12122050001,靠得住茶樹舒涼棉28cm,B,normal,1.9524,1.5268,0.782,1,medium demand - volatile
12122051001,好自在少女口袋棉無香29cm 口袋棉無香29,C,poisson,0.0952,0.3086,3.2404,2,low demand - intermittent
12122052001,蕾妮亞零觸感特薄量多日用加長25cm,A,poisson,2.2857,1.5119,0.6614,1,high demand - volatile
12122053001,好自在純肌透氣棉日夜用28cm16片X2 好自在純肌28,B,poisson,0.5714,0.7559,1.3229,2,medium demand - intermittent
12122902001,蕾妮亞淨吸柔護日用加長25,C,poisson,0.2857,0.5345,1.8708,2,low demand - intermittent
12122999001,蘇菲彈力貼身日用超薄潔翼23cm14P,A,poisson,6.0952,2.4689,0.405,0,high demand - stable
12123001001,蕾妮亞超吸收褲型衛生棉5片 夜用安全褲,C,poisson,0.1429,0.378,2.6458,2,low demand - intermittent
12123003001,好自在純肌絲薄日用量多28cm,C,poisson,0.1905,0.4364,2.2913,2,low demand - intermittent
12123005001,康乃馨量多超薄蝶型 康乃馨量多超薄,B,poisson,0.6667,0.8165,1.2247,2,medium demand - intermittent
12123007001,靠得住晚安好眠褲 L,B,poisson,0.7143,0.8452,1.1832,2,medium demand - intermittent
12123008001,靠得住純白體驗超吸洞夜用超薄,B,poisson,0.7143,0.8452,1.1832,2,medium demand - intermittent
12123009001,靠得住純白體驗超吸洞夜用超長,B,poisson,0.9524,0.9759,1.0247,2,medium demand - intermittent
12123013001,蘇菲超熟睡超薄細緻棉柔28公分,B,poisson,0.5714,0.7559,1.3229,2,medium demand - intermittent
12123014001,蘇菲超熟睡褲型衛生棉M2片,B,poisson,0.8095,0.8997,1.1114,2,medium demand - intermittent
12123015001,蘇菲超熟睡褲型衛生棉L2片,B,normal,1.2381,1.0191,0.8231,1,medium demand - volatile
12123016002,康乃馨御守棉超薄衛生棉夜加長 御守棉夜用,B,poisson,0.3333,0.5774,1.7321,2,medium demand - intermittent
12123017001,溫柔宣言輕柔棉超夜用超長35cm,C,poisson,0.2857,0.5345,1.8708,2,low demand - intermittent
12123018001,靠得住乾爽超薄棉翼夜用28,C,poisson,0.2381,0.488,2.0494,2,low demand - intermittent
12123019001,靠得住柔棉超薄護翼夜用28,B,poisson,1.6667,1.291,0.7746,1,medium demand - volatile
12123020001,好自在純肌貼身日用量多28cm 好自在純肌貼身,B,poisson,0.381,0.6172,1.6202,2,medium demand - intermittent
12123021001,靠得住晚安好眠褲 M,C,poisson,0.0476,0.2182,4.5826,2,low demand - intermittent
12123023001,純白體驗淨味紫羅蘭夜用超薄,C,poisson,0.1429,0.378,2.6458,2,low demand - intermittent
12123024001,蘇菲超熟睡極緻柔貼衛生棉40cm 極緻柔貼40cm,B,poisson,0.8095,0.8997,1.1114,2,medium demand - intermittent
12123025001,蕾妮亞零觸感特薄超薄涼特長夜用30cm 零觸感涼特長夜,C,poisson,0.1905,0.4364,2.2913,2,low demand - intermittent
12123028001,好自在熊抱安睡42.5cm絲薄極長夜用 好自在熊抱42,B,poisson,0.5714,0.7559,1.3229,2,medium demand - intermittent
12123029001,康乃馨御守棉涼感極長40cm6片 御守棉涼感40,B,poisson,1.0,1.0,1.0,1,medium demand - volatile
12123031001,蘇菲清新涼感微涼小黃瓜衛生棉29cm 29cm10片,B,poisson,0.4286,0.6547,1.5275,2,medium demand - intermittent
12123032001,好自在純肌甜睡棉柔熟睡夜用32cm 純肌熟睡夜32,C,poisson,0.2857,0.5345,1.8708,2,low demand - intermittent
12123033001,蘇菲彈力貼身夜用超薄潔翼28cm12P,A,poisson,3.2381,1.7995,0.5557,1,high demand - volatile
12123034001,蕾妮亞零觸感特薄特長夜用30cm,B,poisson,0.8095,0.8997,1.1114,2,medium demand - intermittent
12123038001,好自在幻彩衛生棉31.7cm 9片,B,poisson,0.381,0.6172,1.6202,2,medium demand - intermittent
12123042001,蘇菲超熟睡超薄乾爽瞬吸28公分 蘇菲超熟睡超薄,B,normal,0.9524,1.09,1.1446,2,medium demand - intermittent
12123043001,好自在熊抱安睡36cm絲薄極長夜用10片 好自在熊抱36,C,poisson,0.2857,0.5345,1.8708,2,low demand - intermittent
12123044001,靠得住好夢香氛夜用棉41cm 10片,C,poisson,0.0476,0.2182,4.5826,2,low demand - intermittent
12123050001,好自在純肌甜睡棉柔極長夜用40cm 純肌極長夜用40,B,poisson,0.6667,0.8165,1.2247,2,medium demand - intermittent
12123052001,蘇菲天然草本衛生棉33cm 草本33cm,C,poisson,0.0476,0.2182,4.5826,2,low demand - intermittent
12123055001,康乃馨夜用特長超薄蝶型 康乃馨夜用特長,B,poisson,0.4286,0.6547,1.5275,2,medium demand - intermittent
12123056001,蕾妮亞零觸感特薄極長夜用40cm 零觸感極長夜用,B,poisson,0.381,0.6172,1.6202,2,medium demand - intermittent
12123057001,蘇菲彈力超熟睡夜用潔翼衛生棉,A,poisson,3.2381,1.7995,0.5557,1,high demand - volatile
12123060001,好自在甜睡瞬潔40cm10片 好自在甜睡瞬潔,C,poisson,0.1905,0.4364,2.2913,2,low demand - intermittent
12123062001,溫柔宣言夜用特長41公分,B,poisson,0.619,0.7868,1.271,2,medium demand - intermittent
12123063001,蘇菲超熟睡夜用28-細緻棉柔,A,poisson,2.5238,1.5887,0.6295,1,high demand - volatile
12123064001,蘇菲超熟睡夜用35-細緻棉柔,A,poisson,3.1429,1.7728,0.5641,1,high demand - volatile
12123066001,蘇菲清新涼感衛生棉35CM薄荷,B,poisson,0.9048,0.9512,1.0513,2,medium demand - intermittent
12123067001,好自在甜睡棉柔40cm10片,B,poisson,0.4286,0.6547,1.5275,2,medium demand - intermittent
12123068001,蘇菲極淨肌原生棉超薄潔翼夜用29cm 夜29cm15片,C,poisson,0.2857,0.5345,1.8708,2,low demand - intermittent
12123069001,蘇菲超熟睡極緻柔貼衛生棉37cm 極緻柔貼37cm,B,poisson,0.9048,0.9512,1.0513,2,medium demand - intermittent
12123070001,靠得住溫柔宣言輕柔棉夜用,C,poisson,0.1905,0.4364,2.2913,2,low demand - intermittent
12123073001,好自在甜睡瞬潔絲薄蝶翼32cm 好自在甜睡瞬潔,B,poisson,0.5238,0.7237,1.3817,2,medium demand - intermittent
12123075001,蘇菲超熟睡棉柔41.5cm,B,normal,1.2381,1.2688,1.0248,2,medium demand - intermittent
12123076001,蘇菲超熟睡網層41.5cm,B,poisson,2.0952,1.4475,0.6908,1,medium demand - volatile
12123077001,蘇菲超熟睡薄棉柔41.5cm 薄棉柔41.5cm,A,poisson,2.2381,1.496,0.6684,1,high demand - volatile
12123079001,好自在INFINITY液體衛生棉34cm 好自在超長夜用,B,normal,1.0,1.1127,1.1127,2,medium demand - intermittent
12123080001,蕾妮亞零觸感特薄超長夜用35cm 零觸感超長夜用,B,poisson,0.619,0.7868,1.271,2,medium demand - intermittent
12123084001,蕾妮亞舒膚超極薄極長夜用40cm 超極薄極長夜用,C,poisson,0.1429,0.378,2.6458,2,low demand - intermittent
12123085001,蘇菲超熟睡超薄乾爽瞬吸層35cm,B,normal,1.2857,0.9828,0.7644,1,medium demand - volatile
12123086001,蘇菲超熟睡超薄細緻棉柔35cm,A,poisson,2.3333,1.5275,0.6547,1,high demand - volatile
12123090001,康乃馨純淨棉量多加長型 純淨棉量多加長,C,poisson,0.1905,0.4364,2.2913,2,low demand - intermittent
12123092001,靠得住好夢香氛夜用棉28cm 12片,B,poisson,0.381,0.6172,1.6202,2,medium demand - intermittent
12123094001,靠得住好夢香氛夜用棉35cm 9片,C,poisson,0.0952,0.3086,3.2404,2,low demand - intermittent
12123096001,蘇菲超熟睡草本抑菌棉柔28cm,B,poisson,0.4286,0.6547,1.5275,2,medium demand - intermittent
12123097001,蘇菲彈力貼身Happycatch衛生棉29cm,B,poisson,0.5714,0.7559,1.3229,2,medium demand - intermittent
12123098001,Elis愛麗思 超防護極安心夜用超薄30c 夜用超薄30cm,C,poisson,0.1429,0.378,2.6458,2,low demand - intermittent
12123099001,靠得住完美封漏後漏終結35,C,poisson,0.1429,0.378,2.6458,2,low demand - intermittent
12123101001,好自在乾爽瞬潔貼身28cm,B,poisson,0.3333,0.5774,1.7321,2,medium demand - intermittent
12123105001,好自在甜睡棉柔加長夜用36cm,C,poisson,0.0476,0.2182,4.5826,2,low demand - intermittent
12123106001,好自在甜睡瞬潔加長夜用36cm,C,poisson,0.0952,0.3086,3.2404,2,low demand - intermittent
12123107001,好自在純肌安睡褲L 4片,B,poisson,0.5714,0.7559,1.3229,2,medium demand - intermittent
12123108001,好自在純肌安睡褲M 4片 純肌安睡褲 M,C,poisson,0.0952,0.3086,3.2404,2,low demand - intermittent
12123109001,蘇菲天然草本衛生棉29cm 草本29cm,C,poisson,0.1905,0.4364,2.2913,2,low demand - intermittent
12123110001,蘇菲極淨肌草本抑菌超薄潔翼29cm 29cm15片,B,poisson,0.381,0.6172,1.6202,2,medium demand - intermittent
12123111001,靠得住完美封漏夜用棉柔28,B,normal,1.0,0.8165,0.8165,1,medium demand - volatile
12123112001,靠得住完美封漏夜用網層28,C,poisson,0.1905,0.4364,2.2913,2,low demand - intermittent
12123123001,Elis清爽零感夜用超薄36 夜用超薄36cm,C,poisson,0.0476,0.2182,4.5826,2,low demand - intermittent
12123127001,康乃馨清涼棉夜用加長8片2入 清涼棉夜用33,B,poisson,0.4762,0.6901,1.4491,2,medium demand - intermittent
12123128001,康乃馨清涼棉量多加長10片2入 清涼棉量多28,B,poisson,0.4286,0.6547,1.5275,2,medium demand - intermittent
12123129001,靠得住暖心香氛梔子花夜薄28,C,poisson,0.2857,0.5345,1.8708,2,low demand - intermittent
12123130001,蘇菲超熟睡極緻柔貼34CM 蘇菲極貼夜用,C,poisson,0.0952,0.3086,3.2404,2,low demand - intermittent
12123131001,蕾妮亞極吸好眠特長夜用35 特長夜35cm,B,poisson,0.5238,0.7237,1.3817,2,medium demand - intermittent
12123132001,蕾妮亞極吸好眠夜用30,C,poisson,0.3333,0.5774,1.7321,2,low demand - intermittent
12123133001,蕾妮亞極吸好眠護邊特長35 護邊35cm,C,poisson,0.1429,0.378,2.6458,2,low demand - intermittent
12123134001,Elis愛麗思 超防護極安心夜用超薄35c 夜用超薄35cm,C,poisson,0.0952,0.3086,3.2404,2,low demand - intermittent
12123135001,靠得住暖心香氛青檸夜薄28,B,poisson,0.381,0.6172,1.6202,2,medium demand - intermittent
12123140001,Mdmmd.新涼感抑菌衛生棉夜用型33cm 涼感夜用33,C,poisson,0.2857,0.5345,1.8708,2,low demand - intermittent
12123143001,靠得住茶樹舒涼棉35cm,B,poisson,0.7619,0.8729,1.1456,2,medium demand - intermittent
12123144001,蘇菲超熟睡草本抑菌棉柔35cm,B,poisson,0.7619,0.8729,1.1456,2,medium demand - intermittent
12123147001,蕾妮亞極吸好眠晚安褲M-L 晚安褲M-L,B,poisson,0.5714,0.7559,1.3229,2,medium demand - intermittent
12123151001,蕾妮亞極吸好眠晚安褲S-M 晚安褲S-M,C,poisson,0.0476,0.2182,4.5826,2,low demand - intermittent
12123897001,康乃馨御守棉夜用極長40cm7片 御守棉夜用極長,B,poisson,1.2381,1.1127,0.8987,1,medium demand - volatile
12123898001,康乃馨御守棉夜用超長36.5cm9 御守棉夜用超長,B,poisson,0.7143,0.8452,1.1832,2,medium demand - intermittent
12123901001,靠得住完美封漏細緻綿柔夜用41,B,normal,1.0952,1.0648,0.9722,1,medium demand - volatile
12123902001,靠得住完美封漏細緻綿柔夜用35,B,poisson,1.0476,1.0235,0.977,1,medium demand - volatile
12123903001,靠得住完美封漏夜用網層41,B,poisson,0.8571,0.9258,1.0801,2,medium demand - intermittent
12124001001,靠得住產褥墊,B,poisson,0.9524,0.9759,1.0247,2,medium demand - intermittent
12125001001,蘇菲導管式棉條一般型 10入,B,poisson,0.6667,0.8165,1.2247,2,medium demand - intermittent
12125003001,靠得住導管式衛生棉條量多型,C,poisson,0.1429,0.378,2.6458,2,low demand - intermittent
12125004001,蘇菲導管式棉條量多型9入 蘇菲導管式棉條,B,poisson,0.5714,0.7559,1.3229,2,medium demand - intermittent
12125005001,蘇菲導管式棉條一般型5入,C,poisson,0.0476,0.2182,4.5826,2,low demand - intermittent
12125006001,蘇菲導管式棉條量多加強 25支 蘇菲導管式衛生,B,poisson,0.5238,0.7237,1.3817,2,medium demand - intermittent
12125007001,OB棉條普通型量販包 OB棉條普通型量,B,poisson,0.7143,0.8452,1.1832,2,medium demand - intermittent
12125013001,蘇菲導管式衛生棉條量少型 蘇菲導管式衛生,C,poisson,0.0952,0.3086,3.2404,2,low demand - intermittent
12125015001,OB衛生棉條迷你型16入 迷你型16入,C,poisson,0.0952,0.3086,3.2404,2,low demand - intermittent
12125023001,魔晰衛生棉條一般型32入,C,poisson,0.1429,0.378,2.6458,2,low demand - intermittent
12125028001,魔晰衛生棉條量多型32入,C,poisson,0.1429,0.378,2.6458,2,low demand - intermittent
12125030001,蘇菲指入式棉條量多加強型 蘇菲指入棉條多,C,poisson,0.1429,0.378,2.6458,2,low demand - intermittent
12130001001,康乃馨替換式紙尿片32片,B,poisson,0.5714,0.7559,1.3229,2,medium demand - intermittent
12130004001,來復易整夜一片安心成人紙尿片,B,poisson,1.2857,1.1339,0.8819,1,medium demand - volatile
12130005001,康乃馨健護平口褲M號 健護平口褲M,C,poisson,0.0476,0.2182,4.5826,2,low demand - intermittent
12130006001,安安床墊型看護墊-超大尺寸 安安床墊型,C,poisson,0.0476,0.2182,4.5826,2,low demand - intermittent
12130007001,來復易內褲型併用尿片 來復易併用尿片,C,poisson,0.1429,0.378,2.6458,2,low demand - intermittent
12130008001,來復易復健照護成人紙尿褲M 來復易復健褲 M,A,poisson,3.6667,1.9149,0.5222,1,high demand - volatile
12130010001,來復易復健照護成人紙尿褲L 來復易復健褲 L,B,normal,1.0476,0.95,0.9068,1,medium demand - volatile
12130011001,安親乾爽抑菌看護墊XXL 安親看護墊XXL,C,poisson,0.0952,0.3086,3.2404,2,low demand - intermittent
12130012001,安安看護墊XXL,B,poisson,0.4286,0.6547,1.5275,2,medium demand - intermittent
12130014001,來復易防漏安心紙尿褲 M 來復易防漏安心,B,poisson,0.3333,0.5774,1.7321,2,medium demand - intermittent
12130016001,安安立體抽換式尿片乾爽柔膚型,B,poisson,0.5714,0.7559,1.3229,2,medium demand - intermittent
12130025001,家樂福成人紙尿褲 XL,C,poisson,0.2857,0.5345,1.8708,2,low demand - intermittent
12130026001,來復易復健照護成人紙尿褲XL 來復易復健褲 XL,A,poisson,2.619,1.6183,0.6179,1,high demand - volatile
12130029001,家樂福成人復健褲M,C,poisson,0.1429,0.378,2.6458,2,low demand - intermittent
12130031001,來復易輕薄安心活力褲大號16片,B,poisson,0.7143,0.8452,1.1832,2,medium demand - intermittent
12130032001,利清爽成人替換式尿片,B,poisson,0.7143,0.8452,1.1832,2,medium demand - intermittent
12130034001,家樂福看護墊L,B,poisson,0.381,0.6172,1.6202,2,medium demand - intermittent
12130035001,來復易輕薄安心活力褲特大號14片,B,poisson,0.4286,0.6547,1.5275,2,medium demand - intermittent
12130038001,安親成人紙尿褲L(含漢方本草),C,poisson,0.0952,0.3086,3.2404,2,low demand - intermittent
12130039001,安親成人紙尿褲M(含漢方本草),C,poisson,0.2857,0.5345,1.8708,2,low demand - intermittent
12130041001,來復易復健褲長時間安心XL號 LL號,C,poisson,0.1905,0.4364,2.2913,2,low demand - intermittent
12130042001,來復易防漏安心紙尿褲 L 來復易防漏安心,B,poisson,0.5238,0.7237,1.3817,2,medium demand - intermittent
12130045001,來復易柔適安心紙尿片,B,poisson,1.7143,1.3093,0.7638,1,medium demand - volatile
12130046001,安安成人紙尿褲-淨爽型M 安安成人紙尿褲,C,poisson,0.2381,0.488,2.0494,2,low demand - intermittent
12130047001,安安成人紙尿褲淨爽型L-XL,B,poisson,0.5714,0.7559,1.3229,2,medium demand - intermittent
12130048001,來復易復健褲長時間安心M號,C,poisson,0.1429,0.378,2.6458,2,low demand - intermittent
12130049001,來復易復健褲長時間安心L號 來復易復健褲長,B,poisson,0.381,0.6172,1.6202,2,medium demand - intermittent
12130051001,安爽特級乾爽成人紙尿褲M-L30P,C,poisson,0.2381,0.488,2.0494,2,low demand - intermittent
12130052001,安爽特級乾爽成人紙尿褲L-XL24 安爽XL號24片,B,poisson,0.5714,0.7559,1.3229,2,medium demand - intermittent
12130071001,安親貼身舒適活力褲L-XL,C,poisson,0.1429,0.378,2.6458,2,low demand - intermittent
12130075001,來復易長時間舒適看護墊超大型,B,poisson,1.1429,1.069,0.9354,1,medium demand - volatile
12130084001,來復易清爽俐落褲M,C,poisson,0.0476,0.2182,4.5826,2,low demand - intermittent
12130085001,來復易呵護透氣黏貼紙尿褲 L 透氣黏貼褲L,B,poisson,0.5238,0.7237,1.3817,2,medium demand - intermittent
12130086001,來復易呵護透氣黏貼紙尿褲 M,B,poisson,2.0476,1.431,0.6988,1,medium demand - volatile
12130088001,來復易呵護透氣黏貼紙尿褲XL,C,poisson,0.1905,0.4364,2.2913,2,low demand - intermittent
12130089001,來復易清爽俐落褲L,C,poisson,0.0952,0.3086,3.2404,2,low demand - intermittent
12130110001,康乃馨成人紙尿褲經濟M,C,poisson,0.1429,0.378,2.6458,2,low demand - intermittent
12130111001,康乃馨替換式紙尿片經濟型30片,C,poisson,0.0952,0.3086,3.2404,2,low demand - intermittent
12130112001,康乃馨成人看護墊經濟型 成人看護墊經濟,B,poisson,0.4286,0.6547,1.5275,2,medium demand - intermittent
12130113001,康乃馨成人紙尿褲經濟L,B,poisson,0.4286,0.6547,1.5275,2,medium demand - intermittent
12140011001,博士倫舒視能保養液300ml*2 300ml*2,C,poisson,0.0476,0.2182,4.5826,2,low demand - intermittent
12150001001,博寶兒護敏洗髮露 博寶兒洗髮露,C,poisson,0.0952,0.3086,3.2404,2,low demand - intermittent
12150005001,嬌生嬰兒柔亮洗髮露 柔亮,C,poisson,0.2857,0.5345,1.8708,2,low demand - intermittent
12150006001,Nac Nac 草本呵護溫和洗髮精,C,poisson,0.0952,0.3086,3.2404,2,low demand - intermittent
12150007001,嬌生嬰兒溫和洗髮露 溫和,C,poisson,0.2857,0.5345,1.8708,2,low demand - intermittent
12150009001,花王兒童洗髮精 花王兒童洗髮精,B,poisson,0.9524,0.9759,1.0247,2,medium demand - intermittent
12150016001,依必朗兒童抗菌洗髮乳 依必朗兒童洗髮,B,poisson,0.8571,0.9258,1.0801,2,medium demand - intermittent
12150027001,Suave兒童洗潤髮乳-涼爽,C,poisson,0.0952,0.3086,3.2404,2,low demand - intermittent
12150039001,嬌生嬰兒活力清新洗髮露 活力清新,C,poisson,0.1429,0.378,2.6458,2,low demand - intermittent
12151001001,嬌生嬰兒皂 嬌生嬰兒皂,B,poisson,0.381,0.6172,1.6202,2,medium demand - intermittent
12151006001,依必朗嬰兒沐浴精 依必朗嬰兒沐浴,C,poisson,0.0476,0.2182,4.5826,2,low demand - intermittent
12151012001,Nac Nac 嬰兒皂 嬰兒皂,C,poisson,0.0952,0.3086,3.2404,2,low demand - intermittent
12151015001,依必朗兒童抗菌沐浴乳 依必朗兒童沐浴,B,poisson,0.8571,0.9258,1.0801,2,medium demand - intermittent
12151018001,Nac Nac牛奶燕麥嬰兒皂 牛奶燕麥嬰兒皂,C,poisson,0.0476,0.2182,4.5826,2,low demand - intermittent
12151020001,嬌生嬰兒淡雅馨香潤膚皂 淡雅馨香,C,poisson,0.2857,0.5345,1.8708,2,low demand - intermittent
12151073001,博寶兒護敏沐浴露 博寶兒沐浴露,C,poisson,0.1429,0.378,2.6458,2,low demand - intermittent
12151088001,嬌生嬰兒牛奶純米沐浴乳 牛奶純米,C,poisson,0.1429,0.378,2.6458,2,low demand - intermittent
12151089001,嬌生嬰兒甜夢沐浴露 甜夢,C,poisson,0.1429,0.378,2.6458,2,low demand - intermittent
12151091001,嬌生嬰兒溫和沐浴露 溫和,C,poisson,0.1429,0.378,2.6458,2,low demand - intermittent
12151092001,嬌生嬰兒牛奶純米沐浴乳 牛奶純米,C,poisson,0.1905,0.4364,2.2913,2,low demand - intermittent
12151094001,嬌生嬰兒溫和沐浴露 溫和,C,poisson,0.2857,0.5345,1.8708,2,low demand - intermittent
12151095001,嬌生嬰兒草本舒活沐浴露 草本舒活,B,poisson,0.3333,0.5774,1.7321,2,medium demand - intermittent
12151096001,嬌生嬰兒甜夢沐浴露 甜夢,B,poisson,0.381,0.6172,1.6202,2,medium demand - intermittent
12151099001,博寶兒艾草萃取髮沐泡泡露-蘋果香波波力艾草髮沐露,C,poisson,0.0476,0.2182,4.5826,2,low demand - intermittent
12151100001,博寶兒蓮花萃取髮沐泡泡露-莓果香波力,C,poisson,0.0476,0.2182,4.5826,2,low demand - intermittent
12151103001,艾惟諾嬰兒寶寶燕麥沐浴洗髮露 Baby wa,C,poisson,0.0476,0.2182,4.5826,2,low demand - intermittent
12151110001,嬌生嬰兒蜜桃水嫩沐浴露 蜜桃水嫩,C,poisson,0.2381,0.488,2.0494,2,low demand - intermittent
12152004001,嬌生嬰兒潤膚油 (清爽配方) 嬌生嬰兒潤膚油,C,poisson,0.1905,0.4364,2.2913,2,low demand - intermittent
12152005001,嬌生嬰兒潤膚油 (滋養配方) 滋養配方嬰兒油,C,poisson,0.0952,0.3086,3.2404,2,low demand - intermittent
12152058001,Nac Nac草本呵護護膚乳液,C,poisson,0.0476,0.2182,4.5826,2,low demand - intermittent
12152062001,嬌生嬰兒甜夢潤膚乳 甜夢,C,poisson,0.1429,0.378,2.6458,2,low demand - intermittent
12153015001,嬌生嬰兒爽身粉,B,poisson,0.4286,0.6547,1.5275,2,medium demand - intermittent
12153016001,嬌生嬰兒三重保護配方爽身粉 三重配方,C,poisson,0.1905,0.4364,2.2913,2,low demand - intermittent
12200001001,家樂福超值平版式花紋衛生紙,A,poisson,10.9048,3.3022,0.3028,0,high demand - stable
12200002001,五月花平版衛生紙300張,A,poisson,10.4286,3.2293,0.3097,0,high demand - stable
12200006001,舒潔平版式衛生紙,A,poisson,10.1905,3.1923,0.3133,0,high demand - stable
12200017001,情人平版衛生紙,A,poisson,2.8571,1.6903,0.5916,1,high demand - volatile
12201001001,得意連續抽取式花紋衛生紙,A,poisson,6.2381,2.4976,0.4004,0,high demand - stable
12201005001,可麗舒抽取衛生紙,A,poisson,4.4286,2.1044,0.4752,0,high demand - stable
12201006001,舒適抽取式衛生紙,C,poisson,0.0476,0.2182,4.5826,2,low demand - intermittent
12201008001,春風黃阿瑪卡通版抽取式衛生紙,B,poisson,0.5714,0.7559,1.3229,2,medium demand - intermittent
12201013001,五月花厚棒抽取式衛生紙,A,poisson,4.0,2.0,0.5,0,high demand - stable
12201020001,春風山茶花精華抽取式衛生紙,B,poisson,0.9048,0.9512,1.0513,2,medium demand - intermittent
12201022001,舒潔濕式衛生紙,B,poisson,0.9524,0.9759,1.0247,2,medium demand - intermittent
12201024001,家樂福超值連續抽取式花紋衛生紙輕巧包,A,poisson,9.4286,3.0706,0.3257,0,high demand - stable
12201030001,舒潔萬用輕巧包衛生紙,A,poisson,2.4286,1.5584,0.6417,1,high demand - volatile
12201031001,得意優質抽取式衛生紙,A,poisson,14.0,3.7417,0.2673,0,high demand - stable
12201034001,Hello Kitty三層抽取式衛生紙,B,poisson,0.8095,0.8997,1.1114,2,medium demand - intermittent
12201035001,五月花聰明萬用紙巾,A,poisson,6.381,2.5261,0.3959,0,high demand - stable
12201037001,五月花蓬厚柔三層抽取衛生紙,A,poisson,6.0476,2.4592,0.4066,0,high demand - stable
12201042001,可麗舒除臭抽取衛生紙,A,poisson,4.0,2.0,0.5,0,high demand - stable
12201043001,春風抽取衛生紙,A,poisson,10.8095,3.2878,0.3042,0,high demand - stable
12201046001,柔情抽取式衛生紙,C,poisson,0.1429,0.378,2.6458,2,low demand - intermittent
12201048001,柔情抽取式衛生紙24入,B,poisson,2.1429,1.4639,0.6831,1,medium demand - volatile
12201049001,五月花清膚柔潤抽取衛生紙,A,poisson,5.1905,2.2783,0.4389,0,high demand - stable
12201051001,春風經濟包抽取衛生紙,B,normal,1.8095,1.2954,0.7159,1,medium demand - volatile
12201053001,舒潔濕式衛生紙外出包,C,poisson,0.1429,0.378,2.6458,2,low demand - intermittent
12201059001,舒潔棉柔舒適抽取衛生紙,B,poisson,0.7619,0.8729,1.1456,2,medium demand - intermittent
12201061001,淨世代環保抽取衛生紙,C,poisson,0.0952,0.3086,3.2404,2,low demand - intermittent
12201064001,倍潔雅柔拭萬用紙巾 倍潔雅萬用紙巾,B,poisson,0.8571,0.9258,1.0801,2,medium demand - intermittent
12201065001,蒲公英環保抽取衛生紙,A,poisson,5.619,2.3705,0.4219,0,high demand - stable
12201067001,唯潔雅輕巧抽取衛生紙 唯潔雅輕巧紙,B,normal,1.1905,1.0519,0.8836,1,medium demand - volatile
12201068001,舒潔絲柔乳液抽取衛生紙超值包,A,poisson,7.9048,2.8115,0.3557,0,high demand - stable
12201069001,春風柔膚感抽取式衛生紙,A,poisson,5.619,2.3705,0.4219,0,high demand - stable
12201071001,得意連續抽取衛生紙-大甲媽版,B,poisson,1.0476,1.0235,0.977,1,medium demand - volatile
12201072001,春風Sillace頂級絲柔乳霜果仁油抽取衛生紙,C,poisson,0.2381,0.488,2.0494,2,low demand - intermittent
12201077001,唯潔雅抽取式衛生紙,C,poisson,0.0952,0.3086,3.2404,2,low demand - intermittent
12201079001,舒潔迪士尼抽取衛生紙,A,poisson,17.381,4.169,0.2399,0,high demand - stable
12201080001,家樂福優質三層抽取式衛生紙,A,poisson,2.381,1.543,0.6481,1,high demand - volatile
12201083001,春風柔韌感山茶花抽取衛生紙,A,poisson,4.0476,2.0119,0.4971,0,high demand - stable
12201084001,家樂福優質抽取式衛生紙,A,poisson,14.1905,3.767,0.2655,0,high demand - stable
12201086001,舒潔女性專用濕式衛生紙,B,poisson,0.4286,0.6547,1.5275,2,medium demand - intermittent
12201095001,舒潔親膚海洋膠原蛋白衛生紙,B,poisson,1.4762,1.215,0.8231,1,medium demand - volatile
12201096001,可麗舒櫻花柔選抽取衛生紙,C,poisson,0.1905,0.4364,2.2913,2,low demand - intermittent
12201097001,舒潔三層竹炭萃取抽取衛生紙,C,poisson,0.1429,0.378,2.6458,2,low demand - intermittent
12201098001,倍潔雅柔軟舒適抽取衛生紙 倍潔雅衛生紙,B,poisson,1.5714,1.2536,0.7977,1,medium demand - volatile
12201099001,倍潔雅3層抽取衛生紙 倍潔雅3層衛生,C,poisson,0.0476,0.2182,4.5826,2,low demand - intermittent
12201101001,唯潔雅潔淨柔感抽取式衛生紙 唯潔雅抽取衛生,A,poisson,3.9524,1.9881,0.503,1,high demand - volatile
12201103001,倍潔雅抽取式衛生紙,A,poisson,8.619,2.9358,0.3406,0,high demand - stable
12201104001,優活抽取式衛生紙 優活抽取衛生紙,A,poisson,6.8095,2.6095,0.3832,0,high demand - stable
12201105001,家樂福抽取式衛生紙-FSC 110x24,A,poisson,18.6667,4.3205,0.2315,0,high demand - stable
12201107001,家樂福抽取式花紋衛生紙-FSC 110X6,B,poisson,0.381,0.6172,1.6202,2,medium demand - intermittent
12201108001,家樂福抽取式花紋衛生紙-FSC130X12,B,normal,1.3333,1.2848,0.9636,1,medium demand - volatile
12201109001,家樂福抽取式花紋衛生紙-FSC110X10,B,poisson,1.0476,1.0235,0.977,1,medium demand - volatile
12201110001,倍潔雅無漂白PEFC衛生紙 倍潔雅無漂白,B,poisson,0.8095,0.8997,1.1114,2,medium demand - intermittent
12201111001,家樂福濕式衛生紙外出包 外出包,C,poisson,0.1905,0.4364,2.2913,2,low demand - intermittent
12201112001,家樂福濕式衛生紙 濕式衛生紙,B,poisson,0.5714,0.7559,1.3229,2,medium demand - intermittent
12201116001,五月花雪絨柔感抽取100抽,B,poisson,0.619,0.7868,1.271,2,medium demand - intermittent
12201120001,家樂福環保抽取式衛生紙 100抽X12包,A,poisson,5.1429,2.2678,0.441,0,high demand - stable
12201122001,舒潔兒童學習專用濕式衛生紙40抽,C,poisson,0.1905,0.4364,2.2913,2,low demand - intermittent
12201123001,舒潔4層抽取衛生紙乳木果90抽,A,poisson,5.3333,2.3094,0.433,0,high demand - stable
12201124001,舒潔歡樂炫彩抽取衛生紙120抽,B,normal,1.8095,1.2196,0.674,1,medium demand - volatile
12201128001,家樂福三層抽取式衛生紙-PEFC 三層抽取衛生紙,C,poisson,0.0476,0.2182,4.5826,2,low demand - intermittent
12201896001,家福超值單抽式柔紙巾,A,poisson,2.1905,1.48,0.6757,1,high demand - volatile
12201897001,舒潔女性專用濕式衛生紙,B,normal,1.0476,0.9989,0.9535,1,medium demand - volatile
12201898001,可麗舒抽取衛生紙100抽,A,poisson,8.7143,2.952,0.3388,0,high demand - stable
12202002001,舒潔捲筒衛生紙,A,poisson,5.1429,2.2678,0.441,0,high demand - stable
12202005001,春風捲筒衛生紙,B,normal,1.7619,1.3058,0.7412,1,medium demand - volatile
12202006001,五月花三層捲筒衛生紙 200張,C,poisson,0.1429,0.378,2.6458,2,low demand - intermittent
12202007001,家樂福超值捲筒式花紋衛生紙,A,poisson,5.7143,2.3905,0.4183,0,high demand - stable
12202008001,家樂福大捲筒縐紋衛生紙,B,poisson,0.9524,0.9759,1.0247,2,medium demand - intermittent
12202009001,家樂福捲筒式花紋衛生紙,B,poisson,0.7143,0.8452,1.1832,2,medium demand - intermittent
12202038001,家樂福環保大捲筒衛生紙,C,poisson,0.1905,0.4364,2.2913,2,low demand - intermittent
12202039001,家樂福環保捲筒衛生紙,B,poisson,2.0476,1.431,0.6988,1,medium demand - volatile
12210003001,春風超柔軟面紙-故宮版,B,poisson,1.4286,1.1952,0.8367,1,medium demand - volatile
12210005001,家福盒裝面紙,B,poisson,1.7619,1.3274,0.7534,1,medium demand - volatile
12210011001,舒潔迪士尼盒裝面紙,B,poisson,1.3333,1.1547,0.866,1,medium demand - volatile
12210018001,家福超值盒裝面紙,A,poisson,4.0952,2.0237,0.4942,0,high demand - stable
12210021001,柔情200盒裝面紙,C,poisson,0.2381,0.488,2.0494,2,low demand - intermittent
12210024001,五月花親肌感盒裝面紙,A,poisson,2.4286,1.5584,0.6417,1,high demand - volatile
12211001001,舒潔旅行包袖珍面紙70抽,C,poisson,0.2381,0.488,2.0494,2,low demand - intermittent
12211004001,家福袖珍包面紙,C,poisson,0.0476,0.2182,4.5826,2,low demand - intermittent
12211005001,春風袖珍包面紙,B,poisson,0.7619,0.8729,1.1456,2,medium demand - intermittent
12211013001,舒潔迪士尼紙手帕,C,poisson,0.1905,0.4364,2.2913,2,low demand - intermittent
12211016001,舒潔迪士尼袖珍包面紙,B,poisson,0.4762,0.6901,1.4491,2,medium demand - intermittent
12211017001,家福超值袖珍包面紙,B,poisson,0.4762,0.6901,1.4491,2,medium demand - intermittent
12211023001,舒潔濕式面紙,C,poisson,0.1429,0.378,2.6458,2,low demand - intermittent
12212001001,家樂福香氛柔濕巾-海洋香氣 家福柔濕巾海洋,C,poisson,0.2381,0.488,2.0494,2,low demand - intermittent
12212002001,好奇潔淨呵護濕巾,C,poisson,0.2381,0.488,2.0494,2,low demand - intermittent
12212003001,家福嬰兒潔膚濕巾補充包,C,poisson,0.1905,0.4364,2.2913,2,low demand - intermittent
12212005001,嬌生嬰兒純水柔濕巾- 一般型,A,poisson,3.0952,1.7593,0.5684,1,high demand - volatile
12212006001,嬌生嬰兒純水柔濕巾- 加厚型,B,normal,1.0,1.1127,1.1127,2,medium demand - intermittent
12212007001,好奇超純水濕巾-加厚型,B,normal,1.0476,1.0455,0.9979,1,medium demand - volatile
12212008001,依必朗超柔潔膚濕紙巾攜帶包 超柔潔膚濕紙巾,B,poisson,0.3333,0.5774,1.7321,2,medium demand - intermittent
12212009001,家樂福香氛柔濕巾-櫻花,C,poisson,0.1429,0.378,2.6458,2,low demand - intermittent
12212010001,康乃馨寶貝天使濕巾 寶貝天使濕巾,C,poisson,0.0952,0.3086,3.2404,2,low demand - intermittent
12212011001,家福成人濕紙巾,B,normal,1.0952,0.9712,0.8868,1,medium demand - volatile
12212013001,家福綠茶清香柔濕巾,C,poisson,0.1905,0.4364,2.2913,2,low demand - intermittent
12212015001,康乃馨Hi-Water水濕巾80 s Hi-Water水濕巾,B,poisson,1.6667,1.291,0.7746,1,medium demand - volatile
12212017001,家福薰衣草柔濕巾,C,poisson,0.1905,0.4364,2.2913,2,low demand - intermittent
12212018001,家樂福香氛柔濕巾-檸檬草 家福柔濕巾檸檬草,C,poisson,0.1905,0.4364,2.2913,2,low demand - intermittent
12212019001,康乃馨寶貝天使潔膚濕巾促銷包 康乃馨寶貝天使,B,normal,1.2857,1.3145,1.0224,2,medium demand - intermittent
12212020001,依必朗抗菌潔膚濕紙巾-綠茶清新 依必朗濕巾綠茶,B,poisson,0.3333,0.5774,1.7321,2,medium demand - intermittent
12212022001,嬌生嬰兒純水柔濕巾20片x6 嬌生濕20X6,C,poisson,0.1905,0.4364,2.2913,2,low demand - intermittent
12212024001,康乃馨抗菌濕巾50片 抗菌濕巾,B,poisson,0.5238,0.7237,1.3817,2,medium demand - intermittent
12212025001,康乃馨寶寶潔膚濕巾補充包 超厚手感,B,poisson,0.9048,0.9512,1.0513,2,medium demand - intermittent
12212027001,好奇純水濕巾厚型箱裝,B,poisson,1.0,1.0,1.0,1,medium demand - volatile
12212030001,家福抗菌潔膚濕巾 柔濕巾,C,poisson,0.2381,0.488,2.0494,2,low demand - intermittent
12212033001,超值潔膚濕巾 超值潔膚濕巾,A,poisson,6.1905,2.4881,0.4019,0,high demand - stable
12212035001,家福嬰兒潔膚濕巾量販包-粉藍,A,poisson,2.4286,1.5584,0.6417,1,high demand - volatile
12212036001,家福嬰兒潔膚濕巾(外出包),B,poisson,0.381,0.6172,1.6202,2,medium demand - intermittent
12212037001,家福嬰兒潔膚濕巾(便利包),C,poisson,0.2857,0.5345,1.8708,2,low demand - intermittent
12212038001,好奇厚型嬰兒濕巾,C,poisson,0.1905,0.4364,2.2913,2,low demand - intermittent
12212040001,依必朗抗菌潔膚濕紙巾88抽-淡雅清香 依必朗濕巾清香,B,poisson,0.4286,0.6547,1.5275,2,medium demand - intermittent
12212044001,舒潔淨99抗菌濕巾,B,poisson,0.3333,0.5774,1.7321,2,medium demand - intermittent
12212056001,沙威隆清爽潔膚抗菌濕巾,B,poisson,0.4762,0.6901,1.4491,2,medium demand - intermittent
12212057001,安親抑菌濕巾-加蓋 安親抑菌濕巾,B,poisson,0.3333,0.5774,1.7321,2,medium demand - intermittent
12212058001,沙威隆清爽抗菌濕巾80抽,B,poisson,0.381,0.6172,1.6202,2,medium demand - intermittent
12212059001,滿意寶寶濕毛巾柔棉型補充包,B,normal,0.9524,0.8985,0.9434,1,medium demand - volatile
12212060001,滿意寶寶濕毛巾棉柔厚型盒裝 棉柔厚型盒裝,C,poisson,0.2857,0.5345,1.8708,2,low demand - intermittent
12212061001,滿意寶寶濕毛巾棉柔厚型補充包,A,poisson,3.0952,1.7593,0.5684,1,high demand - volatile
12212062001,滿意寶寶濕毛巾棉柔厚型外出包,B,poisson,0.619,0.7868,1.271,2,medium demand - intermittent
12212069001,家福嬰兒潔膚濕巾量販包-粉紅 濕巾量販包`,B,poisson,1.619,1.2724,0.7859,1,medium demand - volatile
12212900001,超值潔膚濕巾 超值潔膚濕巾,B,normal,1.7619,1.477,0.8383,1,medium demand - volatile
12212910001,好奇純水濕巾-迪士尼限定版,B,poisson,1.619,1.2724,0.7859,1,medium demand - volatile
12213017001,舒潔頂級3層舒鼻紙手帕,C,poisson,0.1429,0.378,2.6458,2,low demand - intermittent
12220002001,春風超吸收廚房紙巾,A,poisson,12.1429,3.4847,0.287,0,high demand - stable
12220003001,家福超值廚房紙抹布,A,poisson,7.2381,2.6904,0.3717,0,high demand - stable
12220005001,舒潔威象大尺寸家用紙巾,A,poisson,4.381,2.0931,0.4778,0,high demand - stable
12220006001,家福萬用擦拭紙補充組,B,poisson,0.4762,0.6901,1.4491,2,medium demand - intermittent
12220009001,可麗舒廚房紙巾,B,poisson,0.4762,0.6901,1.4491,2,medium demand - intermittent
12220010001,五月花超強韌廚房紙巾,A,poisson,4.7619,2.1822,0.4583,0,high demand - stable
12220011001,五月花厚棒廚房紙巾,B,poisson,0.7619,0.8729,1.1456,2,medium demand - intermittent
12220012001,舒潔家用紙巾 -貼心巧撕,A,poisson,21.0952,4.593,0.2177,0,high demand - stable
12220013001,五月花妙用廚房紙巾,A,poisson,6.3333,2.5166,0.3974,0,high demand - stable
12220014001,百吉牌抽取式廚房紙巾,C,poisson,0.2381,0.488,2.0494,2,low demand - intermittent
12220015001,得意廚房紙巾,A,poisson,4.5238,2.1269,0.4702,0,high demand - stable
12220016001,舒潔VIVA拋棄式布,B,poisson,0.8571,0.9258,1.0801,2,medium demand - intermittent
12220019001,春風三層超厚手家用紙巾,B,poisson,0.7619,0.8729,1.1456,2,medium demand - intermittent
12220021001,舒潔料理控油三層廚紙,B,poisson,0.5714,0.7559,1.3229,2,medium demand - intermittent
12220029001,五月花竹纖維廚房紙巾,C,poisson,0.1905,0.4364,2.2913,2,low demand - intermittent
12221001001,百吉牌擦手紙巾,B,poisson,0.4762,0.6901,1.4491,2,medium demand - intermittent
12221003001,家福擦手紙,A,poisson,2.381,1.543,0.6481,1,high demand - volatile
12221006001,五月花擦手折疊紙巾,A,poisson,2.7619,1.6619,0.6017,1,high demand - volatile
12221008001,春風擦手紙,B,poisson,1.8571,1.3628,0.7338,1,medium demand - volatile
12221009001,春風抽取式廚房紙巾,A,poisson,9.3333,3.0551,0.3273,0,high demand - stable
12221012001,家樂福環保擦手紙200抽X5包,A,poisson,8.1905,2.8619,0.3494,0,high demand - stable
12230006001,滿意寶寶瞬潔乾爽NB,C,poisson,0.0476,0.2182,4.5826,2,low demand - intermittent
12230008001,幫寶適一級幫初生禮盒組,C,poisson,0.0476,0.2182,4.5826,2,low demand - intermittent
12230999001,滿意寶寶極上呵護新生兒 極緻呵護NB,C,poisson,0.0476,0.2182,4.5826,2,low demand - intermittent
12231004001,滿意寶寶極上呵護S60,C,poisson,0.1429,0.378,2.6458,2,low demand - intermittent
12231005001,妙而舒瞬吸舒爽紙尿褲 S 妙而舒S,C,poisson,0.2857,0.5345,1.8708,2,low demand - intermittent
12231027001,妙而舒頂柔舒護紙尿褲-S,C,poisson,0.0476,0.2182,4.5826,2,low demand - intermittent
12232001001,幫寶適一級幫M號箱-EC 幫寶適一級幫M箱,C,poisson,0.0476,0.2182,4.5826,2,low demand - intermittent
12232010001,幫寶適一級幫紙尿褲M號 一級幫M,C,poisson,0.0476,0.2182,4.5826,2,low demand - intermittent
12232017001,滿意寶寶極上呵護 M,C,poisson,0.0952,0.3086,3.2404,2,low demand - intermittent
12232999001,妙而舒瞬吸舒爽紙尿褲 M 妙而舒M,B,poisson,0.9048,0.9512,1.0513,2,medium demand - intermittent
12233011001,滿意寶寶極上呵護 L 極緻呵護L52,C,poisson,0.0952,0.3086,3.2404,2,low demand - intermittent
12233019001,幫寶適一級幫L號箱-EC 幫寶適一級幫L箱,C,poisson,0.0476,0.2182,4.5826,2,low demand - intermittent
12233023001,妙而舒瞬吸舒爽紙尿褲 L 妙而舒L,B,poisson,1.2857,1.1339,0.8819,1,medium demand - volatile
12233028001,滿意活潑寶寶紙尿褲L號44+2片 活潑寶寶L號,C,poisson,0.0952,0.3086,3.2404,2,low demand - intermittent
12233034001,幫寶適一級幫拉拉褲L箱,C,poisson,0.1429,0.378,2.6458,2,low demand - intermittent
12233035001,妙而舒妙兒褲L號 妙而舒妙兒褲L,C,poisson,0.0952,0.3086,3.2404,2,low demand - intermittent
12234005001,幫寶適一級幫紙尿褲XL號 一級幫XL,C,poisson,0.0476,0.2182,4.5826,2,low demand - intermittent
12234029001,妙而舒瞬吸舒爽紙尿褲 XL,B,poisson,2.4762,1.5736,0.6355,1,medium demand - volatile
12234036001,妙而舒妙兒褲 XXL28片 妙而舒妙兒褲,C,poisson,0.2857,0.5345,1.8708,2,low demand - intermittent
12234037001,妙而舒妙而褲XL44,C,poisson,0.1429,0.378,2.6458,2,low demand - intermittent
12234038001,幫寶適一級幫拉拉褲XL箱,C,poisson,0.1905,0.4364,2.2913,2,low demand - intermittent
12234901001,幫寶適超薄乾爽紙尿褲XL 超薄乾爽XL,C,poisson,0.1429,0.378,2.6458,2,low demand - intermittent
12234915001,幫寶適超薄乾爽拉拉褲XL號,C,poisson,0.1905,0.4364,2.2913,2,low demand - intermittent
12234916001,幫寶適超薄乾爽拉拉褲XXL號 幫寶適薄褲型,C,poisson,0.0476,0.2182,4.5826,2,low demand - intermittent
12234920001,滿意寶寶瞬潔乾爽輕巧褲XL號38片,C,poisson,0.0476,0.2182,4.5826,2,low demand - intermittent
12234921001,滿意寶寶瞬潔乾爽輕巧褲XXL號26片,C,poisson,0.0476,0.2182,4.5826,2,low demand - intermittent
12234934001,幫寶適一級幫拉拉褲XL,C,poisson,0.0476,0.2182,4.5826,2,low demand - intermittent
12301001001,超值螺旋棉花棒,B,poisson,1.1905,1.0911,0.9165,1,medium demand - volatile
12301004001,菲力家族粗軸棉花棒,B,poisson,0.4286,0.6547,1.5275,2,medium demand - intermittent
12301005001,固特齒紙軸棉花棒 固特齒棉花棒,B,poisson,0.7143,0.8452,1.1832,2,medium demand - intermittent
12301009001,菲力家族螺旋彩妝棉花棒200支*,B,poisson,0.5238,0.7237,1.3817,2,medium demand - intermittent
12301010001,菲力家族棉花棒細軸200支*2 菲力家族棉花棒,B,poisson,0.5238,0.7237,1.3817,2,medium demand - intermittent
12301011001,菲力家族棉花棒600支,A,poisson,3.1429,1.7728,0.5641,1,high demand - volatile
12301023001,家樂福螺旋棉花棒 家樂福螺旋棉花,B,poisson,0.4762,0.6901,1.4491,2,medium demand - intermittent
12301024001,快潔適環保紙軸棉花棒 快潔適棉花棒,C,poisson,0.2857,0.5345,1.8708,2,low demand - intermittent
12301025001,超值塑軸棉花棒,B,normal,2.0476,1.3619,0.6651,1,medium demand - volatile
12301026001,快潔適黑色紙軸棉花棒,C,poisson,0.1905,0.4364,2.2913,2,low demand - intermittent
12301027001,家樂福塑軸棉花棒 家福塑軸棉花棒,B,poisson,0.4286,0.6547,1.5275,2,medium demand - intermittent
12302008001,親密保養潤滑凝露 親密保養潤滑凝,C,poisson,0.1429,0.378,2.6458,2,low demand - intermittent
12302044001,XCREME保濕潤滑液,C,poisson,0.0952,0.3086,3.2404,2,low demand - intermittent
12302047001,XCREME冰晶潤滑液,C,poisson,0.0476,0.2182,4.5826,2,low demand - intermittent
12302118001,Safeway數位顆粒型衛生套14入 顆粒衛生套14,C,poisson,0.1429,0.378,2.6458,2,low demand - intermittent
12302120001,Safeway數位潤滑型衛生套14入 潤滑衛生套14,C,poisson,0.1429,0.378,2.6458,2,low demand - intermittent
12320018001,好立善鐵+C+B發泡錠 FECB發泡錠,C,poisson,0.1429,0.378,2.6458,2,low demand - intermittent
12320030001,三多金盞花葉黃素Plus蝦紅素軟膠囊 葉黃+蝦紅膠囊,C,poisson,0.0952,0.3086,3.2404,2,low demand - intermittent
12320175001,好立善綜合維他命發泡錠 維他命發泡錠,C,poisson,0.1905,0.4364,2.2913,2,low demand - intermittent
12320176001,好立善鎂發泡錠 鎂發泡錠,C,poisson,0.1905,0.4364,2.2913,2,low demand - intermittent
12320188001,好立善超級B群發泡錠 超級B群發泡錠,C,poisson,0.0476,0.2182,4.5826,2,low demand - intermittent
12321040001,三多顆粒卵磷脂 顆粒卵磷脂,C,poisson,0.2857,0.5345,1.8708,2,low demand - intermittent
12321135001,台糖紅麴(健規字號000005號) 紅麴,C,poisson,0.0476,0.2182,4.5826,2,low demand - intermittent
12322057001,三多天然葡萄糖胺液禮盒16入 葡萄糖胺液禮盒,C,poisson,0.0476,0.2182,4.5826,2,low demand - intermittent
12323010001,三多女性B群Plus鐵鎂60錠 女性B群鐵鎂,C,poisson,0.0952,0.3086,3.2404,2,low demand - intermittent
12323109001,三多魚膠原蛋白C-盒裝28入 三多魚膠原蛋白,C,poisson,0.0952,0.3086,3.2404,2,low demand - intermittent
12323111001,三多天然蔓越莓 三多天然蔓越莓,C,poisson,0.0476,0.2182,4.5826,2,low demand - intermittent
12323204001,三多維他命C+E Plus口含錠 C+E口含錠,C,poisson,0.0476,0.2182,4.5826,2,low demand - intermittent
12324139001,三多男性薑黃鋅複方錠 男性薑黃鋅複方,C,poisson,0.0952,0.3086,3.2404,2,low demand - intermittent
12325047001,台塑生醫-舒暢益生菌 台塑舒暢益生菌,C,poisson,0.0952,0.3086,3.2404,2,low demand - intermittent
12325186001,台糖果寡醣(400g) 果寡醣,C,poisson,0.0476,0.2182,4.5826,2,low demand - intermittent
12326002001,NV黃金比例金盞花葉黃素軟膠 金盞花葉黃素,C,poisson,0.0476,0.2182,4.5826,2,low demand - intermittent
12326005001,紅牛聰勁即溶乳清蛋白-可可風味 紅牛乳清可可,C,poisson,0.0476,0.2182,4.5826,2,low demand - intermittent
12326090001,三多素食金盞花葉黃素植物性膠囊 葉黃素,C,poisson,0.0952,0.3086,3.2404,2,low demand - intermittent
12326121001,日本味王防彈咖啡 防彈咖啡,C,poisson,0.0476,0.2182,4.5826,2,low demand - intermittent
12326152001,三多金盞花葉黃素複方100,B,poisson,0.4762,0.6901,1.4491,2,medium demand - intermittent
12326167001,三多消化酵素Plus膜衣錠 消化酵素膜衣錠,C,poisson,0.0952,0.3086,3.2404,2,low demand - intermittent
12327002001,桂格完膳營養素白藜蘆醇6入 完膳白藜蘆醇,C,poisson,0.0952,0.3086,3.2404,2,low demand - intermittent
12327004001,亞培葡勝納三重強護糖尿病適用粉狀配 葡勝納糖尿配方,C,poisson,0.0952,0.3086,3.2404,2,low demand - intermittent
12327007001,三多補體健 三多補體健,C,poisson,0.1429,0.378,2.6458,2,low demand - intermittent
12327009001,桂格完膳營養素纖穀口味 桂格完膳纖穀,C,poisson,0.2857,0.5345,1.8708,2,low demand - intermittent
12327014001,愛基均衡及糖尿病配方營養素 愛基高纖高氮均,C,poisson,0.0476,0.2182,4.5826,2,low demand - intermittent
12327015001,安素優能基配方(香草口味) 安素優能基配方,C,poisson,0.0476,0.2182,4.5826,2,low demand - intermittent
12327016001,亞培安素液體原味禮盒 亞培安素香草,C,poisson,0.1905,0.4364,2.2913,2,low demand - intermittent
12327018001,桂格完膳營養素 100鉻含纖配方 100 Chromium,C,poisson,0.0476,0.2182,4.5826,2,low demand - intermittent
12327020001,三多高鈣高纖燕麥植物奶,C,poisson,0.0476,0.2182,4.5826,2,low demand - intermittent
12327022001,桂格完膳營養素-均衡6入 完膳營養素均衡,C,poisson,0.0476,0.2182,4.5826,2,low demand - intermittent
12327023001,桂格完膳營養素糖尿病適用8入 完膳糖尿病,C,poisson,0.1429,0.378,2.6458,2,low demand - intermittent
12327025001,亞培安素草莓減甜24入 安素草莓減甜,B,poisson,0.381,0.6172,1.6202,2,medium demand - intermittent
12327026001,亞培葡勝納三重強護 850g兩入促銷組 葡勝納粉兩入組,C,poisson,0.2857,0.5345,1.8708,2,low demand - intermittent
12327027001,桂格完膳營養素雙效營養配方 桂格完膳雙效,B,poisson,0.3333,0.5774,1.7321,2,medium demand - intermittent
12327028001,桂格完膳營養素50鉻配方 桂格完膳50鉻,C,poisson,0.0476,0.2182,4.5826,2,low demand - intermittent
12327035001,亞培安素優能基香草少甜850g二入促銷 安素粉少甜2入,C,poisson,0.2381,0.488,2.0494,2,low demand - intermittent
12327040001,桂格機能燕麥片700g 桂格機能燕麥片,B,poisson,0.3333,0.5774,1.7321,2,medium demand - intermittent
12327046001,亞培葡勝納SR原味8入禮盒 葡勝納SR原味禮,C,poisson,0.0476,0.2182,4.5826,2,low demand - intermittent
12327048001,桂格完膳營養素香草口味(低糖少甜)24 桂格低糖香草箱,C,poisson,0.2857,0.5345,1.8708,2,low demand - intermittent
12327050001,桂格完膳營養素白藜蘆醇24入 完膳白藜蘆醇,B,poisson,0.5714,0.7559,1.3229,2,medium demand - intermittent
12327051001,桂格完膳營養素 香草口味(低糖少甜)8 桂格低糖香草盒,C,poisson,0.0476,0.2182,4.5826,2,low demand - intermittent
12327052001,三多綜合優蛋白500g 綜合優蛋白,C,poisson,0.2381,0.488,2.0494,2,low demand - intermittent
12327056001,桂格完膳營養素均衡營養 均衡營養,C,poisson,0.1429,0.378,2.6458,2,low demand - intermittent
12327057001,亞培安素24入原味,B,poisson,1.4286,1.1952,0.8367,1,medium demand - volatile
12327058001,亞培葡勝納菁選30入 葡勝納菁選30入,C,poisson,0.0476,0.2182,4.5826,2,low demand - intermittent
12327059001,桂格完膳營養素植物蛋白配方24入 完膳植物蛋白箱,C,poisson,0.2381,0.488,2.0494,2,low demand - intermittent
12327060001,亞培安素優能基均衡營養配方(穀物口優能基穀味口味,C,poisson,0.1429,0.378,2.6458,2,low demand - intermittent
12327062001,亞培安素優能基2入促銷組,B,poisson,0.3333,0.5774,1.7321,2,medium demand - intermittent
12327063001,桂格完膳營養素原味無糖24入 完膳無糖24入,C,poisson,0.0952,0.3086,3.2404,2,low demand - intermittent
12327064001,三多補体康C經典配方24入 補体康C,C,poisson,0.1429,0.378,2.6458,2,low demand - intermittent
12327076001,亞培原味安素菁選237ml*24罐/箱 原味安素菁選箱,B,poisson,0.381,0.6172,1.6202,2,medium demand - intermittent
12327077001,亞培原味安素14入禮盒,C,poisson,0.1905,0.4364,2.2913,2,low demand - intermittent
12327084001,亞培安素香草少甜24入/箱 安素香草少甜箱,B,poisson,0.8571,0.9258,1.0801,2,medium demand - intermittent
12327085001,亞培安素香草少甜8入禮盒 安素香草少甜盒,C,poisson,0.0952,0.3086,3.2404,2,low demand - intermittent
12327086001,台糖大豆卵磷脂200g 大豆卵磷脂,C,poisson,0.0952,0.3086,3.2404,2,low demand - intermittent
12327088001,桂格完膳營養素糖尿病適用無糖100鉻2 糖適用無糖箱,C,poisson,0.1905,0.4364,2.2913,2,low demand - intermittent
12343304001,三多膠原蛋白300g,C,poisson,0.0476,0.2182,4.5826,2,low demand - intermittent
12344036001,風獅爺一條根貼布(7片熱),C,poisson,0.0476,0.2182,4.5826,2,low demand - intermittent
12344037001,風獅爺一條根貼布(7片涼),C,poisson,0.0952,0.3086,3.2404,2,low demand - intermittent
14000002001,厚燒鹽味 厚燒鹽味,A,poisson,6.619,2.5728,0.3887,0,high demand - stable
14000003001,旺旺仙貝經濟包,A,poisson,8.381,2.895,0.3454,0,high demand - stable
14000005001,家樂福海苔米香,B,poisson,0.9524,0.9759,1.0247,2,medium demand - intermittent
14000006001,雪餅 雪餅,A,poisson,21.9524,4.6853,0.2134,0,high demand - stable
14000008001,瑞花經濟包-輕辣 輕辣,B,poisson,0.7619,0.8729,1.1456,2,medium demand - intermittent
14000010001,波貝仙 波貝仙,A,poisson,5.5238,2.3503,0.4255,0,high demand - stable
14000011001,旺旺金澎派 彭派包,A,poisson,13.5714,3.6839,0.2714,0,high demand - stable
14000014001,米豆 米豆,A,poisson,8.7619,2.9601,0.3378,0,high demand - stable
14000015001,旺旺岩塚仙貝經濟包 旺旺岩塚仙貝,B,poisson,2.0952,1.4475,0.6908,1,medium demand - volatile
14000017001,紅麴物語(經濟包),A,poisson,17.619,4.1975,0.2382,0,high demand - stable
14000018001,旺旺起司米餅,A,poisson,2.9048,1.7043,0.5867,1,high demand - volatile
14000020001,厚燒海苔經濟包,C,poisson,0.0952,0.3086,3.2404,2,low demand - intermittent
14000021001,北田蒟蒻糙米捲 -巧克力口味 北田糙米捲-巧克,A,poisson,3.4286,1.8516,0.5401,1,high demand - volatile
14000022001,旺旺仙貝 旺旺仙貝,A,poisson,12.1905,3.4915,0.2864,0,high demand - stable
14000023001,旺仔雪餅,C,poisson,0.1905,0.4364,2.2913,2,low demand - intermittent
14000025001,黑豆米果,C,poisson,0.0952,0.3086,3.2404,2,low demand - intermittent
14000027001,旺旺米起司厚脆片經濟包,A,poisson,5.8571,2.4202,0.4132,0,high demand - stable
14000032001,北田蒟蒻糙米捲(綜合口味),A,poisson,23.0952,4.8058,0.2081,0,high demand - stable
14000033001,北田蒟蒻糙米捲(芝士口味) 北田蒟蒻糙米捲,A,poisson,6.0476,2.4592,0.4066,0,high demand - stable
14000036001,三幸 越後樽燒米果(醬油風味) 產地日本新潟縣,B,poisson,0.5714,0.7559,1.3229,2,medium demand - intermittent
14000039001,北田蒟蒻糙米捲-蛋黃,A,poisson,23.8095,4.8795,0.2049,0,high demand - stable
14000040001,有田製果雪屋 (原味),A,poisson,7.8095,2.7946,0.3578,0,high demand - stable
14000041001,有田製果雪屋 (輕辣),A,poisson,5.0476,2.2467,0.4451,0,high demand - stable
14000042001,北田蒟蒻糙米捲-海苔,A,poisson,9.8571,3.1396,0.3185,0,high demand - stable
14000043001,北田蒟蒻糙米捲-牛奶 北田糙米捲-牛奶,A,poisson,7.1905,2.6815,0.3729,0,high demand - stable
14000050001,傳六二色綜合14袋入豆子,A,poisson,2.5714,1.6036,0.6236,1,high demand - volatile
14000051001,TW雲林旭成米卡香225G,B,poisson,1.381,1.1751,0.851,1,medium demand - volatile
14000055001,有田製果雪屋(海苔)2枚x12袋 (海苔),B,poisson,1.7143,1.3093,0.7638,1,medium demand - volatile
14000057001,鴻津太國捲(蛋奶素),A,poisson,38.3333,6.1914,0.1615,0,high demand - stable
14000060001,旺旺厚燒海苔170g 厚燒海苔170g,A,poisson,8.5238,2.9196,0.3425,0,high demand - stable
14000061001,角落小夥伴雪餅(米果) 角落小夥伴雪餅,A,normal,2.4762,1.5922,0.643,1,high demand - volatile
14000066001,北海道牛奶風味雪餅 北海道牛乳仙貝,B,poisson,1.6667,1.291,0.7746,1,medium demand - volatile
14000067001,三幸蛋黃雪宿,B,poisson,0.9524,0.9759,1.0247,2,medium demand - intermittent
14000068001,北田能量99棒(蛋黃口味) 北田能量棒,B,normal,1.0,0.8165,0.8165,1,medium demand - volatile
14000071001,無聊派米豆,A,poisson,9.3333,3.0551,0.3273,0,high demand - stable
14000072001,北田能量99棒(南瓜口味) 北田能量棒,B,poisson,0.7143,0.8452,1.1832,2,medium demand - intermittent
14000073001,無聊派大仙貝酥 大仙貝酥,A,poisson,17.3333,4.1633,0.2402,0,high demand - stable
14000075001,旺旺小小酥綜合包 旺旺小小酥,A,poisson,8.9524,2.9921,0.3342,0,high demand - stable
14000078001,旺仔雪餅-慶讚中元六六大順箱 旺仔雪餅大順箱,A,poisson,3.9048,1.976,0.5061,1,high demand - volatile
14000080001,角落小夥伴起司糙米捲 角落夥伴起司捲,B,poisson,0.381,0.6172,1.6202,2,medium demand - intermittent
14000092001,三幸 美稻之里家庭包(米果餅乾) 產地日本新潟縣,B,poisson,0.619,0.7868,1.271,2,medium demand - intermittent
14000098001,三幸 越後樽燒米果(旨鹽風味) 產地日本新潟縣,B,poisson,0.7619,0.8729,1.1456,2,medium demand - intermittent
14000099001,三幸黑糖牛乳米果 產地日本新瀉縣,B,poisson,0.4762,0.6901,1.4491,2,medium demand - intermittent
14000100001,三幸燒海老煎餅米果 產地日本新瀉縣,B,poisson,1.7619,1.3274,0.7534,1,medium demand - volatile
14000102001,優群北海道牛奶風味雪餅 北海道風味雪餅,B,poisson,0.8095,0.8997,1.1114,2,medium demand - intermittent
14000106001,傳六辣味什錦豆果子,B,poisson,0.7619,0.8729,1.1456,2,medium demand - intermittent
14000109001,角落小夥伴海苔糙米捲 角落夥伴海苔捲,B,poisson,0.381,0.6172,1.6202,2,medium demand - intermittent
14000117001,三幸 卡拉里仙貝(海鮮風味),B,poisson,1.619,1.2724,0.7859,1,medium demand - volatile
14000119001,三幸卡士達一口米果,B,normal,1.8571,1.4569,0.7845,1,medium demand - volatile
14000120001,三幸 牛乳麻花 產地日本新潟縣,C,poisson,0.2857,0.5345,1.8708,2,low demand - intermittent
14000123001,丸什綜合豆果子 丸什綜合果子,A,poisson,3.619,1.9024,0.5257,1,high demand - volatile
14000125001,漢正軒鹽酥鍋粑,B,poisson,0.4286,0.6547,1.5275,2,medium demand - intermittent
14000131001,三幸 丸大豆黑豆仙貝 產地日本新潟縣,B,poisson,1.0952,1.0465,0.9555,1,medium demand - volatile
14000135001,慶讚中元-祈福金澎派箱 祈福金澎派箱,A,poisson,4.6667,2.1602,0.4629,0,high demand - stable
14000196001,萬歲牌米果綜合果鹽味 萬歲牌米果綜合,A,poisson,17.0,4.1231,0.2425,0,high demand - stable
14000197001,萬歲牌米果綜合果辣味 萬歲牌米果綜合,A,poisson,23.381,4.8354,0.2068,0,high demand - stable
14000201001,旺旺青蔥物語經濟包 旺旺青蔥經濟包,C,poisson,0.2381,0.488,2.0494,2,low demand - intermittent
14000209001,茶茶小王子台灣米棒(岩烤花生),B,poisson,0.3333,0.5774,1.7321,2,medium demand - intermittent
14000210001,茶茶小王子台灣米棒(岩燒海苔) 茶茶王子米棒,B,poisson,0.7619,0.8729,1.1456,2,medium demand - intermittent
14000219001,新福源花生米餅,C,poisson,0.2381,0.488,2.0494,2,low demand - intermittent
14000220001,旺旺厚燒可口椒鹽味 旺旺厚燒椒鹽味,B,poisson,1.2381,1.1127,0.8987,1,medium demand - volatile
14000322001,厚燒香醇奶香風味 厚燒香醇奶香,B,poisson,0.8095,0.8997,1.1114,2,medium demand - intermittent
14001001001,義美起司取向蘇打餅乾360G,B,poisson,1.0476,1.0235,0.977,1,medium demand - volatile
14001002001,ACE原味蘇打餅乾 ACE竹鹽蘇打,A,poisson,5.0952,2.2573,0.443,0,high demand - stable
14001003001,海太天然酵母蘇打餅 海太天然酵母蘇,A,poisson,2.619,1.6183,0.6179,1,high demand - volatile
14001007001,家福迷你蔬菜蘇打餅乾,A,poisson,3.1905,1.7862,0.5599,1,high demand - volatile
14001008001,家福紫菜蘇打 家福紫菜蘇打,A,poisson,2.8571,1.6903,0.5916,1,high demand - volatile
14001009001,中祥自然之顏紫菜蘇打,A,poisson,3.9048,1.976,0.5061,1,high demand - volatile
14001010001,家福蔬菜蘇打 家福蔬菜蘇打,B,poisson,1.8571,1.3628,0.7338,1,medium demand - volatile
14001011001,家福麥味蘇打330g,B,poisson,0.9048,0.9512,1.0513,2,medium demand - intermittent
14001012001,義美純麥取向蘇打餅乾410G,A,poisson,8.7143,2.952,0.3388,0,high demand - stable
14001014001,家福麥味蘇打140g 家福全麥蘇打,B,poisson,0.3333,0.5774,1.7321,2,medium demand - intermittent
14001017001,正哲礦鹽蘇打餅-胡椒蕎麥風味,A,poisson,12.7143,3.5657,0.2804,0,high demand - stable
14001018001,中祥自然之顏蔬菜蘇打,A,poisson,2.9524,1.7182,0.582,1,high demand - volatile
14001019001,正哲礦鹽蘇打餅 -香辣百匯風味,B,poisson,2.0476,1.431,0.6988,1,medium demand - volatile
14001020001,中祥自然之顏麥穗蘇打 自然之顏全麥蘇,B,poisson,0.4286,0.6547,1.5275,2,medium demand - intermittent
14001027001,義美多穀物黃金胚芽蘇打餅,B,poisson,1.1429,1.069,0.9354,1,medium demand - volatile
14001028001,義美多穀物蘇打餅乾(亞麻仁) 亞麻仁,B,poisson,2.2381,1.496,0.6684,1,medium demand - volatile
14001029001,正哲礦鹽蘇打餅-香椿風味,B,poisson,1.1905,1.0911,0.9165,1,medium demand - volatile
14001030001,家樂福蔬菜蘇打,A,poisson,3.4762,1.8645,0.5363,1,high demand - volatile
14001031001,義美美味蘇打餅乾-原味,A,poisson,5.0952,2.2573,0.443,0,high demand - stable
14001033001,家樂福紫菜蘇打,A,poisson,2.7143,1.6475,0.607,1,high demand - volatile
14001034001,義美美味蘇打餅乾-紫菜,A,poisson,5.6667,2.3805,0.4201,0,high demand - stable
14001035001,義美天然取向蘇打餅乾(紫菜) 義美天然取向蘇,B,poisson,1.6667,1.291,0.7746,1,medium demand - volatile
14001036001,義美美味蘇打餅乾-鮮蔥,A,poisson,4.8571,2.2039,0.4537,0,high demand - stable
14001037001,御之味五穀蘇打餅,B,normal,1.0952,0.9712,0.8868,1,medium demand - volatile
14001039001,御之味奶鹽蘇打餅,B,poisson,1.7619,1.3274,0.7534,1,medium demand - volatile
14001042001,中祥自然之顏紫菜蘇打乾量販包 紫菜蘇打量販包,A,poisson,22.1905,4.7107,0.2123,0,high demand - stable
14001043001,自然之顏多穀物加鈣蘇打餅 自然之顏蘇打餅,C,poisson,0.2857,0.5345,1.8708,2,low demand - intermittent
14001044001,中祥麥穗蘇打 中祥麥穗蘇打,C,poisson,0.2381,0.488,2.0494,2,low demand - intermittent
14001045001,義美天然取向蘇打餅乾(紫菜),A,poisson,16.9524,4.1173,0.2429,0,high demand - stable
14001046001,義美天然取向蘇打餅乾(鮮蔥),A,poisson,7.2857,2.6992,0.3705,0,high demand - stable
14001047001,義美天然取向蘇打餅乾(鮮蔥),A,poisson,21.6667,4.6547,0.2148,0,high demand - stable
14001049001,義美天然取向蘇打餅乾(蔬菜)袋,A,poisson,12.5238,3.5389,0.2826,0,high demand - stable
14001050001,正哲礦鹽蘇打餅-三寶海苔風味,B,normal,0.9524,0.9989,1.0488,2,medium demand - intermittent
14001052001,茱莉絲蘇打餅-奶油,A,poisson,11.0476,3.3238,0.3009,0,high demand - stable
14001053001,中祥自然之顏蔬菜餅乾量販包 香蔥蘇打餅乾,A,poisson,14.5714,3.8173,0.262,0,high demand - stable
14001055001,正哲五籽蘇打餅-原味 原味,B,poisson,0.4762,0.6901,1.4491,2,medium demand - intermittent
14001058001,正哲礦鹽蘇打餅-養生多穀,B,normal,1.4286,1.1369,0.7958,1,medium demand - volatile
14001060001,家福迷你原味蘇打餅乾 家福迷你原味蘇,A,poisson,3.5238,1.8772,0.5327,1,high demand - volatile
14001062001,義美天然取向蘇打餅乾(蔬菜) 蔬菜,B,poisson,2.0476,1.431,0.6988,1,medium demand - volatile
14001065001,正哲五籽蘇打餅-香草口味 香草,C,poisson,0.2857,0.5345,1.8708,2,low demand - intermittent
14001066001,掬水軒奇福餅乾 掬水軒奇福餅乾,A,poisson,4.1905,2.0471,0.4885,0,high demand - stable
14001070001,自然主意 奇亞籽黑芝麻蘇打餅,C,poisson,0.1905,0.4364,2.2913,2,low demand - intermittent
14001073001,台酒清酒酵母青蔥蘇打餅,A,poisson,2.2857,1.5119,0.6614,1,high demand - volatile
14001074001,健康物語海苔亞麻仁蘇打餅280g,A,poisson,8.9048,2.9841,0.3351,0,high demand - stable
14001075001,明治蘇打餅乾 明治蘇打餅乾,A,poisson,3.0,1.7321,0.5774,1,high demand - volatile
14001076001,健康物語黑豆藜麥蘇打餅280g,B,poisson,1.8095,1.3452,0.7434,1,medium demand - volatile
14001079001,巧益香蔥夾心蘇打餅 巧益蘇打餅,B,poisson,0.5238,0.7237,1.3817,2,medium demand - intermittent
14001080001,自然主意 香草椒鹽蘇打餅,B,poisson,0.5714,0.7559,1.3229,2,medium demand - intermittent
14001084001,自然主意蕎麥紫菜奇亞籽蘇打餅,B,poisson,1.4286,1.1952,0.8367,1,medium demand - volatile
14001085001,自然主意亞麻仁籽胡椒蘇打餅,B,poisson,1.381,1.1751,0.851,1,medium demand - volatile
14001086001,自然主意奇亞籽藍藻蔥餅,B,poisson,1.5714,1.2536,0.7977,1,medium demand - volatile
14001089001,自然主意奇亞籽馬告胡椒蘇打餅 自然主意蘇打餅,B,poisson,0.9524,0.9759,1.0247,2,medium demand - intermittent
14001090001,天然屋胡椒亞麻仁蘇打餅 胡椒亞麻仁蘇打,A,poisson,12.2857,3.5051,0.2853,0,high demand - stable
14001092001,天然屋燕麥芝麻蘇打餅 燕麥芝麻蘇打,A,poisson,3.1429,1.7728,0.5641,1,high demand - volatile
14001093001,中祥鮮奶油起士酥餅,A,poisson,11.7143,3.4226,0.2922,0,high demand - stable
14001096001,家樂福亞麻蕎麥糙米餅160g,B,normal,0.9524,0.8985,0.9434,1,medium demand - volatile
14001097001,家樂福亞麻螺旋藻餅160g,B,poisson,1.0952,1.0465,0.9555,1,medium demand - volatile
14001103001,原味巡禮紫菜夾心蘇打餅乾 紫菜蘇打餅乾,B,poisson,1.1429,1.069,0.9354,1,medium demand - volatile
14001104001,原味巡禮香蔥夾心蘇打餅乾 香蔥蘇打餅乾,A,poisson,2.4286,1.5584,0.6417,1,high demand - volatile
14001118001,明治燕麥蘇打餅乾 明治燕麥蘇打,B,normal,1.0952,1.1508,1.0507,2,medium demand - intermittent
14001119001,正哲x太和殿礦鹽蘇打餅-微麻辣口味 正哲太和殿椒麻,B,poisson,0.7143,0.8452,1.1832,2,medium demand - intermittent
14001135001,中祥蔬菜餅乾(透明包) 中祥蔬菜餅乾,A,poisson,3.2381,1.7995,0.5557,1,high demand - volatile
14001136001,中立薄鹽乳香餅乾 中立薄鹽乳香餅,B,poisson,0.6667,0.8165,1.2247,2,medium demand - intermittent
14001138001,Gery厚醬起司蘇打餅 起司蘇打餅,A,poisson,3.8571,1.964,0.5092,1,high demand - volatile
14001143001,自然之顏安地斯山藜麥蘇打餅 自然之顏蘇打餅,C,poisson,0.1429,0.378,2.6458,2,low demand - intermittent
14001145001,田園物語胡椒藜麥蘇打餅280g,A,poisson,2.5238,1.5887,0.6295,1,high demand - volatile
14001149001,亞麻仁海鹽蘇打餅-椒鹽,B,poisson,0.619,0.7868,1.271,2,medium demand - intermittent
14001150001,亞麻仁海鹽蘇打餅-青蔥 青蔥,B,poisson,0.381,0.6172,1.6202,2,medium demand - intermittent
14001635001,義美多穀物蘇打餅乾-芝麻燕麥,A,poisson,3.0952,1.7593,0.5684,1,high demand - volatile
14002002001,老楊鹹蛋黃餅,A,poisson,15.0,3.873,0.2582,0,high demand - stable
14002003001,雪之戀鹹蛋黃餅 鹹蛋黃餅,B,poisson,1.9524,1.3973,0.7157,1,medium demand - volatile
14002006001,家福咖哩方塊酥 家福咖哩方塊酥,C,poisson,0.0476,0.2182,4.5826,2,low demand - intermittent
14002008001,家福原味方塊酥,C,poisson,0.1429,0.378,2.6458,2,low demand - intermittent
14002013001,家福黑糖方塊酥,A,poisson,2.2857,1.5119,0.6614,1,high demand - volatile
14002014001,老楊3合1方塊酥(麥纖杏仁黑糖) 老楊3合1方塊酥,C,poisson,0.2381,0.488,2.0494,2,low demand - intermittent
14002021001,口福不淺大燕麥千層棒,B,poisson,1.381,1.1751,0.851,1,medium demand - volatile
14002022001,口福不淺咖啡千層棒,B,poisson,0.619,0.7868,1.271,2,medium demand - intermittent
14002024001,口福不淺燕麥杏仁方塊酥,C,poisson,0.2381,0.488,2.0494,2,low demand - intermittent
14002026001,原味巡禮全麥方塊酥,B,poisson,0.6667,0.8165,1.2247,2,medium demand - intermittent
14002027001,原味巡禮芝麻方塊酥 原味巡禮芝麻方,B,poisson,1.5714,1.2536,0.7977,1,medium demand - volatile
14002032001,老楊黑芝麻餅,C,poisson,0.0476,0.2182,4.5826,2,low demand - intermittent
14002038001,老楊紫心地瓜方塊酥,B,normal,1.2381,1.3418,1.0838,2,medium demand - intermittent
14002039001,老楊香酥芋頭方塊酥,B,normal,1.0,1.0235,1.0235,2,medium demand - intermittent
14002040001,老楊黑胡椒鹹蛋黃方塊酥,B,poisson,1.1429,1.069,0.9354,1,medium demand - volatile
14002046001,老楊芝麻方塊酥,B,poisson,0.8571,0.9258,1.0801,2,medium demand - intermittent
14002051001,老楊鹹蛋黃餅,A,poisson,3.0476,1.7457,0.5728,1,high demand - volatile
14002052001,老楊黑糖方塊酥,C,poisson,0.0952,0.3086,3.2404,2,low demand - intermittent
14002053001,老楊鹿兒島抹茶方塊酥,B,poisson,1.5238,1.2344,0.8101,1,medium demand - volatile
14003001001,麗滋迷你餅乾-起司口味 麗滋迷你餅乾,B,poisson,1.7143,1.3093,0.7638,1,medium demand - volatile
14003005001,Binggrae螃蟹餅乾(芥末口味) 芥末螃蟹餅乾,C,poisson,0.1905,0.4364,2.2913,2,low demand - intermittent
14003008001,Binggrae螃蟹餅乾(火辣炒碼口味),B,poisson,0.5714,0.7559,1.3229,2,medium demand - intermittent
14003009001,義美美味營養餅乾,A,poisson,7.8095,2.7946,0.3578,0,high demand - stable
14003010001,Binggrae螃蟹餅乾(原味),B,poisson,0.8095,0.8997,1.1114,2,medium demand - intermittent
14003011001,原味巡禮野菜餅 原味巡禮野菜餅,A,poisson,2.619,1.6183,0.6179,1,high demand - volatile
14003013001,麗滋餅乾300g 麗滋餅乾,A,poisson,4.2381,2.0587,0.4858,0,high demand - stable
14003019001,海太加鈣營養餅-起士口味 起士口味,A,poisson,10.1905,3.1923,0.3133,0,high demand - stable
14003029001,海太加鈣營養餅乾,A,poisson,17.6667,4.2032,0.2379,0,high demand - stable
14003037001,可口美酥 可口美酥,A,poisson,10.0476,3.1698,0.3155,0,high demand - stable
14003041001,CROWN原味營養餅乾,A,poisson,15.9524,3.994,0.2504,0,high demand - stable
14003053001,可口美酥經典起士口味240g 可口美酥起士,B,poisson,0.9524,0.9759,1.0247,2,medium demand - intermittent
14003054001,可口美酥吮指椒鹽口味240g 可口美酥椒鹽,A,poisson,3.7619,1.9396,0.5156,1,high demand - volatile
14003070001,麗滋餅乾三麗鷗收納箱 三麗鷗收納箱,C,poisson,0.0952,0.3086,3.2404,2,low demand - intermittent
14010002001,可樂果辣味量販包 可樂果辣味,A,poisson,11.4762,3.3877,0.2952,0,high demand - stable
14010006001,張君雅小妹妹拉麵條餅和風雞汁,B,poisson,1.0476,1.0235,0.977,1,medium demand - volatile
14010009001,可樂果酷辣400G 可樂果酷辣味,B,poisson,1.1905,1.0911,0.9165,1,medium demand - volatile
14010011001,真魷味歡樂包--紅燒口味,A,poisson,26.1905,5.1177,0.1954,0,high demand - stable
14010012001,可樂果山葵(哇沙米)口味 哇齋芥末,A,poisson,3.0952,1.7593,0.5684,1,high demand - volatile
14010019001,味王小王子麵,A,poisson,4.7143,2.1712,0.4606,0,high demand - stable
14010023001,可樂果鹽味超值分享包 可樂果鹽味,C,poisson,0.2857,0.5345,1.8708,2,low demand - intermittent
14010025001,味王小王子麵--海苔 海苔,A,poisson,3.5238,1.8772,0.5327,1,high demand - volatile
14010027001,維力什麼玩意兒袋裝雞汁口味,A,poisson,8.5714,2.9277,0.3416,0,high demand - stable
14010029001,可樂果九層塔 可樂果九層塔,A,poisson,2.4762,1.5736,0.6355,1,high demand - volatile
14010030001,華元古早味真魷味 華元古早味真魷,A,poisson,4.6667,2.1602,0.4629,0,high demand - stable
14010031001,鹹酥餅歡樂包 鹹酥餅歡樂包,A,poisson,14.0952,3.7544,0.2664,0,high demand - stable
14010033001,卡迪那寶卡卡原味125g 卡迪那寶卡卡原,B,poisson,0.7619,0.8729,1.1456,2,medium demand - intermittent
14010034001,神氣包--野菜園 神氣包--野菜園,A,poisson,16.2857,4.0356,0.2478,0,high demand - stable
14010036001,味王小王子麵-岩燒海苔 小王子岩燒海苔,A,poisson,10.5714,3.2514,0.3076,0,high demand - stable
14010037001,卡迪那德州薯條茄汁155g,A,poisson,6.2381,2.4976,0.4004,0,high demand - stable
14010038001,張君雅小妹妹休閒丸子日式串燒,B,poisson,0.9048,0.9512,1.0513,2,medium demand - intermittent
14010039001,張君雅- 墨西哥辣雞點心麵 墨西哥辣雞點心,C,poisson,0.0476,0.2182,4.5826,2,low demand - intermittent
14010040001,科學麵20合1 Min 家庭號,A,poisson,60.9048,7.8042,0.1281,0,high demand - stable
14010041001,可樂果古早味超值分享包,A,poisson,2.9048,1.7043,0.5867,1,high demand - volatile
14010043001,華元甜卡力225g 華元甜卡力,A,poisson,6.3333,2.5166,0.3974,0,high demand - stable
14010047001,酷辣可樂果,B,poisson,1.0,1.0,1.0,1,medium demand - volatile
14010048001,古早可樂果,B,poisson,0.9048,0.9512,1.0513,2,medium demand - intermittent
14010049001,寶卡卡原味 寶卡卡原味,A,poisson,4.4286,2.1044,0.4752,0,high demand - stable
14010050001,張君雅小妹妹五香海苔休閒丸子,B,poisson,2.0952,1.4475,0.6908,1,medium demand - volatile
14010055001,寶卡卡原味 寶卡卡原味,A,poisson,2.381,1.543,0.6481,1,high demand - volatile
14010056001,可樂果輕蔥椒鹽口味 可樂果輕蔥椒鹽,C,poisson,0.2857,0.5345,1.8708,2,low demand - intermittent
14010060001,孔雀香酥脆狠大包-香魚,A,poisson,8.9048,2.9841,0.3351,0,high demand - stable
14010062001,可樂果原味,A,poisson,2.619,1.6183,0.6179,1,high demand - volatile
14010064001,可樂果酷辣超值分享包 可樂果酷辣超值,A,poisson,3.381,1.8387,0.5439,1,high demand - volatile
14010068001,華元超值包-鹹酥餅 華元 鹹酥餅,A,poisson,2.3333,1.5275,0.6547,1,high demand - volatile
14010071001,寶卡卡量販包 寶卡卡綜合量販,A,poisson,17.619,4.1975,0.2382,0,high demand - stable
14010072001,可樂果原味超值分享包 可樂果原味超值,A,poisson,4.0952,2.0237,0.4942,0,high demand - stable
14010073001,可樂果檸檬玫瑰鹽口味240G 可樂果玫瑰鹽,A,poisson,4.2857,2.0702,0.483,0,high demand - stable
14010075001,張君雅小妹妹蝦酥脆拉麵條餅 張君雅小妹妹,C,poisson,0.2381,0.488,2.0494,2,low demand - intermittent
14010077001,可樂果炒海瓜子口味200G 可樂果炒海瓜子,A,poisson,3.0952,1.7593,0.5684,1,high demand - volatile
14010078001,可樂果酷辣,A,poisson,4.1429,2.0354,0.4913,0,high demand - stable
14010079001,可樂果老朋友,A,poisson,4.381,2.0931,0.4778,0,high demand - stable
14010084001,可樂果素食量販包 可樂果素食量販,A,poisson,9.0476,3.0079,0.3325,0,high demand - stable
14010088001,張君雅小妹妹五連包BBQ點心麵,B,poisson,1.0952,1.0465,0.9555,1,medium demand - volatile
14010093001,寶寶魚豆餅360G 寶寶魚豆餅,C,poisson,0.1905,0.4364,2.2913,2,low demand - intermittent
14010094001,小王子麵-普羅旺斯羅勒香椿 小王子麵-香椿,A,poisson,5.8095,2.4103,0.4149,0,high demand - stable
14010097001,孔雀香酥脆4包入香魚 孔雀香酥脆4包,A,poisson,3.619,1.9024,0.5257,1,high demand - volatile
14010098001,可樂果原味140g,A,poisson,3.2857,1.8127,0.5517,1,high demand - volatile
14010102001,可樂果奶焗香蔥口味220g 可樂果奶焗香蔥,B,poisson,1.2381,1.1127,0.8987,1,medium demand - volatile
14010140001,科學麵小心點兒原味22g五連包,B,poisson,0.8095,0.8997,1.1114,2,medium demand - intermittent
14010142001,七小喜多包 七小喜多包,A,poisson,53.619,7.3225,0.1366,0,high demand - stable
14010145001,KAKA蚵仔酥-鹹蛋黃 KA蚵仔鹹蛋,B,poisson,1.4762,1.215,0.8231,1,medium demand - volatile
14010149001,KAKA醬燒蝦餅-炙烤原味 醬燒蝦餅原味,A,poisson,3.8095,1.9518,0.5123,1,high demand - volatile
14010150001,味王小王子麵-韓國泡菜口味,A,poisson,4.2857,2.0702,0.483,0,high demand - stable
14010151001,KAKA醬燒小卷脆片-勁烤原味 醬燒小卷原味,B,normal,1.2857,1.1606,0.9027,1,medium demand - volatile
14010155001,RITZ烘烤脆片五福好運箱 五福好運箱,C,poisson,0.2381,0.488,2.0494,2,low demand - intermittent
14010160001,可樂果古早味400G 可樂果古早味,B,poisson,0.6667,0.8165,1.2247,2,medium demand - intermittent
14010161001,可樂果九層塔400G 可樂果九層塔,B,poisson,1.4286,1.1952,0.8367,1,medium demand - volatile
14010170001,可樂果古早味量販包 可樂果古早味量,A,poisson,14.8095,3.8483,0.2599,0,high demand - stable
14010173001,蝦味先-原味115g,A,poisson,8.6667,2.9439,0.3397,0,high demand - stable
14010178001,蝦味先-香辣口味115g,A,poisson,6.0,2.4495,0.4082,0,high demand - stable
14010186001,KAKA魷魚捲片-義式披薩 KA魷魚披薩,B,poisson,1.6667,1.291,0.7746,1,medium demand - volatile
14010187001,KAKA魷魚捲片-台式鹽酥 KA魷魚鹽酥,A,poisson,4.4286,2.1044,0.4752,0,high demand - stable
14010192001,卡辣姆久橫綱棒-勁辣唐辛子口味190G 卡辣姆久橫綱棒,B,poisson,0.9048,0.9512,1.0513,2,medium demand - intermittent
14010193001,蝦味先原味量販包 蝦味先,A,poisson,10.2857,3.2071,0.3118,0,high demand - stable
14010194001,大同玉米濃湯點心餅,B,poisson,2.1429,1.4639,0.6831,1,medium demand - volatile
14010195001,農心鮮蝦片,B,poisson,0.8095,0.8997,1.1114,2,medium demand - intermittent
14010198001,裕榮綜合包 蝦味先,A,poisson,3.9524,1.9881,0.503,1,high demand - volatile
14010199001,湖池屋橫綱棒-海苔口味190G,A,poisson,2.5714,1.6036,0.6236,1,high demand - volatile
14010200001,湖池屋橫綱棒-海苔口味 橫綱棒海苔,B,poisson,1.381,1.1751,0.851,1,medium demand - volatile
14010208001,蝦味先組合包 蝦味先,B,poisson,2.1905,1.48,0.6757,1,medium demand - volatile
14010210001,好運平安箱 好運平安箱,A,poisson,11.3333,3.3665,0.297,0,high demand - stable
14010211001,可樂果川霸麻辣口味220G 可樂果麻辣,A,poisson,3.9048,1.976,0.5061,1,high demand - volatile
14010212001,可樂果檸檬玫瑰鹽拜拜箱 可樂果拜拜箱,A,poisson,10.9524,3.3094,0.3022,0,high demand - stable
14010219001,燒番麥-原味115g 燒番麥,B,poisson,1.7143,1.3093,0.7638,1,medium demand - volatile
14010221001,卡滋卡哩卡哩-經典甜味95G 卡哩卡哩甜味,B,poisson,0.9048,0.9512,1.0513,2,medium demand - intermittent
14010224001,大同全家餐 大同全家餐,B,poisson,0.6667,0.8165,1.2247,2,medium demand - intermittent
14010226001,大同螃蟹王 大同螃蟹王,B,poisson,0.9524,0.9759,1.0247,2,medium demand - intermittent
14010235001,卡滋卡哩卡哩-黑胡椒風味95G 卡哩卡哩黑胡椒,B,poisson,0.5238,0.7237,1.3817,2,medium demand - intermittent
14010247001,小王子麵-原味(減鹽),A,poisson,16.381,4.0473,0.2471,0,high demand - stable
14010263001,華元真魷味-萬家香烤肉醬風味 真魷味烤肉醬,C,poisson,0.1429,0.378,2.6458,2,low demand - intermittent
14010273001,可樂果年節組合歡樂包 可樂果歡樂包,C,poisson,0.0952,0.3086,3.2404,2,low demand - intermittent
14010283001,韓國好麗友雞米花脆餅(起司炸雞) 好麗友雞米花,C,poisson,0.2857,0.5345,1.8708,2,low demand - intermittent
14010284001,韓國好麗友雞米花脆餅(韓式炸雞) 好麗友雞米花,B,poisson,0.5238,0.7237,1.3817,2,medium demand - intermittent
14010285001,歐邁福麵包餅乾香蒜奶油口味 香蒜麵包餅乾,B,poisson,0.9048,0.9512,1.0513,2,medium demand - intermittent
14010289001,可樂果喜馬拉雅山黑礦鹽口味220g 可樂果黑礦鹽,B,normal,1.9048,1.0648,0.559,1,medium demand - volatile
14010292001,麗滋烘烤脆片-酸奶洋蔥風味,B,poisson,1.6667,1.291,0.7746,1,medium demand - volatile
14010293001,麗滋烘烤脆片-經典原味,B,poisson,1.7143,1.3093,0.7638,1,medium demand - volatile
14010897001,一口脆黑胡椒鬆餅 黑胡椒鬆餅,C,poisson,0.1429,0.378,2.6458,2,low demand - intermittent
14010898001,一口脆海苔鬆餅,C,poisson,0.2381,0.488,2.0494,2,low demand - intermittent
14010899001,一口脆可可鬆餅 一口脆可可鬆餅,C,poisson,0.0476,0.2182,4.5826,2,low demand - intermittent
14011003001,奇多隨口脆-家常起司 奇多-家常起司,A,poisson,35.6667,5.9722,0.1674,0,high demand - stable
14011004001,多力多滋派對分享包黃金起司 多力多滋派對分,A,poisson,2.619,1.6183,0.6179,1,high demand - volatile
14011005001,多力多滋美式辣雞翅玉米片 多力多滋美式辣,A,poisson,3.8571,1.964,0.5092,1,high demand - volatile
14011006001,多力多滋黃金起司,A,poisson,6.381,2.5261,0.3959,0,high demand - stable
14011007001,卡迪那四重脆香辣口味92G 卡那四重脆辣,B,poisson,0.6667,0.8165,1.2247,2,medium demand - intermittent
14011009001,奇多玉米棒-2倍濃起司,A,poisson,3.2857,1.8127,0.5517,1,high demand - volatile
14011010001,多力多滋超濃起司,A,poisson,5.5714,2.3604,0.4237,0,high demand - stable
14011011001,好麗友烏龜玉米脆片(麻辣味) 烏龜脆片,A,poisson,3.7143,1.9272,0.5189,1,high demand - volatile
14011014001,多力多滋派對分享包超濃起司 多力多滋派對分,A,poisson,3.4762,1.8645,0.5363,1,high demand - volatile
14011015001,奇多兩倍濃起司派對分享包 奇多兩倍濃起司,B,poisson,1.5238,1.2344,0.8101,1,medium demand - volatile
14011016001,卡迪那四重脆香辣口味142G 卡那四重脆辣,B,poisson,0.8095,0.8997,1.1114,2,medium demand - intermittent
14011018001,愛力爆米花 爆米花,B,poisson,0.3333,0.5774,1.7321,2,medium demand - intermittent
14011021001,卡迪那四重脆起司口味142G 卡那重脆起司,B,normal,0.9524,1.0455,1.0977,2,medium demand - intermittent
14011022001,奇多家常起司玉米棒,C,poisson,0.2857,0.5345,1.8708,2,low demand - intermittent
14011023001,卡迪那四重脆起司口味92G 卡那重脆起司,B,poisson,1.7143,1.3093,0.7638,1,medium demand - volatile
14011024001,多力多滋黃金起司迷你脆 多力多滋起司,A,poisson,12.0,3.4641,0.2887,0,high demand - stable
14011027001,奇多家常起司派對分享包 奇多家常起司派,A,poisson,2.2381,1.496,0.6684,1,high demand - volatile
14011028001,奇多隨口脆- 雞汁 奇多隨口脆-雞汁,A,poisson,22.1429,4.7056,0.2125,0,high demand - stable
14011029001,多力多滋起士組合包,A,poisson,47.4286,6.8868,0.1452,0,high demand - stable
14011030001,多力多滋綜合組合包 多力多滋綜合(組,A,poisson,9.2857,3.0472,0.3282,0,high demand - stable
14011031001,多力多滋超濃起司迷你脆 多力多滋起司,A,poisson,15.4286,3.9279,0.2546,0,high demand - stable
14011032001,神氣包--玉黍叔 玉黍叔,A,poisson,22.7619,4.7709,0.2096,0,high demand - stable
14011033001,卡那四重脆烤玉米口味142G 四重脆烤玉米,B,poisson,0.5714,0.7559,1.3229,2,medium demand - intermittent
14011034001,鴻津玉米濃湯捲,A,poisson,17.9048,4.2314,0.2363,0,high demand - stable
14011035001,張君雅小妹妹巧克力甜甜圈,C,poisson,0.2857,0.5345,1.8708,2,low demand - intermittent
14011040001,華元玉黍叔玉米濃湯口味 玉黍叔玉米濃湯,C,poisson,0.2381,0.488,2.0494,2,low demand - intermittent
14011041001,AirCorn空氣玉米脆餅-巧達起司 AirCorn起司,B,poisson,1.8571,1.3628,0.7338,1,medium demand - volatile
14011042001,AirCorn空氣玉米脆餅-經典海鹽 AirCorn海鹽,A,poisson,3.5238,1.8772,0.5327,1,high demand - volatile
14011043001,ABC日本捲,B,normal,1.3333,1.2848,0.9636,1,medium demand - volatile
14011044001,好麗友烏龜玉米脆片 (韓國烤麻糬風味 烏龜脆片麻糬,A,poisson,3.5238,1.8772,0.5327,1,high demand - volatile
14011045001,Tattoos玉米脆片-起司風味 玉米脆片-起司,C,poisson,0.0952,0.3086,3.2404,2,low demand - intermittent
14011046001,Tattoos 玉米脆片-披薩風味,C,poisson,0.0952,0.3086,3.2404,2,low demand - intermittent
14011051001,好麗友烏龜玉米脆片 好麗友烏龜脆片,A,poisson,4.0476,2.0119,0.4971,0,high demand - stable
14011052001,乖乖-椰子,A,poisson,25.4286,5.0427,0.1983,0,high demand - stable
14011053001,乖乖-五香 五香,A,poisson,26.7143,5.1686,0.1935,0,high demand - stable
14011059001,奇多玉米濃湯口味隨口脆 濃湯隨手脆,A,poisson,16.3333,4.0415,0.2474,0,high demand - stable
14011063001,奇多-家常起司 家常起司,B,poisson,0.381,0.6172,1.6202,2,medium demand - intermittent
14011065001,多力多滋爆蒜鮮蝦 多力多滋蒜鮮蝦,B,normal,1.0476,1.8381,1.7546,2,medium demand - intermittent
14011074001,波卡話匣子飄香雞汁,A,poisson,6.4286,2.5355,0.3944,0,high demand - stable
14011078001,波卡話匣子-勁爆香辣 波卡勁爆香辣,A,poisson,4.6667,2.1602,0.4629,0,high demand - stable
14011095001,奇多隨口脆-海苔 奇多隨口脆-海,A,poisson,11.5238,3.3947,0.2946,0,high demand - stable
14011929001,多力多滋美式辣起士 多力多滋辣起士,A,poisson,3.0476,1.7457,0.5728,1,high demand - volatile
14012002001,Snyders蝴蝶餅-乾酪起司 乾酪起司,B,poisson,0.5714,0.7559,1.3229,2,medium demand - intermittent
14012010001,農心洋蔥圈(原味),A,poisson,5.8095,2.4103,0.4149,0,high demand - stable
14012012001,Snyders蝴蝶餅-蜂蜜芥末 Snyders蝴蝶餅-,B,poisson,0.619,0.7868,1.271,2,medium demand - intermittent
14012019001,好麗友好多魚餅乾(海苔口味) 好多魚餅乾(海,A,poisson,7.5714,2.7516,0.3634,0,high demand - stable
14012025001,Snyders蝴蝶餅-蜂蜜芥末 蜂蜜芥末,B,poisson,0.6667,0.8165,1.2247,2,medium demand - intermittent
14012103001,農心辣味洋蔥圈,B,poisson,0.9524,0.9759,1.0247,2,medium demand - intermittent
14013001001,卡滋爆米花-特濃巧克力,B,poisson,1.8095,1.3452,0.7434,1,medium demand - volatile
14013002001,卡滋爆米花-焦糖,B,normal,2.1429,1.1249,0.5249,1,medium demand - volatile
14013004001,卡滋爆米花-綜合包,A,poisson,4.4762,2.1157,0.4727,0,high demand - stable
14013006001,卡滋爆米花-美式焦糖牛奶 美式焦糖牛奶,C,poisson,0.2857,0.5345,1.8708,2,low demand - intermittent
14013007001,卡滋爆米花-巧達起司,B,poisson,0.9048,0.9512,1.0513,2,medium demand - intermittent
14013014001,JOLLY TIME 微波爆米花-奶油味,B,normal,1.0,1.1547,1.1547,2,medium demand - intermittent
14013015001,JOLLY TIME 微波爆米花-甜鹹味,C,poisson,0.2857,0.5345,1.8708,2,low demand - intermittent
14013022001,家樂福焦糖玫瑰鹽爆米花,B,poisson,0.9524,0.9759,1.0247,2,medium demand - intermittent
14013963001,家樂福美式焦糖爆米花 家福焦糖爆米花,C,poisson,0.1429,0.378,2.6458,2,low demand - intermittent
14013964001,家樂福巧達起司爆米花 家福起司爆米花,B,poisson,0.4286,0.6547,1.5275,2,medium demand - intermittent
14014005001,奇多綜合起司組合包 奇多綜合組合包,A,poisson,36.1905,6.0159,0.1662,0,high demand - stable
14014006001,華元大吉利超值包,A,poisson,77.619,8.8102,0.1135,0,high demand - stable
14014007001,乖乖5入好運綜合包 乖乖5入好運綜,A,poisson,8.8571,2.9761,0.336,0,high demand - stable
14014011001,上好佳歡樂小點心-原味薯條,A,poisson,6.0,2.4495,0.4082,0,high demand - stable
14014013001,上好佳歡樂小點心-迷你蝦片 上好佳歡樂小點,A,poisson,2.5238,1.5887,0.6295,1,high demand - volatile
14014014001,百事享樂包 百事享樂包,A,poisson,67.7619,8.2318,0.1215,0,high demand - stable
14014015001,可樂果原味量販包,A,poisson,50.4762,7.1047,0.1408,0,high demand - stable
14014018001,上好佳歡樂小點心- 洋蔥圈,A,poisson,8.0476,2.8368,0.3525,0,high demand - stable
14014020001,上好佳歡樂小點心--原味蝦條,A,poisson,9.4762,3.0783,0.3249,0,high demand - stable
14014026001,上好佳蔬菜點心棒 上好佳蔬菜棒,B,poisson,1.8095,1.3452,0.7434,1,medium demand - volatile
14014031001,百事綜合歡樂包 樂事綜合歡樂包,A,poisson,14.1429,3.7607,0.2659,0,high demand - stable
14020006001,樂事美國經典原味好康夾鏈包 樂事原味夾鏈包,A,poisson,7.5714,2.7516,0.3634,0,high demand - stable
14020008001,滿天星原味40g,A,poisson,4.381,2.0931,0.4778,0,high demand - stable
14020009001,滿天星原味90g,A,poisson,3.4286,1.8516,0.5401,1,high demand - volatile
14020013001,湖池屋海苔鹽洋芋條 海苔鹽洋芋條,A,poisson,3.5238,1.8772,0.5327,1,high demand - volatile
14020014001,湖池屋平切洋芋片-海苔口味 海苔鹽洋芋片,A,poisson,5.2857,2.2991,0.435,0,high demand - stable
14020015001,Lay s 樂事美國經典原味,A,poisson,8.0952,2.8452,0.3515,0,high demand - stable
14020019001,湖池屋平切洋芋片-海苔口味150G 湖池屋平切洋芋,B,poisson,1.1905,1.0911,0.9165,1,medium demand - volatile
14020022001,卡迪那全天然芋頭片原味80G 卡迪那芋頭片,A,poisson,5.5238,2.3503,0.4255,0,high demand - stable
14020026001,卡迪那95度C 北海道薯條-鹽味 卡迪那95度C 北,A,poisson,42.6667,6.532,0.1531,0,high demand - stable
14020030001,樂事派對分享包美國經典原味 樂事派對分享包,B,normal,1.8095,1.18,0.6521,1,medium demand - volatile
14020031001,樂事原味家庭號,A,poisson,11.9048,3.4503,0.2898,0,high demand - stable
14020053001,品客原味洋芋片,A,poisson,22.381,4.7309,0.2114,0,high demand - stable
14020926001,滿天星原味量販包 滿天星量販包,A,poisson,19.5714,4.424,0.226,0,high demand - stable
14020935001,卡迪那洋芋片鹽味310G 卡迪那鹽味,B,normal,1.0952,1.1086,1.0122,2,medium demand - intermittent
14020937001,薯片先生(原味) 薯片先生,B,poisson,1.2381,1.1127,0.8987,1,medium demand - volatile
14020949001,華元波的多洋芋片布列塔尼鹽口味 波的多洋芋片,B,poisson,0.7143,0.8452,1.1832,2,medium demand - intermittent
14020951001,SIMPLY GOOD 樂事海鹽味洋芋片 樂事海鹽,A,poisson,5.2857,2.2991,0.435,0,high demand - stable
14020956001,卡滋格子脆-鹽之花風味,B,poisson,0.9048,0.9512,1.0513,2,medium demand - intermittent
14020960001,華元波的多洋芋片-鹽之花風味 波的多鹽之花,B,normal,1.8095,1.4349,0.793,1,medium demand - volatile
14020961001,卡迪那全天然洋芋片鹽味175G 卡那全天然鹽,B,poisson,1.381,1.1751,0.851,1,medium demand - volatile
14020976001,樂事SIMPLY GOOD海鹽口味夾鏈包 SIMPLY海鹽,A,poisson,2.5714,1.6036,0.6236,1,high demand - volatile
14020977001,韓國好麗友預感香烤洋芋片(原味) 好麗友洋芋片,B,poisson,1.2857,1.1339,0.8819,1,medium demand - volatile
14020978001,乾脆點洋芋片-輕提鹽花風味 乾脆點鹽花,C,poisson,0.0952,0.3086,3.2404,2,low demand - intermittent
14021005001,品客洋蔥口味洋芋片,A,poisson,9.0952,3.0158,0.3316,0,high demand - stable
14021006001,卡迪那德州薯條茄汁,A,poisson,2.9524,1.7182,0.582,1,high demand - volatile
14021010001,卡迪那95度C 北海道薯條-海苔 卡迪那95度C 北,A,poisson,27.1429,5.2099,0.1919,0,high demand - stable
14021015001,樂事九州岩燒海苔,B,poisson,1.2857,1.1339,0.8819,1,medium demand - volatile
14021017001,卡迪那德州薯條量販包 卡迪那德州薯條,A,poisson,24.381,4.9377,0.2025,0,high demand - stable
14021021001,卡那全天然洋芋片地瓜片拜拜箱綜合口 拜拜箱綜合口味,A,poisson,6.8095,2.6095,0.3832,0,high demand - stable
14021035001,樂事海苔壽司分享包洋芋片 樂事海苔壽司分,B,poisson,1.5238,1.2344,0.8101,1,medium demand - volatile
14021036001,樂事派對分享包九州岩燒海苔,B,poisson,1.5714,1.2536,0.7977,1,medium demand - volatile
14021054001,樂事九州岩燒海苔好康夾鏈包 樂事海苔夾鏈包,A,poisson,4.9524,2.2254,0.4494,0,high demand - stable
14021055001,樂事青檸享清新 樂事青檸享清新,A,poisson,2.6667,1.633,0.6124,1,high demand - volatile
14021068001,品客洋芋片(原味) 品客洋芋片原味,B,poisson,0.381,0.6172,1.6202,2,medium demand - intermittent
14021088001,卡迪那全天然地瓜片原味 卡那地瓜片,A,poisson,3.3333,1.8257,0.5477,1,high demand - volatile
14021090001,連城記原味地瓜酥,B,poisson,0.8571,0.9258,1.0801,2,medium demand - intermittent
14021091001,連城記黑糖地瓜酥,B,poisson,1.5714,1.2536,0.7977,1,medium demand - volatile
14021104001,SIMPLY GOOD樂事佐賀御燒海苔 樂事御燒海苔,C,poisson,0.0952,0.3086,3.2404,2,low demand - intermittent
14021107001,卡滋番薯脆片超值組合箱 卡滋番薯組合箱,A,poisson,5.9048,2.43,0.4115,0,high demand - stable
14021109001,韓國好麗友預感香烤洋芋片(洋蔥) 好麗友洋芋片,B,normal,1.4286,1.178,0.8246,1,medium demand - volatile
14022001001,樂事波樂香酥雞腿洋芋片 波樂香酥雞腿,B,normal,1.1429,1.0817,0.9465,1,medium demand - volatile
14022002001,樂事大波浪椒香嫩雞 樂事大波浪嫩雞,A,poisson,3.619,1.9024,0.5257,1,high demand - volatile
14022003001,樂事波樂香烤肋排洋芋片,A,poisson,4.1905,2.0471,0.4885,0,high demand - stable
14022012001,波樂香烤肋排好康夾鏈包 波樂肋排夾鏈包,A,poisson,2.381,1.543,0.6481,1,high demand - volatile
14022019001,華元蚵仔煎洋芋片 蚵仔煎洋芋片,A,poisson,15.2381,3.9036,0.2562,0,high demand - stable
14022020001,卡迪那牛排 卡迪那牛排,B,normal,1.2381,0.9712,0.7845,1,medium demand - volatile
14022027001,樂事雞汁分享包芋片 樂事雞汁分享包,B,normal,1.1429,0.9897,0.866,1,medium demand - volatile
14022029001,波的多洋芋片派對包-蚵仔煎,A,poisson,4.4762,2.1157,0.4727,0,high demand - stable
14022032001,波的多洋芋片(蚵仔煎口味),A,poisson,12.8095,3.579,0.2794,0,high demand - stable
14022033001,波的多洋芋片(蚵仔煎辣味口味) 波的多洋芋片(,B,normal,1.8571,1.0817,0.5825,1,medium demand - volatile
14022041001,樂事大波浪椒香嫩雞好康夾鏈包 大波浪椒香嫩雞,B,poisson,1.9524,1.3973,0.7157,1,medium demand - volatile
14022059001,波的多洋芋片椒香雞汁口味 波的多洋芋片,B,poisson,0.619,0.7868,1.271,2,medium demand - intermittent
14022060001,波的多洋芋片蒜烤牛排口味 波的多洋芋片,B,poisson,0.7619,0.8729,1.1456,2,medium demand - intermittent
14022069001,樂事宮崎香煎嫩雞 樂事嫩雞,B,poisson,0.7143,0.8452,1.1832,2,medium demand - intermittent
14022086001,樂事波樂東京照燒烤雞串 波樂照燒烤雞串,A,poisson,2.3333,1.5275,0.6547,1,high demand - volatile
14022093001,樂事香焙嫩煎雞柳 樂事香焙雞柳,B,poisson,1.8571,1.3628,0.7338,1,medium demand - volatile
14022098001,卡迪那波浪洋芋片蔥鹽烤雞口味170G 卡那波浪烤雞,C,poisson,0.0476,0.2182,4.5826,2,low demand - intermittent
14022103001,乾脆點洋芋片-BBQ 乾脆點BBQ,C,poisson,0.1429,0.378,2.6458,2,low demand - intermittent
14022107001,樂事韓式辣醬炸雞 樂事韓式炸雞,B,poisson,1.2857,1.1339,0.8819,1,medium demand - volatile
14022118001,卡那洋芋片牛排口味175g 卡那牛排,A,poisson,2.9048,1.7043,0.5867,1,high demand - volatile
14022119001,品客四川宮保雞丁風味洋芋片 品客雞丁洋芋片,B,poisson,0.4286,0.6547,1.5275,2,medium demand - intermittent
14022166001,卡那波浪洋芋片香烤雞汁口味 香烤雞汁口味,B,poisson,0.8571,0.9258,1.0801,2,medium demand - intermittent
14022167001,卡那95薯條帝王蟹濃湯風味 帝王蟹濃湯風味,A,poisson,3.1429,1.7728,0.5641,1,high demand - volatile
14023003001,Lay s 樂事瑞士香濃起司,A,poisson,3.2857,1.8127,0.5517,1,high demand - volatile
14023005001,K董-薄切洋芋片-蜂蜜芥末口味,B,poisson,0.4762,0.6901,1.4491,2,medium demand - intermittent
14023006001,卡辣姆久厚切洋芋片派對分享包 卡辣姆久厚切洋,A,poisson,11.381,3.3736,0.2964,0,high demand - stable
14023012001,樂事瑞士香濃起司好康夾鏈包 樂事起司夾鏈包,B,poisson,1.5714,1.2536,0.7977,1,medium demand - volatile
14023014001,華元卡辣姆久洋芋條 卡辣姆久洋芋條,A,poisson,3.2381,1.7995,0.5557,1,high demand - volatile
14023015001,華元卡辣姆久洋芋片,A,poisson,11.0476,3.3238,0.3009,0,high demand - stable
14023017001,卡滋格子脆酸奶洋蔥口味,A,poisson,2.9048,1.7043,0.5867,1,high demand - volatile
14023019001,胖老爹雞腿造型洋芋球,B,poisson,0.6667,0.8165,1.2247,2,medium demand - intermittent
14023025001,卡辣姆久厚切洋芋片勁辣唐辛子口味 卡辣姆久厚切,A,poisson,5.0476,2.2467,0.4451,0,high demand - stable
14023027001,卡辣姆久勁辣唐辛子洋芋片派對分享包 卡辣姆久派對包,A,poisson,8.3333,2.8868,0.3464,0,high demand - stable
14023028001,樂事組合包,A,poisson,44.619,6.6797,0.1497,0,high demand - stable
14023029001,樂事波樂組合包 樂事波樂組合包,A,poisson,23.1905,4.8156,0.2077,0,high demand - stable
14023034001,波的多洋芋片派對包蚵仔煎辣味 波的多洋芋片派,A,poisson,2.3333,1.5275,0.6547,1,high demand - volatile
14023035001,卡迪那95快樂薯條鹽味 卡那快樂薯條,B,poisson,1.8571,1.3628,0.7338,1,medium demand - volatile
14023036001,卡那95 極品XO醬味薯條 卡那XO薯條,C,poisson,0.0952,0.3086,3.2404,2,low demand - intermittent
14023044001,卡辣姆久卡辣海苔洋芋片 卡辣海苔洋芋片,B,poisson,1.5238,1.2344,0.8101,1,medium demand - volatile
14023047001,樂事雞汁家庭號,A,poisson,14.7143,3.8359,0.2607,0,high demand - stable
14023049001,樂事海苔壽司家庭號 海苔壽司家庭號,A,poisson,11.8571,3.4434,0.2904,0,high demand - stable
14023050001,卡迪那牛排量販包 卡迪那量販包,A,poisson,9.5238,3.0861,0.324,0,high demand - stable
14023056001,樂事意合組合包,A,poisson,91.4286,9.5618,0.1046,0,high demand - stable
14023063001,樂事瑞士香濃起司派對分享包 樂事瑞士香濃起,B,poisson,0.9524,0.9759,1.0247,2,medium demand - intermittent
14023083001,卡迪那95台灣地瓜條原味 95地瓜條,A,poisson,8.7619,2.9601,0.3378,0,high demand - stable
14023102001,卡那95炙燒和牛風味薯條 卡那薯條,A,poisson,5.8095,2.4103,0.4149,0,high demand - stable
14023104001,樂事大波浪組合包 大波浪組合包,A,poisson,41.7619,6.4623,0.1547,0,high demand - stable
14023115001,華元波的多洋芋片-鹽之花風味 波的多洋芋片,A,poisson,2.619,1.6183,0.6179,1,high demand - volatile
14023126001,品客碳烤BBQ口味洋芋片,B,poisson,2.1905,1.48,0.6757,1,medium demand - volatile
14023127001,品客起司口味洋芋片,A,poisson,10.1905,3.1923,0.3133,0,high demand - stable
14023129001,品客比薩口味洋芋片,A,poisson,2.8571,1.6903,0.5916,1,high demand - volatile
14023132001,品客香辣口味洋芋片,A,poisson,2.9048,1.7043,0.5867,1,high demand - volatile
14023140001,卡滋鮮脆薯條-湖鹽海苔風味 卡滋薯條海苔,C,poisson,0.2857,0.5345,1.8708,2,low demand - intermittent
14023149001,樂事海鹽黑胡椒 樂事海鹽黑胡椒,A,poisson,2.5714,1.6036,0.6236,1,high demand - volatile
14023164001,湖池屋平切洋芋片玉米濃湯味 湖池屋玉米濃湯,A,poisson,3.4762,1.8645,0.5363,1,high demand - volatile
14023181001,卡迪那全天然洋芋片咖哩口味 全天然咖哩,C,poisson,0.0476,0.2182,4.5826,2,low demand - intermittent
14023192001,卡迪那全天然洋芋片海鹽口味110g 全天然洋芋片,B,poisson,0.3333,0.5774,1.7321,2,medium demand - intermittent
14023194001,日香鮮切薯條超值包 日香鮮切薯條,C,poisson,0.1429,0.378,2.6458,2,low demand - intermittent
14023198001,卡滋珍澎派超值組合箱 卡滋澎派組合箱,A,poisson,8.6667,2.9439,0.3397,0,high demand - stable
14023200001,乾脆點洋芋片-焗香起司 乾脆點起司,C,poisson,0.2857,0.5345,1.8708,2,low demand - intermittent
14023202001,乾脆點洋芋片-酸奶洋蔥 乾脆點洋蔥,B,poisson,0.4286,0.6547,1.5275,2,medium demand - intermittent
14023210001,樂事洋芋片限量熱銷組 樂事限量熱銷組,B,poisson,1.1905,1.0911,0.9165,1,medium demand - volatile
14023212001,韓國好麗友預感香烤洋芋片(起司) 好麗友洋芋片,B,poisson,1.381,1.1751,0.851,1,medium demand - volatile
14023248001,卡迪那95度C北海道松露薯條 95度C松露,A,poisson,11.5238,3.3947,0.2946,0,high demand - stable
14023250001,樂事香焙濟州鹽燒海苔 樂事香焙鹽燒海,C,poisson,0.0476,0.2182,4.5826,2,low demand - intermittent
14023252001,卡迪那洋芋片香辣口味310G 卡迪那香辣口味,A,poisson,2.381,1.543,0.6481,1,high demand - volatile
14023253001,卡迪那洋芋片海苔口味310G 卡迪那海苔,B,poisson,0.9524,0.9759,1.0247,2,medium demand - intermittent
14023256001,薯片先生(洋蔥味) 薯片先生,B,normal,1.0,0.9258,0.9258,1,medium demand - volatile
14023257001,薯片先生(紫薯味) 薯片先生,B,poisson,1.381,1.1751,0.851,1,medium demand - volatile
14023294001,卡迪那全天然洋芋片海苔口味110g 全天然洋芋片,B,poisson,1.0952,1.0465,0.9555,1,medium demand - volatile
14023295001,卡辣姆久厚切洋芋片-極辛口味 卡辣姆久厚切,A,poisson,3.7619,1.9396,0.5156,1,high demand - volatile
14023302001,品客麻辣鍋風味洋芋片 品客麻辣鍋,A,poisson,3.2381,1.7995,0.5557,1,high demand - volatile
14023305001,品客義大利起司四重奏風味洋芋片 品客起司洋芋片,B,poisson,0.5714,0.7559,1.3229,2,medium demand - intermittent
14023307001,湖池屋卡辣姆久厚切洋芋片-勁辣唐辛卡辣姆久勁辣,A,poisson,2.3333,1.5275,0.6547,1,high demand - volatile
14023310001,卡迪那95度C玉米濃湯風味薯條 玉米濃湯薯條,A,poisson,3.1905,1.7862,0.5599,1,high demand - volatile
14023501001,好運雙喜箱 好運雙喜箱,B,poisson,1.4762,1.215,0.8231,1,medium demand - volatile
14023502001,百事金光閃閃洋芋片組合箱 百事金光閃閃,B,normal,1.1905,3.3893,2.847,2,medium demand - intermittent
14023503001,卡那95北海道起司風味薯條 北海道起司風味,A,poisson,7.5714,2.7516,0.3634,0,high demand - stable
14100001001,義美煎餅-杏仁 義美煎餅-杏仁,A,poisson,4.6667,2.1602,0.4629,0,high demand - stable
14100002001,盛香珍手製煎餅花生口味,B,poisson,1.1429,1.069,0.9354,1,medium demand - volatile
14100003001,義美煎餅-花生,A,poisson,24.2857,4.9281,0.2029,0,high demand - stable
14100005001,天然谷纖穀派-蜂蜜燕麥 天然谷蜂蜜,B,poisson,0.6667,0.8165,1.2247,2,medium demand - intermittent
14100007001,家福杏仁香鬆奶酥 杏仁,B,poisson,0.5238,0.7237,1.3817,2,medium demand - intermittent
14100009001,義美狀元煎餅杏仁 義美狀元煎餅杏,A,poisson,2.8571,1.6903,0.5916,1,high demand - volatile
14100012001,義美狀元煎餅花生,A,poisson,6.0,2.4495,0.4082,0,high demand - stable
14100013001,盛香珍手工綠藻煎餅,A,poisson,5.381,2.3197,0.4311,0,high demand - stable
14100020001,原味巡禮煎餅捲-芝麻 原味巡禮煎餅捲,B,poisson,0.8095,0.8997,1.1114,2,medium demand - intermittent
14100021001,盛香珍手製煎餅-芝麻口味 盛香珍手製煎餅,A,poisson,4.3333,2.0817,0.4804,0,high demand - stable
14100026001,義美煎餅-芝麻,A,poisson,6.6667,2.582,0.3873,0,high demand - stable
14100027001,原味巡禮煎餅捲-海苔 原味巡禮煎餅捲,B,normal,1.9048,1.3768,0.7228,1,medium demand - volatile
14100031001,天然谷纖穀派-蘋果燕麥 天然谷蘋果,C,poisson,0.0952,0.3086,3.2404,2,low demand - intermittent
14101002001,家福椰子香鬆奶酥 椰子,B,poisson,0.3333,0.5774,1.7321,2,medium demand - intermittent
14101004001,可口奶滋葡萄量販包,A,poisson,4.1429,2.0354,0.4913,0,high demand - stable
14101007001,可口奶滋原味隨手包,A,poisson,3.7619,1.9396,0.5156,1,high demand - volatile
14101016001,大豆水果營養棒(草莓口味) 產地日本德島縣,B,poisson,0.6667,0.8165,1.2247,2,medium demand - intermittent
14101017001,大豆水果營養棒(葡萄杏仁),B,poisson,0.5238,0.7237,1.3817,2,medium demand - intermittent
14101021001,大豆水果營養棒藍莓口味,B,poisson,0.8095,0.8997,1.1114,2,medium demand - intermittent
14101024001,可口奶滋 原味量販包 可口奶滋,A,poisson,6.3333,2.5166,0.3974,0,high demand - stable
14101025001,可口奶滋福氣袋 可口奶滋福氣袋,A,poisson,23.1429,4.8107,0.2079,0,high demand - stable
14101048001,可口奶滋福氣袋(綜合口味) 綜合奶滋福氣袋,A,poisson,18.9524,4.3534,0.2297,0,high demand - stable
14101074001,盛香珍濃厚哈密瓜法國酥 盛香珍哈密瓜酥,A,poisson,3.2857,1.8127,0.5517,1,high demand - volatile
14101081001,家樂福蔓越莓果乾酥餅 家福果乾酥餅,B,poisson,1.1429,1.069,0.9354,1,medium demand - volatile
14102007001,家福巧克力香鬆奶酥 巧克力,B,normal,1.1905,1.8675,1.5687,2,medium demand - intermittent
14102008001,茱蒂絲巧克力燕麥餅 茱蒂絲巧克力燕,B,normal,1.1905,0.906,0.7611,1,medium demand - volatile
14102009001,健司巧克力脆片24入,A,poisson,6.0,2.4495,0.4082,0,high demand - stable
14102010001,奇寶巧克力豆餅 奇寶巧克力豆餅,B,poisson,1.7143,1.3093,0.7638,1,medium demand - volatile
14102025001,琣伯莉巧克力布朗尼軟餅乾 琣伯莉巧克力布,B,normal,1.1429,1.0817,0.9465,1,medium demand - volatile
14102026001,樂天小熊餅巧克力風味 小熊餅巧克力,A,poisson,2.5714,1.6036,0.6236,1,high demand - volatile
14102040001,77蜜蘭諾黑巧酥 77蜜蘭諾黑巧酥,A,poisson,7.381,2.7168,0.3681,0,high demand - stable
14102048001,琣珀莉雙層巧克力米蘭餅乾 琣伯莉雙層巧克,B,poisson,1.3333,1.1547,0.866,1,medium demand - volatile
14102067001,盛香珍巧克力脆餅 盛香珍巧克力脆,B,normal,1.2857,1.2778,0.9938,1,medium demand - volatile
14102087001,義美巧克力消化餅,B,poisson,1.7619,1.3274,0.7534,1,medium demand - volatile
14102115001,義美黑可可消化餅,A,poisson,2.4286,1.5584,0.6417,1,high demand - volatile
14102182001,No Brand 巧克力豆餅乾,A,poisson,2.4286,1.5584,0.6417,1,high demand - volatile
14102223001,大豆水果營養棒(杏仁巧克力風味) 大豆營養棒巧克,B,poisson,0.3333,0.5774,1.7321,2,medium demand - intermittent
14102238001,盛香珍濃厚巧克力風味法國酥 濃巧克力法國酥,A,poisson,10.381,3.2219,0.3104,0,high demand - stable
14102246001,義美臻果巧克力酥片 (牛奶巧克力),A,poisson,17.1429,4.1404,0.2415,0,high demand - stable
14102249001,義美杏仁巧克力酥片（黑可可）,A,poisson,36.8571,6.071,0.1647,0,high demand - stable
14102250001,義美杏仁巧克力酥片（牛奶巧克力）,A,poisson,32.5714,5.7071,0.1752,0,high demand - stable
14102258001,義美榛果巧克力酥片(黑可可),A,poisson,16.7619,4.0941,0.2443,0,high demand - stable
14102365001,Chipsmore 榛果巧克力風味豆餅乾224g 榛果巧克豆餅,B,poisson,0.3333,0.5774,1.7321,2,medium demand - intermittent
14102366001,Chipsmore巧克力風味豆多多餅乾224g 巧克豆多多餅,C,poisson,0.2381,0.488,2.0494,2,low demand - intermittent
14103009001,孔雀餅乾,A,poisson,17.5238,4.1861,0.2389,0,high demand - stable
14103018001,盛香珍經典奶酥,A,poisson,6.1905,2.4881,0.4019,0,high demand - stable
14103030001,本味誠現牛奶餅 本味誠現牛奶餅,A,poisson,4.8571,2.2039,0.4537,0,high demand - stable
14103048001,本味誠現蛋黃餅201g,C,poisson,0.1905,0.4364,2.2913,2,low demand - intermittent
14103049001,本味誠現mini牛奶餅175g,B,poisson,0.5714,0.7559,1.3229,2,medium demand - intermittent
14103051001,正福堂乳酪奶酥 正福堂乳酪奶酥,B,poisson,0.6667,0.8165,1.2247,2,medium demand - intermittent
14103053001,正福堂香港桃酥 正福堂香港桃酥,A,poisson,2.7143,1.6475,0.607,1,high demand - volatile
14103057001,本味誠現乳酥餅221g,A,poisson,2.4286,1.5584,0.6417,1,high demand - volatile
14103058001,蘇格蘭皇家迷你奶油餅乾 蘇格蘭皇家迷你,C,poisson,0.0952,0.3086,3.2404,2,low demand - intermittent
14103070001,東海牧場-鮮奶薄餅 鮮奶薄餅,B,poisson,0.7619,0.8729,1.1456,2,medium demand - intermittent
14103073001,本味誠現小農鮮乳餅 小農鮮乳餅,C,poisson,0.2857,0.5345,1.8708,2,low demand - intermittent
14103084001,長松鮮奶棒 長松鮮奶棒,B,poisson,0.4762,0.6901,1.4491,2,medium demand - intermittent
14103106001,No Brand 奶油曲奇餅,B,poisson,1.619,1.2724,0.7859,1,medium demand - volatile
14103155001,本味誠現精選綜合箱 本味誠現精選綜,A,poisson,2.8095,1.6762,0.5966,1,high demand - volatile
14104002001,義美煎餅-海苔,A,poisson,16.9524,4.1173,0.2429,0,high demand - stable
14104005001,盛香珍鹹蛋黃流沙曲奇 鹹蛋黃流沙曲奇,B,poisson,0.9524,0.9759,1.0247,2,medium demand - intermittent
14104011001,可口奶滋--蜂蜜燕麥口味 奶滋--蜂蜜燕麥,B,poisson,1.5238,1.2344,0.8101,1,medium demand - volatile
14104012001,77蜜蘭諾杏仁鬆塔12入盒裝 蜜蘭諾杏仁千層,A,poisson,21.619,4.6496,0.2151,0,high demand - stable
14104013001,蜜蘭諾義式起司薄鬆塔 蜜蘭諾起司鬆塔,C,poisson,0.2381,0.488,2.0494,2,low demand - intermittent
14104016001,義美消化餅 義美消化餅,B,poisson,2.0,1.4142,0.7071,1,medium demand - volatile
14104017001,小林煎餅超值包,A,poisson,12.9524,3.5989,0.2779,0,high demand - stable
14104019001,77經典綜合箱541g 77綜合箱,A,poisson,5.4286,2.3299,0.4292,0,high demand - stable
14104028001,帕皮思比利時焦糖脆餅 帕皮思焦糖脆餅,C,poisson,0.0476,0.2182,4.5826,2,low demand - intermittent
14104029001,77蜜蘭諾綜合組合箱472.5g 蜜蘭諾組合箱,B,poisson,0.381,0.6172,1.6202,2,medium demand - intermittent
14104030001,家福綜合香鬆奶酥 綜合包,B,poisson,0.9048,0.9512,1.0513,2,medium demand - intermittent
14104042001,旺仔小饅頭經濟包,A,poisson,8.5238,2.9196,0.3425,0,high demand - stable
14104060001,77蜜蘭諾千層鬆塔 蜜蘭諾千層鬆塔,B,poisson,1.6667,1.291,0.7746,1,medium demand - volatile
14104067001,義美紅麴養生薄餅,A,poisson,13.7143,3.7033,0.27,0,high demand - stable
14104073001,台糖南瓜纖蔬養生薄餅,B,poisson,0.8571,0.9258,1.0801,2,medium demand - intermittent
14104079001,TTL酒粕養生薄餅,A,poisson,4.1429,2.0354,0.4913,0,high demand - stable
14104080001,義美十榖養生餅(量)-燕麥芝麻 十榖餅燕麥芝麻,B,poisson,0.619,0.7868,1.271,2,medium demand - intermittent
14104085001,奇比樂起司餅乾,A,poisson,4.2381,2.0587,0.4858,0,high demand - stable
14104086001,奇比樂奶焗香蔥餅乾 奇比樂奶焗香蔥,A,poisson,2.619,1.6183,0.6179,1,high demand - volatile
14104088001,米森有機餅 牛奶藜麥餅,B,poisson,0.3333,0.5774,1.7321,2,medium demand - intermittent
14104088002,米森有機餅 黑芝麻餅,C,poisson,0.1429,0.378,2.6458,2,low demand - intermittent
14104090001,茱蒂絲草莓燕麥餅 草莓燕麥餅,A,normal,2.1905,1.4013,0.6397,1,high demand - volatile
14104096001,掬水軒迷你口糧棒 70g/包,A,poisson,4.381,2.0931,0.4778,0,high demand - stable
14104097001,本格派黑糖鬆餅,B,poisson,1.3333,1.1547,0.866,1,medium demand - volatile
14104098001,雪之戀雪花餅 雪之戀雪花餅,B,poisson,1.0952,1.0465,0.9555,1,medium demand - volatile
14104101001,義美鮮乳薄餅量販盒,A,poisson,7.381,2.7168,0.3681,0,high demand - stable
14104102001,茱蒂絲十榖餅 茱蒂絲十榖餅,B,poisson,1.1905,1.0911,0.9165,1,medium demand - volatile
14104108001,比利時蓮花薄脆餅(家庭號),A,poisson,3.5714,1.8898,0.5292,1,high demand - volatile
14104109001,麥維他原味消化餅2入組500g 麥維他原味消化,B,normal,1.0952,1.0648,0.9722,1,medium demand - volatile
14104113001,盛香珍法國薄酥 -維也那咖啡 盛香珍法國薄酥,A,poisson,4.1429,2.0354,0.4913,0,high demand - stable
14104114001,樂天小熊餅草莓風味 樂天小熊餅草莓,B,poisson,1.8571,1.3628,0.7338,1,medium demand - volatile
14104117001,雪之戀珍珠波霸雪餅 雪之戀雪餅,C,poisson,0.1905,0.4364,2.2913,2,low demand - intermittent
14104118001,77蜜蘭諾千層鬆塔 蜜蘭諾千層鬆塔,A,poisson,22.1905,4.7107,0.2123,0,high demand - stable
14104126001,掬水軒營養口糧140g,A,poisson,4.3333,2.0817,0.4804,0,high demand - stable
14104129001,ㄋㄟㄋㄟ補給站牛奶餅,A,poisson,20.0,4.4721,0.2236,0,high demand - stable
14104136001,自然主意 拇指煎餅-海苔濃140g 拇指煎餅-海苔,B,poisson,0.619,0.7868,1.271,2,medium demand - intermittent
14104139001,本味誠現穀香燕麥餅200g,B,poisson,0.6667,0.8165,1.2247,2,medium demand - intermittent
14104146001,小林煎餅雞蛋煎餅 小林煎餅蛋煎,B,poisson,1.2857,1.1339,0.8819,1,medium demand - volatile
14104148001,韓國樂天大蒜麵包餅 樂天大蒜麵包餅,B,poisson,1.7143,1.3093,0.7638,1,medium demand - volatile
14104150001,健司天然酵母餅乾21入,A,poisson,3.9048,1.976,0.5061,1,high demand - volatile
14104151001,健司牛奶餅乾21入,A,poisson,2.5714,1.6036,0.6236,1,high demand - volatile
14104162001,樂天小熊-牛奶風味37g,B,poisson,1.4762,1.215,0.8231,1,medium demand - volatile
14104169001,盛香珍濃厚草莓法國酥 草莓法國酥,A,poisson,8.9524,2.9921,0.3342,0,high demand - stable
14104193001,蜜蜂工坊-蜂蜜檸檬餅 蜂蜜檸檬餅,B,normal,1.0476,1.1329,1.0814,2,medium demand - intermittent
14104200001,可口奶滋鐵觀音口味量販包 可口奶滋鐵觀音,B,poisson,1.381,1.1751,0.851,1,medium demand - volatile
14105008001,樂天PEPERO白巧克力棒 樂天PEPERO白巧,B,poisson,1.2857,1.1339,0.8819,1,medium demand - volatile
14105026001,LOTTE Pepero 巧克力棒分享盒 Pepero,B,poisson,1.7619,1.3274,0.7534,1,medium demand - volatile
14105102001,御之味蔬菜棒棒餅,A,poisson,8.2381,2.8702,0.3484,0,high demand - stable
14105129001,LOTTE Pepero 白巧克力棒分享盒 Pepero 白巧克力,A,poisson,3.6667,1.9149,0.5222,1,high demand - volatile
14105130001,LOTTE Pepero杏仁巧克力棒分享盒 杏仁巧克力,A,poisson,5.381,2.3197,0.4311,0,high demand - stable
14110002001,家福葡萄派,B,poisson,1.2381,1.1127,0.8987,1,medium demand - volatile
14110003001,LOTTE 黑巧克力派 LOTTE 黑巧克力,B,poisson,1.8571,1.3628,0.7338,1,medium demand - volatile
14110006001,LOTTE 蛋黃派-香甜草莓風味,A,poisson,6.0476,2.4592,0.4066,0,high demand - stable
14110007001,雪之戀銅鑼燒(紅豆奶香風味) 雪之戀銅鑼紅豆,C,poisson,0.1905,0.4364,2.2913,2,low demand - intermittent
14110009001,奧利奧 巧心蛋糕量販包 奧利奧巧心蛋糕,A,poisson,25.2857,5.0285,0.1989,0,high demand - stable
14110010001,家福杏仁派,B,poisson,1.2857,1.1339,0.8819,1,medium demand - volatile
14110011001,達人巧克力派 達人巧克力派,B,normal,1.1905,1.0057,0.8447,1,medium demand - volatile
14110015001,樂天蛋黃派,A,poisson,27.0952,5.2053,0.1921,0,high demand - stable
14110019001,家福奶油派 家福奶油派,B,poisson,1.9524,1.3973,0.7157,1,medium demand - volatile
14110024001,好麗友蛋黃派 好麗友蛋黃派,A,poisson,2.4286,1.5584,0.6417,1,high demand - volatile
14110028001,好麗友巧克力派 好麗友巧克力派,B,poisson,0.7619,0.8729,1.1456,2,medium demand - intermittent
14110029001,樂天黑巧克力派,A,poisson,7.5714,2.7516,0.3634,0,high demand - stable
14110051001,盛香珍葡萄派 盛香珍葡萄派,B,poisson,1.2857,1.1339,0.8819,1,medium demand - volatile
14110053001,盛香珍酥餅總匯量販盒 酥餅總匯量販盒,B,poisson,1.4762,1.215,0.8231,1,medium demand - volatile
14110054001,樂天巧克力派-6入 樂天巧克力派,A,poisson,11.9048,3.4503,0.2898,0,high demand - stable
14110056001,野川經典蛋黃派,A,poisson,3.0,1.7321,0.5774,1,high demand - volatile
14110067001,義美蔓越葡萄千層派 義美蔓越葡萄千,C,poisson,0.2381,0.488,2.0494,2,low demand - intermittent
14110074001,台灣鄉親牛奶牛舌餅,C,poisson,0.0952,0.3086,3.2404,2,low demand - intermittent
14110078001,法國好媽媽檸檬塔 好媽媽檸檬塔,B,poisson,0.619,0.7868,1.271,2,medium demand - intermittent
14110081001,盛香珍蝴蝶派 盛香珍蝴蝶派,A,poisson,6.3333,2.5166,0.3974,0,high demand - stable
14110084001,77蜜蘭諾楓糖葡萄鬆塔,A,poisson,10.7619,3.2805,0.3048,0,high demand - stable
14110086001,77蜜蘭諾-醇黑千層 蜜蘭諾-醇黑,A,poisson,5.381,2.3197,0.4311,0,high demand - stable
14110106001,Custard Cake-蛋黃派(卡士達口味蛋糕 野川蛋黃派,A,poisson,13.9524,3.7353,0.2677,0,high demand - stable
14110145001,家樂福雙餡麻糬-紅豆奶香風味 家福紅豆雙餡麻,B,poisson,0.8571,0.9258,1.0801,2,medium demand - intermittent
14110146001,家樂福雙餡麻糬-花生奶香風味,B,poisson,0.9524,0.9759,1.0247,2,medium demand - intermittent
14110154001,盛香珍法式奶油千層酥 *法式奶油千層,A,poisson,4.381,2.0931,0.4778,0,high demand - stable
14110163001,小林煎餅千層派 小林煎餅千層派,B,normal,1.4286,1.0942,0.7659,1,medium demand - volatile
14110179001,奧利奧紅絲絨蛋糕餅乾量販包 奧利奧紅絲絨餅,C,poisson,0.1429,0.378,2.6458,2,low demand - intermittent
14110270001,樂天海派箱 樂天海派箱,B,poisson,0.3333,0.5774,1.7321,2,medium demand - intermittent
14110271001,樂天派好運箱 樂天派好運箱,C,poisson,0.0952,0.3086,3.2404,2,low demand - intermittent
14111001001,家福沙琪瑪 家福沙琪瑪,A,poisson,10.4286,3.2293,0.3097,0,high demand - stable
14111002001,正福堂香港桃酥,A,poisson,4.0952,2.0237,0.4942,0,high demand - stable
14111004001,新東陽鳳梨酥 鳳梨酥,B,poisson,1.9048,1.3801,0.7246,1,medium demand - volatile
14111005001,原味巡禮雞蛋沙琪瑪 原味巡禮雞蛋沙,B,poisson,1.4762,1.215,0.8231,1,medium demand - volatile
14111006001,原味巡禮黑糖沙琪瑪 原味巡禮黑糖沙,B,poisson,1.7143,1.3093,0.7638,1,medium demand - volatile
14111007001,家福黑糖沙琪瑪 450g 家福黑糖沙琪瑪,C,poisson,0.2857,0.5345,1.8708,2,low demand - intermittent
14111008001,純黑糖沙琪瑪 黑糖沙其馬,A,poisson,2.9524,1.7182,0.582,1,high demand - volatile
14111009001,卡賀黑糖沙琪瑪(盒裝),A,poisson,4.2857,2.0702,0.483,0,high demand - stable
14111010001,家福蜂蜜蜜麻花,A,poisson,3.619,1.9024,0.5257,1,high demand - volatile
14111011001,卡賀沙琪瑪,A,poisson,3.4286,1.8516,0.5401,1,high demand - volatile
14111012001,皇族珍珠奶茶酥 皇族珍珠奶茶酥,B,poisson,0.381,0.6172,1.6202,2,medium demand - intermittent
14111015001,家福黑糖蜜麻花,B,poisson,2.0,1.4142,0.7071,1,medium demand - volatile
14111017001,活力家族葡萄芝麻沙琪瑪 葡萄芝麻沙琪瑪,B,poisson,0.9048,0.9512,1.0513,2,medium demand - intermittent
14111018001,台鳳牌鳳梨酥-全麥(蛋奶素),B,poisson,0.7143,0.8452,1.1832,2,medium demand - intermittent
14111020001,原味巡禮原味地瓜酥 原味巡禮原味地,A,poisson,4.3333,2.0817,0.4804,0,high demand - stable
14111021001,西塢堅果黑糖沙琪瑪,B,poisson,0.8095,0.8997,1.1114,2,medium demand - intermittent
14111023001,皇族巧克力花生Q餅 皇族巧克力花生,B,poisson,0.8095,0.8997,1.1114,2,medium demand - intermittent
14111024001,家福沙琪瑪500g 家福沙琪瑪,A,poisson,4.6667,2.1602,0.4629,0,high demand - stable
14111025001,TW雲林旭成純素菜脯酥270G,A,poisson,2.381,1.543,0.6481,1,high demand - volatile
14111028001,原味巡禮黑糖地瓜酥 原味巡禮黑糖地,B,poisson,0.8571,0.9258,1.0801,2,medium demand - intermittent
14111029001,葡萄芝麻沙琪瑪 葡萄芝麻,A,poisson,2.2857,1.5119,0.6614,1,high demand - volatile
14111030001,TW雲林旭成菜脯酥-海苔270G,B,poisson,1.1905,1.0911,0.9165,1,medium demand - volatile
14111031001,TW雲林旭成菜脯餅-芥末250G,A,poisson,2.4286,1.5584,0.6417,1,high demand - volatile
14111034001,原味巡禮淡水魚酥 原味巡禮淡水魚,B,poisson,1.6667,1.291,0.7746,1,medium demand - volatile
14111035001,卡賀黑糖沙琪瑪 (袋裝) 卡賀黑糖沙琪瑪,C,poisson,0.1905,0.4364,2.2913,2,low demand - intermittent
14111036001,家福黑糖沙琪瑪,A,poisson,7.0,2.6458,0.378,0,high demand - stable
14111037001,原味巡禮菜脯餅 原味巡禮菜脯餅,A,poisson,3.0,1.7321,0.5774,1,high demand - volatile
14111038001,原味巡禮豬耳朵 原味巡禮豬耳朵,A,poisson,2.6667,1.633,0.6124,1,high demand - volatile
14111039001,TW雲林旭成原味菜脯餅250G,A,poisson,6.619,2.5728,0.3887,0,high demand - stable
14111040001,原味巡禮小麻酥 原味巡禮小麻酥,B,poisson,0.381,0.6172,1.6202,2,medium demand - intermittent
14111041001,家福蜂蜜蜜麻花375g 家福蜂蜜麻花,B,poisson,1.0476,1.0235,0.977,1,medium demand - volatile
14111044001,良澔蔓越莓葡萄乾黑糖沙琪瑪 黑糖沙琪瑪,B,poisson,0.619,0.7868,1.271,2,medium demand - intermittent
14111045001,紅藜果仁黑糖沙琪瑪 紅藜果仁沙琪瑪,B,poisson,0.5714,0.7559,1.3229,2,medium demand - intermittent
14111048001,家福黑糖蜜麻花375g 家福黑糖麻花,C,poisson,0.0476,0.2182,4.5826,2,low demand - intermittent
14111050001,古道鳳梨酥 古道鳳梨酥,B,poisson,0.9524,0.9759,1.0247,2,medium demand - intermittent
14111053001,家樂福葡萄蔓越莓沙琪瑪,C,poisson,0.0952,0.3086,3.2404,2,low demand - intermittent
14111055001,日香家庭派對綜合包 日香派對綜合包,B,poisson,1.5238,1.2344,0.8101,1,medium demand - volatile
14111058001,崑崎鹹蛋黃麥芽餅-黑糖味,B,poisson,0.8095,0.8997,1.1114,2,medium demand - intermittent
14111059001,崑崎鹹蛋黃麥芽餅,B,poisson,0.5238,0.7237,1.3817,2,medium demand - intermittent
14111063001,良澔綜合堅果沙琪瑪 良澔綜合堅果沙,B,poisson,0.8095,0.8997,1.1114,2,medium demand - intermittent
14111067001,日香菜脯餅90g,B,poisson,0.619,0.7868,1.271,2,medium demand - intermittent
14111078001,大黑松小倆口元首鳳梨酥,C,poisson,0.0476,0.2182,4.5826,2,low demand - intermittent
14111079001,皇族棉大福(綜合口味) 皇族棉大福,C,poisson,0.2381,0.488,2.0494,2,low demand - intermittent
14111090001,原味巡禮芝麻巧果 原味巡禮芝麻巧,B,poisson,0.381,0.6172,1.6202,2,medium demand - intermittent
14111098001,綜合果仁黑糖沙琪瑪 果仁黑糖沙琪瑪,B,poisson,0.6667,0.8165,1.2247,2,medium demand - intermittent
14111099001,義美禧之美純鳳梨酥 義美鳳梨酥,B,poisson,0.381,0.6172,1.6202,2,medium demand - intermittent
14111100001,義美御之美純鳳梨酥 義美鳳梨酥,B,poisson,0.4762,0.6901,1.4491,2,medium demand - intermittent
14111102001,皇族杏仁餅 皇族杏仁餅,B,poisson,0.5238,0.7237,1.3817,2,medium demand - intermittent
14111107001,蔓越莓非籠飼雞蛋沙琪瑪 非籠飼沙琪瑪,C,poisson,0.2381,0.488,2.0494,2,low demand - intermittent
14111118001,日香白胡椒餅 日香白胡椒餅,A,poisson,6.7143,2.5912,0.3859,0,high demand - stable
14111119001,日香豌豆蒜香餅 日香豌豆蒜香餅,C,poisson,0.2857,0.5345,1.8708,2,low demand - intermittent
14111120001,家樂福堅果黑糖沙琪瑪 堅果黑糖沙琪瑪,B,poisson,0.9524,0.9759,1.0247,2,medium demand - intermittent
14111123001,福味手工麻花捲(黑糖撞奶口味) 黑糖撞奶麻花捲,A,poisson,3.619,1.9024,0.5257,1,high demand - volatile
14111132001,福味手工麻花捲(黑糖口味) 黑糖麻花捲,A,poisson,4.0,2.0,0.5,0,high demand - stable
14111134001,福味手工麻花捲(原味) 原味麻花捲,A,poisson,4.5714,2.1381,0.4677,0,high demand - stable
14111142001,西塢黑糖沙琪瑪,A,poisson,3.4286,1.8516,0.5401,1,high demand - volatile
14111143001,西塢原味沙琪瑪,A,poisson,3.3333,1.8257,0.5477,1,high demand - volatile
14111146001,芊宏麻花捲 麻花捲,C,poisson,0.2381,0.488,2.0494,2,low demand - intermittent
14111230001,皇族芝麻杏仁餅 芝麻杏仁餅,C,poisson,0.1429,0.378,2.6458,2,low demand - intermittent
14112007001,義美牛奶小泡芙(三入),A,poisson,31.1905,5.5848,0.1791,0,high demand - stable
14112009001,樂天小熊餅乾家庭號-牛奶風味,A,poisson,3.3333,1.8257,0.5477,1,high demand - volatile
14112013001,義美巧克力小泡芙 (三入),A,poisson,41.6667,6.455,0.1549,0,high demand - stable
14112014001,義美草莓小泡芙(三入) 義美草莓泡芙,A,poisson,24.5238,4.9522,0.2019,0,high demand - stable
14112016001,樂天小熊餅-巧克力風味(家庭號),A,poisson,14.0,3.7417,0.2673,0,high demand - stable
14112018001,義美小泡芙-檸檬風味 義美小泡芙-檸,A,poisson,11.2857,3.3594,0.2977,0,high demand - stable
14112021001,樂天小熊餅乾家庭號--草莓風味,A,poisson,5.2857,2.2991,0.435,0,high demand - stable
14112038001,樂天小熊餅超值美味組合 樂天小熊餅超值,B,poisson,2.1429,1.4639,0.6831,1,medium demand - volatile
14112040001,樂天小熊澎湃箱-巧克力風味 樂天小熊澎湃箱,A,poisson,5.7619,2.4004,0.4166,0,high demand - stable
14112041001,樂天小熊澎湃箱-綜合口味 樂天小熊澎湃箱,A,poisson,12.5714,3.5456,0.282,0,high demand - stable
14112053001,樂天小熊餅家庭號-香濃煉乳風味 樂天小熊餅煉乳,B,poisson,1.619,1.2724,0.7859,1,medium demand - volatile
14112054001,樂天小熊餅家庭號-濃黑巧克力風味,A,poisson,6.4286,2.5355,0.3944,0,high demand - stable
14113013001,家樂福香蔥脆餅100g 家樂福香蔥脆餅,B,normal,1.0,0.9258,0.9258,1,medium demand - volatile
14113066001,樂天巧克力派 樂天巧克力派,A,poisson,22.9524,4.7909,0.2087,0,high demand - stable
14120002001,韓國樂天BINCH 巧克力餅乾 樂天巧克力餅乾,B,poisson,1.6667,1.291,0.7746,1,medium demand - volatile
14120005001,奧利奧黑白巧克力餅乾量販包 奧利奧夾心餅乾,A,poisson,3.0,1.7321,0.5774,1,high demand - volatile
14120008001,奧利奧巧克力夾心量販包 奧利奧巧克力,B,poisson,0.5714,0.7559,1.3229,2,medium demand - intermittent
14120012001,奧利奧巧克力三明治餅乾原味香 巧克力三明治,A,poisson,15.2857,3.9097,0.2558,0,high demand - stable
14120014001,奧利奧雙倍夾心 (量販包) 奧利奧雙倍夾,B,poisson,1.0,1.0,1.0,1,medium demand - volatile
14120017001,茱蒂絲雷蒙德巧克力夾心餅 茱蒂絲雷蒙德巧,A,poisson,3.5238,1.8772,0.5327,1,high demand - volatile
14120019001,義美巧克力法蘭酥,A,poisson,10.0,3.1623,0.3162,0,high demand - stable
14120020001,奧利奧夾心餅乾隨手包-巧克力 奧利奧夾心餅乾,A,poisson,4.8095,2.1931,0.456,0,high demand - stable
14120024001,明治貓熊巧克力夾心餅家庭號 貓熊巧克力夾心,B,poisson,0.9524,0.9759,1.0247,2,medium demand - intermittent
14120044001,麗滋巧克力三明治餅乾兩條裝236g 麗滋巧克力,B,normal,1.2381,1.1508,0.9295,1,medium demand - volatile
14120045001,麗滋巧克力三明治餅乾隨手包243g 麗滋巧克力,A,poisson,2.9048,1.7043,0.5867,1,high demand - volatile
14120054001,迷你Oreo隨手包-巧克力 Oreo隨手包,A,poisson,2.8571,1.6903,0.5916,1,high demand - volatile
14120060001,奧利奧黑白巧克力口味隨手包 奧利奧餅乾,B,poisson,0.7143,0.8452,1.1832,2,medium demand - intermittent
14121004001,家福牛奶法國薄酥 家福牛奶薄酥,A,poisson,2.4286,1.5584,0.6417,1,high demand - volatile
14121006001,家福草莓法國薄酥 家福草莓薄酥,A,poisson,2.5714,1.6036,0.6236,1,high demand - volatile
14121007001,ACE五穀牛奶夾心餅乾 五穀牛奶夾心餅,A,poisson,2.8095,1.6762,0.5966,1,high demand - volatile
14121011001,優群蘇打牛軋餅-原味 優群蘇打牛軋餅,B,poisson,0.9048,0.9512,1.0513,2,medium demand - intermittent
14121014001,義美草莓法蘭酥,A,poisson,20.2857,4.504,0.222,0,high demand - stable
14121015001,ACE 起司夾心餅乾 ACE 起司,A,poisson,3.4762,1.8645,0.5363,1,high demand - volatile
14121017001,義美牛奶法蘭酥,A,poisson,11.0476,3.3238,0.3009,0,high demand - stable
14121019001,茱蒂絲雷蒙德夾心餅-檸檬味,A,poisson,19.8095,4.4508,0.2247,0,high demand - stable
14121020001,盛香珍濃厚芋頭牛奶巧克酥 *芋頭牛奶巧克,A,poisson,15.7619,3.9701,0.2519,0,high demand - stable
14121022001,奧利奧減甜香草夾心餅乾量販包399g 奧利奧減甜香草,A,poisson,3.381,1.8387,0.5439,1,high demand - volatile
14121025001,Yu-ki起司夾心餅 Yu-ki起司夾心餅,C,poisson,0.0476,0.2182,4.5826,2,low demand - intermittent
14121028001,奧利奧草莓夾心三明治量販包 奧利奧草莓夾心,B,poisson,0.4286,0.6547,1.5275,2,medium demand - intermittent
14121039001,金奇奧利奧香草夾心餅乾量販包399g 金奇奧利奧香草,B,poisson,0.9524,0.9759,1.0247,2,medium demand - intermittent
14121053001,義美蘇打餅夾心奶油口味 義美蘇打餅夾心,B,poisson,1.7619,1.3274,0.7534,1,medium demand - volatile
14121056001,向日葵餅乾桶-起士風味 向日葵起士餅乾,B,poisson,0.5714,0.7559,1.3229,2,medium demand - intermittent
14121057001,義美美味薄餅夾心-檸檬,A,poisson,9.8571,3.1396,0.3185,0,high demand - stable
14121059001,義美蘇打餅夾心檸檬口味,A,poisson,3.6667,1.9149,0.5222,1,high demand - volatile
14121061001,健司X十利 抹茶法蘭酥12入 抹茶法蘭酥,B,poisson,1.8571,1.3628,0.7338,1,medium demand - volatile
14121062001,茱蒂絲雷蒙德乳酪夾心餅,A,poisson,7.7143,2.7775,0.36,0,high demand - stable
14121063001,茱蒂絲純花生醬三明治餅乾,A,poisson,12.8571,3.5857,0.2789,0,high demand - stable
14121064001,茱蒂絲乳酪三明治餅乾 茱蒂絲乳酪三明,B,normal,1.7619,1.411,0.8008,1,medium demand - volatile
14121068001,盛香珍濃厚檸檬巧克酥 *濃厚檸檬巧克,A,poisson,14.6667,3.8297,0.2611,0,high demand - stable
14121074001,奧利奧夾心餅乾隨手包-原味 奧利奧夾心餅乾,A,poisson,13.1905,3.6319,0.2753,0,high demand - stable
14121075001,奧利奧夾心餅乾隨手包-草莓 奧利奧夾心餅乾,B,normal,1.8095,1.3316,0.7359,1,medium demand - volatile
14121090001,迷你Oreo隨手包-香草原味 Oreo隨手包,A,poisson,5.4762,2.3401,0.4273,0,high demand - stable
14121093001,金奇奧利奧香草夾心餅乾隨手包256.5g 金奇奧利奧香草,B,poisson,1.4762,1.215,0.8231,1,medium demand - volatile
14121094001,健司法式薄片40入 健司法式薄片,A,poisson,5.5714,2.3604,0.4237,0,high demand - stable
14121101001,法式薄燒夾心餅(牛奶風味) 牛奶薄燒夾心餅,B,poisson,1.8571,1.3628,0.7338,1,medium demand - volatile
14121104001,麗滋起士夾心餅乾 麗滋起士夾心餅,A,poisson,5.5714,2.3604,0.4237,0,high demand - stable
14121105001,麗滋歡樂分享包 麗滋歡樂分享包,B,normal,1.7143,1.0754,0.6273,1,medium demand - volatile
14121106001,盛香珍濃厚雙味巧克酥(花生+巧克力),A,poisson,23.9524,4.8941,0.2043,0,high demand - stable
14121112001,麗滋檸檬夾心餅乾 麗滋檸檬夾心餅,B,normal,2.0,1.4142,0.7071,1,medium demand - volatile
14121115001,盛香珍濃厚花生牛奶雙色巧克酥 花生牛奶巧克酥,A,poisson,7.3333,2.708,0.3693,0,high demand - stable
14121117001,向日葵餅乾桶-檸檬風味 向日葵檸檬餅乾,B,poisson,0.6667,0.8165,1.2247,2,medium demand - intermittent
14121119001,奧利奧花生醬巧克力口味夾心餅乾隨手 奧利奧夾心餅乾,A,poisson,2.6667,1.633,0.6124,1,high demand - volatile
14121129001,奧利奧減甜香草夾心餅乾隨手包256.5g 奧利奧減甜香草,B,poisson,1.4762,1.215,0.8231,1,medium demand - volatile
14121130001,優龍優格夾心餅乾 優格夾心,B,poisson,1.0476,1.0235,0.977,1,medium demand - volatile
14121131001,奧利奧花生醬巧克力夾心餅乾 奧利奧夾心餅乾,C,poisson,0.2381,0.488,2.0494,2,low demand - intermittent
14121132001,迷你Oreo隨手包-摩卡口味 迷你Oreo摩卡,B,poisson,0.9048,0.9512,1.0513,2,medium demand - intermittent
14121136001,麗滋起司餅乾隨手包243g 麗滋起司,A,poisson,8.5714,2.9277,0.3416,0,high demand - stable
14121143001,義美美味草莓薄餅夾心餅,A,poisson,6.3333,2.5166,0.3974,0,high demand - stable
14121164001,麗滋檸檬餅乾隨手包243g 麗滋檸檬,A,poisson,6.5714,2.5635,0.3901,0,high demand - stable
14121173001,義美法蘭酥(咖啡) 義美法蘭酥咖啡,A,poisson,4.7143,2.1712,0.4606,0,high demand - stable
14121179001,OREO 吉利慶中元 吉利慶中元,A,poisson,4.381,2.0931,0.4778,0,high demand - stable
14121269001,OREO  RITZ迷你經典箱 迷你經典箱,A,poisson,3.619,1.9024,0.5257,1,high demand - volatile
14130001001,家福檸檬風味夾心酥 家福檸檬夾心酥,A,poisson,9.4286,3.0706,0.3257,0,high demand - stable
14130007001,義美草莓夾心酥經濟包,A,poisson,19.8095,4.4508,0.2247,0,high demand - stable
14130009001,義美椰子夾心酥,A,poisson,7.7143,2.7775,0.36,0,high demand - stable
14130010001,77新貴派好事花生綜合箱 新貴派綜合箱,A,poisson,8.1905,2.8619,0.3494,0,high demand - stable
14130013001,義美夾心酥152克-檸檬,A,poisson,2.2857,1.5119,0.6614,1,high demand - volatile
14130015001,家福藍苺風味夾心酥 家福藍苺夾心酥,A,poisson,4.5714,2.1381,0.4677,0,high demand - stable
14130016001,77新貴派18片盒裝-藍莓 新貴派-藍莓,A,poisson,9.4286,3.0706,0.3257,0,high demand - stable
14130017001,77新貴派18片盒裝-草莓 新貴派-草莓,A,poisson,10.4286,3.2293,0.3097,0,high demand - stable
14130042001,77新貴派18片盒裝-清爽檸檬  252g 新貴派檸檬,A,poisson,7.1905,2.6815,0.3729,0,high demand - stable
14130044001,奧利奧捲心酥-草莓口味 奧利奧捲心草莓,B,poisson,0.5714,0.7559,1.3229,2,medium demand - intermittent
14130054001,義美清香檸檬夾心酥(檸檬風味)400g 清香檸檬夾心酥,A,poisson,6.4762,2.5448,0.393,0,high demand - stable
14131008001,77新貴派18片盒裝-濃郁抹茶  252g 新貴派抹茶,A,poisson,6.8571,2.6186,0.3819,0,high demand - stable
14131011001,77巧菲斯夾心酥(牛奶口味)10入,B,poisson,2.0952,1.4475,0.6908,1,medium demand - volatile
14131020001,家福花生夾心酥,A,poisson,8.8571,2.9761,0.336,0,high demand - stable
14131022001,義美夾心酥(黑可可) 義美夾心酥黑可,A,poisson,9.7143,3.1168,0.3208,0,high demand - stable
14131024001,Gery捲心酥(榛果巧克力味),B,poisson,1.381,1.1751,0.851,1,medium demand - volatile
14131025001,義美香芋夾心酥經濟包,A,poisson,12.1429,3.4847,0.287,0,high demand - stable
14131026001,新貴派大格酥經典巧克力口味324g,B,poisson,1.9048,1.3801,0.7246,1,medium demand - volatile
14131027001,義美牛奶夾心酥經濟包,A,poisson,14.9048,3.8607,0.259,0,high demand - stable
14131033001,77新貴派迷你巧克力,A,poisson,32.4286,5.6946,0.1756,0,high demand - stable
14131040001,家福香芋夾心酥 家福香芋夾心酥,A,poisson,3.5238,1.8772,0.5327,1,high demand - volatile
14131041001,義美巧克力夾心酥經濟包,A,poisson,23.5714,4.855,0.206,0,high demand - stable
14131043001,家福巧克力夾心酥 巧克力夾心酥,A,normal,4.3333,3.1371,0.7239,1,high demand - volatile
14131044001,萊佳綜合迷你哈斯餅 萊佳綜合迷你哈,B,normal,1.1429,1.0817,0.9465,1,medium demand - volatile
14131047001,77新貴派18片盒裝-花生 新貴派-花生,A,poisson,27.8571,5.278,0.1895,0,high demand - stable
14131056001,義美夾心酥(咖啡),A,poisson,5.3333,2.3094,0.433,0,high demand - stable
14131074001,Gery捲心酥(黑巧克力味),B,poisson,1.4286,1.1952,0.8367,1,medium demand - volatile
14131075001,77巧菲斯夾心酥(牛奶口味)300G 巧菲斯夾心酥,A,poisson,17.0952,4.1346,0.2419,0,high demand - stable
14131081001,新貴派大格酥芝麻豆奶324g 大格酥芝麻豆奶,A,poisson,9.5714,3.0938,0.3232,0,high demand - stable
14131092001,新貴派大格酥焙烤花生324g 大格酥焙烤花生,A,poisson,10.8095,3.2878,0.3042,0,high demand - stable
14131105001,新貴派大格酥陽光檸檬324g 大格酥陽光檸檬,A,poisson,8.7619,2.9601,0.3378,0,high demand - stable
14131121001,77新貴派18片盒裝-焦糖海鹽,A,poisson,5.0476,2.2467,0.4451,0,high demand - stable
14132003001,家福咖啡脆捲 家福咖啡,A,poisson,5.2857,2.2991,0.435,0,high demand - stable
14132012001,家福牛奶脆捲 家福牛奶脆捲,A,poisson,3.7143,1.9272,0.5189,1,high demand - volatile
14132013001,盛香珍拿鐵咖啡脆捲 210g 拿鐵咖啡脆捲,A,poisson,4.1429,2.0354,0.4913,0,high demand - stable
14132015001,可口脆笛酥巧克力量販包 可口脆笛酥巧克,A,poisson,20.5238,4.5303,0.2207,0,high demand - stable
14132031001,孔雀咖啡捲心餅,A,poisson,14.381,3.7922,0.2637,0,high demand - stable
14132038001,家福巧克力捲 家福巧克力捲,A,poisson,4.381,2.0931,0.4778,0,high demand - stable
14132050001,可口脆笛酥草莓量販包 可口脆笛酥草莓,A,poisson,10.5714,3.2514,0.3076,0,high demand - stable
14132052001,可口脆笛酥牛奶量販包 可口脆笛酥牛奶,A,poisson,7.2381,2.6904,0.3717,0,high demand - stable
14132071001,旺旺夾心酥捲(香草味),B,poisson,2.1429,1.4639,0.6831,1,medium demand - volatile
14132074001,義美威化卷 (桶) 巧克力,A,poisson,3.381,1.8387,0.5439,1,high demand - volatile
14132075001,義美威化卷(桶) 香草牛奶,B,poisson,1.6667,1.291,0.7746,1,medium demand - volatile
14132116001,旺旺夾心捲-草莓口味,B,poisson,2.0,1.4142,0.7071,1,medium demand - volatile
14132130001,奧利奧捲心酥-巧克力口味 奧利奧捲心酥,B,poisson,0.7143,0.8452,1.1832,2,medium demand - intermittent
14132131001,奧利奧捲心酥-香草口味 奧利奧捲心酥,C,poisson,0.2381,0.488,2.0494,2,low demand - intermittent
14132149001,黑師傅福源花生醬捲心酥,B,normal,1.0476,0.95,0.9068,1,medium demand - volatile
14132150001,黑師傅茶茶小王子抹茶拿鐵捲心酥 黑師傅抹茶拿鐵,B,poisson,0.5238,0.7237,1.3817,2,medium demand - intermittent
14132153001,Gery芝莉捲心酥(重起士) 芝莉捲心酥,B,normal,1.0,0.9759,0.9759,1,medium demand - volatile
14132156001,小瓜呆脆笛酥-乳酸優格口味 脆笛酥乳酸優格,B,normal,0.9524,0.8985,0.9434,1,medium demand - volatile
14132157001,小瓜呆脆笛酥-蜂蜜牛奶口味 脆笛酥蜂蜜牛奶,A,poisson,2.8571,1.6903,0.5916,1,high demand - volatile
14132229001,OREO小瓜呆心意滿滿綜合捲心酥 綜合捲心酥,A,poisson,12.7619,3.5724,0.2799,0,high demand - stable
14132230001,黑師傅x飛燕煉乳捲心酥-煉乳口味,B,poisson,0.6667,0.8165,1.2247,2,medium demand - intermittent
14132231001,黑師傅捲心酥-甜心莓,C,poisson,0.2381,0.488,2.0494,2,low demand - intermittent
14133003001,義美蛋捲量販盒-原味,A,poisson,23.5714,4.855,0.206,0,high demand - stable
14133007001,家樂福蛋香蛋捲,B,poisson,1.4286,1.1952,0.8367,1,medium demand - volatile
14133013001,橘平屋海苔蛋捲原味 橘平屋海苔蛋捲,C,poisson,0.2381,0.488,2.0494,2,low demand - intermittent
14133023001,義美蛋捲量販盒-芝麻,A,poisson,26.5238,5.1501,0.1942,0,high demand - stable
14133027001,家樂福芝麻蛋捲,B,poisson,1.4762,1.215,0.8231,1,medium demand - volatile
14133028001,家樂福咖啡蛋捲,B,poisson,1.9048,1.3801,0.7246,1,medium demand - volatile
14133029001,義美小蛋捲-原味,A,poisson,6.5714,2.5635,0.3901,0,high demand - stable
14133030001,義美小蛋捲-芝麻,A,poisson,5.2381,2.2887,0.4369,0,high demand - stable
14133898001,可口上賓蛋捲組合 可口上賓蛋捲禮,A,poisson,4.7619,2.1822,0.4583,0,high demand - stable
14133901001,可口上賓蛋捲量販包蛋香口味 上賓蛋捲蛋香,A,poisson,3.8571,1.964,0.5092,1,high demand - volatile
14133902001,可口上賓蛋捲量販包芝麻口味 上賓蛋捲芝麻,B,poisson,0.619,0.7868,1.271,2,medium demand - intermittent
14133905001,義美芝麻奶油蛋捲,A,poisson,2.619,1.6183,0.6179,1,high demand - volatile
14133907001,茶茶小王子日式抹茶蛋捲,B,poisson,0.5238,0.7237,1.3817,2,medium demand - intermittent
14133914001,西雅圖貝瑞斯塔極品咖啡蛋捲 西雅圖咖啡蛋捲,B,poisson,0.9048,0.9512,1.0513,2,medium demand - intermittent
14133918001,橘平屋蛋捲兩兩禮盒(原味+芝麻) 橘平屋蛋捲,B,poisson,0.4286,0.6547,1.5275,2,medium demand - intermittent
14133922001,義美蛋捲(平安款) 義美蛋捲,A,poisson,16.1905,4.0237,0.2485,0,high demand - stable
14133928001,興麥芝麻蛋捲袋裝 興麥芝麻蛋捲,C,poisson,0.1429,0.378,2.6458,2,low demand - intermittent
14133930001,興麥原味蛋捲袋裝 興麥原味蛋捲,C,poisson,0.1905,0.4364,2.2913,2,low demand - intermittent
14200001001,德昌蒜絲蒜味豆乾70g 德昌蒜絲蒜味豆,B,poisson,0.5238,0.7237,1.3817,2,medium demand - intermittent
14200002001,德昌沙茶豆乾 德昌沙茶豆乾,B,poisson,0.5238,0.7237,1.3817,2,medium demand - intermittent
14200006001,利全五香豆乾 210g 利全五香豆乾 2,A,poisson,4.1905,2.0471,0.4885,0,high demand - stable
14200011001,德昌滷肉豆乾,B,poisson,1.7619,1.3274,0.7534,1,medium demand - volatile
14200012001,五香方乾,B,normal,1.1905,0.9571,0.804,1,medium demand - volatile
14200014001,家福黑胡椒風味豆乾(非基改),B,poisson,0.6667,0.8165,1.2247,2,medium demand - intermittent
14200015001,德昌沙茶豆乾,A,poisson,3.1429,1.7728,0.5641,1,high demand - volatile
14200017001,家樂福方塊風味豆乾(非基改),B,poisson,0.7143,0.8452,1.1832,2,medium demand - intermittent
14200018001,家福沙茶豆乾(非基改),B,poisson,1.5714,1.2536,0.7977,1,medium demand - volatile
14200019001,家福滷肉風味豆乾(非基改),B,poisson,0.7143,0.8452,1.1832,2,medium demand - intermittent
14200021001,四乘六Q香豆干 四乘六Q香豆干,B,poisson,0.9048,0.9512,1.0513,2,medium demand - intermittent
14200028001,德昌蒜絲豆乾,C,poisson,0.2381,0.488,2.0494,2,low demand - intermittent
14200033001,德昌五香豆乾,B,poisson,1.4762,1.215,0.8231,1,medium demand - volatile
14200046001,德昌豆乾-素食香菇,B,poisson,1.2381,1.1127,0.8987,1,medium demand - volatile
14200047001,德昌豆乾-黑胡椒,B,poisson,1.9048,1.3801,0.7246,1,medium demand - volatile
14200049001,德昌五香小丁豆干 五香小丁,B,normal,1.1905,1.0963,0.9209,1,medium demand - volatile
14200059001,四乘六香讚切干豆干 四乘六香讚切干,B,poisson,0.3333,0.5774,1.7321,2,medium demand - intermittent
14200060001,四乘六果汁大丁豆干,B,poisson,0.4762,0.6901,1.4491,2,medium demand - intermittent
14200061001,四乘六黑胡椒豆干 黑胡椒豆干,C,poisson,0.2381,0.488,2.0494,2,low demand - intermittent
14200069001,良澔大溪名產豆丁,A,poisson,12.1905,3.4915,0.2864,0,high demand - stable
14200070001,四乘六蒜味滷條豆干 蒜味滷條豆干,B,poisson,0.4762,0.6901,1.4491,2,medium demand - intermittent
14200085001,原味巡禮老滷豆干-黑胡椒 老滷豆干黑胡椒,B,poisson,0.7619,0.8729,1.1456,2,medium demand - intermittent
14200086001,原味巡禮老滷豆干-麻辣板條 老滷豆干麻辣,B,poisson,0.8571,0.9258,1.0801,2,medium demand - intermittent
14200087001,原味巡禮老滷豆干-大沙茶 老滷豆干大沙茶,A,poisson,2.4762,1.5736,0.6355,1,high demand - volatile
14200088001,原味巡禮老滷豆干-大板條 老滷豆干大板條,B,poisson,0.8571,0.9258,1.0801,2,medium demand - intermittent
14200089001,原味巡禮老滷豆干-包干 老滷豆干包干,B,poisson,0.619,0.7868,1.271,2,medium demand - intermittent
14200090001,原味巡禮老滷豆干-香辣豆干 老滷豆干香辣干,B,poisson,0.7143,0.8452,1.1832,2,medium demand - intermittent
14200091001,原味巡禮老滷豆干-滷肉珍味 老滷豆干滷肉珍,B,poisson,1.2381,1.1127,0.8987,1,medium demand - volatile
14200092001,原味巡禮老滷豆干-蒜茸豆絲 老滷豆干蒜茸,B,poisson,0.8571,0.9258,1.0801,2,medium demand - intermittent
14200093001,原味巡禮老滷豆干-大豆丁 老滷豆干大豆丁,B,normal,1.0,0.9258,0.9258,1,medium demand - volatile
14200096001,原味巡禮老滷豆干-香Q豆絲 老滷豆干香Q干,B,poisson,0.5714,0.7559,1.3229,2,medium demand - intermittent
14200119001,良澔大溪名產豆丁(辣味) 大溪名產豆丁,A,poisson,5.7619,2.4004,0.4166,0,high demand - stable
14200129001,金門高粱厚Q干(沙茶口味) 高粱豆干沙茶,B,poisson,0.619,0.7868,1.271,2,medium demand - intermittent
14200130001,金門高粱厚Q干(經典微辣) 高粱豆干微辣,B,poisson,0.9048,0.9512,1.0513,2,medium demand - intermittent
14200133001,良澔 大溪名產豆丁-蒜香口味 大溪名產豆丁,B,poisson,1.0952,1.0465,0.9555,1,medium demand - volatile
14201002001,新東陽原味牛肉乾(大) 新東陽原味牛肉,B,poisson,0.381,0.6172,1.6202,2,medium demand - intermittent
14201003001,金安記牛腱片 牛腱片,C,poisson,0.2857,0.5345,1.8708,2,low demand - intermittent
14201013001,新東陽麻辣牛肉乾 麻辣牛肉乾,B,poisson,1.4286,1.1952,0.8367,1,medium demand - volatile
14201019001,成記五香牛肉乾 成記五香牛肉乾,C,poisson,0.1905,0.4364,2.2913,2,low demand - intermittent
14201020001,成記香辣牛肉乾,B,poisson,0.5714,0.7559,1.3229,2,medium demand - intermittent
14201021001,新東陽原味牛肉乾 五香牛肉乾,A,poisson,2.5238,1.5887,0.6295,1,high demand - volatile
14201022001,新東陽辣味牛肉乾 辣味牛肉乾,B,poisson,1.0952,1.0465,0.9555,1,medium demand - volatile
14201049001,新東陽高粱酒原味牛肉乾,B,poisson,0.5238,0.7237,1.3817,2,medium demand - intermittent
14202001001,新東陽蜜汁豬肉乾 蜜汁豬肉乾,A,poisson,3.1905,1.7862,0.5599,1,high demand - volatile
14202009001,新東陽辣味豬肉乾 辣味豬肉乾,B,poisson,1.5714,1.2536,0.7977,1,medium demand - volatile
14202011001,成記五香辣味豬肉乾 五香辣味豬肉乾,B,poisson,0.4286,0.6547,1.5275,2,medium demand - intermittent
14202013001,成記珍味豬肉乾(炭烤蜜汁),B,poisson,1.4762,1.215,0.8231,1,medium demand - volatile
14202017001,家樂福傳統香烤豬肉乾(原味),B,poisson,1.619,1.2724,0.7859,1,medium demand - volatile
14202018001,家樂福傳統香烤豬肉乾(辣味),B,poisson,1.0476,1.0235,0.977,1,medium demand - volatile
14202021001,家樂福蜜汁厚燒條子肉乾 家福蜜汁肉乾,A,poisson,2.1905,1.48,0.6757,1,high demand - volatile
14202023001,成記香辣豬肉絲 成記香辣豬肉絲,B,normal,1.2381,1.2688,1.0248,2,medium demand - intermittent
14202027001,新東陽蜜汁豬肉乾(大) 新東陽蜜汁豬肉,B,poisson,0.7143,0.8452,1.1832,2,medium demand - intermittent
14202034001,台糖安心豚蜜汁碳香豬肉乾 蜜汁碳香豬肉乾,B,poisson,0.9524,0.9759,1.0247,2,medium demand - intermittent
14202040001,家樂福蒜香厚燒條子肉乾 家福蒜香肉乾,B,poisson,0.9524,0.9759,1.0247,2,medium demand - intermittent
14202041001,家樂福黑胡椒嫩烤條子肉乾,B,poisson,1.5714,1.2536,0.7977,1,medium demand - volatile
14203001001,珍珍魷魚絲,A,poisson,5.3333,2.3094,0.433,0,high demand - stable
14203002001,珍珍沖繩黑糖魷魚 珍珍魷魚,B,poisson,0.6667,0.8165,1.2247,2,medium demand - intermittent
14203003001,珍珍鱈魚香絲,B,normal,1.0476,0.8985,0.8576,1,medium demand - volatile
14203004001,珍珍魷魚片 珍珍魷魚片,B,poisson,1.7143,1.3093,0.7638,1,medium demand - volatile
14203005001,珍珍鱈魚香絲(寬條) 鱈魚香絲(寬條),C,poisson,0.3333,0.5774,1.7321,2,low demand - intermittent
14203016001,原味巡禮大豬公風味魚片 大豬公風味魚片,B,normal,1.0,1.1127,1.1127,2,medium demand - intermittent
14203017001,北海鱈魚香絲,A,poisson,32.9524,5.7404,0.1742,0,high demand - stable
14203027001,北海鱈魚香絲- 麻辣,A,poisson,3.0,1.7321,0.5774,1,high demand - volatile
14203032001,海味家族--蜜汁沙茶,B,normal,1.9048,2.136,1.1214,2,medium demand - intermittent
14203033001,老楊鹹蛋黃魚皮-經典原味 老楊鹹蛋黃魚皮,C,poisson,0.1429,0.378,2.6458,2,low demand - intermittent
14203048001,台灣ㄚ環妹大豬公(魚干),B,poisson,1.5238,1.2344,0.8101,1,medium demand - volatile
14203053001,鮮味本舖松板烤魚 松板烤魚,B,poisson,0.619,0.7868,1.271,2,medium demand - intermittent
14203055001,鮮味本舖沙嗲魚 沙嗲魚,C,poisson,0.2857,0.5345,1.8708,2,low demand - intermittent
14203056001,東港魚季-碳烤魷魚條 碳烤魷魚條,B,poisson,1.3333,1.1547,0.866,1,medium demand - volatile
14203058001,東港魚季-黑胡椒香魚 黑胡椒香魚,B,poisson,0.7143,0.8452,1.1832,2,medium demand - intermittent
14203059001,順發-東港鮪魚糖 東港鮪魚糖,B,poisson,1.0952,1.0465,0.9555,1,medium demand - volatile
14203061001,東港魚季-鐵板燒香魚,B,poisson,0.4286,0.6547,1.5275,2,medium demand - intermittent
14203062001,東港魚季-蜜沙茶魚片,B,poisson,1.9048,1.3801,0.7246,1,medium demand - volatile
14203064001,東港魚季-燻烤香魚片 燻烤香魚片,B,poisson,1.1429,1.069,0.9354,1,medium demand - volatile
14203065001,RSN 鱈魚起士條(乾杯) 產地日本北海道,C,poisson,0.2381,0.488,2.0494,2,low demand - intermittent
14203066001,味本舖紅燒鱈魚(辣味)120g,C,poisson,0.0476,0.2182,4.5826,2,low demand - intermittent
14203068001,台灣名產鱈魚香絲,B,poisson,0.5238,0.7237,1.3817,2,medium demand - intermittent
14203078001,北海鱈魚香絲(寬條),A,poisson,7.4762,2.7343,0.3657,0,high demand - stable
14203080001,原味巡禮蜜汁沙茶 蜜汁沙茶,B,poisson,1.2381,1.1127,0.8987,1,medium demand - volatile
14203083001,珍珍- 芝麻鱈絲 珍珍芝麻鱈絲,B,poisson,2.0476,1.431,0.6988,1,medium demand - volatile
14203089001,原味巡禮紅燒魚 紅燒魚,B,normal,1.0952,1.0648,0.9722,1,medium demand - volatile
14203099001,元本山DIY三角飯糰海苔 元本山飯糰海苔,C,poisson,0.1429,0.378,2.6458,2,low demand - intermittent
14204003001,小怪獸 海苔夾心-杏仁 海苔夾心-南瓜,B,poisson,0.381,0.6172,1.6202,2,medium demand - intermittent
14204004001,橘平屋韓味海苔禮盒 橘平屋韓味海苔,B,poisson,0.7143,0.8452,1.1832,2,medium demand - intermittent
14204005001,橘平屋藜麥杏仁海苔三明治 海苔三明治,B,poisson,1.0952,1.0465,0.9555,1,medium demand - volatile
14204006001,元本山(90束)海苔經濟包 保鮮拉鏈袋,A,poisson,3.5238,1.8772,0.5327,1,high demand - volatile
14204010001,元本山(6束)海苔 海苔,B,poisson,1.7143,1.3093,0.7638,1,medium demand - volatile
14204013001,元本山味付海苔輕巧包(4切),C,poisson,0.0952,0.3086,3.2404,2,low demand - intermittent
14204021001,元本山無調味對切海苔26枚 無調味對切海苔,B,poisson,2.0952,1.4475,0.6908,1,medium demand - volatile
14204022001,橘平屋日式海苔細片 橘平屋日式海苔,C,poisson,0.0476,0.2182,4.5826,2,low demand - intermittent
14204025001,元本山芥末對切海苔 芥末對切,B,poisson,1.3333,1.1547,0.866,1,medium demand - volatile
14204028001,元本山朝鮮海苔 3入裝 朝鮮海苔,B,poisson,0.5714,0.7559,1.3229,2,medium demand - intermittent
14204029001,良澔嚴選海苔-味付 嚴選味付海苔,C,poisson,0.1429,0.378,2.6458,2,low demand - intermittent
14204030001,良澔嚴選海苔-辣味 嚴選辣味海苔,C,poisson,0.0952,0.3086,3.2404,2,low demand - intermittent
14204036001,家福麻油風味朝鮮海苔5g,B,poisson,1.8095,1.3452,0.7434,1,medium demand - volatile
14204041001,橘平屋36束海苔經濟包 36束海苔經濟包,A,poisson,10.619,3.2587,0.3069,0,high demand - stable
14204043001,雋品 韓系岩燒海苔-胡椒16包入,B,poisson,1.5238,1.2344,0.8101,1,medium demand - volatile
14204044001,橘平屋新摘對切海苔-原味 橘平屋新摘對切,B,poisson,1.7143,1.3093,0.7638,1,medium demand - volatile
14204048001,Konomi相撲手脆紫菜海苔-原味 相撲手-原味,A,poisson,3.0476,1.7457,0.5728,1,high demand - volatile
14204049001,Konomi相撲手脆紫菜海苔-辣味 相撲手-辣味,A,poisson,2.4762,1.5736,0.6355,1,high demand - volatile
14204051001,橘平屋新摘對切海苔-辣味 橘平屋新摘對切,B,poisson,0.7619,0.8729,1.1456,2,medium demand - intermittent
14204052001,橘平屋岩燒海苔-原味,B,poisson,0.7143,0.8452,1.1832,2,medium demand - intermittent
14204053001,橘平屋岩燒海苔-辣味,B,poisson,0.9524,0.9759,1.0247,2,medium demand - intermittent
14204054001,元本山味付對切海苔 味付對切海苔,A,poisson,5.4762,2.3401,0.4273,0,high demand - stable
14204055001,元本山辣味對切海苔 辣味對切海苔,B,normal,2.0,1.4142,0.7071,1,medium demand - volatile
14204059001,元本山海苔輕便包48束 元本山海苔輕便,A,poisson,11.7143,3.4226,0.2922,0,high demand - stable
14204060001,SS韓國海苔禮盒,B,poisson,0.7143,0.8452,1.1832,2,medium demand - intermittent
14204061001,小老板海苔棒棒捲-原味3.0g*9,A,poisson,8.4762,2.9114,0.3435,0,high demand - stable
14204062001,小老板海苔棒棒捲-辣味3.0g*9,A,poisson,3.1429,1.7728,0.5641,1,high demand - volatile
14204065001,元本山朝鮮海苔 元本山朝鮮海苔,A,poisson,2.4286,1.5584,0.6417,1,high demand - volatile
14204066001,岩燒海苔(量販包) 岩燒海苔(量販,C,poisson,0.1429,0.378,2.6458,2,low demand - intermittent
14204067001,雋品HiBs三切岩燒海苔-原味 岩燒海苔原味,C,poisson,0.2857,0.5345,1.8708,2,low demand - intermittent
14204068001,家福芥末風味朝鮮海苔5g,B,poisson,1.0476,1.0235,0.977,1,medium demand - volatile
14204069001,MM象泰式烤海苔-經典原味,C,poisson,0.1429,0.378,2.6458,2,low demand - intermittent
14204070001,泰國小老板厚片海苔-辣味,A,poisson,3.2857,1.8127,0.5517,1,high demand - volatile
14204071001,泰國小老板厚片海苔-原味,A,normal,5.1429,2.713,0.5275,1,high demand - volatile
14204073001,泰國小老板厚片海苔-山葵 泰式酸辣味,B,poisson,0.4286,0.6547,1.5275,2,medium demand - intermittent
14204077001,泰國小老板超大海苔-辣香味 章魚燒辣味,B,poisson,0.7619,0.8729,1.1456,2,medium demand - intermittent
14204078001,泰國小老板超大海苔-經典味,B,poisson,1.619,1.2724,0.7859,1,medium demand - volatile
14204083001,家福麻油風味朝鮮海苔50g,A,poisson,3.1429,1.7728,0.5641,1,high demand - volatile
14204086001,家福芥末風味朝鮮海苔50g,A,poisson,2.4762,1.5736,0.6355,1,high demand - volatile
14204090001,元本山海苔細片-麻油口味 元本山海苔細片,B,poisson,0.5238,0.7237,1.3817,2,medium demand - intermittent
14204100001,小怪獸海苔夾心-南瓜子 小怪獸海苔夾心,C,poisson,0.2857,0.5345,1.8708,2,low demand - intermittent
14204101001,小怪獸海苔夾心-紫米 小怪獸海苔夾心,C,poisson,0.0952,0.3086,3.2404,2,low demand - intermittent
14204102001,小怪獸海苔夾心-紅麥 小怪獸海苔夾心,C,poisson,0.0952,0.3086,3.2404,2,low demand - intermittent
14204103001,元本山歡樂DIY三角飯糰海苔 歡樂DIY海苔,C,poisson,0.1905,0.4364,2.2913,2,low demand - intermittent
14204105001,雋品岩燒海苔16包入 岩燒海苔16包入,B,poisson,0.8095,0.8997,1.1114,2,medium demand - intermittent
14204107001,橘平屋岩燒三切海苔 橘平屋岩燒三切,C,poisson,0.1905,0.4364,2.2913,2,low demand - intermittent
14204118001,元本山朝鮮海苔湖鹽風味 元本山朝鮮海苔,B,poisson,0.8095,0.8997,1.1114,2,medium demand - intermittent
14204125001,雋品HiBs三切岩燒海苔-戀之梅口味 岩燒海苔-戀梅,A,poisson,3.2857,1.8127,0.5517,1,high demand - volatile
14204126001,橘平海苔三明治-芝麻杏仁 橘平海苔三明治,B,poisson,1.9524,1.3973,0.7157,1,medium demand - volatile
14204127001,家樂福無調味半切海苔 家福無調味海苔,C,poisson,0.1905,0.4364,2.2913,2,low demand - intermittent
14204129001,橘平屋岩燒海苔禮盒 橘平屋岩燒海苔,A,normal,4.381,3.4431,0.7859,1,high demand - volatile
14204131001,家樂福原味半切海苔 家福原味半切,A,poisson,2.381,1.543,0.6481,1,high demand - volatile
14204132001,家樂福辣味半切海苔 家福辣味半切,A,poisson,2.5714,1.6036,0.6236,1,high demand - volatile
14204133001,家樂福味付海苔(36束) 家福味付海苔,B,poisson,1.0,1.0,1.0,1,medium demand - volatile
14204135001,良澔片烤海苔-椒鹽口味 良澔片烤海苔-,B,poisson,0.619,0.7868,1.271,2,medium demand - intermittent
14204136001,良澔酥爆海苔原味 良澔酥爆海苔原,B,poisson,0.8095,0.8997,1.1114,2,medium demand - intermittent
14204137001,泰脆天婦羅-鹹蛋黃口味 天婦羅-鹹蛋黃,B,poisson,0.5238,0.7237,1.3817,2,medium demand - intermittent
14204142001,Konomi相撲手脆紫菜海苔-芥末 相撲海苔-芥末,B,poisson,1.4762,1.215,0.8231,1,medium demand - volatile
14204148001,韓味不二韓國海苔酥(原味) 原味海苔酥,B,poisson,0.6667,0.8165,1.2247,2,medium demand - intermittent
14204150001,良澔金朝鮮海苔-精選原味 金朝鮮海苔,B,poisson,0.6667,0.8165,1.2247,2,medium demand - intermittent
14204151001,良澔金朝鮮海苔-精選辣味 金朝鮮海苔-辣,B,poisson,0.3333,0.5774,1.7321,2,medium demand - intermittent
14204162001,雋品HiBs三切岩燒海苔-御之胡椒口味 岩燒海苔-胡椒,B,poisson,1.8095,1.3452,0.7434,1,medium demand - volatile
14204197001,良澔日式無調味海苔 日式無調味海苔,C,poisson,0.1905,0.4364,2.2913,2,low demand - intermittent
14204198001,良澔酥爆海苔-唐辛子口味 酥爆海苔唐辛子,B,poisson,0.3333,0.5774,1.7321,2,medium demand - intermittent
14204892001,橘平屋韓味海苔量販包,A,poisson,7.4762,2.7343,0.3657,0,high demand - stable
14204897001,元本山味付細片 元本山味付細片,C,poisson,0.2381,0.488,2.0494,2,low demand - intermittent
14204899001,韓國現烤海苔酥-原味 海苔酥,B,poisson,0.7619,0.8729,1.1456,2,medium demand - intermittent
14210005001,家樂福全果粒蔓越莓果乾 家福蔓越莓果乾,B,normal,1.0952,0.9712,0.8868,1,medium demand - volatile
14210009001,三葉超大葡萄乾 三葉超大葡萄乾,B,poisson,0.5714,0.7559,1.3229,2,medium demand - intermittent
14210010001,聖美多葡萄乾,B,poisson,0.8095,0.8997,1.1114,2,medium demand - intermittent
14210015001,加州三葉葡萄乾250g,B,poisson,0.381,0.6172,1.6202,2,medium demand - intermittent
14210017001,7D菲律賓宿霧芒果乾 7D芒果乾,B,poisson,0.619,0.7868,1.271,2,medium demand - intermittent
14210018001,家樂福愛文芒果乾 家福愛文芒果乾,B,poisson,0.3333,0.5774,1.7321,2,medium demand - intermittent
14210019001,台灣愛文芒果乾 台灣愛文芒果乾,C,poisson,0.1905,0.4364,2.2913,2,low demand - intermittent
14210021001,太陽牌去籽加州梅 太陽牌去籽加州,B,poisson,0.4762,0.6901,1.4491,2,medium demand - intermittent
14210024001,7D菲律賓宿霧芒果乾 7D菲律賓宿霧芒,B,poisson,0.9048,0.9512,1.0513,2,medium demand - intermittent
14210025001,手摘果物- 芒果乾 手摘果物芒果乾,C,poisson,0.2857,0.5345,1.8708,2,low demand - intermittent
14210026001,手摘果物- 芭樂乾,B,poisson,0.4762,0.6901,1.4491,2,medium demand - intermittent
14210027001,家樂福甘草檸檬果乾 家福檸檬果乾,B,poisson,0.4286,0.6547,1.5275,2,medium demand - intermittent
14210029001,美麗果蔓越莓乾(全果粒),B,poisson,0.3333,0.5774,1.7321,2,medium demand - intermittent
14210031001,家樂福芒果乾145g 家福芒果乾,C,poisson,0.2857,0.5345,1.8708,2,low demand - intermittent
14210034001,康健生機金牌黑棗(去籽),B,poisson,0.8571,0.9258,1.0801,2,medium demand - intermittent
14210035001,良澔超大葡萄乾 良澔超大葡萄乾,B,poisson,0.7619,0.8729,1.1456,2,medium demand - intermittent
14210039001,台灣美食全記錄- 元氣葡萄乾 彰化大村巨峰葡,B,poisson,0.4286,0.6547,1.5275,2,medium demand - intermittent
14210045001,聖美多葡萄乾500G 聖美多葡萄乾,C,poisson,0.1905,0.4364,2.2913,2,low demand - intermittent
14210046001,森之果物嚴選特大葡萄乾蔓越莓 葡萄乾蔓越莓,B,poisson,0.9048,0.9512,1.0513,2,medium demand - intermittent
14210047001,森之果物嚴選蜜棗乾 蜜棗乾,C,poisson,0.1429,0.378,2.6458,2,low demand - intermittent
14210048001,森之果物嚴選芭樂乾 芭樂乾,B,poisson,0.5714,0.7559,1.3229,2,medium demand - intermittent
14210050001,家樂福鳳梨果乾 家樂福鳳梨果乾,B,poisson,0.381,0.6172,1.6202,2,medium demand - intermittent
14210051001,果漾天然鳳梨乾 果漾天然鳳梨乾,B,poisson,1.3333,1.1547,0.866,1,medium demand - volatile
14210056001,家樂福芒果乾 家福芒果乾,B,poisson,0.6667,0.8165,1.2247,2,medium demand - intermittent
14210058001,家樂福番茄乾 家福番茄乾,B,poisson,0.4286,0.6547,1.5275,2,medium demand - intermittent
14210061001,家樂福紅心芭樂果乾 家福紅心芭樂乾,C,poisson,0.1905,0.4364,2.2913,2,low demand - intermittent
14210064001,森之果物嚴選整粒蔓越莓乾 整粒蔓越莓,C,poisson,0.1429,0.378,2.6458,2,low demand - intermittent
14210067001,家樂福珍珠芭樂果乾 家福珍珠芭樂乾,B,normal,1.0476,1.09,1.0405,2,medium demand - intermittent
14210068001,甘草芭樂乾50g 甘草芭樂乾,B,poisson,0.4286,0.6547,1.5275,2,medium demand - intermittent
14210077001,果漾天然芭樂乾 果漾天然芭樂乾,B,poisson,1.9524,1.3973,0.7157,1,medium demand - volatile
14210079001,果漾天然愛文青芒果乾 愛文青芒果乾,B,normal,1.1429,0.9897,0.866,1,medium demand - volatile
14210081001,家樂福紅心芭樂果乾35g 家福紅心芭樂乾,B,poisson,1.0476,1.0235,0.977,1,medium demand - volatile
14210084001,良澔葡萄乾梅子風味 葡萄乾梅子風味,C,poisson,0.2857,0.5345,1.8708,2,low demand - intermittent
14210085001,溢旺梅子葡萄乾 溢旺梅子葡萄乾,B,normal,1.0476,1.1329,1.0814,2,medium demand - intermittent
14210089001,家樂福全果粒蔓越莓果乾42g 家福蔓越莓乾,B,poisson,0.381,0.6172,1.6202,2,medium demand - intermittent
14210108001,果漾天然草莓乾 果漾天然草莓乾,B,poisson,0.9524,0.9759,1.0247,2,medium demand - intermittent
14210110001,華陀御品堂 陳皮梅,B,poisson,0.7143,0.8452,1.1832,2,medium demand - intermittent
14210113001,森之果物嚴選鑽石麝香葡萄乾 森果物鑽石麝香,B,poisson,0.381,0.6172,1.6202,2,medium demand - intermittent
14210114001,森之果物嚴選特大葡萄乾 森之果物葡萄乾,C,poisson,0.2381,0.488,2.0494,2,low demand - intermittent
14210120001,果漾天然愛文芒果乾 愛文芒果乾,B,poisson,1.7143,1.3093,0.7638,1,medium demand - volatile
14210127001,聯國葡萄乾 聯國葡萄乾,C,poisson,0.2381,0.488,2.0494,2,low demand - intermittent
14210132001,家樂福草莓果乾 家福草莓果乾,B,poisson,0.619,0.7868,1.271,2,medium demand - intermittent
14210135001,森之果物嚴選切片蔓越莓乾,C,poisson,0.2857,0.5345,1.8708,2,low demand - intermittent
14210137001,Sunny Ranch無花果果乾,C,poisson,0.1905,0.4364,2.2913,2,low demand - intermittent
14210216001,森之果物嚴選迷你鳳梨乾,C,poisson,0.0476,0.2182,4.5826,2,low demand - intermittent
14210286001,鮮果水果乾-青芒果乾 青芒果乾,C,poisson,0.0476,0.2182,4.5826,2,low demand - intermittent
14210899001,Sunny Ranch天然椰棗 天然椰棗,C,poisson,0.1429,0.378,2.6458,2,low demand - intermittent
14211001001,嘉禾陳皮梅 陳皮梅,B,poisson,0.8095,0.8997,1.1114,2,medium demand - intermittent
14211028001,手摘果物- 梅肉,B,poisson,0.5238,0.7237,1.3817,2,medium demand - intermittent
14211036001,茉莉脆梅65g 茉莉脆梅,C,poisson,0.2381,0.488,2.0494,2,low demand - intermittent
14211038001,無籽冰心話梅15g 無籽冰心話梅,B,poisson,0.8095,0.8997,1.1114,2,medium demand - intermittent
14211052001,家樂福小紅莓 家福小紅莓,B,poisson,0.4762,0.6901,1.4491,2,medium demand - intermittent
14211055001,泰國頭等艙梅子 泰國頭等艙梅子,B,normal,1.3333,1.1269,0.8452,1,medium demand - volatile
14212013001,家樂福碳燻烏梅李 家福碳燻烏梅,B,poisson,0.5714,0.7559,1.3229,2,medium demand - intermittent
14213004001,良澔仙楂梅 良澔仙楂梅,B,poisson,1.9048,1.3801,0.7246,1,medium demand - volatile
14213008001,口福不淺水果脆片 水果,C,poisson,0.2857,0.5345,1.8708,2,low demand - intermittent
14213010001,口福不淺蔬菜脆片 蔬菜,C,poisson,0.2381,0.488,2.0494,2,low demand - intermittent
14213028001,手摘果物--仙楂果 手摘果物仙楂果,C,poisson,0.1905,0.4364,2.2913,2,low demand - intermittent
14213055001,阿拉伯椰棗乾,B,poisson,0.381,0.6172,1.6202,2,medium demand - intermittent
14213092001,新纖薯 新纖薯,B,poisson,0.4762,0.6901,1.4491,2,medium demand - intermittent
14220002001,道地偉特糖 道地偉特糖,A,poisson,2.2857,1.5119,0.6614,1,high demand - volatile
14220005001,加倍佳Mini棒棒糖,B,poisson,1.5238,1.2344,0.8101,1,medium demand - volatile
14220019001,Ogontoh黃金糖80g 產地日本奈良縣,B,poisson,0.9048,0.9512,1.0513,2,medium demand - intermittent
14220071001,迷你曼陀珠袋裝什錦水果 什錦水果,B,poisson,1.4762,1.215,0.8231,1,medium demand - volatile
14220078001,道地的偉特咖啡鮮奶油糖286g 偉特咖啡糖286g,B,poisson,1.5714,1.2536,0.7977,1,medium demand - volatile
14220085001,道地的偉特焦糖夾心鮮奶油糖 道地的偉特焦糖,B,poisson,0.5238,0.7237,1.3817,2,medium demand - intermittent
14220086001,KOPIKO咖啡風味糖果,B,poisson,0.9048,0.9512,1.0513,2,medium demand - intermittent
14220110001,加倍佳棒棒糖 加倍佳棒棒糖,C,poisson,0.0952,0.3086,3.2404,2,low demand - intermittent
14220132001,愛力檸檬C(3支入)66g 愛力檸檬C,B,poisson,0.619,0.7868,1.271,2,medium demand - intermittent
14220140001,BF海鹽檸檬糖150G,B,poisson,2.0476,1.431,0.6988,1,medium demand - volatile
14220141001,BF薄荷岩鹽檸檬糖138G 薄荷岩鹽檸檬糖,A,poisson,2.6667,1.633,0.6124,1,high demand - volatile
14220146001,易口舒勁爽薄荷口味150g 易口舒勁爽薄荷,B,poisson,0.6667,0.8165,1.2247,2,medium demand - intermittent
14220155001,森永多樂福水果糖-台灣水果 森永多樂福水果,C,poisson,0.1429,0.378,2.6458,2,low demand - intermittent
14221113001,森永沖繩黑糖牛奶糖(家庭包)260g 森永黑糖牛奶糖,B,poisson,0.7619,0.8729,1.1456,2,medium demand - intermittent
14221114001,森永白色牛奶糖(家庭包)260g 森永白色牛奶糖,B,poisson,0.4286,0.6547,1.5275,2,medium demand - intermittent
14222001001,晶晶荔枝椰果 晶晶荔枝椰果,C,poisson,0.2857,0.5345,1.8708,2,low demand - intermittent
14222005001,晶晶果味棒(綜合口味) 果味棒,B,poisson,0.8571,0.9258,1.0801,2,medium demand - intermittent
14222006001,義美噗啾益生菌果凍(荔枝)247g 益生菌果凍荔枝,C,poisson,0.0952,0.3086,3.2404,2,low demand - intermittent
14222007001,盛香珍哆啦A夢果味果凍-綜合 綜合,B,normal,1.0476,0.8985,0.8576,1,medium demand - volatile
14222009001,森永新多樂福水果糖 新多樂福水果糖,C,poisson,0.0476,0.2182,4.5826,2,low demand - intermittent
14222011001,好媽媽吉利丁粉,B,poisson,0.4286,0.6547,1.5275,2,medium demand - intermittent
14222019001,義美噗啾益生菌果凍(葡萄)247g 益生菌果凍葡萄,B,poisson,1.3333,1.1547,0.866,1,medium demand - volatile
14222025001,義美噗啾益生菌果凍(蘋果)247g 益生菌果凍蘋果,B,poisson,0.9048,0.9512,1.0513,2,medium demand - intermittent
14222027001,義美小羊羹,B,poisson,0.5238,0.7237,1.3817,2,medium demand - intermittent
14222036001,Tarami美味蒟蒻果凍-白桃味 白桃味,C,poisson,0.0952,0.3086,3.2404,2,low demand - intermittent
14222042001,盛香珍荔枝蒟蒻小椰果,A,poisson,2.2381,1.496,0.6684,1,high demand - volatile
14222043001,盛香珍綜合蒟蒻小椰果,A,poisson,3.8571,1.964,0.5092,1,high demand - volatile
14222044001,日本AS果凍箱-橘子,B,poisson,0.4286,0.6547,1.5275,2,medium demand - intermittent
14222045001,旺旺吸C凍可吸果凍-草莓果汁 旺旺吸C凍,C,poisson,0.1429,0.378,2.6458,2,low demand - intermittent
14222046001,森永牛奶糖家庭號,A,poisson,4.4286,2.1044,0.4752,0,high demand - stable
14222048001,旺旺吸C凍可吸果凍-葡萄果汁 旺旺吸C凍,B,poisson,0.5238,0.7237,1.3817,2,medium demand - intermittent
14222049001,皇族綜合果凍(葡萄+百香果) 綜合果凍葡+百,B,poisson,0.4286,0.6547,1.5275,2,medium demand - intermittent
14222053001,KAARO乳酸風味果凍條 600g/包,B,poisson,1.381,1.1751,0.851,1,medium demand - volatile
14222068001,Dr.Q葡萄蒟蒻,A,poisson,7.6667,2.7689,0.3612,0,high demand - stable
14222069001,晶晶葡萄棒 Jellico葡萄棒,C,poisson,0.0476,0.2182,4.5826,2,low demand - intermittent
14222070001,Dr.Q芒果蒟蒻,A,poisson,2.2381,1.496,0.6684,1,high demand - volatile
14222071001,晶晶果凍條 晶晶果凍條,B,poisson,1.0,1.0,1.0,1,medium demand - volatile
14222072001,Dr.Q荔枝蒟蒻,A,poisson,6.3333,2.5166,0.3974,0,high demand - stable
14222087001,皇族綜合優格果凍(草莓+水蜜桃)300g 皇族水蜜+草莓,B,normal,1.2857,1.1188,0.8702,1,medium demand - volatile
14222089001,比菲多益生菌小Q果凍(原味)280g,B,poisson,1.0,1.0,1.0,1,medium demand - volatile
14222095001,Dr.Q檸檬鹽蒟蒻,A,poisson,3.3333,1.8257,0.5477,1,high demand - volatile
14222104001,比菲多益生菌小Q果凍(葡萄)280g,B,poisson,0.4762,0.6901,1.4491,2,medium demand - intermittent
14222107001,AS 箱裝果凍-麝香葡萄,B,poisson,0.9048,0.9512,1.0513,2,medium demand - intermittent
14222114001,Dr.Q百香果蒟蒻265g,A,poisson,4.9048,2.2147,0.4515,0,high demand - stable
14222119001,Jelly.B低卡蒟蒻果凍(水蜜桃味)150g 低卡蒟蒻凍水蜜,C,poisson,0.1429,0.378,2.6458,2,low demand - intermittent
14222120001,Jelly.B低卡蒟蒻果凍(青葡萄味)150g 低卡蒟蒻凍青葡,C,poisson,0.0952,0.3086,3.2404,2,low demand - intermittent
14222121001,Jelly.B低卡蒟蒻果凍(藍莓味)150g 低卡蒟蒻凍藍莓,C,poisson,0.0476,0.2182,4.5826,2,low demand - intermittent
14222122001,Jelly.B低卡蒟蒻果凍(蘋果味)150g 低卡蒟蒻凍蘋果,C,poisson,0.0952,0.3086,3.2404,2,low demand - intermittent
14222123001,Jelly.B低卡蒟蒻果凍(荔枝味)150g 低卡蒟蒻凍荔枝,C,poisson,0.0952,0.3086,3.2404,2,low demand - intermittent
14222137001,KAARO水果乳酸風味果凍條 600g,C,poisson,0.1429,0.378,2.6458,2,low demand - intermittent
14222141001,盛香珍纖維果凍-葡萄果汁口味 葡萄纖維果凍,B,poisson,0.619,0.7868,1.271,2,medium demand - intermittent
14222142001,盛香珍 零卡果凍-綜合口味 零卡綜合果凍,A,poisson,5.2857,2.2991,0.435,0,high demand - stable
14222217001,AS 箱裝果凍-葡萄 AS葡萄果凍,B,poisson,0.7143,0.8452,1.1832,2,medium demand - intermittent
14222219001,AS 箱裝果凍-水蜜桃 水蜜桃果凍,C,poisson,0.0952,0.3086,3.2404,2,low demand - intermittent
14222896001,威德清涼果凍(膠原蛋白) 威德膠原蛋白,B,poisson,0.619,0.7868,1.271,2,medium demand - intermittent
14222897001,威德清涼果凍(能量) 威德果凍能量,B,poisson,1.4762,1.215,0.8231,1,medium demand - volatile
14222898001,威德清涼果凍(維他命) 威德果凍維他命,B,poisson,0.8095,0.8997,1.1114,2,medium demand - intermittent
14222999001,義美噗啾益生菌果凍(原味)247g 益生菌果凍(原,B,poisson,1.0476,1.0235,0.977,1,medium demand - volatile
14223003001,森永嗨啾軟糖 (家庭號)300g,A,poisson,11.7143,3.4226,0.2922,0,high demand - stable
14223005001,哈瑞寶可樂Q軟糖分享包-250g 可樂,B,poisson,1.0,1.0,1.0,1,medium demand - volatile
14223006001,比菲多軟糖(原味),B,poisson,0.5238,0.7237,1.3817,2,medium demand - intermittent
14223008001,Yupi漢堡QQ糖,B,poisson,0.4762,0.6901,1.4491,2,medium demand - intermittent
14223018001,Skittles彩虹糖家庭號混合水果,A,poisson,2.619,1.6183,0.6179,1,high demand - volatile
14223023001,呦皮漢堡QQ糖96g 呦皮漢堡QQ糖,B,poisson,1.2381,1.1127,0.8987,1,medium demand - volatile
14223030001,比菲多軟糖-葡萄 75g,B,poisson,0.7143,0.8452,1.1832,2,medium demand - intermittent
14223032001,比菲多軟糖(原味),B,poisson,1.6667,1.291,0.7746,1,medium demand - volatile
14223037001,乖乖QQ熱帶水果軟糖 QQ熱帶水果軟糖,A,poisson,4.8095,2.1931,0.456,0,high demand - stable
14223039001,乖乖QQ 水果軟糖量販包 水果軟糖經濟包,A,poisson,4.9048,2.2147,0.4515,0,high demand - stable
14223045001,一百份芒果QQ糖 芒果QQ糖,A,poisson,5.619,2.3705,0.4219,0,high demand - stable
14223048001,一百份酸 Q糖,C,poisson,0.2857,0.5345,1.8708,2,low demand - intermittent
14223062001,彩虹糖混和水果80g 彩虹糖混和水果,B,poisson,0.3333,0.5774,1.7321,2,medium demand - intermittent
14223065001,良澔-白棉棉特大棉花糖 特大棉花糖,B,poisson,0.3333,0.5774,1.7321,2,medium demand - intermittent
14223073001,家樂福乳酸風味軟Q糖 家福乳酸多軟Q糖,B,poisson,0.7619,0.8729,1.1456,2,medium demand - intermittent
14223080001,森永嗨啾軟糖家庭包(特選)300g,B,poisson,2.1905,1.48,0.6757,1,medium demand - volatile
14223083001,義美寶吉果汁Jelly糖-酸甜水果 酸甜水果,B,poisson,0.5238,0.7237,1.3817,2,medium demand - intermittent
14223094001,一百份綜合水果味QQ軟糖 綜合水果味,A,poisson,5.0476,2.2467,0.4451,0,high demand - stable
14223096001,哈瑞寶葡萄風味Q軟糖100g 哈瑞寶葡萄軟糖,B,poisson,0.381,0.6172,1.6202,2,medium demand - intermittent
14223119001,義美益生菌Jelly糖 (綜合) 益生菌-綜合,B,poisson,0.8095,0.8997,1.1114,2,medium demand - intermittent
14223155001,ACE水果Q軟糖 ACE水果Q軟糖,C,poisson,0.1905,0.4364,2.2913,2,low demand - intermittent
14223171001,ACE無糖Q軟糖 ACE無糖Q軟糖,B,poisson,0.3333,0.5774,1.7321,2,medium demand - intermittent
14223176001,義美綜合果汁ＱＱ糖 義美綜合果汁Ｑ,B,poisson,2.1905,1.48,0.6757,1,medium demand - volatile
14223178001,義美寶吉葡萄果汁ＱＱ糖 義美寶吉葡萄果,B,normal,1.3333,1.1269,0.8452,1,medium demand - volatile
14223179001,哈瑞寶水果Q軟糖分享包 QQ糖,A,poisson,6.7143,2.5912,0.3859,0,high demand - stable
14223215001,森永嗨啾軟糖家庭包(好多多)300g 嗨啾軟糖家庭包,A,poisson,6.4286,2.5355,0.3944,0,high demand - stable
14223247001,哈瑞寶明星總動員Q軟糖分享包250g 哈瑞寶軟糖,B,poisson,0.7619,0.8729,1.1456,2,medium demand - intermittent
14223295001,哈瑞寶金熊Q軟糖100g 哈瑞寶金熊軟糖,B,poisson,0.619,0.7868,1.271,2,medium demand - intermittent
14223296001,哈瑞寶快樂可樂風味Q軟糖100g 哈瑞寶可樂軟糖,B,poisson,0.4286,0.6547,1.5275,2,medium demand - intermittent
14224002001,良澔黑糖梅 良澔黑糖梅,B,normal,1.1429,0.9404,0.8229,1,medium demand - volatile
14224003001,良澔黃之梅 良澔黃之梅,B,poisson,2.0,1.4142,0.7071,1,medium demand - volatile
14225008001,利口樂草本喉糖檸檬口味 檸檬,C,poisson,0.0476,0.2182,4.5826,2,low demand - intermittent
14225014001,樺達喉糖-超涼薄荷 樺達超涼薄荷,B,poisson,0.381,0.6172,1.6202,2,medium demand - intermittent
14225016001,Airwaves薄荷糖-蜂蜜檸檬3入裝 蜂蜜檸檬口味,B,poisson,0.381,0.6172,1.6202,2,medium demand - intermittent
14225018001,Airwaves薄荷糖-超涼薄荷3入裝 超涼薄荷糖原味,B,poisson,0.6667,0.8165,1.2247,2,medium demand - intermittent
14225023001,曼陀珠-葡萄 葡萄,C,poisson,0.2857,0.5345,1.8708,2,low demand - intermittent
14225029001,曼陀珠-綜合水果 綜合水果,C,poisson,0.2857,0.5345,1.8708,2,low demand - intermittent
14225030001,曼陀珠-白薄荷 白薄荷,C,poisson,0.1905,0.4364,2.2913,2,low demand - intermittent
14225035001,易口舒無糖薄荷錠-勁爽薄荷 勁爽薄荷,C,poisson,0.2381,0.488,2.0494,2,low demand - intermittent
14225041001,易口舒無糖薄荷錠-清爽蜜桃2入 蜜桃,B,poisson,0.381,0.6172,1.6202,2,medium demand - intermittent
14225045001,易口舒無糖薄荷錠-沁新檸檬2入 沁新檸檬,B,poisson,0.3333,0.5774,1.7321,2,medium demand - intermittent
14225052001,易口舒無糖薄荷錠-沁涼薄荷2入 沁涼薄荷 2盒裝,B,poisson,0.4762,0.6901,1.4491,2,medium demand - intermittent
14225056001,易口舒無糖薄荷錠-勁爽薄荷2入 勁爽薄荷 2盒裝,B,poisson,0.5238,0.7237,1.3817,2,medium demand - intermittent
14225057001,易口舒無糖薄荷錠-繽紛野莓2入 繽紛野莓2入,C,poisson,0.2381,0.488,2.0494,2,low demand - intermittent
14225061001,利口樂檸檬香草潤喉糖(無糖)27.5*2 利口樂檸檬香草,C,poisson,0.1905,0.4364,2.2913,2,low demand - intermittent
14225933001,HALLS XS無糖迷你薄荷糖酷爽薄荷量販 薄荷糖酷爽薄荷,C,poisson,0.2857,0.5345,1.8708,2,low demand - intermittent
14225934001,HALLS XS無糖迷你薄荷糖蜂蜜檸檬量販 薄荷糖蜂蜜檸檬,C,poisson,0.0476,0.2182,4.5826,2,low demand - intermittent
14225938001,HALLS XS無糖迷你薄荷糖清新萊姆量販 薄荷糖清新萊姆,C,poisson,0.2381,0.488,2.0494,2,low demand - intermittent
14225946001,HALLS XS無糖迷你薄荷糖酷冰藍莓量販 薄荷糖酷冰藍莓,B,poisson,0.5238,0.7237,1.3817,2,medium demand - intermittent
14226002001,青箭口香糖7片條裝20入-原味 青箭口香糖,B,poisson,0.381,0.6172,1.6202,2,medium demand - intermittent
14226003001,EXTRA木糖醇口香糖超值包葡萄 香甜葡萄,B,poisson,0.381,0.6172,1.6202,2,medium demand - intermittent
14226005001,Airwaves Super重量包極酷薄荷,B,poisson,0.9048,0.9512,1.0513,2,medium demand - intermittent
14226007001,Airwaves超涼薄荷口香糖量販包,B,poisson,2.0,1.4142,0.7071,1,medium demand - volatile
14226009001,Airwaves極酷嗆涼口香糖量販包,B,poisson,2.0476,1.431,0.6988,1,medium demand - volatile
14226012001,Extra潔淨超值包-清檸薄荷 清檸薄荷超值包,B,poisson,0.5714,0.7559,1.3229,2,medium demand - intermittent
14226016001,Airwaves口香糖超值包冰釀葡萄 冰釀葡萄,B,poisson,0.7143,0.8452,1.1832,2,medium demand - intermittent
14226019001,Airwaves無糖口香糖-超涼薄荷 超涼口味,C,poisson,0.2381,0.488,2.0494,2,low demand - intermittent
14226020001,Extra潔淨薄荷口香糖量販包 潔淨,B,poisson,0.4286,0.6547,1.5275,2,medium demand - intermittent
14226032001,Extra木糖醇超值包-香濃密瓜 香濃蜜瓜補充包,C,poisson,0.2381,0.488,2.0494,2,low demand - intermittent
14226035001,Airwaves Super口香糖極酷薄荷 超強薄荷,C,poisson,0.2857,0.5345,1.8708,2,low demand - intermittent
14226042001,Extra潔淨口香糖超值包-薄荷 補充包,B,poisson,0.5714,0.7559,1.3229,2,medium demand - intermittent
14226046001,青箭粒裝口香糖超值包-原味 補充包,C,poisson,0.2381,0.488,2.0494,2,low demand - intermittent
14226051001,青箭粒裝口香糖-原味 青箭20粒袋裝,C,poisson,0.2381,0.488,2.0494,2,low demand - intermittent
14226059001,Airwaves口香糖超值包超涼薄荷,B,poisson,0.6667,0.8165,1.2247,2,medium demand - intermittent
14226063001,Airwaves口香糖超值包蜂蜜檸檬 蜂蜜檸檬補充包,B,poisson,0.5238,0.7237,1.3817,2,medium demand - intermittent
14226067001,Airwaves Super重量包冰炫薄荷 冰炫薄荷,B,poisson,0.5238,0.7237,1.3817,2,medium demand - intermittent
14226100001,Extra潔淨超值包-青蘋萊姆 Extra 青蘋萊姆,C,poisson,0.2381,0.488,2.0494,2,low demand - intermittent
14226116001,XYLITOL護牙分享包2+1 XYLITOL護牙分,C,poisson,0.1429,0.378,2.6458,2,low demand - intermittent
14226149001,Airwaves紫冰野莓口香糖量販包 紫冰野莓量販包,B,poisson,2.0952,1.4475,0.6908,1,medium demand - volatile
14226167001,Extra脆皮魔立方無糖口香糖-草莓57.2 脆皮口香糖草莓,C,poisson,0.0476,0.2182,4.5826,2,low demand - intermittent
14227001001,迷你桶曼陀珠新七彩霓虹糖,B,poisson,0.3333,0.5774,1.7321,2,medium demand - intermittent
14227002001,曼陀珠桶裝 曼陀珠桶裝,B,normal,0.9524,0.8985,0.9434,1,medium demand - volatile
14227005001,乖乖桶 乖乖桶,B,poisson,1.5238,1.2344,0.8101,1,medium demand - volatile
14230432001,77迦納可可黑巧杏仁乳加 迦納黑巧乳加,A,poisson,2.4286,1.5584,0.6417,1,high demand - volatile
14231003001,77迷你乳加372G 迷你乳加372G,A,poisson,12.0952,3.4778,0.2875,0,high demand - stable
14240001001,家福鹹酥花生,B,normal,1.0476,0.95,0.9068,1,medium demand - volatile
14240005001,家福蒜味花生400克,A,poisson,2.2381,1.496,0.6684,1,high demand - volatile
14240006001,家福紅土花生 400克 家福紅土花生,B,poisson,0.619,0.7868,1.271,2,medium demand - intermittent
14240007001,嘉禾大花生鹹酥 嘉禾大花生鹹酥,C,poisson,0.2857,0.5345,1.8708,2,low demand - intermittent
14240008001,嘉禾大蒜味花生 嘉禾大蒜味花生,B,poisson,0.3333,0.5774,1.7321,2,medium demand - intermittent
14240010001,Sunny Ranch黑金剛花生850g 黑金剛花生850g,C,poisson,0.2381,0.488,2.0494,2,low demand - intermittent
14240012001,翁財記蒜茸落花生 翁財記蒜茸落花,C,poisson,0.1429,0.378,2.6458,2,low demand - intermittent
14240014001,四乘六大蒜花生 四乘六大蒜花生,B,poisson,0.381,0.6172,1.6202,2,medium demand - intermittent
14240015001,嘉禾大蠶豆蒜味 大蠶豆蒜味,B,poisson,0.4286,0.6547,1.5275,2,medium demand - intermittent
14240017001,盛香珍黑金剛帶殼花生 黑金剛帶殼花生,B,poisson,1.4286,1.1952,0.8367,1,medium demand - volatile
14241001001,家福五香花生 五香花生,C,poisson,0.0476,0.2182,4.5826,2,low demand - intermittent
14241002001,家福蒜茸花生,B,poisson,0.5714,0.7559,1.3229,2,medium demand - intermittent
14241003001,大哥燒烤味花生豆(罐裝) 燒烤花生豆,B,poisson,0.5714,0.7559,1.3229,2,medium demand - intermittent
14241004001,家樂福芥末花生,B,poisson,1.1905,1.0911,0.9165,1,medium demand - volatile
14241020001,味覺生機椒麻花生 黃粒紅椒麻花生,B,poisson,1.381,1.1751,0.851,1,medium demand - volatile
14241023001,台灣美食全記錄-蒜茸花生185g 台灣美食全記錄,B,poisson,0.9524,0.9759,1.0247,2,medium demand - intermittent
14241024001,台灣美食全記錄-麻辣花生145g 台灣美食全記錄,B,normal,1.0476,0.8985,0.8576,1,medium demand - volatile
14241025001,家樂福麻辣花生,C,poisson,0.0952,0.3086,3.2404,2,low demand - intermittent
14241030001,盛香珍竹炭花生 盛香珍竹炭花生,B,poisson,1.5714,1.2536,0.7977,1,medium demand - volatile
14241031001,家樂福蛋酥花生 家福蛋酥花生,B,poisson,1.619,1.2724,0.7859,1,medium demand - volatile
14241032001,家樂福竹炭花生 家福竹炭花生,B,poisson,0.9048,0.9512,1.0513,2,medium demand - intermittent
14241033001,盛香珍麻辣花生,B,poisson,1.0,1.0,1.0,1,medium demand - volatile
14241035001,泰源農場蒜味落花生,C,poisson,0.1429,0.378,2.6458,2,low demand - intermittent
14241036001,家樂福小魚乾花生45g 家福小魚乾花生,C,poisson,0.0476,0.2182,4.5826,2,low demand - intermittent
14241037001,家樂福麻辣花生46g 家福麻辣花生,B,normal,1.0476,0.8985,0.8576,1,medium demand - volatile
14241038001,泰源農場麻辣落花生 麻辣落花生,C,poisson,0.0952,0.3086,3.2404,2,low demand - intermittent
14241039001,泰源農場油炸落花生 油炸落花生,C,poisson,0.0476,0.2182,4.5826,2,low demand - intermittent
14241042001,盛香珍蔥蒜花生100g 盛香珍蔥蒜花生,A,poisson,3.2381,1.7995,0.5557,1,high demand - volatile
14241043001,泰源農場五香落花生 五香落花生,C,poisson,0.0952,0.3086,3.2404,2,low demand - intermittent
14241044001,泰源農場香辣落花生,C,poisson,0.0952,0.3086,3.2404,2,low demand - intermittent
14241078001,盛香珍薄鹽花生 盛香珍薄鹽花生,B,poisson,0.3333,0.5774,1.7321,2,medium demand - intermittent
14242003001,盛香珍南瓜子 盛香珍南瓜子,B,normal,1.0,0.8729,0.8729,1,medium demand - volatile
14242004001,恰好綜合香香豆,B,poisson,1.3333,1.1547,0.866,1,medium demand - volatile
14242007001,洽洽葵珍原味葵瓜子 原味,B,poisson,0.5238,0.7237,1.3817,2,medium demand - intermittent
14242008001,盛香珍麻辣青豆 盛香珍麻辣青豆,B,poisson,0.619,0.7868,1.271,2,medium demand - intermittent
14242009001,盛香珍甘草瓜子 甘草瓜子,B,poisson,1.9048,1.3801,0.7246,1,medium demand - volatile
14242010001,洽洽香瓜子,B,poisson,0.7143,0.8452,1.1832,2,medium demand - intermittent
14242011001,恰好香香豆,A,poisson,5.2857,2.2991,0.435,0,high demand - stable
14242012001,盛香珍蒜香青豆,A,poisson,5.2381,2.2887,0.4369,0,high demand - stable
14242013001,盛香珍綠茶南瓜子 盛香珍綠茶南瓜,B,poisson,0.3333,0.5774,1.7321,2,medium demand - intermittent
14242016001,盛香珍醬油瓜子 盛香珍醬油瓜子,B,poisson,0.5238,0.7237,1.3817,2,medium demand - intermittent
14242036001,原味翠果子,B,poisson,1.2381,1.1127,0.8987,1,medium demand - volatile
14242037001,洽洽香瓜子,B,poisson,1.8095,1.3452,0.7434,1,medium demand - volatile
14242039001,盛香珍香瓜子,B,poisson,0.9524,0.9759,1.0247,2,medium demand - intermittent
14242042001,翠果子MIDO 航空米果180g,B,normal,1.1429,0.9897,0.866,1,medium demand - volatile
14242044001,台灣美食全紀錄--北港蠶豆 北港蠶豆,C,poisson,0.2857,0.5345,1.8708,2,low demand - intermittent
14242056001,盛香珍芥末青豆,B,poisson,1.7143,1.3093,0.7638,1,medium demand - volatile
14242068001,盛香珍鹽烤南瓜籽仁 盛香珍鹽烤南瓜,C,poisson,0.1429,0.378,2.6458,2,low demand - intermittent
14242072001,旺旺煎豆子-原味(全素) 旺旺煎豆子-原,B,poisson,0.6667,0.8165,1.2247,2,medium demand - intermittent
14242081001,良澔芥末豆 良澔芥末豆,B,poisson,0.619,0.7868,1.271,2,medium demand - intermittent
14242083001,盛香珍椒麻青豆花生 椒麻青豆花生,B,poisson,0.8571,0.9258,1.0801,2,medium demand - intermittent
14242105001,洽洽焦糖瓜子160g 洽洽焦糖瓜子,B,poisson,0.6667,0.8165,1.2247,2,medium demand - intermittent
14242126001,甘源蟹黃味瓜子仁 蟹黃味瓜子仁,C,poisson,0.2381,0.488,2.0494,2,low demand - intermittent
14242128001,甘源蒜香味青豌豆 蒜香味青豌豆,C,poisson,0.0476,0.2182,4.5826,2,low demand - intermittent
14242131001,盛香珍豐葵香瓜子(焦糖口味),A,poisson,2.5714,1.6036,0.6236,1,high demand - volatile
14242133001,機上嚴選-鋪物語米果(輕巧包)30包入,A,poisson,2.6667,1.633,0.6124,1,high demand - volatile
14242134001,EVA機上嚴選-鋪物語米(商務艙),B,poisson,1.619,1.2724,0.7859,1,medium demand - volatile
14242135001,EVA迷你煉乳黎麥麻花卷,B,poisson,0.4762,0.6901,1.4491,2,medium demand - intermittent
14242137001,炒貨世家難吃的瓜子-焦糖味500g 焦糖味葵花籽,C,poisson,0.0476,0.2182,4.5826,2,low demand - intermittent
14242144001,義美哇沙米豌豆 義美哇沙米豌豆,B,poisson,0.8571,0.9258,1.0801,2,medium demand - intermittent
14242145001,義美濃蒜青豆 義美濃蒜青豆,B,poisson,0.9048,0.9512,1.0513,2,medium demand - intermittent
14242149001,義美鹹酥豌豆 義美鹹酥豌豆,B,normal,1.3333,1.1269,0.8452,1,medium demand - volatile
14242150001,義美香蒜青豆 義美香蒜青豆,B,poisson,0.7143,0.8452,1.1832,2,medium demand - intermittent
14242151001,義美芥末風味青豆 芥末風味青豆,A,poisson,2.1905,1.48,0.6757,1,high demand - volatile
14242154001,盛香珍豐葵香瓜子-桂圓紅棗風味 豐葵-桂圓紅棗,B,poisson,0.8571,0.9258,1.0801,2,medium demand - intermittent
14242155001,盛香珍豐葵香瓜子-日月潭紅茶風味 豐葵日月潭紅茶,B,poisson,1.7143,1.3093,0.7638,1,medium demand - volatile
14242156001,盛香珍豐葵香瓜子-全天然原味 豐葵全天然原味,B,poisson,1.1429,1.069,0.9354,1,medium demand - volatile
14242164001,翠子-HELLO KITTY綜合米果 綜合米果,B,poisson,0.7143,0.8452,1.1832,2,medium demand - intermittent
14242165001,翠子-優脆經典綜合,C,poisson,0.1429,0.378,2.6458,2,low demand - intermittent
14242169001,NO.1蟹黃哇沙米風味蠶豆,C,poisson,0.0476,0.2182,4.5826,2,low demand - intermittent
14242170001,翠子HELLO KITTY奇幻樂園綜合米果分享包,B,poisson,0.4762,0.6901,1.4491,2,medium demand - intermittent
14242210001,盛香珍鹹蛋黃葵瓜子仁 鹹蛋黃葵瓜子仁,C,poisson,0.0952,0.3086,3.2404,2,low demand - intermittent
14243006001,家樂福開心果,B,poisson,0.9048,0.9512,1.0513,2,medium demand - intermittent
14243007001,家樂福綜合纖果350g,B,poisson,0.6667,0.8165,1.2247,2,medium demand - intermittent
14243009001,萬歲牌南棗琥珀核桃 萬歲牌南棗琥珀,C,poisson,0.2381,0.488,2.0494,2,low demand - intermittent
14243010001,萬歲牌薄鹽烘焙核桃 萬歲牌薄鹽烘焙,B,poisson,0.619,0.7868,1.271,2,medium demand - intermittent
14243012001,盛香珍杏仁果 盛香珍杏仁果,C,poisson,0.2381,0.488,2.0494,2,low demand - intermittent
14243013001,盛香珍腰果-蜜汁口味 盛香珍腰果-蜜,B,poisson,0.7143,0.8452,1.1832,2,medium demand - intermittent
14243016001,家樂福蜜汁腰果350g 家福蜜汁腰果,B,poisson,0.7619,0.8729,1.1456,2,medium demand - intermittent
14243017001,康健生機有機甘栗仁,B,poisson,0.4762,0.6901,1.4491,2,medium demand - intermittent
14243020001,萬歲牌珍味雙果 萬歲牌珍味雙果,B,normal,1.1429,1.0817,0.9465,1,medium demand - volatile
14243021001,萬歲牌薄鹽杏仁果 薄鹽杏仁果,C,poisson,0.0952,0.3086,3.2404,2,low demand - intermittent
14243026001,萬歲牌杏仁果 萬歲牌杏仁果,B,poisson,0.9048,0.9512,1.0513,2,medium demand - intermittent
14243027001,萬歲牌薄鹽胡桃110G 萬歲牌薄鹽胡桃,C,poisson,0.2857,0.5345,1.8708,2,low demand - intermittent
14243028001,SUNNY RANCH 精選金沙腰果桶,B,poisson,0.4286,0.6547,1.5275,2,medium demand - intermittent
14243031001,SUNNY RANCH 精選綜合果乾堅果桶 綜合果乾堅果桶,C,poisson,0.1429,0.378,2.6458,2,low demand - intermittent
14243034001,萬歲牌無調味核桃290G 無調味,B,poisson,0.8571,0.9258,1.0801,2,medium demand - intermittent
14243036001,萬歲牌熱帶纖果155G 熱帶纖果,B,poisson,0.619,0.7868,1.271,2,medium demand - intermittent
14243040001,萬歲牌夏威夷果 萬歲牌夏威夷果,B,poisson,1.9048,1.3801,0.7246,1,medium demand - volatile
14243041001,萬歲牌珍味雙果 萬歲牌珍味雙果,B,poisson,1.0952,1.0465,0.9555,1,medium demand - volatile
14243042001,萬歲牌綜合纖果 萬歲牌綜合纖果,A,normal,2.381,1.9634,0.8246,1,high demand - volatile
14243043001,義美蜜汁腰果 義美蜜汁腰果,A,poisson,2.3333,1.5275,0.6547,1,high demand - volatile
14243044001,萬歲牌楓糖腰果 萬歲牌楓糖腰果,A,poisson,2.4286,1.5584,0.6417,1,high demand - volatile
14243045001,萬歲牌蜜汁腰果 萬歲牌蜜汁腰果,A,poisson,2.6667,1.633,0.6124,1,high demand - volatile
14243046001,萬歲牌香酥腰果 萬歲牌香酥腰果,A,poisson,2.381,1.543,0.6481,1,high demand - volatile
14243053001,盛香珍開心果(內附隨手包) 盛香珍開心果(,C,poisson,0.1905,0.4364,2.2913,2,low demand - intermittent
14243054001,家樂福無調味腰果155g 家福無調味腰果,B,poisson,0.4762,0.6901,1.4491,2,medium demand - intermittent
14243055001,盛香珍無調味杏仁果 無調味杏仁果,C,poisson,0.2857,0.5345,1.8708,2,low demand - intermittent
14243058001,萬歲牌珍珠開心果 萬歲牌珍珠開心,A,poisson,3.7143,1.9272,0.5189,1,high demand - volatile
14243061001,萬歲牌珍珠開心果-蒜味 萬歲牌珍珠開心,B,normal,1.381,0.8985,0.6506,1,medium demand - volatile
14243069001,家樂福無調味核桃155g 家福無調味核桃,C,poisson,0.1429,0.378,2.6458,2,low demand - intermittent
14243076001,森之果物嚴選天然甘栗 森之果物有機甘,C,poisson,0.0476,0.2182,4.5826,2,low demand - intermittent
14243081001,SUNNY RANCH 精選鹽烤杏仁果桶 鹽烤杏仁果桶,C,poisson,0.1905,0.4364,2.2913,2,low demand - intermittent
14243088001,SUNNY RANCH 精選楓糖腰果桶,B,poisson,0.4286,0.6547,1.5275,2,medium demand - intermittent
14243094001,萬歲牌無調味珍珠開心果160g 萬歲牌開心果,C,poisson,0.2857,0.5345,1.8708,2,low demand - intermittent
14243106001,盛香珍無調味核桃仁 無調味核桃仁,C,poisson,0.1905,0.4364,2.2913,2,low demand - intermittent
14243107001,盛香珍-無調味腰果 無調味腰果,B,poisson,0.9048,0.9512,1.0513,2,medium demand - intermittent
14243108001,萬歲牌金黃楓糖腰果 萬歲牌金黃楓糖,B,poisson,0.381,0.6172,1.6202,2,medium demand - intermittent
14243109001,萬歲牌鹽味核桃 萬歲牌鹽味核桃,C,poisson,0.0952,0.3086,3.2404,2,low demand - intermittent
14243110001,萬歲牌香蒜杏仁果 香蒜杏仁果,C,poisson,0.1429,0.378,2.6458,2,low demand - intermittent
14243111001,萬歲牌酥脆雙果 萬歲牌酥脆雙果,C,poisson,0.0952,0.3086,3.2404,2,low demand - intermittent
14243120001,盛香珍-無調味夏威夷豆 無調味夏威夷豆,B,poisson,0.619,0.7868,1.271,2,medium demand - intermittent
14243128001,Sunny Ranch每日堅果隨手包-無調味綜合堅果,B,poisson,0.4762,0.6901,1.4491,2,medium demand - intermittent
14243129001,Sunny Ranch每日堅果隨手包-綜合堅果,B,normal,1.8571,2.4159,1.3009,2,medium demand - intermittent
14243130001,紅布朗 鹽烤杏仁果170g,C,poisson,0.0476,0.2182,4.5826,2,low demand - intermittent
14243131001,Sunny Ranch 精選蟹黃風味腰果,C,poisson,0.0476,0.2182,4.5826,2,low demand - intermittent
14243133001,萬歲牌蜜汁腰果350G 萬歲牌蜜汁腰果,B,normal,1.0952,1.0191,0.9305,1,medium demand - volatile
14243147001,義美原味烘焙杏仁 原味烘焙杏仁,C,poisson,0.0476,0.2182,4.5826,2,low demand - intermittent
14243148001,義美原味烘焙夏威夷果 烘焙夏威夷果,B,poisson,0.5238,0.7237,1.3817,2,medium demand - intermittent
14243149001,義美原味烘焙核桃 原味烘焙核桃,B,poisson,0.381,0.6172,1.6202,2,medium demand - intermittent
14243150001,義美原味烘焙腰果 原味烘焙腰果,B,poisson,0.9048,0.9512,1.0513,2,medium demand - intermittent
14243152001,紅布朗 輕烘焙聰明堅果170g,C,poisson,0.0476,0.2182,4.5826,2,low demand - intermittent
14243166001,家樂福無調味烘烤雙果 家福無調味雙果,B,poisson,1.6667,1.291,0.7746,1,medium demand - volatile
14244003001,盛香珍小魚干花生,A,poisson,15.0476,3.8791,0.2578,0,high demand - stable
14244005001,Sunny Ranch特選綜合堅果仁,C,poisson,0.2857,0.5345,1.8708,2,low demand - intermittent
14244009001,盛香珍杏仁小魚 盛香珍杏仁小魚,B,poisson,0.8571,0.9258,1.0801,2,medium demand - intermittent
14244011001,萬歲牌海苔杏仁小魚 萬歲牌海苔杏仁,B,poisson,1.2381,1.1127,0.8987,1,medium demand - volatile
14244012001,豆之家健康果仁 健康果仁,B,poisson,0.3333,0.5774,1.7321,2,medium demand - intermittent
14244014001,萬歲和風堅果綜合果,A,poisson,5.619,2.3705,0.4219,0,high demand - stable
14244015001,萬歲牌綜合纖果罐400克 萬歲牌綜合纖果,A,poisson,3.2857,1.8127,0.5517,1,high demand - volatile
14244016001,萬歲牌麻辣小魚花生綜合果,A,poisson,8.1905,2.8619,0.3494,0,high demand - stable
14244017001,日本進口-味彩綜合豆果子360g,A,poisson,8.0476,2.8368,0.3525,0,high demand - stable
14244018001,義美原味綜合堅果 義美原味綜合堅,B,poisson,0.5714,0.7559,1.3229,2,medium demand - intermittent
14244020001,萬歲牌無調味綜合果-盒裝,A,poisson,8.1905,2.8619,0.3494,0,high demand - stable
14244021001,萬歲活力纖果綜合果,A,poisson,7.9524,2.82,0.3546,0,high demand - stable
14244022001,萬歲牌核桃小魚125G 萬歲牌核桃小魚,B,poisson,0.4286,0.6547,1.5275,2,medium demand - intermittent
14244024001,Sunny Ranch 精選泰式酸辣風味雙果,C,poisson,0.0476,0.2182,4.5826,2,low demand - intermittent
14244025001,萬歲牌活力六寶140G 活力六寶,B,poisson,0.5238,0.7237,1.3817,2,medium demand - intermittent
14244026001,Sunny Ranch特選鹽味綜合堅果,B,poisson,1.1905,1.0911,0.9165,1,medium demand - volatile
14244027001,萬歲牌柿米果杏仁小魚 柿米果小魚,B,normal,1.8571,1.39,0.7484,1,medium demand - volatile
14244028001,萬歲牌無調味綜合果 萬歲牌無調味綜,A,poisson,2.4762,1.5736,0.6355,1,high demand - volatile
14244031001,嘉禾素食蠶豆,B,poisson,0.5714,0.7559,1.3229,2,medium demand - intermittent
14244034001,天天BITE綜合堅果,B,poisson,0.4762,0.6901,1.4491,2,medium demand - intermittent
14244039001,Sunny Ranch 精選無調味綜合桶,B,poisson,0.8571,0.9258,1.0801,2,medium demand - intermittent
14244045001,萬歲牌蔥燒辣小魚花生盒裝 萬歲牌辣小魚,B,poisson,1.4762,1.215,0.8231,1,medium demand - volatile
14244046001,Fungo無調味綜合堅果 無調味綜合堅果,B,poisson,0.3333,0.5774,1.7321,2,medium demand - intermittent
14244047001,Fungo杏仁小魚 Fungo杏仁小魚,C,poisson,0.0952,0.3086,3.2404,2,low demand - intermittent
14244049001,義美烘焙胡桃綜合果 烘焙胡桃綜合果,B,poisson,1.5714,1.2536,0.7977,1,medium demand - volatile
14244050001,萬歲牌杏仁小魚罐裝270g 萬歲牌杏仁小魚,B,normal,1.9048,1.2688,0.6661,1,medium demand - volatile
14244051001,萬歲牌蔓莓纖果 萬歲牌蔓莓纖果,B,poisson,0.381,0.6172,1.6202,2,medium demand - intermittent
14244052001,萬歲牌蒜香花生綜合果,A,poisson,5.7143,2.3905,0.4183,0,high demand - stable
14244053001,家樂福小魚乾花生 家福小魚乾花生,A,poisson,2.5714,1.6036,0.6236,1,high demand - volatile
14244056001,Sunny Ranch特選無調味綜合堅果,B,poisson,1.2857,1.1339,0.8819,1,medium demand - volatile
14244058001,義美烘焙夏威夷綜合果 烘焙夏威夷綜合,A,poisson,3.619,1.9024,0.5257,1,high demand - volatile
14244059001,萬歲牌杏仁小魚 萬歲牌杏仁小魚,A,poisson,4.2857,2.0702,0.483,0,high demand - stable
14244060001,義美原味綜合纖果 義美原味綜合纖,C,poisson,0.3333,0.5774,1.7321,2,low demand - intermittent
14244062001,Sunny Ranch 精選鹽味淡鹽綜合桶,C,poisson,0.2381,0.488,2.0494,2,low demand - intermittent
14244063001,義美薄鹽夏威夷綜合果 薄鹽夏威夷綜合,B,poisson,0.381,0.6172,1.6202,2,medium demand - intermittent
14244071001,萬歲牌濃起司堅果120G 濃起司堅果,B,poisson,0.4762,0.6901,1.4491,2,medium demand - intermittent
14244073001,義美原味五堅果 義美原味五堅果,B,poisson,0.7143,0.8452,1.1832,2,medium demand - intermittent
14244074001,義美原味六堅果 義美原味六堅果,C,poisson,0.1429,0.378,2.6458,2,low demand - intermittent
14244077001,江戶綜合米果14袋入 江戶綜合米果,C,poisson,0.0476,0.2182,4.5826,2,low demand - intermittent
14244087001,義美烘焙綜合五果 烘焙綜合五果,C,poisson,0.0476,0.2182,4.5826,2,low demand - intermittent
14244092001,Sunny Ranch 每日堅果35g*20入,B,poisson,0.8095,0.8997,1.1114,2,medium demand - intermittent
14244896001,萬歲牌綜合纖果盒裝,A,poisson,4.6667,2.1602,0.4629,0,high demand - stable
14244898001,萬歲海苔杏仁小魚盒裝,B,poisson,1.8095,1.3452,0.7434,1,medium demand - volatile
14244906001,萬歲牌養生八寶 萬歲牌養生八寶,B,poisson,0.8571,0.9258,1.0801,2,medium demand - intermittent
14244911001,Sunny Ranch特選無調味綜合堅果 無調味綜合堅果,C,poisson,0.1429,0.378,2.6458,2,low demand - intermittent
14244918001,萬歲牌香脆杏仁小魚 香脆杏仁小魚,A,poisson,3.5238,1.8772,0.5327,1,high demand - volatile
14244919001,萬歲牌無調味堅果 無調味堅果,B,poisson,1.5238,1.2344,0.8101,1,medium demand - volatile
14244929001,義美原味堅果(綜合六果) 綜合六果,B,poisson,1.4762,1.215,0.8231,1,medium demand - volatile
14244930001,清淨生活天然綜合堅果純素,C,poisson,0.0952,0.3086,3.2404,2,low demand - intermittent
14244933001,萬歲牌杏仁小魚8g*10 杏仁小魚8g*10,B,normal,2.0476,1.1329,0.5533,1,medium demand - volatile
14244934001,萬歲牌蔥燒辣小魚花生8g*12包 蔥燒辣小魚花生,B,normal,1.0952,0.9209,0.8408,1,medium demand - volatile
14244935001,Sunny Ranch特選大豆堅果桶,C,poisson,0.2857,0.5345,1.8708,2,low demand - intermittent
14244945001,義美薄鹽堅果(綜合六果) 薄鹽堅果-綜合,C,poisson,0.2857,0.5345,1.8708,2,low demand - intermittent
14244999001,Sunny Ranch 無調味綜合堅果1130G 無調味綜合堅果,A,poisson,2.9524,1.7182,0.582,1,high demand - volatile
14300002001,家福日月紅茶(2.4g x 25入),B,poisson,0.4286,0.6547,1.5275,2,medium demand - intermittent
14300003001,立頓茗閒情100％台灣茶-蜜香紅茶50.4 茗閒情蜜香紅茶,B,poisson,0.381,0.6172,1.6202,2,medium demand - intermittent
14300008001,立頓紅茶包 立頓紅茶包,B,poisson,1.1905,1.0911,0.9165,1,medium demand - volatile
14300016001,唐寧英倫早餐茶 唐寧英倫早餐茶,C,poisson,0.2381,0.488,2.0494,2,low demand - intermittent
14300019001,唐寧歐式大吉嶺茶 歐式大吉嶺茶,B,poisson,0.3333,0.5774,1.7321,2,medium demand - intermittent
14300021001,唐寧沁心薄荷茶 唐寧沁心薄荷茶,C,poisson,0.2857,0.5345,1.8708,2,low demand - intermittent
14300025001,天仁阿薩姆紅茶防潮包 天人阿薩姆紅茶,B,poisson,1.5238,1.2344,0.8101,1,medium demand - volatile
14300029001,唐寧皇家伯爵低咖啡因茶 伯爵低咖啡因茶,C,poisson,0.1905,0.4364,2.2913,2,low demand - intermittent
14300032001,家福超值紅茶 家福超值紅茶,B,poisson,0.7619,0.8729,1.1456,2,medium demand - intermittent
14300046001,台灣農林原片紅玉紅茶 紅茶,B,poisson,0.7143,0.8452,1.1832,2,medium demand - intermittent
14300057001,帝瑪錫蘭紅茶 紅茶,B,poisson,0.4762,0.6901,1.4491,2,medium demand - intermittent
14300070001,天仁咖啡香紅茶-古早味紅茶 咖啡,B,poisson,0.5238,0.7237,1.3817,2,medium demand - intermittent
14300096001,T世家精選錫蘭紅茶包 精選錫蘭紅茶包,B,poisson,0.3333,0.5774,1.7321,2,medium demand - intermittent
14300113001,台灣農林仙女紅茶 紅茶,C,poisson,0.2857,0.5345,1.8708,2,low demand - intermittent
14301013001,天仁高山烏龍茶 天仁高山烏龍茶,B,normal,1.5238,1.562,1.0251,2,medium demand - intermittent
14301018001,天仁台灣茗品金萱烏龍茶 金萱烏龍茶,B,poisson,0.4762,0.6901,1.4491,2,medium demand - intermittent
14301020001,天仁台灣茗品翠玉烏龍茶 翠玉烏龍茶,B,poisson,0.5238,0.7237,1.3817,2,medium demand - intermittent
14301023001,天仁原片高山烏龍茶 原片高山烏龍茶,B,poisson,0.9524,0.9759,1.0247,2,medium demand - intermittent
14301027001,家福超值高山烏龍茶,B,poisson,0.381,0.6172,1.6202,2,medium demand - intermittent
14301030001,天仁茗賞-茶王 烏龍茶,B,poisson,0.4286,0.6547,1.5275,2,medium demand - intermittent
14301031001,天仁茗賞-高山烏龍茶 高山烏龍茶,B,poisson,0.3333,0.5774,1.7321,2,medium demand - intermittent
14301108001,立頓茗閒情100％台灣茶-凍頂烏龍茶10 凍頂烏龍茶,B,poisson,0.8571,0.9258,1.0801,2,medium demand - intermittent
14301109001,立頓茗閒情100％台灣茶-高山烏龍茶61 高山烏龍茶,B,poisson,0.3333,0.5774,1.7321,2,medium demand - intermittent
14301110001,立頓茗閒情100％台灣茶-東方美人茶50 東方美人茶,C,poisson,0.2857,0.5345,1.8708,2,low demand - intermittent
14302002001,家福超值茉莉香片 家福超值茉莉香,B,poisson,0.5238,0.7237,1.3817,2,medium demand - intermittent
14302005001,天仁綠茶 天仁綠茶防潮包,B,poisson,1.4762,1.215,0.8231,1,medium demand - volatile
14302006001,天仁綠茶粉 天仁茗茶綠茶粉,B,poisson,0.8571,0.9258,1.0801,2,medium demand - intermittent
14302017001,天仁原片鮮綠茶 原味鮮綠茶,B,poisson,0.9048,0.9512,1.0513,2,medium demand - intermittent
14302018001,天仁茉香綠茶 茉香綠茶,B,poisson,0.4762,0.6901,1.4491,2,medium demand - intermittent
14302024001,天仁茉香綠茶 天仁茉香綠茶,B,normal,1.2381,1.1508,0.9295,1,medium demand - volatile
14302043001,家福超值茉莉綠茶 家福超值茉莉綠,B,poisson,0.5238,0.7237,1.3817,2,medium demand - intermittent
14302060001,家福茉莉綠茶袋茶 家福茉莉綠茶,C,poisson,0.1905,0.4364,2.2913,2,low demand - intermittent
14302072001,T世家精選茉香綠茶包 茉香綠茶包,B,poisson,0.381,0.6172,1.6202,2,medium demand - intermittent
14302079001,立頓茗閒情100％台灣茶-活綠茶90g 活綠茶,B,poisson,1.1905,1.0911,0.9165,1,medium demand - volatile
14302080001,立頓茗閒情100％台灣茶-玄米綠茶57.6 玄米綠茶,B,poisson,0.6667,0.8165,1.2247,2,medium demand - intermittent
14302081001,立頓茗閒情100％台灣茶-玫瑰綠茶57.6 玫瑰綠茶,C,poisson,0.1905,0.4364,2.2913,2,low demand - intermittent
14303001001,美詩泡泡奶茶(印尼拉茶)MaxTea Tarik MaxTea 奶茶,B,poisson,1.1429,1.069,0.9354,1,medium demand - volatile
14303008001,三點一刻黑糖蒟蒻珍珠奶茶杯裝 黑糖蒟蒻珍奶杯,C,poisson,0.0952,0.3086,3.2404,2,low demand - intermittent
14303012001,立頓奶茶粉(罐) 立頓奶茶粉(罐),C,poisson,0.0476,0.2182,4.5826,2,low demand - intermittent
14303015001,西雅圖約克夏奶茶,B,poisson,1.2857,1.1339,0.8819,1,medium demand - volatile
14303021001,摩卡厚實茶道抹茶拿鐵 厚實抹茶拿鐵,C,poisson,0.2857,0.5345,1.8708,2,low demand - intermittent
14303022001,薌園黑糖老薑茶 黑糖老薑茶,C,poisson,0.1905,0.4364,2.2913,2,low demand - intermittent
14303024001,3點1刻日月潭奶茶 日月潭奶茶,B,poisson,0.6667,0.8165,1.2247,2,medium demand - intermittent
14303026001,3點1刻沖繩黑糖奶茶 黑糖,C,poisson,0.1905,0.4364,2.2913,2,low demand - intermittent
14303033001,立頓絕品醇焙香烏龍奶茶 立頓焙香烏龍奶,B,poisson,0.5714,0.7559,1.3229,2,medium demand - intermittent
14303034001,摩卡現在最好三合一奶茶隨身包 摩卡三合一奶茶,B,poisson,0.4286,0.6547,1.5275,2,medium demand - intermittent
14303035001,伯朗奶茶3合1 17g*45,B,poisson,0.5238,0.7237,1.3817,2,medium demand - intermittent
14303036001,3點1刻經典炭燒奶茶 3點1刻經典炭燒,B,poisson,0.619,0.7868,1.271,2,medium demand - intermittent
14303037001,伯朗奶茶3合1 伯朗奶茶3合1,C,poisson,0.2381,0.488,2.0494,2,low demand - intermittent
14303038001,立頓絕品醇翡翠茉香奶綠 立頓翡翠茉香奶,C,poisson,0.1429,0.378,2.6458,2,low demand - intermittent
14303039001,立頓絕品醇日式抹茶歐蕾 立頓日式抹茶歐,C,poisson,0.2857,0.5345,1.8708,2,low demand - intermittent
14303040001,立頓絕品醇英式皇家奶茶 立頓英式皇家奶,B,poisson,0.4286,0.6547,1.5275,2,medium demand - intermittent
14303048001,3點1刻經典原味奶茶,B,poisson,2.0952,1.4475,0.6908,1,medium demand - volatile
14303058001,3點1刻經典玫瑰花果奶茶 3點1刻經典玫瑰,B,poisson,0.4286,0.6547,1.5275,2,medium demand - intermittent
14303060001,3點1刻經典伯爵燒奶茶 3點1刻經典伯爵,B,poisson,0.381,0.6172,1.6202,2,medium demand - intermittent
14303897001,義美薑母茶 薑母茶,B,poisson,0.381,0.6172,1.6202,2,medium demand - intermittent
14303898001,義美經典原味奶茶 原味,B,poisson,0.5714,0.7559,1.3229,2,medium demand - intermittent
14303899001,義美桂圓紅棗茶 桂圓紅棗茶,C,poisson,0.2381,0.488,2.0494,2,low demand - intermittent
14303927001,義美錫蘭奶茶 20g x15 義美錫蘭奶茶,C,poisson,0.2857,0.5345,1.8708,2,low demand - intermittent
14303933001,立頓奶茶粉-減糖原味 立頓奶茶-減糖,B,normal,2.1429,1.39,0.6486,1,medium demand - volatile
14303934001,立頓即溶奶茶粉-香濃原味,B,normal,2.0476,1.2901,0.6301,1,medium demand - volatile
14304001001,天仁麥茶(免濾包) 天仁麥茶,B,poisson,0.5238,0.7237,1.3817,2,medium demand - intermittent
14304003001,天仁菊花普洱茶 天仁菊花普洱茶,C,poisson,0.2857,0.5345,1.8708,2,low demand - intermittent
14304008001,天仁原片黃金玄米茶 天仁黃金玄米茶,B,poisson,0.3333,0.5774,1.7321,2,medium demand - intermittent
14304009001,家樂福康福茶,B,poisson,0.4286,0.6547,1.5275,2,medium demand - intermittent
14304013001,家樂福洋甘菊茶,B,poisson,0.381,0.6172,1.6202,2,medium demand - intermittent
14304014001,德國恬康樂洋甘菊花茶 康樂洋甘菊花茶,C,poisson,0.0476,0.2182,4.5826,2,low demand - intermittent
14304015001,萬歲牌抹茶堅果拿鐵 抹茶堅果拿鐵,C,poisson,0.0952,0.3086,3.2404,2,low demand - intermittent
14304028001,天仁茉莉花茶 天仁茉莉花茶,B,poisson,0.7143,0.8452,1.1832,2,medium demand - intermittent
14304047001,立頓茗閒情100％台灣茶-茉莉花茶100. 茉莉花茶,C,poisson,0.2857,0.5345,1.8708,2,low demand - intermittent
14304062001,曼寧-有機清檸康福茶 清檸,C,poisson,0.2857,0.5345,1.8708,2,low demand - intermittent
14304064001,曼寧-有機蜜蘋舒緩茶 蜜蘋,C,poisson,0.1905,0.4364,2.2913,2,low demand - intermittent
14304084001,濃純黑糖老薑母茶隨身包 黑糖老薑母茶,C,poisson,0.0476,0.2182,4.5826,2,low demand - intermittent
14304089001,曼寧健康花草茶系列沉靜洋甘菊 洋甘菊,B,poisson,0.381,0.6172,1.6202,2,medium demand - intermittent
14304128001,米森有機黑糖老薑茶 黑糖老薑茶,C,poisson,0.0952,0.3086,3.2404,2,low demand - intermittent
14304135001,韓味不二生黃金柚子茶(果醬),B,poisson,0.3333,0.5774,1.7321,2,medium demand - intermittent
14304157001,曼寧-有機蜜桃國寶茶 蜜桃國寶茶,C,poisson,0.0952,0.3086,3.2404,2,low demand - intermittent
14304187001,T世家抹茶粉,B,poisson,0.6667,0.8165,1.2247,2,medium demand - intermittent
14304194001,義美冰糖杏仁茶 義美冰糖杏仁茶,B,poisson,0.619,0.7868,1.271,2,medium demand - intermittent
14304195001,義美榛果杏仁茶 義美榛果杏仁茶,C,poisson,0.1905,0.4364,2.2913,2,low demand - intermittent
14304230001,韓國蜂蜜柚子茶 1Kg 韓國蜂蜜柚子茶,B,poisson,0.381,0.6172,1.6202,2,medium demand - intermittent
14304301001,立頓花草茶-美顏茶 立頓花草茶美,C,poisson,0.0476,0.2182,4.5826,2,low demand - intermittent
14304302001,立頓花草茶-清衡茶 立頓花草茶清,C,poisson,0.0476,0.2182,4.5826,2,low demand - intermittent
14304303001,立頓花草茶-靜寧茶 立頓花草茶靜,C,poisson,0.0476,0.2182,4.5826,2,low demand - intermittent
14310003001,伯朗精品咖啡豆印尼弗洛勒斯(中深) 弗洛勒斯咖啡豆,C,poisson,0.1429,0.378,2.6458,2,low demand - intermittent
14310004001,廣吉濾掛咖啡-黃金曼特寧口味10g X10 黃金曼特寧口味,C,poisson,0.0952,0.3086,3.2404,2,low demand - intermittent
14310011001,家福曼特寧風情咖啡豆 家福曼特寧咖啡,C,poisson,0.1429,0.378,2.6458,2,low demand - intermittent
14310015001,AGF Maxim濃郁即溶咖啡-金罐,B,poisson,0.5714,0.7559,1.3229,2,medium demand - intermittent
14310016001,家福綜合咖啡豆 家福綜合咖啡豆,B,poisson,0.7143,0.8452,1.1832,2,medium demand - intermittent
14310020001,摩卡極致烘焙豆 摩卡極致烘焙豆,B,poisson,0.381,0.6172,1.6202,2,medium demand - intermittent
14310022001,伯朗巴西聖多士咖啡豆,C,poisson,0.1905,0.4364,2.2913,2,low demand - intermittent
14310025001,伯朗精選綜合咖啡豆,B,poisson,0.8095,0.8997,1.1114,2,medium demand - intermittent
14310028001,AGF Maxim贅澤香醇即溶咖啡-藍罐金標,B,poisson,0.3333,0.5774,1.7321,2,medium demand - intermittent
14310030001,廣吉濾掛咖啡-藍山炭燒口味10g X10 藍山炭燒口味,C,poisson,0.1429,0.378,2.6458,2,low demand - intermittent
14310037001,卡薩特選早餐咖啡豆454g,C,poisson,0.0952,0.3086,3.2404,2,low demand - intermittent
14310048001,UCC 柔和香甜咖啡豆908g 柔和香甜咖啡豆,C,poisson,0.2381,0.488,2.0494,2,low demand - intermittent
14310049001,UCC 炭燒風味咖啡豆454g 炭燒風味咖啡豆,C,poisson,0.0952,0.3086,3.2404,2,low demand - intermittent
14310052001,UCC 經典曼巴咖啡豆454g 經典曼巴咖啡豆,C,poisson,0.1905,0.4364,2.2913,2,low demand - intermittent
14310053001,UCC 香醇濃厚咖啡豆908g 香醇濃厚咖啡豆,C,poisson,0.0952,0.3086,3.2404,2,low demand - intermittent
14310054001,伯朗精品咖啡豆衣索比亞,C,poisson,0.1429,0.378,2.6458,2,low demand - intermittent
14310056001,伯朗精品咖啡豆巴西喜拉朵 巴西喜拉,C,poisson,0.2381,0.488,2.0494,2,low demand - intermittent
14310061001,產地嚴選薇薇特南果濾掛式咖啡 薇薇特南果濾掛,C,poisson,0.0476,0.2182,4.5826,2,low demand - intermittent
14310062001,產地嚴選耶加雪菲濾掛式咖啡 耶加雪菲濾掛,C,poisson,0.2381,0.488,2.0494,2,low demand - intermittent
14310071001,卡薩經典藍山特調咖啡豆 藍山特調咖啡豆,C,poisson,0.2857,0.5345,1.8708,2,low demand - intermittent
14310096001,星巴克黃金烘焙咖啡豆200g 星巴克烘焙豆,C,poisson,0.0476,0.2182,4.5826,2,low demand - intermittent
14310101001,貝納頌濾掛咖啡經典曼特寧風味 貝納頌曼特寧,C,poisson,0.0476,0.2182,4.5826,2,low demand - intermittent
14310109001,卡薩No9特調咖啡豆,B,poisson,0.4762,0.6901,1.4491,2,medium demand - intermittent
14310111001,卡薩No6特調咖啡豆 No6 咖啡豆,C,poisson,0.3333,0.5774,1.7321,2,low demand - intermittent
14310127001,西雅圖波士頓中烘焙綜合咖啡豆 波士頓咖啡豆中,C,poisson,0.1429,0.378,2.6458,2,low demand - intermittent
14310128001,西雅圖深烘焙綜合咖啡豆454g 深烘焙咖啡豆深,C,poisson,0.0952,0.3086,3.2404,2,low demand - intermittent
14310134001,義大利LVZ濃縮咖啡豆,B,poisson,0.4286,0.6547,1.5275,2,medium demand - intermittent
14310139001,義大利illy咖啡豆(阿拉比卡咖啡豆中義大利咖啡豆,B,poisson,0.381,0.6172,1.6202,2,medium demand - intermittent
14310169001,星巴克濃縮烘焙咖啡豆200g 星巴克義式,C,poisson,0.2857,0.5345,1.8708,2,low demand - intermittent
14310209001,星巴克派克市場烘焙咖啡豆200g 星巴克派克,C,poisson,0.2381,0.488,2.0494,2,low demand - intermittent
14310999001,KEY DRIP ON總匯隨身包 總匯隨身包,C,poisson,0.0952,0.3086,3.2404,2,low demand - intermittent
14311002001,伯朗特濃湖鹽咖啡三合一 特濃湖鹽咖啡,C,poisson,0.1905,0.4364,2.2913,2,low demand - intermittent
14311003001,摩卡現在最好三合一咖啡-特調,B,poisson,0.7143,0.8452,1.1832,2,medium demand - intermittent
14311004001,UCC法式深焙濾掛式咖啡,A,poisson,8.8571,2.9761,0.336,0,high demand - stable
14311005001,UCC炭燒濾掛式咖啡,A,poisson,5.9524,2.4398,0.4099,0,high demand - stable
14311008001,雀巢咖啡三合一館藏系列全乳拿鐵 *館藏全乳拿鐵,C,poisson,0.1429,0.378,2.6458,2,low demand - intermittent
14311015001,摩卡現在最好四合一特濃拿鐵 特濃拿鐵,C,poisson,0.0476,0.2182,4.5826,2,low demand - intermittent
14311020001,雀巢金牌咖啡重焙拿鐵三合一 金牌3合1,B,poisson,1.2381,1.1127,0.8987,1,medium demand - volatile
14311022001,雀巢金牌咖啡重焙拿鐵二合一 金牌2合1,B,poisson,2.0952,1.4475,0.6908,1,medium demand - volatile
14311025001,西雅圖榛果風味白咖啡二合一 21g X52 白咖啡二合一,C,poisson,0.0952,0.3086,3.2404,2,low demand - intermittent
14311027001,雀巢咖啡三合一濃醇原味100 雀巢咖啡100,B,poisson,1.9048,1.3801,0.7246,1,medium demand - volatile
14311030001,UCC 3合1珈琲原味拿鐵 原味拿鐵,C,poisson,0.1429,0.378,2.6458,2,low demand - intermittent
14311031001,伯朗大濾掛咖啡-義式中深焙,C,poisson,0.0952,0.3086,3.2404,2,low demand - intermittent
14311032001,摩卡現在最好拿鐵 4合一咖啡,B,poisson,0.7143,0.8452,1.1832,2,medium demand - intermittent
14311033001,貝納頌冷熱萃浸泡咖啡-黃金曼巴8g X1 貝納頌浸泡曼巴,C,poisson,0.0476,0.2182,4.5826,2,low demand - intermittent
14311034001,摩卡現在最好曼特寧三合一咖啡 曼特寧三合一咖,C,poisson,0.0952,0.3086,3.2404,2,low demand - intermittent
14311036001,伯朗曼特寧咖啡3合1,C,poisson,0.1905,0.4364,2.2913,2,low demand - intermittent
14311037001,伯朗曼特寧咖啡2合1,C,poisson,0.1905,0.4364,2.2913,2,low demand - intermittent
14311040001,伯朗咖啡曼特寧風味3合1,B,poisson,0.4762,0.6901,1.4491,2,medium demand - intermittent
14311041001,伯朗咖啡藍山風味3合1,C,poisson,0.1905,0.4364,2.2913,2,low demand - intermittent
14311043001,西雅圖黃金淺焙無加糖二合一,B,poisson,2.4762,1.5736,0.6355,1,medium demand - volatile
14311044001,西雅圖即品拿鐵,B,poisson,0.9048,0.9512,1.0513,2,medium demand - intermittent
14311046001,伯朗大濾掛咖啡-精選深烘焙,B,poisson,0.6667,0.8165,1.2247,2,medium demand - intermittent
14311051001,舊街場榛果白咖啡 舊街場榛果白咖,B,poisson,0.619,0.7868,1.271,2,medium demand - intermittent
14311054001,舊街場 三合一 減糖白咖啡 減糖,B,poisson,0.6667,0.8165,1.2247,2,medium demand - intermittent
14311058001,西雅圖極品黃金淺焙拿鐵,B,poisson,2.0952,1.4475,0.6908,1,medium demand - volatile
14311059001,貝納頌三合一咖啡-經典拿鐵,B,poisson,0.6667,0.8165,1.2247,2,medium demand - intermittent
14311065001,舊街場二合一白咖啡 舊街場二合一白,B,poisson,0.7619,0.8729,1.1456,2,medium demand - intermittent
14311066001,貝納頌冷熱萃浸泡咖啡-果香綜合8g X1 貝納頌浸泡果香,C,poisson,0.1905,0.4364,2.2913,2,low demand - intermittent
14311071001,舊街場3合1天然蔗糖白咖啡 舊街場蔗糖白咖,C,poisson,0.2381,0.488,2.0494,2,low demand - intermittent
14311075001,西雅圖極品大濾掛咖啡嚴選早餐綜合10 西雅圖大濾掛,C,poisson,0.2857,0.5345,1.8708,2,low demand - intermittent
14311081001,雀巢咖啡三合一香滑原味42入 香滑原味,B,normal,1.0476,1.1329,1.0814,2,medium demand - intermittent
14311084001,雀巢咖啡二合一香滑原味42入 無甜原味,B,normal,0.9524,0.8985,0.9434,1,medium demand - volatile
14311086001,西雅圖極品大濾掛咖啡-咖優峰,B,poisson,0.7143,0.8452,1.1832,2,medium demand - intermittent
14311093001,伯朗咖啡藍山風味 藍山風味,B,poisson,0.381,0.6172,1.6202,2,medium demand - intermittent
14311095001,西雅圖極品濾掛咖啡黃金淺焙綜合,B,poisson,0.5714,0.7559,1.3229,2,medium demand - intermittent
14311112001,西雅圖大地原始拿鐵無加糖2合1咖啡,A,poisson,4.4762,2.1157,0.4727,0,high demand - stable
14311113001,摩卡醇濃二合一咖啡 11g X30 摩卡醇濃二合一,B,poisson,0.6667,0.8165,1.2247,2,medium demand - intermittent
14311115001,西雅圖白鷹藍山綜合(掛耳咖啡)8g X10,C,poisson,0.0952,0.3086,3.2404,2,low demand - intermittent
14311117001,西雅圖蜂鳥曼巴綜合(掛耳咖啡)8g X10,C,poisson,0.0952,0.3086,3.2404,2,low demand - intermittent
14311118001,雀巢咖啡三合一濃醇原味42入 濃醇原味,B,poisson,0.9048,0.9512,1.0513,2,medium demand - intermittent
14311119001,舊街場經典三合一白咖啡 舊街場經典三合,B,poisson,0.5714,0.7559,1.3229,2,medium demand - intermittent
14311134001,貝納頌三合一咖啡-經典曼特寧,B,poisson,0.381,0.6172,1.6202,2,medium demand - intermittent
14311135001,西雅圖大地原始拿鐵50 入,A,poisson,2.381,1.543,0.6481,1,high demand - volatile
14311158001,西雅圖極品深焙二合一咖啡,A,poisson,3.8571,1.964,0.5092,1,high demand - volatile
14311161001,西雅圖極品深焙三合一咖啡,B,poisson,0.4762,0.6901,1.4491,2,medium demand - intermittent
14311172001,摩卡現在最好純黑咖啡 摩卡純黑咖啡,B,poisson,0.4762,0.6901,1.4491,2,medium demand - intermittent
14311189001,雀巢咖啡二合一館藏系列全乳拿鐵 *二合一拿鐵,C,poisson,0.0476,0.2182,4.5826,2,low demand - intermittent
14311220001,伯朗三合一咖啡-焦糖瑪琪朵,C,poisson,0.1905,0.4364,2.2913,2,low demand - intermittent
14311231001,雀巢咖啡三合一義式拿鐵16g X25 雀巢義式拿鐵,B,poisson,1.4286,1.1952,0.8367,1,medium demand - volatile
14311234001,摩卡二合一白咖啡,C,poisson,0.1429,0.378,2.6458,2,low demand - intermittent
14311235001,摩卡三合一白咖啡,C,poisson,0.2857,0.5345,1.8708,2,low demand - intermittent
14311236001,雀巢咖啡二合一義式拿鐵 12g X25 雀巢義式拿鐵,B,poisson,1.0,1.0,1.0,1,medium demand - volatile
14311256001,西雅圖榛果風味白咖啡三合一 25g X52 西雅圖白咖啡,C,poisson,0.2857,0.5345,1.8708,2,low demand - intermittent
14311258001,舊街場特濃白咖啡 舊街場白咖啡,C,poisson,0.1905,0.4364,2.2913,2,low demand - intermittent
14311270001,貝納頌二合一咖啡(經典曼特寧風味)13 經典曼特寧風味,B,poisson,0.5714,0.7559,1.3229,2,medium demand - intermittent
14311898001,伯朗咖啡義式拿鐵30入,C,poisson,0.2381,0.488,2.0494,2,low demand - intermittent
14312001001,UCC 114 即溶咖啡,B,poisson,0.4762,0.6901,1.4491,2,medium demand - intermittent
14312003001,UCC 117 即溶咖啡,B,poisson,0.6667,0.8165,1.2247,2,medium demand - intermittent
14312005001,摩卡特賞咖啡 (經濟補充包) 特賞咖啡-補充包,B,poisson,0.5238,0.7237,1.3817,2,medium demand - intermittent
14312008001,有機囍瑞即溶咖啡,C,poisson,0.1429,0.378,2.6458,2,low demand - intermittent
14312011001,雀巢咖啡(醇品風味) 醇品風味,C,poisson,0.2381,0.488,2.0494,2,low demand - intermittent
14312012001,當代阿拉比卡咖啡 95g 阿拉比卡咖啡,C,poisson,0.0476,0.2182,4.5826,2,low demand - intermittent
14312014001,伯朗冷凍乾燥即溶咖啡-精緻濃萃 100g 伯朗乾燥咖啡,B,poisson,0.3333,0.5774,1.7321,2,medium demand - intermittent
14312015001,伯朗冷凍乾燥即溶咖啡-極致香醇 100g 伯朗即溶咖啡,B,poisson,0.4286,0.6547,1.5275,2,medium demand - intermittent
14312016001,雀巢美式鑑賞咖啡補充包 補充包,C,poisson,0.2381,0.488,2.0494,2,low demand - intermittent
14312017001,摩卡特賞咖啡 特賞咖啡,C,poisson,0.2857,0.5345,1.8708,2,low demand - intermittent
14312018001,摩卡上選咖啡170g 上選咖啡,B,poisson,0.4762,0.6901,1.4491,2,medium demand - intermittent
14312022001,雀巢金牌咖啡產地系列哥倫比亞 金牌哥倫比亞,C,poisson,0.1905,0.4364,2.2913,2,low demand - intermittent
14312027001,UCC 666 精選即溶咖啡,B,poisson,0.5238,0.7237,1.3817,2,medium demand - intermittent
14312029001,UCC 118 精選即溶咖啡,B,poisson,0.619,0.7868,1.271,2,medium demand - intermittent
14312032001,G7三合一即溶咖啡50入(袋裝),B,poisson,0.6667,0.8165,1.2247,2,medium demand - intermittent
14312042001,雀巢金牌咖啡罐裝深焙風味120g 金牌咖啡-深焙,C,poisson,0.2381,0.488,2.0494,2,low demand - intermittent
14312045001,超值傳統即溶咖啡粉,B,poisson,0.619,0.7868,1.271,2,medium demand - intermittent
14312055001,雀巢金牌微研磨咖啡隨行包 金牌隨行包,B,poisson,0.8095,0.8997,1.1114,2,medium demand - intermittent
14312056001,家福衣索比亞冷凍乾燥即溶咖啡粉,B,poisson,0.4762,0.6901,1.4491,2,medium demand - intermittent
14312068001,星巴克特選系列-焦糖風味拿鐵咖啡 星巴克特選焦糖,C,poisson,0.1905,0.4364,2.2913,2,low demand - intermittent
14312070001,雀巢咖啡醇品經典風味補充包 醇品經典補充包,B,poisson,0.7619,0.8729,1.1456,2,medium demand - intermittent
14312112001,雀巢咖啡二合一好咖系列重焙拿鐵18gX 雀巢好咖重焙,B,poisson,1.4286,1.1952,0.8367,1,medium demand - volatile
14312113001,雀巢咖啡二合一好咖系列重乳拿鐵18gX 雀巢好咖重乳,B,poisson,0.9524,0.9759,1.0247,2,medium demand - intermittent
14312999001,雀巢金牌微研磨咖啡(罐裝)120g 雀巢金牌咖啡,A,poisson,2.4762,1.5736,0.6355,1,high demand - volatile
14313004001,星巴克焦糖瑪奇朵咖啡膠囊,C,poisson,0.2381,0.488,2.0494,2,low demand - intermittent
14313008001,星巴克黃金烘焙義式濃縮咖啡膠囊,C,poisson,0.1429,0.378,2.6458,2,low demand - intermittent
14313011001,星巴克哥倫比亞義式濃縮咖啡膠囊,C,poisson,0.1905,0.4364,2.2913,2,low demand - intermittent
14313019001,星巴克家常美式咖啡膠囊,B,poisson,0.7619,0.8729,1.1456,2,medium demand - intermittent
14313021001,星巴克那堤咖啡膠囊,C,poisson,0.2857,0.5345,1.8708,2,low demand - intermittent
14313023001,星巴克閑庭美式咖啡膠囊,B,poisson,0.381,0.6172,1.6202,2,medium demand - intermittent
14313024001,雀巢咖啡美式醇郁濃滑咖啡膠囊,B,poisson,0.5714,0.7559,1.3229,2,medium demand - intermittent
14313891001,Dolce Gusto 卡布奇諾咖啡,C,poisson,0.2381,0.488,2.0494,2,low demand - intermittent
14313892001,Dolce Gusto 巧克力牛奶,C,poisson,0.1429,0.378,2.6458,2,low demand - intermittent
14313897001,雀巢咖啡焦糖瑪奇朵咖啡膠囊,C,poisson,0.0952,0.3086,3.2404,2,low demand - intermittent
14313899001,雀巢咖啡義式濃縮咖啡膠囊,C,poisson,0.1905,0.4364,2.2913,2,low demand - intermittent
14313900001,雀巢咖啡美式濃黑咖啡膠囊,C,poisson,0.2381,0.488,2.0494,2,low demand - intermittent
14313906001,雀巢咖啡拿鐵咖啡膠囊,C,poisson,0.1905,0.4364,2.2913,2,low demand - intermittent
14314003001,家福咖啡濾紙(棕)8-12杯 家福咖啡濾紙,C,poisson,0.1905,0.4364,2.2913,2,low demand - intermittent
14315001001,羅多倫濾掛式咖啡-吉力馬札羅 吉力馬札羅,C,poisson,0.0476,0.2182,4.5826,2,low demand - intermittent
14315002001,羅多倫濾掛式咖啡-摩卡 摩卡,C,poisson,0.1429,0.378,2.6458,2,low demand - intermittent
14315003001,雀巢金牌濾掛純正阿拉比卡中烘培 金牌濾掛中烘培,B,poisson,1.5714,1.2536,0.7977,1,medium demand - volatile
14315004001,雀巢金牌濾掛純正阿拉比卡深烘培 金牌濾掛深烘培,B,poisson,0.7619,0.8729,1.1456,2,medium demand - intermittent
14315007001,伯朗精品濾掛咖啡_印尼弗洛勒斯 弗洛勒斯濾掛,C,poisson,0.1905,0.4364,2.2913,2,low demand - intermittent
14315008001,雀巢金牌冰萃濾袋咖啡 冰萃濾袋咖啡,B,poisson,0.9048,0.9512,1.0513,2,medium demand - intermittent
14315015001,雀巢金牌濾掛100％阿拉比卡-柑橘果香 金牌濾掛柑橘果,B,poisson,0.5238,0.7237,1.3817,2,medium demand - intermittent
14315016001,摩卡法式烘焙濾掛咖啡 摩卡法式濾掛,A,poisson,2.3333,1.5275,0.6547,1,high demand - volatile
14315017001,摩卡美式烘焙濾掛咖啡 摩卡美式濾掛,B,poisson,2.1905,1.48,0.6757,1,medium demand - volatile
14320006001,摩卡奶精袋裝包 摩卡奶精袋裝包,C,poisson,0.0952,0.3086,3.2404,2,low demand - intermittent
14320008001,三花咖啡伴侶奶精 三花奶精,B,poisson,0.381,0.6172,1.6202,2,medium demand - intermittent
14320899001,雀巢咖啡伴侶原味塑膠罐裝 咖啡伴侶原味,C,poisson,0.2857,0.5345,1.8708,2,low demand - intermittent
14321008001,雀巢鷹牌煉奶聰明開口 鷹牌煉奶聰明開,C,poisson,0.1905,0.4364,2.2913,2,low demand - intermittent
14321009001,雀巢鷹牌煉奶原味條裝 鷹牌煉奶條裝,B,poisson,0.3333,0.5774,1.7321,2,medium demand - intermittent
14321011001,雀巢鷹牌煉奶罐裝原味 397g 雀巢鷹牌煉奶罐,B,poisson,0.4286,0.6547,1.5275,2,medium demand - intermittent
14330003001,OAK 澳愛開特濃全脂奶粉 OAK全脂奶粉,B,poisson,0.3333,0.5774,1.7321,2,medium demand - intermittent
14330004001,安佳100％純淨天然全脂奶粉 全脂奶粉,B,poisson,0.7619,0.8729,1.1456,2,medium demand - intermittent
14330005001,克寧100％純生乳奶粉2.3kg,A,poisson,5.9524,2.4398,0.4099,0,high demand - stable
14330006001,桂格全家人高鈣奶粉 2kg,C,poisson,0.0952,0.3086,3.2404,2,low demand - intermittent
14330010001,克寧高鈣全家人營養奶粉 DHA 2.2kg,A,poisson,4.9524,2.2254,0.4494,0,high demand - stable
14330011001,豐力富全家人高鈣營養奶粉2.2Kg 豐力富全家人,B,poisson,2.0952,1.4475,0.6908,1,medium demand - volatile
14330014001,豐力富高優質特濃奶粉 800g 豐力富即溶奶粉,B,poisson,0.4286,0.6547,1.5275,2,medium demand - intermittent
14330015001,金克寧銀養奶粉高鈣葡萄糖胺配方 高鈣葡萄醣胺奶,C,poisson,0.2381,0.488,2.0494,2,low demand - intermittent
14330018001,克寧100％純生乳奶粉1.35kg 克寧即溶奶粉1.3,B,poisson,1.2381,1.1127,0.8987,1,medium demand - volatile
14330019001,雀巢100％紐西蘭乳源全脂奶粉 2.1kg 雀巢紐西蘭,B,poisson,2.0476,1.431,0.6988,1,medium demand - volatile
14330020001,紅RED S全脂牛奶粉 1.5Kg,B,poisson,0.8095,0.8997,1.1114,2,medium demand - intermittent
14330039001,克寧100％純生乳奶粉800g 克寧即溶奶粉800,B,normal,0.9524,0.9989,1.0488,2,medium demand - intermittent
14330041001,豐力富高優質特濃奶粉 1.8Kg,C,poisson,0.1429,0.378,2.6458,2,low demand - intermittent
14330042001,豐力富高優質特濃奶粉 2.2Kg 豐力富高優質奶,B,poisson,0.9048,0.9512,1.0513,2,medium demand - intermittent
14330897001,紅牛全脂奶粉2kg,C,poisson,0.1905,0.4364,2.2913,2,low demand - intermittent
14330898001,紅RED全家人高鈣奶粉膠原蛋白 2.4Kg,B,poisson,0.8571,0.9258,1.0801,2,medium demand - intermittent
14330899001,紅牛全脂牛奶粉2.3kg,B,poisson,0.4286,0.6547,1.5275,2,medium demand - intermittent
14330999001,克寧100純生乳奶粉隨手包36gx12入 奶粉,B,normal,1.2381,1.2688,1.0248,2,medium demand - intermittent
14331004001,桂格維他命高鈣奶粉1650g,B,poisson,0.6667,0.8165,1.2247,2,medium demand - intermittent
14331005001,桂格雙認證高鈣脫脂奶粉 2Kg,B,poisson,0.4286,0.6547,1.5275,2,medium demand - intermittent
14331007001,金克寧銀養奶粉高鈣雙效配方-1.5kg 金克寧銀養奶粉,B,poisson,0.4286,0.6547,1.5275,2,medium demand - intermittent
14331013001,紅RED S脫脂高鈣牛奶粉 1.5Kg,C,poisson,0.2857,0.5345,1.8708,2,low demand - intermittent
14331020001,桂格高鈣奶粉-inulin配方 1.5Kg inulin配方,C,poisson,0.2857,0.5345,1.8708,2,low demand - intermittent
14331021001,金克寧銀養奶粉保鈣配方1.5kg 克寧銀養奶粉保,C,poisson,0.0476,0.2182,4.5826,2,low demand - intermittent
14331022001,桂格高鈣脫脂奶粉順暢配方1.5Kg,B,normal,1.0952,0.8677,0.7922,1,medium demand - volatile
14331025001,桂格高鈣奶粉-高鐵配方750g 高鐵配方,C,poisson,0.0952,0.3086,3.2404,2,low demand - intermittent
14331026001,桂格高鈣奶粉-高鐵配方1.5Kg 高鐵配方,B,poisson,0.619,0.7868,1.271,2,medium demand - intermittent
14331028001,桂格雙認證高鈣脫脂奶粉1.5Kg,B,poisson,2.0952,1.4475,0.6908,1,medium demand - volatile
14331029001,桂格雙認證高鈣脫脂奶粉750g 桂格雙認證奶,C,poisson,0.2857,0.5345,1.8708,2,low demand - intermittent
14331037001,桂格高鐵高鈣奶粉 膠原蛋白配方 -750 海洋膠原蛋白,B,poisson,0.619,0.7868,1.271,2,medium demand - intermittent
14331039001,桂格高鐵高鈣奶粉膠原蛋白配方,B,poisson,0.6667,0.8165,1.2247,2,medium demand - intermittent
14331044001,桂格葡萄糖胺奶粉1.5Kg 葡萄糖胺奶粉,B,poisson,1.381,1.1751,0.851,1,medium demand - volatile
14331898001,金克寧銀養奶粉高鈣順暢配方1.5kg 克寧益暢配方,C,poisson,0.2381,0.488,2.0494,2,low demand - intermittent
14331997001,金克寧銀養奶粉高鈣葉黃素配方 1.5Kg 銀養奶粉,C,poisson,0.3333,0.5774,1.7321,2,low demand - intermittent
14332002001,桂格100％低脂奶粉1500g 低脂,B,poisson,0.5238,0.7237,1.3817,2,medium demand - intermittent
14332005001,安怡長青高鈣奶粉2Kg 安怡長青,C,poisson,0.1905,0.4364,2.2913,2,low demand - intermittent
14332007001,豐力富活力高鈣低脂奶粉1.5kg 豐力富高鈣低脂,B,poisson,0.381,0.6172,1.6202,2,medium demand - intermittent
14332008001,安怡濃縮乳清蛋白免疫球蛋白高鈣低脂 安怡濃縮乳清蛋,B,poisson,1.3333,1.1547,0.866,1,medium demand - volatile
14332010001,豐力富順暢高鈣低脂奶粉 1.6Kg 低脂奶粉,C,poisson,0.1905,0.4364,2.2913,2,low demand - intermittent
14332013001,安怡長青高鈣奶粉 750g 安怡長青高鈣,B,poisson,0.5238,0.7237,1.3817,2,medium demand - intermittent
14332014001,安怡長青高鈣奶粉 1500g 安怡長青高鈣,B,normal,1.1905,1.0519,0.8836,1,medium demand - volatile
14332016001,安怡關鍵高鈣奶粉1500g 安怡關鍵高鈣奶,B,normal,1.2381,0.9712,0.7845,1,medium demand - volatile
14332017001,安怡高鈣奶粉 750g 安怡高鈣奶粉,C,poisson,0.1429,0.378,2.6458,2,low demand - intermittent
14332018001,安怡高鈣奶粉 1.5Kg 安怡高鈣奶粉,C,poisson,0.1905,0.4364,2.2913,2,low demand - intermittent
14333004001,安滿媽媽奶粉 900g 孕婦奶粉,C,poisson,0.0476,0.2182,4.5826,2,low demand - intermittent
14333006001,貝氏羊奶粉 700g 貝氏羊奶粉,B,poisson,0.5238,0.7237,1.3817,2,medium demand - intermittent
14333007001,金克寧銀養奶粉高鈣DHA配方1.5Kg 金克寧DHA,C,poisson,0.1905,0.4364,2.2913,2,low demand - intermittent
14340001001,好媽媽草莓果醬 好媽媽草莓果醬,B,poisson,0.3333,0.5774,1.7321,2,medium demand - intermittent
14340002001,盛美家草莓果醬-340g 盛美家草莓果醬,B,poisson,0.3333,0.5774,1.7321,2,medium demand - intermittent
14340006001,康寶草莓果醬400g 康寶草莓果醬40,B,normal,1.7143,1.1188,0.6526,1,medium demand - volatile
14340008001,聖桃園天然鮮草莓果醬 聖桃園天然鮮草,C,poisson,0.2381,0.488,2.0494,2,low demand - intermittent
14340026001,義美草莓果粒醬 義美草莓果粒醬,C,poisson,0.1905,0.4364,2.2913,2,low demand - intermittent
14340027001,自由牌草莓果醬400g,B,poisson,0.381,0.6172,1.6202,2,medium demand - intermittent
14341010001,康寶紅葡萄果醬400g 康寶果醬葡萄 4,C,poisson,0.2857,0.5345,1.8708,2,low demand - intermittent
14341019001,聖桃園天然野生小藍莓果醬284g 野生小藍莓果醬,C,poisson,0.2857,0.5345,1.8708,2,low demand - intermittent
14341068001,義美藍莓果粒醬 義美藍莓果粒醬,B,poisson,0.4286,0.6547,1.5275,2,medium demand - intermittent
14341079001,自由牌藍莓果醬400g,C,poisson,0.2381,0.488,2.0494,2,low demand - intermittent
14341102001,家福Light杏桃果醬,C,poisson,0.0952,0.3086,3.2404,2,low demand - intermittent
14342007001,梨山牌佳樂美細滑花生醬,B,poisson,0.3333,0.5774,1.7321,2,medium demand - intermittent
14342008001,美國Skippy花生醬(柔滑)16.3,B,poisson,0.5714,0.7559,1.3229,2,medium demand - intermittent
14342010001,好時巧克力醬 巧克力醬,B,poisson,0.4286,0.6547,1.5275,2,medium demand - intermittent
14342012001,美國JIF香滑花生醬 美國JIF香滑花,C,poisson,0.0476,0.2182,4.5826,2,low demand - intermittent
14342020001,雀巢巧克力醬 雀巢巧克力醬,C,poisson,0.1429,0.378,2.6458,2,low demand - intermittent
14342021001,美國JIF顆粒花生醬 美國JIF顆粒花,C,poisson,0.2381,0.488,2.0494,2,low demand - intermittent
14342025001,美國Skippy花生醬(香脆)16.3,B,poisson,0.7619,0.8729,1.1456,2,medium demand - intermittent
14342028001,美國PBC無糖香脆花生醬,B,poisson,0.4762,0.6901,1.4491,2,medium demand - intermittent
14342031001,阿華田脆酷力抹醬 脆酷力抹醬,B,poisson,0.4286,0.6547,1.5275,2,medium demand - intermittent
14343012001,台唯佳龍眼蜂蜜1.2kg,C,poisson,0.0952,0.3086,3.2404,2,low demand - intermittent
14343026001,家樂福龍眼蜂蜜420g,B,poisson,0.4762,0.6901,1.4491,2,medium demand - intermittent
14343027001,家樂福龍眼蜂蜜700g,C,poisson,0.2381,0.488,2.0494,2,low demand - intermittent
14343028001,家樂福龍眼蜂蜜1200g 家福龍眼蜂蜜,B,poisson,0.4762,0.6901,1.4491,2,medium demand - intermittent
14343036001,御蜜園優選皇家蜂蜜1200g,B,poisson,0.381,0.6172,1.6202,2,medium demand - intermittent
14344005001,美味大師大蒜麵包醬 (強蒜味),B,poisson,0.3333,0.5774,1.7321,2,medium demand - intermittent
14344010001,愛羅莉植物奶油,C,poisson,0.2381,0.488,2.0494,2,low demand - intermittent
14350001001,喜瑞爾甜玉米脆片,B,poisson,0.5238,0.7237,1.3817,2,medium demand - intermittent
14350005001,家樂氏東尼香甜玉米片,A,poisson,3.6667,1.9149,0.5222,1,high demand - volatile
14350006001,家樂氏玉米片 家樂氏玉米片,B,poisson,0.9048,0.9512,1.0513,2,medium demand - intermittent
14350007001,家樂氏組合包 家樂氏組合包,B,poisson,0.619,0.7868,1.271,2,medium demand - intermittent
14350009001,雀巢蜂蜜脆片370g 雀巢蜂蜜脆片370,B,normal,1.1429,0.8883,0.7773,1,medium demand - volatile
14350011001,雀巢蜂蜜脆片220g 蜂蜜脆片,B,poisson,0.381,0.6172,1.6202,2,medium demand - intermittent
14350018001,家樂氏COCO 可可圈 可可圈,C,poisson,0.2381,0.488,2.0494,2,low demand - intermittent
14350021001,家樂氏香蕉玉米片 香蕉玉米片,C,poisson,0.1429,0.378,2.6458,2,low demand - intermittent
14351001001,雀巢可可脆醬心穀枕 可可脆醬心穀枕,C,poisson,0.0476,0.2182,4.5826,2,low demand - intermittent
14351007001,家樂氏東尼可可玉米片 家樂氏東尼可可,B,poisson,0.6667,0.8165,1.2247,2,medium demand - intermittent
14351017001,家樂氏格格脆-棉花糖,B,poisson,0.4762,0.6901,1.4491,2,medium demand - intermittent
14351024001,雀巢雙色可可脆片早餐脆片 雙色可可脆片,B,poisson,0.7143,0.8452,1.1832,2,medium demand - intermittent
14351028001,雀巢早餐脆片超值組合包 脆片組合包,B,poisson,0.3333,0.5774,1.7321,2,medium demand - intermittent
14351032001,喜瑞爾Yummy UP歡樂可可穀物脆 喜瑞爾歡樂可可,B,poisson,0.5714,0.7559,1.3229,2,medium demand - intermittent
14351033001,雀巢可可脆片早餐脆片 雀巢可可脆片早,B,poisson,0.6667,0.8165,1.2247,2,medium demand - intermittent
14351034001,雀巢美祿可可球早餐脆片 雀巢美祿可可球,B,poisson,1.0,1.0,1.0,1,medium demand - volatile
14351038001,家樂氏Special K香脆麥米片 香脆麥米片,B,poisson,0.5714,0.7559,1.3229,2,medium demand - intermittent
14351041001,家樂氏COCO可可球330g 可可球330g,B,poisson,0.8095,0.8997,1.1114,2,medium demand - intermittent
14351042001,家樂氏COCO格格脆330g 格格脆巧克力33,B,normal,1.0952,0.9712,0.8868,1,medium demand - volatile
14351052001,喜瑞爾Yummy UP水果吧穀物脆,B,poisson,1.0476,1.0235,0.977,1,medium demand - volatile
14351055001,家樂氏纖穀脆-超級莓果,B,poisson,0.7619,0.8729,1.1456,2,medium demand - intermittent
14351056001,家樂氏纖穀脆-豐富堅果 纖穀脆-豐富堅,B,poisson,1.1429,1.069,0.9354,1,medium demand - volatile
14351057001,喜瑞爾Yummy UP青檸派對穀物脆 喜瑞爾青檸派對,C,poisson,0.1905,0.4364,2.2913,2,low demand - intermittent
14351059001,雀巢蜂蜜星星穀類早餐脆片 蜂蜜星星脆片,C,poisson,0.1905,0.4364,2.2913,2,low demand - intermittent
14351068001,雀巢美祿可可球 美祿可可球,C,poisson,0.1429,0.378,2.6458,2,low demand - intermittent
14351069001,雀巢可可脆片早餐脆片 雀巢可可脆片,C,poisson,0.2857,0.5345,1.8708,2,low demand - intermittent
14352003001,家樂氏什錦果麥--豐果 什錦果麥-豐果,C,poisson,0.2857,0.5345,1.8708,2,low demand - intermittent
14352014001,家樂氏--什錦果麥--美麗纖果 美麗纖果,C,poisson,0.2381,0.488,2.0494,2,low demand - intermittent
14352022001,桂格穀添樂 奇異果脆穀 桂格奇異果脆穀,C,poisson,0.1905,0.4364,2.2913,2,low demand - intermittent
14352027001,Mestemacher什錦榛果穀片 什錦榛果穀片,C,poisson,0.1429,0.378,2.6458,2,low demand - intermittent
14352028001,Mestemacher什錦水果穀片 什錦水果穀片,B,poisson,0.4286,0.6547,1.5275,2,medium demand - intermittent
14352031001,家樂氏什錦果麥- 葡萄乾杏仁果 葡萄乾杏仁果,C,poisson,0.1905,0.4364,2.2913,2,low demand - intermittent
14352058001,桂格穀添樂黑醋栗莓果脆穀300g 黑醋栗莓果脆穀,B,poisson,0.4286,0.6547,1.5275,2,medium demand - intermittent
14352059001,家樂氏日式水果穀片嚴選果實 日式水果穀片,B,poisson,0.6667,0.8165,1.2247,2,medium demand - intermittent
14352060001,喜瑞爾蔓越莓果麥,A,poisson,4.0,2.0,0.5,0,high demand - stable
14352069001,桂格穀添樂七種果莓脆穀 穀添樂七種果莓,B,normal,1.0476,1.2141,1.1589,2,medium demand - intermittent
14352076001,米森有機無麩質野莓麥片,C,poisson,0.2857,0.5345,1.8708,2,low demand - intermittent
14352079001,Special K 草莓香脆麥米片 草莓香脆片,B,poisson,0.381,0.6172,1.6202,2,medium demand - intermittent
14352080001,喜瑞爾纖果美莓綜合果麥,B,poisson,1.1429,1.069,0.9354,1,medium demand - volatile
14352093001,桂格穀添樂綜合堅果脆穀300g 綜合堅果脆穀,C,poisson,0.2857,0.5345,1.8708,2,low demand - intermittent
14352098001,家福草莓杏仁香榖脆片500g,B,poisson,0.5714,0.7559,1.3229,2,medium demand - intermittent
14352999001,喜瑞爾水果星球,C,poisson,0.2857,0.5345,1.8708,2,low demand - intermittent
14353001001,家樂福有機大燕麥片500g 家福有機燕麥片,C,poisson,0.2857,0.5345,1.8708,2,low demand - intermittent
14353002001,家樂福即食大燕麥片500g 家福大燕麥片,C,poisson,0.1905,0.4364,2.2913,2,low demand - intermittent
14353003001,紅布朗有機冰河大燕麥片 冰河大燕麥片,C,poisson,0.0952,0.3086,3.2404,2,low demand - intermittent
14353005001,家樂氏陽光樂活大燕麥片 陽光樂活大燕麥,B,poisson,1.7143,1.3093,0.7638,1,medium demand - volatile
14353009001,桂格濃湯燕麥-鮮蔬蘑菇風味,C,poisson,0.0476,0.2182,4.5826,2,low demand - intermittent
14353010001,桂格濃湯燕麥-奶油玉米風味,B,poisson,1.1429,1.069,0.9354,1,medium demand - volatile
14353011001,廣吉澳洲特級燕麥片 澳洲特級燕麥片,A,poisson,2.9048,1.7043,0.5867,1,high demand - volatile
14353012001,馬玉山高纖大燕麥片2400g 大燕麥片,C,poisson,0.1429,0.378,2.6458,2,low demand - intermittent
14353013001,桂格濃湯燕麥-洋蔥起司風味,B,poisson,0.9524,0.9759,1.0247,2,medium demand - intermittent
14353016001,馬玉山高纖大黑麥燕麥片800G,C,poisson,0.1905,0.4364,2.2913,2,low demand - intermittent
14353017001,桂格神奇高鈣燕麥片,B,poisson,0.5238,0.7237,1.3817,2,medium demand - intermittent
14353019001,桂格即沖即食大燕麥片1100g,A,poisson,7.4286,2.7255,0.3669,0,high demand - stable
14353023001,桂格大燕麥片嚴選薄片800g 桂格大燕麥片,C,poisson,0.2381,0.488,2.0494,2,low demand - intermittent
14353024001,桂格即沖即食大燕麥片1700g,A,poisson,6.7619,2.6004,0.3846,0,high demand - stable
14353025001,台糖燕麥片,B,poisson,0.6667,0.8165,1.2247,2,medium demand - intermittent
14353026001,桂格養生全穀粉-葡萄糖胺配方 葡萄糖胺,C,poisson,0.1429,0.378,2.6458,2,low demand - intermittent
14353029001,桂格紅麴蕎麥燕麥片,C,poisson,0.2857,0.5345,1.8708,2,low demand - intermittent
14353030001,日清宇治抹茶綜合水果穀物脆 日清抹茶穀物脆,C,poisson,0.0476,0.2182,4.5826,2,low demand - intermittent
14353035001,桂格有機燕麥片730G 桂格有機燕麥片,C,poisson,0.0952,0.3086,3.2404,2,low demand - intermittent
14353036001,桂格紅麴蕎麥燕麥片1500g 紅麴蕎麥,B,poisson,1.4286,1.1952,0.8367,1,medium demand - volatile
14353037001,桂格即沖即食大燕麥片隨身包37.5g x14,B,poisson,0.7143,0.8452,1.1832,2,medium demand - intermittent
14353039001,桂格即食大燕麥片2600g,A,poisson,11.2381,3.3523,0.2983,0,high demand - stable
14353040001,桂格原片原味大燕麥片800g 桂格原味大燕麥,B,poisson,0.8571,0.9258,1.0801,2,medium demand - intermittent
14353045001,桂格紫米山藥大燕麥片700g,B,normal,1.0476,0.9989,0.9535,1,medium demand - volatile
14353047001,馬玉山高纖大燕麥片 大燕麥片,C,poisson,0.1905,0.4364,2.2913,2,low demand - intermittent
14353052001,日清豐盛果實綜合水果穀物脆 日清水果穀物脆,B,poisson,1.0952,1.0465,0.9555,1,medium demand - volatile
14353073001,廣吉高纖特級燕麥片 高纖特級燕麥片,B,poisson,0.9048,0.9512,1.0513,2,medium demand - intermittent
14353899001,家樂福即食大燕麥片1700g,A,poisson,2.4762,1.5736,0.6355,1,high demand - volatile
14353900001,台糖什穀大燕麥片800g,C,poisson,0.2381,0.488,2.0494,2,low demand - intermittent
14360001001,阿華田營養麥芽飲品 400g 阿華田麥芽飲品,C,poisson,0.2857,0.5345,1.8708,2,low demand - intermittent
14360007001,阿華田減糖巧克力營養麥芽飲品 阿華田減糖飲品,B,poisson,0.6667,0.8165,1.2247,2,medium demand - intermittent
14360008001,雀巢美祿三合一雙倍牛奶袋裝 美祿雙倍牛奶袋,A,normal,2.2381,1.4444,0.6454,1,high demand - volatile
14360014001,美祿巧克力麥芽飲品鐵罐裝 1.5Kg 美祿鐵罐裝,B,poisson,0.4762,0.6901,1.4491,2,medium demand - intermittent
14360016001,好時可可粉 好時可可粉,C,poisson,0.1429,0.378,2.6458,2,low demand - intermittent
14360019001,阿華田營養巧克力麥芽飲品經濟包 超值經濟包,C,poisson,0.2381,0.488,2.0494,2,low demand - intermittent
14360022001,阿華田營養麥芽飲品 1150g,A,poisson,2.3333,1.5275,0.6547,1,high demand - volatile
14360026001,阿華田營養巧克力麥芽飲品24入 巧克力麥芽飲品,B,poisson,1.4286,1.1952,0.8367,1,medium demand - volatile
14360032001,SwissMs牛奶巧克力可可粉50入,B,poisson,0.7143,0.8452,1.1832,2,medium demand - intermittent
14360042001,阿華田高鈣牛奶麥芽飲品15入 高鈣牛奶麥芽,B,poisson,0.7619,0.8729,1.1456,2,medium demand - intermittent
14360044001,雀巢美祿三合一雙倍牛奶盒裝 美祿雙倍牛奶盒,C,poisson,0.1905,0.4364,2.2913,2,low demand - intermittent
14360045001,雀巢美祿經典原味袋裝,A,poisson,3.4762,1.8645,0.5363,1,high demand - volatile
14360087001,可提娜Caotina頂級瑞士黑巧克力粉500g,C,poisson,0.0952,0.3086,3.2404,2,low demand - intermittent
14361002001,3點1刻香蟹風味濃湯 香蟹風味濃湯,B,poisson,0.7143,0.8452,1.1832,2,medium demand - intermittent
14361004001,萬歲牌燕麥堅果-核桃紅豆 核桃紅豆燕麥,B,poisson,0.6667,0.8165,1.2247,2,medium demand - intermittent
14361007001,馬玉山32綜合穀類粉,B,poisson,1.3333,1.1547,0.866,1,medium demand - volatile
14361008001,萬歲牌元氣什穀堅果飲-杏仁 杏仁,B,poisson,0.7143,0.8452,1.1832,2,medium demand - intermittent
14361009001,萬歲牌元氣什穀堅果飲-芝麻 芝麻,B,normal,1.0,0.8729,0.8729,1,medium demand - volatile
14361010001,馬玉山黑芝麻紫米堅果飲,A,poisson,2.2381,1.496,0.6684,1,high demand - volatile
14361011001,馬玉山核桃黑芝麻糊 核桃黑芝麻,C,poisson,0.0952,0.3086,3.2404,2,low demand - intermittent
14361012001,桂格全天然超級穀珍十六穀 十六穀,B,normal,1.0,0.9258,0.9258,1,medium demand - volatile
14361014001,台糖黑五寶30gx15,B,poisson,0.5238,0.7237,1.3817,2,medium demand - intermittent
14361015001,廣吉赤阪濃湯-納豆野菜南瓜 赤阪納豆野菜,B,poisson,0.4762,0.6901,1.4491,2,medium demand - intermittent
14361017001,桂格全天然超級穀珍杏仁核桃 杏仁核桃,B,poisson,0.8571,0.9258,1.0801,2,medium demand - intermittent
14361022001,馬玉山黑芝麻粉300g,B,poisson,0.619,0.7868,1.271,2,medium demand - intermittent
14361025001,桂格全天然超級穀珍藜麥堅果 藜麥堅果,B,poisson,0.8571,0.9258,1.0801,2,medium demand - intermittent
14361026001,桂格穀珍--黑榖珍寶,A,normal,2.3333,1.2848,0.5506,1,high demand - volatile
14361027001,桂格穀珍堅果多多-杏仁蓮子,B,poisson,1.3333,1.1547,0.866,1,medium demand - volatile
14361034001,3點1刻法式磨菇濃湯 法式磨菇濃湯,B,poisson,0.5714,0.7559,1.3229,2,medium demand - intermittent
14361036001,桂格穀珍堅果多多無糖核桃堅果 無糖核桃堅果,B,poisson,1.7143,1.3093,0.7638,1,medium demand - volatile
14361041001,馬玉山黑豆多穀堅果飲 黑豆多穀,B,poisson,1.3333,1.1547,0.866,1,medium demand - volatile
14361043001,桂格堅果穀多多核桃栗香風味 穀多多核桃栗香,B,poisson,0.3333,0.5774,1.7321,2,medium demand - intermittent
14361044001,馬玉山薏仁燕麥堅果飲 薏仁燕麥,B,poisson,1.1905,1.0911,0.9165,1,medium demand - volatile
14361051001,萬歲牌元氣什穀堅果飲-松子 松子,C,poisson,0.1429,0.378,2.6458,2,low demand - intermittent
14361053001,3點1刻田園南瓜濃湯 田園南瓜濃湯,B,poisson,0.4286,0.6547,1.5275,2,medium demand - intermittent
14361054001,廣吉赤阪濃湯-馬鈴薯蘑菇濃湯 馬鈴薯蘑菇,C,poisson,0.1905,0.4364,2.2913,2,low demand - intermittent
14361055001,馬玉山抹茶牛奶,B,poisson,0.8571,0.9258,1.0801,2,medium demand - intermittent
14361061001,廣吉赤阪濃湯-蟹肉海鮮味噌 赤阪濃湯蟹肉海,B,poisson,0.619,0.7868,1.271,2,medium demand - intermittent
14361064001,桂格穀珍-無糖健康全穀餐 穀珍無糖全穀餐,B,poisson,0.381,0.6172,1.6202,2,medium demand - intermittent
14361065001,馬玉山炭香紅奶茶 炭香紅奶茶,B,poisson,1.381,1.1751,0.851,1,medium demand - volatile
14361070001,萬歲牌燕麥堅果-杏仁蓮子 杏仁蓮子燕麥,C,poisson,0.2381,0.488,2.0494,2,low demand - intermittent
14361074001,廣吉赤阪濃湯-玉米巧達濃湯 玉米巧達,B,poisson,0.3333,0.5774,1.7321,2,medium demand - intermittent
14361081001,馬玉山榛果杏仁茶 榛果杏仁,B,poisson,0.5238,0.7237,1.3817,2,medium demand - intermittent
14361082001,馬玉山客家擂茶30g X12,B,poisson,2.2381,1.496,0.6684,1,medium demand - volatile
14361083001,馬玉山紫山藥黑豆漿30g*12 紫山藥黑豆漿,B,poisson,0.8571,0.9258,1.0801,2,medium demand - intermittent
14361086001,馬玉山燕麥薏仁漿,B,poisson,0.6667,0.8165,1.2247,2,medium demand - intermittent
14361093001,馬玉山紫山藥黑米仁,B,poisson,0.8095,0.8997,1.1114,2,medium demand - intermittent
14361096001,桂格全天然超級穀珍黑芝麻糊 全天然黑芝麻糊,B,poisson,0.7619,0.8729,1.1456,2,medium demand - intermittent
14361099001,桂格鮮榖王鮮蔬多穀飲,A,poisson,5.619,2.3705,0.4219,0,high demand - stable
14361100001,桂格鮮榖王莓果多穀飲,A,poisson,4.1429,2.0354,0.4913,0,high demand - stable
14361101001,桂格鮮榖王野菇多穀飲,A,poisson,6.8571,2.6186,0.3819,0,high demand - stable
14361102001,馬玉山紅豆紫米堅果飲 紅豆紫米堅果飲,B,poisson,0.4762,0.6901,1.4491,2,medium demand - intermittent
14361104001,馬玉山山藥五穀粥,B,poisson,1.4762,1.215,0.8231,1,medium demand - volatile
14361106001,桂格鮮榖王堅果多穀飲,A,poisson,8.8095,2.9681,0.3369,0,high demand - stable
14361109001,馬玉山核桃榛果杏仁,B,poisson,0.6667,0.8165,1.2247,2,medium demand - intermittent
14361112001,馬玉山黑芝麻糊 馬玉山黑芝麻糊,B,normal,1.3333,1.2472,0.9354,1,medium demand - volatile
14361114001,馬玉山高纖蔬菜胚芽,B,poisson,1.1429,1.069,0.9354,1,medium demand - volatile
14361115001,馬玉山高纖山藥多穀粥,B,poisson,0.381,0.6172,1.6202,2,medium demand - intermittent
14361117001,立頓香醇豆奶紅茶 立頓香醇豆奶紅,C,poisson,0.1429,0.378,2.6458,2,low demand - intermittent
14361118001,3點1刻奶油玉米濃湯 奶油玉米濃湯,B,poisson,0.619,0.7868,1.271,2,medium demand - intermittent
14361120001,萬歲牌燕麥堅果飲海苔昆布燕麥 海苔昆布燕麥,B,normal,1.0,1.0235,1.0235,2,medium demand - intermittent
14361122001,馬玉山全天然銀杏銀耳杏仁粉400g 銀杏銀耳杏仁粉,C,poisson,0.0476,0.2182,4.5826,2,low demand - intermittent
14361124001,馬玉山杏仁粉 馬玉山杏仁粉,C,poisson,0.0476,0.2182,4.5826,2,low demand - intermittent
14361128001,馬玉山冰糖杏仁茶,B,poisson,1.4762,1.215,0.8231,1,medium demand - volatile
14361129001,馬玉山山藥黑芝麻糊 山藥黑芝麻糊,A,poisson,3.0476,1.7457,0.5728,1,high demand - volatile
14361137001,萬歲牌全天然無加糖腰果紫米什穀堅果 萬歲牌紫米什穀,B,poisson,0.7619,0.8729,1.1456,2,medium demand - intermittent
14361146001,萬歲牌全天然無加糖堅果飲藜麥芝麻 全天然藜麥芝麻,B,poisson,0.8095,0.8997,1.1114,2,medium demand - intermittent
14361148001,義美黑芝麻粉400g 義美黑芝麻粉,B,poisson,1.0952,1.0465,0.9555,1,medium demand - volatile
14361149001,義美杏仁粉（無添加蔗糖）420g 義美杏仁粉,B,poisson,0.5714,0.7559,1.3229,2,medium demand - intermittent
14361157001,馬玉山無加糖亞麻籽杏仁粉 亞麻籽杏仁粉,C,poisson,0.1905,0.4364,2.2913,2,low demand - intermittent
14361158001,馬玉山亞痲籽堅果薏仁飲 亞痲籽堅果薏仁,B,poisson,0.6667,0.8165,1.2247,2,medium demand - intermittent
14361159001,馬玉山亞麻籽堅果黑芝麻飲 亞麻籽堅果黑芝,B,poisson,0.8571,0.9258,1.0801,2,medium demand - intermittent
14361160001,馬玉山亞麻籽堅果黑豆飲 亞麻籽堅果黑豆,B,poisson,1.3333,1.1547,0.866,1,medium demand - volatile
14361161001,馬玉山亞麻籽堅果杏仁飲 亞麻籽堅果杏仁,B,poisson,1.0,1.0,1.0,1,medium demand - volatile
14361162001,馬玉山亞麻籽堅果紅豆飲 亞麻籽堅果紅豆,B,poisson,1.5238,1.2344,0.8101,1,medium demand - volatile
14361170001,九鬼黑芝麻粉 九鬼芝麻粉,C,poisson,0.1905,0.4364,2.2913,2,low demand - intermittent
14361177001,義美山藥黑芝麻粉,B,poisson,0.4762,0.6901,1.4491,2,medium demand - intermittent
14361178001,義美亞麻籽薏仁粉 亞麻籽薏仁粉,B,poisson,0.4286,0.6547,1.5275,2,medium demand - intermittent
14361179001,立頓芝麻豆奶紅茶 立頓芝麻豆奶紅,C,poisson,0.2381,0.488,2.0494,2,low demand - intermittent
14361899001,萬歲牌燕麥堅果-堅果纖蔬 堅果纖蔬燕麥,B,poisson,0.5714,0.7559,1.3229,2,medium demand - intermittent
14361902001,馬玉山杏仁粉(無添加蔗糖) 無蔗糖杏仁粉,B,poisson,0.381,0.6172,1.6202,2,medium demand - intermittent
14361907001,桂格全天然超級穀珍黑穀堅果,B,normal,1.1429,0.8883,0.7773,1,medium demand - volatile
14362019001,桂格北海道鮮奶麥片-特濃鮮奶,B,poisson,0.7143,0.8452,1.1832,2,medium demand - intermittent
14362033001,桂格美味大燕麥片水果優格 水果優格,C,poisson,0.0952,0.3086,3.2404,2,low demand - intermittent
14362039001,桂格三合一麥片--健康減糖,C,poisson,0.2381,0.488,2.0494,2,low demand - intermittent
14362041001,桂格三合一麥片--麥香原味 麥香原味,A,poisson,3.1429,1.7728,0.5641,1,high demand - volatile
14362898001,馬玉山黑芝麻牛奶燕麥片 黑芝麻牛奶燕麥,B,poisson,0.5238,0.7237,1.3817,2,medium demand - intermittent
14362900001,桂格奇亞籽麥片-鮮奶紅茶 奇亞籽鮮奶紅茶,B,poisson,0.4762,0.6901,1.4491,2,medium demand - intermittent
14362901001,桂格奇亞籽麥片-蘋果牛奶 奇亞籽蘋果牛奶,C,poisson,0.1905,0.4364,2.2913,2,low demand - intermittent
14362902001,桂格奇亞籽麥片-特濃鮮奶 奇亞籽麥片鮮奶,B,poisson,0.4762,0.6901,1.4491,2,medium demand - intermittent
14364197001,歐特有機黑芝麻糊(罐) 有機黑芝麻糊,C,poisson,0.0952,0.3086,3.2404,2,low demand - intermittent
14364198001,歐特有機紅藜穀飲(罐) 有機紅藜穀飲,C,poisson,0.0952,0.3086,3.2404,2,low demand - intermittent
14370002001,台糖精製細砂,A,poisson,2.8095,1.6762,0.5966,1,high demand - volatile
14370003001,台糖精製特砂,A,poisson,2.5238,1.5887,0.6295,1,high demand - volatile
14370004001,台糖貳號砂糖,A,poisson,15.4286,3.9279,0.2546,0,high demand - stable
14370006001,台糖貳號砂白5kg,B,poisson,1.2381,1.1127,0.8987,1,medium demand - volatile
14370007001,家福中粒冰糖 家福中粒冰糖,B,poisson,0.9524,0.9759,1.0247,2,medium demand - intermittent
14370010001,三多零熱量代糖 三多零熱量代糖,C,poisson,0.2381,0.488,2.0494,2,low demand - intermittent
14370017001,台糖本土甘蔗糖,B,poisson,0.5714,0.7559,1.3229,2,medium demand - intermittent
14370020001,台糖貳號砂糖500克,A,poisson,14.4286,3.7985,0.2633,0,high demand - stable
14370025001,家福結晶冰糖,B,poisson,1.5714,1.2536,0.7977,1,medium demand - volatile
14370029001,台糖晶冰糖,B,normal,1.3333,1.4907,1.118,2,medium demand - intermittent
14370044001,綠之宣言-黑糖粉 黑糖粉,C,poisson,0.0952,0.3086,3.2404,2,low demand - intermittent
14370045001,優-砂糖糖包(6g*50支),B,poisson,0.619,0.7868,1.271,2,medium demand - intermittent
14370048001,TWS台灣維生糖粉 TWS台灣維生糖,B,poisson,0.3333,0.5774,1.7321,2,medium demand - intermittent
14370054001,家福黑糖,B,normal,1.3333,1.2848,0.9636,1,medium demand - volatile
14370055001,日正特選黑糖,B,poisson,0.381,0.6172,1.6202,2,medium demand - intermittent
14370069001,台糖高級紅糖300克 台糖高級紅糖,B,poisson,0.4762,0.6901,1.4491,2,medium demand - intermittent
14370072001,台糖黑糖300克,B,normal,1.3333,1.2848,0.9636,1,medium demand - volatile
14370073001,正宗台灣味傳統黑糖 台灣味傳統黑糖,C,poisson,0.0476,0.2182,4.5826,2,low demand - intermittent
14370076001,台糖精緻特砂500克 精緻特砂500克,B,poisson,1.1429,1.069,0.9354,1,medium demand - volatile
14370077001,優-台灣紅冰糖,B,poisson,0.3333,0.5774,1.7321,2,medium demand - intermittent
14370999001,雅傳精製二砂 3Kg 雅傳精製二砂,C,poisson,0.1429,0.378,2.6458,2,low demand - intermittent
14403102001,ibobomi嬰兒米餅(原味)30g 嬰兒米餅(原味),C,poisson,0.1429,0.378,2.6458,2,low demand - intermittent
14403103001,ibobomi嬰兒米餅(菠菜味)30g 嬰兒米餅(菠菜,B,poisson,0.4762,0.6901,1.4491,2,medium demand - intermittent
14403104001,ibobomi嬰兒米餅(蘋果味)30g 嬰兒米餅(蘋果,B,poisson,0.5714,0.7559,1.3229,2,medium demand - intermittent
14403105001,角落小夥伴乳香小饅頭牛奶口味150g 角落夥伴小饅頭,C,poisson,0.0476,0.2182,4.5826,2,low demand - intermittent
14411001001,桂格成長奶粉三益菌配方1.5kg,B,poisson,0.381,0.6172,1.6202,2,medium demand - intermittent
14411015001,豐力富Nature 3-7歲兒童奶粉 豐力富Nature 3,C,poisson,0.1905,0.4364,2.2913,2,low demand - intermittent
14411016001,豐力富Nature 1-3歲幼兒成長奶 豐力富Nature 1,C,poisson,0.1429,0.378,2.6458,2,low demand - intermittent
14411023001,桂格三益菌小朋友奶粉 桂格三益菌奶粉,C,poisson,0.1429,0.378,2.6458,2,low demand - intermittent
14411053001,桂格小學生高鈣奶粉三益菌配方 桂格小學生奶粉,C,poisson,0.2381,0.488,2.0494,2,low demand - intermittent
14411901001,優童A+兒童營養配方(新升級),C,poisson,0.0476,0.2182,4.5826,2,low demand - intermittent
14412023001,桂格敏兒HA麥精纖果順暢配方,B,poisson,0.3333,0.5774,1.7321,2,medium demand - intermittent
14412037001,愛美斯 愛美斯,C,poisson,0.3333,0.5774,1.7321,2,low demand - intermittent
14412060001,桂格有機米精300G 有機米精,C,poisson,0.1429,0.378,2.6458,2,low demand - intermittent
14413010001,桂格幼兒多力羊奶 水果口味,C,poisson,0.0952,0.3086,3.2404,2,low demand - intermittent
14413999001,小安素強護Complete均衡營養配方 小安素強護,C,poisson,0.0952,0.3086,3.2404,2,low demand - intermittent
14500000001,味味A排骨雞麵(袋) 90g,A,poisson,57.8571,7.6064,0.1315,0,high demand - stable
14500003001,味王麻油雞湯麵(包) 90g,A,poisson,5.9524,2.4398,0.4099,0,high demand - stable
14500005001,味王排骨雞-精燉肉醬(包) 93g,B,poisson,0.5238,0.7237,1.3817,2,medium demand - intermittent
14500006001,味味A排骨雞乾麵XL重量包123g 排骨雞乾麵,A,poisson,4.6667,2.1602,0.4629,0,high demand - stable
14500007001,維力元祖雞汁麵70g 雞汁麵,A,poisson,6.6667,2.582,0.3873,0,high demand - stable
14500008001,台酒花雕雞麵(碗)200g,A,poisson,6.5238,2.5542,0.3915,0,high demand - stable
14500010001,統一阿Q排骨雞汁(碗) 107g,A,poisson,17.381,4.169,0.2399,0,high demand - stable
14500011001,日正冬菜雞絲麵150g 日正冬菜雞絲麵,B,poisson,0.3333,0.5774,1.7321,2,medium demand - intermittent
14500012001,大補帖麻油雞(碗)105g,B,poisson,2.1429,1.4639,0.6831,1,medium demand - volatile
14500013001,味味A小排骨雞麵(碗) 90g 小排骨雞麵,A,poisson,28.4286,5.3318,0.1876,0,high demand - stable
14500014001,味味A排骨雞包麵80gX12特規 味味A排骨雞包,A,poisson,8.1429,2.8536,0.3504,0,high demand - stable
14500017001,味味A冬菜鴨肉冬粉(袋) 60g 冬菜鴨肉湯冬粉,B,poisson,1.0952,1.0465,0.9555,1,medium demand - volatile
14500018001,韓式小雞麵(雞汁味)30g x3 韓式小雞麵,C,poisson,0.2381,0.488,2.0494,2,low demand - intermittent
14500023001,統一大補帖當歸鴨細麵(碗)102g,A,poisson,13.1429,3.6253,0.2758,0,high demand - stable
14500024001,台酒米酒麻油雞麵(碗)200g,A,poisson,3.619,1.9024,0.5257,1,high demand - volatile
14500026001,味味A冬菜鴨肉冬粉(碗) 60g 冬菜鴨肉冬粉,A,poisson,9.381,3.0628,0.3265,0,high demand - stable
14500028001,日村雞絲麵--海鮮口味300g 海鮮口味,B,poisson,0.9048,0.9512,1.0513,2,medium demand - intermittent
14500029001,日村雞絲麵--肉燥口味300g 肉燥口味,B,poisson,0.7619,0.8729,1.1456,2,medium demand - intermittent
14500030001,日村雞絲麵--香菇口味300g 香菇口味,B,normal,1.3333,0.992,0.744,1,medium demand - volatile
14500031001,日村雞絲麵--當歸口味300g 當歸口味,B,poisson,0.7143,0.8452,1.1832,2,medium demand - intermittent
14500032001,維力手打包麵-清香雞汁75g,A,poisson,3.2381,1.7995,0.5557,1,high demand - volatile
14500037001,韓式小雞麵(雞汁味)30g x24,A,poisson,22.6667,4.761,0.21,0,high demand - stable
14500042001,韓式小雞麵(香辣味)28gx24 韓式小雞麵-辣,A,poisson,14.1905,3.767,0.2655,0,high demand - stable
14500043001,家樂福海鮮風味雞絲麵 家福海鮮雞絲麵,B,poisson,0.381,0.6172,1.6202,2,medium demand - intermittent
14500048001,韓式小雞麵(香辣味)袋裝28g*3 韓式小雞麵香辣,A,poisson,3.9524,1.9881,0.503,1,high demand - volatile
14500051001,味王當歸藥膳湯麵(包)85g 當歸藥膳湯麵,B,poisson,0.8095,0.8997,1.1114,2,medium demand - intermittent
14500053001,維力原祖輕辣雞汁風味麵70g*5 維力原祖輕辣雞,C,poisson,0.1905,0.4364,2.2913,2,low demand - intermittent
14500056001,味味A排骨雞風味乾麵(重量碗)110g *排骨雞乾麵重,A,poisson,11.7143,3.4226,0.2922,0,high demand - stable
14500058001,上智雞絲麵冬菜口味280g,B,normal,1.2857,0.9828,0.7644,1,medium demand - volatile
14500059001,上智雞絲麵當歸口味280g 上智雞絲麵,B,poisson,0.9048,0.9512,1.0513,2,medium demand - intermittent
14500064001,台酒麵攤三杯雞風味乾麵105g,A,poisson,5.5714,2.3604,0.4237,0,high demand - stable
14500066001,雙響泡日式雞白湯麵107g 日式雞白湯麵,B,poisson,0.9048,0.9512,1.0513,2,medium demand - intermittent
14500067001,味味A辣排骨雞風味乾麵123g 辣排骨雞乾麵,A,poisson,9.9048,3.1472,0.3177,0,high demand - stable
14500081001,台酒紹興雪菜雞肉麵195g,B,normal,1.1905,1.5312,1.2862,2,medium demand - intermittent
14501002001,美味小舖蔥燒牛肉湯麵(包)72g 美味小舖蔥燒牛,A,poisson,2.2857,1.5119,0.6614,1,high demand - volatile
14501004001,味王原汁牛肉麵(袋) 82g,A,poisson,10.9524,3.3094,0.3022,0,high demand - stable
14501005001,台酒花雕酸菜牛肉麵(包)200g,A,poisson,11.8095,3.4365,0.291,0,high demand - stable
14501007001,味王小館椒麻牛肉湯麵(包)91g *椒麻牛肉麵,B,poisson,1.0,1.0,1.0,1,medium demand - volatile
14501010001,來一客-牛肉蔬菜 65g,A,poisson,35.1429,5.9281,0.1687,0,high demand - stable
14501011001,滿漢大餐珍味牛肉麵(碗)187g,A,poisson,17.1905,4.1461,0.2412,0,high demand - stable
14501012001,滿漢大餐蔥燒牛肉(碗) 192g,A,poisson,27.2381,5.219,0.1916,0,high demand - stable
14501013001,統一阿Q紅椒牛肉(碗) 101g,A,poisson,18.1429,4.2594,0.2348,0,high demand - stable
14501014001,統一辣味蔥燒牛肉(包) 90g,A,poisson,21.7143,4.6599,0.2146,0,high demand - stable
14501016001,滿漢大餐珍味牛肉(袋) 173g,A,poisson,10.2857,3.2071,0.3118,0,high demand - stable
14501017001,味味一品皇朝牛筋麵(碗) 185g 皇朝牛筋麵,B,normal,1.4286,2.9852,2.0897,2,medium demand - intermittent
14501021001,味王原汁牛肉包麵75g(特規) 味王原汁牛肉包,A,poisson,5.4762,2.3401,0.4273,0,high demand - stable
14501022001,滿漢大餐蔥燒牛肉(袋) 187g,A,poisson,24.5714,4.957,0.2017,0,high demand - stable
14501026001,味味一品紅燒牛肉麵(碗)181g 味味一品紅燒牛,A,poisson,11.3333,3.3665,0.297,0,high demand - stable
14501029001,味味一品皇朝牛筋麵(包)177g 味味一品皇朝牛,B,poisson,0.7143,0.8452,1.1832,2,medium demand - intermittent
14501031001,台酒花雕酸菜牛肉麵(碗)200g,A,poisson,4.0,2.0,0.5,0,high demand - stable
14501037001,味味一品原汁珍味牛肉(袋)185g,A,poisson,3.9048,1.976,0.5061,1,high demand - volatile
14501038001,滿漢大餐麻辣鍋牛肉麵(袋)200g,A,poisson,10.2857,3.2071,0.3118,0,high demand - stable
14501045001,來一客川辣牛肉 67g,A,poisson,27.0476,5.2007,0.1923,0,high demand - stable
14501047001,味味A香辣牛肉麵(袋) 83g 香辣牛肉麵,A,normal,7.7143,4.463,0.5785,1,high demand - volatile
14501052001,維力手打紅燒牛肉湯麵(包)85g 維力手打紅燒牛,B,poisson,2.0952,1.4475,0.6908,1,medium demand - volatile
14501053001,味味一品原汁珍味牛肉(碗)185g 原汁珍味牛肉麵,A,poisson,9.8571,3.1396,0.3185,0,high demand - stable
14501058001,滿漢大餐麻辣鍋牛肉(碗) 204g,A,poisson,3.9524,1.9881,0.503,1,high demand - volatile
14501063001,統一蔥燒牛肉碗麵 90g,A,poisson,25.0952,5.0095,0.1996,0,high demand - stable
14501065001,一度贊-老甕牛肉麵(碗) 185g 老甕牛肉(碗),A,poisson,3.381,1.8387,0.5439,1,high demand - volatile
14501084001,味王紅燒牛肉麵(包) 83g,A,normal,2.8571,1.6701,0.5845,1,high demand - volatile
14501086001,一度贊-紅燒牛肉(袋) 200g,A,poisson,12.2381,3.4983,0.2859,0,high demand - stable
14501899001,味味一品紅燒牛肉袋麵181g 紅燒牛肉袋麵,B,poisson,1.8571,1.3628,0.7338,1,medium demand - volatile
14501902001,維力大炒一番-鐵板牛肉(包)85g 大炒一番-牛肉,A,poisson,10.8095,3.2878,0.3042,0,high demand - stable
14501905001,雙響泡爆香牛肉湯麵(桶)109g 爆香牛肉碗麵,C,poisson,0.0476,0.2182,4.5826,2,low demand - intermittent
14501926001,維力大乾麵蔥燒牛肉風味麵95g 大乾麵蔥燒牛肉,B,poisson,1.1429,1.069,0.9354,1,medium demand - volatile
14501928001,真爽蔥辣牛肉風味麵75g 真爽蔥辣牛肉,A,poisson,3.1905,1.7862,0.5599,1,high demand - volatile
14501929001,真爽黑胡椒牛肉風味麵80g 真爽黑胡椒牛肉,A,normal,3.9524,1.3265,0.3356,0,high demand - stable
14501930001,NOBRAND經典辣牛肉風味拉麵,C,poisson,0.0476,0.2182,4.5826,2,low demand - intermittent
14501938001,朕一品 金門高坑牛肉麵216g 金門高坑牛肉麵,B,poisson,1.2381,1.1127,0.8987,1,medium demand - volatile
14501940001,韓國不倒翁蔥燒牛肉風味碗麵104g X6 不倒翁蔥燒牛肉,C,poisson,0.0952,0.3086,3.2404,2,low demand - intermittent
14501941001,味丹 阿嬤ㄟ滷味麵175g 味丹滷味麵,B,poisson,0.5238,0.7237,1.3817,2,medium demand - intermittent
14501942001,味丹 老北京炸醬麵84g 老北京炸醬麵,A,poisson,4.0952,2.0237,0.4942,0,high demand - stable
14501943001,薑燒麻油雞麵線,B,poisson,0.5714,0.7559,1.3229,2,medium demand - intermittent
14501944001,蒜香豆瓣辣雞麵,B,poisson,0.9048,0.9512,1.0513,2,medium demand - intermittent
14502002001,真爽精燉豬肉風味麵80g 真爽精燉豬肉,A,poisson,3.2857,1.8127,0.5517,1,high demand - volatile
14502003001,美味小舖肉燥湯麵(包)67g,B,normal,2.2381,1.3768,0.6152,1,medium demand - volatile
14502004001,一度贊-爌肉(碗) 200g,A,poisson,15.5714,3.9461,0.2534,0,high demand - stable
14502005001,日清出前一丁黑蒜油豬骨湯味麵(杯) 黑蒜油豬骨,B,poisson,0.4762,0.6901,1.4491,2,medium demand - intermittent
14502006001,拉麵道-日式豚骨(袋) 94g,A,poisson,19.619,4.4293,0.2258,0,high demand - stable
14502007001,味王香菇肉羹湯碗麵 88g 香菇肉羹湯碗麵,A,poisson,7.0952,2.6637,0.3754,0,high demand - stable
14502008001,味丹酒膳排骨袋麵 酒膳排骨袋麵,B,poisson,0.6667,0.8165,1.2247,2,medium demand - intermittent
14502009001,統一肉燥(包) 85g,A,poisson,57.8571,7.6064,0.1315,0,high demand - stable
14502010001,維力大炒一番-泡菜燒肉(包)85g 大炒一番-泡菜,A,poisson,10.9048,3.3022,0.3028,0,high demand - stable
14502011001,來一客-京燉肉骨 71g,A,poisson,34.8095,5.9,0.1695,0,high demand - stable
14502012001,統一肉骨茶(包) 93g,A,poisson,13.0952,3.6187,0.2763,0,high demand - stable
14502014001,來一客-肉燥菠菜 67g,A,poisson,38.0952,6.1721,0.162,0,high demand - stable
14502015001,統一阿Q蒜香珍肉(碗)106g,A,poisson,12.0476,3.471,0.2881,0,high demand - stable
14502016001,台酒麵攤-酒燉排骨風味湯麵95g 台酒-酒燉排骨,A,poisson,3.0952,1.7593,0.5684,1,high demand - volatile
14502018001,日清咚兵衛油豆腐烏龍麵(碗) 日清豆腐烏龍麵,B,poisson,0.8571,0.9258,1.0801,2,medium demand - intermittent
14502019001,真爽麻辣鍋豬肉風味麵80g 真爽麻辣鍋豬肉,A,poisson,3.619,1.9024,0.5257,1,high demand - volatile
14502020001,浪味炒麵 80g 炒麵,A,poisson,2.7143,1.6475,0.607,1,high demand - volatile
14502021001,味味一品原汁珍味爌肉(袋)190g 爌肉袋麵,A,poisson,3.381,1.8387,0.5439,1,high demand - volatile
14502022001,滿漢大餐蔥燒豬肉(袋) 193g,A,poisson,7.2381,2.6904,0.3717,0,high demand - stable
14502023001,台酒麻辣酒香豚肉麵(包)200g,A,poisson,5.0952,2.2573,0.443,0,high demand - stable
14502026001,滿漢大餐蔥燒豬肉麵(大碗)193g,A,poisson,16.619,4.0766,0.2453,0,high demand - stable
14502029001,台酒花雕東坡肉麵(包)200g,A,poisson,5.0476,2.2467,0.4451,0,high demand - stable
14502031001,味王排骨酥湯麵(包)80g,B,poisson,1.381,1.1751,0.851,1,medium demand - volatile
14502041001,味味A肉骨茶麵(袋) 85g 肉骨茶袋麵,A,poisson,16.5714,4.0708,0.2457,0,high demand - stable
14502044001,出前一丁北海道味噌豬骨即食麵 味噌豬骨,C,poisson,0.0476,0.2182,4.5826,2,low demand - intermittent
14502045001,大食客蒜香豚骨湯麵(碗)120g,B,poisson,0.9524,0.9759,1.0247,2,medium demand - intermittent
14502047001,媽媽麵紅蔥肉燥風味(包)80g 維力媽媽麵,A,poisson,2.8571,1.6903,0.5916,1,high demand - volatile
14502054001,味味一品原汁珍味爌肉(碗)190g 原汁珍味爌肉麵,A,poisson,5.8571,2.4202,0.4132,0,high demand - stable
14502068001,日清拉王辣豚骨味非油炸速食麵 日清拉王辣豚骨,B,poisson,0.4286,0.6547,1.5275,2,medium demand - intermittent
14502069001,日清拉王豚骨味非油炸速食麵 日清拉王豚骨,C,poisson,0.2381,0.488,2.0494,2,low demand - intermittent
14502077001,統一肉燥碗麵 85g,A,poisson,25.1429,5.0143,0.1994,0,high demand - stable
14502080001,味王香菇肉羹麵(包) 87g,A,poisson,2.619,1.6183,0.6179,1,high demand - volatile
14502081001,味味麵精燉肉燥湯麵(包) 78g,A,poisson,20.619,4.5408,0.2202,0,high demand - stable
14502111001,一度贊-爌肉(袋) 200g,A,poisson,11.9524,3.4572,0.2892,0,high demand - stable
14503000001,統一鮮蝦麵(包) 83g,A,poisson,18.9048,4.348,0.23,0,high demand - stable
14503002001,維力媽媽麵-蛤蜊海鮮(包)80g 維力媽媽麵海鮮,A,poisson,5.3333,2.3094,0.433,0,high demand - stable
14503003001,來一客-鮮蝦魚板 63g,A,poisson,118.1429,10.8694,0.092,0,high demand - stable
14503004001,Paldo高麗麵-海鮮味 113g 高麗麵-海鮮味,B,normal,1.7143,1.2399,0.7233,1,medium demand - volatile
14503005001,維力大炒一番-九層塔蛤蜊85g 大炒九層塔蛤蜊,A,poisson,10.5714,3.2514,0.3076,0,high demand - stable
14503010001,美味小舖海鮮湯麵(包)68g 美味小舖海鮮湯,B,poisson,1.381,1.1751,0.851,1,medium demand - volatile
14503013001,統一鮮蝦碗麵83g,A,poisson,13.3333,3.6515,0.2739,0,high demand - stable
14503019001,統一阿Q桶麵生猛海鮮(碗) 98g,A,poisson,23.381,4.8354,0.2068,0,high demand - stable
14503024001,日清合味道香辣海鮮味杯麵 香辣海鮮味,B,poisson,2.2381,1.496,0.6684,1,medium demand - volatile
14503034001,不倒翁海鮮烏龍拉麵(袋)120g 不倒翁海鮮拉麵,A,poisson,4.4286,2.1044,0.4752,0,high demand - stable
14503047001,日清合味道XO醬海鮮味杯麵 XO醬海鮮味,B,poisson,0.6667,0.8165,1.2247,2,medium demand - intermittent
14503048001,日清合味道酸辣蝦味杯麵 酸辣蝦味,A,normal,2.1905,1.0963,0.5005,1,high demand - volatile
14503999001,雙響泡泰蝦酸辣湯麵114g 泰蝦酸辣湯麵,B,poisson,0.6667,0.8165,1.2247,2,medium demand - intermittent
14504001001,隨緣鮮蔬百匯麵(袋) 80g 鮮蔬百匯麵(袋),A,poisson,8.9048,2.9841,0.3351,0,high demand - stable
14504002001,隨緣素魷魚羹麵(袋) 94g,A,poisson,5.9048,2.43,0.4115,0,high demand - stable
14504006001,維力炸醬麵(包)-素食 90g,A,poisson,13.7619,3.7097,0.2696,0,high demand - stable
14504008001,維力素飄香-素排骨雞 90g 素飄香-素排骨雞,A,poisson,6.0952,2.4689,0.405,0,high demand - stable
14504009001,味王素食(包)82g,A,poisson,3.9048,1.976,0.5061,1,high demand - volatile
14504012001,不倒翁泡菜拉麵(袋)120g 不倒翁泡菜拉麵,A,poisson,3.2857,1.8127,0.5517,1,high demand - volatile
14504015001,隨緣素肉骨茶麵(袋) 90g 素肉骨茶麵(袋),A,poisson,9.7619,3.1244,0.3201,0,high demand - stable
14504027001,隨緣韓式泡菜湯麵(包)75g,A,poisson,8.381,2.895,0.3454,0,high demand - stable
14504028001,維力素飄香-素紅燒牛肉 85g 素飄香-素紅燒牛,A,poisson,5.0476,2.2467,0.4451,0,high demand - stable
14504038001,味王當歸藥膳包麵78g(特規) 味王當歸藥膳包,A,poisson,2.7619,1.6619,0.6017,1,high demand - volatile
14504042001,福慧當歸口味素絲麵300g 福慧當歸素絲麵,B,poisson,0.5238,0.7237,1.3817,2,medium demand - intermittent
14504044001,不倒翁泡菜風味碗麵 105G,C,poisson,0.1905,0.4364,2.2913,2,low demand - intermittent
14504050001,隨緣麻醬辣腐乳乾麵(袋)86g*5 隨緣麻醬辣腐乳,C,poisson,0.0952,0.3086,3.2404,2,low demand - intermittent
14504052001,素飄香野菜多風味碗麵95g 素飄香野菜多,A,poisson,5.9048,2.43,0.4115,0,high demand - stable
14504053001,素飄香麻辣燙風味碗麵100g 素飄香麻辣燙,A,poisson,4.9048,2.2147,0.4515,0,high demand - stable
14504055001,維力素飄香麻辣燙風味麵90g 素飄香麻辣燙,A,poisson,13.619,3.6904,0.271,0,high demand - stable
14504056001,維力素食炸醬重量碗110g 素食炸醬重量碗,B,poisson,0.381,0.6172,1.6202,2,medium demand - intermittent
14504060001,隨緣南洋叻沙拌麵碗麵92g 南洋叻沙拌麵,C,poisson,0.2381,0.488,2.0494,2,low demand - intermittent
14504062001,隨緣泰式酸辣湯麵碗麵98g 泰式酸辣湯麵,B,poisson,0.381,0.6172,1.6202,2,medium demand - intermittent
14504076001,日清拉王醬油味非油炸速食麵 日清拉王醬油,B,poisson,0.4286,0.6547,1.5275,2,medium demand - intermittent
14505003001,不倒翁辛辣拉麵(袋)120g 不倒翁辛辣拉麵,B,poisson,1.5714,1.2536,0.7977,1,medium demand - volatile
14505005001,統一肉燥風味調合米粉(包) 60g,A,poisson,13.1905,3.6319,0.2753,0,high demand - stable
14505008001,王子麵-火鍋/滷味專用50g,A,normal,2.3333,3.8339,1.6431,2,high demand - intermittent
14505009001,科學麵原味40gX12特規 科學麵原味40gX,A,poisson,26.2857,5.127,0.195,0,high demand - stable
14505011001,拉麵道-日式味噌(袋)101g,A,poisson,9.9524,3.1547,0.317,0,high demand - stable
14505013001,維力炸醬麵(包) 90g 維力炸醬麵(包),A,poisson,38.5714,6.2106,0.161,0,high demand - stable
14505014001,維力炸醬麵(碗) 90g 維力炸醬麵(碗),A,poisson,22.4762,4.7409,0.2109,0,high demand - stable
14505016001,來一客-韓式泡菜 67g,A,poisson,32.2381,5.6779,0.1761,0,high demand - stable
14505020001,維力大乾麵-地獄辣椒(包)100g,A,poisson,7.5238,2.743,0.3646,0,high demand - stable
14505021001,維力大乾麵-紅油擔擔(包)100g,A,poisson,8.1429,2.8536,0.3504,0,high demand - stable
14505031001,統一阿Q桶麵韓式泡菜麵 102g,A,poisson,9.8095,3.132,0.3193,0,high demand - stable
14505035001,火辣雞肉風味鐵板炒麵(奶油白醬風味) 三養火辣雞白醬,C,poisson,0.2857,0.5345,1.8708,2,low demand - intermittent
14505039001,農心天婦羅海鮮味烏龍杯麵62g 農心天婦羅海鮮,B,poisson,0.5238,0.7237,1.3817,2,medium demand - intermittent
14505041001,科學麵-原味(包)40g,A,poisson,25.1429,5.0143,0.1994,0,high demand - stable
14505043001,Paldo 泡菜麵 120g Paldo 泡菜麵,C,poisson,0.0952,0.3086,3.2404,2,low demand - intermittent
14505046001,農心辛香菇味杯麵68g 農心辛香菇味杯,A,poisson,3.5714,1.8898,0.5292,1,high demand - volatile
14505047001,維力大乾麵紅油擔擔風味碗麵110g 大乾桶紅油擔擔,B,poisson,0.5238,0.7237,1.3817,2,medium demand - intermittent
14505048001,張君雅小妹妹-捏碎麵 40g,B,poisson,2.2857,1.5119,0.6614,1,medium demand - volatile
14505052001,荷卡廚坊濃湯麵田園玉米47g 濃湯麵田園玉米,C,poisson,0.1905,0.4364,2.2913,2,low demand - intermittent
14505053001,農心激辣辛杯麵68g 農心激辣辛杯麵,B,poisson,0.381,0.6172,1.6202,2,medium demand - intermittent
14505058001,荷卡廚坊濃湯麵巧達海鮮47g 濃湯麵巧達海鮮,B,poisson,1.381,1.1751,0.851,1,medium demand - volatile
14505059001,王子麵原味40g 王子麵原味,B,poisson,2.0952,1.4475,0.6908,1,medium demand - volatile
14505065001,味王-泰式酸辣湯麵(包)86g 泰式酸辣湯麵,C,poisson,0.2381,0.488,2.0494,2,low demand - intermittent
14505088001,不倒翁辣炒年糕乾拌杯麵 65g,C,poisson,0.1429,0.378,2.6458,2,low demand - intermittent
14505099001,拉麵道-日式味噌(杯)80G,A,poisson,8.3333,2.8868,0.3464,0,high demand - stable
14505102001,Paldo 極地麻辣湯麵120g,C,poisson,0.0476,0.2182,4.5826,2,low demand - intermittent
14505105001,巷口乾麵炸醬風味(袋) 100g 炸醬風味,A,poisson,4.4286,2.1044,0.4752,0,high demand - stable
14505106001,巷口乾麵麻醬風味(袋) 100g,A,poisson,3.2857,1.8127,0.5517,1,high demand - volatile
14505115001,維力炸醬麵重量包(袋) 123g 炸醬麵重量包,A,poisson,11.8571,3.4434,0.2904,0,high demand - stable
14505125001,營多珍饌系列印尼極品炒麵80g 營多印尼極品炒,A,poisson,3.2857,1.8127,0.5517,1,high demand - volatile
14505138001,拉麵道-日式豚骨(杯)73G,A,poisson,14.381,3.7922,0.2637,0,high demand - stable
14505139001,營多珍饌系列蒜香極品炒麵80g 營多蒜香極品炒,B,poisson,1.5714,1.2536,0.7977,1,medium demand - volatile
14505148001,黑雞牌雞絲麵55g*5(免煮) 黑雞牌雞絲麵,B,poisson,2.0,1.4142,0.7071,1,medium demand - volatile
14505899001,統一脆麵(包)55g,A,poisson,20.1905,4.4934,0.2225,0,high demand - stable
14505911001,統一肉燥調合米粉(碗)64g,B,poisson,2.5714,1.6036,0.6236,1,medium demand - volatile
14505913001,起司火辣雞肉風味鐵板炒麵 起司火辣炒麵,C,poisson,0.2857,0.5345,1.8708,2,low demand - intermittent
14505917001,科學麵香蔥雞汁風味40g,A,poisson,14.7619,3.8421,0.2603,0,high demand - stable
14505926001,Pulmuone直火炸醬麵 直火炸醬麵,C,poisson,0.0952,0.3086,3.2404,2,low demand - intermittent
14505931001,激辛火辣雞肉風味鐵板炒麵,C,poisson,0.2381,0.488,2.0494,2,low demand - intermittent
14505947001,NOBRAND火辣海鮮炒碼風味拉麵 海鮮炒碼麵,C,poisson,0.1905,0.4364,2.2913,2,low demand - intermittent
14505958001,ABC香辣番茄湯味麵 番茄湯味麵,C,poisson,0.1905,0.4364,2.2913,2,low demand - intermittent
14505973001,宗家府火辣泡菜麵,C,poisson,0.0952,0.3086,3.2404,2,low demand - intermittent
14505996001,NOBRAND韓式大醬辣牛肉風味拉麵,C,poisson,0.2857,0.5345,1.8708,2,low demand - intermittent
14506001001,五木拉麵-海鮮321g,A,poisson,7.619,2.7603,0.3623,0,high demand - stable
14506002001,農心爽口海鮮烏龍麵超值包120g x5 爽口海鮮烏龍麵,A,poisson,5.0,2.2361,0.4472,0,high demand - stable
14506004001,家福油麵2000g 家福油麵2000g,B,poisson,1.4286,1.1952,0.8367,1,medium demand - volatile
14506005001,五木拉麵-牛肉321g 五木拉麵-牛肉,B,poisson,2.1429,1.4639,0.6831,1,medium demand - volatile
14506006001,五木拉麵-肉燥321g,C,poisson,0.0476,0.2182,4.5826,2,low demand - intermittent
14506008001,馬祖老酒麵線-花雕雞風味95g 馬祖老酒麵線,B,poisson,2.0476,1.431,0.6988,1,medium demand - volatile
14506011001,五木關東麵375g,B,poisson,0.3333,0.5774,1.7321,2,medium demand - intermittent
14506012001,五木細關東麵375g,C,poisson,0.0476,0.2182,4.5826,2,low demand - intermittent
14506013001,上智鍋燒意麵泡菜口味280g 上智鍋燒意麵,B,poisson,0.6667,0.8165,1.2247,2,medium demand - intermittent
14506014001,韓國不倒翁Q拉麵(純粗麵條)110g*5,B,poisson,0.7619,0.8729,1.1456,2,medium demand - intermittent
14506015001,農心 安城湯麵超值包125g x5 農心安城湯麵,A,poisson,4.1905,2.0471,0.4885,0,high demand - stable
14506018001,龍口台灣拉麵1.8Kg 龍口台灣拉麵,B,normal,1.1429,0.9897,0.866,1,medium demand - volatile
14506021001,家福麻醬招牌乾麵100g 家福麻醬招牌乾,B,poisson,0.4286,0.6547,1.5275,2,medium demand - intermittent
14506024001,揚豐御廚排骨3分拉麵346g 排骨 3分拉麵,C,poisson,0.1905,0.4364,2.2913,2,low demand - intermittent
14506025001,公仔麵-麻油(包)100g 公仔麵-麻油(包,C,poisson,0.0476,0.2182,4.5826,2,low demand - intermittent
14506031001,農心韓國辣味醡醬風味麵137g x4 辣味醡醬風味麵,C,poisson,0.0476,0.2182,4.5826,2,low demand - intermittent
14506032001,家福細拉麵2000g 家福細拉麵2000g,C,poisson,0.0476,0.2182,4.5826,2,low demand - intermittent
14506033001,家福麵線,B,poisson,0.619,0.7868,1.271,2,medium demand - intermittent
14506036001,Paldo起司拉麵(包)111g Paldo起司拉麵(,B,poisson,0.8095,0.8997,1.1114,2,medium demand - intermittent
14506038001,五木銀絲麵400g,B,poisson,0.7143,0.8452,1.1832,2,medium demand - intermittent
14506039001,五木特級營養麵條經濟包 2000g,A,poisson,4.381,2.0931,0.4778,0,high demand - stable
14506041001,福忠眷村醬麵-蒜香麻醬125g x4 福忠眷村醬麵,B,poisson,0.5238,0.7237,1.3817,2,medium demand - intermittent
14506042001,家福營養麵條 300g,B,poisson,0.7143,0.8452,1.1832,2,medium demand - intermittent
14506043001,揚豐烏醋香醇乾拌拉麵400g 烏醋乾拌麵,C,poisson,0.1905,0.4364,2.2913,2,low demand - intermittent
14506044001,家樂福刀削麵,B,normal,1.1905,1.0519,0.8836,1,medium demand - volatile
14506045001,揚豐肉燥3分拉麵(寬麵)333g 肉燥3分拉麵寬麵,B,normal,0.9524,0.9989,1.0488,2,medium demand - intermittent
14506046001,揚豐乾拌炸醬3分拉麵390g 乾拌炸醬3分拉麵,B,poisson,0.5714,0.7559,1.3229,2,medium demand - intermittent
14506048001,鄉傳優良油麵經濟包1600g,B,poisson,0.4762,0.6901,1.4491,2,medium demand - intermittent
14506049001,好勁道-寬版大麵300g,A,poisson,2.4286,1.5584,0.6417,1,high demand - volatile
14506053001,揚豐柴魚3分拉麵343g 柴魚3分拉麵,B,poisson,0.7143,0.8452,1.1832,2,medium demand - intermittent
14506056001,五木雞蛋麵條經濟包 2000g,A,poisson,7.5714,2.7516,0.3634,0,high demand - stable
14506057001,家福油麵 300g 家福油麵 300g,C,poisson,0.2857,0.5345,1.8708,2,low demand - intermittent
14506059001,龍口台灣營養麵條1.8Kg 龍口台灣營養麵,B,poisson,0.5714,0.7559,1.3229,2,medium demand - intermittent
14506060001,曾拌麵-麻油椒香117g x4,A,poisson,2.2381,1.496,0.6684,1,high demand - volatile
14506062001,鄉傳在地小吃台南擔仔麵321g 鄉傳在地小吃台,B,poisson,0.6667,0.8165,1.2247,2,medium demand - intermittent
14506065001,好勁道-家常麵條 300g,A,poisson,6.2857,2.5071,0.3989,0,high demand - stable
14506066001,好勁道-天禧麵線300g,A,normal,2.4762,1.1389,0.4599,0,high demand - stable
14506067001,好勁道-千羽拉麵320g,A,poisson,3.7143,1.9272,0.5189,1,high demand - volatile
14506069001,鄉傳在地小吃南投意麵321g,B,poisson,0.9524,0.9759,1.0247,2,medium demand - intermittent
14506070001,五木純麵煮意(菠菜)504g,A,poisson,2.8095,1.6762,0.5966,1,high demand - volatile
14506071001,揚豐無調味3分拉麵780g,C,poisson,0.1429,0.378,2.6458,2,low demand - intermittent
14506072001,好勁道-月見雞蛋麵300g,A,poisson,7.7619,2.786,0.3589,0,high demand - stable
14506074001,不倒翁辣起司風味拉麵111g x4 不倒翁辣起司,B,poisson,0.7619,0.8729,1.1456,2,medium demand - intermittent
14506076001,譽方媽媽 關廟拉麵1000g,C,poisson,0.2857,0.5345,1.8708,2,low demand - intermittent
14506081001,家福關東細麵 家福關東細麵,B,poisson,0.3333,0.5774,1.7321,2,medium demand - intermittent
14506082001,家福關東麵,C,poisson,0.1905,0.4364,2.2913,2,low demand - intermittent
14506084001,鄉傳經濟包麵條1600g,A,poisson,3.8095,1.9518,0.5123,1,high demand - volatile
14506085001,不倒翁金拉麵-原味(袋) 120g 不倒翁金拉麵-,B,poisson,0.8571,0.9258,1.0801,2,medium demand - intermittent
14506087001,農心辛拉麵超值包120g x5,A,poisson,15.4762,3.934,0.2542,0,high demand - stable
14506089001,不倒翁起司拉麵(袋)111g 不倒翁起司拉麵,B,poisson,1.8095,1.3452,0.7434,1,medium demand - volatile
14506090001,五木純麵煮意(原味)504g,A,poisson,5.0952,2.2573,0.443,0,high demand - stable
14506096001,財貴伯台灣手工麵線1200g 手工麵線,B,poisson,1.5714,1.2536,0.7977,1,medium demand - volatile
14506099001,維力媽媽拉麵(袋)70gX6 維力媽媽拉麵(,A,poisson,2.5238,1.5887,0.6295,1,high demand - volatile
14506100001,臺灣好物金門高粱醬香拌麵90g 高粱醬香拌麵,A,poisson,2.4286,1.5584,0.6417,1,high demand - volatile
14506103001,日正長壽麵線250g,B,poisson,1.4762,1.215,0.8231,1,medium demand - volatile
14506109001,福成關廟麵 1200g 關廟麵,B,poisson,1.7619,1.3274,0.7534,1,medium demand - volatile
14506111001,Paldo御膳三鮮炸醬麵120g x4 御膳三鮮炸醬麵,B,poisson,0.5238,0.7237,1.3817,2,medium demand - intermittent
14506112001,譽方媽媽 關廟意麵1000g,B,poisson,0.4762,0.6901,1.4491,2,medium demand - intermittent
14506122001,農心醡醬風味麵(包)140g 農心醡醬風味麵,C,poisson,0.0476,0.2182,4.5826,2,low demand - intermittent
14506124001,正嘉刀削麵900g 正嘉關廟刀削麵,B,poisson,0.7143,0.8452,1.1832,2,medium demand - intermittent
14506126001,農心馬鈴薯麵(包)100g 農心馬鈴薯麵(,B,poisson,1.381,1.1751,0.851,1,medium demand - volatile
14506127001,上智鍋燒意麵海鮮口味280g 上智鍋燒意麵,C,poisson,0.1429,0.378,2.6458,2,low demand - intermittent
14506129001,Paldo御膳火麵120g x4 御膳火麵,B,poisson,0.3333,0.5774,1.7321,2,medium demand - intermittent
14506130001,福成意麵 1200g 福成意麵,B,poisson,0.8095,0.8997,1.1114,2,medium demand - intermittent
14506131001,福成粄條麵 1200g 粄條麵,B,poisson,0.381,0.6172,1.6202,2,medium demand - intermittent
14506132001,正嘉陽春麵1200g 正嘉陽春麵900g,C,poisson,0.0476,0.2182,4.5826,2,low demand - intermittent
14506135001,譽方媽媽 關廟刀削麵800g,B,poisson,0.7143,0.8452,1.1832,2,medium demand - intermittent
14506139001,正嘉關廟麵1200g 正嘉關廟麵1200,B,poisson,1.9524,1.3973,0.7157,1,medium demand - volatile
14506140001,農心爽口海鮮烏龍麵(包)120g 農心爽口海鮮烏,B,poisson,0.7619,0.8729,1.1456,2,medium demand - intermittent
14506141001,家福關廟麵1200g 家福關廟麵1200,B,poisson,1.0952,1.0465,0.9555,1,medium demand - volatile
14506142001,農心魷魚海鮮味湯麵(包)124g,A,poisson,2.381,1.543,0.6481,1,high demand - volatile
14506143001,農心安城湯麵(包)125g 農心安城湯麵(,B,poisson,2.1429,1.4639,0.6831,1,medium demand - volatile
14506145001,五木南投意麵經濟包 65gX10,B,poisson,0.8095,0.8997,1.1114,2,medium demand - intermittent
14506150001,譽方媽媽 關廟麵1200g,B,normal,1.3333,1.2472,0.9354,1,medium demand - volatile
14506159001,KORMOSA韓素香紅燒湯麵110g x4 素食紅燒湯麵,B,poisson,2.0476,1.431,0.6988,1,medium demand - volatile
14506164001,譽方媽媽 關廟細麵1200g,B,poisson,1.7619,1.3274,0.7534,1,medium demand - volatile
14506165001,中農經典北方拉麵 900g 中農北方拉麵,C,poisson,0.1905,0.4364,2.2913,2,low demand - intermittent
14506171001,家樂福油蔥招牌乾麵100g 家樂福油蔥招牌,B,poisson,0.381,0.6172,1.6202,2,medium demand - intermittent
14506173001,金雞牌關廟麵 1200g,B,poisson,0.6667,0.8165,1.2247,2,medium demand - intermittent
14506174001,不倒翁Q拉麵(純麵條)110g 不倒翁Q拉麵(純,B,poisson,1.619,1.2724,0.7859,1,medium demand - volatile
14506190001,五木細關東麵家庭號1.05Kg 細關東麵家庭號,B,poisson,1.2857,1.1339,0.8819,1,medium demand - volatile
14506199001,維力蒸煮麵65g,B,poisson,0.4762,0.6901,1.4491,2,medium demand - intermittent
14506204001,KORMOSA泡菜火鍋湯麵(包)110g KORMOSA泡菜火,B,poisson,0.9524,0.9759,1.0247,2,medium demand - intermittent
14506206001,鄉傳鹿港納財麵線1600g,C,poisson,0.0476,0.2182,4.5826,2,low demand - intermittent
14506211001,KORMOSA韓素香芹菜香菇湯麵110g x4 素芹菜香菇湯麵,B,poisson,1.0476,1.0235,0.977,1,medium demand - volatile
14506222001,正嘉樹豆簽 900g 正嘉樹豆簽 900,C,poisson,0.2381,0.488,2.0494,2,low demand - intermittent
14506225001,Paldo御膳炸醬麵(包)200g Paldo御膳炸醬,B,poisson,1.1905,1.0911,0.9165,1,medium demand - volatile
14506230001,ITSUKI札幌即食拉麵2人份-味噌,B,poisson,0.4762,0.6901,1.4491,2,medium demand - intermittent
14506248001,原製麵無鹽麵條 無鹽麵條,C,poisson,0.1905,0.4364,2.2913,2,low demand - intermittent
14506254001,中農錦州美食松花刀削麵600g,C,poisson,0.1429,0.378,2.6458,2,low demand - intermittent
14506262001,正嘉蔬菜麵1200g,C,poisson,0.1905,0.4364,2.2913,2,low demand - intermittent
14506264001,不倒翁金拉麵-辛辣120g 不倒翁金拉麵,B,poisson,0.4762,0.6901,1.4491,2,medium demand - intermittent
14506275001,臺灣好物岡山香辣豆瓣拌麵84g 香辣豆瓣拌麵,A,poisson,4.1905,2.0471,0.4885,0,high demand - stable
14506281001,臺灣好物雲林香蔥蒜蓉拌麵82g 香蔥蒜蓉拌麵,B,poisson,1.381,1.1751,0.851,1,medium demand - volatile
14506286001,火辣雞肉風味鐵板炒麵 火辣雞肉風味鐵,B,poisson,1.7619,1.3274,0.7534,1,medium demand - volatile
14506291001,農心激辣辛拉麵120g 農心激辣辛拉麵,B,normal,1.0,1.1127,1.1127,2,medium demand - intermittent
14506298001,五木蕎麥麵320g 五木蕎麥麵320g,B,poisson,0.5238,0.7237,1.3817,2,medium demand - intermittent
14506313001,五木麵大師和風麵條300g 五木麵大師和風,B,poisson,0.619,0.7868,1.271,2,medium demand - intermittent
14506314001,五木麵大師蘭州拉麵300g,B,poisson,1.4762,1.215,0.8231,1,medium demand - volatile
14506315001,五木麵大師雲絲細300g,B,poisson,0.7619,0.8729,1.1456,2,medium demand - intermittent
14506323001,中農錦州美食關廟細麵600g,C,poisson,0.1429,0.378,2.6458,2,low demand - intermittent
14506328001,中農經典家常勁麵 900g 中農家常勁麵,C,poisson,0.0952,0.3086,3.2404,2,low demand - intermittent
14506329001,中農經典大寬麵片900g 中農大寬麵片,C,poisson,0.2381,0.488,2.0494,2,low demand - intermittent
14506330001,八道泡菜先生-手作泡菜湯麵115g 手作泡菜湯麵,C,poisson,0.0952,0.3086,3.2404,2,low demand - intermittent
14506334001,PALDO韓國乾拌麵130g x5 韓國乾拌麵,B,poisson,0.4762,0.6901,1.4491,2,medium demand - intermittent
14506339001,農心安城湯麵-海鮮味112g 安城海鮮湯麵,B,poisson,0.4286,0.6547,1.5275,2,medium demand - intermittent
14506340001,八道泡菜先生-手作泡菜乾拌麵134g 手作泡菜乾拌麵,B,poisson,0.381,0.6172,1.6202,2,medium demand - intermittent
14506348001,一食之選乾拌麵-香爆蔥燒352g,B,poisson,0.381,0.6172,1.6202,2,medium demand - intermittent
14506349001,水哦千拌麵-黑麻油麵線372g 千拌麵黑麻油麵,C,poisson,0.1905,0.4364,2.2913,2,low demand - intermittent
14506352001,五木營養麵條300g 五木營養麵條,B,poisson,1.9048,1.3801,0.7246,1,medium demand - volatile
14506358001,中農經典蛋黃拉麵 900g 中農蛋黃拉麵,B,poisson,0.381,0.6172,1.6202,2,medium demand - intermittent
14506360001,揚豐牛肉3分拉麵339g 揚豐牛肉拉麵,B,poisson,0.3333,0.5774,1.7321,2,medium demand - intermittent
14506366001,農心頂級辛拉麵(包)130g 農心頂級辛拉麵,C,poisson,0.1905,0.4364,2.2913,2,low demand - intermittent
14506372001,金雞牌關廟板條麵 1200g,B,poisson,0.8095,0.8997,1.1114,2,medium demand - intermittent
14506375001,農心浣熊炸醬烏龍麵140g x4 浣熊炸醬烏龍麵,B,poisson,1.5238,1.2344,0.8101,1,medium demand - volatile
14506378001,農心非油炸辛拉麵97g 非油炸辛拉麵,B,poisson,0.7143,0.8452,1.1832,2,medium demand - intermittent
14506383001,Paldo金炸醬麵(包)203g 金炸醬麵,B,poisson,0.5714,0.7559,1.3229,2,medium demand - intermittent
14506386001,ITSUKI九州即食拉麵2人份-豚骨 豚骨味,C,poisson,0.0476,0.2182,4.5826,2,low demand - intermittent
14506392001,五木府城肉燥味湯麵 336g 府城肉燥味湯麵,C,poisson,0.0952,0.3086,3.2404,2,low demand - intermittent
14506393001,一食之選乾拌麵-成都麻辣376g 一食之選-麻辣,C,poisson,0.2857,0.5345,1.8708,2,low demand - intermittent
14506397001,曾蒙牛職人麵舖-紅燒牛肉麵500g 紅燒牛肉麵,B,poisson,0.619,0.7868,1.271,2,medium demand - intermittent
14506400001,不倒翁金螃蟹海鮮風味拉麵130g*4,B,poisson,1.0952,1.0465,0.9555,1,medium demand - volatile
14506411001,曾蒙牛職人麵舖-清燉牛肉麵500g 清燉牛肉麵,B,poisson,0.3333,0.5774,1.7321,2,medium demand - intermittent
14506488001,金雞牌鹽水意麵600g,C,poisson,0.1429,0.378,2.6458,2,low demand - intermittent
14506490001,農心辛辣白菜風味拉麵超值包120g x5,A,poisson,4.3333,2.0817,0.4804,0,high demand - stable
14506631001,Paldo香辣芝麻濃湯拉麵115g X4 芝麻濃湯拉麵,B,poisson,0.9048,0.9512,1.0513,2,medium demand - intermittent
14506641001,台客99酸菜牛肉麵580g,C,poisson,0.2381,0.488,2.0494,2,low demand - intermittent
14506642001,台客99紅燒牛肉麵580g,C,poisson,0.0952,0.3086,3.2404,2,low demand - intermittent
14506645001,馬辣紅燒牛肉麵540g,B,poisson,0.619,0.7868,1.271,2,medium demand - intermittent
14506646001,馬辣清燉牛肉麵540g,B,poisson,0.4762,0.6901,1.4491,2,medium demand - intermittent
14506647001,台客99香菇雞麵580g,C,poisson,0.1905,0.4364,2.2913,2,low demand - intermittent
14506887001,出前一丁麻油味速食麵 麻油速食麵,B,poisson,2.0476,1.431,0.6988,1,medium demand - volatile
14506898001,阿舍食堂外省乾麵油蔥95g,A,poisson,3.7143,1.9272,0.5189,1,high demand - volatile
14507029001,聖雷蒙尖管麵 500g 聖雷蒙尖管麵,B,normal,1.0476,1.1329,1.0814,2,medium demand - intermittent
14507042001,QQ義大利麵500g QQ義大利麵,B,poisson,0.5238,0.7237,1.3817,2,medium demand - intermittent
14507044001,QQ螺絲麵500g QQ螺絲麵,C,poisson,0.2381,0.488,2.0494,2,low demand - intermittent
14507045001,QQ三色稜紋貝殼麵500g QQ三色貝殼麵,B,poisson,0.4286,0.6547,1.5275,2,medium demand - intermittent
14507047001,常春藤細麵500G 金藤義大利細麵,B,poisson,0.4286,0.6547,1.5275,2,medium demand - intermittent
14507061001,百味來義大利直麵#5 500g 百味來直麵,C,poisson,0.2857,0.5345,1.8708,2,low demand - intermittent
14507076001,家福圓直麵500g 家福圓直麵500g,B,poisson,0.7619,0.8729,1.1456,2,medium demand - intermittent
14507083001,Agnesi 天使髮絲義大利麵500g Agnesi 天使髮,B,poisson,0.7143,0.8452,1.1832,2,medium demand - intermittent
14507085001,Agnesi 義大利麵 500g,B,poisson,0.5238,0.7237,1.3817,2,medium demand - intermittent
14507087001,Agnesi 義大利細扁麵 500g Agnesi  義大利,B,poisson,0.381,0.6172,1.6202,2,medium demand - intermittent
14507202001,De Cecco 義大利蝴蝶結麵 蝴蝶結麵,C,poisson,0.1429,0.378,2.6458,2,low demand - intermittent
14508002001,虎印炊粉300g 虎印炊粉300,B,poisson,2.0476,1.431,0.6988,1,medium demand - volatile
14508004001,虎牌新竹炊粉 400g,A,poisson,6.0476,2.4592,0.4066,0,high demand - stable
14508013001,家福炊粉,B,normal,1.2381,1.0191,0.8231,1,medium demand - volatile
14508016001,家福炊粉(小),B,poisson,0.7143,0.8452,1.1832,2,medium demand - intermittent
14508017001,南興新竹100％純米米粉200g,B,poisson,1.6667,1.291,0.7746,1,medium demand - volatile
14508018001,佛祖牌新竹炊粉500g 佛祖牌新竹炊粉,C,poisson,0.1905,0.4364,2.2913,2,low demand - intermittent
14508022001,源順有機糙米米粉200g 源順有機糙米米,C,poisson,0.1429,0.378,2.6458,2,low demand - intermittent
14508898001,金鳳梨新竹炊粉210g*3 金鳳梨新竹炊粉,B,poisson,0.5714,0.7559,1.3229,2,medium demand - intermittent
14508899001,龍口新竹炊粉200g,A,poisson,5.5238,2.3503,0.4255,0,high demand - stable
14508903001,龍口特級炊粉 450g 龍口特級炊粉,B,poisson,0.4286,0.6547,1.5275,2,medium demand - intermittent
14508913001,虎牌純米米粉250g,B,poisson,1.7143,1.3093,0.7638,1,medium demand - volatile
14508918001,老鍋米粉-純米健康蔬食風味湯米粉60g-4,C,poisson,0.1429,0.378,2.6458,2,low demand - intermittent
14508924001,佛祖牌新竹炊粉900g 佛祖牌新竹炊粉,C,poisson,0.0476,0.2182,4.5826,2,low demand - intermittent
14509001001,龍口口味粉絲 300g,A,poisson,11.1905,3.3452,0.2989,0,high demand - stable
14509002001,曾蒙牛職人麵舖-麻辣鴨血寬粉 540g,C,poisson,0.0952,0.3086,3.2404,2,low demand - intermittent
14509005001,日正台灣麵攤寬粉絲150g,B,poisson,0.7619,0.8729,1.1456,2,medium demand - intermittent
14509006001,龍口口味粉絲(量販包) 720g,B,poisson,0.3333,0.5774,1.7321,2,medium demand - intermittent
14509007001,台光超級粉絲 600g 台光綠豆粉絲 6,B,poisson,0.5714,0.7559,1.3229,2,medium demand - intermittent
14509008001,虎牌綠豆粉絲 450g,A,poisson,8.6667,2.9439,0.3397,0,high demand - stable
14509009001,曾蒙牛職人麵舖-紅燒牛肉細粉 460g 紅燒牛肉細粉,C,poisson,0.1429,0.378,2.6458,2,low demand - intermittent
14509010001,龍口埔里水粉400g 龍口埔里水粉40,B,poisson,1.4762,1.215,0.8231,1,medium demand - volatile
14509011001,龍口特級寬粉 300g,C,poisson,0.1905,0.4364,2.2913,2,low demand - intermittent
14509013001,日正粉絲150g *日正粉絲150,B,poisson,0.619,0.7868,1.271,2,medium demand - intermittent
14509015001,中農寶鼎100％純綠豆粉絲180g,B,poisson,0.5714,0.7559,1.3229,2,medium demand - intermittent
14509016001,龍皇粉絲三把 90g 龍皇粉絲三把,B,poisson,1.3333,1.1547,0.866,1,medium demand - volatile
14509017001,韓國不倒翁正Q火鍋冬粉100g 不倒翁火鍋冬粉,B,poisson,0.3333,0.5774,1.7321,2,medium demand - intermittent
14509021001,金龍一番日式豚骨杯39g 春雨日式豚骨杯,C,poisson,0.0476,0.2182,4.5826,2,low demand - intermittent
14509024001,中農經典寬粉200g,C,poisson,0.1905,0.4364,2.2913,2,low demand - intermittent
14509025001,中農經典粉絲200g,C,poisson,0.0476,0.2182,4.5826,2,low demand - intermittent
14509027001,家樂福細粉絲90g,B,poisson,0.619,0.7868,1.271,2,medium demand - intermittent
14509028001,家樂福細粉絲 300g 家福細粉絲,B,poisson,0.8095,0.8997,1.1114,2,medium demand - intermittent
14509035001,金龍一番紅燒牛肉杯41g,C,poisson,0.0952,0.3086,3.2404,2,low demand - intermittent
14509036001,中農網裝冬粉380g,B,normal,1.2857,0.9828,0.7644,1,medium demand - volatile
14509037001,金龍一番韓式泡菜杯35.5g,C,poisson,0.0476,0.2182,4.5826,2,low demand - intermittent
14509042001,韓國Otaste辣炒年糕冬粉杯-原味128g 辣炒年糕冬粉杯,B,poisson,0.3333,0.5774,1.7321,2,medium demand - intermittent
14510004001,西螺金農上等米(圓二)3kg,A,poisson,7.7143,2.7775,0.36,0,high demand - stable
14510005001,大倉池農香米(圓ㄧ)1.5Kg,B,poisson,0.4762,0.6901,1.4491,2,medium demand - intermittent
14510007001,家樂福花蓮富里芋香米(圓二),A,poisson,6.1429,2.4785,0.4035,0,high demand - stable
14510010001,西螺金農長鮮米(長三) 3kg,B,normal,1.1429,1.0817,0.9465,1,medium demand - volatile
14510014001,義美純淨精米2.6Kg 適合米飯,B,poisson,0.5238,0.7237,1.3817,2,medium demand - intermittent
14510015001,天生好米黃金比例(圓二)2kg,B,poisson,0.4286,0.6547,1.5275,2,medium demand - intermittent
14510025001,金農履歷一等白鷺鷥巡米(圓一)2kg,A,poisson,6.0,2.4495,0.4082,0,high demand - stable
14510026001,家樂福花蓮有機長秈白米 適合炒飯,B,poisson,0.619,0.7868,1.271,2,medium demand - intermittent
14510029001,家樂福泰國香米1kg,A,poisson,5.0952,2.2573,0.443,0,high demand - stable
14510030001,台東關山鎮農會關山米 (圓二)6kg,B,poisson,1.0952,1.0465,0.9555,1,medium demand - volatile
14510031001,天生好米花東一等米(圓一)2.4kg,C,poisson,0.0476,0.2182,4.5826,2,low demand - intermittent
14510033001,西螺金農禾選米(圓三)3kg,A,poisson,5.5238,2.3503,0.4255,0,high demand - stable
14510037001,中興鮨壽司米(圓ㄧ)3kg,B,poisson,0.4286,0.6547,1.5275,2,medium demand - intermittent
14510038001,日本一番米(圓一)2Kg,C,poisson,0.2857,0.5345,1.8708,2,low demand - intermittent
14510039001,天生好米優質特級米3kg,A,poisson,26.0,5.099,0.1961,0,high demand - stable
14510041001,金農履歷一等小農種米(圓一)2kg,A,poisson,6.4286,2.5355,0.3944,0,high demand - stable
14510050001,三好履歷契作有身分證米(圓一)3Kg,A,poisson,19.381,4.4024,0.2271,0,high demand - stable
14510057001,家樂福泰國香米(長二)4Kg,A,poisson,4.0952,2.0237,0.4942,0,high demand - stable
14510058001,金農一等泰國香米(長一)2kg,B,normal,1.0,1.0235,1.0235,2,medium demand - intermittent
14510068001,三好台灣米長鮮米(長三)2.7kg,B,poisson,1.2857,1.1339,0.8819,1,medium demand - volatile
14510069001,池上多力池上鮮米(圓一)2.5Kg,A,poisson,5.1905,2.2783,0.4389,0,high demand - stable
14510084001,天生好米花東芋香米(圓二)2.2kg,B,poisson,0.619,0.7868,1.271,2,medium demand - intermittent
14510090001,皇家榖堡台梗九號米(圓二)2.5g,B,poisson,0.8095,0.8997,1.1114,2,medium demand - intermittent
14510098001,中興無洗米(圓ㄧ)3Kg,A,poisson,2.1905,1.48,0.6757,1,high demand - volatile
14510099001,嚴選池上稻香鮮米(圓二)2Kg,B,poisson,0.5238,0.7237,1.3817,2,medium demand - intermittent
14510100001,家樂福花蓮富里壽司米(圓一),A,poisson,4.7619,2.1822,0.4583,0,high demand - stable
14510101001,天生好米花蓮富里特級米(圓二)9Kg,B,poisson,2.1429,1.4639,0.6831,1,medium demand - volatile
14510103001,池上壹等特賞米6kg,A,poisson,3.2381,1.7995,0.5557,1,high demand - volatile
14510107001,皇家穀堡一等特賞米(圓ㄧ)2.5Kg,A,poisson,13.9048,3.7289,0.2682,0,high demand - stable
14510109001,金農一等西螺米(圓ㄧ)2.8Kg,A,poisson,4.619,2.1492,0.4653,0,high demand - stable
14510110001,台東關山鎮農會經典香米(圓二),A,poisson,4.3333,2.0817,0.4804,0,high demand - stable
14510111001,三好履歷契作台灣越光米1.5kg,A,poisson,5.0,2.2361,0.4472,0,high demand - stable
14510118001,花蓮富里台灣越光米(圓二)2.5kg,B,poisson,1.2857,1.1339,0.8819,1,medium demand - volatile
14510121001,天生好米有機生態一等米,C,poisson,0.0476,0.2182,4.5826,2,low demand - intermittent
14510123001,中興米幸福無洗履歷米2kg,A,poisson,2.8571,1.6903,0.5916,1,high demand - volatile
14510127001,三好履歷台梗九號米(圓三)2.2kg,B,poisson,2.2857,1.5119,0.6614,1,medium demand - volatile
14510133001,金農履歷一等台灣越光米1.8Kg,A,poisson,3.7143,1.9272,0.5189,1,high demand - volatile
14510139001,台東關山好米(圓二)9kg,A,poisson,11.1905,3.3452,0.2989,0,high demand - stable
14510140001,天生好米月之米(圓二)2kg,A,poisson,3.3333,1.8257,0.5477,1,high demand - volatile
14510145001,樂米穀場-花蓮富里契作有機糙米,B,poisson,0.7143,0.8452,1.1832,2,medium demand - intermittent
14510147001,天生好米富里履歷契作米 3Kg,B,poisson,1.0,1.0,1.0,1,medium demand - volatile
14510148001,三好履歷芋香米2.2kg(圓一),B,poisson,1.9048,1.3801,0.7246,1,medium demand - volatile
14510150001,天生好米嚴選月之米6kg,A,poisson,9.1905,3.0316,0.3299,0,high demand - stable
14510153001,天生好米嚴選黃金比例6kg,A,poisson,3.4286,1.8516,0.5401,1,high demand - volatile
14510159001,台東關山鎮農會良質米2.5kg,B,normal,1.8571,0.9897,0.5329,1,medium demand - volatile
14510161001,三好履歷台南11號米 6Kg,B,poisson,0.3333,0.5774,1.7321,2,medium demand - intermittent
14510175001,三好ㄧ等壽司米(圓一)2.7kg,A,poisson,5.0,2.2361,0.4472,0,high demand - stable
14510176001,大倉池農池上契作栽培米(圓二)6kg,B,poisson,0.5714,0.7559,1.3229,2,medium demand - intermittent
14510180001,樂米穀場-花蓮富里契作台灣越光米2kg,B,poisson,0.7619,0.8729,1.1456,2,medium demand - intermittent
14510184001,三好CAS驗證米(圓一)6kg,C,poisson,0.0952,0.3086,3.2404,2,low demand - intermittent
14510186001,日本新潟越光米4Kg,B,poisson,0.4762,0.6901,1.4491,2,medium demand - intermittent
14510190001,天生好米富里履歷越光米 1.5Kg,B,normal,1.1429,1.0817,0.9465,1,medium demand - volatile
14510194001,皇家穀堡冠軍米147 1.8Kg,C,poisson,0.0476,0.2182,4.5826,2,low demand - intermittent
14510196001,三好履歷台南11號米1.8Kg,B,poisson,1.5238,1.2344,0.8101,1,medium demand - volatile
14510199001,樂米穀場-台東池上競賽履歷米2kg,A,poisson,3.0952,1.7593,0.5684,1,high demand - volatile
14510202001,義美蓬萊寶養米(圓二)1.5Kg 適合米飯,C,poisson,0.0952,0.3086,3.2404,2,low demand - intermittent
14510205001,花蓮越光米1.5kg,B,poisson,0.7143,0.8452,1.1832,2,medium demand - intermittent
14510206001,富里農會有機白米1.5kg,C,poisson,0.1905,0.4364,2.2913,2,low demand - intermittent
14510210001,三好一等皇家香米2.2kg(長一),B,poisson,0.9048,0.9512,1.0513,2,medium demand - intermittent
14510213001,金農米特栽壽司米2.4 Kg,C,poisson,0.2857,0.5345,1.8708,2,low demand - intermittent
14510215001,三好一等大師壽司米(圓一)2.5kg,C,poisson,0.1429,0.378,2.6458,2,low demand - intermittent
14510218001,三好花蓮優質米(圓二)2Kg,A,poisson,3.7619,1.9396,0.5156,1,high demand - volatile
14510225001,中興米台灣魯肉飯(圓一)2.5Kg,C,poisson,0.0952,0.3086,3.2404,2,low demand - intermittent
14510227001,皇家穀堡御用台東米(圓ㄧ)2.5Kg,B,poisson,0.619,0.7868,1.271,2,medium demand - intermittent
14510233001,樂米穀場初雪美姬米 1.5Kg,A,poisson,3.0,1.7321,0.5774,1,high demand - volatile
14510246001,三好一等米(圓一)5Kg,B,normal,1.1905,0.906,0.7611,1,medium demand - volatile
14510252001,皇家榖堡皇家台東米(圓ㄧ)3Kg,A,poisson,5.6667,2.3805,0.4201,0,high demand - stable
14510253001,皇家榖堡關山榖堡米(圓ㄧ)3Kg,B,poisson,0.5714,0.7559,1.3229,2,medium demand - intermittent
14510255001,日本新潟特A級越光米800g,B,poisson,0.4762,0.6901,1.4491,2,medium demand - intermittent
14510258001,中興外銷日本之米(圓ㄧ)3Kg,A,poisson,13.6667,3.6968,0.2705,0,high demand - stable
14510259001,天生好米履歷一等吟釀米2.2Kg,B,poisson,0.5714,0.7559,1.3229,2,medium demand - intermittent
14510265001,天生好米履歷一等壽司米2.2Kg,B,poisson,2.0,1.4142,0.7071,1,medium demand - volatile
14510287001,金農米稻米達人履歷特賞香米(桃園3號)1.5k,C,poisson,0.2857,0.5345,1.8708,2,low demand - intermittent
14510288001,金農米稻米達人履歷台梗九號米1.5kg,C,poisson,0.1905,0.4364,2.2913,2,low demand - intermittent
14510290001,金農米稻米達人履歷一等台灣越光米1.5kg,C,poisson,0.0476,0.2182,4.5826,2,low demand - intermittent
14511001001,三好履歷糙米 2.2Kg,B,poisson,1.0476,1.0235,0.977,1,medium demand - volatile
14511005001,義美美味糙米2.6Kg 適合米飯,B,poisson,0.8095,0.8997,1.1114,2,medium demand - intermittent
14511007001,皇家穀堡胚芽糙米(圓ㄧ)2.5Kg,B,normal,1.0,1.069,1.069,2,medium demand - intermittent
14511011001,皇家穀堡糙米(圓ㄧ)2.5Kg,B,normal,1.9524,1.4953,0.7659,1,medium demand - volatile
14511014001,天生好米履歷鷺巡一等糙米2.2kg,A,poisson,3.0476,1.7457,0.5728,1,high demand - volatile
14511021001,富里農會有機糙米1.5kg,C,poisson,0.2381,0.488,2.0494,2,low demand - intermittent
14511022001,樂米穀場-台東池上競賽履歷糙米2kg,B,poisson,0.619,0.7868,1.271,2,medium demand - intermittent
14511026001,台東池上大地黑米1kg,B,normal,1.0476,0.8985,0.8576,1,medium demand - volatile
14511034001,三好胚芽糙米(圓三)3Kg,C,poisson,0.1429,0.378,2.6458,2,low demand - intermittent
14511036001,台東關山鎮農會胚芽米(圓二) 2,B,poisson,1.619,1.2724,0.7859,1,medium demand - volatile
14511051001,皇家榖堡莊園黑米1kg,A,poisson,6.381,2.5261,0.3959,0,high demand - stable
14511052001,皇家榖堡莊園紫米1kg,A,poisson,4.3333,2.0817,0.4804,0,high demand - stable
14511056001,皇家穀堡一等特賞糙米(圓ㄧ)2.5Kg,A,poisson,4.1429,2.0354,0.4913,0,high demand - stable
14511057001,樂米穀場花蓮富里養生軟糙米(圓二)3Kg,B,poisson,0.381,0.6172,1.6202,2,medium demand - intermittent
14511071001,樂米穀場-台東關山契作胚芽鮮米,C,poisson,0.2381,0.488,2.0494,2,low demand - intermittent
14511076001,三好一等糙米3kg,B,poisson,0.5238,0.7237,1.3817,2,medium demand - intermittent
14511080001,天生好米履歷一等玄糙米2.2Kg,B,normal,1.0952,1.0648,0.9722,1,medium demand - volatile
14512005001,桂格三寶燕麥1.80 Kg 適合米飯,B,poisson,0.4286,0.6547,1.5275,2,medium demand - intermittent
14512007001,桂格免浸泡五穀飯1.8 Kg 適合米飯,B,poisson,1.6667,1.291,0.7746,1,medium demand - volatile
14512013001,日正十穀米1.2Kg 適合米飯,B,normal,0.9524,0.8985,0.9434,1,medium demand - volatile
14512015001,家福十榖米,B,poisson,0.4286,0.6547,1.5275,2,medium demand - intermittent
14512023001,花蓮富里臻黑米1kg,C,poisson,0.1905,0.4364,2.2913,2,low demand - intermittent
14512025001,天生好米有機生態一等糙米,C,poisson,0.2857,0.5345,1.8708,2,low demand - intermittent
14512035001,三好十七穀米1.2Kg,B,poisson,0.381,0.6172,1.6202,2,medium demand - intermittent
14512123001,中興養生十榖米1.2Kg,C,poisson,0.1905,0.4364,2.2913,2,low demand - intermittent
14512899001,桂格十錦珍穀 1.7Kg 適合米飯,B,normal,1.3333,1.4584,1.0938,2,medium demand - intermittent
14512916001,馬玉山五榖米 3Kg 適合米飯,B,poisson,0.6667,0.8165,1.2247,2,medium demand - intermittent
14520044001,韓味不二夏林蔘雞湯,C,poisson,0.2857,0.5345,1.8708,2,low demand - intermittent
14520065001,康寶濃湯自然原味火腿玉米49.7g,A,poisson,11.5238,3.3947,0.2946,0,high demand - stable
14520066001,康寶濃湯-自然原味火腿蘑菇41.4G 康寶火腿蘑菇濃,B,poisson,1.0476,1.0235,0.977,1,medium demand - volatile
14520067001,康寶濃湯-自然原味香菇雞蓉36.5 G 康寶香菇雞蓉濃,A,poisson,2.7143,1.6475,0.607,1,high demand - volatile
14520068001,康寶濃湯-自然原味雞蓉玉米54.1G,A,poisson,6.0952,2.4689,0.405,0,high demand - stable
14521012001,味王紫菜湯35g,B,poisson,0.7143,0.8452,1.1832,2,medium demand - intermittent
14521019001,馬玉山高纖馬鈴薯濃湯,C,poisson,0.0476,0.2182,4.5826,2,low demand - intermittent
14521085001,味王蔬食紫菜湯 35g,B,poisson,0.381,0.6172,1.6202,2,medium demand - intermittent
14521147001,真好家香菇味噌湯9g*6,C,poisson,0.1429,0.378,2.6458,2,low demand - intermittent
14521156001,康寶濃湯-自然原味川式酸辣50.2g,A,poisson,3.1429,1.7728,0.5641,1,high demand - volatile
14521157001,康寶濃湯-自然原味金黃玉米56.3G,A,poisson,13.7143,3.7033,0.27,0,high demand - stable
14521158001,康寶濃湯-自然原味港式酸辣46.6G,A,poisson,8.2381,2.8702,0.3484,0,high demand - stable
14521159001,康寶濃湯-自然原味蕃茄馬鈴薯41.4G 康寶蕃茄馬鈴薯,B,poisson,1.1905,1.0911,0.9165,1,medium demand - volatile
14521166001,康寶新奶油風味獨享杯玉米 康寶獨享杯玉米,B,poisson,1.619,1.2724,0.7859,1,medium demand - volatile
14521168001,康寶新奶油風味獨享杯蘑菇 康寶獨享杯蘑菇,B,poisson,0.8095,0.8997,1.1114,2,medium demand - intermittent
14521178001,VONO醇緻原味-玉米濃湯57.6g VONO玉米濃湯,B,poisson,1.8571,1.3628,0.7338,1,medium demand - volatile
14521179001,VONO醇緻原味-馬鈴薯濃湯46.5g VONO馬鈴薯濃湯,B,poisson,1.4762,1.215,0.8231,1,medium demand - volatile
14521180001,VONO醇緻原味-南瓜濃湯52.2g VONO南瓜濃湯,B,normal,1.2381,1.0648,0.86,1,medium demand - volatile
14521181001,VONO醇緻原味-起司濃湯54g VONO起司濃湯,B,poisson,1.8095,1.3452,0.7434,1,medium demand - volatile
14522015001,湯廚新英倫蛤蠣巧達湯 533g 蛤蠣巧達湯,C,poisson,0.1429,0.378,2.6458,2,low demand - intermittent
14522043001,真好家柴魚味噌湯7.5g*6,C,poisson,0.2381,0.488,2.0494,2,low demand - intermittent
14522044001,真好家柴魚海帶嫩芽湯,C,poisson,0.0476,0.2182,4.5826,2,low demand - intermittent
14522048001,康寶濃湯-自然原味干貝雪菜43.1g 康寶濃湯干貝雪,B,poisson,1.0952,1.0465,0.9555,1,medium demand - volatile
14522049001,康寶濃湯-自然原味香蟹南瓜42.2G 康寶香蟹南瓜濃,B,normal,2.0952,1.4444,0.6894,1,medium demand - volatile
14522050001,康寶濃湯-自然原味海鮮總匯38.3G 康寶海鮮總匯濃,B,poisson,2.1429,1.4639,0.6831,1,medium demand - volatile
14522051001,康寶濃湯-自然原味銀魚海帶芽37G 康寶銀魚海帶芽,A,poisson,2.4286,1.5584,0.6417,1,high demand - volatile
14522059001,康寶新奶油風味獨享杯香蟹海鮮 康寶獨享杯海鮮,B,poisson,0.6667,0.8165,1.2247,2,medium demand - intermittent
14522065001,康寶濃湯味噌海帶芽豆腐湯34.7g,B,poisson,1.1429,1.069,0.9354,1,medium demand - volatile
14522066001,李錦記叻沙濃湯 200g 李錦記叻沙濃湯,C,poisson,0.1429,0.378,2.6458,2,low demand - intermittent
14523028001,職人料理黑椒牛柳 職人料理黑椒牛,B,poisson,0.8571,0.9258,1.0801,2,medium demand - intermittent
14523029001,職人料理精燉豚肉 職人料理精燉豚,B,poisson,0.4762,0.6901,1.4491,2,medium demand - intermittent
14523030001,職人料理川味辣雞 職人料理川味辣,B,poisson,0.619,0.7868,1.271,2,medium demand - intermittent
14523031001,職人料理和風咖哩雞 職人料理和風咖,B,poisson,1.0952,1.0465,0.9555,1,medium demand - volatile
14523101001,宗家府泡菜煎餅 宗家府泡菜煎餅,C,poisson,0.0476,0.2182,4.5826,2,low demand - intermittent
14523104001,樂雅樂印度風牛肉咖哩,B,normal,0.9524,0.9989,1.0488,2,medium demand - intermittent
14523107001,樂雅樂橫濱牛肉咖哩,B,poisson,0.4286,0.6547,1.5275,2,medium demand - intermittent
14524015001,得意的一天蝦仁干貝海鮮享吃粥 得意的一天蝦仁,C,poisson,0.1905,0.4364,2.2913,2,low demand - intermittent
14524043001,高頓粥 椒香牛肉 高頓粥 椒香牛,C,poisson,0.1905,0.4364,2.2913,2,low demand - intermittent
14524044001,高頓粥 濃郁豚骨 高頓粥 濃郁豚,C,poisson,0.2857,0.5345,1.8708,2,low demand - intermittent
14600003001,味好美自磨式純淨海鹽 60g 自磨式純淨海鹽,C,poisson,0.2381,0.488,2.0494,2,low demand - intermittent
14600005001,台鹽高級碘鹽 1Kg 碘鹽,A,poisson,13.0952,3.6187,0.2763,0,high demand - stable
14600007001,減鈉含碘鹽 600g,B,poisson,1.0952,1.0465,0.9555,1,medium demand - volatile
14600010001,小磨坊自調式研磨器玫瑰鹽78g 小磨坊玫瑰鹽,B,poisson,0.3333,0.5774,1.7321,2,medium demand - intermittent
14600011001,台鹽美味含碘鹽300g,B,poisson,2.0952,1.4475,0.6908,1,medium demand - volatile
14600013001,台鹽減鈉含碘鹽300g,A,poisson,3.8095,1.9518,0.5123,1,high demand - volatile
14600017001,日本盒裝家庭料理鹽 產地日本神奈川,B,normal,1.0952,0.9209,0.8408,1,medium demand - volatile
14600020001,無碘鹽 健康無碘鹽,B,poisson,0.8571,0.9258,1.0801,2,medium demand - intermittent
14600021001,紐西蘭日曬天然海鹽 300g 有機天然海鹽,B,poisson,1.5238,1.2344,0.8101,1,medium demand - volatile
14600022001,紐西蘭細精鹽400g 紐西蘭細精鹽,B,poisson,0.4286,0.6547,1.5275,2,medium demand - intermittent
14600023001,台鹽特級碘鹽 1Kg 台鹽特級碘鹽,A,poisson,12.2857,3.5051,0.2853,0,high demand - stable
14600025001,台鹽含碘海鹽 300g 精緻含碘海鹽,B,poisson,1.6667,1.291,0.7746,1,medium demand - volatile
14600026001,味好美自磨式喜馬拉雅玫瑰鹽 自磨式喜馬拉雅,C,poisson,0.2381,0.488,2.0494,2,low demand - intermittent
14600030001,天廚喜馬拉雅山岩鹽 細粒400g 天廚喜馬拉雅山,B,poisson,1.381,1.1751,0.851,1,medium demand - volatile
14600032001,台鹽原味料理海鹽 500g,B,poisson,0.7619,0.8729,1.1456,2,medium demand - intermittent
14600041001,飛馬蒜味胡椒鹽,C,poisson,0.0476,0.2182,4.5826,2,low demand - intermittent
14600898001,統一生機海鹽-立袋450g 統一生機海鹽,B,normal,1.8571,1.1664,0.6281,1,medium demand - volatile
14600899001,統一生機海鹽-小罐300g,B,poisson,1.0952,1.0465,0.9555,1,medium demand - volatile
14600907001,喜馬拉雅山玫瑰細鹽500克 玫瑰細鹽(袋裝,B,poisson,0.4286,0.6547,1.5275,2,medium demand - intermittent
14600912001,台鹽氟碘鹽300g 台健康氟碘鹽,B,poisson,0.619,0.7868,1.271,2,medium demand - intermittent
14600999001,統一生機日曬海鹽2公斤 日曬海鹽,B,poisson,0.381,0.6172,1.6202,2,medium demand - intermittent
14601001001,味王味精 500g,B,poisson,1.7143,1.3093,0.7638,1,medium demand - volatile
14601003001,味全高鮮味精200g(罐裝),B,poisson,1.5238,1.2344,0.8101,1,medium demand - volatile
14601004001,味全高鮮味精 500g,A,poisson,4.0476,2.0119,0.4971,0,high demand - stable
14601009001,康寶鮮雞晶 220g 康寶鮮雞晶,C,poisson,0.1905,0.4364,2.2913,2,low demand - intermittent
14601010001,李錦記鮮味雞粉 273g 鮮味雞粉,C,poisson,0.2381,0.488,2.0494,2,low demand - intermittent
14601012001,康寶自然鮮嫩雞風味調味料 嫩雞風味調味料,C,poisson,0.0476,0.2182,4.5826,2,low demand - intermittent
14601015001,烹大師鰹魚調味料192g 烹大師鰹魚調味,B,poisson,0.7143,0.8452,1.1832,2,medium demand - intermittent
14601016001,工研鰹魚風味調味料 1Kg 鰹魚風味調味料,C,poisson,0.1429,0.378,2.6458,2,low demand - intermittent
14601019001,味王味精1000g 味王味精,C,poisson,0.2381,0.488,2.0494,2,low demand - intermittent
14601026001,康寶全新鮮味炒手原味500g,A,poisson,6.0476,2.4592,0.4066,0,high demand - stable
14601027001,味丹御品高鮮味精 500g 御品高鮮味精,B,poisson,0.5714,0.7559,1.3229,2,medium demand - intermittent
14601028001,康寶鮮雞晶 500g,B,poisson,0.3333,0.5774,1.7321,2,medium demand - intermittent
14601030001,康寶全新鮮味炒手素食500g,B,poisson,2.1905,1.48,0.6757,1,medium demand - volatile
14601031001,康寶全新鮮味炒手原味240g 炒手原味240g,A,poisson,2.2381,1.496,0.6684,1,high demand - volatile
14601032001,味丹味正味精 500g 味正味精,C,poisson,0.2857,0.5345,1.8708,2,low demand - intermittent
14601046001,烹大師干貝風味調味料120g 干貝風味調味料,B,poisson,0.3333,0.5774,1.7321,2,medium demand - intermittent
14601047001,烹大師干貝風味調味料500g 烹大師干貝風味,B,poisson,1.5714,1.2536,0.7977,1,medium demand - volatile
14601051001,康寶鮮雞晶120g 康寶鮮雞晶120g,B,poisson,0.7619,0.8729,1.1456,2,medium demand - intermittent
14601063001,味全高鮮蔬果本味調味料 320g 味全高鮮蔬果本,B,poisson,0.4762,0.6901,1.4491,2,medium demand - intermittent
14601065001,烹大師鰹魚風味調味料(罐)65g 鰹魚風味(神奈川,B,poisson,0.9524,0.9759,1.0247,2,medium demand - intermittent
14601067001,烹大師鰹魚風味調味料 50g 鰹魚風味(神奈川,B,poisson,0.5238,0.7237,1.3817,2,medium demand - intermittent
14601073001,味全高鮮香菇鮮味調味料 320g 味全高鮮香菇風,B,poisson,0.381,0.6172,1.6202,2,medium demand - intermittent
14601899001,烹大師干貝風味調味料40g 烹大師干貝40g,C,poisson,0.1429,0.378,2.6458,2,low demand - intermittent
14601999001,烹大師鰹魚調味料450g 烹大師鰹魚調味,B,poisson,1.5714,1.2536,0.7977,1,medium demand - volatile
14602002001,小磨坊鹽酥雞椒鹽粉40g 鹽酥雞椒鹽,B,poisson,1.1429,1.069,0.9354,1,medium demand - volatile
14602011001,小磨坊黑胡椒粉28g 小磨坊黑胡椒粉,B,poisson,0.7619,0.8729,1.1456,2,medium demand - intermittent
14602013001,味好美自磨式七彩胡椒粒24g 自磨式七彩胡椒,C,poisson,0.0476,0.2182,4.5826,2,low demand - intermittent
14602022001,味好美嚴選粗粒黑胡椒 味好美粗黑胡椒,B,poisson,0.6667,0.8165,1.2247,2,medium demand - intermittent
14602023001,小磨坊粗粒黑胡椒30g 小磨坊粗粒黑胡,B,poisson,1.5238,1.2344,0.8101,1,medium demand - volatile
14602024001,飛馬日式七味唐辛子35g,C,poisson,0.0476,0.2182,4.5826,2,low demand - intermittent
14602025001,飛馬正品五香粉30g,C,poisson,0.1905,0.4364,2.2913,2,low demand - intermittent
14602026001,小磨坊白胡椒粉30g 小磨坊白胡椒粉,B,normal,1.1905,1.0963,0.9209,1,medium demand - volatile
14602029001,飛馬100％純白胡椒粉45g,B,poisson,0.381,0.6172,1.6202,2,medium demand - intermittent
14602030001,飛馬粗粒純黑胡椒45g,C,poisson,0.0952,0.3086,3.2404,2,low demand - intermittent
14602033001,小磨坊鹹酥雞椒鹽粉300g 鹹酥雞椒鹽粉,C,poisson,0.0476,0.2182,4.5826,2,low demand - intermittent
14602034001,小磨坊粗黑胡椒200g 粗黑胡椒,B,poisson,0.4762,0.6901,1.4491,2,medium demand - intermittent
14602035001,小磨坊黑胡椒粉200g 黑胡椒粉,B,poisson,0.4286,0.6547,1.5275,2,medium demand - intermittent
14602036001,小磨坊白胡椒粉200g 白胡椒粉,B,poisson,0.4762,0.6901,1.4491,2,medium demand - intermittent
14602037001,小磨坊胡椒鹽300g 胡椒鹽,C,poisson,0.2857,0.5345,1.8708,2,low demand - intermittent
14602044001,小磨坊濃香五香粉20g 小磨坊五香粉,B,poisson,0.381,0.6172,1.6202,2,medium demand - intermittent
14602045001,飛馬椒鹽粉60g,C,poisson,0.0952,0.3086,3.2404,2,low demand - intermittent
14602047001,小磨坊紅辣椒粉27g 小磨坊紅辣椒粉,B,poisson,0.3333,0.5774,1.7321,2,medium demand - intermittent
14602049001,小磨坊檸香椒鹽42g 小磨坊檸香椒鹽,B,poisson,0.4762,0.6901,1.4491,2,medium demand - intermittent
14602050001,秘密味蕾-黑胡椒粗粒50g 秘密味蕾-黑胡,B,poisson,0.5238,0.7237,1.3817,2,medium demand - intermittent
14602051001,小磨坊香蒜粒35g 小磨坊香蒜粒,B,poisson,0.3333,0.5774,1.7321,2,medium demand - intermittent
14602052001,小磨坊湯用胡椒粉26g 湯用胡椒粉,C,poisson,0.0952,0.3086,3.2404,2,low demand - intermittent
14602055001,小磨坊新疆孜然粉24g 新疆孜然粉,B,poisson,0.381,0.6172,1.6202,2,medium demand - intermittent
14602058001,味好美嚴選黑胡椒粉 味好美黑胡椒粉,B,poisson,0.4286,0.6547,1.5275,2,medium demand - intermittent
14602060001,味好美嚴選黑胡椒鹽 味好美黑胡椒鹽,B,poisson,0.5238,0.7237,1.3817,2,medium demand - intermittent
14602061001,味好美嚴選白胡椒粉 味好美白胡椒粉,C,poisson,0.2381,0.488,2.0494,2,low demand - intermittent
14602062001,小磨坊精選八角粒10g 小磨坊精選八角,B,poisson,0.8571,0.9258,1.0801,2,medium demand - intermittent
14602063001,味好美嚴選白胡椒鹽 味好美白胡椒鹽,B,poisson,0.7143,0.8452,1.1832,2,medium demand - intermittent
14602064001,小磨坊麻辣花椒粒10g,C,poisson,0.2381,0.488,2.0494,2,low demand - intermittent
14602074001,秘密味蕾-白胡椒粉50g 秘密味蕾-白胡,C,poisson,0.1429,0.378,2.6458,2,low demand - intermittent
14602075001,飛馬山葵椒鹽60g 飛馬山葵椒鹽60,C,poisson,0.0952,0.3086,3.2404,2,low demand - intermittent
14602085001,真好家白胡椒粉(罐)290g,C,poisson,0.0476,0.2182,4.5826,2,low demand - intermittent
14602086001,真好家黑胡椒粉(罐)210g,C,poisson,0.0476,0.2182,4.5826,2,low demand - intermittent
14602087001,真好家黑胡椒粗粒(罐)275g,C,poisson,0.0952,0.3086,3.2404,2,low demand - intermittent
14602089001,真好家黑胡椒鹽(罐)400g,C,poisson,0.0952,0.3086,3.2404,2,low demand - intermittent
14602091001,真好家椒鹽粉(罐)400g,C,poisson,0.1905,0.4364,2.2913,2,low demand - intermittent
14602092001,真好家白胡椒鹽(罐)485g,C,poisson,0.0952,0.3086,3.2404,2,low demand - intermittent
14602093001,飛馬甘草粉25g,C,poisson,0.0476,0.2182,4.5826,2,low demand - intermittent
14602097001,飛馬粗片紅辣椒25g,C,poisson,0.0476,0.2182,4.5826,2,low demand - intermittent
14602098001,飛馬新疆孜然粉35g,C,poisson,0.1429,0.378,2.6458,2,low demand - intermittent
14602099001,飛馬胡椒鹽60g,C,poisson,0.1429,0.378,2.6458,2,low demand - intermittent
14602100001,飛馬甘梅粉60g,C,poisson,0.0952,0.3086,3.2404,2,low demand - intermittent
14602101001,飛馬細粉紅辣椒35g,C,poisson,0.0476,0.2182,4.5826,2,low demand - intermittent
14602107001,小磨坊白胡椒鹽40g 小磨坊白胡椒鹽,B,poisson,0.9048,0.9512,1.0513,2,medium demand - intermittent
14602110001,飛馬白胡椒粒50g,C,poisson,0.1429,0.378,2.6458,2,low demand - intermittent
14602112001,真好家白胡椒減鈉鹽60g,C,poisson,0.0952,0.3086,3.2404,2,low demand - intermittent
14602113001,真好家黑胡椒減鈉鹽60g,C,poisson,0.1429,0.378,2.6458,2,low demand - intermittent
14602115001,小磨坊自調式研磨器鮮磨白胡椒45g 小磨坊鮮磨白胡,C,poisson,0.2381,0.488,2.0494,2,low demand - intermittent
14602116001,小磨坊自調式研磨器鮮磨黑胡椒42g 小磨坊鮮磨黑胡,C,poisson,0.1429,0.378,2.6458,2,low demand - intermittent
14602120001,真好家五香蒸肉粉 五香蒸肉粉,C,poisson,0.0952,0.3086,3.2404,2,low demand - intermittent
14603001001,益壽多蘋果蜂蜜速食咖哩125g 益壽多蘋果蜂蜜,C,poisson,0.0476,0.2182,4.5826,2,low demand - intermittent
14603003001,佛蒙特咖哩塊-甜味 230g,A,poisson,4.5238,2.1269,0.4702,0,high demand - stable
14603004001,佛蒙特咖哩塊-中辣 230g,B,poisson,1.8095,1.3452,0.7434,1,medium demand - volatile
14603005001,佛蒙特咖哩塊-辣味 230g 辣味(福岡),B,poisson,1.7619,1.3274,0.7534,1,medium demand - volatile
14603009001,小磨坊調味咖哩粉250g 印度咖哩粉,B,poisson,0.3333,0.5774,1.7321,2,medium demand - intermittent
14603010001,北海道白醬塊-奶油玉米180g 北海道白醬(靜岡,B,poisson,0.9524,0.9759,1.0247,2,medium demand - intermittent
14603012001,北海道白醬塊-奶油 180g 北海道白醬(靜岡,B,normal,1.0952,0.9712,0.8868,1,medium demand - volatile
14603013001,工研-益壽多中辣咖哩125g 中辣咖哩,C,poisson,0.0476,0.2182,4.5826,2,low demand - intermittent
14603014001,工研-益壽多辣味咖哩125g 工研-益壽多辣,C,poisson,0.0952,0.3086,3.2404,2,low demand - intermittent
14603019001,好侍爪哇咖哩-辣味185g 爪哇咖哩(福岡),B,normal,0.9524,1.09,1.1446,2,medium demand - intermittent
14603026001,工研-益壽多甘味咖哩125g 甘味咖哩,B,poisson,0.381,0.6172,1.6202,2,medium demand - intermittent
14603030001,好侍爪哇咖哩塊 (中辣) 185g 爪哇中辣(福岡),B,poisson,0.4762,0.6901,1.4491,2,medium demand - intermittent
14603038001,榖盛素食咖哩 220g,B,poisson,0.5238,0.7237,1.3817,2,medium demand - intermittent
14603116001,兒童咖哩-牛肉風味,C,poisson,0.0476,0.2182,4.5826,2,low demand - intermittent
14604001001,味好美肉桂粉26g 肉桂粉,C,poisson,0.0952,0.3086,3.2404,2,low demand - intermittent
14604005001,韓廚正宗韓國辣椒粉 252g 韓廚正宗韓國辣,C,poisson,0.1905,0.4364,2.2913,2,low demand - intermittent
14604019001,小磨坊大漠孜然風味調味料35g 小磨坊大漠孜然,C,poisson,0.1905,0.4364,2.2913,2,low demand - intermittent
14604027001,小磨坊香蒜黑胡椒調味料32g 小磨坊香蒜黑胡,B,poisson,0.381,0.6172,1.6202,2,medium demand - intermittent
14604032001,小磨坊肉桂粉20g 小磨坊肉桂粉,C,poisson,0.1905,0.4364,2.2913,2,low demand - intermittent
14604033001,小磨坊匈牙利紅椒粉26g 匈牙利紅椒粉,C,poisson,0.2857,0.5345,1.8708,2,low demand - intermittent
14604037001,小磨坊迷迭香葉20g 小磨坊迷迭香葉,B,poisson,0.5238,0.7237,1.3817,2,medium demand - intermittent
14604038001,小磨坊洋香菜葉9g 小磨坊洋香菜葉,B,poisson,0.3333,0.5774,1.7321,2,medium demand - intermittent
14604041001,小磨坊羅勒葉8g 小磨坊羅勒葉,B,poisson,0.3333,0.5774,1.7321,2,medium demand - intermittent
14604042001,小磨坊法式香草風味調味料32g 小磨坊法式香草,C,poisson,0.2381,0.488,2.0494,2,low demand - intermittent
14604047001,小磨坊義大利香料10g 義大利香料,B,poisson,0.6667,0.8165,1.2247,2,medium demand - intermittent
14604078001,小磨坊八角粒 150g 八角粒,C,poisson,0.1905,0.4364,2.2913,2,low demand - intermittent
14604080001,小磨坊五香粉250g 五香粉,C,poisson,0.1905,0.4364,2.2913,2,low demand - intermittent
14604112001,飛馬義大利香料15g 義大利香料,C,poisson,0.2381,0.488,2.0494,2,low demand - intermittent
14604114001,飛馬羅勒葉12g,C,poisson,0.0952,0.3086,3.2404,2,low demand - intermittent
14604117001,飛馬百里香葉15g 百里香葉,C,poisson,0.0476,0.2182,4.5826,2,low demand - intermittent
14604118001,飛馬印度咖哩粉35g,C,poisson,0.1429,0.378,2.6458,2,low demand - intermittent
14604119001,飛馬匈牙利紅椒粉40g,C,poisson,0.0476,0.2182,4.5826,2,low demand - intermittent
14604121001,飛馬香蒜粉45g,C,poisson,0.1429,0.378,2.6458,2,low demand - intermittent
14604254001,飛馬洋香菜葉,C,poisson,0.0952,0.3086,3.2404,2,low demand - intermittent
14604255001,飛馬日式七味唐辛子,C,poisson,0.0476,0.2182,4.5826,2,low demand - intermittent
14604256001,飛馬細粉紅辣椒,C,poisson,0.0952,0.3086,3.2404,2,low demand - intermittent
14604257001,飛馬粗片紅辣椒,C,poisson,0.0476,0.2182,4.5826,2,low demand - intermittent
14610001001,統一沙拉油760ml,A,poisson,2.2381,1.496,0.6684,1,high demand - volatile
14610002001,台糖大豆沙拉油2L,A,poisson,11.0952,3.331,0.3002,0,high demand - stable
14610004001,台糖大豆沙拉油600ml,A,poisson,2.2857,1.5119,0.6614,1,high demand - volatile
14610007001,泰山不飽和健康沙拉油2600ml,B,poisson,0.8095,0.8997,1.1114,2,medium demand - intermittent
14610008001,福壽不飽和大豆沙拉油2L,B,poisson,1.5238,1.2344,0.8101,1,medium demand - volatile
14610009001,福壽大豆沙拉油600cc,B,poisson,1.0952,1.0465,0.9555,1,medium demand - volatile
14610010001,泰山沙拉油600ml,B,normal,1.2857,1.0302,0.8012,1,medium demand - volatile
14610011001,台糖大豆沙拉油 3L,B,normal,1.9524,1.1329,0.5803,1,medium demand - volatile
14611001001,得意的一天100葵花油600ml 葵花油600ml,B,poisson,0.7619,0.8729,1.1456,2,medium demand - intermittent
14611002001,得意的一天100％葵花油1L,A,poisson,9.9524,3.1547,0.317,0,high demand - stable
14611007001,得意的一天單元純葵花油 得意的一天單元,B,poisson,0.3333,0.5774,1.7321,2,medium demand - intermittent
14611009001,福壽100％純葵花油2L,C,poisson,0.2857,0.5345,1.8708,2,low demand - intermittent
14611010001,得意的一天100％葵花油3.5L,A,poisson,33.619,5.7982,0.1725,0,high demand - stable
14611013001,得意的一天三益葵花油1.58L 健康三益葵花油,B,poisson,1.1429,1.069,0.9354,1,medium demand - volatile
14611014001,台糖100％葵花油 2L,C,poisson,0.1905,0.4364,2.2913,2,low demand - intermittent
14611015001,泰山活力元素純葵花油3L,B,poisson,0.5238,0.7237,1.3817,2,medium demand - intermittent
14611018001,泰山健康好理由純葵花油3.5L 泰山健康好理由,C,poisson,0.0952,0.3086,3.2404,2,low demand - intermittent
14611020001,奧利塔頂級葵花油750ml 頂級葵花油,B,poisson,1.3333,1.1547,0.866,1,medium demand - volatile
14611022001,得意的一天100％葵花油2.4L,A,poisson,10.3333,3.2146,0.3111,0,high demand - stable
14611025001,泰山活力元素純葵花油1L 泰山純葵花油1L,B,poisson,0.5238,0.7237,1.3817,2,medium demand - intermittent
14611899001,家福葵花油,B,poisson,1.381,1.1751,0.851,1,medium demand - volatile
14611901001,義美100％純葵花油1.5L 純葵花油1.5L,B,poisson,0.8571,0.9258,1.0801,2,medium demand - intermittent
14612005001,得意的一天清淡橄欖油 1L 清淡橄欖油,B,poisson,1.0,1.0,1.0,1,medium demand - volatile
14612012001,瑪伊娜有機冷壓特級橄欖油,B,poisson,0.619,0.7868,1.271,2,medium demand - intermittent
14612015001,泰山健康好理由100％橄欖油1L,B,poisson,0.9048,0.9512,1.0513,2,medium demand - intermittent
14612018002,得意的一天橄欖油 1000ml,A,poisson,10.4286,3.2293,0.3097,0,high demand - stable
14612021001,泰山第一道冷壓橄欖油,B,poisson,0.6667,0.8165,1.2247,2,medium demand - intermittent
14612031001,德麗莎特級初榨橄欖油 德麗莎初榨橄欖,C,poisson,0.1429,0.378,2.6458,2,low demand - intermittent
14612034001,奧利塔冷壓純橄欖油 1L,A,poisson,2.9048,1.7043,0.5867,1,high demand - volatile
14612035001,萊瑞100％初榨冷壓特級純橄欖油 初榨特級橄欖油,B,poisson,0.619,0.7868,1.271,2,medium demand - intermittent
14612039001,帝歐特級初榨橄欖油500ml 帝歐特級初,C,poisson,0.0476,0.2182,4.5826,2,low demand - intermittent
14612044001,王牌義多利100％純橄欖油1.5L *王牌義多利100,B,poisson,0.619,0.7868,1.271,2,medium demand - intermittent
14612059001,囍瑞100％第一道冷壓特級純橄油,B,poisson,0.9048,0.9512,1.0513,2,medium demand - intermittent
14612069001,王牌義多利冷壓初榨橄欖油1L 王牌義多利冷壓,C,poisson,0.0952,0.3086,3.2404,2,low demand - intermittent
14612075001,得意的一天100％純橄欖油2L 義大利純橄欖油,A,poisson,2.9048,1.7043,0.5867,1,high demand - volatile
14612088001,奧莉恩特級初榨橄欖油750ml,A,poisson,2.5714,1.6036,0.6236,1,high demand - volatile
14612900001,主廚精選第一道冷壓橄欖油,A,poisson,4.0,2.0,0.5,0,high demand - stable
14612916001,佳西亞特級冷壓初榨橄欖油 冷壓初榨橄欖油,C,poisson,0.2381,0.488,2.0494,2,low demand - intermittent
14612922001,歐嘉-特級冷壓初榨橄欖油(專業款) 歐嘉橄欖油,C,poisson,0.0476,0.2182,4.5826,2,low demand - intermittent
14612925001,義大利LGM黑松露風味初榨橄欖油,C,poisson,0.2857,0.5345,1.8708,2,low demand - intermittent
14612946001,艾娃橄欖-特級冷壓初榨橄欖油 艾娃初榨橄欖油,C,poisson,0.1429,0.378,2.6458,2,low demand - intermittent
14613004001,泰山芥花油 2.6L,B,poisson,0.5714,0.7559,1.3229,2,medium demand - intermittent
14613007001,泰山低油爆蔬菜油 2000ml,B,poisson,1.8095,1.3452,0.7434,1,medium demand - volatile
14613009001,泰山健康好理由100％純芥花油1L,B,poisson,2.0476,1.431,0.6988,1,medium demand - volatile
14613013001,台糖100％純芥花油 2L,C,poisson,0.1905,0.4364,2.2913,2,low demand - intermittent
14613014001,維義芥花金鑽100％芥花油 維義100芥花金,B,poisson,0.5714,0.7559,1.3229,2,medium demand - intermittent
14613016001,泰山健康好理由純芥花油3.5L 泰山純芥花油,B,normal,1.4286,1.0942,0.7659,1,medium demand - volatile
14613017001,奧利塔葡萄籽油1L,C,poisson,0.1905,0.4364,2.2913,2,low demand - intermittent
14613018001,奧利塔玄米油750ml 奧利塔玄米油,B,poisson,0.7619,0.8729,1.1456,2,medium demand - intermittent
14613019001,囍瑞100％特級純葡萄籽油,A,poisson,4.0952,2.0237,0.4942,0,high demand - stable
14613024001,統一芥花油 2L,B,poisson,1.5238,1.2344,0.8101,1,medium demand - volatile
14613026001,得意的一天芥花油2.4L,A,poisson,7.1905,2.6815,0.3729,0,high demand - stable
14613899001,家福芥花油,B,poisson,0.7619,0.8729,1.1456,2,medium demand - intermittent
14613900001,泰山健康好理由純芥花油 泰山純芥花油,A,poisson,3.4286,1.8516,0.5401,1,high demand - volatile
14613902001,萊瑞100％玄米油1L,A,poisson,5.4286,2.3299,0.4292,0,high demand - stable
14613904001,得意的一天100％純芥花油5L,A,poisson,4.381,2.0931,0.4778,0,high demand - stable
14613906001,主廚精選葡萄籽油1L 主廚精選葡萄籽,A,poisson,3.1429,1.7728,0.5641,1,high demand - volatile
14613907001,主廚精選玄米油1L,A,poisson,2.9048,1.7043,0.5867,1,high demand - volatile
14613908001,維義純芥花油2.6L,B,poisson,1.8095,1.3452,0.7434,1,medium demand - volatile
14613915001,泰山健康好理由純芥花油 2L,A,poisson,4.5238,2.1269,0.4702,0,high demand - stable
14613918001,福壽100％純芥花油2L,B,poisson,0.9048,0.9512,1.0513,2,medium demand - intermittent
14613939001,維義Omega3芥花不飽和調和油1000ml 芥花不飽和調和,C,poisson,0.3333,0.5774,1.7321,2,low demand - intermittent
14614001001,泰山花生風味調合油 泰山花生油,C,poisson,0.2857,0.5345,1.8708,2,low demand - intermittent
14615002001,日正特級香油,B,poisson,1.5238,1.2344,0.8101,1,medium demand - volatile
14615009001,得意的一天五珍寶健康油600ml 得意的一天五珍,A,poisson,3.8571,1.964,0.5092,1,high demand - volatile
14615011001,福壽香油 2400ml 福壽香油,B,poisson,0.5238,0.7237,1.3817,2,medium demand - intermittent
14615012001,維義油之鑽127鑽石級調合油 維義油之鑽127,B,poisson,0.3333,0.5774,1.7321,2,medium demand - intermittent
14615013001,不倒翁100％純芝麻油 160ml 不倒翁100純芝,B,poisson,0.8571,0.9258,1.0801,2,medium demand - intermittent
14615016001,惠家香芝麻香油 250ml 芝麻香油,C,poisson,0.2857,0.5345,1.8708,2,low demand - intermittent
14615017001,得意的一天國民優質健康調合2L,A,poisson,15.0,3.873,0.2582,0,high demand - stable
14615020001,AgriLIFE有機椰子食用油,C,poisson,0.0476,0.2182,4.5826,2,low demand - intermittent
14615021001,日正特級麻油 日正特級麻油,C,poisson,0.1905,0.4364,2.2913,2,low demand - intermittent
14615025001,冷壓白芝麻油260ml 冷壓白芝麻油26,C,poisson,0.0476,0.2182,4.5826,2,low demand - intermittent
14615030001,泰山均衡369健康調合油 2L 369健康調合油,B,poisson,0.5238,0.7237,1.3817,2,medium demand - intermittent
14615031001,嘉義東石余園苦茶油550ml 嘉義東石余園苦,C,poisson,0.1905,0.4364,2.2913,2,low demand - intermittent
14615035001,泰源農場苦茶油250ml 泰源農場苦茶油,C,poisson,0.0952,0.3086,3.2404,2,low demand - intermittent
14615036001,維義OMEGA3不飽和健康調合油 維義OMEGA3不飽,B,poisson,0.381,0.6172,1.6202,2,medium demand - intermittent
14615038001,得意的一天五珍寶健康油3.5L,B,poisson,1.9048,1.3801,0.7246,1,medium demand - volatile
14615041001,統一綺麗健康油 652ml,B,poisson,1.6667,1.291,0.7746,1,medium demand - volatile
14615042001,維義冷壓雙果健康調和油,C,poisson,0.2857,0.5345,1.8708,2,low demand - intermittent
14615044001,泰山OMEGA3芥花不飽和調合油,B,poisson,0.381,0.6172,1.6202,2,medium demand - intermittent
14615047001,福壽蒜味香油 福壽蒜味香油,C,poisson,0.0476,0.2182,4.5826,2,low demand - intermittent
14615048001,源順初榨花生風味調合油 源順初榨冷壓芝,B,poisson,0.5238,0.7237,1.3817,2,medium demand - intermittent
14615052001,源順百分百香油220ml,B,poisson,0.7619,0.8729,1.1456,2,medium demand - intermittent
14615053001,源順初榨冷壓芝麻油 570ml/瓶 源順初榨冷壓芝,B,poisson,0.3333,0.5774,1.7321,2,medium demand - intermittent
14615057001,源順嚴選低溫胡麻油 570ml/ 源順嚴選低溫胡,C,poisson,0.1429,0.378,2.6458,2,low demand - intermittent
14615059001,源順初榨優等純苦茶油 570ml 源順初榨優等純,C,poisson,0.0476,0.2182,4.5826,2,low demand - intermittent
14615061001,泰山不飽和健康調合油5L 健康調合油5L,B,poisson,0.4286,0.6547,1.5275,2,medium demand - intermittent
14615063001,楓緣冷壓初榨椰子油500ml,C,poisson,0.2381,0.488,2.0494,2,low demand - intermittent
14615067001,松鼎黑麻油500ml 松鼎黑麻油500g,C,poisson,0.1905,0.4364,2.2913,2,low demand - intermittent
14615070001,得意的一天五珍寶健康油2L 五珍寶健康油,A,poisson,7.381,2.7168,0.3681,0,high demand - stable
14615072001,小磨坊蒜風味油260ml 小磨坊蒜風味油,B,poisson,0.3333,0.5774,1.7321,2,medium demand - intermittent
14615076001,黃山舒香小磨香油 黃山舒香小磨香,C,poisson,0.0476,0.2182,4.5826,2,low demand - intermittent
14615079001,義美100％純芥花油2L 義美100純芥花,B,poisson,0.9524,0.9759,1.0247,2,medium demand - intermittent
14615081001,福壽蔥味香油 福壽蔥味香油,C,poisson,0.0952,0.3086,3.2404,2,low demand - intermittent
14615082001,MC TRADER 100％冷壓酪梨油1L,A,poisson,2.2381,1.496,0.6684,1,high demand - volatile
14615083001,真好家芝麻香油130ml,C,poisson,0.0952,0.3086,3.2404,2,low demand - intermittent
14615084001,得意的一天五珍寶健康調和2.4L 五珍寶健康油,A,poisson,7.0952,2.6637,0.3754,0,high demand - stable
14615101001,自然本味100％苦茶油,B,normal,1.3333,1.3214,0.991,1,medium demand - volatile
14615107001,義美100％純黑麻油 義美100純,B,normal,1.0476,0.8985,0.8576,1,medium demand - volatile
14615108001,義美100％純芝麻香油 義美100純,B,normal,1.8095,1.4349,0.793,1,medium demand - volatile
14615114001,泰山玄米油600ml 泰山玄米油60,B,poisson,0.7619,0.8729,1.1456,2,medium demand - intermittent
14615133001,泰山玄米油1.5L,A,poisson,6.8571,2.6186,0.3819,0,high demand - stable
14615894001,泰山超值不飽和調合油 2L,A,poisson,4.9048,2.2147,0.4515,0,high demand - stable
14615896001,泰山OMEGA3芥花不飽和調合油 泰山OMEGA3芥花,C,poisson,0.1429,0.378,2.6458,2,low demand - intermittent
14615897001,維義堅果精華健康調和油 2L,B,poisson,0.3333,0.5774,1.7321,2,medium demand - intermittent
14615898001,維義活力能量健康調和油 2L 活力能量調和油,C,poisson,0.2857,0.5345,1.8708,2,low demand - intermittent
14616001001,萬家香糯米醋 595g 萬家香糯米醋,A,poisson,2.381,1.543,0.6481,1,high demand - volatile
14616002001,工研白醋 600ml,A,poisson,5.619,2.3705,0.4219,0,high demand - stable
14616006001,工研烏醋 600g,A,poisson,11.0,3.3166,0.3015,0,high demand - stable
14616009001,正高金門高粱醋 600cc 金門高粱醋,B,poisson,0.8095,0.8997,1.1114,2,medium demand - intermittent
14616013001,工研素食烏醋(大) 600ml 工研素食烏醋,B,poisson,1.3333,1.1547,0.866,1,medium demand - volatile
14616017001,萬家香珍釀白醋 600ml 珍釀白醋,B,poisson,1.2857,1.1339,0.8819,1,medium demand - volatile
14616018001,白兔牌上烏醋,B,poisson,0.619,0.7868,1.271,2,medium demand - intermittent
14616019001,家福超值白醋,B,poisson,1.381,1.1751,0.851,1,medium demand - volatile
14616020001,經典巴薩米克銀級摩典那酒醋 經典巴薩米克銀,C,poisson,0.1429,0.378,2.6458,2,low demand - intermittent
14616021001,工研業務烏醋 3000ml 工研業務烏醋,B,poisson,0.8095,0.8997,1.1114,2,medium demand - intermittent
14616022001,工研業務白醋 3000ml 工研業務白醋,B,poisson,0.8095,0.8997,1.1114,2,medium demand - intermittent
14616026001,高印五印醋 高印五印醋,B,poisson,0.381,0.6172,1.6202,2,medium demand - intermittent
14616033001,恆順鎮江香醋 550ml 恆順鎮江香醋,B,poisson,0.4762,0.6901,1.4491,2,medium demand - intermittent
14616037001,十全烏醋240ml 十全烏醋240ml,C,poisson,0.0476,0.2182,4.5826,2,low demand - intermittent
14616038001,工研陳年醋 600ml 工研陳年醋,C,poisson,0.2857,0.5345,1.8708,2,low demand - intermittent
14616044001,榖盛糯米醋 600ml 榖盛糯米醋,C,poisson,0.2381,0.488,2.0494,2,low demand - intermittent
14616048001,十全高梁醋700ml 十全高梁醋700m,C,poisson,0.0952,0.3086,3.2404,2,low demand - intermittent
14616053001,萬家香水果醋 595ml 萬家香水果醋,C,poisson,0.0476,0.2182,4.5826,2,low demand - intermittent
14616054001,萬家香特級烏醋 595ml 萬家香特級烏醋,B,poisson,2.1905,1.48,0.6757,1,medium demand - volatile
14616060001,工研無糖蘋果醋 600ml 工研無糖蘋果醋,C,poisson,0.3333,0.5774,1.7321,2,low demand - intermittent
14616075001,趙王牌金門特級高粱醋600ml 趙王金門高粱醋,C,poisson,0.0476,0.2182,4.5826,2,low demand - intermittent
14616108001,味榮有機烏醋,C,poisson,0.0952,0.3086,3.2404,2,low demand - intermittent
14616194001,有機白醋,C,poisson,0.0952,0.3086,3.2404,2,low demand - intermittent
14616195001,有機糙米醋,C,poisson,0.0952,0.3086,3.2404,2,low demand - intermittent
14616203001,萬家香水果料理醋595ml 萬家香水果料理,C,poisson,0.1905,0.4364,2.2913,2,low demand - intermittent
14620001001,味王XO醬油590ml 進口黃豆,B,poisson,0.5714,0.7559,1.3229,2,medium demand - intermittent
14620006001,龜甲萬甘醇薄鹽醬油1600ml,A,poisson,8.7619,2.9601,0.3378,0,high demand - stable
14620007001,丸莊甘醇醬油,C,poisson,0.1905,0.4364,2.2913,2,low demand - intermittent
14620012001,雀巢美極鮮味露200ml 雀巢美極鮮味露,B,poisson,0.381,0.6172,1.6202,2,medium demand - intermittent
14620014001,龜甲萬甘醇醬油 1600ml,A,poisson,11.8571,3.4434,0.2904,0,high demand - stable
14620019001,龜甲萬甘醇醬油 500cc,B,poisson,1.0,1.0,1.0,1,medium demand - volatile
14620021001,統一龜甲萬甘甜醬油 500ml,A,poisson,2.8571,1.6903,0.5916,1,high demand - volatile
14620022001,味榮極釀級有機黑豆蔭油露320ml,C,poisson,0.0952,0.3086,3.2404,2,low demand - intermittent
14620024001,李錦記蒸魚醬油 410ml 進口黃豆,B,poisson,1.0476,1.0235,0.977,1,medium demand - volatile
14620028001,黑豆桑天然頂級黑金醬油-550ml,C,poisson,0.1905,0.4364,2.2913,2,low demand - intermittent
14620029001,李錦記頭道醇鮮醬油 頭道醇鮮醬油,C,poisson,0.1905,0.4364,2.2913,2,low demand - intermittent
14620030001,龜甲萬珍釀醬油 1.6L,A,poisson,5.1429,2.2678,0.441,0,high demand - stable
14620033001,李錦記頭道減鹽醬油 頭道減鹽醬油,C,poisson,0.0476,0.2182,4.5826,2,low demand - intermittent
14620034001,義美全豆純釀造薄鹽醬油 進口黃豆,C,poisson,0.0952,0.3086,3.2404,2,low demand - intermittent
14620035001,金蘭松露醬油 500ml 國產黃豆,C,poisson,0.0476,0.2182,4.5826,2,low demand - intermittent
14620036001,黑豆桑古早金豆醬油-550ml,C,poisson,0.2857,0.5345,1.8708,2,low demand - intermittent
14620039001,統一龜甲萬薄鹽醬油500ml,B,poisson,0.4286,0.6547,1.5275,2,medium demand - intermittent
14620042001,金蘭醬油2L,A,poisson,3.7619,1.9396,0.5156,1,high demand - volatile
14620046001,雅媽吉日式香菇醬油500ml 產地日本愛媛縣,C,poisson,0.2857,0.5345,1.8708,2,low demand - intermittent
14620048001,金蘭甲等醬油業務用5L 國產黃豆,B,poisson,0.3333,0.5774,1.7321,2,medium demand - intermittent
14620051001,屏大薄鹽醬油 進口黃豆國產黑,B,poisson,1.2857,1.1339,0.8819,1,medium demand - volatile
14620057001,金蘭薄鹽醬油 500ml 國產黃豆,A,poisson,2.9048,1.7043,0.5867,1,high demand - volatile
14620058001,李錦記頭道蠔鮮醬油 頭道蠔鮮醬油,C,poisson,0.2857,0.5345,1.8708,2,low demand - intermittent
14620060001,味王婦友純釀造醬油1600ml 進口黃豆,B,poisson,0.4762,0.6901,1.4491,2,medium demand - intermittent
14620061001,有機豆麥醬油,C,poisson,0.1429,0.378,2.6458,2,low demand - intermittent
14620062001,萬家香大吟釀醬油1L 進口黃豆,A,poisson,4.6667,2.1602,0.4629,0,high demand - stable
14620070001,金蘭陳年醬油 500ml 國產黃豆,B,poisson,0.8571,0.9258,1.0801,2,medium demand - intermittent
14620072001,瑞春原味醬油420ml,C,poisson,0.1905,0.4364,2.2913,2,low demand - intermittent
14620081001,金蘭甘醇醬油1500ml 國產黃豆,C,poisson,0.2381,0.488,2.0494,2,low demand - intermittent
14620083001,味全和風醬油鰹魚露340ml 進口黃豆,B,poisson,0.381,0.6172,1.6202,2,medium demand - intermittent
14620084001,丸莊陳釀醬油 1000cc 進口黃豆,B,poisson,1.1905,1.0911,0.9165,1,medium demand - volatile
14620088001,黑豆桑頂級厚黑金醬油550ml 黑豆桑頂級厚黑,C,poisson,0.0476,0.2182,4.5826,2,low demand - intermittent
14620091001,龜甲萬鮮美露340ml,B,poisson,0.7619,0.8729,1.1456,2,medium demand - intermittent
14620092001,黑豆桑全能缸底醬油-550ml 黑豆桑全能缸底,B,poisson,0.5714,0.7559,1.3229,2,medium demand - intermittent
14620103001,高慶泉泰安醬油410ml 進口黃豆,B,poisson,0.4762,0.6901,1.4491,2,medium demand - intermittent
14620107001,雅媽吉甘口鰹魚露 1000ml 產地日本愛媛縣,B,poisson,0.5714,0.7559,1.3229,2,medium demand - intermittent
14620110001,淬釀和風醬油露靜岡鰹魚300ml,B,poisson,1.6667,1.291,0.7746,1,medium demand - volatile
14620111001,淬釀和風醬油露北海昆布300ml 進口黃豆,B,poisson,0.9048,0.9512,1.0513,2,medium demand - intermittent
14620112001,味全水餃醬汁(香辣) 進口黃豆,B,poisson,0.381,0.6172,1.6202,2,medium demand - intermittent
14620113001,大同黑豆醬油400ml,B,poisson,0.381,0.6172,1.6202,2,medium demand - intermittent
14620114001,龜甲萬甘醇醬油-1000ml,B,normal,2.0,1.543,0.7715,1,medium demand - volatile
14620115001,家樂福古釀黑豆醬油 家福古釀黑豆醬,C,poisson,0.0952,0.3086,3.2404,2,low demand - intermittent
14620119001,萬家香薄鹽醬油 300ml 進口黃豆,B,poisson,1.1429,1.069,0.9354,1,medium demand - volatile
14620124001,味王婦友純釀造醬油780ml 進口黃豆,C,poisson,0.0476,0.2182,4.5826,2,low demand - intermittent
14620133001,大同淬釀人級蔭油膏420g,B,poisson,0.8095,0.8997,1.1114,2,medium demand - intermittent
14620138001,萬家香大吟釀甘露醬油1500ml 進口黃豆,C,poisson,0.2381,0.488,2.0494,2,low demand - intermittent
14620149001,萬家香大吟釀薄鹽醬油450ml 進口黃豆,B,poisson,0.4762,0.6901,1.4491,2,medium demand - intermittent
14620158001,龜甲萬源釀醬油500ml,B,normal,0.9524,0.8985,0.9434,1,medium demand - volatile
14620163001,李錦記甘甜滷醬油 410ml 進口黃豆,B,poisson,0.6667,0.8165,1.2247,2,medium demand - intermittent
14620168001,屏大醬油超值組 進口黃豆國產黑,C,poisson,0.0476,0.2182,4.5826,2,low demand - intermittent
14620170001,黑豆桑天然純釀原味醬油500ml Oraginal,C,poisson,0.0476,0.2182,4.5826,2,low demand - intermittent
14620171001,丸莊極品黑豆蔭油清300ml 國產黑豆,C,poisson,0.1905,0.4364,2.2913,2,low demand - intermittent
14620178001,萬家香零添加純釀醬油 零添加純釀醬油,C,poisson,0.2857,0.5345,1.8708,2,low demand - intermittent
14620894001,萬家香壺底油1L,A,poisson,2.3333,1.5275,0.6547,1,high demand - volatile
14620902001,義美全豆純釀造滷醬油520ml 進口黃豆,B,poisson,0.8571,0.9258,1.0801,2,medium demand - intermittent
14620903001,義美全豆純釀造醬油520ml 進口黃豆,B,normal,1.2857,1.1188,0.8702,1,medium demand - volatile
14620907001,四季釀造醬油1600ml,A,poisson,12.1905,3.4915,0.2864,0,high demand - stable
14620908001,四季釀造醬油870ml,A,poisson,3.0,1.7321,0.5774,1,high demand - volatile
14620909001,四季高純釀(釀造醬油)870ml,B,poisson,0.5714,0.7559,1.3229,2,medium demand - intermittent
14620920001,萬家香丸大豆醬油450ml 進口黃豆,B,poisson,0.381,0.6172,1.6202,2,medium demand - intermittent
14620922001,萬家香非基改陳年醬油1500ml 進口黃豆,B,poisson,0.7143,0.8452,1.1832,2,medium demand - intermittent
14620999001,萬家香有機醬油 有機醬油,A,poisson,2.4286,1.5584,0.6417,1,high demand - volatile
14621003001,李錦記熊貓鮮味蠔油510g 熊貓鮮味蠔油,B,poisson,0.7143,0.8452,1.1832,2,medium demand - intermittent
14621004001,李錦記素食蠔油755g 李錦記素食蠔油,B,poisson,0.4762,0.6901,1.4491,2,medium demand - intermittent
14621005001,高慶泉泰安醬油膏410ml 泰安醬油膏,B,poisson,1.7143,1.3093,0.7638,1,medium demand - volatile
14621009001,萬家香大吟釀香菇素蠔油 510g 大吟釀香菇素蠔,B,poisson,0.7619,0.8729,1.1456,2,medium demand - intermittent
14621012001,大同壺底福級油膏 420g 壺底福級油膏,B,poisson,0.4286,0.6547,1.5275,2,medium demand - intermittent
14621013001,萬家香極品香菇素蠔油1200g,B,poisson,0.9524,0.9759,1.0247,2,medium demand - intermittent
14621017001,萬家香香菇素蠔油 4.4Kg 萬家香素蠔油,C,poisson,0.0952,0.3086,3.2404,2,low demand - intermittent
14621018001,味榮極釀級有機黑豆蔭油膏320ml,C,poisson,0.0952,0.3086,3.2404,2,low demand - intermittent
14621021001,金蘭油膏 590ml 金蘭油膏,B,poisson,1.7619,1.3274,0.7534,1,medium demand - volatile
14621022001,李錦記干貝蠔油510g 李錦記干貝蠔,C,poisson,0.1905,0.4364,2.2913,2,low demand - intermittent
14621026001,丸莊香菇素蠔油 4.5 Kg公斤,C,poisson,0.1429,0.378,2.6458,2,low demand - intermittent
14621028001,民生壺底油精 70g 民生壺底油精,B,poisson,0.5238,0.7237,1.3817,2,medium demand - intermittent
14621029001,金蘭甘醇醬油膏 590ml 甘醇醬油膏,A,poisson,3.7143,1.9272,0.5189,1,high demand - volatile
14621033001,大同薄鹽蔭油膏 420g 大同薄鹽蔭油膏,B,poisson,0.5238,0.7237,1.3817,2,medium demand - intermittent
14621034001,金蘭香菇素蠔油295ml 金蘭香菇素蠔油,B,poisson,0.5714,0.7559,1.3229,2,medium demand - intermittent
14621035001,黑龍薄鹽黑豆蔭油膏400g 黑龍薄鹽蔭油膏,C,poisson,0.0952,0.3086,3.2404,2,low demand - intermittent
14621038001,李錦記舊庄特級蠔油510g 舊庄特級蠔油,B,normal,1.2381,1.2307,0.9941,1,medium demand - volatile
14621041001,萬家香香菇素蠔油1L,A,poisson,11.0476,3.3238,0.3009,0,high demand - stable
14621044001,丸莊香菇素蠔油 500g 丸莊香菇素蠔油,C,poisson,0.1429,0.378,2.6458,2,low demand - intermittent
14621045001,龜甲萬醬油膏490ml,B,poisson,1.619,1.2724,0.7859,1,medium demand - volatile
14621048001,萬家香純佳釀香菇素蠔油510g 萬家香純佳釀香,B,poisson,0.9048,0.9512,1.0513,2,medium demand - intermittent
14621051001,李錦記舊庄特級蠔油 255g 李錦記舊庄特級,B,normal,0.9524,0.95,0.9975,1,medium demand - volatile
14621058001,黑龍冬梅級黑豆蔭油膏400g,B,poisson,0.8095,0.8997,1.1114,2,medium demand - intermittent
14621062001,大同陳年蔭油膏520g 大同陳年蔭油膏,C,poisson,0.0476,0.2182,4.5826,2,low demand - intermittent
14621065001,瑞春福級醬油膏 420ml,B,poisson,0.3333,0.5774,1.7321,2,medium demand - intermittent
14621069001,萬家香香菇素蠔油600g 萬家香香菇素蠔,A,poisson,7.9048,2.8115,0.3557,0,high demand - stable
14621070001,萬家香大吟釀甘甜油膏510g 大吟釀甘甜油膏,B,poisson,0.8571,0.9258,1.0801,2,medium demand - intermittent
14621078001,屏大薄鹽醬油膏300ml,B,poisson,0.5238,0.7237,1.3817,2,medium demand - intermittent
14621095001,義美全豆純釀造甘醇油膏420ml 義美甘醇油膏,B,poisson,0.7619,0.8729,1.1456,2,medium demand - intermittent
14621107001,味榮有機香菇素蠔油,C,poisson,0.0952,0.3086,3.2404,2,low demand - intermittent
14630016001,可果美蕃茄醬(柔軟瓶)500g,A,poisson,5.0476,2.2467,0.4451,0,high demand - stable
14630022001,可果美蕃茄醬 700g,B,poisson,2.0,1.4142,0.7071,1,medium demand - volatile
14630027001,亨氏番茄醬(倒瓶) 567g 亨氏番茄醬-倒瓶,B,poisson,1.4762,1.215,0.8231,1,medium demand - volatile
14630034001,可果美減鈉減卡蕃茄醬465g,B,poisson,0.8095,0.8997,1.1114,2,medium demand - intermittent
14630050001,Casa 去皮整粒蕃茄 去皮整粒蕃茄,C,poisson,0.1429,0.378,2.6458,2,low demand - intermittent
14630056001,可果美蕃茄醬340G 可果美蕃茄醬3,B,poisson,0.619,0.7868,1.271,2,medium demand - intermittent
14631013001,黑豆桑醇釀極品純黑豆豉300g 黑豆桑醇釀極品,C,poisson,0.0952,0.3086,3.2404,2,low demand - intermittent
14631014001,安安辣豆瓣醬 130g 辣豆瓣醬,C,poisson,0.1429,0.378,2.6458,2,low demand - intermittent
14631018001,愛之味甜辣醬 165g,B,poisson,2.0952,1.4475,0.6908,1,medium demand - volatile
14631022001,安安辣椒醬 130g 辣椒醬,C,poisson,0.1905,0.4364,2.2913,2,low demand - intermittent
14631023001,李錦記蒜蓉辣椒醬368g 蒜蓉辣椒醬,B,poisson,0.4286,0.6547,1.5275,2,medium demand - intermittent
14631028001,愛之味甜辣醬390g,B,poisson,0.619,0.7868,1.271,2,medium demand - intermittent
14631037001,明德辣豆瓣醬460g 辣豆瓣醬,B,poisson,0.7143,0.8452,1.1832,2,medium demand - intermittent
14631040001,黑豆桑醇釀極品珍辣椒醬-300g 黑豆桑醇釀極品,C,poisson,0.1429,0.378,2.6458,2,low demand - intermittent
14631042001,TABASCO紅椒汁,C,poisson,0.0476,0.2182,4.5826,2,low demand - intermittent
14631043001,寧記蒜蓉辣椒醬245g,B,poisson,0.5238,0.7237,1.3817,2,medium demand - intermittent
14631047001,寧記辣椒大王醬245g,B,poisson,0.6667,0.8165,1.2247,2,medium demand - intermittent
14631054001,李錦記桂林辣椒醬368g 桂林辣椒醬,C,poisson,0.0476,0.2182,4.5826,2,low demand - intermittent
14631055001,李錦記辣豆瓣醬368g 辣豆瓣醬,B,poisson,0.3333,0.5774,1.7321,2,medium demand - intermittent
14631064001,陶華碧老干媽香辣脆油辣椒210g 老干媽香辣脆,B,poisson,0.8571,0.9258,1.0801,2,medium demand - intermittent
14631082001,寧記金鉤辣椒245g 寧記金鉤辣椒,C,poisson,0.1429,0.378,2.6458,2,low demand - intermittent
14631100001,陶華碧老干媽豆鼓油制辣椒210g 豆鼓油制辣椒,C,poisson,0.1905,0.4364,2.2913,2,low demand - intermittent
14631914001,海霸王蒜蓉辣豆瓣醬400g 蒜蓉辣豆瓣醬,C,poisson,0.1429,0.378,2.6458,2,low demand - intermittent
14631925001,健康廚房泰式甜辣醬200ml 泰式甜辣醬,C,poisson,0.2381,0.488,2.0494,2,low demand - intermittent
14631929001,哈哈辣豆瓣醬450g 哈哈辣豆瓣醬,B,poisson,0.5238,0.7237,1.3817,2,medium demand - intermittent
14631944001,真好家鮮切辣椒280g 真好家鮮切辣椒,C,poisson,0.0952,0.3086,3.2404,2,low demand - intermittent
14631948001,義美蒜蓉辣椒醬230g 義美紅辣椒醬,B,poisson,0.4286,0.6547,1.5275,2,medium demand - intermittent
14631949001,義美朝天辣椒醬(蒜蓉)230g 義美朝天辣椒醬,C,poisson,0.1905,0.4364,2.2913,2,low demand - intermittent
14632002001,義香調理芝麻醬包40g*5包 芝麻醬包,C,poisson,0.2381,0.488,2.0494,2,low demand - intermittent
14632005001,工研味醂500ml 工研味醂,B,poisson,1.0952,1.0465,0.9555,1,medium demand - volatile
14632007001,禾法頌普羅旺斯蕃茄泥 RDF蕃茄泥,C,poisson,0.0476,0.2182,4.5826,2,low demand - intermittent
14632009001,味全水餃醬汁230g,B,poisson,0.7619,0.8729,1.1456,2,medium demand - intermittent
14632014001,雅媽吉茶碗蒸高湯包 產地日本愛媛縣,C,poisson,0.1905,0.4364,2.2913,2,low demand - intermittent
14632019001,龍口芝麻醬 龍口芝麻醬,C,poisson,0.0476,0.2182,4.5826,2,low demand - intermittent
14632022001,萬家香壽喜燒露450ml 萬家香壽喜燒露,B,poisson,0.5714,0.7559,1.3229,2,medium demand - intermittent
14632024001,萬家香海味山珍醬 320g 萬家香海味山珍,C,poisson,0.1429,0.378,2.6458,2,low demand - intermittent
14632030001,味全台灣搵醬-蒜蓉醬200g,B,poisson,0.619,0.7868,1.271,2,medium demand - intermittent
14632041001,家福法式芥末子醬350g 法式芥末子醬,B,poisson,0.6667,0.8165,1.2247,2,medium demand - intermittent
14632044001,穀盛醇米霖 600g,B,poisson,0.381,0.6172,1.6202,2,medium demand - intermittent
14632058001,KEWPIE深煎胡麻醬 產地日本佐賀縣,B,poisson,0.9048,0.9512,1.0513,2,medium demand - intermittent
14632059001,健康廚房和風柚子沾拌醬200ml 柚子沾拌淋醬,B,poisson,0.5714,0.7559,1.3229,2,medium demand - intermittent
14632067001,健康廚房焙煎芝麻沾拌醬200ml,B,poisson,0.5238,0.7237,1.3817,2,medium demand - intermittent
14632071001,健康廚房和風洋蔥沾拌醬200ml,C,poisson,0.0952,0.3086,3.2404,2,low demand - intermittent
14632080001,家福進口Light美乃滋 家福低脂美乃滋,C,poisson,0.2857,0.5345,1.8708,2,low demand - intermittent
14632094001,李錦記XO醬-原味 220g,C,poisson,0.0476,0.2182,4.5826,2,low demand - intermittent
14632103001,黑豆桑醇釀極品香豆瓣醬-300g,B,poisson,0.4286,0.6547,1.5275,2,medium demand - intermittent
14632117001,李派林烏斯特醬汁10oz 烏斯特醬,C,poisson,0.2857,0.5345,1.8708,2,low demand - intermittent
14632155001,La Costena墨西哥中辣莎莎醬 墨西哥中辣莎莎,C,poisson,0.2381,0.488,2.0494,2,low demand - intermittent
14632186001,萬家香無油水餃沾醬200ml 萬家香無油水餃,C,poisson,0.0952,0.3086,3.2404,2,low demand - intermittent
14632194001,普格麵醬-蘑菇 680g,C,poisson,0.0952,0.3086,3.2404,2,low demand - intermittent
14632215001,普格麵醬-蕃茄羅勒大蒜 680g 普格麵醬-蕃茄.,C,poisson,0.0952,0.3086,3.2404,2,low demand - intermittent
14632223001,萬家香味醂 450ml 萬家香味醂,B,normal,1.4286,1.4662,1.0263,2,medium demand - intermittent
14632246001,義大利LGM黑松露醬 LGM黑松露醬,C,poisson,0.1905,0.4364,2.2913,2,low demand - intermittent
14632295001,健康廚房經典凱薩醬200ml 經典凱薩醬,C,poisson,0.0952,0.3086,3.2404,2,low demand - intermittent
14632349001,健康廚房無油沾拌淋醬-梅香鳳梨 無油沾醬-梅香,C,poisson,0.0476,0.2182,4.5826,2,low demand - intermittent
14632350001,健康廚房無油沾拌淋醬-嗆辣芥子 無油沾醬-嗆辣,C,poisson,0.0952,0.3086,3.2404,2,low demand - intermittent
14632352001,金蘭甜麵醬200g 金蘭甜麵醬,B,poisson,0.5714,0.7559,1.3229,2,medium demand - intermittent
14632356001,李錦記黑胡椒肉片醬60g 黑胡椒肉片醬,C,poisson,0.0476,0.2182,4.5826,2,low demand - intermittent
14632385001,大榮干貝XO醬240g,C,poisson,0.2857,0.5345,1.8708,2,low demand - intermittent
14632435001,義美香酥紅蔥油 義美香酥紅蔥油,B,poisson,0.4286,0.6547,1.5275,2,medium demand - intermittent
14632449001,健康廚房無油沾拌淋醬-柚香檸檬 柚香檸檬,C,poisson,0.2857,0.5345,1.8708,2,low demand - intermittent
14632450001,健康廚房無油沾拌淋醬-香蒜洋蔥 香蒜洋蔥,C,poisson,0.1429,0.378,2.6458,2,low demand - intermittent
14632482001,萬泰干貝醬-小辣450g,C,poisson,0.2857,0.5345,1.8708,2,low demand - intermittent
14633001001,愛之味素食沙茶醬120g 愛之味素沙茶醬,B,poisson,0.9048,0.9512,1.0513,2,medium demand - intermittent
14633002001,太和殿麻辣鍋底1530g,C,poisson,0.0476,0.2182,4.5826,2,low demand - intermittent
14633021001,福華牌沙茶醬(大) 737g 福華牌沙茶醬,B,poisson,0.9048,0.9512,1.0513,2,medium demand - intermittent
14633031001,李錦記麻辣火鍋上湯70g,C,poisson,0.1905,0.4364,2.2913,2,low demand - intermittent
14633032001,李錦記豬骨火鍋上湯50g 豬骨火鍋上湯,C,poisson,0.0476,0.2182,4.5826,2,low demand - intermittent
14633036001,牛頭牌高湯-雞汁口味 411g,C,poisson,0.2857,0.5345,1.8708,2,low demand - intermittent
14633039001,牛頭牌沙茶醬(小) 127g,B,poisson,2.0476,1.431,0.6988,1,medium demand - volatile
14633043001,牛頭牌蛤蜊湯塊 11g*6 牛頭牌蛤蜊湯塊,C,poisson,0.1429,0.378,2.6458,2,low demand - intermittent
14633046001,愛之味漢方麻辣醬165g,B,poisson,0.3333,0.5774,1.7321,2,medium demand - intermittent
14633055001,福華沙茶醬 145g 福華沙茶醬 145,C,poisson,0.0952,0.3086,3.2404,2,low demand - intermittent
14633107001,海霸王沙茶醬,C,poisson,0.0476,0.2182,4.5826,2,low demand - intermittent
14633108001,石二鍋沙茶醬240g,C,poisson,0.2857,0.5345,1.8708,2,low demand - intermittent
14633896001,牛頭牌麻辣沙茶醬 250g,B,poisson,0.8571,0.9258,1.0801,2,medium demand - intermittent
14633897001,牛頭牌素食沙茶醬 250g,B,poisson,0.8095,0.8997,1.1114,2,medium demand - intermittent
14633900001,牛頭牌沙茶醬600g 牛頭牌沙茶醬,A,poisson,2.381,1.543,0.6481,1,high demand - volatile
14633908001,史雲生清雞湯411g 史雲生清雞湯,C,poisson,0.1429,0.378,2.6458,2,low demand - intermittent
14633934001,新康寶排骨風味湯塊100G 新康寶排骨湯塊,B,normal,1.0952,1.0648,0.9722,1,medium demand - volatile
14633935001,新康寶雞湯塊100g 新康寶雞湯塊,B,normal,2.1429,1.39,0.6486,1,medium demand - volatile
14633936001,新康寶海鮮湯塊100g 新康寶海鮮湯塊,B,poisson,0.6667,0.8165,1.2247,2,medium demand - intermittent
14633937001,新康寶香菇湯塊100g 新康寶香菇湯塊,B,poisson,0.5714,0.7559,1.3229,2,medium demand - intermittent
14633938001,牛頭牌原味高湯411g-昆布海鮮風味 昆布海鮮風味,C,poisson,0.2857,0.5345,1.8708,2,low demand - intermittent
14634021001,李錦記麻婆豆腐醬80g 李錦記麻婆豆腐,C,poisson,0.0952,0.3086,3.2404,2,low demand - intermittent
14634023001,健康廚房古早味烤肉醬,C,poisson,0.0476,0.2182,4.5826,2,low demand - intermittent
14634025001,李錦記蜜汁烤肉醬 240g 蜜汁烤肉醬,B,poisson,0.381,0.6172,1.6202,2,medium demand - intermittent
14634027001,金蘭烤肉醬 240g 金蘭烤肉醬,B,poisson,0.6667,0.8165,1.2247,2,medium demand - intermittent
14634032001,飛馬黑胡椒醬 350g,C,poisson,0.0476,0.2182,4.5826,2,low demand - intermittent
14634033001,飛馬黑胡椒牛排醬 350g,B,poisson,0.3333,0.5774,1.7321,2,medium demand - intermittent
14634039001,李錦記日式照燒烤肉醬250g 日式照燒烤肉醬,C,poisson,0.1429,0.378,2.6458,2,low demand - intermittent
14634047001,萬家香醃烤肉醬225g 醃烤肉醬,B,poisson,0.3333,0.5774,1.7321,2,medium demand - intermittent
14700007001,良農萬丹紅豆 良農萬丹紅豆,B,poisson,0.619,0.7868,1.271,2,medium demand - intermittent
14700008001,屏東紅豆 600g,C,poisson,0.2857,0.5345,1.8708,2,low demand - intermittent
14700026001,茂喜綠豆400g,A,poisson,2.619,1.6183,0.6179,1,high demand - volatile
14700029001,精選宣言紅豆真空包600g 超賀紅豆,B,poisson,0.8095,0.8997,1.1114,2,medium demand - intermittent
14700031001,家福非基改黃豆 家福非基改黃豆,C,poisson,0.0476,0.2182,4.5826,2,low demand - intermittent
14700035001,登豐 紅豆,C,poisson,0.0952,0.3086,3.2404,2,low demand - intermittent
14700036001,綠豆仁400g 綠豆仁400g,C,poisson,0.2381,0.488,2.0494,2,low demand - intermittent
14700037001,登豐 非基因改造黃豆720g 非基因改造黃豆,C,poisson,0.2381,0.488,2.0494,2,low demand - intermittent
14700050001,台灣非基因黃豆(高雄9號)500g 台灣非基因黃豆,C,poisson,0.1429,0.378,2.6458,2,low demand - intermittent
14700075001,家樂福有機綠豆,B,poisson,0.6667,0.8165,1.2247,2,medium demand - intermittent
14700077001,家樂福綠豆 家福綠豆,C,poisson,0.2857,0.5345,1.8708,2,low demand - intermittent
14700078001,家樂福屏東紅豆 家福屏東紅豆,B,poisson,1.3333,1.1547,0.866,1,medium demand - volatile
14701008002,卡滋DIY玉米粒 蘑菇狀,B,poisson,0.5238,0.7237,1.3817,2,medium demand - intermittent
14701012001,有機青仁黑豆400g 有機青仁黑豆40,C,poisson,0.1905,0.4364,2.2913,2,low demand - intermittent
14701013001,登豐糯小米600g 登豐糯小米,C,poisson,0.0476,0.2182,4.5826,2,low demand - intermittent
14701022001,登豐紫糯米500g,C,poisson,0.0952,0.3086,3.2404,2,low demand - intermittent
14701026001,花蓮綠農場有機奇亞籽,C,poisson,0.0476,0.2182,4.5826,2,low demand - intermittent
14701040001,茂喜熟黑芝麻粒250g 熟黑芝麻粒,C,poisson,0.0952,0.3086,3.2404,2,low demand - intermittent
14701041001,茂喜熟白芝麻粒250g 熟白芝麻粒,B,poisson,0.381,0.6172,1.6202,2,medium demand - intermittent
14701067001,真好家熟白芝麻265g,C,poisson,0.0476,0.2182,4.5826,2,low demand - intermittent
14710003001,良農埔里特選香菇120g 良農埔里特選香,C,poisson,0.1905,0.4364,2.2913,2,low demand - intermittent
14710004001,超賀台中新社香菇(大菇),C,poisson,0.1429,0.378,2.6458,2,low demand - intermittent
14710006001,良農新社黑皮厚肉香菇130g,C,poisson,0.0952,0.3086,3.2404,2,low demand - intermittent
14710007001,新泰皇新社高山香菇100g,B,poisson,0.4762,0.6901,1.4491,2,medium demand - intermittent
14710017001,登豐 白木耳75g 登豐 白木耳,C,poisson,0.0476,0.2182,4.5826,2,low demand - intermittent
14710038001,超賀台灣農產系列新社香菇(鈕扣菇) 超賀新社鈕扣菇,C,poisson,0.1429,0.378,2.6458,2,low demand - intermittent
14711001001,登豐 油蔥300g,C,poisson,0.1905,0.4364,2.2913,2,low demand - intermittent
14711008001,登豐高麗菜乾180g,C,poisson,0.2857,0.5345,1.8708,2,low demand - intermittent
14711014001,日正油蔥酥,B,poisson,0.6667,0.8165,1.2247,2,medium demand - intermittent
14720003001,登豐冬瓜茶塊550g,C,poisson,0.0476,0.2182,4.5826,2,low demand - intermittent
14720022001,登豐黑糖冬瓜茶塊550g 黑糖冬瓜茶塊,B,poisson,0.3333,0.5774,1.7321,2,medium demand - intermittent
14720029001,登豐波霸粉圓500g,C,poisson,0.2857,0.5345,1.8708,2,low demand - intermittent
14720030001,聯昇冬瓜茶磚550g 聯昇冬瓜茶磚,B,poisson,0.3333,0.5774,1.7321,2,medium demand - intermittent
14721003001,小磨坊萬用滷包 小磨坊萬用滷包,B,poisson,0.5238,0.7237,1.3817,2,medium demand - intermittent
14721018001,小磨坊濃香滷味包36g 小磨坊濃香滷味,C,poisson,0.2857,0.5345,1.8708,2,low demand - intermittent
14721019001,小磨坊萬用滷味包36g 小磨坊萬用滷味,C,poisson,0.0476,0.2182,4.5826,2,low demand - intermittent
14721033001,登豐紅棗300g 登豐 紅棗,C,poisson,0.0476,0.2182,4.5826,2,low demand - intermittent
14721072001,超賀枸杞(調理用) 200g,C,poisson,0.0476,0.2182,4.5826,2,low demand - intermittent
14721899001,黑糖老薑糖塊600g 黑糖老薑糖塊,C,poisson,0.1429,0.378,2.6458,2,low demand - intermittent
14721916001,私房小膳養生藥膳-肉骨茶-69g 私房小膳肉骨茶,C,poisson,0.0476,0.2182,4.5826,2,low demand - intermittent
14721943001,家樂福枸杞 家樂福枸杞,C,poisson,0.2857,0.5345,1.8708,2,low demand - intermittent
14721944001,家樂福紅棗 紅棗,B,poisson,0.5238,0.7237,1.3817,2,medium demand - intermittent
14730001001,家樂福無砂紫菜 家福無砂紫菜,B,poisson,1.0952,1.0465,0.9555,1,medium demand - volatile
14730008001,千浦高質海帶芽,B,poisson,0.3333,0.5774,1.7321,2,medium demand - intermittent
14730010001,千浦麩卷豆腐海帶芽,B,poisson,0.5238,0.7237,1.3817,2,medium demand - intermittent
14730015001,登豐 紫菜50g 登豐 紫菜,B,poisson,0.3333,0.5774,1.7321,2,medium demand - intermittent
14730016001,千浦麩卷魚板海帶芽 千浦麩卷魚板海,C,poisson,0.2381,0.488,2.0494,2,low demand - intermittent
14730041001,登豐海帶芽120g,B,poisson,0.4762,0.6901,1.4491,2,medium demand - intermittent
14730898001,橘平屋特選燒海苔20.8g 橘平屋燒海苔,C,poisson,0.2381,0.488,2.0494,2,low demand - intermittent
14730900001,惠昇寒天特級洋菜粉10g 寒天特級洋菜粉,C,poisson,0.2381,0.488,2.0494,2,low demand - intermittent
14730906001,家樂福素食海帶芽 家福素食海帶芽,C,poisson,0.1429,0.378,2.6458,2,low demand - intermittent
14731005001,家樂福柴魚片100g 家福柴魚片100g,C,poisson,0.2381,0.488,2.0494,2,low demand - intermittent
14731899001,登豐 蝦皮150g,C,poisson,0.0476,0.2182,4.5826,2,low demand - intermittent
14731905001,工研柴魚片 工研柴魚片,B,poisson,0.5238,0.7237,1.3817,2,medium demand - intermittent
14740003001,家福低筋麵粉 家福低筋麵粉,C,poisson,0.2857,0.5345,1.8708,2,low demand - intermittent
14740006001,水手牌特級強力粉-高筋 水手牌強力粉-高,B,poisson,0.8095,0.8997,1.1114,2,medium demand - intermittent
14740013001,鑫旺萊-低筋麵粉400g 鑫旺萊-低筋麵粉,C,poisson,0.2381,0.488,2.0494,2,low demand - intermittent
14740016001,日正中筋麵粉1kg 中筋麵粉(大),B,poisson,0.3333,0.5774,1.7321,2,medium demand - intermittent
14740017001,駱駝牌中筋麵粉1000g 駱駝牌中筋麵粉,B,poisson,0.4286,0.6547,1.5275,2,medium demand - intermittent
14740018001,日正高筋麵粉1kg 高筋麵粉(大),C,poisson,0.1905,0.4364,2.2913,2,low demand - intermittent
14740024001,家福中筋麵粉 家福中筋麵粉,B,normal,1.0952,0.9712,0.8868,1,medium demand - volatile
14740035001,水手牌鬆餅預拌粉,C,poisson,0.0476,0.2182,4.5826,2,low demand - intermittent
14740036001,水手牌特級粉心粉-中筋 水手牌粉心粉-中,B,poisson,0.6667,0.8165,1.2247,2,medium demand - intermittent
14740037001,水手牌超級蛋糕粉-低筋 水手牌蛋糕粉-低,B,poisson,0.7143,0.8452,1.1832,2,medium demand - intermittent
14740038001,家福高筋麵粉,B,normal,1.0,0.9258,0.9258,1,medium demand - volatile
14740050001,駱駝牌低筋麵粉1000g 駱駝牌低筋麵粉,B,poisson,0.3333,0.5774,1.7321,2,medium demand - intermittent
14740057001,豐盟BW精緻粉心粉-中筋麵粉 精緻粉心粉-中,B,poisson,0.3333,0.5774,1.7321,2,medium demand - intermittent
14740061001,麥典實作工坊麵包專用粉,B,poisson,0.3333,0.5774,1.7321,2,medium demand - intermittent
14740074001,駱駝牌高筋麵粉(無添加)1000g 駱駝牌高筋麵粉,B,poisson,0.3333,0.5774,1.7321,2,medium demand - intermittent
14741003001,日正寶島地瓜粉 (木薯粉) 日正寶島地瓜粉,B,poisson,0.6667,0.8165,1.2247,2,medium demand - intermittent
14741008001,日正在來粉 500g,C,poisson,0.0952,0.3086,3.2404,2,low demand - intermittent
14741009001,日正糯米粉 500g 日正糯米粉,B,poisson,0.3333,0.5774,1.7321,2,medium demand - intermittent
14741010001,日正麵包粉 日正麵包粉,B,poisson,0.5714,0.7559,1.3229,2,medium demand - intermittent
14741014001,家福樹薯粉,B,poisson,0.6667,0.8165,1.2247,2,medium demand - intermittent
14741015001,日正-卡啦脆酥粉,C,poisson,0.1905,0.4364,2.2913,2,low demand - intermittent
14741017001,家福太白粉,B,poisson,0.9524,0.9759,1.0247,2,medium demand - intermittent
14741026001,日正黃金傳說起司脆酥粉500g 日正起司脆酥粉,C,poisson,0.2381,0.488,2.0494,2,low demand - intermittent
14741028001,鑫旺萊寶島木薯粉400g 金鳳來寶島地瓜,C,poisson,0.1905,0.4364,2.2913,2,low demand - intermittent
14741039001,日正寶島太白粉400g 日正寶島太白粉,B,poisson,1.2381,1.1127,0.8987,1,medium demand - volatile
14741040001,日正優質太白粉1000g,C,poisson,0.2381,0.488,2.0494,2,low demand - intermittent
14741049001,真好家香酥麵包粉100g,C,poisson,0.0952,0.3086,3.2404,2,low demand - intermittent
14741050001,真好家炸排粉110g,C,poisson,0.0476,0.2182,4.5826,2,low demand - intermittent
14742016001,日正美國泡打粉 美國泡打粉,C,poisson,0.1429,0.378,2.6458,2,low demand - intermittent
14742018001,日正酵母發粉 酵母發粉,B,poisson,0.4286,0.6547,1.5275,2,medium demand - intermittent
14742022001,日正(夾)鬆餅粉 1Kg (夾)鬆餅粉,C,poisson,0.2381,0.488,2.0494,2,low demand - intermittent
14742048001,金錢豹 蘿蔔糕粉500g 金錢豹 蘿蔔糕,C,poisson,0.2381,0.488,2.0494,2,low demand - intermittent
14800004001,台鳳牌上選熟成水蜜桃820g 台鳳水蜜桃,B,poisson,1.5714,1.2536,0.7977,1,medium demand - volatile
14801002001,台鳳1/4鳳梨 227g 1/4鳳梨,A,poisson,10.2857,3.2071,0.3118,0,high demand - stable
14801003001,台鳳整片鳳梨 565g,B,poisson,1.619,1.2724,0.7859,1,medium demand - volatile
14801012001,台糖整片鳳梨 565g 台糖整片鳳梨,C,poisson,0.0952,0.3086,3.2404,2,low demand - intermittent
14801020001,飯友新四分片鳳梨切片227g 飯友新四分片鳳,B,poisson,0.4286,0.6547,1.5275,2,medium demand - intermittent
14802001001,佳樂椰漿200ml 佳樂椰漿200ml,B,poisson,0.6667,0.8165,1.2247,2,medium demand - intermittent
14802005001,台鳳牌高纖鳳椰果 227g,B,poisson,0.4762,0.6901,1.4491,2,medium demand - intermittent
14802010001,小磨坊椰漿 400ml 小磨坊椰漿 400,C,poisson,0.1429,0.378,2.6458,2,low demand - intermittent
14802011001,台鳳牌龍鳳果227g 台鳳牌龍鳳果10,B,poisson,1.0476,1.0235,0.977,1,medium demand - volatile
14804001001,泰山紫米薏仁 255g 泰山紫米薏仁,A,poisson,4.0,2.0,0.5,0,high demand - stable
14804002001,愛之味甜八寶380g 愛之味甜八寶38,A,poisson,8.4762,2.9114,0.3435,0,high demand - stable
14804004001,泰山黑八寶 340g,A,poisson,8.381,2.895,0.3454,0,high demand - stable
14804005001,愛之味妞妞甜八寶 260g 妞妞甜八寶,A,poisson,5.381,2.3197,0.4311,0,high demand - stable
14804007001,泰山八寶粥 375g,A,poisson,61.4286,7.8376,0.1276,0,high demand - stable
14804008001,泰山珍穀益雪蓮子燕麥粥255g 雪蓮子燕麥粥,B,poisson,0.5714,0.7559,1.3229,2,medium demand - intermittent
14804009001,愛之味忘不了核桃燕麥粥340g 核桃燕麥粥,C,poisson,0.2857,0.5345,1.8708,2,low demand - intermittent
14804010001,愛之味沖繩島黑八寶340g 沖繩島黑八寶,A,poisson,8.4762,2.9114,0.3435,0,high demand - stable
14804012001,泰山八寶粥禮盒375g*12 泰山八寶粥禮盒,A,poisson,11.2857,3.3594,0.2977,0,high demand - stable
14804013001,泰山黑八寶禮盒340g*12,B,poisson,0.619,0.7868,1.271,2,medium demand - intermittent
14804014001,愛之味沖繩黑八寶禮盒340g*12 黑八寶禮盒,B,poisson,1.9524,1.3973,0.7157,1,medium demand - volatile
14804015001,親親紫米八寶320g,C,poisson,0.1429,0.378,2.6458,2,low demand - intermittent
14804016001,泰山十穀寶 泰山十穀寶,B,poisson,1.8571,1.3628,0.7338,1,medium demand - volatile
14804999001,泰山珍穀益南瓜藜麥粥255g 南瓜藜麥粥,B,poisson,1.0476,1.0235,0.977,1,medium demand - volatile
14805001001,愛之味花生豆花 花生豆花,B,normal,1.2381,1.1508,0.9295,1,medium demand - volatile
14805002001,名屋紅豆蓮子湯 320g 名屋紅豆蓮子湯,B,poisson,0.4762,0.6901,1.4491,2,medium demand - intermittent
14805003001,愛之味開運吉利花生米奶 愛之味花生米奶,C,poisson,0.1905,0.4364,2.2913,2,low demand - intermittent
14805004001,愛之味妞妞珍珠圓 260g 珍珠圓,A,poisson,7.381,2.7168,0.3681,0,high demand - stable
14805005001,愛之味薏仁寶 340g,A,poisson,4.0476,2.0119,0.4971,0,high demand - stable
14805006001,泰山紫米紅豆湯330g 泰山紫米紅豆湯,B,poisson,1.5714,1.2536,0.7977,1,medium demand - volatile
14805010001,泰山台灣花生湯330g,B,normal,1.7619,1.3418,0.7616,1,medium demand - volatile
14805013001,愛之味牛奶花生禮盒340g*12 牛奶花生禮盒,A,poisson,21.8095,4.6701,0.2141,0,high demand - stable
14805016001,泰山花生仁湯 320g,A,normal,14.5714,6.0676,0.4164,0,high demand - stable
14805017001,愛之味妞妞紅豆粉粿260g,A,poisson,4.5714,2.1381,0.4677,0,high demand - stable
14805018001,泰山綿密牛奶紅豆330g,B,poisson,0.7619,0.8729,1.1456,2,medium demand - intermittent
14805019001,愛之味薏仁寶禮盒340g*12,B,poisson,0.6667,0.8165,1.2247,2,medium demand - intermittent
14805023001,泰山珍珠薏仁饌 330g,B,normal,1.0952,0.9209,0.8408,1,medium demand - volatile
14805028001,泰山綠豆椰果湯330g,A,poisson,3.0,1.7321,0.5774,1,high demand - volatile
14805056001,愛之味綠豆意人爽340g,B,poisson,1.9048,1.3801,0.7246,1,medium demand - volatile
14805059001,愛之味蒟蒻紅豆粉粿340g,B,poisson,1.0,1.0,1.0,1,medium demand - volatile
14805063001,親親紅豆蓮子320g 親親紅豆蓮子,C,poisson,0.2381,0.488,2.0494,2,low demand - intermittent
14805066001,親親冰凍燒仙草 320g,C,poisson,0.2857,0.5345,1.8708,2,low demand - intermittent
14805899001,名屋嚴選牛奶花生320g,A,poisson,2.8095,1.6762,0.5966,1,high demand - volatile
14805900001,名屋燕麥綠豆湯,C,poisson,0.1905,0.4364,2.2913,2,low demand - intermittent
14805902001,屏農紅藜紅豆粥,C,poisson,0.0476,0.2182,4.5826,2,low demand - intermittent
14810001001,綠巨人珍珠玉米粒易開罐340g,A,normal,11.4286,4.7567,0.4162,0,high demand - stable
14810002001,台鳳非基因改造玉米粒 340g 精選玉米粒,B,poisson,1.619,1.2724,0.7859,1,medium demand - volatile
14810004001,台糖玉米粒(特級)340g,A,poisson,9.9048,3.1472,0.3177,0,high demand - stable
14810005001,綠巨人金玉雙色玉米粒,A,poisson,3.1905,1.7862,0.5599,1,high demand - volatile
14810006001,綠巨人天然特甜玉米粒,A,poisson,25.7143,5.0709,0.1972,0,high demand - stable
14810012001,綠巨人天然特甜玉米粒198g,A,poisson,4.4286,2.1044,0.4752,0,high demand - stable
14810013001,綠巨人金玉雙色玉米粒易開198g 金玉雙色玉米,A,poisson,4.1429,2.0354,0.4913,0,high demand - stable
14810016001,牛頭牌金鑽玉米粒340g,A,poisson,22.3333,4.7258,0.2116,0,high demand - stable
14810017001,綠巨人天然無鹽玉米粒3入,A,poisson,2.7619,1.6619,0.6017,1,high demand - volatile
14810018001,永偉鮮嫩玉米粒 340g,B,poisson,0.7619,0.8729,1.1456,2,medium demand - intermittent
14810022001,爭鮮黃金甜玉米粒340g,B,poisson,0.4286,0.6547,1.5275,2,medium demand - intermittent
14810023001,牛頭牌185g金鑽玉米粒 185g金鑽,B,poisson,0.6667,0.8165,1.2247,2,medium demand - intermittent
14810025001,飯友牌KA玉米粒340g,B,poisson,0.9524,0.9759,1.0247,2,medium demand - intermittent
14810030001,牛頭牌金色蔬菜特選玉米粒-易 牛頭金色,B,normal,1.3333,1.2848,0.9636,1,medium demand - volatile
14810031001,綠巨人生機玉米粒150gx3入 綠巨人生機玉米,B,poisson,1.0,1.0,1.0,1,medium demand - volatile
14811004001,台鳳非基因改造玉米醬 410g 台鳳玉米醬,B,poisson,2.0,1.4142,0.7071,1,medium demand - volatile
14811006001,台糖特級玉米醬 425公克,B,poisson,1.619,1.2724,0.7859,1,medium demand - volatile
14811007001,綠巨人珍珠玉米醬(3入組),A,poisson,5.2857,2.2991,0.435,0,high demand - stable
14811008001,牛頭牌金色蔬菜玉米醬418g 牛頭牌金玉米醬,B,poisson,1.8571,1.3628,0.7338,1,medium demand - volatile
14820001001,金蘭脆瓜396g 金蘭波浪脆瓜,B,normal,1.0952,0.9712,0.8868,1,medium demand - volatile
14820004001,大茂黑瓜玻璃瓶375g,C,poisson,0.2381,0.488,2.0494,2,low demand - intermittent
14820008001,大茂黑瓜 170g,A,poisson,15.1905,3.8975,0.2566,0,high demand - stable
14820009001,大茂幼條瓜 幼條瓜,B,poisson,0.5714,0.7559,1.3229,2,medium demand - intermittent
14820012001,愛之味鮮味脆瓜180g 鮮味脆瓜,A,poisson,23.0,4.7958,0.2085,0,high demand - stable
14820013001,愛之味壺底蔭瓜140g 壺底蔭瓜,A,poisson,15.1905,3.8975,0.2566,0,high demand - stable
14820014001,愛之味青脆菜心180g 青脆菜心,A,poisson,16.2857,4.0356,0.2478,0,high demand - stable
14820015001,大茂小蔭瓜,B,poisson,0.7143,0.8452,1.1832,2,medium demand - intermittent
14820016001,健康廚房-鮮脆花瓜 健康廚房-鮮脆,B,poisson,0.5238,0.7237,1.3817,2,medium demand - intermittent
14820017001,大茂三合一 大茂三合一,A,poisson,5.4762,2.3401,0.4273,0,high demand - stable
14820023001,大茂幼條瓜375g,B,poisson,1.2857,1.1339,0.8819,1,medium demand - volatile
14820028001,大茂三寶組合罐 170g,A,poisson,16.7143,4.0883,0.2446,0,high demand - stable
14820029001,金蘭香菇麵筋396g 金蘭香菇麵筋,B,normal,1.7143,1.1188,0.6526,1,medium demand - volatile
14820031001,金蘭香菇素瓜仔肉370g 香菇素瓜仔肉,B,poisson,0.9524,0.9759,1.0247,2,medium demand - intermittent
14820035001,大茂菜心375g 大茂菜心375,B,poisson,0.619,0.7868,1.271,2,medium demand - intermittent
14820045001,愛之味醬菜三寶組合包 醬菜三寶組合包,A,poisson,14.6667,3.8297,0.2611,0,high demand - stable
14821001001,大茂幼筍玻璃瓶350g,B,poisson,0.6667,0.8165,1.2247,2,medium demand - intermittent
14821003001,愛之味珍保玉筍120g 珍保玉筍,A,poisson,36.0,6.0,0.1667,0,high demand - stable
14821006001,金蘭筍茸350g,B,poisson,0.8571,0.9258,1.0801,2,medium demand - intermittent
14821011001,高慶泉蔭瓜420g,B,poisson,0.4286,0.6547,1.5275,2,medium demand - intermittent
14822008001,橘平屋海苔醬-昆布145g 海苔醬-昆布,B,poisson,1.5238,1.2344,0.8101,1,medium demand - volatile
14822009001,飯友#4洋菇,B,poisson,0.4762,0.6901,1.4491,2,medium demand - intermittent
14822010001,飯友#4草菇,B,poisson,0.5714,0.7559,1.3229,2,medium demand - intermittent
14822011001,有機乾豆豉,C,poisson,0.1905,0.4364,2.2913,2,low demand - intermittent
14822014001,愛之味 韓式泡菜190g 愛之味 韓式泡,A,poisson,9.4286,3.0706,0.3257,0,high demand - stable
14822017001,黃大目豆腐乳-麻油辣 麻油辣,B,poisson,0.6667,0.8165,1.2247,2,medium demand - intermittent
14822018001,黃大目豆腐乳-甜酒香,B,poisson,0.5238,0.7237,1.3817,2,medium demand - intermittent
14822020001,江記金饌紅麴豆腐乳310g,B,poisson,0.5238,0.7237,1.3817,2,medium demand - intermittent
14822021001,御膳食堂剝皮辣椒 380g 御膳食堂剝皮辣,B,poisson,0.5238,0.7237,1.3817,2,medium demand - intermittent
14822023001,江記金饌梅子豆腐乳310g,B,poisson,0.7619,0.8729,1.1456,2,medium demand - intermittent
14822024001,味島海苔醬--海苔佃煮190g,C,poisson,0.2381,0.488,2.0494,2,low demand - intermittent
14822025001,味島海苔醬--椎茸佃煮190g,B,poisson,0.7143,0.8452,1.1832,2,medium demand - intermittent
14822026001,味島香鬆3合1-清香.海苔.野菜 清香.海苔.野菜,B,poisson,0.7619,0.8729,1.1456,2,medium demand - intermittent
14822037001,大茂土豆王玻璃瓶360g,C,poisson,0.2381,0.488,2.0494,2,low demand - intermittent
14822038001,江記金饌酒釀豆腐乳310g,B,poisson,0.5238,0.7237,1.3817,2,medium demand - intermittent
14822042001,飯友素瓜仔肉 150g 飯友素瓜仔肉,B,poisson,0.8095,0.8997,1.1114,2,medium demand - intermittent
14822044001,有機濕豆豉,C,poisson,0.2381,0.488,2.0494,2,low demand - intermittent
14822046001,大茂黑瓜素肉醬 180g,A,poisson,3.381,1.8387,0.5439,1,high demand - volatile
14822049001,金蘭剝皮辣椒,A,poisson,2.1905,1.48,0.6757,1,high demand - volatile
14822050001,味全光州韓式泡菜 光州韓式泡菜,B,poisson,0.8095,0.8997,1.1114,2,medium demand - intermittent
14822053001,丸莊香辣豆腐乳(非基改)350g 丸莊香辣豆腐乳,C,poisson,0.1905,0.4364,2.2913,2,low demand - intermittent
14822062001,丸莊甜酒豆腐乳(非基改)380g 丸莊甜酒豆腐乳,B,poisson,0.9524,0.9759,1.0247,2,medium demand - intermittent
14822063001,大茂金三寶(組合) 170g,A,poisson,2.5238,1.5887,0.6295,1,high demand - volatile
14822095001,味島香鬆迷你包,C,poisson,0.1429,0.378,2.6458,2,low demand - intermittent
14822104001,宏昇五香辣腐乳 宏昇五香辣腐乳,C,poisson,0.1905,0.4364,2.2913,2,low demand - intermittent
14822112001,高岡屋海苔醬150g,B,poisson,1.9524,1.3973,0.7157,1,medium demand - volatile
14822115001,家福雞豆 家福雞豆,B,poisson,0.4286,0.6547,1.5275,2,medium demand - intermittent
14822116001,英國Heinz茄汁豆罐 茄汁豆罐,C,poisson,0.1429,0.378,2.6458,2,low demand - intermittent
14822899001,味島海苔香鬆52g 味島海苔香鬆5,B,poisson,0.5238,0.7237,1.3817,2,medium demand - intermittent
14822906001,江記金饌麻油辣腐乳270g 金饌麻油辣腐乳,C,poisson,0.0952,0.3086,3.2404,2,low demand - intermittent
14822925001,福松剝皮辣椒450g 福松剝皮辣椒4,B,poisson,0.4762,0.6901,1.4491,2,medium demand - intermittent
14822926001,福松特級樹子390g 福松特級樹子3,B,poisson,0.4762,0.6901,1.4491,2,medium demand - intermittent
14822965001,愛之味綠美人剝皮辣椒 綠美人剝皮辣椒,B,poisson,0.7619,0.8729,1.1456,2,medium demand - intermittent
14830001001,遠洋牌鮪魚片(水煮)185g,A,poisson,3.6667,1.9149,0.5222,1,high demand - volatile
14830002001,遠洋三明治鮪魚 110g,A,poisson,5.1429,2.2678,0.441,0,high demand - stable
14830005001,遠洋水煮鮪魚 90g,A,poisson,3.8571,1.964,0.5092,1,high demand - volatile
14830007001,紅鷹牌水煮海底雞170g,B,poisson,1.5714,1.2536,0.7977,1,medium demand - volatile
14830009001,紅鷹牌海底雞170g,A,poisson,12.8095,3.579,0.2794,0,high demand - stable
14830010001,愛之味鮪魚片185g 鮪魚片,A,poisson,18.5238,4.3039,0.2323,0,high demand - stable
14830011001,遠洋鮪魚片 185g,A,poisson,3.1905,1.7862,0.5599,1,high demand - volatile
14830012001,同榮香筍鮪魚 170g,B,poisson,1.0952,1.0465,0.9555,1,medium demand - volatile
14830013001,新宜興水煮鮪魚185g,C,poisson,0.2857,0.5345,1.8708,2,low demand - intermittent
14830017001,同榮鮪魚罐,B,poisson,0.7143,0.8452,1.1832,2,medium demand - intermittent
14830018001,紅鷹牌鮪魚醬(辣味),C,poisson,0.2381,0.488,2.0494,2,low demand - intermittent
14830020001,東和好媽媽纖麗鮪魚片水煮150g,B,poisson,0.9524,0.9759,1.0247,2,medium demand - intermittent
14830026001,遠洋牌玉米鮪魚三明治110g,A,poisson,2.381,1.543,0.6481,1,high demand - volatile
14830029001,海底雞鮮之味片狀 150g 海底雞鮮之味片,A,poisson,3.0,1.7321,0.5774,1,high demand - volatile
14830037001,台糖鮪魚片150g,B,poisson,0.5238,0.7237,1.3817,2,medium demand - intermittent
14830039001,同榮蔬菜鮪魚罐180g 同榮蔬菜鮪魚罐,C,poisson,0.2381,0.488,2.0494,2,low demand - intermittent
14830043001,新東陽健康水煮鮪魚片136g 新東陽健康水煮,B,poisson,0.9524,0.9759,1.0247,2,medium demand - intermittent
14830045001,紅鷹牌幼筍鮪魚170g 紅鷹牌幼筍鮪魚,A,poisson,2.619,1.6183,0.6179,1,high demand - volatile
14830048001,遠洋牌鮪魚抹醬 110g 鮪魚抹醬,B,poisson,0.7619,0.8729,1.1456,2,medium demand - intermittent
14830049001,東和好媽媽鮮撈鮪魚片油漬150g 好媽媽鮮撈鮪魚,B,poisson,0.3333,0.5774,1.7321,2,medium demand - intermittent
14830063001,紅鷹牌洋蔥鮪魚170g,B,poisson,0.5238,0.7237,1.3817,2,medium demand - intermittent
14830069001,愛之味珍寶三明治鮪魚 110g,A,poisson,11.9048,3.4503,0.2898,0,high demand - stable
14830072001,東和好媽媽無添加水煮鮪魚,A,poisson,2.7619,1.6619,0.6017,1,high demand - volatile
14830073001,東和好媽媽無添加油漬鮪魚 無添加油漬-鮪魚,B,poisson,2.2381,1.496,0.6684,1,medium demand - volatile
14831002001,紅鷹牌紅燒鰻(易開罐)100g,A,poisson,10.3333,3.2146,0.3111,0,high demand - stable
14831005001,同榮紅燒鰻 同榮紅燒鰻,B,poisson,0.3333,0.5774,1.7321,2,medium demand - intermittent
14831007001,同榮特選燒鰻(易開罐)100g,A,poisson,38.9048,6.2374,0.1603,0,high demand - stable
14831008001,新東陽海捕紅燒香酥鰻 紅燒鰻-易開罐,A,poisson,2.2857,1.5119,0.6614,1,high demand - volatile
14831009001,同榮辣味燒鰻(易開罐) 100g,A,poisson,3.7143,1.9272,0.5189,1,high demand - volatile
14831011001,紅鷹牌香辣紅燒鰻100g 辣燒鰻,A,poisson,7.7143,2.7775,0.36,0,high demand - stable
14831013001,紅鷹牌日式蒲燒鰻100g,A,poisson,4.8571,2.2039,0.4537,0,high demand - stable
14831018001,遠洋牌豆豉紅燒鰻100g,B,poisson,0.8095,0.8997,1.1114,2,medium demand - intermittent
14831020001,同榮易開豆鼓鰻 同榮易開豆鼓鰻,A,poisson,13.8095,3.7161,0.2691,0,high demand - stable
14831021001,遠洋牌紅燒鰻100g 遠洋牌紅燒鰻10,A,poisson,8.6667,2.9439,0.3397,0,high demand - stable
14831022001,遠洋牌香辣燒鰻100g,A,poisson,6.2381,2.4976,0.4004,0,high demand - stable
14831027001,新東陽海捕豆豉香酥鰻100g 新東陽海捕豆豉,B,poisson,0.9524,0.9759,1.0247,2,medium demand - intermittent
14832003001,紅鷹牌蕃茄汁鯖魚(黃罐) 220g 鯖魚,B,poisson,0.5238,0.7237,1.3817,2,medium demand - intermittent
14832005001,同榮辣味蕃茄汁鯖魚 鯖魚,B,normal,1.0952,0.9209,0.8408,1,medium demand - volatile
14832008001,廣達香魚醬160g,B,poisson,0.381,0.6172,1.6202,2,medium demand - intermittent
14832009001,同榮虱目魚罐,C,poisson,0.0476,0.2182,4.5826,2,low demand - intermittent
14832012001,紅鷹牌蕃茄汁鯖魚(紅罐) 220g 茄汁鯖魚(紅罐),A,poisson,6.0,2.4495,0.4082,0,high demand - stable
14832013001,新宜興蘇澳蕃茄魚罐 230g,B,poisson,0.8571,0.9258,1.0801,2,medium demand - intermittent
14832018001,同榮茄汁鯖魚罐(紅) 230g,A,poisson,18.0476,4.2482,0.2354,0,high demand - stable
14832021001,同榮茄汁鯖魚罐(黃) 230g,A,poisson,33.0,5.7446,0.1741,0,high demand - stable
14832024001,鱈魚肝110g,C,poisson,0.2381,0.488,2.0494,2,low demand - intermittent
14832033001,新宜興蘇澳蕃茄鯖魚 230g,B,poisson,1.1905,1.0911,0.9165,1,medium demand - volatile
14832037001,味島香鬆3合1-瀨戶.鰹節.海苔,B,poisson,0.8095,0.8997,1.1114,2,medium demand - intermittent
14832043001,新東陽旗魚鬆 新東陽旗魚鬆,B,poisson,0.5238,0.7237,1.3817,2,medium demand - intermittent
14832044001,奧斯卡國王橄欖油沙丁魚106g 奧斯卡國王橄欖,C,poisson,0.0476,0.2182,4.5826,2,low demand - intermittent
14832052001,東和好媽媽無添加蕃茄汁鯖魚(紅易),A,poisson,2.619,1.6183,0.6179,1,high demand - volatile
14832054001,東和好媽媽無添加蕃茄汁鯖魚(黃易) *東和鯖魚黃易,A,poisson,2.2381,1.496,0.6684,1,high demand - volatile
14832056001,東和好媽媽無添加特製豆豉紅燒鰻 *東和紅燒鰻魚,B,poisson,1.1905,1.0911,0.9165,1,medium demand - volatile
14832057001,東和好媽媽無添加特製燒鰻,B,poisson,1.3333,1.1547,0.866,1,medium demand - volatile
14832909001,新宜興五香黃花魚100g 新宜興五香黃花,B,poisson,0.5238,0.7237,1.3817,2,medium demand - intermittent
14832931001,老船長薑汁魚腹-130g 老船長薑汁魚腹,B,poisson,0.381,0.6172,1.6202,2,medium demand - intermittent
14832948001,台糖蕃茄汁鯖魚 220gx3罐/組(紅罐) 蕃茄汁鯖魚紅,C,poisson,0.1429,0.378,2.6458,2,low demand - intermittent
14833001001,得意的一天寶寶肉鬆-香蔬200g 寶寶肉鬆,C,poisson,0.1429,0.378,2.6458,2,low demand - intermittent
14833002001,得意的一天嚴選肉鬆-香酥200g 嚴選肉鬆,B,poisson,1.0952,1.0465,0.9555,1,medium demand - volatile
14833003001,遠洋牌嘉義雞肉飯料110g 遠洋牌嘉義雞肉,A,poisson,2.9524,1.7182,0.582,1,high demand - volatile
14833005001,廣達香辣紅燒牛肉,B,poisson,0.3333,0.5774,1.7321,2,medium demand - intermittent
14833009001,新東陽原味肉醬 160g,A,poisson,7.6667,2.7689,0.3612,0,high demand - stable
14833010001,新東陽辣味肉醬 160g,A,normal,13.8571,6.0339,0.4354,0,high demand - stable
14833011001,飯友嚕肉飯150g,B,poisson,1.0952,1.0465,0.9555,1,medium demand - volatile
14833013001,新東陽精緻海苔肉鬆248g 新東陽海苔肉鬆,B,poisson,2.0476,1.431,0.6988,1,medium demand - volatile
14833017001,牛頭牌紅蔥醬360g 牛頭牌紅蔥肉燥,B,poisson,0.3333,0.5774,1.7321,2,medium demand - intermittent
14833018001,新東陽豬肉鬆270g,A,poisson,6.2381,2.4976,0.4004,0,high demand - stable
14833020001,廣達香家常肉醬--香辣口味,B,poisson,2.0,1.4142,0.7071,1,medium demand - volatile
14833021001,廣達香魚鬆 250g 廣達香健康鬆,B,poisson,0.3333,0.5774,1.7321,2,medium demand - intermittent
14833024001,廣達香肉醬 150g,A,poisson,9.7143,3.1168,0.3208,0,high demand - stable
14833033001,維力素食炸醬罐175g 維力素食炸醬罐,B,poisson,0.4762,0.6901,1.4491,2,medium demand - intermittent
14833034001,廣達香素食香鬆(海苔芝麻)150g 廣達香素食香鬆,B,normal,1.3333,1.1684,0.8763,1,medium demand - volatile
14833035001,味全辣味肉醬150g 味全辣味肉醬,B,poisson,1.9048,1.3801,0.7246,1,medium demand - volatile
14833036001,廣達香素食香鬆(珍味)150g,B,poisson,0.8571,0.9258,1.0801,2,medium demand - intermittent
14833037001,維力素食炸醬罐800g,C,poisson,0.2857,0.5345,1.8708,2,low demand - intermittent
14833040001,維力炸醬罐 800g 維力炸醬罐,B,poisson,1.1429,1.069,0.9354,1,medium demand - volatile
14833042001,廣達香瓜仔肉110g,B,poisson,1.6667,1.291,0.7746,1,medium demand - volatile
14833045001,CJ 韓式午餐肉 CJ 韓式午餐肉,B,poisson,0.3333,0.5774,1.7321,2,medium demand - intermittent
14833049001,新東陽義大利麵肉醬160g 新東陽義大利麵,B,poisson,0.7619,0.8729,1.1456,2,medium demand - intermittent
14833052001,新東陽滷肉燥 110g 新東陽滷肉燥,B,poisson,2.0952,1.4475,0.6908,1,medium demand - volatile
14833056001,台糖安心豚豬肉醬160g(香辣) 台糖安心豚豬肉,B,poisson,1.4762,1.215,0.8231,1,medium demand - volatile
14833058001,德昌精燉牛肉罐440g,B,poisson,1.1429,1.069,0.9354,1,medium demand - volatile
14833059001,德昌紅燒牛肉罐425g 紅燒牛肉罐44,B,poisson,0.9048,0.9512,1.0513,2,medium demand - intermittent
14833060001,維力炸醬175g 維力炸醬(小),B,poisson,1.3333,1.1547,0.866,1,medium demand - volatile
14833063001,香辣牛肉罐180g 香辣牛肉罐18,C,poisson,0.0952,0.3086,3.2404,2,low demand - intermittent
14833065001,金蘭拌麵拌飯醬180g 金蘭拌麵拌飯醬,C,poisson,0.2857,0.5345,1.8708,2,low demand - intermittent
14833066001,台糖安心豚豬肉醬160g(五香) 台糖安心豚豬肉,B,poisson,1.7619,1.3274,0.7534,1,medium demand - volatile
14833069001,廣達香純肉鬆-213g 廣達香純肉鬆,C,poisson,0.3333,0.5774,1.7321,2,low demand - intermittent
14833072001,義美純豬肉鬆175g 義美純豬肉鬆1,B,poisson,1.8571,1.3628,0.7338,1,medium demand - volatile
14833075001,統一肉燥罐(肉燥風味醬) 737g,B,normal,1.2381,1.1914,0.9623,1,medium demand - volatile
14833077001,牛頭牌紅蔥醬737g 紅蔥肉燥,B,poisson,0.8095,0.8997,1.1114,2,medium demand - intermittent
14833078001,青葉嚕肉飯料150G 青葉嚕肉飯料,B,poisson,0.5238,0.7237,1.3817,2,medium demand - intermittent
14833079001,牛頭牌紅蔥醬175g 牛頭牌紅蔥肉燥,B,poisson,0.3333,0.5774,1.7321,2,medium demand - intermittent
14833082001,青葉特級辣味肉醬160G 青葉特級辣味肉,C,poisson,0.2857,0.5345,1.8708,2,low demand - intermittent
14833084001,如意海苔素香鬆300g,B,poisson,0.7143,0.8452,1.1832,2,medium demand - intermittent
14833086001,義美純豬肉鬆-海苔芝麻175g 義美純豬肉鬆-,B,poisson,1.381,1.1751,0.851,1,medium demand - volatile
14840003001,大茂大土豆麵筋170g,A,poisson,35.2381,5.9362,0.1685,0,high demand - stable
14840005001,大茂大土豆麵筋玻璃瓶375g,C,poisson,0.1429,0.378,2.6458,2,low demand - intermittent
14840006001,愛之味土豆麵筋170g 土豆麵筋,A,poisson,33.9048,5.8228,0.1717,0,high demand - stable
14840017001,青葉Q彈麵筋170G,A,poisson,13.5714,3.6839,0.2714,0,high demand - stable
14840018001,青葉Q彈花生麵筋 170G,A,poisson,5.4762,2.3401,0.4273,0,high demand - stable
14840021001,健康廚房-花生麵筋170g 健康-花生麵筋,B,poisson,0.3333,0.5774,1.7321,2,medium demand - intermittent
14840022001,味全花生麵筋170g 味全花生麵筋,B,poisson,2.0952,1.4475,0.6908,1,medium demand - volatile
14841001001,大茂香菇麵筋 170g,A,poisson,2.2857,1.5119,0.6614,1,high demand - volatile
14841002001,大茂3Q麵筋 170g,B,poisson,1.6667,1.291,0.7746,1,medium demand - volatile
14841003001,金蘭花生麵筋396g 花生麵筋,A,poisson,2.1905,1.48,0.6757,1,high demand - volatile
14850001001,家樂福狗乾糧-牛肉口味,A,poisson,11.8095,3.4365,0.291,0,high demand - stable
14850002001,寶多福美食犬餐--雞肉 7.5Kg,C,poisson,0.0476,0.2182,4.5826,2,low demand - intermittent
14850003001,葛莉思高齡犬養生乾狗糧 3.5kg 葛莉思高齡犬養,C,poisson,0.0476,0.2182,4.5826,2,low demand - intermittent
14850007001,葛莉思犬食 羊肉大餐13.5公斤 葛莉思犬食-羊,C,poisson,0.0476,0.2182,4.5826,2,low demand - intermittent
14850010001,家樂福狗乾糧-牛肉+雞肉口味,A,poisson,19.0952,4.3698,0.2288,0,high demand - stable
14850011001,家樂福狗乾糧-牛肉+羊肉口味,A,poisson,11.619,3.4087,0.2934,0,high demand - stable
14850012001,寶路雞肉包 70g 寶路雞肉包,C,poisson,0.1429,0.378,2.6458,2,low demand - intermittent
14850019001,寶路狗乾糧牛肉及蔬菜口味3Kg 寶路狗乾糧牛肉,C,poisson,0.3333,0.5774,1.7321,2,low demand - intermittent
14850020001,寶多福(美食犬餐牛肉) 7.5Kg,C,poisson,0.1905,0.4364,2.2913,2,low demand - intermittent
14850034001,寶多福美食犬餐牛肉口味15kg,A,poisson,2.619,1.6183,0.6179,1,high demand - volatile
14850036001,寶多福美食犬餐-牛肉口味3.5kg,C,poisson,0.0476,0.2182,4.5826,2,low demand - intermittent
14850040001,IQ Dog 成犬乾狗糧-雞肉味15Kg IQ Dog 成犬乾,B,poisson,1.1429,1.069,0.9354,1,medium demand - volatile
14850042001,加好寶經典狗糧-雞肉15Kg CP經典狗糧 -,B,poisson,0.6667,0.8165,1.2247,2,medium demand - intermittent
14850048001,西莎鄉村羊肉與田園番茄口味 1kg 西莎鄉村羊肉,C,poisson,0.0476,0.2182,4.5826,2,low demand - intermittent
14850060001,葛莉思犬食-牛肉大餐 15Kg 葛莉思犬食牛肉,C,poisson,0.1429,0.378,2.6458,2,low demand - intermittent
14850061001,西莎精緻乾糧經典火雞與鮮脆蔬菜口味 低脂火雞狗乾糧,C,poisson,0.0476,0.2182,4.5826,2,low demand - intermittent
14850063001,慧心犬糧-牛肉小型犬配方3Kg 慧心牛肉小型犬,C,poisson,0.1429,0.378,2.6458,2,low demand - intermittent
14850093001,寶多福美食犬餐雞肉口味15kg,B,poisson,2.0476,1.431,0.6988,1,medium demand - volatile
14850098001,家福超值狗乾糧(牛肉風味)3.5K,B,poisson,0.381,0.6172,1.6202,2,medium demand - intermittent
14850099001,家福超值狗乾糧(雞肉風味)3.5K,B,poisson,0.7619,0.8729,1.1456,2,medium demand - intermittent
14850102001,加好寶經典狗糧-牛肉15Kg CP經典狗糧 -,B,poisson,0.7143,0.8452,1.1832,2,medium demand - intermittent
14850103001,寶路成犬羊肉及蔬菜口味10KG 寶路成犬羊肉蔬,C,poisson,0.0476,0.2182,4.5826,2,low demand - intermittent
14850123001,慧心犬糧-牛肉+牛奶口味幼犬配方3KG 慧心犬糧-牛肉,C,poisson,0.1429,0.378,2.6458,2,low demand - intermittent
14850124001,席瑞思犬食-牛肉口味18.14kg 席瑞思犬食-牛,B,poisson,1.2857,1.1339,0.8819,1,medium demand - volatile
14850125001,席瑞思犬食-雞肉口味18.14kg 席瑞思犬食-雞,B,normal,1.381,1.2141,0.8791,1,medium demand - volatile
14850126001,寶多福健康犬餐熟齡犬專用配方袋15Kg,B,poisson,0.6667,0.8165,1.2247,2,medium demand - intermittent
14850133001,博朗氏挑嘴犬狗糧 1.8公斤,C,poisson,0.0952,0.3086,3.2404,2,low demand - intermittent
14850135001,寶多福健康犬餐熟齡犬專用配方包3.5K 寶多福健康犬餐,C,poisson,0.2857,0.5345,1.8708,2,low demand - intermittent
14850173001,寶多福美食犬餐大型成犬15Kg,B,poisson,0.3333,0.5774,1.7321,2,medium demand - intermittent
14850175001,葛莉思高齡養生配方犬食牛肉口味3.5k 葛莉思-高齡犬,C,poisson,0.1905,0.4364,2.2913,2,low demand - intermittent
14850194001,席瑞思犬食-牛肉口味3.5公斤,B,poisson,1.2381,1.1127,0.8987,1,medium demand - volatile
14850195001,席瑞思犬食-雞肉口味3.5公斤,B,normal,1.1429,0.833,0.7289,1,medium demand - volatile
14850197001,健康紀元犬食-低過敏照護配方,C,poisson,0.2857,0.5345,1.8708,2,low demand - intermittent
14851001001,加好寶經典乾貓糧-鮪魚7Kg CP經典乾貓糧-,C,poisson,0.0952,0.3086,3.2404,2,low demand - intermittent
14851003001,歡樂派貓乾糧(鮪魚+鮭魚+雞肉),C,poisson,0.1905,0.4364,2.2913,2,low demand - intermittent
14851004001,偉嘉乾貓糧海洋魚類 7Kg,C,poisson,0.2381,0.488,2.0494,2,low demand - intermittent
14851006001,葛莉思貓食燻雞風味 8Kg,C,poisson,0.0476,0.2182,4.5826,2,low demand - intermittent
14851007001,歡樂派貓乾糧(多種魚類-鮪魚+鮭魚+鱈肉),A,poisson,2.7143,1.6475,0.607,1,high demand - volatile
14851009001,加好寶經典乾貓糧 - 海鮮7Kg CP經典乾貓糧-,C,poisson,0.2381,0.488,2.0494,2,low demand - intermittent
14851010001,偉嘉乾貓糧化毛配方-鮪魚雞肉3kg 偉嘉乾貓糧化毛,C,poisson,0.0952,0.3086,3.2404,2,low demand - intermittent
14851014001,福壽喵喵貓食(鮪魚) 4.54Kg,C,poisson,0.2381,0.488,2.0494,2,low demand - intermittent
14851018001,家福超值貓乾糧(海鮮口味)1.5,C,poisson,0.1905,0.4364,2.2913,2,low demand - intermittent
14851023001,葛莉思貓食-海洋口味 8Kg,C,poisson,0.1905,0.4364,2.2913,2,low demand - intermittent
14851025001,家福超值貓乾糧(海鮮)7KG,A,poisson,6.1905,2.4881,0.4019,0,high demand - stable
14851032001,葛莉思貓食-鮪魚蟹肉 7Kg 葛莉思貓食- 鮪,C,poisson,0.0952,0.3086,3.2404,2,low demand - intermittent
14851034001,福壽喵喵貓食-海鮮總匯 4.54Kg 海鮮總匯,B,normal,1.2857,1.5164,1.1794,2,medium demand - intermittent
14851035001,偉嘉乾糧鮪魚總匯(貓)7Kg,C,poisson,0.2381,0.488,2.0494,2,low demand - intermittent
14851057001,家福超值貓乾糧(鮪魚雞肉)1.5K 超值貓乾1.5,B,poisson,0.381,0.6172,1.6202,2,medium demand - intermittent
14851058001,家福超值貓乾糧(鮪魚雞肉)7kg,A,poisson,8.381,2.895,0.3454,0,high demand - stable
14851063001,席瑞思貓食-鮭魚明蝦口味1.5kg 席瑞思貓食-鮭,A,poisson,2.7619,1.6619,0.6017,1,high demand - volatile
14851071001,席瑞思貓食-鮪魚蟹肉口味1.5kg 席瑞思貓食-鮪,B,poisson,1.9524,1.3973,0.7157,1,medium demand - volatile
14851072001,席瑞思貓食-鱈魚干貝口味1.5kg 席瑞思貓食-鱈,B,poisson,2.1905,1.48,0.6757,1,medium demand - volatile
14851073001,偉嘉乾糧鯖魚口味 7KG 偉嘉乾糧鯖魚,B,poisson,0.381,0.6172,1.6202,2,medium demand - intermittent
14851098001,寶多福LOVE CAT成貓1.5KG,C,poisson,0.1429,0.378,2.6458,2,low demand - intermittent
14851121001,席瑞思貓食-鮪魚蟹肉口味5公斤,B,poisson,0.4286,0.6547,1.5275,2,medium demand - intermittent
14852005001,寶路雞肉罐 寶路雞肉罐,B,poisson,0.381,0.6172,1.6202,2,medium demand - intermittent
14852006001,西莎餐盒田園香米燉牛肉100g 西莎餐盒田園香,C,poisson,0.0476,0.2182,4.5826,2,low demand - intermittent
14852008001,西莎餐盒南法野菜燉雞100g 西莎餐盒南法野,C,poisson,0.1905,0.4364,2.2913,2,low demand - intermittent
14852009001,西莎100g-牛肉及肝 100g 牛肉及肝,C,poisson,0.2381,0.488,2.0494,2,low demand - intermittent
14852011001,西莎精緻狗食-雞肉100g 雞肉,C,poisson,0.1429,0.378,2.6458,2,low demand - intermittent
14852012001,西莎野菜牛肉100g 西莎野菜牛肉,C,poisson,0.2381,0.488,2.0494,2,low demand - intermittent
14852015001,西莎餐盒經典嫩烤火雞100g 西莎餐盒經典嫩,C,poisson,0.1429,0.378,2.6458,2,low demand - intermittent
14852016001,西莎蒸鮮包成犬 低脂雞肉70g 西莎蒸鮮包,C,poisson,0.1429,0.378,2.6458,2,low demand - intermittent
14852019001,西莎蒸鮮包低脂牛肉與蔬菜70g 西莎蒸鮮包低,C,poisson,0.1429,0.378,2.6458,2,low demand - intermittent
14852020001,西莎-牛肉口味 100g 牛肉口味,C,poisson,0.2857,0.5345,1.8708,2,low demand - intermittent
14852031001,西莎主廚蒔蘿焗烤菲力牛100g 西莎蒔蘿焗烤,C,poisson,0.1905,0.4364,2.2913,2,low demand - intermittent
14852043001,家福超值狗食罐頭(牛肉風味),C,poisson,0.2381,0.488,2.0494,2,low demand - intermittent
14852044001,家福超值狗食罐頭(雞肉風味),C,poisson,0.1429,0.378,2.6458,2,low demand - intermittent
14852062001,西莎蒸鮮包成犬低脂雞肉與蔬菜70g 西莎蒸鮮包低脂,C,poisson,0.0952,0.3086,3.2404,2,low demand - intermittent
14852064001,葛莉思犬罐-牛肉口味 400g,B,poisson,0.3333,0.5774,1.7321,2,medium demand - intermittent
14852898001,西莎嫩燒小羊肉100g 西莎嫩燒小羊肉,C,poisson,0.1429,0.378,2.6458,2,low demand - intermittent
14852899001,西莎餐盒小羊肉100g 西莎餐盒小羊肉,C,poisson,0.1429,0.378,2.6458,2,low demand - intermittent
14852904001,好一頓狗罐頭(雞肉口味),C,poisson,0.0476,0.2182,4.5826,2,low demand - intermittent
14853002001,饗食貓餐罐(純鮪魚)170g 饗食貓餐罐(純,C,poisson,0.1905,0.4364,2.2913,2,low demand - intermittent
14853003001,家福超值水煮鮪魚貓食,B,poisson,0.8095,0.8997,1.1114,2,medium demand - intermittent
14853009001,家福超值沙丁魚凍貓食,C,poisson,0.2857,0.5345,1.8708,2,low demand - intermittent
14853013001,偉嘉妙鮮包鮪魚(貓)85g 鮪魚,C,poisson,0.1905,0.4364,2.2913,2,low demand - intermittent
14853027001,貓撲鮪魚餐罐(鮪魚+雞肉)400g,C,poisson,0.0952,0.3086,3.2404,2,low demand - intermittent
14853031001,咪歐貓罐-沙丁魚口味170G 咪歐貓罐-沙丁,C,poisson,0.2381,0.488,2.0494,2,low demand - intermittent
14853033001,愛貓機能餐罐(鮪魚+吻仔魚)85g 愛貓餐罐(鮪+,C,poisson,0.0952,0.3086,3.2404,2,low demand - intermittent
14853034001,愛貓機能餐罐(鮪魚+牛肉)85g 愛貓-鮪魚+牛85,C,poisson,0.0952,0.3086,3.2404,2,low demand - intermittent
14853038001,咪亞機能貓罐-鮪魚+蝦肉口味160g 咪亞機能貓罐鮪+,C,poisson,0.0952,0.3086,3.2404,2,low demand - intermittent
14853039001,咪亞機能貓罐-鮪魚+吻仔魚口味160g 咪亞機能貓罐鮪,C,poisson,0.1429,0.378,2.6458,2,low demand - intermittent
14853040001,咪亞機能貓罐-鮪魚+雞肉口味160g 咪亞機能貓罐鮪+,C,poisson,0.0952,0.3086,3.2404,2,low demand - intermittent
14853048001,丹鮪魚雞肉貓罐 185公克 丹鮪魚雞肉貓罐,C,poisson,0.1905,0.4364,2.2913,2,low demand - intermittent
14853061001,偉嘉妙鮮包鯖魚及鮭魚 85G 四入裝 鯖魚,C,poisson,0.3333,0.5774,1.7321,2,low demand - intermittent
14853067001,偉嘉妙鮮包海洋魚類85g四入裝 偉嘉妙鮮包海洋,C,poisson,0.2381,0.488,2.0494,2,low demand - intermittent
14853069001,偉嘉妙鮮包7+熟齡貓鮪魚85g四入裝 偉嘉妙鮮包7+,C,poisson,0.0476,0.2182,4.5826,2,low demand - intermittent
14854024001,聖萊西多滿牛肉起司切條250g 牛肉起司切條,C,poisson,0.0952,0.3086,3.2404,2,low demand - intermittent
14854027001,加好寶經典狗餅乾 300G CP經典狗餅乾,C,poisson,0.1429,0.378,2.6458,2,low demand - intermittent
15020001001,光泉低脂保久牛乳,A,poisson,2.9524,1.7182,0.582,1,high demand - volatile
15020007001,澳洲奶協會全脂牛奶1000ml 倍瑞100全脂牛,B,poisson,0.5714,0.7559,1.3229,2,medium demand - intermittent
15020010001,光泉低脂高鈣牛乳,A,poisson,10.619,3.2587,0.3069,0,high demand - stable
15020046001,福樂低脂高鈣牛乳(保久乳)200m,A,poisson,5.7619,2.4004,0.4166,0,high demand - stable
15020047001,光泉全脂保久牛乳,A,poisson,30.2381,5.4989,0.1819,0,high demand - stable
15020050001,光泉高鈣牛乳 高鈣牛乳,A,poisson,11.7143,3.4226,0.2922,0,high demand - stable
15020904001,雀巢全脂牛奶1L 雀巢全脂牛奶,B,poisson,1.1429,1.069,0.9354,1,medium demand - volatile
15020911001,Almond Breeze原味杏仁飲,C,poisson,0.2857,0.5345,1.8708,2,low demand - intermittent
15020913001,Almond Breeze無糖香草風味杏仁飲,B,poisson,0.619,0.7868,1.271,2,medium demand - intermittent
15020920001,光泉高鈣牛乳-無加糖200ml,A,poisson,5.1429,2.2678,0.441,0,high demand - stable
15020922001,克寧國小生牛奶198ML,A,poisson,3.0476,1.7457,0.5728,1,high demand - volatile
15020925001,極品限定高鈣牛乳200ml 極品限定高鈣牛,B,poisson,0.619,0.7868,1.271,2,medium demand - intermittent
15021001001,光泉果汁牛乳,A,poisson,13.4286,3.6645,0.2729,0,high demand - stable
15021003001,福樂香蕉牛乳 福樂香蕉牛乳,A,poisson,3.7143,1.9272,0.5189,1,high demand - volatile
15021005001,國農草莓調味牛乳,B,poisson,1.9048,1.3801,0.7246,1,medium demand - volatile
15021035001,福樂蘋果牛乳(保久乳)200ml 蘋果保久乳,A,poisson,5.0952,2.2573,0.443,0,high demand - stable
15021042001,愛之味純濃燕麥290ml 愛之味純濃燕麥,B,poisson,1.1905,1.0911,0.9165,1,medium demand - volatile
15021047001,愛之味純濃燕麥-天然原味TPA250ml 愛之味純濃燕麥,B,poisson,1.4762,1.215,0.8231,1,medium demand - volatile
15021057001,克寧國小生草莓優酪乳198ML 克寧草莓優酪乳,B,normal,1.0952,1.0191,0.9305,1,medium demand - volatile
15021059001,國農果汁牛乳215ml,B,normal,1.1429,1.0817,0.9465,1,medium demand - volatile
15021060001,極品限定蘋果牛乳200ml 極品限定蘋果牛,B,poisson,2.0,1.4142,0.7071,1,medium demand - volatile
15022004001,光泉巧克力牛乳,A,poisson,10.4762,3.2367,0.309,0,high demand - stable
15022005001,福樂巧克力牛乳(保久乳)200ml 巧克力保久乳,A,poisson,4.4762,2.1157,0.4727,0,high demand - stable
15022009001,國農巧克力調味牛乳,B,normal,2.0476,1.3265,0.6478,1,medium demand - volatile
15022013001,雀巢美祿巧克力麥芽飲品TP,A,poisson,3.2857,1.8127,0.5517,1,high demand - volatile
15022014001,福樂堅果牛乳(保久乳)200ml,C,poisson,0.0476,0.2182,4.5826,2,low demand - intermittent
15022015001,國農麥胚芽調味牛乳 國農麥胚芽調味,B,poisson,1.9524,1.3973,0.7157,1,medium demand - volatile
15022017001,光泉調味乳-珍穀堅果牛乳 珍穀堅果牛乳,A,poisson,4.0476,2.0119,0.4971,0,high demand - stable
15022019001,台農牛乳麥芽保久乳飲品200ml 台農麥芽保久乳,C,poisson,0.2857,0.5345,1.8708,2,low demand - intermittent
15022020001,台農牛乳巧克力保久乳飲品200ml 台農巧克力保久,C,poisson,0.0952,0.3086,3.2404,2,low demand - intermittent
15022021001,雀巢美祿巧克力飲品減糖配方198ml,B,poisson,1.0,1.0,1.0,1,medium demand - volatile
15022022001,極品限定可可牛乳200ml 極品限定可可牛,B,poisson,0.3333,0.5774,1.7321,2,medium demand - intermittent
15022026001,福樂麥芽保久乳 200ml 福樂麥芽保久乳,A,poisson,10.0,3.1623,0.3162,0,high demand - stable
15023001001,員山農會養生杏仁奶250ml 員山農養生杏仁,B,poisson,0.381,0.6172,1.6202,2,medium demand - intermittent
15023003001,義美豆奶250ml,A,poisson,2.8571,1.6903,0.5916,1,high demand - volatile
15023004001,義美黑豆奶250ml,B,poisson,1.9524,1.3973,0.7157,1,medium demand - volatile
15023005001,義美低糖黑豆奶,A,poisson,2.9524,1.7182,0.582,1,high demand - volatile
15023008001,光泉雞蛋豆奶 光泉雞蛋豆奶,B,poisson,0.5238,0.7237,1.3817,2,medium demand - intermittent
15023010001,義美雞蛋豆奶 250ml 雞蛋豆奶,B,poisson,0.8095,0.8997,1.1114,2,medium demand - intermittent
15023011001,統一蜜豆奶(草莓) 統一蜜豆奶(草莓,A,poisson,3.7619,1.9396,0.5156,1,high demand - volatile
15023012001,統一蜜豆奶(雞蛋) 統一蜜豆奶(雞蛋,A,poisson,11.4286,3.3806,0.2958,0,high demand - stable
15023013001,統一蜜豆奶(牛奶) 統一蜜豆奶(牛奶,A,poisson,3.619,1.9024,0.5257,1,high demand - volatile
15023017001,義美無加糖元氣豆奶250ml,A,poisson,2.9524,1.7182,0.582,1,high demand - volatile
15023020001,義美低糖豆奶250ml,A,poisson,4.8095,2.1931,0.456,0,high demand - stable
15023035001,員山農會養生豆奶250ml,A,poisson,3.7143,1.9272,0.5189,1,high demand - volatile
15023036001,員山農會養生黑芝麻豆奶 員山黑芝麻豆奶,C,poisson,0.0476,0.2182,4.5826,2,low demand - intermittent
15023038001,員山農會濃嘜甜高濃度養生豆奶 員山農會豆奶,C,poisson,0.0476,0.2182,4.5826,2,low demand - intermittent
15024004001,義美糙米奶,A,poisson,5.0952,2.2573,0.443,0,high demand - stable
15024011001,員山農會養生米奶250ml 員山農會米奶,B,poisson,0.8571,0.9258,1.0801,2,medium demand - intermittent
15024014001,義美低糖糙米奶250ml 義美低糖糙米奶,A,poisson,2.4286,1.5584,0.6417,1,high demand - volatile
15081020001,福記日式素豆乾原味 福記日式素豆乾,C,poisson,0.3333,0.5774,1.7321,2,low demand - intermittent
15302010001,盛香珍蜜柑多果實 盛香珍蜜柑多果,C,poisson,0.0476,0.2182,4.5826,2,low demand - intermittent
30000004001,金頂金霸王4號AAA 4粒裝 4號AAA 4粒裝,C,poisson,0.1429,0.378,2.6458,2,low demand - intermittent
30000048001,12pcs#4(Alk)勁量鹼性電池,B,poisson,0.8095,0.8997,1.1114,2,medium demand - intermittent
30000049001,8pcs#4(Alk) 勁量鹼性電池AAA,C,poisson,0.2381,0.488,2.0494,2,low demand - intermittent
30000056001,金頂4號AAA 18粒裝,B,poisson,1.4762,1.215,0.8231,1,medium demand - volatile
30001002001,金頂金霸王3號AA 4粒裝 3號AA 4粒裝,C,poisson,0.1905,0.4364,2.2913,2,low demand - intermittent
30001040001,12pcs#3(Shd)勁量鹼性電池,B,poisson,0.6667,0.8165,1.2247,2,medium demand - intermittent
30001041001,8pcs#3勁量鹼性電池,C,poisson,0.1429,0.378,2.6458,2,low demand - intermittent
30001907001,金頂3號 AA 18粒裝 金頂3號18粒,B,poisson,2.0476,1.431,0.6988,1,medium demand - volatile
30002001001,金頂金霸王2號C 2粒裝,C,poisson,0.1429,0.378,2.6458,2,low demand - intermittent
30003001001,金頂金霸王1號D 2粒裝 1號D 2粒裝,C,poisson,0.2381,0.488,2.0494,2,low demand - intermittent
30005001001,勁量鈕扣型鋰電池 2032 2入,C,poisson,0.1905,0.4364,2.2913,2,low demand - intermittent
30010002001,永備碳鋅4號電池16入量販包 永備4號16入,A,poisson,2.8571,1.6903,0.5916,1,high demand - volatile
30010006001,小小兵碳鋅電池4號4入,B,poisson,0.4762,0.6901,1.4491,2,medium demand - intermittent
30011002001,永備碳鋅3號電池16入量販包,A,poisson,2.7143,1.6475,0.607,1,high demand - volatile
30013002001,永備碳鋅1號電池4入量販包 永備1號4入,B,poisson,0.3333,0.5774,1.7321,2,medium demand - intermittent
30013004001,Panasonic 碳鋅(錳乾)1號4入 Panasonic 碳鋅,C,poisson,0.0476,0.2182,4.5826,2,low demand - intermittent
30045021001,Glolux13瓦LED廣角高亮度燈泡-白光,C,poisson,0.0952,0.3086,3.2404,2,low demand - intermittent
30045025001,家樂福LED燈泡16W,C,poisson,0.0952,0.3086,3.2404,2,low demand - intermittent
30045057001,家樂福LED燈泡10w,B,poisson,0.381,0.6172,1.6202,2,medium demand - intermittent
30045057002,家樂福LED燈泡10w,C,poisson,0.3333,0.5774,1.7321,2,low demand - intermittent
30045058001,家樂福LED燈泡13W,C,poisson,0.2381,0.488,2.0494,2,low demand - intermittent
30045058002,家樂福LED燈泡13W 家福LED13w-黃,C,poisson,0.2381,0.488,2.0494,2,low demand - intermittent
30045076001,旭光(超高效能 )LED16W球泡燈 晝光色,C,poisson,0.0952,0.3086,3.2404,2,low demand - intermittent
30045077001,旭光(超高效能) LED10W球泡燈 晝光色,B,poisson,1.2381,1.1127,0.8987,1,medium demand - volatile
30045077002,旭光(超高效能) LED10W球泡燈 燈泡色,B,poisson,0.7619,0.8729,1.1456,2,medium demand - intermittent
30045078002,旭光(超高效能 )LED13W球泡燈 燈泡色,C,poisson,0.0476,0.2182,4.5826,2,low demand - intermittent
30045079001,Glolux10瓦LED廣角高亮度燈泡-白 Glolux10瓦LED白,C,poisson,0.0476,0.2182,4.5826,2,low demand - intermittent
30052112001,大同23W節能燈 TL-23WD-D-白,C,poisson,0.0476,0.2182,4.5826,2,low demand - intermittent
30052113001,旭光 23W螺旋省電燈泡 晝光色,B,poisson,2.0,1.4142,0.7071,1,medium demand - volatile
30052113002,旭光 23W螺旋省電燈泡 燈泡色,B,poisson,0.4762,0.6901,1.4491,2,medium demand - intermittent
30061026001,旭光30W三波長環型燈管-晝光色 30w,C,poisson,0.0952,0.3086,3.2404,2,low demand - intermittent
30071041001,BOSS  4開3插2P高溫斷電延長線-1.8米 C-57NC,C,poisson,0.0952,0.3086,3.2404,2,low demand - intermittent
30071043001,TY-S139三開三插3P 延長線6尺 TY-S139,B,poisson,0.381,0.6172,1.6202,2,medium demand - intermittent
30071044001,TY-S123三開三插2P 延長線6尺 TY-S123,C,poisson,0.0476,0.2182,4.5826,2,low demand - intermittent
30071047001,太星電工一開三插延長線2P15A4尺,C,poisson,0.0476,0.2182,4.5826,2,low demand - intermittent
30071051001,4開3插3P高溫斷電延長線-2.7米 C-66,C,poisson,0.1429,0.378,2.6458,2,low demand - intermittent
30071053001,TY-S903-6尺三開三插3P+2USB延長線,C,poisson,0.0476,0.2182,4.5826,2,low demand - intermittent
30072058001,TY-S134四開四插3P延長線6尺 TY-S134,C,poisson,0.1429,0.378,2.6458,2,low demand - intermittent
30072062001,BOSS5開4插3P高溫斷電USB延長線1.8米 K-53,B,poisson,0.6667,0.8165,1.2247,2,medium demand - intermittent
30073007001,BOSS  7開6插3P高溫斷電延長線-1.8米 S-58NC,C,poisson,0.1429,0.378,2.6458,2,low demand - intermittent
30073017001,BOSS  7開6插2P高溫斷電延長線-1.8米 S-57NC,C,poisson,0.1905,0.4364,2.2913,2,low demand - intermittent
30073022001,TY-S122六開六插2P 延長線6尺,C,poisson,0.0476,0.2182,4.5826,2,low demand - intermittent
30073068001,7開6插3P高溫斷電延長線-2.7米 S-66,C,poisson,0.1429,0.378,2.6458,2,low demand - intermittent
30435004001,千輝電子式防風打火機 防風打火機,C,poisson,0.1429,0.378,2.6458,2,low demand - intermittent
30450006001,PVC棕色易撕膠帶 PVC棕色膠帶,B,poisson,0.381,0.6172,1.6202,2,medium demand - intermittent
30450010001,6入-OPP膠帶48mm*35M,B,poisson,0.4762,0.6901,1.4491,2,medium demand - intermittent
30450011001,6入-OPP透明膠帶48mm*70m opp膠帶-6入,C,poisson,0.2381,0.488,2.0494,2,low demand - intermittent
30450013001,3M Scotch 超透明封箱膠帶40Yd 48mm*40Yd,C,poisson,0.2381,0.488,2.0494,2,low demand - intermittent
30450023001,3M 3037-4 透明封箱膠帶 48mm X 70M 48mmx70M,B,poisson,1.4286,1.1952,0.8367,1,medium demand - volatile
30450034001,PVC布紋膠帶-1入 48m/m*14y,C,poisson,0.1429,0.378,2.6458,2,low demand - intermittent
30450039001,OPP透明膠帶-1入 48mm*35M,C,poisson,0.0952,0.3086,3.2404,2,low demand - intermittent
31042914001,樂扣樂扣PET水壺1.5L,C,poisson,0.0952,0.3086,3.2404,2,low demand - intermittent
31111007001,立體沖茶袋36入 E-立體沖茶袋36,C,poisson,0.1429,0.378,2.6458,2,low demand - intermittent
31118023001,良燒102扇形濾紙-無漂白,C,poisson,0.2381,0.488,2.0494,2,low demand - intermittent
31175002001,23cm 不鏽鋼筷 23cm 不鋼筷,C,poisson,0.0476,0.2182,4.5826,2,low demand - intermittent
31214010001,自然風環保植纖湯碗,C,poisson,0.1905,0.4364,2.2913,2,low demand - intermittent
31215012001,自然風環保植纖飯碗(大),C,poisson,0.0476,0.2182,4.5826,2,low demand - intermittent
31225014001,自然風環保植纖圓紙盤 7吋,C,poisson,0.1905,0.4364,2.2913,2,low demand - intermittent
31226017001,自然風環保植纖圓紙盤 8吋 8吋10入,C,poisson,0.0476,0.2182,4.5826,2,low demand - intermittent
31227009001,自然風環保植纖圓紙盤10吋,C,poisson,0.0952,0.3086,3.2404,2,low demand - intermittent
31230005001,免洗塑膠杯 170cc E-免洗塑膠杯,C,poisson,0.2857,0.5345,1.8708,2,low demand - intermittent
31235015001,家福7盎司紙杯50入,B,poisson,0.4286,0.6547,1.5275,2,medium demand - intermittent
31235016001,家福7盎司紙杯200入,B,poisson,1.381,1.1751,0.851,1,medium demand - volatile
31235904001,沛旺7盎司冷熱飲紙杯120入 7oz紙杯120入,C,poisson,0.0952,0.3086,3.2404,2,low demand - intermittent
31235905001,沛旺6.5盎司冷熱飲紙杯60入 6.5oz紙杯60入,C,poisson,0.1905,0.4364,2.2913,2,low demand - intermittent
31235906001,沛旺6.5盎司冷熱飲紙杯120入,C,poisson,0.1429,0.378,2.6458,2,low demand - intermittent
31236026001,家福9盎司紙杯50入,B,poisson,0.619,0.7868,1.271,2,medium demand - intermittent
31236027001,家福9盎司紙杯200入,B,poisson,1.1429,1.069,0.9354,1,medium demand - volatile
31236033001,沛旺9盎司冷熱飲紙杯60入,C,poisson,0.2381,0.488,2.0494,2,low demand - intermittent
31236034001,沛旺9盎司冷熱飲紙杯120入,C,poisson,0.2857,0.5345,1.8708,2,low demand - intermittent
31240002001,自然風餐巾紙 9x8,C,poisson,0.1429,0.378,2.6458,2,low demand - intermittent
31244001001,萬用PE手套 E-免洗手套,B,poisson,0.381,0.6172,1.6202,2,medium demand - intermittent
31244002001,手扒雞手套-50入,B,poisson,0.5714,0.7559,1.3229,2,medium demand - intermittent
31250003001,西式塑膠湯匙,C,poisson,0.1905,0.4364,2.2913,2,low demand - intermittent
31251002001,西式塑膠叉子 E-西式塑膠叉子,C,poisson,0.0476,0.2182,4.5826,2,low demand - intermittent
31253001001,免洗筷#666 E-#666,B,poisson,0.4286,0.6547,1.5275,2,medium demand - intermittent
31253002001,自然風超值免洗筷,B,poisson,0.3333,0.5774,1.7321,2,medium demand - intermittent
31253004001,紙包日式圓筷 紙包日式圓筷,C,poisson,0.2381,0.488,2.0494,2,low demand - intermittent
31254001001,耐熱袋-半斤 耐熱袋-半斤(S),B,poisson,0.4286,0.6547,1.5275,2,medium demand - intermittent
31254009001,背心袋(2斤),C,poisson,0.2857,0.5345,1.8708,2,low demand - intermittent
31254899001,耐熱袋-1斤,C,poisson,0.1429,0.378,2.6458,2,low demand - intermittent
31255005001,透明可彎吸管100入,B,poisson,0.381,0.6172,1.6202,2,medium demand - intermittent
31255006001,自然風塑包透明直吸管 塑包透明直吸管,B,poisson,0.4286,0.6547,1.5275,2,medium demand - intermittent
31255010001,塑包可彎吸管,B,poisson,0.4762,0.6901,1.4491,2,medium demand - intermittent
31258003001,自然風紙包木質咖啡拌條 紙包木咖啡拌條,C,poisson,0.0952,0.3086,3.2404,2,low demand - intermittent
31258006001,自然風咖啡調味棒,C,poisson,0.0952,0.3086,3.2404,2,low demand - intermittent
31260001001,簡易實用型烤肉架 40*24*11cm,C,poisson,0.0476,0.2182,4.5826,2,low demand - intermittent
31264013001,大波浪網 大波浪網,C,poisson,0.0476,0.2182,4.5826,2,low demand - intermittent
31267002001,烤肉夾3入 8吋烤肉夾,C,poisson,0.0952,0.3086,3.2404,2,low demand - intermittent
31268003001,烤肉刷3入,C,poisson,0.1429,0.378,2.6458,2,low demand - intermittent
31270006001,自然風環保椰子炭2公斤超值包,C,poisson,0.0476,0.2182,4.5826,2,low demand - intermittent
31270009001,紅樹林炭1.2KG,C,poisson,0.0476,0.2182,4.5826,2,low demand - intermittent
31271003001,環保椰子炭,C,poisson,0.0952,0.3086,3.2404,2,low demand - intermittent
31271016001,高級木炭 3公斤,C,poisson,0.1429,0.378,2.6458,2,low demand - intermittent
31273002001,自然風免火種燒烤專用炭 免火種1.0kg,C,poisson,0.0952,0.3086,3.2404,2,low demand - intermittent
31403064001,樂扣長形耐熱玻璃1+1超值組 長形玻璃1L*2,C,poisson,0.1905,0.4364,2.2913,2,low demand - intermittent
31414020001,史丹利真空不鏽鋼保溫壺1.9L,B,poisson,0.7143,0.8452,1.1832,2,medium demand - intermittent
31420001001,OP安全無毒鋁箔-(150吋),B,poisson,0.4762,0.6901,1.4491,2,medium demand - intermittent
31420003001,南亞美食鋁箔30cm*7.5M*2支 南亞美食鋁箔2入,C,poisson,0.2381,0.488,2.0494,2,low demand - intermittent
31420006001,妙潔鋁箔30cm*6M 妙潔鋁箔30cm*6M,B,poisson,1.3333,1.1547,0.866,1,medium demand - volatile
31420009001,妙潔鋁箔 30CM*14M 30CM*14M,B,poisson,1.5714,1.2536,0.7977,1,medium demand - volatile
31420014001,OP安全無毒鋁箔600cm,B,normal,0.9524,0.9989,1.0488,2,medium demand - intermittent
31421003001,妙潔PE密實袋 (大) 27*28cm,C,poisson,0.2381,0.488,2.0494,2,low demand - intermittent
31421011001,妙潔PE密實袋 (中) 18*20.5cm,B,poisson,0.4762,0.6901,1.4491,2,medium demand - intermittent
31421022001,3M立體密實袋中型25入 18*18.5cm,C,poisson,0.1429,0.378,2.6458,2,low demand - intermittent
31421024001,密保諾大袋20入,B,poisson,0.3333,0.5774,1.7321,2,medium demand - intermittent
31421028001,密保諾超值經濟包中袋100入 密實袋中100入,B,poisson,0.4762,0.6901,1.4491,2,medium demand - intermittent
31421034001,妙潔立體密實袋-大24入 妙潔立體袋-大,C,poisson,0.2857,0.5345,1.8708,2,low demand - intermittent
31421035001,妙潔立體密實袋-小42入 妙潔立體袋-小,B,poisson,0.4286,0.6547,1.5275,2,medium demand - intermittent
31421038001,OP生物分解抗菌密封袋 L,B,poisson,0.5238,0.7237,1.3817,2,medium demand - intermittent
31421039001,OP生物分解抗菌密封袋 M 抗菌密封袋M,B,poisson,0.4286,0.6547,1.5275,2,medium demand - intermittent
31421040001,OP生物分解抗菌立體密封袋 M,C,poisson,0.2857,0.5345,1.8708,2,low demand - intermittent
31421041001,OP生物分解抗菌立體密封袋 L 立體密封袋L,C,poisson,0.1905,0.4364,2.2913,2,low demand - intermittent
31421049001,橘之屋6號夾鏈袋-100入 PE塑料,C,poisson,0.0952,0.3086,3.2404,2,low demand - intermittent
31422001001,OP 蔬果保鮮袋(小)18*25cm OP有機保鮮袋(小,B,poisson,0.5238,0.7237,1.3817,2,medium demand - intermittent
31422002001,妙潔耐熱袋量販包一斤135入 妙潔耐熱袋量販,B,poisson,0.4762,0.6901,1.4491,2,medium demand - intermittent
31422007001,妙潔PE袋(大) 38*25CM 大號,B,poisson,0.4762,0.6901,1.4491,2,medium demand - intermittent
31422008001,妙潔 PE 袋 (小) 18*25CM 小號,B,poisson,0.5238,0.7237,1.3817,2,medium demand - intermittent
31422011001,妙潔耐熱袋量販包半斤265入 妙潔耐熱袋量販,B,poisson,0.8095,0.8997,1.1114,2,medium demand - intermittent
31422013001,台塑保鮮耐熱袋20*30cm250袋 250袋,C,poisson,0.2857,0.5345,1.8708,2,low demand - intermittent
31422014001,台塑保鮮耐熱袋28*41cm100袋 100袋,B,poisson,0.4286,0.6547,1.5275,2,medium demand - intermittent
31422016001,3M食物保鮮袋大100入,B,poisson,0.5238,0.7237,1.3817,2,medium demand - intermittent
31422017001,3M食物保鮮袋小100入,C,poisson,0.2857,0.5345,1.8708,2,low demand - intermittent
31422018001,3M食物保鮮袋量販包小180入,B,poisson,0.8095,0.8997,1.1114,2,medium demand - intermittent
31422019001,妙潔耐熱袋六兩345入 妙潔耐熱袋六兩,C,poisson,0.1429,0.378,2.6458,2,low demand - intermittent
31422898001,妙潔 PE 袋-中,B,poisson,0.4286,0.6547,1.5275,2,medium demand - intermittent
31422899001,OP蔬果保鮮袋 (大) 保鮮袋,C,poisson,0.0476,0.2182,4.5826,2,low demand - intermittent
31422900001,3M食物保鮮袋中150入 食物保鮮袋(中),B,poisson,0.5238,0.7237,1.3817,2,medium demand - intermittent
31423001001,妙潔PE保鮮膜 30CM*55M 妙潔PE保鮮膜-3,B,poisson,0.6667,0.8165,1.2247,2,medium demand - intermittent
31423009001,OP生物分解保鮮膜-補充包(200,C,poisson,0.2857,0.5345,1.8708,2,low demand - intermittent
31423013001,妙潔 PE保鮮膜22cm*30M 妙潔 PE保鮮膜2,C,poisson,0.1905,0.4364,2.2913,2,low demand - intermittent
31423019001,妙潔PE保鮮膜 30CM*30M 保鮮膜30CM*30M,B,poisson,0.7619,0.8729,1.1456,2,medium demand - intermittent
31423896001,南亞PE保鮮膜3入(30cm*62M),B,poisson,0.4762,0.6901,1.4491,2,medium demand - intermittent
31423897001,南亞PE保鮮膜30cm*62M 南亞PE保鮮膜,B,poisson,0.381,0.6172,1.6202,2,medium demand - intermittent
31423898001,OP生物分解保鮮膜(400台尺) 生物分解保鮮膜,B,poisson,0.5714,0.7559,1.3229,2,medium demand - intermittent
31423899001,OP生物分解保鮮膜(600台尺) 生物分解保鮮膜,B,poisson,0.4286,0.6547,1.5275,2,medium demand - intermittent
31423902001,OP生物分解抗菌保鮮膜500尺,C,poisson,0.0952,0.3086,3.2404,2,low demand - intermittent
31424001001,南亞保鮮膜真省包 3支/組,B,normal,1.0476,0.95,0.9068,1,medium demand - volatile
31424002001,南亞保鮮膜  30*60+2m,B,poisson,1.7619,1.3274,0.7534,1,medium demand - volatile
31426001001,妙潔耐高溫保鮮膜 30cm*20m PMP 30*20m,B,poisson,0.5238,0.7237,1.3817,2,medium demand - intermittent
31455002001,妙潔萬用料理紙(小烤箱適用)22*7M 妙潔萬用料理紙,B,poisson,0.381,0.6172,1.6202,2,medium demand - intermittent
31455003001,妙潔萬用料理紙 30CM*5M 30CM*5M,B,normal,1.0952,0.7499,0.6847,1,medium demand - volatile
31455016001,優得氣炸鍋專用紙20.4cm-15入 炸鍋專用紙15入,C,poisson,0.1429,0.378,2.6458,2,low demand - intermittent
31462016001,鋁箔403便當深盤4入 鋁箔烤盤,C,poisson,0.0952,0.3086,3.2404,2,low demand - intermittent
31466156001,OP無雙酚A萬用烘焙紙8M,A,poisson,2.619,1.6183,0.6179,1,high demand - volatile
31472025001,森活電蚊拍(三層網),C,poisson,0.1905,0.4364,2.2913,2,low demand - intermittent
31473013001,OP生物分解抗菌防蟲濾水網170入,A,poisson,4.0,2.0,0.5,0,high demand - stable
31476039001,3M萬用料理手套盒裝 80入,B,poisson,0.5714,0.7559,1.3229,2,medium demand - intermittent
31500006001,可家芬抗蟑驅蠅清潔袋(小) 43*56cm(15L),A,poisson,4.8095,2.1931,0.456,0,high demand - stable
31500008001,環保生活家清潔袋(小),C,poisson,0.1429,0.378,2.6458,2,low demand - intermittent
31500012001,環潔實心垃圾袋--小 43*56 CM,C,poisson,0.2857,0.5345,1.8708,2,low demand - intermittent
31500014001,妙潔新防漏大師清潔袋--特小 45*40cm(10L),B,poisson,1.7143,1.3093,0.7638,1,medium demand - volatile
31500015001,妙潔新防漏大師清潔袋--小 43*56cm(15L),B,poisson,2.1429,1.4639,0.6831,1,medium demand - volatile
31500022004,驅塵氏香氛清潔袋(小),B,normal,1.1905,1.18,0.9912,1,medium demand - volatile
31500025001,OP花香環保袋(小),B,poisson,1.381,1.1751,0.851,1,medium demand - volatile
31500025002,OP花香環保袋(小),B,poisson,1.4762,1.215,0.8231,1,medium demand - volatile
31500025003,OP花香環保袋(小),B,poisson,0.8571,0.9258,1.0801,2,medium demand - intermittent
31500029001,家樂福香氛清潔袋(小),A,poisson,3.4286,1.8516,0.5401,1,high demand - volatile
31500030001,驅塵氏抗蟑防蠅清潔袋(小) 3捲入,B,poisson,0.8095,0.8997,1.1114,2,medium demand - intermittent
31500032001,輕時代花香清潔袋(小) 薰衣草 56x43cm,C,poisson,0.2381,0.488,2.0494,2,low demand - intermittent
31500032002,輕時代花香清潔袋(小) 檸檬 56x43cm,B,poisson,0.3333,0.5774,1.7321,2,medium demand - intermittent
31501003001,妙潔新防漏大師清潔袋--中 53*63cm(20L),A,poisson,2.7619,1.6619,0.6017,1,high demand - volatile
31501007001,環保生活家清潔袋(中),B,poisson,0.5714,0.7559,1.3229,2,medium demand - intermittent
31501009001,環潔實心垃圾袋--中 53*63 CM,B,poisson,0.6667,0.8165,1.2247,2,medium demand - intermittent
31501010001,可家芬抗蟑驅蠅清潔袋(中) 53* 63cm(20L),A,poisson,5.3333,2.3094,0.433,0,high demand - stable
31501013001,可家芬平底清潔袋(中),C,poisson,0.2381,0.488,2.0494,2,low demand - intermittent
31501021001,家樂福香氛清潔袋(中),A,poisson,5.619,2.3705,0.4219,0,high demand - stable
31501901003,驅塵氏香氛清潔袋(中),B,poisson,1.0952,1.0465,0.9555,1,medium demand - volatile
31501901004,驅塵氏香氛清潔袋(中),B,poisson,0.7619,0.8729,1.1456,2,medium demand - intermittent
31501903001,OP花香環保袋(中) 薰衣草62*53cm,B,normal,1.4286,1.0498,0.7348,1,medium demand - volatile
31501903002,OP花香環保袋(中),B,poisson,0.9524,0.9759,1.0247,2,medium demand - intermittent
31501903003,OP花香環保袋(中),B,poisson,1.0,1.0,1.0,1,medium demand - volatile
31501904001,驅塵氏抗蟑防蠅清潔袋(中) 3捲入,B,poisson,0.4286,0.6547,1.5275,2,medium demand - intermittent
31501907001,輕時代花香清潔袋(中) 薰衣草 約39張,B,poisson,0.4286,0.6547,1.5275,2,medium demand - intermittent
31501907002,輕時代花香清潔袋(中),C,poisson,0.2857,0.5345,1.8708,2,low demand - intermittent
31502003001,環保生活家清潔袋(大),B,poisson,0.9048,0.9512,1.0513,2,medium demand - intermittent
31502006001,可家芬抗蟑驅蠅清潔袋(大) 63* 80cm(45L),A,poisson,3.1429,1.7728,0.5641,1,high demand - volatile
31502009001,環潔實心垃圾袋--大 65*80 CM,C,poisson,0.2857,0.5345,1.8708,2,low demand - intermittent
31502010001,妙潔新防漏大師清潔袋--大 65*75cm(45L),B,poisson,0.3333,0.5774,1.7321,2,medium demand - intermittent
31502012001,可家芬平底清潔袋(大),B,poisson,0.381,0.6172,1.6202,2,medium demand - intermittent
31502025001,家樂福香氛清潔袋(大),A,poisson,3.8571,1.964,0.5092,1,high demand - volatile
31502032004,驅塵氏香氛清潔袋(大) 檸檬香,B,poisson,0.5238,0.7237,1.3817,2,medium demand - intermittent
31502034001,OP花香環保袋(大),B,normal,0.9524,0.95,0.9975,1,medium demand - volatile
31502034002,OP花香環保袋(大) 檸檬70*65cm,B,poisson,0.9048,0.9512,1.0513,2,medium demand - intermittent
31502034003,OP花香環保袋(大) 小蒼蘭70*65cm,B,poisson,0.381,0.6172,1.6202,2,medium demand - intermittent
31502037001,驅塵氏抗蟑防蠅清潔袋(大) 3捲入,B,poisson,0.4762,0.6901,1.4491,2,medium demand - intermittent
31502041001,輕時代花香清潔袋(大) 薰衣草 約24張,C,poisson,0.0952,0.3086,3.2404,2,low demand - intermittent
31502041002,輕時代花香清潔袋(大) 檸檬 約24張,C,poisson,0.0952,0.3086,3.2404,2,low demand - intermittent
31503001001,環潔實心垃圾袋--特大 90*80 CM,B,poisson,0.9048,0.9512,1.0513,2,medium demand - intermittent
31503003001,妙潔透明清潔袋(特大) 透明特大16張入,B,poisson,0.4286,0.6547,1.5275,2,medium demand - intermittent
31504001001,福營環保捲筒垃圾袋-2.4KG,C,poisson,0.1429,0.378,2.6458,2,low demand - intermittent
31504002001,如意抽取式垃圾袋超大 超大110*90cm,B,poisson,0.4762,0.6901,1.4491,2,medium demand - intermittent
31504006001,環潔實心垃圾袋--超大,C,poisson,0.1429,0.378,2.6458,2,low demand - intermittent
31504009001,台塑實心捲取清潔袋(超大) 16張入,B,poisson,0.381,0.6172,1.6202,2,medium demand - intermittent
31504015001,台塑抽取清潔袋(超特大) 125L 透明,C,poisson,0.2857,0.5345,1.8708,2,low demand - intermittent
31530001001,妙潔超薄型手套3雙入 妙潔超薄型手套,C,poisson,0.0952,0.3086,3.2404,2,low demand - intermittent
31530003001,妙潔防霉耐用絨裡手套M 妙潔絨裡手套M,C,poisson,0.2381,0.488,2.0494,2,low demand - intermittent
31530005001,妙潔防霉耐用絨裡手套L,C,poisson,0.0952,0.3086,3.2404,2,low demand - intermittent
31530008001,妙潔蘆薈護手手套 M 蘆薈手套M,C,poisson,0.1905,0.4364,2.2913,2,low demand - intermittent
31530011001,妙潔蘆薈護手手套 S,B,poisson,0.381,0.6172,1.6202,2,medium demand - intermittent
31530027001,3M 百利全面抗滑絨裡手套-中型,C,poisson,0.2857,0.5345,1.8708,2,low demand - intermittent
31530043001,妙潔 低敏防護手套M 1雙入,C,poisson,0.1429,0.378,2.6458,2,low demand - intermittent
31530048001,OP超觸感手套(L)3支入 左右手通用,B,poisson,0.381,0.6172,1.6202,2,medium demand - intermittent
31530049001,OP超觸感手套(M)3支入 左右手通用,B,poisson,0.381,0.6172,1.6202,2,medium demand - intermittent
31530106001,OP舒適手套耐用強化 S OP舒適手套S,C,poisson,0.0476,0.2182,4.5826,2,low demand - intermittent
31530107001,OP舒適手套耐用強化 M OP舒適手套M,B,poisson,0.6667,0.8165,1.2247,2,medium demand - intermittent
31530108001,OP舒適手套耐用強化 L OP舒適手套L,B,poisson,0.4762,0.6901,1.4491,2,medium demand - intermittent
31531002001,RTS_HK家居 萬用擦拭布 抹布40X40CM,A,poisson,3.381,1.8387,0.5439,1,high demand - volatile
31531021001,3M 百利不掉絮擦拭布,B,poisson,0.4286,0.6547,1.5275,2,medium demand - intermittent
31531022001,3M百利長絨吸水抹布(2片裝) 棕色30x30公分,B,poisson,0.381,0.6172,1.6202,2,medium demand - intermittent
31531042001,3M 百利不掉絮擦拭布(新色),B,poisson,0.4762,0.6901,1.4491,2,medium demand - intermittent
31531047001,OP 超音波柔邊瞬吸布 4入(30*30cm),B,poisson,0.3333,0.5774,1.7321,2,medium demand - intermittent
31531056001,3M魔布廚房擦拭布(2片裝),B,poisson,0.4762,0.6901,1.4491,2,medium demand - intermittent
31531169001,超細纖維多用抹布-4入,B,poisson,0.619,0.7868,1.271,2,medium demand - intermittent
31531171001,OP天然棉紗布(3片入) OP天然棉紗布,C,poisson,0.0476,0.2182,4.5826,2,low demand - intermittent
31532003001,3M 好潔淨抗菌杯刷補充海綿 杯刷補充海綿,C,poisson,0.2381,0.488,2.0494,2,low demand - intermittent
31532059001,多麼潔超潔淨洗杯刷-短柄 C2501,C,poisson,0.1905,0.4364,2.2913,2,low demand - intermittent
31532060001,多麼潔超潔淨洗杯刷-長柄 C2503,B,poisson,0.381,0.6172,1.6202,2,medium demand - intermittent
31532098001,順林_百研小蘇打菜瓜布杯刷 C3311-24,B,poisson,1.0476,1.0235,0.977,1,medium demand - volatile
31532099001,順林_百研菜瓜布杯刷 菜瓜布杯刷,B,poisson,1.0476,1.0235,0.977,1,medium demand - volatile
31532100001,順林_百研海綿杯刷 C3313-24,B,poisson,1.2857,1.1339,0.8819,1,medium demand - volatile
31533003001,3M 百利鋼絲球重量包2入裝,B,poisson,0.3333,0.5774,1.7321,2,medium demand - intermittent
31533005001,小蘇打粉1000g,A,poisson,2.6667,1.633,0.6124,1,high demand - volatile
31533008001,檸檬酸500g,A,poisson,5.2381,2.2887,0.4369,0,high demand - stable
31533017001,RTS_順林_百研小蘇打菜瓜布3入,C,poisson,0.2857,0.5345,1.8708,2,low demand - intermittent
31533032001,驅塵氏廚房油污濕巾,C,poisson,0.1429,0.378,2.6458,2,low demand - intermittent
31533034001,RTS_百研/德國免洗劑去污棉/6入,C,poisson,0.0476,0.2182,4.5826,2,low demand - intermittent
31533037001,輕時代方便掛海綿菜瓜布 爐廚_1吸盤2布,B,poisson,0.4286,0.6547,1.5275,2,medium demand - intermittent
31533037002,輕時代方便掛海綿菜瓜布 餐具_1吸盤2布,B,poisson,1.1429,1.069,0.9354,1,medium demand - volatile
31533038001,輕時代方便掛海綿菜瓜布替換包 替換包_爐廚3布,B,poisson,0.6667,0.8165,1.2247,2,medium demand - intermittent
31533038002,輕時代方便掛海綿菜瓜布替換包 替換包_餐具3布,B,poisson,0.3333,0.5774,1.7321,2,medium demand - intermittent
31533084001,碗盤用抗菌海棉刷 C9273-6,C,poisson,0.0476,0.2182,4.5826,2,low demand - intermittent
31533085001,餐具專用海綿菜瓜布2入 C9295-12,C,poisson,0.1905,0.4364,2.2913,2,low demand - intermittent
31533096001,百研/柔軟菜瓜布 C3327-5-12,B,poisson,0.381,0.6172,1.6202,2,medium demand - intermittent
31533097001,百研/柔軟海綿菜瓜布2入 C3328-2-12,C,poisson,0.2857,0.5345,1.8708,2,low demand - intermittent
31533211001,3M 百利妙用擦,C,poisson,0.0476,0.2182,4.5826,2,low demand - intermittent
31533309001,多麼潔餐廚專用海綿菜瓜布4入,B,poisson,0.5238,0.7237,1.3817,2,medium demand - intermittent
31540007001,3M百利好握刮刀,B,poisson,0.3333,0.5774,1.7321,2,medium demand - intermittent
31543028001,3M 百利魔布強效拖把加大版超值組 1桿+2布,B,poisson,0.7619,0.8729,1.1456,2,medium demand - intermittent
31543032001,3M百利免手洗魔布拖把,C,poisson,0.0952,0.3086,3.2404,2,low demand - intermittent
31543034001,妙潔免手洗刮淨平拖(櫻花粉) 免手洗刮淨平拖,C,poisson,0.0952,0.3086,3.2404,2,low demand - intermittent
31545005001,3M百利高效型免沾手膠棉拖把 綠1+2入,B,poisson,0.4286,0.6547,1.5275,2,medium demand - intermittent
31545006001,3M 百利輕巧型吸水膠棉拖把,C,poisson,0.0476,0.2182,4.5826,2,low demand - intermittent
31545011001,驅塵氏- 吸水膠棉拖,B,poisson,0.381,0.6172,1.6202,2,medium demand - intermittent
31546020001,多麼潔歐式巧用地板刷,B,poisson,0.5714,0.7559,1.3229,2,medium demand - intermittent
31552006001,妙潔 可換面掃把畚斗組(藍) 1掃把+1畚斗,C,poisson,0.2857,0.5345,1.8708,2,low demand - intermittent
31553006001,驅塵氏乾濕兩用拖把,B,poisson,0.4286,0.6547,1.5275,2,medium demand - intermittent
31556012001,威拂魔撢本體握把(藍) 威拂魔撢本體藍,C,poisson,0.0952,0.3086,3.2404,2,low demand - intermittent
31563008001,3M 百利抗菌拖把替換包,C,poisson,0.2857,0.5345,1.8708,2,low demand - intermittent
31563039001,3M 百利特級棉條拖把補充包 1入,C,poisson,0.1429,0.378,2.6458,2,low demand - intermittent
31564005001,3M 高效型免沾手膠棉拖把補充包 1入,B,poisson,0.381,0.6172,1.6202,2,medium demand - intermittent
31564007001,驅塵氏- 吸水膠棉拖補充頭,B,poisson,0.6667,0.8165,1.2247,2,medium demand - intermittent
31567002001,驅塵氏靜電紙 4入組合包,B,poisson,0.3333,0.5774,1.7321,2,medium demand - intermittent
31567004001,驅塵氏靜電紙20張+5張,B,poisson,0.5238,0.7237,1.3817,2,medium demand - intermittent
31567010001,威拂魔撢補充包(藍)4片*3入,C,poisson,0.2857,0.5345,1.8708,2,low demand - intermittent
31567018001,無塵氏檸檬柑橘擦拭拖地兩用布,B,poisson,2.2381,1.496,0.6684,1,medium demand - volatile
31567019001,無塵氏櫻花芳香抗菌擦拭巾 50抽,B,poisson,1.1429,1.069,0.9354,1,medium demand - volatile
31567023001,魔術靈立體吸著除塵紙量販裝,B,poisson,0.3333,0.5774,1.7321,2,medium demand - intermittent
31567025001,無塵氏薰衣草擦拭拖地兩用布,B,poisson,1.4762,1.215,0.8231,1,medium demand - volatile
31567028001,威拂魔效立體除塵紙16片*2入 除塵紙16片*2入,C,poisson,0.2381,0.488,2.0494,2,low demand - intermittent
31567030001,威拂魔撢補充包(粉)4片*3入,C,poisson,0.2857,0.5345,1.8708,2,low demand - intermittent
31567031001,無塵氏茶樹抗菌擦拭拖地兩用布,A,poisson,2.5714,1.6036,0.6236,1,high demand - volatile
31567032001,無塵氏綠茶清香抗菌擦拭巾 50抽,B,poisson,0.9048,0.9512,1.0513,2,medium demand - intermittent
31567037001,驅塵氏香氛靜電紙 25片,C,poisson,0.1905,0.4364,2.2913,2,low demand - intermittent
31567050001,無塵氏 超立體靜電除塵紙(雲朵),C,poisson,0.0952,0.3086,3.2404,2,low demand - intermittent
31567051001,無塵氏 銀離子抗菌擦拭巾80抽 長效溫和型,C,poisson,0.0952,0.3086,3.2404,2,low demand - intermittent
31567052001,無塵氏 酒精抗菌擦拭巾80抽 食用級酒精,B,poisson,2.0476,1.431,0.6988,1,medium demand - volatile
31567053001,無塵氏 十字壓紋除塵紙4入組,A,poisson,2.3333,1.5275,0.6547,1,high demand - volatile
31567056001,無塵氏ACS酒精抗菌拭拖兩用布 酒精拭拖兩用布,C,poisson,0.0952,0.3086,3.2404,2,low demand - intermittent
31567060001,立得清抗病毒地板濕拖巾 抗病毒地板濕巾,C,poisson,0.0476,0.2182,4.5826,2,low demand - intermittent
31568007001,驅塵氏蹣不住防蹣抗敏濕拖巾,C,poisson,0.2381,0.488,2.0494,2,low demand - intermittent
31568011001,驅塵氏濕拖巾超值組合包,B,poisson,0.4762,0.6901,1.4491,2,medium demand - intermittent
31568012001,RTS_94黏膠黏滾筒紙補充包4入,B,poisson,0.5714,0.7559,1.3229,2,medium demand - intermittent
31568016001,驅塵氏抗菌濕拖巾-薰衣草 薰衣草,B,poisson,0.9524,0.9759,1.0247,2,medium demand - intermittent
31568019001,驅塵氏抗菌濕拖巾-天然茶樹,B,normal,1.381,1.4302,1.0356,2,medium demand - intermittent
31568024001,驅塵氏檜木防蟲濕拖巾 檜木防蟲濕拖巾,B,poisson,0.3333,0.5774,1.7321,2,medium demand - intermittent
31568028001,驅塵氏抗菌濕拖巾-檸檬,B,poisson,1.0,1.0,1.0,1,medium demand - volatile
31568043001,驅塵氏 地板黏塵拖補充包 70周x2捲,C,poisson,0.1905,0.4364,2.2913,2,low demand - intermittent
31580049002,3M舒適巧拼地墊 藍色 32*32cm,C,poisson,0.0476,0.2182,4.5826,2,low demand - intermittent
31580049003,3M舒適巧拼地墊 灰色 32*32cm,C,poisson,0.0952,0.3086,3.2404,2,low demand - intermittent
31602030001,密網特大洗衣袋50*65,C,poisson,0.0476,0.2182,4.5826,2,low demand - intermittent
31602031001,密網洗衣袋 30*32 cm 30*32 ㎝,C,poisson,0.0476,0.2182,4.5826,2,low demand - intermittent
31602045001,NiceNice細網角型洗衣袋 6060 角型60*60,B,normal,1.381,1.4302,1.0356,2,medium demand - intermittent
31602059001,小米無螢光洗衣袋50*50 洗衣袋50x50,C,poisson,0.1429,0.378,2.6458,2,low demand - intermittent
31603002001,NiceNice細網內衣專用袋 1618,B,poisson,1.1429,1.069,0.9354,1,medium demand - volatile
31603018001,胸罩內衣洗衣袋14*17,B,poisson,0.4762,0.6901,1.4491,2,medium demand - intermittent
31607015001,喜刷洗衣刷 喜刷洗衣刷,C,poisson,0.2857,0.5345,1.8708,2,low demand - intermittent
31611044001,小米圓型曬架18夾,B,poisson,0.3333,0.5774,1.7321,2,medium demand - intermittent
31611047001,HK家居摺疊曬衣架52夾 52夾,B,poisson,0.5238,0.7237,1.3817,2,medium demand - intermittent
31621907001,RTS羅馬ABS防滑衣架5入 防滑衣架5入,C,poisson,0.0952,0.3086,3.2404,2,low demand - intermittent
31623006001,HK家居a咖浸塑衣架10入 C6036,B,poisson,0.5238,0.7237,1.3817,2,medium demand - intermittent
31623026001,富貴衣架,B,poisson,0.8095,0.8997,1.1114,2,medium demand - intermittent
31623898001,時尚多用途衣架8入,B,poisson,0.4286,0.6547,1.5275,2,medium demand - intermittent
31623901001,樂活家加粗浸塑43cm衣架 10支/包,C,poisson,0.0476,0.2182,4.5826,2,low demand - intermittent
31623904001,HK家居雅典防滑衣架10入 C6401,B,poisson,0.5714,0.7559,1.3229,2,medium demand - intermittent
31628003001,兒童衣架,C,poisson,0.2857,0.5345,1.8708,2,low demand - intermittent
31644022001,3M隨手黏毛絮黏把補充包衣物用,B,poisson,0.3333,0.5774,1.7321,2,medium demand - intermittent
31707014001,3M五鉤加值包 五鉤加值包,B,poisson,0.4762,0.6901,1.4491,2,medium demand - intermittent
31707041001,3M 無痕大型掛鉤,C,poisson,0.0952,0.3086,3.2404,2,low demand - intermittent
31707055001,3M 無痕中型掛鉤 中,C,poisson,0.2381,0.488,2.0494,2,low demand - intermittent
31707075001,3M掛鉤替換膠條-大,C,poisson,0.2381,0.488,2.0494,2,low demand - intermittent
31707076001,3M掛鉤替換膠條-中17021 替換膠條-中,B,poisson,0.3333,0.5774,1.7321,2,medium demand - intermittent
31707086001,3M無痕小型掛鉤替換膠條 一般膠條 小,C,poisson,0.1905,0.4364,2.2913,2,low demand - intermittent
31707941001,3M無痕大型防水膠條,C,poisson,0.0952,0.3086,3.2404,2,low demand - intermittent
31709944001,美姬/柔彩沐浴球,C,poisson,0.1429,0.378,2.6458,2,low demand - intermittent
31709946001,絹之美人沐浴巾/3枚入,B,poisson,0.381,0.6172,1.6202,2,medium demand - intermittent
31709974001,美姬【粗體驗沐浴球】,B,poisson,1.4762,1.215,0.8231,1,medium demand - volatile
31732897001,歐姆龍 HBF-212W 體脂肪計 HBF-212W,C,poisson,0.0476,0.2182,4.5826,2,low demand - intermittent
31753028001,3M 無痕浴室置物籃 置物籃,C,poisson,0.0476,0.2182,4.5826,2,low demand - intermittent
31761004001,實用通便器 53*15*15cm,C,poisson,0.0952,0.3086,3.2404,2,low demand - intermittent
31762003001,3M 百利可拋棄式超潔淨馬桶刷,C,poisson,0.2857,0.5345,1.8708,2,low demand - intermittent
31762007001,長柄刷 NO.524B,B,poisson,0.381,0.6172,1.6202,2,medium demand - intermittent
31762009001,3M 百利超潔淨馬桶刷補充包,B,poisson,0.5714,0.7559,1.3229,2,medium demand - intermittent
31762012001,長效型菜瓜布馬桶刷底座組,C,poisson,0.2857,0.5345,1.8708,2,low demand - intermittent
31762017001,長效型菜瓜布馬桶刷補充包5刷 5刷頭,B,poisson,0.619,0.7868,1.271,2,medium demand - intermittent
31762022001,長效型菜瓜布馬桶刷1柄2刷頭,B,poisson,0.4286,0.6547,1.5275,2,medium demand - intermittent
31762901001,TPR雙頭馬桶刷組,C,poisson,0.1905,0.4364,2.2913,2,low demand - intermittent
31812025001,Lifetime48吋高度可調摺疊桌,C,poisson,0.0476,0.2182,4.5826,2,low demand - intermittent
31821064001,美背加厚版二層空櫥,C,poisson,0.1429,0.378,2.6458,2,low demand - intermittent
31821065001,美背二層空櫥,C,poisson,0.2857,0.5345,1.8708,2,low demand - intermittent
31822063001,美背三層空櫥,B,poisson,0.5714,0.7559,1.3229,2,medium demand - intermittent
31822064001,美背加厚版三層空櫥,B,poisson,0.8095,0.8997,1.1114,2,medium demand - intermittent
31823049001,美背加厚版四層空櫥,B,poisson,0.7143,0.8452,1.1832,2,medium demand - intermittent
31827008001,洞洞網烤漆四層架45*120*180,C,poisson,0.0476,0.2182,4.5826,2,low demand - intermittent
31827020001,波浪四層架輕型,B,poisson,0.4762,0.6901,1.4491,2,medium demand - intermittent
31827023001,波浪四層架中型,B,poisson,1.2857,1.1339,0.8819,1,medium demand - volatile
31835944001,藤井穿鞋椅,C,poisson,0.1429,0.378,2.6458,2,low demand - intermittent
31856016002,生活大師桌上螢幕架,C,poisson,0.0476,0.2182,4.5826,2,low demand - intermittent
31912011001,拜門口金紙 拜門口金紙,C,poisson,0.1429,0.378,2.6458,2,low demand - intermittent
31912019001,地基主金紙,B,poisson,0.6667,0.8165,1.2247,2,medium demand - intermittent
31912024001,土地公神明金,B,poisson,0.381,0.6172,1.6202,2,medium demand - intermittent
31912036001,初二十六公司行號拜門口用金紙,B,poisson,0.6667,0.8165,1.2247,2,medium demand - intermittent
31914003001,橘之屋  插香器-10入 9x2.2x2cmx10入,B,poisson,0.8095,0.8997,1.1114,2,medium demand - intermittent
32400180001,王華O.B.自動原子筆,B,poisson,0.4762,0.6901,1.4491,2,medium demand - intermittent
32410009001,輕鬆按修正帶內帶 6mmX6M CTV- CTV-206R,B,poisson,0.4762,0.6901,1.4491,2,medium demand - intermittent
32410016001,輕鬆按修正帶附內帶6mm*6M CT,C,poisson,0.1905,0.4364,2.2913,2,low demand - intermittent
32410019001,輕鬆按修正帶附內帶5mm*6M,C,poisson,0.1905,0.4364,2.2913,2,low demand - intermittent
32410022001,輕鬆按修正帶內帶4.2mm*6M CTV-204R,C,poisson,0.2381,0.488,2.0494,2,low demand - intermittent
32410035001,輕鬆按修正帶內帶5mm*6M CTV-205R,B,poisson,0.4286,0.6547,1.5275,2,medium demand - intermittent
32410102001,輕鬆按修正帶替換帶5mmX6M2入 CTV-205PR,C,poisson,0.1905,0.4364,2.2913,2,low demand - intermittent
32420004001,SDI高利度大美工刀片(二入) 大美工刀片二入,C,poisson,0.0476,0.2182,4.5826,2,low demand - intermittent
32420014001,SDI自動鎖定小美工刀3入0406B 0406B/3P,C,poisson,0.1429,0.378,2.6458,2,low demand - intermittent
32420015001,SDI自動鎖定大美工刀(3入)0423 0423B/3P,C,poisson,0.0476,0.2182,4.5826,2,low demand - intermittent
32420037001,3M 萬用型事務剪刀6吋 萬用型剪刀6吋,C,poisson,0.0952,0.3086,3.2404,2,low demand - intermittent
32421010001,SDI 19mm彩色長尾夾量販包 19mm-0246VP,C,poisson,0.0952,0.3086,3.2404,2,low demand - intermittent
32421016001,手牌銀色長尾夾(32mm)0234-1 0234-1,C,poisson,0.0952,0.3086,3.2404,2,low demand - intermittent
32424001001,SDI-10號釘書針1200BN/1200B 1200BN/1200B,C,poisson,0.1429,0.378,2.6458,2,low demand - intermittent
32430039001,3M Scotch 8克口紅膠 Scotch 8克口紅,C,poisson,0.0952,0.3086,3.2404,2,low demand - intermittent
32431010001,3M 思高牌810隱型膠帶19mm*3 810隱型膠帶,C,poisson,0.1905,0.4364,2.2913,2,low demand - intermittent
32431020001,Opp超透明事務小膠帶18mm PPO29X,C,poisson,0.0952,0.3086,3.2404,2,low demand - intermittent
32431035001,3M Scotch OPP文具膠帶18mmX40Y,B,poisson,0.381,0.6172,1.6202,2,medium demand - intermittent
32431067001,經英超透明膠帶18mmX40M 8入 18mmX40M 8入,C,poisson,0.0476,0.2182,4.5826,2,low demand - intermittent
32431162001,驛森町魔力水洗萬用貼3*300cm 魔力水洗萬用貼,C,poisson,0.0952,0.3086,3.2404,2,low demand - intermittent
32440140001,筆樂30公分鐵尺,C,poisson,0.0476,0.2182,4.5826,2,low demand - intermittent
32470025001,3M利貼可再貼便條紙3*3混色 4色共400張,C,poisson,0.0952,0.3086,3.2404,2,low demand - intermittent
32470079001,3M 利貼抽取式便條紙 3x3 4入,C,poisson,0.0476,0.2182,4.5826,2,low demand - intermittent
32470093001,3M 3x3利貼便條紙超值包4入 3x3利貼便條紙,C,poisson,0.2381,0.488,2.0494,2,low demand - intermittent
32500008001,11孔透明文件套100入,B,poisson,0.3333,0.5774,1.7321,2,medium demand - intermittent
32500012001,GREAT 11孔EZ資料袋100入,C,poisson,0.0476,0.2182,4.5826,2,low demand - intermittent
32501007001,E-310 L型文件夾 A4白色 L型文件夾 A4,C,poisson,0.1429,0.378,2.6458,2,low demand - intermittent
32501008001,Q-310 附桿文件夾A4 附桿文件夾A4,C,poisson,0.1429,0.378,2.6458,2,low demand - intermittent
32501100001,A4 E-310 L夾超值包100入,B,poisson,1.1429,1.069,0.9354,1,medium demand - volatile
32502011001,紙質雙上彈簧夾 紙質雙上彈簧夾,C,poisson,0.2857,0.5345,1.8708,2,low demand - intermittent
32503007002,高級40頁資料冊,C,poisson,0.0476,0.2182,4.5826,2,low demand - intermittent
32503007003,高級40頁資料冊,C,poisson,0.0476,0.2182,4.5826,2,low demand - intermittent
32503007004,高級40頁資料冊 綠色,C,poisson,0.0476,0.2182,4.5826,2,low demand - intermittent
32503008003,高級20頁資料冊,C,poisson,0.0476,0.2182,4.5826,2,low demand - intermittent
32503035001,A4-40頁學習檔案 藍色,C,poisson,0.0476,0.2182,4.5826,2,low demand - intermittent
32503040003,高級60頁資料冊 紅色,C,poisson,0.0476,0.2182,4.5826,2,low demand - intermittent
32503044001,漾麗A4-10頁資料簿 10頁資料簿,C,poisson,0.0476,0.2182,4.5826,2,low demand - intermittent
32504024001,同春加寬兩孔拱型檔案夾,C,poisson,0.0952,0.3086,3.2404,2,low demand - intermittent
32504025002,高級A4 3孔夾,C,poisson,0.1905,0.4364,2.2913,2,low demand - intermittent
32504025003,高級A4 3孔夾 黃色,C,poisson,0.1905,0.4364,2.2913,2,low demand - intermittent
32504025004,高級A4 3孔夾 黑色,C,poisson,0.0952,0.3086,3.2404,2,low demand - intermittent
32504025005,高級A4 3孔夾 綠色,C,poisson,0.2381,0.488,2.0494,2,low demand - intermittent
32504043002,高級A4 4孔夾,C,poisson,0.2381,0.488,2.0494,2,low demand - intermittent
32504043003,高級A4 4孔夾,C,poisson,0.2857,0.5345,1.8708,2,low demand - intermittent
32504043004,高級A4 4孔夾 黑色,B,poisson,0.3333,0.5774,1.7321,2,medium demand - intermittent
32504043005,高級A4 4孔夾,C,poisson,0.2857,0.5345,1.8708,2,low demand - intermittent
32507026001,MF2408 一體成型雜誌盒 黑色 1入,C,poisson,0.0476,0.2182,4.5826,2,low demand - intermittent
32507027001,MF258 開放式雜誌盒,C,poisson,0.2857,0.5345,1.8708,2,low demand - intermittent
32507027002,MF258 開放式雜誌盒 米色 1入,C,poisson,0.3333,0.5774,1.7321,2,low demand - intermittent
32507027003,MF258 開放式雜誌盒,C,poisson,0.2381,0.488,2.0494,2,low demand - intermittent
32510002001,216x30M傳真紙彩盒包裝 216mmx30m,C,poisson,0.0476,0.2182,4.5826,2,low demand - intermittent
32511012001,Quality A3 影印紙 白色/70 GSM,C,poisson,0.2381,0.488,2.0494,2,low demand - intermittent
32511021001,PL110 70g A4彩印紙-淺黃 A4彩印紙-淺黃,C,poisson,0.0476,0.2182,4.5826,2,low demand - intermittent
32511048001,PaperOne80g全方位影印紙A4 80g全方位,B,poisson,0.381,0.6172,1.6202,2,medium demand - intermittent
32511049001,PaperOne70g多功能影印紙A4 70g多功能,B,poisson,0.7619,0.8729,1.1456,2,medium demand - intermittent
32511050001,PaperOne85g高解析影印紙A4 85g高解析,C,poisson,0.0952,0.3086,3.2404,2,low demand - intermittent
32514005001,電腦考勤卡,C,poisson,0.0476,0.2182,4.5826,2,low demand - intermittent
32514096001,利百代發票複寫紙,C,poisson,0.0952,0.3086,3.2404,2,low demand - intermittent
32517006001,Double A A4多功能紙,C,poisson,0.381,0.6172,1.6202,2,low demand - intermittent
32517009001,金牌 70g A4 多功能影印紙,C,poisson,0.0476,0.2182,4.5826,2,low demand - intermittent
32523001001,震旦A4專業型護貝機 LM4231H白色,C,poisson,0.0952,0.3086,3.2404,2,low demand - intermittent
32524007001,A4護貝膠膜 80U,C,poisson,0.0476,0.2182,4.5826,2,low demand - intermittent
32524032001,L-110 A4護貝膠膜100入,C,poisson,0.0476,0.2182,4.5826,2,low demand - intermittent
32526020001,震旦8張多功能碎紙機AS828SD AS828SD,C,poisson,0.0476,0.2182,4.5826,2,low demand - intermittent
32600036001,500入中式標準信封 500入中式信封,C,poisson,0.1905,0.4364,2.2913,2,low demand - intermittent
32600042001,大A4事務黃牛皮公文封100入 1包,C,poisson,0.0952,0.3086,3.2404,2,low demand - intermittent
33120021001,勝利牌鳳凰級羽毛球- 12入 勝利牌羽毛球,C,poisson,0.0952,0.3086,3.2404,2,low demand - intermittent
33271052001,Bxcqzs乾濕兩用健身包,C,poisson,0.0952,0.3086,3.2404,2,low demand - intermittent
33550006003,妙管家灰熊瓦斯爐2.2kW,C,poisson,0.0476,0.2182,4.5826,2,low demand - intermittent
33550920001,妙管家不鏽鋼瓦斯爐附不沾烤盤2.9kW,C,poisson,0.1429,0.378,2.6458,2,low demand - intermittent
33550937001,Iwatani超薄型高效能瓦斯爐 CB-SS-50,C,poisson,0.2381,0.488,2.0494,2,low demand - intermittent
33550938001,Iwatani黑武士瓦斯爐附外盒 CB-ODX-1,B,poisson,1.5238,1.2344,0.8101,1,medium demand - volatile
33551004001,運動家通用瓦斯罐(3入),B,poisson,0.619,0.7868,1.271,2,medium demand - intermittent
33551902001,妙管家火速通用瓦斯罐(四入裝),B,poisson,1.7143,1.3093,0.7638,1,medium demand - volatile
33551908001,藍卡F005卡式瓦斯罐3入,B,normal,1.1429,0.9404,0.8229,1,medium demand - volatile
33551909001,火至尊G005卡式瓦斯罐(12入),B,poisson,0.381,0.6172,1.6202,2,medium demand - intermittent
34101017001,有機肥2Kg系列,C,poisson,0.0952,0.3086,3.2404,2,low demand - intermittent
34123005001,播種培養土,C,poisson,0.0476,0.2182,4.5826,2,low demand - intermittent
34511006001,F#2貓砂總動員,C,poisson,0.0476,0.2182,4.5826,2,low demand - intermittent
34511012001,優質環保松木砂 優質環保松木砂,C,poisson,0.0476,0.2182,4.5826,2,low demand - intermittent
34511013001,砂砂,B,poisson,0.4286,0.6547,1.5275,2,medium demand - intermittent
34511028001,F#2環保丹球貓砂 5公升,C,poisson,0.0476,0.2182,4.5826,2,low demand - intermittent
34511038001,F#4砂很大,C,poisson,0.0476,0.2182,4.5826,2,low demand - intermittent
34511049001,WORTH我是細砂 我是細砂,B,poisson,0.3333,0.5774,1.7321,2,medium demand - intermittent
34511051001,WORTH我是粗砂,C,poisson,0.1429,0.378,2.6458,2,low demand - intermittent
35122015001,多功能載重洗車桶 多功能洗車桶,C,poisson,0.0952,0.3086,3.2404,2,low demand - intermittent
35131001001,萊姆高壓清洗機-1100 高壓清洗機,C,poisson,0.0952,0.3086,3.2404,2,low demand - intermittent
35131010001,ETQ 1600W高壓清洗機 Y02AP16,C,poisson,0.0952,0.3086,3.2404,2,low demand - intermittent
35300010001,嘉實多Edge with Syntec 5W40,C,poisson,0.1429,0.378,2.6458,2,low demand - intermittent
35300013001,(平)ENI i-Sint 5W/40 合成機油 ENI 5W/40,C,poisson,0.0952,0.3086,3.2404,2,low demand - intermittent
35300016001,(平)TOTAL QUARTZ 9000  5W40 TOTAL 5W40,C,poisson,0.0952,0.3086,3.2404,2,low demand - intermittent
35301003001,鈴鹿5W/50全合成SN/CF機油 機油,C,poisson,0.1905,0.4364,2.2913,2,low demand - intermittent
35301004001,嘉實多 5W/50全合成機油,B,poisson,0.5714,0.7559,1.3229,2,medium demand - intermittent
35301005001,新金美孚1號5W/50 FS X2全合成機,B,poisson,0.9048,0.9512,1.0513,2,medium demand - intermittent
35301020001,9000SM車用機油5W/50 1L,C,poisson,0.0476,0.2182,4.5826,2,low demand - intermittent
35301023001,(平)Mobil 1 5w50全合成機油 SN Mobil 1 5w50SN,C,poisson,0.0476,0.2182,4.5826,2,low demand - intermittent
35302003001,中油9000SM車用機油10W/40 中油9000SM車用,C,poisson,0.1905,0.4364,2.2913,2,low demand - intermittent
35302015001,中油9000 SL 10W/40,C,poisson,0.0952,0.3086,3.2404,2,low demand - intermittent
35302038001,FGK 10W40 合成機油 10W40 1L,C,poisson,0.0476,0.2182,4.5826,2,low demand - intermittent
35302040001,美孚Special Plus 10w40 機油,C,poisson,0.2381,0.488,2.0494,2,low demand - intermittent
35306002001,美孚超級1000機油20W/50 20W/50,C,poisson,0.0476,0.2182,4.5826,2,low demand - intermittent
35307005001,新美孚自動變速箱油1公升,C,poisson,0.0952,0.3086,3.2404,2,low demand - intermittent
35307905001,(平)FUCHS TITAN GT1 PRO C3 5W30 FUCHS 5W30,C,poisson,0.0476,0.2182,4.5826,2,low demand - intermittent
35307910001,美孚1號 0W30全合成機油 1QT,C,poisson,0.0476,0.2182,4.5826,2,low demand - intermittent
35307925001,Mobil1 ESP 5w30全合成機油,C,poisson,0.1429,0.378,2.6458,2,low demand - intermittent
35310008001,3M汽油添加劑超值組合包,C,poisson,0.0952,0.3086,3.2404,2,low demand - intermittent
35311004001,愛鐵強油精,C,poisson,0.1429,0.378,2.6458,2,low demand - intermittent
35750013001,中油二行程機油 LS 0.7L,C,poisson,0.1905,0.4364,2.2913,2,low demand - intermittent
35751001001,鈴鹿全合成5-50SL/MA2機車機油,C,poisson,0.0952,0.3086,3.2404,2,low demand - intermittent
35751018001,FGK 5W/50 機車全合成機油 5W50 4T,C,poisson,0.2381,0.488,2.0494,2,low demand - intermittent
35751019001,新美孚四行程超優質15W40機油 新美孚四行程15,B,normal,1.1429,0.9897,0.866,1,medium demand - volatile
35751021001,(平)Shell  機油 10W40 4T 殼牌10W40,C,poisson,0.1905,0.4364,2.2913,2,low demand - intermittent
35752005001,光陽機車齒輪油-110cc 齒輪油,C,poisson,0.0952,0.3086,3.2404,2,low demand - intermittent
35753007001,3M機車噴射引擎添加劑 PN11002,B,poisson,0.4762,0.6901,1.4491,2,medium demand - intermittent
40400031001,大同TMO-20MF微波爐20L TMO-20MF,C,poisson,0.1905,0.4364,2.2913,2,low demand - intermittent
41002005001,3M CHIMSPD-02UCF超濾淨型專用濾網　 CHIMSPD-02UCF,C,poisson,0.1429,0.378,2.6458,2,low demand - intermittent
41100017001,東元XYFXJ066直立式手提吸塵器 東元XYFXJ066直,C,poisson,0.1905,0.4364,2.2913,2,low demand - intermittent
41101002001,國際 MC-CL630 無袋式吸塵器 MC-CL630,C,poisson,0.0952,0.3086,3.2404,2,low demand - intermittent
41101027001,聲寶EC-HA40CYP免紙袋吸塵器 聲寶EC-HA40CYP,C,poisson,0.0476,0.2182,4.5826,2,low demand - intermittent
41110001001,國際 Type C-13集塵袋 Type C-13集塵,C,poisson,0.0952,0.3086,3.2404,2,low demand - intermittent
41201002001,元山YS-9911DD 溫風式烘碗機 YS-9911DD,C,poisson,0.0476,0.2182,4.5826,2,low demand - intermittent
41202003001,小廚師四層紫外線烘碗機FO-328 小廚師四層紫外,C,poisson,0.0476,0.2182,4.5826,2,low demand - intermittent
41202017001,大家源TCY-5321三層紫外線殺菌烘碗機 TCY-5321烘碗機,C,poisson,0.0952,0.3086,3.2404,2,low demand - intermittent
41212038001,尚朋堂SJ-1788果汁機(1700C.C),C,poisson,0.0476,0.2182,4.5826,2,low demand - intermittent
41212053001,伊萊克斯EBR3216果汁機 EBR3216,C,poisson,0.0952,0.3086,3.2404,2,low demand - intermittent
41212906001,OSTER BLST-120隨我型果汁機 BLST-120果汁機,C,poisson,0.0476,0.2182,4.5826,2,low demand - intermittent
41212916001,飛利浦HR2601/02超活氧迷你果汁機 HR2601/02,C,poisson,0.1905,0.4364,2.2913,2,low demand - intermittent
41213013001,國際牌MJ-L500慢磨蔬果機 MJ-L500蔬果機,C,poisson,0.1429,0.378,2.6458,2,low demand - intermittent
41220010001,大家源TCY-2033 電動熱水瓶 大家源TCY-2033,C,poisson,0.0476,0.2182,4.5826,2,low demand - intermittent
41220023001,象印CD-XDF30 微電腦熱水瓶 CD-XDF30,C,poisson,0.0476,0.2182,4.5826,2,low demand - intermittent
41221019001,象印 CD-LPF50 微電腦熱水瓶 CD-LPF50,C,poisson,0.1905,0.4364,2.2913,2,low demand - intermittent
41221036001,象印CD-LPF40寬廣水位表電動熱水瓶4象印CD-LPF40,C,poisson,0.0476,0.2182,4.5826,2,low demand - intermittent
41223010001,大同TEK-1815S(1.8L)電茶壺 大同TEK-1815S,C,poisson,0.0952,0.3086,3.2404,2,low demand - intermittent
41223020001,大家源TCY-2788 不鏽鋼快煮壺 大家源TCY-2788,C,poisson,0.1429,0.378,2.6458,2,low demand - intermittent
41223049001,國際NC-HKD122電水壺 台松NC-HKD122,C,poisson,0.0476,0.2182,4.5826,2,low demand - intermittent
41223052001,大同TEK-1706A電茶壺1.7L TEK-1706A,C,poisson,0.2381,0.488,2.0494,2,low demand - intermittent
41223060001,九陽雙層不鏽鋼快煮壺K15-F1M K15-F1M,C,poisson,0.0476,0.2182,4.5826,2,low demand - intermittent
41223061001,九陽北山溫控壺K10-T5M K10-T5M,C,poisson,0.0476,0.2182,4.5826,2,low demand - intermittent
41223062001,山多力SL-KT1568雙層防燙快煮壺 SL-KT1568,C,poisson,0.0476,0.2182,4.5826,2,low demand - intermittent
41223066001,聲寶KP-CD15D雙層防燙快煮壺1.5L KP-CD15D,C,poisson,0.2857,0.5345,1.8708,2,low demand - intermittent
41232043001,晶工牌JD-3653溫熱全自動開飲機 晶工牌JD-3653,C,poisson,0.0476,0.2182,4.5826,2,low demand - intermittent
41232047001,元山YS-818DWE溫熱開飲機 元山YS-818DWE,C,poisson,0.0952,0.3086,3.2404,2,low demand - intermittent
41232052001,晶工牌JD-3232溫熱全自動開飲機 晶工牌JD-3232,C,poisson,0.0476,0.2182,4.5826,2,low demand - intermittent
41234002001,晶工CF-2514感應式開飲機濾心 CF-2514,C,poisson,0.2381,0.488,2.0494,2,low demand - intermittent
41234006001,晶工 CF-2522開飲機濾心 CF-2522,C,poisson,0.2381,0.488,2.0494,2,low demand - intermittent
41244001001,伊萊克斯ECG3003S磨豆機 伊萊克斯ECG300,C,poisson,0.0476,0.2182,4.5826,2,low demand - intermittent
41300016001,大同TAC-06L電鍋(6人份),B,poisson,1.2381,1.1127,0.8987,1,medium demand - volatile
41300016002,大同TAC-06L電鍋(6人份) TAC-06L-綠色,B,poisson,1.5238,1.2344,0.8101,1,medium demand - volatile
41301002001,尚朋堂SSC-11LS不鋼電鍋 尚朋堂SSC-11LS,C,poisson,0.0476,0.2182,4.5826,2,low demand - intermittent
41301008001,大同 TAC-10L-DC 10人份電鍋(簡配) 簡配紅,B,poisson,1.3333,1.1547,0.866,1,medium demand - volatile
41301008002,大同 TAC-10L-DC 10人份電鍋(簡配) 簡配綠,B,poisson,0.7619,0.8729,1.1456,2,medium demand - intermittent
41302006001,大家源TCY-3003三人份電子鍋 3人份圓型,C,poisson,0.1429,0.378,2.6458,2,low demand - intermittent
41302008001,象印NL-AAF10微電腦電子鍋6人 象印NL-AAF10微,C,poisson,0.0952,0.3086,3.2404,2,low demand - intermittent
41302901001,大家源TCY-3006 六人份電子鍋 TCY-3006,C,poisson,0.0476,0.2182,4.5826,2,low demand - intermittent
41303011001,山多力SL-1060微壓電子鍋 山多力SL-1060,C,poisson,0.0476,0.2182,4.5826,2,low demand - intermittent
41303049001,虎牌微電腦JBV-S18R電子鍋 JBV-S18R,C,poisson,0.0952,0.3086,3.2404,2,low demand - intermittent
41303054001,尚朋堂SC-NX18T養生厚釜電子鍋 SC-NX18T電子鍋,C,poisson,0.0476,0.2182,4.5826,2,low demand - intermittent
41303063001,大同TRC-10RED微電腦電子鍋10人份 大同TRC-10RED,C,poisson,0.1429,0.378,2.6458,2,low demand - intermittent
41310001001,飛利浦HD4988黑晶爐 飛利浦HD4988黑,C,poisson,0.2381,0.488,2.0494,2,low demand - intermittent
41310021001,大同TIH-F1300B電磁爐 大同TIH-F1300B,B,poisson,0.3333,0.5774,1.7321,2,medium demand - intermittent
41310041001,聲寶KM-ZA13P觸控式電陶爐 KM-ZA13P,C,poisson,0.0476,0.2182,4.5826,2,low demand - intermittent
41313012001,大家源TCY-3730多功能鍋 大家源TCY-3730,C,poisson,0.0952,0.3086,3.2404,2,low demand - intermittent
41313936001,聲寶KQ-CA12D美食鍋1.2L KQ-CA12D,C,poisson,0.1429,0.378,2.6458,2,low demand - intermittent
41331023001,Panasonic NT-H900 電烤箱(9L) NT-H900,C,poisson,0.0952,0.3086,3.2404,2,low demand - intermittent
41332022001,聲寶KZ-XD20 中烤箱20L KZ-XD20,C,poisson,0.1905,0.4364,2.2913,2,low demand - intermittent
41333047001,聲寶KZ-XJ30C旋風烤箱30L KZ-XJ30C,C,poisson,0.0476,0.2182,4.5826,2,low demand - intermittent
41401011001,達新牌 TS-2380 負離子吹風機 TS-2380,C,poisson,0.0952,0.3086,3.2404,2,low demand - intermittent
41401014001,國際 EH-NE11-V 吹風機,C,poisson,0.0476,0.2182,4.5826,2,low demand - intermittent
41401022001,飛利浦BHC010櫻花粉時尚吹風機 飛利浦BHC010櫻,C,poisson,0.0476,0.2182,4.5826,2,low demand - intermittent
41401031001,TESCOM TID960TW負離子吹風機 TID960T-粉,C,poisson,0.2381,0.488,2.0494,2,low demand - intermittent
41401040001,達新牌 TS-2660專業子吹風機 TS-2660,C,poisson,0.0952,0.3086,3.2404,2,low demand - intermittent
41401051001,國際EH-ND24-K 吹風機,C,poisson,0.0476,0.2182,4.5826,2,low demand - intermittent
41401058001,飛利浦HP8280溫控護髮吹風機 飛利浦HP8280,C,poisson,0.0476,0.2182,4.5826,2,low demand - intermittent
41401068001,飛利浦BHD029/01恆溫負離子吹風機 飛利浦BHD029/01,C,poisson,0.0952,0.3086,3.2404,2,low demand - intermittent
41401071001,國際EH-NE21-K負離子吹風機,B,poisson,0.381,0.6172,1.6202,2,medium demand - intermittent
41401080001,沙宣VS5543PIW電氣石負離子吹風機,C,poisson,0.0476,0.2182,4.5826,2,low demand - intermittent
41401094001,飛利浦BHD171負離子雙重養護組(含魔BHD171養護組,C,poisson,0.0476,0.2182,4.5826,2,low demand - intermittent
41414004001,德國百靈M90水洗式刮鬍刀 M90,C,poisson,0.0476,0.2182,4.5826,2,low demand - intermittent
41414006001,德國百靈M30水洗式旋轉電鬍刀 M30,C,poisson,0.1905,0.4364,2.2913,2,low demand - intermittent
41417001001,德國百靈32B刀頭刀網匣-黑 德國百靈32B刀,C,poisson,0.0476,0.2182,4.5826,2,low demand - intermittent
41417013001,百靈 閘式清潔液,C,poisson,0.0952,0.3086,3.2404,2,low demand - intermittent
41420006001,歐樂B PRO500 3D電動牙刷 歐樂B PRO5003D,C,poisson,0.0476,0.2182,4.5826,2,low demand - intermittent
41420037001,飛利浦HX3216音波震動電動牙刷 飛利浦HX3216,C,poisson,0.0952,0.3086,3.2404,2,low demand - intermittent
41420043001,德國百靈歐樂B亮白Pro2_2000 3D電動Pro2_2000電動牙,C,poisson,0.0476,0.2182,4.5826,2,low demand - intermittent
41420048001,德國百靈Oral-B Genius8000智慧3D電動牙刷,C,poisson,0.0952,0.3086,3.2404,2,low demand - intermittent
41420049001,歐樂B專業口腔護理組(D-100電動牙刷+ D-100雙入組,C,poisson,0.0476,0.2182,4.5826,2,low demand - intermittent
41421001001,百靈歐樂B MD20高效活氧沖牙機 沖牙機MD20,C,poisson,0.0476,0.2182,4.5826,2,low demand - intermittent
41421003001,國際EW-DJ40-W充電式沖牙機 國際EW-DJ40-W,C,poisson,0.0952,0.3086,3.2404,2,low demand - intermittent
41422018001,百靈歐樂B EB50-4多動向交叉刷頭 EB50-4,C,poisson,0.0476,0.2182,4.5826,2,low demand - intermittent
41511008001,山多力 SL-3501A 10吋桌扇 SL-3501A,C,poisson,0.0952,0.3086,3.2404,2,low demand - intermittent
41511017001,聲寶 SK-FC10 10吋桌扇 SK-FC10,C,poisson,0.1905,0.4364,2.2913,2,low demand - intermittent
41512006001,DIKE DUF300 8吋摺疊桌扇 DUF300BU,C,poisson,0.0952,0.3086,3.2404,2,low demand - intermittent
41521020001,山多力SL-1406 14吋立扇 SL-1406,B,poisson,0.5238,0.7237,1.3817,2,medium demand - intermittent
41521077001,Heran HAF-14SH530 14吋風扇 HAF-14SH530,C,poisson,0.0476,0.2182,4.5826,2,low demand - intermittent
41521080001,SDL山多力 SL-DCF141 14吋DC直流遙控 SL-DCF141,C,poisson,0.0476,0.2182,4.5826,2,low demand - intermittent
41521089001,新格 SSK-14FD21C 14吋DC遙控立扇 SSK-14FD21C,C,poisson,0.0952,0.3086,3.2404,2,low demand - intermittent
41522003001,山多力 SL-168B 16吋立扇 SL-168B,B,poisson,1.7619,1.3274,0.7534,1,medium demand - volatile
41522079001,山多力 FT-1602 16吋360度立扇 FT-1602,C,poisson,0.0476,0.2182,4.5826,2,low demand - intermittent
41522089001,blacklabel BL-9168 16吋立扇 BL-9168,C,poisson,0.2381,0.488,2.0494,2,low demand - intermittent
41522092001,東元 XA1609BRD 16吋DC遙控立扇 XA1609BRD,B,poisson,0.9524,0.9759,1.0247,2,medium demand - intermittent
41522095001,聲寶 SK-FA18DR 18吋DC遙控立扇 SK-FA18DR,C,poisson,0.0952,0.3086,3.2404,2,low demand - intermittent
41522101001,聲寶 SK-FV16DR 16吋DC遙控立扇 SK-FV16DR,B,poisson,0.4286,0.6547,1.5275,2,medium demand - intermittent
41522107001,CHIMEI DF-16H500 16吋微電腦遙控DC風扇,C,poisson,0.0476,0.2182,4.5826,2,low demand - intermittent
41522108001,大同 TF-L16DP 16吋DC立扇 TF-L16DP,C,poisson,0.0952,0.3086,3.2404,2,low demand - intermittent
41530016001,CLAIRE CSK-BG09S 360度球型9吋循環CSK-BG09S,C,poisson,0.0952,0.3086,3.2404,2,low demand - intermittent
41530017001,SDL山多力 SL-VF07 7吋空氣循環扇 SL-VF07,C,poisson,0.1429,0.378,2.6458,2,low demand - intermittent
41530903001,CHIMEI DF-08A0CD 8吋遙控3D擺頭循環 DF-08A0CD,C,poisson,0.0476,0.2182,4.5826,2,low demand - intermittent
41531003001,山多力 SL-514 14吋掛壁扇 SL-514B,C,poisson,0.0952,0.3086,3.2404,2,low demand - intermittent
41534006001,山多力 SL-1010 工業扇 SL-1010,C,poisson,0.0476,0.2182,4.5826,2,low demand - intermittent
41601012001,聲寶 ML-DH15S 15W電擊式捕蚊燈 ML-DH15S,C,poisson,0.0476,0.2182,4.5826,2,low demand - intermittent
41601014001,聲寶 ML-JA03E 吸入式捕蚊燈 ML-JA03E,C,poisson,0.0476,0.2182,4.5826,2,low demand - intermittent
41601018001,東元 XYFYK101 10W電擊式捕蚊燈 XYFYK101,C,poisson,0.0952,0.3086,3.2404,2,low demand - intermittent
41601020001,CHIMEI 15T0EA 15W強效電擊捕蚊燈,C,poisson,0.0476,0.2182,4.5826,2,low demand - intermittent
42014003001,超強力 乾燥劑-120g(4包入) 4入,C,poisson,0.2857,0.5345,1.8708,2,low demand - intermittent
42015012001,收藏家電子防潮箱 CF-87 81公升,C,poisson,0.0952,0.3086,3.2404,2,low demand - intermittent
42301034001,Aurora DT3945桌上型全功能計 Aurora DT3945,C,poisson,0.0952,0.3086,3.2404,2,low demand - intermittent
42607128001,飛利浦 PD+QC 18W 2孔充電器 白色,C,poisson,0.0476,0.2182,4.5826,2,low demand - intermittent
42613021001,旺德 WD-7002 來電顯示電話 旺德 WD-7002,C,poisson,0.0476,0.2182,4.5826,2,low demand - intermittent
42613064001,G-PLUS LJ1704W來電顯示有線電話機 混色,C,poisson,0.0952,0.3086,3.2404,2,low demand - intermittent
42613064002,G-PLUS LJ1704W來電顯示有線電話機 黑色,C,poisson,0.1429,0.378,2.6458,2,low demand - intermittent
42616037001,國際KX-TG3411數位無線電話 國際 KX-TG3411,C,poisson,0.0476,0.2182,4.5826,2,low demand - intermittent
60011899001,台灣藍白拖,B,poisson,0.7143,0.8452,1.1832,2,medium demand - intermittent
60011899002,台灣藍白拖,B,poisson,0.4762,0.6901,1.4491,2,medium demand - intermittent
60014001004,606 網拖(3雙入),C,poisson,0.1429,0.378,2.6458,2,low demand - intermittent
60014001010,606 網拖(3雙入),C,poisson,0.1905,0.4364,2.2913,2,low demand - intermittent
61037010002,宜而爽女彈性三角褲 L,C,poisson,0.0952,0.3086,3.2404,2,low demand - intermittent
61037010003,宜而爽女彈性三角褲 XL,C,poisson,0.0476,0.2182,4.5826,2,low demand - intermittent
61062008001,宜而爽新舒棉三角褲,C,poisson,0.0952,0.3086,3.2404,2,low demand - intermittent
61062008002,宜而爽新舒棉三角褲 UE-333-L,C,poisson,0.2381,0.488,2.0494,2,low demand - intermittent
61062008003,宜而爽新舒棉三角褲 UE-333-XL,C,poisson,0.1429,0.378,2.6458,2,low demand - intermittent
61063005002,宜而爽新舒棉平口褲 UE-335-L,C,poisson,0.0476,0.2182,4.5826,2,low demand - intermittent
61063005003,宜而爽新舒棉平口褲 UE-335-XL,C,poisson,0.1429,0.378,2.6458,2,low demand - intermittent
61064012003,Hangten 舒適涼感透氣平口褲 XL,C,poisson,0.1429,0.378,2.6458,2,low demand - intermittent
61064105002,Victoryh 100棉針織平口褲 2388D-L,C,poisson,0.1905,0.4364,2.2913,2,low demand - intermittent
61064105003,Victoryh 100棉針織平口褲 2388D-XL,C,poisson,0.1905,0.4364,2.2913,2,low demand - intermittent
61064195002,Victoryh雙色紗針織平口褲 2305 L,C,poisson,0.0952,0.3086,3.2404,2,low demand - intermittent
61064195003,Victoryh雙色紗針織平口褲 2305 XL,C,poisson,0.1429,0.378,2.6458,2,low demand - intermittent
61080007002,精品繽紛中腰免洗褲淑女型,C,poisson,0.0952,0.3086,3.2404,2,low demand - intermittent
61080007004,精品繽紛中腰免洗褲淑女型 XXL,C,poisson,0.0952,0.3086,3.2404,2,low demand - intermittent
61080010002,桑塔娜便利免洗褲,C,poisson,0.0952,0.3086,3.2404,2,low demand - intermittent
61080010003,桑塔娜便利免洗褲,C,poisson,0.1429,0.378,2.6458,2,low demand - intermittent
61080025003,TR-女免洗褲(十入) XL,C,poisson,0.0476,0.2182,4.5826,2,low demand - intermittent
61131072001,Hang Ten1/2深色襪三入組 混色,C,poisson,0.1429,0.378,2.6458,2,low demand - intermittent
65011150001,超細纖柔絲綿雙人被套 6  7尺,C,poisson,0.0476,0.2182,4.5826,2,low demand - intermittent
65031011001,英倫風抗菌可水洗枕 45X75公分,B,poisson,1.0,1.0,1.0,1,medium demand - volatile
65090016001,科技防水透氣保潔墊-雙人平單 保潔墊,C,poisson,0.0476,0.2182,4.5826,2,low demand - intermittent
65090092001,Microban抗菌竹炭保潔墊-雙人 5X6.2尺,C,poisson,0.0952,0.3086,3.2404,2,low demand - intermittent
65103009001,雙層緞檔毛巾-暗灰藍,B,poisson,0.8571,0.9258,1.0801,2,medium demand - intermittent
65106030001,1881純棉素色毛巾4入 33x76公分,A,poisson,2.4762,1.5736,0.6355,1,high demand - volatile
65106036001,原紗原棉(3入)  #2298 原紗原棉(3入),C,poisson,0.2381,0.488,2.0494,2,low demand - intermittent
65106084001,素色毛巾(5入) 34*76cm,B,poisson,0.4762,0.6901,1.4491,2,medium demand - intermittent
65110026001,non-no最乾淨浴巾 68*136CM,C,poisson,0.1429,0.378,2.6458,2,low demand - intermittent
65110183002,MORINO有機棉歐色緞條浴巾,C,poisson,0.0476,0.2182,4.5826,2,low demand - intermittent
65111095001,non-no最乾淨浴巾(加大) non-no加大浴巾,C,poisson,0.1905,0.4364,2.2913,2,low demand - intermittent
66511009001,VC成人輕便雨衣,B,poisson,0.4286,0.6547,1.5275,2,medium demand - intermittent
