sequence_id,order_id,order_type,item_id,item_quantity,order_arrival
1,-100,1,1622,2,0
2,-100,1,204,8,0
3,-99,1,34,2,0
4,-98,1,642,1,0
5,-98,1,146,4,0
6,-98,1,147,10,0
7,-97,1,629,8,0
8,-97,1,165,8,0
9,-96,1,268,7,0
10,-96,1,221,4,0
11,-96,1,1173,4,0
12,-95,1,2038,2,0
13,-95,1,140,7,0
14,-94,1,26,5,0
15,-94,1,36,10,0
16,-93,1,277,4,0
17,-92,1,173,9,0
18,-92,1,259,10,0
19,-92,1,727,6,0
20,-91,1,121,11,0
21,-91,1,80,7,0
22,-91,1,372,9,0
23,-90,1,201,8,0
24,-89,1,2391,3,0
25,-89,1,185,6,0
26,-89,1,1306,3,0
27,-89,1,260,8,0
28,-88,1,163,7,0
29,-88,1,3079,2,0
30,-88,1,634,4,0
31,-87,1,69,11,0
32,-87,1,570,8,0
33,-87,1,208,3,0
34,-86,1,27,11,0
35,-86,1,1055,2,0
36,-85,1,122,5,0
37,-85,1,89,6,0
38,-85,1,1616,2,0
39,-84,1,990,8,0
40,-84,1,1837,3,0
41,-84,1,928,1,0
42,-84,1,42,8,0
43,-84,1,71,10,0
44,-84,1,317,8,0
45,-84,1,3,6,0
46,-84,1,97,4,0
47,-84,1,519,5,0
48,-83,1,6,2,0
49,-83,1,96,5,0
50,-82,1,65,5,0
51,-82,1,1080,4,0
52,-82,1,394,7,0
53,-81,1,894,7,0
54,-80,1,1985,4,0
55,-80,1,1265,2,0
56,-80,1,403,4,0
57,-79,1,551,8,0
58,-79,1,180,6,0
59,-78,1,431,4,0
60,-77,1,105,8,0
61,-76,1,1960,2,0
62,-76,1,360,5,0
63,-76,1,294,10,0
64,-76,1,128,9,0
65,-76,1,609,4,0
66,-76,1,276,6,0
67,-75,1,43,3,0
68,-75,1,611,9,0
69,-74,1,1131,4,0
70,-74,1,1793,2,0
71,-74,1,756,7,0
72,-74,1,1529,2,0
73,-74,1,261,8,0
74,-74,1,1242,10,0
75,-74,1,5,3,0
76,-74,1,242,8,0
77,-73,1,237,2,0
78,-73,1,1771,4,0
79,-72,1,200,6,0
80,-72,1,1,4,0
81,-72,1,487,4,0
82,-72,1,121,4,0
83,-72,1,176,8,0
84,-72,1,193,9,0
85,-72,1,2923,2,0
86,-71,1,137,4,0
87,-71,1,55,8,0
88,-71,1,128,7,0
89,-70,1,24,9,0
90,-70,1,187,6,0
91,-70,1,661,5,0
92,-69,1,3252,2,0
93,-69,1,241,7,0
94,-69,1,100,12,0
95,-69,1,802,9,0
96,-69,1,23,7,0
97,-69,1,1471,4,0
98,-68,1,88,8,0
99,-67,1,291,10,0
100,-67,1,2199,2,0
101,-67,1,120,7,0
102,-67,1,0,11,0
103,-67,1,586,11,0
104,-67,1,776,9,0
105,-67,1,30,2,0
106,-67,1,574,5,0
107,-67,1,47,7,0
108,-67,1,38,11,0
109,-67,1,347,4,0
110,-67,1,43,2,0
111,-67,1,10,10,0
112,-67,1,513,10,0
113,-67,1,679,4,0
114,-66,1,13,6,0
115,-65,1,45,10,0
116,-65,1,38,6,0
117,-64,1,853,4,0
118,-64,1,255,6,0
119,-64,1,433,5,0
120,-63,1,925,7,0
121,-63,1,2390,2,0
122,-62,1,866,6,0
123,-62,1,1588,4,0
124,-62,1,191,8,0
125,-61,1,20,8,0
126,-61,1,1107,5,0
127,-61,1,214,8,0
128,-61,1,648,12,0
129,-61,1,65,7,0
130,-61,1,747,6,0
131,-61,1,1169,11,0
132,-61,1,0,6,0
133,-61,1,1272,2,0
134,-61,1,21,6,0
135,-61,1,186,3,0
136,-60,1,237,6,0
137,-60,1,2698,2,0
138,-59,1,13,4,0
139,-59,1,166,9,0
140,-58,1,1387,1,0
141,-57,1,304,8,0
142,-57,1,62,5,0
143,-57,1,408,6,0
144,-56,1,396,3,0
145,-55,1,1407,6,0
146,-55,1,70,10,0
147,-55,1,108,5,0
148,-54,1,712,6,0
149,-54,1,86,8,0
150,-53,1,13,6,0
151,-52,1,44,6,0
152,-51,1,15,4,0
153,-51,1,423,7,0
154,-51,1,2568,3,0
155,-51,1,62,6,0
156,-50,1,143,8,0
157,-49,1,76,6,0
158,-49,1,1149,6,0
159,-49,1,635,12,0
160,-49,1,92,2,0
161,-49,1,198,4,0
162,-49,1,332,11,0
163,-48,1,12,8,0
164,-48,1,213,12,0
165,-47,1,102,4,0
166,-46,1,625,10,0
167,-45,1,2012,1,0
168,-45,1,205,1,0
169,-44,1,765,6,0
170,-43,1,222,10,0
171,-42,1,16,5,0
172,-41,1,0,4,0
173,-41,1,281,6,0
174,-41,1,2695,3,0
175,-41,1,138,2,0
176,-41,1,2369,4,0
177,-40,1,1695,2,0
178,-39,1,45,7,0
179,-39,1,1028,6,0
180,-39,1,98,1,0
181,-38,1,247,2,0
182,-38,1,51,7,0
183,-38,1,358,7,0
184,-38,1,157,6,0
185,-38,1,1001,3,0
186,-38,1,0,10,0
187,-37,1,156,6,0
188,-37,1,1747,2,0
189,-37,1,0,6,0
190,-37,1,2045,2,0
191,-37,1,1295,12,0
192,-37,1,136,8,0
193,-37,1,2317,2,0
194,-37,1,58,3,0
195,-36,1,36,7,0
196,-35,1,718,9,0
197,-35,1,141,8,0
198,-35,1,495,9,0
199,-34,1,549,6,0
200,-34,1,2957,2,0
201,-34,1,1082,7,0
202,-33,1,2864,4,0
203,-32,1,487,6,0
204,-31,1,3022,2,0
205,-31,1,419,6,0
206,-30,1,106,10,0
207,-29,1,290,5,0
208,-28,1,52,8,0
209,-28,1,450,6,0
210,-28,1,690,8,0
211,-28,1,869,2,0
212,-28,1,328,3,0
213,-27,1,1080,11,0
214,-27,1,533,3,0
215,-26,1,1574,12,0
216,-26,1,233,6,0
217,-26,1,2,5,0
218,-25,1,28,9,0
219,-25,1,90,6,0
220,-25,1,1362,7,0
221,-24,1,97,4,0
222,-23,1,119,5,0
223,-22,1,2,8,0
224,-22,1,29,10,0
225,-22,1,1495,6,0
226,-21,1,1980,2,0
227,-21,1,0,10,0
228,-21,1,634,7,0
229,-20,1,1073,2,0
230,-19,1,223,10,0
231,-18,1,1086,11,0
232,-17,1,406,7,0
233,-17,1,445,7,0
234,-17,1,1936,4,0
235,-16,1,276,6,0
236,-16,1,1610,1,0
237,-16,1,69,3,0
238,-16,1,211,5,0
239,-16,1,539,2,0
240,-16,1,88,8,0
241,-15,1,421,6,0
242,-15,1,346,5,0
243,-15,1,470,9,0
244,-15,1,40,8,0
245,-14,1,203,8,0
246,-13,1,91,6,0
247,-13,1,575,6,0
248,-13,1,66,6,0
249,-13,1,123,2,0
250,-13,1,1,12,0
251,-12,1,1187,3,0
252,-11,1,58,7,0
253,-11,1,86,7,0
254,-11,1,4,10,0
255,-11,1,109,12,0
256,-11,1,401,2,0
257,-10,1,2141,4,0
258,-10,1,687,3,0
259,-10,1,40,4,0
260,-10,1,119,2,0
261,-10,1,2848,2,0
262,-10,1,545,6,0
263,-10,1,1216,9,0
264,-10,1,147,6,0
265,-10,1,11,4,0
266,-9,1,637,10,0
267,-9,1,1705,2,0
268,-9,1,0,8,0
269,-9,1,921,2,0
270,-9,1,80,5,0
271,-9,1,498,2,0
272,-8,1,745,7,0
273,-8,1,2094,4,0
274,-7,1,195,9,0
275,-7,1,3,10,0
276,-6,1,2526,3,0
277,-5,1,354,10,0
278,-5,1,11,4,0
279,-5,1,194,4,0
280,-4,1,1236,4,0
281,-4,1,425,3,0
282,-3,1,198,4,0
283,-3,1,2467,2,0
284,-2,1,1,8,0
285,-1,1,1915,2,0
286,0,1,33,6,60
287,0,1,3088,2,60
288,0,1,27,7,60
289,0,1,2650,2,60
290,0,1,276,4,60
291,1,1,820,11,60
292,2,1,133,3,60
293,2,1,2030,2,60
294,3,1,878,3,60
295,3,1,594,5,60
296,4,1,751,8,120
297,5,1,143,6,120
298,5,1,2330,4,120
299,6,1,1312,8,120
300,7,1,467,5,120
301,7,1,5,4,120
302,7,1,56,8,120
303,7,1,1593,4,120
304,7,1,353,8,120
305,7,1,35,7,120
306,8,1,738,8,120
307,8,1,78,6,120
308,8,1,2052,3,120
309,8,1,135,4,120
310,8,1,13,6,120
311,9,1,3025,4,180
312,10,1,2403,3,180
313,10,1,623,5,180
314,10,1,153,4,180
315,10,1,752,8,180
316,11,1,861,2,240
317,11,1,37,10,240
318,11,1,1994,3,240
319,11,1,656,8,240
320,11,1,1721,3,240
321,11,1,137,7,240
322,12,1,324,4,240
323,12,1,1350,10,240
324,12,1,32,6,240
325,12,1,1844,2,240
326,12,1,317,6,240
327,13,1,40,6,240
328,13,1,36,4,240
329,14,1,36,11,240
330,14,1,69,4,240
331,14,1,76,4,240
332,15,1,315,11,300
333,16,1,2345,4,300
334,16,1,174,4,300
335,17,1,84,8,360
336,17,1,23,2,360
337,17,1,1399,7,360
338,17,1,344,2,360
339,17,1,53,8,360
340,18,1,1745,4,360
341,19,1,594,6,360
342,19,1,29,4,360
343,20,1,109,5,420
344,21,1,493,2,420
345,21,1,1292,4,420
346,21,1,2330,4,420
347,21,1,843,12,420
348,21,1,158,3,420
349,22,1,10,8,420
350,22,1,61,10,420
351,23,1,406,8,480
352,24,1,832,7,480
353,24,1,526,4,480
354,25,1,2341,2,480
355,26,1,65,8,480
356,27,1,151,6,480
357,27,1,600,9,480
358,27,1,12,5,480
359,27,1,1085,8,480
360,27,1,2916,4,480
361,27,1,14,7,480
362,28,1,106,12,540
363,28,1,2897,2,540
364,28,1,208,6,540
365,29,1,412,7,600
366,29,1,1395,4,600
367,30,1,318,7,600
368,30,1,142,6,600
369,31,1,296,10,600
370,31,1,2164,4,600
371,32,1,173,12,600
372,32,1,452,10,600
373,33,1,88,8,600
374,34,1,61,6,600
375,34,1,1962,1,600
376,35,1,427,6,600
377,35,1,23,6,600
378,36,1,2,6,660
379,37,1,1735,2,660
380,38,1,453,2,660
381,38,1,82,3,660
382,38,1,1323,2,660
383,38,1,0,5,660
384,38,1,713,10,660
385,38,1,25,8,660
386,39,1,183,3,720
387,39,1,286,4,720
388,39,1,792,4,720
389,39,1,231,5,720
390,40,1,277,2,720
391,41,1,125,6,720
392,41,1,214,10,720
393,41,1,846,8,720
394,41,1,2404,3,720
395,41,1,126,1,720
396,41,1,1050,8,720
397,42,1,644,12,780
398,43,1,162,11,780
399,43,1,75,8,780
400,43,1,314,4,780
401,43,1,594,5,780
402,44,1,548,10,780
403,44,1,2653,1,780
404,44,1,2223,2,780
405,45,1,1958,2,780
406,46,1,2143,2,780
407,46,1,0,12,780
408,47,1,856,6,840
409,47,1,90,9,840
410,47,1,1512,6,840
411,47,1,2351,2,840
412,48,1,443,4,900
413,49,1,49,2,900
414,49,1,665,2,900
415,49,1,16,4,900
416,49,1,164,5,900
417,49,1,856,5,900
418,49,1,245,8,900
419,49,1,390,10,900
420,49,1,266,9,900
421,49,1,150,5,900
422,49,1,792,5,900
423,49,1,606,6,900
424,49,1,679,12,900
425,49,1,447,6,900
426,50,1,2095,2,900
427,51,1,9,7,900
428,51,1,101,9,900
429,51,1,299,9,900
430,51,1,76,9,900
431,52,1,1576,6,900
432,52,1,1162,2,900
433,53,1,441,12,900
434,54,1,2322,4,960
435,55,1,1044,9,960
436,55,1,97,7,960
437,56,1,109,10,960
438,56,1,1,10,960
439,56,1,799,6,960
440,57,1,81,8,960
441,57,1,1392,1,960
442,57,1,278,4,960
443,57,1,433,7,960
444,57,1,955,3,960
445,57,1,118,7,960
446,57,1,2379,2,960
447,57,1,256,5,960
448,57,1,465,4,960
449,58,1,206,9,1020
450,58,1,1103,9,1020
451,58,1,34,2,1020
452,58,1,13,6,1020
453,58,1,883,7,1020
454,58,1,123,10,1020
455,59,1,20,12,1020
456,59,1,3194,1,1020
457,59,1,73,6,1020
458,59,1,26,1,1020
459,60,1,1812,8,1080
460,61,1,8,10,1080
461,62,1,132,11,1080
462,63,1,2,9,1080
463,63,1,141,6,1080
464,63,1,34,4,1080
465,63,1,276,12,1080
466,63,1,932,2,1080
467,63,1,74,10,1080
468,63,1,73,2,1080
469,63,1,245,8,1080
470,63,1,50,6,1080
471,64,1,1410,7,1140
472,65,1,892,10,1140
473,66,1,2938,2,1200
474,66,1,142,8,1200
475,66,1,432,10,1200
476,67,1,1058,8,1200
477,67,1,21,2,1200
478,67,1,850,3,1200
479,67,1,10,9,1200
480,67,1,967,10,1200
481,68,1,44,7,1200
482,69,1,50,11,1200
483,69,1,52,6,1200
484,70,1,1849,3,1200
485,71,1,242,2,1260
486,72,1,341,6,1260
487,73,1,6,12,1260
488,73,1,20,11,1260
489,74,1,15,4,1260
490,74,1,135,6,1260
491,74,1,4,8,1260
492,74,1,1091,2,1260
493,74,1,1398,11,1260
494,75,1,114,10,1260
495,75,1,1254,4,1260
496,75,1,65,8,1260
497,75,1,274,4,1260
498,76,1,431,6,1320
499,76,1,993,8,1320
500,76,1,194,5,1320
501,76,1,281,8,1320
502,77,1,224,9,1320
503,77,1,913,9,1320
504,78,1,156,6,1320
505,78,1,2538,2,1320
506,79,1,11,10,1320
507,79,1,3,6,1320
508,79,1,32,11,1320
509,79,1,0,3,1320
510,79,1,1707,2,1320
511,79,1,2568,2,1320
512,80,1,349,1,1380
513,81,1,1309,5,1380
514,82,1,345,8,1380
515,82,1,290,11,1380
516,82,1,338,6,1380
517,82,1,119,4,1380
518,83,1,3140,2,1380
519,84,1,1119,8,1380
520,85,1,528,6,1380
521,85,1,94,8,1380
522,86,1,170,5,1440
523,87,1,686,8,1500
524,87,1,2320,4,1500
525,87,1,909,11,1500
526,87,1,71,2,1500
527,87,1,1589,3,1500
528,87,1,500,10,1500
529,87,1,583,6,1500
530,88,1,553,10,1500
531,88,1,206,8,1500
532,88,1,53,3,1500
533,88,1,973,4,1500
534,89,1,236,10,1500
535,89,1,110,8,1500
536,90,1,86,7,1500
537,91,1,71,12,1560
538,91,1,2571,3,1560
539,91,1,2871,2,1560
540,91,1,34,3,1560
541,91,1,463,4,1560
542,91,1,559,10,1560
543,91,1,354,7,1560
544,91,1,75,6,1560
545,91,1,959,4,1560
546,92,1,2772,4,1560
547,92,1,729,6,1560
548,92,1,62,8,1560
549,93,1,1496,12,1560
550,93,1,778,8,1560
551,94,1,515,9,1680
552,94,1,6,6,1680
553,95,1,26,6,1680
554,96,1,290,8,1740
555,96,1,439,8,1740
556,97,1,2031,1,1800
557,98,1,240,10,1800
558,98,1,151,11,1800
559,98,1,223,6,1800
560,98,1,142,8,1800
561,98,1,277,8,1800
562,98,1,198,4,1800
563,99,1,12,6,1860
564,99,1,177,12,1860
565,100,1,228,4,1860
566,100,1,335,6,1860
567,100,1,341,11,1860
568,100,1,59,7,1860
569,100,1,107,4,1860
570,100,1,88,3,1860
571,100,1,2075,3,1860
572,101,1,99,9,1920
573,101,1,65,7,1920
574,101,1,2117,4,1920
575,101,1,162,5,1920
576,101,1,406,6,1920
577,101,1,303,6,1920
578,101,1,825,6,1920
579,101,1,2921,3,1920
580,102,1,1345,2,1980
581,102,1,341,4,1980
582,103,1,1,8,1980
583,103,1,803,6,1980
584,103,1,113,4,1980
585,103,1,24,7,1980
586,103,1,255,2,1980
587,103,1,19,6,1980
588,104,1,1857,3,1980
589,104,1,42,7,1980
590,105,1,446,6,2040
591,105,1,5,1,2040
592,106,1,2814,2,2040
593,107,1,418,10,2040
594,107,1,9,6,2040
595,107,1,1,4,2040
596,107,1,2045,3,2040
597,107,1,97,7,2040
598,107,1,57,6,2040
599,107,1,748,5,2040
600,107,1,0,10,2040
601,107,1,1239,11,2040
602,107,1,10,10,2040
603,107,1,214,12,2040
604,107,1,429,3,2040
605,107,1,521,6,2040
606,107,1,109,6,2040
607,107,1,1888,2,2040
608,108,1,369,6,2040
609,109,1,153,5,2040
610,110,1,6,5,2100
611,110,1,242,6,2100
612,111,1,90,8,2100
613,112,1,1370,4,2160
614,113,1,1046,8,2160
615,113,1,1284,7,2160
616,113,1,212,10,2160
617,113,1,35,4,2160
618,113,1,292,6,2160
619,113,1,989,2,2160
620,113,1,89,10,2160
621,113,1,406,10,2160
622,114,1,296,6,2220
623,114,1,891,3,2220
624,115,1,545,6,2220
625,115,1,96,6,2220
626,115,1,1413,4,2220
627,116,1,571,8,2220
628,116,1,1147,2,2220
629,117,1,114,2,2220
630,117,1,43,8,2220
631,117,1,593,8,2220
632,117,1,71,7,2220
633,117,1,476,5,2220
634,117,1,4,8,2220
635,118,1,34,4,2220
636,118,1,615,2,2220
637,118,1,1352,7,2220
638,118,1,1357,6,2220
639,119,1,739,11,2220
640,119,1,953,6,2220
641,119,1,1523,3,2220
642,120,1,1596,10,2220
643,121,1,3015,1,2280
644,121,1,1227,1,2280
645,122,1,71,6,2280
646,123,1,19,7,2340
647,123,1,1687,3,2340
648,123,1,292,7,2340
649,123,1,60,8,2340
650,123,1,83,8,2340
651,124,1,620,6,2340
652,125,1,23,7,2400
653,126,1,108,5,2400
654,126,1,139,4,2400
655,127,1,319,10,2460
656,128,1,431,8,2460
657,128,1,173,6,2460
658,128,1,9,9,2460
659,129,1,738,12,2460
660,130,1,38,10,2520
661,131,1,129,4,2520
662,131,1,823,4,2520
663,131,1,1,9,2520
664,132,1,186,7,2520
665,132,1,742,3,2520
666,133,1,9,2,2520
667,133,1,2672,1,2520
668,134,1,104,2,2520
669,135,1,15,7,2580
670,135,1,1304,11,2580
671,136,1,279,4,2580
672,136,1,1701,4,2580
673,137,1,644,4,2580
674,137,1,637,7,2580
675,137,1,99,4,2580
676,138,1,738,8,2580
677,138,1,75,2,2580
678,138,1,42,8,2580
679,138,1,111,6,2580
680,138,1,200,11,2580
681,138,1,153,1,2580
682,138,1,2477,2,2580
683,138,1,161,8,2580
684,138,1,229,9,2580
685,138,1,462,8,2580
686,138,1,2,6,2580
687,138,1,1409,3,2580
688,138,1,850,8,2580
689,138,1,347,7,2580
690,138,1,1,6,2580
691,138,1,212,2,2580
692,138,1,314,2,2580
693,139,1,233,6,2580
694,139,1,381,9,2580
695,140,1,1077,10,2640
696,140,1,179,10,2640
697,141,1,279,1,2640
698,141,1,797,4,2640
699,141,1,2495,2,2640
700,141,1,323,8,2640
701,142,1,2640,4,2700
702,142,1,55,6,2700
703,142,1,82,6,2700
704,142,1,314,1,2700
705,142,1,75,4,2700
706,143,1,329,9,2700
707,144,1,286,9,2760
708,144,1,2590,4,2760
709,144,1,206,8,2760
710,145,1,47,6,2760
711,146,1,1163,9,2760
712,146,1,298,6,2760
713,146,1,1,10,2760
714,147,1,75,5,2820
715,147,1,2557,2,2820
716,148,1,2087,2,2820
717,148,1,337,8,2820
718,149,1,413,10,2820
719,150,1,637,4,2880
720,150,1,1873,3,2880
721,150,1,27,7,2880
722,151,1,82,8,2940
723,152,1,230,9,2940
724,152,1,61,3,2940
725,152,1,457,3,2940
726,152,1,1962,4,2940
727,152,1,113,6,2940
728,152,1,117,3,2940
729,153,1,165,9,3000
730,153,1,58,8,3000
731,153,1,878,1,3000
732,153,1,789,2,3000
733,153,1,1239,8,3000
734,153,1,2857,2,3000
735,154,1,58,5,3000
736,154,1,34,2,3000
737,154,1,599,7,3000
738,155,1,787,3,3000
739,156,1,1238,2,3060
740,156,1,76,10,3060
741,156,1,54,2,3060
742,157,1,505,6,3060
743,157,1,189,8,3060
744,157,1,116,3,3060
745,157,1,51,9,3060
746,158,1,2468,2,3060
747,158,1,975,6,3060
748,159,1,859,2,3060
749,159,1,129,2,3060
750,159,1,1460,2,3060
751,159,1,279,1,3060
752,159,1,2591,2,3060
753,159,1,1255,4,3060
754,160,1,271,8,3120
755,160,1,532,4,3120
756,160,1,712,2,3120
757,160,1,84,10,3120
758,161,1,9,11,3120
759,162,1,3126,2,3120
760,163,1,83,5,3120
761,163,1,515,6,3120
762,163,1,111,4,3120
763,163,1,44,4,3120
764,163,1,1321,2,3120
765,163,1,391,2,3120
766,163,1,22,6,3120
767,163,1,66,2,3120
768,163,1,312,10,3120
769,163,1,159,3,3120
770,164,1,8,10,3180
771,165,1,508,6,3180
772,165,1,143,8,3180
773,166,1,297,2,3180
774,167,1,169,7,3180
775,167,1,113,9,3180
776,167,1,608,3,3180
777,167,1,1013,6,3180
778,167,1,39,6,3180
779,167,1,442,10,3180
780,167,1,1748,12,3180
781,168,1,1002,8,3180
782,169,1,1403,3,3180
783,169,1,635,6,3180
784,169,1,2169,3,3180
785,169,1,315,8,3180
786,169,1,1035,6,3180
787,170,1,50,6,3240
788,170,1,1,8,3240
789,170,1,297,4,3240
790,170,1,299,12,3240
791,170,1,1497,4,3240
792,170,1,259,2,3240
793,171,1,18,8,3240
794,171,1,138,9,3240
795,171,1,179,2,3240
796,171,1,1751,10,3240
797,172,1,1782,3,3300
798,172,1,200,5,3300
799,172,1,38,3,3300
800,172,1,137,8,3300
801,173,1,277,3,3300
802,173,1,644,5,3300
803,174,1,856,10,3300
804,174,1,29,8,3300
805,174,1,379,10,3300
806,175,1,138,4,3300
807,175,1,483,6,3300
808,175,1,3044,2,3300
809,175,1,562,5,3300
810,175,1,76,4,3300
811,176,1,16,10,3360
812,176,1,2089,2,3360
813,176,1,564,2,3360
814,177,1,16,6,3360
815,178,1,375,12,3360
816,178,1,73,6,3360
817,178,1,0,9,3360
818,179,1,274,5,3360
819,180,1,1028,10,3360
820,180,1,0,12,3360
821,180,1,91,6,3360
822,180,1,2632,2,3360
823,180,1,40,2,3360
824,181,1,378,4,3420
825,181,1,557,2,3420
826,181,1,2604,3,3420
827,181,1,781,6,3420
828,182,1,40,11,3480
829,182,1,39,2,3480
830,182,1,254,5,3480
831,183,1,207,11,3480
832,183,1,139,4,3480
833,183,1,1415,8,3480
834,183,1,2352,2,3480
835,183,1,784,10,3480
836,183,1,1145,1,3480
837,184,1,794,6,3480
838,184,1,1180,9,3480
839,185,1,89,4,3600
840,186,1,57,8,3600
841,186,1,288,12,3600
842,186,1,939,4,3600
843,187,1,40,10,3600
844,187,1,2246,2,3600
845,187,1,10,10,3600
846,187,1,50,2,3600
847,187,1,20,8,3600
848,188,1,38,10,3600
849,188,1,261,4,3600
850,188,1,1659,2,3600
851,189,1,1838,3,3600
852,190,1,1105,5,3600
853,190,1,1415,2,3600
854,190,1,920,3,3600
855,191,1,1914,3,3660
856,191,1,39,2,3660
857,191,1,193,10,3660
858,191,1,2371,2,3660
859,192,1,11,5,3660
860,192,1,537,6,3660
861,192,1,162,7,3660
862,193,1,75,10,3660
863,193,1,1885,2,3660
864,193,1,462,6,3660
865,193,1,236,8,3660
866,193,1,81,7,3660
867,194,1,38,4,3720
868,195,1,2527,3,3720
869,196,1,70,6,3720
870,196,1,2849,2,3720
871,197,1,793,8,3720
872,197,1,975,11,3720
873,197,1,155,4,3720
874,197,1,2536,2,3720
875,198,1,28,3,3720
876,199,1,1994,3,3720
877,199,1,114,4,3720
878,199,1,825,6,3720
879,200,1,696,8,3780
880,200,1,13,5,3780
881,200,1,390,6,3780
882,200,1,751,10,3780
883,201,1,281,8,3780
884,201,1,125,3,3780
885,202,1,887,2,3780
886,203,1,551,7,3780
887,203,1,25,9,3780
888,203,1,107,12,3780
889,203,1,149,5,3780
890,203,1,965,6,3780
891,203,1,73,4,3780
892,203,1,635,8,3780
893,203,1,924,9,3780
894,203,1,32,6,3780
895,204,1,3,10,3840
896,204,1,1709,3,3840
897,204,1,602,5,3840
898,204,1,2150,2,3840
899,204,1,267,6,3840
900,204,1,85,4,3840
901,204,1,1061,1,3840
902,204,1,1057,7,3840
903,204,1,1698,4,3840
904,204,1,295,6,3840
905,204,1,171,7,3840
906,204,1,657,12,3840
907,204,1,3117,3,3840
908,204,1,1338,7,3840
909,204,1,0,6,3840
910,204,1,684,6,3840
911,205,1,3222,1,3840
912,206,1,2765,4,3840
913,206,1,9,4,3840
914,207,1,685,3,3900
915,207,1,1214,9,3900
916,207,1,972,9,3900
917,208,1,309,5,3900
918,209,1,1636,4,3900
919,209,1,1068,2,3900
920,209,1,663,10,3900
921,209,1,563,4,3900
922,209,1,1646,1,3900
923,209,1,81,9,3900
924,209,1,47,6,3900
925,210,1,602,4,3900
926,210,1,30,6,3900
927,211,1,466,9,3900
928,211,1,741,11,3900
929,211,1,155,2,3900
930,212,1,1198,6,3900
931,212,1,307,6,3900
932,212,1,78,4,3900
933,212,1,293,6,3900
934,212,1,524,8,3900
935,213,1,2094,2,3960
936,213,1,666,12,3960
937,213,1,1971,3,3960
938,214,1,58,10,4020
939,215,1,879,2,4020
940,216,1,1,5,4020
941,217,1,947,2,4020
942,218,1,1229,9,4080
943,219,1,216,5,4080
944,219,1,1084,8,4080
945,219,1,1375,7,4080
946,220,1,1459,2,4140
947,220,1,190,10,4140
948,221,1,32,6,4140
949,221,1,730,7,4140
950,221,1,287,4,4140
951,221,1,73,1,4140
952,221,1,847,12,4140
953,221,1,186,6,4140
954,221,1,3,8,4140
955,222,1,2429,4,4140
956,223,1,633,11,4200
957,223,1,105,8,4200
958,223,1,64,10,4200
959,223,1,736,6,4200
960,223,1,413,3,4200
961,224,1,1400,6,4200
962,225,1,610,3,4200
963,225,1,609,7,4200
964,226,1,184,7,4200
965,226,1,882,8,4200
966,227,1,155,8,4260
967,227,1,292,9,4260
968,227,1,187,5,4260
969,227,1,47,8,4260
970,228,1,352,11,4260
971,229,1,535,6,4260
972,230,1,647,8,4260
973,231,1,11,8,4260
974,231,1,30,3,4260
975,232,1,135,2,4320
976,232,1,201,10,4320
977,233,1,4,9,4320
978,234,1,239,2,4440
979,234,1,767,3,4440
980,235,1,109,9,4440
981,235,1,264,6,4440
982,235,1,217,11,4440
983,235,1,15,8,4440
984,235,1,1565,8,4440
985,236,1,15,4,4440
986,237,1,1511,2,4500
987,238,1,637,3,4560
988,239,1,273,11,4560
989,240,1,274,7,4560
990,240,1,1033,10,4560
991,240,1,32,10,4560
992,241,1,131,5,4560
993,241,1,2,4,4560
994,241,1,974,4,4560
995,241,1,214,10,4560
996,242,1,1299,7,4620
997,243,1,1283,10,4620
998,244,1,2761,2,4680
999,245,1,0,11,4680
1000,245,1,35,8,4680
1001,245,1,1057,2,4680
1002,246,1,300,4,4680
1003,246,1,1683,2,4680
1004,247,1,259,5,4680
1005,247,1,413,8,4680
1006,247,1,578,2,4680
1007,247,1,1445,2,4680
1008,248,1,857,8,4680
1009,248,1,57,6,4680
1010,248,1,738,8,4680
1011,248,1,328,8,4680
1012,248,1,2816,2,4680
1013,248,1,126,6,4680
1014,248,1,246,10,4680
1015,248,1,1293,4,4680
1016,248,1,191,5,4680
1017,248,1,11,8,4680
1018,248,1,1229,4,4680
1019,248,1,130,10,4680
1020,249,1,127,5,4740
1021,249,1,21,9,4740
1022,250,1,12,6,4800
1023,250,1,2391,1,4800
1024,250,1,241,11,4800
1025,250,1,358,8,4800
1026,251,1,32,10,4800
1027,251,1,1712,2,4800
1028,251,1,228,10,4800
1029,251,1,24,4,4800
1030,251,1,485,4,4800
1031,252,1,3247,2,4800
1032,252,1,134,10,4800
1033,252,1,1127,11,4800
1034,253,1,667,7,4800
1035,253,1,2958,3,4800
1036,254,1,104,10,4860
1037,254,1,1877,2,4860
1038,254,1,432,2,4860
1039,254,1,43,4,4860
1040,255,1,628,5,4860
1041,256,1,3,8,4860
1042,256,1,1206,9,4860
1043,256,1,1111,6,4860
1044,257,1,2,7,4860
1045,258,1,176,8,4860
1046,259,1,1290,9,4920
1047,259,1,208,9,4920
1048,259,1,70,2,4920
1049,259,1,33,4,4920
1050,260,1,23,6,4920
1051,261,1,2795,2,4920
1052,261,1,40,4,4920
1053,262,1,248,12,4980
1054,263,1,246,6,4980
1055,264,1,740,11,4980
1056,265,1,453,5,4980
1057,265,1,515,3,4980
1058,265,1,92,3,4980
1059,265,1,2427,2,4980
1060,266,1,130,6,4980
1061,266,1,1060,7,4980
1062,266,1,22,10,4980
1063,266,1,349,4,4980
1064,266,1,272,2,4980
1065,266,1,17,4,4980
1066,266,1,12,10,4980
1067,266,1,21,4,4980
1068,267,1,589,3,5040
1069,268,1,809,1,5100
1070,269,1,1883,2,5100
1071,269,1,515,10,5100
1072,269,1,111,8,5100
1073,269,1,553,4,5100
1074,270,1,1044,12,5100
1075,271,1,333,3,5160
1076,271,1,871,9,5160
1077,272,1,118,3,5160
1078,273,1,1875,4,5160
1079,273,1,98,6,5160
1080,273,1,1972,4,5160
1081,274,1,45,7,5220
1082,274,1,49,8,5220
1083,274,1,616,11,5220
1084,274,1,1998,3,5220
1085,275,1,103,4,5280
1086,275,1,289,8,5280
1087,275,1,221,2,5280
1088,275,1,1316,2,5280
1089,275,1,121,4,5280
1090,276,1,1047,8,5280
1091,276,1,1041,7,5280
1092,276,1,260,8,5280
1093,277,1,31,4,5280
1094,278,1,1037,6,5280
1095,278,1,855,8,5280
1096,279,1,2797,2,5340
1097,279,1,232,9,5340
1098,279,1,3,6,5340
1099,279,1,194,8,5340
1100,279,1,1702,3,5340
1101,280,1,201,6,5340
1102,280,1,498,10,5340
1103,280,1,1910,2,5340
1104,281,1,2560,2,5340
1105,281,1,50,11,5340
1106,281,1,1052,2,5340
1107,281,1,595,6,5340
1108,282,1,571,2,5340
1109,283,1,43,8,5400
1110,283,1,82,12,5400
1111,283,1,1700,4,5400
1112,284,1,602,8,5400
1113,284,1,39,10,5400
1114,284,1,2309,2,5400
1115,284,1,42,7,5400
1116,285,1,2964,2,5400
1117,286,1,526,1,5400
1118,286,1,178,8,5400
1119,287,1,5,7,5460
1120,287,1,1162,3,5460
1121,288,1,1152,10,5460
1122,288,1,11,3,5460
1123,288,1,251,4,5460
1124,288,1,446,6,5460
1125,288,1,324,6,5460
1126,288,1,1809,2,5460
1127,288,1,2794,4,5460
1128,289,1,744,6,5460
1129,289,1,1830,2,5460
1130,289,1,835,2,5460
1131,289,1,813,6,5460
1132,289,1,2978,4,5460
1133,289,1,128,8,5460
1134,290,1,2021,1,5460
1135,290,1,355,4,5460
1136,290,1,234,11,5460
1137,290,1,1059,4,5460
1138,290,1,51,10,5460
1139,291,1,785,4,5460
1140,291,1,15,4,5460
1141,291,1,2879,2,5460
1142,292,1,2007,1,5520
1143,292,1,28,7,5520
1144,293,1,588,8,5520
1145,294,1,1039,10,5520
1146,294,1,340,10,5520
1147,294,1,109,2,5520
1148,295,1,2175,3,5520
1149,296,1,329,10,5520
1150,296,1,1141,4,5520
1151,297,1,2195,4,5520
1152,297,1,1699,9,5520
1153,297,1,1266,3,5520
1154,298,1,119,9,5580
1155,298,1,221,6,5580
1156,298,1,275,2,5580
1157,299,1,75,3,5580
1158,299,1,607,9,5580
1159,300,1,0,5,5580
1160,300,1,1359,2,5580
1161,300,1,132,10,5580
1162,301,1,1674,10,5580
1163,301,1,847,12,5580
1164,301,1,236,4,5580
1165,302,1,133,9,5580
1166,302,1,2600,3,5580
1167,303,1,226,6,5640
1168,303,1,663,6,5640
1169,303,1,160,10,5640
1170,303,1,220,6,5640
1171,303,1,832,2,5640
1172,303,1,1231,4,5640
1173,303,1,24,7,5640
1174,304,1,1909,2,5640
1175,305,1,127,9,5640
1176,305,1,1391,2,5640
1177,305,1,1520,8,5640
1178,305,1,702,8,5640
1179,305,1,871,10,5640
1180,305,1,594,10,5640
1181,305,1,726,3,5640
1182,305,1,1815,10,5640
1183,305,1,1305,8,5640
1184,305,1,28,6,5640
1185,305,1,2515,3,5640
1186,306,1,1776,3,5700
1187,306,1,109,5,5700
1188,306,1,1138,8,5700
1189,307,1,644,7,5700
1190,308,1,2388,4,5700
1191,308,1,50,12,5700
1192,308,1,1111,10,5700
1193,308,1,14,4,5700
1194,308,1,303,10,5700
1195,308,1,941,12,5700
1196,308,1,1173,8,5700
1197,309,1,121,5,5820
1198,310,1,638,8,5820
1199,310,1,719,6,5820
1200,310,1,172,4,5820
1201,311,1,3,9,5820
1202,311,1,455,4,5820
1203,311,1,407,4,5820
1204,311,1,8,2,5820
1205,311,1,68,6,5820
1206,312,1,358,7,5880
1207,312,1,97,8,5880
1208,313,1,3,1,5880
1209,313,1,42,10,5880
1210,314,1,805,4,5880
1211,314,1,57,2,5880
1212,315,1,447,6,5940
1213,315,1,48,6,5940
1214,316,1,216,1,5940
1215,316,1,451,12,5940
1216,317,1,272,3,6000
1217,318,1,1395,3,6000
1218,319,1,165,4,6000
1219,320,1,179,6,6060
1220,321,1,120,6,6120
1221,321,1,4,10,6120
1222,321,1,168,8,6120
1223,322,1,712,12,6120
1224,322,1,2974,4,6120
1225,322,1,109,10,6120
1226,323,1,202,10,6180
1227,324,1,4,4,6180
1228,324,1,1870,2,6180
1229,325,1,141,6,6180
1230,325,1,171,7,6180
1231,325,1,74,8,6180
1232,325,1,1424,6,6180
1233,325,1,545,4,6180
1234,325,1,31,7,6180
1235,325,1,437,5,6180
1236,326,1,55,7,6240
1237,326,1,62,9,6240
1238,326,1,937,7,6240
1239,327,1,0,8,6240
1240,328,1,662,10,6240
1241,328,1,2452,2,6240
1242,328,1,28,8,6240
1243,329,1,1054,11,6300
1244,329,1,264,3,6300
1245,329,1,597,11,6300
1246,330,1,163,11,6300
1247,330,1,931,9,6300
1248,330,1,1621,12,6300
1249,330,1,75,9,6300
1250,330,1,1232,2,6300
1251,330,1,119,4,6300
1252,330,1,207,6,6300
1253,331,1,46,6,6300
1254,332,1,1250,11,6300
1255,333,1,207,9,6360
1256,334,1,554,8,6360
1257,334,1,27,11,6360
1258,334,1,122,4,6360
1259,334,1,177,6,6360
1260,335,1,222,6,6360
1261,335,1,449,2,6360
1262,336,1,25,6,6420
1263,336,1,2575,2,6420
1264,336,1,1475,2,6420
1265,336,1,267,8,6420
1266,336,1,192,9,6420
1267,336,1,351,8,6420
1268,336,1,766,7,6420
1269,336,1,62,8,6420
1270,336,1,544,4,6420
1271,336,1,3173,3,6420
1272,336,1,174,1,6420
1273,336,1,177,5,6420
1274,336,1,1722,7,6420
1275,337,1,2039,2,6420
1276,337,1,49,7,6420
1277,337,1,22,6,6420
1278,337,1,645,4,6420
1279,338,1,0,10,6420
1280,338,1,385,6,6420
1281,338,1,1087,4,6420
1282,339,1,309,8,6420
1283,339,1,3,4,6420
1284,339,1,2970,2,6420
1285,340,1,477,8,6420
1286,341,1,186,5,6480
1287,342,1,388,10,6480
1288,342,1,1082,6,6480
1289,342,1,723,5,6480
1290,342,1,338,2,6480
1291,342,1,43,7,6480
1292,343,1,929,7,6480
1293,343,1,435,7,6480
1294,343,1,533,4,6480
1295,343,1,16,4,6480
1296,344,1,144,8,6480
1297,344,1,430,7,6480
1298,344,1,50,7,6480
1299,345,1,1759,4,6480
1300,346,1,234,8,6480
1301,346,1,1824,3,6480
1302,346,1,729,12,6480
1303,347,1,639,4,6480
1304,347,1,19,5,6480
1305,347,1,2250,3,6480
1306,347,1,55,1,6480
1307,348,1,21,4,6540
1308,349,1,278,5,6540
1309,349,1,1,7,6540
1310,349,1,129,8,6540
1311,349,1,347,3,6540
1312,349,1,159,11,6540
1313,349,1,6,3,6540
1314,350,1,239,5,6540
1315,350,1,162,10,6540
1316,350,1,131,4,6540
1317,350,1,521,5,6540
1318,350,1,420,5,6540
1319,350,1,8,7,6540
1320,350,1,2765,2,6540
1321,350,1,700,8,6540
1322,350,1,7,6,6540
1323,351,1,45,6,6600
1324,352,1,51,2,6600
1325,352,1,4,12,6600
1326,352,1,139,9,6600
1327,352,1,217,4,6600
1328,353,1,2,4,6600
1329,353,1,269,8,6600
1330,353,1,842,3,6600
1331,353,1,9,8,6600
1332,354,1,14,6,6600
1333,354,1,1576,8,6600
1334,354,1,86,1,6600
1335,355,1,153,8,6660
1336,355,1,385,4,6660
1337,355,1,207,10,6660
1338,355,1,244,4,6660
1339,356,1,697,12,6720
1340,356,1,18,3,6720
1341,356,1,1942,3,6720
1342,357,1,2260,2,6720
1343,357,1,114,10,6720
1344,357,1,2373,1,6720
1345,357,1,1882,4,6720
1346,357,1,1,4,6720
1347,357,1,221,6,6720
1348,357,1,1966,2,6720
1349,357,1,585,10,6720
1350,357,1,913,8,6720
1351,357,1,166,1,6720
1352,357,1,777,2,6720
1353,358,1,541,4,6720
1354,358,1,463,6,6720
1355,358,1,35,4,6720
1356,358,1,100,10,6720
1357,358,1,955,2,6720
1358,358,1,491,2,6720
1359,359,1,1282,2,6720
1360,359,1,827,6,6720
1361,360,1,63,7,6720
1362,360,1,414,4,6720
1363,360,1,35,6,6720
1364,360,1,356,8,6720
1365,360,1,1006,6,6720
1366,360,1,1206,5,6720
1367,360,1,2136,2,6720
1368,360,1,79,7,6720
1369,361,1,56,7,6720
1370,362,1,51,8,6720
1371,362,1,486,9,6720
1372,362,1,785,4,6720
1373,362,1,99,7,6720
1374,362,1,1311,4,6720
1375,362,1,588,5,6720
1376,362,1,349,3,6720
1377,362,1,4,6,6720
1378,363,1,2351,2,6780
1379,363,1,2220,2,6780
1380,364,1,30,6,6780
1381,364,1,1177,9,6780
1382,364,1,1256,8,6780
1383,364,1,185,8,6780
1384,364,1,6,5,6780
1385,364,1,209,4,6780
1386,365,1,1,7,6780
1387,366,1,192,4,6840
1388,366,1,2110,2,6840
1389,366,1,29,8,6840
1390,366,1,1131,12,6840
1391,366,1,72,8,6840
1392,367,1,1878,4,6840
1393,368,1,331,8,6840
1394,369,1,451,2,6900
1395,369,1,85,6,6900
1396,369,1,380,4,6900
1397,370,1,190,10,6900
1398,370,1,536,8,6900
1399,370,1,34,10,6900
1400,371,1,9,9,6960
1401,371,1,2912,2,6960
1402,371,1,922,2,6960
1403,371,1,368,8,6960
1404,371,1,264,7,6960
1405,371,1,871,5,6960
1406,371,1,13,3,6960
1407,372,1,1612,2,7020
1408,373,1,69,8,7020
1409,373,1,131,6,7020
1410,373,1,35,4,7020
1411,373,1,727,7,7020
1412,374,1,311,3,7020
1413,374,1,60,4,7020
1414,374,1,3145,2,7020
1415,375,1,64,8,7140
1416,375,1,416,2,7140
1417,375,1,187,7,7140
1418,375,1,9,8,7140
1419,375,1,982,6,7140
1420,375,1,47,8,7140
1421,375,1,7,10,7140
1422,375,1,108,6,7140
1423,375,1,141,7,7140
1424,375,1,376,8,7140
1425,375,1,2709,2,7140
1426,375,1,963,7,7140
1427,376,1,314,3,7140
1428,377,1,499,5,7140
1429,378,1,296,7,7140
1430,378,1,842,10,7140
1431,378,1,240,10,7140
1432,378,1,762,2,7140
1433,378,1,716,2,7140
1434,378,1,455,8,7140
1435,378,1,1053,7,7140
1436,378,1,1211,1,7140
1437,379,1,1161,2,7140
1438,380,1,32,6,7200
1439,380,1,336,9,7200
1440,380,1,178,6,7200
1441,380,1,373,10,7200
1442,380,1,280,6,7200
1443,380,1,442,4,7200
1444,380,1,600,6,7200
1445,380,1,134,10,7200
1446,381,1,301,4,7200
1447,382,1,1583,10,7260
1448,382,1,350,6,7260
1449,382,1,21,8,7260
1450,382,1,373,8,7260
1451,382,1,310,10,7260
1452,382,1,2037,3,7260
1453,383,1,2,10,7260
1454,383,1,233,6,7260
1455,383,1,1507,4,7260
1456,383,1,1217,1,7260
1457,383,1,1366,3,7260
1458,383,1,1846,2,7260
1459,384,1,341,8,7260
1460,384,1,40,5,7260
1461,385,1,168,9,7260
1462,386,1,140,12,7320
1463,386,1,2232,3,7320
1464,387,1,677,5,7320
1465,387,1,1742,1,7320
1466,387,1,230,6,7320
1467,387,1,2448,2,7320
1468,387,1,21,7,7320
1469,387,1,249,1,7320
1470,387,1,1331,2,7320
1471,388,1,2308,3,7380
1472,388,1,1230,5,7380
1473,388,1,156,2,7380
1474,389,1,131,9,7380
1475,389,1,739,11,7380
1476,390,1,15,8,7380
1477,391,1,69,6,7440
1478,392,1,268,10,7440
1479,392,1,464,4,7440
1480,392,1,275,2,7440
1481,392,1,87,8,7440
1482,392,1,65,5,7440
1483,392,1,1305,6,7440
1484,392,1,33,10,7440
1485,392,1,569,2,7440
1486,393,1,1219,7,7440
1487,393,1,333,2,7440
1488,393,1,171,4,7440
1489,394,1,1068,4,7440
1490,394,1,24,3,7440
1491,395,1,503,8,7500
1492,396,1,1992,2,7500
1493,397,1,90,7,7500
1494,398,1,431,7,7500
1495,398,1,1037,8,7500
1496,398,1,113,12,7500
1497,399,1,352,11,7560
1498,400,1,1078,12,7560
1499,400,1,2412,2,7560
1500,401,1,313,10,7560
1501,402,1,87,3,7620
1502,402,1,421,9,7620
1503,402,1,418,11,7620
1504,403,1,100,6,7620
1505,404,1,416,5,7620
1506,404,1,664,6,7620
1507,404,1,94,1,7620
1508,404,1,294,8,7620
1509,404,1,125,7,7620
1510,404,1,1577,1,7620
1511,404,1,137,9,7620
1512,404,1,34,10,7620
1513,405,1,139,12,7620
1514,405,1,618,3,7620
1515,405,1,2,4,7620
1516,406,1,11,4,7680
1517,406,1,279,2,7680
1518,407,1,651,7,7680
1519,408,1,573,7,7680
1520,408,1,356,4,7680
1521,409,1,1285,5,7740
1522,409,1,64,2,7740
1523,409,1,1105,2,7740
1524,409,1,159,4,7740
1525,409,1,488,6,7740
1526,410,1,711,4,7740
1527,410,1,136,9,7740
1528,410,1,134,6,7740
1529,411,1,208,6,7740
1530,411,1,657,6,7740
1531,411,1,1059,3,7740
1532,411,1,36,10,7740
1533,411,1,12,6,7740
1534,412,1,519,6,7740
1535,413,1,1856,4,7740
1536,414,1,473,7,7800
1537,414,1,46,10,7800
1538,415,1,16,5,7800
1539,415,1,126,8,7800
1540,415,1,757,4,7800
1541,415,1,1756,2,7800
1542,415,1,574,2,7800
1543,416,1,7,4,7860
1544,416,1,114,2,7860
1545,417,1,3,2,7860
1546,418,1,103,2,7860
1547,418,1,55,1,7860
1548,418,1,119,8,7860
1549,418,1,269,12,7860
1550,418,1,164,10,7860
1551,418,1,123,6,7860
1552,418,1,84,5,7860
1553,418,1,604,2,7860
1554,419,1,31,9,7860
1555,420,1,65,8,7860
1556,420,1,138,9,7860
1557,420,1,10,7,7860
1558,420,1,2448,4,7860
1559,420,1,271,5,7860
1560,421,1,1753,7,7860
1561,421,1,2566,2,7860
1562,422,1,1029,4,7920
1563,422,1,25,2,7920
1564,422,1,175,12,7920
1565,423,1,112,11,7920
1566,423,1,23,8,7920
1567,424,1,377,6,7980
1568,424,1,91,10,7980
1569,424,1,54,7,7980
1570,424,1,144,8,7980
1571,424,1,803,10,7980
1572,425,1,1,11,7980
1573,425,1,2030,3,7980
1574,426,1,51,7,8040
1575,427,1,3241,2,8040
1576,427,1,193,10,8040
1577,427,1,208,4,8040
1578,427,1,91,7,8040
1579,428,1,233,8,8040
1580,429,1,2189,2,8040
1581,429,1,118,6,8040
1582,430,1,47,7,8040
1583,430,1,1,3,8040
1584,430,1,2721,3,8040
1585,430,1,387,6,8040
1586,431,1,2312,2,8040
1587,432,1,68,4,8100
1588,432,1,15,4,8100
1589,432,1,278,4,8100
1590,432,1,1930,2,8100
1591,433,1,75,3,8160
1592,433,1,79,1,8160
1593,433,1,204,4,8160
1594,434,1,34,8,8160
1595,434,1,227,4,8160
1596,435,1,26,4,8160
1597,436,1,534,2,8160
1598,437,1,46,8,8160
1599,438,1,109,5,8160
1600,438,1,46,4,8160
1601,439,1,136,7,8220
1602,439,1,107,6,8220
1603,439,1,321,1,8220
1604,440,1,716,3,8220
1605,441,1,893,3,8280
1606,441,1,879,3,8280
1607,441,1,0,4,8280
1608,441,1,684,6,8280
1609,441,1,57,8,8280
1610,441,1,63,12,8280
1611,442,1,966,1,8280
1612,442,1,147,9,8280
1613,442,1,163,12,8280
1614,442,1,1631,1,8280
1615,442,1,1768,5,8280
1616,442,1,406,6,8280
1617,442,1,1673,3,8280
1618,442,1,7,8,8280
1619,442,1,16,10,8280
1620,443,1,593,1,8340
1621,443,1,213,10,8340
1622,443,1,96,10,8340
1623,443,1,1126,6,8340
1624,443,1,64,6,8340
1625,444,1,0,3,8340
1626,444,1,591,6,8340
1627,444,1,272,2,8340
1628,445,1,1289,8,8340
1629,445,1,934,8,8340
1630,445,1,124,10,8340
1631,446,1,1542,1,8400
1632,446,1,43,4,8400
1633,446,1,2357,2,8400
1634,447,1,1255,3,8400
1635,447,1,115,11,8400
1636,447,1,2028,4,8400
1637,447,1,10,7,8400
1638,448,1,1509,8,8400
1639,448,1,473,11,8400
1640,448,1,1247,1,8400
1641,448,1,764,2,8400
1642,448,1,2394,3,8400
1643,448,1,7,1,8400
1644,448,1,453,7,8400
1645,448,1,199,10,8400
1646,448,1,409,3,8400
1647,448,1,1927,2,8400
1648,448,1,85,4,8400
1649,448,1,0,7,8400
1650,448,1,266,4,8400
1651,448,1,1,3,8400
1652,448,1,1952,2,8400
1653,448,1,652,8,8400
1654,449,1,1569,2,8400
1655,449,1,1490,10,8400
1656,450,1,23,7,8460
1657,451,1,430,12,8460
1658,451,1,396,4,8460
1659,452,1,6,6,8460
1660,452,1,642,5,8460
1661,452,1,58,7,8460
1662,453,1,242,2,8520
1663,454,1,17,11,8520
1664,454,1,504,11,8520
1665,454,1,179,6,8520
1666,454,1,0,7,8520
1667,455,1,2536,3,8520
1668,456,1,465,6,8520
1669,456,1,591,7,8520
1670,457,1,2968,2,8520
1671,458,1,455,11,8520
1672,458,1,80,3,8520
1673,458,1,774,12,8520
1674,458,1,1158,8,8520
1675,459,1,2295,2,8580
1676,459,1,301,10,8580
1677,460,1,1492,2,8640
1678,461,1,176,6,8640
1679,461,1,129,10,8640
1680,462,1,279,3,8640
1681,463,1,1502,2,8700
1682,463,1,84,7,8700
1683,464,1,2625,2,8700
1684,464,1,309,6,8700
1685,464,1,142,7,8700
1686,464,1,422,2,8700
1687,465,1,105,10,8700
1688,466,1,538,2,8700
1689,467,1,2143,3,8700
1690,467,1,71,2,8700
1691,468,1,208,2,8700
1692,468,1,3185,2,8700
1693,469,1,0,6,8700
1694,469,1,1018,6,8700
1695,470,1,82,6,8760
1696,471,1,543,6,8820
1697,472,1,111,10,8820
1698,473,1,255,4,8880
1699,473,1,59,2,8880
1700,473,1,1517,4,8880
1701,474,1,1722,10,8880
1702,474,1,1050,2,8880
1703,474,1,76,4,8880
1704,474,1,45,1,8880
1705,474,1,162,5,8880
1706,475,1,72,4,8880
1707,476,1,81,8,8940
1708,476,1,31,9,8940
1709,476,1,91,6,8940
1710,476,1,49,12,8940
1711,476,1,4,11,8940
1712,477,1,14,4,8940
1713,477,1,2046,2,8940
1714,477,1,193,4,8940
1715,477,1,157,9,8940
1716,478,1,39,6,9000
1717,478,1,307,8,9000
1718,478,1,475,8,9000
1719,478,1,1999,3,9000
1720,479,1,39,9,9000
1721,479,1,810,7,9000
1722,479,1,497,8,9000
1723,480,1,786,5,9120
1724,480,1,98,5,9120
1725,480,1,187,8,9120
1726,480,1,1,7,9120
1727,480,1,22,6,9120
1728,480,1,620,4,9120
1729,480,1,0,6,9120
1730,480,1,138,4,9120
1731,480,1,93,8,9120
1732,480,1,13,4,9120
1733,480,1,2,4,9120
1734,481,1,25,4,9120
1735,482,1,204,4,9120
1736,482,1,1203,10,9120
1737,483,1,330,8,9120
1738,484,1,1451,10,9180
1739,485,1,491,3,9180
1740,485,1,1620,3,9180
1741,486,1,248,4,9180
1742,487,1,677,6,9180
1743,488,1,1632,2,9180
1744,489,1,810,5,9240
1745,490,1,1274,2,9240
1746,490,1,26,5,9240
1747,491,1,109,6,9240
1748,492,1,2656,4,9300
1749,493,1,1368,6,9300
1750,493,1,415,7,9300
1751,494,1,2997,2,9300
1752,494,1,1294,10,9300
1753,495,1,1940,2,9300
1754,495,1,225,10,9300
1755,495,1,1452,8,9300
1756,495,1,114,3,9300
1757,496,1,71,10,9300
1758,496,1,212,6,9300
1759,496,1,197,6,9300
1760,497,1,29,5,9420
1761,497,1,1245,6,9420
1762,497,1,0,7,9420
1763,497,1,80,6,9420
1764,497,1,1613,4,9420
1765,498,1,1281,10,9420
1766,499,1,116,4,9420
1767,500,1,39,6,9420
1768,500,1,1301,2,9420
1769,501,1,30,6,9480
1770,501,1,267,2,9480
1771,502,1,477,10,9480
1772,502,1,156,6,9480
1773,502,1,1691,11,9480
1774,502,1,264,6,9480
1775,502,1,931,5,9480
1776,502,1,3034,3,9480
1777,502,1,87,6,9480
1778,502,1,196,4,9480
1779,502,1,234,6,9480
1780,502,1,2,4,9480
1781,503,1,25,4,9480
1782,503,1,222,8,9480
1783,503,1,60,6,9480
1784,503,1,755,12,9480
1785,504,1,2927,3,9480
1786,504,1,2306,2,9480
1787,505,1,162,5,9480
1788,505,1,682,8,9480
1789,505,1,2138,3,9480
1790,505,1,4,8,9480
1791,506,1,2374,3,9540
1792,506,1,472,10,9540
1793,506,1,753,4,9540
1794,507,1,1556,10,9540
1795,507,1,197,4,9540
1796,507,1,368,5,9540
1797,507,1,0,11,9540
1798,507,1,909,7,9540
1799,507,1,518,9,9540
1800,507,1,625,4,9540
1801,507,1,19,2,9540
1802,507,1,414,10,9540
1803,507,1,2711,4,9540
1804,507,1,535,4,9540
1805,507,1,401,2,9540
1806,507,1,2056,3,9540
1807,507,1,1323,3,9540
1808,507,1,513,6,9540
1809,508,1,121,6,9540
1810,508,1,847,7,9540
1811,508,1,776,6,9540
1812,508,1,1169,12,9540
1813,508,1,940,6,9540
1814,508,1,454,4,9540
1815,508,1,1059,7,9540
1816,508,1,116,10,9540
1817,508,1,192,10,9540
1818,508,1,1097,1,9540
1819,508,1,387,5,9540
1820,509,1,100,4,9540
1821,509,1,1194,4,9540
1822,509,1,175,4,9540
1823,509,1,2059,4,9540
1824,510,1,663,6,9600
1825,510,1,1204,4,9600
1826,511,1,34,2,9600
1827,512,1,125,7,9600
1828,512,1,1250,12,9600
1829,512,1,333,3,9600
1830,513,1,636,4,9600
1831,513,1,246,8,9600
1832,513,1,154,4,9600
1833,513,1,210,5,9600
1834,514,1,1980,1,9660
1835,515,1,782,6,9660
1836,515,1,1729,6,9660
1837,516,1,143,7,9660
1838,517,1,161,3,9660
1839,518,1,388,4,9720
1840,518,1,137,3,9720
1841,518,1,90,11,9720
1842,518,1,221,3,9720
1843,518,1,198,3,9720
1844,519,1,768,4,9720
1845,520,1,1901,4,9780
1846,520,1,567,2,9780
1847,520,1,288,10,9780
1848,521,1,1,5,9780
1849,521,1,9,1,9780
1850,521,1,6,10,9780
1851,521,1,1344,12,9780
1852,521,1,32,2,9780
1853,522,1,26,10,9780
1854,522,1,951,4,9780
1855,522,1,1294,7,9780
1856,522,1,36,10,9780
1857,522,1,2303,2,9780
1858,522,1,546,6,9780
1859,522,1,45,6,9780
1860,523,1,993,6,9780
1861,523,1,1624,3,9780
1862,523,1,651,8,9780
1863,523,1,1774,2,9780
1864,524,1,950,9,9840
1865,524,1,1482,2,9840
1866,525,1,309,5,9900
1867,526,1,60,8,9900
1868,527,1,156,10,9900
1869,527,1,1199,3,9900
1870,527,1,453,10,9900
1871,528,1,229,7,9960
1872,528,1,1268,4,9960
1873,528,1,1828,2,9960
1874,529,1,62,4,10020
1875,529,1,2133,2,10020
1876,529,1,2141,2,10020
1877,529,1,586,4,10020
1878,529,1,63,9,10020
1879,529,1,679,9,10020
1880,529,1,2244,3,10020
1881,530,1,301,8,10020
1882,531,1,102,2,10020
1883,531,1,1827,4,10020
1884,531,1,746,6,10020
1885,532,1,1287,4,10080
1886,532,1,3,10,10080
1887,532,1,82,5,10080
1888,533,1,224,8,10080
1889,533,1,7,2,10080
1890,533,1,231,11,10080
1891,534,1,2390,2,10080
1892,534,1,494,5,10080
1893,534,1,372,5,10080
1894,535,1,2,4,10140
1895,535,1,189,6,10140
1896,535,1,509,7,10140
1897,536,1,6,12,10140
1898,536,1,167,11,10140
1899,536,1,3022,3,10140
1900,536,1,47,6,10140
1901,537,1,430,3,10140
1902,537,1,805,8,10140
1903,537,1,376,3,10140
1904,537,1,84,5,10140
1905,537,1,1466,4,10140
1906,537,1,219,2,10140
1907,537,1,1804,2,10140
1908,537,1,1609,3,10140
1909,538,1,215,8,10140
1910,539,1,753,4,10140
1911,539,1,109,4,10140
1912,540,1,996,12,10200
1913,541,1,2280,2,10200
1914,541,1,229,6,10200
1915,542,1,696,10,10200
1916,542,1,200,4,10200
1917,542,1,419,11,10200
1918,542,1,285,5,10200
1919,542,1,2856,2,10200
1920,542,1,2952,2,10200
1921,542,1,2734,3,10200
1922,542,1,2296,1,10200
1923,542,1,89,7,10200
1924,542,1,827,8,10200
1925,542,1,973,4,10200
1926,542,1,1511,1,10200
1927,542,1,726,3,10200
1928,543,1,455,4,10260
1929,543,1,235,4,10260
1930,543,1,47,5,10260
1931,543,1,820,7,10260
1932,543,1,2415,2,10260
1933,544,1,181,4,10320
1934,545,1,1388,10,10320
1935,545,1,2119,2,10320
1936,545,1,9,6,10320
1937,546,1,1041,8,10320
1938,546,1,2360,2,10320
1939,547,1,2273,3,10320
1940,547,1,1395,4,10320
1941,547,1,21,12,10320
1942,547,1,97,8,10320
1943,547,1,38,8,10320
1944,548,1,233,6,10380
1945,548,1,1538,2,10380
1946,548,1,1170,11,10380
1947,548,1,764,6,10380
1948,548,1,34,7,10380
1949,548,1,251,3,10380
1950,549,1,755,6,10380
1951,549,1,121,6,10380
1952,550,1,509,7,10380
1953,550,1,105,11,10380
1954,551,1,293,1,10380
1955,552,1,587,12,10440
1956,553,1,655,6,10440
1957,554,1,1993,2,10440
1958,555,1,60,9,10440
1959,556,1,43,4,10500
1960,556,1,51,6,10500
1961,556,1,216,2,10500
1962,557,1,620,4,10500
1963,557,1,16,4,10500
1964,557,1,53,9,10500
1965,557,1,1901,3,10500
1966,557,1,256,9,10500
1967,558,1,59,6,10500
1968,559,1,1153,2,10500
1969,559,1,281,8,10500
1970,559,1,274,6,10500
1971,560,1,611,7,10500
1972,560,1,805,6,10500
1973,561,1,137,7,10620
1974,562,1,2365,1,10620
1975,562,1,431,7,10620
1976,563,1,107,4,10620
1977,564,1,1876,4,10620
1978,564,1,1088,4,10620
1979,564,1,371,10,10620
1980,564,1,217,2,10620
1981,564,1,463,2,10620
1982,565,1,109,2,10680
1983,565,1,417,6,10680
1984,565,1,1091,5,10680
1985,565,1,461,8,10680
1986,565,1,745,6,10680
1987,565,1,1028,4,10680
1988,566,1,172,2,10680
1989,566,1,240,9,10680
1990,567,1,2050,2,10680
1991,568,1,272,2,10680
1992,569,1,54,7,10680
1993,569,1,32,10,10680
1994,569,1,680,6,10680
1995,569,1,158,2,10680
1996,569,1,172,4,10680
1997,569,1,2504,4,10680
1998,569,1,3140,4,10680
1999,570,1,352,5,10680
2000,570,1,159,7,10680
2001,571,1,437,5,10680
2002,571,1,1166,6,10680
2003,572,1,972,7,10740
2004,572,1,1655,2,10740
2005,573,1,111,6,10740
2006,574,1,183,8,10800
2007,574,1,238,8,10800
2008,574,1,314,6,10800
2009,574,1,405,7,10800
2010,574,1,574,6,10800
2011,575,1,449,4,10800
2012,575,1,20,8,10800
2013,575,1,1711,2,10800
2014,575,1,76,8,10800
2015,575,1,0,4,10800
2016,576,1,187,9,10800
2017,577,1,1093,4,10860
2018,577,1,1749,3,10860
2019,578,1,558,2,10860
2020,579,1,293,9,10860
2021,579,1,296,5,10860
2022,580,1,90,8,10860
2023,580,1,1706,2,10860
2024,580,1,834,8,10860
2025,580,1,2104,3,10860
2026,580,1,1049,2,10860
2027,580,1,67,3,10860
2028,581,1,58,4,10860
2029,581,1,116,9,10860
2030,582,1,689,6,10920
2031,582,1,209,2,10920
2032,582,1,287,3,10920
2033,582,1,223,2,10920
2034,582,1,31,8,10920
2035,582,1,98,12,10920
2036,582,1,1414,4,10920
2037,582,1,10,4,10920
2038,582,1,832,4,10920
2039,582,1,269,6,10920
2040,583,1,1393,4,10920
2041,583,1,0,4,10920
2042,584,1,11,8,10920
2043,584,1,354,8,10920
2044,584,1,249,9,10920
2045,584,1,262,4,10920
2046,584,1,1175,8,10920
2047,584,1,546,9,10920
2048,584,1,1366,2,10920
2049,584,1,2587,2,10920
2050,584,1,932,3,10920
2051,585,1,2790,4,10980
2052,586,1,679,4,11040
2053,587,1,258,3,11040
2054,587,1,91,12,11040
2055,587,1,137,8,11040
2056,587,1,1442,10,11040
2057,588,1,6,7,11040
2058,588,1,197,9,11040
2059,588,1,16,11,11040
2060,589,1,1246,4,11040
2061,589,1,498,8,11040
2062,589,1,984,4,11040
2063,589,1,1171,8,11040
2064,590,1,224,4,11040
2065,591,1,1826,4,11040
2066,591,1,917,7,11040
2067,591,1,261,8,11040
2068,592,1,370,6,11100
2069,592,1,313,4,11100
2070,592,1,1604,2,11100
2071,592,1,613,2,11100
2072,592,1,416,11,11100
2073,593,1,329,8,11100
2074,593,1,450,5,11100
2075,594,1,177,6,11100
2076,595,1,50,8,11100
2077,595,1,33,10,11100
2078,595,1,213,8,11100
2079,595,1,1280,2,11100
2080,595,1,458,7,11100
2081,595,1,99,5,11100
2082,596,1,308,8,11160
2083,596,1,98,4,11160
2084,596,1,20,10,11160
2085,597,1,455,10,11220
2086,598,1,1962,4,11220
2087,598,1,890,3,11220
2088,598,1,649,7,11220
2089,598,1,1965,2,11220
2090,598,1,257,2,11220
2091,599,1,1817,3,11220
2092,599,1,311,3,11220
2093,599,1,277,6,11220
2094,599,1,6,5,11220
2095,599,1,527,10,11220
2096,599,1,562,7,11220
2097,599,1,213,3,11220
2098,599,1,172,4,11220
2099,599,1,27,4,11220
2100,599,1,251,7,11220
2101,600,1,269,6,11220
2102,600,1,159,7,11220
2103,601,1,29,2,11220
2104,601,1,540,3,11220
2105,601,1,13,9,11220
2106,602,1,521,8,11280
2107,602,1,29,5,11280
2108,602,1,146,11,11280
2109,602,1,91,6,11280
2110,602,1,0,8,11280
2111,602,1,30,4,11280
2112,603,1,1,6,11280
2113,603,1,1188,8,11280
2114,603,1,34,6,11280
2115,603,1,20,3,11280
2116,604,1,2334,3,11280
2117,604,1,150,6,11280
2118,604,1,3076,1,11280
2119,604,1,1053,6,11280
2120,605,1,112,6,11280
2121,605,1,435,5,11280
2122,605,1,960,7,11280
2123,605,1,10,8,11280
2124,605,1,197,6,11280
2125,606,1,2989,2,11280
2126,606,1,414,5,11280
2127,606,1,3044,2,11280
2128,607,1,1501,4,11340
2129,608,1,139,8,11400
2130,608,1,844,9,11400
2131,609,1,141,5,11400
2132,609,1,79,9,11400
2133,610,1,15,6,11400
2134,611,1,1406,9,11400
2135,611,1,571,11,11400
2136,611,1,1009,3,11400
2137,611,1,469,8,11400
2138,611,1,386,11,11400
2139,611,1,1013,8,11400
2140,611,1,12,9,11400
2141,611,1,525,5,11400
2142,612,1,2,8,11400
2143,612,1,11,5,11400
2144,612,1,1239,4,11400
2145,613,1,397,12,11400
2146,614,1,1498,2,11460
2147,615,1,2294,4,11460
2148,615,1,73,7,11460
2149,615,1,42,12,11460
2150,615,1,575,4,11460
2151,616,1,3,5,11520
2152,616,1,117,6,11520
2153,616,1,118,6,11520
2154,617,1,1203,8,11520
2155,617,1,2897,3,11520
2156,617,1,1201,3,11520
2157,617,1,0,7,11520
2158,618,1,556,2,11520
2159,619,1,305,8,11520
2160,619,1,58,7,11520
2161,620,1,72,1,11520
2162,620,1,606,4,11520
2163,620,1,28,9,11520
2164,620,1,391,6,11520
2165,620,1,2322,4,11520
2166,620,1,824,6,11520
2167,620,1,999,10,11520
2168,620,1,333,4,11520
2169,620,1,21,10,11520
2170,621,1,293,4,11520
2171,622,1,1661,2,11580
2172,622,1,1273,2,11580
2173,622,1,637,6,11580
2174,623,1,109,9,11580
2175,623,1,1024,2,11580
2176,623,1,5,6,11580
2177,623,1,1752,2,11580
2178,623,1,1847,3,11580
2179,624,1,762,6,11580
2180,625,1,42,5,11640
2181,625,1,1002,6,11640
2182,626,1,3,11,11640
2183,627,1,114,12,11700
2184,628,1,228,10,11760
2185,628,1,1879,4,11760
2186,628,1,866,6,11760
2187,628,1,514,5,11760
2188,628,1,46,8,11760
2189,629,1,160,10,11760
2190,629,1,1346,4,11760
2191,629,1,1520,8,11760
2192,629,1,701,11,11760
2193,629,1,1255,4,11760
2194,629,1,251,2,11760
2195,630,1,379,11,11760
2196,631,1,1500,3,11760
2197,631,1,389,7,11760
2198,631,1,724,10,11760
2199,631,1,354,5,11760
2200,631,1,492,11,11760
2201,632,1,715,6,11760
2202,633,1,45,8,11760
2203,633,1,114,8,11760
2204,634,1,8,9,11760
2205,635,1,7,6,11820
2206,636,1,82,8,11820
2207,636,1,336,9,11820
2208,636,1,352,7,11820
2209,637,1,51,5,11880
2210,638,1,12,5,11880
2211,638,1,367,7,11880
2212,638,1,40,5,11880
2213,639,1,123,10,11940
2214,639,1,755,1,11940
2215,639,1,26,1,11940
2216,639,1,1004,12,11940
2217,639,1,2283,4,11940
2218,639,1,1157,9,11940
2219,639,1,105,2,11940
2220,639,1,3165,2,11940
2221,639,1,160,8,11940
2222,640,1,647,6,11940
2223,640,1,32,2,11940
2224,640,1,604,9,11940
2225,641,1,996,3,11940
2226,641,1,6,6,11940
2227,642,1,1492,1,11940
2228,642,1,178,1,11940
2229,642,1,272,4,11940
2230,643,1,28,3,11940
2231,643,1,74,5,11940
2232,643,1,1,9,11940
2233,643,1,174,9,11940
2234,644,1,659,6,12000
2235,644,1,380,10,12000
2236,645,1,67,2,12000
2237,646,1,2143,2,12000
2238,647,1,1641,12,12000
2239,647,1,2020,3,12000
2240,647,1,232,8,12000
2241,647,1,683,3,12000
2242,647,1,1233,4,12000
2243,648,1,57,9,12000
2244,648,1,8,10,12000
2245,648,1,610,3,12000
2246,649,1,1153,4,12000
2247,649,1,452,2,12000
2248,650,1,2014,2,12000
2249,651,1,99,7,12120
2250,652,1,226,10,12120
2251,653,1,79,7,12120
2252,654,1,20,6,12120
2253,655,1,1922,4,12120
2254,655,1,1338,8,12120
2255,655,1,224,5,12120
2256,655,1,223,4,12120
2257,655,1,94,7,12120
2258,655,1,178,2,12120
2259,656,1,655,11,12180
2260,657,1,929,10,12180
2261,657,1,20,8,12180
2262,658,1,2432,2,12240
2263,658,1,180,10,12240
2264,658,1,637,4,12240
2265,658,1,783,12,12240
2266,659,1,877,9,12240
2267,659,1,1509,10,12240
2268,660,1,6,11,12240
2269,660,1,114,8,12240
2270,660,1,764,1,12240
2271,660,1,491,4,12240
2272,660,1,957,6,12240
2273,661,1,611,3,12240
2274,661,1,180,4,12240
2275,661,1,151,9,12240
2276,661,1,10,8,12240
2277,661,1,1374,12,12240
2278,661,1,25,7,12240
2279,661,1,648,11,12240
2280,662,1,17,2,12240
2281,662,1,241,6,12240
2282,662,1,435,8,12240
2283,662,1,116,8,12240
2284,663,1,2346,2,12300
2285,664,1,2081,2,12300
2286,664,1,398,12,12300
2287,664,1,563,4,12300
2288,665,1,308,5,12300
2289,665,1,912,6,12300
2290,666,1,549,5,12300
2291,666,1,327,11,12300
2292,667,1,434,6,12300
2293,667,1,287,4,12300
2294,667,1,154,10,12300
2295,668,1,722,8,12300
2296,669,1,32,11,12360
2297,670,1,7,4,12360
2298,670,1,2561,2,12360
2299,670,1,130,7,12360
2300,670,1,166,6,12360
2301,670,1,852,6,12360
2302,671,1,18,10,12360
2303,671,1,690,8,12360
2304,671,1,424,12,12360
2305,671,1,3,8,12360
2306,672,1,1464,6,12360
2307,672,1,721,6,12360
2308,672,1,576,12,12360
2309,672,1,5,6,12360
2310,672,1,41,12,12360
2311,673,1,17,8,12420
2312,673,1,1790,2,12420
2313,673,1,118,2,12420
2314,673,1,576,8,12420
2315,673,1,1131,10,12420
2316,674,1,232,6,12420
2317,674,1,410,9,12420
2318,674,1,1454,1,12420
2319,674,1,1360,8,12420
2320,674,1,11,12,12420
2321,674,1,9,4,12420
2322,674,1,73,6,12420
2323,674,1,173,8,12420
2324,674,1,489,8,12420
2325,675,1,940,12,12420
2326,676,1,1651,4,12480
2327,676,1,221,3,12480
2328,677,1,191,7,12480
2329,677,1,1140,12,12480
2330,677,1,4,4,12480
2331,677,1,101,12,12480
2332,677,1,347,4,12480
2333,677,1,1583,10,12480
2334,677,1,60,8,12480
2335,678,1,24,2,12480
2336,678,1,444,2,12480
2337,678,1,478,8,12480
2338,678,1,3,10,12480
2339,678,1,298,12,12480
2340,679,1,5,5,12480
2341,679,1,3,9,12480
2342,680,1,844,12,12480
2343,680,1,4,9,12480
2344,681,1,848,2,12480
2345,681,1,324,11,12480
2346,681,1,17,2,12480
2347,681,1,3,11,12480
2348,681,1,64,6,12480
2349,682,1,256,10,12480
2350,682,1,578,5,12480
2351,683,1,125,4,12480
2352,683,1,334,7,12480
2353,683,1,1,8,12480
2354,683,1,499,8,12480
2355,683,1,1696,3,12480
2356,684,1,81,4,12540
2357,684,1,73,12,12540
2358,685,1,508,4,12540
2359,685,1,116,10,12540
2360,686,1,1052,5,12540
2361,686,1,2018,4,12540
2362,686,1,304,11,12540
2363,686,1,1167,2,12540
2364,686,1,28,2,12540
2365,686,1,1460,2,12540
2366,686,1,788,2,12540
2367,687,1,20,12,12600
2368,687,1,84,5,12600
2369,687,1,363,9,12600
2370,687,1,76,6,12600
2371,687,1,216,10,12600
2372,687,1,139,8,12600
2373,687,1,894,8,12600
2374,688,1,93,6,12600
2375,688,1,43,4,12600
2376,689,1,15,4,12600
2377,689,1,253,7,12600
2378,689,1,3198,2,12600
2379,690,1,504,3,12600
2380,690,1,1753,12,12600
2381,691,1,22,7,12660
2382,692,1,1548,4,12660
2383,693,1,3061,3,12660
2384,694,1,731,2,12660
2385,695,1,1502,1,12720
2386,695,1,68,8,12720
2387,696,1,959,5,12720
2388,697,1,123,8,12720
2389,698,1,821,2,12720
2390,698,1,250,6,12720
2391,698,1,786,3,12720
2392,698,1,164,8,12720
2393,698,1,2913,4,12720
2394,699,1,36,1,12780
2395,699,1,145,9,12780
2396,699,1,342,4,12780
2397,699,1,244,3,12780
2398,699,1,78,11,12780
2399,699,1,2952,1,12780
2400,699,1,771,2,12780
2401,699,1,117,12,12780
2402,699,1,228,9,12780
2403,699,1,246,9,12780
2404,699,1,527,8,12780
2405,699,1,24,6,12780
2406,699,1,28,12,12780
2407,700,1,94,12,12780
2408,700,1,1897,2,12780
2409,701,1,155,6,12780
2410,701,1,1229,9,12780
2411,702,1,1044,9,12780
2412,702,1,30,7,12780
2413,703,1,2229,2,12780
2414,704,1,2449,4,12780
2415,704,1,18,10,12780
2416,705,1,245,9,12840
2417,705,1,382,9,12840
2418,706,1,999,8,12840
2419,706,1,2856,1,12840
2420,706,1,45,10,12840
2421,707,1,894,1,12840
2422,707,1,612,3,12840
2423,707,1,530,6,12840
2424,707,1,1189,4,12840
2425,707,1,105,6,12840
2426,708,1,64,7,12840
2427,709,1,90,8,12840
2428,709,1,3228,1,12840
2429,709,1,638,4,12840
2430,709,1,1184,9,12840
2431,709,1,833,5,12840
2432,710,1,763,6,12840
2433,710,1,347,8,12840
2434,710,1,223,5,12840
2435,710,1,490,10,12840
2436,710,1,104,7,12840
2437,710,1,727,4,12840
2438,710,1,1177,8,12840
2439,710,1,126,6,12840
2440,710,1,168,8,12840
2441,710,1,181,8,12840
2442,710,1,257,8,12840
2443,710,1,419,8,12840
2444,711,1,89,8,12840
2445,712,1,2281,3,12960
2446,713,1,1482,4,12960
2447,713,1,1330,4,12960
2448,714,1,865,3,12960
2449,714,1,108,6,12960
2450,714,1,65,4,12960
2451,714,1,796,5,12960
2452,715,1,76,11,12960
2453,716,1,2673,1,12960
2454,716,1,0,10,12960
2455,717,1,635,4,12960
2456,717,1,427,10,12960
2457,717,1,231,6,12960
2458,718,1,59,11,13020
2459,719,1,5,8,13020
2460,720,1,663,5,13020
2461,721,1,1795,4,13020
2462,722,1,2635,2,13020
2463,723,1,529,12,13080
2464,723,1,2124,2,13080
2465,723,1,170,12,13080
2466,724,1,482,10,13080
2467,724,1,691,4,13080
2468,724,1,309,10,13080
2469,725,1,116,6,13140
2470,725,1,502,8,13140
2471,725,1,1502,4,13140
2472,725,1,380,8,13140
2473,725,1,503,7,13140
2474,725,1,132,10,13140
2475,725,1,78,3,13140
2476,726,1,52,10,13140
2477,727,1,327,10,13140
2478,727,1,720,7,13140
2479,728,1,172,11,13140
2480,728,1,231,4,13140
2481,728,1,173,1,13140
2482,728,1,23,4,13140
2483,729,1,76,8,13140
2484,730,1,1112,2,13200
2485,730,1,1344,10,13200
2486,730,1,114,8,13200
2487,730,1,2560,3,13200
2488,731,1,152,9,13200
2489,732,1,1124,11,13260
2490,733,1,200,5,13260
2491,733,1,169,6,13260
2492,734,1,814,7,13260
2493,734,1,792,3,13260
2494,734,1,1159,3,13260
2495,735,1,109,1,13260
2496,736,1,1833,3,13260
2497,737,1,307,8,13320
2498,738,1,15,8,13320
2499,738,1,77,6,13320
2500,738,1,824,7,13320
2501,738,1,2669,2,13320
2502,738,1,3,7,13320
2503,738,1,1152,9,13320
2504,738,1,312,10,13320
2505,738,1,676,2,13320
2506,738,1,2259,2,13320
2507,738,1,892,1,13320
2508,738,1,88,10,13320
2509,738,1,501,2,13320
2510,738,1,1536,6,13320
2511,738,1,326,10,13320
2512,739,1,10,8,13320
2513,740,1,938,12,13380
2514,740,1,473,9,13380
2515,740,1,2693,3,13380
2516,741,1,1005,10,13380
2517,742,1,492,8,13440
2518,743,1,311,3,13440
2519,743,1,61,4,13440
2520,743,1,634,10,13440
2521,743,1,1915,4,13440
2522,743,1,141,8,13440
2523,743,1,881,7,13440
2524,743,1,714,8,13440
2525,743,1,3112,2,13440
2526,743,1,1848,3,13440
2527,743,1,96,10,13440
2528,743,1,2017,2,13440
2529,744,1,133,4,13440
2530,744,1,1367,6,13440
2531,744,1,279,4,13440
2532,744,1,3216,2,13440
2533,745,1,840,4,13440
2534,745,1,513,5,13440
2535,745,1,508,9,13440
2536,745,1,564,10,13440
2537,745,1,195,5,13440
2538,746,1,935,4,13440
2539,746,1,687,3,13440
2540,747,1,139,8,13500
2541,747,1,38,1,13500
2542,747,1,473,11,13500
2543,748,1,2318,2,13560
2544,749,1,475,9,13560
2545,749,1,92,12,13560
2546,749,1,1563,3,13560
2547,749,1,347,11,13560
2548,749,1,99,7,13560
2549,749,1,60,2,13560
2550,749,1,359,4,13560
2551,749,1,179,3,13560
2552,749,1,1794,3,13560
2553,749,1,255,2,13560
2554,749,1,17,5,13560
2555,749,1,8,10,13560
2556,749,1,2830,2,13560
2557,750,1,1908,4,13560
2558,751,1,806,2,13560
2559,751,1,758,10,13560
2560,751,1,80,8,13560
2561,751,1,10,6,13560
2562,751,1,2350,2,13560
2563,752,1,31,11,13560
2564,752,1,34,9,13560
2565,752,1,42,5,13560
2566,753,1,1291,4,13620
2567,753,1,2762,2,13620
2568,753,1,306,7,13620
2569,753,1,318,3,13620
2570,753,1,4,1,13620
2571,754,1,44,8,13620
2572,754,1,13,7,13620
2573,755,1,82,11,13620
2574,755,1,3252,3,13620
2575,755,1,205,11,13620
2576,755,1,1147,6,13620
2577,755,1,2,2,13620
2578,755,1,124,5,13620
2579,755,1,1144,3,13620
2580,755,1,52,8,13620
2581,755,1,856,12,13620
2582,755,1,2118,2,13620
2583,755,1,2291,2,13620
2584,755,1,130,10,13620
2585,755,1,38,4,13620
2586,755,1,2292,3,13620
2587,756,1,164,4,13680
2588,756,1,258,4,13680
2589,756,1,1207,9,13680
2590,756,1,206,11,13680
2591,757,1,1374,6,13740
2592,757,1,2170,2,13740
2593,757,1,9,6,13740
2594,757,1,50,6,13740
2595,757,1,244,6,13740
2596,758,1,16,2,13800
2597,758,1,668,12,13800
2598,758,1,695,6,13800
2599,758,1,310,8,13800
2600,758,1,2800,1,13800
2601,759,1,646,4,13800
2602,760,1,142,6,13800
2603,761,1,555,8,13800
2604,761,1,306,6,13800
2605,761,1,71,3,13800
2606,762,1,372,4,13860
2607,762,1,6,4,13860
2608,762,1,547,7,13860
2609,762,1,111,8,13860
2610,762,1,59,6,13860
2611,762,1,2873,2,13860
2612,763,1,2526,4,13920
2613,764,1,35,4,13920
2614,764,1,293,5,13920
2615,764,1,2567,2,13920
2616,764,1,419,10,13920
2617,764,1,45,6,13920
2618,765,1,238,2,13980
2619,766,1,1332,3,13980
2620,767,1,1352,9,14040
2621,768,1,41,8,14040
2622,768,1,378,5,14040
2623,769,1,360,10,14040
2624,770,1,306,6,14100
2625,770,1,383,4,14100
2626,770,1,14,10,14100
2627,770,1,1215,6,14100
2628,770,1,17,4,14100
2629,770,1,2,1,14100
2630,771,1,254,8,14160
2631,771,1,226,6,14160
2632,771,1,91,10,14160
2633,771,1,2742,2,14160
2634,771,1,2094,1,14160
2635,771,1,1196,6,14160
2636,771,1,2820,3,14160
2637,772,1,149,5,14160
2638,773,1,698,5,14160
2639,773,1,343,5,14160
2640,773,1,2659,2,14160
2641,773,1,423,6,14160
2642,774,1,784,8,14220
2643,775,1,144,8,14220
2644,775,1,204,1,14220
2645,775,1,354,9,14220
2646,776,1,227,7,14220
2647,776,1,723,3,14220
2648,776,1,2146,2,14220
2649,776,1,167,10,14220
2650,776,1,326,6,14220
2651,776,1,177,4,14220
2652,776,1,2130,2,14220
2653,777,1,22,7,14220
2654,777,1,21,1,14220
2655,777,1,54,7,14220
2656,777,1,128,8,14220
2657,777,1,2940,3,14220
2658,777,1,160,6,14220
2659,777,1,543,4,14220
2660,778,1,2,2,14220
2661,778,1,1026,4,14220
2662,778,1,12,5,14220
2663,778,1,348,9,14220
2664,778,1,1014,6,14220
2665,778,1,821,6,14220
2666,778,1,836,9,14220
2667,779,1,233,12,14220
2668,780,1,596,12,14280
2669,781,1,1,4,14280
2670,781,1,1224,10,14280
2671,781,1,47,8,14280
2672,782,1,80,6,14280
2673,782,1,923,1,14280
2674,782,1,413,10,14280
2675,782,1,99,2,14280
2676,782,1,740,10,14280
2677,782,1,617,3,14280
2678,783,1,10,6,14400
2679,783,1,1394,10,14400
2680,784,1,86,10,14460
2681,784,1,425,4,14460
2682,784,1,74,7,14460
2683,785,1,290,6,14460
2684,785,1,1423,10,14460
2685,785,1,1165,2,14460
2686,785,1,665,2,14460
2687,785,1,1837,3,14460
2688,786,1,182,8,14460
2689,786,1,98,10,14460
2690,786,1,1803,1,14460
2691,786,1,213,5,14460
2692,786,1,527,4,14460
2693,787,1,54,10,14460
2694,788,1,496,6,14460
2695,788,1,153,4,14460
2696,789,1,43,5,14520
2697,789,1,473,2,14520
2698,789,1,2010,6,14520
2699,789,1,2472,4,14520
2700,789,1,1412,8,14520
2701,790,1,258,5,14520
2702,790,1,57,10,14520
2703,791,1,133,10,14520
2704,792,1,1717,2,14520
2705,792,1,205,2,14520
2706,792,1,22,10,14520
2707,793,1,2685,4,14580
2708,793,1,250,10,14580
2709,793,1,265,5,14580
2710,793,1,1946,4,14580
2711,793,1,1576,4,14580
2712,793,1,15,9,14580
2713,793,1,33,8,14580
2714,793,1,2836,4,14580
2715,793,1,1628,6,14580
2716,793,1,1,6,14580
2717,793,1,327,3,14580
2718,793,1,86,6,14580
2719,794,1,944,2,14580
2720,794,1,2828,1,14580
2721,794,1,67,2,14580
2722,794,1,320,7,14580
2723,794,1,21,4,14580
2724,794,1,6,6,14580
2725,795,1,115,8,14580
2726,795,1,149,11,14580
2727,795,1,245,12,14580
2728,795,1,1378,8,14580
2729,795,1,1,10,14580
2730,795,1,1059,6,14580
2731,795,1,4,3,14580
2732,795,1,2114,4,14580
2733,795,1,306,2,14580
2734,795,1,1529,2,14580
2735,795,1,74,4,14580
2736,796,1,1158,11,14580
2737,796,1,1641,10,14580
2738,796,1,482,6,14580
2739,796,1,878,5,14580
2740,796,1,307,7,14580
2741,796,1,120,10,14580
2742,796,1,917,9,14580
2743,796,1,121,11,14580
2744,797,1,1523,4,14580
2745,798,1,67,10,14580
2746,798,1,335,4,14580
2747,798,1,315,2,14580
2748,798,1,7,10,14580
2749,798,1,754,8,14580
2750,798,1,378,6,14580
2751,799,1,849,4,14580
2752,800,1,2514,2,14640
2753,800,1,65,10,14640
2754,801,1,31,11,14640
2755,801,1,77,3,14640
2756,801,1,498,8,14640
2757,801,1,385,6,14640
2758,801,1,36,5,14640
2759,802,1,254,2,14640
2760,803,1,42,10,14700
2761,803,1,6,8,14700
2762,803,1,326,8,14700
2763,804,1,470,11,14760
2764,805,1,984,2,14760
2765,806,1,522,7,14760
2766,807,1,14,3,14760
2767,807,1,268,8,14760
2768,807,1,137,2,14760
2769,807,1,27,5,14760
2770,807,1,827,6,14760
2771,807,1,2254,2,14760
2772,807,1,199,3,14760
2773,807,1,2362,2,14760
2774,807,1,83,10,14760
2775,807,1,844,10,14760
2776,808,1,162,5,14820
2777,808,1,1261,3,14820
2778,808,1,161,4,14820
2779,808,1,490,4,14820
2780,809,1,1208,4,14880
2781,809,1,7,5,14880
2782,809,1,328,8,14880
2783,809,1,1090,4,14880
2784,809,1,532,2,14880
2785,809,1,206,1,14880
2786,809,1,902,10,14880
2787,809,1,128,5,14880
2788,809,1,54,2,14880
2789,810,1,2801,1,14880
2790,810,1,105,4,14880
2791,810,1,38,7,14880
2792,811,1,4,2,14880
2793,811,1,1007,7,14880
2794,812,1,684,6,14940
2795,813,1,9,8,14940
2796,813,1,334,10,14940
2797,813,1,273,6,14940
2798,814,1,1732,2,14940
2799,814,1,56,3,14940
2800,814,1,830,4,14940
2801,814,1,255,2,14940
2802,814,1,912,11,14940
2803,814,1,158,2,14940
2804,814,1,318,6,14940
2805,815,1,995,12,14940
2806,815,1,182,8,14940
2807,816,1,21,4,14940
2808,817,1,304,4,14940
2809,818,1,154,6,15000
2810,819,1,64,7,15000
2811,819,1,450,2,15000
2812,819,1,10,6,15000
2813,819,1,606,2,15000
2814,820,1,503,7,15000
2815,821,1,1349,3,15000
2816,821,1,838,4,15000
2817,822,1,1848,2,15000
2818,822,1,104,8,15000
2819,822,1,220,11,15000
2820,822,1,22,9,15000
2821,822,1,80,10,15000
2822,822,1,2439,2,15000
2823,823,1,299,6,15060
2824,824,1,38,9,15060
2825,824,1,0,6,15060
2826,824,1,1192,1,15060
2827,824,1,2,8,15060
2828,824,1,1,1,15060
2829,824,1,2213,3,15060
2830,824,1,3217,3,15060
2831,825,1,34,4,15060
2832,826,1,589,8,15120
2833,827,1,815,6,15120
2834,827,1,1318,6,15120
2835,827,1,3252,3,15120
2836,828,1,2,8,15120
2837,828,1,284,2,15120
2838,828,1,56,4,15120
2839,829,1,330,10,15120
2840,829,1,458,5,15120
2841,830,1,794,2,15180
2842,830,1,29,7,15180
2843,831,1,382,7,15180
2844,831,1,1960,3,15180
2845,831,1,1165,2,15180
2846,831,1,659,3,15180
2847,832,1,2118,2,15180
2848,832,1,0,6,15180
2849,832,1,1237,2,15180
2850,833,1,838,3,15240
2851,833,1,1047,10,15240
2852,833,1,901,8,15240
2853,833,1,161,6,15240
2854,833,1,35,10,15240
2855,833,1,50,12,15240
2856,833,1,199,8,15240
2857,833,1,124,10,15240
2858,833,1,134,6,15240
2859,834,1,190,11,15240
2860,834,1,354,7,15240
2861,835,1,924,7,15240
2862,835,1,221,2,15240
2863,835,1,433,12,15240
2864,836,1,1039,4,15240
2865,836,1,2711,4,15240
2866,837,1,2467,2,15300
2867,838,1,1710,2,15300
2868,839,1,83,5,15300
2869,839,1,362,8,15300
2870,840,1,227,6,15360
2871,841,1,1914,2,15360
2872,842,1,343,10,15360
2873,843,1,430,6,15360
2874,843,1,237,4,15360
2875,843,1,3,1,15360
2876,844,1,680,4,15420
2877,845,1,905,2,15420
2878,845,1,539,12,15420
2879,845,1,73,4,15420
2880,846,1,402,10,15480
2881,846,1,56,4,15480
2882,846,1,266,8,15480
2883,846,1,345,8,15480
2884,846,1,19,5,15480
2885,847,1,5,2,15480
2886,848,1,42,3,15600
2887,848,1,26,4,15600
2888,848,1,1,7,15600
2889,848,1,2221,2,15600
2890,849,1,534,9,15600
2891,849,1,69,12,15600
2892,850,1,2498,4,15600
2893,850,1,48,8,15600
2894,850,1,132,10,15600
2895,851,1,306,10,15660
2896,851,1,322,4,15660
2897,851,1,830,10,15660
2898,852,1,1075,10,15660
2899,852,1,118,10,15660
2900,852,1,472,8,15660
2901,853,1,44,2,15660
2902,853,1,112,5,15660
2903,853,1,1307,8,15660
2904,854,1,1688,3,15720
2905,855,1,101,8,15720
2906,855,1,784,7,15720
2907,855,1,2057,2,15720
2908,855,1,166,7,15720
2909,856,1,3,3,15720
2910,857,1,184,6,15720
2911,857,1,390,5,15720
2912,857,1,106,6,15720
2913,857,1,3201,1,15720
2914,857,1,24,10,15720
2915,857,1,1186,1,15720
2916,857,1,160,5,15720
2917,857,1,743,5,15720
2918,858,1,1,8,15780
2919,858,1,50,11,15780
2920,858,1,424,11,15780
2921,858,1,2060,2,15780
2922,858,1,1473,3,15780
2923,858,1,475,4,15780
2924,858,1,628,6,15780
2925,858,1,385,4,15780
2926,859,1,337,8,15780
2927,860,1,36,10,15780
2928,860,1,15,8,15780
2929,860,1,67,11,15780
2930,860,1,2011,4,15780
2931,860,1,261,2,15780
2932,860,1,506,6,15780
2933,861,1,1820,3,15780
2934,862,1,286,5,15780
2935,862,1,1213,4,15780
2936,863,1,204,8,15840
2937,863,1,80,10,15840
2938,863,1,81,10,15840
2939,863,1,99,11,15840
2940,863,1,323,6,15840
2941,864,1,171,6,15840
2942,865,1,1708,2,15840
2943,866,1,68,8,15840
2944,866,1,838,10,15840
2945,866,1,8,8,15840
2946,866,1,272,2,15840
2947,867,1,13,6,15900
2948,867,1,416,3,15900
2949,868,1,179,10,15900
2950,868,1,333,2,15900
2951,868,1,218,4,15900
2952,868,1,32,2,15900
2953,868,1,263,7,15900
2954,868,1,667,5,15900
2955,868,1,351,6,15900
2956,868,1,344,8,15900
2957,868,1,2133,2,15900
2958,868,1,2830,3,15900
2959,868,1,267,11,15900
2960,868,1,435,10,15900
2961,868,1,181,7,15900
2962,868,1,1135,7,15900
2963,868,1,42,10,15900
2964,869,1,1155,8,15960
2965,870,1,543,10,15960
2966,870,1,2194,3,15960
2967,871,1,849,8,15960
2968,871,1,208,10,15960
2969,871,1,602,10,15960
2970,871,1,74,6,15960
2971,872,1,94,8,15960
2972,872,1,262,2,15960
2973,873,1,29,8,15960
2974,874,1,1793,2,15960
2975,875,1,1000,3,16020
2976,875,1,145,4,16020
2977,875,1,210,2,16020
2978,875,1,1641,10,16020
2979,875,1,165,11,16020
2980,876,1,208,2,16020
2981,876,1,1947,2,16020
2982,876,1,874,2,16020
2983,876,1,519,6,16020
2984,877,1,1689,1,16020
2985,877,1,1285,8,16020
2986,877,1,69,2,16020
2987,877,1,507,10,16020
2988,877,1,639,6,16020
2989,878,1,0,6,16020
2990,879,1,613,8,16020
2991,879,1,1724,11,16020
2992,880,1,836,9,16020
2993,880,1,900,7,16020
2994,880,1,12,1,16020
2995,881,1,48,7,16020
2996,881,1,2291,2,16020
2997,882,1,1086,7,16020
2998,882,1,298,4,16020
2999,883,1,393,6,16020
3000,883,1,416,9,16020
3001,883,1,2190,2,16020
3002,883,1,4,6,16020
3003,883,1,496,10,16020
3004,883,1,2756,3,16020
3005,883,1,237,9,16020
3006,883,1,1863,3,16020
3007,884,1,783,7,16080
3008,884,1,1690,2,16080
3009,885,1,71,5,16080
3010,885,1,87,6,16080
3011,885,1,0,12,16080
3012,885,1,49,4,16080
3013,886,1,3246,2,16080
3014,887,1,193,3,16080
3015,887,1,479,8,16080
3016,887,1,1593,2,16080
3017,887,1,1615,3,16080
3018,887,1,1232,4,16080
3019,887,1,1301,2,16080
3020,887,1,1997,3,16080
3021,887,1,220,12,16080
3022,887,1,581,6,16080
3023,888,1,411,5,16080
3024,889,1,1282,1,16140
3025,890,1,259,6,16140
3026,890,1,174,7,16140
3027,891,1,140,8,16140
3028,891,1,213,8,16140
3029,891,1,634,10,16140
3030,891,1,103,9,16140
3031,891,1,1521,2,16140
3032,892,1,1683,2,16140
3033,892,1,312,9,16140
3034,893,1,343,10,16140
3035,893,1,91,8,16140
3036,893,1,156,8,16140
3037,893,1,1244,8,16140
3038,893,1,107,9,16140
3039,894,1,571,8,16200
3040,894,1,251,4,16200
3041,895,1,1421,12,16200
3042,896,1,1581,1,16200
3043,896,1,165,4,16200
3044,897,1,15,5,16200
3045,898,1,1085,12,16260
3046,898,1,40,8,16260
3047,898,1,184,7,16260
3048,899,1,228,2,16260
3049,900,1,1675,2,16260
3050,900,1,4,8,16260
3051,901,1,39,8,16320
3052,901,1,70,2,16320
3053,902,1,372,4,16320
3054,902,1,133,3,16320
3055,903,1,435,6,16320
3056,903,1,193,10,16320
3057,903,1,17,6,16320
3058,903,1,167,12,16320
3059,904,1,94,2,16380
3060,905,1,56,9,16380
3061,906,1,340,8,16440
3062,906,1,297,6,16440
3063,906,1,93,7,16440
3064,906,1,405,5,16440
3065,907,1,1704,2,16440
3066,907,1,2734,3,16440
3067,907,1,1657,2,16440
3068,908,1,1511,3,16440
3069,909,1,649,4,16440
3070,910,1,2423,3,16440
3071,910,1,1819,2,16440
3072,910,1,10,7,16440
3073,911,1,13,1,16440
3074,911,1,2549,2,16440
3075,912,1,106,10,16440
3076,913,1,157,7,16500
3077,914,1,58,10,16500
3078,915,1,139,6,16500
3079,916,1,95,2,16500
3080,917,1,154,6,16500
3081,917,1,2406,4,16500
3082,917,1,247,4,16500
3083,917,1,397,5,16500
3084,917,1,230,4,16500
3085,917,1,1,6,16500
3086,918,1,2171,2,16500
3087,919,1,2737,2,16560
3088,920,1,1004,6,16560
3089,921,1,277,8,16620
3090,921,1,8,6,16620
3091,921,1,787,7,16620
3092,922,1,1436,4,16620
3093,922,1,61,6,16620
3094,922,1,122,7,16620
3095,922,1,185,8,16620
3096,923,1,2118,3,16620
3097,923,1,2544,2,16620
3098,923,1,1963,3,16620
3099,924,1,871,4,16620
3100,924,1,160,7,16620
3101,924,1,812,6,16620
3102,925,1,1711,3,16680
3103,925,1,1701,10,16680
3104,925,1,274,10,16680
3105,925,1,156,12,16680
3106,925,1,43,4,16680
3107,925,1,145,2,16680
3108,925,1,70,6,16680
3109,925,1,7,4,16680
3110,926,1,96,8,16680
3111,927,1,51,6,16680
3112,928,1,643,11,16680
3113,928,1,2056,2,16680
3114,929,1,329,4,16680
3115,929,1,178,6,16680
3116,930,1,36,5,16740
3117,930,1,1615,2,16740
3118,931,1,2602,3,16740
3119,931,1,1031,6,16740
3120,931,1,2721,2,16740
3121,931,1,14,6,16740
3122,932,1,1296,6,16740
3123,932,1,11,7,16740
3124,932,1,2678,1,16740
3125,932,1,255,12,16740
3126,932,1,6,8,16740
3127,933,1,584,12,16740
3128,933,1,438,6,16740
3129,933,1,382,12,16740
3130,934,1,23,8,16800
3131,934,1,276,5,16800
3132,934,1,246,7,16800
3133,935,1,1264,12,16800
3134,936,1,221,8,16800
3135,936,1,196,12,16800
3136,936,1,527,4,16800
3137,936,1,280,9,16800
3138,936,1,2810,2,16800
3139,937,1,1080,6,16860
3140,938,1,216,3,16860
3141,939,1,1351,9,16860
3142,939,1,292,7,16860
3143,939,1,803,7,16860
3144,940,1,2443,2,16920
3145,941,1,18,4,16920
3146,941,1,453,8,16920
3147,942,1,601,8,16920
3148,942,1,26,4,16920
3149,942,1,534,4,16920
3150,943,1,243,5,16980
3151,944,1,155,6,16980
3152,944,1,283,6,16980
3153,944,1,33,4,16980
3154,945,1,88,4,16980
3155,945,1,352,9,16980
3156,946,1,276,4,17040
3157,946,1,465,6,17040
3158,946,1,262,6,17040
3159,946,1,1961,4,17040
3160,947,1,119,8,17040
3161,947,1,349,8,17040
3162,948,1,927,4,17040
3163,948,1,372,2,17040
3164,948,1,16,6,17040
3165,948,1,13,12,17040
3166,949,1,1693,3,17040
3167,949,1,1549,2,17040
3168,950,1,1247,12,17040
3169,951,1,108,7,17100
3170,951,1,437,2,17100
3171,951,1,300,6,17100
3172,951,1,1922,4,17100
3173,951,1,1456,12,17100
3174,951,1,2,3,17100
3175,951,1,2543,3,17100
3176,951,1,10,7,17100
3177,951,1,362,12,17100
3178,952,1,141,8,17100
3179,952,1,838,8,17100
3180,952,1,132,8,17100
3181,952,1,922,6,17100
3182,952,1,79,8,17100
3183,952,1,733,2,17100
3184,952,1,462,12,17100
3185,952,1,15,10,17100
3186,952,1,1598,7,17100
3187,953,1,135,6,17100
3188,953,1,258,4,17100
3189,954,1,55,9,17160
3190,954,1,10,2,17160
3191,955,1,1587,2,17160
3192,955,1,73,1,17160
3193,955,1,477,2,17160
3194,955,1,14,4,17160
3195,955,1,97,5,17160
3196,955,1,2166,2,17160
3197,956,1,609,5,17220
3198,956,1,2517,3,17220
3199,956,1,45,6,17220
3200,957,1,1978,2,17220
3201,957,1,688,10,17220
3202,957,1,1660,2,17220
3203,958,1,32,3,17220
3204,958,1,2770,3,17220
3205,959,1,78,10,17220
3206,959,1,574,6,17220
3207,959,1,147,3,17220
3208,959,1,822,2,17220
3209,959,1,134,6,17220
3210,960,1,150,2,17280
3211,960,1,17,4,17280
3212,960,1,1326,5,17280
3213,960,1,218,2,17280
3214,960,1,2144,3,17280
3215,960,1,1235,4,17280
3216,960,1,1262,7,17280
3217,960,1,650,4,17280
3218,960,1,1344,4,17280
3219,960,1,351,2,17280
3220,961,1,269,12,17340
3221,961,1,1076,2,17340
3222,961,1,1327,6,17340
3223,962,1,287,11,17340
3224,963,1,672,2,17340
3225,963,1,911,8,17340
3226,964,1,1,8,17400
3227,964,1,18,8,17400
3228,965,1,2454,4,17400
3229,965,1,397,12,17400
3230,966,1,1797,3,17400
3231,966,1,364,6,17400
3232,966,1,201,10,17400
3233,967,1,34,7,17460
3234,968,1,1853,8,17460
3235,968,1,139,10,17460
3236,968,1,384,10,17460
3237,969,1,1137,8,17460
3238,970,1,2395,2,17460
3239,970,1,434,8,17460
3240,970,1,366,4,17460
3241,970,1,904,4,17460
3242,970,1,573,4,17460
3243,970,1,1195,6,17460
3244,971,1,24,1,17580
3245,972,1,453,7,17580
3246,972,1,339,5,17580
3247,973,1,1,9,17640
3248,973,1,1590,2,17640
3249,973,1,524,2,17640
3250,974,1,1426,3,17640
3251,975,1,1535,4,17640
3252,975,1,656,10,17640
3253,975,1,288,7,17640
3254,976,1,580,8,17700
3255,976,1,61,8,17700
3256,976,1,500,8,17700
3257,976,1,421,6,17700
3258,977,1,910,12,17700
3259,977,1,1622,3,17700
3260,977,1,255,2,17700
3261,977,1,1952,2,17700
3262,978,1,470,10,17700
3263,978,1,147,3,17700
3264,979,1,596,7,17760
3265,979,1,18,8,17760
3266,979,1,154,3,17760
3267,979,1,664,6,17760
3268,980,1,50,1,17760
3269,980,1,295,12,17760
3270,980,1,2697,2,17760
3271,980,1,200,2,17760
3272,980,1,1845,4,17760
3273,980,1,1020,3,17760
3274,981,1,268,11,17760
3275,981,1,1582,6,17760
3276,981,1,3051,2,17760
3277,982,1,680,2,17820
3278,983,1,2760,3,17820
3279,983,1,100,7,17820
3280,984,1,1897,2,17820
3281,984,1,1442,3,17820
3282,984,1,22,8,17820
3283,985,1,334,12,17820
3284,985,1,86,1,17820
3285,985,1,882,5,17820
3286,985,1,262,4,17820
3287,985,1,2045,2,17820
3288,985,1,537,11,17820
3289,985,1,3051,1,17820
3290,985,1,1728,1,17820
3291,985,1,902,3,17820
3292,986,1,478,7,17820
3293,986,1,1646,2,17820
3294,986,1,1270,7,17820
3295,986,1,135,4,17820
3296,987,1,0,4,17880
3297,987,1,1618,9,17880
3298,987,1,36,4,17880
3299,987,1,254,2,17880
3300,987,1,470,10,17880
3301,988,1,199,5,17880
3302,988,1,24,6,17880
3303,988,1,606,2,17880
3304,989,1,36,2,17940
3305,989,1,550,4,17940
3306,989,1,86,10,17940
3307,989,1,1785,2,17940
3308,989,1,3041,1,17940
3309,989,1,9,8,17940
3310,989,1,674,4,17940
3311,990,1,301,6,17940
3312,990,1,2,8,17940
3313,990,1,145,2,17940
3314,990,1,42,4,17940
3315,990,1,2012,4,17940
3316,990,1,2159,1,17940
3317,990,1,371,7,17940
3318,991,1,427,9,17940
3319,991,1,457,10,17940
3320,991,1,64,4,17940
3321,991,1,241,6,17940
3322,992,1,69,4,17940
3323,993,1,157,10,18000
3324,993,1,385,10,18000
3325,993,1,1,5,18000
3326,993,1,183,2,18000
3327,993,1,256,4,18000
3328,993,1,533,5,18000
3329,993,1,813,7,18000
3330,994,1,923,4,18000
3331,994,1,177,2,18000
3332,994,1,161,10,18000
3333,995,1,1537,10,18000
3334,996,1,58,8,18000
3335,996,1,30,8,18000
3336,996,1,266,4,18000
3337,997,1,246,8,18060
3338,997,1,156,9,18060
3339,997,1,233,6,18060
3340,997,1,34,6,18060
3341,997,1,37,6,18060
3342,998,1,2539,2,18120
3343,998,1,2487,2,18120
3344,998,1,1126,1,18120
3345,998,1,50,11,18120
3346,998,1,0,6,18120
3347,998,1,1435,10,18120
3348,999,1,1,4,18120
3349,1000,1,106,4,18180
3350,1000,1,598,7,18180
3351,1000,1,65,6,18180
3352,1001,1,15,8,18180
3353,1002,1,10,12,18240
3354,1003,1,168,8,18240
3355,1003,1,1884,2,18240
3356,1003,1,1118,9,18240
3357,1003,1,517,6,18240
3358,1004,1,259,4,18300
3359,1005,1,1809,4,18300
3360,1005,1,1990,4,18300
3361,1006,1,181,1,18300
3362,1006,1,162,8,18300
3363,1006,1,6,4,18300
3364,1006,1,917,5,18300
3365,1006,1,326,6,18300
3366,1007,1,1335,5,18300
3367,1007,1,1414,1,18300
3368,1007,1,1975,3,18300
3369,1007,1,421,12,18300
3370,1007,1,2580,2,18300
3371,1007,1,95,6,18300
3372,1007,1,398,6,18300
3373,1007,1,97,11,18300
3374,1007,1,765,4,18300
3375,1007,1,129,10,18300
3376,1007,1,58,7,18300
3377,1007,1,1712,4,18300
3378,1007,1,664,2,18300
3379,1007,1,968,5,18300
3380,1007,1,43,4,18300
3381,1008,1,148,9,18300
3382,1009,1,248,2,18420
3383,1010,1,21,5,18480
3384,1010,1,150,9,18480
3385,1010,1,718,8,18480
3386,1010,1,196,1,18480
3387,1010,1,842,6,18480
3388,1011,1,19,9,18480
3389,1012,1,2666,4,18480
3390,1012,1,126,12,18480
3391,1013,1,34,10,18480
3392,1014,1,18,4,18540
3393,1014,1,99,2,18540
3394,1015,1,541,4,18540
3395,1015,1,288,2,18540
3396,1016,1,499,10,18540
3397,1016,1,632,7,18540
3398,1016,1,14,5,18540
3399,1017,1,224,4,18540
3400,1017,1,52,6,18540
3401,1017,1,179,12,18540
3402,1017,1,1959,4,18540
3403,1017,1,641,4,18540
3404,1017,1,706,10,18540
3405,1017,1,7,3,18540
3406,1017,1,34,6,18540
3407,1017,1,1599,4,18540
3408,1017,1,66,9,18540
3409,1017,1,373,10,18540
3410,1017,1,424,6,18540
3411,1017,1,1285,4,18540
3412,1017,1,399,2,18540
3413,1018,1,2057,3,18600
3414,1018,1,1697,3,18600
3415,1019,1,1499,1,18600
3416,1019,1,647,7,18600
3417,1019,1,2967,2,18600
3418,1020,1,302,9,18600
3419,1020,1,2497,3,18600
3420,1020,1,425,4,18600
3421,1020,1,78,6,18600
3422,1020,1,138,12,18600
3423,1021,1,1161,1,18600
3424,1022,1,162,9,18600
3425,1022,1,370,11,18600
3426,1022,1,157,6,18600
3427,1022,1,1328,4,18600
3428,1022,1,171,8,18600
3429,1022,1,60,8,18600
3430,1022,1,19,11,18600
3431,1022,1,503,10,18600
3432,1022,1,646,6,18600
3433,1022,1,102,6,18600
3434,1022,1,1479,4,18600
3435,1022,1,61,5,18600
3436,1022,1,54,10,18600
3437,1023,1,85,8,18660
3438,1024,1,1,2,18660
3439,1025,1,1035,2,18720
3440,1025,1,185,2,18720
3441,1025,1,169,6,18720
3442,1026,1,506,9,18720
3443,1026,1,826,3,18720
3444,1026,1,172,8,18720
3445,1026,1,1682,4,18720
3446,1026,1,205,8,18720
3447,1027,1,340,6,18720
3448,1028,1,1343,3,18780
3449,1029,1,488,3,18780
3450,1029,1,158,3,18780
3451,1030,1,1060,2,18840
3452,1031,1,285,5,18840
3453,1032,1,872,10,18840
3454,1032,1,25,12,18840
3455,1032,1,643,7,18840
3456,1032,1,13,10,18840
3457,1032,1,114,10,18840
3458,1032,1,5,6,18840
3459,1032,1,16,2,18840
3460,1032,1,636,5,18840
3461,1032,1,9,3,18840
3462,1032,1,287,4,18840
3463,1033,1,2793,4,18840
3464,1034,1,70,11,18900
3465,1034,1,6,2,18900
3466,1034,1,50,9,18900
3467,1034,1,469,6,18900
3468,1034,1,536,10,18900
3469,1035,1,199,8,18900
3470,1036,1,22,4,18900
3471,1036,1,139,10,18900
3472,1037,1,382,4,18900
3473,1037,1,808,10,18900
3474,1037,1,100,10,18900
3475,1037,1,360,12,18900
3476,1037,1,23,4,18900
3477,1037,1,1864,1,18900
3478,1037,1,578,8,18900
3479,1037,1,315,5,18900
3480,1037,1,12,4,18900
3481,1037,1,621,4,18900
3482,1037,1,118,1,18900
3483,1037,1,1076,2,18900
3484,1037,1,283,6,18900
3485,1037,1,234,6,18900
3486,1037,1,4,9,18900
3487,1038,1,20,5,18960
3488,1039,1,10,5,18960
3489,1040,1,17,6,18960
3490,1040,1,230,5,18960
3491,1041,1,247,6,18960
3492,1041,1,101,4,18960
3493,1041,1,254,8,18960
3494,1041,1,526,6,18960
3495,1041,1,121,5,18960
3496,1042,1,512,3,18960
3497,1042,1,2617,4,18960
3498,1043,1,2345,2,18960
3499,1043,1,423,7,18960
3500,1043,1,290,8,18960
3501,1043,1,10,3,18960
3502,1044,1,12,10,18960
3503,1044,1,408,7,18960
3504,1044,1,4,10,18960
3505,1044,1,17,11,18960
3506,1045,1,3007,2,18960
3507,1045,1,34,9,18960
3508,1046,1,317,11,19020
3509,1046,1,725,8,19020
3510,1046,1,1081,4,19020
3511,1046,1,493,4,19020
3512,1047,1,164,8,19020
3513,1047,1,1593,2,19020
3514,1047,1,9,7,19020
3515,1047,1,1796,2,19020
3516,1047,1,101,8,19020
3517,1047,1,124,6,19020
3518,1047,1,47,9,19020
3519,1047,1,1332,2,19020
3520,1047,1,20,7,19020
3521,1048,1,8,3,19020
3522,1048,1,2291,2,19020
3523,1048,1,1985,2,19020
3524,1048,1,77,3,19020
3525,1049,1,675,8,19080
3526,1050,1,487,8,19140
3527,1050,1,1455,2,19140
3528,1051,1,1481,6,19140
3529,1051,1,410,6,19140
3530,1052,1,449,2,19140
3531,1052,1,46,6,19140
3532,1053,1,134,5,19140
3533,1053,1,59,6,19140
3534,1054,1,126,6,19200
3535,1055,1,68,5,19200
3536,1055,1,525,3,19200
3537,1056,1,2613,1,19200
3538,1056,1,753,9,19200
3539,1056,1,2295,4,19200
3540,1056,1,678,6,19200
3541,1056,1,181,5,19200
3542,1057,1,6,9,19200
3543,1057,1,2078,4,19200
3544,1057,1,417,9,19200
3545,1058,1,63,2,19200
3546,1059,1,128,8,19260
3547,1059,1,184,7,19260
3548,1059,1,142,4,19260
3549,1060,1,17,1,19260
3550,1060,1,713,6,19260
3551,1060,1,297,7,19260
3552,1060,1,107,8,19260
3553,1060,1,205,10,19260
3554,1061,1,523,7,19320
3555,1061,1,276,8,19320
3556,1061,1,161,4,19320
3557,1062,1,411,11,19320
3558,1062,1,881,8,19320
3559,1062,1,203,9,19320
3560,1062,1,13,7,19320
3561,1063,1,1712,2,19380
3562,1063,1,173,8,19380
3563,1064,1,586,6,19380
3564,1064,1,52,10,19380
3565,1064,1,653,3,19380
3566,1065,1,1683,3,19440
3567,1066,1,2576,1,19440
3568,1067,1,443,8,19440
3569,1068,1,1302,7,19500
3570,1069,1,674,9,19500
3571,1070,1,957,7,19500
3572,1071,1,2817,1,19500
3573,1071,1,4,7,19500
3574,1071,1,181,2,19500
3575,1071,1,692,5,19500
3576,1072,1,204,8,19680
3577,1072,1,875,10,19680
3578,1073,1,113,10,19680
3579,1073,1,206,6,19680
3580,1073,1,845,2,19680
3581,1074,1,306,4,19680
3582,1074,1,2657,2,19680
3583,1074,1,224,4,19680
3584,1075,1,1749,2,19680
3585,1075,1,2385,1,19680
3586,1075,1,755,4,19680
3587,1076,1,267,4,19740
3588,1077,1,1405,3,19740
3589,1077,1,384,6,19740
3590,1077,1,988,3,19740
3591,1077,1,3150,4,19740
3592,1078,1,1641,11,19740
3593,1078,1,167,6,19740
3594,1078,1,143,11,19740
3595,1078,1,2740,3,19740
3596,1078,1,121,5,19740
3597,1078,1,73,4,19740
3598,1078,1,28,6,19740
3599,1078,1,32,4,19740
3600,1078,1,185,7,19740
3601,1078,1,1900,2,19740
3602,1078,1,68,5,19740
3603,1078,1,2131,2,19740
3604,1078,1,583,9,19740
3605,1078,1,294,5,19740
3606,1078,1,106,10,19740
3607,1078,1,333,4,19740
3608,1079,1,19,6,19740
3609,1080,1,2209,2,19860
3610,1080,1,87,4,19860
3611,1080,1,139,2,19860
3612,1080,1,29,4,19860
3613,1080,1,32,11,19860
3614,1080,1,61,6,19860
3615,1081,1,1770,3,19860
3616,1081,1,95,4,19860
3617,1081,1,292,4,19860
3618,1082,1,941,5,19860
3619,1083,1,163,4,19860
3620,1083,1,63,7,19860
3621,1083,1,212,8,19860
3622,1083,1,1813,3,19860
3623,1083,1,1384,3,19860
3624,1083,1,2061,2,19860
3625,1084,1,105,9,19860
3626,1084,1,5,2,19860
3627,1084,1,929,10,19860
3628,1084,1,536,7,19860
3629,1084,1,10,8,19860
3630,1084,1,96,10,19860
3631,1084,1,1091,9,19860
3632,1085,1,2769,3,19920
3633,1085,1,1731,2,19920
3634,1085,1,433,5,19920
3635,1086,1,2007,2,19920
3636,1086,1,521,8,19920
3637,1086,1,256,4,19920
3638,1087,1,586,4,19920
3639,1087,1,54,8,19920
3640,1088,1,1657,3,19920
3641,1088,1,90,4,19920
3642,1088,1,30,12,19920
3643,1089,1,1171,10,19980
3644,1089,1,343,9,19980
3645,1090,1,480,7,19980
3646,1091,1,727,3,20040
3647,1092,1,303,10,20040
3648,1092,1,297,8,20040
3649,1092,1,1228,12,20040
3650,1092,1,153,1,20040
3651,1093,1,1300,2,20040
3652,1093,1,2806,4,20040
3653,1094,1,128,3,20040
3654,1095,1,209,4,20100
3655,1096,1,5,6,20100
3656,1096,1,43,7,20100
3657,1096,1,230,11,20100
3658,1096,1,754,11,20100
3659,1096,1,10,4,20100
3660,1097,1,12,8,20100
3661,1098,1,49,12,20100
3662,1098,1,167,2,20100
3663,1098,1,853,5,20100
3664,1099,1,32,12,20100
3665,1099,1,3170,2,20100
3666,1099,1,54,4,20100
3667,1099,1,986,2,20100
3668,1099,1,1401,4,20100
3669,1099,1,916,7,20100
3670,1099,1,783,6,20100
3671,1099,1,120,7,20100
3672,1099,1,11,6,20100
3673,1100,1,17,8,20100
3674,1100,1,2243,2,20100
3675,1101,1,1048,2,20100
3676,1101,1,15,1,20100
3677,1102,1,827,3,20160
3678,1102,1,339,8,20160
3679,1103,1,2769,2,20160
3680,1104,1,1084,6,20220
3681,1104,1,590,9,20220
3682,1104,1,859,10,20220
3683,1104,1,252,8,20220
3684,1105,1,117,10,20220
3685,1105,1,3229,2,20220
3686,1105,1,256,10,20220
3687,1106,1,304,1,20220
3688,1106,1,1,10,20220
3689,1106,1,1044,6,20220
3690,1106,1,315,6,20220
3691,1106,1,1281,2,20220
3692,1106,1,787,12,20220
3693,1106,1,93,8,20220
3694,1107,1,165,8,20220
3695,1107,1,1112,9,20220
3696,1107,1,178,8,20220
3697,1107,1,0,11,20220
3698,1108,1,1329,3,20220
3699,1108,1,274,9,20220
3700,1108,1,187,2,20220
3701,1108,1,1610,4,20220
3702,1108,1,7,5,20220
3703,1108,1,616,10,20220
3704,1108,1,1220,12,20220
3705,1108,1,98,3,20220
3706,1108,1,1171,7,20220
3707,1108,1,766,4,20220
3708,1108,1,368,7,20220
3709,1108,1,916,8,20220
3710,1109,1,146,6,20220
3711,1109,1,137,7,20220
3712,1109,1,288,6,20220
3713,1109,1,678,6,20220
3714,1109,1,895,1,20220
3715,1109,1,1766,2,20220
3716,1109,1,30,7,20220
3717,1109,1,16,6,20220
3718,1109,1,449,2,20220
3719,1110,1,649,6,20220
3720,1110,1,202,5,20220
3721,1110,1,48,6,20220
3722,1110,1,2381,2,20220
3723,1111,1,338,3,20220
3724,1112,1,255,8,20220
3725,1113,1,222,9,20280
3726,1114,1,2406,3,20280
3727,1114,1,391,6,20280
3728,1114,1,4,6,20280
3729,1114,1,5,5,20280
3730,1114,1,31,7,20280
3731,1114,1,38,3,20280
3732,1114,1,1555,2,20280
3733,1114,1,1329,1,20280
3734,1115,1,1136,4,20280
3735,1115,1,71,9,20280
3736,1115,1,5,8,20280
3737,1115,1,43,12,20280
3738,1116,1,1898,2,20400
3739,1116,1,1300,2,20400
3740,1117,1,2904,2,20400
3741,1118,1,62,6,20460
3742,1118,1,2,7,20460
3743,1118,1,148,12,20460
3744,1118,1,52,4,20460
3745,1119,1,270,2,20460
3746,1119,1,81,6,20460
3747,1119,1,12,2,20460
3748,1120,1,74,6,20460
3749,1120,1,5,7,20460
3750,1120,1,242,4,20460
3751,1121,1,1457,4,20520
3752,1121,1,94,7,20520
3753,1121,1,1063,5,20520
3754,1121,1,2158,2,20520
3755,1122,1,631,10,20520
3756,1123,1,290,11,20580
3757,1124,1,182,8,20580
3758,1125,1,107,4,20580
3759,1126,1,351,6,20580
3760,1126,1,272,2,20580
3761,1126,1,52,11,20580
3762,1127,1,99,6,20640
3763,1127,1,1282,3,20640
3764,1127,1,301,8,20640
3765,1127,1,10,7,20640
3766,1128,1,1010,5,20640
3767,1128,1,905,8,20640
3768,1129,1,914,8,20640
3769,1129,1,312,2,20640
3770,1129,1,59,12,20640
3771,1129,1,2300,2,20640
3772,1129,1,13,4,20640
3773,1129,1,810,3,20640
3774,1129,1,340,6,20640
3775,1129,1,326,5,20640
3776,1130,1,12,5,20640
3777,1130,1,0,3,20640
3778,1130,1,1093,10,20640
3779,1131,1,732,7,20700
3780,1131,1,168,9,20700
3781,1131,1,248,6,20700
3782,1131,1,120,5,20700
3783,1131,1,1572,5,20700
3784,1132,1,196,8,20700
3785,1133,1,1476,6,20700
3786,1133,1,444,6,20700
3787,1133,1,17,12,20700
3788,1133,1,54,6,20700
3789,1133,1,706,10,20700
3790,1134,1,443,9,20760
3791,1134,1,8,9,20760
3792,1134,1,375,6,20760
3793,1135,1,1861,3,20760
3794,1135,1,57,8,20760
3795,1136,1,13,2,20760
3796,1136,1,1621,10,20760
3797,1137,1,140,2,20760
3798,1137,1,237,7,20760
3799,1137,1,885,9,20760
3800,1137,1,87,8,20760
3801,1137,1,1676,2,20760
3802,1137,1,2909,4,20760
3803,1137,1,2265,3,20760
3804,1137,1,239,5,20760
3805,1138,1,153,6,20820
3806,1139,1,471,3,20820
3807,1139,1,0,8,20820
3808,1140,1,99,7,20880
3809,1140,1,2670,1,20880
3810,1140,1,36,4,20880
3811,1141,1,378,9,20880
3812,1142,1,128,3,20880
3813,1142,1,120,7,20880
3814,1142,1,52,7,20880
3815,1142,1,949,12,20880
3816,1142,1,14,7,20880
3817,1143,1,1420,9,20880
3818,1143,1,289,6,20880
3819,1143,1,307,1,20880
3820,1143,1,624,6,20880
3821,1143,1,1388,4,20880
3822,1143,1,1338,7,20880
3823,1143,1,137,7,20880
3824,1143,1,109,9,20880
3825,1143,1,2014,2,20880
3826,1143,1,29,9,20880
3827,1144,1,1996,1,20940
3828,1145,1,1492,2,20940
3829,1145,1,1140,10,20940
3830,1145,1,2562,2,20940
3831,1146,1,67,7,20940
3832,1147,1,243,8,20940
3833,1147,1,107,8,20940
3834,1147,1,1627,2,20940
3835,1147,1,683,4,20940
3836,1147,1,1,1,20940
3837,1147,1,1421,8,20940
3838,1147,1,2221,2,20940
3839,1147,1,901,7,20940
3840,1147,1,485,8,20940
3841,1148,1,223,7,21000
3842,1148,1,2528,2,21000
3843,1148,1,12,9,21000
3844,1149,1,312,7,21000
3845,1149,1,217,2,21000
3846,1149,1,683,2,21000
3847,1150,1,1298,10,21000
3848,1150,1,234,6,21000
3849,1151,1,9,8,21000
3850,1152,1,741,7,21000
3851,1152,1,277,8,21000
3852,1152,1,658,8,21000
3853,1152,1,211,8,21000
3854,1152,1,1203,8,21000
3855,1152,1,1185,3,21000
3856,1152,1,412,8,21000
3857,1153,1,900,3,21000
3858,1154,1,98,11,21000
3859,1155,1,200,10,21000
3860,1156,1,441,6,21000
3861,1156,1,133,6,21000
3862,1156,1,298,10,21000
3863,1156,1,621,6,21000
3864,1156,1,68,4,21000
3865,1157,1,709,6,21000
3866,1157,1,12,5,21000
3867,1157,1,147,4,21000
3868,1157,1,699,4,21000
3869,1158,1,2106,3,21000
3870,1158,1,1648,2,21000
3871,1159,1,482,5,21000
3872,1160,1,1028,4,21000
3873,1161,1,35,7,21000
3874,1161,1,1160,6,21000
3875,1161,1,91,9,21000
3876,1161,1,427,8,21000
3877,1161,1,8,11,21000
3878,1162,1,1042,8,21060
3879,1163,1,177,5,21060
3880,1164,1,337,6,21120
3881,1164,1,351,8,21120
3882,1165,1,2220,1,21120
3883,1166,1,1977,4,21120
3884,1166,1,411,4,21120
3885,1166,1,37,8,21120
3886,1167,1,939,5,21120
3887,1167,1,2635,1,21120
3888,1168,1,896,9,21180
3889,1168,1,553,9,21180
3890,1168,1,2722,2,21180
3891,1168,1,51,6,21180
3892,1168,1,4,7,21180
3893,1169,1,1260,2,21180
3894,1170,1,82,6,21180
3895,1170,1,387,12,21180
3896,1170,1,2596,3,21180
3897,1170,1,355,8,21180
3898,1170,1,2775,4,21180
3899,1171,1,26,3,21240
3900,1171,1,820,3,21240
3901,1171,1,399,12,21240
3902,1171,1,608,11,21240
3903,1171,1,116,6,21240
3904,1171,1,2340,2,21240
3905,1171,1,10,8,21240
3906,1171,1,192,8,21240
3907,1171,1,1380,4,21240
3908,1171,1,140,9,21240
3909,1171,1,1184,4,21240
3910,1171,1,255,4,21240
3911,1171,1,480,8,21240
3912,1171,1,611,10,21240
3913,1171,1,98,4,21240
3914,1171,1,42,6,21240
3915,1172,1,101,12,21240
3916,1172,1,35,1,21240
3917,1172,1,15,5,21240
3918,1172,1,206,7,21240
3919,1172,1,572,10,21240
3920,1172,1,704,10,21240
3921,1173,1,2060,4,21240
3922,1174,1,223,4,21240
3923,1174,1,97,6,21240
3924,1174,1,88,4,21240
3925,1174,1,2349,2,21240
3926,1174,1,29,3,21240
3927,1174,1,96,10,21240
3928,1175,1,421,8,21240
3929,1176,1,416,6,21240
3930,1177,1,490,9,21240
3931,1178,1,319,10,21300
3932,1178,1,287,6,21300
3933,1178,1,30,7,21300
3934,1178,1,378,10,21300
3935,1178,1,158,3,21300
3936,1178,1,119,4,21300
3937,1179,1,33,2,21300
3938,1179,1,24,6,21300
3939,1180,1,16,8,21300
3940,1180,1,136,6,21300
3941,1180,1,241,8,21300
3942,1180,1,553,11,21300
3943,1180,1,1440,8,21300
3944,1181,1,2193,3,21300
3945,1181,1,85,8,21300
3946,1181,1,444,4,21300
3947,1182,1,89,3,21360
3948,1182,1,3,6,21360
3949,1183,1,1475,3,21420
3950,1183,1,99,10,21420
3951,1183,1,1099,4,21420
3952,1184,1,91,5,21480
3953,1184,1,268,4,21480
3954,1184,1,542,4,21480
3955,1185,1,1506,4,21480
3956,1186,1,48,2,21480
3957,1187,1,233,7,21480
3958,1187,1,441,8,21480
3959,1187,1,55,6,21480
3960,1188,1,1501,2,21480
3961,1189,1,1093,5,21480
3962,1189,1,209,12,21480
3963,1190,1,1508,4,21540
3964,1190,1,428,4,21540
3965,1190,1,0,6,21540
3966,1190,1,111,12,21540
3967,1190,1,1719,3,21540
3968,1190,1,109,7,21540
3969,1190,1,2017,3,21540
3970,1190,1,375,5,21540
3971,1190,1,909,6,21540
3972,1190,1,423,6,21540
3973,1191,1,1038,4,21540
3974,1192,1,633,7,21540
3975,1192,1,228,1,21540
3976,1192,1,1495,6,21540
3977,1193,1,104,6,21600
3978,1193,1,177,2,21600
3979,1194,1,90,8,21600
3980,1195,1,51,8,21600
3981,1195,1,60,8,21600
3982,1195,1,81,3,21600
3983,1195,1,154,10,21600
3984,1195,1,137,4,21600
3985,1195,1,2006,2,21600
3986,1195,1,46,4,21600
3987,1195,1,8,10,21600
3988,1195,1,1029,6,21600
3989,1195,1,335,7,21600
3990,1196,1,118,6,21600
3991,1197,1,0,4,21600
3992,1198,1,206,5,21660
3993,1198,1,684,10,21660
3994,1198,1,334,10,21660
3995,1199,1,242,10,21660
3996,1199,1,146,5,21660
3997,1199,1,598,7,21660
3998,1200,1,1051,6,21660
3999,1200,1,6,12,21660
4000,1200,1,2513,3,21660
4001,1200,1,883,2,21660
4002,1200,1,2256,2,21660
4003,1200,1,2578,1,21660
4004,1200,1,448,6,21660
4005,1201,1,119,11,21660
4006,1201,1,28,10,21660
4007,1202,1,1451,6,21660
4008,1202,1,5,6,21660
4009,1203,1,7,5,21720
4010,1204,1,259,8,21720
4011,1205,1,253,4,21720
4012,1205,1,663,10,21720
4013,1206,1,94,10,21720
4014,1206,1,35,7,21720
4015,1206,1,262,9,21720
4016,1206,1,560,11,21720
4017,1206,1,160,6,21720
4018,1207,1,324,8,21780
4019,1207,1,335,8,21780
4020,1207,1,142,6,21780
4021,1207,1,90,4,21780
4022,1207,1,108,2,21780
4023,1208,1,51,8,21780
4024,1208,1,8,6,21780
4025,1209,1,2471,4,21840
4026,1210,1,1000,10,21840
4027,1211,1,2891,2,21840
4028,1211,1,3123,2,21840
4029,1211,1,666,10,21840
4030,1211,1,189,11,21840
4031,1211,1,871,5,21840
4032,1211,1,960,3,21840
4033,1212,1,130,5,21840
4034,1213,1,163,6,21900
4035,1214,1,307,8,21900
4036,1214,1,221,8,21900
4037,1214,1,35,6,21900
4038,1214,1,126,11,21900
4039,1214,1,6,6,21900
4040,1214,1,653,4,21900
4041,1214,1,246,8,21900
4042,1214,1,1454,3,21900
4043,1215,1,470,9,21900
4044,1215,1,109,6,21900
4045,1215,1,979,7,21900
4046,1215,1,6,5,21900
4047,1215,1,246,4,21900
4048,1215,1,563,2,21900
4049,1215,1,549,12,21900
4050,1216,1,201,10,21900
4051,1217,1,1827,2,21900
4052,1218,1,9,7,21960
4053,1219,1,279,1,21960
4054,1219,1,61,8,21960
4055,1219,1,1170,12,21960
4056,1219,1,149,7,21960
4057,1219,1,337,8,21960
4058,1219,1,213,10,21960
4059,1219,1,136,10,21960
4060,1219,1,483,10,21960
4061,1220,1,199,8,21960
4062,1220,1,94,5,21960
4063,1221,1,910,8,21960
4064,1222,1,304,7,21960
4065,1222,1,44,6,21960
4066,1222,1,41,9,21960
4067,1222,1,2164,4,21960
4068,1222,1,253,12,21960
4069,1222,1,154,8,21960
4070,1223,1,466,10,21960
4071,1223,1,1049,5,21960
4072,1223,1,1145,9,21960
4073,1223,1,1020,2,21960
4074,1223,1,58,5,21960
4075,1224,1,143,4,21960
4076,1224,1,449,4,21960
4077,1225,1,25,8,21960
4078,1225,1,994,2,21960
4079,1225,1,441,6,21960
4080,1226,1,3247,2,22080
4081,1226,1,1487,10,22080
4082,1227,1,8,6,22080
4083,1227,1,46,3,22080
4084,1228,1,417,3,22140
4085,1228,1,126,10,22140
4086,1228,1,1010,5,22140
4087,1228,1,267,11,22140
4088,1228,1,452,12,22140
4089,1228,1,22,10,22140
4090,1229,1,1,6,22140
4091,1229,1,15,10,22140
4092,1230,1,660,9,22200
4093,1230,1,509,7,22200
4094,1230,1,2822,2,22200
4095,1230,1,2652,3,22200
4096,1231,1,2855,2,22200
4097,1231,1,213,10,22200
4098,1231,1,483,11,22200
4099,1231,1,154,7,22200
4100,1231,1,556,4,22200
4101,1232,1,35,7,22200
4102,1232,1,3014,4,22200
4103,1232,1,1297,4,22200
4104,1233,1,56,11,22200
4105,1233,1,311,6,22200
4106,1233,1,559,10,22200
4107,1233,1,258,10,22200
4108,1233,1,496,2,22200
4109,1234,1,129,4,22200
4110,1235,1,353,2,22260
4111,1236,1,129,1,22260
4112,1236,1,751,7,22260
4113,1236,1,71,12,22260
4114,1237,1,754,6,22260
4115,1237,1,2106,2,22260
4116,1237,1,2304,2,22260
4117,1237,1,771,7,22260
4118,1237,1,402,6,22260
4119,1237,1,3209,2,22260
4120,1237,1,1615,3,22260
4121,1238,1,438,5,22260
4122,1238,1,3,6,22260
4123,1238,1,17,10,22260
4124,1238,1,474,7,22260
4125,1239,1,175,4,22320
4126,1239,1,1107,7,22320
4127,1239,1,1317,3,22320
4128,1239,1,1311,4,22320
4129,1240,1,2622,3,22320
4130,1240,1,145,2,22320
4131,1240,1,765,2,22320
4132,1240,1,222,12,22320
4133,1240,1,418,6,22320
4134,1240,1,40,2,22320
4135,1240,1,195,7,22320
4136,1241,1,2705,3,22320
4137,1241,1,2964,2,22320
4138,1241,1,714,6,22320
4139,1241,1,2,1,22320
4140,1241,1,66,7,22320
4141,1242,1,305,6,22320
4142,1243,1,139,8,22320
4143,1243,1,239,5,22320
4144,1244,1,69,8,22380
4145,1244,1,192,6,22380
4146,1244,1,698,11,22380
4147,1245,1,335,7,22380
4148,1246,1,227,7,22380
4149,1247,1,948,3,22380
4150,1247,1,636,1,22380
4151,1247,1,19,4,22380
4152,1247,1,950,6,22380
4153,1248,1,112,8,22440
4154,1248,1,649,2,22440
4155,1248,1,1264,3,22440
4156,1249,1,267,8,22440
4157,1249,1,462,12,22440
4158,1249,1,1942,3,22440
4159,1249,1,66,8,22440
4160,1249,1,285,8,22440
4161,1249,1,293,12,22440
4162,1249,1,1,6,22440
4163,1249,1,715,3,22440
4164,1249,1,2242,3,22440
4165,1250,1,1264,8,22440
4166,1250,1,2,8,22440
4167,1250,1,283,6,22440
4168,1250,1,1137,5,22440
4169,1251,1,912,10,22440
4170,1251,1,1449,4,22440
4171,1251,1,1378,3,22440
4172,1252,1,2020,2,22500
4173,1253,1,20,8,22500
4174,1253,1,1206,5,22500
4175,1254,1,2987,2,22500
4176,1254,1,87,4,22500
4177,1254,1,92,6,22500
4178,1254,1,184,3,22500
4179,1255,1,3,4,22500
4180,1255,1,56,7,22500
4181,1255,1,357,8,22500
4182,1256,1,107,5,22560
4183,1256,1,372,4,22560
4184,1256,1,9,11,22560
4185,1256,1,754,2,22560
4186,1256,1,1994,2,22560
4187,1257,1,2292,2,22560
4188,1257,1,1588,2,22560
4189,1257,1,448,8,22560
4190,1257,1,853,5,22560
4191,1257,1,47,6,22560
4192,1258,1,871,8,22560
4193,1258,1,342,6,22560
4194,1258,1,1079,8,22560
4195,1258,1,1835,1,22560
4196,1258,1,96,3,22560
4197,1258,1,189,8,22560
4198,1259,1,1112,5,22620
4199,1260,1,2512,4,22620
4200,1260,1,11,8,22620
4201,1261,1,1341,4,22620
4202,1262,1,89,8,22680
4203,1263,1,29,9,22680
4204,1263,1,2510,4,22680
4205,1263,1,100,11,22680
4206,1264,1,112,4,22680
4207,1264,1,266,7,22680
4208,1264,1,75,10,22680
4209,1264,1,1511,2,22680
4210,1264,1,507,10,22680
4211,1265,1,445,6,22680
4212,1266,1,169,8,22740
4213,1266,1,1954,8,22740
4214,1267,1,896,6,22740
4215,1267,1,963,11,22740
4216,1267,1,7,8,22740
4217,1267,1,1215,4,22740
4218,1267,1,2063,2,22740
4219,1267,1,177,8,22740
4220,1267,1,1933,2,22740
4221,1267,1,2214,1,22740
4222,1268,1,28,8,22740
4223,1269,1,59,2,22740
4224,1269,1,52,11,22740
4225,1269,1,2857,4,22740
4226,1269,1,196,8,22740
4227,1269,1,10,10,22740
4228,1269,1,351,2,22740
4229,1270,1,77,9,22740
4230,1270,1,43,3,22740
4231,1270,1,998,10,22740
4232,1271,1,35,8,22800
4233,1271,1,1073,1,22800
4234,1272,1,2663,3,22860
4235,1272,1,29,5,22860
4236,1273,1,601,8,22860
4237,1274,1,280,8,22860
4238,1274,1,20,8,22860
4239,1275,1,1908,2,22860
4240,1275,1,894,4,22860
4241,1275,1,36,6,22860
4242,1275,1,4,7,22860
4243,1276,1,572,8,22920
4244,1277,1,132,8,22980
4245,1277,1,3138,2,22980
4246,1277,1,292,3,22980
4247,1277,1,543,6,22980
4248,1277,1,14,8,22980
4249,1277,1,84,4,22980
4250,1278,1,3241,4,22980
4251,1278,1,4,2,22980
4252,1278,1,502,7,22980
4253,1279,1,325,6,22980
4254,1279,1,671,7,22980
4255,1280,1,248,8,22980
4256,1280,1,1289,10,22980
4257,1280,1,353,7,22980
4258,1280,1,235,7,22980
4259,1280,1,359,6,22980
4260,1280,1,16,8,22980
4261,1281,1,120,5,22980
4262,1281,1,1708,4,22980
4263,1281,1,138,6,22980
4264,1281,1,97,11,22980
4265,1281,1,1139,3,22980
4266,1281,1,4,3,22980
4267,1281,1,1359,2,22980
4268,1281,1,974,2,22980
4269,1282,1,174,9,22980
4270,1282,1,2397,2,22980
4271,1283,1,58,12,23040
4272,1284,1,148,3,23040
4273,1284,1,57,8,23040
4274,1284,1,4,5,23040
4275,1284,1,3134,2,23040
4276,1284,1,314,7,23040
4277,1285,1,102,2,23040
4278,1285,1,300,11,23040
4279,1286,1,536,11,23100
4280,1287,1,2146,4,23160
4281,1287,1,865,7,23160
4282,1287,1,86,6,23160
4283,1288,1,70,5,23160
4284,1288,1,144,4,23160
4285,1288,1,1372,4,23160
4286,1288,1,318,10,23160
4287,1289,1,668,3,23160
4288,1290,1,1,6,23220
4289,1290,1,4,8,23220
4290,1290,1,7,12,23220
4291,1291,1,976,3,23220
4292,1292,1,168,12,23220
4293,1292,1,782,5,23220
4294,1292,1,191,9,23220
4295,1292,1,437,5,23220
4296,1292,1,55,4,23220
4297,1292,1,878,9,23220
4298,1292,1,22,6,23220
4299,1292,1,527,11,23220
4300,1293,1,108,12,23220
4301,1293,1,900,3,23220
4302,1294,1,215,6,23280
4303,1295,1,41,8,23280
4304,1295,1,4,8,23280
4305,1295,1,685,6,23280
4306,1296,1,1207,8,23280
4307,1296,1,26,8,23280
4308,1297,1,363,10,23280
4309,1297,1,26,9,23280
4310,1297,1,766,6,23280
4311,1297,1,1576,11,23280
4312,1298,1,321,5,23340
4313,1298,1,2467,3,23340
4314,1298,1,117,8,23340
4315,1298,1,35,12,23340
4316,1299,1,11,7,23340
4317,1299,1,464,9,23340
4318,1299,1,70,9,23340
4319,1300,1,356,3,23340
4320,1300,1,1297,2,23340
4321,1300,1,182,11,23340
4322,1301,1,525,6,23340
4323,1301,1,644,6,23340
4324,1302,1,1,4,23400
4325,1302,1,210,2,23400
4326,1302,1,2,11,23400
4327,1303,1,3,8,23400
4328,1304,1,2091,2,23460
4329,1304,1,1341,1,23460
4330,1304,1,454,10,23460
4331,1304,1,167,8,23460
4332,1305,1,393,2,23460
4333,1306,1,1,9,23460
4334,1306,1,1863,4,23460
4335,1307,1,106,6,23520
4336,1307,1,404,9,23520
4337,1308,1,19,1,23520
4338,1308,1,1127,6,23520
4339,1308,1,726,2,23520
4340,1308,1,137,10,23520
4341,1309,1,408,3,23580
4342,1309,1,283,8,23580
4343,1309,1,1730,2,23580
4344,1309,1,653,6,23580
4345,1310,1,4,1,23580
4346,1310,1,505,3,23580
4347,1310,1,2732,3,23580
4348,1311,1,168,2,23580
4349,1311,1,1209,4,23580
4350,1312,1,108,6,23640
4351,1312,1,417,8,23640
4352,1312,1,2343,4,23640
4353,1313,1,1540,2,23640
4354,1313,1,120,12,23640
4355,1313,1,1331,2,23640
4356,1313,1,1636,7,23640
4357,1314,1,42,2,23640
4358,1314,1,819,8,23640
4359,1314,1,10,8,23640
4360,1314,1,175,9,23640
4361,1314,1,252,11,23640
4362,1314,1,1792,3,23640
4363,1314,1,255,8,23640
4364,1314,1,517,9,23640
4365,1314,1,23,6,23640
4366,1314,1,478,7,23640
4367,1315,1,394,6,23640
4368,1315,1,2279,2,23640
4369,1315,1,2390,2,23640
4370,1315,1,220,9,23640
4371,1315,1,5,7,23640
4372,1315,1,1121,6,23640
4373,1315,1,385,4,23640
4374,1315,1,455,6,23640
4375,1316,1,1384,3,23700
4376,1317,1,322,6,23700
4377,1317,1,150,12,23700
4378,1317,1,20,4,23700
4379,1317,1,198,4,23700
4380,1317,1,133,6,23700
4381,1317,1,1885,3,23700
4382,1317,1,746,2,23700
4383,1317,1,166,4,23700
4384,1318,1,94,6,23700
4385,1318,1,2580,2,23700
4386,1319,1,746,10,23760
4387,1319,1,52,4,23760
4388,1319,1,563,2,23760
4389,1319,1,798,8,23760
4390,1319,1,790,8,23760
4391,1319,1,306,6,23760
4392,1319,1,0,11,23760
4393,1320,1,1850,1,23760
4394,1320,1,702,6,23760
4395,1321,1,1798,4,23820
4396,1321,1,282,1,23820
4397,1321,1,152,6,23820
4398,1322,1,2906,3,23880
4399,1322,1,35,2,23880
4400,1322,1,446,9,23880
4401,1322,1,880,6,23880
4402,1322,1,2330,4,23880
4403,1322,1,40,7,23880
4404,1323,1,2651,2,23880
4405,1323,1,502,4,23880
4406,1323,1,76,10,23880
4407,1323,1,259,4,23880
4408,1324,1,905,10,23880
4409,1324,1,438,11,23880
4410,1325,1,274,11,23940
4411,1325,1,572,8,23940
4412,1325,1,1077,6,23940
4413,1326,1,181,4,23940
4414,1327,1,2,4,24000
4415,1328,1,197,2,24000
4416,1328,1,2437,2,24000
4417,1329,1,3,9,24060
4418,1329,1,706,8,24060
4419,1330,1,897,3,24060
4420,1330,1,89,8,24060
4421,1330,1,384,3,24060
4422,1331,1,793,7,24060
4423,1331,1,145,6,24060
4424,1331,1,421,6,24060
4425,1331,1,549,3,24060
4426,1332,1,2309,2,24060
4427,1333,1,125,4,24120
4428,1334,1,368,10,24120
4429,1334,1,13,8,24120
4430,1335,1,896,6,24120
4431,1335,1,41,8,24120
4432,1335,1,437,6,24120
4433,1336,1,2808,3,24120
4434,1336,1,819,12,24120
4435,1336,1,859,6,24120
4436,1336,1,237,4,24120
4437,1336,1,183,4,24120
4438,1337,1,394,6,24180
4439,1337,1,956,8,24180
4440,1337,1,209,9,24180
4441,1337,1,135,9,24180
4442,1338,1,1177,4,24180
4443,1338,1,400,6,24180
4444,1338,1,4,6,24180
4445,1338,1,466,10,24180
4446,1338,1,408,8,24180
4447,1338,1,1,10,24180
4448,1338,1,1503,2,24180
4449,1338,1,733,5,24180
4450,1338,1,2289,3,24180
4451,1339,1,386,3,24180
4452,1339,1,3078,4,24180
4453,1339,1,3085,3,24180
4454,1339,1,590,7,24180
4455,1339,1,218,8,24180
4456,1340,1,500,7,24240
4457,1340,1,326,8,24240
4458,1341,1,205,9,24240
4459,1341,1,668,7,24240
4460,1341,1,2785,2,24240
4461,1341,1,104,4,24240
4462,1341,1,1352,8,24240
4463,1341,1,229,6,24240
4464,1342,1,399,12,24240
4465,1342,1,870,6,24240
4466,1343,1,1812,4,24300
4467,1344,1,1126,8,24300
4468,1344,1,418,8,24300
4469,1344,1,1588,1,24300
4470,1344,1,16,8,24300
4471,1344,1,30,2,24300
4472,1344,1,1601,11,24300
4473,1344,1,2290,4,24300
4474,1345,1,179,9,24360
4475,1345,1,990,6,24360
4476,1346,1,257,12,24360
4477,1346,1,253,8,24360
4478,1346,1,118,1,24360
4479,1347,1,3213,4,24360
4480,1348,1,473,9,24420
4481,1348,1,6,10,24420
4482,1348,1,620,2,24420
4483,1349,1,2143,4,24420
4484,1350,1,1129,12,24480
4485,1350,1,909,6,24480
4486,1351,1,337,10,24540
4487,1351,1,6,11,24540
4488,1351,1,1831,5,24540
4489,1351,1,7,9,24540
4490,1351,1,599,10,24540
4491,1351,1,16,5,24540
4492,1352,1,5,8,24540
4493,1352,1,1365,2,24540
4494,1352,1,223,7,24540
4495,1352,1,2432,4,24540
4496,1353,1,595,4,24540
4497,1353,1,115,10,24540
4498,1353,1,2,4,24540
4499,1354,1,20,10,24540
4500,1354,1,1285,6,24540
4501,1355,1,484,7,24540
4502,1356,1,9,7,24540
4503,1357,1,1045,1,24600
4504,1358,1,23,10,24600
4505,1358,1,850,4,24600
4506,1358,1,1792,4,24600
4507,1359,1,409,3,24660
4508,1360,1,823,11,24660
4509,1360,1,314,2,24660
4510,1360,1,253,6,24660
4511,1361,1,167,6,24660
4512,1361,1,14,9,24660
4513,1362,1,346,10,24660
4514,1362,1,91,3,24660
4515,1362,1,860,4,24660
4516,1362,1,160,10,24660
4517,1362,1,616,9,24660
4518,1362,1,3017,2,24660
4519,1362,1,327,9,24660
4520,1363,1,2848,3,24720
4521,1363,1,270,4,24720
4522,1364,1,494,8,24720
4523,1364,1,288,10,24720
4524,1365,1,411,12,24720
4525,1365,1,1473,2,24720
4526,1366,1,695,9,24720
4527,1366,1,890,4,24720
4528,1367,1,9,6,24780
4529,1367,1,318,7,24780
4530,1367,1,694,10,24780
4531,1367,1,150,8,24780
4532,1367,1,1726,1,24780
4533,1367,1,679,10,24780
4534,1367,1,2712,2,24780
4535,1368,1,1353,3,24780
4536,1369,1,283,8,24780
4537,1370,1,1479,9,24840
4538,1371,1,38,8,24900
4539,1372,1,215,10,24900
4540,1373,1,1788,2,24900
4541,1373,1,36,6,24900
4542,1373,1,62,11,24900
4543,1374,1,66,7,24960
4544,1374,1,802,10,24960
4545,1374,1,1896,3,24960
4546,1374,1,401,4,24960
4547,1375,1,5,9,25020
4548,1375,1,32,10,25020
4549,1375,1,245,10,25020
4550,1375,1,1693,2,25020
4551,1375,1,599,11,25020
4552,1376,1,931,4,25020
4553,1376,1,463,7,25020
4554,1376,1,251,5,25020
4555,1376,1,292,6,25020
4556,1377,1,903,4,25080
4557,1377,1,1105,4,25080
4558,1377,1,832,10,25080
4559,1377,1,62,6,25080
4560,1378,1,215,4,25080
4561,1379,1,552,7,25080
4562,1380,1,95,7,25080
4563,1380,1,980,4,25080
4564,1380,1,72,9,25080
4565,1380,1,791,10,25080
4566,1380,1,1082,8,25080
4567,1381,1,146,7,25140
4568,1381,1,461,4,25140
4569,1381,1,143,8,25140
4570,1381,1,498,2,25140
4571,1381,1,368,4,25140
4572,1382,1,748,4,25140
4573,1383,1,559,6,25140
4574,1384,1,2254,3,25140
4575,1385,1,882,7,25140
4576,1386,1,2710,2,25140
4577,1386,1,622,3,25140
4578,1387,1,637,7,25200
4579,1388,1,324,6,25260
4580,1389,1,27,8,25260
4581,1389,1,274,10,25260
4582,1389,1,2435,4,25260
4583,1389,1,123,4,25260
4584,1389,1,747,2,25260
4585,1389,1,358,5,25260
4586,1389,1,272,3,25260
4587,1389,1,115,5,25260
4588,1390,1,544,4,25260
4589,1390,1,450,6,25260
4590,1390,1,224,10,25260
4591,1391,1,276,8,25260
4592,1391,1,252,8,25260
4593,1391,1,287,8,25260
4594,1391,1,1045,4,25260
4595,1392,1,15,8,25260
4596,1392,1,37,12,25260
4597,1393,1,88,4,25260
4598,1393,1,1605,7,25260
4599,1394,1,2938,4,25320
4600,1394,1,2714,2,25320
4601,1395,1,60,10,25320
4602,1395,1,631,4,25320
4603,1395,1,41,4,25320
4604,1395,1,7,6,25320
4605,1395,1,1200,7,25320
4606,1395,1,51,6,25320
4607,1396,1,635,7,25380
4608,1396,1,2512,2,25380
4609,1397,1,97,11,25380
4610,1397,1,650,8,25380
4611,1397,1,497,12,25380
4612,1398,1,254,4,25440
4613,1399,1,217,2,25440
4614,1400,1,1013,6,25500
4615,1400,1,823,5,25500
4616,1400,1,165,8,25500
4617,1401,1,9,11,25500
4618,1401,1,712,8,25500
4619,1401,1,29,8,25500
4620,1401,1,355,11,25500
4621,1401,1,497,6,25500
4622,1402,1,123,6,25500
4623,1403,1,337,12,25560
4624,1403,1,55,6,25560
4625,1403,1,1634,2,25560
4626,1403,1,951,2,25560
4627,1403,1,61,10,25560
4628,1404,1,1895,2,25560
4629,1404,1,657,6,25560
4630,1404,1,163,1,25560
4631,1404,1,1150,4,25560
4632,1404,1,247,6,25560
4633,1404,1,1094,2,25560
4634,1405,1,378,6,25560
4635,1405,1,1234,7,25560
4636,1405,1,87,8,25560
4637,1406,1,54,1,25620
4638,1407,1,3006,2,25620
4639,1408,1,3178,2,25620
4640,1408,1,173,4,25620
4641,1408,1,122,2,25620
4642,1408,1,355,2,25620
4643,1408,1,164,6,25620
4644,1408,1,1531,10,25620
4645,1408,1,2566,4,25620
4646,1409,1,305,11,25620
4647,1409,1,2334,4,25620
4648,1409,1,124,10,25620
4649,1410,1,39,4,25680
4650,1410,1,202,8,25680
4651,1410,1,4,10,25680
4652,1410,1,1933,4,25680
4653,1410,1,611,11,25680
4654,1410,1,1492,3,25680
4655,1410,1,377,6,25680
4656,1411,1,996,9,25740
4657,1411,1,296,2,25740
4658,1411,1,1867,3,25740
4659,1411,1,56,7,25740
4660,1412,1,246,3,25740
4661,1412,1,359,8,25740
4662,1413,1,161,8,25740
4663,1413,1,124,12,25740
4664,1414,1,54,5,25740
4665,1414,1,16,8,25740
4666,1414,1,1340,2,25740
4667,1414,1,221,1,25740
4668,1414,1,2147,3,25740
4669,1414,1,2699,2,25740
4670,1414,1,2288,4,25740
4671,1414,1,258,9,25740
4672,1414,1,2571,3,25740
4673,1414,1,13,8,25740
4674,1414,1,958,5,25740
4675,1414,1,693,9,25740
4676,1414,1,287,5,25740
4677,1414,1,1247,7,25740
4678,1414,1,227,6,25740
4679,1414,1,2195,3,25740
4680,1414,1,497,8,25740
4681,1414,1,30,7,25740
4682,1415,1,942,11,25740
4683,1415,1,80,6,25740
4684,1415,1,66,11,25740
4685,1415,1,2405,4,25740
4686,1415,1,22,6,25740
4687,1416,1,71,1,25800
4688,1417,1,500,6,25800
4689,1417,1,38,4,25800
4690,1418,1,515,3,25800
4691,1418,1,50,6,25800
4692,1418,1,1,10,25800
4693,1418,1,2131,3,25800
4694,1418,1,51,6,25800
4695,1418,1,141,8,25800
4696,1418,1,179,6,25800
4697,1418,1,1049,6,25800
4698,1419,1,1331,3,25800
4699,1419,1,107,8,25800
4700,1420,1,1250,3,25860
4701,1421,1,28,7,25860
4702,1422,1,450,5,25860
4703,1422,1,88,4,25860
4704,1422,1,674,8,25860
4705,1422,1,467,2,25860
4706,1422,1,340,10,25860
4707,1423,1,4,9,25920
4708,1423,1,599,8,25920
4709,1424,1,1786,3,25920
4710,1424,1,5,10,25920
4711,1424,1,16,8,25920
4712,1425,1,35,5,25980
4713,1425,1,310,6,25980
4714,1426,1,57,6,25980
4715,1426,1,39,2,25980
4716,1427,1,536,6,25980
4717,1428,1,126,2,25980
4718,1428,1,146,10,25980
4719,1428,1,11,8,25980
4720,1429,1,290,8,25980
4721,1429,1,141,3,25980
4722,1429,1,1,4,25980
4723,1430,1,79,8,25980
4724,1431,1,2862,2,25980
4725,1431,1,65,4,25980
4726,1432,1,67,6,26040
4727,1432,1,748,8,26040
4728,1432,1,66,9,26040
4729,1432,1,764,12,26040
4730,1432,1,190,9,26040
4731,1433,1,199,3,26040
4732,1433,1,3139,2,26040
4733,1433,1,231,3,26040
4734,1433,1,1556,5,26040
4735,1433,1,1573,4,26040
4736,1433,1,86,8,26040
4737,1433,1,340,8,26040
4738,1433,1,5,5,26040
4739,1433,1,170,2,26040
4740,1434,1,28,2,26040
4741,1434,1,2562,1,26040
4742,1434,1,1584,2,26040
4743,1434,1,422,7,26040
4744,1435,1,20,6,26040
4745,1435,1,486,3,26040
4746,1435,1,1965,4,26040
4747,1435,1,1,6,26040
4748,1435,1,19,4,26040
4749,1435,1,113,7,26040
4750,1435,1,1613,6,26040
4751,1436,1,595,2,26100
4752,1436,1,403,5,26100
4753,1436,1,1202,8,26100
4754,1436,1,31,1,26100
4755,1437,1,296,4,26100
4756,1438,1,769,4,26160
4757,1438,1,425,7,26160
4758,1438,1,320,10,26160
4759,1438,1,157,1,26160
4760,1438,1,631,9,26160
4761,1438,1,2534,2,26160
4762,1438,1,602,4,26160
4763,1438,1,1795,2,26160
4764,1438,1,787,4,26160
4765,1439,1,91,6,26160
4766,1439,1,285,8,26160
4767,1439,1,1789,2,26160
4768,1439,1,777,10,26160
4769,1439,1,1136,4,26160
4770,1439,1,794,8,26160
4771,1439,1,2,5,26160
4772,1439,1,1359,2,26160
4773,1440,1,603,7,26160
4774,1440,1,724,6,26160
4775,1440,1,1717,2,26160
4776,1440,1,1367,8,26160
4777,1440,1,229,4,26160
4778,1440,1,596,12,26160
4779,1441,1,49,2,26160
4780,1441,1,1,9,26160
4781,1441,1,953,6,26160
4782,1442,1,819,4,26220
4783,1442,1,674,6,26220
4784,1443,1,863,10,26220
4785,1443,1,2617,3,26220
4786,1443,1,1870,2,26220
4787,1444,1,228,4,26280
4788,1445,1,11,6,26280
4789,1446,1,1,6,26280
4790,1446,1,1909,2,26280
4791,1446,1,2090,2,26280
4792,1446,1,2,10,26280
4793,1446,1,352,8,26280
4794,1446,1,756,2,26280
4795,1447,1,340,6,26340
4796,1447,1,231,8,26340
4797,1448,1,176,1,26340
4798,1449,1,204,8,26340
4799,1449,1,793,10,26340
4800,1449,1,920,10,26340
4801,1449,1,217,5,26340
4802,1449,1,59,7,26340
4803,1450,1,83,3,26340
4804,1450,1,2297,3,26340
4805,1450,1,148,10,26340
4806,1450,1,2932,4,26340
4807,1450,1,1816,2,26340
4808,1450,1,177,10,26340
4809,1451,1,83,4,26340
4810,1451,1,927,2,26340
4811,1451,1,37,4,26340
4812,1452,1,1295,2,26340
4813,1452,1,213,10,26340
4814,1452,1,89,8,26340
4815,1452,1,1656,2,26340
4816,1452,1,490,4,26340
4817,1453,1,675,8,26400
4818,1453,1,142,6,26400
4819,1453,1,205,2,26400
4820,1454,1,1265,3,26400
4821,1454,1,272,2,26400
4822,1455,1,134,10,26460
4823,1456,1,66,4,26460
4824,1456,1,177,4,26460
4825,1457,1,166,8,26460
4826,1457,1,30,8,26460
4827,1457,1,61,12,26460
4828,1458,1,626,10,26460
4829,1459,1,738,11,26520
4830,1459,1,6,4,26520
4831,1460,1,549,1,26520
4832,1460,1,142,10,26520
4833,1460,1,2,6,26520
4834,1461,1,112,11,26520
4835,1461,1,710,2,26520
4836,1461,1,1313,6,26520
4837,1462,1,135,4,26580
4838,1462,1,137,7,26580
4839,1463,1,467,10,26580
4840,1463,1,277,7,26580
4841,1464,1,7,5,26580
4842,1464,1,89,3,26580
4843,1464,1,405,2,26580
4844,1465,1,1601,8,26580
4845,1465,1,577,6,26580
4846,1465,1,200,3,26580
4847,1465,1,631,6,26580
4848,1465,1,828,3,26580
4849,1465,1,23,10,26580
4850,1466,1,650,8,26640
4851,1466,1,67,8,26640
4852,1467,1,3042,3,26640
4853,1467,1,424,6,26640
4854,1468,1,54,10,26700
4855,1468,1,357,6,26700
4856,1468,1,124,5,26700
4857,1468,1,1897,4,26700
4858,1469,1,1108,8,26700
4859,1469,1,1278,7,26700
4860,1469,1,3001,2,26700
4861,1470,1,725,8,26700
4862,1470,1,37,9,26700
4863,1470,1,619,10,26700
4864,1470,1,763,8,26700
4865,1470,1,126,5,26700
4866,1470,1,123,8,26700
4867,1471,1,59,2,26700
4868,1471,1,682,3,26700
4869,1472,1,1272,2,26700
4870,1472,1,262,10,26700
4871,1472,1,731,4,26700
4872,1473,1,66,4,26700
4873,1474,1,146,8,26820
4874,1474,1,99,10,26820
4875,1474,1,797,6,26820
4876,1474,1,1059,1,26820
4877,1474,1,794,4,26820
4878,1475,1,577,8,26820
4879,1476,1,272,3,26820
4880,1476,1,976,10,26820
4881,1477,1,216,2,26820
4882,1478,1,216,3,26820
4883,1478,1,1873,3,26820
4884,1478,1,2150,2,26820
4885,1479,1,8,8,26880
4886,1480,1,60,10,26880
4887,1480,1,233,10,26880
4888,1480,1,18,7,26880
4889,1480,1,115,9,26880
4890,1480,1,4,7,26880
4891,1481,1,310,8,26940
4892,1481,1,331,2,26940
4893,1482,1,2142,2,26940
4894,1483,1,17,6,26940
4895,1483,1,1227,6,26940
4896,1483,1,1150,5,26940
4897,1483,1,109,7,26940
4898,1484,1,282,4,26940
4899,1485,1,437,7,26940
4900,1485,1,2994,3,26940
4901,1485,1,258,11,26940
4902,1485,1,204,6,26940
4903,1485,1,614,1,26940
4904,1486,1,1720,4,27000
4905,1486,1,342,5,27000
4906,1486,1,29,6,27000
4907,1487,1,861,3,27000
4908,1488,1,1234,4,27000
4909,1488,1,1192,2,27000
4910,1489,1,535,3,27060
4911,1490,1,1836,3,27060
4912,1491,1,444,11,27120
4913,1491,1,93,9,27120
4914,1492,1,986,4,27120
4915,1492,1,104,6,27120
4916,1493,1,24,7,27180
4917,1493,1,270,8,27180
4918,1493,1,249,2,27180
4919,1493,1,1634,2,27180
4920,1493,1,2250,2,27180
4921,1493,1,687,2,27180
4922,1494,1,294,8,27240
4923,1494,1,990,10,27240
4924,1494,1,1502,3,27240
4925,1495,1,1052,10,27240
4926,1495,1,71,9,27240
4927,1496,1,342,10,27240
4928,1496,1,896,11,27240
4929,1496,1,83,8,27240
4930,1496,1,491,1,27240
4931,1496,1,1132,7,27240
4932,1497,1,76,4,27240
4933,1498,1,55,3,27300
4934,1498,1,162,6,27300
4935,1498,1,623,6,27300
4936,1499,1,773,8,27300
4937,1500,1,377,8,27300
4938,1500,1,158,3,27300
4939,1500,1,30,11,27300
4940,1501,1,651,6,27300
4941,1501,1,103,3,27300
4942,1501,1,1668,3,27300
4943,1502,1,524,8,27300
4944,1502,1,567,4,27300
4945,1503,1,61,10,27300
4946,1504,1,99,6,27360
4947,1504,1,183,1,27360
4948,1505,1,349,2,27360
4949,1505,1,73,3,27360
4950,1505,1,288,7,27360
4951,1505,1,227,6,27360
4952,1505,1,406,4,27360
4953,1505,1,455,2,27360
4954,1506,1,61,11,27360
4955,1506,1,1939,2,27360
4956,1506,1,457,4,27360
4957,1506,1,44,8,27360
4958,1506,1,175,9,27360
4959,1507,1,51,6,27420
4960,1507,1,72,9,27420
4961,1507,1,369,10,27420
4962,1507,1,1509,7,27420
4963,1507,1,374,4,27420
4964,1507,1,714,1,27420
4965,1508,1,469,8,27420
4966,1508,1,120,6,27420
4967,1509,1,87,6,27420
4968,1509,1,1471,4,27420
4969,1510,1,3117,3,27420
4970,1510,1,1063,2,27420
4971,1511,1,744,8,27420
4972,1512,1,633,9,27480
4973,1512,1,35,12,27480
4974,1513,1,618,3,27480
4975,1513,1,9,2,27480
4976,1513,1,168,11,27480
4977,1513,1,2758,2,27480
4978,1513,1,1332,4,27480
4979,1513,1,2190,2,27480
4980,1513,1,146,2,27480
4981,1514,1,982,8,27480
4982,1514,1,1309,4,27480
4983,1514,1,929,4,27480
4984,1514,1,346,5,27480
4985,1515,1,1,8,27480
4986,1516,1,111,5,27540
4987,1516,1,641,4,27540
4988,1516,1,163,8,27540
4989,1516,1,175,8,27540
4990,1516,1,604,10,27540
4991,1516,1,96,5,27540
4992,1516,1,114,3,27540
4993,1517,1,0,4,27540
4994,1517,1,3,3,27540
4995,1517,1,156,6,27540
4996,1517,1,1041,5,27540
4997,1518,1,1259,1,27540
4998,1518,1,223,11,27540
4999,1518,1,1793,2,27540
5000,1518,1,173,6,27540
5001,1518,1,49,4,27540
5002,1518,1,284,4,27540
5003,1519,1,462,2,27600
5004,1519,1,95,11,27600
5005,1519,1,465,11,27600
5006,1519,1,2162,2,27600
5007,1520,1,647,12,27600
5008,1521,1,3198,1,27660
5009,1522,1,1772,3,27660
5010,1523,1,1194,4,27660
5011,1524,1,2218,2,27660
5012,1524,1,488,1,27660
5013,1524,1,2951,3,27660
5014,1524,1,944,6,27660
5015,1525,1,2372,2,27720
5016,1525,1,1037,5,27720
5017,1525,1,424,1,27720
5018,1525,1,1322,10,27720
5019,1525,1,8,8,27720
5020,1526,1,667,9,27720
5021,1526,1,254,8,27720
5022,1526,1,116,3,27720
5023,1526,1,1396,4,27720
5024,1526,1,124,6,27720
5025,1527,1,338,4,27720
5026,1527,1,305,3,27720
5027,1528,1,1813,2,27720
5028,1529,1,1238,3,27720
5029,1529,1,366,9,27720
5030,1529,1,666,6,27720
5031,1529,1,596,9,27720
5032,1529,1,655,4,27720
5033,1529,1,280,2,27720
5034,1529,1,304,3,27720
5035,1529,1,768,6,27720
5036,1530,1,183,2,27720
5037,1530,1,803,12,27720
5038,1530,1,2084,2,27720
5039,1530,1,281,9,27720
5040,1531,1,581,4,27780
5041,1531,1,747,3,27780
5042,1531,1,164,8,27780
5043,1532,1,191,6,27780
5044,1532,1,200,6,27780
5045,1533,1,56,8,27780
5046,1533,1,3247,2,27780
5047,1533,1,71,3,27780
5048,1533,1,70,7,27780
5049,1533,1,565,10,27780
5050,1533,1,140,2,27780
5051,1533,1,105,10,27780
5052,1534,1,97,3,27780
5053,1534,1,1540,8,27780
5054,1535,1,557,12,27780
5055,1536,1,793,5,27840
5056,1536,1,891,2,27840
5057,1536,1,113,3,27840
5058,1536,1,692,6,27840
5059,1537,1,1860,6,27840
5060,1537,1,85,12,27840
5061,1538,1,1240,5,27840
5062,1538,1,93,9,27840
5063,1538,1,271,2,27840
5064,1538,1,2477,4,27840
5065,1539,1,276,4,27840
5066,1539,1,386,4,27840
5067,1539,1,3,4,27840
5068,1539,1,137,6,27840
5069,1539,1,1101,9,27840
5070,1539,1,204,6,27840
5071,1539,1,27,1,27840
5072,1540,1,560,6,27840
5073,1540,1,29,10,27840
5074,1541,1,17,4,27840
5075,1541,1,2817,4,27840
5076,1542,1,17,4,27900
5077,1543,1,176,11,27900
5078,1543,1,1295,1,27900
5079,1544,1,153,10,27900
5080,1545,1,1108,4,27900
5081,1545,1,1636,9,27900
5082,1546,1,51,8,27900
5083,1546,1,1243,6,27900
5084,1546,1,344,10,27900
5085,1547,1,1173,10,27960
5086,1547,1,1514,2,27960
5087,1547,1,35,8,27960
5088,1548,1,1443,4,27960
5089,1549,1,27,9,27960
5090,1549,1,1652,8,27960
5091,1550,1,1180,6,27960
5092,1550,1,252,7,27960
5093,1551,1,1196,9,28020
5094,1551,1,30,8,28020
5095,1551,1,25,4,28020
5096,1552,1,582,2,28020
5097,1552,1,161,4,28020
5098,1552,1,844,8,28020
5099,1552,1,1103,5,28020
5100,1552,1,426,11,28020
5101,1552,1,3009,2,28020
