pod_id,item_id,qty,order_id,processed_time,task_type,trigger,opp_score,trip_start,trip_duration
150,1552,12,-81,46,1,,
319,0,8,-72,53,1,,
319,0,8,-60,53,1,,
319,0,4,-18,53,1,,
168,139,2,-81,64,1,,
168,14,11,-69,64,1,,
54,1545,8,-86,71,1,,
54,63,9,-61,71,1,,
54,46,5,-79,71,1,,
418,222,9,-60,76,1,,
418,239,8,-1,76,1,,
282,20,12,-73,81,1,,
326,605,10,-52,93,1,,
326,459,7,-25,93,1,,
454,602,9,-83,95,1,,
379,1058,8,-83,107,1,,
162,10,7,-1,110,1,,
162,10,10,-72,110,1,,
162,192,10,-1,110,1,,
107,1303,4,-92,114,1,,
134,130,11,-61,121,1,,
134,39,10,-79,121,1,,
40,29,2,-72,125,1,,
40,29,4,-57,125,1,,
40,29,5,-30,125,1,,
486,1175,12,-83,130,1,,
414,158,1,-57,143,1,,
414,145,12,-1,143,1,,
340,304,6,-40,144,1,,
340,304,9,-80,144,1,,
204,1844,4,-77,148,1,,
180,104,5,-96,157,1,,
180,104,5,-72,157,1,,
142,1507,8,-79,157,1,,
391,316,10,-1,171,1,,
357,2677,3,-97,180,1,,
338,109,5,-52,188,1,,
338,109,6,-79,188,1,,
338,244,6,-86,188,1,,
338,100,5,-61,188,1,,
445,423,10,-1,189,1,,
410,93,3,-85,189,1,,
462,775,11,-79,205,1,,
208,1869,2,-60,213,1,,
208,149,7,-1,213,1,,
362,156,2,-32,219,1,,
362,156,6,-79,219,1,,
254,2122,3,-97,220,1,,
388,199,9,-1,232,1,,
407,66,8,-79,233,1,,
409,70,9,-1,247,1,,
427,683,8,-32,247,1,,
216,1912,2,-69,250,1,,
298,15,8,-57,259,1,,
0,41,4,-79,268,1,,
0,1593,2,-25,268,1,,
339,109,5,-1,271,1,,
339,85,3,-1,271,1,,
411,98,5,0,279,1,,
470,906,8,-1,283,1,,
456,647,6,-79,283,1,,
412,108,6,-12,302,1,,
283,2,6,-79,307,1,,
419,267,5,-61,315,1,,
151,16,7,-22,320,1,,
322,389,6,-49,326,1,,
439,261,7,-30,330,1,,
413,114,8,-15,341,1,,
320,61,11,-35,356,1,,
282,38,5,-42,357,1,,
473,960,2,-15,361,1,,
422,399,6,-1,363,1,,
79,7,4,-25,373,1,,
222,1954,7,-72,379,1,,
438,227,6,-1,389,1,,
122,1394,3,-40,392,1,,
321,196,8,-29,409,1,,
444,405,4,-86,412,1,,
459,711,6,-57,416,1,,
414,137,5,-35,418,1,,
415,154,4,-79,419,1,,
323,0,4,-18,423,1,,
257,2139,2,-86,428,1,,
437,174,6,5,429,1,,
229,276,5,-1,432,1,,
483,3224,4,5,436,1,,
80,4,8,-82,442,1,,
424,519,6,-59,461,1,,
267,2198,2,-25,473,1,,
188,1763,2,-61,477,1,,
331,2535,3,-22,478,1,,
360,60,4,-1,485,1,,
394,478,8,-19,495,1,,
388,198,2,-53,505,1,,
352,713,2,-1,509,1,,
200,185,2,-79,514,1,,
395,514,9,-13,514,1,,
370,529,2,-79,520,1,,
128,1,1,-1,536,1,,
178,1705,2,1,545,1,,
234,131,8,-13,549,1,,
456,647,4,-96,558,1,,
445,413,6,5,558,1,,
343,2597,4,-9,563,1,,
382,18,6,-13,568,1,,
416,173,9,-9,576,1,,
486,1183,2,-99,577,1,,
383,17,12,-39,586,1,,
59,7,7,1,586,1,,
113,13,4,-99,606,1,,
113,177,10,-99,606,1,,
413,138,10,5,613,1,,
413,137,7,-59,613,1,,
413,2918,4,-19,613,1,,
413,-1,-1,-999,613,2,v14_piggyback,4.0,613,0
39,9,3,5,626,1,,
39,44,6,-45,626,1,,
105,115,10,-11,627,1,,
105,3,6,-11,627,1,,
121,1386,2,-52,631,1,,
409,86,4,-49,642,1,,
409,84,5,-39,642,1,,
450,523,6,-11,644,1,,
471,927,2,-86,650,1,,
396,570,7,-78,653,1,,
54,5,5,-11,654,1,,
54,1614,2,-7,654,1,,
264,183,6,-5,664,1,,
447,482,8,-78,665,1,,
254,2127,2,-25,678,1,,
459,718,6,-24,683,1,,
470,911,2,-5,691,1,,
358,49,6,-7,692,1,,
135,147,4,-13,701,1,,
229,400,6,-11,702,1,,
268,2204,2,-7,706,1,,
437,174,8,-59,714,1,,
371,529,1,-1,716,1,,
442,362,6,-100,723,1,,
129,1,6,-100,732,1,,
386,80,1,-25,735,1,,
467,864,3,-39,745,1,,
104,1283,1,-61,759,1,,
372,650,8,-51,761,1,,
427,627,3,-13,770,1,,
266,2194,2,-13,782,1,,
290,291,2,-39,799,1,,
431,907,4,-62,802,1,,
0,37,6,-76,812,1,,
0,19,3,-70,812,1,,
310,2422,2,-14,817,1,,
76,24,9,-62,818,1,,
428,683,8,-76,823,1,,
410,87,10,-70,842,1,,
464,819,12,-71,851,1,,
128,39,9,-70,855,1,,
134,107,10,-89,865,1,,
418,241,8,-70,867,1,,
472,950,6,-3,871,1,,
312,408,9,-3,884,1,,
387,171,2,2,888,1,,
387,171,10,-71,888,1,,
387,72,5,-71,888,1,,
1,37,10,8,895,1,,
59,7,10,-71,902,1,,
108,1,10,-89,916,1,,
450,535,8,-67,922,1,,
450,533,10,-26,922,1,,
450,524,12,-14,922,1,,
487,3249,2,-21,929,1,,
440,311,7,-98,941,1,,
198,184,2,-62,942,1,,
198,317,6,-71,942,1,,
445,416,6,-45,952,1,,
154,43,12,-98,958,1,,
256,411,5,8,966,1,,
224,83,6,-98,970,1,,
40,29,6,27,979,1,,
40,3,12,32,979,1,,
415,167,12,-75,989,1,,
432,907,10,-71,993,1,,
447,463,3,-27,993,1,,
2,51,6,-98,1000,1,,
388,198,1,-89,1010,1,,
388,94,4,-89,1010,1,,
388,127,7,13,1010,1,,
409,68,3,23,1014,1,,
409,92,6,26,1014,1,,
3,51,11,-75,1024,1,,
3,41,5,-93,1024,1,,
474,988,11,13,1025,1,,
448,491,8,-46,1027,1,,
411,93,4,23,1034,1,,
121,1386,2,-27,1038,1,,
129,39,10,13,1039,1,,
441,315,3,26,1045,1,,
210,231,12,-75,1054,1,,
0,3,4,-41,1078,1,,
0,46,9,-41,1078,1,,
298,54,2,2,1081,1,,
298,15,8,13,1081,1,,
416,169,6,-93,1084,1,,
315,2449,2,-59,1088,1,,
442,360,6,32,1090,1,,
454,616,8,-93,1095,1,,
420,300,5,-71,1106,1,,
472,953,11,-21,1130,1,,
115,1351,8,-74,1141,1,,
367,372,7,-41,1148,1,,
1,46,2,-90,1152,1,,
1,46,5,-88,1152,1,,
60,7,4,-41,1155,1,,
410,84,8,-71,1160,1,,
199,149,1,25,1168,1,,
199,260,11,-74,1168,1,,
85,8,5,32,1168,1,,
288,77,4,-89,1175,1,,
390,266,5,-41,1178,1,,
446,446,7,-88,1178,1,,
384,2792,3,32,1183,1,,
384,52,2,-50,1183,1,,
220,240,6,-74,1188,1,,
439,268,5,-74,1207,1,,
366,357,2,11,1216,1,,
389,250,1,-5,1219,1,,
463,785,2,-62,1225,1,,
427,719,5,-75,1237,1,,
445,427,12,23,1242,1,,
445,416,8,-41,1242,1,,
360,60,4,-75,1243,1,,
438,3027,2,-41,1256,1,,
368,357,4,-75,1268,1,,
76,24,8,-64,1273,1,,
76,3,4,-55,1273,1,,
447,469,5,-46,1276,1,,
447,469,9,40,1276,1,,
474,980,10,-50,1290,1,,
50,88,10,-17,1291,1,,
327,2516,1,-59,1297,1,,
391,236,12,-64,1306,1,,
419,283,6,-17,1308,1,,
415,159,4,-88,1311,1,,
460,733,6,-55,1315,1,,
409,84,7,-46,1321,1,,
454,608,12,-90,1336,1,,
454,611,3,-74,1336,1,,
486,1177,6,-28,1340,1,,
382,17,4,-55,1343,1,,
452,578,6,-36,1345,1,,
441,324,6,-98,1354,1,,
392,313,8,28,1355,1,,
388,199,10,31,1369,1,,
139,170,10,28,1377,1,,
242,2061,1,-98,1390,1,,
242,2062,4,31,1390,1,,
140,43,10,3,1391,1,,
253,2117,4,-74,1399,1,,
141,43,8,53,1427,1,,
450,539,5,38,1435,1,,
320,0,4,38,1442,1,,
229,400,8,3,1442,1,,
446,445,8,-48,1448,1,,
446,438,12,31,1448,1,,
258,2148,3,-90,1454,1,,
289,77,8,38,1457,1,,
77,47,7,28,1465,1,,
77,4,10,39,1465,1,,
439,274,10,-36,1468,1,,
321,0,8,16,1468,1,,
322,0,12,19,1485,1,,
230,25,6,39,1486,1,,
230,420,10,39,1486,1,,
243,59,12,-47,1487,1,,
445,423,10,38,1499,1,,
445,-1,-1,-999,1499,2,v14_piggyback,2.0,1499,0
131,1439,3,28,1505,1,,
131,1,4,62,1505,1,,
131,89,7,62,1505,1,,
447,482,7,31,1506,1,,
78,2613,4,19,1517,1,,
78,9,9,63,1517,1,,
345,544,9,39,1518,1,,
463,788,8,3,1530,1,,
469,886,6,-47,1533,1,,
324,0,10,42,1533,1,,
286,27,6,47,1545,1,,
389,208,6,62,1547,1,,
155,1573,3,-47,1551,1,,
323,71,8,20,1555,1,,
323,61,8,20,1555,1,,
367,2721,3,-74,1561,1,,
135,147,6,59,1568,1,,
438,237,8,-17,1576,1,,
438,204,6,-28,1576,1,,
214,207,3,-64,1586,1,,
214,1904,3,39,1586,1,,
410,74,4,16,1593,1,,
410,93,6,20,1593,1,,
283,77,5,53,1607,1,,
424,532,4,28,1613,1,,
180,104,8,56,1621,1,,
287,27,8,56,1633,1,,
388,80,3,56,1639,1,,
79,58,10,20,1641,1,,
136,147,8,56,1651,1,,
395,600,7,42,1657,1,,
446,450,6,47,1660,1,,
441,343,6,39,1661,1,,
0,41,2,-48,1666,1,,
390,208,6,63,1669,1,,
414,150,4,39,1677,1,,
364,322,9,42,1684,1,,
443,384,4,39,1684,1,,
396,595,4,75,1693,1,,
137,147,4,19,1706,1,,
417,219,2,-47,1717,1,,
264,33,3,39,1720,1,,
352,592,2,47,1721,1,,
415,173,5,20,1723,1,,
72,2186,3,-64,1726,1,,
256,279,2,47,1728,1,,
131,1438,4,47,1749,1,,
44,9,10,-16,1764,1,,
44,19,8,-16,1764,1,,
44,1279,2,-16,1764,1,,
44,5,10,-16,1764,1,,
168,1653,2,-74,1776,1,,
407,40,12,33,1781,1,,
1,22,9,33,1796,1,,
411,93,4,84,1796,1,,
120,1384,2,56,1799,1,,
299,124,2,-90,1807,1,,
416,159,2,74,1816,1,,
413,145,9,33,1817,1,,
413,135,7,61,1817,1,,
413,-1,-1,-999,1817,2,v14_piggyback,4.0,1817,0
386,146,1,71,1819,1,,
300,57,2,-2,1831,1,,
453,594,11,-16,1832,1,,
442,353,2,74,1834,1,,
273,230,2,61,1845,1,,
273,278,7,-43,1845,1,,
451,559,6,21,1856,1,,
423,444,10,-16,1859,1,,
128,115,3,21,1864,1,,
143,1513,2,21,1870,1,,
422,414,9,61,1872,1,,
447,457,9,39,1885,1,,
129,141,12,66,1892,1,,
19,1361,4,21,1901,1,,
200,185,8,-16,1906,1,,
130,1,6,73,1924,1,,
130,1,7,68,1924,1,,
191,1778,4,66,1933,1,,
441,328,12,31,1942,1,,
441,342,6,-47,1942,1,,
441,325,6,47,1942,1,,
193,228,10,65,1942,1,,
395,2840,2,-47,1947,1,,
389,210,5,-16,1951,1,,
410,2907,4,59,1957,1,,
301,124,9,-84,1959,1,,
414,154,12,21,1961,1,,
414,155,8,73,1961,1,,
454,615,1,-84,1963,1,,
326,530,8,18,1975,1,,
289,229,4,-16,1981,1,,
124,1404,6,18,1994,1,,
124,45,8,18,1994,1,,
440,295,7,18,2004,1,,
0,9,9,91,2013,1,,
0,30,12,91,2013,1,,
332,780,9,91,2026,1,,
306,2401,3,-16,2029,1,,
385,72,7,18,2036,1,,
76,2543,4,33,2041,1,,
235,2023,2,-16,2051,1,,
384,42,10,81,2052,1,,
333,697,10,-20,2058,1,,
382,17,5,78,2060,1,,
445,428,8,73,2070,1,,
461,757,8,-56,2072,1,,
161,1606,4,73,2077,1,,
417,189,2,58,2088,1,,
417,195,5,91,2088,1,,
452,568,12,12,2091,1,,
257,296,2,-16,2095,1,,
383,18,4,68,2098,1,,
394,2835,3,-34,2103,1,,
229,95,6,12,2128,1,,
229,25,5,41,2128,1,,
299,26,3,18,2145,1,,
299,2365,2,18,2145,1,,
96,3,5,12,2148,1,,
96,1233,10,41,2148,1,,
418,232,8,-31,2153,1,,
300,15,7,99,2169,1,,
198,81,7,12,2170,1,,
198,317,9,41,2170,1,,
447,460,9,12,2182,1,,
451,543,8,-34,2183,1,,
451,552,9,73,2183,1,,
199,260,7,98,2184,1,,
241,284,7,-8,2193,1,,
468,882,6,92,2194,1,,
282,36,10,12,2196,1,,
158,1594,4,-31,2200,1,,
145,1521,4,18,2200,1,,
409,84,8,64,2208,1,,
182,191,8,92,2212,1,,
419,252,4,99,2219,1,,
277,2249,4,64,2222,1,,
277,434,6,10,2222,1,,
298,26,4,92,2226,1,,
441,324,7,-43,2238,1,,
439,268,8,-44,2238,1,,
481,1112,8,64,2249,1,,
188,184,8,34,2250,1,,
385,55,2,-56,2264,1,,
385,1172,8,92,2264,1,,
421,369,6,90,2276,1,,
440,305,5,-20,2286,1,,
412,122,6,12,2293,1,,
50,82,1,12,2301,1,,
50,4,4,90,2301,1,,
384,18,6,-56,2307,1,,
384,18,6,34,2307,1,,
280,278,8,82,2313,1,,
388,2812,2,12,2325,1,,
388,188,6,82,2325,1,,
242,193,8,105,2326,1,,
461,753,7,-10,2329,1,,
461,749,10,-44,2329,1,,
299,2366,2,114,2331,1,,
362,119,6,10,2334,1,,
476,1029,6,-44,2339,1,,
231,400,7,-33,2341,1,,
348,680,5,34,2352,1,,
410,93,8,114,2353,1,,
173,1678,4,12,2367,1,,
151,16,11,-33,2380,1,,
151,50,10,114,2380,1,,
129,1428,2,-55,2381,1,,
129,1429,2,-16,2381,1,,
224,181,4,18,2381,1,,
454,616,4,114,2387,1,,
437,1207,4,-44,2393,1,,
468,874,4,-44,2400,1,,
427,622,9,-33,2400,1,,
438,216,2,64,2402,1,,
447,464,6,91,2409,1,,
458,692,3,34,2445,1,,
482,1120,3,-44,2451,1,,
451,542,10,-31,2455,1,,
451,546,8,-8,2455,1,,
162,14,1,46,2457,1,,
439,268,5,93,2463,1,,
439,-1,-1,-999,2463,2,v14_piggyback,2.0,2463,0
229,205,6,118,2464,1,,
412,2913,4,82,2465,1,,
464,799,2,108,2468,1,,
158,1594,6,80,2473,1,,
389,2816,3,118,2481,1,,
436,1157,10,102,2482,1,,
395,556,2,85,2487,1,,
411,99,4,118,2500,1,,
411,97,10,106,2500,1,,
111,1326,8,106,2511,1,,
440,307,12,98,2515,1,,
338,100,8,51,2517,1,,
445,3057,4,106,2518,1,,
425,566,7,110,2528,1,,
408,1129,9,-54,2549,1,,
163,14,5,51,2563,1,,
72,2257,4,110,2570,1,,
407,40,6,79,2580,1,,
413,133,6,110,2580,1,,
413,-1,-1,-999,2580,2,v14_piggyback,4.0,2580,0
230,95,8,124,2584,1,,
437,180,2,108,2584,1,,
476,1019,4,10,2586,1,,
410,2904,4,118,2590,1,,
376,2761,2,79,2595,1,,
485,1166,6,79,2613,1,,
339,109,7,15,2620,1,,
181,104,9,83,2624,1,,
396,640,8,50,2624,1,,
299,57,6,50,2634,1,,
320,2477,2,15,2637,1,,
409,76,8,83,2659,1,,
319,899,9,77,2662,1,,
454,606,4,83,2665,1,,
256,233,11,111,2666,1,,
232,2009,1,37,2669,1,,
206,1856,2,37,2674,1,,
450,523,2,83,2679,1,,
438,204,7,104,2682,1,,
438,206,8,85,2682,1,,
458,682,8,-37,2688,1,,
134,107,5,111,2696,1,,
412,112,7,83,2701,1,,
182,1730,2,77,2711,1,,
353,787,7,77,2721,1,,
436,3016,1,106,2723,1,,
40,5,4,77,2728,1,,
448,484,11,70,2735,1,,
298,26,8,70,2747,1,,
77,24,11,55,2747,1,,
111,1328,9,37,2772,1,,
408,40,8,50,2775,1,,
414,138,8,55,2778,1,,
199,149,8,70,2787,1,,
229,123,6,130,2789,1,,
415,155,12,101,2795,1,,
231,420,8,136,2801,1,,
41,5,7,55,2818,1,,
41,44,10,132,2818,1,,
439,255,9,102,2818,1,,
439,258,6,79,2818,1,,
431,872,10,132,2832,1,,
200,144,10,96,2832,1,,
194,1789,2,136,2844,1,,
352,700,10,96,2846,1,,
416,178,8,44,2849,1,,
440,288,2,-33,2851,1,,
464,815,8,-54,2858,1,,
446,442,2,136,2869,1,,
0,46,6,54,2874,1,,
0,22,10,-4,2874,1,,
146,1526,8,96,2879,1,,
410,84,2,64,2888,1,,
410,86,4,101,2888,1,,
410,97,4,44,2888,1,,
454,615,9,122,2897,1,,
485,1166,12,111,2902,1,,
485,1161,6,70,2902,1,,
485,-1,-1,-999,2903,2,v14_piggyback,1.0,2902,1
432,901,5,44,2905,1,,
432,892,8,54,2905,1,,
170,1660,3,94,2908,1,,
188,184,8,137,2914,1,,
413,125,10,55,2920,1,,
413,-1,-1,-999,2920,2,v14_piggyback,4.0,2920,0
420,293,3,101,2936,1,,
420,263,9,-4,2936,1,,
230,95,6,112,2948,1,,
460,727,10,-4,2950,1,,
458,686,11,70,2958,1,,
109,1318,6,144,2963,1,,
384,17,3,70,2965,1,,
437,164,6,50,2975,1,,
456,654,8,-4,2984,1,,
443,365,4,112,2987,1,,
417,195,8,54,2995,1,,
457,661,6,112,2997,1,,
451,554,2,-54,3001,1,,
85,8,7,112,3009,1,,
447,466,8,44,3009,1,,
439,251,1,114,3019,1,,
414,154,8,-4,3021,1,,
293,2331,3,113,3028,1,,
466,851,8,54,3038,1,,
385,32,8,113,3042,1,,
346,2618,2,152,3045,1,,
60,7,10,152,3059,1,,
162,14,9,147,3072,1,,
462,765,2,111,3078,1,,
297,2351,3,101,3079,1,,
297,336,3,131,3079,1,,
440,311,7,55,3100,1,,
391,313,6,-66,3111,1,,
419,246,7,116,3117,1,,
84,270,4,-66,3118,1,,
386,53,11,128,3119,1,,
410,84,6,102,3131,1,,
410,-1,-1,-999,3131,2,v14_piggyback,4.0,3131,0
446,442,7,55,3132,1,,
392,316,5,55,3140,1,,
157,1583,6,128,3142,1,,
211,1883,2,147,3149,1,,
338,244,5,55,3162,1,,
432,893,2,-66,3167,1,,
339,202,8,146,3172,1,,
383,2790,2,-66,3177,1,,
475,992,5,55,3187,1,,
460,729,6,131,3197,1,,
420,283,4,128,3199,1,,
424,511,3,44,3202,1,,
411,93,8,146,3214,1,,
97,1240,10,-63,3231,1,,
128,1,2,116,3236,1,,
229,400,3,54,3242,1,,
421,387,9,-91,3243,1,,
320,0,11,43,3248,1,,
0,9,5,148,3252,1,,
481,1102,2,148,3256,1,,
50,4,8,-63,3262,1,,
457,668,12,-66,3273,1,,
337,6,9,149,3277,1,,
158,75,7,-91,3283,1,,
138,1483,2,54,3295,1,,
138,39,6,134,3295,1,,
109,13,8,43,3296,1,,
109,1317,4,153,3296,1,,
418,239,8,134,3307,1,,
93,3,10,-91,3312,1,,
93,1218,4,-91,3312,1,,
70,2163,2,-4,3334,1,,
439,251,10,-66,3336,1,,
388,2810,2,116,3338,1,,
366,337,6,-91,3345,1,,
427,627,4,134,3347,1,,
133,1454,4,160,3352,1,,
273,275,2,132,3358,1,,
413,122,6,-91,3361,1,,
413,-1,-1,-999,3361,2,v14_piggyback,4.0,3361,0
470,919,8,149,3362,1,,
444,396,1,55,3363,1,,
440,311,4,112,3370,1,,
440,-1,-1,-999,3370,2,v14_piggyback,1.0,3370,0
425,555,6,43,3376,1,,
425,536,2,153,3376,1,,
412,101,8,-63,3400,1,,
412,106,8,161,3400,1,,
387,176,7,159,3410,1,,
51,4,4,149,3416,1,,
51,46,6,153,3416,1,,
446,443,9,115,3423,1,,
446,443,9,144,3423,1,,
446,445,8,94,3423,1,,
446,-1,-1,-999,3424,2,v14_piggyback,2.0,3423,1
321,91,6,161,3427,1,,
39,44,6,151,3437,1,,
174,1686,3,160,3442,1,,
129,141,3,161,3450,1,,
129,1,12,162,3450,1,,
219,1930,3,160,3454,1,,
384,34,6,-63,3461,1,,
428,696,2,135,3462,1,,
451,543,6,-63,3473,1,,
462,765,5,86,3483,1,,
455,630,1,-91,3485,1,,
139,50,4,146,3492,1,,
411,111,7,119,3500,1,,
97,1244,6,43,3504,1,,
274,330,4,119,3509,1,,
481,1108,9,-91,3510,1,,
416,189,10,6,3529,1,,
136,1470,3,119,3544,1,,
288,36,9,6,3557,1,,
457,659,9,160,3559,1,,
444,391,12,17,3586,1,,
189,1768,4,6,3593,1,,
320,61,5,6,3601,1,,
465,835,9,4,3604,1,,
198,317,3,36,3613,1,,
0,37,10,4,3621,1,,
289,211,8,133,3621,1,,
289,20,7,133,3621,1,,
32,2141,2,149,3628,1,,
385,73,8,6,3633,1,,
338,6,12,29,3633,1,,
488,1204,2,162,3634,1,,
322,213,7,4,3647,1,,
21,28,6,165,3655,1,,
21,22,5,49,3655,1,,
21,1523,4,49,3655,1,,
422,399,7,4,3661,1,,
282,2,9,29,3670,1,,
227,23,6,29,3685,1,,
227,1982,3,49,3685,1,,
383,42,8,-65,3686,1,,
460,734,10,49,3702,1,,
479,1077,6,4,3713,1,,
163,10,8,29,3715,1,,
427,622,8,119,3720,1,,
429,800,7,165,3728,1,,
475,992,10,52,3730,1,,
438,204,7,-65,3732,1,,
438,-1,-1,-999,3732,2,v14_piggyback,5.0,3732,0
437,164,7,49,3741,1,,
256,587,6,-65,3742,1,,
80,2787,3,52,3749,1,,
80,47,9,67,3749,1,,
283,38,4,171,3749,1,,
448,497,6,171,3759,1,,
242,64,12,67,3768,1,,
415,178,6,67,3790,1,,
415,167,8,48,3790,1,,
455,628,5,-38,3801,1,,
455,629,8,36,3801,1,,
455,629,10,49,3801,1,,
274,2237,4,-23,3805,1,,
274,2236,4,171,3805,1,,
384,34,7,174,3815,1,,
420,302,11,48,3817,1,,
275,378,10,173,3818,1,,
377,991,9,167,3828,1,,
50,4,4,-65,3835,1,,
430,818,9,181,3843,1,,
462,783,11,4,3845,1,,
441,331,10,100,3859,1,,
446,436,12,151,3866,1,,
51,29,6,167,3867,1,,
153,1567,1,4,3872,1,,
153,147,8,67,3872,1,,
0,41,8,52,3884,1,,
115,1352,7,49,3888,1,,
444,395,6,-65,3891,1,,
264,90,6,29,3900,1,,
243,59,6,123,3904,1,,
243,163,9,180,3904,1,,
259,2152,4,181,3917,1,,
385,32,5,172,3929,1,,
385,31,4,100,3929,1,,
465,830,8,49,3931,1,,
382,18,6,166,3940,1,,
53,1501,4,181,3943,1,,
367,431,6,29,3955,1,,
460,727,10,48,3961,1,,
460,-1,-1,-999,3961,2,v14_piggyback,4.0,3961,0
328,2518,4,167,3970,1,,
108,1,8,48,3973,1,,
338,109,6,166,3979,1,,
424,522,8,67,3985,1,,
76,47,7,48,3995,1,,
118,1367,3,165,3999,1,,
383,52,8,167,4001,1,,
164,10,5,167,4012,1,,
416,161,6,100,4023,1,,
163,10,11,30,4029,1,,
397,666,12,76,4039,1,,
339,202,8,30,4054,1,,
339,6,9,168,4054,1,,
408,35,3,49,4058,1,,
408,40,6,7,4058,1,,
408,-1,-1,-999,4058,2,v14_piggyback,2.0,4058,0
440,282,6,4,4059,1,,
451,554,11,30,4072,1,,
128,1,10,76,4074,1,,
438,204,5,180,4080,1,,
433,1000,11,30,4090,1,,
299,15,6,67,4104,1,,
368,372,7,76,4104,1,,
368,337,7,-94,4104,1,,
478,1056,11,107,4111,1,,
439,273,6,48,4113,1,,
186,1749,4,67,4120,1,,
446,442,10,7,4120,1,,
384,17,8,107,4130,1,,
384,31,4,30,4130,1,,
157,1583,8,-94,4134,1,,
417,197,10,199,4139,1,,
340,304,3,180,4146,1,,
392,326,8,-94,4148,1,,
410,93,8,168,4161,1,,
93,13,7,-94,4161,1,,
130,1,7,168,4171,1,,
191,1778,3,123,4182,1,,
472,941,8,76,4183,1,,
273,243,5,30,4185,1,,
477,1040,7,7,4206,1,,
437,164,5,30,4215,1,,
437,-1,-1,-999,4215,2,v14_piggyback,2.0,4215,0
300,2367,2,-65,4219,1,,
393,326,6,191,4220,1,,
161,1606,2,4,4227,1,,
349,2632,2,6,4229,1,,
367,2721,4,100,4234,1,,
453,3094,2,30,4240,1,,
272,2224,2,52,4245,1,,
419,283,2,123,4252,1,,
412,114,6,-94,4258,1,,
214,1904,2,166,4268,1,,
428,736,6,-94,4270,1,,
40,5,6,-94,4281,1,,
454,610,2,199,4287,1,,
314,2445,2,48,4291,1,,
462,781,5,29,4320,1,,
41,5,5,223,4330,1,,
440,288,6,30,4333,1,,
439,274,3,44,4338,1,,
128,89,4,-94,4341,1,,
290,381,1,173,4347,1,,
438,206,11,167,4353,1,,
425,550,3,195,4359,1,,
105,13,6,224,4367,1,,
105,115,7,224,4367,1,,
192,1782,2,29,4374,1,,
450,540,3,157,4374,1,,
98,1247,1,198,4379,1,,
280,2268,2,157,4379,1,,
115,1349,3,-94,4382,1,,
445,429,2,49,4389,1,,
318,527,10,207,4396,1,,
426,555,3,157,4397,1,,
139,43,1,157,4412,1,,
86,8,12,212,4413,1,,
42,29,2,157,4417,1,,
448,486,3,207,4419,1,,
421,329,3,207,4432,1,,
288,27,2,207,4437,1,,
453,593,8,186,4466,1,,
477,1036,7,145,4474,1,,
414,138,10,176,4484,1,,
289,20,3,219,4492,1,,
338,136,4,224,4492,1,,
413,114,2,219,4497,1,,
413,-1,-1,-999,4497,2,v14_piggyback,4.0,4497,0
77,58,1,182,4506,1,,
77,24,8,233,4506,1,,
77,3,12,233,4506,1,,
75,62,7,225,4512,1,,
48,1357,1,87,4514,1,,
140,50,6,182,4516,1,,
415,155,8,226,4526,1,,
291,381,8,228,4528,1,,
273,277,2,182,4536,1,,
273,230,5,170,4536,1,,
427,617,2,182,4540,1,,
370,537,6,103,4550,1,,
439,251,7,157,4565,1,,
439,-1,-1,-999,4565,2,v14_piggyback,3.0,4565,0
7,1308,2,170,4569,1,,
49,1397,4,60,4572,1,,
0,41,6,225,4581,1,,
389,210,10,163,4588,1,,
476,1018,6,163,4600,1,,
340,202,8,163,4614,1,,
438,218,6,195,4615,1,,
38,63,5,163,4624,1,,
450,525,6,103,4626,1,,
283,128,10,163,4640,1,,
440,305,4,222,4640,1,,
272,2223,4,202,4643,1,,
200,1828,4,194,4649,1,,
264,162,6,227,4654,1,,
371,591,9,179,4668,1,,
51,4,10,204,4674,1,,
158,151,4,226,4683,1,,
386,168,8,227,4697,1,,
388,188,5,217,4706,1,,
224,286,7,204,4710,1,,
372,673,4,121,4710,1,,
188,166,2,217,4718,1,,
188,184,4,232,4718,1,,
461,748,5,204,4720,1,,
477,1036,12,87,4736,1,,
477,-1,-1,-999,4737,2,v14_piggyback,1.0,4736,1
119,1,9,95,4744,1,,
119,1376,7,95,4744,1,,
390,264,12,95,4763,1,,
373,591,8,109,4764,1,,
140,1496,9,170,4777,1,,
387,132,11,253,4777,1,,
214,271,11,95,4780,1,,
284,128,6,244,4791,1,,
128,39,6,243,4792,1,,
1,51,6,193,4802,1,,
133,703,4,245,4809,1,,
339,244,12,244,4809,1,,
354,2661,2,193,4813,1,,
412,125,4,163,4819,1,,
134,130,8,193,4825,1,,
441,319,4,232,4828,1,,
452,565,3,217,4836,1,,
129,110,10,215,4839,1,,
445,426,4,143,4845,1,,
131,1,4,193,4846,1,,
446,438,8,215,4857,1,,
451,543,6,164,4884,1,,
451,-1,-1,-999,4885,2,v14_piggyback,3.0,4884,1
358,11,4,243,4893,1,,
476,1025,11,194,4894,1,,
109,45,6,155,4896,1,,
109,1,9,35,4896,1,,
120,1,6,164,4905,1,,
75,62,4,164,4914,1,,
440,281,6,244,4928,1,,
395,570,10,169,4929,1,,
359,11,9,127,4930,1,,
379,2772,3,164,4937,1,,
338,100,6,259,4940,1,,
386,127,5,95,4948,1,,
27,1800,2,95,4955,1,,
488,1202,1,217,4969,1,,
467,856,4,204,4972,1,,
419,2946,2,198,4979,1,,
487,1193,3,194,4982,1,,
456,655,12,268,4984,1,,
301,152,1,232,4996,1,,
135,130,6,268,5001,1,,
135,39,6,265,5001,1,,
400,773,12,237,5017,1,,
15,1225,3,35,5032,1,,
15,19,8,268,5032,1,,
152,1560,4,156,5038,1,,
104,24,1,35,5047,1,,
104,1283,9,265,5047,1,,
302,152,11,156,5053,1,,
128,1424,10,164,5057,1,,
229,420,4,156,5060,1,,
353,814,8,169,5061,1,,
409,79,2,156,5065,1,,
282,36,6,35,5073,1,,
415,154,5,156,5073,1,,
385,73,7,267,5080,1,,
474,973,6,35,5084,1,,
441,315,10,192,5087,1,,
231,95,7,281,5098,1,,
446,450,4,237,5098,1,,
384,52,10,239,5105,1,,
426,617,4,155,5107,1,,
443,380,5,35,5123,1,,
410,79,5,9,5142,1,,
360,2689,2,239,5163,1,,
440,292,4,176,5172,1,,
230,123,9,239,5187,1,,
411,96,10,206,5188,1,,
109,1318,9,169,5202,1,,
425,571,9,117,5202,1,,
241,284,4,155,5209,1,,
424,493,4,117,5212,1,,
242,193,4,284,5216,1,,
382,18,8,264,5225,1,,
423,418,2,270,5232,1,,
77,62,11,252,5233,1,,
452,561,6,201,5239,1,,
232,321,6,117,5244,1,,
62,1887,4,169,5246,1,,
383,34,11,196,5249,1,,
386,53,9,117,5259,1,,
454,615,6,201,5266,1,,
76,47,10,196,5276,1,,
76,7,11,196,5276,1,,
412,112,12,196,5293,1,,
104,1285,2,255,5303,1,,
120,1381,10,9,5307,1,,
482,1119,9,203,5317,1,,
488,1214,8,236,5318,1,,
464,809,2,169,5327,1,,
66,1943,2,35,5331,1,,
457,658,10,213,5332,1,,
358,12,12,203,5334,1,,
420,300,1,237,5338,1,,
305,256,1,215,5342,1,,
436,1142,8,272,5344,1,,
451,543,4,164,5345,1,,
451,548,4,205,5345,1,,
283,2,5,203,5361,1,,
283,36,6,274,5361,1,,
437,164,12,187,5362,1,,
41,29,7,213,5375,1,,
290,291,10,287,5375,1,,
282,38,8,287,5406,1,,
284,36,9,285,5419,1,,
426,566,10,201,5425,1,,
384,32,12,213,5425,1,,
93,13,6,274,5431,1,,
93,58,2,287,5431,1,,
443,380,5,201,5433,1,,
440,281,2,155,5438,1,,
385,34,7,203,5441,1,,
410,98,12,187,5442,1,,
466,853,7,285,5456,1,,
129,1431,2,240,5463,1,,
0,22,6,203,5468,1,,
78,88,10,294,5469,1,,
78,24,11,294,5469,1,,
454,623,4,261,5471,1,,
130,1436,6,274,5482,1,,
374,778,10,294,5483,1,,
128,115,6,262,5487,1,,
382,17,9,294,5496,1,,
267,209,7,206,5506,1,,
213,1897,2,262,5517,1,,
299,15,7,196,5518,1,,
408,1208,2,297,5521,1,,
422,414,6,274,5527,1,,
306,376,7,187,5531,1,,
473,961,7,303,5536,1,,
199,317,4,298,5543,1,,
343,473,10,262,5557,1,,
171,14,3,206,5564,1,,
171,1669,3,206,5564,1,,
1,22,11,299,5574,1,,
409,76,7,296,5575,1,,
482,1125,10,274,5588,1,,
131,39,4,187,5591,1,,
283,77,7,304,5605,1,,
298,54,9,308,5607,1,,
418,241,4,187,5614,1,,
321,61,6,274,5614,1,,
443,370,7,303,5615,1,,
415,178,7,304,5626,1,,
464,801,10,240,5630,1,,
261,2166,4,187,5638,1,,
123,39,10,304,5654,1,,
123,1399,10,304,5654,1,,
467,856,6,264,5665,1,,
419,246,10,69,5668,1,,
198,81,5,203,5675,1,,
200,260,11,69,5683,1,,
392,462,4,274,5684,1,,
410,87,8,306,5689,1,,
402,944,4,69,5690,1,,
178,1709,2,69,5695,1,,
427,690,4,206,5696,1,,
451,546,4,287,5710,1,,
231,2004,3,69,5714,1,,
466,847,4,-6,5717,1,,
456,656,2,206,5717,1,,
331,2536,2,69,5728,1,,
104,1287,3,196,5728,1,,
201,144,2,9,5732,1,,
128,1425,8,297,5739,1,,
93,13,4,299,5746,1,,
326,520,8,283,5751,1,,
244,2073,4,-6,5763,1,,
389,199,6,14,5774,1,,
454,608,8,262,5776,1,,
454,-1,-1,-999,5776,2,v14_piggyback,2.0,5776,0
378,1024,4,285,5797,1,,
417,217,12,14,5805,1,,
413,143,5,14,5813,1,,
413,-1,-1,-999,5813,2,v14_piggyback,4.0,5813,0
400,731,2,203,5814,1,,
412,122,9,312,5826,1,,
449,506,4,14,5833,1,,
361,2695,4,126,5839,1,,
361,-1,-1,-999,5840,2,v14_piggyback,3.0,5839,1
327,448,5,247,5844,1,,
327,451,11,286,5844,1,,
405,1017,8,246,5844,1,,
404,994,5,301,5859,1,,
473,957,8,266,5867,1,,
473,955,10,139,5867,1,,
376,969,8,238,5870,1,,
242,64,8,301,5882,1,,
475,1001,12,286,5884,1,,
362,69,6,235,5892,1,,
75,62,9,301,5895,1,,
159,269,8,286,5896,1,,
447,475,6,286,5905,1,,
443,374,4,196,5906,1,,
306,2403,3,154,5915,1,,
363,172,7,283,5915,1,,
401,782,5,286,5923,1,,
2,37,11,315,5936,1,,
61,7,8,315,5948,1,,
364,119,4,208,5951,1,,
321,2483,2,196,5958,1,,
320,71,7,210,5975,1,,
120,1384,3,286,5979,1,,
365,156,3,271,5992,1,,
482,1113,2,206,6000,1,,
152,16,10,310,6000,1,,
366,200,9,178,6015,1,,
133,1450,2,126,6018,1,,
164,10,5,302,6020,1,,
164,16,10,302,6020,1,,
252,2114,2,312,6031,1,,
358,12,2,235,6036,1,,
165,10,12,279,6037,1,,
451,548,6,286,6046,1,,
449,502,6,126,6056,1,,
384,18,5,88,6059,1,,
0,28,6,310,6060,1,,
0,3,11,279,6060,1,,
153,1566,10,200,6074,1,,
385,55,6,279,6086,1,,
385,52,3,200,6086,1,,
264,90,5,263,6092,1,,
444,409,2,14,6097,1,,
235,2022,4,88,6106,1,,
353,2655,4,279,6107,1,,
353,814,11,320,6107,1,,
408,40,4,88,6113,1,,
322,1104,10,317,6122,1,,
229,276,10,327,6128,1,,
182,67,6,200,6128,1,,
182,104,10,320,6128,1,,
414,150,4,305,6136,1,,
51,5,8,200,6148,1,,
51,4,6,320,6148,1,,
288,20,2,242,6162,1,,
132,39,2,246,6163,1,,
132,117,8,320,6163,1,,
386,146,3,200,6176,1,,
386,73,6,320,6176,1,,
323,196,7,290,6181,1,,
447,468,10,305,6193,1,,
447,481,6,263,6193,1,,
181,104,8,288,6205,1,,
289,128,7,325,6211,1,,
3,22,8,288,6217,1,,
463,790,3,230,6217,1,,
383,31,8,320,6222,1,,
320,196,4,230,6224,1,,
120,1381,9,320,6235,1,,
1,37,7,330,6238,1,,
1,3,9,257,6238,1,,
482,1122,6,314,6240,1,,
413,142,7,320,6245,1,,
413,-1,-1,-999,6245,2,v14_piggyback,4.0,6245,0
282,2,6,314,6249,1,,
398,666,6,327,6257,1,,
398,666,8,257,6257,1,,
479,1083,12,188,6268,1,,
407,35,7,288,6276,1,,
407,56,7,257,6276,1,,
470,921,8,278,6281,1,,
168,139,12,188,6284,1,,
321,0,9,278,6295,1,,
439,273,9,257,6296,1,,
128,177,3,188,6298,1,,
128,45,7,188,6298,1,,
172,1672,2,278,6299,1,,
384,21,4,278,6322,1,,
475,999,8,188,6330,1,,
363,194,8,88,6337,1,,
283,128,6,257,6347,1,,
378,934,4,200,6347,1,,
378,2766,3,320,6347,1,,
451,553,5,88,6363,1,,
451,548,7,288,6363,1,,
385,55,6,188,6365,1,,
299,2362,4,330,6370,1,,
444,394,10,242,6371,1,,
286,2,5,246,6376,1,,
286,2298,2,279,6376,1,,
256,471,6,200,6385,1,,
478,1050,3,88,6390,1,,
353,717,3,305,6395,1,,
280,470,2,345,6397,1,,
389,247,3,330,6403,1,,
169,75,2,331,6420,1,,
169,139,7,97,6420,1,,
428,756,2,88,6422,1,,
276,461,10,97,6434,1,,
354,744,6,289,6441,1,,
408,56,5,97,6442,1,,
289,2313,4,282,6449,1,,
107,1304,6,188,6451,1,,
366,351,6,279,6460,1,,
447,468,10,257,6464,1,,
447,-1,-1,-999,6464,2,v14_piggyback,3.0,6464,0
390,208,4,349,6471,1,,
323,2493,4,279,6481,1,,
452,576,6,300,6488,1,,
410,84,4,320,6490,1,,
266,2190,4,320,6498,1,,
461,3126,2,288,6499,1,,
285,211,11,300,6506,1,,
392,2828,3,320,6512,1,,
457,660,5,300,6514,1,,
328,649,7,300,6525,1,,
470,920,6,257,6532,1,,
398,2853,2,125,6536,1,,
164,10,4,300,6541,1,,
164,151,8,348,6541,1,,
56,1643,2,257,6545,1,,
439,255,4,302,6545,1,,
431,891,3,188,6555,1,,
395,621,1,286,6557,1,,
411,96,6,348,6564,1,,
257,233,6,326,6564,1,,
129,1431,4,338,6593,1,,
482,1123,2,279,6593,1,,
445,416,1,88,6594,1,,
429,756,8,249,6622,1,,
282,2,2,347,6624,1,,
282,38,2,175,6624,1,,
282,27,6,313,6624,1,,
477,1043,8,249,6634,1,,
444,409,1,200,6636,1,,
444,390,9,188,6636,1,,
466,854,10,313,6638,1,,
206,1856,2,188,6641,1,,
412,105,6,313,6648,1,,
377,2763,2,320,6656,1,,
284,2,12,277,6664,1,,
289,2311,4,320,6669,1,,
474,984,2,326,6677,1,,
455,632,6,363,6683,1,,
437,179,2,360,6689,1,,
123,1398,12,277,6693,1,,
1,3,9,363,6700,1,,
42,82,4,277,6700,1,,
409,74,3,313,6706,1,,
430,766,5,363,6711,1,,
408,40,3,300,6712,1,,
383,18,4,338,6720,1,,
383,-1,-1,-999,6720,2,v14_piggyback,1.0,6720,0
256,221,12,340,6728,1,,
454,615,1,315,6732,1,,
469,896,7,216,6743,1,,
416,167,10,340,6762,1,,
308,458,9,241,6765,1,,
458,692,2,316,6769,1,,
470,914,12,97,6771,1,,
157,1586,4,316,6776,1,,
457,668,8,175,6784,1,,
457,-1,-1,-999,6784,2,v14_piggyback,2.0,6784,0
417,203,6,189,6789,1,,
432,872,7,340,6808,1,,
449,3077,2,313,6817,1,,
2,22,4,361,6829,1,,
2,9,10,361,6829,1,,
439,251,6,175,6835,1,,
439,253,5,175,6835,1,,
431,844,8,216,6835,1,,
431,2993,2,316,6835,1,,
52,4,8,368,6840,1,,
254,2127,3,277,6841,1,,
113,1340,2,97,6863,1,,
282,27,10,353,6864,1,,
445,432,8,316,6866,1,,
445,432,11,291,6866,1,,
445,-1,-1,-999,6866,2,v14_piggyback,3.0,6866,0
90,3207,2,347,6867,1,,
386,55,8,364,6876,1,,
429,2987,2,323,6886,1,,
429,771,9,241,6886,1,,
370,529,2,313,6887,1,,
288,36,7,368,6894,1,,
250,2103,2,175,6911,1,,
116,3,6,364,6911,1,,
116,1360,6,353,6911,1,,
375,2754,2,348,6919,1,,
139,43,7,339,6925,1,,
444,391,8,361,6930,1,,
444,-1,-1,-999,6930,2,v14_piggyback,3.0,6930,0
337,2569,4,340,6949,1,,
372,754,11,354,6949,1,,
318,2464,3,354,6956,1,,
362,121,4,354,6964,1,,
454,612,2,190,6964,1,,
387,127,7,353,6972,1,,
458,698,8,322,6986,1,,
458,698,9,190,6986,1,,
416,167,9,189,6988,1,,
416,-1,-1,-999,6988,2,v14_piggyback,9.0,6988,0
289,36,3,374,6994,1,,
428,758,7,355,6997,1,,
476,1023,3,353,6999,1,,
132,117,4,355,7010,1,,
320,71,1,300,7015,1,,
107,1306,4,355,7017,1,,
290,229,10,355,7034,1,,
76,24,1,355,7037,1,,
131,1,12,376,7054,1,,
360,60,6,328,7064,1,,
52,4,9,356,7067,1,,
484,1159,2,355,7072,1,,
367,431,4,251,7073,1,,
439,253,10,360,7080,1,,
371,650,5,335,7083,1,,
440,282,8,218,7097,1,,
282,20,7,57,7105,1,,
264,33,3,251,7105,1,,
291,412,8,357,7117,1,,
323,0,10,218,7121,1,,
332,706,12,57,7121,1,,
323,-1,-1,-999,7121,2,v14_piggyback,1.0,7121,0
450,535,6,57,7134,1,,
485,1171,10,57,7151,1,,
224,214,6,57,7165,1,,
358,1012,8,218,7166,1,,
116,1358,5,22,7175,1,,
250,2102,2,22,7181,1,,
313,652,10,142,7182,1,,
366,337,8,218,7196,1,,
133,1,12,336,7197,1,,
404,1035,7,254,7198,1,,
384,18,3,356,7210,1,,
384,42,6,336,7210,1,,
256,221,8,140,7210,1,,
274,378,6,356,7219,1,,
446,445,5,357,7231,1,,
446,446,3,357,7231,1,,
2,3,10,292,7234,1,,
449,516,7,339,7246,1,,
475,992,5,336,7254,1,,
475,-1,-1,-999,7254,2,v14_piggyback,2.0,7254,0
215,83,6,292,7260,1,,
215,214,12,334,7260,1,,
453,590,5,376,7268,1,,
265,103,6,218,7270,1,,
265,90,12,256,7270,1,,
480,1094,4,356,7275,1,,
427,2977,2,336,7280,1,,
290,2318,2,369,7289,1,,
246,279,2,376,7305,1,,
394,449,2,254,7307,1,,
394,514,10,307,7307,1,,
417,215,2,393,7310,1,,
417,215,6,142,7310,1,,
0,28,9,334,7324,1,,
320,0,4,256,7334,1,,
320,71,12,393,7334,1,,
292,336,7,256,7346,1,,
216,214,9,307,7348,1,,
483,1128,6,142,7358,1,,
299,57,8,292,7362,1,,
439,274,6,57,7374,1,,
448,486,12,393,7377,1,,
337,6,6,218,7388,1,,
3,37,10,406,7390,1,,
416,197,7,334,7402,1,,
440,288,9,140,7403,1,,
440,-1,-1,-999,7404,2,v14_piggyback,2.0,7403,1
300,57,5,256,7414,1,,
367,398,8,292,7416,1,,
199,1821,5,393,7424,1,,
238,157,9,409,7432,1,,
454,623,10,406,7433,1,,
378,1047,5,140,7434,1,,
288,211,5,413,7445,1,,
450,535,6,280,7455,1,,
450,517,8,254,7455,1,,
450,-1,-1,-999,7455,2,v14_piggyback,3.0,7455,0
446,443,6,336,7458,1,,
360,11,4,273,7465,1,,
402,944,7,406,7467,1,,
128,45,4,256,7471,1,,
476,1014,10,324,7489,1,,
418,222,4,324,7513,1,,
418,226,10,324,7513,1,,
418,239,4,324,7513,1,,
361,69,8,324,7534,1,,
361,11,8,324,7534,1,,
361,-1,-1,-999,7535,2,v14_piggyback,3.0,7534,1
224,1964,3,406,7535,1,,
224,301,3,406,7535,1,,
252,284,4,218,7541,1,,
385,55,3,413,7542,1,,
283,20,6,324,7554,1,,
234,131,4,324,7563,1,,
264,103,4,307,7566,1,,
419,239,1,324,7568,1,,
398,685,4,256,7570,1,,
146,1529,3,334,7574,1,,
330,2529,3,218,7578,1,,
322,2486,3,292,7582,1,,
460,739,4,393,7587,1,,
438,218,3,218,7595,1,,
1,41,9,415,7597,1,,
292,2327,4,211,7619,1,,
202,1835,2,406,7621,1,,
282,2278,2,362,7628,1,,
475,989,6,218,7633,1,,
471,929,3,218,7646,1,,
236,2029,2,254,7664,1,,
448,487,4,398,7670,1,,
448,498,2,417,7670,1,,
480,1085,1,337,7678,1,,
480,1093,11,273,7678,1,,
106,1296,2,256,7682,1,,
412,122,2,393,7689,1,,
439,274,6,322,7689,1,,
439,-1,-1,-999,7690,2,v14_piggyback,1.0,7689,1
130,141,6,377,7701,1,,
476,1014,6,254,7720,1,,
420,289,10,377,7722,1,,
457,668,1,175,7727,1,,
446,450,7,324,7735,1,,
225,25,6,341,7740,1,,
455,628,1,324,7741,1,,
234,2018,3,183,7753,1,,
199,165,6,341,7756,1,,
199,81,4,341,7756,1,,
265,183,12,341,7775,1,,
443,382,5,341,7785,1,,
450,535,6,324,7790,1,,
139,50,6,341,7797,1,,
51,1464,4,260,7805,1,,
264,162,9,411,7812,1,,
188,1759,2,341,7819,1,,
411,101,9,395,7823,1,,
226,25,4,435,7828,1,,
481,1099,1,395,7835,1,,
475,992,5,336,7840,1,,
179,294,10,346,7844,1,,
162,10,2,260,7844,1,,
146,1526,4,269,7853,1,,
409,74,1,423,7857,1,,
398,671,4,426,7863,1,,
42,44,8,404,7893,1,,
42,9,4,423,7893,1,,
42,82,8,423,7893,1,,
135,130,7,391,7902,1,,
41,29,8,397,7907,1,,
173,153,10,399,7908,1,,
296,2348,2,391,7909,1,,
0,30,4,434,7916,1,,
224,286,3,426,7917,1,,
110,1323,2,434,7923,1,,
464,3136,4,397,7932,1,,
151,1553,10,383,7933,1,,
399,741,4,367,7943,1,,
106,141,9,45,7949,1,,
106,1300,2,45,7949,1,,
448,498,8,334,7964,1,,
376,951,1,341,7970,1,,
415,182,8,383,7976,1,,
291,439,7,383,7989,1,,
450,535,3,280,7998,1,,
78,24,4,367,8003,1,,
192,294,8,442,8012,1,,
449,513,8,45,8018,1,,
193,184,6,444,8024,1,,
455,634,8,426,8029,1,,
455,634,10,383,8029,1,,
455,-1,-1,-999,8029,2,v14_piggyback,1.0,8029,0
43,1266,10,45,8034,1,,
443,385,10,444,8040,1,,
300,57,8,351,8048,1,,
299,15,6,333,8052,1,,
385,55,1,444,8057,1,,
480,1093,7,45,8061,1,,
77,7,8,429,8071,1,,
77,58,11,372,8071,1,,
392,316,5,333,8075,1,,
301,54,10,431,8091,1,,
264,183,6,45,8092,1,,
439,258,11,421,8092,1,,
266,90,11,401,8121,1,,
414,150,3,350,8126,1,,
44,29,8,441,8135,1,,
442,355,8,372,8141,1,,
391,313,12,250,8148,1,,
481,1108,11,260,8152,1,,
481,-1,-1,-999,8153,2,v14_piggyback,2.0,8152,1
475,993,11,391,8158,1,,
273,277,2,350,8165,1,,
85,8,8,463,8167,1,,
440,311,2,426,8177,1,,
411,105,7,401,8179,1,,
386,80,8,403,8182,1,,
448,498,6,408,8191,1,,
448,-1,-1,-999,8191,2,v14_piggyback,2.0,8191,0
158,151,5,351,8201,1,,
361,69,10,250,8212,1,,
361,-1,-1,-999,8213,2,v14_piggyback,3.0,8212,1
288,2,2,447,8218,1,,
416,175,6,403,8224,1,,
195,1796,4,45,8234,1,,
383,34,8,457,8238,1,,
438,206,5,441,8255,1,,
438,-1,-1,-999,8256,2,v14_piggyback,5.0,8255,1
450,523,6,444,8258,1,,
450,540,7,333,8258,1,,
252,2115,3,428,8270,1,,
362,69,8,403,8272,1,,
95,1228,6,250,8283,1,,
413,137,12,428,8291,1,,
413,-1,-1,-999,8291,2,v14_piggyback,4.0,8291,0
298,54,6,403,8294,1,,
445,429,4,401,8296,1,,
488,1202,3,457,8302,1,,
437,174,7,427,8304,1,,
66,1943,3,463,8306,1,,
458,681,5,431,8312,1,,
285,211,6,427,8315,1,,
259,2156,2,427,8322,1,,
128,1,1,427,8350,1,,
419,285,3,401,8364,1,,
387,168,3,441,8372,1,,
464,806,2,442,8374,1,,
446,446,1,45,8377,1,,
439,255,4,460,8392,1,,
439,253,10,447,8392,1,,
283,27,7,452,8405,1,,
265,162,8,469,8417,1,,
388,168,12,452,8424,1,,
295,2345,2,454,8427,1,,
135,147,8,453,8431,1,,
289,36,6,418,8436,1,,
386,2803,3,454,8438,1,,
384,32,4,469,8440,1,,
389,176,6,440,8447,1,,
290,381,10,475,8455,1,,
194,228,12,469,8459,1,,
180,166,6,352,8476,1,,
415,175,5,418,8485,1,,
185,1744,9,370,8503,1,,
390,188,10,380,8504,1,,
481,1108,1,260,8506,1,,
481,1106,4,451,8506,1,,
129,116,10,373,8520,1,,
343,473,4,468,8522,1,,
214,1901,3,352,8528,1,,
117,1363,9,370,8543,1,,
132,1,5,352,8559,1,,
423,479,9,380,8565,1,,
268,2203,2,452,8572,1,,
353,787,10,458,8575,1,,
111,1331,3,418,8581,1,,
222,1952,2,352,8585,1,,
222,339,8,373,8585,1,,
222,339,8,414,8585,1,,
385,53,12,468,8593,1,,
424,444,8,412,8595,1,,
354,2659,3,468,8601,1,,
189,153,4,373,8607,1,,
189,1768,10,220,8607,1,,
62,1887,1,458,8614,1,,
338,85,8,221,8620,1,,
428,728,4,319,8624,1,,
469,3158,4,319,8633,1,,
416,161,8,221,8634,1,,
407,48,7,412,8647,1,,
344,424,12,319,8652,1,,
215,23,11,220,8653,1,,
455,636,10,276,8663,1,,
387,168,12,370,8678,1,,
387,176,5,414,8678,1,,
339,6,8,439,8691,1,,
388,127,8,469,8706,1,,
388,132,5,458,8706,1,,
370,507,7,221,8720,1,,
445,419,8,414,8725,1,,
445,425,7,-95,8725,1,,
386,72,8,477,8726,1,,
386,73,5,319,8726,1,,
389,245,6,276,8731,1,,
427,627,4,480,8746,1,,
216,23,8,388,8748,1,,
216,181,8,-95,8748,1,,
438,206,6,441,8759,1,,
173,10,8,220,8768,1,,
173,153,5,388,8768,1,,
301,2377,1,480,8777,1,,
264,103,5,276,8783,1,,
114,39,10,-95,8784,1,,
453,585,7,-95,8797,1,,
406,1129,9,437,8798,1,,
283,77,6,412,8809,1,,
484,1158,10,388,8813,1,,
463,784,1,480,8817,1,,
322,0,4,412,8819,1,,
417,195,6,373,8825,1,,
299,78,10,456,8833,1,,
361,69,6,220,8836,1,,
361,-1,-1,-999,8836,2,v14_piggyback,3.0,8836,0
476,1028,5,373,8846,1,,
61,7,10,456,8850,1,,
439,280,4,437,8860,1,,
452,568,8,456,8869,1,,
452,-1,-1,-999,8869,2,v14_piggyback,2.0,8869,0
477,1049,5,373,8872,1,,
423,479,5,221,8877,1,,
189,1767,6,-95,8889,1,,
437,186,4,449,8893,1,,
353,2655,3,319,8894,1,,
232,2009,3,412,8906,1,,
395,639,8,209,8932,1,,
320,91,8,432,8934,1,,
442,356,10,432,8948,1,,
461,750,4,-95,8951,1,,
469,889,12,419,8951,1,,
465,821,5,432,8956,1,,
157,1586,4,414,8962,1,,
396,603,10,396,8973,1,,
60,7,4,388,8988,1,,
407,66,9,396,8988,1,,
339,2579,4,470,8991,1,,
343,465,2,276,8995,1,,
464,813,4,-95,8998,1,,
388,171,12,209,9007,1,,
95,1228,4,-68,9007,1,,
428,719,7,209,9020,1,,
229,95,2,373,9020,1,,
229,205,2,-95,9020,1,,
159,1597,2,412,9028,1,,
440,311,1,380,9031,1,,
394,528,10,343,9058,1,,
367,398,4,-95,9067,1,,
141,1500,1,437,9067,1,,
468,870,12,343,9077,1,,
459,721,2,209,9090,1,,
459,714,5,209,9090,1,,
114,1342,9,443,9096,1,,
0,9,6,495,9102,1,,
480,1092,3,373,9104,1,,
61,1762,1,276,9107,1,,
246,2081,3,373,9112,1,,
419,263,2,-95,9119,1,,
437,180,8,432,9121,1,,
32,2382,2,479,9125,1,,
386,94,6,343,9130,1,,
321,804,10,479,9139,1,,
321,-1,-1,-999,9139,2,v14_piggyback,4.0,9139,0
111,1331,1,373,9161,1,,
111,110,6,507,9161,1,,
344,334,6,209,9161,1,,
461,749,8,446,9172,1,,
461,-1,-1,-999,9173,2,v14_piggyback,1.0,9172,1
2,37,7,496,9174,1,,
439,257,4,-95,9179,1,,
1,41,6,501,9185,1,,
421,2954,2,-95,9189,1,,
438,190,6,365,9197,1,,
62,7,8,491,9204,1,,
465,826,6,231,9213,1,,
128,45,4,491,9220,1,,
340,100,2,388,9224,1,,
135,107,7,491,9231,1,,
322,71,6,511,9240,1,,
220,240,6,495,9246,1,,
288,2,1,-95,9247,1,,
411,99,5,209,9257,1,,
483,1145,5,343,9267,1,,
323,0,9,489,9268,1,,
119,1373,4,343,9276,1,,
3,3,2,511,9287,1,,
3,22,12,516,9287,1,,
422,369,10,493,9297,1,,
413,122,4,493,9304,1,,
413,-1,-1,-999,9304,2,v14_piggyback,4.0,9304,0
444,397,4,209,9315,1,,
320,91,11,433,9322,1,,
416,189,8,433,9334,1,,
441,315,4,365,9338,1,,
441,-1,-1,-999,9338,2,v14_piggyback,1.0,9338,0
109,1,8,433,9346,1,,
385,42,4,433,9358,1,,
385,73,4,386,9358,1,,
339,244,7,518,9360,1,,
339,109,6,436,9360,1,,
417,225,3,501,9360,1,,
404,964,1,518,9379,1,,
404,2876,3,518,9379,1,,
404,944,9,436,9379,1,,
157,1584,4,396,9383,1,,
414,148,12,518,9397,1,,
452,568,3,456,9406,1,,
0,19,8,518,9410,1,,
333,2548,2,343,9414,1,,
148,1539,3,516,9419,1,,
148,130,8,504,9419,1,,
479,1076,3,496,9422,1,,
149,1546,3,518,9424,1,,
149,170,5,518,9424,1,,
386,55,6,504,9429,1,,
412,105,8,518,9438,1,,
73,2259,2,433,9444,1,,
73,29,5,509,9444,1,,
4,22,10,510,9454,1,,
283,2,7,518,9467,1,,
87,47,7,386,9468,1,,
87,8,10,504,9468,1,,
410,98,6,433,9477,1,,
421,308,7,510,9492,1,,
437,140,6,433,9497,1,,
332,865,10,416,9504,1,,
443,386,5,504,9506,1,,
5,37,6,474,9512,1,,
465,826,8,386,9517,1,,
289,36,6,476,9520,1,,
189,1765,1,476,9525,1,,
446,453,5,504,9526,1,,
129,1428,4,516,9532,1,,
215,23,5,504,9541,1,,
411,101,9,464,9557,1,,
411,106,9,474,9557,1,,
411,97,6,420,9557,1,,
411,99,8,420,9557,1,,
411,-1,-1,-999,9557,2,v14_piggyback,1.0,9557,0
444,403,9,476,9558,1,,
192,160,12,515,9577,1,,
243,64,11,420,9588,1,,
193,104,10,490,9594,1,,
59,1755,2,474,9607,1,,
59,3,10,420,9607,1,,
312,527,11,410,9611,1,,
370,537,4,509,9611,1,,
297,710,3,433,9620,1,,
363,254,4,487,9620,1,,
306,366,8,420,9620,1,,
364,2707,2,490,9627,1,,
285,2,11,420,9638,1,,
313,483,10,505,9643,1,,
274,2237,2,509,9647,1,,
326,609,6,474,9649,1,,
365,119,9,430,9658,1,,
216,23,6,518,9661,1,,
445,413,3,504,9672,1,,
199,165,6,464,9672,1,,
180,166,2,511,9680,1,,
186,67,3,510,9685,1,,
186,1747,4,420,9685,1,,
410,93,5,508,9703,1,,
148,1539,1,472,9704,1,,
148,1539,4,185,9704,1,,
412,133,2,504,9708,1,,
106,1301,2,185,9719,1,,
461,751,5,506,9734,1,,
417,203,7,430,9736,1,,
241,318,1,386,9743,1,,
288,77,6,410,9756,1,,
402,2870,1,504,9765,1,,
444,391,8,410,9771,1,,
273,243,3,530,9772,1,,
451,543,3,518,9779,1,,
366,194,5,538,9783,1,,
386,94,4,474,9789,1,,
263,440,3,410,9794,1,,
176,1696,3,510,9799,1,,
418,203,4,521,9806,1,,
53,1501,2,478,9816,1,,
443,382,10,420,9816,1,,
109,1318,5,402,9826,1,,
109,-1,-1,-999,9826,2,v14_piggyback,1.0,9826,0
325,2502,3,508,9827,1,,
420,285,7,535,9839,1,,
275,278,6,522,9847,1,,
314,652,8,478,9853,1,,
387,55,4,536,9856,1,,
229,205,2,510,9860,1,,
291,563,1,518,9864,1,,
438,190,2,352,9869,1,,
419,234,6,402,9870,1,,
445,417,9,499,9871,1,,
468,883,6,517,9889,1,,
234,131,8,519,9901,1,,
278,243,10,517,9919,1,,
278,2256,3,517,9919,1,,
312,2432,4,293,9921,1,,
162,14,9,502,9924,1,,
359,2686,3,517,9924,1,,
485,1167,5,517,9933,1,,
0,51,4,498,9942,1,,
360,12,10,498,9958,1,,
290,412,4,486,9963,1,,
341,304,8,379,9972,1,,
292,336,8,485,9977,1,,
446,446,1,535,9982,1,,
225,240,5,544,9988,1,,
467,868,4,455,9991,1,,
467,867,8,461,9991,1,,
224,23,7,527,9995,1,,
141,1502,3,527,10003,1,,
439,262,12,544,10008,1,,
226,1977,2,485,10010,1,,
144,1514,4,539,10015,1,,
459,704,8,539,10027,1,,
264,90,2,329,10031,1,,
441,328,6,539,10036,1,,
358,49,12,552,10052,1,,
128,89,12,525,10053,1,,
136,147,6,329,10053,1,,
386,146,6,525,10062,1,,
486,1174,8,329,10067,1,,
410,97,8,503,10074,1,,
338,6,8,392,10083,1,,
411,106,6,525,10092,1,,
145,1525,2,525,10097,1,,
199,144,12,526,10100,1,,
438,238,8,455,10112,1,,
448,487,7,503,10122,1,,
180,1719,2,329,10123,1,,
242,59,9,552,10135,1,,
242,157,8,526,10135,1,,
420,246,7,486,10141,1,,
420,263,4,329,10141,1,,
361,1012,8,526,10146,1,,
361,-1,-1,-999,10146,2,v14_piggyback,3.0,10146,0
321,61,7,526,10157,1,,
165,10,7,555,10170,1,,
419,246,3,525,10175,1,,
445,421,6,410,10182,1,,
38,28,6,461,10186,1,,
38,19,8,344,10186,1,,
38,63,6,344,10186,1,,
409,87,10,540,10189,1,,
468,874,7,455,10197,1,,
412,133,10,545,10198,1,,
129,116,5,545,10208,1,,
340,6,9,344,10212,1,,
97,1241,11,540,10212,1,,
97,13,7,540,10212,1,,
132,1446,6,554,10220,1,,
299,124,9,540,10225,1,,
414,155,7,540,10237,1,,
193,228,8,344,10237,1,,
414,-1,-1,-999,10237,2,v14_piggyback,1.0,10237,0
164,10,6,554,10242,1,,
164,16,9,389,10242,1,,
194,1792,2,389,10258,1,,
194,228,8,389,10258,1,,
467,857,11,379,10263,1,,
467,869,7,526,10263,1,,
387,127,4,540,10269,1,,
454,604,8,389,10278,1,,
244,2071,3,503,10297,1,,
64,1895,3,540,10303,1,,
401,839,7,392,10305,1,,
413,122,7,389,10308,1,,
413,-1,-1,-999,10308,2,v14_piggyback,4.0,10308,0
439,265,6,539,10312,1,,
450,525,7,344,10318,1,,
411,101,6,540,10324,1,,
274,434,6,461,10330,1,,
303,15,4,545,10364,1,,
303,2387,2,389,10364,1,,
300,57,2,497,10380,1,,
300,26,7,497,10380,1,,
190,1771,2,392,10388,1,,
190,67,7,560,10388,1,,
441,323,6,492,10392,1,,
441,323,7,371,10392,1,,
441,332,11,525,10392,1,,
441,328,8,553,10392,1,,
441,340,6,540,10392,1,,
441,331,9,540,10392,1,,
441,-1,-1,-999,10392,2,v14_piggyback,1.0,10392,0
325,2502,2,529,10396,1,,
446,446,11,562,10397,1,,
446,-1,-1,-999,10398,2,v14_piggyback,4.0,10397,1
429,771,6,379,10400,1,,
288,128,1,525,10407,1,,
415,150,8,531,10411,1,,
464,816,6,461,10411,1,,
420,246,1,525,10423,1,,
423,444,7,560,10424,1,,
407,35,2,497,10430,1,,
407,56,10,531,10430,1,,
463,797,4,344,10433,1,,
469,902,8,138,10444,1,,
242,2061,4,392,10449,1,,
313,480,2,455,10463,1,,
445,421,5,389,10468,1,,
445,425,5,138,10468,1,,
442,363,6,138,10479,1,,
409,79,2,392,10490,1,,
412,99,6,138,10501,1,,
412,125,8,562,10501,1,,
416,182,1,526,10508,1,,
399,2856,4,497,10510,1,,
321,0,2,570,10525,1,,
421,341,2,570,10529,1,,
333,2549,4,389,10533,1,,
289,20,10,556,10542,1,,
192,1780,4,497,10547,1,,
192,-1,-1,-999,10547,2,v14_piggyback,2.0,10547,0
264,103,6,570,10552,1,,
256,306,3,570,10561,1,,
430,766,4,570,10570,1,,
473,962,4,138,10572,1,,
422,329,11,559,10587,1,,
439,258,5,344,10588,1,,
439,-1,-1,-999,10588,2,v14_piggyback,5.0,10588,0
467,860,1,529,10592,1,,
241,284,4,562,10600,1,,
322,0,3,497,10608,1,,
431,844,12,494,10611,1,,
408,68,6,482,10624,1,,
395,639,10,541,10627,1,,
415,161,6,561,10634,1,,
411,112,10,570,10644,1,,
440,282,6,558,10649,1,,
407,66,3,577,10654,1,,
94,1219,3,138,10656,1,,
109,1318,3,402,10664,1,,
290,2317,2,545,10671,1,,
445,427,2,517,10677,1,,
221,1947,2,531,10684,1,,
438,249,2,562,10690,1,,
434,1033,5,512,10700,1,,
189,1766,2,554,10701,1,,
420,300,8,573,10712,1,,
409,68,9,513,10724,1,,
409,1132,10,558,10724,1,,
450,526,10,570,10729,1,,
358,11,2,554,10736,1,,
265,103,6,541,10741,1,,
112,1332,1,389,10751,1,,
432,892,6,384,10756,1,,
284,128,6,541,10768,1,,
193,228,1,389,10772,1,,
478,1063,8,541,10782,1,,
435,1027,4,405,10790,1,,
86,8,5,541,10792,1,,
446,433,10,531,10799,1,,
394,478,5,548,10802,1,,
321,0,4,541,10811,1,,
424,479,9,400,10819,1,,
421,369,3,400,10828,1,,
386,120,3,559,10838,1,,
124,1402,9,400,10841,1,,
464,809,3,494,10846,1,,
224,23,5,590,10850,1,,
313,564,9,400,10856,1,,
433,1000,8,400,10870,1,,
360,11,11,575,10875,1,,
408,66,6,577,10889,1,,
408,56,6,512,10889,1,,
291,291,8,584,10891,1,,
285,128,5,594,10903,1,,
2,3,9,576,10904,1,,
235,2023,2,576,10911,1,,
410,84,2,575,10913,1,,
403,2872,3,573,10917,1,,
412,122,3,576,10919,1,,
413,114,3,594,10921,1,,
413,-1,-1,-999,10921,2,v14_piggyback,4.0,10921,0
94,13,4,594,10930,1,,
3,41,9,589,10936,1,,
383,32,9,483,10953,1,,
78,58,9,551,10963,1,,
62,7,11,543,10968,1,,
466,843,6,543,10978,1,,
286,2,9,551,10978,1,,
153,1567,3,541,10983,1,,
290,291,2,494,10989,1,,
53,4,10,438,10997,1,,
53,3,2,438,10997,1,,
411,97,2,582,10998,1,,
109,1,8,598,11000,1,,
109,3,6,598,11000,1,,
384,21,6,596,11012,1,,
461,757,8,589,11012,1,,
420,2950,1,596,11020,1,,
372,754,6,563,11026,1,,
385,52,6,571,11046,1,,
445,419,6,400,11049,1,,
40,63,7,583,11052,1,,
40,5,8,583,11052,1,,
128,1426,2,571,11061,1,,
414,134,6,563,11071,1,,
110,1,10,358,11085,1,,
392,326,10,438,11098,1,,
392,415,11,445,11098,1,,
400,782,10,358,11099,1,,
464,816,10,483,11101,1,,
439,258,5,344,11107,1,,
456,638,12,438,11117,1,,
369,452,9,358,11120,1,,
408,66,11,563,11135,1,,
408,-1,-1,-999,11135,2,v14_piggyback,7.0,11135,0
54,88,7,445,11141,1,,
54,4,10,542,11141,1,,
444,410,5,563,11148,1,,
444,401,4,358,11148,1,,
381,1109,12,587,11151,1,,
214,339,11,438,11159,1,,
442,363,2,587,11177,1,,
481,1098,7,438,11179,1,,
481,1106,6,537,11179,1,,
140,1494,2,488,11183,1,,
185,1746,1,358,11194,1,,
185,294,6,358,11194,1,,
373,770,5,587,11196,1,,
87,8,7,537,11200,1,,
87,24,7,611,11200,1,,
424,444,7,358,11212,1,,
4,37,4,537,11221,1,,
4,19,10,611,11221,1,,
273,277,10,445,11237,1,,
383,21,10,528,11239,1,,
383,42,12,528,11239,1,,
472,953,6,528,11248,1,,
2,22,6,500,11257,1,,
412,125,8,551,11258,1,,
412,105,6,542,11258,1,,
459,701,10,595,11262,1,,
461,755,8,500,11277,1,,
141,50,11,595,11278,1,,
410,84,10,551,11278,1,,
410,93,3,445,11278,1,,
410,-1,-1,-999,11278,2,v14_piggyback,7.0,11278,0
379,1069,4,579,11284,1,,
393,455,8,537,11292,1,,
139,43,11,600,11300,1,,
407,48,6,613,11304,1,,
409,74,6,358,11318,1,,
458,692,8,542,11318,1,,
413,142,11,358,11333,1,,
413,-1,-1,-999,11333,2,v14_piggyback,4.0,11333,0
384,2795,2,604,11345,1,,
384,21,8,593,11345,1,,
384,-1,-1,-999,11345,2,v14_piggyback,10.0,11345,0
21,41,10,318,11350,1,,
21,1550,2,318,11350,1,,
125,1407,6,551,11356,1,,
127,1418,8,318,11362,1,,
487,1191,7,318,11372,1,,
423,414,8,593,11373,1,,
128,1424,9,611,11383,1,,
299,57,6,600,11392,1,,
414,143,4,445,11393,1,,
341,100,6,613,11402,1,,
480,1087,3,600,11410,1,,
479,1084,7,318,11415,1,,
418,2941,4,551,11425,1,,
358,12,4,593,11428,1,,
439,261,6,358,11440,1,,
439,257,8,607,11440,1,,
464,813,4,438,11447,1,,
481,1103,6,542,11459,1,,
363,194,3,445,11467,1,,
293,569,3,586,11468,1,,
476,1025,5,358,11473,1,,
335,2559,3,528,11474,1,,
374,895,2,438,11476,1,,
129,1428,4,598,11480,1,,
460,729,2,583,11494,1,,
442,362,10,488,11496,1,,
442,349,6,528,11496,1,,
442,-1,-1,-999,11496,2,v14_piggyback,1.0,11496,0
448,498,2,595,11500,1,,
449,515,2,595,11504,1,,
177,1702,2,579,11523,1,,
383,18,10,583,11533,1,,
215,181,4,358,11536,1,,
451,558,4,500,11543,1,,
459,707,10,537,11549,1,,
416,2933,3,318,11550,1,,
162,126,8,606,11552,1,,
409,87,10,318,11564,1,,
314,2444,2,583,11565,1,,
395,619,4,358,11571,1,,
104,1284,4,598,11578,1,,
458,687,4,600,11582,1,,
221,1947,1,488,11604,1,,
484,3230,2,358,11608,1,,
444,396,2,595,11609,1,,
362,121,6,624,11613,1,,
475,999,3,500,11613,1,,
381,2778,4,624,11622,1,,
180,1720,1,542,11628,1,,
410,84,1,551,11640,1,,
410,93,2,445,11640,1,,
190,1770,1,542,11645,1,,
299,2361,3,358,11647,1,,
152,16,8,635,11648,1,,
170,1660,2,563,11653,1,,
331,688,10,567,11662,1,,
413,125,1,551,11665,1,,
413,-1,-1,-999,11666,2,v14_piggyback,4.0,11665,1
158,75,4,567,11669,1,,
338,2573,2,563,11674,1,,
265,103,6,601,11683,1,,
364,121,6,632,11695,1,,
251,2110,2,589,11695,1,,
270,2213,1,600,11698,1,,
439,261,1,497,11701,1,,
82,2921,2,500,11713,1,,
290,336,1,358,11716,1,,
184,1739,2,619,11725,1,,
365,200,3,580,11759,1,,
301,26,11,640,11764,1,,
450,526,4,580,11766,1,,
389,208,1,612,11770,1,,
256,411,4,592,11771,1,,
363,172,12,646,11772,1,,
104,1283,10,390,11785,1,,
104,-1,-1,-999,11786,2,v14_piggyback,1.0,11785,1
291,439,4,646,11791,1,,
261,296,3,580,11791,1,,
261,327,10,580,11791,1,,
300,78,8,592,11797,1,,
458,693,6,612,11805,1,,
440,299,7,640,11807,1,,
257,221,6,633,11815,1,,
411,112,3,640,11823,1,,
366,254,10,639,11834,1,,
451,559,4,424,11844,1,,
289,229,10,651,11845,1,,
288,2,10,638,11861,1,,
285,38,6,636,11877,1,,
285,2294,4,636,11877,1,,
321,0,8,639,11878,1,,
302,152,6,637,11880,1,,
44,1281,4,630,11889,1,,
108,1309,7,636,11890,1,,
484,1147,1,542,11896,1,,
337,2566,1,358,11898,1,,
43,1275,7,574,11908,1,,
59,3,8,644,11911,1,,
59,7,1,644,11911,1,,
410,98,6,616,11911,1,,
471,929,6,636,11922,1,,
45,1288,8,609,11923,1,,
384,34,4,616,11946,1,,
287,2,6,644,11948,1,,
287,2,12,657,11948,1,,
158,1589,8,591,11949,1,,
158,43,5,609,11949,1,,
323,0,6,609,11958,1,,
323,-1,-1,-999,11958,2,v14_piggyback,19.0,11958,0
465,827,7,657,11961,1,,
383,32,3,566,11982,1,,
383,17,10,566,11982,1,,
188,1763,3,616,11987,1,,
169,139,8,566,11999,1,,
72,2211,2,659,12004,1,,
283,27,10,618,12008,1,,
145,43,7,656,12027,1,,
145,1520,12,656,12027,1,,
436,1142,6,657,12028,1,,
305,256,7,572,12031,1,,
450,521,4,630,12034,1,,
256,2138,3,580,12039,1,,
385,21,6,572,12042,1,,
324,0,5,620,12048,1,,
324,-1,-1,-999,12048,2,v14_piggyback,4.0,12048,0
107,1306,2,663,12052,1,,
439,262,8,619,12057,1,,
412,106,10,659,12061,1,,
257,471,8,663,12064,1,,
472,943,8,618,12071,1,,
449,504,10,547,12088,1,,
445,425,7,618,12101,1,,
445,-1,-1,-999,12101,2,v14_piggyback,4.0,12101,0
411,97,6,659,12107,1,,
411,99,9,566,12107,1,,
411,98,9,448,12107,1,,
300,15,7,626,12113,1,,
328,649,9,524,12119,1,,
409,86,8,448,12128,1,,
409,79,6,667,12128,1,,
396,640,8,524,12131,1,,
308,2413,3,657,12136,1,,
308,212,6,547,12136,1,,
161,50,5,524,12144,1,,
161,1606,4,342,12144,1,,
313,613,12,448,12147,1,,
442,363,7,547,12154,1,,
77,47,9,366,12162,1,,
451,558,11,617,12165,1,,
63,44,3,662,12165,1,,
63,7,3,547,12165,1,,
41,5,8,524,12174,1,,
388,168,7,658,12190,1,,
417,232,6,662,12197,1,,
284,2,6,662,12209,1,,
386,72,8,448,12211,1,,
440,299,7,566,12224,1,,
465,821,7,448,12236,1,,
301,15,6,547,12237,1,,
258,306,8,568,12239,1,,
389,242,6,448,12248,1,,
407,48,7,366,12249,1,,
76,62,6,674,12273,1,,
76,7,8,532,12273,1,,
427,620,6,667,12283,1,,
320,196,5,342,12285,1,,
320,2475,3,672,12285,1,,
479,1082,6,626,12295,1,,
401,839,6,566,12303,1,,
358,11,5,566,12311,1,,
80,58,12,672,12314,1,,
80,7,6,672,12314,1,,
416,197,11,645,12320,1,,
392,456,10,665,12328,1,,
135,1460,3,448,12329,1,,
341,304,6,547,12331,1,,
214,286,4,572,12338,1,,
446,441,7,342,12339,1,,
362,121,6,626,12343,1,,
413,138,4,547,12352,1,,
413,-1,-1,-999,12352,2,v14_piggyback,4.0,12352,0
449,506,7,568,12360,1,,
414,135,11,655,12369,1,,
397,639,6,342,12374,1,,
397,570,4,665,12374,1,,
402,861,9,602,12383,1,,
460,727,7,524,12391,1,,
276,461,4,655,12393,1,,
406,1117,6,568,12402,1,,
438,237,4,644,12403,1,,
463,790,4,602,12411,1,,
109,1,6,655,12414,1,,
290,336,4,636,12430,1,,
411,93,3,658,12435,1,,
459,705,2,566,12439,1,,
462,776,2,566,12457,1,,
415,173,4,342,12458,1,,
415,2927,2,672,12458,1,,
458,698,2,667,12465,1,,
458,-1,-1,-999,12465,2,v14_piggyback,2.0,12465,0
393,449,2,547,12466,1,,
305,2394,2,378,12469,1,,
440,282,10,672,12485,1,,
440,-1,-1,-999,12485,2,v14_piggyback,5.0,12485,0
186,1747,4,547,12493,1,,
437,140,2,568,12494,1,,
437,164,4,532,12494,1,,
437,-1,-1,-999,12494,2,v14_piggyback,4.0,12494,0
465,828,5,680,12496,1,,
450,531,4,674,12503,1,,
450,517,2,672,12503,1,,
443,382,5,342,12511,1,,
443,-1,-1,-999,12511,2,v14_piggyback,5.0,12511,0
408,1059,2,448,12519,1,,
321,2482,2,618,12521,1,,
283,2284,2,658,12524,1,,
120,1379,5,366,12527,1,,
386,127,4,568,12539,1,,
326,609,2,662,12540,1,,
412,2915,2,572,12542,1,,
178,1709,1,547,12552,1,,
387,80,4,692,12565,1,,
446,445,3,644,12571,1,,
274,378,4,672,12571,1,,
76,24,1,547,12581,1,,
389,245,4,366,12585,1,,
223,1960,4,366,12605,1,,
39,44,4,701,12613,1,,
392,316,6,642,12622,1,,
56,1622,4,642,12629,1,,
410,96,11,676,12632,1,,
284,36,6,671,12642,1,,
284,-1,-1,-999,12642,2,v14_piggyback,5.0,12642,0
438,204,2,448,12651,1,,
285,36,6,693,12663,1,,
402,2870,2,626,12663,1,,
289,2,8,669,12678,1,,
368,447,4,568,12679,1,,
388,80,6,669,12688,1,,
214,1901,4,672,12689,1,,
147,1535,4,669,12700,1,,
338,109,3,674,12706,1,,
414,155,4,672,12715,1,,
413,122,4,691,12715,1,,
413,-1,-1,-999,12715,2,v14_piggyback,4.0,12715,0
287,2303,2,532,12722,1,,
411,96,9,622,12734,1,,
417,232,7,643,12737,1,,
102,1272,2,622,12738,1,,
393,367,6,643,12747,1,,
310,2422,2,672,12764,1,,
137,147,10,697,12764,1,,
42,5,2,643,12764,1,,
42,29,11,709,12764,1,,
127,1417,2,568,12771,1,,
423,505,10,697,12778,1,,
466,854,4,643,12781,1,,
465,829,10,626,12805,1,,
465,836,6,547,12805,1,,
196,1803,3,621,12810,1,,
281,277,10,696,12813,1,,
321,2478,2,366,12822,1,,
140,43,2,696,12829,1,,
179,160,8,712,12831,1,,
155,1576,9,704,12851,1,,
320,196,5,712,12859,1,,
447,460,2,524,12860,1,,
391,316,7,704,12870,1,,
288,20,7,697,12876,1,,
288,2,7,687,12876,1,,
94,13,8,700,12888,1,,
429,2984,1,532,12897,1,,
283,38,12,714,12905,1,,
458,691,8,671,12919,1,,
412,114,5,712,12923,1,,
322,91,4,704,12930,1,,
129,89,7,687,12932,1,,
180,166,9,717,12943,1,,
343,534,6,687,12943,1,,
266,103,7,697,12956,1,,
147,1532,5,622,12966,1,,
323,61,8,688,12973,1,,
437,164,8,532,12974,1,,
305,212,5,700,12976,1,,
384,31,4,387,12983,1,,
187,1752,2,387,12990,1,,
414,138,8,714,12990,1,,
389,245,10,706,12996,1,,
453,599,4,687,13000,1,,
444,397,8,653,13010,1,,
443,382,1,342,13011,1,,
359,12,8,614,13022,1,,
385,53,6,681,13030,1,,
154,1569,2,681,13046,1,,
194,104,6,614,13063,1,,
285,2294,4,669,13067,1,,
306,376,7,614,13073,1,,
284,2,6,688,13082,1,,
334,2551,3,714,13084,1,,
326,530,4,700,13091,1,,
447,466,4,707,13092,1,,
447,464,8,382,13092,1,,
447,463,6,387,13092,1,,
477,1043,7,706,13098,1,,
298,759,6,689,13103,1,,
324,0,6,653,13107,1,,
288,211,5,722,13113,1,,
434,947,2,700,13117,1,,
189,184,10,719,13121,1,,
438,206,5,653,13129,1,,
137,1475,1,177,13133,1,,
415,154,9,683,13148,1,,
82,4,3,688,13152,1,,
82,2921,2,706,13152,1,,
355,2665,4,683,13162,1,,
355,717,6,683,13162,1,,
21,1469,4,712,13165,1,,
424,474,2,684,13171,1,,
383,32,8,723,13178,1,,
360,12,3,683,13181,1,,
390,210,8,723,13192,1,,
449,503,5,683,13199,1,,
391,250,6,726,13203,1,,
163,14,5,726,13214,1,,
132,1448,2,717,13215,1,,
361,12,7,732,13228,1,,
361,-1,-1,-999,13228,2,v14_piggyback,3.0,13228,0
299,26,9,730,13229,1,,
450,523,2,688,13231,1,,
384,32,2,723,13236,1,,
413,138,2,621,13237,1,,
413,-1,-1,-999,13237,2,v14_piggyback,4.0,13237,0
286,27,12,731,13256,1,,
286,-1,-1,-999,13256,2,v14_piggyback,5.0,13256,0
443,382,6,652,13259,1,,
443,384,4,689,13259,1,,
121,1386,2,730,13266,1,,
437,174,7,622,13270,1,,
0,51,7,660,13278,1,,
398,671,6,666,13296,1,,
48,3,3,721,13305,1,,
48,1368,12,597,13305,1,,
129,45,7,668,13313,1,,
320,2477,3,668,13319,1,,
385,21,10,597,13322,1,,
418,234,4,699,13326,1,,
271,230,4,699,13333,1,,
119,1,10,597,13343,1,,
285,2,8,736,13345,1,,
441,324,6,668,13347,1,,
422,402,4,608,13354,1,,
358,11,6,608,13368,1,,
50,4,4,731,13382,1,,
22,1505,4,736,13389,1,,
365,2714,4,597,13396,1,,
63,7,3,699,13397,1,,
298,15,4,597,13405,1,,
143,1513,4,678,13427,1,,
143,107,7,678,13427,1,,
296,2347,2,721,13429,1,,
420,302,2,597,13441,1,,
326,520,10,678,13444,1,,
326,2506,2,678,13444,1,,
266,103,8,690,13453,1,,
449,503,4,684,13466,1,,
449,513,9,666,13466,1,,
419,283,6,628,13466,1,,
414,138,8,728,13475,1,,
363,220,5,720,13477,1,,
439,274,5,690,13486,1,,
421,308,12,705,13497,1,,
421,341,4,705,13497,1,,
108,115,6,708,13507,1,,
108,1310,8,708,13507,1,,
42,5,8,678,13519,1,,
42,9,8,718,13519,1,,
114,1345,8,708,13528,1,,
114,1,6,295,13528,1,,
287,77,4,678,13534,1,,
287,211,7,718,13534,1,,
121,1389,10,585,13539,1,,
410,74,6,708,13546,1,,
410,97,5,708,13546,1,,
409,92,9,718,13549,1,,
443,382,6,295,13561,1,,
443,382,3,706,13561,1,,
443,-1,-1,-999,13561,2,v14_piggyback,5.0,13561,0
479,1080,10,705,13563,1,,
51,88,8,295,13575,1,,
284,38,11,756,13579,1,,
415,175,7,295,13588,1,,
415,-1,-1,-999,13588,2,v14_piggyback,2.0,13588,0
437,164,4,736,13596,1,,
437,180,4,678,13596,1,,
437,174,5,678,13596,1,,
437,-1,-1,-999,13596,2,v14_piggyback,1.0,13596,0
119,1377,5,275,13601,1,,
119,1374,10,634,13601,1,,
305,212,8,728,13601,1,,
458,692,8,718,13608,1,,
418,203,10,708,13618,1,,
359,12,7,678,13618,1,,
366,220,11,715,13619,1,,
297,2355,1,715,13624,1,,
386,55,6,705,13636,1,,
486,1183,7,715,13637,1,,
128,89,4,599,13646,1,,
217,83,2,690,13650,1,,
217,1918,2,295,13650,1,,
217,231,2,295,13650,1,,
440,314,5,599,13657,1,,
401,823,8,742,13658,1,,
130,116,10,758,13679,1,,
453,582,9,758,13694,1,,
364,201,7,661,13705,1,,
441,332,5,699,13714,1,,
424,519,10,661,13719,1,,
395,619,6,678,13721,1,,
185,1744,5,295,13730,1,,
408,40,4,295,13740,1,,
444,405,6,705,13746,1,,
343,534,6,678,13755,1,,
131,116,12,765,13760,1,,
178,1704,2,718,13764,1,,
178,75,3,705,13764,1,,
387,94,4,744,13771,1,,
414,155,8,295,13775,1,,
479,1072,6,742,13783,1,,
140,43,3,295,13783,1,,
282,27,4,742,13795,1,,
410,84,11,746,13801,1,,
410,-1,-1,-999,13801,2,v14_piggyback,3.0,13801,0
229,400,2,708,13815,1,,
283,20,3,728,13823,1,,
455,631,4,678,13825,1,,
434,3007,2,295,13832,1,,
233,2013,4,743,13839,1,,
274,434,4,743,13846,1,,
428,690,3,661,13848,1,,
271,2221,2,733,13863,1,,
363,2704,2,673,13865,1,,
363,156,10,685,13865,1,,
94,13,6,661,13874,1,,
439,257,5,685,13882,1,,
439,-1,-1,-999,13882,2,v14_piggyback,1.0,13882,0
409,68,3,756,13886,1,,
288,20,9,766,13886,1,,
287,2304,2,599,13890,1,,
287,38,3,725,13890,1,,
458,691,2,685,13894,1,,
418,2941,3,608,13906,1,,
427,622,3,549,13908,1,,
486,1175,5,599,13917,1,,
441,320,6,718,13939,1,,
483,1143,2,765,13943,1,,
205,207,6,764,13946,1,,
443,382,7,706,13959,1,,
364,2709,3,685,13962,1,,
392,415,2,742,13963,1,,
190,1772,3,678,13968,1,,
272,230,6,764,13971,1,,
305,333,4,471,13975,1,,
57,1681,4,471,13986,1,,
131,1441,2,422,13996,1,,
74,2376,2,705,13999,1,,
474,983,9,550,14009,1,,
293,569,1,678,14013,1,,
289,211,11,694,14026,1,,
362,121,1,705,14028,1,,
412,114,3,761,14041,1,,
200,185,9,679,14041,1,,
452,560,12,648,14045,1,,
253,2120,3,766,14049,1,,
451,552,10,694,14066,1,,
390,210,8,724,14069,1,,
365,119,8,724,14081,1,,
461,752,10,679,14082,1,,
340,6,6,724,14090,1,,
453,585,8,729,14099,1,,
110,1,10,648,14100,1,,
110,3,8,735,14100,1,,
428,622,5,549,14113,1,,
428,719,9,761,14113,1,,
428,719,4,724,14113,1,,
264,33,8,550,14114,1,,
386,127,11,648,14116,1,,
298,26,4,724,14120,1,,
271,2221,4,725,14127,1,,
273,230,8,578,14140,1,,
467,864,12,605,14157,1,,
206,207,12,735,14161,1,,
338,202,12,605,14177,1,,
387,127,1,648,14182,1,,
387,73,8,735,14182,1,,
384,17,7,694,14184,1,,
417,203,7,141,14197,1,,
417,-1,-1,-999,14197,2,v14_piggyback,1.0,14197,0
448,498,6,735,14197,1,,
257,221,7,729,14209,1,,
389,210,5,754,14215,1,,
389,247,12,588,14215,1,,
441,328,6,648,14216,1,,
441,320,8,735,14216,1,,
410,76,9,694,14225,1,,
455,634,6,471,14226,1,,
43,29,9,648,14242,1,,
306,361,7,550,14250,1,,
41,29,4,578,14252,1,,
41,19,6,588,14252,1,,
44,29,11,711,14265,1,,
44,19,5,711,14265,1,,
370,507,10,588,14266,1,,
307,376,12,739,14273,1,,
457,662,6,141,14285,1,,
274,277,8,588,14285,1,,
411,99,7,711,14290,1,,
411,101,10,783,14290,1,,
443,371,6,694,14296,1,,
94,1222,8,725,14297,1,,
96,13,7,711,14311,1,,
96,1235,7,783,14311,1,,
474,988,8,641,14319,1,,
474,980,7,375,14319,1,,
474,-1,-1,-999,14319,2,v14_piggyback,1.0,14319,0
420,293,5,729,14329,1,,
45,5,11,783,14332,1,,
119,1375,8,578,14335,1,,
409,79,4,141,14339,1,,
419,252,8,741,14346,1,,
469,886,7,578,14357,1,,
201,185,8,783,14360,1,,
427,719,7,724,14367,1,,
427,-1,-1,-999,14368,2,v14_piggyback,3.0,14367,1
308,256,8,711,14372,1,,
385,32,6,588,14377,1,,
157,65,7,711,14382,1,,
383,31,6,786,14386,1,,
453,594,7,141,14388,1,,
453,-1,-1,-999,14388,2,v14_piggyback,3.0,14388,0
179,160,2,729,14405,1,,
291,563,3,648,14417,1,,
440,295,6,783,14427,1,,
400,786,2,694,14428,1,,
412,99,3,711,14435,1,,
412,101,2,783,14435,1,,
467,856,10,578,14438,1,,
467,-1,-1,-999,14438,2,v14_piggyback,1.0,14438,0
85,3025,2,711,14450,1,,
384,53,5,141,14452,1,,
410,86,3,648,14459,1,,
300,57,3,588,14461,1,,
300,569,2,741,14461,1,,
418,203,1,141,14462,1,,
75,2398,2,550,14472,1,,
408,66,1,756,14476,1,,
438,218,1,796,14478,1,,
458,692,4,754,14488,1,,
205,1852,3,578,14494,1,,
390,266,10,569,14518,1,,
451,3085,1,718,14521,1,,
162,126,7,768,14526,1,,
476,1021,1,742,14548,1,,
27,1969,3,768,14551,1,,
116,1355,2,569,14558,1,,
116,1,6,569,14558,1,,
96,1231,10,150,14572,1,,
94,1224,12,741,14576,1,,
301,57,2,588,14587,1,,
301,710,6,569,14587,1,,
267,2195,2,578,14600,1,,
267,33,6,569,14600,1,,
305,2396,2,789,14603,1,,
469,884,4,735,14612,1,,
409,70,6,796,14614,1,,
195,228,9,569,14615,1,,
157,65,3,789,14622,1,,
419,267,10,569,14631,1,,
444,403,7,755,14635,1,,
444,-1,-1,-999,14635,2,v14_piggyback,1.0,14635,0
441,328,6,762,14635,1,,
1,28,6,755,14646,1,,
383,21,10,569,14647,1,,
76,129,9,790,14648,1,,
457,675,2,790,14653,1,,
50,88,6,755,14658,1,,
0,3,4,762,14661,1,,
388,188,4,762,14682,1,,
256,306,6,569,14684,1,,
242,163,4,762,14689,1,,
3,37,4,763,14689,1,,
264,90,3,794,14725,1,,
450,535,4,569,14734,1,,
386,80,11,784,14734,1,,
2,19,10,791,14741,1,,
387,120,2,569,14743,1,,
410,84,4,762,14745,1,,
410,76,3,762,14745,1,,
487,3246,2,569,14750,1,,
283,36,6,791,14752,1,,
408,40,12,762,14761,1,,
408,-1,-1,-999,14762,2,v14_piggyback,8.0,14761,1
4,9,6,774,14774,1,,
4,3,3,774,14774,1,,
438,248,11,767,14786,1,,
170,1660,2,588,14790,1,,
84,270,4,791,14795,1,,
249,59,6,806,14796,1,,
249,59,10,581,14796,1,,
423,2961,2,754,14797,1,,
108,1313,2,754,14804,1,,
367,337,11,776,14813,1,,
145,1525,1,588,14826,1,,
370,591,2,631,14833,1,,
5,37,10,818,14839,1,,
116,1355,1,484,14842,1,,
368,357,6,818,14855,1,,
368,2727,4,816,14855,1,,
137,1478,12,581,14864,1,,
284,128,6,776,14875,1,,
420,267,8,774,14876,1,,
285,77,8,774,14887,1,,
67,1959,1,791,14890,1,,
67,5,8,816,14890,1,,
441,342,4,784,14902,1,,
441,320,6,581,14902,1,,
441,-1,-1,-999,14902,2,v14_piggyback,4.0,14902,0
301,152,6,776,14904,1,,
443,379,8,774,14913,1,,
469,884,5,816,14917,1,,
40,1220,4,771,14924,1,,
416,195,7,774,14924,1,,
397,2847,1,771,14929,1,,
471,926,3,763,14931,1,,
388,94,7,774,14938,1,,
388,168,1,820,14938,1,,
388,-1,-1,-999,14938,2,v14_piggyback,4.0,14938,0
256,2133,2,807,14940,1,,
411,108,6,784,14960,1,,
440,3035,2,679,14973,1,,
453,585,6,783,14977,1,,
451,543,2,791,14978,1,,
387,120,2,817,14987,1,,
2,41,8,831,14993,1,,
450,531,6,771,14999,1,,
395,570,10,817,15016,1,,
386,168,8,820,15018,1,,
0,19,5,820,15029,1,,
242,908,2,817,15035,1,,
444,388,1,817,15040,1,,
166,1638,2,755,15046,1,,
439,251,2,763,15060,1,,
265,162,6,826,15066,1,,
421,368,5,820,15068,1,,
385,72,4,670,15075,1,,
338,202,5,820,15079,1,,
396,600,11,792,15084,1,,
290,2316,2,670,15093,1,,
410,87,8,798,15093,1,,
410,-1,-1,-999,15093,2,v14_piggyback,1.0,15093,0
139,1490,5,823,15094,1,,
167,10,4,581,15121,1,,
288,211,10,834,15125,1,,
380,2774,4,806,15135,1,,
442,356,8,834,15137,1,,
438,227,4,741,15139,1,,
438,3024,4,569,15139,1,,
422,368,6,834,15146,1,,
408,48,10,774,15152,1,,
408,-1,-1,-999,15152,2,v14_piggyback,1.0,15152,0
291,336,6,792,15157,1,,
374,2750,3,762,15159,1,,
326,510,7,828,15180,1,,
366,338,4,828,15190,1,,
423,2959,4,792,15197,1,,
429,763,4,840,15200,1,,
302,15,8,564,15210,1,,
302,57,6,564,15210,1,,
371,723,8,654,15214,1,,
301,15,9,565,15223,1,,
4,41,12,565,15239,1,,
327,645,8,835,15242,1,,
449,504,4,654,15249,1,,
417,225,8,565,15251,1,,
303,15,10,750,15265,1,,
453,599,10,840,15267,1,,
325,61,8,838,15278,1,,
325,448,5,838,15278,1,,
359,11,6,565,15279,1,,
359,12,4,805,15279,1,,
443,382,4,654,15282,1,,
387,94,8,826,15304,1,,
387,72,12,828,15304,1,,
462,776,2,806,15306,1,,
290,381,2,750,15316,1,,
290,77,8,750,15316,1,,
386,73,6,838,15320,1,,
386,146,6,838,15320,1,,
271,230,2,798,15326,1,,
450,539,8,823,15332,1,,
444,410,4,581,15336,1,,
367,338,10,564,15339,1,,
352,713,7,838,15343,1,,
437,180,10,750,15359,1,,
298,485,5,750,15371,1,,
298,54,3,805,15371,1,,
321,71,11,779,15373,1,,
435,1067,1,774,15383,1,,
465,822,1,774,15388,1,,
484,1158,10,750,15391,1,,
484,-1,-1,-999,15391,2,v14_piggyback,2.0,15391,0
441,320,2,581,15395,1,,
440,281,7,670,15412,1,,
306,361,4,845,15412,1,,
388,127,6,845,15422,1,,
361,69,4,779,15436,1,,
361,69,6,838,15436,1,,
361,-1,-1,-999,15436,2,v14_piggyback,4.0,15436,0
442,354,2,774,15443,1,,
371,2737,4,466,15452,1,,
371,-1,-1,-999,15452,2,v14_piggyback,2.0,15452,0
360,11,5,819,15455,1,,
360,-1,-1,-999,15455,2,v14_piggyback,1.0,15455,0
157,1585,6,564,15455,1,,
305,212,6,837,15464,1,,
166,10,6,564,15465,1,,
384,42,6,565,15475,1,,
138,1482,4,819,15476,1,,
436,1124,6,675,15479,1,,
225,25,6,564,15485,1,,
449,513,3,837,15492,1,,
449,500,6,819,15492,1,,
449,-1,-1,-999,15492,2,v14_piggyback,2.0,15492,0
242,59,6,565,15506,1,,
458,682,10,803,15511,1,,
358,11,3,819,15520,1,,
417,203,10,564,15520,1,,
192,1779,2,826,15534,1,,
192,-1,-1,-999,15534,2,v14_piggyback,2.0,15534,0
264,103,1,803,15536,1,,
224,214,2,823,15539,1,,
413,134,4,803,15547,1,,
413,-1,-1,-999,15547,2,v14_piggyback,4.0,15547,0
471,938,5,670,15550,1,,
53,4,4,805,15580,1,,
444,397,1,675,15588,1,,
215,181,10,775,15594,1,,
393,326,4,564,15601,1,,
443,373,4,846,15604,1,,
359,11,1,819,15609,1,,
320,213,2,858,15622,1,,
320,-1,-1,-999,15622,2,v14_piggyback,3.0,15622,0
344,2602,2,858,15641,1,,
362,156,2,858,15648,1,,
355,2667,3,800,15653,1,,
437,174,10,773,15655,1,,
182,104,8,800,15679,1,,
441,331,10,803,15680,1,,
353,720,6,748,15700,1,,
353,720,8,854,15700,1,,
343,310,10,832,15701,1,,
343,538,4,778,15701,1,,
450,517,9,818,15711,1,,
220,240,6,748,15712,1,,
323,0,4,775,15718,1,,
5,2215,2,748,15725,1,,
5,30,3,748,15725,1,,
482,1123,2,564,15729,1,,
442,359,5,855,15733,1,,
128,1422,3,748,15734,1,,
387,80,3,670,15735,1,,
406,2885,3,854,15744,1,,
299,54,2,805,15773,1,,
465,835,4,769,15783,1,,
363,121,10,851,15801,1,,
364,172,4,810,15810,1,,
139,170,8,864,15815,1,,
139,116,6,864,15815,1,,
225,339,8,802,15829,1,,
385,55,2,865,15833,1,,
215,1910,3,716,15840,1,,
444,394,8,858,15843,1,,
341,6,10,802,15845,1,,
341,-1,-1,-999,15845,2,v14_piggyback,2.0,15845,0
446,446,2,851,15849,1,,
384,2793,2,851,15856,1,,
221,240,5,864,15863,1,,
221,231,6,650,15863,1,,
300,26,10,865,15865,1,,
443,380,9,864,15878,1,,
205,1852,1,772,15880,1,,
340,109,7,864,15892,1,,
345,424,11,772,15898,1,,
224,23,4,824,15910,1,,
100,1263,5,864,15916,1,,
437,140,5,772,15919,1,,
44,1288,4,824,15937,1,,
440,288,4,864,15942,1,,
388,199,6,870,15969,1,,
388,176,8,870,15969,1,,
201,144,6,866,15970,1,,
201,149,8,822,15970,1,,
201,185,10,822,15970,1,,
367,431,3,650,15971,1,,
321,196,4,824,15976,1,,
416,187,3,650,15989,1,,
163,126,11,870,15991,1,,
346,544,9,749,15995,1,,
415,161,7,747,16011,1,,
339,100,7,870,16015,1,,
339,100,11,309,16015,1,,
343,377,12,465,16016,1,,
117,1364,7,465,16029,1,,
447,463,5,465,16040,1,,
389,188,6,753,16046,1,,
389,242,8,753,16046,1,,
389,176,10,753,16046,1,,
441,324,3,748,16051,1,,
434,1000,2,822,16060,1,,
302,26,8,309,16069,1,,
302,26,9,870,16069,1,,
386,120,2,650,16078,1,,
386,-1,-1,-999,16078,2,v14_piggyback,9.0,16078,0
45,19,6,870,16087,1,,
45,1279,8,309,16087,1,,
113,1340,2,129,16088,1,,
134,1459,2,465,16089,1,,
387,55,4,865,16105,1,,
387,55,9,309,16105,1,,
433,1003,10,825,16105,1,,
410,96,2,650,16120,1,,
478,1070,11,787,16120,1,,
419,272,2,825,16128,1,,
284,2,8,309,16132,1,,
284,-1,-1,-999,16132,2,v14_piggyback,3.0,16132,0
220,1941,2,197,16139,1,,
443,371,2,772,16151,1,,
221,1947,2,129,16153,1,,
221,-1,-1,-999,16154,2,v14_piggyback,1.0,16153,1
413,138,2,828,16163,1,,
413,-1,-1,-999,16163,2,v14_piggyback,4.0,16163,0
446,437,5,862,16166,1,,
390,264,6,787,16180,1,,
390,198,4,895,16180,1,,
63,7,3,780,16180,1,,
319,850,8,787,16191,1,,
363,254,8,787,16203,1,,
388,2810,2,749,16212,1,,
142,1508,7,753,16213,1,,
141,1499,2,780,16219,1,,
315,2449,2,780,16232,1,,
416,159,10,795,16233,1,,
241,284,5,787,16240,1,,
64,7,10,897,16259,1,,
414,134,8,867,16268,1,,
396,639,4,309,16274,1,,
169,1656,3,867,16277,1,,
368,2727,4,309,16281,1,,
391,236,1,867,16282,1,,
299,54,4,888,16308,1,,
415,175,6,862,16313,1,,
415,167,6,780,16313,1,,
125,1408,4,787,16315,1,,
447,475,6,842,16324,1,,
352,680,3,309,16325,1,,
441,342,10,878,16328,1,,
312,480,2,811,16340,1,,
389,242,6,533,16342,1,,
354,814,4,533,16352,1,,
450,535,3,753,16369,1,,
450,-1,-1,-999,16369,2,v14_piggyback,3.0,16369,0
411,96,7,533,16373,1,,
132,1448,3,753,16382,1,,
307,361,12,857,16382,1,,
173,1679,3,533,16384,1,,
418,226,4,533,16395,1,,
179,160,7,883,16408,1,,
443,365,8,780,16411,1,,
442,354,3,686,16415,1,,
452,567,3,753,16421,1,,
356,2671,2,309,16430,1,,
361,2696,3,870,16436,1,,
361,-1,-1,-999,16436,2,v14_piggyback,3.0,16436,0
279,2262,3,120,16444,1,,
390,242,2,533,16449,1,,
390,247,4,883,16449,1,,
390,266,5,813,16449,1,,
327,2515,2,753,16460,1,,
467,868,10,813,16465,1,,
449,515,4,120,16469,1,,
153,1567,3,120,16477,1,,
270,2212,2,895,16480,1,,
410,96,1,533,16482,1,,
410,98,4,901,16482,1,,
113,1341,2,752,16493,1,,
113,1,4,861,16493,1,,
120,3,5,905,16495,1,,
120,89,6,905,16495,1,,
313,564,11,647,16501,1,,
141,1500,4,804,16510,1,,
315,2449,1,603,16522,1,,
440,314,5,647,16533,1,,
448,499,8,905,16549,1,,
142,43,9,812,16560,1,,
360,11,8,903,16563,1,,
416,182,9,533,16579,1,,
154,16,7,914,16585,1,,
154,43,7,914,16585,1,,
229,95,4,861,16588,1,,
341,6,6,874,16599,1,,
341,-1,-1,-999,16599,2,v14_piggyback,2.0,16599,0
305,346,1,861,16611,1,,
391,245,12,833,16612,1,,
419,239,1,533,16619,1,,
455,626,11,841,16633,1,,
438,248,9,740,16645,1,,
135,107,6,903,16645,1,,
438,-1,-1,-999,16645,2,v14_piggyback,4.0,16645,0
411,105,6,904,16656,1,,
411,98,7,861,16656,1,,
320,0,8,914,16659,1,,
320,-1,-1,-999,16659,2,v14_piggyback,1.0,16659,0
386,55,10,-87,16661,1,,
386,-1,-1,-999,16662,2,v14_piggyback,3.0,16661,1
454,608,4,713,16670,1,,
326,451,8,812,16673,1,,
230,118,8,922,16678,1,,
128,1,4,713,16679,1,,
338,136,7,916,16691,1,,
452,561,2,861,16697,1,,
408,56,6,740,16703,1,,
451,557,10,-87,16704,1,,
129,45,6,914,16715,1,,
1,46,12,907,16741,1,,
465,836,9,841,16743,1,,
465,837,6,321,16743,1,,
447,464,6,120,16747,1,,
443,385,6,740,16759,1,,
24,3,6,703,16766,1,,
24,1598,7,703,16766,1,,
359,1012,6,-87,16769,1,,
359,49,12,321,16769,1,,
151,1555,4,782,16785,1,,
323,0,5,782,16795,1,,
327,645,10,-87,16801,1,,
183,104,4,914,16805,1,,
153,1563,4,740,16814,1,,
430,833,9,703,16822,1,,
120,1379,7,903,16833,1,,
120,39,9,841,16833,1,,
231,321,10,703,16838,1,,
321,61,5,703,16848,1,,
461,755,9,-87,16849,1,,
467,868,6,874,16860,1,,
467,-1,-1,-999,16860,2,v14_piggyback,2.0,16860,0
397,643,8,321,16872,1,,
431,852,9,902,16875,1,,
390,245,8,-87,16886,1,,
432,858,6,830,16886,1,,
342,304,4,647,16893,1,,
484,1152,4,914,16902,1,,
70,2140,3,782,16910,1,,
477,1039,7,321,16911,1,,
2,46,8,933,16926,1,,
417,222,8,-87,16935,1,,
234,205,2,812,16941,1,,
234,2019,1,812,16941,1,,
226,25,12,933,16945,1,,
413,143,7,-87,16948,1,,
413,-1,-1,-999,16948,2,v14_piggyback,4.0,16948,0
51,88,5,902,16955,1,,
454,623,6,-87,16962,1,,
454,-1,-1,-999,16962,2,v14_piggyback,4.0,16962,0
410,98,3,861,16969,1,,
408,56,1,321,16982,1,,
408,48,7,321,16982,1,,
408,-1,-1,-999,16982,2,v14_piggyback,2.0,16982,0
455,637,6,321,16995,1,,
443,379,4,703,16997,1,,
445,428,5,922,17008,1,,
139,1488,2,907,17017,1,,
328,520,6,926,17025,1,,
438,248,2,740,17026,1,,
438,216,6,891,17026,1,,
438,216,8,859,17026,1,,
438,-1,-1,-999,17026,2,v14_piggyback,1.0,17026,0
347,2623,2,922,17031,1,,
450,535,5,753,17036,1,,
391,313,2,922,17045,1,,
261,327,1,933,17057,1,,
412,114,4,911,17057,1,,
431,2994,2,812,17066,1,,
336,2563,3,713,17069,1,,
429,771,4,321,17078,1,,
348,551,7,737,17087,1,,
55,1611,2,886,17087,1,,
55,82,8,886,17087,1,,
465,827,6,886,17099,1,,
54,4,10,908,17116,1,,
289,2,2,926,17120,1,,
289,-1,-1,-999,17120,2,v14_piggyback,5.0,17120,0
384,17,1,886,17121,1,,
384,-1,-1,-999,17121,2,v14_piggyback,1.0,17121,0
385,21,4,910,17130,1,,
461,3125,3,849,17132,1,,
190,1772,2,-87,17155,1,,
484,1149,6,863,17157,1,,
346,2619,2,-87,17162,1,,
359,2684,2,871,17168,1,,
18,1291,2,753,17175,1,,
273,2229,2,321,17182,1,,
467,868,2,874,17186,1,,
265,33,9,947,17213,1,,
383,52,4,942,17215,1,,
383,17,2,843,17215,1,,
126,1413,5,843,17225,1,,
229,321,9,843,17241,1,,
445,428,8,853,17242,1,,
445,417,12,814,17242,1,,
256,279,2,843,17247,1,,
139,1486,2,889,17249,1,,
284,2,4,847,17260,1,,
284,-1,-1,-999,17260,2,v14_piggyback,2.0,17260,0
414,154,2,921,17273,1,,
0,30,2,847,17286,1,,
132,1,9,937,17289,1,,
347,2624,2,753,17292,1,,
136,107,9,949,17301,1,,
240,2048,3,949,17309,1,,
230,118,7,937,17310,1,,
407,40,2,843,17323,1,,
407,1151,5,937,17323,1,,
286,2,10,875,17331,1,,
410,87,6,893,17343,1,,
274,278,8,948,17354,1,,
409,74,7,951,17360,1,,
290,412,6,893,17371,1,,
425,581,12,931,17377,1,,
366,338,9,734,17386,1,,
2,22,10,931,17393,1,,
376,895,1,931,17399,1,,
467,867,8,947,17408,1,,
108,1314,6,948,17410,1,,
454,623,3,-87,17418,1,,
449,503,4,896,17419,1,,
426,572,8,557,17432,1,,
408,40,6,843,17450,1,,
408,35,8,734,17450,1,,
210,231,6,893,17461,1,,
411,102,5,734,17472,1,,
326,451,7,955,17474,1,,
131,1444,2,942,17484,1,,
415,154,8,955,17488,1,,
416,169,8,930,17502,1,,
112,1333,7,964,17509,1,,
360,12,8,955,17516,1,,
40,29,2,843,17525,1,,
478,1054,4,930,17525,1,,
385,32,1,892,17528,1,,
385,-1,-1,-999,17528,2,v14_piggyback,24.0,17528,0
282,2,3,873,17533,1,,
458,692,2,887,17541,1,,
437,186,4,664,17548,1,,
445,429,3,938,17552,1,,
445,419,9,896,17552,1,,
368,338,11,887,17556,1,,
139,1489,7,921,17565,1,,
367,398,7,946,17566,1,,
54,1611,2,946,17571,1,,
165,1631,4,873,17574,1,,
182,1729,8,757,17589,1,,
122,1390,8,757,17603,1,,
384,21,5,910,17612,1,,
384,21,11,893,17612,1,,
384,32,3,892,17612,1,,
384,32,12,843,17612,1,,
84,270,6,757,17615,1,,
475,999,3,770,17616,1,,
285,2,1,873,17624,1,,
285,2291,2,873,17624,1,,
439,280,1,893,17638,1,,
180,224,8,959,17640,1,,
299,54,4,939,17649,1,,
467,862,6,873,17651,1,,
27,1800,3,868,17653,1,,
108,1314,8,964,17663,1,,
0,51,4,959,17672,1,,
159,269,7,912,17682,1,,
79,24,10,939,17688,1,,
464,807,2,770,17693,1,,
425,2968,3,793,17696,1,,
136,147,4,981,17702,1,,
63,7,4,852,17705,1,,
420,300,6,912,17714,1,,
124,1404,4,852,17714,1,,
161,1607,4,906,17727,1,,
483,1145,7,821,17731,1,,
1,19,12,906,17749,1,,
444,396,3,912,17753,1,,
320,0,3,912,17765,1,,
321,196,8,944,17768,1,,
2,30,8,944,17780,1,,
478,1063,8,770,17789,1,,
478,1057,2,976,17789,1,,
158,192,10,944,17794,1,,
412,133,7,906,17807,1,,
437,164,7,913,17808,1,,
437,186,12,757,17808,1,,
437,-1,-1,-999,17808,2,v14_piggyback,5.0,17808,0
448,486,4,906,17816,1,,
112,1336,10,664,17824,1,,
195,1797,4,944,17825,1,,
323,0,2,993,17842,1,,
323,-1,-1,-999,17842,2,v14_piggyback,3.0,17842,0
445,429,3,913,17844,1,,
475,999,4,821,17852,1,,
3,46,6,978,17856,1,,
3,51,4,978,17856,1,,
3,3,4,884,17856,1,,
3,19,8,882,17856,1,,
414,150,6,890,17870,1,,
88,8,4,890,17879,1,,
189,184,8,978,17881,1,,
189,67,9,884,17881,1,,
419,263,4,998,17892,1,,
128,177,8,975,17893,1,,
110,8,6,978,17899,1,,
110,1324,6,884,17899,1,,
93,13,3,992,17901,1,,
40,44,6,975,17913,1,,
392,352,8,882,17926,1,,
439,273,8,975,17927,1,,
464,820,8,710,17938,1,,
485,1161,10,940,17943,1,,
384,42,5,991,17948,1,,
438,216,10,978,17953,1,,
427,696,6,975,17954,1,,
483,1140,6,932,17960,1,,
469,900,8,884,17967,1,,
420,263,7,991,17973,1,,
471,924,8,882,17981,1,,
324,0,5,751,18006,1,,
324,71,9,1001,18006,1,,
443,380,5,1001,18017,1,,
443,-1,-1,-999,18017,2,v14_piggyback,2.0,18017,0
461,752,7,940,18031,1,,
461,-1,-1,-999,18031,2,v14_piggyback,1.0,18031,0
409,92,3,978,18035,1,,
106,1295,4,1001,18036,1,,
106,8,9,1001,18036,1,,
267,2195,4,882,18044,1,,
170,139,9,881,18046,1,,
290,336,7,882,18055,1,,
415,175,5,1006,18058,1,,
416,169,6,882,18064,1,,
166,10,11,984,18066,1,,
38,63,4,1001,18067,1,,
412,99,11,882,18079,1,,
412,-1,-1,-999,18079,2,v14_piggyback,7.0,18079,0
209,1871,4,1007,18083,1,,
152,1558,3,944,18085,1,,
426,584,6,940,18101,1,,
462,764,6,881,18112,1,,
53,4,5,984,18122,1,,
332,792,2,884,18123,1,,
361,69,6,940,18134,1,,
361,-1,-1,-999,18134,2,v14_piggyback,3.0,18134,0
199,144,6,941,18140,1,,
164,1625,2,884,18141,1,,
112,1336,2,677,18148,1,,
112,1,6,940,18148,1,,
383,18,4,1007,18150,1,,
408,66,4,984,18157,1,,
216,1912,1,978,18175,1,,
437,174,11,890,18183,1,,
437,179,7,940,18183,1,,
441,315,1,882,18183,1,,
291,412,4,975,18198,1,,
385,21,1,893,18207,1,,
40,5,2,923,18209,1,,
40,30,11,923,18209,1,,
142,1508,6,941,18221,1,,
419,263,3,991,18239,1,,
419,289,9,923,18239,1,,
464,813,10,1006,18256,1,,
439,251,9,881,18259,1,,
42,5,7,923,18268,1,,
468,3156,2,881,18277,1,,
133,1451,10,923,18285,1,,
228,1990,3,677,18285,1,,
457,662,6,923,18296,1,,
485,1166,7,625,18298,1,,
149,1544,2,751,18303,1,,
328,649,4,881,18307,1,,
313,2442,3,923,18311,1,,
417,219,2,940,18313,1,,
217,23,9,967,18318,1,,
343,406,2,881,18320,1,,
288,27,3,967,18324,1,,
312,483,10,974,18327,1,,
440,312,4,974,18355,1,,
462,781,12,986,18364,1,,
428,736,7,920,18365,1,,
269,2208,1,920,18371,1,,
479,1081,4,920,18379,1,,
227,25,10,971,18380,1,,
225,23,5,920,18389,1,,
284,27,8,920,18400,1,,
264,162,5,989,18416,1,,
164,1629,1,1009,18419,1,,
443,373,4,974,18426,1,,
208,1865,2,974,18433,1,,
320,0,6,1008,18433,1,,
460,722,4,983,18457,1,,
327,530,10,952,18464,1,,
104,1284,6,952,18476,1,,
412,101,3,998,18486,1,,
461,748,12,881,18494,1,,
455,634,5,777,18497,1,,
439,262,10,918,18501,1,,
439,265,10,868,18501,1,,
439,255,9,906,18501,1,,
291,485,1,983,18502,1,,
418,222,6,928,18506,1,,
204,1847,2,983,18509,1,,
292,563,1,1029,18514,1,,
360,49,4,928,18525,1,,
360,60,8,1014,18525,1,,
133,1451,4,876,18532,1,,
265,496,4,1021,18532,1,,
304,2391,3,1014,18533,1,,
301,152,8,977,18546,1,,
145,345,9,1026,18556,1,,
346,534,5,977,18557,1,,
469,898,1,1026,18562,1,,
440,292,2,958,18565,1,,
440,311,8,983,18565,1,,
440,290,10,983,18565,1,,
417,225,9,1014,18572,1,,
485,1167,6,751,18580,1,,
125,1407,7,1026,18582,1,,
385,73,4,860,18598,1,,
92,8,6,1011,18608,1,,
92,47,10,1011,18608,1,,
92,3239,2,1011,18608,1,,
92,347,4,1011,18608,1,,
448,495,10,1013,18614,1,,
408,48,4,860,18621,1,,
409,68,5,1013,18629,1,,
132,1,6,1027,18631,1,,
479,1078,5,809,18637,1,,
300,78,11,1011,18639,1,,
300,26,1,1011,18639,1,,
154,1568,6,1013,18646,1,,
437,186,8,649,18653,1,,
386,55,7,1011,18657,1,,
460,729,11,777,18669,1,,
129,1430,8,1011,18671,1,,
102,1271,6,649,18678,1,,
319,1104,9,1011,18687,1,,
319,-1,-1,-999,18687,2,v14_piggyback,7.0,18687,0
111,1,8,649,18690,1,,
113,177,2,1043,18691,1,,
113,1,6,1031,18691,1,,
113,45,10,1031,18691,1,,
326,605,6,1011,18698,1,,
412,99,7,1027,18713,1,,
3,3,5,1025,18721,1,,
151,1556,6,1031,18729,1,,
151,130,11,987,18729,1,,
384,17,8,1025,18733,1,,
384,-1,-1,-999,18733,2,v14_piggyback,1.0,18733,0
411,106,10,1025,18747,1,,
383,34,8,1043,18748,1,,
383,52,6,799,18748,1,,
240,118,4,1011,18751,1,,
240,2052,2,1011,18751,1,,
468,874,6,1011,18763,1,,
461,760,9,649,18769,1,,
457,675,4,986,18772,1,,
75,2494,2,1031,18774,1,,
75,44,6,1031,18774,1,,
75,7,10,1044,18774,1,,
418,225,2,1014,18781,1,,
323,0,2,1025,18782,1,,
323,0,7,1048,18782,1,,
78,58,10,799,18788,1,,
439,253,8,1008,18794,1,,
181,166,8,1043,18805,1,,
388,198,2,952,18813,1,,
329,649,7,799,18815,1,,
103,1276,8,1038,18816,1,,
474,971,9,987,18836,1,,
56,3,8,850,18852,1,,
56,1671,3,850,18852,1,,
366,357,8,1038,18860,1,,
235,95,5,1031,18866,1,,
235,131,5,850,18866,1,,
57,1637,2,928,18868,1,,
469,885,6,860,18875,1,,
436,1188,8,1048,18880,1,,
92,1215,8,627,18882,1,,
440,307,8,649,18892,1,,
409,76,5,1023,18900,1,,
409,-1,-1,-999,18900,2,v14_piggyback,2.0,18900,0
446,3061,2,977,18911,1,,
437,164,12,1038,18916,1,,
143,1510,2,977,18918,1,,
408,68,7,1013,18920,1,,
408,66,6,1031,18920,1,,
408,-1,-1,-999,18920,2,v14_piggyback,4.0,18920,0
479,1072,8,799,18932,1,,
102,1273,12,1025,18936,1,,
141,1497,3,1044,18945,1,,
141,147,6,850,18945,1,,
1,9,5,1032,18947,1,,
389,199,11,1053,18953,1,,
410,86,6,850,18954,1,,
321,71,4,1056,18960,1,,
363,194,8,1023,18961,1,,
419,263,6,1056,18969,1,,
419,-1,-1,-999,18969,2,v14_piggyback,5.0,18969,0
412,106,2,1025,18974,1,,
412,105,6,995,18974,1,,
320,213,4,1053,18976,1,,
324,0,4,995,18999,1,,
123,1398,8,462,19018,1,,
123,3,10,462,19018,1,,
123,-1,-1,-999,19018,2,v14_piggyback,1.0,19018,0
444,395,5,1044,19029,1,,
442,360,12,462,19034,1,,
442,-1,-1,-999,19034,2,v14_piggyback,1.0,19034,0
451,553,6,850,19038,1,,
183,104,5,850,19046,1,,
322,61,6,462,19048,1,,
322,71,4,968,19048,1,,
477,1048,6,850,19057,1,,
182,67,5,1015,19066,1,,
461,750,5,1052,19069,1,,
456,642,5,987,19083,1,,
128,39,3,1052,19084,1,,
413,125,8,462,19089,1,,
413,-1,-1,-999,19090,2,v14_piggyback,4.0,19089,1
439,262,6,1013,19092,1,,
439,-1,-1,-999,19092,2,v14_piggyback,5.0,19092,0
323,213,12,848,19103,1,,
384,42,8,1060,19112,1,,
360,12,4,1025,19112,1,,
484,1148,8,848,19126,1,,
420,289,8,462,19127,1,,
137,89,5,848,19142,1,,
137,1478,3,990,19142,1,,
414,142,4,850,19173,1,,
358,1138,8,848,19175,1,,
126,116,6,1060,19183,1,,
126,1,6,1065,19183,1,,
130,1434,4,1013,19185,1,,
325,213,4,1031,19192,1,,
447,482,8,462,19197,1,,
426,617,4,1031,19202,1,,
96,1236,6,990,19218,1,,
387,146,8,808,19232,1,,
438,237,6,462,19239,1,,
474,972,4,850,19249,1,,
273,278,7,462,19252,1,,
386,168,7,462,19265,1,,
385,21,7,808,19268,1,,
415,167,5,462,19277,1,,
288,27,2,987,19286,1,,
482,1122,8,808,19286,1,,
86,347,4,462,19290,1,,
452,565,2,850,19294,1,,
345,544,4,968,19299,1,,
374,596,10,1012,19313,1,,
371,2738,2,850,19318,1,,
371,-1,-1,-999,19318,2,v14_piggyback,2.0,19318,0
88,24,9,467,19327,1,,
88,8,6,467,19327,1,,
451,557,8,994,19334,1,,
451,-1,-1,-999,19334,2,v14_piggyback,1.0,19334,0
430,2988,2,850,19338,1,,
376,2758,3,462,19360,1,,
412,101,8,990,19363,1,,
412,99,8,808,19363,1,,
412,125,10,808,19363,1,,
412,-1,-1,-999,19363,2,v14_piggyback,11.0,19363,0
409,2901,2,462,19379,1,,
466,843,7,467,19382,1,,
274,243,3,979,19391,1,,
372,670,8,467,19396,1,,
69,2125,12,467,19414,1,,
419,2943,3,462,19418,1,,
410,79,6,848,19426,1,,
130,1436,8,880,19429,1,,
375,834,6,1076,19429,1,,
133,1,4,467,19435,1,,
427,620,5,848,19445,1,,
373,673,12,1041,19454,1,,
137,1476,8,973,19459,1,,
123,1395,2,234,19469,1,,
123,1400,6,473,19469,1,,
387,55,1,799,19471,1,,
447,466,5,1066,19479,1,,
282,36,4,848,19486,1,,
157,1583,2,1065,19486,1,,
320,213,5,1078,19507,1,,
351,2641,2,473,19508,1,,
161,1612,3,1034,19512,1,,
482,1113,8,467,19536,1,,
442,362,9,968,19542,1,,
143,1510,3,808,19544,1,,
445,428,3,995,19552,1,,
445,-1,-1,-999,19552,2,v14_piggyback,3.0,19552,0
446,443,8,1064,19560,1,,
153,16,9,1057,19560,1,,
439,262,2,1013,19567,1,,
194,1789,2,808,19574,1,,
138,147,11,1064,19579,1,,
450,521,2,1048,19581,1,,
452,561,10,1078,19583,1,,
105,1289,7,1064,19592,1,,
431,858,2,848,19599,1,,
80,2735,2,848,19607,1,,
139,50,3,1081,19624,1,,
249,2096,2,1025,19630,1,,
88,8,8,1081,19638,1,,
206,207,5,1087,19646,1,,
76,129,8,1075,19652,1,,
205,207,2,1086,19653,1,,
160,269,6,1080,19673,1,,
374,2750,2,990,19675,1,,
440,290,6,1080,19691,1,,
348,694,10,72,19704,1,,
241,193,5,924,19706,1,,
130,1436,5,1034,19714,1,,
130,-1,-1,-999,19714,2,v14_piggyback,1.0,19714,0
200,260,9,72,19719,1,,
363,194,1,467,19730,1,,
415,169,5,1022,19736,1,,
111,1330,8,72,19738,1,,
111,8,4,1055,19738,1,,
141,43,7,1022,19748,1,,
362,156,7,1089,19757,1,,
424,511,7,1022,19761,1,,
447,476,12,1064,19771,1,,
447,457,12,72,19771,1,,
242,284,2,999,19779,1,,
354,787,3,954,19780,1,,
158,65,8,72,19788,1,,
158,1588,2,1072,19788,1,,
353,746,3,1022,19788,1,,
474,974,6,1069,19799,1,,
201,144,8,1055,19810,1,,
201,228,7,966,19810,1,,
388,176,11,1088,19822,1,,
112,1,8,1072,19824,1,,
371,596,8,1088,19838,1,,
371,-1,-1,-999,19838,2,v14_piggyback,2.0,19838,0
442,356,4,963,19840,1,,
442,353,6,1055,19840,1,,
208,1869,1,1069,19841,1,,
208,207,8,514,19841,1,,
208,223,6,514,19841,1,,
229,205,4,1088,19847,1,,
131,1444,1,1088,19852,1,,
476,1016,8,966,19854,1,,
301,57,6,1088,19864,1,,
306,212,8,963,19868,1,,
302,57,9,1051,19879,1,,
422,399,6,1055,19880,1,,
303,152,8,514,19894,1,,
409,76,8,1018,19904,1,,
456,655,6,72,19906,1,,
456,-1,-1,-999,19907,2,v14_piggyback,1.0,19906,1
350,700,11,727,19911,1,,
445,428,3,995,19915,1,,
365,335,11,514,19929,1,,
332,780,6,72,19942,1,,
364,322,8,727,19950,1,,
364,194,6,1079,19950,1,,
410,74,10,972,19957,1,,
230,420,5,966,19960,1,,
415,178,4,1072,19967,1,,
168,1652,10,727,19975,1,,
420,293,4,72,19977,1,,
373,754,10,1101,19990,1,,
355,774,7,514,19999,1,,
386,80,8,1018,20004,1,,
425,572,6,514,20011,1,,
473,961,8,727,20025,1,,
452,565,6,1086,20037,1,,
179,1710,4,1055,20040,1,,
385,55,9,1101,20044,1,,
438,238,4,966,20048,1,,
450,539,6,1022,20048,1,,
441,3038,3,1055,20054,1,,
4,22,6,1018,20056,1,,
321,91,3,1072,20070,1,,
97,1239,6,1018,20070,1,,
284,27,6,899,20081,1,,
25,1688,2,1081,20101,1,,
384,53,5,514,20102,1,,
119,45,2,972,20115,1,,
119,13,4,1094,20115,1,,
444,391,5,1079,20116,1,,
476,1022,4,885,20131,1,,
476,1018,4,1033,20131,1,,
93,129,8,829,20131,1,,
419,283,7,1098,20141,1,,
289,2,12,829,20150,1,,
289,-1,-1,-999,20151,2,v14_piggyback,11.0,20150,1
302,2381,2,925,20163,1,,
302,15,5,899,20163,1,,
440,281,4,1022,20164,1,,
59,7,2,1072,20166,1,,
146,1528,1,1072,20170,1,,
18,1291,3,1079,20176,1,,
413,137,4,514,20186,1,,
413,-1,-1,-999,20186,2,v14_piggyback,4.0,20186,0
445,417,6,1018,20189,1,,
256,306,2,514,20192,1,,
409,79,10,899,20205,1,,
410,92,6,1069,20211,1,,
126,1416,5,829,20215,1,,
442,360,3,994,20219,1,,
338,136,4,899,20227,1,,
415,169,10,1069,20235,1,,
24,1646,2,514,20244,1,,
24,3,2,1106,20244,1,,
5,22,8,1061,20250,1,,
304,2391,2,727,20251,1,,
128,1,2,1061,20255,1,,
390,242,4,972,20267,1,,
50,88,4,1095,20272,1,,
481,1102,4,829,20281,1,,
473,3175,4,407,20287,1,,
229,123,3,1000,20289,1,,
461,760,3,899,20296,1,,
96,1231,3,1095,20311,1,,
428,728,2,1022,20321,1,,
1,3,2,1000,20345,1,,
3,3,7,1109,20349,1,,
3,19,8,1054,20349,1,,
391,245,4,982,20354,1,,
129,39,7,1109,20359,1,,
170,14,6,1054,20371,1,,
170,1664,2,1054,20371,1,,
356,2671,2,1094,20372,1,,
427,696,2,980,20374,1,,
157,65,8,1103,20385,1,,
459,708,3,980,20386,1,,
483,1130,7,788,20398,1,,
366,351,7,1109,20398,1,,
440,305,8,1106,20400,1,,
2,51,8,788,20412,1,,
364,194,8,1112,20412,1,,
151,16,1,629,20418,1,,
182,191,5,1054,20422,1,,
367,338,7,788,20424,1,,
480,1096,8,629,20434,1,,
476,3188,4,1061,20437,1,,
231,95,8,788,20447,1,,
142,43,10,1124,20451,1,,
332,706,6,1124,20462,1,,
288,77,5,1124,20473,1,,
288,-1,-1,-999,20473,2,v14_piggyback,17.0,20473,0
333,697,4,996,20494,1,,
284,2,9,839,20494,1,,
284,-1,-1,-999,20494,2,v14_piggyback,1.0,20494,0
488,1212,3,1109,20497,1,,
287,2305,2,1112,20502,1,,
146,1528,1,759,20508,1,,
146,1529,2,534,20508,1,,
334,697,8,1110,20508,1,,
335,730,10,917,20524,1,,
365,322,8,839,20524,1,,
384,34,1,1054,20532,1,,
256,259,6,839,20536,1,,
4,51,8,839,20550,1,,
441,331,6,839,20561,1,,
441,-1,-1,-999,20562,2,v14_piggyback,6.0,20561,1
473,960,7,980,20574,1,,
385,31,9,1130,20575,1,,
289,2315,3,1000,20580,1,,
289,2,9,1123,20580,1,,
450,525,1,1130,20584,1,,
438,206,8,917,20588,1,,
229,123,6,1131,20591,1,,
181,166,4,788,20601,1,,
136,107,11,1141,20607,1,,
120,1379,2,788,20613,1,,
120,89,2,839,20613,1,,
0,22,4,1141,20618,1,,
481,3216,3,839,20629,1,,
459,704,6,629,20630,1,,
79,2722,3,1131,20637,1,,
451,557,6,1096,20639,1,,
163,1623,4,1110,20652,1,,
440,312,4,1116,20661,1,,
307,2407,2,1124,20671,1,,
307,152,2,996,20671,1,,
217,1921,3,839,20691,1,,
468,871,4,1110,20702,1,,
485,1162,3,1124,20715,1,,
487,1189,11,965,20722,1,,
271,230,6,997,20733,1,,
386,53,6,997,20742,1,,
470,3161,4,997,20749,1,,
194,1793,2,917,20751,1,,
466,849,4,997,20757,1,,
411,111,2,829,20757,1,,
417,222,3,997,20765,1,,
242,284,2,917,20766,1,,
346,2616,3,997,20773,1,,
447,464,2,899,20776,1,,
447,-1,-1,-999,20776,2,v14_piggyback,2.0,20776,0
360,12,1,899,20782,1,,
430,852,1,1110,20786,1,,
265,33,8,1136,20787,1,,
454,610,2,1101,20789,1,,
361,11,7,1117,20801,1,,
361,-1,-1,-999,20802,2,v14_piggyback,3.0,20801,1
1,28,9,1134,20802,1,,
340,304,1,1124,20808,1,,
340,-1,-1,-999,20809,2,v14_piggyback,4.0,20808,1
384,32,11,1096,20819,1,,
353,746,4,1117,20832,1,,
283,20,8,935,20846,1,,
283,-1,-1,-999,20846,2,v14_piggyback,1.0,20846,0
290,128,4,1137,20855,1,,
429,763,6,1121,20859,1,,
458,681,6,969,20869,1,,
249,64,8,935,20879,1,,
341,202,8,1082,20880,1,,
215,83,6,935,20895,1,,
215,181,4,1036,20895,1,,
337,6,5,969,20896,1,,
119,1376,9,1073,20912,1,,
450,533,12,997,20918,1,,
450,526,6,1144,20918,1,,
416,189,6,965,20928,1,,
288,2,9,1036,20933,1,,
459,708,8,1142,20935,1,,
404,1026,3,1073,20944,1,,
385,72,7,965,20945,1,,
385,21,6,1134,20945,1,,
235,131,6,965,20957,1,,
449,513,4,1136,20964,1,,
339,6,3,969,20967,1,,
488,1213,2,1077,20968,1,,
320,71,2,1073,20981,1,,
480,1094,1,997,20981,1,,
320,-1,-1,-999,20981,2,v14_piggyback,11.0,20981,0
289,211,8,1151,20983,1,,
481,1112,8,935,20997,1,,
470,918,10,879,21018,1,,
423,474,6,1151,21029,1,,
319,0,10,1100,21042,1,,
319,-1,-1,-999,21042,2,v14_piggyback,2.0,21042,0
323,0,6,1145,21063,1,,
101,1268,11,869,21072,1,,
101,3,10,869,21072,1,,
424,422,8,1145,21077,1,,
429,808,8,1073,21087,1,,
453,594,6,394,21088,1,,
444,390,6,1100,21102,1,,
444,401,3,869,21102,1,,
284,36,10,394,21105,1,,
159,1595,10,869,21119,1,,
413,138,4,1161,21122,1,,
413,-1,-1,-999,21122,2,v14_piggyback,4.0,21122,0
370,529,1,935,21122,1,,
370,431,10,394,21122,1,,
412,125,4,394,21131,1,,
384,32,5,1161,21133,1,,
458,686,12,869,21138,1,,
479,1075,4,394,21140,1,,
14,2499,2,1161,21144,1,,
342,100,8,869,21151,1,,
415,2927,2,1097,21154,1,,
411,102,8,869,21165,1,,
2,28,4,1039,21178,1,,
2,41,8,1039,21178,1,,
290,291,6,1148,21194,1,,
447,464,8,899,21218,1,,
447,475,10,1137,21218,1,,
399,768,10,1039,21218,1,,
78,24,2,1097,21225,1,,
398,747,8,1092,21239,1,,
119,1373,3,1129,21240,1,,
119,3,3,1171,21240,1,,
0,51,1,1097,21245,1,,
414,158,3,394,21252,1,,
242,2058,4,394,21265,1,,
397,640,10,1004,21276,1,,
423,418,9,394,21283,1,,
470,921,10,869,21285,1,,
470,-1,-1,-999,21285,2,v14_piggyback,1.0,21285,0
129,1,2,394,21290,1,,
378,1041,4,869,21294,1,,
259,2156,2,394,21297,1,,
449,504,11,1039,21304,1,,
419,267,5,1148,21304,1,,
422,402,3,1145,21305,1,,
340,109,3,1148,21312,1,,
340,-1,-1,-999,21312,2,v14_piggyback,3.0,21312,0
323,2491,4,394,21320,1,,
471,925,9,1004,21328,1,,
101,1264,6,184,21329,1,,
453,579,4,1003,21362,1,,
341,6,10,1173,21365,1,,
341,-1,-1,-999,21366,2,v14_piggyback,3.0,21365,1
128,116,4,1172,21374,1,,
5,22,6,1004,21379,1,,
6,1259,2,1036,21381,1,,
159,1595,9,1024,21393,1,,
159,1599,10,1148,21393,1,,
416,189,2,1039,21397,1,,
416,175,6,1182,21397,1,,
321,0,2,1171,21399,1,,
417,189,6,1039,21411,1,,
40,3212,2,1073,21414,1,,
40,-1,-1,-999,21414,2,v14_piggyback,1.0,21414,0
412,114,8,1097,21425,1,,
320,0,6,1171,21425,1,,
163,14,4,1092,21434,1,,
421,369,9,962,21439,1,,
421,308,1,1174,21439,1,,
385,32,2,1161,21441,1,,
385,-1,-1,-999,21441,2,v14_piggyback,1.0,21441,0
8,1972,1,869,21443,1,,
114,1344,4,1092,21450,1,,
143,1510,2,1039,21457,1,,
2,28,9,1174,21469,1,,
460,722,6,1174,21480,1,,
288,2309,2,1096,21501,1,,
454,3097,4,962,21510,1,,
413,138,4,1097,21519,1,,
413,-1,-1,-999,21519,2,v14_piggyback,4.0,21519,0
367,372,2,1174,21524,1,,
409,68,1,962,21529,1,,
411,112,5,1174,21541,1,,
411,-1,-1,-999,21541,2,v14_piggyback,1.0,21541,0
423,399,9,1169,21541,1,,
410,87,5,1159,21551,1,,
41,44,10,1184,21552,1,,
420,302,7,1019,21571,1,,
420,-1,-1,-999,21571,2,v14_piggyback,2.0,21571,0
464,801,5,1150,21575,1,,
42,44,5,1150,21589,1,,
422,308,6,1174,21600,1,,
70,2163,2,1005,21603,1,,
70,9,6,1005,21603,1,,
149,117,6,1138,21616,1,,
149,345,5,1138,21616,1,,
149,1546,3,1138,21616,1,,
419,263,8,1122,21617,1,,
130,1,3,1132,21626,1,,
407,1046,5,1005,21633,1,,
465,828,6,1005,21646,1,,
228,25,12,1147,21664,1,,
101,1267,7,1097,21665,1,,
101,62,6,1138,21665,1,,
229,118,6,1005,21676,1,,
470,919,9,1169,21681,1,,
418,215,12,1164,21699,1,,
187,1754,2,1191,21710,1,,
432,909,8,1164,21713,1,,
43,5,9,1165,21715,1,,
43,63,6,1165,21715,1,,
319,0,8,1164,21727,1,,
319,-1,-1,-999,21728,2,v14_piggyback,8.0,21727,1
55,4,11,1127,21735,1,,
384,53,6,1164,21739,1,,
384,-1,-1,-999,21739,2,v14_piggyback,3.0,21739,0
421,300,9,1178,21755,1,,
421,302,3,1019,21755,1,,
103,347,6,1199,21757,1,,
326,2508,2,1019,21762,1,,
185,1746,1,1178,21771,1,,
412,99,10,1138,21781,1,,
460,722,6,1143,21790,1,,
441,331,1,839,21796,1,,
442,363,6,1138,21805,1,,
289,2311,2,1115,21820,1,,
25,1688,2,1165,21825,1,,
25,22,11,1209,21825,1,,
260,2157,4,1208,21825,1,,
409,87,5,1019,21842,1,,
409,86,5,1132,21842,1,,
215,339,11,1165,21845,1,,
320,71,4,1143,21851,1,,
444,409,2,1039,21854,1,,
332,697,11,1209,21863,1,,
267,90,10,1127,21879,1,,
422,369,3,1143,21891,1,,
333,805,10,1192,21895,1,,
363,201,2,1092,21899,1,,
338,2574,1,1039,21905,1,,
338,-1,-1,-999,21905,2,v14_piggyback,1.0,21905,0
24,3,2,1192,21909,1,,
24,1598,6,1188,21909,1,,
216,83,2,1169,21927,1,,
464,807,1,1119,21927,1,,
464,812,10,1005,21927,1,,
301,26,6,1165,21941,1,,
301,57,2,1192,21941,1,,
385,32,4,1138,21943,1,,
350,2637,1,1097,21950,1,,
457,662,8,1165,21955,1,,
457,-1,-1,-999,21955,2,v14_piggyback,2.0,21955,0
306,366,8,1127,21969,1,,
418,225,10,1115,21970,1,,
456,657,7,1020,21970,1,,
340,6,8,1147,21982,1,,
288,38,8,1224,21984,1,,
256,411,6,1020,22002,1,,
421,303,4,1208,22011,1,,
404,2877,2,1020,22017,1,,
364,220,6,1187,22022,1,,
410,74,1,1020,22023,1,,
360,60,3,1187,22032,1,,
484,1148,4,1209,22054,1,,
484,1148,4,1188,22054,1,,
405,994,8,1179,22061,1,,
441,323,3,1139,22078,1,,
441,324,7,1143,22078,1,,
351,700,6,1188,22080,1,,
208,1867,2,1220,22084,1,,
257,587,6,1165,22093,1,,
411,111,6,1191,22096,1,,
248,2092,2,1028,22102,1,,
486,1184,5,1147,22109,1,,
365,119,3,1212,22118,1,,
365,194,10,1212,22118,1,,
229,123,4,1188,22122,1,,
172,1670,4,1209,22131,1,,
448,492,8,1228,22132,1,,
362,119,3,1212,22140,1,,
302,57,5,1189,22152,1,,
211,231,10,1228,22156,1,,
450,539,2,1192,22159,1,,
60,7,2,1212,22163,1,,
110,1325,2,1147,22167,1,,
349,2633,2,1005,22173,1,,
353,737,8,1108,22190,1,,
283,27,1,1212,22192,1,,
283,2,12,1215,22192,1,,
283,-1,-1,-999,22192,2,v14_piggyback,8.0,22192,0
412,111,2,1192,22197,1,,
357,952,10,1176,22208,1,,
209,1874,3,1108,22210,1,,
384,31,4,1228,22227,1,,
384,17,8,1176,22227,1,,
384,-1,-1,-999,22227,2,v14_piggyback,1.0,22227,0
456,646,10,1220,22236,1,,
456,654,8,1028,22236,1,,
150,1549,1,1005,22236,1,,
277,461,11,1183,22244,1,,
134,107,4,1186,22245,1,,
428,758,3,1186,22253,1,,
148,1538,3,1108,22261,1,,
284,2,9,1176,22270,1,,
284,461,9,1219,22270,1,,
130,39,4,1232,22284,1,,
442,344,9,1176,22285,1,,
385,31,8,1219,22304,1,,
410,98,9,1108,22308,1,,
201,260,11,1216,22325,1,,
4,3,5,1250,22332,1,,
172,1673,1,359,22338,1,,
319,0,12,1216,22344,1,,
319,-1,-1,-999,22344,2,v14_piggyback,16.0,22344,0
364,172,8,1210,22348,1,,
364,172,8,1176,22348,1,,
364,322,3,1196,22348,1,,
320,196,5,1207,22359,1,,
320,0,4,1227,22359,1,,
320,-1,-1,-999,22359,2,v14_piggyback,4.0,22359,0
100,1263,8,1219,22363,1,,
448,491,7,1215,22375,1,,
454,607,8,1167,22378,1,,
457,658,8,1210,22389,1,,
158,16,9,1167,22393,1,,
365,172,3,1176,22403,1,,
365,322,3,1196,22403,1,,
338,298,8,1227,22410,1,,
5,41,7,1235,22421,1,,
411,98,3,1108,22424,1,,
411,101,3,1227,22424,1,,
441,328,5,1186,22434,1,,
85,270,10,1205,22438,1,,
208,1865,4,1219,22443,1,,
414,158,2,1167,22444,1,,
213,1899,4,1176,22452,1,,
387,80,9,1205,22459,1,,
55,4,4,1216,22476,1,,
110,1323,2,801,22478,1,,
173,1678,3,1176,22481,1,,
133,1,4,1227,22492,1,,
150,1548,4,523,22497,1,,
340,100,8,1249,22506,1,,
318,2465,3,1219,22519,1,,
285,2293,3,1215,22527,1,,
321,899,4,1247,22540,1,,
233,2011,2,1201,22542,1,,
456,656,6,1196,22544,1,,
134,1456,8,1207,22554,1,,
459,708,2,1183,22564,1,,
440,290,4,1227,22567,1,,
440,-1,-1,-999,22567,2,v14_piggyback,4.0,22567,0
446,442,2,1215,22570,1,,
81,7,8,1201,22583,1,,
81,58,11,1201,22583,1,,
229,1991,2,1216,22591,1,,
366,2717,2,1176,22593,1,,
157,1586,2,1216,22597,1,,
386,146,11,1050,22601,1,,
444,390,8,1050,22617,1,,
444,-1,-1,-999,22617,2,v14_piggyback,1.0,22617,0
408,66,1,1175,22625,1,,
128,45,4,1050,22628,1,,
453,598,1,1186,22631,1,,
292,2330,1,1212,22633,1,,
361,12,7,1050,22641,1,,
361,-1,-1,-999,22641,2,v14_piggyback,7.0,22641,0
451,553,1,1228,22642,1,,
385,55,4,1241,22650,1,,
384,52,8,1237,22665,1,,
454,602,10,1050,22681,1,,
476,3189,4,1135,22689,1,,
471,937,12,1237,22700,1,,
133,1451,5,1175,22709,1,,
213,1897,1,623,22718,1,,
79,62,4,1237,22719,1,,
79,24,8,1206,22719,1,,
338,6,7,1244,22722,1,,
407,35,8,1244,22736,1,,
407,-1,-1,-999,22736,2,v14_piggyback,9.0,22736,0
265,2188,3,1272,22749,1,,
387,171,8,1237,22758,1,,
387,73,8,1243,22758,1,,
415,2927,4,1248,22765,1,,
433,965,6,1243,22772,1,,
192,113,6,1248,22777,1,,
192,-1,-1,-999,22777,2,v14_piggyback,2.0,22777,0
456,655,9,1227,22779,1,,
187,1753,3,1128,22784,1,,
480,1092,6,1206,22786,1,,
438,218,4,1198,22793,1,,
164,1625,1,1201,22819,1,,
164,269,4,1206,22819,1,,
198,81,6,1270,22835,1,,
5,41,11,1275,22835,1,,
442,363,1,1165,22838,1,,
442,344,3,1243,22838,1,,
11,28,3,1160,22847,1,,
11,2231,3,1160,22847,1,,
180,160,8,1259,22849,1,,
448,495,3,1201,22853,1,,
446,433,10,1146,22865,1,,
446,-1,-1,-999,22865,2,v14_piggyback,4.0,22865,0
467,864,3,1050,22872,1,,
320,0,4,1270,22874,1,,
210,1879,2,1259,22881,1,,
326,530,6,1259,22904,1,,
257,2142,2,1241,22919,1,,
451,557,3,1050,22927,1,,
408,48,12,1135,22935,1,,
408,40,8,1160,22935,1,,
123,1398,2,1237,22936,1,,
3,41,6,1264,22947,1,,
394,514,8,900,22976,1,,
440,290,7,1227,22976,1,,
440,282,3,1185,22976,1,,
440,282,7,1272,22976,1,,
440,307,4,1244,22976,1,,
193,160,4,1286,22981,1,,
413,148,2,1263,22983,1,,
413,-1,-1,-999,22983,2,v14_piggyback,4.0,22983,0
129,89,7,1257,22995,1,,
165,14,9,1267,22996,1,,
396,2844,2,1050,23002,1,,
438,190,5,1128,23006,1,,
392,326,2,1042,23009,1,,
449,500,8,1255,23012,1,,
298,759,7,1284,23019,1,,
445,419,7,1257,23021,1,,
163,14,4,1269,23028,1,,
393,326,10,1042,23038,1,,
457,664,6,1284,23040,1,,
183,67,10,1284,23065,1,,
442,3041,2,1254,23076,1,,
164,14,9,695,23080,1,,
424,444,4,695,23089,1,,
424,-1,-1,-999,23089,2,v14_piggyback,3.0,23089,0
422,2957,2,1140,23094,1,,
258,296,7,695,23102,1,,
76,62,4,695,23111,1,,
214,1905,2,1155,23112,1,,
130,39,5,1155,23122,1,,
443,371,4,1140,23136,1,,
468,873,10,1253,23139,1,,
462,779,3,936,23145,1,,
345,465,8,844,23153,1,,
270,2212,2,844,23159,1,,
441,315,7,844,23172,1,,
338,6,6,877,23173,1,,
437,179,8,702,23188,1,,
437,-1,-1,-999,23188,2,v14_piggyback,2.0,23188,0
344,473,12,1166,23205,1,,
344,310,12,1230,23205,1,,
459,704,4,1155,23214,1,,
100,1260,2,844,23221,1,,
451,543,7,1252,23241,1,,
451,549,8,1198,23241,1,,
414,145,6,877,23242,1,,
79,58,2,1166,23243,1,,
79,58,6,856,23243,1,,
79,47,7,1157,23243,1,,
407,66,7,985,23254,1,,
447,482,8,1059,23256,1,,
256,259,6,985,23265,1,,
421,329,2,702,23273,1,,
421,350,8,970,23273,1,,
370,2732,4,695,23274,1,,
440,305,8,1255,23282,1,,
440,292,5,1155,23282,1,,
440,295,7,1253,23282,1,,
440,295,9,844,23282,1,,
440,-1,-1,-999,23282,2,v14_piggyback,4.0,23282,0
394,455,6,936,23284,1,,
408,35,11,1204,23292,1,,
427,719,8,970,23298,1,,
427,-1,-1,-999,23298,2,v14_piggyback,3.0,23298,0
182,67,9,1204,23308,1,,
445,432,10,1140,23314,1,,
371,537,7,1204,23321,1,,
371,-1,-1,-999,23321,2,v14_piggyback,2.0,23321,0
282,38,4,1238,23330,1,,
482,1113,10,1157,23343,1,,
482,-1,-1,-999,23343,2,v14_piggyback,2.0,23343,0
50,1442,6,1059,23346,1,,
438,237,9,695,23350,1,,
438,249,4,1204,23350,1,,
438,-1,-1,-999,23350,2,v14_piggyback,3.0,23350,0
455,632,8,856,23356,1,,
299,78,5,1204,23360,1,,
241,193,6,702,23371,1,,
449,504,4,695,23378,1,,
449,-1,-1,-999,23378,2,v14_piggyback,3.0,23378,0
422,350,6,856,23381,1,,
464,806,3,1230,23408,1,,
443,385,8,877,23410,1,,
443,370,12,1059,23410,1,,
443,-1,-1,-999,23410,2,v14_piggyback,1.0,23410,0
306,361,6,1230,23419,1,,
462,777,12,702,23429,1,,
364,194,5,1230,23430,1,,
33,2479,2,1166,23436,1,,
426,584,4,1218,23438,1,,
242,2061,2,1230,23443,1,,
144,1514,4,877,23447,1,,
441,343,8,856,23457,1,,
280,470,8,1091,23466,1,,
468,878,1,1230,23481,1,,
300,54,6,1091,23489,1,,
275,2239,3,1291,23493,1,,
338,136,4,702,23502,1,,
180,160,6,1304,23521,1,,
164,1627,1,1197,23540,1,,
164,1629,2,1194,23540,1,,
419,289,5,1091,23557,1,,
4,37,12,1296,23564,1,,
4,19,10,1293,23564,1,,
407,66,5,1238,23568,1,,
488,1211,2,1291,23570,1,,
298,2357,3,985,23591,1,,
447,466,8,970,23591,1,,
447,460,6,1291,23591,1,,
0,1297,2,1295,23594,1,,
109,1318,2,936,23598,1,,
146,1529,2,1091,23600,1,,
271,230,3,1262,23606,1,,
227,1983,4,1091,23609,1,,
269,2210,2,695,23616,1,,
198,1814,2,877,23627,1,,
201,185,2,985,23636,1,,
425,571,4,1211,23650,1,,
421,350,2,1319,23663,1,,
140,50,8,1281,23685,1,,
455,637,4,1204,23685,1,,
422,368,10,1324,23689,1,,
440,295,3,844,23697,1,,
320,61,5,1324,23708,1,,
320,-1,-1,-999,23708,2,v14_piggyback,6.0,23708,0
121,1386,3,915,23713,1,,
121,-1,-1,-999,23713,2,v14_piggyback,1.0,23713,0
40,29,4,1281,23724,1,,
40,-1,-1,-999,23724,2,v14_piggyback,1.0,23724,0
441,342,11,1319,23736,1,,
217,23,10,1283,23741,1,,
247,59,2,1238,23748,1,,
319,0,8,1333,23750,1,,
319,-1,-1,-999,23750,2,v14_piggyback,2.0,23750,0
462,769,2,695,23755,1,,
459,709,8,1297,23764,1,,
368,447,2,1283,23767,1,,
474,980,6,1229,23781,1,,
165,126,11,1332,23784,1,,
158,151,1,1321,23790,1,,
117,1,12,1315,23805,1,,
117,13,4,1229,23805,1,,
362,119,6,1315,23816,1,,
379,1055,3,1315,23827,1,,
312,480,2,1311,23837,1,,
426,617,2,1311,23845,1,,
258,2148,3,1258,23852,1,,
413,135,4,1311,23854,1,,
413,-1,-1,-999,23854,2,v14_piggyback,4.0,23854,0
363,121,5,1288,23868,1,,
364,200,9,1289,23883,1,,
257,221,4,1318,23890,1,,
365,121,11,1260,23901,1,,
438,248,9,1333,23903,1,,
112,1335,10,1126,23917,1,,
465,835,7,1071,23921,1,,
465,-1,-1,-999,23921,2,v14_piggyback,2.0,23921,0
224,83,8,1282,23923,1,,
43,29,9,1126,23932,1,,
96,1231,7,1282,23936,1,,
96,-1,-1,-999,23936,2,v14_piggyback,1.0,23936,0
245,2075,2,1126,23944,1,,
245,131,4,1126,23944,1,,
128,116,6,1303,23951,1,,
102,1272,3,1071,23961,1,,
102,24,2,1071,23961,1,,
129,116,4,1071,23970,1,,
140,170,11,1343,23980,1,,
384,42,6,1325,23993,1,,
455,628,6,1258,23993,1,,
235,131,8,1329,24005,1,,
189,1765,2,1343,24009,1,,
441,323,6,1297,24017,1,,
309,2420,1,1343,24036,1,,
449,515,8,1155,24048,1,,
449,508,10,856,24048,1,,
380,1060,6,1126,24051,1,,
221,240,9,1287,24058,1,,
459,718,6,1311,24066,1,,
307,2408,3,1323,24073,1,,
307,346,6,1323,24073,1,,
143,43,6,1287,24089,1,,
230,123,7,1271,24093,1,,
385,53,4,1260,24102,1,,
77,58,6,1325,24103,1,,
203,1839,3,1126,24110,1,,
327,530,4,1287,24117,1,,
200,144,8,1302,24124,1,,
366,201,4,1271,24133,1,,
351,2645,2,1315,24140,1,,
131,141,11,1340,24142,1,,
225,23,7,1349,24147,1,,
447,482,2,915,24153,1,,
363,220,4,1287,24163,1,,
409,86,8,1340,24171,1,,
430,831,4,1313,24181,1,,
22,1590,2,1329,24182,1,,
383,42,2,1279,24189,1,,
298,2358,1,1315,24212,1,,
138,147,8,1352,24221,1,,
438,206,12,1303,24229,1,,
438,216,12,1071,24229,1,,
438,-1,-1,-999,24229,2,v14_piggyback,2.0,24229,0
352,589,6,1352,24235,1,,
386,120,6,1340,24241,1,,
411,101,8,1352,24249,1,,
176,1693,3,1340,24249,1,,
457,660,3,1287,24261,1,,
441,340,3,1340,24264,1,,
441,320,6,1340,24264,1,,
5,1972,4,1344,24287,1,,
5,46,6,1344,24287,1,,
364,201,6,1352,24294,1,,
443,373,2,695,24301,1,,
388,127,10,1328,24304,1,,
343,473,3,1352,24309,1,,
221,1949,4,1313,24320,1,,
221,-1,-1,-999,24320,2,v14_piggyback,3.0,24320,0
103,1280,10,1327,24320,1,,
153,16,6,1361,24321,1,,
348,651,6,1266,24333,1,,
56,4,8,1327,24334,1,,
384,31,5,1367,24343,1,,
57,4,8,1351,24348,1,,
404,978,7,1367,24356,1,,
412,102,8,1334,24359,1,,
223,214,6,1351,24361,1,,
154,16,4,1367,24365,1,,
285,2293,2,1323,24372,1,,
415,169,2,1367,24375,1,,
415,169,3,1360,24375,1,,
415,-1,-1,-999,24375,2,v14_piggyback,7.0,24375,0
416,169,2,1360,24382,1,,
385,42,6,1360,24393,1,,
385,-1,-1,-999,24393,2,v14_piggyback,5.0,24393,0
474,987,5,1327,24406,1,,
414,155,4,1345,24409,1,,
447,467,8,1361,24430,1,,
174,1685,1,1343,24432,1,,
400,674,2,1373,24437,1,,
476,1021,1,1352,24445,1,,
320,71,4,1347,24468,1,,
435,1067,2,1362,24482,1,,
40,29,8,1347,24483,1,,
40,-1,-1,-999,24483,2,v14_piggyback,1.0,24483,0
413,138,2,1351,24492,1,,
413,122,2,1347,24492,1,,
413,-1,-1,-999,24492,2,v14_piggyback,4.0,24492,0
289,128,6,1362,24494,1,,
389,188,4,1225,24500,1,,
288,77,6,1285,24505,1,,
96,1231,1,1282,24511,1,,
390,250,11,1170,24518,1,,
419,289,8,1380,24525,1,,
391,210,3,1326,24540,1,,
329,649,5,1170,24550,1,,
89,8,4,1351,24560,1,,
77,58,2,1380,24562,1,,
383,42,2,1373,24571,1,,
383,31,9,1336,24571,1,,
283,38,7,1380,24577,1,,
280,2266,3,1336,24579,1,,
168,1649,1,1336,24592,1,,
168,16,6,1336,24592,1,,
423,399,6,1265,24598,1,,
423,-1,-1,-999,24598,2,v14_piggyback,4.0,24598,0
369,452,7,1375,24604,1,,
480,1092,2,1336,24613,1,,
465,835,1,1071,24619,1,,
386,2804,2,1327,24625,1,,
418,235,6,1265,24634,1,,
439,274,2,1322,24634,1,,
384,42,10,1373,24651,1,,
398,731,2,1375,24657,1,,
448,490,10,1365,24667,1,,
416,182,5,1322,24673,1,,
416,161,5,1336,24673,1,,
447,468,6,1375,24685,1,,
438,248,8,1292,24686,1,,
326,459,10,1368,24688,1,,
90,8,10,1365,24702,1,,
78,9,5,1292,24721,1,,
78,47,7,1348,24721,1,,
323,389,7,1358,24729,1,,
417,219,4,1292,24735,1,,
417,232,4,1309,24735,1,,
206,1854,3,1231,24737,1,,
367,372,8,1385,24749,1,,
415,169,1,1360,24753,1,,
415,155,2,1345,24753,1,,
415,155,7,1322,24753,1,,
390,245,10,1231,24755,1,,
390,-1,-1,-999,24755,2,v14_piggyback,8.0,24755,0
437,140,7,1348,24762,1,,
258,2148,3,1358,24762,1,,
251,2109,2,1379,24769,1,,
391,242,2,1379,24776,1,,
96,1234,7,1336,24796,1,,
419,239,9,1335,24817,1,,
419,241,6,1292,24817,1,,
389,264,6,1217,24818,1,,
280,2270,3,1010,24825,1,,
473,970,7,1385,24830,1,,
421,2953,3,1217,24834,1,,
168,1649,3,214,24838,1,,
453,582,8,1314,24844,1,,
392,316,4,1338,24848,1,,
94,13,1,1309,24857,1,,
94,24,6,1385,24857,1,,
340,6,6,1359,24868,1,,
340,-1,-1,-999,24869,2,v14_piggyback,4.0,24868,1
480,1097,6,1292,24880,1,,
393,455,4,1301,24885,1,,
289,229,6,1389,24886,1,,
289,-1,-1,-999,24886,2,v14_piggyback,3.0,24886,0
256,279,4,1309,24900,1,,
158,192,8,1389,24900,1,,
288,128,2,1301,24904,1,,
416,167,1,1348,24908,1,,
416,197,2,1385,24908,1,,
416,-1,-1,-999,24908,2,v14_piggyback,1.0,24908,0
58,1706,2,1309,24914,1,,
159,43,2,1401,24918,1,,
159,75,9,1102,24918,1,,
413,138,9,1353,24937,1,,
413,138,7,1170,24937,1,,
413,-1,-1,-999,24937,2,v14_piggyback,11.0,24937,0
471,922,3,1292,24938,1,,
273,297,8,1102,24951,1,,
412,114,8,1240,24953,1,,
442,363,5,1102,24961,1,,
450,524,6,1102,24973,1,,
284,27,12,1240,24974,1,,
414,134,4,1391,24983,1,,
414,-1,-1,-999,24983,2,v14_piggyback,6.0,24983,0
283,2,7,1388,24985,1,,
422,308,4,1240,24992,1,,
171,1668,2,1388,24992,1,,
356,2671,2,1359,24994,1,,
66,1946,3,1102,25000,1,,
385,55,4,1240,25002,1,,
417,197,3,1385,25010,1,,
417,189,6,1314,25010,1,,
137,1475,4,1240,25021,1,,
268,2201,2,1388,25046,1,,
59,1700,2,1280,25051,1,,
384,32,8,1261,25063,1,,
454,616,2,1365,25074,1,,
189,1768,4,1251,25083,1,,
274,434,2,1309,25086,1,,
280,2270,2,1040,25095,1,,
386,73,12,781,25098,1,,
106,1300,2,1359,25103,1,,
264,183,4,1407,25110,1,,
419,239,6,1359,25115,1,,
419,-1,-1,-999,25115,2,v14_piggyback,5.0,25115,0
27,1802,2,1292,25121,1,,
111,1,5,781,25124,1,,
111,1,6,1261,25124,1,,
168,1649,2,1348,25128,1,,
183,1736,2,1314,25138,1,,
291,336,9,781,25143,1,,
473,957,3,1277,25156,1,,
415,155,7,1277,25180,1,,
290,412,9,1355,25199,1,,
420,283,7,1414,25213,1,,
319,0,10,894,25215,1,,
319,-1,-1,-999,25215,2,v14_piggyback,4.0,25215,0
292,381,10,894,25231,1,,
207,1860,8,894,25245,1,,
450,523,9,1305,25254,1,,
450,521,6,1299,25254,1,,
450,524,10,1251,25254,1,,
450,535,11,1277,25254,1,,
450,-1,-1,-999,25254,2,v14_piggyback,7.0,25254,0
390,245,2,1398,25258,1,,
180,1717,2,1277,25258,1,,
285,38,8,781,25259,1,,
192,67,1,1415,25261,1,,
192,-1,-1,-999,25262,2,v14_piggyback,2.0,25261,1
442,353,2,1251,25267,1,,
307,366,8,781,25273,1,,
0,46,5,1398,25278,1,,
327,510,1,1404,25283,1,,
407,56,7,1355,25286,1,,
389,236,10,1234,25300,1,,
389,-1,-1,-999,25300,2,v14_piggyback,9.0,25300,0
385,72,10,894,25302,1,,
326,451,4,1398,25308,1,,
78,2666,2,1240,25314,1,,
78,88,4,781,25314,1,,
158,151,5,1234,25325,1,,
481,3217,2,1221,25333,1,,
391,210,12,1070,25356,1,,
384,17,6,781,25368,1,,
416,167,6,1411,25368,1,,
437,180,6,781,25380,1,,
413,148,6,1388,25380,1,,
413,-1,-1,-999,25380,2,v14_piggyback,4.0,25380,0
371,507,6,1070,25388,1,,
371,-1,-1,-999,25389,2,v14_piggyback,2.0,25388,1
392,309,9,1168,25403,1,,
441,343,6,894,25416,1,,
441,-1,-1,-999,25416,2,v14_piggyback,2.0,25416,0
423,505,10,1307,25420,1,,
128,110,4,1377,25425,1,,
415,167,8,1273,25431,1,,
258,2146,4,1261,25434,1,,
443,380,4,1070,25437,1,,
443,379,7,1180,25437,1,,
135,1460,2,1242,25448,1,,
135,107,4,1242,25448,1,,
435,1110,4,781,25450,1,,
452,574,5,1242,25458,1,,
236,131,2,1273,25470,1,,
361,11,9,1168,25476,1,,
361,-1,-1,-999,25476,2,v14_piggyback,5.0,25476,0
94,1219,6,1273,25481,1,,
397,2849,3,1273,25489,1,,
324,2496,3,1240,25517,1,,
324,-1,-1,-999,25517,2,v14_piggyback,5.0,25517,0
234,2019,1,1242,25530,1,,
398,643,2,1256,25542,1,,
420,2947,4,1398,25559,1,,
420,246,9,1070,25559,1,,
420,246,7,1398,25559,1,,
414,138,5,1170,25566,1,,
414,134,2,781,25566,1,,
414,134,10,1395,25566,1,,
414,2925,2,1240,25566,1,,
414,137,10,781,25566,1,,
338,136,3,781,25574,1,,
390,198,2,1070,25587,1,,
390,2818,2,1393,25587,1,,
390,210,9,1307,25587,1,,
390,210,7,1180,25587,1,,
387,176,2,781,25590,1,,
357,952,2,1355,25597,1,,
183,104,8,1307,25601,1,,
442,348,6,1242,25603,1,,
419,246,4,1398,25617,1,,
419,239,5,1423,25617,1,,
372,650,6,1168,25628,1,,
284,2290,1,1393,25637,1,,
284,2287,3,1180,25637,1,,
284,-1,-1,-999,25637,2,v14_piggyback,2.0,25637,0
0,19,4,1424,25650,1,,
384,17,3,1234,25660,1,,
384,-1,-1,-999,25660,2,v14_piggyback,2.0,25660,0
80,58,6,1424,25663,1,,
353,774,7,1386,25671,1,,
391,210,5,1180,25672,1,,
320,61,4,1431,25680,1,,
360,12,3,1423,25693,1,,
360,-1,-1,-999,25693,2,v14_piggyback,2.0,25693,0
230,123,4,1434,25710,1,,
319,0,11,1432,25721,1,,
180,1720,2,1221,25724,1,,
237,2034,2,1432,25728,1,,
363,156,4,1434,25734,1,,
246,2082,3,1234,25734,1,,
450,524,2,1251,25745,1,,
264,2181,2,1168,25747,1,,
1,9,10,1346,25761,1,,
462,775,9,1346,25776,1,,
462,-1,-1,-999,25777,2,v14_piggyback,2.0,25776,1
138,1482,2,1346,25783,1,,
56,4,12,1149,25805,1,,
340,109,6,1387,25813,1,,
439,257,2,1387,25820,1,,
241,193,5,1428,25821,1,,
358,12,2,1423,25828,1,,
447,464,8,1058,25843,1,,
447,-1,-1,-999,25843,2,v14_piggyback,2.0,25843,0
341,6,8,1357,25845,1,,
385,31,8,1294,25863,1,,
469,885,7,1149,25875,1,,
242,318,9,1276,25878,1,,
57,4,6,1058,25894,1,,
289,2,8,1276,25920,1,,
89,8,8,1449,25932,1,,
472,946,8,1294,25934,1,,
417,222,4,1354,25943,1,,
106,1299,8,1245,25946,1,,
413,114,3,1240,25954,1,,
413,-1,-1,-999,25954,2,v14_piggyback,4.0,25954,0
466,838,4,1276,25958,1,,
167,10,6,1058,25959,1,,
161,1612,3,1294,25966,1,,
108,1307,5,1058,25986,1,,
108,13,1,1058,25986,1,,
130,1,8,1443,26008,1,,
306,408,5,1085,26016,1,,
63,7,3,1354,26018,1,,
440,290,8,1443,26022,1,,
364,121,6,1058,26034,1,,
338,244,9,1443,26050,1,,
338,85,10,1443,26050,1,,
135,1460,2,1399,26054,1,,
135,117,2,1058,26054,1,,
418,232,10,1111,26055,1,,
467,856,11,1443,26067,1,,
237,2033,2,24,26074,1,,
186,1747,3,1058,26077,1,,
243,163,8,1111,26085,1,,
230,1997,4,1346,26086,1,,
414,135,4,1424,26095,1,,
280,2266,1,1346,26102,1,,
280,2267,1,1058,26102,1,,
67,1959,4,1384,26108,1,,
362,60,11,1223,26145,1,,
189,1768,2,1149,26151,1,,
189,-1,-1,-999,26151,2,v14_piggyback,1.0,26151,0
412,125,8,1223,26160,1,,
439,253,8,1111,26162,1,,
342,109,7,1223,26172,1,,
361,12,2,1423,26179,1,,
361,12,8,1384,26179,1,,
361,-1,-1,-999,26179,2,v14_piggyback,3.0,26179,0
77,129,5,1463,26183,1,,
469,886,6,1152,26183,1,,
363,2702,3,1111,26187,1,,
180,1717,2,1223,26190,1,,
108,1313,8,1085,26199,1,,
385,32,8,1354,26201,1,,
343,310,6,1446,26201,1,,
155,16,10,1300,26217,1,,
289,2313,1,1245,26240,1,,
472,942,6,836,26242,1,,
472,950,11,1384,26242,1,,
167,1644,4,919,26245,1,,
167,-1,-1,-999,26246,2,v14_piggyback,1.0,26245,1
471,927,3,1354,26250,1,,
359,11,4,1300,26264,1,,
359,49,4,1452,26264,1,,
274,277,11,1074,26287,1,,
170,139,8,1316,26297,1,,
411,111,10,1074,26307,1,,
411,2910,3,1074,26307,1,,
364,69,8,1316,26311,1,,
360,11,7,1300,26321,1,,
128,115,10,1074,26324,1,,
341,109,12,1466,26330,1,,
466,845,8,1158,26335,1,,
475,989,9,1074,26339,1,,
418,225,7,1074,26356,1,,
418,-1,-1,-999,26356,2,v14_piggyback,7.0,26356,0
440,290,8,1372,26356,1,,
440,288,10,1223,26356,1,,
440,-1,-1,-999,26356,2,v14_piggyback,4.0,26356,0
457,672,2,1452,26366,1,,
484,1156,6,1316,26367,1,,
425,550,7,1074,26368,1,,
192,184,2,1074,26375,1,,
192,-1,-1,-999,26375,2,v14_piggyback,2.0,26375,0
429,808,1,1316,26393,1,,
410,97,3,1412,26398,1,,
300,54,1,1400,26399,1,,
268,2203,3,1316,26401,1,,
299,54,1,1384,26410,1,,
301,15,3,1337,26418,1,,
420,302,7,1464,26421,1,,
407,2892,1,1354,26433,1,,
462,775,1,1346,26436,1,,
462,765,6,1149,26436,1,,
439,265,10,1300,26454,1,,
421,300,8,1435,26461,1,,
408,40,5,1381,26465,1,,
426,550,8,1453,26465,1,,
392,462,8,1435,26475,1,,
412,112,8,1451,26479,1,,
288,77,2,1453,26498,1,,
409,70,4,1483,26507,1,,
215,214,4,1451,26516,1,,
419,283,8,1468,26532,1,,
189,1768,9,1149,26538,1,,
360,11,4,1074,26563,1,,
413,125,9,1468,26563,1,,
413,-1,-1,-999,26563,2,v14_piggyback,4.0,26563,0
97,1239,8,1310,26564,1,,
384,42,2,1468,26569,1,,
159,1597,2,1074,26580,1,,
445,421,8,1214,26584,1,,
447,464,1,1058,26586,1,,
304,78,12,1163,26586,1,,
425,571,6,1451,26597,1,,
385,21,10,1214,26600,1,,
4,3,6,1439,26602,1,,
302,15,7,1202,26615,1,,
302,-1,-1,-999,26615,2,v14_piggyback,2.0,26615,0
386,171,6,1439,26627,1,,
209,1872,2,1477,26633,1,,
2,9,7,1477,26646,1,,
3,46,6,1202,26658,1,,
224,23,2,1444,26666,1,,
420,302,9,1214,26669,1,,
115,1351,7,1202,26670,1,,
452,576,12,1153,26690,1,,
387,94,8,1153,26707,1,,
387,55,2,1496,26707,1,,
387,-1,-1,-999,26707,2,v14_piggyback,3.0,26707,0
332,894,8,1290,26709,1,,
105,1292,7,1429,26711,1,,
337,2566,2,1444,26716,1,,
421,302,3,1214,26719,1,,
421,-1,-1,-999,26719,2,v14_piggyback,2.0,26719,0
422,369,4,1437,26731,1,,
439,274,6,1200,26743,1,,
439,258,10,1245,26743,1,,
407,35,4,1402,26744,1,,
407,48,4,1310,26744,1,,
407,48,10,1439,26744,1,,
407,-1,-1,-999,26744,2,v14_piggyback,5.0,26744,0
440,290,3,1372,26772,1,,
440,311,7,1316,26772,1,,
440,295,11,1464,26772,1,,
168,1653,2,1436,26777,1,,
473,961,5,1501,26778,1,,
473,-1,-1,-999,26778,2,v14_piggyback,2.0,26778,0
486,1182,5,1429,26783,1,,
1,30,8,1501,26791,1,,
167,10,10,1502,26794,1,,
167,-1,-1,-999,26794,2,v14_piggyback,1.0,26794,0
408,68,5,1310,26802,1,,
445,425,10,1427,26819,1,,
445,423,4,1429,26819,1,,
447,460,4,1461,26830,1,,
447,475,4,1444,26830,1,,
447,475,9,1437,26830,1,,
447,464,10,1436,26830,1,,
458,682,4,1502,26840,1,,
458,-1,-1,-999,26840,2,v14_piggyback,1.0,26840,0
425,547,6,1499,26844,1,,
129,115,3,1499,26852,1,,
385,55,4,1436,26854,1,,
385,2800,4,1278,26854,1,,
285,2294,4,1496,26861,1,,
386,94,1,1153,26877,1,,
386,55,8,1496,26877,1,,
353,746,4,1499,26886,1,,
426,547,2,1439,26892,1,,
433,965,2,1496,26899,1,,
95,13,4,1213,26912,1,,
327,530,3,1506,26917,1,,
434,965,12,909,26926,1,,
442,348,8,1416,26926,1,,
343,377,7,1416,26943,1,,
409,84,5,1370,26954,1,,
274,378,3,1416,26962,1,,
444,395,4,1370,26971,1,,
199,317,3,1370,26980,1,,
200,223,6,1514,26992,1,,
115,1348,10,1153,26992,1,,
410,86,4,1438,27001,1,,
0,37,2,1425,27007,1,,
422,308,6,1484,27008,1,,
452,568,8,1499,27041,1,,
440,307,8,1370,27046,1,,
440,312,8,1416,27046,1,,
320,71,4,1125,27051,1,,
388,132,6,1459,27060,1,,
388,171,6,1195,27060,1,,
384,21,4,1396,27074,1,,
384,34,12,1125,27074,1,,
468,877,9,1396,27090,1,,
392,313,10,1195,27103,1,,
113,13,2,1125,27106,1,,
113,1,8,1125,27106,1,,
480,1094,3,1125,27114,1,,
288,36,7,1459,27116,1,,
398,742,4,1125,27123,1,,
448,498,6,1459,27128,1,,
448,-1,-1,-999,27128,2,v14_piggyback,4.0,27128,0
291,291,4,1125,27132,1,,
445,416,4,1439,27141,1,,
324,0,10,1515,27148,1,,
195,1797,3,1195,27149,1,,
486,1179,10,1213,27156,1,,
292,563,4,1512,27157,1,,
425,536,10,1195,27170,1,,
385,72,6,1506,27174,1,,
386,127,3,1195,27178,1,,
453,597,8,1455,27192,1,,
249,2097,2,1153,27222,1,,
457,659,2,1371,27223,1,,
421,302,6,1429,27235,1,,
409,76,4,1371,27244,1,,
437,140,6,1226,27256,1,,
437,-1,-1,-999,27256,2,v14_piggyback,1.0,27256,0
407,40,8,1125,27259,1,,
242,908,1,1371,27261,1,,
182,166,10,1500,27267,1,,
95,13,5,1524,27270,1,,
340,6,5,1490,27271,1,,
340,-1,-1,-999,27271,2,v14_piggyback,3.0,27271,0
444,3054,2,1438,27283,1,,
444,394,4,1425,27283,1,,
335,2559,2,1525,27292,1,,
335,805,2,1525,27292,1,,
408,1132,5,1525,27302,1,,
410,70,7,1226,27315,1,,
327,2512,4,1480,27319,1,,
472,954,5,1500,27324,1,,
440,288,5,909,27335,1,,
68,1962,2,1500,27342,1,,
293,439,6,956,27343,1,,
293,229,8,956,27343,1,,
368,435,2,1125,27350,1,,
69,2108,4,89,27351,1,,
299,15,1,1202,27356,1,,
328,520,6,956,27362,1,,
364,254,9,1478,27362,1,,
42,82,8,1528,27370,1,,
443,382,12,956,27381,1,,
443,-1,-1,-999,27381,2,v14_piggyback,1.0,27381,0
135,130,2,1503,27387,1,,
91,8,3,956,27403,1,,
91,3231,2,956,27403,1,,
294,336,9,1527,27419,1,,
140,1492,3,956,27427,1,,
332,805,8,1478,27448,1,,
40,5,9,1467,27448,1,,
40,-1,-1,-999,27449,2,v14_piggyback,1.0,27448,1
363,121,4,1513,27457,1,,
468,873,5,1467,27459,1,,
452,560,8,1226,27471,1,,
452,-1,-1,-999,27471,2,v14_piggyback,4.0,27471,0
412,122,7,1487,27471,1,,
248,193,4,1478,27480,1,,
458,698,9,1278,27480,1,,
445,421,8,1455,27485,1,,
445,-1,-1,-999,27485,2,v14_piggyback,4.0,27485,0
486,1182,7,1525,27492,1,,
43,5,7,1487,27498,1,,
4,3,3,1539,27499,1,,
201,1833,3,1099,27500,1,,
360,60,4,1419,27509,1,,
407,48,4,1099,27523,1,,
407,35,4,1419,27523,1,,
343,424,3,1099,27531,1,,
118,1371,8,1419,27545,1,,
448,484,11,1455,27550,1,,
417,203,2,1539,27550,1,,
457,672,2,1125,27557,1,,
143,43,12,1520,27569,1,,
408,48,4,956,27570,1,,
408,-1,-1,-999,27570,2,v14_piggyback,3.0,27570,0
144,1515,6,1474,27580,1,,
259,2151,2,1475,27594,1,,
320,91,11,1418,27611,1,,
224,214,11,1421,27624,1,,
3,9,8,1418,27625,1,,
472,948,2,1519,27630,1,,
1,30,12,1509,27644,1,,
418,217,9,1421,27646,1,,
368,2725,3,1519,27654,1,,
291,2323,2,1476,27660,1,,
198,1815,6,1509,27665,1,,
464,809,1,1527,27666,1,,
437,180,3,1490,27668,1,,
437,164,6,1478,27668,1,,
411,99,8,1418,27679,1,,
440,305,8,1528,27693,1,,
199,184,9,1473,27713,1,,
199,81,11,1482,27713,1,,
463,798,6,1509,27723,1,,
257,233,10,1473,27729,1,,
256,233,6,1482,27741,1,,
319,2470,3,1482,27749,1,,
319,-1,-1,-999,27749,2,v14_piggyback,2.0,27749,0
439,255,5,1482,27759,1,,
163,1623,4,1374,27762,1,,
384,17,2,1473,27765,1,,
407,48,4,956,27770,1,,
132,110,3,1418,27777,1,,
132,1448,4,1374,27777,1,,
132,-1,-1,-999,27777,2,v14_piggyback,3.0,27777,0
225,181,8,1536,27784,1,,
410,86,4,1536,27794,1,,
410,-1,-1,-999,27794,2,v14_piggyback,4.0,27794,0
334,1068,2,1475,27796,1,,
270,2212,2,1099,27803,1,,
448,499,6,1474,27805,1,,
409,92,2,1374,27812,1,,
370,529,4,1520,27821,1,,
128,110,6,1471,27826,1,,
249,193,3,1520,27830,1,,
220,83,8,1471,27843,1,,
220,1935,2,1471,27843,1,,
324,0,2,1448,27858,1,,
226,83,7,1454,27867,1,,
444,410,2,1509,27883,1,,
449,509,12,1458,27886,1,,
130,39,4,1489,27910,1,,
100,1261,10,1458,27916,1,,
100,62,12,1458,27916,1,,
258,259,8,1510,27921,1,,
445,421,4,1455,27927,1,,
452,573,5,1099,27931,1,,
406,1129,11,1458,27934,1,,
411,93,8,1486,27945,1,,
40,5,9,1458,27949,1,,
40,-1,-1,-999,27949,2,v14_piggyback,1.0,27949,0
471,928,8,1510,27959,1,,
205,207,8,1458,27963,1,,
480,3214,4,1489,27968,1,,
183,191,11,1486,27976,1,,
463,797,9,1374,27987,1,,
458,686,6,1486,27988,1,,
181,160,10,1560,28004,1,,
385,21,6,1486,28016,1,,
385,-1,-1,-999,28016,2,v14_piggyback,6.0,28016,0
167,345,4,1486,28035,1,,
167,10,8,1543,28035,1,,
167,-1,-1,-999,28035,2,v14_piggyback,1.0,28035,0
199,1823,3,1418,28054,1,,
256,488,12,1413,28054,1,,
464,819,8,1492,28055,1,,
464,815,9,1458,28055,1,,
464,-1,-1,-999,28055,2,v14_piggyback,2.0,28055,0
483,1141,6,1470,28065,1,,
365,322,7,1363,28067,1,,
158,65,12,1413,28072,1,,
112,1,3,1470,28073,1,,
367,435,8,1458,28081,1,,
412,111,4,1470,28084,1,,
131,39,7,1549,28100,1,,
50,5,6,1363,28101,1,,
50,1463,7,1541,28101,1,,
408,1129,1,1458,28114,1,,
408,35,6,1363,28114,1,,
344,473,4,1549,28122,1,,
344,538,11,1526,28122,1,,
81,58,9,1541,28129,1,,
163,14,1,1222,28136,1,,
163,1621,7,1222,28136,1,,
200,81,6,1084,28144,1,,
439,268,8,1545,28151,1,,
146,345,12,1526,28155,1,,
225,1974,2,1356,28156,1,,
225,181,4,1084,28156,1,,
409,87,9,1470,28177,1,,
409,-1,-1,-999,28177,2,v14_piggyback,2.0,28177,0
449,513,10,1456,28193,1,,
142,50,12,1133,28201,1,,
407,2892,4,1454,28203,1,,
174,153,8,1133,28220,1,,
384,21,8,1534,28223,1,,
438,249,4,1541,28229,1,,
138,1483,2,1133,28237,1,,
138,117,8,1104,28237,1,,
64,7,6,1104,28249,1,,
132,1,8,1222,28256,1,,
132,39,6,1562,28256,1,,
3,9,10,1555,28265,1,,
342,310,4,1306,28270,1,,
342,287,6,1562,28270,1,,
164,14,8,1104,28279,1,,
204,81,6,1222,28289,1,,
204,1844,2,1534,28289,1,,
411,93,8,1458,28289,1,,
411,-1,-1,-999,28289,2,v14_piggyback,4.0,28289,0
415,150,8,1555,28297,1,,
415,175,4,1555,28297,1,,
410,86,12,1413,28316,1,,
478,1050,8,1222,28321,1,,
445,419,4,1084,28325,1,,
141,50,8,1555,28330,1,,
320,91,4,1084,28334,1,,
434,1033,6,1133,28341,1,,
345,377,3,1458,28342,1,,
389,264,7,1222,28348,1,,
471,933,5,1470,28357,1,,
457,667,3,1084,28357,1,,
67,7,3,1508,28365,1,,
67,1959,2,1508,28365,1,,
295,2345,4,1549,28372,1,,
41,1237,2,1456,28385,1,,
412,99,4,1534,28399,1,,
412,111,8,1508,28399,1,,
131,1438,4,1534,28406,1,,
460,734,6,960,28407,1,,
443,375,6,1133,28410,1,,
480,3208,2,1363,28414,1,,
447,463,5,960,28425,1,,
439,268,8,1104,28426,1,,
439,-1,-1,-999,28426,2,v14_piggyback,4.0,28426,0
441,324,4,1549,28431,1,,
326,609,6,1413,28438,1,,
348,580,8,1535,28442,1,,
452,568,4,1508,28453,1,,
384,17,10,1562,28467,1,,
384,-1,-1,-999,28467,2,v14_piggyback,5.0,28467,0
465,826,6,1133,28471,1,,
5,19,4,1535,28474,1,,
5,3,8,1469,28474,1,,
476,1014,4,1508,28479,1,,
476,-1,-1,-999,28479,2,v14_piggyback,2.0,28479,0
466,854,6,1104,28482,1,,
466,-1,-1,-999,28483,2,v14_piggyback,4.0,28482,1
470,911,6,1543,28494,1,,
332,792,4,1104,28506,1,,
450,521,9,1469,28510,1,,
199,1820,4,1529,28520,1,,
162,1617,5,1555,28532,1,,
214,271,4,1486,28541,1,,
385,31,7,1535,28541,1,,
227,1984,2,1526,28546,1,,
360,12,4,1104,28550,1,,
410,93,2,1458,28558,1,,
410,98,10,960,28558,1,,
394,478,6,1469,28567,1,,
409,84,7,1534,28569,1,,
409,74,9,1508,28569,1,,
149,1543,2,1306,28573,1,,
362,60,4,960,28581,1,,
361,12,7,1046,28590,1,,
361,-1,-1,-999,28590,2,v14_piggyback,3.0,28590,0
442,354,2,1046,28600,1,,
403,964,2,1046,28611,1,,
308,361,10,1472,28615,1,,
1,51,8,1472,28639,1,,
457,661,6,1535,28648,1,,
433,995,3,1530,28656,1,,
375,951,2,1306,28657,1,,
386,72,6,1472,28680,1,,
448,3074,2,1133,28681,1,,
373,770,6,1181,28689,1,,
395,2841,2,1486,28690,1,,
130,1434,1,1508,28692,1,,
137,1476,4,1472,28693,1,,
367,372,2,1486,28704,1,,
371,507,10,1531,28715,1,,
371,-1,-1,-999,28716,2,v14_piggyback,2.0,28715,1
464,815,2,1543,28717,1,,
268,2203,3,1469,28723,1,,
412,122,3,1531,28723,1,,
478,1056,4,1472,28739,1,,
372,723,2,1458,28744,1,,
477,1038,2,1555,28746,1,,
411,108,2,1133,28759,1,,
125,1409,2,1133,28766,1,,
472,953,1,1363,28776,1,,
396,595,9,1556,28781,1,,
453,582,1,1133,28794,1,,
