item_code,item_id,n_slots,s_total,rop_global,rop_per_slot
10021026001,0,21,252,20,1
14503003001,1,47,1128,91,2
14023056001,2,28,336,28,1
10021025001,3,39,5616,440,12
14805012001,4,16,1536,121,8
14804007001,5,16,1536,122,8
14010040001,6,11,220,16,2
14502009001,7,17,1530,121,8
14500000001,8,14,1260,98,7
10000011001,9,32,3840,310,10
10033043001,10,19,912,72,4
14020026001,11,4,192,14,4
14112013001,12,15,150,13,1
10002018001,13,13,1248,94,8
14831007001,14,5,960,75,15
14502014001,15,13,312,25,2
14505013001,16,11,990,79,8
14000057001,17,12,120,10,1
14102249001,18,13,130,11,1
10021008001,19,14,2352,167,12
14821003001,20,3,432,28,10
14011003001,21,8,96,7,1
10035035001,22,13,2184,179,14
14502011001,23,13,624,50,4
10031013001,24,11,1320,105,10
14840003001,25,4,576,46,12
14840006001,26,4,384,24,6
14501010001,27,14,336,24,2
10034042001,28,10,1920,145,15
10032006001,29,9,1728,121,14
10010002001,30,11,1848,151,14
14611010001,31,17,102,8,1
14203017001,32,3,120,10,4
14832021001,33,3,360,30,10
14102250001,34,11,110,9,1
14131033001,35,6,90,7,2
14505016001,36,14,336,24,2
10031001001,37,11,1848,144,14
10021035001,38,11,352,27,3
10032013001,39,10,1200,87,9
10000998001,40,16,80,7,1
10031005001,41,10,1680,139,14
14112007001,42,12,120,10,1
10033018001,43,21,1008,81,4
10032016001,44,10,1680,130,13
10033004001,45,24,1152,92,4
15020047001,46,12,2592,220,19
10033025001,47,8,1536,117,15
14131047001,48,8,96,7,1
14501012001,49,7,168,14,2
10001006001,50,11,1056,84,8
10001009001,51,15,1800,129,9
14110015001,52,5,120,8,2
14021010001,53,3,108,8,3
14501045001,54,12,288,22,2
14133023001,55,8,96,8,1
14505009001,56,8,80,6,1
14011053001,57,13,312,26,2
10032047001,58,8,1344,102,13
14500013001,59,20,480,41,3
14510039001,60,11,143,12,2
14810006001,61,4,288,20,5
10034019001,62,9,1512,120,14
10033037001,63,10,1680,141,15
14501063001,64,13,468,38,3
10000005001,65,11,1056,75,7
14010011001,66,14,84,7,1
10000026001,67,6,720,61,11
14112014001,68,9,90,7,1
14110009001,69,11,132,11,1
14100003001,70,7,84,6,1
14501022001,71,6,288,22,4
14133003001,72,8,96,8,1
14121106001,73,4,120,10,3
14000039001,74,3,108,7,3
14505041001,75,6,960,82,14
14131041001,76,9,72,6,1
14502077001,77,15,360,27,2
14503019001,78,12,288,20,2
14101025001,79,6,72,5,1
14000197001,80,10,120,9,1
10030048001,81,14,672,56,4
10002021001,82,11,1584,129,12
10030007001,83,13,624,49,4
14500037001,84,10,60,5,1
14820012001,85,3,288,16,6
14000032001,86,7,84,6,1
14113066001,87,5,80,6,2
10001012001,88,13,1560,126,10
10032010001,89,6,1152,89,15
14011052001,90,15,360,29,2
14810016001,91,4,288,19,5
14011028001,92,5,60,5,1
14001042001,93,6,72,6,1
14020053001,94,3,96,8,3
14501014001,95,6,540,42,7
14805013001,96,19,76,6,1
14011032001,97,13,78,6,1
14104118001,98,5,75,6,2
14000006001,99,7,63,5,1
10000002001,100,17,204,17,1
14001047001,101,10,80,7,1
14104012001,102,5,75,6,2
14505014001,103,16,384,32,2
10033064001,104,7,840,65,10
14121014001,105,3,72,6,2
14132015001,106,6,72,6,1
10010035001,107,6,1152,85,15
14104129001,108,5,60,4,1
14502006001,109,3,216,17,6
10010004001,110,7,1176,96,14
14121019001,111,7,84,7,1
14130007001,112,8,64,5,1
14505899001,113,6,720,63,11
14510050001,114,7,91,7,1
10002008001,115,11,1320,94,9
10034025001,116,7,1176,92,14
10002102001,117,11,1056,93,9
14502081001,118,6,540,43,8
10001004001,119,14,168,14,1
10040039001,120,32,128,10,1
10002006001,121,11,132,12,2
14101048001,122,6,72,6,1
14503000001,123,6,540,44,8
14830010001,124,2,288,26,13
10030023001,125,10,50,4,1
10002019001,126,9,864,71,8
12201105001,127,3,111,9,3
14832018001,128,3,360,29,10
10021001001,129,12,1440,120,10
10021006001,130,21,1008,88,5
10002005001,131,6,576,41,7
14501011001,132,5,120,9,2
14011034001,133,6,60,5,1
14003029001,134,4,72,6,2
14103009001,135,6,48,4,1
14501013001,136,9,216,17,2
14000017001,137,8,56,5,1
14131075001,138,5,60,5,1
10020007001,139,8,960,73,10
10002992001,140,8,40,3,1
10035034001,141,6,1152,101,17
14000073001,142,4,56,4,1
14102246001,143,6,60,5,1
10033057001,144,13,624,55,5
14001045001,145,8,64,5,1
14502026001,146,5,120,9,2
10031910001,147,6,1008,85,15
14102258001,148,5,50,4,1
10040062001,149,28,672,55,2
14000196001,150,7,84,7,1
10032008001,151,5,960,79,16
14500010001,152,13,312,23,2
10014090001,153,6,1008,72,12
14104002001,154,5,60,5,1
14011059001,155,5,60,4,1
14820014001,156,2,192,13,7
10033015001,157,11,528,44,4
14133922001,158,6,36,8,2
14010247001,159,4,72,5,2
10030013001,160,5,840,71,15
14003041001,161,4,72,5,2
14820028001,162,3,432,33,11
14502041001,163,6,540,43,8
14506087001,164,5,40,3,1
10033041001,165,14,672,53,4
10034003001,166,5,960,70,14
14121020001,167,3,90,7,3
10040004001,168,27,108,9,1
14010034001,169,9,54,4,1
10002001001,170,9,1080,86,10
14370004001,171,3,120,8,3
14820013001,172,2,288,14,7
14120012001,173,2,48,4,2
14011031001,174,4,48,3,1
14244003001,175,2,80,5,3
14615017001,176,8,96,8,1
10040063001,177,24,1152,95,4
14022019001,178,6,60,5,1
14820045001,179,2,80,4,2
14023047001,180,4,48,4,1
10033013001,181,13,624,51,4
14002002001,182,4,48,4,1
14805016001,183,4,384,31,8
14820008001,184,5,720,71,15
10000007001,185,7,672,55,8
14131027001,186,6,48,3,1
14121068001,187,3,90,7,3
14370020001,188,3,120,10,4
14132031001,189,5,60,5,1
14500042001,190,7,42,4,1
10034036001,191,5,840,66,14
10001025001,192,8,960,78,10
14505917001,193,4,640,45,12
14833010001,194,1,144,12,12
14510107001,195,7,91,7,1
14831020001,196,2,384,20,10
12220012001,197,16,64,5,1
14110106001,198,5,50,14,3
14521157001,199,2,192,9,5
14505138001,200,5,180,13,3
14840017001,201,1,144,12,12
14504055001,202,4,240,18,5
14104067001,203,5,60,4,1
14112016001,204,4,40,3,1
10031031001,205,4,576,49,13
14010031001,206,8,48,4,1
10021016001,207,13,624,54,5
10040025001,208,23,92,8,1
10033074001,209,8,384,33,5
11103136001,210,9,108,9,1
14504006001,211,4,360,28,7
14505005001,212,4,360,25,7
14503013001,213,7,252,18,3
10035021001,214,13,624,50,4
14121074001,215,2,72,4,2
14000011001,216,8,40,3,1
14600005001,217,2,96,7,4
14022032001,218,6,36,3,1
14132229001,219,5,30,9,2
14830009001,220,2,288,14,7
10035015001,221,5,480,37,8
14104017001,222,4,48,4,1
10041067001,223,15,720,58,4
10033068001,224,5,840,70,14
14510258001,225,5,65,5,1
14121063001,226,3,72,5,2
14112041001,227,7,35,3,1
15021001001,228,4,864,62,16
14502012001,229,4,360,30,8
10030003001,230,8,384,32,4
12201079001,231,16,640,55,4
14001017001,232,5,50,4,1
10031033001,233,9,432,36,4
14600023001,234,2,96,5,3
14001090001,235,6,72,6,1
14501086001,236,3,144,9,3
14001049001,237,5,40,3,1
14200069001,238,4,48,3,1
14000022001,239,2,100,5,3
10034999001,240,4,768,53,14
10002045001,241,7,84,8,2
14502004001,242,10,120,9,1
10033050001,243,8,384,32,4
14502015001,244,8,192,16,2
14502111001,245,3,144,9,3
14620907001,246,4,48,4,1
10040026001,247,15,90,8,1
12220002001,248,9,36,3,1
14020031001,249,4,48,3,1
14830069001,250,1,192,11,11
14231003001,251,2,60,3,2
14110054001,252,2,64,4,2
14001093001,253,4,48,4,1
14500023001,254,6,144,12,2
14011024001,255,3,36,2,1
10011003001,256,2,384,25,13
14023049001,257,3,36,3,1
14204059001,258,2,48,3,2
10034004001,259,3,576,33,11
10021027001,260,6,720,55,10
14223003001,261,3,60,4,2
10031916001,262,9,36,3,1
14520065001,263,1,96,7,7
14810001001,264,2,144,10,5
14131025001,265,5,40,3,1
14501005001,266,2,120,10,5
14501026001,267,5,80,6,2
14804012001,268,6,36,3,1
10002010001,269,8,960,81,11
15020050001,270,6,1296,115,20
10014028001,271,4,768,53,14
14353039001,272,6,24,7,2
14010210001,273,12,36,3,1
14023006001,274,7,42,3,1
10013003001,275,3,432,28,10
10033005001,276,4,672,46,12
10033030001,277,8,384,33,5
10002009001,278,8,384,35,5
14505115001,279,4,288,59,15
14510139001,280,3,39,3,1
14620014001,281,4,48,4,1
14121017001,282,2,48,3,2
14509001001,283,3,54,4,2
10034011001,284,3,576,45,15
14023248001,285,2,96,5,3
10032019001,286,4,672,54,14
14502010001,287,3,288,16,6
14112018001,288,4,40,4,1
11103021001,289,7,84,7,1
14011095001,290,3,36,3,1
14501004001,291,4,360,30,8
14023015001,292,3,60,3,1
14616006001,293,2,72,4,2
10015007001,294,7,840,75,11
14131092001,295,3,36,3,1
10002907001,296,4,384,35,9
15023012001,297,2,384,32,16
14501902001,298,2,192,14,7
14110084001,299,3,45,3,1
14621041001,300,3,72,6,2
10015010001,301,4,672,56,14
14500056001,302,4,64,5,2
14204041001,303,2,60,4,2
14502078001,304,8,192,15,2
14010036001,305,2,36,3,2
10014023001,306,3,504,40,14
14612018002,307,2,48,4,2
14001052001,308,4,48,4,1
14831002001,309,1,192,9,9
14503005001,310,3,288,19,7
14130017001,311,3,36,2,1
14610002001,312,5,45,4,1
14801002001,313,2,192,9,5
14102238001,314,4,40,3,1
14023127001,315,2,64,3,2
14501038001,316,2,96,8,4
10040005001,317,16,768,63,4
10034014001,318,4,576,43,11
14010212001,319,8,32,2,1
14611022001,320,3,36,2,1
10011001001,321,3,576,50,17
14501016001,322,4,192,14,4
14132050001,323,4,48,3,1
14003019001,324,2,36,3,2
14120019001,325,2,48,4,2
14505011001,326,2,144,10,5
10011016001,327,3,432,35,12
14111001001,328,5,30,2,1
14611002001,329,2,48,4,2
10040003001,330,17,408,34,2
14121057001,331,3,60,4,2
14003037001,332,3,36,3,1
14500067001,333,3,144,33,11
14504015001,334,3,270,18,6
14505031001,335,6,144,12,2
10002007001,336,4,384,27,7
14833024001,337,1,168,12,12
14810004001,338,2,144,13,7
10020018001,339,5,600,55,11
14131081001,340,3,36,3,1
14000042001,341,2,72,4,2
14014020001,342,3,36,3,1
12221009001,343,1,30,3,3
14000071001,344,2,40,2,1
15022004001,345,5,1080,94,19
10033054001,346,7,336,27,4
15020010001,347,6,1296,113,19
14130016001,348,3,36,3,1
14131022001,349,5,40,3,1
14822014001,350,1,108,7,7
14500026001,351,6,144,11,2
14501053001,352,5,120,8,2
14510150001,353,3,39,3,1
14021005001,354,2,64,4,2
14130001001,355,4,32,3,1
14104169001,356,3,30,3,1
14504001001,357,2,180,14,7
14361106001,358,4,48,4,1
14000075001,359,3,33,3,1
14001074001,360,4,48,3,1
10032049001,361,2,288,22,11
14023083001,362,2,72,3,2
14509008001,363,3,36,2,1
14620006001,364,3,36,3,1
11111017001,365,10,40,3,1
10033011001,366,6,288,25,5
14831021001,367,1,192,8,8
14311004001,368,4,48,4,1
10002035001,369,5,60,5,1
14010060001,370,3,36,3,1
14131105001,371,3,36,3,1
14804010001,372,2,192,15,8
14850010001,373,18,18,2,1
14001012001,374,4,32,3,1
14104042001,375,2,30,3,2
10033066001,376,7,336,26,4
14804004001,377,3,288,19,7
10033070001,378,8,384,31,4
14000060001,379,3,36,3,1
14204061001,380,3,36,3,1
10024007001,381,2,528,27,14
14010173001,382,2,40,4,2
10040023001,383,12,480,40,4
14023198001,384,7,28,3,1
14131020001,385,4,32,3,1
14000014001,386,6,30,3,1
14521158001,387,1,96,5,5
14023027001,388,5,30,3,1
14804002001,389,4,288,23,6
14105102001,390,3,36,2,1
14121136001,391,2,48,2,1
14504027001,392,2,180,16,8
10002003001,393,6,288,24,4
12121064001,394,1,23,2,2
14851058001,395,14,28,3,1
14000003001,396,3,21,7,3
14244016001,397,4,48,3,1
14505021001,398,2,180,16,8
14505099001,399,3,108,6,2
15022026001,400,3,648,52,18
12201068001,401,2,20,7,4
11103090001,402,11,66,6,1
14621069001,403,1,48,3,3
10014033001,404,3,432,27,9
14244021001,405,4,48,4,1
14244020001,406,2,240,16,8
12221012001,407,5,75,6,2
10001014001,408,3,360,24,8
14500014001,409,3,24,6,2
14014018001,410,3,36,3,1
10031016001,411,3,576,41,14
10032003001,412,3,360,29,10
14020015001,413,3,36,3,1
11103022001,414,10,60,5,1
14010027001,415,2,144,10,5
14506072001,416,1,108,3,3
14130010001,417,4,24,2,1
14831011001,418,1,192,6,6
14244017001,419,3,30,3,1
10013005001,420,3,576,48,16
14222068001,421,1,40,3,3
14833009001,422,1,168,7,7
14130009001,423,3,24,2,1
14501047001,424,3,270,16,6
14121062001,425,3,36,3,1
14003009001,426,2,40,3,2
14000040001,427,3,36,2,1
14506056001,428,2,24,2,1
14023503001,429,1,36,7,7
10031911001,430,4,576,42,11
10002017001,431,12,144,14,2
14110029001,432,2,32,2,1
14012019001,433,2,36,2,1
10032064001,434,2,384,34,17
14505020001,435,2,180,15,8
14020006001,436,4,24,2,1
14506001001,437,2,48,2,1
12122032001,438,1,48,2,2
10000003001,439,4,384,30,8
10034017001,440,3,432,38,13
14121115001,441,2,40,3,2
14104101001,442,3,36,3,1
14130042001,443,2,24,1,1
14510004001,444,5,65,5,1
11040005001,445,2,48,4,2
14000043001,446,1,36,3,3
14805004001,447,2,240,14,7
10022030001,448,2,240,22,11
14615070001,449,5,60,22,5
14102040001,450,2,30,3,2
10030014001,451,5,240,20,4
10030011001,452,4,192,14,4
12100039001,453,1,36,2,2
14001046001,454,2,48,3,2
10002071001,455,3,144,11,4
10000010001,456,8,96,7,1
14204892001,457,4,24,2,1
10002014001,458,4,384,27,7
10002046001,459,3,288,21,7
14132052001,460,3,36,2,1
10020041001,461,3,540,35,12
14502022001,462,3,144,9,3
14613026001,463,3,36,2,1
14131008001,464,2,24,2,1
10013012001,465,1,360,18,18
14021021001,466,6,18,1,1
12220003001,467,6,24,2,1
14615084001,468,3,36,2,1
14223179001,469,1,60,2,2
10012011001,470,3,432,35,12
10021012001,471,5,480,40,8
14502007001,472,5,120,11,3
10035017001,473,5,240,18,4
10040049001,474,15,60,5,1
14111036001,475,4,24,2,1
14100026001,476,2,24,2,1
10001001001,477,5,60,5,1
14500007001,478,2,180,11,6
10040094001,479,13,52,5,1
10002943001,480,3,288,25,9
14111039001,481,2,24,2,1
14121164001,482,1,24,2,2
10020027001,483,3,360,26,9
14000002001,484,3,36,3,1
10034027001,485,3,432,29,10
14133029001,486,3,36,3,1
14112054001,487,3,30,2,1
10031017001,488,4,576,39,10
14223215001,489,2,40,2,1
14130054001,490,3,24,2,1
12220013001,491,6,24,2,1
14011074001,492,2,24,2,1
14361101001,493,4,48,4,1
11040009001,494,2,48,3,2
12106105001,495,2,40,2,1
10040032001,496,6,432,34,6
11040035001,497,2,48,3,2
14511051001,498,4,52,4,1
14010037001,499,2,24,1,1
12212033001,500,3,36,2,1
14110081001,501,3,36,3,1
14121143001,502,2,40,2,1
14506065001,503,1,96,2,2
14011006001,504,3,36,3,1
14831022001,505,1,168,7,7
14222072001,506,1,40,2,2
10001022001,507,4,192,14,4
14101024001,508,3,36,3,1
14010043001,509,4,24,2,1
10033028001,510,6,288,21,4
14520068001,511,1,96,4,4
14353019001,512,6,36,3,1
14103018001,513,2,20,1,1
12122999001,514,2,96,9,5
14833018001,515,1,24,2,2
14851025001,516,10,20,2,1
14601026001,517,1,36,2,2
14110006001,518,2,48,2,1
14832012001,519,1,96,5,5
10032055001,520,2,288,20,10
11040006001,521,2,48,3,2
10033075001,522,4,64,6,2
14311005001,523,3,36,3,1
14010178001,524,2,40,3,2
14000033001,525,1,36,2,2
14504052001,526,2,48,2,1
10014009001,527,4,288,26,7
10012004001,528,5,120,11,3
14504008001,529,2,180,12,6
10031004001,530,5,240,19,4
14510007001,531,2,26,2,1
10014083001,532,1,36,10,10
14100012001,533,2,24,2,1
10002944001,534,3,288,17,6
14023102001,535,1,36,2,2
14510025001,536,4,52,4,1
10031025001,537,7,168,12,2
12201043001,538,6,222,18,3
14102009001,539,3,24,2,1
14330005001,540,4,24,2,1
14112040001,541,3,15,4,2
14014011001,542,3,36,2,1
14010094001,543,2,36,2,1
10011023001,544,1,360,17,17
10035028001,545,2,384,25,13
11103070001,546,4,48,4,1
10033019001,547,7,84,8,2
14850011001,548,14,14,1,1
14223045001,549,2,48,2,1
10040019001,550,11,44,4,1
14504002001,551,2,180,17,9
14200119001,552,2,24,2,1
14000027001,553,4,20,1,1
11050035001,554,5,20,2,1
10033044001,555,4,64,6,2
14500064001,556,1,90,20,20
14244014001,557,3,36,2,1
11061071001,558,1,20,2,2
14021107001,559,5,20,2,1
14011010001,560,3,36,2,1
14244052001,561,3,36,3,1
14121104001,562,1,24,2,2
14501021001,563,2,192,58,29
10032011001,564,2,336,23,12
31501021001,565,1,30,2,2
14840018001,566,1,144,4,4
14104019001,567,3,18,1,1
14000010001,568,3,15,1,1
14500003001,569,2,180,59,30
10032020001,570,3,144,9,3
14361099001,571,4,48,4,1
14502054001,572,3,72,5,2
14204054001,573,1,40,2,2
12000178001,574,2,48,3,2
14203001001,575,1,40,2,2
14510033001,576,3,39,3,1
14510041001,577,3,39,2,1
31501010001,578,2,48,2,1
14105130001,579,1,18,1,1
10033010001,580,7,168,16,3
14503002001,581,1,90,6,6
14613902001,582,2,48,3,2
14121094001,583,3,24,2,1
10035002001,584,5,80,6,2
14001034001,585,2,40,2,1
14112021001,586,2,20,1,1
15020046001,587,3,648,42,14
14811007001,588,1,24,1,1
10001020001,589,3,288,17,6
14020022001,590,1,24,2,2
10033014001,591,4,192,15,4
10034039001,592,2,288,18,9
14110086001,593,2,30,2,1
14510252001,594,3,39,3,1
14804005001,595,2,240,11,6
10000012001,596,6,144,12,2
31533008001,597,1,45,2,2
14020014001,598,2,20,1,1
14242011001,599,1,30,2,2
10033016001,600,6,144,11,2
14616002001,601,2,72,4,2
14132003001,602,2,20,2,1
14820017001,603,1,120,11,11
14131056001,604,2,16,1,1
10034050001,605,3,288,20,7
14242012001,606,2,40,2,1
14020951001,607,3,36,3,1
14100013001,608,2,20,2,1
10015011001,609,2,384,21,11
14131121001,610,1,12,4,4
14510029001,611,3,39,3,1
14506090001,612,2,24,1,1
12201031001,613,7,287,26,4
15020920001,614,3,648,272,91
14222142001,615,2,40,2,1
11103050001,616,7,42,4,1
11103019001,617,6,24,9,2
14502023001,618,1,48,16,16
10030016001,619,3,144,11,4
14502029001,620,2,96,6,3
10021009001,621,10,120,10,1
14830002001,622,1,192,8,8
14204071001,623,2,48,3,2
14850001001,624,12,12,1,1
14001002001,625,2,36,3,2
14223094001,626,1,24,2,2
14510175001,627,2,26,10,5
10002074001,628,2,48,4,2
14000041001,629,2,24,1,1
14506002001,630,2,16,1,1
14133030001,631,3,36,3,1
14510069001,632,2,26,2,1
14504053001,633,1,24,2,2
14630016001,634,1,60,2,2
14021054001,635,3,18,1,1
14223039001,636,2,24,1,1
11050004001,637,3,24,2,1
14620030001,638,2,24,2,1
10000004001,639,8,96,8,1
14831013001,640,1,192,9,9
11040010001,641,2,48,3,2
14023025001,642,2,40,3,2
14504028001,643,2,180,9,5
14120020001,644,1,24,2,2
10030046001,645,5,240,22,5
14510111001,646,2,26,2,1
14330010001,647,4,24,2,1
14001031001,648,2,40,2,1
15024004001,649,2,384,21,11
14500008001,650,7,168,14,2
10034024001,651,3,288,20,7
15021035001,652,2,480,25,13
14103030001,653,2,30,2,1
14222114001,654,1,40,2,2
14223037001,655,2,24,2,1
11102002001,656,1,40,2,2
10040079001,657,7,42,4,1
14510100001,658,2,26,1,1
31500006001,659,1,48,2,2
14010019001,660,2,36,2,1
14121173001,661,1,24,2,2
14011078001,662,2,24,2,1
14100001001,663,2,24,2,1
14510109001,664,3,39,2,1
14000135001,665,5,15,8,2
14244896001,666,1,120,8,8
14111134001,667,1,40,3,3
14111024001,668,2,20,1,1
10002906001,669,2,96,9,5
10033065001,670,7,168,15,3
10031901001,671,4,96,8,2
11111033001,672,3,24,9,3
10012006001,673,1,336,14,14
14805017001,674,1,96,8,8
10002025001,675,3,36,3,1
10001005001,676,3,288,17,6
10022007001,677,4,384,33,9
10033056001,678,4,192,16,4
14500006001,679,1,72,6,6
10012899001,680,4,192,19,5
14505105001,681,1,72,4,4
14010187001,682,2,32,2,1
14503034001,683,2,80,5,3
14620062001,684,2,48,3,2
10021007001,685,8,96,8,1
14603003001,686,1,60,2,2
14121179001,687,2,12,4,2
15023020001,688,2,336,22,11
14010030001,689,2,40,2,1
10035001001,690,5,60,5,1
14020008001,691,1,24,2,2
14132038001,692,2,20,1,1
14613915001,693,2,24,2,1
10035012001,694,4,192,18,5
14130015001,695,3,24,1,1
14810012001,696,1,120,5,5
10021019001,697,2,336,21,11
14615894001,698,2,24,2,1
14506490001,699,2,16,1,1
10041085001,700,5,240,18,4
14001036001,701,2,40,2,1
12201120001,702,1,37,3,3
15022005001,703,3,648,183,61
14010049001,704,2,24,2,1
14110154001,705,1,20,10,10
10032046001,706,2,336,23,12
14222046001,707,1,20,1,1
14104096001,708,1,96,3,3
11111011001,709,2,24,2,1
10016015001,710,2,336,29,15
14003013001,711,1,24,1,1
10020011001,712,2,336,26,13
10034020001,713,2,288,18,9
11050017001,714,2,16,1,1
14022029001,715,3,18,1,1
10031007001,716,3,144,12,4
10014113001,717,2,192,19,10
14511052001,718,2,26,2,1
10001035001,719,2,96,8,4
10033034001,720,8,192,18,3
14100021001,721,2,20,1,1
14506015001,722,2,16,1,1
10014020001,723,2,288,14,7
14010150001,724,1,18,1,1
14311112001,725,4,32,3,1
14506039001,726,2,24,6,3
14244059001,727,1,60,3,3
14104126001,728,1,90,6,6
14022003001,729,2,24,1,1
10014032001,730,2,288,21,11
14506275001,731,2,96,23,12
14104085001,732,1,18,1,1
14510110001,733,2,26,2,1
14132013001,734,2,20,1,1
10040041001,735,5,360,24,5
14810013001,736,1,120,5,5
10040081001,737,9,216,19,3
14101004001,738,2,24,2,1
14010079001,739,1,24,2,2
14111002001,740,1,18,1,1
10024011001,741,3,144,10,4
14501942001,742,1,72,24,24
14010078001,743,1,24,2,2
10021017001,744,5,240,20,4
10040042001,745,9,36,3,1
12201065001,746,5,190,17,4
14805005001,747,2,192,10,5
14200006001,748,1,96,2,2
14111009001,749,2,24,2,1
14361100001,750,2,24,2,1
14131043001,751,3,24,2,1
14601004001,752,2,48,3,2
14613019001,753,1,24,2,2
10033082001,754,4,192,14,4
12202007001,755,4,16,1,1
10031011001,756,4,96,7,2
14613904001,757,5,20,1,1
10033049001,758,4,64,5,2
10040020001,759,7,336,29,5
14104113001,760,2,20,1,1
14510057001,761,2,26,2,1
14352060001,762,2,40,2,1
10033053001,763,5,80,7,2
31473013001,764,1,24,1,1
14612900001,765,1,36,2,2
14501929001,766,1,90,6,6
14000078001,767,2,10,5,3
10033027001,768,2,96,9,5
12220005001,769,3,12,5,2
12201013001,770,5,185,14,3
14804001001,771,1,120,6,6
14011051001,772,2,24,2,1
10031902001,773,6,144,12,2
10000021001,774,2,192,17,9
14104150001,775,2,16,1,1
10040037001,776,8,32,3,1
14111132001,777,1,40,2,2
10041040001,778,4,192,14,4
14001009001,779,2,48,3,2
12201037001,780,7,266,22,4
14600013001,781,1,72,1,1
10040033001,782,7,112,9,2
14133901001,783,2,24,1,1
14010149001,784,2,32,2,1
14511056001,785,3,39,3,1
14504009001,786,2,180,10,5
10010026001,787,1,264,18,18
11111021001,788,2,24,2,1
14011005001,789,2,24,1,1
14501037001,790,1,48,3,3
14506084001,791,1,30,1,1
15022017001,792,2,384,20,10
14830005001,793,1,240,4,4
14001138001,794,2,24,1,1
14222043001,795,2,20,1,1
11103015001,796,3,36,2,1
14615009001,797,1,48,2,2
31502025001,798,1,60,1,1
12102140001,799,1,72,2,2
12120052001,800,1,72,4,4
10002040001,801,4,48,3,1
14506898001,802,1,80,5,5
10030015001,803,2,96,8,4
10040058001,804,6,288,28,5
10040010001,805,5,240,21,5
11050077001,806,3,12,5,2
14104079001,807,2,48,2,1
14615133001,808,4,48,4,1
10040040001,809,7,28,2,1
14506067001,810,1,96,3,3
11103137001,811,9,108,11,2
14023295001,812,3,18,1,1
14510133001,813,2,26,1,1
15023011001,814,1,192,16,16
14003054001,815,2,24,2,1
14011011001,816,2,24,1,1
14830001001,817,1,120,4,4
10030012001,818,4,64,5,2
14121269001,819,3,15,1,1
11040021001,820,1,36,2,2
14621029001,821,1,36,3,3
14111123001,822,1,40,6,6
14500024001,823,5,120,10,2
14831009001,824,1,216,11,11
11061068001,825,1,20,1,1
14101007001,826,1,24,1,1
12102095001,827,1,72,2,2
14505046001,828,1,48,2,2
12010110001,829,1,36,2,2
11051002001,830,1,36,2,2
14501058001,831,3,72,6,2
14022002001,832,2,24,1,1
14502019001,833,1,90,6,6
15023013001,834,1,192,16,16
14105129001,835,1,18,1,1
14243058001,836,1,60,1,1
10052025001,837,2,48,2,1
10014092001,838,2,48,3,2
10040008001,839,8,96,8,1
11050020001,840,2,24,1,1
14000123001,841,1,10,1,1
14244918001,842,1,36,2,2
12011033001,843,3,36,3,1
14311158001,844,2,48,5,3
14244058001,845,2,24,1,1
10035006001,846,1,168,14,14
14121059001,847,1,20,2,2
14010097001,848,2,12,4,2
14510218001,849,3,39,3,1
10040013001,850,4,384,28,7
14011042001,851,1,20,1,1
10030018001,852,4,64,5,2
31500029001,853,1,30,1,1
14620042001,854,3,36,3,1
14023164001,855,2,12,1,1
14111142001,856,1,12,1,1
14020009001,857,1,12,1,1
10033038001,858,3,72,6,2
14000021001,859,1,36,1,1
14121015001,860,1,20,3,3
10031019001,861,3,144,9,3
14613900001,862,1,72,2,2
14104108001,863,1,48,1,1
14132012001,864,2,20,1,1
15021003001,865,2,384,21,11
14204006001,866,1,18,1,1
14510153001,867,2,26,2,1
14011044001,868,2,24,1,1
14111011001,869,2,12,1,1
14001030001,870,2,24,1,1
31531002001,871,1,90,2,2
10033006001,872,5,80,7,2
11074015002,873,1,72,1,1
14120017001,874,1,24,1,1
14502021001,875,1,48,3,3
10024010001,876,1,96,43,43
14121022001,877,1,24,1,1
14021088001,878,2,24,1,1
14010025001,879,1,24,7,7
14112009001,880,1,10,1,1
14020013001,881,1,24,2,2
14510140001,882,2,26,2,1
14011014001,883,2,24,2,1
10052020001,884,1,24,2,2
14222095001,885,1,40,1,1
14132074001,886,1,12,1,1
10033020001,887,4,64,5,2
14111143001,888,1,12,1,1
11103375001,889,3,36,3,1
14244015001,890,1,42,1,1
14505125001,891,1,90,17,17
14822046001,892,1,168,5,5
14504012001,893,1,40,17,17
10040022001,894,6,240,21,4
14501031001,895,4,96,41,11
12220010001,896,4,16,1,1
10021021001,897,2,144,12,6
14001060001,898,1,48,3,3
10014051001,899,2,288,25,13
14204070001,900,1,24,1,1
14505106001,901,1,72,5,5
14010098001,902,2,24,1,1
14510103001,903,2,26,2,1
14023302001,904,1,32,1,1
11070001001,905,2,48,4,2
14241042001,906,1,30,1,1
14502002001,907,1,90,8,8
15023035001,908,4,288,147,37
14500032001,909,1,90,5,5
12120094001,910,1,94,2,2
14023003001,911,1,12,1,1
14810005001,912,1,72,3,3
11103134001,913,4,16,1,1
14011009001,914,1,12,1,1
14023310001,915,1,36,4,4
14501928001,916,1,90,7,7
10041033001,917,2,96,9,5
14521156001,918,1,96,2,2
14204125001,919,1,32,3,3
14204062001,920,1,12,1,1
31502006001,921,1,24,2,2
14200015001,922,1,40,1,1
10002012001,923,2,192,95,48
14613906001,924,1,24,2,2
12121004001,925,1,48,4,4
14022167001,926,1,36,4,4
14202001001,927,1,20,5,5
12301011001,928,1,48,1,1
14830011001,929,1,144,3,3
14362041001,930,1,20,2,2
12210018001,931,2,74,6,3
10033046001,932,2,96,40,20
14001092001,933,2,24,2,1
15022013001,934,1,192,13,13
14131040001,935,2,16,1,1
10000022001,936,2,48,4,2
12212005001,937,2,48,3,2
10002072001,938,2,24,2,1
14204083001,939,1,40,1,1
12212061001,940,1,36,2,2
11110008001,941,5,30,2,1
11110007001,942,5,30,2,1
14101074001,943,2,20,1,1
10020002001,944,1,120,8,8
11050025001,945,1,24,2,2
14023014001,946,1,24,2,2
14502016001,947,1,90,17,17
14511014001,948,1,13,8,8
11100008001,949,4,16,2,1
11102009001,950,1,18,2,2
10002073001,951,1,96,37,37
10040066001,952,6,240,19,4
14002051001,953,1,36,1,1
14510199001,954,2,26,1,1
11070004001,955,2,48,2,1
11101014001,956,3,36,3,1
14361129001,957,2,24,1,1
14830029001,958,1,168,3,3
11101028001,959,3,36,3,1
11103007001,960,3,18,1,1
14010012001,961,2,24,1,1
14001007001,962,1,48,3,3
14120005001,963,1,24,1,1
14501065001,964,3,72,35,12
12100026001,965,1,72,5,5
14244999001,966,1,18,4,4
14805028001,967,2,144,7,4
14001635001,968,2,20,1,1
10024004001,969,1,264,14,14
14833003001,970,1,192,3,3
14001075001,971,1,40,2,2
14612034001,972,1,27,1,1
14510233001,973,2,26,3,2
14620908001,974,1,24,2,2
10020033001,975,2,192,14,7
10032015001,976,3,144,10,4
10041032001,977,3,144,12,4
10020004001,978,1,144,8,8
10041002001,979,5,240,20,4
14111008001,980,1,20,1,1
10002069001,981,2,24,2,1
15020001001,982,1,216,16,16
10011008001,983,1,30,2,2
14612075001,984,1,12,7,7
14011929001,985,2,24,2,1
14120054001,986,1,16,1,1
30010002001,987,1,450,1,1
14021006001,988,2,24,1,1
14001135001,989,1,30,2,2
10001015001,990,3,72,6,2
15020922001,991,1,192,15,15
14620057001,992,1,36,1,1
14000018001,993,1,24,1,1
10035013001,994,3,144,10,4
14501084001,995,1,90,5,5
10030022001,996,2,96,9,5
10030008001,997,5,240,19,4
14023129001,998,1,32,1,1
12000179001,999,1,36,3,3
10016020001,1000,2,96,5,3
14001018001,1001,1,24,2,2
12201035001,1002,3,114,10,4
12120001001,1003,1,96,5,5
11051006001,1004,1,12,1,1
14613907001,1005,1,24,2,2
14103155001,1006,3,9,1,1
14506070001,1007,1,12,1,1
14023132001,1008,1,32,1,1
10030045001,1009,2,96,6,3
14620021001,1010,1,24,1,1
14121007001,1011,1,20,1,1
15023005001,1012,1,192,17,17
10033003001,1013,2,96,10,5
14100009001,1014,2,24,1,1
14810017001,1015,1,48,1,1
14001008001,1016,2,36,4,2
14504038001,1017,2,160,9,5
12221006001,1018,2,16,1,1
12011168001,1019,3,36,3,1
10035010001,1020,2,96,41,21
31501003001,1021,1,45,6,6
14110056001,1022,2,10,1,1
30011002001,1023,1,240,4,4
10041004001,1024,3,144,14,5
14520067001,1025,1,96,2,2
10040018001,1026,6,96,9,2
10001008001,1027,5,60,6,2
14370002001,1028,1,40,2,2
12010137001,1029,1,24,1,1
14830072001,1030,1,168,5,5
14132157001,1031,2,24,2,1
14220141001,1032,1,48,1,1
10030049001,1033,3,72,5,2
11103094001,1034,3,18,9,3
14502047001,1035,1,90,9,9
14243045001,1036,1,60,1,1
12201069001,1037,6,228,20,4
14021055001,1038,1,12,1,1
31533005001,1039,1,36,2,2
14121119001,1040,1,36,1,1
15023003001,1041,1,192,13,13
15023017001,1042,2,336,33,17
14001003001,1043,1,18,1,1
14120045001,1044,1,24,1,1
14223018001,1045,1,24,1,1
10020015001,1046,1,120,11,11
10021015001,1047,4,192,16,4
14851063001,1048,4,24,2,1
14830045001,1049,1,144,3,3
11021071001,1050,1,36,1,1
31466156001,1051,1,60,1,1
14104086001,1052,1,18,1,1
14011004001,1053,1,12,1,1
14102026001,1054,1,48,2,2
14502020001,1055,1,120,44,44
14001033001,1056,1,12,1,1
14832052001,1057,1,120,3,3
10303002001,1058,2,192,15,8
10021034001,1059,3,108,9,3
10032014001,1060,3,144,13,5
14111038001,1061,1,24,1,1
12201005001,1062,4,148,13,4
14700026001,1063,1,48,1,1
14510123001,1064,2,26,2,1
10041039001,1065,2,96,7,4
14000050001,1066,2,16,1,1
14502080001,1067,1,90,24,24
10000013001,1068,1,120,73,73
14805899001,1069,2,192,16,8
14023149001,1070,1,12,1,1
14104151001,1071,2,16,1,1
14353011001,1072,2,48,3,2
12103027001,1073,1,144,23,23
12201898001,1074,3,114,43,15
14612088001,1075,1,36,2,2
31567031001,1076,1,60,10,10
14242133001,1077,2,16,1,1
11100001001,1078,5,20,2,1
14242131001,1079,1,50,1,1
14204132001,1080,1,40,2,2
14023115001,1081,2,12,1,1
11070007001,1082,1,48,3,3
14020976001,1083,2,12,1,1
14010199001,1084,2,12,1,1
65106030001,1085,1,36,1,1
14000061001,1086,1,20,1,1
14121006001,1087,1,10,4,4
10000027001,1088,4,96,7,2
14204086001,1089,1,40,2,2
14312999001,1090,1,48,1,1
14133905001,1091,2,24,1,1
14244053001,1092,1,60,2,2
14506066001,1093,1,108,1,1
14001145001,1094,1,12,7,7
14244028001,1095,1,36,1,1
14200087001,1096,1,48,1,1
12212035001,1097,1,8,1,1
14243044001,1098,1,60,1,1
14121004001,1099,1,10,3,3
12011412001,1100,2,24,2,1
14506049001,1101,1,96,1,1
14014013001,1102,1,12,7,7
14620999001,1103,1,48,2,2
10040027001,1104,5,300,27,6
12010234001,1105,1,8,1,1
14506099001,1106,1,20,1,1
14230432001,1107,1,60,1,1
14243046001,1108,1,60,2,2
12201049001,1109,5,185,15,3
10031012001,1110,2,96,7,4
14830026001,1111,1,192,3,3
14370003001,1112,1,40,2,2
11050012001,1113,1,24,1,1
14506100001,1114,1,48,23,23
14010029001,1115,1,12,1,1
14506142001,1116,1,32,3,3
10041006001,1117,3,144,11,4
14522051001,1118,1,96,2,2
14110024001,1119,2,16,1,1
14633900001,1120,1,36,6,6
14022012001,1121,2,12,1,1
14111031001,1122,1,12,1,1
14851007001,1123,2,6,5,3
10001043001,1124,4,96,7,2
14201021001,1125,1,20,1,1
14010062001,1126,1,24,2,2
14102115001,1127,1,12,1,1
14243042001,1128,1,72,1,1
15024014001,1129,1,168,11,11
14001104001,1130,1,12,1,1
12123086001,1131,2,48,3,2
12200017001,1132,3,123,9,3
14361026001,1133,1,12,1,1
14243043001,1134,1,12,1,1
14102182001,1135,2,12,1,1
14505008001,1136,1,120,21,21
14822063001,1137,1,144,8,8
10040002001,1138,4,192,17,5
14023034001,1139,2,12,1,1
14001073001,1140,1,12,1,1
14360022001,1141,1,12,1,1
10020020001,1142,1,120,7,7
14111029001,1143,1,10,1,1
14841001001,1144,1,168,23,23
14831008001,1145,1,168,3,3
14204065001,1146,1,40,1,1
14010055001,1147,1,24,1,1
14311135001,1148,3,21,2,1
14220002001,1149,1,32,1,1
14002013001,1150,1,12,1,1
10021010001,1151,2,96,8,4
14103057001,1152,1,15,1,1
14616001001,1153,1,24,7,7
14022086001,1154,1,12,1,1
12105009001,1155,1,18,1,1
10022011001,1156,1,30,2,2
14501002001,1157,1,90,6,6
14601031001,1158,1,48,1,1
12221003001,1159,1,33,7,7
12001049001,1160,1,24,1,1
14111025001,1161,1,12,1,1
14023307001,1162,1,20,5,5
10030005001,1163,3,36,3,1
14130013001,1164,1,60,1,1
14204131001,1165,1,40,12,12
14610004001,1166,1,36,2,2
12123077001,1167,1,24,1,1
14011027001,1168,1,12,1,1
11101055001,1169,2,24,1,1
14240005001,1170,1,12,1,1
14361010001,1171,1,12,1,1
10033001001,1172,4,192,13,4
14222070001,1173,1,40,1,1
14506060001,1174,1,12,1,1
14010068001,1175,1,20,1,1
14510098001,1176,2,26,1,1
14620894001,1177,2,48,2,1
14841003001,1178,1,72,1,1
14104090001,1179,1,24,1,1
14615082001,1180,1,24,2,2
14202021001,1181,1,36,1,1
14222042001,1182,1,10,1,1
14832054001,1183,1,120,3,3
14503048001,1184,1,36,1,1
14315016001,1185,1,16,1,1
11103317001,1186,2,24,11,6
11071898001,1187,1,24,1,1
10041034001,1188,2,96,8,4
12122052001,1189,1,32,2,2
14822049001,1190,1,48,1,1
14242151001,1191,1,24,1,1
14610001001,1192,1,48,10,10
14315017001,1193,1,16,1,1
14500012001,1194,1,24,6,6
14303933001,1195,1,12,1,1
14830073001,1196,1,168,6,6
10040048001,1197,4,64,62,16
14223080001,1198,1,20,1,1
14510127001,1199,1,13,4,4
12011075001,1200,1,12,1,1
14223176001,1201,1,60,4,4
10015008001,1202,2,24,2,1
14633935001,1203,1,216,1,1
14506005001,1204,1,24,4,4
31567018001,1205,1,72,10,10
14112038001,1206,1,20,1,1
14502003001,1207,1,90,7,7
10012907001,1208,1,192,8,8
11111019001,1209,2,16,1,1
14522050001,1210,1,96,2,2
31500015001,1211,1,45,6,6
14506143001,1212,1,48,10,10
14023126001,1213,1,32,9,9
14503024001,1214,1,36,1,1
14616054001,1215,1,24,1,1
14505911001,1216,3,108,7,3
12103008001,1217,1,24,1,1
14522049001,1218,1,96,2,2
14601030001,1219,1,36,1,1
10040009001,1220,5,60,5,1
14303048001,1221,1,12,1,1
14851072001,1222,3,18,1,1
14600011001,1223,1,96,1,1
14510101001,1224,1,13,1,1
10041003001,1225,4,96,8,2
14361082001,1226,1,12,1,1
14013002001,1227,1,12,1,1
14010194001,1228,1,12,1,1
10030030001,1229,2,48,4,2
14506159001,1230,1,12,1,1
14131011001,1231,1,20,1,1
10016014001,1232,2,192,104,52
11103098001,1233,3,18,1,1
10023027001,1234,2,8,1,1
30001907001,1235,1,96,1,1
14330011001,1236,2,12,1,1
14840022001,1237,1,168,26,26
14506008001,1238,1,48,14,14
31567052001,1239,1,36,1,1
14001028001,1240,1,10,1,1
14204021001,1241,1,40,1,1
14506887001,1242,1,90,3,3
12106001001,1243,1,336,4,4
14833052001,1244,1,216,3,3
14631018001,1245,1,96,2,2
14833013001,1246,1,24,3,3
12011113001,1247,1,24,1,1
14633039001,1248,1,144,3,3
14220140001,1249,1,48,1,1
11103051001,1250,2,24,2,1
14132071001,1251,1,20,1,1
14620114001,1252,1,24,1,1
14505048001,1253,1,120,10,10
14630022001,1254,1,36,4,4
11050076001,1255,1,8,4,4
10002942001,1256,1,96,8,8
14501052001,1257,1,90,7,7
14244933001,1258,1,24,1,1
14505059001,1259,1,120,50,50
14505148001,1260,1,18,3,3
14203083001,1261,1,20,1,1
14303934001,1262,1,24,1,1
14331028001,1263,2,12,1,1
14104016001,1264,1,12,1,1
14224003001,1265,1,30,3,3
15021060001,1266,1,216,7,7
11110085001,1267,2,24,1,1
11074015001,1268,1,72,1,1
14204055001,1269,1,40,1,1
11103096001,1270,3,18,2,1
14311043001,1271,2,20,2,1
14226149001,1272,1,30,4,4
14613009001,1273,1,24,1,1
14226009001,1274,1,30,4,4
15022009001,1275,1,120,5,5
14110019001,1276,1,20,1,1
10033026001,1277,4,48,4,1
14132116001,1278,1,20,1,1
10032001001,1279,4,96,8,2
11022051001,1280,2,24,2,1
15022015001,1281,1,120,6,6
30052113001,1282,1,60,6,6
14022041001,1283,1,6,1,1
11073902001,1284,1,48,1,1
14811004001,1285,1,72,2,2
14210077001,1286,1,60,1,1
14804014001,1287,2,8,1,1
10034016001,1288,3,72,6,2
14001019001,1289,1,10,1,1
14511011001,1290,1,13,1,1
10011021001,1291,1,192,37,37
14226007001,1292,1,30,1,1
14510265001,1293,1,13,1,1
14311022001,1294,2,24,2,1
11050040002,1295,2,12,1,1
14244050001,1296,1,42,1,1
15023004001,1297,1,168,64,64
14833020001,1298,1,168,5,5
14121112001,1299,1,24,1,1
14000015001,1300,1,5,4,4
14203032001,1301,1,12,3,3
14203062001,1302,1,40,1,1
14002003001,1303,1,12,4,4
14510148001,1304,1,13,1,1
14010289001,1305,1,12,1,1
14330019001,1306,1,6,5,5
14111004001,1307,1,48,1,1
10040016001,1308,2,80,60,30
14822112001,1309,1,96,2,2
14200047001,1310,1,40,1,1
10020043001,1311,1,120,29,29
14805056001,1312,1,96,4,4
10002917001,1313,2,24,2,1
10034007001,1314,1,48,3,3
14243040001,1315,1,84,1,1
12201001001,1316,2,76,50,25
14615038001,1317,1,6,4,4
14244027001,1318,1,60,1,1
12122050001,1319,1,48,1,1
14131026001,1320,1,12,1,1
14242009001,1321,1,50,4,4
14204126001,1322,1,20,1,1
12120063001,1323,1,41,9,9
14600898001,1324,1,72,1,1
14851071001,1325,2,12,1,1
14521178001,1326,1,120,1,1
11051013001,1327,1,24,1,1
14022033001,1328,1,6,1,1
10033017001,1329,2,48,29,15
14133028001,1330,1,24,1,1
14833035001,1331,1,192,9,9
11022014001,1332,1,48,5,5
12011277001,1333,1,12,1,1
14213004001,1334,1,24,1,1
14121061001,1335,1,10,1,1
14110003001,1336,1,32,1,1
14833072001,1337,1,32,2,2
11074003001,1338,1,72,1,1
14501899001,1339,1,48,2,2
14311027001,1340,1,8,4,4
12123076001,1341,1,24,10,10
14510159001,1342,1,13,1,1
10041135001,1343,1,48,4,4
12011114001,1344,1,24,1,1
10035003001,1345,3,36,3,1
14121101001,1346,1,72,1,1
14000119001,1347,1,12,3,3
10052035001,1348,1,24,1,1
14506089001,1349,1,64,9,9
12201051001,1350,2,66,6,3
14521181001,1351,1,120,1,1
12102086001,1352,1,24,1,1
11010007001,1353,2,12,7,4
10020036001,1354,2,96,7,4
14243129001,1355,1,12,7,7
12201124001,1356,3,99,7,3
12201896001,1357,2,66,5,3
12200001001,1358,3,30,2,1
14506352001,1359,1,100,12,12
14242037001,1360,1,20,1,1
12201042001,1361,2,74,32,16
14104114001,1362,1,48,1,1
14244898001,1363,1,120,2,2
14811008001,1364,1,72,1,1
14603004001,1365,1,60,4,4
14311058001,1366,1,9,5,5
14023035001,1367,1,12,1,1
15021005001,1368,1,120,5,5
14121075001,1369,1,36,1,1
14001010001,1370,2,36,3,2
14615108001,1371,1,48,1,1
11050033001,1372,1,8,3,3
12212900001,1373,1,240,3,3
14805010001,1374,1,96,3,3
14001062001,1375,1,24,2,2
14121053001,1376,1,20,1,1
14011041001,1377,1,20,1,1
14804016001,1378,1,96,5,5
14506164001,1379,1,12,1,1
14102087001,1380,1,12,1,1
14022093001,1381,1,24,1,1
14506286001,1382,1,8,1,1
10034033001,1383,2,96,6,3
14204162001,1384,1,32,12,12
14013001001,1385,1,12,1,1
14204036001,1386,1,72,12,12
14506109001,1387,1,12,3,3
14000100001,1388,1,12,1,1
11010042001,1389,2,16,1,1
14020960001,1390,1,6,1,1
14200011001,1391,1,40,5,5
31424002001,1392,1,60,5,5
14610011001,1393,4,24,2,1
14603005001,1394,1,60,1,1
14105026001,1395,1,18,3,3
11022007001,1396,1,24,1,1
10100132001,1397,1,96,17,17
14121064001,1398,1,24,1,1
12010041001,1399,1,120,1,1
11111013001,1400,1,12,1,1
14340006001,1401,1,60,1,1
14203004001,1402,1,20,1,1
11110006001,1403,2,12,6,3
14102010001,1404,1,24,1,1
14833066001,1405,1,144,23,23
12020473001,1406,1,108,1,1
14010293001,1407,1,24,1,1
31500014001,1408,1,45,6,6
14010219001,1409,1,20,6,6
12106028001,1410,1,144,1,1
14020030001,1411,1,12,1,1
14111006001,1412,1,24,1,1
14820029001,1413,1,72,1,1
33551902001,1414,2,24,11,6
11111025001,1415,1,12,1,1
14503004001,1416,1,60,2,2
12202002001,1417,2,8,4,2
11050011001,1418,1,36,3,3
14121105001,1419,1,24,1,1
14210120001,1420,1,60,1,1
14242155001,1421,1,40,1,1
14621005001,1422,1,36,5,5
14613908001,1423,2,12,1,1
14132075001,1424,1,12,1,1
14242056001,1425,1,20,1,1
14361036001,1426,1,12,6,6
10010019001,1427,1,126,29,29
14000066001,1428,1,8,3,3
14620110001,1429,1,60,1,1
14615041001,1430,1,50,1,1
14001039001,1431,1,24,5,5
11103095001,1432,2,8,6,3
14223032001,1433,1,48,1,1
14011023001,1434,1,12,1,1
14104148001,1435,1,40,1,1
11040030001,1436,1,24,1,1
14841002001,1437,1,168,10,10
14014026001,1438,1,12,7,7
12020243001,1439,1,72,5,5
14243166001,1440,1,24,1,1
11101029001,1441,2,24,1,1
10020024001,1442,1,144,6,6
10014898001,1443,1,48,24,24
14512007001,1444,1,6,3,3
14613007001,1445,1,12,9,9
14601001001,1446,1,48,3,3
11103114001,1447,1,12,1,1
14833042001,1448,1,240,14,14
14120002001,1449,1,32,1,1
12212015001,1450,1,48,5,5
14600025001,1451,1,96,1,1
12010023002,1452,1,216,4,4
14204044001,1453,1,40,1,1
14001076001,1454,1,12,11,11
11103176001,1455,2,8,4,2
14104060001,1456,1,24,1,1
14112053001,1457,1,10,1,1
11111050001,1458,2,6,5,3
14103106001,1459,1,6,3,3
14508017001,1460,1,24,7,7
14801003001,1461,1,60,1,1
11021041001,1462,1,36,5,5
12201083001,1463,3,111,8,3
10020034001,1464,1,144,5,5
14621045001,1465,1,24,1,1
14001035001,1466,1,36,7,7
12010020001,1467,1,24,1,1
14202017001,1468,1,48,1,1
10020042001,1469,2,96,38,19
12120053001,1470,1,36,15,15
12122013001,1471,1,94,26,26
10010043001,1472,1,336,5,5
14506174001,1473,1,80,16,16
14521166001,1474,1,72,1,1
11032218001,1475,1,12,6,6
11032037001,1476,1,24,2,2
10034046001,1477,2,32,17,9
14202009001,1478,1,20,1,1
14810002001,1479,1,72,2,2
14021091001,1480,1,26,1,1
14021036001,1481,1,12,1,1
14202041001,1482,1,36,4,4
14002027001,1483,1,24,3,3
14601999001,1484,1,24,1,1
14315003001,1485,1,24,1,1
12212910001,1486,1,61,9,9
14505139001,1487,1,120,2,2
12121005001,1488,1,91,2,2
14811006001,1489,1,72,3,3
14830007001,1490,1,144,3,3
12104003001,1491,1,288,9,9
14001086001,1492,1,12,3,3
14244049001,1493,1,12,1,1
14506096001,1494,1,20,3,3
14241030001,1495,1,40,1,1
14601047001,1496,1,24,1,1
11072001001,1497,1,24,10,10
14505003001,1498,1,40,11,11
14000055001,1499,1,12,5,5
14000117001,1500,1,12,3,3
14805006001,1501,1,96,24,24
14204078001,1502,1,36,5,5
11032220001,1503,1,24,1,1
14241031001,1504,1,60,4,4
14204010001,1505,1,120,36,36
14370025001,1506,1,24,1,1
10023106001,1507,1,12,1,1
14010186001,1508,1,16,1,1
12000059001,1509,2,24,2,1
12100011001,1510,1,96,7,7
31420009001,1511,1,60,5,5
14800004001,1512,1,36,1,1
14822008001,1513,1,96,5,5
14615002001,1514,1,36,3,3
14002053001,1515,1,24,1,1
14610008001,1516,1,12,9,9
11032218002,1517,1,12,1,1
14011015001,1518,1,12,1,1
12123019001,1519,1,127,20,20
14506375001,1520,1,8,1,1
14104011001,1521,1,12,1,1
14220078001,1522,1,40,3,3
10030019001,1523,2,96,39,20
14242134001,1524,1,8,1,1
14600021001,1525,1,72,1,1
12122020001,1526,1,48,4,4
14511036001,1527,1,13,1,1
14203048001,1528,1,30,3,3
12011334001,1529,1,12,3,3
10052011001,1530,1,24,5,5
14850034001,1531,4,4,1,1
12121003001,1532,1,163,2,2
14602023001,1533,1,300,1,1
14353005001,1534,2,24,1,1
41300016002,1535,2,4,3,2
14200018001,1536,1,40,1,1
14220005001,1537,1,36,1,1
31567025001,1538,1,60,11,11
14630027001,1539,1,60,6,6
12102008001,1540,1,24,1,1
14613024001,1541,1,12,1,1
12010002001,1542,1,24,1,1
14220071001,1543,1,72,1,1
14506103001,1544,1,72,4,4
10020008001,1545,1,48,4,4
30000056001,1546,1,96,3,3
11100005001,1547,3,6,1,1
11050060001,1548,2,8,1,1
11103369001,1549,1,8,5,5
10021042001,1550,2,96,46,23
12120025001,1551,1,73,2,2
12000060001,1552,2,24,1,1
11103133001,1553,1,21,1,1
12102152001,1554,1,36,1,1
12121034001,1555,1,16,5,5
12121050001,1556,1,48,1,1
14510196001,1557,1,13,4,4
14104162001,1558,1,48,3,3
11103035001,1559,1,8,1,1
12105034001,1560,1,12,3,3
14244045001,1561,1,24,1,1
14200033001,1562,1,40,6,6
14601003001,1563,1,60,9,9
14023501001,1564,3,15,13,5
14506314001,1565,1,80,4,4
14521179001,1566,1,120,1,1
14244929001,1567,1,36,5,5
14010292001,1568,1,24,1,1
14244919001,1569,1,36,4,4
14360026001,1570,1,20,3,3
12100013001,1571,1,96,1,1
14121129001,1572,1,36,1,1
12327057001,1573,1,5,5,5
11042008001,1574,1,30,1,1
14131074001,1575,1,48,5,5
14023012001,1576,1,6,1,1
14121093001,1577,1,36,3,3
31500025002,1578,1,30,1,1
14850093001,1579,4,4,1,1
14632223001,1580,1,36,3,3
10052017001,1581,1,24,5,5
14133027001,1582,1,24,1,1
14133007001,1583,1,24,1,1
11071916001,1584,1,312,4,4
14201013001,1585,1,20,1,1
14312112001,1586,1,18,5,5
14010145001,1587,1,16,4,4
12102080001,1588,1,24,3,3
14613016001,1589,2,12,1,1
12201123001,1590,2,78,35,18
31501903001,1591,1,30,1,1
14222897001,1592,1,72,3,3
10022008001,1593,1,120,78,78
14110163001,1594,1,12,1,1
11110089001,1595,1,12,1,1
14506004001,1596,1,18,1,1
31709974001,1597,1,60,4,4
14010050001,1598,3,135,10,4
11110060001,1599,1,30,1,1
14021109001,1600,1,60,1,1
14506126001,1601,1,48,2,2
12020232001,1602,1,108,3,3
14202013001,1603,1,30,3,3
14506281001,1604,1,72,13,13
11050065002,1605,1,24,1,1
11050046001,1606,1,4,4,4
14833086001,1607,1,32,4,4
15021047001,1608,1,144,50,50
14023044001,1609,1,20,5,5
31568019001,1610,1,60,3,3
14833056001,1611,1,168,24,24
31602045001,1612,1,192,5,5
14001058001,1613,1,10,1,1
10033012001,1614,1,48,28,28
14001084001,1615,1,12,3,3
14611899001,1616,1,12,3,3
14241020001,1617,1,24,1,1
14001085001,1618,1,12,1,1
14616019001,1619,1,6,3,3
14023257001,1620,1,28,4,4
14023212001,1621,1,60,1,1
12010037001,1622,1,288,19,19
31500025001,1623,1,30,4,4
14600030001,1624,1,72,6,6
14502031001,1625,1,96,10,10
10014080001,1626,1,72,3,3
14002021001,1627,1,36,3,3
14021035001,1628,1,45,1,1
14505058001,1629,1,48,6,6
30450023001,1630,1,24,5,5
14104200001,1631,1,12,3,3
12201048001,1632,3,111,8,3
11071001001,1633,1,36,1,1
12122016001,1634,1,72,5,5
14361162001,1635,1,12,7,7
12103030001,1636,1,192,2,2
10010042001,1637,1,336,31,31
14111005001,1638,1,24,4,4
14222053001,1639,1,24,3,3
14361104001,1640,1,12,1,1
14010200001,1641,1,20,1,1
14361128001,1642,1,12,1,1
10020016001,1643,1,48,36,36
14501017001,1644,2,32,17,9
14311231001,1645,1,18,1,1
10014086001,1646,2,96,47,24
14211055001,1647,1,60,3,3
14332008001,1648,1,6,5,5
14616013001,1649,1,36,8,8
14331044001,1650,1,6,1,1
14370054001,1651,1,24,7,7
14203056001,1652,1,40,1,1
14370029001,1653,1,40,3,3
14361007001,1654,1,12,9,9
14361027001,1655,1,12,5,5
14204025001,1656,1,40,4,4
14361065001,1657,1,12,4,4
14361160001,1658,1,12,1,1
10020025001,1659,1,144,30,30
12102142001,1660,1,72,4,4
14242004001,1661,1,30,7,7
14104097001,1662,1,36,5,5
14227005001,1663,1,6,3,3
14131024001,1664,1,48,4,4
14102048001,1665,1,36,3,3
14512899001,1666,1,6,3,3
11050019002,1667,1,24,4,4
11061023001,1668,1,30,3,3
14833034001,1669,1,60,6,6
14242149001,1670,1,24,3,3
10030017001,1671,2,48,24,12
12120038001,1672,1,96,14,14
14110053001,1673,1,10,4,4
14243061001,1674,1,60,1,1
12001080001,1675,1,18,4,4
14810030001,1676,1,72,11,11
31420006001,1677,1,60,5,5
14833060001,1678,1,108,3,3
14210051001,1679,1,60,5,5
14222019001,1680,1,48,1,1
10040050001,1681,2,48,34,17
14611020001,1682,1,24,3,3
14223178001,1683,1,60,3,3
14222087001,1684,1,36,3,3
12011085001,1685,1,12,5,5
14370072001,1686,1,60,6,6
14240017001,1687,1,24,5,5
14503010001,1688,1,90,40,40
14832057001,1689,1,216,11,11
12000317001,1690,1,24,3,3
12011067001,1691,1,36,1,1
12011254001,1692,1,24,4,4
14244056001,1693,1,12,3,3
14820023001,1694,1,72,6,6
11040039001,1695,1,24,3,3
14361112001,1696,1,12,6,6
11062025001,1697,1,20,4,4
31532100001,1698,1,72,4,4
14110051001,1699,1,20,1,1
10024014001,1700,1,48,25,25
14700078001,1701,1,48,1,1
14510118001,1702,1,13,3,3
12210005001,1703,1,33,13,13
11071902001,1704,1,36,5,5
14510068001,1705,1,13,3,3
10041008001,1706,1,48,33,33
14620051001,1707,1,24,3,3
14509016001,1708,1,40,4,4
12101004001,1709,1,192,6,6
14615101001,1710,1,48,7,7
14509036001,1711,1,12,3,3
10014029001,1712,1,48,37,37
10014074001,1713,1,96,6,6
14022107001,1714,1,12,3,3
14620903001,1715,1,24,3,3
11101036001,1716,1,12,1,1
14021015001,1717,1,12,4,4
14010151001,1718,1,16,6,6
14000051001,1719,1,12,5,5
14610010001,1720,1,48,10,10
41301008001,1721,2,4,3,2
12121023001,1722,1,48,2,2
14020977001,1723,1,60,3,3
11104005002,1724,1,24,1,1
14501938001,1725,1,36,8,8
14330018001,1726,1,6,4,4
14120044001,1727,1,24,3,3
12011056001,1728,1,24,6,6
11032027001,1729,1,24,1,1
14011043001,1730,1,6,4,4
14621038001,1731,1,48,5,5
11050031001,1732,1,24,3,3
12123075001,1733,1,24,5,5
14002038001,1734,1,24,3,3
14223023001,1735,1,48,4,4
14110002001,1736,1,20,3,3
14110010001,1737,1,20,4,4
14242036001,1738,1,12,3,3
12010080001,1739,1,288,17,17
11050029001,1740,1,24,3,3
14521180001,1741,1,120,1,1
14000220001,1742,1,12,4,4
11070029001,1743,1,48,4,4
14022020001,1744,1,12,1,1
41300016001,1745,2,4,3,2
14506190001,1746,1,24,4,4
14202023001,1747,1,30,3,3
14361041001,1748,1,12,1,1
14200091001,1749,1,48,3,3
14833075001,1750,1,36,13,13
11070045001,1751,1,24,1,1
14200046001,1752,1,40,3,3
11041027001,1753,1,48,1,1
14020937001,1754,1,28,3,3
10034012001,1755,1,48,19,19
12011400001,1756,1,12,5,5
12000011001,1757,1,24,1,1
14244011001,1758,1,60,3,3
11103058001,1759,1,12,7,7
14010102001,1760,1,12,5,5
14332016001,1761,1,6,1,1
10030021001,1762,1,48,35,35
14616017001,1763,1,24,3,3
12106097001,1764,1,24,3,3
12120093001,1765,1,118,5,5
14102067001,1766,1,10,4,4
11103076001,1767,1,12,1,1
14102008001,1768,1,24,1,1
14102007001,1769,1,20,4,4
14832056001,1770,1,216,10,10
14300008001,1771,1,36,3,3
12123897001,1772,1,24,7,7
14241004001,1773,1,40,3,3
14521159001,1774,1,96,6,6
12123085001,1775,2,48,3,2
14244026001,1776,1,12,3,3
14023502001,1777,2,8,5,3
31500022004,1778,1,60,3,3
12122003001,1779,1,69,6,6
10000001001,1780,1,24,18,18
12010059001,1781,1,144,12,12
14500081001,1782,1,48,8,8
14203080001,1783,1,24,3,3
12020344001,1784,1,84,6,6
14506225001,1785,1,48,8,8
14361044001,1786,1,12,4,4
14200049001,1787,1,40,5,5
14200012001,1788,1,48,5,5
14620084001,1789,1,24,7,7
14001029001,1790,1,10,3,3
14332014001,1791,1,6,3,3
14506044001,1792,1,16,3,3
12212069001,1793,2,16,14,7
12100027001,1794,1,48,10,10
30045077001,1795,1,100,7,7
12102106001,1796,1,96,4,4
11051044001,1797,1,4,3,3
10020019001,1798,1,144,22,22
10034023001,1799,1,48,37,37
12201030001,1800,2,74,41,21
14311020001,1801,1,12,5,5
10014126001,1802,1,96,38,38
14105008001,1803,1,120,8,8
10014117001,1804,1,48,26,26
14110011001,1805,1,16,4,4
11061070001,1806,1,20,4,4
33551908001,1807,1,16,1,1
31533037002,1808,1,40,4,4
10000023001,1809,1,24,11,11
11070024001,1810,1,36,6,6
14602026001,1811,1,300,3,3
14361907001,1812,1,15,1,1
14020019001,1813,1,6,3,3
14352080001,1814,1,20,5,5
14620119001,1815,1,60,1,1
14002040001,1816,1,24,3,3
14001027001,1817,1,10,4,4
11032021001,1818,1,24,5,5
14370076001,1819,1,1000,7,7
10023002001,1820,1,4,3,3
12002023001,1821,1,24,1,1
14303001001,1822,1,12,3,3
14501926001,1823,1,90,12,12
31603002001,1824,1,84,5,5
12123015001,1825,1,24,8,8
14022001001,1826,1,12,3,3
14611013001,1827,1,12,5,5
14602002001,1828,1,174,3,3
14833058001,1829,1,60,5,5
14023210001,1830,1,13,3,3
14510246001,1831,1,13,1,1
14102025001,1832,1,10,3,3
14104102001,1833,1,24,5,5
14833040001,1834,1,36,3,3
14101081001,1835,1,24,3,3
14510190001,1836,1,13,5,5
10023080001,1837,1,30,6,6
14111030001,1838,1,12,4,4
14506018001,1839,1,20,1,1
14210079001,1840,1,60,4,4
12020165001,1841,1,84,3,3
14522065001,1842,1,96,1,1
14510010001,1843,1,13,3,3
14741039001,1844,1,48,5,5
14203064001,1845,1,40,3,3
14131044001,1846,1,30,3,3
14243020001,1847,1,42,3,3
14022027001,1848,1,45,7,7
14353052001,1849,1,12,3,3
35751019001,1850,1,24,9,9
12010120001,1851,1,84,4,4
12212011001,1852,1,32,4,4
12010198001,1853,1,72,1,1
14200133001,1854,1,12,3,3
10035036001,1855,1,48,21,21
14104109001,1856,1,24,3,3
11050059001,1857,1,12,4,4
14500017001,1858,1,72,6,6
14506141001,1859,1,12,3,3
12020485001,1860,1,144,1,1
11103346001,1861,1,12,3,3
31567019001,1862,1,48,5,5
12200002001,1863,1,10,10,10
12212019001,1864,1,9,6,6
14001118001,1865,1,40,11,11
14353010001,1866,1,24,7,7
14001103001,1867,1,12,6,6
10010012001,1868,1,48,35,35
11050045001,1869,1,8,3,3
14351056001,1870,1,16,5,5
14210005001,1871,1,48,3,3
14000131001,1872,1,12,3,3
15021059001,1873,1,120,28,28
14506400001,1874,1,16,3,3
14001037001,1875,1,24,4,4
12221008001,1876,1,33,30,30
14224002001,1877,1,30,5,5
14740024001,1878,1,24,3,3
12010042001,1879,1,120,9,9
14510030001,1880,1,13,4,4
14331022001,1881,1,6,1,1
11111007001,1882,1,8,3,3
11100018001,1883,1,4,3,3
14243041001,1884,1,72,7,7
14633934001,1885,1,216,4,4
14603012001,1886,1,60,6,6
14805001001,1887,1,96,28,28
11040026001,1888,1,4,4,4
31455003001,1889,1,48,1,1
11103220001,1890,1,6,4,4
14242042001,1891,1,12,3,3
14832033001,1892,1,120,23,23
12121091001,1893,1,24,6,6
12121089001,1894,1,48,2,2
10023035001,1895,1,48,31,31
14523031001,1896,1,36,4,4
14600007001,1897,1,48,6,6
12120006001,1898,1,24,6,6
11040046001,1899,1,12,4,4
14243133001,1900,1,36,3,3
14600899001,1901,1,84,3,3
11103116001,1902,1,12,4,4
14805023001,1903,1,96,13,13
31501901003,1904,1,40,4,4
14203089001,1905,1,24,3,3
14833002001,1906,1,36,3,3
14833011001,1907,1,144,14,14
14632005001,1908,1,36,3,3
14820001001,1909,1,72,3,3
14204005001,1910,1,20,3,3
14302079001,1911,1,24,4,4
12106030001,1912,1,336,14,14
12106006001,1913,1,24,4,4
14511080001,1914,1,13,4,4
12105045001,1915,1,15,4,4
14244934001,1916,1,24,4,4
15021042001,1917,1,72,66,66
14351052001,1918,1,24,4,4
10021022001,1919,2,72,41,21
14352069001,1920,1,12,3,3
15020904001,1921,1,36,14,14
12011255001,1922,1,24,5,5
14353045001,1923,1,12,3,3
14104193001,1924,1,12,2,2
12123902001,1925,1,40,5,5
14851034001,1926,2,8,5,3
12212007001,1927,1,39,7,7
14132149001,1928,1,24,3,3
10034032001,1929,1,144,33,33
14204068001,1930,1,72,15,15
14104098001,1931,1,20,3,3
14201022001,1932,1,20,3,3
10033073001,1933,2,24,22,11
14203059001,1934,1,40,5,5
12011109001,1935,1,24,3,3
10034013001,1936,1,120,31,31
10001041001,1937,1,24,17,17
10020038001,1938,1,120,24,24
15021057001,1939,1,192,39,39
12210024001,1940,1,33,14,14
12201897001,1941,1,39,5,5
10053901001,1942,1,72,17,17
10032048001,1943,1,48,28,28
31424001001,1944,1,20,3,3
14222007001,1945,1,12,3,3
10041899001,1946,2,48,33,17
14830012001,1947,1,144,16,16
14241037001,1948,1,150,5,5
14832005001,1949,1,120,19,19
14100002001,1950,1,10,5,5
31532099001,1951,1,48,4,4
12011199001,1952,1,24,3,3
14001097001,1953,1,24,4,4
14241024001,1954,1,48,1,1
31532098001,1955,1,48,4,4
14210067001,1956,1,80,3,3
10041007001,1957,2,96,65,33
14010088001,1958,1,45,40,40
10040038001,1959,2,32,22,11
12202039001,1960,1,4,4,4
12010036001,1961,1,288,16,16
10014034001,1962,1,144,33,33
14121130001,1963,1,20,3,3
12010262001,1964,1,84,3,3
14210081001,1965,1,80,4,4
14011065001,1966,1,12,5,5
32501100001,1967,1,24,11,11
14111041001,1968,1,10,4,4
10014101001,1969,1,168,42,42
14242156001,1970,1,40,4,4
14522048001,1971,1,96,8,8
14621021001,1972,3,108,84,28
11050038001,1973,1,24,3,3
12000152001,1974,1,24,3,3
14506211001,1975,1,12,3,3
14507029001,1976,1,24,4,4
11111022001,1977,1,12,4,4
11110060002,1978,1,30,5,5
14511026001,1979,1,13,4,4
14520066001,1980,1,96,5,5
14600017001,1981,1,48,5,5
11103046001,1982,1,12,6,6
14610009001,1983,1,36,10,10
11100011001,1984,1,4,4,4
14615107001,1985,1,36,3,3
14620024001,1986,1,36,3,3
14802011001,1987,1,96,9,9
11111005001,1988,1,12,5,5
14204133001,1989,1,30,7,7
11111010001,1990,1,6,4,4
12020339001,1991,1,20,3,3
12122034001,1992,1,36,5,5
12212006001,1993,1,36,7,7
14311236001,1994,1,18,3,3
12011237001,1995,1,6,4,4
12212027001,1996,1,4,3,3
14612005001,1997,1,24,3,3
12120061001,1998,1,101,6,6
11110093001,1999,1,12,5,5
14311081001,2000,1,18,4,4
14370006001,2001,1,4,4,4
14120014001,2002,1,24,3,3
14242003001,2003,1,50,4,4
14113013001,2004,1,24,3,3
31501903003,2005,1,30,5,5
14002039001,2006,1,12,3,3
31568028001,2007,1,60,3,3
12100003001,2008,1,96,5,5
14810031001,2009,1,48,3,3
12011333001,2010,1,12,1,1
14010047001,2011,1,12,3,3
14740038001,2012,1,24,7,7
12011299001,2013,1,36,4,4
11020002001,2014,1,24,5,5
12123111001,2015,1,54,7,7
15022021001,2016,1,192,47,47
14506291001,2017,1,32,7,7
12000108001,2018,1,24,3,3
12123079001,2019,1,36,5,5
14202018001,2020,1,48,6,6
41522003001,2021,3,3,3,1
14203003001,2022,1,40,5,5
11111015001,2023,1,12,3,3
12123029001,2024,1,24,8,8
14510058001,2025,1,13,5,5
14805059001,2026,1,96,22,22
14240001001,2027,1,12,6,6
10034002001,2028,1,48,17,17
11022025001,2029,1,18,2,2
14511001001,2030,1,13,4,4
14361012001,2031,1,15,3,3
14222071001,2032,1,30,3,3
14361009001,2033,1,12,3,3
14222089001,2034,1,48,3,3
14510147001,2035,1,13,5,5
12011065001,2036,1,24,4,4
14222999001,2037,1,48,5,5
14361120001,2038,1,12,4,4
14511007001,2039,1,13,3,3
14023256001,2040,1,28,3,3
14223005001,2041,1,40,3,3
14361148001,2042,1,24,7,7
10040028001,2043,2,8,8,4
11050895001,2044,1,24,4,4
14501007001,2045,1,96,8,8
12120044001,2046,1,82,12,12
10040035001,2047,2,24,17,9
14000068001,2048,1,24,3,3
14620019001,2049,1,24,17,17
14820031001,2050,1,72,3,3
14603010001,2051,1,60,6,6
14603019001,2052,1,60,6,6
14132153001,2053,1,48,6,6
14512013001,2054,1,24,3,3
12123901001,2055,1,34,17,17
11103289001,2056,1,12,5,5
12105049001,2057,1,12,3,3
14502045001,2058,1,24,3,3
14361114001,2059,2,24,15,8
10303001001,2060,1,96,63,63
11021013001,2061,1,6,4,4
12000016001,2062,1,36,3,3
14104146001,2063,1,16,5,5
14330039001,2064,1,12,5,5
14010226001,2065,1,20,4,4
12102055001,2066,1,96,4,4
14830020001,2067,1,168,8,8
31420014001,2068,1,48,3,3
31501903002,2069,1,30,5,5
14111050001,2070,1,24,6,6
14120024001,2071,1,20,3,3
12120007001,2072,1,24,5,5
14000005001,2073,1,24,3,3
12120898001,2074,1,72,7,7
10024003001,2075,1,12,7,7
14830043001,2076,1,168,7,7
10040011001,2077,2,80,51,26
14110146001,2078,1,48,3,3
14523104001,2079,1,49,3,3
12121056001,2080,1,36,5,5
12001109001,2081,1,30,3,3
12010192001,2082,1,72,4,4
14013022001,2083,1,12,6,6
14013014001,2084,1,36,7,7
14121039001,2085,1,24,3,3
14822062001,2086,1,72,3,3
12100023001,2087,1,72,5,5
11050081001,2088,1,63,4,4
14312113001,2089,1,18,7,7
14601065001,2090,1,180,3,3
12010144001,2091,1,144,7,7
31502034001,2092,1,30,4,4
12000045001,2093,1,24,2,2
12150009001,2094,1,24,4,4
14202040001,2095,1,36,3,3
14621051001,2096,1,96,3,3
14506204001,2097,1,48,10,10
14204053001,2098,1,24,4,4
14615079001,2099,1,12,4,4
14741017001,2100,1,24,7,7
11073907001,2101,1,84,3,3
14242039001,2102,1,40,5,5
11073902002,2103,1,48,4,4
14370007001,2104,1,24,6,6
14001096001,2105,1,24,3,3
12212059001,2106,1,36,8,8
14001089001,2107,1,12,3,3
10014030001,2108,1,48,35,35
14241033001,2109,1,40,5,5
14506045001,2110,1,24,3,3
10014024001,2111,1,144,28,28
14241023001,2112,1,48,3,3
14210085001,2113,1,12,3,3
14210108001,2114,1,60,5,5
11070003001,2115,1,36,5,5
14620158001,2116,1,24,5,5
14361161001,2117,1,12,5,5
14000067001,2118,1,12,3,3
31568016001,2119,1,60,3,3
14104005001,2120,1,30,3,3
14202034001,2121,1,20,4,4
14003053001,2122,1,12,4,4
14200093001,2123,1,48,3,3
12200006001,2124,2,20,12,6
10016011001,2125,1,96,5,5
12020068001,2126,1,168,3,3
12011058001,2127,1,12,3,3
14220019001,2128,1,160,3,3
14111017001,2129,1,12,3,3
14010048001,2130,1,12,3,3
11050039001,2131,1,8,4,4
14612015001,2132,1,24,3,3
14111120001,2133,1,24,4,4
14010192001,2134,1,6,3,3
11021029001,2135,1,24,5,5
12011022001,2136,1,24,5,5
14804999001,2137,1,96,32,32
14330042001,2138,1,6,3,3
14501944001,2139,1,12,3,3
14010038001,2140,1,45,21,21
10040071001,2141,3,60,47,16
14353013001,2142,1,24,5,5
14220086001,2143,1,72,4,4
14001011001,2144,1,12,4,4
11070011001,2145,1,48,6,6
14222025001,2146,1,48,3,3
11100112001,2147,1,3,3,3
14506631001,2148,1,16,2,2
12000377001,2149,1,48,3,3
12003130001,2150,1,48,3,3
14222107001,2151,1,12,4,4
14620111001,2152,1,60,3,3
14227002001,2153,1,12,3,3
14510210001,2154,1,13,1,1
10034045001,2155,1,48,26,26
12120082001,2156,1,91,12,12
14633021001,2157,1,36,3,3
11104006001,2158,1,12,3,3
14633001001,2159,1,192,7,7
14831027001,2160,1,168,7,7
14001001001,2161,1,8,4,4
11040001001,2162,1,36,10,10
10031023001,2163,1,48,23,23
11071034001,2164,1,24,3,3
14210046001,2165,1,36,3,3
14241032001,2166,1,60,3,3
14210024001,2167,1,50,4,4
31502034002,2168,1,30,5,5
14602107001,2169,1,276,3,3
12100028001,2170,1,72,5,5
14200130001,2171,1,20,4,4
14013007001,2172,1,12,3,3
14010006001,2173,1,45,37,37
14243107001,2174,1,80,1,1
14621048001,2175,1,12,3,3
31503001001,2176,1,48,4,4
12212025001,2177,1,36,4,4
14506069001,2178,1,24,5,5
31567032001,2179,1,48,5,5
10052019001,2180,1,24,3,3
14500066001,2181,1,24,4,4
12011354001,2182,1,12,4,4
12123069001,2183,1,18,3,3
14242145001,2184,1,24,3,3
12123066001,2185,1,24,5,5
10020012001,2186,1,120,31,31
14243150001,2187,1,60,6,6
14243026001,2188,1,60,8,8
14613918001,2189,1,12,4,4
12121016001,2190,1,69,11,11
10014109001,2191,1,72,18,18
12011144001,2192,1,24,4,4
12011136001,2193,1,24,3,3
14104030001,2194,1,20,8,8
11104005001,2195,1,24,3,3
11032230001,2196,1,12,4,4
14833036001,2197,1,72,6,6
14244009001,2198,1,30,5,5
14502018001,2199,1,24,4,4
14226005001,2200,1,120,10,10
14104073001,2201,1,24,3,3
11111020001,2202,1,36,3,3
14242144001,2203,1,24,3,3
14506085001,2204,1,40,10,10
14203016001,2205,1,24,5,5
10001007001,2206,1,48,26,26
14244039001,2207,1,20,4,4
12011473001,2208,1,36,3,3
11103303001,2209,1,4,4,4
11042011001,2210,1,24,7,7
10053909001,2211,1,48,32,32
14121011001,2212,1,12,4,4
12102057001,2213,1,96,5,5
14200086001,2214,1,48,4,4
15024011001,2215,2,144,90,45
11111003001,2216,1,8,4,4
14832013001,2217,1,120,6,6
11050098001,2218,1,24,8,8
14244906001,2219,1,72,4,4
12001026001,2220,1,24,3,3
14132156001,2221,1,12,5,5
11111004001,2222,1,24,9,9
11040001002,2223,1,36,5,5
14200088001,2224,1,48,3,3
14110145001,2225,1,48,2,2
11050047001,2226,1,24,4,4
14361083001,2227,1,12,4,4
14632058001,2228,1,18,4,4
14600020001,2229,1,72,3,3
14620902001,2230,1,24,3,3
10010018001,2231,1,120,73,73
31500025003,2232,1,30,4,4
12005093001,2233,1,36,5,5
11103106001,2234,1,12,5,5
12151015001,2235,1,24,3,3
11100017001,2236,1,4,3,3
14361017001,2237,1,15,5,5
12150016001,2238,1,24,4,4
14611901001,2239,1,12,3,3
11071033001,2240,1,24,3,3
14311044001,2241,1,24,3,3
14021090001,2242,1,20,3,3
11032016002,2243,1,36,13,13
31502003001,2244,1,60,4,4
12010209001,2245,1,36,3,3
12220016001,2246,1,16,3,3
10023038001,2247,1,48,18,18
14620070001,2248,1,36,4,4
11103046002,2249,1,12,4,4
14010221001,2250,1,12,5,5
14602062001,2251,1,252,3,3
14010285001,2252,1,10,4,4
14353040001,2253,1,12,3,3
14315008001,2254,1,30,3,3
14011021001,2255,1,12,4,4
14001050001,2256,1,10,4,4
10010009001,2257,1,48,24,24
14631064001,2258,1,72,4,4
10002915001,2259,1,48,38,38
12201022001,2260,1,39,15,15
11103270003,2261,1,6,4,4
14361055001,2262,1,12,3,3
14523028001,2263,1,36,3,3
14002046001,2264,1,24,3,3
10032059001,2265,1,48,20,20
14621070001,2266,1,36,4,4
12010013001,2267,1,24,6,6
14361159001,2268,1,12,3,3
14615013001,2269,1,72,3,3
12327084001,2270,1,5,3,3
11103237001,2271,1,3,3,3
11103270002,2272,1,6,5,5
10033031001,2273,1,12,8,8
14023294001,2274,1,12,5,5
14821006001,2275,1,72,5,5
14351034001,2276,1,9,9,9
14612059001,2277,1,24,4,4
11010115001,2278,1,6,3,3
14330020001,2279,1,8,3,3
14242083001,2280,1,30,4,4
14010195001,2281,1,20,3,3
14361146001,2282,1,12,3,3
14506130001,2283,1,12,3,3
12011275001,2284,1,12,3,3
14822042001,2285,1,144,14,14
11074048001,2286,1,100,5,5
14616022001,2287,1,6,3,3
14506145001,2288,1,8,4,4
31822064001,2289,2,4,3,2
14204118001,2290,1,40,4,4
12123903001,2291,1,34,12,12
10014037001,2292,1,96,8,8
14243006001,2293,1,24,11,11
12000223001,2294,1,24,3,3
14200092001,2295,1,48,5,5
12005093004,2296,1,36,5,5
11100015001,2297,1,4,3,3
14630034001,2298,1,60,3,3
12123034001,2299,1,72,6,6
14200021001,2300,1,24,4,4
14242154001,2301,1,50,4,4
14204136001,2302,1,24,4,4
14243034001,2303,1,36,4,4
12000124001,2304,1,24,3,3
14210010001,2305,1,120,3,3
11031912001,2306,1,72,6,6
14003010001,2307,1,16,3,3
11041017001,2308,1,48,3,3
11061011001,2309,1,30,3,3
14101021001,2310,1,336,7,7
14361093001,2311,1,12,5,5
14353073001,2312,1,6,5,5
12002126001,2313,1,24,3,3
12120058001,2314,1,36,11,11
14510090001,2315,1,13,4,4
11103027001,2316,1,12,6,6
11110078004,2317,1,50,3,3
14111063001,2318,1,10,5,5
14111058001,2319,1,6,3,3
14831018001,2320,1,216,9,9
12120030001,2321,1,72,7,7
14361025001,2322,1,15,4,4
31500030001,2323,1,60,3,3
14111021001,2324,1,12,3,3
14521168001,2325,1,72,3,3
14700029001,2326,1,36,5,5
12106044001,2327,1,54,3,3
14633896001,2328,1,120,6,6
14222898001,2329,1,72,19,19
14000102001,2330,1,12,3,3
31422011001,2331,1,24,3,3
14301108001,2332,1,24,3,3
10033048001,2333,1,48,20,20
14223119001,2334,1,84,3,3
14000322001,2335,1,12,4,4
11032024001,2336,1,24,13,13
11110090001,2337,1,12,6,6
11103069001,2338,1,12,4,4
14211038001,2339,1,140,3,3
10022014001,2340,1,30,6,6
14312055001,2341,1,24,6,6
12011252001,2342,1,12,3,3
31914003001,2343,1,312,4,4
14833077001,2344,1,36,3,3
14506036001,2345,1,32,7,7
14832037001,2346,1,60,6,6
14500051001,2347,1,96,10,10
12011244001,2348,1,12,2,2
10023049001,2349,1,6,3,3
30000048001,2350,1,200,3,3
14222005001,2351,1,24,6,6
11110095001,2352,1,12,4,4
11042005001,2353,1,24,4,4
14000106001,2354,1,16,3,3
14223073001,2355,1,48,3,3
11022003002,2356,1,36,4,4
14223247001,2357,1,32,3,3
14615114001,2358,1,36,5,5
14204077001,2359,1,36,3,3
12020028001,2360,1,120,3,3
14620133001,2361,1,48,8,8
12220019001,2362,1,8,4,4
14833049001,2363,1,144,6,6
14621013001,2364,1,24,21,21
11050040001,2365,1,6,3,3
14000098001,2366,1,24,3,3
14616021001,2367,1,6,3,3
14210035001,2368,1,12,2,2
14833059001,2369,1,60,4,4
11062019001,2370,1,36,3,3
31623026001,2371,1,30,4,4
12220011001,2372,1,4,3,3
14506014001,2373,1,8,3,3
14000210001,2374,1,24,3,3
14633897001,2375,1,120,5,5
10014076001,2376,1,96,32,32
12123014001,2377,1,24,9,9
14632009001,2378,1,72,3,3
14361137001,2379,1,12,3,3
12100046001,2380,1,72,5,5
11103054001,2381,1,12,6,6
15023010001,2382,1,192,54,54
14602011001,2383,1,300,3,3
12102013001,2384,1,120,6,6
30045077002,2385,1,100,6,6
11103088001,2386,1,4,3,3
14601051001,2387,1,120,3,3
31501901004,2388,1,40,4,4
14600032001,2389,1,72,3,3
14111023001,2390,1,12,3,3
11051025001,2391,1,60,4,4
11050005001,2392,1,24,5,5
14510180001,2393,1,13,7,7
11050131001,2394,1,12,4,4
10033002001,2395,2,48,30,15
11103270001,2396,1,12,5,5
12105067001,2397,1,12,3,3
10033022001,2398,1,24,21,21
14511005001,2399,1,12,6,6
12105001001,2400,1,12,4,4
14103070001,2401,1,12,4,4
35301005001,2402,1,24,8,8
11103031001,2403,1,11,3,3
12123024001,2404,1,18,6,6
11062013001,2405,1,60,3,3
11103018001,2406,1,6,4,4
12211005001,2407,1,14,3,3
14506140001,2408,1,32,8,8
14615052001,2409,1,72,3,3
14613899001,2410,1,12,3,3
14621058001,2411,1,36,3,3
14613018001,2412,1,48,3,3
10020010001,2413,1,48,15,15
14010033001,2414,1,12,3,3
14200085001,2415,1,48,3,3
14506315001,2416,1,100,6,6
12000081001,2417,1,30,4,4
14850040001,2418,3,3,3,1
14010140001,2419,1,48,5,5
14850124001,2420,2,2,2,1
14611001001,2421,1,48,3,3
11101039001,2422,1,12,5,5
12124001001,2423,1,8,6,6
31423019001,2424,1,60,6,6
14621009001,2425,1,36,3,3
10020094001,2426,1,72,15,15
14507076001,2427,1,80,3,3
11010043001,2428,1,6,4,4
14509005001,2429,1,24,3,3
14610007001,2430,1,6,3,3
10021005001,2431,1,96,53,53
14850125001,2432,2,2,2,1
11070016001,2433,1,24,3,3
14805018001,2434,1,96,15,15
14822023001,2435,1,72,3,3
11032002001,2436,1,72,46,46
14351055001,2437,1,16,5,5
14310025001,2438,1,30,10,10
14360042001,2439,1,18,3,3
12011206001,2440,1,24,5,5
14315004001,2441,1,24,3,3
14313019001,2442,1,30,6,6
14810018001,2443,1,72,12,12
14312070001,2444,1,24,5,5
14342025001,2445,1,72,3,3
14243016001,2446,1,24,3,3
14311065001,2447,1,20,5,5
14830048001,2448,1,192,8,8
11040031001,2449,1,24,14,14
14302006001,2450,1,36,8,8
12011268001,2451,1,12,3,3
14822050001,2452,1,60,4,4
14810025001,2453,1,72,10,10
14506378001,2454,1,32,10,10
14200090001,2455,1,48,4,4
12123143001,2456,1,34,6,6
14631037001,2457,1,48,3,3
14210034001,2458,1,48,7,7
14822026001,2459,1,60,6,6
12011069001,2460,1,24,3,3
14506053001,2461,1,24,3,3
14243013001,2462,1,30,3,3
12010071001,2463,1,24,3,3
14501029001,2464,1,48,12,12
12125007001,2465,1,144,5,5
11101038001,2466,1,12,7,7
12000089001,2467,1,24,3,3
12010068001,2468,1,216,3,3
11100014001,2469,2,8,6,3
14204899001,2470,1,20,6,6
14200019001,2471,1,50,3,3
14200017001,2472,1,50,3,3
14210110001,2473,1,24,3,3
14521012001,2474,1,90,9,9
14822025001,2475,1,60,5,5
14330004001,2476,1,6,3,3
14740006001,2477,1,24,6,6
11103156001,2478,1,12,4,4
10024001001,2479,1,96,54,54
11103080001,2480,1,4,4,4
14203058001,2481,1,40,3,3
14833084001,2482,1,24,3,3
14204051001,2483,1,40,3,3
12011383001,2484,1,24,3,3
14204052001,2485,1,24,4,4
14311032001,2486,1,20,4,4
12011367001,2487,1,12,3,3
14602063001,2488,1,240,4,4
14242150001,2489,1,24,3,3
14202027001,2490,1,10,5,5
14601015001,2491,1,48,3,3
12123007001,2492,1,28,15,15
12123008001,2493,1,40,11,11
12123009001,2494,1,40,32,32
14311003001,2495,1,20,8,8
12011409001,2496,1,12,4,4
11103111001,2497,1,12,3,3
14506074001,2498,1,8,3,3
11032008001,2499,1,72,69,69
11103014001,2500,1,8,3,3
14830017001,2501,1,144,7,7
10023892001,2502,1,4,3,3
11050064001,2503,1,8,5,5
14242010001,2504,1,30,3,3
14310016001,2505,1,28,5,5
14242164001,2506,1,12,4,4
12020036001,2507,1,108,3,3
14506042001,2508,1,96,6,6
11062026001,2509,1,20,4,4
11110029001,2510,1,12,3,3
14300046001,2511,1,12,5,5
12012043001,2512,1,48,3,3
14507083001,2513,1,96,3,3
10035024001,2514,1,36,30,30
11050032001,2515,1,24,6,6
14110028001,2516,1,16,3,3
14360032001,2517,1,9,3,3
14000072001,2518,1,24,3,3
14620091001,2519,1,36,12,12
10002990001,2520,2,192,109,55
11071004001,2521,1,48,6,6
14120060001,2522,1,36,5,5
14223030001,2523,1,48,3,3
14822965001,2524,1,120,4,4
11010013001,2525,1,6,3,3
14510145001,2526,1,13,4,4
14510205001,2527,1,13,3,3
32511049001,2528,2,30,18,9
11073006001,2529,1,144,5,5
14361008001,2530,1,12,3,3
14222217001,2531,1,12,3,3
14621003001,2532,1,36,3,3
11072012002,2533,1,24,8,8
14506038001,2534,1,80,4,4
14621095001,2535,1,36,5,5
41301008002,2536,2,4,4,2
12102112001,2537,1,60,3,3
14620922001,2538,1,12,3,3
14244073001,2539,1,36,3,3
14740037001,2540,1,24,3,3
10014111001,2541,1,96,38,38
14362019001,2542,1,15,10,10
14820015001,2543,1,192,18,18
14132130001,2544,1,12,4,4
10040082001,2545,2,24,23,12
30072062001,2546,1,22,4,4
14302080001,2547,1,24,2,2
14203002001,2548,1,40,3,3
12101003001,2549,1,144,3,3
14810023001,2550,1,144,8,8
11111014001,2551,1,6,4,4
14503999001,2552,1,24,3,3
14602022001,2553,1,240,3,3
11023010001,2554,1,72,12,12
14503047001,2555,1,36,4,4
11040040001,2556,1,36,4,4
11103083001,2557,1,6,6,6
11110094001,2558,1,4,3,3
12000129001,2559,1,30,3,3
10041057001,2560,1,48,15,15
14502008001,2561,1,48,7,7
11050087001,2562,1,36,3,3
30001040001,2563,1,160,2,2
11032018002,2564,1,24,4,4
11030031001,2565,1,48,4,4
14023019001,2566,1,12,3,3
14741003001,2567,1,24,3,3
31423001001,2568,1,48,4,4
14104139001,2569,1,15,3,3
14634027001,2570,1,72,5,5
14200014001,2571,1,40,3,3
14633936001,2572,1,216,2,2
12104021001,2573,1,192,8,8
14101016001,2574,1,336,4,4
14821001001,2575,1,72,17,17
14100005001,2576,1,50,4,4
12000170001,2577,1,24,3,3
11103272001,2578,1,12,4,4
14225018001,2579,1,240,9,9
10034015001,2580,1,120,21,21
11103284001,2581,1,18,3,3
14303024001,2582,1,12,3,3
12106043001,2583,1,72,3,3
12011163001,2584,1,24,5,5
14022069001,2585,1,12,3,3
11103179001,2586,1,66,3,3
14111098001,2587,1,12,3,3
14111018001,2588,1,96,7,7
14805019001,2589,1,4,3,3
14132230001,2590,1,24,3,3
14711014001,2591,1,60,5,5
11103158001,2592,1,21,7,7
14304187001,2593,1,36,3,3
14700075001,2594,1,36,6,6
12011169001,2595,1,12,4,4
14522059001,2596,1,72,3,3
11110018001,2597,1,12,3,3
14853003001,2598,1,144,57,57
12011294001,2599,1,12,3,3
12106064001,2600,1,36,4,4
12121036001,2601,1,68,9,9
11031907001,2602,1,36,3,3
11100010001,2603,1,4,3,3
14331039001,2604,1,6,2,2
14001136001,2605,1,40,4,4
11074005001,2606,1,36,5,5
14002026001,2607,1,24,3,3
14221113001,2608,1,20,6,6
14220146001,2609,1,10,3,3
10014130001,2610,1,72,60,60
10014905001,2611,2,144,116,58
14612021001,2612,1,36,7,7
12020093001,2613,1,120,3,3
14822017001,2614,1,60,2,2
10020030001,2615,1,48,34,34
31533038001,2616,1,48,4,4
14210056001,2617,1,80,7,7
12125001001,2618,1,108,3,3
12010084001,2619,1,216,4,4
11042017001,2620,1,12,3,3
12123898001,2621,1,24,7,7
10020046001,2622,1,144,41,41
14001119001,2623,1,9,7,7
14352059001,2624,1,15,3,3
14616009001,2625,1,24,13,13
14353025001,2626,1,24,8,8
14361109001,2627,1,12,2,2
14361158001,2628,1,12,6,6
14620163001,2629,1,36,9,9
14361096001,2630,1,15,4,4
10002919001,2631,2,24,15,8
11071009001,2632,1,24,8,8
14802001001,2633,1,200,4,4
10011007001,2634,1,48,18,18
14226016001,2635,1,120,11,11
14361004001,2636,1,12,3,3
14361002001,2637,1,12,3,3
10011028001,2638,1,72,11,11
14226059001,2639,1,120,7,7
31912036001,2640,1,8,3,3
14360007001,2641,1,18,3,3
31912019001,2642,1,24,3,3
11070002001,2643,1,48,3,3
14010224001,2644,1,20,3,3
12121109001,2645,1,24,4,4
12020225001,2646,1,84,4,4
12123050001,2647,1,24,7,7
12122002002,2648,1,24,13,13
14012025001,2649,1,70,3,3
14242105001,2650,1,45,3,3
11050057001,2651,1,28,3,3
10023005001,2652,1,5,4,4
10021018001,2653,1,36,26,26
11103023001,2654,2,8,5,3
14242072001,2655,1,20,5,5
14604047001,2656,1,312,2,2
12123005001,2657,1,16,4,4
14741014001,2658,1,24,4,4
14204150001,2659,1,40,3,3
14631047001,2660,1,72,3,3
14506062001,2661,1,24,5,5
31530107001,2662,1,84,5,5
12011176001,2663,1,24,3,3
12010163001,2664,1,60,3,3
14632041001,2665,1,72,16,16
31414020001,2666,2,8,5,3
14111044001,2667,1,10,3,3
10021003001,2668,1,96,33,33
12011172001,2669,1,12,3,3
14616018001,2670,1,36,3,3
10022020001,2671,1,96,21,21
31762017001,2672,1,20,2,2
14111067001,2673,1,85,3,3
12212062001,2674,1,96,7,7
14312032001,2675,1,10,3,3
12011165001,2676,1,24,3,3
14110078001,2677,1,60,3,3
12005093007,2678,1,36,4,4
14312029001,2679,1,60,3,3
11110082001,2680,1,12,5,5
14012012001,2681,1,15,3,3
11030032001,2682,1,48,4,4
14361118001,2683,1,12,3,3
12100012001,2684,1,72,5,5
11070014001,2685,1,24,3,3
11032014002,2686,1,24,12,12
10002916001,2687,1,24,16,16
12011251001,2688,1,24,3,3
12121059001,2689,1,24,4,4
12011230001,2690,1,24,2,2
14361086001,2691,1,12,3,3
12121082001,2692,1,57,5,5
14312003001,2693,1,48,13,13
14361022001,2694,1,40,3,3
33551004001,2695,1,16,3,3
11050093001,2696,1,63,4,4
12120083001,2697,1,38,19,19
11062015001,2698,1,60,6,6
14510084001,2699,1,13,3,3
12102048001,2700,1,96,4,4
14311054001,2701,1,20,3,3
10023103001,2702,1,20,3,3
14700007001,2703,1,60,4,4
14001149001,2704,1,12,3,3
12120034001,2705,1,72,7,7
11103005001,2706,1,12,6,6
12010049001,2707,1,32,6,6
14512916001,2708,1,6,4,4
14331037001,2709,1,12,2,2
11103254001,2710,1,8,3,3
12011084001,2711,1,24,3,3
12010054001,2712,1,48,3,3
10032023001,2713,1,144,33,33
14331026001,2714,1,6,3,3
11100019001,2715,1,4,3,3
14612012001,2716,1,42,6,6
12123080001,2717,1,72,19,19
12112018001,2718,1,96,3,3
14331004001,2719,1,6,4,4
11032036001,2720,1,24,5,5
14631028001,2721,1,48,4,4
12112003001,2722,1,72,3,3
11032035001,2723,1,48,4,4
10031026001,2724,1,24,22,22
14523030001,2725,1,36,3,3
14304194001,2726,1,24,4,4
31564007001,2727,1,48,6,6
14303036001,2728,1,12,3,3
12105066001,2729,1,12,3,3
14370045001,2730,1,48,3,3
14350007001,2731,1,20,3,3
10034057001,2732,1,16,7,7
10034049001,2733,1,24,5,5
31501009001,2734,1,72,8,8
31531169001,2735,1,72,2,2
14104136001,2736,1,12,3,3
12201116001,2737,1,37,3,3
12201071001,2738,1,33,30,30
14510227001,2739,1,13,3,3
12010022001,2740,1,216,18,18
14311113001,2741,1,20,6,6
12123062001,2742,1,34,8,8
14612044001,2743,1,18,2,2
14612035001,2744,1,24,4,4
14511022001,2745,1,13,4,4
14011007001,2746,1,12,3,3
14820035001,2747,1,60,3,3
10016002001,2748,1,96,35,35
11032222002,2749,1,12,5,5
14630056001,2750,1,48,3,3
12121038001,2751,1,48,5,5
11103279001,2752,1,12,4,4
14506033001,2753,1,96,3,3
12001004001,2754,1,36,3,3
14243036001,2755,1,60,5,5
11022002001,2756,1,80,7,7
14509013001,2757,1,24,3,3
14210017001,2758,1,125,4,4
14506645001,2759,1,20,4,4
11041002001,2760,1,48,4,4
14740036001,2761,1,24,5,5
14242081001,2762,1,12,4,4
14506397001,2763,1,20,4,4
14222896001,2764,1,72,14,14
14509027001,2765,1,54,3,3
11112040001,2766,1,32,8,8
14204148001,2767,1,30,4,4
14222141001,2768,1,20,3,3
14243120001,2769,1,80,3,3
11042009001,2770,1,60,3,3
14203053001,2771,1,20,3,3
14220132001,2772,1,195,8,8
11042023001,2773,1,36,3,3
14210132001,2774,1,60,5,5
14243007001,2775,1,24,6,6
14243010001,2776,1,60,4,4
14804013001,2777,1,6,3,3
15020913001,2778,1,24,6,6
14223295001,2779,1,150,4,4
14200089001,2780,1,48,3,3
12011349001,2781,1,18,3,3
14510026001,2782,1,20,4,4
11010027001,2783,1,6,3,3
14200129001,2784,1,20,3,3
10303003001,2785,1,96,42,42
11021068001,2786,1,24,3,3
12000214001,2787,1,24,2,2
12123028001,2788,1,60,12,12
14312045001,2789,1,36,6,6
14300032001,2790,1,24,11,11
10022016001,2791,1,120,33,33
12122053001,2792,1,12,3,3
14011033001,2793,1,12,5,5
10022015001,2794,1,48,6,6
14313024001,2795,1,30,11,11
14012002001,2796,1,20,2,2
14510176001,2797,1,13,3,3
11022017001,2798,1,4,3,3
14822010001,2799,1,72,5,5
14506046001,2800,1,24,3,3
14403104001,2801,1,20,3,3
14212013001,2802,1,80,3,3
14241002001,2803,1,40,4,4
12103004001,2804,1,60,3,3
10020003001,2805,1,120,51,51
14241003001,2806,1,48,3,3
12103011001,2807,1,144,11,11
12001008001,2808,1,36,3,3
12000246001,2809,1,48,3,3
11061002001,2810,1,30,2,2
12010074001,2811,1,36,7,7
14210009001,2812,1,72,3,3
12123107001,2813,1,24,7,7
12103075001,2814,1,160,2,2
14506059001,2815,1,16,2,2
12123097001,2816,1,24,6,6
14242008001,2817,1,20,4,4
11021006001,2818,1,12,2,2
14633937001,2819,1,216,3,3
11111030001,2820,1,4,4,4
14510253001,2821,1,13,4,4
14303898001,2822,1,24,3,3
12120039001,2823,1,24,5,5
14506383001,2824,1,64,8,8
11041019001,2825,1,50,5,5
14133902001,2826,1,12,5,5
11021030001,2827,1,24,3,3
14600912001,2828,1,96,6,6
11103265001,2829,1,4,3,3
31501007001,2830,1,60,5,5
12000112001,2831,1,24,3,3
11103135001,2832,1,4,4,4
11041007001,2833,1,48,3,3
12106016002,2834,1,72,4,4
12011042001,2835,1,24,3,3
12106020001,2836,1,60,3,3
14200096001,2837,1,48,3,3
14310015001,2838,1,48,2,2
12110022001,2839,1,192,3,3
14506313001,2840,1,100,24,24
31476039001,2841,1,50,3,3
14632352001,2842,1,108,3,3
14601027001,2843,1,48,4,4
10033023001,2844,2,96,70,35
12011003001,2845,1,24,10,10
14311046001,2846,1,24,7,7
14510259001,2847,1,13,3,3
14204028001,2848,1,24,5,5
14104080001,2849,1,12,3,3
14632022001,2850,1,48,3,3
11040008001,2851,1,36,4,4
14311119001,2852,1,20,4,4
14506135001,2853,1,12,3,3
14632030001,2854,1,84,12,12
14311095001,2855,1,10,2,2
11051007001,2856,1,24,3,3
14741010001,2857,1,72,5,5
12002052001,2858,1,24,3,3
14103049001,2859,1,15,3,3
11103291001,2860,1,21,3,3
12120088001,2861,1,96,11,11
12105043002,2862,1,12,2,2
10033033001,2863,1,48,9,9
12011108001,2864,1,24,3,3
31423898001,2865,1,25,3,3
14850102001,2866,2,2,2,1
12125004001,2867,1,84,3,3
12000350001,2868,1,24,5,5
11062023001,2869,1,20,4,4
14620001001,2870,1,24,9,9
12220021001,2871,1,4,3,3
14820009001,2872,1,120,10,10
14352098001,2873,1,14,3,3
14804008001,2874,1,96,28,28
11050031002,2875,1,24,3,3
31762009001,2876,1,18,3,3
14509007001,2877,1,12,3,3
12005093008,2878,1,36,4,4
12011189001,2879,1,12,5,5
31244002001,2880,1,216,9,9
14130044001,2881,1,12,3,3
12102053001,2882,1,96,5,5
14351038001,2883,1,12,3,3
12102059001,2884,1,36,2,2
14351032001,2885,1,24,5,5
14002022001,2886,1,36,13,13
14501943001,2887,1,24,3,3
14001080001,2888,1,12,3,3
14120008001,2889,1,24,3,3
14244031001,2890,1,20,3,3
10041020001,2891,1,24,6,6
14000036001,2892,1,24,2,2
14620909001,2893,1,24,3,3
11111012001,2894,1,4,4,4
14361149001,2895,1,24,5,5
11040044001,2896,1,18,3,3
14361061001,2897,1,12,7,7
14000092001,2898,1,8,5,5
12327050001,2899,1,4,3,3
14361034001,2900,1,12,2,2
14620107001,2901,1,24,4,4
14361899001,2902,1,12,3,3
14244018001,2903,1,36,3,3
14620092001,2904,1,24,4,4
10011004001,2905,1,144,21,21
10904003001,2906,2,4,3,2
14226042001,2907,1,120,6,6
14509015001,2908,1,24,3,3
12202008001,2909,1,4,4,4
14023305001,2910,1,32,3,3
11010025001,2911,1,12,3,3
14370017001,2912,1,60,6,6
15020925001,2913,1,216,24,24
12010010001,2914,1,8,3,3
12010001001,2915,1,144,31,31
11075013001,2916,1,90,4,4
12201112001,2917,1,36,6,6
14111045001,2918,1,12,2,2
14240006001,2919,1,12,7,7
14613004001,2920,1,12,3,3
14003008001,2921,1,16,4,4
31568012001,2922,1,36,3,3
11110077003,2923,1,350,9,9
14342008001,2924,1,72,3,3
11100012001,2925,1,4,3,3
14211028001,2926,1,105,3,3
12011005001,2927,1,24,7,7
14226012001,2928,1,60,11,11
14220085001,2929,1,40,3,3
12000125001,2930,1,30,3,3
10023083001,2931,1,12,2,2
11032018001,2932,1,36,3,3
14615011001,2933,1,6,4,4
14601067001,2934,1,160,3,3
14223006001,2935,1,240,3,3
12011490001,2936,1,12,3,3
12011364001,2937,1,24,8,8
14362898001,2938,1,12,8,8
14311051001,2939,1,20,6,6
10013007001,2940,1,192,55,55
12301010001,2941,1,72,3,3
11103084001,2942,1,12,5,5
12301009001,2943,1,48,3,3
14333006001,2944,1,12,5,5
14226063001,2945,1,120,9,9
14830063001,2946,1,144,6,6
31502032004,2947,1,40,5,5
12010053001,2948,1,204,3,3
12120018001,2949,1,24,4,4
11041026001,2950,1,96,3,3
11050002001,2951,1,24,3,3
12011068001,2952,1,12,3,3
14225056001,2953,1,96,7,7
14000008001,2954,2,10,9,5
12011348001,2955,1,12,3,3
10030020001,2956,1,36,20,20
14225946001,2957,1,324,3,3
35301004001,2958,1,30,11,11
14506298001,2959,1,80,3,3
14613014001,2960,2,48,34,17
12002100001,2961,1,30,2,2
10024005001,2962,1,96,38,38
14632067001,2963,1,72,2,2
14332002001,2964,1,6,4,4
12000438001,2965,1,36,3,3
14361081001,2966,1,12,3,3
14201020001,2967,1,30,4,4
11050003001,2968,1,12,4,4
14223083001,2969,1,48,3,3
31567004001,2970,1,24,6,6
14505039001,2971,1,48,3,3
14332013001,2972,1,12,4,4
11071008001,2973,1,192,13,13
14632059001,2974,1,84,5,5
14201049001,2975,1,20,4,4
14311086001,2976,1,12,9,9
11022031001,2977,1,36,5,5
14226067001,2978,1,120,7,7
12020087001,2979,1,96,3,3
11022001001,2980,1,24,4,4
14621028001,2981,1,216,20,20
12212024001,2982,1,60,5,5
14822020001,2983,1,72,2,2
12000340001,2984,1,24,2,2
14822018001,2985,1,60,3,3
11102007001,2986,1,36,2,2
14631929001,2987,1,48,3,3
14242007001,2988,1,60,10,10
14222027001,2989,1,960,25,25
14204090001,2990,1,12,4,4
11042007001,2991,1,24,4,4
12000220001,2992,1,18,2,2
14315015001,2993,1,6,2,2
12010113001,2994,1,36,3,3
14010235001,2995,1,12,3,3
14242016001,2996,1,50,3,3
14350001001,2997,1,20,7,7
12123073001,2998,1,48,15,15
14621033001,2999,1,36,3,3
11032003002,3000,1,36,4,4
14204135001,3001,1,36,8,8
14603038001,3002,1,80,3,3
14010284001,3003,1,48,3,3
14604037001,3004,1,174,2,2
14631043001,3005,1,72,5,5
14621034001,3006,1,60,10,10
11074020001,3007,1,36,5,5
14222048001,3008,1,120,16,16
14833078001,3009,1,144,9,9
31823049001,3010,2,2,2,1
12003028001,3011,1,60,4,4
14822021001,3012,1,60,5,5
14615030001,3013,1,12,4,4
10023051001,3014,1,4,3,3
14001079001,3015,1,12,3,3
10023044001,3016,1,4,3,3
31546020001,3017,1,36,4,4
14020949001,3018,1,6,2,2
14822899001,3019,1,90,3,3
14353037001,3020,1,8,6,6
31533309001,3021,1,24,4,4
11103067001,3022,1,8,3,3
14203068001,3023,1,40,4,4
14353017001,3024,1,12,5,5
14243148001,3025,1,60,3,3
12121061001,3026,1,60,5,5
10023029001,3027,1,4,3,3
14822038001,3028,1,84,5,5
14611015001,3029,1,6,3,3
14312005001,3030,1,36,7,7
12125006001,3031,1,24,4,4
14621078001,3032,1,72,4,4
14506111001,3033,1,24,3,3
14312027001,3034,1,60,3,3
11073025001,3035,1,96,2,2
11021047001,3036,1,240,5,5
14504042001,3037,1,12,3,3
14602060001,3038,1,240,2,2
14506041001,3039,1,12,3,3
12000182001,3040,1,24,3,3
12102087001,3041,1,156,3,3
10040034001,3042,2,96,53,27
10035011001,3043,1,16,14,14
14507042001,3044,1,72,4,4
14303033001,3045,1,24,3,3
11050123001,3046,2,6,4,2
31422001001,3047,1,48,3,3
12011102001,3048,1,24,2,2
11110078005,3049,1,50,3,3
12103060001,3050,1,120,9,9
14303035001,3051,1,12,3,3
14510099001,3052,1,13,3,3
12102105001,3053,1,156,3,3
11030020001,3054,1,24,4,4
14133907001,3055,1,24,3,3
11110078003,3056,1,30,4,4
14111059001,3057,1,6,2,2
14832003001,3058,1,96,13,13
15023008001,3059,1,144,70,70
12001108001,3060,1,30,3,3
14244025001,3061,1,60,5,5
11010023001,3062,1,12,6,6
12103101001,3063,1,24,3,3
12103125001,3064,1,48,3,3
14132150001,3065,1,24,3,3
14730010001,3066,1,36,2,2
11110083001,3067,1,4,3,3
10034043001,3068,1,48,22,22
31422008001,3069,1,48,6,6
14302002001,3070,1,24,2,2
12102035001,3071,1,80,3,3
14832909001,3072,1,216,6,6
14302043001,3073,1,12,3,3
12011150001,3074,1,12,4,4
11010013002,3075,1,6,3,3
14850042001,3076,2,2,2,1
11021017001,3077,1,80,3,3
14731905001,3078,1,60,4,4
12102058001,3079,1,144,5,5
12023025001,3080,1,48,7,7
14511076001,3081,1,13,4,4
10032081001,3082,1,48,22,22
12011210001,3083,1,24,3,3
11050078001,3084,1,20,3,3
14721003001,3085,1,24,4,4
14701008002,3086,1,72,3,3
12011263001,3087,1,12,4,4
11010112001,3088,1,12,3,3
14820016001,3089,1,108,9,9
14304001001,3090,1,24,4,4
14501941001,3091,1,36,6,6
31426001001,3092,1,50,4,4
14200002001,3093,1,100,3,3
14200001001,3094,1,100,3,3
12000067001,3095,1,36,4,4
14100007001,3096,1,20,6,6
12100018001,3097,1,72,6,6
14507085001,3098,1,96,3,3
11050103001,3099,1,24,3,3
14101017001,3100,1,336,4,4
12106019001,3101,1,24,3,3
12011148001,3102,1,36,4,4
14510186001,3103,1,13,3,3
11031914001,3104,1,72,4,4
11022024002,3105,1,24,2,2
12003042001,3106,1,45,3,3
12005093005,3107,1,36,4,4
14300057001,3108,1,48,3,3
10014067001,3109,1,144,37,37
31707014001,3110,1,48,4,4
14830037001,3111,1,144,12,12
11022024001,3112,1,24,3,3
14822009001,3113,1,72,4,4
31255010001,3114,1,50,4,4
14805002001,3115,1,96,28,28
12212056001,3116,1,60,2,2
14506048001,3117,1,36,3,3
11010019001,3118,1,12,3,3
12220009001,3119,1,4,3,3
12000197001,3120,1,24,5,5
14312018001,3121,1,36,5,5
14822926001,3122,1,60,3,3
12003098001,3123,1,45,3,3
12122018001,3124,1,60,5,5
11010040001,3125,1,12,3,3
12000351001,3126,1,24,3,3
14506646001,3127,1,20,3,3
10023003001,3128,1,48,7,7
12122030001,3129,1,48,5,5
11030066001,3130,1,48,4,4
14211052001,3131,1,60,3,3
11073009001,3132,1,144,7,7
31531042001,3133,1,160,8,8
14301018001,3134,1,12,2,2
12020314001,3135,1,84,3,3
12000049001,3136,1,24,4,4
14300070001,3137,1,24,5,5
12020035001,3138,1,60,4,4
30052113002,3139,1,60,5,5
31623006001,3140,1,24,4,4
12000208001,3141,1,24,2,2
14403103001,3142,1,20,2,2
14243054001,3143,1,60,2,2
12201020001,3144,1,30,30,30
11061035001,3145,1,30,3,3
31420001001,3146,1,48,5,5
14342028001,3147,1,60,4,4
14111100001,3148,1,36,3,3
14210021001,3149,1,24,3,3
12123147001,3150,1,24,10,10
10040021001,3151,1,72,47,47
14210026001,3152,1,105,3,3
12010019001,3153,1,24,4,4
31568011001,3154,1,12,4,4
31421011001,3155,1,72,5,5
12103048001,3156,1,144,6,6
11061053001,3157,1,20,5,5
14611025001,3158,1,24,6,6
14210048001,3159,1,36,7,7
12020141001,3160,1,108,5,5
11031913001,3161,1,36,2,2
11042020001,3162,1,18,3,3
12102116001,3163,1,24,3,3
12012015001,3164,1,48,2,2
12123127001,3165,1,48,5,5
14111102001,3166,1,12,4,4
15020007001,3167,1,36,23,23
14343028001,3168,1,30,3,3
31603018001,3169,1,48,3,3
14244071001,3170,1,72,10,10
14833033001,3171,1,108,3,3
14500005001,3172,1,90,35,35
12103105001,3173,1,144,15,15
14603030001,3174,1,60,4,4
11104013001,3175,1,12,3,3
14710007001,3176,1,24,3,3
12103024001,3177,1,216,6,6
14822925001,3178,1,60,3,3
12103025001,3179,1,144,18,18
12103026001,3180,1,192,8,8
12211016001,3181,1,14,3,3
14343026001,3182,1,60,3,3
11032003001,3183,1,36,4,4
14370069001,3184,1,60,3,3
11074018001,3185,1,36,4,4
14615048001,3186,1,6,4,4
14510255001,3187,1,13,3,3
12000264001,3188,1,36,2,2
14602034001,3189,1,60,3,3
14361102001,3190,1,12,3,3
14242135001,3191,1,8,2,2
14506199001,3192,1,80,21,21
11022036001,3193,1,24,8,8
11050009002,3194,1,30,3,3
10032052001,3195,2,48,30,15
31423896001,3196,1,20,3,3
14510005001,3197,1,13,4,4
11050022001,3198,1,12,3,3
14103084001,3199,1,540,3,3
14223008001,3200,1,20,5,5
12100002001,3201,1,96,4,4
14362900001,3202,1,15,6,6
14243017001,3203,1,60,3,3
11103164001,3204,1,18,4,4
14360014001,3205,1,12,3,3
12105011001,3206,1,12,3,3
11030029001,3207,1,48,4,4
11051022001,3208,1,108,4,4
14802005001,3209,1,120,9,9
12000101001,3210,1,12,5,5
10002051001,3211,1,12,7,7
11030018001,3212,1,36,4,4
14506264001,3213,1,40,9,9
14506230001,3214,1,60,3,3
11103280001,3215,1,18,3,3
14832043001,3216,1,24,3,3
14000099001,3217,1,12,6,6
12120015001,3218,1,96,15,15
12002107001,3219,1,30,3,3
11071018001,3220,1,36,5,5
14310109001,3221,1,12,4,4
14023005001,3222,1,15,2,2
14505047001,3223,1,12,7,7
14620103001,3224,1,36,6,6
14601063001,3225,1,48,3,3
14361014001,3226,1,12,3,3
14620149001,3227,1,36,3,3
14311040001,3228,1,12,3,3
12326152001,3229,1,36,3,3
12105053001,3230,1,24,3,3
14302018001,3231,1,18,8,8
14361177001,3232,1,24,2,2
14602036001,3233,1,60,3,3
12011215001,3234,1,36,5,5
31827020001,3235,2,4,3,2
31504002001,3236,1,10,7,7
14506334001,3237,1,12,3,3
14312001001,3238,1,48,5,5
14244034001,3239,1,8,3,3
14200060001,3240,1,40,6,6
12101043001,3241,1,192,5,5
10023008001,3242,1,4,3,3
11110088002,3243,1,4,3,3
65106084001,3244,1,30,3,3
12106067001,3245,1,54,5,5
14222104001,3246,1,60,2,2
14502005001,3247,1,24,5,5
11072034001,3248,1,12,3,3
14602050001,3249,1,138,6,6
14616033001,3250,1,24,3,3
14506112001,3251,1,12,3,3
14301020001,3252,1,12,3,3
10031899001,3253,1,24,4,4
10034026001,3254,2,24,17,9
14200070001,3255,1,40,3,3
12221001001,3256,1,8,6,6
41521020001,3257,2,2,2,1
12011347001,3258,1,12,6,6
14311161001,3259,1,24,7,7
14362902001,3260,1,15,4,4
30010006001,3261,1,1950,7,7
11022034001,3262,1,36,3,3
14225052001,3263,1,96,2,2
14602049001,3264,1,174,3,3
31502037001,3265,1,40,4,4
14311172001,3266,1,20,9,9
35753007001,3267,1,96,6,6
14001055001,3268,1,10,6,6
11103062001,3269,1,12,3,3
14523029001,3270,1,36,3,3
14223296001,3271,1,150,4,4
12201034001,3272,1,33,26,26
11022059001,3273,1,24,4,4
14361053001,3274,1,12,2,2
11110066001,3275,1,12,6,6
11040047001,3276,1,12,4,4
12100040001,3277,1,48,7,7
12201086001,3278,1,39,8,8
10014212001,3279,1,24,13,13
14361178001,3280,1,24,3,3
14510014001,3281,1,12,8,8
11070015001,3282,1,24,10,10
10052015001,3283,1,24,3,3
14740017001,3284,1,24,3,3
12000028001,3285,1,24,3,3
11111009001,3286,1,8,3,3
14621004001,3287,1,24,7,7
11050078002,3288,1,20,3,3
14510015001,3289,1,13,4,4
31253001001,3290,1,70,2,2
31254001001,3291,1,120,3,3
14721944001,3292,1,20,7,7
14240015001,3293,1,20,6,6
11110086001,3294,1,4,3,3
14801020001,3295,1,120,9,9
14341068001,3296,1,72,3,3
14352058001,3297,1,24,3,3
12002006001,3298,1,24,4,4
11010021001,3299,1,12,4,4
32410009001,3300,1,280,6,6
32400180001,3301,1,660,3,3
14222044001,3302,1,12,5,5
12011221001,3303,1,24,3,3
12301004001,3304,1,48,3,3
14352028001,3305,1,16,4,4
31623898001,3306,1,36,5,5
11010020001,3307,1,12,3,3
12212040001,3308,1,24,3,3
12003077001,3309,1,45,6,6
14222049001,3310,1,36,3,3
14730041001,3311,1,36,11,11
12102026001,3312,1,96,3,3
11110091001,3313,1,4,3,3
14243128001,3314,1,12,8,8
31762022001,3315,1,20,3,3
12102020001,3316,1,144,3,3
12102016001,3317,1,60,6,6
12153015001,3318,1,48,4,4
12000361001,3319,1,45,3,3
12001112001,3320,1,30,4,4
14504076001,3321,1,18,3,3
14342010001,3322,1,36,2,2
12100049001,3323,1,120,3,3
14506021001,3324,1,60,9,9
12000026001,3325,1,36,3,3
11062006001,3326,1,18,3,3
14822115001,3327,1,84,3,3
14221114001,3328,1,20,3,3
14361015001,3329,1,12,10,10
12011238001,3330,1,6,4,4
14342031001,3331,1,36,3,3
12220015001,3332,1,4,4,4
32410035001,3333,1,200,7,7
14244022001,3334,1,60,4,4
14615061001,3335,1,4,3,3
12000375001,3336,1,48,3,3
14510037001,3337,1,13,5,5
11074007001,3338,1,36,4,4
14621012001,3339,1,36,2,2
14226020001,3340,1,30,7,7
11110079001,3341,1,36,3,3
14222011001,3342,1,640,7,7
14632435001,3343,1,72,3,3
14631023001,3344,1,84,3,3
12010026001,3345,1,36,3,3
12011115001,3346,1,24,5,5
12011398001,3347,1,24,3,3
12104011001,3348,1,216,10,10
12122014001,3349,1,48,9,9
12122009001,3350,1,48,11,11
11103047001,3351,1,12,5,5
31422014001,3352,1,48,4,4
14312015001,3353,1,84,10,10
31422898001,3354,1,48,7,7
12121085001,3355,1,36,3,3
12000186001,3356,1,36,4,4
11103054002,3357,1,12,5,5
14502068001,3358,1,18,3,3
31503003001,3359,1,48,5,5
14301030001,3360,1,12,3,3
12000169001,3361,1,30,3,3
31530108001,3362,1,84,3,3
12020324001,3363,1,126,5,5
12103170001,3364,1,216,8,8
12103144001,3365,1,96,5,5
14742018001,3366,1,96,3,3
10022006001,3367,1,144,45,45
12123031001,3368,1,48,5,5
11103018002,3369,1,6,4,4
11022082001,3370,1,24,7,7
14631948001,3371,1,72,3,3
10022908001,3372,1,96,16,16
14204073001,3373,1,24,3,3
11022003001,3374,1,24,4,4
11050053001,3375,1,24,3,3
31531056001,3376,1,24,4,4
14312056001,3377,1,72,5,5
10034040001,3378,1,48,20,20
12011332001,3379,1,24,4,4
11103298001,3380,1,12,3,3
12123055001,3381,1,8,3,3
10023061001,3382,1,30,4,4
11103132001,3383,1,6,4,4
14022119001,3384,1,32,5,5
10023110001,3385,1,18,3,3
11021052001,3386,1,18,4,4
12002066001,3387,1,48,3,3
31423899001,3388,1,20,4,4
14632103001,3389,1,84,3,3
14600022001,3390,1,72,4,4
12110028001,3391,1,48,7,7
14506339001,3392,1,32,7,7
14523107001,3393,1,49,3,3
14023202001,3394,1,42,3,3
11103195001,3395,1,6,6,6
12011062001,3396,1,24,3,3
11103262001,3397,1,8,3,3
14303058001,3398,1,12,3,3
11021061001,3399,1,24,3,3
12011374001,3400,1,24,3,3
11032222001,3401,1,12,3,3
31501907001,3402,1,30,3,3
31501904001,3403,1,60,4,4
14303034001,3404,1,20,3,3
14243028001,3405,1,20,3,3
12120060001,3406,1,24,5,5
11021063001,3407,1,36,3,3
14202011001,3408,1,30,3,3
12120049001,3409,1,108,8,8
12001043001,3410,1,48,2,2
14512015001,3411,1,16,3,3
12011018001,3412,1,36,3,3
14821011001,3413,1,72,3,3
14303040001,3414,1,24,3,3
31422002001,3415,1,24,4,4
14602058001,3416,1,240,2,2
31421028001,3417,1,24,5,5
12123128001,3418,1,48,8,8
14507045001,3419,1,24,3,3
11102003001,3420,1,40,5,5
31255006001,3421,1,50,3,3
12023331001,3422,1,48,5,5
11110014002,3423,1,4,3,3
11100108001,3424,1,4,3,3
14331005001,3425,1,6,3,3
14330014001,3426,1,12,3,3
12010077001,3427,1,216,4,4
11110013001,3428,1,6,5,5
11050101001,3429,1,36,4,4
31421035001,3430,1,48,3,3
10020101001,3431,1,48,18,18
14210027001,3432,1,60,3,3
11102004001,3433,1,60,3,3
31553006001,3434,1,12,3,3
14331007001,3435,1,6,3,3
14243088001,3436,1,20,3,3
31421039001,3437,1,48,5,5
11042015001,3438,1,72,4,4
11050129001,3439,1,24,3,3
14300002001,3440,1,40,3,3
11050049001,3441,1,48,3,3
11104001001,3442,1,6,2,2
31533037001,3443,1,40,4,4
12010069001,3444,1,48,5,5
14210058001,3445,1,80,3,3
12123067001,3446,1,12,4,4
10021040001,3447,1,24,16,16
14330899001,3448,1,6,3,3
14810022001,3449,1,72,8,8
12103093001,3450,1,90,3,3
14507047001,3451,1,72,3,3
11010116001,3452,1,24,4,4
12010065001,3453,1,216,3,3
14701041001,3454,1,36,3,3
14210089001,3455,1,80,7,7
14000125001,3456,1,12,4,4
14512035001,3457,1,13,4,4
14600907001,3458,1,168,3,3
14310139001,3459,1,24,7,7
31255005001,3460,1,75,4,4
14304009001,3461,1,24,7,7
14370055001,3462,1,96,8,8
14210068001,3463,1,140,3,3
31533096001,3464,1,60,4,4
14603026001,3465,1,120,3,3
15023001001,3466,2,144,94,47
31455002001,3467,1,96,3,3
14361115001,3468,1,12,3,3
14225014001,3469,1,96,3,3
14507087001,3470,1,96,3,3
14304089001,3471,1,60,3,3
14243149001,3472,1,60,3,3
14620920001,3473,1,36,4,4
14521085001,3474,1,90,7,7
14213092001,3475,1,12,9,9
14506340001,3476,1,48,7,7
14506358001,3477,1,36,4,4
31564005001,3478,1,36,3,3
14240014001,3479,1,30,4,4
14505053001,3480,1,48,4,4
34511013001,3481,2,6,4,2
14226003001,3482,1,120,4,4
14303897001,3483,1,24,5,5
14223096001,3484,1,200,5,5
14512005001,3485,1,6,4,4
14203061001,3486,1,40,7,7
31531022001,3487,1,48,3,3
31530011001,3488,1,204,4,4
31530048001,3489,1,312,3,3
14301027001,3490,1,24,6,6
14615036001,3491,1,6,3,3
14602055001,3492,1,174,3,3
14332007001,3493,1,6,4,4
14615044001,3494,1,12,3,3
31822063001,3495,1,3,3,3
14601073001,3496,1,48,5,5
14011063001,3497,1,36,3,3
31762007001,3498,1,36,3,3
14321011001,3499,1,96,10,10
31709946001,3500,1,42,3,3
14604027001,3501,1,216,6,6
14504062001,3502,1,24,4,4
14832931001,3503,1,192,18,18
31532060001,3504,1,40,3,3
14313023001,3505,1,30,3,3
14001150001,3506,1,12,3,3
31244001001,3507,1,200,5,5
30045057001,3508,1,84,10,10
31504009001,3509,1,30,7,7
14620012001,3510,1,48,5,5
14244063001,3511,1,12,3,3
14021068001,3512,1,80,9,9
32511048001,3513,1,10,7,7
14620083001,3514,1,48,3,3
14001020001,3515,1,24,7,7
14506171001,3516,1,60,19,19
14244051001,3517,1,72,3,3
31502012001,3518,1,40,6,6
14620039001,3519,1,24,7,7
32431035001,3520,1,24,6,6
14832008001,3521,1,168,8,8
14511057001,3522,1,13,3,3
14311093001,3523,1,18,3,3
14340027001,3524,1,81,3,3
14210039001,3525,1,20,5,5
14602035001,3526,1,60,6,6
31502034003,3527,1,30,4,4
14104029001,3528,1,6,3,3
14506131001,3529,1,12,3,3
14204003001,3530,1,36,3,3
66511009001,3531,1,250,14,14
12122005001,3532,1,24,5,5
10051034001,3533,1,24,5,5
12000205001,3534,1,24,4,4
12123092001,3535,1,54,9,9
12123056001,3536,1,72,8,8
10040044001,3537,2,48,25,13
12000230001,3538,1,48,4,4
12123038001,3539,1,36,4,4
12123020001,3540,1,24,11,11
11030177001,3541,1,72,5,5
10040015001,3542,1,36,34,34
12000359001,3543,1,24,9,9
12011257001,3544,1,24,6,6
12011235001,3545,1,24,4,4
12121092001,3546,1,16,4,4
10035041001,3547,1,120,40,40
12000408001,3548,1,24,8,8
12121067001,3549,1,57,5,5
12121065001,3550,1,83,9,9
12121048001,3551,1,48,6,6
12123110001,3552,1,24,6,6
11030010001,3553,1,110,13,13
12123135001,3554,1,54,7,7
10041009001,3555,1,96,38,38
11075003001,3556,1,24,7,7
11110078001,3557,1,30,3,3
10041050001,3558,1,12,11,11
11022012001,3559,1,12,4,4
11112007001,3560,1,96,5,5
12011484001,3561,1,12,3,3
10002038001,3562,1,12,6,6
11074031001,3563,1,36,4,4
12151096001,3564,1,24,4,4
11022063001,3565,1,24,3,3
12151001001,3566,1,180,10,10
12011427001,3567,1,12,8,8
10002078001,3568,1,12,10,10
12130034001,3569,1,6,6,6
12130032001,3570,1,7,6,6
12000097001,3571,1,24,3,3
12000122001,3572,1,24,3,3
12121028001,3573,1,72,7,7
11031035001,3574,1,60,3,3
10023011001,3575,1,30,4,4
12100069001,3576,1,96,5,5
11040056001,3577,1,36,4,4
11050102001,3578,1,24,5,5
11041005001,3579,1,60,3,3
11041007003,3580,1,48,3,3
12102005001,3581,1,72,9,9
10023017001,3582,1,6,3,3
12105006001,3583,1,36,4,4
11041019002,3584,1,50,4,4
10022916001,3585,1,144,6,6
12100051001,3586,1,132,3,3
11041024001,3587,1,72,10,10
10014073001,3588,1,96,27,27
11041028001,3589,1,96,6,6
10014106001,3590,1,48,32,32
10022012001,3591,1,120,25,25
10014214001,3592,1,12,7,7
12003161001,3593,1,48,3,3
10014014001,3594,1,96,28,28
11071002001,3595,1,60,3,3
12002044001,3596,1,45,3,3
12001019001,3597,1,48,3,3
10034022001,3598,1,48,39,39
11070050001,3599,1,40,8,8
12001051001,3600,1,24,5,5
12120024001,3601,1,72,6,6
11061032001,3602,1,90,4,4
12002013001,3603,1,30,8,8
11061030001,3604,1,90,4,4
10031015001,3605,2,96,59,30
12106039001,3606,1,12,3,3
12112002001,3607,1,90,4,4
12111030001,3608,1,276,3,3
11031050001,3609,1,60,5,5
12011074001,3610,1,12,7,7
10023093001,3611,1,24,6,6
12106086001,3612,1,336,3,3
11110028001,3613,1,12,3,3
10052024001,3614,1,36,4,4
12020117001,3615,1,84,3,3
10002011001,3616,1,48,11,11
12327076001,3617,1,4,3,3
11103118001,3618,1,12,3,3
11103074001,3619,1,6,6,6
11021036001,3620,1,24,4,4
12220006001,3621,1,4,3,3
11020012001,3622,1,36,3,3
12212058001,3623,1,48,4,4
11103200001,3624,1,6,3,3
11103224001,3625,1,8,4,4
11021060001,3626,1,24,3,3
12212036001,3627,1,108,6,6
11040003001,3628,1,36,5,5
14310134001,3629,1,12,8,8
11032228001,3630,1,24,8,8
14631055001,3631,1,72,6,6
12105072001,3632,1,42,4,4
11051049001,3633,1,24,4,4
14412023001,3634,1,12,6,6
10023078001,3635,1,8,3,3
10023041001,3636,1,72,12,12
10030001001,3637,2,24,17,9
11051019001,3638,1,24,9,9
14310020001,3639,1,10,6,6
12034104001,3640,1,36,7,7
12120062001,3641,1,38,12,12
11103001001,3642,1,8,6,6
14600010001,3643,1,276,5,5
10032054001,3644,1,120,19,19
10034006001,3645,1,16,9,9
12120076001,3646,1,120,6,6
11010024001,3647,1,12,5,5
32500008001,3648,1,50,14,14
11010022001,3649,1,12,6,6
14223062001,3650,1,120,3,3
14620113001,3651,1,48,11,11
14001014001,3652,1,18,15,15
32504043004,3653,1,36,8,8
12011147001,3654,1,36,4,4
10032007001,3655,1,48,7,7
10031009001,3656,1,48,34,34
11040018001,3657,1,24,5,5
14301031001,3658,1,12,8,8
10031022001,3659,1,48,41,41
10022004001,3660,1,120,69,69
14343036001,3661,1,24,3,3
14350011001,3662,1,18,8,8
12020003001,3663,1,102,7,7
14740061001,3664,1,12,4,4
10022024001,3665,1,144,20,20
31531021001,3666,1,160,5,5
12010106001,3667,1,300,21,21
14213055001,3668,1,24,8,8
14320008001,3669,1,24,4,4
12010067001,3670,1,216,4,4
12103016001,3671,1,240,5,5
12010040001,3672,1,48,4,4
14321009001,3673,1,120,6,6
14852005001,3674,1,72,30,30
12101010001,3675,1,288,11,11
14720022001,3676,1,100,4,4
14102223001,3677,1,336,5,5
12327040001,3678,1,12,5,5
14634047001,3679,1,84,6,6
14720030001,3680,1,48,9,9
14601046001,3681,1,60,7,7
14852064001,3682,1,72,9,9
14740016001,3683,1,24,9,9
31644022001,3684,1,48,4,4
12005082009,3685,1,57,3,3
14312014001,3686,1,84,4,4
11010060001,3687,1,12,3,3
12101042001,3688,1,192,4,4
12121037001,3689,1,48,6,6
11030095001,3690,1,48,4,4
12011287001,3691,1,36,3,3
12000051001,3692,1,36,8,8
14225045001,3693,1,96,3,3
30013002001,3694,1,180,3,3
31253002001,3695,1,70,3,3
11100003001,3696,2,8,5,3
10002037001,3697,1,12,4,4
12123101001,3698,1,8,6,6
14833005001,3699,1,72,3,3
12000085001,3700,1,48,4,4
12130001001,3701,1,6,6,6
12011426001,3702,1,12,7,7
14242013001,3703,1,50,7,7
11103314001,3704,1,48,7,7
14226002001,3705,1,72,14,14
10040111001,3706,3,36,31,11
15022022001,3707,1,216,13,13
11030006001,3708,1,48,5,5
14611007001,3709,1,6,3,3
14615053001,3710,1,24,4,4
14616026001,3711,1,36,7,7
11072897001,3712,1,24,4,4
12201059001,3713,2,66,41,21
14840021001,3714,1,108,7,7
12012037001,3715,1,48,10,10
12212008001,3716,1,216,8,8
11075001001,3717,1,36,6,6
12121087001,3718,1,24,5,5
14830049001,3719,1,168,6,6
12022096001,3720,1,144,7,7
14227001001,3721,1,12,4,4
14240008001,3722,1,12,8,8
14620060001,3723,1,12,10,10
12011262001,3724,1,4,3,3
34511049001,3725,2,16,12,6
14210018001,3726,1,48,7,7
12123016002,3727,1,24,18,18
11072008001,3728,1,36,4,4
14831005001,3729,1,192,12,12
14620048001,3730,1,4,3,3
14223171001,3731,1,60,5,5
14200059001,3732,1,50,4,4
12122045001,3733,1,24,3,3
31421024001,3734,1,36,5,5
31533017001,3735,1,64,4,4
30045057002,3736,1,84,18,18
14833065001,3737,1,120,3,3
14853061001,3738,1,40,10,10
12020901001,3739,1,84,3,3
14833082001,3740,1,144,7,7
11042010001,3741,1,24,3,3
14203055001,3742,1,30,6,6
11042027001,3743,1,72,4,4
12012164001,3744,1,48,4,4
14111007001,3745,1,10,3,3
14204067001,3746,1,32,5,5
14311075001,3747,1,36,2,2
14226035001,3748,1,240,11,11
11042022001,3749,1,12,3,3
14240007001,3750,1,20,4,4
12102153001,3751,1,150,3,3
31530027001,3752,1,80,4,4
11022035001,3753,1,24,2,2
10022010001,3754,1,144,19,19
11022056001,3755,1,24,2,2
14222001001,3756,1,30,3,3
12020060001,3757,1,84,4,4
14204100001,3758,1,60,4,4
10022915001,3759,1,120,7,7
12020383001,3760,1,84,5,5
14833069001,3761,1,36,4,4
12020249001,3762,1,96,5,5
12020437001,3763,1,96,4,4
12102136001,3764,1,150,4,4
14833037001,3765,1,36,3,3
10021023001,3766,1,48,30,30
14852020001,3767,1,96,9,9
14210135001,3768,1,48,4,4
12102042001,3769,1,160,3,3
11022087001,3770,1,12,7,7
14320899001,3771,1,30,5,5
14312017001,3772,1,36,5,5
15081020001,3773,1,40,4,4
12011184001,3774,1,24,4,4
14310071001,3775,1,24,6,6
31504015001,3776,1,12,5,5
12016026001,3777,1,216,5,5
14244005001,3778,1,12,3,3
12011264001,3779,1,24,2,2
14300113001,3780,1,45,9,9
11010026001,3781,1,12,5,5
11031041001,3782,1,72,3,3
12020133001,3783,1,72,4,4
11030195001,3784,1,72,3,3
11030183002,3785,1,60,3,3
11030180001,3786,1,72,3,3
14303021001,3787,1,12,3,3
12011282001,3788,1,24,2,2
14301110001,3789,1,36,3,3
31500012001,3790,1,72,3,3
11031049001,3791,1,60,8,8
10040014001,3792,2,96,67,34
12012196001,3793,1,144,11,11
12022043001,3794,1,102,3,3
12011120001,3795,1,12,3,3
11021025001,3796,1,24,5,5
10033029001,3797,1,48,30,30
14300021001,3798,1,60,3,3
12103029001,3799,1,144,8,8
31421040001,3800,1,48,3,3
14210031001,3801,1,48,2,2
14210025001,3802,1,105,3,3
14244060001,3803,1,36,4,4
10035027001,3804,1,48,7,7
14244935001,3805,1,12,3,3
10034041001,3806,1,48,43,43
14223048001,3807,1,12,4,4
31422013001,3808,1,48,5,5
11021007001,3809,1,4,2,2
31422017001,3810,1,48,3,3
12011158002,3811,1,24,4,4
14830013001,3812,1,144,7,7
14850197001,3813,1,10,4,4
14850099001,3814,1,4,3,3
12011213001,3815,1,24,3,3
31423009001,3816,1,60,4,4
12011117001,3817,1,36,7,7
31254009001,3818,1,120,4,4
12100103001,3819,1,120,4,4
11020003001,3820,1,12,4,4
11032015001,3821,1,60,5,5
11020008001,3822,1,24,17,17
12011326001,3823,1,12,2,2
11032221001,3824,1,24,5,5
14243027001,3825,1,60,4,4
31421034001,3826,1,24,3,3
12011351001,3827,1,12,2,2
14310169001,3828,1,36,6,6
15022019001,3829,1,96,10,10
10040024001,3830,1,24,14,14
10053904001,3831,1,72,10,10
14242044001,3832,1,20,3,3
14203005001,3833,1,20,5,5
14225933001,3834,1,324,3,3
12020927001,3835,1,50,4,4
11010058001,3836,1,12,2,2
12100101001,3837,1,48,4,4
11040058001,3838,1,36,4,4
12034094001,3839,1,36,10,10
14201003001,3840,1,20,4,4
12011051001,3841,1,12,3,3
14201002001,3842,1,10,6,6
14303039001,3843,1,24,2,2
12011094001,3844,1,24,3,3
14225023001,3845,1,636,6,6
10023124001,3846,1,5,3,3
10040031001,3847,2,48,43,22
14303927001,3848,1,24,2,2
11010045001,3849,1,6,3,3
12011063001,3850,1,24,2,2
11020013001,3851,1,24,3,3
11031917001,3852,1,60,3,3
14304047001,3853,1,24,3,3
14225029001,3854,1,636,5,5
14304062001,3855,1,36,2,2
10040056001,3856,2,24,22,11
31501907002,3857,1,30,4,4
14210084001,3858,1,12,4,4
14243055001,3859,1,80,2,2
12012108001,3860,1,48,10,10
31607015001,3861,1,144,3,3
12103031001,3862,1,132,3,3
12123017001,3863,1,37,5,5
12000372001,3864,1,36,3,3
12122012001,3865,1,24,17,17
12122019001,3866,1,36,8,8
12122023002,3867,1,24,11,11
14505913001,3868,1,8,3,3
14620058001,3869,1,36,3,3
10002918001,3870,2,24,17,9
14505996001,3871,1,8,2,2
12000320001,3872,1,36,2,2
12000314001,3873,1,30,2,2
14620036001,3874,1,24,5,5
12000261001,3875,1,24,4,4
12000260001,3876,1,42,2,2
12121103001,3877,1,72,12,12
14506057001,3878,1,96,8,8
12123032001,3879,1,36,5,5
14011022001,3880,1,24,3,3
12123043001,3881,1,48,4,4
14616060001,3882,1,36,9,9
12123068001,3883,1,24,4,4
12000221001,3884,1,36,3,3
11072036001,3885,1,48,9,9
14506076001,3886,1,12,3,3
14010283001,3887,1,48,3,3
12000191001,3888,1,36,3,3
12123129001,3889,1,71,8,8
14013006001,3890,1,12,2,2
14013015001,3891,1,36,3,3
12106107001,3892,1,312,5,5
11061052001,3893,1,20,2,2
12002949001,3894,1,45,9,9
14023140001,3895,1,12,3,3
12002103001,3896,1,36,2,2
11061001002,3897,1,30,2,2
11061008001,3898,1,75,4,4
12002071001,3899,1,48,3,3
12002062001,3900,1,24,7,7
32502011001,3901,5,120,103,21
12112025001,3902,1,84,3,3
11061028001,3903,1,112,3,3
12002010001,3904,1,24,5,5
12120033001,3905,1,73,8,8
12001077001,3906,1,24,2,2
12121071001,3907,1,36,4,4
12001070001,3908,1,90,3,3
11070018001,3909,1,24,3,3
12001059001,3910,1,36,3,3
12120086001,3911,1,96,9,9
12001029001,3912,1,24,3,3
12120089001,3913,1,72,8,8
14620178001,3914,1,48,3,3
11071005001,3915,1,1020,33,33
12000480001,3916,1,24,3,3
11071014001,3917,1,150,5,5
14505035001,3918,1,8,3,3
12121070001,3919,1,32,8,8
14615898001,3920,1,12,9,9
12000093001,3921,1,24,3,3
14506393001,3922,1,12,3,3
12327009001,3923,1,120,41,41
11103283001,3924,1,12,3,3
14512025001,3925,1,13,5,5
14001043001,3926,1,12,3,3
14520044001,3927,1,12,3,3
11101044001,3928,1,54,3,3
11103244002,3929,1,8,3,3
11103244001,3930,1,8,3,3
11103233001,3931,1,4,2,2
11102017001,3932,1,40,3,3
42014003001,3933,1,60,5,5
14524044001,3934,1,24,3,3
11103152001,3935,1,4,4,4
14604033001,3936,1,174,3,3
12150005001,3937,1,36,2,2
11103115001,3938,1,4,4,4
11103112001,3939,1,4,3,3
14000120001,3940,1,12,3,3
12327026001,3941,1,6,3,3
11103102002,3942,1,4,4,4
11103102001,3943,1,4,3,3
12327048001,3944,1,5,3,3
14601032001,3945,1,48,3,3
11103077001,3946,1,4,3,3
11103068001,3947,1,6,4,4
14602037001,3948,1,60,2,2
11103052001,3949,1,6,4,4
12301024001,3950,1,48,3,3
14611009001,3951,1,12,3,3
12234036001,3952,2,4,3,2
14001065001,3953,1,10,3,3
12150007001,3954,1,36,3,3
12151020001,3955,1,144,12,12
14507061001,3956,1,72,3,3
14615042001,3957,1,6,4,4
12151094001,3958,1,24,3,3
12000003001,3959,1,36,2,2
14615016001,3960,1,96,8,8
11112021001,3961,1,93,3,3
14614001001,3962,1,12,3,3
11074059001,3963,1,72,4,4
11111008001,3964,1,12,5,5
14510038001,3965,1,13,3,3
11110092001,3966,1,4,2,2
11110088001,3967,1,4,2,2
11110087002,3968,1,12,3,3
11110087001,3969,1,12,3,3
11110079005,3970,1,36,3,3
14612925001,3971,1,72,3,3
12212037001,3972,1,288,8,8
14510213001,3973,1,13,3,3
12212060001,3974,1,16,3,3
11100007001,3975,4,24,24,6
11100021001,3976,1,4,3,3
11103322001,3977,1,6,6,6
11103321002,3978,1,6,3,3
14023200001,3979,1,42,6,6
14213008001,3980,1,36,3,3
14331029001,3981,1,12,5,5
14352093001,3982,1,24,3,3
12103089001,3983,1,144,5,5
14360001001,3984,1,24,3,3
12010051001,3985,1,32,11,11
14632449001,3986,1,66,2,2
31762012001,3987,1,12,3,3
14632482001,3988,1,60,3,3
14353001001,3989,1,24,3,3
14633036001,3990,1,72,16,16
14331997001,3991,1,6,4,4
14352999001,3992,1,20,3,3
31762003001,3993,1,18,3,3
31533097001,3994,1,60,3,3
14720029001,3995,1,48,4,4
10014132001,3996,1,48,18,18
12105908001,3997,1,18,2,2
14633108001,3998,1,72,2,2
14721018001,3999,1,126,3,3
11051004001,4000,1,24,3,3
10014097001,4001,1,36,17,17
14341019001,4002,1,72,4,4
31567030001,4003,1,8,3,3
12105021001,4004,1,24,3,3
31628003001,4005,1,36,3,3
14341010001,4006,1,60,2,2
14632385001,4007,1,84,8,8
14352076001,4008,1,12,3,3
12005082007,4009,1,57,3,3
14331013001,4010,1,8,2,2
14700008001,4011,1,36,3,3
14740003001,4012,1,24,2,2
10013004001,4013,1,48,10,10
12105063001,4014,1,80,3,3
12103040001,4015,1,72,3,3
14353029001,4016,1,12,3,3
14352003001,4017,1,24,5,5
14331020001,4018,1,6,5,5
14632080001,4019,1,48,3,3
12003059001,4020,1,72,3,3
31821065001,4021,1,4,3,3
12105070001,4022,1,42,3,3
14804009001,4023,1,96,22,22
12005003002,4024,1,60,6,6
14226019001,4025,1,390,5,5
14352014001,4026,1,36,3,3
11103884001,4027,1,6,3,3
11021044001,4028,1,24,2,2
12012145001,4029,1,168,19,19
11103336001,4030,1,6,3,3
14313891001,4031,1,30,3,3
14313021001,4032,1,30,4,4
12010123001,4033,1,48,3,3
14412037001,4034,1,24,12,12
11110079004,4035,1,36,3,3
14226032001,4036,1,120,3,3
11110999001,4037,1,60,3,3
14730900001,4038,1,720,5,5
14507044001,4039,1,24,3,3
14312016001,4040,1,15,4,4
12000039001,4041,1,36,3,3
12010172001,4042,1,36,3,3
12000035001,4043,1,36,2,2
12011477001,4044,1,12,3,3
14312042001,4045,1,48,2,2
11041020001,4046,1,60,6,6
11022041001,4047,1,24,9,9
14613939001,4048,1,24,11,11
14353023001,4049,1,12,3,3
14740013001,4050,1,48,8,8
11103884003,4051,1,6,2,2
14213010001,4052,1,36,2,2
14240010001,4053,1,6,2,2
12012022001,4054,1,48,3,3
14313004001,4055,1,30,3,3
14225938001,4056,1,360,3,3
11110065001,4057,1,4,4,4
11075004001,4058,1,36,8,8
14226100001,4059,1,120,5,5
11110056001,4060,1,12,3,3
14612916001,4061,1,24,7,7
14226051001,4062,1,300,2,2
14226046001,4063,1,120,3,3
14344010001,4064,1,36,7,7
14741040001,4065,1,24,7,7
11021028001,4066,1,36,4,4
14852012001,4067,1,192,9,9
14604042001,4068,1,216,3,3
14851009001,4069,2,4,3,2
14851014001,4070,1,4,4,4
14851035001,4071,2,4,3,2
14600026001,4072,1,216,6,6
12010103001,4073,1,48,3,3
14331898001,4074,1,6,3,3
14601010001,4075,1,84,4,4
12010052001,4076,1,72,3,3
14330015001,4077,1,6,2,2
14852009001,4078,1,96,13,13
12016111001,4079,1,216,7,7
11103157001,4080,1,6,3,3
14602115001,4081,1,276,5,5
12016113001,4082,1,168,3,3
11042029001,4083,1,24,3,3
14852043001,4084,1,72,29,29
12010079001,4085,1,216,5,5
11103054003,4086,1,12,3,3
14853009001,4087,1,144,57,57
14853031001,4088,1,144,10,10
12020020001,4089,1,72,6,6
14602061001,4090,1,240,2,2
14602064001,4091,1,252,3,3
12010004001,4092,1,70,10,10
14600003001,4093,1,216,3,3
14343027001,4094,1,24,2,2
14342021001,4095,1,72,2,2
14313900001,4096,1,30,7,7
14511021001,4097,1,13,3,3
11041031001,4098,1,60,3,3
14225057001,4099,1,96,4,4
14511071001,4100,1,13,6,6
11103283002,4101,1,12,5,5
11041999001,4102,1,60,3,3
14850019001,4103,1,4,3,3
11103282001,4104,1,12,3,3
14225035001,4105,1,576,2,2
14742022001,4106,1,24,5,5
11103252001,4107,1,8,4,4
11050010001,4108,1,8,3,3
14341079001,4109,1,81,7,7
11103244003,4110,1,4,3,3
11102013001,4111,1,48,3,3
14851004001,4112,1,2,2,2
12014028001,4113,1,72,3,3
11103211001,4114,1,12,3,3
14522043001,4115,1,132,3,3
14340008001,4116,1,72,3,3
11103199001,4117,1,16,2,2
11103196001,4118,2,12,8,4
14604112001,4119,1,252,2,2
14506641001,4120,1,24,3,3
14730898001,4121,1,30,3,3
14805063001,4122,1,96,33,33
12011171001,4123,1,12,4,4
11070013001,4124,1,24,11,11
14362039001,4125,1,20,3,3
14300016001,4126,1,72,3,3
14310048001,4127,1,12,2,2
11070030001,4128,1,60,3,3
14310056001,4129,1,40,2,2
14310062001,4130,1,352,4,4
14244945001,4131,1,36,5,5
14620138001,4132,1,24,2,2
11051003001,4133,1,96,3,3
12000999001,4134,1,45,2,2
12011166001,4135,1,24,6,6
14504060001,4136,1,24,3,3
11051011001,4137,1,72,5,5
12000498001,4138,1,30,3,3
11031026001,4139,1,24,7,7
14361179001,4140,1,24,3,3
11031011001,4141,1,96,3,3
14310111001,4142,1,12,6,6
11050141002,4143,1,24,3,3
14244062001,4144,1,20,3,3
14633938001,4145,1,72,11,11
11071035001,4146,1,24,5,5
14505065001,4147,1,96,25,25
12011196001,4148,1,24,3,3
14830018001,4149,1,216,6,6
14502069001,4150,1,18,3,3
12001083001,4151,1,48,4,4
12011032001,4152,1,48,2,2
14822044001,4153,1,96,3,3
14822024001,4154,1,60,4,4
14632002001,4155,1,72,4,4
14411053001,4156,1,6,4,4
12011079001,4157,1,48,2,2
12003012001,4158,1,60,2,2
14303899001,4159,1,24,5,5
12003006001,4160,1,60,2,2
11031922001,4161,1,24,3,3
14632117001,4162,1,60,9,9
14631925001,4163,1,84,6,6
14303037001,4164,1,18,3,3
12011105001,4165,1,24,2,2
11031924001,4166,1,24,9,9
12003084001,4167,1,48,3,3
14632155001,4168,1,60,9,9
12011118001,4169,1,30,3,3
11061003001,4170,1,20,3,3
12011060001,4171,1,24,3,3
11061009001,4172,1,120,4,4
11061015001,4173,1,80,3,3
14370010001,4174,1,24,3,3
11061016001,4175,1,90,3,3
11032026001,4176,1,24,8,8
12002021001,4177,1,30,3,3
12011133001,4178,1,24,4,4
12002003001,4179,1,24,3,3
14310209001,4180,1,36,3,3
12010060001,4181,1,144,16,16
12000061001,4182,1,27,3,3
14312011001,4183,1,24,4,4
14243012001,4184,1,30,9,9
14243009001,4185,1,60,9,9
12011350001,4186,1,12,8,8
14730016001,4187,1,36,2,2
14832024001,4188,1,60,3,3
11030024001,4189,1,108,4,4
12011355001,4190,1,24,3,3
11030016001,4191,1,24,2,2
12011373001,4192,1,48,3,3
12000165001,4193,1,24,2,2
11073012001,4194,1,144,3,3
14242126001,4195,1,20,3,3
12000140001,4196,1,48,5,5
12011337001,4197,1,36,3,3
12011402001,4198,1,24,4,4
14506222001,4199,1,12,3,3
12000118001,4200,1,36,2,2
12000100001,4201,1,36,4,4
12003039001,4202,1,60,4,4
11030005001,4203,1,36,4,4
14506329001,4204,1,36,3,3
12000076001,4205,1,24,3,3
12000070001,4206,1,36,3,3
12011439001,4207,1,24,3,3
14615063001,4208,1,30,2,2
14360019001,4209,1,6,2,2
14805066001,4210,1,96,32,32
12005056004,4211,1,120,3,3
12011243001,4212,1,12,3,3
11072010001,4213,1,36,7,7
11030198003,4214,1,36,3,3
14820004001,4215,1,72,17,17
12011014001,4216,1,24,3,3
14700036001,4217,1,24,4,4
12011265001,4218,1,24,3,3
14700037001,4219,1,48,3,3
14505931001,4220,1,8,2,2
12010897001,4221,1,228,4,4
12011276001,4222,1,12,3,3
14700077001,4223,1,40,13,13
12005003001,4224,1,60,4,4
11072005001,4225,1,12,2,2
14361070001,4226,1,12,3,3
12011310001,4227,1,6,3,3
12011285001,4228,1,36,2,2
14711008001,4229,1,48,5,5
14311071001,4230,1,20,4,4
12000241001,4231,1,45,6,6
12000239001,4232,1,48,3,3
14243094001,4233,1,60,10,10
12000225001,4234,1,48,2,2
12005056001,4235,1,120,6,6
14311235001,4236,1,24,7,7
14721943001,4237,1,40,10,10
11041014001,4238,1,72,6,6
14616038001,4239,1,36,11,11
14830039001,4240,1,144,10,10
12001038001,4241,1,24,6,6
12102029001,4242,1,84,3,3
10023054001,4243,1,9,3,3
12105044001,4244,1,30,2,2
41310001001,4245,1,3,2,2
10022009001,4246,1,24,4,4
10014006001,4247,1,40,6,6
12110029001,4248,1,48,8,8
12321040001,4249,1,24,4,4
31707075001,4250,1,144,4,4
31532003001,4251,1,180,4,4
14200061001,4252,1,40,3,3
12102112002,4253,1,60,3,3
12123140001,4254,1,60,6,6
14111079001,4255,1,24,3,3
12102101001,4256,1,60,4,4
12120045001,4257,1,16,4,4
12020326001,4258,1,78,5,5
31253004001,4259,1,60,4,4
10041052001,4260,1,48,30,30
12102132001,4261,1,144,3,3
12122902001,4262,1,24,13,13
14111107001,4263,1,12,2,2
10023058001,4264,1,8,6,6
12103041001,4265,1,144,33,33
41234002001,4266,1,6,2,2
35751018001,4267,1,36,6,6
31420003001,4268,1,30,3,3
12120078001,4269,1,96,7,7
12201008001,4270,1,33,26,26
12122035001,4271,1,36,4,4
12120072001,4272,1,72,7,7
12103012001,4273,1,144,6,6
10020040001,4274,1,180,29,29
31502009001,4275,1,72,5,5
12102150001,4276,1,120,4,4
10023063001,4277,1,6,6,6
12106038001,4278,1,24,4,4
12020248001,4279,1,96,4,4
14104013001,4280,1,15,2,2
32504043003,4281,1,36,8,8
30000049001,4282,1,420,4,4
12102091001,4283,1,156,3,3
12106061001,4284,1,144,3,3
12123018001,4285,1,50,7,7
12020923001,4286,1,96,2,2
32511012001,4287,1,5,5,5
31118023001,4288,1,72,3,3
30045058002,4289,1,48,7,7
10041001001,4290,2,48,28,14
12120004001,4291,1,72,6,6
31530003001,4292,1,192,7,7
12220014001,4293,1,4,3,3
12111074001,4294,1,90,3,3
41401031001,4295,1,9,2,2
12101020001,4296,1,180,15,15
12101016001,4297,1,384,3,3
12105055001,4298,1,24,2,2
10014059001,4299,1,96,13,13
12104050001,4300,1,72,4,4
12101005001,4301,1,96,2,2
12100102001,4302,1,48,5,5
12212002001,4303,1,61,3,3
12102006001,4304,1,80,5,5
12102067001,4305,1,144,2,2
10010027001,4306,2,528,434,217
10041038001,4307,1,48,30,30
14011040001,4308,1,6,2,2
31707055001,4309,1,24,2,2
14002024001,4310,1,36,2,2
14111146001,4311,1,18,3,3
12106004001,4312,1,168,4,4
30003001001,4313,1,144,3,3
12211001001,4314,1,14,10,10
12102041001,4315,1,144,3,3
14002014001,4316,1,8,3,3
12020423001,4317,1,168,2,2
32504043005,4318,1,36,7,7
12102031001,4319,1,96,5,5
32470093001,4320,1,180,4,4
12105051001,4321,1,36,5,5
10023031001,4322,1,12,3,3
14203065001,4323,1,40,3,3
12106056001,4324,1,48,3,3
12122040001,4325,1,48,6,6
12020196001,4326,1,48,4,4
14132231001,4327,1,24,3,3
10023107001,4328,1,8,4,4
12020085001,4329,1,48,3,3
14010155001,4330,1,5,3,3
14853067001,4331,1,40,7,7
12020078001,4332,1,96,5,5
12327035001,4333,1,6,3,3
12103112001,4334,1,288,11,11
12327052001,4335,1,12,3,3
14210114001,4336,1,36,3,3
14133013001,4337,1,12,3,3
14210127001,4338,1,24,5,5
32517006001,4339,2,20,15,8
14103073001,4340,1,36,9,9
11010061001,4341,1,12,5,5
12327059001,4342,1,5,3,3
31501013001,4343,1,20,5,5
31500032001,4344,1,60,5,5
31568007001,4345,1,48,4,4
12121010001,4346,1,72,26,26
14132131001,4347,1,12,2,2
12106087001,4348,1,54,3,3
12121009001,4349,1,24,4,4
10023991001,4350,1,12,3,3
12106098001,4351,1,48,2,2
14211036001,4352,1,140,2,2
65106036001,4353,1,42,2,2
12020038001,4354,1,72,4,4
10032004001,4355,1,48,43,43
10031003001,4356,1,48,46,46
14010075001,4357,1,45,2,2
12103073001,4358,1,40,3,3
11010059001,4359,1,12,5,5
10014041001,4360,1,48,21,21
12121079001,4361,1,36,4,4
31563008001,4362,1,12,8,8
14121131001,4363,1,24,2,2
11010021002,4364,1,12,3,3
14110067001,4365,1,12,2,2
14000201001,4366,1,5,3,3
12120026001,4367,1,38,9,9
14102366001,4368,1,12,2,2
10023068001,4369,1,8,3,3
11010016001,4370,1,6,4,4
12034053001,4371,1,24,3,3
12151110001,4372,1,30,3,3
12121066001,4373,1,48,10,10
31421003001,4374,1,24,7,7
14303022001,4375,1,12,2,2
12011007001,4376,1,24,2,2
12011011001,4377,1,36,7,7
14311041001,4378,1,12,6,6
14731005001,4379,1,10,4,4
12100059001,4380,1,96,5,5
11074014001,4381,1,70,2,2
35302003001,4382,1,24,13,13
14822053001,4383,1,72,4,4
35302040001,4384,1,24,9,9
11031942001,4385,1,36,5,5
12100092001,4386,1,12,4,4
14615067001,4387,1,36,2,2
14303026001,4388,1,12,3,3
12000126001,4389,1,36,2,2
12000215001,4390,1,56,6,6
11040025001,4391,1,24,3,3
14311037001,4392,1,18,6,6
11040029002,4393,1,24,3,3
12011111001,4394,1,24,2,2
14506082001,4395,1,80,3,3
35750013001,4396,1,36,24,24
12000114001,4397,1,36,2,2
14506248001,4398,1,24,3,3
14506366001,4399,1,60,11,11
14311036001,4400,1,18,2,2
12105013001,4401,1,18,2,2
35751021001,4402,1,24,4,4
14822011001,4403,1,96,2,2
14103048001,4404,1,15,4,4
14302060001,4405,1,10,3,3
14302081001,4406,1,24,2,2
12000113001,4407,1,36,2,2
14353047001,4408,1,12,2,2
12001087001,4409,1,18,3,3
14353900001,4410,1,12,6,6
12011096001,4411,1,12,6,6
14621022001,4412,1,48,3,3
12032228001,4413,1,528,3,3
11031916001,4414,1,60,8,8
14304064001,4415,1,36,2,2
12100009001,4416,1,144,9,9
12005082003,4417,1,57,3,3
14360044001,4418,1,32,3,3
12032541001,4419,1,684,2,2
10023073001,4420,1,30,19,19
12034051001,4421,1,30,3,3
14506165001,4422,1,36,3,3
14310052001,4423,1,24,3,3
12005056002,4424,1,120,3,3
11032224001,4425,1,24,5,5
14310022001,4426,1,30,5,5
14304195001,4427,1,24,3,3
11031923001,4428,1,24,2,2
14822037001,4429,1,72,15,15
11040017001,4430,1,24,11,11
31707086001,4431,1,144,4,4
12100054001,4432,1,108,4,4
12100020001,4433,1,72,4,4
14506349001,4434,1,24,3,3
11061055001,4435,1,24,2,2
12011100001,4436,1,24,4,4
12123109001,4437,1,18,3,3
12130016001,4438,1,6,6,6
35301003001,4439,1,24,19,19
12011050001,4440,1,6,6,6
12001090001,4441,1,48,2,2
12123112001,4442,1,48,14,14
12001084001,4443,1,18,3,3
11061055002,4444,1,24,2,2
12000128001,4445,1,24,2,2
12034097001,4446,1,70,3,3
12100093001,4447,1,12,2,2
12010025001,4448,1,70,3,3
14110007001,4449,1,12,3,3
11050010002,4450,1,8,4,4
14340026001,4451,1,72,3,3
12001031001,4452,1,96,2,2
12103080001,4453,1,144,6,6
14333007001,4454,1,6,3,3
11071030001,4455,1,144,3,3
11050009001,4456,1,30,2,2
14332018001,4457,1,6,3,3
12121078001,4458,1,12,3,3
14000023001,4459,1,40,2,2
11050006001,4460,1,36,33,33
14332010001,4461,1,6,3,3
14505052001,4462,1,48,6,6
12123090001,4463,1,24,6,6
12005084007,4464,1,81,4,4
14620081001,4465,1,12,9,9
12001047001,4466,1,24,4,4
12000381001,4467,1,48,2,2
14620072001,4468,1,36,6,6
12103050001,4469,1,88,4,4
12000379001,4470,1,27,2,2
12122001001,4471,1,24,6,6
12103047001,4472,1,144,5,5
12122008001,4473,1,48,4,4
12120079001,4474,1,40,3,3
12000366001,4475,1,36,3,3
10010007001,4476,1,126,17,17
12103099001,4477,1,144,7,7
12104001001,4478,1,228,4,4
12000433001,4479,1,40,2,2
31567037001,4480,1,24,3,3
31568043001,4481,1,36,2,2
12120091001,4482,1,96,5,5
12103183001,4483,1,216,5,5
14620171001,4484,1,60,6,6
14351059001,4485,1,18,3,3
14351057001,4486,1,24,5,5
11050063001,4487,1,12,4,4
12001011001,4488,1,48,4,4
14504044001,4489,1,24,4,4
12103160001,4490,1,192,5,5
11050062001,4491,1,24,3,3
32600036001,4492,1,10,6,6
14741015001,4493,1,48,2,2
14741026001,4494,1,48,11,11
12005108001,4495,1,36,4,4
12103150001,4496,1,324,2,2
14741028001,4497,1,48,3,3
14352031001,4498,1,24,4,4
11050052001,4499,1,24,3,3
12000504001,4500,1,36,4,4
12121024001,4501,1,27,7,7
12121027001,4502,1,36,4,4
14104117001,4503,1,20,4,4
12000495001,4504,1,30,2,2
12121051001,4505,1,48,15,15
14742048001,4506,1,24,15,15
11050036001,4507,1,10,2,2
14330897001,4508,1,8,3,3
31533085001,4509,1,72,4,4
14353002001,4510,1,24,6,6
11072030001,4511,1,24,5,5
14312022001,4512,1,72,2,2
14353016001,4513,1,12,3,3
14616203001,4514,1,24,3,3
14506043001,4515,1,24,3,3
14711001001,4516,1,36,3,3
12102024001,4517,1,48,6,6
31530008001,4518,1,132,3,3
12001062001,4519,1,24,3,3
14311898001,4520,1,18,9,9
14311258001,4521,1,20,5,5
14805900001,4522,1,96,15,15
12101040002,4523,1,96,3,3
12104046001,4524,1,144,6,6
11050074001,4525,1,12,3,3
14311220001,4526,1,18,3,3
12123025001,4527,1,96,32,32
11041012001,4528,1,60,3,3
12010200001,4529,1,72,6,6
12000228001,4530,1,24,2,2
11041009001,4531,1,48,4,4
12000226001,4532,1,42,2,2
12010207001,4533,1,6,3,3
12123060001,4534,1,12,4,4
12120064001,4535,1,108,17,17
14311066001,4536,1,24,2,2
12000217001,4537,1,24,2,2
12010254001,4538,1,144,17,17
12010171001,4539,1,24,2,2
14620007001,4540,1,36,2,2
12000325001,4541,1,96,2,2
12001058001,4542,1,36,2,2
14505947001,4543,1,8,2,2
14505958001,4544,1,120,8,8
14805003001,4545,1,96,22,22
14740018001,4546,1,24,4,4
12000319001,4547,1,36,2,2
12010105001,4548,1,300,9,9
12005084004,4549,1,81,5,5
14620046001,4550,1,48,12,12
14111035001,4551,1,10,2,2
12102134001,4552,1,84,4,4
12010107001,4553,1,300,9,9
14315007001,4554,1,30,2,2
12000298001,4555,1,24,2,2
12000288001,4556,1,36,2,2
31532059001,4557,1,80,4,4
14314003001,4558,1,40,6,6
14313906001,4559,1,30,3,3
14313899001,4560,1,30,4,4
12123003001,4561,1,48,9,9
10022910001,4562,1,96,23,23
12010124001,4563,1,48,3,3
14506024001,4564,1,24,6,6
14313011001,4565,1,30,2,2
14620029001,4566,1,36,2,2
14620028001,4567,1,24,4,4
14312068001,4568,1,60,4,4
12001057001,4569,1,36,2,2
40400031001,4570,2,2,2,1
11031033001,4571,1,72,4,4
14822104001,4572,1,240,2,2
12020203001,4573,1,84,3,3
12320176001,4574,1,228,4,4
10001010001,4575,2,24,17,9
14362901001,4576,1,15,9,9
12106035001,4577,1,72,2,2
11103201001,4578,1,6,2,2
10052004001,4579,1,24,3,3
12020260001,4580,1,108,2,2
10052009001,4581,1,24,3,3
10052014001,4582,1,24,13,13
14633031001,4583,1,360,5,5
14204103001,4584,1,60,4,4
14204107001,4585,1,40,3,3
11103191001,4586,1,8,2,2
14204127001,4587,1,40,13,13
12020238001,4588,1,72,2,2
14225061001,4589,1,144,3,3
10100222001,4590,1,96,11,11
11103190001,4591,1,18,3,3
14631100001,4592,1,72,5,5
10014005001,4593,1,72,9,9
14204197001,4594,1,40,9,9
14225030001,4595,1,636,9,9
14524015001,4596,1,24,3,3
14524043001,4597,1,24,3,3
14850020001,4598,1,3,2,2
60014001010,4599,1,16,2,2
14604080001,4600,1,40,6,6
14604078001,4601,1,30,4,4
61062008002,4602,1,108,7,7
12320175001,4603,1,228,6,6
12002105001,4604,1,30,3,3
11102012001,4605,1,6,3,3
11022058001,4606,1,24,3,3
14510288001,4607,1,13,3,3
12020920001,4608,1,96,4,4
11100103001,4609,2,8,6,3
12020498001,4610,1,72,4,4
12003134001,4611,1,48,3,3
31472025001,4612,1,24,2,2
14001070001,4613,1,12,3,3
11100107001,4614,1,4,2,2
14361170001,4615,1,24,5,5
12234038001,4616,1,2,2,2
14611014001,4617,1,9,4,4
11103299001,4618,1,12,4,4
11103293001,4619,1,24,3,3
12301026001,4620,1,72,2,2
12106012001,4621,1,18,3,3
30005001001,4622,1,2400,3,3
11022044001,4623,1,24,6,6
11101021001,4624,1,12,6,6
14512023001,4625,1,13,5,5
14001044001,4626,1,30,7,7
11101023001,4627,1,12,6,6
14512123001,4628,1,13,3,3
41511017001,4629,2,2,2,1
11103253001,4630,1,8,6,6
30001002001,4631,1,336,3,3
12012027001,4632,1,252,9,9
10012008001,4633,1,192,14,14
12020325001,4634,1,72,2,2
32431010001,4635,1,128,8,8
14850098001,4636,2,8,5,3
30045058001,4637,1,48,8,8
14210019001,4638,1,48,3,3
12106073001,4639,1,36,3,3
12106999001,4640,1,24,3,3
14210137001,4641,1,18,11,11
12106075001,4642,1,144,9,9
11103085001,4643,1,12,4,4
14852031001,4644,1,96,9,9
12003048001,4645,1,72,2,2
32410019001,4646,1,200,6,6
11103078001,4647,1,8,3,3
12017009001,4648,1,56,4,4
11051027001,4649,1,12,2,2
12017016001,4650,1,36,3,3
14602025001,4651,1,252,2,2
14411015001,4652,1,6,4,4
11051999001,4653,1,96,3,3
14631949001,4654,1,72,2,2
32410022001,4655,1,280,7,7
32410102001,4656,1,280,8,8
12327077001,4657,1,8,3,3
10000008001,4658,1,24,23,23
12020001001,4659,1,72,2,2
12327088001,4660,1,5,3,3
14853013001,4661,1,240,37,37
14632014001,4662,1,120,9,9
11103049001,4663,1,8,2,2
14602091001,4664,1,60,3,3
12003025001,4665,1,24,6,6
12020034001,4666,1,60,4,4
65111095001,4667,1,12,4,4
14852008001,4668,1,96,9,9
12020057001,4669,1,48,3,3
12003054001,4670,1,45,2,2
61064105003,4671,1,132,6,6
11021020001,4672,1,24,2,2
14223155001,4673,1,60,3,3
14850173001,4674,2,2,2,1
12002134001,4675,1,36,3,3
12014004001,4676,1,40,4,4
14632246001,4677,1,144,2,2
12020167001,4678,1,96,3,3
11010018001,4679,1,12,2,2
14210045001,4680,1,36,2,2
11010035001,4681,1,6,5,5
11103130002,4682,1,8,6,6
12106063001,4683,1,144,3,3
32410016001,4684,1,200,6,6
14604032001,4685,1,174,2,2
11103100001,4686,1,4,2,2
14851023001,4687,2,4,3,2
12327016001,4688,1,6,3,3
12106070001,4689,1,24,2,2
11103113001,4690,1,4,3,3
14604019001,4691,1,1104,3,3
14601009001,4692,1,72,2,2
15020911001,4693,1,24,10,10
12110015001,4694,1,36,4,4
12016077001,4695,1,216,3,3
14604005001,4696,1,60,2,2
14500053001,4697,1,90,17,17
12002948001,4698,1,45,4,4
14601019001,4699,1,24,11,11
14510287001,4700,1,13,4,4
11022085001,4701,1,24,6,6
12002014001,4702,1,84,2,2
12153016001,4703,1,48,3,3
11050108001,4704,1,24,2,2
41221019001,4705,2,2,2,1
12011198001,4706,1,36,4,4
10035046001,4707,1,48,11,11
11030207002,4708,1,24,2,2
14615031001,4709,1,24,3,3
31762901001,4710,1,12,3,3
14133930001,4711,1,18,3,3
12011216001,4712,1,36,4,4
12005003003,4713,1,60,5,5
12152004001,4714,1,72,3,3
14615021001,4715,1,36,2,2
14509024001,4716,1,12,3,3
10002026001,4717,2,72,39,20
12011188001,4718,1,36,2,2
12105043001,4719,1,12,3,3
12120013001,4720,1,38,13,13
10040012001,4721,1,24,20,20
31403064001,4722,1,6,2,2
10002013001,4723,1,96,46,46
12022109001,4724,1,144,6,6
14003005001,4725,1,16,3,3
14200028001,4726,1,72,8,8
12011267001,4727,1,12,3,3
12002064001,4728,1,36,2,2
11074060005,4729,1,100,6,6
32504025003,4730,1,36,9,9
12201111001,4731,1,144,7,7
14701012001,4732,1,36,3,3
12120027001,4733,1,38,19,19
12201122001,4734,1,39,4,4
12011156001,4735,1,24,2,2
12001094001,4736,1,30,3,3
32504043002,4737,1,36,8,8
12011139001,4738,1,36,3,3
11031038001,4739,1,72,2,2
41100017001,4740,1,4,2,2
11074016001,4741,1,70,3,3
11074019001,4742,1,100,3,3
12011152001,4743,1,18,3,3
12011153001,4744,1,24,4,4
14300029001,4745,1,48,5,5
14506647001,4746,1,24,3,3
12000048001,4747,1,36,2,2
31423013001,4748,1,96,3,3
10034031001,4749,1,48,46,46
12023015001,4750,1,108,5,5
14710003001,4751,1,18,2,2
32504025005,4752,1,36,8,8
12001999001,4753,1,36,2,2
12011175001,4754,1,48,2,2
12151092001,4755,1,24,4,4
12011178001,4756,1,24,2,2
12011179001,4757,1,8,6,6
41212916001,4758,1,6,3,3
11031022001,4759,1,60,4,4
11061049001,4760,1,24,7,7
14361054001,4761,1,12,5,5
10035037001,4762,1,48,3,3
11074027001,4763,1,36,2,2
41332022001,4764,3,3,3,1
14352022001,4765,1,24,3,3
12011360001,4766,1,24,7,7
12011338001,4767,1,24,3,3
12212038001,4768,1,61,6,6
31214010001,4769,1,48,3,3
12212022001,4770,1,24,3,3
12011329001,4771,1,12,9,9
12004160001,4772,1,48,7,7
11076938001,4773,1,240,3,3
14510206001,4774,1,13,4,4
11050113001,4775,1,28,3,3
12105051002,4776,1,36,3,3
11110005001,4777,1,24,4,4
11110014001,4778,1,4,2,2
12212017001,4779,1,216,5,5
14613013001,4780,1,9,2,2
11076883001,4781,1,144,3,3
12105047001,4782,1,24,2,2
12112039001,4783,1,72,3,3
30073017001,4784,1,24,4,4
12212013001,4785,1,216,5,5
11076928001,4786,1,168,3,3
11110016001,4787,1,4,3,3
14631022001,4788,1,180,3,3
11103365001,4789,1,8,3,3
14361157001,4790,1,24,3,3
12212003001,4791,1,32,9,9
12011416001,4792,1,12,3,3
11030128001,4793,1,84,13,13
31250003001,4794,1,144,2,2
14243106001,4795,1,80,2,2
12212030001,4796,1,72,30,30
12212018001,4797,1,216,5,5
12021969001,4798,1,50,2,2
14243081001,4799,1,20,2,2
41414006001,4800,1,128,2,2
12211013001,4801,1,14,3,3
11030096001,4802,1,36,3,3
12020946001,4803,1,84,9,9
32504025002,4804,1,60,8,8
12212001001,4805,1,216,89,89
14243053001,4806,1,20,3,3
12112038001,4807,1,96,3,3
31225014001,4808,1,192,6,6
10014018001,4809,1,24,6,6
10012002001,4810,1,48,22,22
14201019001,4811,1,30,9,9
12011376001,4812,1,36,3,3
11061051001,4813,1,30,2,2
12002124001,4814,1,24,2,2
12120036001,4815,1,60,6,6
12001111001,4816,1,24,2,2
14631040001,4817,1,84,3,3
12112026001,4818,1,84,2,2
11070022001,4819,1,48,3,3
14632024001,4820,1,60,3,3
11061054002,4821,1,48,3,3
14621044001,4822,1,36,2,2
12120085001,4823,1,36,3,3
14631014001,4824,1,168,3,3
12001068001,4825,1,24,2,2
14621026001,4826,2,8,5,3
12001079001,4827,1,42,2,2
12002018001,4828,1,24,2,2
14631914001,4829,1,72,9,9
12001048001,4830,1,96,3,3
14631082001,4831,1,96,3,3
14022103001,4832,1,42,9,9
12002155001,4833,1,27,2,2
12001056001,4834,1,24,3,3
12001039001,4835,1,48,2,2
12002008001,4836,1,48,7,7
12002998001,4837,1,36,3,3
11070012001,4838,1,24,13,13
12001086001,4839,1,32,2,2
12110018001,4840,1,192,2,2
12002024001,4841,1,24,2,2
12002104001,4842,1,30,2,2
12110037001,4843,1,72,2,2
14630050001,4844,1,84,4,4
12110068001,4845,1,192,3,3
11061005001,4846,1,78,2,2
12001027001,4847,1,27,2,2
32501007001,4848,1,140,3,3
14213028001,4849,1,105,10,10
12121006002,4850,1,48,7,7
12213017001,4851,1,14,2,2
11103354001,4852,1,12,7,7
11100004001,4853,1,4,3,3
12233034001,4854,2,4,3,2
11103323001,4855,1,4,2,2
11103321001,4856,1,6,3,3
12234037001,4857,2,4,3,2
14511034001,4858,1,13,2,2
12234901001,4859,2,6,4,2
12302008001,4860,1,144,4,4
12302118001,4861,1,108,3,3
11101034002,4862,1,12,4,4
12302120001,4863,1,108,7,7
11103247001,4864,1,4,2,2
12320018001,4865,1,228,24,24
14521147001,4866,1,132,3,3
10001044001,4867,1,48,6,6
41522089001,4868,2,2,2,1
14612031001,4869,1,48,2,2
14510215001,4870,1,13,3,3
12000505001,4871,1,36,4,4
11103377001,4872,1,24,2,2
11112001001,4873,1,24,3,3
41313936001,4874,1,6,2,2
12201109001,4875,2,6,4,2
12202005001,4876,2,6,4,2
11110079003,4877,1,36,3,3
14002008001,4878,2,24,15,8
12212009001,4879,1,216,5,5
14613017001,4880,1,18,4,4
11110050001,4881,1,24,3,3
11110045001,4882,1,16,3,3
14612946001,4883,1,24,3,3
11110031001,4884,1,32,5,5
11110026001,4885,2,8,5,3
11110022001,4886,1,60,3,3
14001143001,4887,1,24,3,3
11103884002,4888,1,6,2,2
11103387001,4889,1,18,3,3
41530017001,4890,1,3,2,2
14522015001,4891,1,72,2,2
14604121001,4892,1,252,2,2
14604118001,4893,1,252,3,3
11103001002,4894,1,4,3,3
11103091001,4895,1,24,2,2
11103089004,4896,1,4,3,3
11103008001,4897,2,8,6,3
14601899001,4898,1,240,2,2
12327056001,4899,1,120,30,30
14602116001,4900,1,276,4,4
12327060001,4901,1,12,2,2
61131072001,4902,1,120,3,3
14602113001,4903,1,276,2,2
14602110001,4904,1,252,3,3
12327064001,4905,1,5,2,2
11103040001,4906,1,4,2,2
14602099001,4907,1,252,2,2
14602098001,4908,1,252,2,2
10000006001,4909,1,96,8,8
65110026001,4910,1,12,6,6
61080010003,4911,1,114,3,3
14601016001,4912,1,20,2,2
11103108001,4913,1,16,5,5
11103153001,4914,1,30,6,6
42613064002,4915,1,61,2,2
14522066001,4916,1,72,3,3
11103193001,4917,1,16,2,2
11103188002,4918,1,12,2,2
11103188001,4919,1,12,3,3
60014001004,4920,1,8,3,3
11102023001,4921,1,108,2,2
61062008003,4922,1,108,8,8
12327023001,4923,1,6,3,3
61063005003,4924,1,108,7,7
11103147001,4925,1,21,3,3
61064012003,4926,1,108,5,5
61064105002,4927,1,132,7,7
11103130001,4928,1,8,3,3
11102043001,4929,1,12,2,2
61064195003,4930,1,132,5,5
12201072001,4931,1,33,17,17
11074047001,4932,1,100,3,3
12201053001,4933,1,39,3,3
12000163001,4934,1,30,3,3
14011035001,4935,1,30,19,19
12000247001,4936,1,42,2,2
35300010001,4937,1,30,5,5
12123023001,4938,1,69,7,7
12000232001,4939,1,24,2,2
12123070001,4940,1,54,5,5
14506071001,4941,1,12,2,2
12123084001,4942,1,16,2,2
14616044001,4943,1,36,5,5
12123098001,4944,1,36,4,4
10002899001,4945,1,96,26,26
12000200001,4946,1,48,4,4
12000194001,4947,1,84,2,2
11072902001,4948,1,24,10,10
14616020001,4949,1,84,2,2
11072905001,4950,1,24,3,3
11073002001,4951,1,24,4,4
12000265001,4952,1,30,4,4
11072017001,4953,1,12,3,3
11072011001,4954,1,24,17,17
14013963001,4955,1,12,3,3
12121029001,4956,1,24,15,15
12000445001,4957,1,24,2,2
11071016001,4958,1,48,2,2
12121060001,4959,1,83,5,5
12121062001,4960,1,48,3,3
12000411001,4961,1,48,2,2
11071899001,4962,1,24,2,2
14505088001,4963,1,45,2,2
12123001001,4964,1,12,5,5
11071911001,4965,1,48,2,2
14620061001,4966,1,36,10,10
12000349001,4967,1,48,3,3
10002924001,4968,1,96,3,3
12122036001,4969,1,36,5,5
12122041001,4970,1,48,11,11
34511051001,4971,1,8,3,3
12123133001,4972,1,24,5,5
12000150001,4973,1,24,5,5
12201046001,4974,1,33,29,29
35311004001,4975,1,48,2,2
12150039001,4976,1,36,2,2
12000047001,4977,1,48,3,3
12151073001,4978,1,36,2,2
12000042001,4979,1,30,2,2
12151088001,4980,1,12,2,2
12151089001,4981,1,12,2,2
12151091001,4982,1,12,2,2
11074022001,4983,1,36,7,7
14507202001,4984,1,24,3,3
14508022001,4985,1,24,4,4
14508918001,4986,1,48,7,7
41213013001,4987,1,2,2,2
12000018001,4988,1,45,3,3
14509009001,4989,1,20,3,3
11074033001,4990,1,80,4,4
12000005001,4991,1,45,2,2
12152062001,4992,1,48,13,13
14506488001,4993,1,12,3,3
41002005001,4994,1,12,3,3
14615057001,4995,1,24,3,3
12000103001,4996,1,24,3,3
14615896001,4997,1,6,2,2
12125003001,4998,1,154,6,6
11073900001,4999,1,120,3,3
12000135001,5000,1,36,2,2
11051037001,5001,1,84,10,10
14506254001,5002,1,12,2,2
12000115001,5003,1,36,3,3
12125023001,5004,1,120,2,2
12000069001,5005,1,36,3,3
12125028001,5006,1,96,2,2
11073905001,5007,1,48,2,2
14506323001,5008,1,12,3,3
12125030001,5009,1,128,5,5
12130007001,5010,1,6,3,3
12130029001,5011,1,6,5,5
12130071001,5012,2,8,6,3
12106101001,5013,1,12,2,2
31709944001,5014,1,72,4,4
32420014001,5015,1,120,2,2
12010153001,5016,1,84,3,3
14133928001,5017,1,18,3,3
31421022001,5018,1,72,2,2
12011192001,5019,1,48,4,4
12011191001,5020,1,30,2,2
12011186001,5021,1,24,2,2
14244074001,5022,1,36,3,3
14244911001,5023,1,36,4,4
12011161001,5024,1,36,2,2
31422019001,5025,1,48,4,4
14822116001,5026,1,72,4,4
31455016001,5027,1,444,4,4
10031021001,5028,1,120,9,9
31500008001,5029,1,60,3,3
14822095001,5030,1,60,2,2
10024900001,5031,1,120,32,32
10024006001,5032,1,96,9,9
10023998001,5033,1,12,3,3
12011116001,5034,1,24,2,2
11031901001,5035,1,12,2,2
12032121001,5036,1,264,3,3
12011103001,5037,1,30,3,3
11030204001,5038,1,132,2,2
12011220001,5039,1,12,3,3
12011226001,5040,1,24,4,4
12022093003,5041,1,120,2,2
12011330001,5042,1,24,2,2
12011305001,5043,1,24,2,2
31240002001,5044,1,48,5,5
14243069001,5045,1,60,33,33
14243110001,5046,1,36,4,4
31254899001,5047,1,180,5,5
10040017001,5048,1,24,13,13
11030179001,5049,1,72,2,2
31268003001,5050,1,384,3,3
12011273001,5051,1,12,2,2
12011228001,5052,1,12,3,3
10040001001,5053,2,24,17,9
12011249001,5054,1,24,3,3
12022153001,5055,1,60,4,4
12011241002,5056,1,24,2,2
12011240001,5057,1,30,2,2
12011239001,5058,1,36,3,3
10035052001,5059,1,96,26,26
12011233001,5060,1,24,2,2
12011231001,5061,1,32,3,3
14303038001,5062,1,24,2,2
12032227001,5063,1,192,2,2
11031911001,5064,1,36,6,6
12010229001,5065,1,80,2,2
12100056001,5066,1,96,4,4
14311008001,5067,1,24,9,9
11040023001,5068,1,24,3,3
31504001001,5069,1,10,7,7
14311030001,5070,1,24,2,2
11040027001,5071,1,24,5,5
12100078001,5072,1,120,3,3
12010263001,5073,1,24,2,2
11040062001,5074,1,24,7,7
12010201001,5075,1,48,5,5
14311002001,5076,1,64,8,8
12010196001,5077,1,60,2,2
12010193001,5078,1,40,3,3
14311234001,5079,1,24,2,2
12010178001,5080,1,36,3,3
14312008001,5081,1,60,2,2
12102030001,5082,1,120,2,2
12102033001,5083,1,96,3,3
31530043001,5084,1,240,3,3
12010170001,5085,1,72,3,3
12100055001,5086,1,264,2,2
12011034001,5087,1,24,3,3
12011088001,5088,1,27,2,2
11032006001,5089,1,12,7,7
12032543001,5090,1,168,3,3
12011080001,5091,1,12,3,3
12011076001,5092,1,12,5,5
10023104001,5093,1,10,4,4
10023079001,5094,1,6,4,4
12034085001,5095,1,78,9,9
10023064001,5096,1,18,3,3
12011057001,5097,1,48,2,2
12034088001,5098,1,138,9,9
12034095001,5099,1,36,4,4
14310127001,5100,1,24,2,2
14310003001,5101,1,40,4,4
14310011001,5102,1,28,2,2
11032031001,5103,1,48,11,11
12034154001,5104,1,558,2,2
14310030001,5105,1,12,3,3
14310054001,5106,1,40,3,3
12034211001,5107,1,20,2,2
12100008001,5108,1,96,3,3
11040004001,5109,1,36,7,7
14243031001,5110,1,20,2,2
31111007001,5111,1,444,3,3
11030079001,5112,1,36,5,5
12012969001,5113,1,132,2,2
12020089001,5114,1,120,2,2
14210064001,5115,1,36,2,2
12016061001,5116,1,132,2,2
12016027001,5117,1,96,4,4
14210061001,5118,1,48,7,7
14210047001,5119,1,36,3,3
11010015001,5120,1,12,2,2
11021018001,5121,1,24,9,9
14850123001,5122,1,4,3,3
14850060001,5123,2,2,2,1
14222137001,5124,1,24,3,3
11010012001,5125,1,12,2,2
12020211001,5126,1,72,2,2
12020217001,5127,1,72,6,6
11010002001,5128,1,24,3,3
12020220001,5129,1,48,7,7
11002007001,5130,1,108,2,2
14850012001,5131,1,72,11,11
10053903001,5132,1,72,9,9
12020246001,5133,1,72,2,2
12016079001,5134,1,216,2,2
11020010001,5135,1,36,9,9
12020266001,5136,1,72,3,3
12017018001,5137,1,56,2,2
14853048001,5138,1,120,33,33
14853039001,5139,1,144,7,7
14220155001,5140,1,80,3,3
12017040001,5141,1,36,3,3
12020046001,5142,1,111,2,2
14853002001,5143,1,162,58,58
14852899001,5144,1,96,9,9
12017019001,5145,1,56,3,3
14852898001,5146,1,96,9,9
12017017001,5147,1,56,2,2
14851098001,5148,1,10,2,2
14210899001,5149,1,6,3,3
14222045001,5150,1,120,9,9
14852019001,5151,1,288,52,52
12016114001,5152,1,192,4,4
14852016001,5153,1,288,13,13
14852015001,5154,1,96,13,13
14852011001,5155,1,96,9,9
12016099001,5156,1,144,3,3
14222119001,5157,1,90,3,3
12012120001,5158,1,42,3,3
12020271001,5159,1,72,3,3
12011339001,5160,1,24,2,2
12011362001,5161,1,27,4,4
12011391001,5162,1,48,2,2
12011390001,5163,1,60,2,2
12020960001,5164,1,90,5,5
12011388001,5165,1,48,6,6
14833001001,5166,1,36,6,6
14832948001,5167,1,40,3,3
12020961001,5168,1,48,3,3
12020964001,5169,1,48,4,4
12011366001,5170,1,48,2,2
30071051001,5171,1,32,3,3
14203033001,5172,1,24,2,2
30072058001,5173,1,10,3,3
14242165001,5174,1,12,3,3
30073068001,5175,1,24,4,4
30435004001,5176,1,1825,3,3
30450034001,5177,1,96,4,4
12021028001,5178,1,96,4,4
11030046001,5179,1,36,3,3
11030062001,5180,1,144,5,5
12011340001,5181,1,6,3,3
14242068001,5182,1,30,7,7
11023012001,5183,1,36,3,3
12012098001,5184,1,48,3,3
14204029001,5185,1,60,2,2
10052002001,5186,1,24,8,8
14204069001,5187,1,36,5,5
12012072001,5188,1,132,10,10
10051001001,5189,1,72,2,2
14226116001,5190,1,96,3,3
12012045001,5191,1,78,4,4
30000004001,5192,1,480,2,2
14240012001,5193,1,30,2,2
12020372001,5194,1,108,3,3
30001041001,5195,1,300,3,3
12020914001,5196,1,84,3,3
12011489001,5197,1,36,2,2
30002001001,5198,1,192,5,5
14241035001,5199,1,48,2,2
14203099001,5200,1,24,4,4
12020461001,5201,1,102,4,4
12011467001,5202,1,24,2,2
11022067001,5203,1,36,11,11
11022083001,5204,1,24,2,2
10041005001,5205,1,24,4,4
14111230001,5206,1,12,3,3
12032226001,5207,1,528,3,3
14602074001,5208,1,138,3,3
14351069001,5209,1,18,2,2
10014110001,5210,1,48,8,8
10014021001,5211,1,24,16,16
12105071001,5212,1,36,3,3
12004016001,5213,1,168,13,13
12005093002,5214,1,36,2,2
14351068001,5215,1,18,2,2
10014103001,5216,1,30,3,3
12003135001,5217,1,48,3,3
14352027001,5218,1,16,6,6
12103899001,5219,1,144,13,13
14634039001,5220,1,96,3,3
11050129002,5221,1,24,2,2
11050065001,5222,1,24,2,2
11050065003,5223,1,12,2,2
10014119001,5224,1,72,16,16
12003128001,5225,1,84,3,3
14332017001,5226,1,12,3,3
14342020001,5227,1,48,12,12
12106055001,5228,1,24,3,3
14632450001,5229,1,66,3,3
11051012001,5230,1,48,6,6
14633043001,5231,1,144,3,3
11050014001,5232,1,12,3,3
12106031001,5233,1,96,2,2
31912011001,5234,1,12,4,4
11051001001,5235,1,12,2,2
12103134001,5236,1,216,7,7
14742016001,5237,1,120,3,3
12106014001,5238,1,36,2,2
12106007001,5239,1,48,3,3
31835944001,5240,2,2,2,1
14633908001,5241,1,72,5,5
31602059001,5242,1,140,4,4
14361117001,5243,1,24,2,2
12005084006,5244,1,81,2,2
12105014001,5245,1,80,3,3
12005082004,5246,1,57,2,2
14360016001,5247,1,48,9,9
12105010001,5248,1,48,2,2
12005003004,5249,1,60,8,8
12105012001,5250,1,36,3,3
11050094001,5251,1,31,17,17
14721899001,5252,1,24,2,2
12104013001,5253,1,144,3,3
10014058001,5254,1,72,7,7
14361051001,5255,1,12,2,2
10014053001,5256,1,72,25,25
12105029001,5257,1,48,2,2
14710004001,5258,1,24,2,2
12005015007,5259,1,36,5,5
12105005001,5260,1,24,5,5
31821064001,5261,1,3,3,3
14730906001,5262,1,24,4,4
12102060001,5263,1,156,15,15
12104051001,5264,1,72,7,7
12005082011,5265,1,57,3,3
12005002005,5266,1,48,6,6
14353026001,5267,1,12,3,3
12005082016,5268,1,57,3,3
10014062001,5269,1,216,13,13
14104088002,5270,1,12,3,3
12005002003,5271,1,48,4,4
14353012001,5272,1,4,3,3
11050110002,5273,1,24,2,2
10014081001,5274,1,72,9,9
14700050001,5275,1,36,5,5
12004170001,5276,1,168,3,3
14802010001,5277,1,72,5,5
14710038001,5278,1,12,4,4
10020032001,5279,1,120,26,26
12103039001,5280,1,48,3,3
11051031001,5281,1,24,2,2
10020028001,5282,1,72,30,30
11043012001,5283,1,36,16,16
12102144001,5284,1,144,2,2
14411016001,5285,1,6,3,3
11041999004,5286,1,50,2,2
14403102001,5287,1,20,3,3
12103036001,5288,1,144,7,7
14315002001,5289,1,48,2,2
14110179001,5290,1,24,3,3
12010119001,5291,1,24,2,2
12003055001,5292,1,36,3,3
31533032001,5293,1,60,3,3
10022003001,5294,1,96,51,51
12010081001,5295,1,324,2,2
14330041001,5296,1,6,3,3
12103020001,5297,1,192,13,13
14321008001,5298,1,72,8,8
12102151001,5299,1,120,3,3
12102097001,5300,1,144,2,2
14332005001,5301,1,6,4,4
14313008001,5302,1,30,4,4
10016021001,5303,1,150,38,38
12010034001,5304,1,216,9,9
11043016002,5305,1,60,3,3
12103070001,5306,1,160,2,2
31563039001,5307,1,24,7,7
14411023001,5308,2,12,8,4
12102997001,5309,1,156,50,50
14313892001,5310,1,30,2,2
14804015001,5311,1,96,29,29
14412060001,5312,1,18,2,2
32420037001,5313,1,120,2,2
32504025004,5314,1,36,9,9
14602100001,5315,1,252,2,2
14833063001,5316,1,144,4,4
11010120001,5317,1,24,2,2
11021066001,5318,1,12,5,5
41512006001,5319,1,8,2,2
10041055001,5320,1,18,9,9
11022006001,5321,1,36,14,14
11101034001,5322,1,12,8,8
11050110001,5323,1,24,2,2
11021067001,5324,1,70,3,3
11021074001,5325,1,18,2,2
14621107001,5326,1,36,2,2
11022026001,5327,1,24,3,3
11051018001,5328,1,40,2,2
65090092001,5329,1,4,2,2
11022060001,5330,1,36,4,4
41417013001,5331,1,51,3,3
41420037001,5332,1,33,2,2
30045025001,5333,1,48,4,4
10014044001,5334,1,150,37,37
11051032001,5335,1,12,2,2
11050105001,5336,1,24,2,2
11100110001,5337,1,4,3,3
14853040001,5338,1,144,5,5
14701040001,5339,1,36,4,4
14611018001,5340,1,6,2,2
14602089001,5341,1,60,2,2
30045021001,5342,1,60,12,12
11101015001,5343,1,34,5,5
14853038001,5344,1,144,3,3
14701022001,5345,1,48,3,3
41420048001,5346,1,9,2,2
14602092001,5347,1,60,5,5
41421003001,5348,1,6,2,2
14853034001,5349,1,264,8,8
14853033001,5350,1,264,9,9
41511008001,5351,2,4,3,2
10041013001,5352,1,12,9,9
14853027001,5353,1,72,12,12
14854024001,5354,1,24,4,4
14632071001,5355,1,84,2,2
14840005001,5356,1,72,17,17
41531003001,5357,2,2,2,1
32421010001,5358,1,45,4,4
10041058001,5359,1,48,10,10
11010005001,5360,1,6,2,2
61037010002,5361,1,132,8,8
32470025001,5362,1,156,3,3
14710006001,5363,1,18,2,2
14850063001,5364,1,4,4,4
11103002001,5365,1,8,2,2
32431020001,5366,1,156,3,3
14851001001,5367,2,4,3,2
11010015002,5368,1,12,2,2
14632215001,5369,1,48,4,4
14851010001,5370,2,8,5,3
11010037001,5371,1,6,2,2
14851018001,5372,1,7,5,5
14632295001,5373,1,84,8,8
14633055001,5374,1,120,7,7
11021005001,5375,1,48,16,16
61064195002,5376,1,132,2,2
11020001001,5377,1,28,4,4
11021002001,5378,1,48,3,3
61080007002,5379,1,120,8,8
14632350001,5380,1,72,2,2
61080010002,5381,1,114,5,5
10013011001,5382,1,144,9,9
11010051001,5383,1,12,2,2
14604001001,5384,1,216,2,2
61080007004,5385,1,132,8,8
11050142001,5386,1,48,2,2
32430039001,5387,1,312,2,2
11050140002,5388,1,96,2,2
14631013001,5389,1,84,4,4
14602112001,5390,1,276,3,3
11102014001,5391,1,60,2,2
14700035001,5392,1,60,2,2
32421016001,5393,1,36,2,2
11021062001,5394,1,12,2,2
14604256001,5395,1,5,2,2
32424001001,5396,1,121,4,4
32504024001,5397,2,24,13,7
14604254001,5398,1,252,2,2
14852062001,5399,1,192,15,15
14852044001,5400,1,72,59,59
14602120001,5401,1,180,2,2
11010001001,5402,1,12,5,5
11103039001,5403,1,6,2,2
14854027001,5404,1,12,7,7
42301034001,5405,1,44,3,3
42613064001,5406,1,44,4,4
14603014001,5407,1,120,4,4
10052033001,5408,1,24,2,2
11050137001,5409,1,48,2,2
14631944001,5410,1,84,2,2
14634021001,5411,1,360,5,5
14632186001,5412,1,96,10,10
14632194001,5413,1,48,4,4
14604114001,5414,1,252,2,2
61062008001,5415,1,108,6,6
11041023001,5416,1,60,2,2
11023015001,5417,1,72,7,7
11074001001,5418,1,100,2,2
11051039001,5419,1,24,2,2
11074010001,5420,1,36,3,3
10015005001,5421,1,48,21,21
14615081001,5422,1,84,2,2
10016006001,5423,1,168,9,9
14615083001,5424,1,132,3,3
11050008001,5425,1,12,2,2
11074012001,5426,1,36,2,2
33271052001,5427,1,15,3,3
31556012001,5428,1,24,3,3
10020017001,5429,1,120,8,8
35751001001,5430,1,24,17,17
11073901001,5431,1,24,2,2
11043007001,5432,1,60,2,2
11031910002,5433,1,72,8,8
14801012001,5434,1,60,5,5
41212053001,5435,1,2,2,2
31462016001,5436,1,60,4,4
41110001001,5437,1,83,3,3
31423902001,5438,1,20,8,8
10014123001,5439,1,48,5,5
41101002001,5440,2,2,2,1
10031030001,5441,1,48,32,32
14741049001,5442,1,84,2,2
10002039001,5443,3,36,30,10
11050037001,5444,1,8,3,3
31567051001,5445,1,36,2,2
10031006001,5446,1,48,32,32
11071012001,5447,1,120,2,2
35752005001,5448,1,96,8,8
11071013001,5449,1,72,3,3
33120021001,5450,1,27,7,7
11032227001,5451,1,180,2,2
11042030001,5452,1,24,2,2
10023037001,5453,1,48,16,16
14616108001,5454,1,60,2,2
31504006001,5455,1,48,7,7
31530001001,5456,1,264,2,2
35131010001,5457,1,2,2,2
11041003001,5458,1,45,2,2
35300016001,5459,1,24,7,7
11041005002,5460,1,60,2,2
35300013001,5461,1,24,7,7
31502041001,5462,1,30,2,2
11041013001,5463,1,24,3,3
14616194001,5464,1,60,2,2
14620034001,5465,1,24,3,3
14616195001,5466,1,60,2,2
31530005001,5467,1,192,8,8
11041029001,5468,1,60,2,2
35131001001,5469,2,2,2,1
11040057001,5470,1,36,2,2
14616048001,5471,1,24,10,10
11072003001,5472,1,12,2,2
10020039001,5473,1,180,15,15
35302015001,5474,1,24,8,8
10020037001,5475,1,180,73,73
11042028001,5476,1,12,2,2
10023032001,5477,1,6,4,4
11040011001,5478,1,4,2,2
35307005001,5479,1,36,8,8
35307925001,5480,1,30,7,7
34101017001,5481,1,12,3,3
31502041002,5482,1,30,4,4
11040007001,5483,1,24,5,5
35310008001,5484,1,6,2,2
11073039001,5485,1,96,2,2
10033052001,5486,1,48,7,7
10033062001,5487,1,48,7,7
11030002001,5488,1,36,4,4
11030094001,5489,1,84,16,16
11030049002,5490,1,108,2,2
11076886001,5491,1,168,2,2
11050088001,5492,1,63,16,16
10010044001,5493,1,264,9,9
11030080001,5494,1,36,3,3
11070027001,5495,1,24,5,5
14602087001,5496,1,60,3,3
41401011001,5497,1,6,2,2
31227009001,5498,1,72,2,2
11030097001,5499,1,36,2,2
11030108001,5500,1,48,2,2
11030125001,5501,1,84,5,5
11050073002,5502,1,24,5,5
31707041001,5503,1,48,2,2
14621018001,5504,1,48,5,5
31567056001,5505,1,72,2,2
11050097001,5506,1,4,2,2
30045076001,5507,1,60,7,7
41401068001,5508,1,4,2,2
41401040001,5509,1,12,2,2
30061026001,5510,1,20,3,3
31761004001,5511,1,36,2,2
30071041001,5512,1,36,5,5
11030007001,5513,1,36,2,2
11030017001,5514,1,60,3,3
14621035001,5515,1,36,2,2
11030015001,5516,1,36,3,3
14612069001,5517,1,24,2,2
11076892001,5518,1,168,8,8
11062011001,5519,1,80,3,3
11076890001,5520,1,192,4,4
11050073001,5521,1,24,3,3
11050069001,5522,1,24,3,3
11075002001,5523,1,24,5,5
14620115001,5524,1,36,5,5
14741008001,5525,1,36,5,5
14615035001,5526,1,72,3,3
32523001001,5527,1,4,2,2
11050061001,5528,1,24,3,3
10035038001,5529,1,48,8,8
10035033001,5530,1,48,8,8
11031023001,5531,1,60,2,2
31258003001,5532,1,240,3,3
14822906001,5533,1,84,2,2
31421049001,5534,1,84,2,2
10034047001,5535,1,48,10,10
10034044001,5536,1,48,10,10
32600042001,5537,1,10,3,3
11074021001,5538,1,50,8,8
11030207001,5539,1,36,2,2
11070063001,5540,1,24,3,3
11070062001,5541,1,24,3,3
10035051001,5542,1,96,49,49
11074041001,5543,1,48,2,2
11070051001,5544,1,24,2,2
32514096001,5545,1,385,3,3
31580049003,5546,1,4,3,3
11030198002,5547,1,36,2,2
31273002001,5548,1,24,7,7
31271003001,5549,1,30,5,5
32511050001,5550,2,20,14,7
11074059002,5551,1,72,2,2
11074060004,5552,1,100,7,7
31267002001,5553,1,312,8,8
31258006001,5554,1,144,3,3
41331023001,5555,2,2,2,1
14000025001,5556,1,20,3,3
12011999001,5557,1,48,2,2
12102113001,5558,1,40,2,2
12005093010,5559,1,36,2,2
12005107001,5560,1,36,5,5
12102118001,5561,1,144,3,3
12005108002,5562,1,36,4,4
12005108003,5563,1,36,8,8
14343012001,5564,1,20,2,2
12102047001,5565,1,24,3,3
12010023001,5566,1,216,9,9
12006048001,5567,1,900,2,2
14341102001,5568,1,84,2,2
12102046001,5569,1,120,2,2
12102022001,5570,1,144,2,2
12102021001,5571,1,144,4,4
12102122001,5572,1,120,3,3
12102133002,5573,1,24,2,2
12005087003,5574,1,36,2,2
12005087001,5575,1,36,2,2
14353003001,5576,2,12,7,4
12102146001,5577,1,132,2,2
12005082010,5578,1,57,3,3
12005082006,5579,1,57,3,3
12005082002,5580,1,57,2,2
14110271001,5581,1,5,2,2
12103049001,5582,1,181,5,5
14360087001,5583,1,24,2,2
12005056003,5584,1,120,4,4
14110074001,5585,1,428,4,4
12010008001,5586,1,70,3,3
14331025001,5587,1,12,4,4
12103052001,5588,1,180,4,4
14311031001,5589,1,24,2,2
12034036001,5590,1,552,4,4
12034035001,5591,1,456,2,2
12010999001,5592,1,70,2,2
14311034001,5593,1,20,2,2
12034025001,5594,1,72,4,4
12034001001,5595,1,24,4,4
12032540001,5596,1,684,2,2
12101009001,5597,1,156,2,2
12032224001,5598,1,192,2,2
12011025001,5599,1,36,9,9
14310999001,5600,1,18,3,3
14310128001,5601,1,24,8,8
14310049001,5602,1,24,2,2
12010243001,5603,1,48,2,2
14311115001,5604,1,24,2,2
14311117001,5605,1,24,3,3
12034071001,5606,1,120,3,3
12034086001,5607,1,78,14,14
12034100001,5608,1,96,3,3
12010176001,5609,1,80,3,3
12010161001,5610,1,252,5,5
12010149001,5611,1,72,3,3
12010135001,5612,1,60,3,3
12010121001,5613,1,24,3,3
14330006001,5614,1,6,2,2
12100061001,5615,1,96,4,4
12010085001,5616,1,70,2,2
12010072001,5617,1,324,2,2
12010062001,5618,1,216,12,12
12005019008,5619,1,48,3,3
12103053001,5620,1,144,4,4
14310004001,5621,1,12,2,2
12105032001,5622,1,42,2,2
12106002001,5623,1,216,2,2
12105061001,5624,1,216,2,2
12105046001,5625,1,48,2,2
12105037001,5626,1,18,8,8
12003015001,5627,1,40,4,4
12003038001,5628,1,51,2,2
14413999001,5629,1,12,4,4
12003069001,5630,1,48,5,5
14413010001,5631,1,12,3,3
14103058001,5632,1,48,2,2
14370999001,5633,1,12,5,5
12105023001,5634,1,48,2,2
14370044001,5635,1,80,3,3
12003013001,5636,1,36,3,3
12106003001,5637,1,24,2,2
12002160001,5638,1,36,3,3
12106027001,5639,1,144,14,14
12002118001,5640,1,12,2,2
14100031001,5641,1,48,2,2
12002093001,5642,1,18,3,3
12106040001,5643,1,360,4,4
12002089001,5644,1,48,2,2
12002084001,5645,1,30,2,2
12002068001,5646,1,32,2,2
12002050001,5647,1,24,2,2
12002040001,5648,1,24,2,2
12002037001,5649,1,24,2,2
12106088001,5650,1,54,3,3
12106089001,5651,1,12,4,4
12003072001,5652,1,45,2,2
12005019006,5653,1,60,3,3
12103098001,5654,1,144,5,5
12004020001,5655,1,168,12,12
12004036001,5656,1,108,4,4
12103174001,5657,1,216,7,7
12103155001,5658,1,144,4,4
12103132001,5659,1,96,6,6
12005009007,5660,1,48,2,2
12103072001,5661,1,288,3,3
12003082001,5662,1,36,2,2
12005015010,5663,1,36,2,2
12005019001,5664,1,48,3,3
12103069001,5665,1,120,3,3
12005019002,5666,1,60,2,2
12005019003,5667,1,60,2,2
14361011001,5668,1,24,3,3
12003911001,5669,1,48,2,2
12003147001,5670,1,90,2,2
12104015001,5671,1,216,7,7
12104027002,5672,1,120,7,7
12104032001,5673,1,227,2,2
12003125001,5674,1,84,4,4
12003123001,5675,1,48,2,2
12003120001,5676,1,90,2,2
12003115001,5677,1,36,2,2
12003113001,5678,1,36,2,2
12003111001,5679,1,102,3,3
12003104001,5680,1,36,2,2
14364197001,5681,1,12,2,2
14364198001,5682,1,12,2,2
12104042001,5683,1,144,4,4
12104900001,5684,1,216,7,7
12003086001,5685,1,126,7,7
14310037001,5686,1,36,2,2
12030741001,5687,1,1000,2,2
12002026001,5688,1,36,2,2
14222219001,5689,1,12,3,3
12016023001,5690,1,498,2,2
12016042001,5691,1,216,2,2
12016045001,5692,1,204,2,2
12016056001,5693,1,150,4,4
12020384001,5694,1,84,3,3
14204030001,5695,1,60,2,2
12016078001,5696,1,216,2,2
12016106001,5697,1,216,8,8
14222123001,5698,1,90,4,4
14222122001,5699,1,90,2,2
12020362001,5700,1,84,4,4
14222120001,5701,1,90,14,14
12016085001,5702,1,210,4,4
12016091001,5703,1,132,2,2
12016016001,5704,1,216,2,2
12016005001,5705,1,144,3,3
12014032001,5706,1,72,2,2
14204013001,5707,1,150,8,8
12020416001,5708,1,168,4,4
12020420001,5709,1,60,4,4
12020434001,5710,1,63,3,3
12020458001,5711,1,120,2,2
12020501001,5712,1,144,3,3
12013033001,5713,1,12,4,4
12012985001,5714,1,96,3,3
12012984001,5715,1,96,2,2
12020925001,5716,1,84,4,4
12020926001,5717,1,84,13,13
12012928001,5718,1,108,2,2
12012170001,5719,1,36,2,2
12016112001,5720,1,168,4,4
12020966001,5721,1,48,4,4
12020242001,5722,1,96,4,4
12020261001,5723,1,96,4,4
12020253001,5724,1,48,4,4
12020051001,5725,1,72,3,3
14204101001,5726,1,60,2,2
14204102001,5727,1,60,2,2
12020128001,5728,1,102,5,5
12020237001,5729,1,72,3,3
12016130001,5730,1,168,5,5
12020132001,5731,1,108,5,5
12020147001,5732,1,84,8,8
12020161001,5733,1,126,4,4
12020164001,5734,1,60,13,13
12020175001,5735,1,72,9,9
12020221001,5736,1,48,4,4
12020282001,5737,1,24,2,2
12020045001,5738,1,111,2,2
12020026001,5739,1,84,4,4
12020025001,5740,1,96,4,4
12020019001,5741,1,72,5,5
12020009001,5742,1,120,2,2
12020005003,5743,1,60,5,5
14220110001,5744,1,594,112,112
12020005002,5745,1,60,4,4
12020005001,5746,1,60,5,5
14222006001,5747,1,60,2,2
12020323001,5748,1,126,2,2
12017015001,5749,1,12,3,3
14222036001,5750,1,90,3,3
12020327001,5751,1,72,2,2
12016139001,5752,1,144,3,3
12016131001,5753,1,168,2,2
12020965001,5754,1,48,4,4
12012069001,5755,1,66,4,4
12030086001,5756,1,190,4,4
14244047001,5757,1,30,3,3
12023227001,5758,1,204,4,4
12011177001,5759,1,24,2,2
12011182001,5760,1,48,7,7
12023167001,5761,1,60,4,4
12011207001,5762,1,96,2,2
12011212001,5763,1,32,2,2
12022171001,5764,1,108,4,4
12011247001,5765,1,36,3,3
12023071001,5766,1,264,2,2
12023067001,5767,1,264,2,2
12022184001,5768,1,48,2,2
14243111001,5769,1,36,3,3
14243109001,5770,1,36,2,2
12011174001,5771,1,36,3,3
14244930001,5772,1,36,2,2
12011134001,5773,1,60,2,2
12011131001,5774,1,12,2,2
12011126001,5775,1,24,5,5
12023279001,5776,1,36,4,4
14303008001,5777,1,30,5,5
12023310001,5778,1,36,4,4
12011110001,5779,1,12,5,5
12011101001,5780,1,12,3,3
12011097001,5781,1,36,4,4
12023463001,5782,1,150,2,2
14304015001,5783,1,24,2,2
12023995001,5784,1,36,16,16
12011061001,5785,1,24,2,2
14304128001,5786,1,24,10,10
12022177001,5787,1,222,2,2
12011300001,5788,1,20,4,4
12020969001,5789,1,108,2,2
12021923001,5790,1,120,28,28
12011453001,5791,1,30,5,5
12011466001,5792,1,24,2,2
14241044001,5793,1,48,3,3
12021994001,5794,1,120,3,3
14241043001,5795,1,48,3,3
14241038001,5796,1,48,5,5
12021094001,5797,1,138,2,2
12011311001,5798,1,24,3,3
12011482001,5799,1,24,2,2
14241025001,5800,1,60,5,5
12012001001,5801,1,48,2,2
12021036001,5802,1,96,3,3
12021022001,5803,1,81,2,2
12012014001,5804,1,72,3,3
12011451001,5805,1,12,2,2
12011433001,5806,1,48,3,3
12011422001,5807,1,36,4,4
12011417001,5808,1,24,3,3
12011395001,5809,1,96,2,2
12011389001,5810,1,60,2,2
12022034001,5811,1,56,2,2
12011386001,5812,1,42,3,3
12022043002,5813,1,108,2,2
12011385001,5814,1,24,2,2
12022064001,5815,1,420,2,2
14242210001,5816,1,80,5,5
12011345001,5817,1,36,2,2
14243021001,5818,1,72,4,4
12022162001,5819,1,168,4,4
12011322001,5820,1,24,2,2
12106091001,5821,1,48,3,3
12005015002,5822,1,48,5,5
12020222001,5823,1,84,28,28
12151012001,5824,1,120,23,23
11103148001,5825,1,8,3,3
11103155001,5826,1,4,2,2
11103182001,5827,1,18,4,4
14011045001,5828,1,50,2,2
14011046001,5829,1,75,2,2
12000242001,5830,1,24,3,3
12000262001,5831,1,24,4,4
11103203001,5832,1,16,3,3
12000157001,5833,1,36,4,4
12000430001,5834,1,40,2,2
12325047001,5835,1,30,2,2
14505043001,5836,1,60,8,8
11103206001,5837,1,12,2,2
12324139001,5838,1,60,2,2
12233035001,5839,2,4,3,2
12000432001,5840,1,78,2,2
12212010001,5841,1,180,24,24
12326090001,5842,1,54,2,2
12327002001,5843,1,6,3,3
11103105001,5844,1,11,9,9
12120046001,5845,1,48,3,3
12320030001,5846,1,60,2,2
12001007001,5847,1,24,2,2
12001006001,5848,1,36,3,3
14506642001,5849,1,24,3,3
11103380001,5850,1,24,2,2
14506392001,5851,1,12,2,2
12000497001,5852,1,30,2,2
11103301002,5853,1,6,3,3
12326167001,5854,1,54,6,6
11103127001,5855,1,8,2,2
11103128001,5856,1,12,8,8
14021104001,5857,1,12,2,2
12122051001,5858,1,36,3,3
11103301001,5859,1,6,2,2
11103099001,5860,1,6,3,3
12000080001,5861,1,36,2,2
12121007001,5862,1,48,13,13
12323010001,5863,1,54,2,2
12121014001,5864,1,18,3,3
12121039001,5865,1,48,2,2
11103281001,5866,1,18,4,4
12121081001,5867,1,48,8,8
14506328001,5868,1,36,2,2
12123130001,5869,1,18,2,2
12000146001,5870,1,24,2,2
12130089001,5871,1,6,4,4
12122024001,5872,1,72,2,2
12123134001,5873,1,36,8,8
12000282001,5874,1,36,7,7
12125015001,5875,1,444,4,4
12125013001,5876,1,120,3,3
11103256001,5877,1,4,3,3
11103249001,5878,1,4,3,3
11103248001,5879,1,4,2,2
14510184001,5880,1,13,6,6
12122038001,5881,1,18,7,7
12000425001,5882,1,48,2,2
12150027001,5883,1,72,7,7
12000400001,5884,1,30,2,2
12150006001,5885,1,36,2,2
12323109001,5886,1,24,2,2
12000373001,5887,1,36,2,2
14505973001,5888,1,72,7,7
14506330001,5889,1,48,7,7
14020978001,5890,1,42,41,41
12000343001,5891,1,27,5,5
11110033001,5892,1,16,4,4
14505926001,5893,1,16,2,2
12150001001,5894,1,36,2,2
12327004001,5895,1,12,3,3
14504050001,5896,1,90,12,12
11103092001,5897,2,12,8,4
12001088001,5898,1,48,2,2
11112038001,5899,1,42,2,2
14003070001,5900,1,8,2,2
12110074001,5901,1,36,2,2
12302044001,5902,1,132,2,2
14602052001,5903,1,174,2,2
14602045001,5904,1,252,3,3
12327086001,5905,1,36,9,9
12000204001,5906,1,84,2,2
12327085001,5907,1,6,3,3
14023036001,5908,1,36,4,4
12111014001,5909,1,384,2,2
11103065001,5910,1,6,3,3
11103350001,5911,1,6,2,2
11103071001,5912,1,5,2,2
12001017001,5913,1,84,2,2
12344037001,5914,1,230,4,4
11103313001,5915,1,24,5,5
12001067001,5916,1,108,3,3
12110059001,5917,1,84,3,3
14602075001,5918,1,252,2,2
14501940001,5919,1,5,2,2
12123106001,5920,1,12,11,11
12106112001,5921,1,144,7,7
12106113001,5922,1,216,5,5
12001119001,5923,1,48,4,4
12123108001,5924,1,24,4,4
12152005001,5925,1,192,2,2
12000183001,5926,1,48,2,2
12110003001,5927,1,114,2,2
12001113001,5928,1,36,2,2
14000020001,5929,1,9,2,2
12110016001,5930,1,96,4,4
12000193001,5931,1,24,2,2
12110058001,5932,1,90,2,2
11103073001,5933,1,5,2,2
14602030001,5934,1,252,2,2
14002052001,5935,1,24,3,3
12201097001,5936,1,33,26,26
12120041001,5937,1,15,4,4
11103086002,5938,2,12,8,4
12120031001,5939,1,72,16,16
14510202001,5940,1,16,2,2
12120011001,5941,1,120,31,31
12001028001,5942,1,36,2,2
12001050001,5943,1,18,2,2
12120005001,5944,1,24,8,8
12000036001,5945,1,24,3,3
12000032001,5946,1,84,2,2
12123094001,5947,1,40,5,5
14510225001,5948,1,13,8,8
11111023001,5949,1,24,3,3
12122026001,5950,1,24,11,11
14509002001,5951,1,20,2,2
12001063001,5952,1,36,2,2
11112002001,5953,1,4,2,2
12001064001,5954,1,96,2,2
12327063001,5955,1,5,2,2
12000206001,5956,1,45,3,3
12001055001,5957,1,90,4,4
12000007001,5958,1,27,2,2
12123099001,5959,1,40,21,21
11103079001,5960,1,4,3,3
12001061001,5961,1,42,2,2
12022265001,5962,1,156,7,7
12023011001,5963,1,264,14,14
12201096001,5964,1,33,26,26
12201061001,5965,1,33,17,17
12201006001,5966,1,33,30,30
14002006001,5967,2,24,17,9
12021993001,5968,1,156,8,8
15023038001,5969,1,72,30,30
10041069001,5970,1,24,17,17
12327018001,5971,1,96,30,30
61063005002,5972,1,108,8,8
10041036001,5973,1,48,30,30
12327028001,5974,1,96,30,30
15022014001,5975,1,216,30,30
15022020001,5976,1,96,37,37
15023036001,5977,1,72,30,30
10041087001,5978,1,48,30,30
10040072001,5979,1,48,30,30
10040069001,5980,1,48,30,30
10041014001,5981,1,48,30,30
10040078001,5982,1,40,26,26
30045078002,5983,1,60,14,14
30045079001,5984,1,60,7,7
12023202001,5985,1,48,12,12
10040089001,5986,1,40,26,26
10040080001,5987,1,40,26,26
10020093001,5988,1,72,30,30
10014112001,5989,1,36,17,17
12103154001,5990,1,192,12,12
10020029001,5991,1,120,9,9
12103003001,5992,1,216,17,17
10010001001,5993,1,126,9,9
12122017001,5994,1,36,9,9
10010023001,5995,1,264,9,9
12103083001,5996,1,144,17,17
32517009001,5997,1,15,8,8
12120087001,5998,1,72,7,7
10020006001,5999,1,120,9,9
10016018001,6000,1,48,30,30
12103081001,6001,1,144,44,44
10014075001,6002,1,96,9,9
32510002001,6003,1,72,9,9
12111034001,6004,1,270,7,7
10014027001,6005,1,96,30,30
10014001001,6006,1,264,9,9
10014043001,6007,1,48,17,17
10014069001,6008,1,144,9,9
12120043001,6009,1,41,7,7
31707941001,6010,1,120,7,7
12105019001,6011,1,36,7,7
10014055001,6012,1,48,30,30
10014046001,6013,1,36,17,17
10020102001,6014,1,48,7,7
10023087001,6015,1,24,7,7
14010039001,6016,1,45,20,20
10032005001,6017,1,120,9,9
12023273001,6018,1,290,8,8
12023330001,6019,1,36,7,7
10031909001,6020,1,48,30,30
12102108001,6021,1,120,9,9
10023004001,6022,1,96,9,9
12123021001,6023,1,28,12,12
35301020001,6024,1,24,7,7
14111053001,6025,2,48,30,15
31531171001,6026,1,60,14,14
10002911001,6027,1,96,9,9
35301023001,6028,1,30,9,9
12101001002,6029,1,180,9,9
12123105001,6030,1,12,9,9
11070046001,6031,1,48,9,9
11070042001,6032,1,24,9,9
11070040001,6033,1,24,9,9
11070019001,6034,1,48,9,9
11070006001,6035,1,72,7,7
14502044001,6036,1,90,8,8
12001078001,6037,1,42,7,7
14620124001,6038,1,24,8,8
14620022001,6039,1,48,7,7
14506025001,6040,1,90,8,8
14505102001,6041,1,60,14,14
14632356001,6042,1,360,7,7
14362033001,6043,1,24,17,17
12003003001,6044,1,72,7,7
14616075001,6045,1,24,8,8
11101009001,6046,1,12,9,9
11103361001,6047,1,16,8,8
11076926001,6048,1,144,8,8
11110031002,6049,1,32,7,7
14602013001,6050,1,216,24,24
11103032003,6051,2,12,7,4
11103187001,6052,1,12,9,9
11110032001,6053,2,12,7,4
14616053001,6054,1,24,7,7
14506122001,6055,1,32,7,7
11076004001,6056,1,24,17,17
11074060003,6057,1,100,9,9
11074060002,6058,1,100,9,9
14509035001,6059,1,60,33,33
14509021001,6060,1,60,22,22
14242169001,6061,1,20,17,17
14242137001,6062,1,16,7,7
12011487001,6063,1,12,12,12
11031002001,6064,1,48,8,8
14243076001,6065,1,36,8,8
14244077001,6066,2,16,9,5
14852006001,6067,1,96,9,9
14222009001,6068,1,80,14,14
14852904001,6069,1,48,30,30
12020021001,6070,1,108,14,14
14853069001,6071,1,40,7,7
12016009001,6072,1,72,9,9
12005107003,6073,1,36,9,9
14342012001,6074,1,72,9,9
12010058001,6075,1,216,13,13
12004188001,6076,1,84,8,8
14720003001,6077,1,80,9,9
14721019001,6078,1,126,7,7
14721033001,6079,1,48,8,8
14331021001,6080,2,12,7,4
12011009001,6081,1,96,12,12
14311015001,6082,1,20,7,7
11032229001,6083,1,24,14,14
12010097001,6084,1,180,10,10
14320006001,6085,2,24,17,9
12010140001,6086,1,300,9,9
14805902001,6087,1,96,9,9
12010249001,6088,1,270,9,9
12010261001,6089,1,165,9,9
