pod_id,item_id,qty,order_id,processed_time,task_type,trigger,opp_score
263,396,10,-14,55,1,,
347,286,12,-59,72,1,,
191,125,4,-91,82,1,,
191,46,5,-2,82,1,,
191,46,6,-53,82,1,,
191,7,6,-53,82,1,,
191,1546,12,-37,82,1,,
25,147,3,-81,85,1,,
25,147,12,-99,85,1,,
25,58,2,-33,85,1,,
25,58,10,-99,85,1,,
112,306,10,-14,95,1,,
283,50,4,-81,109,1,,
283,8,3,-34,109,1,,
283,8,10,-67,109,1,,
295,337,4,-49,109,1,,
295,50,6,-37,109,1,,
295,699,10,-2,109,1,,
172,1170,11,-14,112,1,,
75,191,8,-47,131,1,,
75,92,7,-20,131,1,,
105,368,12,-83,131,1,,
69,20,1,-80,149,1,,
69,782,10,-14,149,1,,
192,7,1,-47,152,1,,
192,493,5,-34,152,1,,
192,493,8,-20,152,1,,
43,1,7,-53,154,1,,
43,1,10,-49,154,1,,
43,1,7,-58,154,1,,
43,35,11,-18,154,1,,
222,265,9,-14,175,1,,
367,230,3,-81,179,1,,
367,230,11,-20,179,1,,
367,14,5,-20,179,1,,
275,680,8,-80,187,1,,
146,4,7,-49,199,1,,
146,4,8,-53,199,1,,
146,123,11,-53,199,1,,
146,253,8,-49,199,1,,
320,54,8,-80,207,1,,
42,442,8,-50,218,1,,
162,5,2,-47,227,1,,
162,5,10,-67,227,1,,
162,5,12,-81,227,1,,
162,44,2,-47,227,1,,
162,27,4,-20,227,1,,
162,27,6,-34,227,1,,
306,52,7,-80,245,1,,
256,332,7,-67,246,1,,
256,48,6,-67,246,1,,
106,39,5,-20,265,1,,
106,245,7,-20,265,1,,
64,1,2,-18,267,1,,
64,1,5,-91,267,1,,
64,1,6,-2,267,1,,
64,1,8,-30,267,1,,
64,1,3,-53,267,1,,
64,302,8,-91,267,1,,
64,190,5,-37,267,1,,
64,190,10,-18,267,1,,
64,150,6,-18,267,1,,
330,55,12,-20,284,1,,
167,72,8,-81,298,1,,
81,794,6,-51,299,1,,
81,2,8,3,299,1,,
300,51,12,-49,303,1,,
300,108,4,-37,303,1,,
300,108,3,-18,303,1,,
300,704,8,-18,303,1,,
77,547,8,-45,311,1,,
139,822,10,-20,314,1,,
226,216,5,-80,319,1,,
184,489,7,-81,327,1,,
19,119,1,-49,328,1,,
19,119,5,-53,328,1,,
19,146,3,-53,328,1,,
19,522,8,-2,328,1,,
78,192,7,-99,340,1,,
358,140,3,-14,348,1,,
190,862,6,-20,351,1,,
206,164,10,-91,351,1,,
206,102,6,-18,351,1,,
65,150,10,-5,370,1,,
170,1168,1,-75,373,1,,
235,78,7,-91,374,1,,
235,168,8,-18,374,1,,
47,188,2,-51,378,1,,
228,103,2,-54,383,1,,
228,103,4,-67,383,1,,
0,56,5,-9,392,1,,
334,136,8,-91,395,1,,
334,29,6,-53,395,1,,
194,74,3,-99,415,1,,
194,101,4,-100,415,1,,
194,125,4,-52,415,1,,
353,226,4,-91,416,1,,
353,421,10,-18,416,1,,
272,171,4,-81,422,1,,
20,433,4,-20,429,1,,
166,125,3,-52,435,1,,
337,30,5,-53,436,1,,
337,1321,8,-2,436,1,,
222,215,4,-99,446,1,,
222,77,4,-100,446,1,,
325,417,4,-82,454,1,,
171,157,12,-8,455,1,,
29,1,5,-58,456,1,,
29,58,8,-49,456,1,,
204,630,3,-81,473,1,,
185,125,4,-91,474,1,,
185,857,8,-53,474,1,,
303,954,3,-81,481,1,,
269,170,2,-49,491,1,,
269,676,8,-49,491,1,,
279,278,4,-37,506,1,,
279,938,5,-37,506,1,,
104,39,3,-20,508,1,,
2,0,9,-79,515,1,,
15,1029,8,-2,520,1,,
1,15,8,7,527,1,,
86,552,2,-20,529,1,,
274,934,7,-53,532,1,,
43,35,10,-15,541,1,,
167,203,3,-49,545,1,,
167,125,4,-18,545,1,,
184,161,3,-15,547,1,,
177,159,3,-37,558,1,,
177,125,4,-18,558,1,,
3,32,8,-4,559,1,,
99,22,9,-17,564,1,,
4,0,8,12,570,1,,
33,59,4,-95,577,1,,
224,166,10,-17,578,1,,
128,67,6,-58,583,1,,
32,120,10,-36,602,1,,
58,540,5,-58,603,1,,
10,16,6,-37,624,1,,
205,28,8,-73,626,1,,
205,75,12,-73,626,1,,
298,51,10,-1,641,1,,
30,184,9,-7,644,1,,
168,125,2,-18,646,1,,
203,47,4,-7,651,1,,
297,108,4,-18,656,1,,
135,67,11,-73,665,1,,
135,818,7,2,665,1,,
348,225,3,-49,676,1,,
290,694,8,-17,679,1,,
256,664,3,-53,682,1,,
25,87,1,-86,688,1,,
296,108,7,-64,691,1,,
225,129,6,-73,715,1,,
225,47,10,2,715,1,,
11,117,7,-96,718,1,,
105,1106,1,-2,722,1,,
131,4,6,-48,726,1,,
54,538,2,-30,733,1,,
36,88,7,-93,735,1,,
36,34,1,-93,735,1,,
12,117,7,-73,739,1,,
13,17,8,-93,746,1,,
75,38,10,-85,755,1,,
138,585,6,-61,756,1,,
359,14,9,-57,769,1,,
306,176,8,-85,769,1,,
90,1093,2,-49,775,1,,
363,141,6,-93,778,1,,
140,585,2,-61,791,1,,
140,26,7,-38,791,1,,
202,211,5,-85,794,1,,
276,936,1,-49,796,1,,
14,346,4,-57,802,1,,
14,85,4,-69,802,1,,
136,26,12,-43,819,1,,
87,241,8,-98,822,1,,
15,85,4,-61,828,1,,
15,117,2,-56,828,1,,
344,138,4,-11,830,1,,
85,193,9,27,835,1,,
343,12,4,-48,837,1,,
275,105,1,-22,838,1,,
0,85,4,-69,841,1,,
128,25,6,0,847,1,,
107,39,4,5,847,1,,
196,627,3,-85,857,1,,
274,105,8,-22,866,1,,
171,204,4,0,876,1,,
230,268,10,17,885,1,,
109,95,5,-76,892,1,,
1,85,4,-61,904,1,,
318,221,6,-46,905,1,,
318,178,9,-46,905,1,,
290,1278,4,9,908,1,,
269,275,8,26,917,1,,
132,4,9,17,921,1,,
64,37,4,-87,921,1,,
64,447,5,-87,921,1,,
172,45,5,17,929,1,,
82,63,10,-46,931,1,,
2,15,6,28,941,1,,
173,204,1,0,941,1,,
173,609,4,-87,941,1,,
173,157,10,-87,941,1,,
197,627,4,-69,948,1,,
367,1007,7,-87,953,1,,
103,452,10,-13,959,1,,
103,38,12,-13,959,1,,
323,969,3,-56,960,1,,
180,7,8,-87,965,1,,
301,1286,8,-46,971,1,,
319,178,8,-13,993,1,,
319,84,8,29,993,1,,
61,190,6,-21,998,1,,
181,73,5,-25,1021,1,,
181,100,7,-72,1021,1,,
174,260,10,-55,1024,1,,
92,194,8,-13,1027,1,,
129,40,6,-25,1030,1,,
364,113,9,-72,1043,1,,
155,838,8,-55,1044,1,,
358,140,7,4,1045,1,,
358,181,1,4,1045,1,,
358,13,5,4,1045,1,,
133,250,4,-25,1050,1,,
136,372,6,-21,1054,1,,
39,19,2,-25,1055,1,,
297,108,3,-64,1059,1,,
350,111,5,-13,1063,1,,
350,994,8,-24,1063,1,,
0,56,8,33,1066,1,,
154,124,4,-88,1068,1,,
299,108,7,25,1083,1,,
299,51,8,-24,1083,1,,
156,593,8,-71,1086,1,,
88,64,8,4,1094,1,,
345,181,1,-21,1099,1,,
345,139,8,-71,1099,1,,
360,14,8,-46,1106,1,,
228,324,1,8,1109,1,,
5,0,2,4,1116,1,,
5,181,1,4,1116,1,,
5,294,4,-77,1116,1,,
27,148,4,-26,1120,1,,
27,33,6,-26,1120,1,,
265,335,7,-24,1127,1,,
224,77,5,30,1135,1,,
225,28,4,-70,1147,1,,
225,129,5,-70,1147,1,,
132,96,6,-26,1152,1,,
132,580,6,-26,1152,1,,
128,40,9,-62,1160,1,,
42,187,6,-13,1168,1,,
124,95,1,-76,1170,1,,
124,66,12,-41,1170,1,,
277,49,9,-62,1176,1,,
277,7,2,35,1176,1,,
206,506,10,24,1182,1,,
29,1,6,35,1185,1,,
367,181,1,-21,1187,1,,
367,1349,12,-21,1187,1,,
209,635,6,4,1191,1,,
223,322,6,-24,1200,1,,
148,69,8,-70,1202,1,,
129,25,1,35,1206,1,,
294,221,2,-26,1208,1,,
294,279,5,-26,1208,1,,
294,174,8,-41,1208,1,,
75,152,5,4,1208,1,,
348,31,4,-62,1213,1,,
134,96,5,-41,1226,1,,
134,251,6,39,1226,1,,
278,49,6,-44,1247,1,,
358,228,6,13,1256,1,,
94,92,10,-41,1266,1,,
94,153,5,37,1266,1,,
94,243,4,37,1266,1,,
310,10,5,34,1271,1,,
28,148,2,-26,1280,1,,
28,18,8,-41,1280,1,,
349,111,1,-13,1283,1,,
349,31,2,-27,1283,1,,
349,181,1,4,1283,1,,
298,108,3,25,1288,1,,
39,19,8,-68,1296,1,,
39,1,12,-68,1296,1,,
39,88,2,-68,1296,1,,
104,452,2,-13,1296,1,,
104,22,3,-77,1296,1,,
188,101,2,-13,1301,1,,
247,1237,8,-71,1301,1,,
247,328,8,37,1301,1,,
43,762,3,34,1313,1,,
43,59,5,34,1313,1,,
30,1,2,34,1317,1,,
130,40,12,-68,1318,1,,
98,196,5,39,1326,1,,
98,154,2,37,1326,1,,
98,38,11,-23,1326,1,,
102,94,8,-68,1338,1,,
102,196,4,-68,1338,1,,
102,2,3,-68,1338,1,,
0,181,1,4,1349,1,,
12,181,1,-21,1351,1,,
12,0,9,37,1351,1,,
12,33,8,37,1351,1,,
21,235,5,13,1357,1,,
21,1034,9,-68,1357,1,,
131,4,1,-24,1366,1,,
113,39,4,-26,1370,1,,
113,3,8,37,1370,1,,
255,217,3,-68,1373,1,,
255,331,9,-68,1373,1,,
112,457,8,-68,1386,1,,
159,374,6,37,1391,1,,
159,5,8,37,1391,1,,
277,682,6,-78,1406,1,,
277,171,5,-68,1406,1,,
277,49,4,-97,1406,1,,
143,251,1,39,1413,1,,
143,826,9,37,1413,1,,
143,4,5,41,1413,1,,
86,360,8,6,1420,1,,
86,38,2,6,1420,1,,
79,2,11,41,1431,1,,
149,69,6,13,1437,1,,
149,200,6,-68,1437,1,,
203,264,4,-41,1450,1,,
203,1201,8,-23,1450,1,,
310,412,10,18,1454,1,,
3,15,6,47,1463,1,,
261,218,9,37,1465,1,,
334,281,6,32,1470,1,,
334,29,8,6,1470,1,,
334,224,10,6,1470,1,,
228,324,4,-71,1479,1,,
228,103,4,-23,1479,1,,
197,498,6,-68,1487,1,,
197,162,4,6,1487,1,,
189,46,9,-65,1489,1,,
189,381,11,46,1489,1,,
284,400,2,47,1494,1,,
179,160,2,-23,1495,1,,
179,160,8,-26,1495,1,,
326,1674,4,-68,1503,1,,
326,84,6,36,1503,1,,
297,1282,8,-71,1511,1,,
283,132,4,-65,1515,1,,
283,8,10,-65,1515,1,,
22,86,2,-12,1530,1,,
22,86,7,6,1530,1,,
6,57,6,-65,1534,1,,
6,0,6,-90,1534,1,,
238,79,9,6,1543,1,,
57,89,5,-65,1555,1,,
57,770,9,-65,1555,1,,
365,181,1,-21,1558,1,,
365,113,7,39,1558,1,,
281,172,8,-90,1576,1,,
281,106,6,46,1576,1,,
61,36,3,-26,1576,1,,
61,190,4,37,1576,1,,
273,678,4,6,1589,1,,
251,272,7,-23,1596,1,,
256,81,7,32,1605,1,,
336,181,1,-21,1606,1,,
336,137,6,-41,1606,1,,
63,150,6,32,1615,1,,
53,537,4,37,1619,1,,
75,38,6,46,1621,1,,
75,152,7,15,1621,1,,
75,1,12,15,1621,1,,
75,62,9,15,1621,1,,
234,104,4,-16,1632,1,,
54,36,8,49,1636,1,,
54,121,8,49,1636,1,,
155,593,1,-71,1642,1,,
155,99,4,-41,1642,1,,
370,114,8,-68,1648,1,,
235,104,4,-16,1649,1,,
11,57,1,-65,1651,1,,
11,57,2,46,1651,1,,
11,32,4,46,1651,1,,
11,520,4,15,1651,1,,
11,0,10,15,1651,1,,
236,168,8,-3,1659,1,,
277,49,4,37,1671,1,,
195,264,4,-3,1680,1,,
195,102,11,49,1680,1,,
205,7,6,15,1681,1,,
205,505,9,15,1681,1,,
205,873,7,44,1681,1,,
0,115,11,49,1695,1,,
305,9,4,37,1702,1,,
307,176,8,-65,1710,1,,
307,83,8,15,1710,1,,
307,52,4,15,1710,1,,
33,33,10,54,1724,1,,
33,59,8,54,1724,1,,
237,104,3,-16,1736,1,,
285,8,8,48,1738,1,,
285,82,1,44,1738,1,,
285,172,11,44,1738,1,,
158,124,1,58,1752,1,,
158,156,11,-63,1752,1,,
318,28,3,54,1756,1,,
318,110,12,52,1756,1,,
318,53,10,52,1756,1,,
162,598,2,-41,1764,1,,
162,124,6,58,1764,1,,
65,37,6,44,1776,1,,
65,37,12,-90,1776,1,,
65,61,10,-40,1776,1,,
129,3,10,52,1780,1,,
129,249,8,52,1780,1,,
25,87,3,-68,1794,1,,
25,0,7,52,1794,1,,
335,55,12,-90,1803,1,,
335,29,7,44,1803,1,,
163,44,10,55,1807,1,,
317,53,10,43,1808,1,,
286,336,7,-63,1818,1,,
130,25,11,56,1823,1,,
47,60,3,-63,1825,1,,
196,74,6,15,1828,1,,
196,28,5,-40,1828,1,,
196,102,6,-40,1828,1,,
230,78,9,52,1836,1,,
376,181,1,-21,1843,1,,
376,291,6,55,1843,1,,
128,25,10,46,1851,1,,
128,3,6,15,1851,1,,
330,181,1,-21,1858,1,,
330,110,1,-63,1858,1,,
136,97,8,54,1868,1,,
148,5,8,63,1869,1,,
151,590,6,46,1872,1,,
151,27,8,15,1872,1,,
1,181,1,-21,1873,1,,
59,149,3,54,1885,1,,
59,90,4,52,1885,1,,
374,290,8,15,1891,1,,
374,1356,4,44,1891,1,,
302,136,3,56,1905,1,,
302,1650,8,61,1905,1,,
343,84,6,-40,1907,1,,
343,138,4,-40,1907,1,,
105,39,5,54,1917,1,,
6,294,9,50,1922,1,,
131,4,9,61,1931,1,,
83,63,9,-40,1937,1,,
38,534,2,-97,1950,1,,
38,59,6,61,1950,1,,
95,243,5,-65,1957,1,,
95,154,8,64,1957,1,,
321,54,12,20,1959,1,,
321,84,6,20,1959,1,,
257,665,9,15,1972,1,,
183,616,9,-74,1982,1,,
348,13,1,-65,1987,1,,
348,992,8,-40,1987,1,,
137,97,3,-32,1989,1,,
137,97,11,20,1989,1,,
137,4,4,20,1989,1,,
31,88,8,-40,2001,1,,
85,1442,2,56,2005,1,,
85,240,5,31,2005,1,,
85,20,10,31,2005,1,,
108,39,5,54,2013,1,,
86,92,8,20,2019,1,,
86,21,3,20,2019,1,,
86,360,10,-32,2019,1,,
154,837,1,-90,2020,1,,
154,99,5,15,2020,1,,
154,124,2,64,2020,1,,
291,133,12,31,2029,1,,
195,74,4,15,2041,1,,
195,867,4,64,2041,1,,
123,65,4,-32,2042,1,,
123,572,12,1,2042,1,,
21,86,10,31,2043,1,,
25,147,10,31,2066,1,,
48,35,4,20,2078,1,,
48,60,2,-32,2078,1,,
48,19,10,-32,2078,1,,
48,188,8,1,2078,1,,
48,1055,2,1,2078,1,,
66,61,2,-40,2085,1,,
66,61,5,64,2085,1,,
133,67,5,31,2099,1,,
133,816,12,57,2099,1,,
133,123,8,57,2099,1,,
138,68,8,-29,2099,1,,
138,372,6,1,2099,1,,
10,145,6,-40,2100,1,,
11,145,8,68,2112,1,,
122,95,4,11,2120,1,,
122,311,10,11,2120,1,,
353,226,6,46,2121,1,,
152,70,8,57,2127,1,,
152,42,9,57,2127,1,,
313,84,7,64,2136,1,,
145,828,5,15,2144,1,,
78,20,6,57,2148,1,,
78,1081,4,57,2148,1,,
78,92,6,57,2148,1,,
43,35,6,11,2150,1,,
43,35,9,-42,2150,1,,
43,187,6,11,2150,1,,
358,140,5,46,2155,1,,
164,202,9,20,2165,1,,
301,705,4,-97,2167,1,,
301,51,10,57,2167,1,,
104,22,2,54,2188,1,,
104,39,2,54,2188,1,,
104,197,5,-74,2188,1,,
104,65,7,57,2188,1,,
233,269,5,-65,2189,1,,
140,4,8,-42,2193,1,,
140,823,12,-42,2193,1,,
150,27,11,70,2204,1,,
352,181,1,-21,2215,1,,
352,111,5,-29,2215,1,,
352,287,9,42,2215,1,,
184,489,1,54,2219,1,,
184,489,10,57,2219,1,,
0,0,10,71,2219,1,,
284,688,2,15,2226,1,,
284,50,2,-40,2226,1,,
279,684,9,57,2232,1,,
166,258,4,-65,2233,1,,
128,3,4,-42,2240,1,,
128,3,11,42,2240,1,,
128,812,2,42,2240,1,,
186,206,8,57,2244,1,,
325,136,2,57,2258,1,,
325,1673,8,57,2258,1,,
229,103,9,-42,2265,1,,
229,642,8,-42,2265,1,,
36,297,8,-74,2269,1,,
207,633,8,31,2281,1,,
244,28,5,-19,2285,1,,
244,654,12,-19,2285,1,,
101,366,5,11,2287,1,,
101,122,10,-42,2287,1,,
228,1582,2,44,2290,1,,
365,229,3,-40,2295,1,,
136,26,7,31,2297,1,,
357,181,1,-21,2309,1,,
357,112,10,11,2309,1,,
357,56,4,-42,2309,1,,
155,124,1,64,2315,1,,
155,99,11,-19,2315,1,,
177,159,7,57,2325,1,,
22,524,8,-19,2326,1,,
302,108,7,20,2329,1,,
302,51,6,11,2329,1,,
137,97,9,-19,2339,1,,
286,401,12,20,2348,1,,
286,-1,-1,-999,2348,2,opp_score,1.0
59,1063,11,20,2365,1,,
208,76,3,-35,2368,1,,
208,127,7,-35,2368,1,,
171,607,6,31,2375,1,,
44,187,6,-74,2384,1,,
10,519,4,-29,2386,1,,
10,116,10,-42,2386,1,,
1,292,6,70,2394,1,,
258,333,1,-40,2395,1,,
258,81,9,-35,2395,1,,
258,217,10,-35,2395,1,,
139,372,2,1,2401,1,,
139,1495,7,42,2401,1,,
322,54,6,78,2404,1,,
268,675,9,-35,2413,1,,
268,274,4,51,2413,1,,
45,187,6,-74,2414,1,,
45,-1,-1,-999,2414,2,opp_score,1.0
316,964,8,1,2415,1,,
6,116,4,57,2426,1,,
262,922,8,20,2429,1,,
147,200,8,-35,2439,1,,
343,138,8,11,2443,1,,
63,1420,8,1,2464,1,,
140,41,7,-35,2467,1,,
140,68,8,73,2467,1,,
243,653,4,70,2470,1,,
172,608,2,44,2479,1,,
172,6,6,-19,2479,1,,
70,151,4,-97,2482,1,,
254,662,2,-3,2487,1,,
323,54,8,-19,2492,1,,
320,718,8,-42,2492,1,,
221,883,4,56,2495,1,,
16,1030,10,10,2516,1,,
16,295,6,10,2516,1,,
109,24,2,57,2517,1,,
339,283,4,73,2518,1,,
339,222,8,74,2518,1,,
195,496,6,-19,2530,1,,
195,74,2,-19,2530,1,,
11,520,7,-32,2533,1,,
333,281,8,-19,2545,1,,
333,55,3,73,2545,1,,
196,318,8,42,2547,1,,
281,106,7,-19,2556,1,,
266,674,7,10,2560,1,,
355,227,8,-35,2567,1,,
336,137,6,-32,2573,1,,
336,29,1,11,2573,1,,
298,51,2,-19,2578,1,,
298,135,5,73,2578,1,,
29,120,6,65,2589,1,,
46,187,6,11,2590,1,,
257,274,6,73,2596,1,,
84,359,6,-42,2604,1,,
78,1081,8,65,2613,1,,
78,-1,-1,-999,2613,2,opp_score,1.0
113,3,6,10,2616,1,,
67,61,8,62,2624,1,,
64,150,10,65,2640,1,,
198,499,10,62,2655,1,,
262,1252,10,10,2657,1,,
170,157,6,40,2658,1,,
110,24,6,65,2666,1,,
244,80,6,-35,2667,1,,
263,1253,6,20,2669,1,,
197,74,4,-35,2674,1,,
258,274,4,73,2681,1,,
313,84,10,76,2682,1,,
322,415,6,60,2694,1,,
277,1265,6,11,2702,1,,
72,1075,11,77,2711,1,,
220,128,6,1,2718,1,,
290,173,5,10,2728,1,,
330,55,10,77,2730,1,,
147,253,8,76,2731,1,,
147,223,10,80,2731,1,,
147,4,10,80,2731,1,,
280,50,6,77,2739,1,,
63,150,10,38,2753,1,,
343,138,4,-35,2754,1,,
150,27,5,77,2763,1,,
32,148,2,87,2763,1,,
32,236,9,80,2763,1,,
32,752,6,21,2763,1,,
32,33,6,21,2763,1,,
107,800,11,38,2771,1,,
31,88,3,77,2775,1,,
363,141,4,-19,2787,1,,
56,1,5,80,2800,1,,
56,20,10,85,2800,1,,
56,89,12,85,2800,1,,
114,3,11,-94,2801,1,,
259,395,3,-94,2828,1,,
259,395,9,38,2828,1,,
152,835,5,65,2831,1,,
152,5,10,85,2831,1,,
152,1508,7,85,2831,1,,
334,29,9,38,2843,1,,
355,999,7,-31,2845,1,,
120,24,4,65,2857,1,,
120,3,4,80,2857,1,,
120,1477,10,21,2857,1,,
298,702,10,82,2859,1,,
67,1071,12,-94,2862,1,,
231,644,8,-94,2876,1,,
302,1287,3,15,2877,1,,
12,146,2,23,2881,1,,
305,9,5,85,2882,1,,
305,109,12,21,2882,1,,
96,93,2,-19,2891,1,,
75,62,8,76,2903,1,,
75,152,6,21,2903,1,,
370,114,7,-94,2903,1,,
329,1313,3,38,2918,1,,
329,11,6,92,2918,1,,
196,1194,8,76,2926,1,,
196,46,8,85,2926,1,,
204,504,7,38,2931,1,,
165,482,9,21,2941,1,,
197,318,6,-94,2946,1,,
121,461,9,-39,2956,1,,
36,755,6,-94,2958,1,,
364,141,8,67,2958,1,,
80,2,4,67,2965,1,,
320,966,11,21,2974,1,,
306,9,6,67,2974,1,,
132,250,5,38,2985,1,,
283,687,8,67,2986,1,,
228,1218,9,80,2989,1,,
147,830,4,73,2993,1,,
176,261,2,1,2999,1,,
176,6,3,11,2999,1,,
54,89,2,21,3001,1,,
54,36,4,95,3001,1,,
76,152,5,-42,3009,1,,
37,34,6,21,3012,1,,
284,8,11,101,3014,1,,
133,4,6,85,3024,1,,
17,118,4,92,3037,1,,
97,558,4,93,3040,1,,
97,21,11,93,3040,1,,
38,34,7,75,3042,1,,
153,836,4,-29,3046,1,,
77,1,2,67,3051,1,,
77,152,6,93,3051,1,,
285,689,4,-29,3060,1,,
136,26,6,93,3073,1,,
136,819,10,93,3073,1,,
150,1149,8,23,3084,1,,
248,658,4,-42,3087,1,,
198,74,6,21,3088,1,,
104,243,6,98,3099,1,,
104,1105,4,98,3099,1,,
200,74,5,21,3115,1,,
200,7,6,102,3115,1,,
200,163,10,102,3115,1,,
305,83,2,10,3123,1,,
214,320,6,21,3125,1,,
275,276,2,38,3130,1,,
271,397,6,21,3134,1,,
60,1064,2,11,3136,1,,
239,271,6,85,3143,1,,
203,47,5,93,3147,1,,
353,111,1,-29,3147,1,,
308,176,8,86,3158,1,,
29,148,4,98,3165,1,,
370,142,10,69,3179,1,,
224,129,7,102,3181,1,,
224,102,6,113,3181,1,,
18,118,6,110,3187,1,,
369,342,5,93,3187,1,,
35,755,1,-94,3194,1,,
311,10,5,88,3205,1,,
311,10,5,102,3205,1,,
311,52,8,102,3205,1,,
68,37,3,76,3225,1,,
68,1,6,102,3225,1,,
68,91,6,102,3225,1,,
99,558,3,93,3227,1,,
99,22,12,100,3227,1,,
97,1454,5,-6,3243,1,,
97,2,6,118,3243,1,,
247,217,7,102,3243,1,,
247,81,6,102,3243,1,,
28,148,1,98,3255,1,,
28,87,8,100,3255,1,,
25,183,3,21,3262,1,,
25,17,11,-66,3262,1,,
128,40,5,100,3264,1,,
371,114,8,83,3275,1,,
163,6,4,102,3278,1,,
163,257,8,102,3278,1,,
244,80,8,83,3287,1,,
13,17,9,89,3289,1,,
236,649,6,-66,3295,1,,
236,390,6,-66,3295,1,,
33,59,10,119,3306,1,,
98,243,4,21,3313,1,,
98,448,10,-66,3313,1,,
1,0,6,94,3317,1,,
310,10,2,102,3330,1,,
310,177,10,-66,3330,1,,
56,20,12,94,3336,1,,
193,208,10,102,3344,1,,
175,1173,5,94,3346,1,,
352,13,4,100,3351,1,,
151,70,5,94,3357,1,,
167,72,11,90,3374,1,,
17,118,8,-66,3377,1,,
372,142,6,94,3386,1,,
201,210,10,-66,3391,1,,
348,31,10,106,3402,1,,
129,96,8,102,3403,1,,
95,2,9,122,3409,1,,
95,154,8,122,3409,1,,
306,52,10,125,3417,1,,
27,18,11,115,3419,1,,
235,78,4,83,3420,1,,
235,168,3,117,3420,1,,
24,182,2,122,3424,1,,
3,1019,2,122,3429,1,,
6,116,4,122,3439,1,,
168,203,8,106,3443,1,,
168,72,8,116,3443,1,,
157,43,6,102,3445,1,,
157,840,2,-66,3445,1,,
105,1106,6,102,3454,1,,
37,34,6,111,3473,1,,
37,533,2,99,3473,1,,
37,18,12,99,3473,1,,
37,1,7,99,3473,1,,
137,372,6,-66,3487,1,,
211,878,6,113,3496,1,,
65,447,6,99,3503,1,,
65,37,6,53,3503,1,,
65,1,11,53,3503,1,,
239,900,6,102,3505,1,,
35,755,5,94,3507,1,,
35,296,8,107,3507,1,,
35,33,8,107,3507,1,,
35,-1,-1,-999,3507,2,opp_score,1.0
275,276,6,113,3515,1,,
21,86,8,99,3531,1,,
21,0,4,99,3531,1,,
21,523,8,99,3531,1,,
21,17,2,99,3531,1,,
356,13,10,115,3534,1,,
356,227,10,107,3534,1,,
356,181,1,128,3534,1,,
289,948,4,-66,3535,1,,
289,8,2,-66,3535,1,,
194,74,3,116,3551,1,,
194,1192,9,107,3551,1,,
173,6,3,99,3554,1,,
173,609,10,99,3554,1,,
173,100,4,99,3554,1,,
1,115,5,102,3563,1,,
99,22,5,90,3574,1,,
99,2,12,107,3574,1,,
193,865,8,104,3576,1,,
202,102,8,53,3579,1,,
202,502,11,53,3579,1,,
32,752,5,102,3585,1,,
0,15,4,116,3595,1,,
0,0,2,107,3595,1,,
0,513,8,128,3595,1,,
288,403,10,-92,3601,1,,
8,234,10,53,3610,1,,
8,32,2,129,3610,1,,
8,0,6,129,3610,1,,
8,116,6,129,3610,1,,
38,1395,2,116,3616,1,,
38,185,12,107,3616,1,,
273,933,12,107,3634,1,,
130,40,6,99,3639,1,,
130,40,11,129,3639,1,,
130,464,6,99,3639,1,,
305,1290,5,112,3652,1,,
305,954,6,116,3652,1,,
184,161,5,21,3663,1,,
338,30,4,94,3669,1,,
338,30,6,107,3669,1,,
338,181,1,128,3669,1,,
47,60,5,102,3671,1,,
119,1119,9,53,3672,1,,
119,95,5,53,3672,1,,
119,3,10,72,3672,1,,
119,570,2,72,3672,1,,
146,588,4,102,3682,1,,
366,113,10,116,3687,1,,
366,181,1,128,3687,1,,
175,260,5,85,3699,1,,
195,1193,4,80,3706,1,,
162,1160,4,99,3706,1,,
162,156,6,129,3706,1,,
162,375,8,14,3706,1,,
162,71,8,109,3706,1,,
334,281,6,116,3709,1,,
334,181,1,128,3709,1,,
334,222,8,103,3709,1,,
359,140,8,107,3724,1,,
359,181,1,128,3724,1,,
196,162,5,133,3729,1,,
196,318,4,133,3729,1,,
254,914,5,116,3739,1,,
254,662,4,107,3739,1,,
29,87,8,133,3747,1,,
29,1,5,133,3747,1,,
17,118,8,14,3752,1,,
17,33,5,14,3752,1,,
17,234,6,14,3752,1,,
17,0,2,72,3752,1,,
17,0,6,109,3752,1,,
17,744,5,109,3752,1,,
17,85,4,109,3752,1,,
372,290,8,116,3755,1,,
372,181,1,128,3755,1,,
280,50,8,133,3758,1,,
174,72,5,133,3771,1,,
174,204,4,137,3771,1,,
322,415,7,107,3780,1,,
322,110,10,127,3780,1,,
133,4,3,129,3786,1,,
133,4,9,14,3786,1,,
133,25,6,72,3786,1,,
133,96,7,72,3786,1,,
149,155,8,107,3802,1,,
333,281,4,102,3813,1,,
333,11,7,124,3813,1,,
28,0,2,107,3816,1,,
28,58,4,107,3816,1,,
28,18,4,127,3816,1,,
336,980,8,133,3825,1,,
376,143,6,111,3829,1,,
376,115,6,14,3829,1,,
376,424,10,72,3829,1,,
376,56,10,72,3829,1,,
166,203,10,138,3851,1,,
88,153,4,-66,3856,1,,
88,1445,6,124,3856,1,,
168,604,8,107,3863,1,,
172,45,6,129,3867,1,,
172,45,7,72,3867,1,,
172,157,6,129,3867,1,,
172,6,9,109,3867,1,,
337,282,12,84,3873,1,,
61,190,8,127,3875,1,,
233,646,8,128,3887,1,,
343,12,4,80,3888,1,,
343,12,7,84,3888,1,,
188,380,10,99,3900,1,,
188,7,6,72,3900,1,,
188,101,8,72,3900,1,,
114,39,2,133,3923,1,,
114,566,8,84,3923,1,,
92,194,2,99,3929,1,,
92,2,1,14,3929,1,,
92,2,6,99,3929,1,,
92,2,5,72,3929,1,,
92,556,7,129,3929,1,,
281,50,10,124,3937,1,,
205,127,8,84,3949,1,,
292,133,5,127,3950,1,,
292,406,5,131,3950,1,,
341,419,8,121,3961,1,,
312,10,8,131,3962,1,,
368,14,10,99,3962,1,,
368,113,10,14,3962,1,,
368,85,4,109,3962,1,,
143,826,6,124,3974,1,,
119,248,8,138,3974,1,,
234,1588,7,115,3984,1,,
21,523,8,129,3991,1,,
21,86,5,14,3991,1,,
21,350,7,72,3991,1,,
7,116,6,124,3998,1,,
25,147,6,131,4014,1,,
310,412,4,14,4019,1,,
310,10,3,72,4019,1,,
310,1294,3,109,4019,1,,
310,52,10,109,4019,1,,
212,638,6,115,4023,1,,
348,13,4,131,4039,1,,
38,534,11,72,4046,1,,
38,1,8,72,4046,1,,
218,1208,6,116,4048,1,,
322,1306,3,102,4050,1,,
322,10,4,124,4050,1,,
41,441,3,107,4054,1,,
165,1163,6,124,4059,1,,
36,34,5,84,4067,1,,
371,1010,8,-89,4073,1,,
371,14,10,53,4073,1,,
371,85,1,109,4073,1,,
173,204,3,137,4075,1,,
173,157,2,84,4075,1,,
56,20,2,133,4085,1,,
56,60,2,133,4085,1,,
344,12,8,129,4099,1,,
344,138,10,72,4099,1,,
349,31,8,132,4099,1,,
102,22,4,84,4101,1,,
210,877,3,107,4105,1,,
197,74,2,129,4120,1,,
197,126,7,14,4120,1,,
197,318,5,72,4120,1,,
17,118,2,133,4122,1,,
361,14,4,133,4130,1,,
121,248,1,138,4137,1,,
121,24,6,145,4137,1,,
242,104,4,99,4141,1,,
242,903,4,14,4141,1,,
242,79,6,72,4141,1,,
22,235,2,-66,4143,1,,
92,1449,4,107,4154,1,,
133,41,2,115,4161,1,,
99,22,4,99,4161,1,,
99,93,4,14,4161,1,,
99,448,5,109,4161,1,,
213,638,3,115,4167,1,,
0,343,9,159,4177,1,,
207,76,2,99,4181,1,,
207,127,11,72,4181,1,,
35,755,2,94,4193,1,,
174,158,2,115,4199,1,,
314,53,3,14,4201,1,,
314,53,5,129,4201,1,,
314,10,5,72,4201,1,,
127,24,2,145,4203,1,,
373,143,5,111,4221,1,,
373,290,8,99,4221,1,,
172,204,2,137,4221,1,,
365,113,2,116,4230,1,,
355,227,2,102,4232,1,,
236,104,4,99,4240,1,,
236,897,8,72,4240,1,,
195,209,2,124,4240,1,,
118,807,2,80,4246,1,,
128,3,12,161,4252,1,,
193,494,2,115,4257,1,,
144,97,4,99,4258,1,,
144,827,8,53,4258,1,,
189,861,8,72,4276,1,,
189,101,3,72,4276,1,,
362,14,8,153,4284,1,,
129,67,9,140,4293,1,,
334,222,1,99,4293,1,,
334,29,8,53,4293,1,,
334,418,2,109,4293,1,,
337,30,2,107,4298,1,,
186,206,12,154,4312,1,,
121,810,7,-10,4314,1,,
197,318,1,133,4322,1,,
197,-1,-1,-999,4322,2,opp_score,1.0
298,175,8,140,4326,1,,
73,786,10,72,4328,1,,
192,382,4,174,4330,1,,
349,31,5,140,4334,1,,
107,23,8,111,4344,1,,
107,2,1,72,4344,1,,
107,39,1,109,4344,1,,
277,49,4,148,4352,1,,
348,31,10,14,4361,1,,
249,392,7,144,4362,1,,
358,228,8,148,4371,1,,
229,130,3,109,4376,1,,
229,130,6,99,4376,1,,
296,135,12,144,4387,1,,
251,104,4,99,4393,1,,
251,912,5,99,4393,1,,
93,242,10,148,4399,1,,
110,95,3,53,4412,1,,
110,39,5,109,4412,1,,
86,360,11,96,4415,1,,
350,56,4,144,4423,1,,
350,223,8,175,4423,1,,
350,225,12,175,4423,1,,
130,3,11,165,4430,1,,
175,611,4,53,4434,1,,
175,158,4,72,4434,1,,
326,180,6,144,4438,1,,
326,84,5,177,4438,1,,
69,91,8,96,4453,1,,
69,1,9,172,4453,1,,
280,398,7,160,4455,1,,
280,28,5,160,4455,1,,
136,583,7,72,4460,1,,
190,162,5,144,4463,1,,
180,73,6,96,4469,1,,
180,125,4,96,4469,1,,
256,273,5,160,4471,1,,
52,536,1,72,4487,1,,
52,766,6,72,4487,1,,
66,1423,2,165,4488,1,,
66,357,10,158,4488,1,,
254,273,6,168,4496,1,,
355,1337,8,99,4498,1,,
74,302,8,150,4507,1,,
74,787,4,150,4507,1,,
28,1041,6,129,4508,1,,
281,172,7,162,4529,1,,
281,50,8,162,4529,1,,
281,224,10,162,4529,1,,
103,367,8,96,4537,1,,
103,38,4,150,4537,1,,
70,151,6,155,4540,1,,
305,224,2,162,4545,1,,
305,83,10,162,4545,1,,
104,367,12,136,4556,1,,
40,186,9,162,4558,1,,
4,1020,7,172,4569,1,,
71,91,11,167,4571,1,,
151,70,6,99,4581,1,,
102,1459,2,115,4581,1,,
102,2,6,162,4581,1,,
179,125,4,96,4586,1,,
179,160,6,172,4586,1,,
80,793,6,109,4592,1,,
80,38,2,167,4592,1,,
267,219,7,165,4599,1,,
13,740,5,99,4600,1,,
204,75,7,134,4601,1,,
204,75,8,162,4601,1,,
191,162,5,144,4609,1,,
183,616,6,99,4610,1,,
101,122,8,105,4612,1,,
167,1522,5,53,4618,1,,
236,270,6,162,4618,1,,
202,502,6,165,4624,1,,
263,170,4,175,4637,1,,
350,994,7,172,4638,1,,
350,181,1,105,4638,1,,
200,74,1,129,4643,1,,
200,1198,4,167,4643,1,,
200,-1,-1,-999,4643,2,opp_score,1.0
298,702,5,72,4651,1,,
146,42,4,162,4659,1,,
282,106,4,134,4676,1,,
309,176,6,165,4683,1,,
189,381,3,162,4685,1,,
120,39,5,109,4693,1,,
6,116,2,175,4701,1,,
280,1628,5,99,4702,1,,
14,17,4,165,4710,1,,
14,181,1,105,4710,1,,
178,315,2,14,4711,1,,
178,72,4,151,4711,1,,
75,152,10,151,4729,1,,
88,2,8,143,4730,1,,
88,64,5,143,4730,1,,
264,170,2,175,4730,1,,
268,170,1,53,4736,1,,
268,928,3,72,4736,1,,
205,75,2,79,4739,1,,
203,211,10,156,4746,1,,
15,181,1,105,4761,1,,
15,17,8,184,4761,1,,
40,1397,4,149,4765,1,,
345,989,1,168,4773,1,,
345,139,2,141,4773,1,,
292,406,4,99,4776,1,,
173,125,1,96,4781,1,,
173,45,12,143,4781,1,,
10,16,4,152,4782,1,,
181,1179,4,99,4791,1,,
346,181,1,105,4798,1,,
346,139,10,143,4798,1,,
361,1002,4,109,4802,1,,
305,83,2,152,4802,1,,
211,637,4,72,4809,1,,
240,1230,4,143,4816,1,,
240,47,7,143,4816,1,,
204,630,8,141,4827,1,,
308,83,8,184,4830,1,,
129,96,5,192,4843,1,,
131,1130,7,143,4843,1,,
236,1226,4,152,4853,1,,
220,1574,3,99,4857,1,,
220,224,10,191,4857,1,,
275,935,8,143,4857,1,,
8,295,5,143,4867,1,,
141,824,3,99,4874,1,,
33,88,2,192,4883,1,,
33,59,7,192,4883,1,,
222,884,2,109,4890,1,,
222,224,2,191,4890,1,,
124,66,4,192,4892,1,,
130,1129,4,172,4894,1,,
18,744,2,109,4900,1,,
128,25,10,180,4906,1,,
301,705,11,169,4919,1,,
52,189,1,165,4921,1,,
52,19,2,105,4921,1,,
95,195,2,129,4924,1,,
272,677,2,99,4928,1,,
298,1283,9,180,4932,1,,
1,0,6,194,4948,1,,
1,56,6,194,4948,1,,
202,211,1,156,4949,1,,
132,4,10,169,4967,1,,
228,103,9,142,4969,1,,
197,318,3,133,4980,1,,
109,39,2,169,4981,1,,
111,305,1,143,4986,1,,
304,109,5,180,4987,1,,
304,51,8,142,4987,1,,
7,57,6,180,4996,1,,
324,416,1,99,4999,1,,
199,74,1,129,5003,1,,
180,316,4,180,5008,1,,
180,7,4,196,5008,1,,
134,67,7,193,5013,1,,
134,4,12,193,5013,1,,
10,1369,6,170,5018,1,,
10,57,1,180,5018,1,,
38,185,6,193,5032,1,,
38,18,6,193,5032,1,,
211,1565,6,139,5040,1,,
310,83,4,193,5050,1,,
310,177,8,193,5050,1,,
221,388,6,182,5052,1,,
221,77,6,182,5052,1,,
346,420,4,99,5057,1,,
352,996,11,193,5068,1,,
148,5,12,182,5074,1,,
148,42,4,182,5074,1,,
161,597,8,16,5078,1,,
150,155,9,193,5083,1,,
299,338,8,16,5096,1,,
299,82,5,188,5096,1,,
80,2,8,193,5097,1,,
251,660,9,182,5102,1,,
251,272,3,179,5102,1,,
251,217,10,179,5102,1,,
239,7,4,16,5108,1,,
239,79,4,16,5108,1,,
212,77,2,182,5119,1,,
212,165,10,179,5119,1,,
25,183,8,188,5120,1,,
152,98,10,179,5133,1,,
151,70,6,147,5135,1,,
151,42,12,147,5135,1,,
151,200,10,147,5135,1,,
86,1089,7,188,5146,1,,
78,192,9,176,5150,1,,
133,250,6,188,5155,1,,
5,0,2,182,5158,1,,
5,0,7,179,5158,1,,
5,15,6,163,5158,1,,
261,104,4,163,5175,1,,
261,218,9,163,5175,1,,
39,34,7,-28,5182,1,,
39,185,9,-28,5182,1,,
39,1,7,166,5182,1,,
11,16,4,182,5192,1,,
11,145,8,163,5192,1,,
198,209,3,188,5204,1,,
198,319,6,202,5204,1,,
198,7,12,202,5204,1,,
196,627,2,142,5208,1,,
196,46,10,163,5208,1,,
112,369,5,147,5212,1,,
112,2,6,147,5212,1,,
112,24,6,-28,5212,1,,
112,95,4,166,5212,1,,
12,16,11,202,5224,1,,
12,345,4,202,5224,1,,
335,281,4,180,5225,1,,
335,281,8,163,5225,1,,
335,-1,-1,-999,5225,2,opp_score,1.0
49,1,10,203,5250,1,,
49,1056,9,135,5250,1,,
49,88,9,135,5250,1,,
245,104,4,163,5254,1,,
245,1235,11,185,5254,1,,
245,7,8,185,5254,1,,
336,110,5,185,5276,1,,
336,29,11,185,5276,1,,
322,136,6,-28,5278,1,,
322,968,5,166,5278,1,,
322,179,9,135,5278,1,,
344,12,7,202,5292,1,,
344,12,10,187,5292,1,,
344,56,7,202,5292,1,,
344,138,10,187,5292,1,,
344,30,5,187,5292,1,,
344,988,4,126,5292,1,,
344,339,8,126,5292,1,,
344,284,4,126,5292,1,,
348,31,6,163,5292,1,,
348,225,6,163,5292,1,,
153,5,8,163,5306,1,,
153,200,1,163,5306,1,,
153,70,1,185,5306,1,,
3,0,7,193,5310,1,,
3,1019,8,-28,5310,1,,
3,32,8,135,5310,1,,
118,24,6,182,5322,1,,
118,309,5,163,5322,1,,
101,122,6,147,5337,1,,
101,93,6,135,5337,1,,
101,65,7,135,5337,1,,
163,844,10,163,5342,1,,
255,48,6,202,5344,1,,
255,273,10,187,5344,1,,
255,331,8,19,5344,1,,
255,104,4,19,5344,1,,
255,7,6,19,5344,1,,
41,237,6,202,5353,1,,
41,237,8,187,5353,1,,
41,1,3,202,5353,1,,
41,1,3,187,5353,1,,
41,19,10,187,5353,1,,
41,88,9,187,5353,1,,
41,59,10,187,5353,1,,
132,1488,8,166,5364,1,,
132,25,7,166,5364,1,,
132,96,4,135,5364,1,,
201,74,6,-28,5384,1,,
201,1199,7,166,5384,1,,
155,5,2,19,5406,1,,
155,5,12,187,5406,1,,
155,475,12,126,5406,1,,
155,99,11,19,5406,1,,
155,1154,3,19,5406,1,,
221,883,9,204,5408,1,,
284,8,9,135,5411,1,,
284,1272,10,135,5411,1,,
76,546,9,185,5421,1,,
148,5,6,166,5430,1,,
148,42,6,135,5430,1,,
1,513,8,182,5433,1,,
1,-1,-1,-999,5433,2,opp_score,1.0
256,1246,7,179,5446,1,,
256,104,2,163,5446,1,,
210,127,10,147,5449,1,,
210,385,2,-28,5449,1,,
177,159,8,126,5452,1,,
177,159,12,19,5452,1,,
177,100,9,126,5452,1,,
177,261,6,19,5452,1,,
88,361,4,-28,5465,1,,
88,64,6,166,5465,1,,
339,30,10,135,5481,1,,
286,8,4,163,5485,1,,
286,336,4,163,5485,1,,
18,348,6,16,5495,1,,
18,17,6,187,5495,1,,
18,57,5,187,5495,1,,
18,57,1,126,5495,1,,
18,85,1,187,5495,1,,
18,85,3,126,5495,1,,
18,0,10,19,5495,1,,
47,35,4,163,5503,1,,
47,188,4,204,5503,1,,
369,142,8,-28,5504,1,,
369,113,2,-28,5504,1,,
176,261,8,179,5521,1,,
370,1009,7,163,5534,1,,
10,32,3,187,5540,1,,
10,57,2,19,5540,1,,
10,57,3,187,5540,1,,
10,85,4,187,5540,1,,
10,145,10,126,5540,1,,
10,0,10,126,5540,1,,
10,0,2,19,5540,1,,
224,129,7,163,5545,1,,
113,3,3,193,5560,1,,
113,24,6,-28,5560,1,,
105,368,8,147,5574,1,,
277,49,6,163,5580,1,,
103,2,4,202,5583,1,,
103,2,8,126,5583,1,,
103,243,5,202,5583,1,,
103,22,8,187,5583,1,,
103,197,7,126,5583,1,,
261,669,8,-28,5588,1,,
261,-1,-1,-999,5588,2,opp_score,1.0
280,939,6,163,5590,1,,
41,237,6,163,5615,1,,
295,279,4,187,5625,1,,
295,279,7,19,5625,1,,
295,82,2,19,5625,1,,
295,107,8,19,5625,1,,
295,8,11,19,5625,1,,
23,86,1,135,5630,1,,
23,182,6,135,5630,1,,
292,1280,4,147,5646,1,,
292,50,4,195,5646,1,,
106,564,4,163,5649,1,,
205,127,6,205,5658,1,,
65,37,8,126,5664,1,,
65,1422,10,19,5664,1,,
65,121,3,19,5664,1,,
65,1,8,19,5664,1,,
333,977,5,163,5665,1,,
11,16,2,185,5670,1,,
264,924,4,166,5693,1,,
264,170,2,166,5693,1,,
111,24,3,126,5696,1,,
111,24,3,188,5696,1,,
111,39,1,126,5696,1,,
111,2,4,126,5696,1,,
111,305,12,126,5696,1,,
181,853,6,135,5708,1,,
197,318,4,123,5720,1,,
197,74,2,-28,5720,1,,
107,564,1,163,5728,1,,
12,739,11,187,5731,1,,
12,57,6,126,5731,1,,
12,1371,5,126,5731,1,,
12,85,3,126,5731,1,,
364,1346,6,166,5732,1,,
143,199,2,180,5757,1,,
336,29,8,19,5765,1,,
336,29,10,202,5765,1,,
336,222,2,19,5765,1,,
336,110,5,19,5765,1,,
334,29,5,135,5771,1,,
108,245,12,97,5775,1,,
141,97,4,16,5793,1,,
141,824,6,187,5793,1,,
141,4,10,19,5793,1,,
265,170,4,166,5806,1,,
148,5,8,97,5808,1,,
47,60,6,97,5818,1,,
132,25,6,19,5820,1,,
132,815,6,19,5820,1,,
132,250,7,19,5820,1,,
281,172,7,97,5828,1,,
18,432,8,-28,5835,1,,
129,578,6,97,5837,1,,
174,158,8,187,5846,1,,
174,158,10,19,5846,1,,
185,161,6,97,5846,1,,
293,1280,4,147,5870,1,,
117,24,2,188,5871,1,,
117,3,9,202,5871,1,,
117,1118,6,126,5871,1,,
57,20,4,135,5879,1,,
10,16,5,97,5886,1,,
1,513,1,182,5894,1,,
1,0,4,97,5894,1,,
193,208,8,199,5895,1,,
170,203,4,19,5895,1,,
170,203,5,202,5895,1,,
170,157,8,19,5895,1,,
335,29,6,181,5915,1,,
369,14,9,19,5920,1,,
369,113,8,19,5920,1,,
136,97,9,213,5936,1,,
136,312,8,213,5936,1,,
329,11,7,199,5941,1,,
229,890,11,187,5943,1,,
229,77,5,187,5943,1,,
156,100,12,213,5953,1,,
247,104,1,19,5963,1,,
247,657,12,19,5963,1,,
52,189,5,211,5977,1,,
52,1409,7,211,5977,1,,
52,60,10,211,5977,1,,
205,384,1,187,5983,1,,
205,873,3,187,5983,1,,
205,127,1,126,5983,1,,
205,75,8,19,5983,1,,
53,149,5,181,5987,1,,
206,212,11,213,5990,1,,
33,18,6,202,6002,1,,
33,59,6,126,6002,1,,
228,103,10,211,6003,1,,
253,1243,9,213,6007,1,,
210,385,9,211,6018,1,,
165,845,9,19,6020,1,,
165,44,3,225,6020,1,,
74,1,7,213,6023,1,,
74,787,4,213,6023,1,,
101,559,9,211,6037,1,,
101,243,3,-84,6037,1,,
234,647,10,187,6039,1,,
234,1224,2,19,6039,1,,
270,1258,8,213,6044,1,,
327,180,8,211,6051,1,,
157,201,8,227,6055,1,,
278,277,12,126,6058,1,,
246,391,3,199,6064,1,,
246,1600,4,-84,6064,1,,
22,350,8,213,6067,1,,
280,172,6,213,6077,1,,
87,241,5,126,6096,1,,
87,153,6,19,6096,1,,
122,811,1,142,6096,1,,
122,571,4,97,6096,1,,
122,95,1,233,6096,1,,
68,91,6,-84,6105,1,,
332,726,12,187,6115,1,,
332,-1,-1,-999,6115,2,opp_score,1.0
31,439,6,211,6128,1,,
4,1020,10,126,6131,1,,
286,107,6,-84,6140,1,,
121,310,6,213,6141,1,,
367,113,1,204,6149,1,,
367,289,4,97,6149,1,,
105,23,10,19,6158,1,,
277,1625,8,19,6172,1,,
277,-1,-1,-999,6172,2,opp_score,1.0
124,811,1,142,6178,1,,
124,95,3,233,6178,1,,
193,865,6,-84,6184,1,,
366,289,4,97,6186,1,,
70,37,2,126,6187,1,,
70,91,7,19,6187,1,,
75,62,3,213,6192,1,,
11,344,5,188,6200,1,,
11,57,3,126,6200,1,,
330,55,6,-84,6202,1,,
218,512,6,-84,6213,1,,
343,138,6,19,6216,1,,
343,30,3,19,6216,1,,
207,212,6,-84,6225,1,,
184,856,8,187,6230,1,,
368,289,3,97,6232,1,,
365,229,5,-84,6235,1,,
205,873,6,163,6242,1,,
320,966,3,188,6244,1,,
320,54,5,19,6244,1,,
0,143,4,211,6254,1,,
36,532,4,-84,6263,1,,
23,86,3,216,6265,1,,
337,137,2,97,6270,1,,
130,578,2,97,6275,1,,
221,388,7,126,6303,1,,
65,778,1,97,6304,1,,
261,669,3,-28,6314,1,,
230,268,8,202,6317,1,,
181,486,4,218,6321,1,,
7,116,3,135,6329,1,,
267,219,7,187,6330,1,,
34,352,5,189,6338,1,,
28,527,6,126,6348,1,,
163,257,3,181,6357,1,,
52,189,6,19,6362,1,,
336,282,8,197,6364,1,,
292,950,1,97,6367,1,,
191,623,6,19,6373,1,,
88,241,8,239,6388,1,,
88,64,7,239,6388,1,,
195,496,6,19,6400,1,,
195,-1,-1,-999,6400,2,opp_score,1.0
291,8,3,239,6403,1,,
291,173,8,239,6403,1,,
229,890,2,147,6409,1,,
105,244,7,236,6413,1,,
192,207,1,147,6416,1,,
313,10,10,239,6417,1,,
175,1530,1,147,6422,1,,
54,36,1,211,6427,1,,
236,270,6,126,6429,1,,
11,1370,5,135,6436,1,,
159,374,8,239,6437,1,,
15,347,5,126,6457,1,,
164,257,8,220,6464,1,,
366,229,6,187,6471,1,,
87,361,10,45,6474,1,,
87,193,9,45,6474,1,,
89,64,9,178,6487,1,,
346,285,5,187,6501,1,,
157,476,10,45,6504,1,,
157,71,2,45,6504,1,,
55,189,8,238,6510,1,,
348,31,5,19,6511,1,,
53,89,8,239,6515,1,,
299,51,2,206,6520,1,,
353,226,5,187,6526,1,,
207,633,8,45,6527,1,,
165,6,7,206,6530,1,,
65,778,2,135,6534,1,,
40,186,4,19,6540,1,,
277,1625,4,19,6550,1,,
343,30,3,249,6556,1,,
343,138,10,249,6556,1,,
247,657,8,178,6557,1,,
293,951,4,187,6560,1,,
222,47,7,212,6573,1,,
222,265,4,212,6573,1,,
125,811,1,142,6585,1,,
125,66,6,212,6585,1,,
1,0,8,260,6599,1,,
62,542,11,249,6608,1,,
6,0,6,239,6610,1,,
185,1540,4,19,6617,1,,
173,45,8,249,6624,1,,
291,949,7,228,6630,1,,
34,121,10,264,6638,1,,
196,1194,4,126,6641,1,,
196,-1,-1,-999,6641,2,stockout,0.4482758620689654
375,290,7,45,6641,1,,
279,684,3,188,6649,1,,
279,-1,-1,-999,6649,2,opp_score,1.0
88,64,6,212,6650,1,,
191,623,10,241,6660,1,,
191,73,6,249,6660,1,,
344,138,5,239,6665,1,,
189,621,10,265,6674,1,,
312,710,5,249,6689,1,,
312,83,6,232,6689,1,,
79,192,4,126,6693,1,,
322,54,3,19,6703,1,,
354,998,6,45,6705,1,,
170,157,8,265,6708,1,,
170,44,3,271,6708,1,,
116,1117,5,212,6713,1,,
95,195,5,45,6722,1,,
200,210,3,19,6728,1,,
30,87,6,226,6732,1,,
30,184,12,226,6732,1,,
304,708,2,19,6735,1,,
69,782,2,187,6742,1,,
29,18,8,232,6744,1,,
102,560,1,14,6748,1,,
288,172,6,249,6759,1,,
288,403,5,226,6759,1,,
2,143,6,263,6762,1,,
305,136,4,226,6779,1,,
305,83,11,222,6779,1,,
149,1505,3,239,6798,1,,
44,536,1,72,6799,1,,
44,-1,-1,-999,6799,2,opp_score,0.6551724137931033
101,122,4,197,6805,1,,
128,67,4,239,6822,1,,
66,61,2,254,6823,1,,
62,1419,2,187,6832,1,,
115,459,8,222,6836,1,,
269,929,6,264,6846,1,,
187,46,1,45,6846,1,,
187,491,8,215,6846,1,,
256,217,6,249,6855,1,,
46,536,1,72,6860,1,,
46,-1,-1,-999,6860,2,opp_score,0.5726495726495726
148,5,6,249,6867,1,,
148,373,2,226,6867,1,,
45,536,1,72,6868,1,,
99,22,8,215,6874,1,,
134,371,4,226,6874,1,,
167,72,3,212,6880,1,,
47,536,1,72,6889,1,,
306,9,4,270,6891,1,,
0,143,2,263,6892,1,,
307,176,2,239,6903,1,,
48,536,1,72,6910,1,,
126,811,1,142,6925,1,,
49,536,1,72,6941,1,,
49,-1,-1,-999,6941,2,opp_score,0.5726495726495726
7,1366,8,273,6961,1,,
245,80,1,202,6963,1,,
314,10,1,239,6964,1,,
31,148,4,276,6968,1,,
210,213,7,274,6983,1,,
51,536,1,72,6985,1,,
211,637,1,175,6987,1,,
168,72,9,276,6990,1,,
168,28,7,273,6990,1,,
348,31,1,212,6990,1,,
160,5,2,276,6994,1,,
50,536,1,72,6997,1,,
123,811,1,142,7003,1,,
308,83,8,276,7008,1,,
308,52,2,283,7008,1,,
196,1194,5,126,7009,1,,
244,80,9,208,7024,1,,
249,329,1,19,7039,1,,
198,319,12,277,7043,1,,
146,588,12,243,7043,1,,
1,32,10,288,7064,1,,
169,72,4,243,7078,1,,
169,156,6,245,7078,1,,
305,9,12,224,7083,1,,
75,92,7,224,7100,1,,
45,187,2,120,7104,1,,
44,536,1,72,7109,1,,
54,36,9,224,7113,1,,
8,0,6,245,7113,1,,
8,57,6,269,7113,1,,
8,116,4,259,7113,1,,
8,1367,9,259,7113,1,,
279,684,3,188,7117,1,,
10,16,7,277,7123,1,,
101,450,7,276,7123,1,,
128,25,5,275,7132,1,,
128,812,4,275,7132,1,,
68,61,6,224,7133,1,,
104,452,8,288,7135,1,,
104,-1,-1,-999,7135,2,opp_score,1.0
70,1073,10,256,7147,1,,
250,47,6,275,7160,1,,
250,659,8,275,7160,1,,
76,152,10,256,7161,1,,
140,4,4,269,7162,1,,
140,4,6,288,7162,1,,
140,373,11,259,7162,1,,
174,6,4,269,7188,1,,
174,158,8,269,7188,1,,
174,28,8,259,7188,1,,
39,59,11,275,7189,1,,
39,19,6,275,7189,1,,
39,1,4,275,7189,1,,
55,19,5,289,7207,1,,
55,36,4,256,7207,1,,
55,36,7,217,7207,1,,
55,1,8,198,7207,1,,
3,115,4,269,7214,1,,
3,0,5,269,7214,1,,
3,143,6,259,7214,1,,
53,89,8,275,7218,1,,
251,81,10,217,7231,1,,
251,272,8,217,7231,1,,
30,18,6,269,7231,1,,
30,18,6,259,7231,1,,
162,44,8,275,7232,1,,
60,90,6,269,7247,1,,
60,189,6,259,7247,1,,
180,73,7,275,7257,1,,
180,160,3,235,7257,1,,
180,100,6,235,7257,1,,
130,67,8,217,7259,1,,
130,3,6,198,7259,1,,
130,25,8,198,7259,1,,
100,2,1,292,7262,1,,
100,22,10,223,7262,1,,
175,125,2,224,7275,1,,
175,611,10,198,7275,1,,
72,91,12,223,7279,1,,
40,34,12,235,7292,1,,
306,709,12,217,7292,1,,
64,777,11,198,7307,1,,
84,63,7,275,7311,1,,
84,63,5,279,7311,1,,
123,40,5,269,7312,1,,
123,24,6,259,7312,1,,
254,662,10,259,7332,1,,
31,18,10,198,7333,1,,
59,90,4,275,7340,1,,
59,299,11,293,7340,1,,
0,292,9,224,7346,1,,
225,1215,9,217,7359,1,,
89,64,10,279,7368,1,,
89,2,10,130,7368,1,,
69,91,4,217,7372,1,,
69,61,5,198,7372,1,,
124,24,1,259,7382,1,,
124,3,10,207,7382,1,,
124,66,6,207,7382,1,,
216,386,8,198,7384,1,,
85,63,7,279,7396,1,,
85,551,4,157,7396,1,,
85,153,8,293,7396,1,,
206,75,5,223,7399,1,,
206,632,7,207,7399,1,,
196,318,6,256,7403,1,,
196,28,8,305,7403,1,,
49,1056,3,251,7413,1,,
49,35,8,295,7413,1,,
4,0,3,269,7413,1,,
4,143,2,259,7413,1,,
4,15,5,207,7413,1,,
231,78,6,207,7430,1,,
231,130,6,207,7430,1,,
127,811,1,142,7432,1,,
127,3,8,305,7432,1,,
153,5,9,279,7432,1,,
153,99,3,130,7432,1,,
127,-1,-1,-999,7432,2,opp_score,1.0
321,719,6,243,7444,1,,
321,221,2,288,7444,1,,
321,10,2,259,7444,1,,
263,671,10,130,7448,1,,
186,1184,9,259,7457,1,,
283,132,10,295,7464,1,,
162,598,5,224,7468,1,,
162,375,5,305,7468,1,,
200,210,9,207,7470,1,,
68,781,6,198,7478,1,,
12,33,9,130,7479,1,,
181,1179,6,245,7487,1,,
181,1536,2,259,7487,1,,
181,73,5,307,7487,1,,
70,1427,6,231,7495,1,,
70,-1,-1,-999,7495,2,opp_score,1.0
339,84,8,275,7496,1,,
339,283,2,235,7496,1,,
30,529,11,207,7504,1,,
213,77,5,279,7511,1,,
213,510,4,279,7511,1,,
269,1257,4,198,7524,1,,
269,-1,-1,-999,7524,2,opp_score,1.0
230,103,3,275,7526,1,,
230,268,6,235,7526,1,,
62,301,4,217,7531,1,,
41,237,7,207,7531,1,,
86,797,4,217,7538,1,,
201,210,9,307,7544,1,,
22,434,3,305,7553,1,,
368,141,8,275,7560,1,,
368,289,1,130,7560,1,,
47,188,8,130,7574,1,,
354,998,7,245,7579,1,,
284,8,2,224,7590,1,,
142,26,2,235,7596,1,,
142,469,6,130,7596,1,,
334,29,3,277,7598,1,,
125,66,5,314,7608,1,,
25,147,6,223,7609,1,,
80,550,6,259,7635,1,,
207,164,5,275,7635,1,,
207,384,4,240,7635,1,,
337,1321,5,259,7643,1,,
204,75,2,217,7649,1,,
180,46,6,313,7653,1,,
237,168,8,235,7656,1,,
90,362,6,207,7662,1,,
40,759,6,279,7668,1,,
256,664,4,269,7678,1,,
182,73,1,231,7681,1,,
85,797,1,217,7686,1,,
266,926,8,130,7687,1,,
352,287,6,130,7704,1,,
179,378,10,317,7708,1,,
81,550,4,259,7714,1,,
104,39,3,275,7715,1,,
104,39,2,130,7715,1,,
217,387,4,207,7726,1,,
112,39,5,130,7729,1,,
200,210,4,295,7744,1,,
200,74,4,279,7744,1,,
123,40,5,130,7754,1,,
82,153,6,304,7756,1,,
92,194,4,243,7760,1,,
330,55,7,261,7769,1,,
178,850,4,235,7771,1,,
127,811,1,142,7774,1,,
127,-1,-1,-999,7775,2,opp_score,1.0
129,370,2,311,7781,1,,
228,103,4,240,7789,1,,
346,285,3,259,7792,1,,
128,370,4,311,7798,1,,
142,1141,6,240,7801,1,,
86,21,12,306,7808,1,,
270,170,3,207,7814,1,,
163,6,6,326,7823,1,,
361,1343,4,275,7829,1,,
70,1427,2,231,7836,1,,
9,57,2,269,7850,1,,
205,505,2,259,7854,1,,
369,289,1,207,7862,1,,
370,289,3,130,7862,1,,
291,133,4,275,7872,1,,
119,39,2,130,7881,1,,
269,1257,4,198,7881,1,,
269,-1,-1,-999,7881,2,opp_score,1.0
87,303,5,280,7886,1,,
130,25,6,329,7892,1,,
83,551,2,157,7904,1,,
276,681,3,280,7905,1,,
75,152,2,279,7913,1,,
182,487,4,66,7917,1,,
206,127,4,280,7933,1,,
286,107,11,290,7936,1,,
60,90,1,275,7941,1,,
64,37,5,318,7958,1,,
38,1395,10,209,7962,1,,
331,55,4,327,7972,1,,
313,84,1,296,7981,1,,
105,23,8,229,7986,1,,
184,73,7,229,7999,1,,
122,311,2,302,8011,1,,
122,3,9,302,8011,1,,
122,154,1,302,8011,1,,
66,37,6,229,8022,1,,
273,171,8,209,8024,1,,
280,50,8,302,8026,1,,
304,1289,3,229,8030,1,,
161,479,1,280,8036,1,,
161,597,7,291,8036,1,,
371,114,9,229,8045,1,,
241,326,8,321,8053,1,,
241,104,4,321,8053,1,,
204,75,5,302,8064,1,,
106,23,5,302,8074,1,,
32,88,9,321,8075,1,,
32,1,7,322,8075,1,,
330,55,4,331,8080,1,,
1,85,4,302,8083,1,,
88,361,9,291,8088,1,,
229,130,2,229,8113,1,,
270,82,10,335,8114,1,,
86,63,7,321,8116,1,,
86,240,4,322,8116,1,,
86,193,11,303,8116,1,,
53,89,2,229,8119,1,,
25,147,5,321,8135,1,,
25,17,4,322,8135,1,,
2,85,4,302,8146,1,,
2,56,6,309,8146,1,,
110,246,12,303,8152,1,,
151,70,8,286,8166,1,,
120,461,8,322,8166,1,,
326,10,9,335,8168,1,,
326,180,6,309,8168,1,,
96,93,8,303,8180,1,,
349,31,10,299,8185,1,,
186,619,8,291,8193,1,,
348,85,4,302,8201,1,,
348,13,6,330,8201,1,,
39,59,7,301,8209,1,,
39,19,4,301,8209,1,,
238,168,8,322,8216,1,,
298,407,9,324,8216,1,,
283,8,8,286,8223,1,,
324,10,1,333,8229,1,,
324,54,6,330,8229,1,,
105,244,4,285,8246,1,,
105,368,5,183,8246,1,,
105,154,6,286,8246,1,,
297,135,8,321,8257,1,,
181,379,7,286,8258,1,,
163,6,7,322,8268,1,,
285,132,6,309,8268,1,,
284,8,10,301,8275,1,,
280,172,5,321,8276,1,,
75,62,6,335,8280,1,,
361,14,5,286,8285,1,,
347,286,6,324,8291,1,,
214,77,6,301,8296,1,,
311,52,4,330,8301,1,,
89,554,5,336,8302,1,,
99,1100,5,309,8311,1,,
66,1070,9,255,8312,1,,
212,77,4,301,8327,1,,
206,212,4,209,8332,1,,
81,1438,4,246,8338,1,,
369,423,4,209,8345,1,,
41,34,11,345,8367,1,,
251,272,4,286,8376,1,,
82,551,4,309,8383,1,,
153,99,2,321,8384,1,,
153,373,1,303,8384,1,,
128,249,3,321,8393,1,,
320,179,5,287,8397,1,,
119,808,2,173,8406,1,,
195,74,3,301,8410,1,,
275,680,4,330,8416,1,,
88,554,2,336,8419,1,,
88,361,11,349,8419,1,,
129,3,8,351,8429,1,,
148,200,9,349,8432,1,,
180,1178,1,302,8440,1,,
252,272,9,350,8440,1,,
162,201,2,322,8442,1,,
162,44,5,349,8442,1,,
83,551,1,309,8445,1,,
269,1257,2,198,8447,1,,
40,186,7,320,8462,1,,
190,207,5,349,8463,1,,
283,8,6,349,8474,1,,
286,8,2,342,8482,1,,
133,41,6,320,8501,1,,
191,382,4,310,8501,1,,
304,109,9,354,8503,1,,
105,798,7,322,8512,1,,
149,155,3,310,8518,1,,
2,0,1,301,8523,1,,
22,58,4,349,8526,1,,
10,16,6,354,8531,1,,
253,913,4,252,8532,1,,
41,441,4,335,8543,1,,
230,78,2,357,8550,1,,
84,38,5,347,8557,1,,
84,2,10,347,8557,1,,
82,358,3,286,8571,1,,
7,0,6,357,8571,1,,
7,32,8,357,8571,1,,
198,382,2,310,8572,1,,
198,28,3,347,8572,1,,
198,628,4,347,8572,1,,
206,212,8,358,8585,1,,
280,50,2,358,8603,1,,
280,82,9,278,8603,1,,
42,354,3,347,8611,1,,
42,1,7,257,8611,1,,
9,234,10,358,8625,1,,
9,0,5,358,8625,1,,
254,331,12,108,8629,1,,
13,346,9,257,8637,1,,
13,17,8,257,8637,1,,
347,421,2,278,8642,1,,
347,181,1,278,8642,1,,
347,139,8,353,8642,1,,
155,70,2,108,8650,1,,
155,255,12,108,8650,1,,
80,192,10,257,8651,1,,
205,127,9,353,8658,1,,
151,70,10,257,8665,1,,
183,616,11,108,8668,1,,
314,413,2,321,8680,1,,
314,84,2,257,8680,1,,
314,53,6,257,8680,1,,
244,80,9,108,8683,1,,
360,181,1,278,8689,1,,
360,140,12,250,8689,1,,
360,32,9,250,8689,1,,
301,135,8,338,8704,1,,
301,108,6,338,8704,1,,
136,26,8,257,8712,1,,
54,538,7,108,8718,1,,
54,89,1,338,8718,1,,
106,23,8,257,8724,1,,
243,653,8,348,8736,1,,
229,130,8,278,8738,1,,
229,103,8,266,8738,1,,
288,107,8,108,8739,1,,
288,50,6,338,8739,1,,
23,86,6,348,8745,1,,
192,493,6,257,8754,1,,
39,34,8,266,8759,1,,
39,19,6,266,8759,1,,
193,208,4,338,8759,1,,
193,7,9,360,8759,1,,
199,628,4,347,8767,1,,
152,5,5,338,8779,1,,
152,155,8,81,8779,1,,
348,181,1,278,8784,1,,
348,139,8,266,8784,1,,
348,31,8,284,8784,1,,
286,945,4,339,8798,1,,
286,132,8,281,8798,1,,
158,5,2,266,8811,1,,
158,43,9,266,8811,1,,
158,71,2,266,8811,1,,
158,595,6,284,8811,1,,
190,125,4,323,8819,1,,
190,101,10,267,8819,1,,
189,621,3,280,8823,1,,
204,126,8,278,8832,1,,
204,75,6,250,8832,1,,
102,451,6,347,8833,1,,
70,1073,7,81,8841,1,,
70,545,4,267,8841,1,,
58,540,3,321,8846,1,,
340,181,1,278,8855,1,,
340,30,10,114,8855,1,,
340,137,5,114,8855,1,,
126,3,5,267,8859,1,,
126,575,6,267,8859,1,,
111,456,1,358,8876,1,,
111,2,4,266,8876,1,,
111,305,9,114,8876,1,,
222,166,11,267,8878,1,,
109,801,3,349,8884,1,,
333,727,3,209,8891,1,,
128,462,2,347,8895,1,,
114,247,8,358,8900,1,,
114,1115,8,114,8900,1,,
17,118,10,81,8905,1,,
272,171,2,209,8918,1,,
43,762,10,281,8919,1,,
296,279,8,266,8920,1,,
296,50,5,266,8920,1,,
370,423,2,209,8927,1,,
55,538,10,81,8933,1,,
22,181,1,278,8936,1,,
22,86,9,266,8936,1,,
76,546,4,338,8950,1,,
76,92,6,81,8950,1,,
59,1063,10,266,8952,1,,
256,48,6,368,8953,1,,
331,181,1,364,8965,1,,
331,84,4,364,8965,1,,
205,127,10,114,8973,1,,
182,125,2,323,8981,1,,
182,263,4,81,8981,1,,
182,73,10,370,8981,1,,
1,181,1,364,8988,1,,
323,719,4,278,8989,1,,
323,54,5,114,8989,1,,
280,685,9,81,8995,1,,
86,21,8,278,9009,1,,
2,181,1,364,9017,1,,
241,326,9,372,9023,1,,
241,131,5,372,9023,1,,
132,250,8,266,9026,1,,
19,119,7,267,9037,1,,
19,0,3,372,9037,1,,
23,182,2,334,9038,1,,
23,0,8,334,9038,1,,
3,181,1,364,9042,1,,
229,890,10,284,9043,1,,
364,141,8,323,9049,1,,
146,588,8,266,9057,1,,
300,338,8,267,9063,1,,
212,879,8,81,9075,1,,
190,1545,12,250,9076,1,,
258,333,11,316,9077,1,,
332,181,1,364,9097,1,,
332,55,9,334,9097,1,,
332,280,5,316,9097,1,,
214,639,8,114,9098,1,,
12,521,6,81,9106,1,,
27,18,1,334,9110,1,,
27,58,8,316,9110,1,,
245,80,8,281,9122,1,,
113,3,9,316,9122,1,,
40,186,4,278,9132,1,,
40,34,3,266,9132,1,,
279,938,5,267,9140,1,,
26,87,9,308,9142,1,,
145,828,6,81,9154,1,,
286,401,6,250,9157,1,,
43,535,11,334,9166,1,,
203,126,2,278,9169,1,,
203,872,4,114,9169,1,,
203,-1,-1,-999,9169,2,opp_score,0.5
8,517,4,323,9174,1,,
269,82,9,316,9179,1,,
355,181,1,278,9180,1,,
355,288,3,356,9180,1,,
355,227,2,114,9180,1,,
10,145,4,267,9184,1,,
173,260,8,316,9190,1,,
170,157,5,353,9190,1,,
14,430,5,114,9201,1,,
274,171,5,353,9211,1,,
143,199,6,316,9214,1,,
282,941,4,81,9225,1,,
363,341,6,319,9247,1,,
348,31,6,316,9250,1,,
139,585,4,278,9254,1,,
139,68,8,371,9254,1,,
86,552,2,108,9254,1,,
86,2,2,267,9254,1,,
1,513,7,346,9265,1,,
1,-1,-1,-999,9265,2,opp_score,1.0
211,878,4,370,9268,1,,
211,-1,-1,-999,9268,2,opp_score,1.0
47,188,2,266,9269,1,,
47,88,7,371,9269,1,,
305,1653,3,338,9278,1,,
64,302,4,114,9278,1,,
70,151,5,316,9289,1,,
190,862,6,310,9298,1,,
200,628,1,347,9305,1,,
200,163,3,316,9305,1,,
239,79,4,316,9312,1,,
330,55,2,267,9317,1,,
183,205,4,114,9320,1,,
311,959,2,108,9324,1,,
328,1312,2,267,9328,1,,
137,68,7,355,9344,1,,
204,872,4,114,9359,1,,
225,1579,3,266,9367,1,,
228,103,2,338,9367,1,,
113,565,4,234,9377,1,,
337,181,1,278,9382,1,,
337,30,2,114,9382,1,,
329,1677,6,365,9398,1,,
124,573,2,358,9398,1,,
124,198,6,377,9398,1,,
314,53,2,266,9404,1,,
306,9,8,365,9410,1,,
312,413,4,316,9415,1,,
35,352,3,334,9420,1,,
229,130,3,316,9430,1,,
49,1056,10,380,9438,1,,
274,934,10,221,9442,1,,
4,181,1,364,9444,1,,
322,54,2,114,9445,1,,
212,165,6,221,9461,1,,
212,264,8,221,9461,1,,
81,2,2,334,9463,1,,
180,7,6,380,9466,1,,
178,6,12,221,9484,1,,
178,262,5,221,9484,1,,
331,725,10,221,9497,1,,
205,75,9,374,9499,1,,
313,413,1,316,9506,1,,
264,672,8,374,9513,1,,
258,104,4,389,9514,1,,
177,159,6,219,9516,1,,
177,45,8,369,9516,1,,
256,104,2,389,9528,1,,
307,9,9,221,9529,1,,
230,130,8,373,9539,1,,
6,181,1,278,9546,1,,
6,426,6,374,9546,1,,
288,50,7,386,9550,1,,
288,692,7,386,9550,1,,
115,39,5,373,9556,1,,
277,49,7,374,9559,1,,
7,181,1,278,9568,1,,
7,426,3,374,9568,1,,
223,215,7,369,9569,1,,
223,77,6,386,9569,1,,
48,188,8,221,9581,1,,
116,39,5,373,9590,1,,
116,198,6,315,9590,1,,
29,1,6,374,9597,1,,
57,539,9,59,9604,1,,
88,64,8,221,9616,1,,
109,39,3,22,9620,1,,
109,2,10,385,9620,1,,
357,112,8,221,9628,1,,
137,820,7,164,9638,1,,
136,26,10,392,9652,1,,
361,1343,6,22,9653,1,,
361,140,6,385,9653,1,,
361,112,9,200,9653,1,,
75,62,7,315,9662,1,,
101,2,4,59,9664,1,,
101,122,2,59,9664,1,,
61,774,10,315,9676,1,,
13,17,5,221,9680,1,,
93,557,6,200,9681,1,,
93,2,8,200,9681,1,,
93,242,6,200,9681,1,,
273,678,6,369,9690,1,,
208,164,8,186,9701,1,,
208,212,6,186,9701,1,,
208,7,5,186,9701,1,,
127,811,1,250,9711,1,,
127,40,12,200,9711,1,,
127,248,8,200,9711,1,,
127,-1,-1,-999,9711,2,opp_score,1.0
131,67,8,201,9718,1,,
131,96,4,201,9718,1,,
62,542,2,386,9726,1,,
62,357,12,298,9726,1,,
231,268,11,201,9733,1,,
41,88,3,385,9735,1,,
41,237,9,200,9735,1,,
41,19,5,200,9735,1,,
257,332,2,186,9749,1,,
257,395,10,186,9749,1,,
210,213,5,200,9760,1,,
210,636,8,200,9760,1,,
210,76,4,200,9760,1,,
210,-1,-1,-999,9760,2,opp_score,1.0
173,1528,12,298,9763,1,,
243,904,12,297,9766,1,,
4,15,5,385,9785,1,,
4,233,12,200,9785,1,,
1,0,8,298,9798,1,,
342,284,10,186,9799,1,,
306,9,5,385,9804,1,,
306,83,4,385,9804,1,,
306,52,4,385,9804,1,,
308,52,4,386,9814,1,,
308,9,7,298,9814,1,,
348,31,9,201,9819,1,,
110,801,12,200,9823,1,,
287,402,8,298,9826,1,,
113,565,2,267,9833,1,,
113,1470,3,281,9833,1,,
201,126,8,22,9842,1,,
201,628,4,385,9842,1,,
223,322,11,59,9849,1,,
341,30,8,22,9860,1,,
341,730,4,268,9860,1,,
97,195,4,315,9861,1,,
97,93,10,387,9861,1,,
199,1197,3,221,9863,1,,
33,120,4,22,9878,1,,
33,88,4,385,9878,1,,
33,18,3,200,9878,1,,
329,11,3,393,9885,1,,
292,173,11,200,9895,1,,
289,693,3,186,9896,1,,
289,337,6,401,9896,1,,
289,28,7,401,9896,1,,
289,107,3,401,9896,1,,
289,8,8,401,9896,1,,
277,49,2,386,9909,1,,
271,82,7,398,9919,1,,
88,64,8,201,9919,1,,
88,38,10,401,9919,1,,
189,101,1,267,9928,1,,
179,160,10,22,9931,1,,
345,30,9,387,9940,1,,
345,56,6,401,9940,1,,
152,5,7,385,9947,1,,
152,590,3,268,9947,1,,
30,1,5,387,9956,1,,
30,750,7,401,9956,1,,
131,579,7,298,9967,1,,
102,94,8,401,9968,1,,
224,77,1,386,9970,1,,
115,566,7,297,9985,1,,
115,24,2,387,9985,1,,
115,307,4,401,9985,1,,
369,1008,10,22,9988,1,,
123,40,4,297,9997,1,,
123,248,4,297,9997,1,,
19,349,8,22,10004,1,,
211,128,7,201,10011,1,,
211,47,3,401,10011,1,,
18,432,9,200,10019,1,,
141,68,8,201,10023,1,,
204,75,8,200,10034,1,,
180,262,8,401,10034,1,,
256,131,10,407,10036,1,,
192,101,8,400,10048,1,,
93,242,8,268,10048,1,,
174,45,8,407,10059,1,,
349,225,8,200,10065,1,,
139,372,4,407,10066,1,,
139,-1,-1,-999,10066,2,opp_score,1.0
235,896,7,387,10067,1,,
110,455,8,244,10079,1,,
109,1110,8,399,10082,1,,
109,154,4,399,10082,1,,
10,428,7,385,10092,1,,
11,16,10,379,10115,1,,
11,0,2,379,10115,1,,
11,145,7,379,10115,1,,
247,657,7,401,10124,1,,
63,1420,7,200,10125,1,,
75,788,6,401,10134,1,,
165,482,3,399,10135,1,,
165,6,12,379,10135,1,,
57,539,6,201,10143,1,,
288,403,7,200,10150,1,,
163,257,9,366,10155,1,,
163,124,6,378,10155,1,,
286,1274,5,387,10157,1,,
26,436,5,297,10166,1,,
136,26,10,379,10169,1,,
210,213,6,200,10170,1,,
210,636,2,200,10170,1,,
290,337,5,401,10182,1,,
245,906,10,379,10184,1,,
316,53,5,201,10191,1,,
42,238,8,379,10198,1,,
287,691,6,200,10210,1,,
70,91,5,186,10211,1,,
333,222,5,201,10220,1,,
115,1472,6,200,10222,1,,
102,451,6,22,10233,1,,
306,52,4,401,10238,1,,
76,62,6,22,10245,1,,
159,124,6,390,10267,1,,
159,71,12,376,10267,1,,
184,317,4,315,10273,1,,
94,557,1,200,10278,1,,
94,2,11,411,10278,1,,
114,24,6,379,10279,1,,
53,35,2,22,10289,1,,
53,89,3,200,10289,1,,
97,1099,1,385,10303,1,,
97,38,7,418,10303,1,,
13,0,3,379,10308,1,,
13,57,6,376,10308,1,,
13,117,7,376,10308,1,,
185,317,4,315,10312,1,,
246,656,5,385,10313,1,,
363,14,4,399,10323,1,,
363,112,5,376,10323,1,,
197,126,4,401,10327,1,,
189,101,4,22,10329,1,,
243,904,4,242,10334,1,,
33,753,12,376,10342,1,,
35,755,4,374,10345,1,,
93,242,3,186,10345,1,,
35,-1,-1,-999,10345,2,opp_score,1.0
61,90,7,376,10355,1,,
174,610,12,399,10373,1,,
234,647,3,297,10389,1,,
32,33,8,417,10393,1,,
32,18,5,415,10393,1,,
258,274,2,201,10394,1,,
10,145,2,186,10399,1,,
119,39,3,22,10403,1,,
192,317,2,315,10404,1,,
131,579,6,399,10405,1,,
0,15,1,385,10410,1,,
314,53,4,399,10414,1,,
204,75,2,387,10414,1,,
163,480,10,396,10430,1,,
1,513,1,346,10450,1,,
356,227,1,114,10452,1,,
128,95,5,434,10464,1,,
70,783,3,200,10483,1,,
222,166,4,399,10484,1,,
283,8,2,434,10490,1,,
127,811,1,250,10495,1,,
127,-1,-1,-999,10496,2,opp_score,1.0
109,24,4,379,10503,1,,
48,239,5,410,10506,1,,
86,21,3,376,10511,1,,
110,95,2,434,10512,1,,
139,372,2,407,10517,1,,
81,153,11,420,10519,1,,
81,20,8,420,10519,1,,
211,165,8,410,10526,1,,
155,124,2,390,10528,1,,
60,300,8,420,10531,1,,
353,111,4,436,10538,1,,
206,506,4,443,10555,1,,
206,102,8,443,10555,1,,
52,189,2,399,10556,1,,
30,1,12,436,10571,1,,
106,1107,2,379,10583,1,,
374,85,4,443,10585,1,,
374,143,6,443,10585,1,,
303,51,7,436,10595,1,,
142,68,8,340,10597,1,,
9,57,1,376,10608,1,,
129,40,7,439,10613,1,,
183,1538,2,417,10616,1,,
282,131,7,443,10620,1,,
282,50,12,395,10620,1,,
184,205,2,444,10628,1,,
357,13,9,406,10658,1,,
357,227,8,406,10658,1,,
57,1,11,363,10659,1,,
57,36,4,363,10659,1,,
57,770,9,437,10659,1,,
57,189,6,437,10659,1,,
83,2,9,414,10673,1,,
82,192,12,363,10685,1,,
82,2,8,363,10685,1,,
102,94,10,422,10688,1,,
291,695,10,406,10689,1,,
8,295,6,422,10698,1,,
315,53,8,395,10707,1,,
315,224,9,441,10707,1,,
5,15,3,406,10713,1,,
5,32,6,414,10713,1,,
5,144,7,414,10713,1,,
333,1317,6,414,10724,1,,
161,256,5,431,10734,1,,
245,906,6,363,10735,1,,
245,271,4,437,10735,1,,
245,47,10,437,10735,1,,
13,17,9,445,10739,1,,
160,156,4,422,10741,1,,
348,31,6,414,10751,1,,
370,85,4,443,10760,1,,
370,114,9,363,10760,1,,
370,14,6,363,10760,1,,
35,755,4,374,10760,1,,
17,118,4,406,10769,1,,
105,23,7,405,10776,1,,
105,563,4,405,10776,1,,
316,53,8,363,10783,1,,
316,10,4,363,10783,1,,
316,10,6,437,10783,1,,
23,86,8,433,10792,1,,
23,58,8,433,10792,1,,
179,160,8,405,10801,1,,
125,66,10,363,10807,1,,
125,3,4,363,10807,1,,
125,95,4,437,10807,1,,
100,1101,4,405,10819,1,,
100,2,9,449,10819,1,,
153,591,11,363,10825,1,,
153,5,2,437,10825,1,,
147,98,2,405,10833,1,,
147,4,8,427,10833,1,,
46,148,4,442,10844,1,,
46,446,10,437,10844,1,,
335,29,3,405,10844,1,,
335,222,5,405,10844,1,,
306,83,6,433,10860,1,,
306,52,12,435,10860,1,,
159,156,4,427,10860,1,,
159,43,7,450,10860,1,,
182,487,7,363,10861,1,,
182,160,5,363,10861,1,,
136,819,7,258,10871,1,,
26,0,5,405,10881,1,,
26,87,2,427,10881,1,,
206,632,9,395,10883,1,,
206,127,8,437,10883,1,,
85,38,10,433,10886,1,,
85,193,2,433,10886,1,,
85,2,6,435,10886,1,,
349,31,8,441,10899,1,,
349,13,4,363,10899,1,,
25,147,9,343,10909,1,,
362,56,6,445,10909,1,,
362,1003,6,433,10909,1,,
362,85,4,433,10909,1,,
106,799,7,443,10917,1,,
106,23,6,437,10917,1,,
309,176,6,427,10918,1,,
121,310,6,433,10930,1,,
121,3,8,433,10930,1,,
283,132,7,441,10933,1,,
283,50,5,375,10933,1,,
24,0,7,435,10953,1,,
24,86,8,435,10953,1,,
11,1025,8,445,10967,1,,
336,29,5,332,10969,1,,
336,110,8,456,10969,1,,
86,21,4,437,10983,1,,
86,21,5,443,10983,1,,
86,193,2,363,10983,1,,
42,148,2,445,10988,1,,
42,34,12,426,10988,1,,
34,18,12,456,10994,1,,
27,87,10,363,10997,1,,
36,34,4,445,11002,1,,
36,148,4,445,11002,1,,
7,0,6,456,11010,1,,
7,516,6,425,11010,1,,
190,207,10,363,11011,1,,
291,405,9,362,11017,1,,
167,72,10,456,11026,1,,
314,10,2,437,11029,1,,
314,53,8,446,11029,1,,
38,148,4,445,11032,1,,
38,34,5,438,11032,1,,
59,541,6,427,11035,1,,
112,306,9,437,11042,1,,
13,429,9,433,11047,1,,
179,1534,3,258,11048,1,,
179,72,6,425,11048,1,,
227,167,9,363,11055,1,,
105,244,10,258,11062,1,,
211,637,6,433,11069,1,,
372,1354,6,258,11071,1,,
134,371,8,363,11075,1,,
183,205,6,427,11080,1,,
263,334,8,437,11107,1,,
357,112,8,363,11119,1,,
65,544,5,445,11130,1,,
41,34,4,425,11133,1,,
5,0,1,456,11144,1,,
5,294,6,454,11144,1,,
75,62,5,433,11147,1,,
148,5,5,425,11153,1,,
321,719,1,414,11155,1,,
321,110,2,433,11155,1,,
367,113,8,437,11158,1,,
113,306,8,454,11164,1,,
228,1218,4,445,11164,1,,
254,1608,7,363,11173,1,,
82,2,4,460,11176,1,,
11,117,2,395,11184,1,,
11,234,4,363,11184,1,,
11,520,2,363,11184,1,,
225,389,10,428,11186,1,,
225,77,4,428,11186,1,,
64,37,7,363,11195,1,,
169,125,4,433,11195,1,,
1,143,5,443,11204,1,,
1,143,1,395,11204,1,,
281,50,4,405,11211,1,,
158,156,6,363,11226,1,,
36,34,4,425,11232,1,,
249,329,4,343,11239,1,,
226,77,6,419,11240,1,,
226,266,6,419,11240,1,,
226,47,8,419,11240,1,,
226,28,8,419,11240,1,,
226,166,6,419,11240,1,,
177,261,6,363,11252,1,,
14,0,9,428,11255,1,,
309,1293,4,425,11257,1,,
312,710,4,363,11273,1,,
312,52,2,363,11273,1,,
2,0,1,456,11278,1,,
2,425,10,464,11278,1,,
335,55,1,363,11282,1,,
335,29,5,363,11282,1,,
207,127,8,419,11285,1,,
207,76,6,467,11285,1,,
207,7,7,467,11285,1,,
282,1630,6,363,11291,1,,
220,882,6,375,11300,1,,
220,-1,-1,-999,11301,2,opp_score,1.0
17,118,6,464,11306,1,,
9,0,7,419,11307,1,,
9,116,8,467,11307,1,,
51,765,2,456,11317,1,,
51,1,6,464,11317,1,,
306,176,3,427,11323,1,,
86,21,10,419,11335,1,,
86,240,10,467,11335,1,,
320,10,5,462,11348,1,,
60,541,2,427,11353,1,,
172,125,2,433,11356,1,,
172,45,4,419,11356,1,,
172,259,8,467,11356,1,,
175,260,5,363,11362,1,,
256,394,5,421,11370,1,,
272,104,4,428,11375,1,,
272,48,6,419,11375,1,,
272,171,2,419,11375,1,,
33,148,4,442,11378,1,,
48,1405,10,455,11380,1,,
214,320,5,437,11386,1,,
237,168,2,435,11390,1,,
237,898,7,419,11390,1,,
375,143,5,395,11394,1,,
353,1335,2,419,11405,1,,
353,13,7,467,11405,1,,
75,152,4,375,11412,1,,
133,25,4,440,11413,1,,
133,41,8,470,11413,1,,
121,3,6,419,11419,1,,
121,310,2,467,11419,1,,
299,338,2,395,11426,1,,
140,373,12,440,11430,1,,
364,14,9,419,11434,1,,
191,7,6,455,11449,1,,
191,207,8,440,11449,1,,
66,545,7,419,11468,1,,
27,33,4,455,11474,1,,
27,0,6,381,11474,1,,
27,437,9,381,11474,1,,
155,475,2,437,11487,1,,
244,1234,2,363,11491,1,,
225,77,2,419,11494,1,,
225,266,4,419,11494,1,,
206,212,6,448,11506,1,,
56,60,5,440,11511,1,,
56,769,6,381,11511,1,,
56,189,8,381,11511,1,,
56,357,6,381,11511,1,,
371,114,1,363,11518,1,,
344,284,1,443,11522,1,,
1,0,3,419,11526,1,,
266,131,5,440,11532,1,,
266,170,4,381,11532,1,,
105,563,6,440,11550,1,,
105,65,5,381,11550,1,,
239,271,6,484,11550,1,,
275,171,4,419,11553,1,,
51,765,2,381,11567,1,,
51,765,9,440,11567,1,,
328,180,5,419,11571,1,,
60,773,5,363,11579,1,,
345,12,4,430,11586,1,,
127,811,1,250,11592,1,,
127,3,10,485,11592,1,,
127,-1,-1,-999,11592,2,opp_score,1.0
147,314,8,381,11592,1,,
147,472,9,381,11592,1,,
37,34,3,419,11600,1,,
315,10,9,440,11607,1,,
186,317,3,419,11608,1,,
152,70,4,171,11612,1,,
343,138,8,381,11621,1,,
256,916,4,419,11635,1,,
0,56,8,477,11635,1,,
84,359,6,171,11639,1,,
153,43,2,445,11646,1,,
178,262,7,381,11648,1,,
38,34,2,419,11674,1,,
161,479,5,381,11679,1,,
248,909,11,171,11683,1,,
237,650,5,441,11695,1,,
169,259,2,467,11696,1,,
375,1014,10,440,11698,1,,
333,977,5,440,11706,1,,
160,5,10,488,11709,1,,
231,78,6,481,11718,1,,
220,882,2,375,11722,1,,
159,478,4,455,11729,1,,
267,170,4,381,11736,1,,
158,477,8,262,11739,1,,
158,43,3,262,11739,1,,
102,38,8,481,11741,1,,
305,83,4,381,11749,1,,
163,6,10,262,11755,1,,
207,47,9,466,11773,1,,
207,76,6,466,11773,1,,
207,7,8,466,11773,1,,
276,681,9,262,11783,1,,
56,1413,4,424,11796,1,,
85,2,6,466,11797,1,,
85,38,12,447,11797,1,,
371,142,11,262,11800,1,,
124,66,4,381,11814,1,,
154,43,7,262,11814,1,,
154,254,1,494,11814,1,,
344,138,4,171,11819,1,,
344,110,4,481,11819,1,,
344,56,8,466,11819,1,,
60,773,7,462,11834,1,,
60,20,2,479,11834,1,,
60,-1,-1,-999,11834,2,opp_score,1.0
117,95,4,262,11840,1,,
117,39,5,262,11840,1,,
117,3,5,494,11840,1,,
117,24,4,494,11840,1,,
329,11,11,473,11849,1,,
216,321,4,466,11853,1,,
216,321,9,432,11853,1,,
223,265,9,190,11856,1,,
40,186,6,473,11859,1,,
370,289,1,447,11866,1,,
370,1009,8,447,11866,1,,
287,691,8,494,11870,1,,
25,183,6,473,11870,1,,
23,182,9,466,11879,1,,
15,0,8,501,11886,1,,
195,74,3,381,11892,1,,
32,18,7,432,11895,1,,
32,148,1,447,11895,1,,
275,1623,6,388,11900,1,,
275,935,7,262,11900,1,,
275,48,9,494,11900,1,,
53,89,8,466,11914,1,,
222,389,12,497,11919,1,,
149,42,6,466,11934,1,,
149,832,9,474,11934,1,,
224,215,12,341,11938,1,,
174,610,6,361,11945,1,,
13,146,10,489,11948,1,,
153,99,10,341,11959,1,,
16,347,11,361,11960,1,,
94,243,9,474,11961,1,,
343,12,8,447,11979,1,,
358,140,10,341,11984,1,,
335,281,10,300,11987,1,,
311,413,3,361,11993,1,,
106,245,8,474,11995,1,,
14,57,6,300,12002,1,,
267,219,4,262,12012,1,,
267,219,9,494,12012,1,,
267,48,4,190,12012,1,,
33,120,3,300,12028,1,,
24,350,9,341,12028,1,,
43,35,7,474,12030,1,,
103,561,7,262,12042,1,,
103,22,1,262,12042,1,,
92,194,8,471,12046,1,,
37,297,6,300,12047,1,,
163,6,7,494,12054,1,,
17,57,5,300,12055,1,,
63,150,7,497,12067,1,,
116,308,7,466,12069,1,,
353,1335,7,432,12080,1,,
139,585,6,262,12081,1,,
276,171,6,447,12097,1,,
288,1276,12,461,12099,1,,
288,224,10,461,12099,1,,
291,133,9,461,12125,1,,
291,224,1,461,12125,1,,
291,107,10,253,12125,1,,
128,312,5,466,12129,1,,
277,28,8,429,12138,1,,
277,1265,8,429,12138,1,,
277,49,9,429,12138,1,,
227,266,6,466,12139,1,,
104,2,6,461,12144,1,,
104,367,8,253,12144,1,,
369,289,3,447,12148,1,,
369,142,3,492,12148,1,,
85,240,6,429,12160,1,,
85,92,9,429,12160,1,,
151,834,12,461,12161,1,,
306,52,1,505,12176,1,,
306,83,10,461,12176,1,,
301,135,3,262,12180,1,,
301,338,10,429,12180,1,,
162,44,5,474,12188,1,,
13,17,10,461,12190,1,,
148,5,10,429,12197,1,,
275,680,6,447,12197,1,,
184,205,9,486,12203,1,,
203,503,5,447,12205,1,,
287,402,10,190,12213,1,,
195,209,9,253,12216,1,,
122,39,4,262,12226,1,,
122,39,1,429,12226,1,,
122,24,2,494,12226,1,,
370,342,5,504,12226,1,,
194,495,8,461,12228,1,,
60,90,7,429,12241,1,,
320,179,7,253,12250,1,,
284,1272,2,433,12255,1,,
284,8,6,509,12255,1,,
284,-1,-1,-999,12255,2,opp_score,1.0
247,328,7,253,12263,1,,
129,96,6,429,12276,1,,
363,14,6,384,12278,1,,
224,266,4,466,12286,1,,
46,1053,5,384,12293,1,,
300,338,1,429,12295,1,,
300,175,11,476,12295,1,,
207,164,4,432,12300,1,,
310,412,3,466,12313,1,,
86,360,7,476,12314,1,,
106,245,6,253,12324,1,,
371,289,2,447,12332,1,,
371,85,3,513,12332,1,,
335,29,6,461,12333,1,,
308,1292,2,481,12337,1,,
170,157,5,461,12341,1,,
103,197,5,429,12345,1,,
336,55,6,512,12356,1,,
130,578,4,461,12368,1,,
130,-1,-1,-999,12369,2,opp_score,1.0
288,947,6,509,12384,1,,
304,109,9,519,12391,1,,
107,245,4,262,12393,1,,
1,85,3,513,12396,1,,
305,9,4,486,12405,1,,
256,81,1,504,12412,1,,
27,437,4,190,12412,1,,
230,643,4,253,12413,1,,
196,209,3,253,12425,1,,
111,39,4,429,12435,1,,
260,920,2,253,12441,1,,
217,321,1,432,12442,1,,
131,96,9,521,12451,1,,
144,252,3,300,12451,1,,
51,357,3,253,12457,1,,
352,287,3,190,12459,1,,
9,57,2,429,12466,1,,
205,127,10,522,12471,1,,
42,34,3,476,12473,1,,
42,-1,-1,-999,12473,2,opp_score,1.0
287,402,2,447,12484,1,,
290,50,11,496,12504,1,,
290,173,4,496,12504,1,,
140,585,2,262,12512,1,,
180,46,6,496,12524,1,,
180,615,6,496,12524,1,,
60,773,3,462,12528,1,,
344,138,2,381,12533,1,,
348,13,10,496,12539,1,,
364,113,1,461,12545,1,,
364,-1,-1,-999,12545,2,opp_score,0.5
36,34,1,476,12552,1,,
372,15,7,496,12553,1,,
372,423,2,496,12553,1,,
38,34,1,476,12567,1,,
349,31,4,500,12573,1,,
349,286,11,482,12573,1,,
145,252,12,391,12577,1,,
351,732,8,247,12581,1,,
247,47,8,496,12584,1,,
173,260,4,496,12592,1,,
284,1272,5,433,12592,1,,
342,284,12,515,12593,1,,
365,113,1,461,12600,1,,
310,412,2,262,12608,1,,
373,114,10,491,12617,1,,
367,113,1,461,12620,1,,
27,1385,4,461,12640,1,,
127,811,1,250,12649,1,,
127,-1,-1,-999,12649,2,opp_score,1.0
360,14,2,483,12661,1,,
269,170,4,491,12670,1,,
269,7,2,530,12670,1,,
366,14,10,483,12678,1,,
311,177,6,525,12692,1,,
311,109,8,525,12692,1,,
128,154,2,525,12699,1,,
268,170,3,491,12705,1,,
268,220,12,383,12705,1,,
205,631,2,429,12706,1,,
87,1090,2,525,12713,1,,
285,400,8,383,12717,1,,
124,66,1,524,12718,1,,
305,51,8,517,12728,1,,
347,286,6,517,12738,1,,
343,284,4,453,12742,1,,
343,84,7,453,12742,1,,
20,57,6,383,12747,1,,
130,578,2,461,12749,1,,
13,0,4,511,12758,1,,
276,7,2,463,12761,1,,
276,105,8,463,12761,1,,
31,1,8,532,12764,1,,
180,46,5,383,12769,1,,
61,774,2,525,12771,1,,
61,-1,-1,-999,12771,2,opp_score,1.0
40,186,8,453,12772,1,,
133,41,2,453,12821,1,,
133,96,11,516,12821,1,,
346,30,10,463,12830,1,,
86,21,12,413,12837,1,,
228,267,3,453,12838,1,,
228,216,8,516,12838,1,,
166,258,8,463,12846,1,,
131,370,4,528,12850,1,,
131,25,3,528,12850,1,,
12,0,1,453,12854,1,,
12,117,7,516,12854,1,,
12,33,2,523,12854,1,,
142,1141,4,383,12859,1,,
142,154,5,514,12859,1,,
317,10,9,523,12870,1,,
348,992,8,475,12871,1,,
125,370,4,528,12875,1,,
125,24,6,402,12875,1,,
125,3,7,402,12875,1,,
113,565,6,516,12881,1,,
225,887,5,516,12891,1,,
0,15,4,453,12901,1,,
7,32,8,402,12901,1,,
7,294,10,402,12901,1,,
271,170,3,491,12917,1,,
271,104,4,514,12917,1,,
233,646,8,402,12924,1,,
233,167,8,402,12924,1,,
90,193,4,402,12943,1,,
90,2,8,402,12943,1,,
366,1006,5,294,12952,1,,
167,203,9,535,12953,1,,
9,518,8,413,12957,1,,
116,567,6,535,12962,1,,
39,19,4,523,12963,1,,
206,127,4,514,12969,1,,
344,988,3,496,12977,1,,
344,30,2,463,12977,1,,
305,1653,8,453,12979,1,,
85,63,5,402,12981,1,,
85,153,12,510,12981,1,,
345,139,7,535,12987,1,,
13,740,9,453,12996,1,,
29,120,10,402,12998,1,,
196,74,4,511,13003,1,,
99,22,5,535,13018,1,,
99,196,11,535,13018,1,,
236,168,4,528,13019,1,,
236,78,10,510,13019,1,,
278,105,3,463,13032,1,,
278,49,2,535,13032,1,,
87,63,5,402,13039,1,,
87,2,8,529,13039,1,,
343,987,4,514,13054,1,,
159,478,8,402,13054,1,,
238,168,3,453,13057,1,,
147,200,3,496,13067,1,,
10,16,10,529,13071,1,,
148,5,2,516,13075,1,,
4,143,4,508,13078,1,,
4,-1,-1,-999,13078,2,opp_score,1.0
214,320,2,453,13082,1,,
12,1026,3,527,13095,1,,
57,20,2,516,13099,1,,
364,113,1,461,13103,1,,
204,384,8,526,13108,1,,
277,49,8,402,13114,1,,
295,1643,9,526,13121,1,,
303,108,7,402,13127,1,,
185,161,7,529,13142,1,,
358,228,7,91,13156,1,,
155,593,6,510,13157,1,,
103,197,3,383,13157,1,,
103,243,3,526,13157,1,,
211,128,5,537,13169,1,,
276,936,6,526,13183,1,,
376,291,10,91,13183,1,,
283,1631,6,402,13188,1,,
283,-1,-1,-999,13188,2,opp_score,1.0
11,16,8,91,13195,1,,
178,377,6,510,13202,1,,
142,825,5,469,13204,1,,
373,143,1,508,13214,1,,
373,32,5,526,13214,1,,
373,-1,-1,-999,13214,2,opp_score,0.6527777777777778
290,1278,5,402,13215,1,,
55,768,6,413,13227,1,,
55,-1,-1,-999,13227,2,opp_score,1.0
375,143,1,508,13236,1,,
375,15,10,507,13236,1,,
375,231,6,549,13236,1,,
58,189,6,91,13240,1,,
58,20,12,542,13240,1,,
9,57,1,383,13252,1,,
9,15,1,507,13252,1,,
9,15,9,549,13252,1,,
215,77,5,402,13252,1,,
146,42,4,508,13259,1,,
246,656,5,413,13263,1,,
223,7,12,542,13264,1,,
223,265,6,542,13264,1,,
278,683,10,91,13295,1,,
278,335,5,542,13295,1,,
314,109,4,526,13296,1,,
314,10,2,507,13296,1,,
314,1662,8,507,13296,1,,
127,811,1,250,13298,1,,
127,370,2,528,13298,1,,
127,24,2,402,13298,1,,
127,-1,-1,-999,13298,2,stockout,0.4482758620689654
261,104,2,514,13316,1,,
261,218,6,549,13316,1,,
54,1,10,548,13322,1,,
54,36,10,451,13322,1,,
298,108,4,402,13349,1,,
113,306,8,549,13353,1,,
17,118,4,402,13359,1,,
86,552,10,548,13364,1,,
86,193,4,337,13364,1,,
86,1443,11,337,13364,1,,
86,223,9,337,13364,1,,
133,41,10,542,13378,1,,
156,5,10,533,13382,1,,
156,124,6,533,13382,1,,
134,41,6,507,13393,1,,
186,161,6,533,13394,1,,
180,316,6,549,13405,1,,
151,254,6,451,13412,1,,
151,123,6,337,13412,1,,
151,98,10,337,13412,1,,
151,42,4,540,13412,1,,
318,10,4,507,13414,1,,
305,409,12,337,13444,1,,
305,83,7,337,13444,1,,
305,51,4,337,13444,1,,
157,124,4,533,13448,1,,
233,646,4,214,13459,1,,
102,94,4,549,13463,1,,
313,84,5,533,13469,1,,
319,178,5,541,13473,1,,
90,64,7,337,13474,1,,
90,92,12,540,13474,1,,
90,2,3,550,13474,1,,
306,9,4,402,13478,1,,
49,188,3,510,13486,1,,
376,15,3,549,13494,1,,
376,1015,4,507,13494,1,,
56,36,9,337,13504,1,,
56,769,12,550,13504,1,,
70,61,7,539,13508,1,,
263,274,6,539,13529,1,,
61,774,3,525,13530,1,,
248,328,1,542,13533,1,,
248,217,7,451,13533,1,,
248,169,6,337,13533,1,,
248,7,3,337,13533,1,,
248,104,4,550,13533,1,,
69,61,5,472,13557,1,,
48,35,4,542,13559,1,,
48,1055,4,337,13559,1,,
48,19,4,337,13559,1,,
48,356,6,337,13559,1,,
64,190,9,553,13562,1,,
374,1013,1,525,13567,1,,
283,1631,2,402,13582,1,,
259,274,2,539,13584,1,,
116,805,5,451,13585,1,,
116,308,10,337,13585,1,,
116,24,3,337,13585,1,,
42,442,3,496,13589,1,,
334,418,3,507,13595,1,,
175,260,2,496,13605,1,,
175,-1,-1,-999,13606,2,opp_score,1.0
174,260,2,496,13609,1,,
269,275,3,548,13611,1,,
269,929,8,337,13611,1,,
269,82,3,540,13611,1,,
269,104,4,550,13611,1,,
222,102,5,337,13633,1,,
222,215,10,550,13633,1,,
65,190,12,545,13647,1,,
284,400,8,451,13653,1,,
284,82,5,540,13653,1,,
55,768,2,413,13654,1,,
166,482,7,545,13666,1,,
364,341,4,337,13673,1,,
364,14,9,337,13673,1,,
318,110,12,564,13678,1,,
53,189,5,559,13686,1,,
53,89,8,559,13686,1,,
329,11,8,536,13689,1,,
17,0,4,91,13694,1,,
17,118,10,337,13694,1,,
4,143,1,508,13704,1,,
336,282,12,559,13705,1,,
133,41,8,337,13713,1,,
133,67,4,337,13713,1,,
28,0,8,564,13717,1,,
105,23,8,337,13729,1,,
105,1462,2,540,13729,1,,
256,81,10,564,13731,1,,
87,447,12,459,13732,1,,
87,241,7,459,13732,1,,
288,107,6,559,13744,1,,
16,0,2,91,13745,1,,
16,0,8,550,13745,1,,
310,1294,9,520,13763,1,,
121,810,10,337,13775,1,,
316,714,7,503,13779,1,,
146,42,10,550,13789,1,,
69,782,11,416,13797,1,,
319,10,10,459,13797,1,,
287,1635,8,451,13805,1,,
287,132,4,566,13805,1,,
170,125,4,520,13808,1,,
170,72,3,503,13808,1,,
330,55,7,520,13818,1,,
159,478,4,337,13819,1,,
159,374,6,337,13819,1,,
57,239,9,569,13824,1,,
57,20,10,570,13824,1,,
373,143,6,503,13829,1,,
373,-1,-1,-999,13829,2,opp_score,1.0
10,145,5,451,13832,1,,
10,1024,4,337,13832,1,,
337,282,10,459,13840,1,,
343,12,6,548,13851,1,,
343,30,2,337,13851,1,,
176,45,4,459,13863,1,,
176,158,11,569,13863,1,,
99,22,4,337,13863,1,,
99,243,4,337,13863,1,,
42,442,11,520,13871,1,,
297,8,7,459,13878,1,,
297,701,2,570,13878,1,,
19,119,1,503,13890,1,,
19,1378,3,558,13890,1,,
19,0,7,558,13890,1,,
367,230,10,459,13894,1,,
313,711,7,337,13902,1,,
196,1194,7,451,13913,1,,
196,-1,-1,-999,13913,2,opp_score,1.0
59,1,10,552,13920,1,,
59,772,8,552,13920,1,,
130,464,4,564,13927,1,,
130,96,5,560,13927,1,,
130,40,7,560,13927,1,,
331,725,7,337,13931,1,,
88,361,9,546,13943,1,,
88,153,6,552,13943,1,,
314,84,6,560,13946,1,,
314,279,8,560,13946,1,,
335,29,6,459,13957,1,,
335,222,2,552,13957,1,,
175,260,2,496,13960,1,,
175,260,4,564,13960,1,,
175,125,4,520,13960,1,,
277,49,6,337,13962,1,,
294,174,10,552,13973,1,,
232,325,10,560,13986,1,,
192,207,8,552,13987,1,,
29,749,6,548,13988,1,,
4,143,3,503,14006,1,,
4,143,2,520,14006,1,,
4,15,8,560,14006,1,,
4,-1,-1,-999,14006,2,opp_score,1.0
286,690,6,91,14007,1,,
37,353,6,337,14016,1,,
275,935,6,567,14020,1,,
105,23,5,564,14022,1,,
305,9,6,459,14032,1,,
113,95,5,558,14040,1,,
113,3,8,565,14040,1,,
35,18,6,552,14044,1,,
136,251,4,560,14047,1,,
135,251,6,560,14056,1,,
162,598,2,451,14058,1,,
162,201,10,555,14058,1,,
8,1024,4,337,14065,1,,
318,716,5,540,14073,1,,
276,276,6,587,14077,1,,
170,606,9,337,14086,1,,
282,50,4,564,14087,1,,
270,170,1,507,14095,1,,
270,-1,-1,-999,14095,2,opp_score,1.0
183,1538,6,570,14114,1,,
154,1153,4,337,14117,1,,
363,141,6,567,14128,1,,
303,707,4,337,14131,1,,
102,304,5,552,14138,1,,
271,170,1,507,14147,1,,
271,-1,-1,-999,14147,2,opp_score,0.6527777777777778
153,43,1,520,14151,1,,
41,237,5,559,14154,1,,
173,377,4,337,14155,1,,
176,377,4,570,14168,1,,
176,261,2,567,14168,1,,
176,-1,-1,-999,14168,2,opp_score,1.0
373,143,6,520,14170,1,,
373,-1,-1,-999,14170,2,opp_score,0.699074074074074
82,358,1,496,14173,1,,
151,155,6,575,14176,1,,
59,299,10,575,14190,1,,
155,1154,3,540,14196,1,,
155,-1,-1,-999,14196,2,opp_score,0.5
233,269,5,552,14197,1,,
348,13,4,570,14206,1,,
137,4,11,577,14207,1,,
9,1024,2,337,14213,1,,
9,234,10,575,14213,1,,
249,910,4,570,14215,1,,
123,95,1,558,14223,1,,
227,167,9,544,14235,1,,
20,0,6,577,14247,1,,
36,18,9,544,14251,1,,
5,144,10,547,14257,1,,
19,349,6,572,14259,1,,
232,1222,4,337,14279,1,,
232,131,10,571,14279,1,,
143,586,6,572,14280,1,,
124,311,8,571,14299,1,,
113,3,12,578,14299,1,,
209,164,7,586,14309,1,,
209,47,9,586,14309,1,,
156,155,8,571,14311,1,,
11,117,6,578,14314,1,,
335,29,2,337,14336,1,,
335,11,6,547,14336,1,,
170,606,8,571,14347,1,,
75,92,6,572,14363,1,,
180,7,11,599,14365,1,,
180,100,11,599,14365,1,,
112,306,1,544,14371,1,,
334,29,1,584,14376,1,,
41,237,7,571,14384,1,,
4,143,4,520,14387,1,,
8,517,6,575,14394,1,,
34,121,12,599,14395,1,,
291,173,4,575,14401,1,,
171,125,4,578,14401,1,,
215,386,4,544,14404,1,,
86,21,6,575,14410,1,,
325,54,12,599,14447,1,,
114,307,6,600,14459,1,,
10,145,10,561,14467,1,,
10,295,12,561,14467,1,,
80,793,3,337,14467,1,,
127,811,1,250,14477,1,,
127,-1,-1,-999,14477,2,opp_score,1.0
161,597,9,561,14482,1,,
181,46,4,600,14486,1,,
59,299,5,571,14487,1,,
144,586,3,572,14502,1,,
144,26,10,589,14502,1,,
188,860,2,337,14508,1,,
321,179,6,573,14513,1,,
316,714,2,91,14517,1,,
137,1493,11,468,14519,1,,
270,170,4,337,14534,1,,
270,104,2,550,14534,1,,
270,-1,-1,-999,14534,2,opp_score,1.0
337,137,10,557,14536,1,,
113,306,3,544,14542,1,,
228,267,9,561,14551,1,,
229,890,1,337,14560,1,,
271,170,4,507,14560,1,,
271,-1,-1,-999,14560,2,opp_score,0.6527777777777778
335,979,6,599,14566,1,,
294,1280,4,589,14569,1,,
294,-1,-1,-999,14569,2,opp_score,1.0
301,108,1,337,14578,1,,
301,-1,-1,-999,14578,2,stockout,0.3005464480874317
174,125,4,578,14590,1,,
174,6,10,607,14590,1,,
125,66,9,554,14603,1,,
11,145,7,557,14612,1,,
11,1370,8,557,14612,1,,
325,721,8,480,14617,1,,
295,1280,4,589,14622,1,,
155,1154,2,540,14623,1,,
75,62,4,561,14631,1,,
176,261,4,567,14631,1,,
373,1012,6,557,14644,1,,
10,519,3,571,14647,1,,
80,1083,8,556,14661,1,,
322,719,6,602,14670,1,,
76,62,8,609,14682,1,,
183,205,9,574,14684,1,,
166,602,4,404,14684,1,,
293,173,10,404,14700,1,,
330,55,9,404,14715,1,,
77,62,6,404,14727,1,,
308,411,8,574,14729,1,,
87,1444,2,404,14734,1,,
153,43,8,574,14743,1,,
354,226,6,609,14757,1,,
108,800,9,562,14758,1,,
12,16,6,574,14770,1,,
364,113,8,574,14784,1,,
214,214,4,561,14791,1,,
224,323,4,557,14800,1,,
204,75,1,404,14805,1,,
145,471,1,561,14806,1,,
203,47,6,574,14813,1,,
5,1021,3,561,14813,1,,
88,241,5,604,14815,1,,
160,124,6,562,14824,1,,
78,1,4,613,14837,1,,
78,302,6,613,14837,1,,
78,62,6,592,14837,1,,
205,211,10,579,14841,1,,
228,641,7,614,14853,1,,
157,594,9,328,14856,1,,
128,312,10,613,14870,1,,
376,1015,5,574,14889,1,,
291,133,6,613,14897,1,,
169,605,6,592,14912,1,,
125,574,10,404,14923,1,,
125,574,12,230,14923,1,,
125,40,4,230,14923,1,,
146,42,6,592,14923,1,,
105,2,10,610,14929,1,,
105,23,8,610,14929,1,,
86,2,10,616,14946,1,,
286,50,2,230,14957,1,,
286,278,6,230,14957,1,,
286,107,8,619,14957,1,,
286,8,9,619,14957,1,,
229,890,10,616,14962,1,,
300,704,12,620,14971,1,,
241,1595,5,610,14972,1,,
167,203,5,230,14980,1,,
167,6,10,230,14980,1,,
25,87,6,610,14986,1,,
25,33,2,616,14986,1,,
10,16,4,616,14995,1,,
155,99,6,328,14999,1,,
155,255,7,230,14999,1,,
197,126,2,543,15002,1,,
161,124,1,562,15007,1,,
144,252,12,620,15011,1,,
245,80,11,230,15017,1,,
298,135,6,621,15029,1,,
210,507,8,230,15041,1,,
210,102,9,230,15041,1,,
270,170,2,507,15045,1,,
83,1086,1,561,15051,1,,
333,727,11,230,15059,1,,
79,192,7,506,15064,1,,
294,1280,4,589,15074,1,,
294,-1,-1,-999,15074,2,opp_score,1.0
77,790,12,328,15078,1,,
192,207,6,603,15093,1,,
177,159,3,409,15096,1,,
120,24,2,579,15096,1,,
120,1120,10,452,15096,1,,
182,263,4,409,15105,1,,
195,1550,9,452,15111,1,,
299,135,12,603,15123,1,,
43,35,8,619,15125,1,,
301,108,7,337,15135,1,,
301,-1,-1,-999,15136,2,opp_score,1.0
163,257,5,625,15139,1,,
163,44,6,625,15139,1,,
163,314,6,625,15139,1,,
157,71,2,230,15146,1,,
157,594,12,452,15146,1,,
226,216,6,603,15147,1,,
104,197,5,603,15158,1,,
93,65,6,625,15160,1,,
93,2,4,625,15160,1,,
93,92,4,625,15160,1,,
357,1339,8,328,15160,1,,
213,638,3,603,15166,1,,
213,-1,-1,-999,15167,2,opp_score,1.0
256,48,9,625,15175,1,,
28,527,7,230,15176,1,,
28,-1,-1,-999,15176,2,stockout,0.2131147540983606
288,692,11,576,15198,1,,
91,2,6,576,15213,1,,
89,64,9,458,15228,1,,
206,212,6,230,15237,1,,
206,874,1,230,15237,1,,
300,704,12,409,15239,1,,
300,82,10,629,15239,1,,
300,135,4,629,15239,1,,
211,128,8,631,15247,1,,
211,47,4,635,15247,1,,
293,951,7,457,15250,1,,
96,2,5,230,15263,1,,
96,21,2,230,15263,1,,
156,1155,12,458,15266,1,,
26,0,7,629,15277,1,,
26,119,6,248,15277,1,,
26,119,8,629,15277,1,,
26,147,7,248,15277,1,,
336,282,7,230,15278,1,,
35,18,6,230,15305,1,,
175,100,8,629,15307,1,,
175,100,9,248,15307,1,,
175,204,4,248,15307,1,,
85,193,11,635,15313,1,,
10,16,10,248,15337,1,,
10,116,2,499,15337,1,,
10,32,10,499,15337,1,,
113,565,6,328,15350,1,,
257,48,6,452,15362,1,,
130,25,4,631,15369,1,,
130,67,6,635,15369,1,,
308,279,6,248,15370,1,,
308,956,12,499,15370,1,,
308,109,6,465,15370,1,,
280,685,6,230,15374,1,,
106,2,4,625,15401,1,,
106,2,8,465,15401,1,,
106,23,10,465,15401,1,,
127,811,1,250,15407,1,,
127,24,5,579,15407,1,,
127,-1,-1,-999,15407,2,stockout,0.4482758620689654
176,261,4,328,15422,1,,
367,230,8,629,15431,1,,
367,422,8,465,15431,1,,
367,14,5,465,15431,1,,
160,201,11,394,15436,1,,
160,841,12,394,15436,1,,
160,43,10,394,15436,1,,
196,74,4,499,15461,1,,
196,74,2,248,15461,1,,
196,627,10,248,15461,1,,
196,7,6,499,15461,1,,
247,328,3,230,15461,1,,
24,182,5,458,15462,1,,
24,1037,8,394,15462,1,,
24,0,5,394,15462,1,,
190,317,4,534,15472,1,,
263,334,9,635,15485,1,,
263,7,7,394,15485,1,,
295,134,11,248,15486,1,,
295,107,6,499,15486,1,,
286,132,7,458,15508,1,,
286,221,3,394,15508,1,,
286,107,6,394,15508,1,,
78,20,6,629,15509,1,,
78,548,10,248,15509,1,,
124,66,3,563,15518,1,,
177,204,4,248,15530,1,,
177,45,10,499,15530,1,,
179,1534,2,230,15534,1,,
131,249,7,394,15534,1,,
131,4,4,394,15534,1,,
131,123,7,478,15534,1,,
20,0,3,629,15550,1,,
20,33,3,499,15550,1,,
20,33,6,636,15550,1,,
20,349,1,499,15550,1,,
312,10,2,534,15556,1,,
356,227,1,394,15563,1,,
356,288,12,478,15563,1,,
356,736,7,478,15563,1,,
91,21,7,499,15572,1,,
91,555,7,499,15572,1,,
148,69,4,591,15577,1,,
192,317,2,534,15583,1,,
99,22,3,458,15584,1,,
99,196,5,394,15584,1,,
99,448,6,394,15584,1,,
178,204,4,248,15592,1,,
178,72,9,640,15592,1,,
181,262,7,591,15605,1,,
335,29,6,631,15606,1,,
335,55,9,478,15606,1,,
136,583,12,248,15616,1,,
86,63,4,394,15627,1,,
86,240,10,478,15627,1,,
281,398,10,248,15632,1,,
314,712,12,478,15646,1,,
39,19,4,611,15648,1,,
248,658,7,629,15654,1,,
248,47,5,499,15654,1,,
38,185,7,643,15661,1,,
98,448,11,478,15663,1,,
28,527,1,230,15667,1,,
122,1479,10,478,15680,1,,
344,138,4,611,15682,1,,
344,12,5,643,15682,1,,
301,135,9,248,15685,1,,
149,69,8,394,15694,1,,
42,34,8,499,15696,1,,
188,492,7,643,15701,1,,
119,570,6,394,15709,1,,
119,808,3,478,15709,1,,
343,12,2,612,15713,1,,
123,572,8,499,15730,1,,
186,206,8,458,15740,1,,
111,456,8,629,15742,1,,
373,1355,7,248,15752,1,,
226,216,8,458,15761,1,,
242,327,4,629,15778,1,,
242,271,10,653,15778,1,,
30,87,6,656,15786,1,,
10,1369,6,465,15787,1,,
10,-1,-1,-999,15787,2,stockout,0.1877815315315315
346,420,7,394,15790,1,,
127,811,1,250,15792,1,,
127,-1,-1,-999,15792,2,opp_score,1.0
163,202,6,465,15796,1,,
25,87,2,656,15799,1,,
34,88,7,478,15803,1,,
202,74,6,248,15806,1,,
193,73,3,654,15809,1,,
29,87,4,656,15818,1,,
245,80,8,624,15820,1,,
237,270,2,248,15829,1,,
237,78,4,248,15829,1,,
181,1179,12,611,15837,1,,
335,281,2,619,15857,1,,
335,-1,-1,-999,15857,2,opp_score,0.5
222,389,6,499,15860,1,,
304,136,10,624,15865,1,,
304,109,10,624,15865,1,,
304,175,6,624,15865,1,,
146,4,4,394,15877,1,,
146,829,3,394,15877,1,,
179,204,4,658,15883,1,,
228,103,7,624,15890,1,,
176,204,4,658,15892,1,,
118,39,5,629,15902,1,,
169,259,6,394,15909,1,,
121,39,5,629,15910,1,,
315,963,6,394,15921,1,,
31,1,6,623,15926,1,,
31,58,6,623,15926,1,,
205,127,5,629,15934,1,,
64,543,6,394,15936,1,,
172,204,2,658,15944,1,,
172,6,9,646,15944,1,,
345,111,5,499,15950,1,,
195,626,6,458,15953,1,,
347,111,5,499,15970,1,,
130,578,4,499,15979,1,,
130,-1,-1,-999,15979,2,opp_score,1.0
111,305,4,412,15986,1,,
134,4,4,623,15991,1,,
134,96,2,623,15991,1,,
151,254,6,623,16002,1,,
371,114,6,394,16006,1,,
269,1257,2,248,16015,1,,
269,48,2,465,16015,1,,
269,-1,-1,-999,16016,2,opp_score,0.636015325670498
224,1214,6,635,16017,1,,
208,76,5,394,16027,1,,
192,162,5,623,16028,1,,
302,136,4,634,16031,1,,
221,388,5,623,16038,1,,
221,-1,-1,-999,16038,2,opp_score,1.0
6,233,2,629,16047,1,,
6,116,1,499,16047,1,,
114,95,4,646,16052,1,,
114,247,4,655,16052,1,,
290,173,3,629,16054,1,,
260,1614,7,645,16065,1,,
54,36,8,655,16079,1,,
242,652,9,624,16082,1,,
268,220,4,394,16089,1,,
147,98,7,655,16104,1,,
236,1226,5,635,16105,1,,
191,1546,3,625,16108,1,,
194,495,3,478,16111,1,,
237,898,6,623,16116,1,,
237,-1,-1,-999,16116,2,opp_score,1.0
153,99,4,478,16118,1,,
128,25,5,645,16126,1,,
4,0,2,394,16144,1,,
101,450,2,248,16155,1,,
101,93,1,465,16155,1,,
5,294,2,478,16158,1,,
118,569,6,408,16166,1,,
7,294,2,478,16189,1,,
10,1369,6,465,16192,1,,
155,255,2,499,16199,1,,
150,27,5,664,16209,1,,
346,111,2,499,16211,1,,
213,638,1,603,16214,1,,
275,171,4,623,16218,1,,
102,122,6,627,16229,1,,
341,419,2,458,16230,1,,
256,273,1,499,16235,1,,
238,1228,2,625,16243,1,,
163,376,4,655,16244,1,,
134,1490,1,465,16254,1,,
121,310,6,646,16255,1,,
292,173,1,629,16281,1,,
335,281,8,619,16284,1,,
335,55,3,655,16284,1,,
164,376,4,655,16293,1,,
165,376,3,655,16301,1,,
1,115,8,665,16302,1,,
193,162,1,623,16307,1,,
127,811,1,250,16312,1,,
127,-1,-1,-999,16312,2,opp_score,1.0
198,319,12,674,16327,1,,
198,264,2,674,16327,1,,
359,14,1,465,16329,1,,
6,144,8,674,16338,1,,
11,145,9,672,16353,1,,
175,260,3,674,16359,1,,
2,293,4,674,16366,1,,
114,39,3,674,16374,1,,
130,578,6,499,16376,1,,
130,-1,-1,-999,16377,2,opp_score,1.0
109,1110,1,248,16382,1,,
122,123,4,672,16388,1,,
122,571,4,672,16388,1,,
158,156,10,666,16396,1,,
269,1257,3,248,16399,1,,
334,418,6,666,16407,1,,
61,36,7,568,16408,1,,
61,90,6,568,16408,1,,
118,807,9,597,16414,1,,
295,699,2,666,16422,1,,
295,-1,-1,-999,16422,2,opp_score,0.5192307692307693
357,112,10,601,16430,1,,
4,233,8,568,16431,1,,
4,15,7,630,16431,1,,
330,724,2,666,16438,1,,
283,8,5,659,16468,1,,
341,1325,4,646,16482,1,,
341,-1,-1,-999,16482,2,stockout,0.4482758620689654
101,122,10,660,16488,1,,
62,190,10,630,16489,1,,
62,149,6,663,16489,1,,
62,60,4,663,16489,1,,
237,898,2,623,16501,1,,
258,48,8,660,16502,1,,
288,172,3,282,16510,1,,
221,388,5,623,16511,1,,
376,1015,6,660,16524,1,,
294,174,8,675,16525,1,,
227,7,1,672,16526,1,,
227,77,6,568,16526,1,,
227,129,4,663,16526,1,,
227,102,2,663,16526,1,,
134,817,8,626,16539,1,,
75,152,3,660,16544,1,,
75,38,8,668,16544,1,,
174,158,8,672,16544,1,,
174,72,5,568,16544,1,,
164,600,8,272,16553,1,,
146,42,6,630,16562,1,,
146,26,7,663,16562,1,,
15,17,6,568,16578,1,,
15,57,6,568,16578,1,,
70,37,2,568,16592,1,,
70,191,8,663,16592,1,,
110,2,3,568,16605,1,,
110,1111,6,663,16605,1,,
128,3,4,660,16606,1,,
166,1521,8,568,16617,1,,
3,233,9,676,16630,1,,
127,811,1,250,16644,1,,
127,-1,-1,-999,16644,2,opp_score,1.0
11,520,8,568,16650,1,,
34,1,10,583,16652,1,,
34,148,4,583,16652,1,,
158,477,9,593,16660,1,,
35,59,7,672,16661,1,,
246,656,8,583,16667,1,,
256,916,8,568,16673,1,,
151,70,7,568,16696,1,,
280,172,10,551,16697,1,,
280,685,12,551,16697,1,,
135,371,6,667,16716,1,,
10,519,9,551,16727,1,,
10,85,2,551,16727,1,,
10,0,10,617,16727,1,,
321,280,4,667,16727,1,,
129,40,8,679,16744,1,,
213,77,6,568,16746,1,,
265,274,6,551,16755,1,,
265,335,10,617,16755,1,,
265,48,4,617,16755,1,,
103,367,8,679,16758,1,,
147,200,5,679,16770,1,,
262,1252,6,583,16776,1,,
262,131,8,661,16776,1,,
313,84,10,679,16786,1,,
339,137,6,568,16794,1,,
74,1077,8,679,16800,1,,
74,-1,-1,-999,16800,2,opp_score,1.0
47,1,5,551,16805,1,,
47,35,6,551,16805,1,,
47,356,10,617,16805,1,,
220,882,4,679,16809,1,,
220,-1,-1,-999,16809,2,opp_score,1.0
16,57,5,568,16819,1,,
199,46,10,551,16828,1,,
199,74,5,617,16828,1,,
199,-1,-1,-999,16828,2,opp_score,0.5172413793103448
348,13,6,663,16828,1,,
184,161,4,568,16839,1,,
278,49,8,652,16845,1,,
338,137,6,583,16849,1,,
338,11,8,617,16849,1,,
17,1376,3,568,16855,1,,
301,8,6,652,16861,1,,
301,51,4,652,16861,1,,
67,545,11,551,16866,1,,
224,886,4,672,16869,1,,
81,192,5,568,16877,1,,
28,33,8,661,16887,1,,
28,119,2,617,16887,1,,
28,148,4,684,16887,1,,
188,492,8,671,16903,1,,
59,1416,10,661,16904,1,,
211,637,3,663,16906,1,,
279,49,1,663,16913,1,,
279,278,2,676,16913,1,,
200,628,3,568,16918,1,,
221,388,10,617,16930,1,,
118,569,10,282,16947,1,,
113,39,1,674,16953,1,,
113,3,2,663,16953,1,,
113,-1,-1,-999,16953,2,stockout,0.2622950819672131
216,77,6,652,16954,1,,
49,1056,6,671,16966,1,,
218,77,5,652,16976,1,,
128,25,8,690,16990,1,,
148,98,9,551,16993,1,,
54,149,2,663,16993,1,,
135,818,5,673,17001,1,,
130,578,1,499,17008,1,,
130,40,8,617,17008,1,,
40,186,4,652,17014,1,,
204,75,9,551,17023,1,,
87,797,4,652,17024,1,,
335,29,2,674,17024,1,,
232,325,2,674,17029,1,,
341,1325,4,646,17033,1,,
341,-1,-1,-999,17033,2,opp_score,1.0
344,138,1,630,17036,1,,
284,106,4,583,17036,1,,
284,400,3,617,17036,1,,
344,-1,-1,-999,17036,2,opp_score,0.5517241379310345
203,74,6,617,17065,1,,
89,64,6,551,17076,1,,
287,946,6,583,17094,1,,
313,961,8,671,17103,1,,
313,961,11,652,17103,1,,
240,271,6,617,17105,1,,
295,699,3,666,17111,1,,
229,390,2,652,17119,1,,
85,797,1,652,17125,1,,
201,163,6,677,17127,1,,
201,28,4,677,17127,1,,
201,46,8,677,17127,1,,
361,340,5,677,17135,1,,
86,21,9,691,17146,1,,
233,78,10,628,17150,1,,
132,67,6,681,17158,1,,
326,54,12,677,17169,1,,
348,31,6,551,17172,1,,
283,8,6,677,17180,1,,
237,390,10,644,17205,1,,
336,29,5,518,17209,1,,
127,811,1,250,17210,1,,
127,-1,-1,-999,17211,2,opp_score,1.0
105,23,8,518,17223,1,,
53,89,5,681,17229,1,,
220,882,6,679,17229,1,,
220,-1,-1,-999,17229,2,opp_score,1.0
177,159,4,518,17243,1,,
162,44,5,551,17244,1,,
64,1068,12,700,17248,1,,
305,9,2,518,17250,1,,
288,403,5,583,17252,1,,
30,148,4,684,17260,1,,
277,171,4,617,17266,1,,
335,29,2,518,17267,1,,
149,155,1,700,17270,1,,
149,123,6,700,17270,1,,
149,26,8,700,17270,1,,
311,1295,6,644,17284,1,,
311,109,2,700,17284,1,,
153,155,8,700,17298,1,,
199,628,4,568,17321,1,,
199,-1,-1,-999,17321,2,opp_score,1.0
81,794,4,583,17335,1,,
52,189,9,693,17337,1,,
52,60,8,693,17337,1,,
90,64,4,697,17342,1,,
128,25,3,708,17347,1,,
217,165,8,700,17369,1,,
217,321,7,669,17369,1,,
306,9,11,699,17372,1,,
114,803,4,617,17377,1,,
307,52,2,551,17381,1,,
197,74,4,312,17382,1,,
197,-1,-1,-999,17382,2,opp_score,0.6875
113,39,1,674,17387,1,,
35,148,2,684,17391,1,,
87,63,7,644,17394,1,,
87,193,10,669,17394,1,,
200,74,2,312,17394,1,,
251,660,3,312,17404,1,,
251,-1,-1,-999,17404,2,opp_score,1.0
315,109,10,669,17422,1,,
315,1299,10,325,17422,1,,
351,995,2,551,17450,1,,
86,63,1,644,17451,1,,
86,240,9,700,17451,1,,
86,552,10,669,17451,1,,
207,164,1,617,17453,1,,
288,692,9,695,17468,1,,
344,138,1,630,17469,1,,
145,587,6,669,17472,1,,
145,26,8,669,17472,1,,
11,344,12,669,17491,1,,
70,191,6,703,17491,1,,
367,230,2,703,17506,1,,
43,35,12,669,17509,1,,
222,265,5,700,17528,1,,
222,128,7,325,17528,1,,
305,83,12,718,17539,1,,
22,119,2,669,17544,1,,
22,524,8,669,17544,1,,
73,91,11,382,17551,1,,
170,1168,4,693,17563,1,,
170,259,8,325,17563,1,,
363,141,10,637,17567,1,,
348,13,10,716,17570,1,,
44,35,6,382,17579,1,,
150,27,6,716,17580,1,,
365,14,8,700,17581,1,,
365,229,4,693,17581,1,,
269,1257,1,382,17584,1,,
269,-1,-1,-999,17584,2,opp_score,1.0
177,613,6,716,17595,1,,
102,94,7,644,17598,1,,
102,22,3,669,17598,1,,
113,39,2,583,17617,1,,
113,39,2,617,17617,1,,
113,-1,-1,-999,17617,2,opp_score,1.0
23,1036,8,669,17618,1,,
298,175,5,720,17625,1,,
181,316,6,700,17634,1,,
181,125,4,669,17634,1,,
123,65,4,712,17647,1,,
123,3,6,712,17647,1,,
295,699,9,644,17649,1,,
295,-1,-1,-999,17650,2,opp_score,1.0
232,78,8,712,17669,1,,
270,275,3,704,17672,1,,
207,633,8,580,17681,1,,
207,-1,-1,-999,17681,2,stockout,0.4482758620689654
199,628,1,568,17686,1,,
199,74,4,312,17686,1,,
349,13,2,693,17687,1,,
349,139,6,669,17687,1,,
37,353,4,712,17688,1,,
344,138,7,703,17699,1,,
262,670,5,712,17700,1,,
159,43,5,669,17700,1,,
159,478,2,325,17700,1,,
234,167,3,700,17713,1,,
234,78,4,325,17713,1,,
263,1617,8,669,17727,1,,
1,15,6,669,17738,1,,
271,221,6,727,17745,1,,
167,72,2,712,17750,1,,
210,28,12,726,17754,1,,
210,636,6,726,17754,1,,
210,-1,-1,-999,17754,2,stockout,0.4482758620689654
250,393,6,726,17765,1,,
63,150,6,693,17770,1,,
197,74,1,617,17774,1,,
42,238,4,726,17776,1,,
166,203,6,639,17792,1,,
93,242,6,325,17797,1,,
253,81,7,657,17826,1,,
253,331,7,657,17826,1,,
128,25,6,693,17827,1,,
314,53,6,701,17841,1,,
251,660,2,312,17847,1,,
251,1241,7,382,17847,1,,
168,72,8,657,17847,1,,
168,44,4,657,17847,1,,
168,6,4,605,17847,1,,
127,811,1,250,17852,1,,
127,95,5,325,17852,1,,
127,-1,-1,-999,17852,2,opp_score,1.0
15,1029,10,657,17862,1,,
38,297,5,669,17863,1,,
211,385,12,721,17872,1,,
45,445,3,657,17881,1,,
45,59,9,605,17881,1,,
173,45,4,700,17887,1,,
173,125,1,669,17887,1,,
181,316,5,707,17903,1,,
202,502,7,605,17911,1,,
202,-1,-1,-999,17911,2,opp_score,0.7135416666666666
39,59,2,707,17924,1,,
39,534,12,707,17924,1,,
151,70,10,605,17927,1,,
206,506,4,669,17942,1,,
335,281,4,669,17952,1,,
335,-1,-1,-999,17952,2,opp_score,0.5
212,165,7,657,17955,1,,
171,259,3,325,17960,1,,
24,526,4,325,17969,1,,
19,57,6,605,17975,1,,
19,17,7,719,17975,1,,
223,265,3,700,17981,1,,
223,-1,-1,-999,17981,2,opp_score,0.5
269,1257,4,382,17982,1,,
269,-1,-1,-999,17982,2,opp_score,1.0
25,147,6,657,17987,1,,
83,63,3,644,17989,1,,
111,305,1,712,17997,1,,
111,2,4,605,17997,1,,
203,211,2,669,18001,1,,
21,57,4,605,18016,1,,
21,433,8,683,18016,1,,
336,222,11,741,18042,1,,
113,39,5,617,18046,1,,
113,-1,-1,-999,18046,2,opp_score,1.0
270,82,12,740,18052,1,,
42,34,7,590,18064,1,,
42,-1,-1,-999,18065,2,opp_score,1.0
199,1197,4,651,18072,1,,
301,108,3,605,18080,1,,
18,17,8,741,18113,1,,
18,17,11,737,18113,1,,
18,432,4,737,18113,1,,
18,0,2,737,18113,1,,
180,7,12,728,18117,1,,
180,160,8,728,18117,1,,
215,214,6,728,18128,1,,
161,375,2,605,18137,1,,
75,92,3,741,18147,1,,
75,1,12,737,18147,1,,
75,20,10,737,18147,1,,
337,11,7,728,18147,1,,
337,282,5,728,18147,1,,
363,141,4,728,18156,1,,
70,151,2,657,18172,1,,
283,942,11,728,18174,1,,
28,87,8,741,18187,1,,
28,0,4,737,18187,1,,
62,301,8,728,18188,1,,
64,90,8,723,18202,1,,
224,129,1,728,18207,1,,
119,3,2,741,18225,1,,
119,1476,10,737,18225,1,,
207,633,4,580,18238,1,,
256,394,9,737,18241,1,,
52,1059,7,723,18254,1,,
240,79,10,741,18257,1,,
4,0,6,685,18259,1,,
365,1347,9,737,18272,1,,
86,21,8,737,18286,1,,
297,135,4,722,18295,1,,
284,132,7,737,18298,1,,
373,143,3,738,18309,1,,
321,967,6,741,18310,1,,
147,472,6,741,18321,1,,
167,483,10,731,18326,1,,
12,146,2,722,18333,1,,
25,1383,11,746,18340,1,,
271,82,8,731,18347,1,,
63,90,4,723,18357,1,,
63,1,6,746,18357,1,,
20,1033,6,731,18358,1,,
162,375,6,731,18370,1,,
272,82,9,746,18372,1,,
319,110,6,723,18383,1,,
336,980,8,737,18388,1,,
217,77,6,746,18397,1,,
57,20,7,753,18402,1,,
26,1039,5,737,18412,1,,
335,281,5,669,18425,1,,
55,1062,6,608,18431,1,,
47,356,1,728,18434,1,,
219,77,4,746,18445,1,,
14,146,8,756,18449,1,,
210,636,3,726,18453,1,,
31,439,4,737,18461,1,,
140,823,1,723,18470,1,,
140,-1,-1,-999,18470,2,opp_score,1.0
11,117,9,760,18481,1,,
0,32,2,765,18486,1,,
152,590,3,731,18501,1,,
152,-1,-1,-999,18501,2,opp_score,1.0
295,699,2,644,18502,1,,
111,95,1,325,18508,1,,
256,1246,5,746,18514,1,,
341,1325,2,646,18514,1,,
269,1257,3,382,18527,1,,
128,3,10,758,18531,1,,
223,265,1,700,18531,1,,
223,1577,9,694,18531,1,,
153,43,1,669,18536,1,,
135,4,7,758,18541,1,,
42,34,1,590,18543,1,,
160,224,2,763,18549,1,,
338,137,6,747,18550,1,,
113,39,5,617,18559,1,,
113,-1,-1,-999,18559,2,opp_score,1.0
234,28,6,755,18581,1,,
234,895,6,755,18581,1,,
130,67,8,698,18594,1,,
129,198,6,755,18598,1,,
281,106,4,755,18607,1,,
343,12,1,755,18615,1,,
96,21,5,744,18621,1,,
288,107,10,769,18636,1,,
227,167,7,766,18636,1,,
114,247,9,744,18640,1,,
136,4,10,773,18656,1,,
328,1312,4,744,18666,1,,
328,-1,-1,-999,18666,2,opp_score,1.0
348,31,8,739,18666,1,,
324,54,5,622,18676,1,,
259,1613,7,739,18679,1,,
59,299,2,744,18683,1,,
342,137,12,764,18698,1,,
271,170,4,764,18707,1,,
271,-1,-1,-999,18707,2,opp_score,0.6527777777777778
228,167,5,757,18710,1,,
270,170,2,764,18713,1,,
252,1242,10,764,18730,1,,
182,263,12,490,18738,1,,
151,70,7,739,18742,1,,
210,76,6,490,18754,1,,
210,877,4,490,18754,1,,
44,187,6,490,18772,1,,
44,1,5,490,18772,1,,
115,307,1,742,18777,1,,
50,1,8,752,18779,1,,
50,35,9,752,18779,1,,
50,764,5,403,18779,1,,
143,68,8,490,18789,1,,
143,373,2,490,18789,1,,
91,304,7,717,18800,1,,
91,2,6,713,18800,1,,
139,68,1,490,18806,1,,
139,4,10,588,18806,1,,
170,224,4,752,18811,1,,
170,157,7,752,18811,1,,
170,203,7,729,18811,1,,
170,1168,5,641,18811,1,,
131,25,10,717,18824,1,,
131,96,6,717,18824,1,,
159,256,9,717,18839,1,,
223,77,6,490,18840,1,,
223,389,4,588,18840,1,,
349,13,5,752,18845,1,,
349,13,12,729,18845,1,,
349,225,4,777,18845,1,,
349,85,4,777,18845,1,,
248,1602,8,490,18854,1,,
305,1290,8,588,18868,1,,
306,83,9,772,18883,1,,
55,1062,8,682,18885,1,,
55,239,10,749,18885,1,,
55,189,8,749,18885,1,,
55,1,9,749,18885,1,,
47,60,7,588,18896,1,,
196,46,8,717,18909,1,,
196,209,8,749,18909,1,,
172,6,10,777,18926,1,,
172,28,6,759,18926,1,,
172,608,10,759,18926,1,,
172,157,9,759,18926,1,,
78,152,7,717,18928,1,,
78,548,6,749,18928,1,,
357,56,2,768,18944,1,,
357,13,8,768,18944,1,,
357,112,6,768,18944,1,,
53,121,6,647,18949,1,,
53,89,8,647,18949,1,,
241,902,8,403,18953,1,,
241,79,11,641,18953,1,,
228,103,2,490,18963,1,,
228,77,6,490,18963,1,,
228,167,6,768,18963,1,,
183,616,9,647,18964,1,,
25,183,8,647,18978,1,,
102,122,4,752,18983,1,,
102,1459,8,403,18983,1,,
102,196,9,759,18983,1,,
206,212,6,588,18990,1,,
206,127,6,768,18990,1,,
327,54,8,682,18992,1,,
134,25,2,588,19009,1,,
134,817,9,768,19009,1,,
146,42,6,752,19010,1,,
146,42,7,403,19010,1,,
146,97,5,403,19010,1,,
146,4,1,759,19010,1,,
363,141,8,717,19019,1,,
283,50,9,752,19037,1,,
283,8,4,777,19037,1,,
283,8,6,403,19037,1,,
26,295,2,750,19047,1,,
26,183,5,750,19047,1,,
48,148,4,768,19051,1,,
48,60,4,768,19051,1,,
351,85,3,777,19059,1,,
351,225,6,759,19059,1,,
351,56,6,759,19059,1,,
304,408,7,717,19065,1,,
307,9,10,768,19065,1,,
101,122,6,749,19074,1,,
182,204,4,588,19076,1,,
182,379,2,768,19076,1,,
24,33,4,752,19080,1,,
24,86,10,752,19080,1,,
113,306,6,490,19085,1,,
9,427,5,768,19093,1,,
121,248,7,729,19101,1,,
121,810,7,759,19101,1,,
96,2,5,490,19101,1,,
121,-1,-1,-999,19102,2,opp_score,0.5859649122807018
140,823,5,723,19109,1,,
10,57,4,749,19117,1,,
64,37,6,403,19120,1,,
64,60,6,641,19120,1,,
328,1312,5,744,19131,1,,
136,67,3,777,19138,1,,
136,4,9,759,19138,1,,
190,382,4,752,19155,1,,
190,622,6,403,19155,1,,
131,579,4,768,19155,1,,
139,372,4,531,19162,1,,
139,-1,-1,-999,19162,2,opp_score,1.0
2,514,4,768,19169,1,,
207,212,4,717,19169,1,,
111,305,9,759,19170,1,,
111,-1,-1,-999,19170,2,opp_score,0.5570175438596491
196,497,6,647,19179,1,,
119,1119,8,403,19184,1,,
275,105,4,713,19186,1,,
308,176,4,717,19193,1,,
308,-1,-1,-999,19193,2,opp_score,1.0
183,488,2,633,19198,1,,
269,170,4,768,19205,1,,
306,176,1,717,19217,1,,
306,52,6,780,19217,1,,
162,44,8,777,19227,1,,
200,210,2,749,19238,1,,
329,54,8,403,19241,1,,
172,608,4,490,19247,1,,
37,148,4,768,19254,1,,
336,282,8,403,19255,1,,
105,23,2,749,19265,1,,
102,451,2,750,19269,1,,
283,8,2,768,19272,1,,
180,204,4,588,19283,1,,
180,-1,-1,-999,19283,2,opp_score,0.765625
14,0,1,641,19287,1,,
14,430,6,759,19287,1,,
271,170,2,768,19302,1,,
288,132,4,786,19309,1,,
202,211,4,588,19316,1,,
307,176,2,717,19326,1,,
252,330,7,641,19328,1,,
75,38,4,787,19338,1,,
81,550,2,490,19340,1,,
81,-1,-1,-999,19340,2,stockout,0.4482758620689654
199,382,3,752,19340,1,,
199,628,3,759,19340,1,,
199,-1,-1,-999,19340,2,stockout,0.4904214559386973
25,183,6,777,19352,1,,
224,389,2,779,19354,1,,
248,328,6,752,19368,1,,
99,22,6,702,19379,1,,
284,8,8,779,19383,1,,
148,69,5,403,19402,1,,
221,388,2,713,19402,1,,
106,23,8,781,19414,1,,
60,773,5,641,19414,1,,
113,565,3,717,19419,1,,
61,90,2,781,19426,1,,
155,838,1,749,19431,1,,
47,60,2,797,19437,1,,
181,204,2,588,19440,1,,
369,142,1,717,19454,1,,
343,12,1,749,19470,1,,
269,676,4,752,19472,1,,
300,135,4,777,19482,1,,
370,14,4,729,19496,1,,
126,66,6,724,19502,1,,
121,248,3,729,19511,1,,
121,810,1,759,19511,1,,
140,585,2,403,19518,1,,
336,1320,2,772,19518,1,,
93,65,6,806,19519,1,,
239,1593,3,403,19526,1,,
183,73,4,788,19532,1,,
82,63,2,739,19533,1,,
82,-1,-1,-999,19533,2,opp_score,0.5517241379310345
110,246,4,788,19540,1,,
274,171,2,752,19540,1,,
169,605,3,788,19554,1,,
54,149,3,788,19561,1,,
128,3,7,788,19574,1,,
147,98,10,805,19577,1,,
362,14,2,729,19584,1,,
284,943,10,724,19596,1,,
136,97,12,790,19619,1,,
164,124,6,706,19625,1,,
94,243,5,706,19633,1,,
96,21,2,791,19638,1,,
55,36,6,796,19644,1,,
163,6,4,810,19644,1,,
31,1,9,809,19657,1,,
156,100,2,796,19658,1,,
305,9,9,790,19669,1,,
161,124,4,706,19671,1,,
308,176,1,717,19677,1,,
294,279,8,809,19691,1,,
60,300,1,736,19696,1,,
176,125,4,800,19705,1,,
186,206,6,809,19708,1,,
268,220,6,790,19717,1,,
369,342,9,538,19727,1,,
108,94,2,790,19732,1,,
133,4,2,812,19739,1,,
178,125,4,800,19743,1,,
70,191,4,790,19748,1,,
361,14,1,729,19762,1,,
361,228,7,732,19762,1,,
361,-1,-1,-999,19762,2,opp_score,0.8028846153846154
126,575,12,745,19763,1,,
132,250,8,581,19776,1,,
166,6,9,734,19778,1,,
165,202,6,732,19787,1,,
135,4,8,734,19792,1,,
8,426,6,734,19804,1,,
8,-1,-1,-999,19804,2,stockout,0.4453124999999999
288,278,4,734,19813,1,,
7,426,3,734,19821,1,,
6,15,6,815,19832,1,,
216,214,6,771,19833,1,,
216,639,10,771,19833,1,,
162,44,4,809,19840,1,,
111,305,1,759,19844,1,,
111,2,10,814,19844,1,,
4,0,4,809,19846,1,,
38,1,4,732,19860,1,,
38,18,6,814,19860,1,,
5,233,9,778,19865,1,,
187,100,10,771,19865,1,,
187,206,4,771,19865,1,,
155,43,1,759,19875,1,,
155,5,3,732,19875,1,,
155,124,5,814,19875,1,,
142,825,8,771,19878,1,,
142,4,1,771,19878,1,,
81,550,6,490,19886,1,,
81,-1,-1,-999,19886,2,opp_score,1.0
256,332,7,733,19889,1,,
362,1344,12,732,19894,1,,
316,109,9,771,19902,1,,
311,177,11,754,19917,1,,
364,228,6,771,19930,1,,
364,56,2,688,19930,1,,
364,14,1,688,19930,1,,
364,-1,-1,-999,19930,2,opp_score,0.555889423076923
308,176,5,809,19945,1,,
308,176,6,495,19945,1,,
308,-1,-1,-999,19945,2,opp_score,1.0
128,25,6,778,19945,1,,
199,628,4,759,19959,1,,
199,46,5,814,19959,1,,
199,-1,-1,-999,19960,2,opp_score,1.0
365,14,2,688,19960,1,,
365,141,9,784,19960,1,,
152,155,12,783,19978,1,,
295,107,4,732,19992,1,,
295,134,4,814,19992,1,,
82,2,5,785,19999,1,,
82,153,4,785,19999,1,,
82,302,7,785,19999,1,,
163,44,12,783,20011,1,,
328,84,7,783,20030,1,,
328,180,5,783,20030,1,,
203,47,9,795,20033,1,,
203,126,6,795,20033,1,,
203,1201,10,795,20033,1,,
113,198,3,783,20045,1,,
113,24,6,783,20045,1,,
146,588,10,785,20058,1,,
146,42,7,795,20058,1,,
13,346,8,783,20059,1,,
212,509,3,495,20074,1,,
188,46,7,785,20075,1,,
188,317,4,795,20075,1,,
18,432,11,795,20093,1,,
110,246,6,785,20109,1,,
110,2,4,795,20109,1,,
51,357,2,733,20120,1,,
47,60,10,795,20125,1,,
120,1477,3,733,20126,1,,
197,126,8,816,20131,1,,
216,1206,12,733,20142,1,,
301,51,8,783,20145,1,,
165,202,4,734,20148,1,,
165,6,5,795,20148,1,,
165,124,6,795,20148,1,,
348,13,8,783,20159,1,,
114,3,10,795,20164,1,,
142,1498,8,689,20178,1,,
22,0,9,785,20179,1,,
134,4,2,688,20185,1,,
83,192,5,783,20193,1,,
6,294,3,809,20193,1,,
6,-1,-1,-999,20193,2,stockout,0.3181423611111111
119,309,8,692,20207,1,,
159,478,9,795,20213,1,,
361,14,7,688,20219,1,,
28,18,2,814,20223,1,,
238,79,2,809,20226,1,,
343,30,2,771,20233,1,,
299,51,2,783,20241,1,,
224,640,1,732,20252,1,,
224,129,4,816,20252,1,,
258,1612,8,789,20260,1,,
204,75,2,790,20267,1,,
347,30,4,795,20274,1,,
347,85,4,795,20274,1,,
82,63,3,739,20279,1,,
198,126,2,816,20285,1,,
29,120,6,795,20286,1,,
249,659,2,729,20292,1,,
8,426,5,495,20294,1,,
252,330,7,795,20299,1,,
288,692,2,795,20309,1,,
288,8,3,795,20309,1,,
3,85,4,795,20318,1,,
214,214,2,771,20326,1,,
207,164,6,785,20330,1,,
210,385,4,807,20346,1,,
269,82,8,824,20358,1,,
47,1404,8,816,20361,1,,
75,152,1,783,20366,1,,
223,885,2,784,20366,1,,
364,14,5,729,20376,1,,
158,124,4,795,20385,1,,
81,550,4,490,20394,1,,
22,434,4,705,20408,1,,
199,628,1,759,20410,1,,
212,128,8,751,20420,1,,
361,14,3,710,20425,1,,
361,-1,-1,-999,20425,2,opp_score,0.7836538461538461
313,711,6,820,20431,1,,
335,29,8,751,20447,1,,
335,181,1,751,20447,1,,
369,14,1,710,20447,1,,
21,181,1,751,20462,1,,
21,0,8,615,20462,1,,
113,3,8,751,20476,1,,
40,19,6,596,20476,1,,
40,1,5,596,20476,1,,
244,654,4,795,20486,1,,
211,128,12,820,20494,1,,
193,101,8,596,20495,1,,
193,382,4,596,20495,1,,
187,317,4,795,20495,1,,
4,85,2,795,20502,1,,
166,482,6,615,20511,1,,
166,1521,4,615,20511,1,,
166,-1,-1,-999,20511,2,opp_score,1.0
197,209,9,596,20514,1,,
197,382,4,596,20514,1,,
82,63,7,795,20523,1,,
229,642,7,615,20530,1,,
229,130,4,821,20530,1,,
196,382,3,596,20536,1,,
196,28,6,811,20536,1,,
196,125,4,811,20536,1,,
196,209,1,811,20536,1,,
213,1567,8,826,20549,1,,
213,319,4,826,20549,1,,
10,16,8,811,20552,1,,
10,0,2,811,20552,1,,
188,380,8,839,20553,1,,
15,431,6,811,20568,1,,
15,0,4,811,20568,1,,
228,324,12,826,20573,1,,
52,60,6,836,20585,1,,
52,189,10,836,20585,1,,
129,463,4,596,20591,1,,
129,3,10,829,20591,1,,
129,96,1,829,20591,1,,
250,47,6,836,20599,1,,
23,0,4,615,20604,1,,
23,235,5,821,20604,1,,
112,457,8,836,20612,1,,
198,209,6,811,20614,1,,
198,126,6,819,20614,1,,
198,162,4,819,20614,1,,
47,1054,11,789,20627,1,,
170,157,6,804,20632,1,,
170,44,6,680,20632,1,,
186,161,6,836,20636,1,,
155,124,1,836,20651,1,,
155,99,4,836,20651,1,,
155,-1,-1,-999,20651,2,opp_score,0.7829861111111112
202,211,6,751,20653,1,,
202,74,6,680,20653,1,,
376,291,9,680,20669,1,,
76,1,6,819,20672,1,,
76,1,12,847,20672,1,,
76,302,3,847,20672,1,,
76,152,4,847,20672,1,,
76,92,9,847,20672,1,,
76,38,10,847,20672,1,,
335,29,4,785,20676,1,,
304,109,8,821,20683,1,,
99,22,4,836,20690,1,,
41,19,9,829,20706,1,,
41,186,10,847,20706,1,,
41,353,6,847,20706,1,,
362,340,7,751,20715,1,,
362,181,1,751,20715,1,,
244,1234,10,502,20726,1,,
43,1400,2,836,20731,1,,
28,33,3,847,20732,1,,
28,351,4,847,20732,1,,
28,18,5,847,20732,1,,
28,236,6,847,20732,1,,
165,482,1,615,20736,1,,
165,6,6,846,20736,1,,
22,86,6,680,20748,1,,
132,4,1,596,20754,1,,
132,250,4,811,20754,1,,
132,1131,10,847,20754,1,,
333,181,1,751,20761,1,,
333,11,6,615,20761,1,,
148,5,7,847,20776,1,,
148,98,8,847,20776,1,,
107,454,6,751,20779,1,,
256,81,4,848,20783,1,,
259,919,5,819,20799,1,,
259,667,10,847,20799,1,,
113,247,6,804,20799,1,,
161,124,1,836,20802,1,,
161,43,8,848,20802,1,,
161,-1,-1,-999,20802,2,opp_score,0.5225694444444444
157,124,2,836,20808,1,,
168,125,2,811,20820,1,,
168,203,12,847,20820,1,,
34,754,1,836,20828,1,,
144,4,3,596,20840,1,,
144,252,10,847,20840,1,,
100,365,8,798,20844,1,,
260,668,6,680,20851,1,,
163,202,12,847,20858,1,,
213,638,5,678,20876,1,,
213,-1,-1,-999,20876,2,stockout,0.4482758620689654
348,13,12,792,20882,1,,
361,14,6,710,20883,1,,
361,140,5,844,20883,1,,
361,288,6,847,20883,1,,
10,181,1,751,20886,1,,
10,16,4,826,20886,1,,
39,19,4,792,20893,1,,
280,172,5,821,20896,1,,
196,318,12,847,20901,1,,
101,22,12,792,20910,1,,
104,367,4,596,20919,1,,
104,197,4,847,20919,1,,
104,2,3,847,20919,1,,
349,31,5,834,20923,1,,
40,19,4,680,20924,1,,
16,181,1,751,20935,1,,
16,522,3,680,20935,1,,
290,1278,11,847,20949,1,,
335,1319,10,850,20949,1,,
77,547,4,821,20952,1,,
11,344,10,829,20971,1,,
180,73,4,615,20983,1,,
266,1620,9,847,20987,1,,
23,86,3,680,20991,1,,
7,1023,2,615,20998,1,,
106,799,10,819,21010,1,,
319,110,4,860,21013,1,,
126,66,4,819,21024,1,,
126,3,4,847,21024,1,,
211,128,11,858,21030,1,,
140,1496,8,762,21035,1,,
188,1543,8,819,21038,1,,
273,933,8,832,21049,1,,
102,122,12,762,21067,1,,
372,1011,8,596,21074,1,,
134,4,1,846,21075,1,,
134,41,8,858,21075,1,,
228,641,10,832,21084,1,,
118,807,1,762,21089,1,,
166,482,2,615,21089,1,,
118,-1,-1,-999,21090,2,stockout,0.4892787524366472
167,258,2,856,21096,1,,
206,874,8,832,21103,1,,
305,9,3,811,21107,1,,
305,83,3,847,21107,1,,
305,109,10,855,21107,1,,
103,561,2,615,21117,1,,
175,1173,7,596,21120,1,,
4,181,1,751,21122,1,,
352,13,4,832,21139,1,,
352,287,8,841,21139,1,,
1,181,1,751,21148,1,,
98,93,8,832,21153,1,,
157,71,2,865,21168,1,,
86,21,9,841,21169,1,,
60,1,6,855,21170,1,,
60,300,7,855,21170,1,,
53,89,7,748,21183,1,,
79,1082,7,794,21185,1,,
187,1542,7,847,21193,1,,
187,206,8,855,21193,1,,
8,181,1,751,21193,1,,
8,144,6,748,21193,1,,
127,24,6,833,21211,1,,
127,40,6,855,21211,1,,
6,181,1,751,21224,1,,
282,106,8,855,21225,1,,
213,638,3,678,21235,1,,
204,384,7,819,21238,1,,
190,622,6,794,21250,1,,
190,28,6,870,21250,1,,
190,7,4,870,21250,1,,
306,83,7,862,21251,1,,
42,34,6,847,21262,1,,
357,112,4,841,21271,1,,
357,13,10,870,21271,1,,
111,24,6,833,21274,1,,
28,0,8,857,21274,1,,
119,24,6,832,21283,1,,
222,389,6,794,21294,1,,
7,233,6,847,21297,1,,
171,259,5,870,21304,1,,
171,-1,-1,-999,21305,2,opp_score,0.7526041666666667
210,213,6,819,21310,1,,
25,0,1,857,21315,1,,
25,183,8,871,21315,1,,
295,279,6,832,21316,1,,
43,354,7,857,21326,1,,
208,634,5,870,21328,1,,
354,181,1,751,21336,1,,
354,226,6,857,21336,1,,
38,757,6,845,21345,1,,
300,704,6,596,21356,1,,
167,603,8,748,21357,1,,
257,48,4,794,21365,1,,
1,513,7,748,21368,1,,
1,-1,-1,-999,21368,2,stockout,0.4263374485596708
154,592,4,794,21375,1,,
321,179,4,847,21385,1,,
321,110,2,847,21385,1,,
370,231,4,841,21385,1,,
129,1486,2,748,21398,1,,
352,1334,9,859,21400,1,,
155,43,4,845,21414,1,,
177,613,5,847,21422,1,,
23,58,11,822,21445,1,,
23,525,9,822,21445,1,,
118,807,5,762,21448,1,,
157,5,4,802,21448,1,,
157,594,6,802,21448,1,,
175,260,3,828,21450,1,,
175,-1,-1,-999,21451,2,stockout,0.4425925925925926
44,355,3,847,21465,1,,
44,19,7,802,21465,1,,
136,97,3,841,21470,1,,
236,897,6,847,21476,1,,
62,301,3,832,21478,1,,
6,0,2,870,21488,1,,
170,157,4,811,21497,1,,
170,6,10,868,21497,1,,
68,61,4,822,21499,1,,
68,1,8,822,21499,1,,
68,37,4,822,21499,1,,
241,326,2,794,21513,1,,
276,936,11,868,21515,1,,
335,11,2,802,21534,1,,
335,29,10,799,21534,1,,
64,150,8,793,21538,1,,
64,37,8,793,21538,1,,
92,241,8,868,21557,1,,
92,194,8,725,21557,1,,
179,6,10,822,21565,1,,
179,160,4,822,21565,1,,
179,72,6,638,21565,1,,
172,157,11,799,21575,1,,
28,87,4,803,21589,1,,
28,33,6,793,21589,1,,
28,58,8,638,21589,1,,
322,10,6,802,21596,1,,
322,1670,8,725,21596,1,,
54,36,4,825,21607,1,,
42,354,6,828,21611,1,,
42,1052,8,793,21611,1,,
108,454,10,799,21612,1,,
137,97,4,889,21625,1,,
227,167,8,802,21627,1,,
227,640,1,868,21627,1,,
343,181,1,751,21634,1,,
343,56,5,793,21634,1,,
343,12,10,638,21634,1,,
305,83,9,802,21643,1,,
234,269,3,889,21655,1,,
316,53,10,638,21655,1,,
316,714,4,638,21655,1,,
177,159,8,799,21664,1,,
171,259,7,870,21668,1,,
55,36,8,868,21678,1,,
99,38,1,822,21685,1,,
99,22,4,793,21685,1,,
99,22,9,879,21685,1,,
99,65,7,879,21685,1,,
180,7,6,881,21694,1,,
121,310,7,822,21706,1,,
121,3,7,793,21706,1,,
133,41,8,881,21708,1,,
27,87,2,881,21718,1,,
27,-1,-1,-999,21718,2,stockout,0.3333333333333333
361,14,4,881,21727,1,,
361,-1,-1,-999,21727,2,opp_score,0.7836538461538461
148,5,8,879,21734,1,,
148,26,8,879,21734,1,,
148,42,4,879,21734,1,,
163,6,2,881,21747,1,,
118,39,5,802,21750,1,,
118,569,9,868,21750,1,,
118,-1,-1,-999,21750,2,opp_score,0.506578947368421
45,445,9,638,21754,1,,
45,35,4,879,21754,1,,
167,72,3,891,21755,1,,
331,975,4,881,21769,1,,
85,153,5,822,21771,1,,
85,240,6,638,21771,1,,
236,897,12,725,21777,1,,
301,338,10,793,21788,1,,
293,697,8,802,21791,1,,
329,11,8,725,21805,1,,
312,177,10,879,21805,1,,
44,355,7,868,21817,1,,
140,1139,11,793,21823,1,,
346,111,3,847,21831,1,,
346,12,5,799,21831,1,,
357,112,7,879,21836,1,,
26,87,1,881,21837,1,,
318,53,3,596,21844,1,,
318,10,4,802,21844,1,,
365,1005,7,799,21858,1,,
154,155,7,868,21871,1,,
137,584,10,642,21874,1,,
162,44,8,890,21888,1,,
95,195,6,822,21896,1,,
1,513,4,748,21905,1,,
1,425,2,793,21905,1,,
86,193,6,725,21906,1,,
150,27,2,822,21915,1,,
150,253,4,876,21915,1,,
102,560,2,847,21932,1,,
102,1103,4,799,21932,1,,
206,632,6,793,21939,1,,
335,418,6,890,21943,1,,
335,11,9,817,21943,1,,
218,321,6,793,21949,1,,
237,104,4,822,21960,1,,
237,390,2,793,21960,1,,
138,4,6,817,21964,1,,
138,313,8,817,21964,1,,
249,1239,5,831,21971,1,,
13,429,5,817,21985,1,,
13,33,9,817,21985,1,,
130,1486,2,748,21987,1,,
130,25,3,793,21987,1,,
130,-1,-1,-999,21987,2,opp_score,0.5
356,111,3,847,22000,1,,
356,111,2,802,22000,1,,
133,816,10,835,22001,1,,
175,260,5,828,22010,1,,
222,215,8,817,22015,1,,
87,193,9,817,22030,1,,
368,230,4,596,22037,1,,
106,245,8,817,22044,1,,
364,14,3,799,22045,1,,
97,195,6,875,22053,1,,
97,2,6,875,22053,1,,
97,21,1,875,22053,1,,
191,101,3,868,22053,1,,
305,83,6,817,22056,1,,
348,111,5,802,22063,1,,
236,897,12,822,22069,1,,
194,162,5,822,22077,1,,
373,143,3,596,22078,1,,
105,23,7,878,22080,1,,
199,209,3,811,22086,1,,
111,39,3,802,22095,1,,
2,514,4,822,22098,1,,
148,69,4,890,22117,1,,
148,26,5,898,22117,1,,
27,87,8,803,22134,1,,
4,143,2,596,22139,1,,
306,83,11,898,22140,1,,
358,140,6,817,22151,1,,
267,104,3,822,22155,1,,
267,219,6,662,22155,1,,
271,170,2,847,22158,1,,
271,-1,-1,-999,22158,2,opp_score,1.0
203,211,4,638,22162,1,,
1,143,1,596,22166,1,,
82,63,2,793,22169,1,,
82,2,2,875,22169,1,,
82,-1,-1,-999,22169,2,opp_score,0.5
22,58,5,817,22174,1,,
17,118,4,793,22176,1,,
12,521,5,893,22185,1,,
218,512,8,662,22191,1,,
320,10,5,817,22206,1,,
219,640,1,868,22215,1,,
53,767,4,898,22219,1,,
349,111,1,802,22227,1,,
211,1203,4,793,22229,1,,
211,-1,-1,-999,22229,2,opp_score,1.0
94,1451,3,822,22246,1,,
75,152,4,817,22252,1,,
131,67,4,887,22252,1,,
280,398,2,748,22253,1,,
157,71,2,875,22262,1,,
231,644,4,817,22265,1,,
273,82,11,887,22269,1,,
139,68,3,817,22273,1,,
38,185,2,898,22290,1,,
38,1,8,897,22290,1,,
37,756,2,638,22296,1,,
191,1546,12,687,22296,1,,
191,207,7,838,22296,1,,
191,-1,-1,-999,22296,2,stockout,0.3555555555555555
128,25,9,906,22313,1,,
230,130,7,854,22323,1,,
18,118,6,866,22325,1,,
276,936,8,906,22327,1,,
23,182,2,906,22334,1,,
350,286,2,906,22342,1,,
336,282,4,888,22372,1,,
344,12,2,662,22374,1,,
168,604,2,638,22378,1,,
168,-1,-1,-999,22378,2,opp_score,1.0
318,178,2,748,22382,1,,
194,101,6,888,22383,1,,
329,11,3,898,22387,1,,
193,162,1,822,22397,1,,
138,4,8,900,22401,1,,
302,51,3,817,22409,1,,
130,1486,1,748,22416,1,,
349,993,1,793,22424,1,,
192,101,2,888,22431,1,,
65,778,8,770,22446,1,,
160,156,3,913,22449,1,,
12,345,10,775,22465,1,,
152,254,6,903,22483,1,,
152,1508,5,903,22483,1,,
32,58,8,912,22487,1,,
32,58,10,915,22487,1,,
32,1,6,915,22487,1,,
10,16,7,903,22505,1,,
239,651,4,912,22518,1,,
239,168,10,915,22518,1,,
239,7,8,915,22518,1,,
223,1577,2,888,22525,1,,
82,63,6,793,22529,1,,
82,63,6,866,22529,1,,
82,-1,-1,-999,22529,2,opp_score,1.0
227,216,6,874,22540,1,,
358,140,10,915,22541,1,,
126,66,11,915,22559,1,,
128,67,1,874,22573,1,,
257,7,6,912,22580,1,,
257,48,8,912,22580,1,,
330,55,12,917,22582,1,,
136,67,9,874,22591,1,,
222,884,6,917,22594,1,,
278,397,7,915,22600,1,,
278,277,6,915,22600,1,,
147,42,8,917,22608,1,,
249,392,6,882,22613,1,,
5,85,3,917,22616,1,,
146,97,8,912,22624,1,,
146,42,9,915,22624,1,,
1,85,4,917,22625,1,,
81,153,4,882,22632,1,,
313,84,8,915,22638,1,,
87,303,7,885,22642,1,,
87,2,4,885,22642,1,,
0,232,10,885,22659,1,,
154,43,3,892,22660,1,,
336,1320,3,840,22686,1,,
336,1320,4,915,22686,1,,
256,169,2,892,22690,1,,
314,279,3,885,22694,1,,
314,136,7,730,22694,1,,
314,28,5,730,22694,1,,
314,84,11,730,22694,1,,
293,173,2,892,22696,1,,
293,-1,-1,-999,22697,2,opp_score,0.5517241379310345
11,117,6,915,22699,1,,
211,1203,2,793,22719,1,,
302,1287,2,828,22725,1,,
288,50,5,918,22736,1,,
192,864,12,770,22740,1,,
107,2,2,885,22741,1,,
107,2,5,730,22741,1,,
107,23,10,730,22741,1,,
224,389,6,730,22764,1,,
224,166,9,730,22764,1,,
279,49,5,852,22764,1,,
279,49,11,774,22764,1,,
168,604,6,638,22775,1,,
174,45,6,915,22775,1,,
13,0,5,730,22783,1,,
13,17,4,730,22783,1,,
13,117,4,730,22783,1,,
223,322,11,912,22793,1,,
42,34,3,885,22801,1,,
42,238,8,730,22801,1,,
2,343,4,915,22802,1,,
271,170,4,847,22811,1,,
271,-1,-1,-999,22811,2,opp_score,1.0
291,337,6,863,22813,1,,
133,41,9,730,22816,1,,
299,703,9,730,22831,1,,
171,607,4,915,22837,1,,
251,224,8,863,22839,1,,
251,660,10,863,22839,1,,
251,-1,-1,-999,22840,2,opp_score,1.0
54,36,6,730,22844,1,,
283,8,4,915,22846,1,,
143,199,7,863,22852,1,,
89,64,7,730,22857,1,,
191,207,2,838,22879,1,,
167,483,6,885,22893,1,,
75,152,12,648,22900,1,,
1,0,1,730,22911,1,,
1,115,4,730,22911,1,,
147,472,12,648,22918,1,,
262,922,6,730,22933,1,,
81,550,2,915,22939,1,,
81,-1,-1,-999,22939,2,opp_score,1.0
292,337,2,863,22942,1,,
292,221,10,929,22942,1,,
170,157,4,922,22954,1,,
229,217,6,648,22959,1,,
229,103,4,648,22959,1,,
278,49,6,842,22966,1,,
302,706,8,397,22974,1,,
92,1095,5,929,22983,1,,
92,21,3,877,22983,1,,
92,92,9,877,22983,1,,
102,2,3,886,22986,1,,
102,451,10,886,22986,1,,
314,1298,11,743,22990,1,,
135,41,8,648,22997,1,,
273,221,4,921,23013,1,,
273,1261,8,886,23013,1,,
273,7,7,886,23013,1,,
41,148,4,877,23025,1,,
41,19,8,686,23025,1,,
41,441,8,686,23025,1,,
90,64,5,843,23030,1,,
310,177,6,921,23032,1,,
310,83,6,709,23032,1,,
286,107,4,730,23037,1,,
9,427,4,885,23043,1,,
376,15,2,886,23047,1,,
376,15,4,709,23047,1,,
376,1358,3,886,23047,1,,
166,125,4,730,23059,1,,
180,46,10,921,23064,1,,
152,1151,4,877,23073,1,,
152,42,7,877,23073,1,,
152,42,8,686,23073,1,,
40,186,4,730,23091,1,,
129,96,6,886,23092,1,,
98,448,3,863,23095,1,,
98,2,7,877,23095,1,,
98,2,5,686,23095,1,,
308,956,4,730,23098,1,,
277,105,8,709,23113,1,,
288,692,10,914,23118,1,,
288,107,5,877,23118,1,,
93,242,7,709,23125,1,,
105,23,4,904,23126,1,,
118,309,3,743,23132,1,,
184,617,12,877,23137,1,,
168,125,2,730,23148,1,,
94,194,8,686,23152,1,,
94,2,1,686,23152,1,,
82,2,6,886,23153,1,,
165,257,8,648,23167,1,,
165,376,1,877,23167,1,,
153,591,5,886,23169,1,,
325,417,2,730,23169,1,,
325,28,6,933,23169,1,,
91,64,10,686,23183,1,,
113,39,4,886,23187,1,,
113,3,6,926,23187,1,,
112,802,4,863,23196,1,,
112,2,3,686,23196,1,,
44,763,1,730,23214,1,,
44,1,6,933,23214,1,,
52,189,4,886,23219,1,,
54,36,4,686,23219,1,,
54,1,6,940,23219,1,,
133,41,4,823,23227,1,,
130,67,7,877,23232,1,,
309,411,10,823,23242,1,,
137,584,3,709,23252,1,,
137,-1,-1,-999,23252,2,stockout,0.3928571428571428
167,846,7,902,23270,1,,
302,1287,11,648,23270,1,,
278,683,6,921,23272,1,,
278,105,1,709,23272,1,,
154,592,3,915,23280,1,,
117,568,7,902,23281,1,,
376,424,4,901,23289,1,,
102,560,4,730,23290,1,,
271,170,2,847,23304,1,,
135,4,5,877,23311,1,,
135,818,6,877,23311,1,,
45,763,1,730,23313,1,,
335,29,2,933,23319,1,,
81,550,4,915,23323,1,,
351,111,5,939,23331,1,,
351,732,4,939,23331,1,,
46,763,1,730,23331,1,,
46,19,8,930,23331,1,,
41,237,6,767,23342,1,,
294,28,1,930,23343,1,,
294,174,7,930,23343,1,,
164,202,8,939,23356,1,,
293,173,1,892,23374,1,,
293,8,10,939,23374,1,,
6,57,6,930,23378,1,,
1,0,5,863,23384,1,,
23,182,4,648,23393,1,,
75,152,4,877,23403,1,,
82,795,12,936,23408,1,,
138,97,6,930,23414,1,,
136,26,6,935,23419,1,,
7,15,8,894,23427,1,,
84,192,9,935,23434,1,,
8,0,9,934,23450,1,,
24,182,9,884,23456,1,,
313,1297,8,894,23458,1,,
313,-1,-1,-999,23458,2,opp_score,1.0
109,801,1,730,23463,1,,
105,563,4,767,23466,1,,
58,20,10,934,23466,1,,
44,444,9,935,23481,1,,
295,174,7,894,23487,1,,
295,221,6,953,23487,1,,
134,4,1,877,23494,1,,
134,96,5,884,23494,1,,
373,15,10,938,23497,1,,
27,18,5,894,23505,1,,
27,33,4,953,23505,1,,
151,70,7,938,23522,1,,
151,98,10,938,23522,1,,
117,568,11,595,23524,1,,
279,105,7,938,23535,1,,
2,15,4,884,23538,1,,
321,280,3,937,23540,1,,
321,84,8,937,23540,1,,
146,42,9,946,23550,1,,
193,494,8,953,23556,1,,
13,33,8,937,23568,1,,
108,2,6,948,23569,1,,
108,23,6,948,23569,1,,
335,29,4,648,23581,1,,
325,10,4,939,23590,1,,
273,678,10,941,23606,1,,
128,812,6,937,23608,1,,
128,-1,-1,-999,23609,2,stockout,0.4482758620689654
166,376,4,877,23615,1,,
101,366,8,953,23620,1,,
139,468,10,948,23621,1,,
59,20,6,941,23627,1,,
229,390,5,941,23637,1,,
147,98,10,948,23638,1,,
91,555,3,884,23645,1,,
165,202,6,937,23653,1,,
180,46,2,939,23653,1,,
180,73,1,884,23653,1,,
42,354,10,948,23663,1,,
357,227,2,937,23664,1,,
1,15,4,937,23673,1,,
264,396,8,948,23677,1,,
47,763,1,730,23680,1,,
47,-1,-1,-999,23681,2,opp_score,0.5726495726495726
3,56,6,954,23693,1,,
3,343,4,960,23693,1,,
24,17,5,954,23711,1,,
24,86,6,960,23711,1,,
5,144,2,884,23711,1,,
49,763,1,730,23725,1,,
92,64,5,950,23728,1,,
305,109,9,498,23734,1,,
271,170,2,686,23741,1,,
271,-1,-1,-999,23741,2,opp_score,1.0
116,308,3,955,23749,1,,
346,990,9,498,23755,1,,
48,763,1,730,23755,1,,
349,111,1,939,23771,1,,
323,10,5,964,23781,1,,
278,171,8,960,23785,1,,
167,376,2,877,23788,1,,
82,63,7,938,23798,1,,
178,315,7,960,23811,1,,
168,28,10,895,23812,1,,
168,1166,6,895,23812,1,,
335,29,4,930,23820,1,,
251,660,1,863,23824,1,,
29,1387,6,498,23828,1,,
81,2,11,895,23835,1,,
35,1047,11,895,23850,1,,
348,31,5,931,23858,1,,
22,434,6,895,23863,1,,
22,0,3,895,23863,1,,
43,35,6,960,23871,1,,
117,308,7,895,23874,1,,
6,294,5,931,23878,1,,
27,0,6,895,23890,1,,
27,148,4,919,23890,1,,
75,152,6,498,23891,1,,
66,37,4,919,23903,1,,
66,37,5,895,23903,1,,
361,14,4,931,23917,1,,
284,278,5,649,23919,1,,
306,83,11,649,23936,1,,
358,140,12,944,23944,1,,
166,258,8,919,23946,1,,
264,672,12,498,23955,1,,
1,0,6,970,23956,1,,
8,0,3,970,23964,1,,
303,51,5,649,23966,1,,
303,-1,-1,-999,23966,2,opp_score,0.6647135416666666
100,65,1,919,23974,1,,
100,93,10,966,23974,1,,
100,196,10,951,23974,1,,
163,6,6,972,23977,1,,
128,1485,10,947,23995,1,,
128,577,6,919,23995,1,,
128,-1,-1,-999,23995,2,opp_score,1.0
0,292,11,714,24004,1,,
83,796,4,957,24006,1,,
83,239,4,974,24006,1,,
139,585,4,498,24020,1,,
359,1341,5,919,24027,1,,
359,32,7,951,24027,1,,
232,325,5,352,24028,1,,
232,167,7,352,24028,1,,
232,7,4,352,24028,1,,
137,584,4,709,24030,1,,
67,150,8,951,24046,1,,
67,1,6,977,24046,1,,
229,642,11,714,24050,1,,
229,130,4,714,24050,1,,
301,108,4,649,24058,1,,
148,5,3,919,24067,1,,
148,5,11,977,24067,1,,
230,130,5,714,24071,1,,
230,103,9,976,24071,1,,
24,236,3,649,24072,1,,
304,8,4,951,24084,1,,
304,109,6,977,24084,1,,
68,37,11,352,24089,1,,
183,855,7,951,24097,1,,
180,46,11,714,24106,1,,
334,728,8,966,24114,1,,
283,50,5,714,24124,1,,
283,8,6,352,24124,1,,
189,1187,3,649,24132,1,,
187,491,6,895,24135,1,,
221,77,6,895,24147,1,,
221,388,1,919,24147,1,,
221,-1,-1,-999,24147,2,opp_score,0.5457175925925926
307,9,6,714,24158,1,,
307,109,4,714,24158,1,,
307,136,1,714,24158,1,,
23,86,2,960,24170,1,,
248,1238,2,960,24179,1,,
258,333,2,498,24188,1,,
103,197,10,352,24194,1,,
27,0,6,966,24195,1,,
346,285,2,872,24211,1,,
6,116,9,714,24220,1,,
6,0,9,352,24220,1,,
300,135,4,965,24221,1,,
213,77,6,895,24225,1,,
333,977,5,919,24240,1,,
234,78,8,945,24246,1,,
234,167,10,987,24246,1,,
25,0,4,966,24250,1,,
5,144,8,978,24251,1,,
10,16,10,987,24263,1,,
257,81,9,978,24273,1,,
257,131,6,979,24273,1,,
130,67,4,951,24279,1,,
318,178,10,352,24279,1,,
193,494,8,979,24287,1,,
39,148,4,919,24288,1,,
322,415,9,714,24294,1,,
191,101,7,989,24307,1,,
165,1163,9,352,24309,1,,
302,51,1,649,24312,1,,
16,522,6,714,24321,1,,
35,148,2,919,24336,1,,
210,164,8,976,24336,1,,
75,38,4,977,24345,1,,
128,1485,2,947,24353,1,,
128,577,1,919,24353,1,,
167,483,8,352,24364,1,,
303,108,5,649,24371,1,,
21,235,6,714,24376,1,,
230,268,11,956,24389,1,,
347,991,6,714,24398,1,,
180,100,6,956,24409,1,,
180,46,7,982,24409,1,,
47,356,3,976,24410,1,,
47,188,3,352,24410,1,,
343,12,10,956,24425,1,,
162,44,11,997,24428,1,,
304,51,4,980,24434,1,,
82,358,7,992,24434,1,,
82,20,7,992,24434,1,,
171,1169,10,992,24451,1,,
361,14,6,352,24453,1,,
361,-1,-1,-999,24453,2,opp_score,0.7980769230769231
3,32,10,899,24462,1,,
3,1019,9,899,24462,1,,
305,136,6,992,24463,1,,
340,137,7,992,24475,1,,
86,21,5,992,24485,1,,
196,382,1,956,24494,1,,
196,46,6,899,24494,1,,
196,1194,8,899,24494,1,,
129,25,6,992,24497,1,,
280,105,5,714,24502,1,,
7,516,5,714,24512,1,,
333,727,11,873,24514,1,,
294,134,7,899,24523,1,,
294,698,1,899,24523,1,,
294,8,12,994,24523,1,,
27,437,5,352,24524,1,,
87,303,8,493,24541,1,,
108,2,6,899,24554,1,,
108,245,6,994,24554,1,,
108,65,10,905,24554,1,,
221,388,7,919,24574,1,,
306,52,4,971,24580,1,,
290,404,6,994,24585,1,,
290,50,8,905,24585,1,,
290,8,9,952,24585,1,,
284,688,4,352,24590,1,,
130,3,7,999,24593,1,,
245,80,4,352,24599,1,,
271,170,4,686,24608,1,,
271,-1,-1,-999,24608,2,opp_score,1.0
63,150,2,987,24614,1,,
185,73,2,899,24620,1,,
185,1540,10,905,24620,1,,
185,7,6,905,24620,1,,
185,7,7,952,24620,1,,
179,6,4,493,24622,1,,
179,100,9,928,24622,1,,
179,1534,4,928,24622,1,,
328,110,8,899,24652,1,,
328,10,7,905,24652,1,,
328,54,8,952,24652,1,,
13,346,4,992,24657,1,,
13,1027,11,928,24657,1,,
13,181,1,928,24657,1,,
21,350,6,993,24664,1,,
144,199,3,899,24674,1,,
144,68,3,952,24674,1,,
144,4,9,952,24674,1,,
272,397,12,993,24683,1,,
105,23,1,493,24686,1,,
105,244,10,928,24686,1,,
285,400,4,908,24692,1,,
307,83,8,928,24698,1,,
49,35,10,899,24699,1,,
49,188,7,905,24699,1,,
206,506,4,999,24708,1,,
206,384,3,928,24708,1,,
177,72,6,982,24720,1,,
177,159,8,899,24720,1,,
88,21,9,928,24721,1,,
180,852,6,967,24723,1,,
82,63,5,928,24729,1,,
82,-1,-1,-999,24729,2,opp_score,0.5
10,145,1,899,24741,1,,
10,145,7,952,24741,1,,
10,32,6,952,24741,1,,
244,327,5,493,24749,1,,
246,327,5,493,24759,1,,
128,3,2,993,24761,1,,
230,130,8,905,24762,1,,
230,1220,6,952,24762,1,,
243,79,8,899,24781,1,,
243,79,4,952,24781,1,,
70,91,4,493,24794,1,,
32,1,7,1006,24797,1,,
335,418,2,714,24804,1,,
118,3,6,994,24809,1,,
118,39,5,994,24809,1,,
118,-1,-1,-999,24810,2,opp_score,0.5526315789473683
151,70,6,1006,24823,1,,
303,51,7,980,24828,1,,
303,51,5,905,24828,1,,
303,-1,-1,-999,24828,2,opp_score,0.5748033588435373
141,824,4,928,24830,1,,
141,-1,-1,-999,24830,2,opp_score,1.0
327,54,5,1006,24834,1,,
27,58,5,899,24847,1,,
27,18,7,905,24847,1,,
31,1044,7,907,24847,1,,
63,1067,6,928,24851,1,,
181,73,6,1006,24858,1,,
133,25,5,956,24864,1,,
133,581,6,861,24864,1,,
322,54,2,1006,24868,1,,
361,14,3,493,24874,1,,
361,181,1,928,24874,1,,
364,14,2,352,24875,1,,
364,-1,-1,-999,24876,2,opp_score,0.7740384615384613
160,841,11,899,24882,1,,
29,184,3,493,24887,1,,
209,635,10,905,24898,1,,
171,607,3,493,24912,1,,
214,320,10,982,24917,1,,
22,58,7,1007,24924,1,,
9,181,1,928,24933,1,,
189,381,8,916,24951,1,,
56,769,9,952,24958,1,,
61,190,8,1013,24970,1,,
294,174,1,992,24974,1,,
304,708,7,956,24974,1,,
304,708,3,899,24974,1,,
304,-1,-1,-999,24974,2,opp_score,0.6048850574712643
105,368,6,986,24984,1,,
187,161,7,1004,24986,1,,
1,181,1,928,24990,1,,
252,330,9,952,24997,1,,
246,656,5,696,25000,1,,
265,28,5,1001,25018,1,,
265,1619,6,1001,25018,1,,
85,359,8,952,25024,1,,
149,5,6,916,25030,1,,
90,64,2,994,25038,1,,
90,64,6,952,25038,1,,
148,69,8,1001,25047,1,,
153,99,7,905,25071,1,,
153,27,8,1014,25071,1,,
188,161,11,909,25082,1,,
18,1377,6,994,25091,1,,
18,432,6,1014,25091,1,,
52,189,9,909,25100,1,,
372,15,2,994,25107,1,,
372,231,2,905,25107,1,,
372,142,6,1014,25107,1,,
79,549,8,1001,25114,1,,
82,63,3,928,25117,1,,
106,23,8,952,25121,1,,
259,919,8,909,25128,1,,
261,921,8,952,25141,1,,
296,174,7,1011,25143,1,,
66,779,6,909,25145,1,,
66,1,5,1023,25145,1,,
183,379,8,861,25155,1,,
335,84,2,916,25159,1,,
335,29,6,916,25159,1,,
47,60,6,1005,25170,1,,
340,729,8,994,25177,1,,
267,219,8,813,25187,1,,
146,42,3,813,25195,1,,
37,756,7,899,25196,1,,
171,204,4,813,25205,1,,
180,7,3,1025,25213,1,,
288,1636,6,1023,25219,1,,
161,597,6,801,25232,1,,
161,256,6,801,25232,1,,
175,204,3,813,25240,1,,
210,636,5,916,25243,1,,
210,-1,-1,-999,25243,2,stockout,0.4482758620689654
306,9,6,1004,25257,1,,
179,160,5,801,25259,1,,
179,6,7,801,25259,1,,
166,203,3,952,25263,1,,
166,258,4,952,25263,1,,
10,145,4,1005,25267,1,,
110,455,7,899,25275,1,,
220,77,6,801,25283,1,,
220,47,4,801,25283,1,,
20,0,3,1005,25292,1,,
332,726,7,861,25293,1,,
291,695,3,801,25300,1,,
291,8,8,1021,25300,1,,
128,25,2,1005,25309,1,,
101,366,6,952,25310,1,,
74,787,6,899,25322,1,,
242,79,6,952,25333,1,,
204,75,5,952,25350,1,,
307,9,6,952,25366,1,,
305,109,7,1012,25366,1,,
271,170,2,686,25373,1,,
246,80,12,801,25375,1,,
52,1059,4,1005,25382,1,,
14,0,2,1005,25389,1,,
106,1463,9,1000,25395,1,,
12,0,2,1005,25396,1,,
143,199,8,801,25399,1,,
143,26,6,995,25399,1,,
1,143,4,899,25405,1,,
176,158,6,1021,25426,1,,
176,261,4,995,25426,1,,
176,-1,-1,-999,25426,2,opp_score,0.8893229166666666
130,249,5,1032,25435,1,,
22,146,3,995,25441,1,,
22,58,6,995,25441,1,,
304,708,4,899,25456,1,,
304,51,2,905,25456,1,,
156,43,9,995,25456,1,,
23,58,2,909,25462,1,,
16,0,2,1005,25469,1,,
162,479,10,1008,25473,1,,
180,204,4,1004,25484,1,,
180,-1,-1,-999,25484,2,opp_score,0.5182291666666666
19,119,11,1008,25493,1,,
19,0,2,1008,25493,1,,
19,-1,-1,-999,25493,2,opp_score,0.5263110632183907
183,488,5,927,25503,1,,
318,178,9,1008,25507,1,,
43,238,4,899,25513,1,,
181,204,2,1004,25513,1,,
42,354,8,995,25522,1,,
30,1043,4,952,25522,1,,
46,1053,8,1008,25536,1,,
191,382,4,956,25544,1,,
82,358,8,801,25549,1,,
361,14,2,352,25558,1,,
147,1503,3,994,25563,1,,
194,382,4,956,25573,1,,
114,307,4,952,25582,1,,
28,18,3,905,25593,1,,
99,93,9,1022,25613,1,,
128,25,6,1018,25624,1,,
146,42,8,801,25627,1,,
101,122,7,1018,25637,1,,
105,1106,5,813,25638,1,,
363,141,3,861,25639,1,,
370,1009,6,1018,25651,1,,
2,0,1,1005,25656,1,,
2,-1,-1,-999,25656,2,opp_score,0.5700107948671167
121,24,6,1021,25668,1,,
210,636,3,916,25670,1,,
303,51,10,1026,25676,1,,
118,24,6,801,25680,1,,
288,50,6,995,25693,1,,
288,1636,2,995,25693,1,,
129,3,8,1042,25696,1,,
229,77,1,801,25708,1,,
229,642,3,995,25708,1,,
280,172,2,952,25710,1,,
1,115,8,1042,25710,1,,
175,204,1,1004,25716,1,,
165,202,4,801,25718,1,,
148,42,8,1044,25740,1,,
182,379,2,861,25749,1,,
371,142,1,1016,25759,1,,
263,671,2,1021,25763,1,,
263,-1,-1,-999,25763,2,opp_score,0.8275862068965516
163,202,2,801,25775,1,,
141,824,1,928,25781,1,,
239,79,2,952,25799,1,,
6,0,1,1008,25801,1,,
13,17,12,1046,25818,1,,
120,3,8,958,25820,1,,
120,570,10,958,25820,1,,
21,86,1,952,25823,1,,
21,-1,-1,-999,25823,2,stockout,0.4621946839080459
23,86,1,952,25828,1,,
201,383,6,958,25838,1,,
201,102,3,958,25838,1,,
176,261,2,995,25846,1,,
304,51,10,1046,25853,1,,
369,342,10,958,25855,1,,
5,144,4,1029,25863,1,,
302,136,6,1034,25864,1,,
104,367,8,958,25873,1,,
58,540,4,1034,25874,1,,
215,77,1,801,25876,1,,
290,1638,3,958,25888,1,,
290,82,6,1058,25888,1,,
309,109,6,1031,25891,1,,
328,54,3,958,25906,1,,
328,84,7,1047,25906,1,,
330,55,11,1058,25923,1,,
99,22,1,1021,25934,1,,
329,11,8,1020,25937,1,,
19,0,1,1008,25945,1,,
204,75,9,1053,25953,1,,
15,1029,8,1043,25953,1,,
128,25,6,1058,25972,1,,
76,1,4,1043,25983,1,,
76,38,7,959,25983,1,,
76,357,10,959,25983,1,,
348,31,5,958,25983,1,,
180,73,3,1034,25991,1,,
313,84,9,1053,25998,1,,
319,136,7,1043,26011,1,,
319,414,6,959,26011,1,,
191,207,9,981,26020,1,,
224,129,4,1053,26025,1,,
260,920,11,959,26028,1,,
260,-1,-1,-999,26028,2,opp_score,1.0
280,172,7,981,26032,1,,
163,599,8,1031,26042,1,,
357,112,9,981,26048,1,,
291,133,7,981,26060,1,,
183,46,11,959,26069,1,,
183,205,8,959,26069,1,,
12,146,6,981,26072,1,,
222,166,7,959,26082,1,,
2,0,7,981,26085,1,,
314,53,7,961,26094,1,,
92,556,6,981,26096,1,,
189,621,3,958,26105,1,,
150,27,6,1043,26106,1,,
244,654,4,958,26114,1,,
244,-1,-1,-999,26114,2,stockout,0.4683908045977011
231,47,4,981,26119,1,,
231,130,12,1041,26119,1,,
37,297,4,981,26129,1,,
176,204,1,1004,26136,1,,
176,72,2,1052,26136,1,,
103,367,2,958,26143,1,,
160,5,2,1041,26146,1,,
370,142,2,1016,26150,1,,
370,-1,-1,-999,26150,2,opp_score,0.6915064102564102
256,273,6,959,26158,1,,
263,671,4,1021,26176,1,,
236,897,6,959,26177,1,,
315,84,8,1069,26180,1,,
164,6,6,1054,26196,1,,
161,71,1,1052,26202,1,,
21,0,2,899,26209,1,,
21,86,7,952,26209,1,,
170,157,5,961,26220,1,,
120,1120,1,801,26233,1,,
254,273,6,959,26233,1,,
186,206,12,1054,26237,1,,
19,745,8,975,26246,1,,
74,91,10,1063,26252,1,,
71,37,4,1054,26255,1,,
71,61,5,925,26255,1,,
291,1639,8,1041,26261,1,,
258,333,5,1054,26265,1,,
184,7,8,1063,26285,1,,
184,1539,10,1063,26285,1,,
184,46,6,1063,26285,1,,
257,332,10,1063,26302,1,,
313,10,5,1054,26302,1,,
155,43,3,925,26311,1,,
372,114,6,1066,26311,1,,
58,540,5,959,26312,1,,
181,1179,6,1063,26323,1,,
193,208,6,1066,26332,1,,
193,28,10,1066,26332,1,,
99,558,1,1066,26336,1,,
72,61,9,830,26336,1,,
100,558,4,1066,26343,1,,
96,1098,5,959,26347,1,,
249,329,8,1009,26350,1,,
98,558,4,1066,26351,1,,
27,87,4,959,26359,1,,
27,-1,-1,-999,26359,2,opp_score,0.5648946360153256
73,61,6,1009,26361,1,,
138,251,4,1063,26369,1,,
373,290,1,985,26376,1,,
176,261,10,968,26404,1,,
176,-1,-1,-999,26404,2,opp_score,0.5615234375
25,17,3,1063,26413,1,,
25,183,8,1056,26413,1,,
263,671,6,715,26416,1,,
70,91,3,1036,26421,1,,
87,21,8,851,26428,1,,
95,195,12,1057,26432,1,,
110,455,6,1061,26437,1,,
177,613,4,959,26442,1,,
109,801,8,210,26450,1,,
86,21,6,1061,26451,1,,
321,280,4,961,26453,1,,
199,74,6,210,26461,1,,
199,-1,-1,-999,26461,2,stockout,0.4111882716049383
105,23,4,959,26471,1,,
137,68,7,210,26474,1,,
173,609,6,210,26495,1,,
44,444,3,1043,26497,1,,
44,-1,-1,-999,26497,2,stockout,0.4920634920634921
271,170,2,1061,26503,1,,
271,48,8,1070,26503,1,,
271,-1,-1,-999,26503,2,opp_score,0.6527777777777778
123,311,8,851,26521,1,,
74,91,2,1036,26523,1,,
74,1,10,1076,26523,1,,
139,251,6,1072,26536,1,,
341,30,6,851,26542,1,,
200,500,2,1034,26546,1,,
2,115,6,1070,26551,1,,
259,667,2,1043,26552,1,,
1,15,2,959,26559,1,,
151,834,7,1070,26563,1,,
174,158,8,991,26564,1,,
197,74,5,1070,26571,1,,
197,-1,-1,-999,26571,2,opp_score,0.53125
239,900,5,851,26580,1,,
42,34,5,991,26591,1,,
42,-1,-1,-999,26591,2,opp_score,1.0
111,39,1,994,26595,1,,
106,245,8,991,26605,1,,
140,251,1,1072,26613,1,,
140,4,2,991,26613,1,,
34,1,4,1061,26636,1,,
34,754,7,1059,26636,1,,
339,11,1,1067,26646,1,,
339,137,6,1059,26646,1,,
98,21,2,1017,26647,1,,
98,21,8,711,26647,1,,
98,196,6,711,26647,1,,
191,207,4,1061,26661,1,,
191,-1,-1,-999,26661,2,opp_score,0.5
178,159,11,711,26664,1,,
280,172,2,991,26676,1,,
344,138,8,1049,26690,1,,
344,138,10,1017,26690,1,,
370,142,2,1016,26693,1,,
20,1379,2,1070,26699,1,,
70,783,9,210,26713,1,,
70,-1,-1,-999,26713,2,stockout,0.3851851851851852
45,35,8,1017,26718,1,,
45,19,5,1049,26718,1,,
45,1,6,1049,26718,1,,
244,80,2,991,26720,1,,
263,170,1,1061,26734,1,,
107,2,4,1017,26740,1,,
107,94,11,1049,26740,1,,
161,597,9,711,26755,1,,
96,558,1,1066,26762,1,,
86,360,3,991,26763,1,,
10,16,8,1049,26776,1,,
10,116,6,1049,26776,1,,
341,137,2,1059,26785,1,,
346,420,6,1049,26793,1,,
346,12,4,1010,26793,1,,
350,31,8,1073,26796,1,,
350,85,4,1073,26796,1,,
166,203,8,1017,26806,1,,
133,41,8,1073,26810,1,,
176,261,1,968,26821,1,,
176,848,5,210,26821,1,,
223,265,12,1071,26825,1,,
261,7,8,1084,26826,1,,
261,218,6,1084,26826,1,,
136,97,3,1084,26852,1,,
128,3,2,1084,26857,1,,
174,610,6,1051,26860,1,,
221,77,6,1073,26875,1,,
221,-1,-1,-999,26875,2,opp_score,0.704861111111111
148,69,6,1084,26881,1,,
343,12,4,1055,26900,1,,
343,12,12,1071,26900,1,,
343,56,6,1055,26900,1,,
352,85,2,1073,26905,1,,
352,13,12,998,26905,1,,
11,85,4,942,26917,1,,
11,16,7,942,26917,1,,
11,32,12,942,26917,1,,
282,172,7,1049,26917,1,,
282,50,4,1071,26917,1,,
17,118,10,998,26921,1,,
376,291,8,711,26931,1,,
292,133,10,942,26933,1,,
199,74,5,1070,26943,1,,
44,444,2,1043,26946,1,,
44,1,7,1071,26946,1,,
183,1538,9,942,26958,1,,
344,138,12,883,26965,1,,
219,77,2,1073,26972,1,,
219,7,5,998,26972,1,,
219,7,10,598,26972,1,,
219,128,4,598,26972,1,,
219,47,10,598,26972,1,,
219,-1,-1,-999,26972,2,opp_score,0.53125
149,5,8,942,26987,1,,
67,61,2,998,26993,1,,
67,90,5,598,26993,1,,
67,37,7,598,26993,1,,
153,591,6,1055,27007,1,,
19,0,9,598,27016,1,,
19,57,5,598,27016,1,,
19,146,2,598,27016,1,,
163,6,6,1090,27019,1,,
273,131,6,942,27024,1,,
273,678,4,1002,27024,1,,
273,-1,-1,-999,27024,2,stockout,0.4482758620689654
154,837,6,1071,27030,1,,
111,2,2,1017,27043,1,,
111,95,5,711,27043,1,,
368,422,6,942,27044,1,,
368,341,6,146,27044,1,,
2,0,5,1049,27053,1,,
2,-1,-1,-999,27054,2,opp_score,0.6982758620689655
92,556,6,598,27060,1,,
92,21,6,598,27060,1,,
151,254,7,1002,27066,1,,
151,474,3,146,27066,1,,
82,2,10,598,27076,1,,
113,95,5,711,27079,1,,
116,95,5,146,27081,1,,
116,1117,4,1002,27081,1,,
267,131,4,598,27093,1,,
267,219,6,598,27093,1,,
132,67,6,942,27100,1,,
132,25,3,1002,27100,1,,
364,14,10,598,27130,1,,
364,32,9,1092,27130,1,,
364,-1,-1,-999,27130,2,opp_score,0.5432692307692307
341,137,8,998,27151,1,,
341,11,6,598,27151,1,,
115,95,5,942,27152,1,,
115,247,9,808,27152,1,,
146,253,5,1071,27160,1,,
327,10,10,598,27167,1,,
155,124,6,808,27174,1,,
155,27,8,808,27174,1,,
29,120,9,998,27182,1,,
42,34,6,1017,27186,1,,
42,34,9,1055,27186,1,,
42,-1,-1,-999,27186,2,opp_score,1.0
200,1198,4,1017,27195,1,,
200,-1,-1,-999,27195,2,stockout,0.3591954022988505
140,823,8,598,27196,1,,
140,-1,-1,-999,27196,2,opp_score,1.0
303,108,4,711,27204,1,,
233,894,7,146,27204,1,,
233,217,5,1040,27204,1,,
301,705,8,598,27210,1,,
167,72,8,1088,27218,1,,
101,93,2,146,27220,1,,
101,2,8,808,27220,1,,
43,238,4,1002,27235,1,,
43,35,5,808,27235,1,,
292,950,12,1002,27254,1,,
164,257,6,1088,27260,1,,
371,1010,8,598,27264,1,,
90,2,1,808,27275,1,,
90,64,8,1040,27275,1,,
152,254,6,1100,27292,1,,
70,91,3,1036,27294,1,,
70,783,2,210,27294,1,,
70,61,5,998,27294,1,,
266,674,3,1049,27300,1,,
278,49,5,1100,27310,1,,
329,11,2,1017,27327,1,,
126,95,3,942,27327,1,,
126,24,6,1040,27327,1,,
53,35,6,598,27330,1,,
53,149,1,598,27330,1,,
135,582,6,998,27342,1,,
135,67,1,598,27342,1,,
296,700,9,1040,27346,1,,
83,2,2,1017,27354,1,,
10,16,8,808,27360,1,,
197,74,1,598,27372,1,,
197,74,2,210,27372,1,,
197,126,4,598,27372,1,,
55,149,6,598,27393,1,,
55,89,7,1108,27393,1,,
348,13,8,1002,27396,1,,
267,219,9,1091,27408,1,,
224,129,6,808,27410,1,,
224,389,2,1040,27410,1,,
239,79,2,1049,27418,1,,
239,-1,-1,-999,27418,2,opp_score,1.0
349,31,7,598,27421,1,,
71,1074,7,942,27423,1,,
240,79,2,1049,27427,1,,
284,400,6,598,27432,1,,
143,199,1,1086,27442,1,,
115,804,12,1040,27454,1,,
238,79,1,1049,27455,1,,
166,203,5,598,27461,1,,
241,79,1,1049,27461,1,,
128,67,5,598,27471,1,,
4,1020,6,942,27497,1,,
147,98,5,1113,27498,1,,
129,312,7,1104,27510,1,,
273,678,8,1002,27516,1,,
273,104,4,146,27516,1,,
321,54,1,1080,27524,1,,
136,97,6,1002,27527,1,,
324,54,2,1080,27531,1,,
56,149,5,598,27534,1,,
2,143,6,1002,27539,1,,
2,-1,-1,-999,27539,2,opp_score,0.7106481481481481
328,54,2,1080,27542,1,,
191,207,6,1061,27550,1,,
334,978,6,1104,27550,1,,
325,54,1,1080,27563,1,,
329,180,6,942,27580,1,,
212,509,6,146,27592,1,,
155,838,4,598,27592,1,,
278,277,7,1065,27607,1,,
42,34,7,991,27621,1,,
42,1,9,1116,27621,1,,
51,765,4,146,27625,1,,
326,54,1,1080,27626,1,,
74,61,6,1095,27632,1,,
131,579,4,1040,27634,1,,
9,518,4,1002,27643,1,,
9,-1,-1,-999,27643,2,stockout,0.4988505747126437
237,168,12,1107,27644,1,,
219,77,2,1073,27647,1,,
219,47,7,1095,27647,1,,
174,45,8,1115,27661,1,,
197,126,4,808,27667,1,,
158,71,8,1095,27675,1,,
343,84,12,1094,27686,1,,
343,56,5,1094,27686,1,,
343,12,6,1094,27686,1,,
257,104,4,146,27686,1,,
55,36,4,1095,27688,1,,
185,1183,9,1107,27701,1,,
144,586,3,998,27708,1,,
144,-1,-1,-999,27708,2,opp_score,0.5
177,159,3,1107,27715,1,,
313,413,4,146,27729,1,,
182,487,3,598,27729,1,,
335,29,2,598,27734,1,,
335,-1,-1,-999,27734,2,opp_score,0.5094039351851851
294,1642,4,808,27739,1,,
143,199,10,1094,27750,1,,
315,413,4,146,27753,1,,
228,641,10,932,27766,1,,
295,174,11,1045,27779,1,,
13,521,5,1094,27786,1,,
13,234,4,1094,27786,1,,
211,128,7,1122,27790,1,,
211,7,4,1122,27790,1,,
81,550,2,598,27795,1,,
81,-1,-1,-999,27795,2,stockout,0.4482758620689654
321,10,6,932,27797,1,,
236,1226,2,942,27801,1,,
236,270,2,808,27801,1,,
223,322,9,932,27812,1,,
223,-1,-1,-999,27813,2,stockout,0.359137826350941
342,284,9,1126,27828,1,,
239,104,1,146,27833,1,,
239,79,6,808,27833,1,,
224,7,4,1125,27833,1,,
224,7,4,864,27833,1,,
224,389,7,864,27833,1,,
275,105,3,808,27841,1,,
31,439,8,1122,27850,1,,
31,1,1,1122,27850,1,,
31,120,3,864,27850,1,,
311,413,1,146,27853,1,,
311,177,5,1111,27853,1,,
280,105,3,808,27862,1,,
101,122,4,1126,27874,1,,
30,1,3,1125,27884,1,,
30,120,7,1024,27884,1,,
278,105,3,808,27890,1,,
200,1198,4,1017,27890,1,,
200,-1,-1,-999,27890,2,opp_score,1.0
42,442,4,1040,27907,1,,
132,250,9,864,27923,1,,
114,803,2,1107,27926,1,,
114,-1,-1,-999,27926,2,stockout,0.4395039322444041
364,113,10,864,27939,1,,
364,-1,-1,-999,27939,2,opp_score,1.0
329,54,1,1080,27940,1,,
329,-1,-1,-999,27940,2,opp_score,0.5059171597633135
93,1096,8,864,27953,1,,
289,948,2,808,27963,1,,
370,1009,7,1125,27966,1,,
161,124,2,808,27970,1,,
120,3,4,1122,27978,1,,
120,248,2,864,27978,1,,
160,71,6,1122,27989,1,,
341,30,2,942,27994,1,,
344,30,10,1033,27996,1,,
77,547,5,1033,28006,1,,
149,69,2,1033,28016,1,,
330,11,6,864,28020,1,,
291,405,4,1033,28028,1,,
254,662,8,1117,28058,1,,
254,-1,-1,-999,28058,2,opp_score,0.5210727969348659
140,823,1,598,28067,1,,
140,26,4,1024,28067,1,,
210,213,5,864,28077,1,,
106,369,9,1117,28084,1,,
337,30,1,1033,28089,1,,
273,678,3,598,28091,1,,
153,27,9,1134,28097,1,,
282,106,3,880,28105,1,,
75,62,8,1139,28116,1,,
221,77,5,864,28122,1,,
76,152,4,1123,28125,1,,
8,116,8,1141,28127,1,,
154,43,1,1141,28133,1,,
155,70,3,1141,28147,1,,
155,43,5,1141,28147,1,,
56,769,4,1123,28150,1,,
335,29,6,598,28153,1,,
42,34,8,1115,28183,1,,
42,1,2,1129,28183,1,,
42,-1,-1,-999,28183,2,opp_score,1.0
1,15,3,1136,28189,1,,
24,1382,2,598,28198,1,,
24,-1,-1,-999,28198,2,stockout,0.4142524024872809
289,693,9,880,28214,1,,
289,693,10,963,28214,1,,
59,20,12,1133,28215,1,,
33,1,7,1137,28226,1,,
9,116,9,1120,28227,1,,
118,309,6,1133,28231,1,,
81,550,5,598,28250,1,,
348,13,10,1133,28254,1,,
271,170,4,1137,28259,1,,
271,-1,-1,-999,28259,2,opp_score,0.6874999999999999
257,81,4,1133,28263,1,,
281,1269,2,598,28266,1,,
263,170,1,1137,28280,1,,
41,237,2,1133,28285,1,,
5,144,12,1131,28306,1,,
144,586,1,998,28321,1,,
314,53,9,1131,28325,1,,
204,75,8,1075,28326,1,,
330,280,8,1131,28348,1,,
330,11,7,1131,28348,1,,
92,194,5,1075,28351,1,,
2,0,5,1075,28361,1,,
123,40,7,1131,28363,1,,
93,363,6,1119,28393,1,,
36,88,2,984,28396,1,,
36,18,3,984,28396,1,,
96,21,7,1101,28406,1,,
21,0,6,984,28408,1,,
102,94,6,1131,28410,1,,
102,22,8,1132,28410,1,,
6,1022,3,1101,28415,1,,
27,18,8,1083,28422,1,,
333,222,8,1131,28424,1,,
29,18,4,984,28431,1,,
22,58,9,1050,28441,1,,
22,295,6,1050,28441,1,,
335,29,3,1137,28445,1,,
335,55,2,984,28445,1,,
152,200,9,1132,28459,1,,
152,835,3,1132,28459,1,,
228,129,8,867,28469,1,,
228,28,6,1050,28469,1,,
228,267,7,1050,28469,1,,
95,195,5,867,28488,1,,
95,304,3,867,28488,1,,
95,21,3,867,28488,1,,
95,21,3,1050,28488,1,,
344,138,2,984,28492,1,,
344,-1,-1,-999,28492,2,opp_score,0.5
31,18,1,984,28499,1,,
114,803,6,1107,28505,1,,
114,95,5,1132,28505,1,,
114,-1,-1,-999,28505,2,stockout,0.4482758620689654
137,26,9,867,28508,1,,
137,251,6,1050,28508,1,,
35,1,6,1131,28520,1,,
28,18,2,984,28531,1,,
34,59,10,1050,28533,1,,
34,33,9,1098,28533,1,,
198,499,5,1074,28534,1,,
198,264,3,1132,28534,1,,
33,1045,3,1079,28539,1,,
302,51,2,1019,28546,1,,
307,9,6,1131,28557,1,,
307,109,10,1105,28557,1,,
127,66,10,1019,28562,1,,
364,14,10,1050,28574,1,,
364,228,7,1098,28574,1,,
364,-1,-1,-999,28574,2,opp_score,0.5432692307692307
118,95,5,1132,28579,1,,
118,3,10,1105,28579,1,,
202,126,8,1050,28595,1,,
202,383,8,1098,28595,1,,
205,75,4,1074,28598,1,,
205,75,8,1105,28598,1,,
308,52,8,867,28614,1,,
308,411,6,1050,28614,1,,
161,124,4,1105,28614,1,,
161,27,6,1105,28614,1,,
161,-1,-1,-999,28614,2,opp_score,0.7829861111111112
303,51,1,1019,28619,1,,
12,117,6,1050,28636,1,,
12,1371,7,1098,28636,1,,
12,-1,-1,-999,28636,2,stockout,0.4362707535121328
314,962,10,1074,28643,1,,
314,962,10,1132,28643,1,,
314,-1,-1,-999,28643,2,stockout,0.4482758620689654
126,66,5,1082,28651,1,,
3,293,7,867,28652,1,,
3,115,5,1050,28652,1,,
191,623,8,1105,28667,1,,
246,907,12,1050,28668,1,,
42,34,2,1115,28669,1,,
329,1313,10,1033,28686,1,,
204,75,5,1050,28687,1,,
204,211,6,1050,28687,1,,
305,83,8,1103,28695,1,,
305,279,10,1103,28695,1,,
237,78,8,1105,28700,1,,
121,39,5,1103,28714,1,,
121,3,7,1103,28714,1,,
9,0,4,867,28725,1,,
9,116,2,867,28725,1,,
9,57,4,1050,28725,1,,
134,817,7,1105,28750,1,,
134,-1,-1,-999,28750,2,stockout,0.4482758620689654
101,450,10,867,28756,1,,
27,18,4,1019,28764,1,,
27,437,9,1103,28764,1,,
27,0,7,1103,28764,1,,
24,1382,2,598,28780,1,,
24,17,7,1103,28780,1,,
24,-1,-1,-999,28780,2,opp_score,1.0
29,749,7,1105,28782,1,,
136,26,10,1098,28792,1,,
365,229,6,1132,28793,1,,
