pod_id,item_id,qty,order_id,processed_time,task_type,trigger
113,3,11,-94,73,1,
113,95,5,-76,73,1,
113,306,10,-14,73,1,
192,46,9,-65,84,1,
192,493,5,-34,84,1,
192,493,8,-20,84,1,
192,-1,-1,-999,84,2,global
244,28,4,-70,91,1,
244,28,5,-40,91,1,
244,28,3,-19,91,1,
244,80,6,-35,91,1,
244,217,10,-35,91,1,
244,654,12,-19,91,1,
244,-1,-1,-999,91,2,global
172,1170,11,-14,94,1,
172,-1,-1,-999,94,2,global
222,265,9,-14,114,1,
222,47,4,-7,114,1,
289,8,2,-66,126,1,
289,8,3,-34,126,1,
289,8,10,-67,126,1,
289,8,10,-65,126,1,
289,948,4,-66,126,1,
289,132,4,-65,126,1,
263,396,10,-14,130,1,
38,1,10,-49,134,1,
38,88,8,-40,134,1,
38,185,9,-28,134,1,
38,34,7,-28,134,1,
35,755,6,-94,153,1,
35,184,9,-7,153,1,
35,-1,-1,-999,153,2,global
157,5,10,-67,157,1,
157,840,2,-66,157,1,
157,27,4,-20,157,1,
157,27,6,-34,157,1,
320,84,6,-40,163,1,
320,136,6,-28,163,1,
320,54,8,-19,163,1,
67,1071,12,-94,171,1,
67,-1,-1,-999,171,2,global
288,403,10,-92,187,1,
153,200,8,-35,190,1,
153,99,11,-19,190,1,
367,141,6,-93,203,1,
367,181,1,-21,203,1,
367,1349,12,-21,203,1,
367,230,11,-20,203,1,
367,14,5,-20,203,1,
146,4,1,-24,224,1,
146,4,7,-49,224,1,
146,253,8,-49,224,1,
146,97,9,-19,224,1,
233,103,2,-54,228,1,
233,103,4,-67,228,1,
233,390,6,-66,228,1,
233,269,5,-65,228,1,
69,782,10,-14,252,1,
268,170,2,-49,263,1,
268,675,9,-35,263,1,
268,81,9,-35,263,1,
268,335,7,-24,263,1,
268,28,2,-19,263,1,
17,17,8,-93,273,1,
17,17,11,-66,273,1,
17,118,8,-66,273,1,
17,57,6,-65,273,1,
17,181,1,-21,273,1,
195,102,6,-40,289,1,
195,74,2,-19,289,1,
195,74,4,-35,289,1,
195,496,6,-19,289,1,
195,-1,-1,-999,289,2,global
231,644,8,-94,290,1,
94,153,4,-66,296,1,
94,243,5,-65,296,1,
94,92,7,-20,296,1,
22,58,8,-49,314,1,
22,119,1,-49,314,1,
22,524,8,-19,314,1,
139,372,6,-66,320,1,
139,822,10,-20,320,1,
139,-1,-1,-999,320,2,global
298,51,2,-19,337,1,
298,51,8,-24,337,1,
298,51,2,-1,337,1,
298,337,4,-49,337,1,
57,770,9,-65,341,1,
57,89,5,-65,341,1,
355,999,7,-31,350,1,
355,-1,-1,-999,350,2,global
87,63,9,-40,357,1,
87,361,4,-28,357,1,
330,181,1,-21,361,1,
330,55,12,-20,361,1,
370,114,7,-94,365,1,
210,127,7,-35,376,1,
210,76,3,-35,376,1,
210,385,2,-28,376,1,
277,682,6,-78,377,1,
256,332,7,-67,380,1,
256,48,6,-67,380,1,
196,318,6,-94,399,1,
106,39,5,-20,404,1,
106,245,7,-20,404,1,
98,448,10,-66,429,1,
257,395,3,-94,432,1,
299,51,8,-1,437,1,
299,51,4,-49,437,1,
358,140,3,-14,440,1,
0,56,5,-9,450,1,
348,225,3,-49,466,1,
348,992,8,-40,466,1,
1,15,8,7,478,1,
65,61,10,-40,482,1,
128,95,1,-76,486,1,
136,372,6,-21,486,1,
136,26,12,-43,486,1,
166,203,3,-49,497,1,
166,6,6,-19,497,1,
200,210,10,-66,509,1,
261,333,1,-40,513,1,
261,669,8,-28,513,1,
261,-1,-1,-999,513,2,global
36,755,1,-94,514,1,
104,39,3,-20,526,1,
104,2,8,3,526,1,
369,113,2,-28,529,1,
369,142,8,-28,529,1,
281,50,2,-40,544,1,
281,106,7,-19,544,1,
21,235,2,-66,546,1,
21,57,1,-65,546,1,
21,181,1,-21,546,1,
21,433,4,-20,546,1,
25,87,1,-86,550,1,
37,88,7,-93,560,1,
37,34,1,-93,560,1,
2,85,4,-69,563,1,
18,432,8,-28,572,1,
310,177,10,-66,576,1,
3,1019,8,-28,586,1,
306,176,8,-65,590,1,
61,190,6,-21,626,1,
5,32,8,-4,626,1,
148,69,8,-70,626,1,
4,85,4,-69,635,1,
190,862,6,-20,640,1,
197,627,4,-69,644,1,
269,676,8,-49,646,1,
236,649,6,-66,651,1,
6,181,1,-21,667,1,
6,0,9,-79,667,1,
137,41,7,-35,668,1,
137,26,7,-38,668,1,
7,0,8,12,673,1,
167,258,4,-65,680,1,
32,58,2,-33,680,1,
300,51,8,-49,690,1,
33,59,4,-95,709,1,
343,138,4,-40,713,1,
343,138,4,-35,713,1,
335,281,8,-19,729,1,
29,120,10,-36,729,1,
86,552,2,-20,736,1,
22,181,1,-21,744,1,
22,86,2,-12,744,1,
99,22,3,-77,746,1,
350,994,8,-24,761,1,
54,1,8,-30,762,1,
54,538,2,-30,762,1,
168,125,3,-52,765,1,
356,227,8,-35,775,1,
348,13,1,-65,786,1,
348,181,1,-21,786,1,
194,74,6,-28,786,1,
166,125,4,-52,795,1,
365,229,3,-40,799,1,
365,141,4,-19,799,1,
0,181,1,-21,801,1,
10,145,6,-40,810,1,
128,67,6,-58,812,1,
310,412,10,18,817,1,
1,181,1,-21,823,1,
223,322,6,-24,824,1,
58,540,5,-58,839,1,
58,1,12,-58,839,1,
171,204,4,0,848,1,
109,24,6,-28,856,1,
170,157,12,-8,867,1,
85,193,9,27,884,1,
129,25,6,0,885,1,
188,101,4,-100,894,1,
5,294,4,-77,895,1,
349,181,1,-21,896,1,
349,31,2,-27,896,1,
110,24,6,-28,906,1,
2,15,6,28,906,1,
132,250,4,-25,922,1,
132,40,6,-25,922,1,
172,204,1,0,928,1,
224,129,5,-70,931,1,
224,77,4,-100,931,1,
347,286,12,-59,932,1,
261,669,3,-28,938,1,
138,585,6,-61,944,1,
173,609,4,-87,949,1,
173,157,10,-87,949,1,
6,85,4,-61,953,1,
66,61,2,-40,959,1,
180,73,5,-25,959,1,
3,85,4,-61,962,1,
96,93,2,-19,965,1,
105,39,4,5,975,1,
139,585,2,-61,1005,1,
139,4,6,-48,1005,1,
195,74,2,-28,1015,1,
345,12,4,-48,1020,1,
345,111,5,-29,1020,1,
64,37,4,-87,1021,1,
64,447,5,-87,1021,1,
90,1093,2,-49,1026,1,
137,68,8,-29,1034,1,
65,150,10,-5,1042,1,
230,7,8,-87,1045,1,
230,268,10,17,1045,1,
307,176,8,-85,1049,1,
367,1007,7,-87,1056,1,
75,38,10,-85,1065,1,
276,936,1,-49,1068,1,
131,4,9,17,1069,1,
364,113,9,-72,1082,1,
87,241,8,-98,1091,1,
170,1168,1,-75,1094,1,
170,100,7,-72,1094,1,
67,37,12,-90,1105,1,
67,1,10,-53,1105,1,
0,56,8,33,1108,1,
177,45,5,17,1118,1,
70,191,8,-47,1119,1,
359,14,9,-57,1133,1,
132,123,11,-53,1147,1,
132,4,8,-53,1147,1,
128,25,1,35,1155,1,
39,19,2,-25,1163,1,
29,1,6,35,1167,1,
13,346,4,-57,1173,1,
185,7,1,-47,1181,1,
185,7,6,-53,1181,1,
185,46,6,-53,1181,1,
185,857,8,-53,1181,1,
185,125,4,-91,1181,1,
185,-1,-1,-999,1181,2,global
274,105,8,-22,1184,1,
228,324,1,8,1196,1,
269,275,8,26,1198,1,
181,7,2,35,1205,1,
334,55,12,-90,1216,1,
334,29,6,-53,1216,1,
334,136,8,-91,1216,1,
27,148,4,-26,1221,1,
27,33,6,-26,1221,1,
275,105,1,-22,1227,1,
19,0,6,-90,1237,1,
19,146,3,-53,1237,1,
19,119,5,-53,1237,1,
179,160,8,-26,1241,1,
225,77,5,30,1248,1,
66,1,5,-91,1257,1,
66,302,8,-91,1257,1,
105,368,12,-83,1261,1,
105,39,1,-26,1261,1,
129,96,6,-26,1283,1,
129,40,9,-62,1283,1,
337,30,5,-53,1284,1,
337,84,6,36,1284,1,
337,84,8,29,1284,1,
204,28,8,-73,1289,1,
204,75,12,-73,1289,1,
285,689,4,-29,1303,1,
285,172,8,-90,1303,1,
130,67,11,-73,1305,1,
102,38,11,-23,1319,1,
102,94,8,-68,1319,1,
102,196,4,-68,1319,1,
102,2,3,-68,1319,1,
206,164,10,-91,1319,1,
11,117,7,-73,1324,1,
11,117,7,-96,1324,1,
196,627,3,-85,1332,1,
196,125,4,-91,1332,1,
203,47,10,2,1338,1,
230,78,7,-91,1345,1,
224,129,6,-73,1347,1,
153,836,4,-29,1356,1,
153,5,2,-47,1356,1,
43,1,2,34,1364,1,
43,762,3,34,1364,1,
43,59,5,34,1364,1,
202,211,5,-85,1366,1,
40,148,2,-26,1367,1,
40,19,8,-68,1367,1,
40,1,12,-68,1367,1,
40,88,2,-68,1367,1,
135,818,7,2,1376,1,
277,221,2,-26,1388,1,
277,49,9,-62,1388,1,
277,171,5,-68,1388,1,
44,35,10,-15,1393,1,
253,272,7,-23,1413,1,
253,217,3,-68,1413,1,
253,331,9,-68,1413,1,
86,360,10,-32,1414,1,
353,111,1,-29,1419,1,
353,226,4,-91,1419,1,
47,60,2,-32,1431,1,
47,19,10,-32,1431,1,
274,934,7,-53,1432,1,
112,39,3,-26,1442,1,
112,457,8,-68,1442,1,
112,2,11,41,1442,1,
256,664,3,-53,1464,1,
132,580,6,-26,1465,1,
132,40,12,-68,1465,1,
10,519,4,-29,1474,1,
147,200,6,-68,1481,1,
147,4,5,41,1481,1,
207,506,10,24,1492,1,
238,79,9,6,1496,1,
278,49,4,-97,1498,1,
278,49,6,-44,1498,1,
167,72,8,-81,1506,1,
323,10,5,34,1507,1,
323,969,3,-56,1507,1,
159,374,6,37,1519,1,
159,5,8,37,1519,1,
162,44,2,-47,1528,1,
162,5,12,-81,1528,1,
21,1034,9,-68,1534,1,
272,171,4,-81,1537,1,
336,137,6,-32,1538,1,
336,29,8,6,1538,1,
336,224,10,6,1538,1,
190,162,4,6,1550,1,
190,264,4,-3,1550,1,
184,489,7,-81,1556,1,
235,168,8,-3,1561,1,
25,87,3,-68,1562,1,
25,0,9,37,1562,1,
25,33,8,37,1562,1,
286,50,4,-81,1566,1,
11,520,7,-32,1574,1,
11,117,2,-56,1574,1,
143,154,2,37,1580,1,
143,826,9,37,1580,1,
273,678,4,6,1586,1,
273,104,4,-16,1586,1,
261,218,9,37,1595,1,
318,221,6,-46,1607,1,
318,178,9,-46,1607,1,
303,954,3,-81,1615,1,
303,8,8,48,1615,1,
94,153,5,37,1619,1,
94,243,4,37,1619,1,
82,38,2,6,1623,1,
82,63,10,-46,1623,1,
154,837,1,-90,1625,1,
154,124,4,-88,1625,1,
360,14,8,-46,1635,1,
203,1201,8,-23,1637,1,
203,-1,-1,-999,1637,2,global
301,279,5,-26,1650,1,
301,705,4,-97,1650,1,
204,630,3,-81,1650,1,
370,114,8,-68,1662,1,
287,336,7,-63,1663,1,
128,3,8,37,1673,1,
158,156,11,-63,1680,1,
22,86,7,6,1684,1,
197,498,6,-68,1688,1,
197,74,3,-99,1688,1,
86,360,8,6,1697,1,
296,108,7,25,1699,1,
247,328,8,37,1706,1,
155,124,6,58,1710,1,
314,53,10,43,1711,1,
254,662,2,-3,1722,1,
254,104,4,-16,1722,1,
297,108,3,25,1723,1,
297,108,4,-64,1723,1,
26,147,12,-99,1734,1,
26,58,10,-99,1734,1,
47,60,3,-63,1742,1,
93,65,4,-32,1748,1,
298,108,6,-64,1755,1,
256,104,3,-16,1756,1,
61,36,3,-26,1761,1,
61,190,4,37,1761,1,
148,69,6,13,1766,1,
78,192,7,-99,1772,1,
358,228,6,13,1776,1,
257,274,4,51,1779,1,
367,230,3,-81,1782,1,
277,49,4,37,1792,1,
21,235,5,13,1808,1,
54,36,8,49,1812,1,
54,121,8,49,1812,1,
184,161,3,-15,1814,1,
136,97,3,-32,1820,1,
305,9,4,37,1833,1,
53,537,4,37,1841,1,
0,115,11,49,1843,1,
70,151,4,-97,1849,1,
326,1674,4,-68,1862,1,
222,215,4,-99,1874,1,
173,260,10,-55,1874,1,
95,154,8,64,1876,1,
348,31,4,-62,1883,1,
154,124,1,58,1892,1,
154,5,8,63,1892,1,
25,147,3,-81,1900,1,
33,33,10,54,1909,1,
33,59,8,54,1909,1,
228,103,4,-23,1910,1,
195,102,11,49,1917,1,
301,1286,8,-46,1921,1,
318,110,1,-63,1923,1,
3,15,6,47,1934,1,
161,124,3,64,1936,1,
161,597,8,16,1936,1,
170,157,6,40,1946,1,
38,534,2,-97,1948,1,
137,97,4,16,1952,1,
137,97,8,54,1952,1,
155,838,8,-55,1960,1,
131,4,9,61,1965,1,
275,680,8,-80,1975,1,
196,867,4,64,1980,1,
196,7,4,16,1980,1,
196,28,3,54,1980,1,
325,417,4,-82,1982,1,
299,338,8,16,1992,1,
321,54,8,-80,1994,1,
284,400,2,47,1998,1,
306,52,7,-80,2004,1,
113,39,5,54,2013,1,
113,3,11,42,2013,1,
198,499,10,62,2019,1,
128,25,11,56,2029,1,
66,20,1,-80,2036,1,
66,61,8,62,2036,1,
34,59,6,61,2048,1,
34,18,8,-41,2048,1,
162,44,10,55,2049,1,
63,190,10,-18,2059,1,
63,150,6,-18,2059,1,
63,1,2,-18,2059,1,
336,84,7,64,2065,1,
336,137,6,-41,2065,1,
319,110,12,52,2078,1,
319,53,10,52,2078,1,
85,1442,2,56,2082,1,
85,92,10,-41,2082,1,
347,421,10,-18,2083,1,
347,139,8,-71,2083,1,
129,3,10,52,2101,1,
129,249,8,52,2101,1,
247,1237,8,-71,2103,1,
247,81,7,32,2103,1,
231,78,9,52,2114,1,
300,108,7,-18,2123,1,
300,704,8,-18,2123,1,
153,99,4,-41,2134,1,
153,27,11,70,2134,1,
124,66,12,-41,2151,1,
75,38,6,46,2159,1,
75,152,7,15,2159,1,
75,1,12,15,2159,1,
75,62,9,15,2159,1,
43,35,11,-18,2161,1,
43,1,2,67,2161,1,
197,318,8,42,2167,1,
197,264,4,-41,2167,1,
197,-1,-1,-999,2167,2,global
8,0,7,52,2177,1,
8,57,2,46,2177,1,
8,32,4,46,2177,1,
99,2,4,67,2179,1,
99,22,9,-17,2179,1,
302,1650,8,61,2182,1,
302,136,3,56,2182,1,
226,216,5,-80,2195,1,
226,102,6,-18,2195,1,
352,287,9,42,2201,1,
103,452,10,-13,2208,1,
103,38,12,-13,2208,1,
103,-1,-1,-999,2208,2,global
222,166,10,-17,2209,1,
139,1495,7,42,2211,1,
155,593,8,-71,2220,1,
155,-1,-1,-999,2221,2,global
294,174,8,-41,2223,1,
283,687,8,67,2232,1,
281,106,6,46,2233,1,
281,82,1,44,2233,1,
281,172,11,44,2233,1,
243,79,4,16,2235,1,
243,653,4,70,2235,1,
0,292,6,70,2261,1,
205,873,7,44,2264,1,
205,7,6,15,2264,1,
205,505,9,15,2264,1,
205,-1,-1,-999,2264,2,global
17,348,6,16,2271,1,
191,125,4,-18,2278,1,
191,1546,12,-37,2278,1,
131,96,5,-41,2281,1,
9,0,10,15,2292,1,
9,116,10,-42,2292,1,
64,150,6,32,2294,1,
64,190,5,-37,2294,1,
290,694,8,-17,2317,1,
290,50,6,-37,2317,1,
290,278,4,-37,2317,1,
130,25,10,46,2320,1,
130,3,4,-42,2320,1,
130,3,6,15,2320,1,
297,1282,8,-71,2329,1,
67,61,5,64,2347,1,
140,4,8,-42,2349,1,
140,823,12,-42,2349,1,
140,-1,-1,-999,2349,2,global
107,39,5,54,2368,1,
363,141,8,67,2372,1,
229,103,9,-42,2373,1,
229,642,8,-42,2373,1,
177,125,4,-18,2383,1,
177,159,3,-37,2383,1,
221,883,4,56,2387,1,
236,168,8,-18,2394,1,
44,187,6,-13,2396,1,
44,35,9,-42,2396,1,
10,16,6,-37,2404,1,
108,39,2,54,2405,1,
108,800,11,38,2405,1,
63,150,10,38,2419,1,
374,1356,4,44,2419,1,
374,290,8,15,2419,1,
374,56,4,-42,2419,1,
306,9,6,67,2433,1,
11,520,4,15,2440,1,
11,0,10,71,2440,1,
257,395,9,38,2451,1,
151,590,6,46,2461,1,
151,27,8,15,2461,1,
151,-1,-1,-999,2462,2,global
334,29,9,38,2464,1,
333,281,6,32,2474,1,
335,222,8,74,2475,1,
189,381,11,46,2481,1,
189,101,2,-13,2481,1,
279,938,5,-37,2482,1,
307,83,8,15,2500,1,
307,52,4,15,2500,1,
329,1313,3,38,2506,1,
329,84,10,76,2506,1,
228,324,4,-71,2515,1,
204,504,7,38,2517,1,
179,160,2,-23,2522,1,
179,125,2,-18,2522,1,
156,593,1,-71,2525,1,
147,253,8,76,2528,1,
354,226,6,46,2532,1,
354,111,5,-13,2532,1,
299,108,4,-37,2539,1,
299,-1,-1,-999,2539,2,global
196,1194,8,76,2540,1,
196,-1,-1,-999,2540,2,global
65,90,4,52,2548,1,
65,37,6,44,2548,1,
290,1278,4,9,2565,1,
101,122,10,-42,2565,1,
75,62,8,76,2572,1,
318,178,8,-13,2579,1,
328,54,6,78,2587,1,
320,718,8,-42,2593,1,
132,250,5,38,2596,1,
53,149,3,54,2604,1,
330,55,10,77,2625,1,
92,194,8,-13,2636,1,
72,1075,11,77,2640,1,
128,812,2,42,2645,1,
64,37,3,76,2651,1,
336,29,7,44,2651,1,
150,27,5,77,2656,1,
284,50,6,77,2667,1,
10,145,8,68,2682,1,
162,598,2,-41,2682,1,
162,5,10,85,2682,1,
152,70,8,57,2685,1,
152,42,9,57,2685,1,
152,123,8,57,2685,1,
31,88,3,77,2690,1,
135,4,6,85,2711,1,
78,152,5,-42,2715,1,
78,20,6,57,2715,1,
78,1081,4,57,2715,1,
78,92,6,57,2715,1,
12,146,2,23,2718,1,
302,1287,3,15,2737,1,
302,136,2,57,2737,1,
302,51,10,57,2737,1,
56,20,10,85,2740,1,
56,89,12,85,2740,1,
184,489,1,54,2753,1,
184,46,8,85,2753,1,
29,148,2,87,2754,1,
29,1,5,80,2754,1,
29,223,10,80,2754,1,
29,236,9,80,2754,1,
133,816,12,57,2756,1,
167,72,11,90,2768,1,
134,4,10,80,2770,1,
174,260,5,85,2776,1,
185,489,10,57,2783,1,
99,22,2,54,2789,1,
99,22,5,90,2789,1,
365,229,5,-84,2791,1,
365,113,7,39,2791,1,
257,665,9,15,2798,1,
239,271,6,85,2799,1,
305,9,5,85,2812,1,
325,1673,8,57,2818,1,
325,10,5,88,2818,1,
68,91,6,-84,2823,1,
68,37,6,53,2823,1,
68,1,11,53,2823,1,
103,452,2,-13,2833,1,
103,65,7,57,2833,1,
54,36,4,95,2845,1,
186,206,8,57,2847,1,
119,3,4,80,2849,1,
119,1119,9,53,2849,1,
119,95,5,53,2849,1,
279,684,9,57,2862,1,
279,-1,-1,-999,2862,2,global
57,20,12,94,2864,1,
0,0,6,94,2874,1,
202,102,8,53,2876,1,
202,502,11,53,2876,1,
8,234,10,53,2892,1,
223,322,11,59,2894,1,
223,-1,-1,-999,2894,2,global
177,159,7,57,2909,1,
334,55,6,-84,2914,1,
334,29,8,53,2914,1,
196,74,6,15,2921,1,
361,14,10,53,2930,1,
84,359,6,-42,2936,1,
152,1508,7,85,2938,1,
152,70,5,94,2938,1,
118,807,2,80,2947,1,
118,95,3,53,2947,1,
118,24,6,65,2947,1,
376,291,6,55,2948,1,
35,755,6,94,2963,1,
35,-1,-1,-999,2964,2,global
63,150,10,65,2964,1,
145,828,5,15,2965,1,
370,142,6,94,2973,1,
370,-1,-1,-999,2973,2,global
153,99,5,15,2975,1,
102,2,4,59,2982,1,
102,122,2,59,2982,1,
78,1081,8,65,2984,1,
78,152,5,4,2984,1,
78,-1,-1,-999,2984,2,global
359,140,5,46,2994,1,
358,140,7,4,3003,1,
358,181,1,4,3003,1,
358,13,5,4,3003,1,
104,243,6,98,3012,1,
104,1105,4,98,3012,1,
209,212,6,-84,3023,1,
209,635,6,4,3023,1,
36,755,1,94,3037,1,
36,148,4,98,3037,1,
86,360,11,96,3046,1,
86,-1,-1,-999,3046,2,global
228,1218,9,80,3052,1,
175,1173,5,94,3057,1,
180,73,6,96,3063,1,
180,125,4,96,3063,1,
337,30,4,94,3066,1,
195,74,4,15,3082,1,
195,125,4,96,3082,1,
371,142,10,69,3083,1,
275,276,2,38,3093,1,
69,91,8,96,3096,1,
88,64,8,4,3106,1,
98,243,3,-84,3120,1,
98,196,5,39,3120,1,
204,75,2,79,3126,1,
144,827,8,53,3134,1,
144,-1,-1,-999,3134,2,global
103,367,8,96,3144,1,
248,658,4,-42,3160,1,
150,1149,8,23,3168,1,
150,-1,-1,-999,3168,2,global
6,116,4,57,3186,1,
57,539,9,59,3192,1,
29,120,6,65,3197,1,
7,294,9,50,3201,1,
37,148,1,98,3209,1,
37,34,7,75,3209,1,
18,118,4,92,3210,1,
18,0,2,4,3210,1,
18,181,1,4,3210,1,
283,8,11,101,3219,1,
331,11,6,92,3223,1,
331,181,1,4,3223,1,
172,608,2,44,3227,1,
172,125,1,96,3227,1,
193,865,6,-84,3235,1,
284,688,2,15,3244,1,
134,251,6,39,3246,1,
218,512,6,-84,3264,1,
276,276,6,113,3276,1,
286,107,6,-84,3280,1,
111,24,2,57,3282,1,
352,111,1,-13,3288,1,
33,59,10,119,3294,1,
211,878,6,113,3313,1,
211,102,6,113,3313,1,
211,-1,-1,-999,3313,2,global
228,1582,2,44,3314,1,
152,835,5,65,3329,1,
27,18,11,115,3331,1,
167,1522,5,53,3339,1,
348,13,10,115,3347,1,
212,638,6,115,3359,1,
212,-1,-1,-999,3359,2,global
234,1588,7,115,3371,1,
213,638,3,115,3379,1,
36,532,4,-84,3382,1,
95,2,9,122,3387,1,
95,154,8,122,3387,1,
175,611,4,53,3391,1,
349,31,10,106,3396,1,
79,2,6,118,3399,1,
343,12,4,80,3405,1,
343,181,1,4,3405,1,
24,182,2,122,3406,1,
3,1019,2,122,3413,1,
102,1459,2,115,3417,1,
102,22,12,100,3417,1,
195,1193,4,80,3422,1,
8,116,4,122,3422,1,
26,87,8,100,3451,1,
26,0,4,107,3451,1,
26,58,4,107,3451,1,
26,33,8,107,3451,1,
344,138,4,-11,3459,1,
120,24,4,65,3468,1,
13,17,9,89,3469,1,
263,170,1,53,3485,1,
75,152,6,93,3492,1,
75,20,10,31,3492,1,
135,251,1,39,3498,1,
246,1600,4,-84,3507,1,
136,26,6,93,3516,1,
136,819,10,93,3516,1,
193,865,8,104,3521,1,
166,203,8,106,3539,1,
166,71,8,109,3539,1,
166,6,9,109,3539,1,
92,21,3,20,3556,1,
92,21,11,93,3556,1,
92,2,1,14,3556,1,
92,92,8,20,3556,1,
92,556,7,129,3556,1,
101,122,8,105,3568,1,
101,2,12,107,3568,1,
361,181,1,105,3592,1,
361,140,8,107,3592,1,
361,1002,4,109,3592,1,
361,85,4,109,3592,1,
137,26,7,31,3598,1,
137,4,4,20,3598,1,
137,4,9,14,3598,1,
137,97,11,20,3598,1,
345,419,8,121,3607,1,
355,13,4,100,3620,1,
355,181,1,105,3620,1,
355,227,10,107,3620,1,
355,85,4,109,3620,1,
355,-1,-1,-999,3620,2,global
21,86,5,14,3626,1,
21,86,10,31,3626,1,
21,33,5,14,3626,1,
121,461,9,-39,3635,1,
371,1010,8,-89,3644,1,
371,181,1,105,3644,1,
371,114,8,83,3644,1,
10,234,6,14,3655,1,
10,32,2,129,3655,1,
10,0,6,129,3655,1,
10,116,6,129,3655,1,
39,19,2,105,3665,1,
39,185,12,107,3665,1,
132,67,5,31,3682,1,
132,40,11,129,3682,1,
132,4,3,129,3682,1,
17,744,5,109,3684,1,
17,85,1,109,3684,1,
17,0,6,109,3684,1,
17,-1,-1,-999,3684,2,global
239,7,6,102,3687,1,
239,900,6,102,3687,1,
239,217,7,102,3687,1,
310,1294,3,109,3704,1,
310,52,10,109,3704,1,
322,54,12,20,3708,1,
322,84,6,20,3708,1,
311,52,8,102,3710,1,
311,10,7,102,3710,1,
273,933,12,107,3722,1,
68,1,6,102,3729,1,
68,91,6,102,3729,1,
25,147,10,31,3736,1,
25,58,10,-60,3736,1,
338,181,1,105,3740,1,
338,30,8,107,3740,1,
338,418,2,109,3740,1,
163,6,4,102,3748,1,
163,257,8,102,3748,1,
194,1192,9,107,3755,1,
203,47,5,93,3759,1,
203,126,7,14,3759,1,
203,74,4,129,3759,1,
200,163,10,102,3764,1,
129,96,8,102,3778,1,
292,133,12,31,3784,1,
292,406,5,131,3784,1,
306,52,10,125,3794,1,
314,53,3,14,3807,1,
314,53,5,129,3807,1,
314,10,8,131,3807,1,
308,176,8,86,3808,1,
308,-1,-1,-999,3808,2,global
33,296,8,107,3823,1,
348,31,10,14,3829,1,
348,13,4,131,3829,1,
333,281,4,102,3829,1,
333,110,10,127,3829,1,
333,-1,-1,-999,3829,2,global
164,202,9,20,3851,1,
164,156,6,129,3851,1,
334,222,8,103,3851,1,
61,60,5,102,3859,1,
61,190,8,127,3859,1,
149,155,8,107,3865,1,
92,556,12,-60,3870,1,
92,-1,-1,-999,3870,2,global
41,441,3,107,3881,1,
41,1,6,-2,3881,1,
369,342,5,93,3889,1,
369,113,8,14,3889,1,
168,604,8,107,3895,1,
193,208,10,102,3895,1,
193,7,6,72,3895,1,
193,101,10,72,3895,1,
168,-1,-1,-999,3895,2,global
171,607,6,31,3908,1,
171,157,6,129,3908,1,
295,699,10,-2,3911,1,
295,-1,-1,-999,3911,2,global
286,401,12,20,3927,1,
18,744,2,109,3927,1,
18,522,8,-2,3927,1,
286,-1,-1,-999,3927,2,global
121,810,7,-10,3932,1,
121,248,8,138,3932,1,
121,3,10,72,3932,1,
121,570,2,72,3932,1,
15,1029,8,-2,3941,1,
47,35,4,20,3945,1,
47,1054,7,-60,3945,1,
244,80,8,83,3959,1,
59,1063,11,20,3963,1,
337,1321,8,-2,3973,1,
38,18,4,127,3975,1,
38,534,11,72,3975,1,
38,1,8,72,3975,1,
230,78,4,83,4003,1,
230,130,3,109,4003,1,
376,115,5,102,4010,1,
376,424,10,72,4010,1,
376,56,10,72,4010,1,
130,25,6,72,4030,1,
130,96,7,72,4030,1,
365,113,2,14,4042,1,
365,288,9,-60,4042,1,
105,1106,6,102,4048,1,
105,2,6,72,4048,1,
322,415,7,107,4055,1,
112,39,2,-60,4057,1,
112,306,7,-60,4057,1,
174,45,7,72,4066,1,
174,158,4,72,4066,1,
96,558,4,93,4074,1,
96,93,4,14,4074,1,
96,195,2,129,4074,1,
236,168,3,117,4083,1,
236,897,8,72,4083,1,
205,127,11,72,4101,1,
253,331,9,-60,4107,1,
166,203,10,138,4117,1,
280,50,10,124,4120,1,
21,523,8,129,4121,1,
73,786,10,72,4133,1,
143,41,2,115,4134,1,
143,826,6,124,4134,1,
143,-1,-1,-999,4134,2,global
17,118,8,14,4135,1,
195,46,5,-2,4148,1,
195,209,2,124,4148,1,
262,922,8,20,4149,1,
329,11,7,124,4160,1,
147,26,2,-60,4163,1,
147,1503,6,-60,4163,1,
165,1163,6,124,4177,1,
203,211,10,156,4182,1,
6,116,6,124,4188,1,
6,-1,-1,-999,4188,2,global
161,375,8,14,4194,1,
80,793,6,109,4207,1,
207,633,8,31,4209,1,
0,0,2,72,4215,1,
0,143,6,111,4215,1,
0,343,9,159,4215,1,
88,1445,6,124,4221,1,
178,315,2,14,4223,1,
178,45,6,129,4223,1,
268,81,6,102,4231,1,
268,928,3,72,4231,1,
51,357,10,158,4241,1,
344,12,8,129,4244,1,
189,861,8,72,4257,1,
189,101,1,72,4257,1,
128,40,5,100,4269,1,
18,118,6,110,4283,1,
343,138,10,72,4287,1,
1,115,6,14,4293,1,
106,23,8,111,4300,1,
263,1253,6,20,4302,1,
299,108,7,20,4313,1,
299,-1,-1,-999,4313,2,global
186,206,12,154,4319,1,
231,268,8,-60,4324,1,
98,448,5,109,4333,1,
310,10,8,72,4333,1,
25,147,6,131,4335,1,
22,350,7,72,4346,1,
109,39,5,109,4348,1,
136,583,7,72,4358,1,
52,536,1,72,4379,1,
52,766,6,72,4379,1,
322,415,6,60,4382,1,
92,1449,4,107,4390,1,
93,557,6,-60,4393,1,
224,129,7,102,4393,1,
110,39,5,109,4400,1,
28,1041,6,129,4402,1,
210,877,3,107,4408,1,
312,10,4,124,4417,1,
254,662,4,107,4427,1,
111,39,5,-60,4430,1,
85,240,5,31,4457,1,
239,79,6,72,4457,1,
36,34,6,111,4468,1,
114,39,1,109,4469,1,
114,3,12,161,4469,1,
174,158,2,115,4476,1,
153,43,6,102,4480,1,
242,903,4,14,4486,1,
2,143,5,111,4491,1,
192,493,5,-60,4494,1,
256,273,6,168,4497,1,
107,1464,2,-60,4499,1,
102,560,1,14,4502,1,
97,558,3,93,4508,1,
112,24,6,145,4508,1,
32,752,5,102,4511,1,
193,494,2,115,4535,1,
301,705,11,169,4540,1,
301,-1,-1,-999,4540,2,global
121,24,2,145,4551,1,
194,382,4,174,4557,1,
146,588,4,102,4561,1,
146,4,10,169,4561,1,
291,133,5,127,4571,1,
74,302,8,150,4581,1,
74,787,4,150,4581,1,
196,318,5,72,4588,1,
345,989,1,168,4591,1,
222,884,2,109,4598,1,
298,702,5,72,4599,1,
70,151,6,155,4602,1,
75,38,4,150,4609,1,
310,412,4,14,4616,1,
88,2,8,143,4618,1,
88,64,5,143,4618,1,
313,84,5,177,4635,1,
280,398,7,160,4637,1,
280,28,5,160,4637,1,
105,1106,1,-2,4643,1,
211,637,4,72,4645,1,
322,1306,3,102,4653,1,
247,47,7,143,4665,1,
247,657,8,178,4665,1,
71,91,11,167,4678,1,
172,45,12,143,4684,1,
119,248,1,138,4691,1,
119,39,2,169,4691,1,
119,-1,-1,-999,4691,2,global
76,38,2,167,4695,1,
167,72,4,151,4703,1,
355,227,2,102,4708,1,
346,139,10,143,4716,1,
77,152,10,151,4717,1,
202,211,1,156,4719,1,
200,1198,4,167,4724,1,
200,-1,-1,-999,4724,2,global
275,935,8,143,4730,1,
13,17,8,184,4735,1,
97,1454,5,-6,4743,1,
89,64,9,178,4745,1,
44,536,1,72,4751,1,
44,-1,-1,-999,4751,2,global
45,536,1,72,4756,1,
45,-1,-1,-999,4756,2,global
305,83,8,184,4763,1,
46,536,1,72,4766,1,
46,187,2,120,4766,1,
46,-1,-1,-999,4766,2,global
47,536,1,72,4780,1,
47,-1,-1,-999,4780,2,global
281,172,7,162,4784,1,
281,50,8,162,4784,1,
281,224,10,162,4784,1,
287,224,2,162,4803,1,
287,402,10,190,4803,1,
48,536,1,72,4811,1,
129,67,9,140,4814,1,
204,75,7,134,4825,1,
204,75,8,162,4825,1,
128,25,10,180,4828,1,
299,175,8,140,4840,1,
306,83,10,162,4844,1,
161,224,2,191,4848,1,
222,265,9,190,4857,1,
222,-1,-1,-999,4857,2,global
160,224,10,191,4864,1,
298,1283,9,180,4864,1,
49,536,1,72,4870,1,
40,186,9,162,4870,1,
27,295,5,143,4883,1,
27,437,4,190,4883,1,
256,273,5,160,4938,1,
256,48,4,190,4938,1,
349,31,8,132,4939,1,
36,88,2,192,4941,1,
36,59,7,192,4941,1,
36,297,8,-74,4941,1,
6,57,6,180,4949,1,
105,368,5,183,4953,1,
105,2,6,162,4953,1,
304,109,5,180,4957,1,
42,187,6,-74,4964,1,
42,1,9,172,4964,1,
131,1130,7,143,4964,1,
348,31,5,140,4965,1,
180,316,4,180,4974,1,
183,616,9,-74,4979,1,
282,106,4,134,4982,1,
282,50,4,195,4982,1,
130,96,5,192,4994,1,
130,1129,4,172,4994,1,
1,0,6,194,5000,1,
1,56,6,194,5000,1,
4,1020,7,172,5007,1,
352,287,3,190,5018,1,
352,139,2,141,5018,1,
43,187,6,-74,5020,1,
350,223,8,175,5052,1,
350,225,12,175,5052,1,
264,170,4,175,5059,1,
211,1565,6,139,5062,1,
236,270,6,162,5065,1,
240,1230,4,143,5073,1,
179,160,6,172,5074,1,
77,547,8,-45,5074,1,
146,42,4,162,5080,1,
34,352,5,189,5084,1,
305,1290,5,112,5086,1,
124,66,4,192,5098,1,
189,381,3,162,5102,1,
103,197,5,-74,5108,1,
333,281,4,180,5116,1,
204,630,8,141,5121,1,
204,-1,-1,-999,5122,2,global
111,305,1,143,5134,1,
298,702,10,82,5147,1,
181,7,4,196,5157,1,
233,646,8,128,5161,1,
151,70,6,147,5171,1,
151,42,12,147,5171,1,
151,200,10,147,5171,1,
44,536,1,72,5176,1,
44,-1,-1,-999,5177,2,global
228,103,9,142,5179,1,
0,513,8,128,5190,1,
0,-1,-1,-999,5191,2,global
133,67,7,193,5196,1,
133,4,12,193,5196,1,
50,536,1,72,5200,1,
50,-1,-1,-999,5201,2,global
299,51,8,142,5202,1,
51,536,1,72,5206,1,
51,-1,-1,-999,5206,2,global
7,57,1,180,5209,1,
7,116,2,175,5209,1,
7,181,1,128,5209,1,
106,369,5,147,5221,1,
106,2,6,147,5221,1,
106,2,6,193,5221,1,
42,442,8,-50,5234,1,
29,1,10,203,5239,1,
143,199,2,180,5244,1,
150,155,9,193,5248,1,
150,98,10,179,5248,1,
104,367,12,136,5252,1,
104,-1,-1,-999,5252,2,global
12,0,4,97,5278,1,
12,0,7,193,5278,1,
12,0,1,179,5278,1,
12,16,4,152,5278,1,
12,16,5,97,5278,1,
147,830,4,73,5278,1,
147,68,8,73,5278,1,
256,1246,7,179,5302,1,
256,217,10,179,5302,1,
173,204,4,137,5307,1,
172,204,1,137,5313,1,
174,204,4,137,5322,1,
107,2,2,193,5323,1,
107,245,12,97,5323,1,
296,135,5,73,5329,1,
296,135,7,144,5329,1,
163,6,7,206,5335,1,
339,181,1,128,5344,1,
339,283,4,73,5344,1,
339,56,4,144,5344,1,
310,83,2,152,5344,1,
310,83,4,193,5344,1,
310,177,8,193,5344,1,
221,883,9,204,5354,1,
148,5,8,97,5378,1,
148,5,12,182,5378,1,
148,42,4,182,5378,1,
193,162,5,144,5393,1,
193,208,8,199,5393,1,
329,180,6,144,5410,1,
329,11,7,199,5410,1,
48,188,4,204,5421,1,
48,188,8,1,5421,1,
48,1055,2,1,5421,1,
212,165,10,179,5423,1,
212,77,6,182,5423,1,
212,319,6,202,5423,1,
212,7,12,202,5423,1,
249,392,7,144,5424,1,
263,170,2,175,5436,1,
263,274,6,73,5436,1,
123,572,12,1,5444,1,
196,627,2,142,5447,1,
196,162,5,144,5447,1,
122,3,3,193,5453,1,
122,3,9,202,5453,1,
122,571,4,97,5453,1,
122,24,6,182,5453,1,
297,135,5,144,5455,1,
124,95,4,11,5466,1,
124,311,10,11,5466,1,
197,318,4,123,5475,1,
54,60,6,97,5481,1,
54,1,3,202,5481,1,
54,538,10,81,5481,1,
45,35,6,11,5484,1,
45,187,6,11,5484,1,
45,-1,-1,-999,5485,2,global
316,964,8,1,5498,1,
316,-1,-1,-999,5498,2,global
1,0,2,182,5510,1,
1,0,4,179,5510,1,
1,513,8,182,5510,1,
1,56,7,202,5510,1,
1,-1,-1,-999,5510,2,global
30,87,8,133,5515,1,
30,1,5,133,5515,1,
336,181,1,128,5532,1,
336,55,3,73,5532,1,
336,980,8,133,5532,1,
10,0,2,179,5535,1,
10,16,4,182,5535,1,
10,16,11,202,5535,1,
113,3,11,165,5544,1,
280,172,7,97,5558,1,
280,685,9,81,5558,1,
281,50,8,133,5563,1,
49,188,2,-51,5572,1,
49,1056,9,135,5572,1,
49,88,9,135,5572,1,
167,72,5,133,5576,1,
94,2,4,202,5581,1,
94,243,5,202,5581,1,
94,92,6,81,5581,1,
63,1420,8,1,5586,1,
251,272,3,179,5599,1,
251,660,9,182,5599,1,
251,-1,-1,-999,5599,2,global
191,162,5,133,5612,1,
284,8,9,135,5614,1,
284,1272,10,135,5614,1,
284,-1,-1,-999,5614,2,global
38,185,6,193,5620,1,
38,18,6,193,5620,1,
38,18,2,202,5620,1,
357,112,10,11,5630,1,
352,996,11,193,5638,1,
56,20,2,133,5648,1,
56,60,2,133,5648,1,
12,345,4,202,5654,1,
12,521,6,81,5654,1,
101,366,5,11,5656,1,
101,93,6,135,5656,1,
101,65,7,135,5656,1,
362,181,1,128,5658,1,
362,14,4,133,5658,1,
258,274,4,73,5665,1,
17,118,10,81,5670,1,
245,391,3,199,5670,1,
11,1370,5,135,5677,1,
11,32,8,135,5677,1,
244,80,9,208,5700,1,
343,138,8,11,5703,1,
343,30,10,135,5703,1,
334,181,1,128,5714,1,
334,29,6,181,5714,1,
334,-1,-1,-999,5714,2,global
205,127,10,147,5717,1,
23,17,4,165,5733,1,
23,86,1,135,5733,1,
23,182,6,135,5733,1,
81,794,6,-51,5749,1,
81,20,4,135,5749,1,
105,368,8,147,5764,1,
320,179,9,135,5765,1,
196,318,7,133,5769,1,
196,-1,-1,-999,5769,2,global
54,149,5,181,5777,1,
151,155,8,81,5778,1,
267,219,7,165,5786,1,
335,29,10,202,5794,1,
163,257,3,181,5798,1,
122,811,1,142,5804,1,
122,39,2,133,5804,1,
176,261,8,179,5808,1,
350,994,7,172,5813,1,
212,879,8,81,5822,1,
301,51,2,206,5827,1,
301,51,6,11,5827,1,
221,388,6,182,5837,1,
221,77,2,182,5837,1,
18,118,2,133,5851,1,
230,268,8,202,5875,1,
146,42,6,135,5879,1,
308,176,6,165,5891,1,
344,12,7,202,5897,1,
197,318,1,133,5903,1,
70,1073,7,81,5910,1,
137,372,6,1,5914,1,
137,-1,-1,-999,5914,2,global
164,257,8,220,5917,1,
41,237,6,202,5921,1,
0,181,1,128,5923,1,
181,853,6,135,5926,1,
277,1265,6,11,5944,1,
277,-1,-1,-999,5944,2,global
336,110,5,185,5946,1,
336,29,11,185,5946,1,
44,187,6,11,5960,1,
44,-1,-1,-999,5960,2,global
76,546,9,185,5962,1,
101,122,6,147,5971,1,
211,637,1,175,5977,1,
211,7,8,185,5977,1,
202,502,6,165,5977,1,
202,-1,-1,-999,5978,2,global
213,128,6,1,5993,1,
145,828,6,81,5999,1,
245,1235,11,185,6010,1,
129,578,6,97,6011,1,
129,-1,-1,-999,6011,2,global
162,44,3,225,6018,1,
130,96,4,135,6023,1,
10,16,2,185,6025,1,
72,91,12,223,6038,1,
72,-1,-1,-999,6038,2,global
177,261,2,1,6044,1,
177,6,3,11,6044,1,
184,161,6,97,6049,1,
156,70,1,185,6055,1,
156,201,8,227,6055,1,
178,159,6,219,6073,1,
205,127,6,205,6074,1,
205,75,5,223,6074,1,
123,811,1,142,6083,1,
123,-1,-1,-999,6083,2,global
6,116,3,135,6085,1,
99,22,10,223,6101,1,
335,29,1,11,6102,1,
335,29,5,135,6102,1,
256,48,6,202,6112,1,
292,1280,4,147,6130,1,
292,950,1,97,6130,1,
292,-1,-1,-999,6130,2,global
125,811,1,142,6141,1,
125,95,4,233,6141,1,
125,-1,-1,-999,6142,2,global
25,147,6,223,6142,1,
65,778,2,135,6153,1,
166,203,5,202,6159,1,
60,1064,2,11,6161,1,
60,189,1,165,6161,1,
66,1423,2,165,6168,1,
337,282,8,197,6176,1,
124,811,1,142,6181,1,
124,-1,-1,-999,6181,2,global
282,941,4,81,6194,1,
181,486,4,218,6204,1,
102,122,4,197,6209,1,
138,372,2,1,6211,1,
126,811,1,142,6214,1,
100,22,8,215,6228,1,
364,113,1,204,6231,1,
187,491,8,215,6274,1,
206,127,8,84,6288,1,
182,263,4,81,6301,1,
336,282,12,84,6307,1,
293,1280,4,147,6310,1,
236,1226,4,152,6319,1,
52,189,8,238,6325,1,
28,18,4,202,6328,1,
137,820,7,164,6338,1,
137,-1,-1,-999,6338,2,global
367,289,4,97,6341,1,
170,157,2,84,6346,1,
170,72,3,212,6346,1,
170,203,5,230,6346,1,
170,6,10,230,6346,1,
366,289,4,97,6361,1,
210,47,7,212,6379,1,
210,507,8,230,6379,1,
210,102,9,230,6379,1,
210,-1,-1,-999,6380,2,global
130,578,2,97,6382,1,
368,289,3,97,6392,1,
363,14,8,153,6409,1,
207,212,6,230,6414,1,
207,212,6,186,6414,1,
207,164,8,186,6414,1,
207,7,5,186,6414,1,
358,228,8,148,6420,1,
278,49,4,148,6429,1,
229,890,2,147,6444,1,
54,189,5,211,6461,1,
54,189,6,91,6461,1,
54,60,10,211,6461,1,
54,36,1,211,6461,1,
280,685,6,230,6478,1,
280,50,2,230,6478,1,
280,278,6,230,6478,1,
10,0,4,91,6480,1,
10,16,8,91,6480,1,
338,137,2,97,6485,1,
93,242,10,148,6496,1,
343,12,7,84,6503,1,
343,284,10,186,6503,1,
376,291,10,91,6513,1,
157,255,7,230,6525,1,
157,71,2,230,6525,1,
157,5,6,249,6525,1,
111,2,12,126,6549,1,
111,305,12,126,6549,1,
111,24,3,126,6549,1,
257,332,2,186,6551,1,
257,395,10,186,6551,1,
257,217,6,249,6551,1,
89,64,6,212,6571,1,
89,2,5,230,6571,1,
89,21,2,230,6571,1,
0,0,2,91,6572,1,
0,143,4,211,6572,1,
0,292,9,224,6572,1,
344,30,3,249,6591,1,
344,138,10,249,6591,1,
344,-1,-1,-999,6591,2,global
29,18,8,232,6593,1,
305,83,6,232,6605,1,
15,57,6,126,6606,1,
15,347,5,126,6606,1,
15,0,10,126,6606,1,
15,85,4,126,6606,1,
36,34,5,84,6609,1,
36,18,6,230,6609,1,
30,87,4,226,6629,1,
30,184,12,226,6629,1,
87,361,10,45,6636,1,
87,193,9,45,6636,1,
288,403,5,226,6639,1,
302,136,4,226,6648,1,
62,542,11,249,6654,1,
134,371,4,226,6657,1,
359,228,7,91,6662,1,
359,339,8,126,6662,1,
359,85,2,126,6662,1,
359,140,12,250,6662,1,
359,32,9,250,6662,1,
182,487,4,66,6669,1,
90,92,7,224,6693,1,
90,241,5,126,6693,1,
90,2,10,130,6693,1,
25,87,2,226,6700,1,
127,811,1,142,6707,1,
127,66,6,212,6707,1,
127,40,4,230,6707,1,
127,-1,-1,-999,6708,2,global
330,55,7,261,6713,1,
140,373,2,226,6720,1,
156,475,12,126,6723,1,
156,100,9,126,6723,1,
244,80,11,230,6742,1,
192,207,1,147,6754,1,
333,727,11,230,6762,1,
278,683,10,91,6763,1,
278,277,12,126,6763,1,
278,171,8,209,6763,1,
289,693,3,186,6787,1,
289,172,6,249,6787,1,
12,57,4,126,6789,1,
12,1371,5,126,6789,1,
12,33,9,130,6789,1,
157,476,10,45,6806,1,
157,71,2,45,6806,1,
4,1020,10,126,6813,1,
4,143,6,263,6813,1,
65,778,1,97,6823,1,
179,1534,2,230,6828,1,
179,45,8,249,6828,1,
38,59,6,126,6836,1,
38,1395,10,209,6836,1,
28,527,8,230,6842,1,
28,-1,-1,-999,6843,2,global
10,1369,6,170,6856,1,
10,145,2,186,6856,1,
10,-1,-1,-999,6856,2,global
68,61,6,224,6860,1,
68,37,10,126,6860,1,
207,633,8,45,6870,1,
207,-1,-1,-999,6870,2,global
191,623,10,241,6874,1,
0,513,1,182,6880,1,
190,125,2,224,6881,1,
190,1545,12,250,6881,1,
125,811,1,142,6890,1,
125,574,12,230,6890,1,
125,-1,-1,-999,6890,2,global
286,690,6,91,6902,1,
286,8,2,224,6902,1,
286,401,6,250,6902,1,
286,-1,-1,-999,6902,2,global
114,566,8,84,6904,1,
245,80,1,202,6904,1,
104,39,1,126,6920,1,
104,39,4,130,6920,1,
104,197,7,126,6920,1,
104,-1,-1,-999,6920,2,global
180,73,6,249,6938,1,
180,46,1,45,6938,1,
305,9,12,224,6939,1,
1,0,8,260,6939,1,
175,1530,1,147,6944,1,
117,1118,6,126,6956,1,
117,39,5,130,6956,1,
117,-1,-1,-999,6956,2,global
34,121,10,264,6961,1,
269,929,6,264,6972,1,
336,282,7,230,6991,1,
13,0,8,269,6993,1,
13,57,6,269,6993,1,
174,6,4,269,7012,1,
174,158,8,269,7012,1,
206,127,1,126,7020,1,
206,212,4,209,7020,1,
206,75,6,250,7020,1,
354,998,6,45,7024,1,
132,40,5,269,7030,1,
132,4,4,269,7030,1,
228,103,10,211,7055,1,
372,290,7,45,7055,1,
312,710,5,249,7065,1,
263,671,10,130,7071,1,
263,-1,-1,-999,7071,2,global
70,91,5,186,7078,1,
11,145,10,126,7087,1,
96,195,5,45,7097,1,
256,664,4,269,7104,1,
256,28,7,273,7104,1,
54,36,9,224,7104,1,
116,1117,5,212,7108,1,
7,57,2,269,7147,1,
7,1366,8,273,7147,1,
7,32,10,288,7147,1,
222,265,4,212,7150,1,
196,1194,9,126,7166,1,
196,-1,-1,-999,7166,2,global
210,385,9,211,7181,1,
306,52,2,283,7185,1,
306,83,11,222,7185,1,
64,90,6,269,7197,1,
64,777,11,198,7197,1,
64,1,8,198,7197,1,
101,559,9,211,7198,1,
99,22,4,84,7205,1,
30,18,6,269,7213,1,
30,148,4,276,7213,1,
115,459,8,222,7222,1,
266,926,8,130,7229,1,
266,-1,-1,-999,7230,2,global
31,18,10,198,7240,1,
31,1,7,166,7240,1,
177,159,8,126,7243,1,
47,188,8,130,7257,1,
128,3,6,198,7274,1,
128,25,7,166,7274,1,
128,25,8,198,7274,1,
128,95,4,166,7274,1,
326,180,8,211,7283,1,
247,328,3,230,7292,1,
93,242,3,186,7300,1,
151,5,2,276,7301,1,
151,5,6,166,7301,1,
151,70,10,257,7301,1,
344,988,4,126,7320,1,
344,284,4,126,7320,1,
124,3,10,207,7324,1,
124,66,6,207,7324,1,
79,2,1,292,7344,1,
348,31,1,212,7350,1,
175,72,9,276,7351,1,
175,611,10,198,7351,1,
206,874,1,230,7356,1,
52,1409,7,211,7357,1,
52,-1,-1,-999,7357,2,global
305,9,4,270,7365,1,
221,388,7,126,7370,1,
221,-1,-1,-999,7370,2,global
68,61,4,198,7376,1,
68,781,6,198,7376,1,
68,1,7,257,7376,1,
369,423,4,209,7384,1,
369,289,4,130,7384,1,
369,-1,-1,-999,7384,2,global
14,346,9,257,7400,1,
14,17,8,257,7400,1,
81,153,6,304,7420,1,
136,4,6,288,7422,1,
136,26,8,257,7422,1,
28,527,6,126,7424,1,
28,-1,-1,-999,7424,2,global
142,469,6,130,7436,1,
201,1199,7,166,7445,1,
201,210,9,207,7445,1,
352,287,6,130,7447,1,
349,31,10,299,7459,1,
236,270,6,126,7459,1,
90,64,6,166,7464,1,
90,362,6,207,7464,1,
96,21,12,306,7485,1,
30,529,11,207,7493,1,
30,-1,-1,-999,7493,2,global
162,598,5,224,7502,1,
198,319,12,277,7511,1,
123,811,1,250,7513,1,
123,40,5,130,7513,1,
123,-1,-1,-999,7514,2,global
80,192,4,126,7522,1,
31,439,6,211,7534,1,
78,192,10,257,7540,1,
306,221,2,288,7556,1,
306,83,8,276,7556,1,
82,192,9,176,7561,1,
0,115,4,269,7571,1,
0,15,5,207,7571,1,
83,551,4,157,7572,1,
84,551,2,157,7579,1,
110,246,12,303,7599,1,
231,78,3,207,7601,1,
231,130,6,207,7601,1,
59,299,11,293,7617,1,
85,153,8,293,7631,1,
97,93,8,303,7645,1,
333,727,3,209,7646,1,
373,423,2,209,7656,1,
373,143,2,263,7656,1,
86,193,11,303,7663,1,
105,23,8,257,7666,1,
153,99,3,130,7675,1,
103,452,8,288,7680,1,
103,-1,-1,-999,7680,2,global
132,1488,8,166,7694,1,
140,373,1,303,7695,1,
272,171,2,209,7697,1,
316,714,2,91,7713,1,
269,1257,4,198,7720,1,
269,170,3,207,7720,1,
269,170,1,166,7720,1,
269,-1,-1,-999,7721,2,global
124,811,1,250,7728,1,
124,-1,-1,-999,7728,2,global
125,811,1,250,7737,1,
125,-1,-1,-999,7738,2,global
109,801,8,210,7762,1,
215,386,8,198,7777,1,
70,783,11,210,7780,1,
70,-1,-1,-999,7780,2,global
128,370,4,311,7790,1,
314,84,2,257,7791,1,
314,53,6,257,7791,1,
129,370,2,311,7797,1,
313,84,1,296,7803,1,
10,16,7,277,7804,1,
127,811,1,250,7815,1,
127,66,5,314,7815,1,
127,-1,-1,-999,7815,2,global
41,237,7,207,7816,1,
206,632,7,207,7829,1,
67,61,2,254,7861,1,
67,37,5,318,7861,1,
137,68,7,210,7875,1,
173,609,6,210,7887,1,
101,450,7,276,7895,1,
176,848,5,210,7897,1,
130,25,6,329,7912,1,
196,74,6,210,7919,1,
192,493,6,257,7923,1,
192,-1,-1,-999,7924,2,global
197,74,2,210,7933,1,
197,46,6,313,7933,1,
364,1346,6,166,7937,1,
110,455,8,244,7947,1,
113,3,8,305,7955,1,
81,1438,4,246,7956,1,
39,19,5,289,7985,1,
322,968,5,166,7996,1,
164,6,6,326,8004,1,
105,244,7,236,8023,1,
163,28,8,305,8024,1,
193,73,1,231,8026,1,
264,924,4,166,8037,1,
162,375,5,305,8038,1,
162,44,3,271,8038,1,
22,434,3,305,8046,1,
21,86,3,216,8061,1,
263,170,4,166,8076,1,
354,998,7,245,8079,1,
354,-1,-1,-999,8079,2,global
0,0,6,245,8091,1,
160,156,6,245,8103,1,
217,387,4,207,8109,1,
181,1179,6,245,8114,1,
232,78,3,207,8117,1,
122,311,2,302,8141,1,
122,3,9,302,8141,1,
122,154,1,302,8141,1,
133,41,6,320,8146,1,
330,55,4,327,8150,1,
334,29,3,277,8158,1,
40,186,7,320,8159,1,
265,170,1,166,8167,1,
200,210,9,307,8175,1,
61,774,10,315,8202,1,
61,-1,-1,-999,8202,2,global
96,195,4,315,8211,1,
194,317,4,315,8228,1,
280,50,8,302,8235,1,
67,61,1,198,8240,1,
75,62,7,315,8241,1,
368,289,1,207,8250,1,
368,-1,-1,-999,8250,2,global
128,198,6,315,8253,1,
321,179,5,287,8260,1,
76,152,10,256,8269,1,
364,341,6,319,8284,1,
180,1178,1,302,8297,1,
180,73,5,307,8297,1,
54,36,4,256,8300,1,
54,89,8,275,8300,1,
54,19,6,275,8300,1,
54,1,4,275,8300,1,
198,74,6,312,8308,1,
198,-1,-1,-999,8308,2,global
197,74,4,312,8320,1,
197,382,2,310,8320,1,
363,141,8,275,8324,1,
363,141,8,323,8324,1,
179,378,10,317,8336,1,
105,244,4,285,8341,1,
184,317,4,315,8346,1,
184,73,7,275,8346,1,
184,125,4,323,8346,1,
190,862,6,310,8352,1,
190,382,4,310,8352,1,
190,-1,-1,-999,8353,2,global
269,1257,4,198,8377,1,
269,-1,-1,-999,8377,2,global
107,23,8,229,8377,1,
106,23,5,302,8394,1,
164,600,8,272,8396,1,
164,44,8,275,8396,1,
336,29,5,332,8401,1,
370,85,4,302,8414,1,
370,114,9,229,8414,1,
204,75,5,302,8424,1,
320,10,1,333,8425,1,
83,63,7,275,8441,1,
83,38,5,347,8441,1,
83,2,10,347,8441,1,
331,55,4,331,8442,1,
181,73,7,229,8460,1,
249,47,6,275,8477,1,
249,659,8,275,8477,1,
249,28,3,347,8477,1,
196,318,6,256,8491,1,
196,125,2,323,8491,1,
77,62,6,335,8499,1,
41,441,4,335,8508,1,
40,1397,4,149,8513,1,
40,59,11,275,8513,1,
64,37,6,229,8517,1,
270,82,10,335,8524,1,
313,84,8,275,8528,1,
102,451,6,347,8539,1,
39,34,11,345,8552,1,
315,10,9,335,8567,1,
128,812,4,275,8573,1,
128,462,2,347,8573,1,
128,-1,-1,-999,8573,2,global
151,155,3,310,8579,1,
151,70,8,286,8579,1,
129,25,5,275,8587,1,
113,565,4,234,8596,1,
113,154,6,286,8596,1,
304,109,9,354,8603,1,
10,16,6,354,8615,1,
70,1427,6,231,8618,1,
70,1073,10,256,8618,1,
70,-1,-1,-999,8618,2,global
251,660,5,312,8625,1,
251,272,4,286,8625,1,
59,90,5,275,8628,1,
123,811,1,250,8640,1,
123,3,8,351,8640,1,
123,-1,-1,-999,8641,2,global
362,85,4,302,8656,1,
362,14,5,286,8656,1,
284,8,2,342,8662,1,
283,8,8,286,8669,1,
182,379,7,286,8682,1,
252,81,10,217,8685,1,
252,272,8,217,8685,1,
82,358,3,286,8690,1,
0,85,4,302,8699,1,
2,0,6,357,8703,1,
2,32,8,357,8703,1,
305,709,12,217,8712,1,
42,59,7,301,8722,1,
42,19,4,301,8722,1,
229,130,2,229,8725,1,
62,301,4,217,8733,1,
62,36,7,217,8733,1,
14,0,1,301,8753,1,
14,0,5,358,8753,1,
14,234,10,358,8753,1,
225,1215,9,217,8756,1,
206,212,8,358,8767,1,
53,89,2,229,8782,1,
131,67,8,217,8784,1,
285,8,10,301,8786,1,
285,50,2,358,8786,1,
114,247,8,358,8801,1,
213,77,6,301,8823,1,
213,7,9,360,8823,1,
104,39,3,275,8826,1,
104,797,4,217,8826,1,
104,-1,-1,-999,8826,2,global
8,517,4,323,8835,1,
210,213,7,274,8836,1,
253,272,9,350,8844,1,
291,133,4,275,8848,1,
355,288,3,356,8852,1,
214,77,4,301,8853,1,
207,164,5,275,8858,1,
69,91,4,217,8867,1,
3,56,6,309,8876,1,
286,132,10,295,8883,1,
1,513,8,346,8892,1,
1,-1,-1,-999,8892,2,global
43,35,8,295,8903,1,
288,132,6,309,8903,1,
287,107,11,290,8909,1,
327,180,6,309,8941,1,
232,78,2,357,8948,1,
99,1100,5,309,8951,1,
350,181,1,364,8964,1,
350,13,6,330,8964,1,
198,628,4,347,8966,1,
198,-1,-1,-999,8966,2,global
332,181,1,364,8974,1,
332,84,4,364,8974,1,
361,1343,4,275,8975,1,
200,74,3,301,8979,1,
200,210,4,295,8979,1,
200,-1,-1,-999,8979,2,global
199,628,4,347,8987,1,
124,573,2,358,8989,1,
323,54,6,330,8994,1,
111,456,1,358,9000,1,
252,913,4,252,9002,1,
252,-1,-1,-999,9002,2,global
42,354,3,347,9012,1,
256,48,6,368,9020,1,
269,1257,2,198,9031,1,
269,-1,-1,-999,9031,2,global
82,551,4,309,9032,1,
82,-1,-1,-999,9032,2,global
185,317,2,315,9046,1,
228,103,3,275,9062,1,
23,182,2,334,9063,1,
23,0,8,334,9063,1,
245,80,8,281,9075,1,
204,75,2,217,9086,1,
289,132,8,281,9089,1,
96,797,1,217,9097,1,
113,1470,3,281,9101,1,
201,628,1,347,9118,1,
333,181,1,364,9123,1,
333,55,9,334,9123,1,
21,86,6,348,9134,1,
243,653,8,348,9148,1,
243,-1,-1,-999,9148,2,global
286,945,4,339,9155,1,
35,352,3,334,9159,1,
35,18,1,334,9159,1,
192,73,10,370,9167,1,
275,680,4,330,9168,1,
43,762,10,281,9176,1,
306,52,4,330,9181,1,
138,68,8,371,9205,1,
211,878,4,370,9208,1,
304,1289,3,229,9212,1,
84,551,1,309,9220,1,
84,2,2,334,9220,1,
291,405,9,362,9223,1,
291,-1,-1,-999,9224,2,global
32,88,7,371,9233,1,
32,88,5,321,9233,1,
2,181,1,364,9263,1,
70,1427,2,231,9268,1,
3,181,1,364,9278,1,
10,0,3,372,9299,1,
10,0,5,379,9299,1,
10,16,10,379,9299,1,
10,145,7,379,9299,1,
142,1141,6,240,9312,1,
241,326,8,321,9318,1,
241,104,4,321,9318,1,
229,103,4,240,9322,1,
140,68,7,355,9334,1,
297,135,7,321,9336,1,
297,50,5,375,9336,1,
4,181,1,364,9337,1,
139,68,8,340,9349,1,
280,172,5,321,9353,1,
280,131,5,372,9353,1,
205,384,4,240,9358,1,
42,88,4,321,9371,1,
42,238,8,379,9371,1,
230,130,8,373,9384,1,
136,198,6,377,9395,1,
136,26,10,379,9395,1,
123,811,1,250,9398,1,
123,-1,-1,-999,9398,2,global
124,811,1,250,9406,1,
124,-1,-1,-999,9406,2,global
163,6,12,379,9413,1,
104,39,5,373,9426,1,
104,-1,-1,-999,9427,2,global
245,906,10,379,9430,1,
329,1677,6,365,9436,1,
305,9,8,365,9450,1,
286,107,10,253,9462,1,
258,333,11,316,9468,1,
115,39,5,373,9473,1,
115,-1,-1,-999,9473,2,global
125,811,1,250,9473,1,
125,-1,-1,-999,9473,2,global
164,124,6,378,9485,1,
164,257,9,366,9485,1,
85,63,7,321,9501,1,
196,209,9,253,9503,1,
71,151,5,316,9511,1,
71,37,10,344,9511,1,
71,191,4,344,9511,1,
40,34,12,235,9521,1,
271,82,9,316,9533,1,
271,7,6,380,9533,1,
178,850,4,235,9562,1,
178,100,6,235,9562,1,
178,-1,-1,-999,9562,2,global
127,811,1,250,9566,1,
127,3,9,316,9566,1,
127,248,8,344,9566,1,
127,24,6,344,9566,1,
127,-1,-1,-999,9567,2,global
288,50,7,386,9575,1,
288,692,7,386,9575,1,
348,31,8,284,9589,1,
27,58,8,316,9590,1,
27,437,8,344,9590,1,
220,882,6,375,9604,1,
206,127,9,353,9604,1,
220,-1,-1,-999,9604,2,global
238,168,8,235,9618,1,
103,367,8,253,9618,1,
30,529,6,344,9630,1,
30,87,9,308,9630,1,
30,-1,-1,-999,9630,2,global
231,268,6,235,9631,1,
347,139,8,353,9639,1,
347,286,6,324,9639,1,
241,326,9,372,9646,1,
62,357,3,253,9656,1,
62,542,2,386,9656,1,
62,1,5,387,9656,1,
113,24,6,379,9678,1,
229,890,10,284,9679,1,
229,77,6,386,9679,1,
63,301,9,344,9692,1,
63,36,6,344,9692,1,
25,147,5,321,9706,1,
349,31,2,344,9713,1,
349,31,6,316,9713,1,
349,993,6,344,9713,1,
75,152,4,375,9731,1,
306,136,5,344,9741,1,
306,9,8,344,9741,1,
98,93,10,387,9752,1,
146,199,6,316,9761,1,
146,42,7,344,9761,1,
298,407,9,324,9767,1,
147,200,2,344,9783,1,
147,26,10,392,9783,1,
26,147,9,343,9796,1,
26,17,4,322,9796,1,
43,535,11,334,9800,1,
277,49,2,386,9803,1,
277,171,5,353,9803,1,
277,82,9,278,9803,1,
237,104,4,389,9815,1,
237,168,8,322,9815,1,
49,1056,10,380,9817,1,
49,-1,-1,-999,9817,2,global
230,643,4,253,9822,1,
230,130,8,278,9822,1,
58,540,3,321,9836,1,
58,1,7,322,9836,1,
228,641,9,344,9850,1,
120,24,2,379,9867,1,
120,461,8,322,9867,1,
120,-1,-1,-999,9867,2,global
243,904,4,242,9868,1,
243,79,4,316,9868,1,
243,104,4,344,9868,1,
321,179,7,253,9870,1,
321,719,4,278,9870,1,
197,209,3,253,9887,1,
197,126,8,278,9887,1,
179,160,3,235,9894,1,
179,6,7,322,9894,1,
119,248,3,344,9906,1,
119,24,5,344,9906,1,
136,26,2,235,9909,1,
136,819,7,258,9909,1,
340,30,9,387,9919,1,
340,181,1,278,9919,1,
249,104,2,389,9920,1,
249,329,4,343,9920,1,
173,260,2,316,9923,1,
173,157,6,344,9923,1,
173,-1,-1,-999,9923,2,global
235,896,7,387,9932,1,
105,798,7,322,9933,1,
86,21,8,278,9946,1,
372,1354,6,258,9958,1,
247,328,7,253,9966,1,
85,240,4,322,9984,1,
291,949,7,228,9997,1,
291,-1,-1,-999,9997,2,global
299,135,8,344,10002,1,
205,163,3,316,10022,1,
205,127,4,344,10022,1,
9,57,6,344,10033,1,
128,249,3,321,10042,1,
102,94,6,344,10048,1,
158,595,6,284,10055,1,
174,260,6,316,10059,1,
153,99,2,321,10070,1,
106,245,6,253,10071,1,
269,104,4,344,10077,1,
269,82,7,398,10077,1,
170,157,5,353,10082,1,
286,1274,5,387,10093,1,
286,-1,-1,-999,10093,2,global
156,201,2,322,10112,1,
234,104,4,344,10122,1,
234,131,10,407,10122,1,
311,413,2,321,10128,1,
172,45,8,407,10136,1,
339,283,2,235,10146,1,
139,585,4,278,10157,1,
189,621,10,265,10158,1,
204,75,2,387,10170,1,
204,126,2,278,10170,1,
298,135,1,321,10178,1,
40,186,4,278,10180,1,
80,2,11,411,10205,1,
114,24,2,379,10212,1,
306,52,4,386,10212,1,
171,157,8,265,10219,1,
329,11,3,393,10220,1,
137,372,6,407,10230,1,
137,-1,-1,-999,10231,2,global
347,421,2,278,10234,1,
347,181,1,278,10234,1,
179,1534,3,258,10235,1,
115,24,2,387,10247,1,
105,244,10,258,10261,1,
119,808,2,173,10271,1,
312,413,4,316,10281,1,
155,124,6,390,10288,1,
321,280,5,316,10291,1,
7,57,1,344,10297,1,
229,130,3,316,10304,1,
288,337,6,401,10322,1,
288,28,7,401,10322,1,
288,107,3,401,10322,1,
288,8,8,401,10322,1,
192,101,8,400,10334,1,
48,239,5,410,10336,1,
247,47,3,401,10338,1,
247,657,7,401,10338,1,
211,165,8,410,10358,1,
123,811,1,250,10359,1,
123,-1,-1,-999,10360,2,global
103,38,10,401,10364,1,
103,94,8,401,10364,1,
220,882,2,375,10365,1,
106,1107,2,379,10375,1,
75,788,6,401,10384,1,
75,38,7,418,10384,1,
124,811,1,250,10398,1,
124,-1,-1,-999,10398,2,global
102,94,10,422,10417,1,
178,262,8,401,10423,1,
125,811,1,250,10433,1,
125,-1,-1,-999,10433,2,global
8,295,6,422,10434,1,
8,0,5,405,10434,1,
30,750,7,401,10436,1,
1,181,1,278,10449,1,
1,56,6,401,10449,1,
5,32,6,414,10454,1,
5,144,7,414,10454,1,
289,337,5,401,10467,1,
107,23,7,405,10477,1,
107,2,9,414,10477,1,
198,126,4,401,10489,1,
86,63,10,402,10497,1,
86,193,4,402,10497,1,
86,2,8,402,10497,1,
28,18,5,415,10504,1,
222,215,7,369,10521,1,
222,389,10,428,10521,1,
222,77,4,428,10521,1,
81,153,11,420,10524,1,
81,20,8,420,10524,1,
333,222,5,405,10539,1,
333,1317,6,414,10539,1,
6,32,8,402,10550,1,
6,294,10,402,10550,1,
6,-1,-1,-999,10550,2,global
176,45,8,369,10553,1,
114,307,4,401,10563,1,
29,120,10,402,10567,1,
233,646,8,402,10591,1,
233,167,8,402,10591,1,
306,52,4,401,10594,1,
3,0,9,428,10615,1,
116,24,6,402,10617,1,
116,3,7,402,10617,1,
116,95,5,434,10617,1,
116,-1,-1,-999,10617,2,global
235,896,2,367,10624,1,
156,124,2,390,10631,1,
299,108,7,402,10631,1,
299,8,2,434,10631,1,
299,-1,-1,-999,10632,2,global
307,52,12,435,10642,1,
126,24,2,402,10649,1,
126,95,2,434,10649,1,
126,40,7,439,10649,1,
277,49,8,402,10663,1,
22,0,7,435,10664,1,
22,86,8,435,10664,1,
22,-1,-1,-999,10664,2,global
159,478,8,402,10677,1,
31,148,4,442,10687,1,
60,300,8,420,10691,1,
23,33,8,417,10697,1,
23,86,8,433,10697,1,
23,58,8,433,10697,1,
32,148,4,442,10710,1,
79,2,5,435,10725,1,
79,38,10,433,10725,1,
79,62,5,433,10725,1,
9,181,1,278,10738,1,
260,920,2,253,10745,1,
121,310,6,433,10746,1,
121,3,8,433,10746,1,
10,181,1,278,10763,1,
183,160,8,405,10768,1,
183,1538,2,417,10768,1,
183,125,4,433,10768,1,
308,9,5,385,10784,1,
308,83,4,385,10784,1,
308,52,4,385,10784,1,
283,1631,6,402,10785,1,
283,-1,-1,-999,10785,2,global
284,50,4,405,10785,1,
284,1272,7,433,10785,1,
284,-1,-1,-999,10785,2,global
8,181,1,278,10790,1,
160,256,5,431,10795,1,
13,85,4,433,10805,1,
13,429,9,433,10805,1,
290,1278,5,402,10807,1,
167,156,4,422,10817,1,
167,125,2,433,10817,1,
211,637,6,433,10831,1,
17,118,4,402,10840,1,
97,1099,1,385,10841,1,
97,2,10,385,10841,1,
215,77,5,402,10864,1,
301,108,4,402,10873,1,
301,-1,-1,-999,10873,2,global
238,104,4,428,10874,1,
238,168,2,435,10874,1,
86,21,12,413,10876,1,
154,5,7,385,10897,1,
154,43,7,450,10897,1,
233,646,4,214,10901,1,
273,678,6,369,10908,1,
246,656,5,385,10913,1,
246,656,5,413,10913,1,
349,31,6,414,10920,1,
76,1,12,436,10925,1,
76,546,4,338,10925,1,
305,9,4,402,10946,1,
305,51,7,436,10946,1,
305,1653,3,338,10946,1,
298,135,8,338,10961,1,
298,108,1,338,10961,1,
298,-1,-1,-999,10961,2,global
362,1003,6,433,10977,1,
362,-1,-1,-999,10977,2,global
81,2,9,449,10982,1,
306,83,6,433,10988,1,
334,29,3,405,11000,1,
334,110,2,433,11000,1,
5,181,1,278,11004,1,
5,15,6,385,11004,1,
5,0,8,298,11004,1,
281,50,6,338,11008,1,
281,7,6,455,11008,1,
348,31,8,441,11024,1,
51,88,7,385,11031,1,
51,357,12,298,11031,1,
48,1405,10,455,11039,1,
11,181,1,278,11045,1,
11,428,7,385,11045,1,
9,518,8,413,11059,1,
9,-1,-1,-999,11059,2,global
285,132,7,441,11064,1,
285,224,9,441,11064,1,
16,33,4,455,11068,1,
16,1030,10,10,11068,1,
16,295,6,10,11068,1,
100,1101,4,405,11074,1,
100,2,1,435,11074,1,
173,1528,12,298,11077,1,
237,650,5,441,11084,1,
112,306,8,454,11091,1,
112,-1,-1,-999,11091,2,global
287,402,8,298,11105,1,
262,1252,10,10,11106,1,
85,193,2,433,11111,1,
85,2,4,460,11111,1,
159,5,5,338,11132,1,
159,478,4,455,11132,1,
266,674,7,10,11144,1,
128,3,6,10,11156,1,
55,768,6,413,11170,1,
55,1,6,464,11170,1,
55,-1,-1,-999,11170,2,global
15,347,11,361,11173,1,
87,447,12,459,11189,1,
87,241,7,459,11189,1,
6,181,1,278,11200,1,
6,294,6,454,11200,1,
6,-1,-1,-999,11200,2,global
336,29,6,459,11213,1,
336,282,10,459,11213,1,
290,173,5,10,11217,1,
0,425,10,464,11222,1,
174,610,6,361,11229,1,
286,8,6,349,11233,1,
286,8,7,459,11233,1,
299,108,5,338,11239,1,
28,18,7,456,11250,1,
28,0,8,456,11250,1,
28,-1,-1,-999,11250,2,global
148,98,2,405,11250,1,
148,200,9,349,11250,1,
311,413,1,316,11267,1,
311,413,1,361,11267,1,
311,83,2,10,11267,1,
321,719,1,414,11268,1,
321,10,10,459,11268,1,
167,72,10,456,11279,1,
367,230,10,459,11284,1,
333,110,8,456,11293,1,
88,361,11,349,11302,1,
193,208,4,338,11316,1,
306,9,6,459,11324,1,
162,44,5,349,11346,1,
131,579,7,298,11349,1,
346,111,4,436,11355,1,
305,9,7,298,11362,1,
17,118,6,464,11374,1,
30,18,5,456,11384,1,
283,1631,2,402,11389,1,
146,588,12,243,11395,1,
49,1056,3,251,11397,1,
228,103,2,338,11404,1,
358,140,6,385,11408,1,
343,12,4,430,11413,1,
108,2,8,465,11421,1,
108,23,10,465,11421,1,
198,628,4,385,11439,1,
198,-1,-1,-999,11439,2,global
53,89,1,338,11444,1,
313,413,2,361,11452,1,
368,14,6,384,11460,1,
368,14,4,465,11460,1,
368,422,8,465,11460,1,
334,11,11,473,11476,1,
334,281,10,300,11476,1,
334,-1,-1,-999,11476,2,global
10,1369,12,465,11484,1,
10,-1,-1,-999,11484,2,global
11,57,6,300,11487,1,
25,183,6,473,11506,1,
163,202,6,465,11508,1,
23,182,9,466,11525,1,
172,45,4,459,11526,1,
172,72,4,243,11526,1,
40,186,6,473,11526,1,
304,109,6,465,11537,1,
37,297,6,300,11542,1,
322,719,6,243,11550,1,
339,56,8,466,11552,1,
339,30,10,463,11552,1,
46,1053,5,384,11567,1,
88,554,5,336,11586,1,
88,-1,-1,-999,11586,2,global
207,47,9,466,11586,1,
207,76,6,466,11586,1,
207,7,2,463,11586,1,
207,7,8,466,11586,1,
14,57,5,300,11596,1,
54,89,8,466,11600,1,
190,207,5,349,11615,1,
41,34,12,426,11621,1,
41,-1,-1,-999,11621,2,global
38,34,5,438,11635,1,
38,-1,-1,-999,11635,2,global
341,30,2,463,11639,1,
341,56,8,477,11639,1,
144,252,3,300,11651,1,
22,58,4,349,11652,1,
276,105,8,463,11653,1,
206,212,6,448,11669,1,
206,127,4,280,11669,1,
29,120,3,300,11673,1,
75,38,8,481,11683,1,
145,252,12,391,11692,1,
92,194,4,243,11693,1,
87,2,6,466,11701,1,
87,303,5,280,11701,1,
166,258,8,463,11715,1,
105,563,4,405,11723,1,
224,266,6,466,11737,1,
224,102,8,443,11737,1,
51,765,2,456,11738,1,
109,801,3,349,11738,1,
256,48,2,465,11761,1,
225,77,1,386,11770,1,
13,146,10,489,11777,1,
133,41,8,470,11784,1,
89,554,2,336,11785,1,
55,768,2,413,11796,1,
232,78,6,481,11801,1,
232,131,7,443,11801,1,
1,85,4,443,11825,1,
1,143,6,443,11825,1,
1,-1,-1,-999,11825,2,global
163,480,10,396,11837,1,
252,394,5,421,11847,1,
140,373,12,440,11851,1,
106,799,7,443,11853,1,
360,14,2,465,11857,1,
313,10,9,440,11866,1,
374,85,4,443,11869,1,
374,143,5,443,11869,1,
96,93,1,465,11870,1,
134,1490,1,465,11887,1,
222,321,4,466,11892,1,
222,389,12,497,11892,1,
254,131,5,440,11909,1,
254,28,8,259,11909,1,
254,662,10,259,11909,1,
254,-1,-1,-999,11909,2,global
370,114,10,491,11919,1,
8,116,4,259,11929,1,
8,1367,9,259,11929,1,
63,20,2,479,11934,1,
63,150,7,497,11934,1,
375,1014,10,440,11945,1,
116,308,7,466,11955,1,
52,60,5,440,11963,1,
52,189,6,259,11963,1,
149,832,9,474,11964,1,
128,312,5,466,11965,1,
146,42,6,466,11977,1,
151,373,11,259,11987,1,
151,254,6,451,11987,1,
162,44,5,474,11995,1,
162,5,10,488,11995,1,
342,110,4,481,12000,1,
342,284,1,443,12000,1,
54,36,10,451,12004,1,
16,57,6,376,12014,1,
16,117,7,376,12014,1,
253,217,7,451,12031,1,
253,331,12,108,12031,1,
33,753,12,376,12033,1,
158,71,12,376,12052,1,
287,1635,8,451,12055,1,
287,107,8,108,12055,1,
86,21,5,443,12065,1,
266,170,4,491,12074,1,
266,-1,-1,-999,12074,2,global
17,57,1,376,12078,1,
17,0,8,501,12078,1,
17,17,9,445,12078,1,
284,400,8,451,12083,1,
284,50,12,395,12083,1,
316,10,2,259,12108,1,
316,714,7,503,12108,1,
316,53,8,395,12108,1,
136,4,8,394,12112,1,
136,97,9,213,12112,1,
136,312,8,213,12112,1,
267,170,4,491,12116,1,
206,506,4,443,12125,1,
225,266,4,466,12134,1,
373,143,4,395,12135,1,
373,15,4,116,12135,1,
373,290,8,116,12135,1,
275,105,3,463,12145,1,
155,70,2,108,12156,1,
155,255,12,108,12156,1,
160,43,2,445,12158,1,
160,43,10,394,12158,1,
160,201,11,394,12158,1,
160,841,12,394,12158,1,
168,72,3,503,12174,1,
168,72,8,116,12174,1,
129,3,10,485,12189,1,
24,1037,8,394,12190,1,
24,0,7,394,12190,1,
24,350,8,213,12190,1,
183,616,11,108,12196,1,
276,681,3,280,12197,1,
189,621,3,280,12209,1,
333,977,5,440,12214,1,
333,281,6,116,12214,1,
333,-1,-1,-999,12214,2,global
42,34,4,445,12233,1,
42,34,11,266,12233,1,
42,148,4,445,12233,1,
42,1,7,213,12233,1,
42,19,6,266,12233,1,
42,-1,-1,-999,12233,2,global
116,24,6,259,12238,1,
116,805,5,451,12238,1,
265,170,2,491,12243,1,
310,412,3,466,12255,1,
306,176,4,495,12261,1,
306,954,6,116,12261,1,
306,-1,-1,-999,12261,2,global
98,243,9,474,12265,1,
98,21,3,376,12265,1,
98,196,5,394,12265,1,
98,448,6,394,12265,1,
366,113,10,116,12278,1,
308,1292,2,481,12296,1,
157,100,12,213,12299,1,
157,5,2,266,12299,1,
157,43,9,266,12299,1,
157,71,2,266,12299,1,
186,1184,9,259,12299,1,
186,-1,-1,-999,12299,2,global
161,479,1,280,12302,1,
51,765,9,440,12314,1,
270,221,3,394,12332,1,
270,7,7,394,12332,1,
270,1258,8,213,12332,1,
270,48,6,452,12332,1,
307,52,1,505,12343,1,
245,80,9,108,12357,1,
346,56,6,445,12362,1,
346,420,7,394,12362,1,
346,139,8,266,12362,1,
205,127,4,514,12362,1,
95,154,5,514,12374,1,
257,104,4,514,12384,1,
294,107,6,394,12389,1,
294,279,8,266,12389,1,
294,50,5,266,12389,1,
38,18,6,259,12391,1,
38,1395,2,116,12391,1,
190,207,8,440,12410,1,
120,570,6,394,12412,1,
120,1120,10,452,12412,1,
206,632,9,395,12425,1,
343,987,4,514,12433,1,
148,69,8,394,12436,1,
148,588,8,266,12436,1,
11,145,5,451,12442,1,
11,117,2,395,12442,1,
304,109,9,519,12452,1,
207,76,5,394,12459,1,
207,212,11,213,12459,1,
275,1623,6,388,12463,1,
54,538,7,108,12467,1,
47,35,7,474,12479,1,
47,148,4,445,12479,1,
47,188,2,266,12479,1,
196,1194,7,451,12494,1,
196,-1,-1,-999,12495,2,global
59,90,3,376,12499,1,
59,1063,10,266,12499,1,
59,-1,-1,-999,12499,2,global
342,284,12,515,12502,1,
108,245,8,474,12517,1,
108,2,4,266,12517,1,
208,127,10,522,12518,1,
1,143,2,395,12532,1,
1,143,4,259,12532,1,
1,-1,-1,-999,12532,2,global
228,1218,4,445,12536,1,
228,103,8,266,12536,1,
228,-1,-1,-999,12536,2,global
347,12,8,447,12539,1,
347,286,6,517,12539,1,
22,86,9,266,12551,1,
80,550,6,259,12553,1,
80,-1,-1,-999,12554,2,global
75,38,12,447,12558,1,
218,1208,6,116,12565,1,
357,112,5,376,12568,1,
357,227,1,394,12568,1,
357,85,4,513,12568,1,
375,143,6,503,12576,1,
375,-1,-1,-999,12577,2,global
370,289,4,447,12577,1,
370,1009,8,447,12577,1,
370,-1,-1,-999,12577,2,global
3,143,4,259,12588,1,
3,143,2,503,12588,1,
3,-1,-1,-999,12588,2,global
348,286,11,482,12594,1,
273,171,6,447,12607,1,
157,594,12,452,12612,1,
298,51,8,517,12626,1,
65,90,4,376,12627,1,
65,544,5,445,12627,1,
105,563,6,440,12638,1,
195,1550,9,452,12643,1,
6,426,5,495,12657,1,
337,1321,5,259,12667,1,
337,-1,-1,-999,12667,2,global
203,503,5,447,12683,1,
253,1243,9,213,12702,1,
254,914,5,116,12706,1,
235,104,2,514,12712,1,
235,7,2,530,12712,1,
81,550,4,259,12719,1,
349,31,4,500,12721,1,
132,250,8,266,12733,1,
128,25,4,440,12737,1,
315,963,6,394,12747,1,
315,53,2,266,12747,1,
287,402,2,447,12759,1,
11,1025,8,445,12764,1,
11,85,2,513,12764,1,
275,680,6,447,12777,1,
129,249,7,394,12797,1,
212,509,3,495,12801,1,
64,543,6,394,12818,1,
64,1,8,532,12818,1,
64,-1,-1,-999,12818,2,global
198,74,3,116,12828,1,
280,172,6,213,12830,1,
369,289,2,447,12837,1,
369,142,3,492,12837,1,
162,598,2,451,12842,1,
28,148,1,447,12842,1,
172,259,6,394,12847,1,
346,285,3,259,12850,1,
299,338,2,395,12870,1,
362,14,10,483,12878,1,
363,14,2,483,12885,1,
371,114,6,394,12904,1,
348,992,8,475,12912,1,
348,-1,-1,-999,12912,2,global
314,53,8,446,12918,1,
256,81,1,504,12945,1,
181,1536,2,259,12950,1,
306,176,2,495,12959,1,
130,96,9,521,12960,1,
205,505,2,259,12968,1,
0,0,4,511,12971,1,
121,310,6,213,12978,1,
311,959,2,108,12982,1,
268,220,4,394,12987,1,
86,552,2,108,12991,1,
196,74,4,511,12993,1,
211,128,5,537,13008,1,
288,8,6,509,13012,1,
288,947,6,509,13012,1,
79,62,3,213,13038,1,
79,192,7,506,13038,1,
69,61,5,472,13048,1,
69,-1,-1,-999,13048,2,global
74,787,4,213,13057,1,
367,113,2,116,13061,1,
367,-1,-1,-999,13061,2,global
146,829,3,394,13075,1,
82,63,4,394,13090,1,
82,-1,-1,-999,13090,2,global
290,50,11,496,13090,1,
290,173,4,496,13090,1,
1,143,1,503,13106,1,
1,-1,-1,-999,13106,2,global
19,119,1,503,13116,1,
213,47,8,496,13121,1,
213,165,6,221,13121,1,
213,264,8,221,13121,1,
225,1579,3,266,13132,1,
180,46,6,496,13139,1,
180,615,6,496,13139,1,
298,175,11,476,13150,1,
173,260,10,496,13156,1,
173,-1,-1,-999,13156,2,global
28,148,2,445,13163,1,
310,177,6,525,13172,1,
310,109,8,525,13172,1,
179,6,12,221,13180,1,
179,262,5,221,13180,1,
357,13,10,496,13206,1,
357,112,8,221,13206,1,
37,34,5,476,13209,1,
70,61,7,539,13242,1,
61,774,5,525,13246,1,
61,1,10,548,13246,1,
355,13,9,406,13249,1,
355,227,8,406,13249,1,
355,111,5,499,13249,1,
355,32,10,499,13249,1,
355,-1,-1,-999,13249,2,global
29,749,6,548,13258,1,
259,274,6,539,13269,1,
91,64,8,221,13279,1,
91,21,7,499,13279,1,
91,555,7,499,13279,1,
343,12,6,548,13295,1,
257,274,2,539,13298,1,
274,934,10,221,13313,1,
274,7,6,499,13313,1,
274,82,8,540,13313,1,
62,190,12,545,13314,1,
165,482,7,545,13328,1,
56,769,12,550,13339,1,
308,9,9,221,13342,1,
308,956,12,499,13342,1,
308,-1,-1,-999,13342,2,global
147,42,10,550,13356,1,
83,358,1,496,13377,1,
83,92,12,540,13377,1,
83,153,12,510,13377,1,
265,104,4,550,13385,1,
265,335,5,542,13385,1,
265,7,12,542,13385,1,
86,360,7,476,13397,1,
86,552,10,548,13397,1,
222,215,10,550,13401,1,
133,41,10,542,13418,1,
174,45,10,499,13426,1,
174,377,6,510,13426,1,
80,2,3,550,13440,1,
80,20,12,542,13440,1,
277,28,8,429,13446,1,
277,1265,8,429,13446,1,
277,49,9,429,13446,1,
277,-1,-1,-999,13446,2,global
291,695,10,406,13450,1,
291,107,6,499,13450,1,
148,154,2,525,13469,1,
148,42,4,508,13469,1,
148,5,10,533,13469,1,
27,0,6,381,13471,1,
27,0,6,550,13471,1,
27,18,1,432,13471,1,
27,437,9,381,13471,1,
369,342,5,504,13475,1,
369,342,9,538,13475,1,
369,423,2,496,13475,1,
157,124,6,533,13493,1,
157,5,10,429,13493,1,
233,47,5,499,13497,1,
233,78,10,510,13497,1,
52,35,4,542,13501,1,
52,189,8,381,13501,1,
52,357,6,381,13501,1,
85,240,6,429,13515,1,
85,92,9,429,13515,1,
155,200,3,496,13518,1,
155,1154,5,540,13518,1,
155,593,6,510,13518,1,
155,-1,-1,-999,13518,2,global
104,39,5,429,13532,1,
104,197,5,429,13532,1,
6,15,3,406,13538,1,
6,15,7,496,13538,1,
6,116,3,499,13538,1,
300,338,10,429,13548,1,
17,17,5,221,13557,1,
17,118,4,406,13557,1,
17,33,3,499,13557,1,
161,479,5,381,13557,1,
161,314,8,381,13557,1,
59,90,7,429,13561,1,
216,321,10,432,13574,1,
49,188,3,510,13594,1,
49,188,8,221,13594,1,
344,138,10,381,13594,1,
42,442,3,496,13611,1,
42,34,8,499,13611,1,
42,-1,-1,-999,13611,2,global
129,96,6,429,13618,1,
331,725,10,221,13627,1,
3,143,6,508,13633,1,
3,-1,-1,-999,13633,2,global
28,0,2,550,13636,1,
28,18,6,432,13636,1,
123,65,5,381,13651,1,
123,370,4,528,13651,1,
156,124,4,533,13654,1,
156,201,10,555,13654,1,
199,1197,3,221,13655,1,
199,74,4,499,13655,1,
199,-1,-1,-999,13655,2,global
56,1413,4,424,13667,1,
56,769,6,381,13667,1,
185,161,6,533,13679,1,
147,472,9,381,13682,1,
313,84,5,533,13700,1,
223,389,6,499,13701,1,
69,782,11,416,13712,1,
318,716,5,540,13722,1,
239,104,4,550,13726,1,
239,168,4,528,13726,1,
124,66,4,381,13740,1,
124,370,4,528,13740,1,
319,10,9,523,13744,1,
319,178,5,541,13744,1,
182,263,4,409,13750,1,
347,111,5,499,13754,1,
269,275,3,548,13761,1,
130,578,4,499,13787,1,
130,-1,-1,-999,13787,2,global
146,42,4,540,13796,1,
205,631,2,429,13801,1,
80,1083,8,556,13801,1,
7,57,2,429,13808,1,
330,55,6,512,13815,1,
177,159,3,409,13816,1,
179,262,7,381,13843,1,
87,1090,2,525,13852,1,
353,1335,7,432,13856,1,
128,3,8,565,13860,1,
300,704,12,409,13870,1,
39,19,4,523,13878,1,
266,104,2,550,13883,1,
266,170,4,381,13883,1,
266,-1,-1,-999,13883,2,global
183,205,2,444,13890,1,
61,190,9,553,13907,1,
374,1013,1,525,13907,1,
374,143,1,508,13907,1,
374,-1,-1,-999,13907,2,global
19,349,1,499,13908,1,
19,33,2,523,13908,1,
222,265,6,542,13918,1,
299,338,1,429,13921,1,
131,370,2,528,13929,1,
131,25,3,528,13929,1,
270,170,4,381,13938,1,
270,-1,-1,-999,13938,2,global
329,11,8,536,13947,1,
305,83,4,381,13971,1,
247,328,1,542,13984,1,
247,271,6,484,13984,1,
123,572,8,499,13992,1,
207,164,4,432,13993,1,
207,-1,-1,-999,13993,2,global
129,578,6,499,14003,1,
129,-1,-1,-999,14003,2,global
1,0,7,558,14016,1,
88,361,9,546,14017,1,
111,24,1,259,14022,1,
109,95,5,558,14027,1,
156,255,2,499,14033,1,
344,988,3,496,14051,1,
344,-1,-1,-999,14051,2,global
198,74,3,381,14061,1,
198,-1,-1,-999,14062,2,global
313,84,6,560,14072,1,
313,279,8,560,14072,1,
51,765,2,381,14096,1,
124,95,1,558,14101,1,
124,40,7,560,14101,1,
124,3,12,578,14101,1,
184,205,9,486,14109,1,
200,126,2,543,14110,1,
135,96,5,560,14117,1,
135,251,5,560,14117,1,
306,9,4,486,14119,1,
185,161,7,529,14131,1,
80,2,8,529,14145,1,
232,325,10,560,14163,1,
208,164,7,586,14167,1,
208,47,9,586,14167,1,
10,16,10,529,14169,1,
11,145,10,561,14200,1,
11,295,12,561,14200,1,
47,60,7,588,14212,1,
174,158,11,569,14218,1,
134,4,10,588,14231,1,
134,25,2,588,14231,1,
75,62,4,561,14238,1,
75,239,9,569,14238,1,
206,212,6,588,14242,1,
83,1086,1,561,14255,1,
83,20,10,570,14255,1,
4,15,8,560,14260,1,
12,117,6,578,14272,1,
204,211,4,588,14300,1,
204,75,8,423,14300,1,
204,75,9,374,14300,1,
204,47,12,423,14300,1,
204,264,8,423,14300,1,
175,204,4,588,14310,1,
168,125,4,578,14314,1,
249,910,4,570,14321,1,
249,81,10,564,14321,1,
136,251,5,560,14324,1,
169,125,4,578,14334,1,
178,204,2,588,14338,1,
178,262,4,423,14338,1,
178,72,10,423,14338,1,
178,125,4,423,14338,1,
178,-1,-1,-999,14338,2,global
173,204,4,588,14347,1,
19,1378,3,558,14349,1,
125,66,1,524,14358,1,
125,66,3,563,14358,1,
149,474,12,423,14370,1,
149,588,4,423,14370,1,
337,137,10,557,14373,1,
352,111,2,499,14389,1,
318,110,12,564,14393,1,
105,1462,2,540,14401,1,
277,49,7,374,14408,1,
277,105,8,423,14408,1,
277,131,2,423,14408,1,
277,-1,-1,-999,14408,2,global
256,273,1,499,14426,1,
181,262,4,423,14448,1,
181,125,4,423,14448,1,
181,7,11,599,14448,1,
181,100,11,599,14448,1,
226,323,4,557,14455,1,
226,216,8,516,14455,1,
130,578,1,499,14467,1,
161,597,9,561,14471,1,
10,145,7,557,14483,1,
39,1,6,374,14488,1,
39,19,9,423,14488,1,
39,121,12,599,14488,1,
3,0,8,564,14497,1,
3,-1,-1,-999,14497,2,global
160,1158,12,423,14507,1,
131,96,11,516,14515,1,
324,54,12,599,14525,1,
228,267,9,561,14530,1,
12,1026,3,527,14530,1,
20,119,3,423,14548,1,
20,0,8,423,14548,1,
11,1370,8,557,14554,1,
11,117,7,516,14554,1,
11,0,2,577,14554,1,
163,6,10,607,14561,1,
240,79,11,423,14572,1,
145,471,1,561,14573,1,
145,4,11,577,14573,1,
5,1021,3,561,14586,1,
5,0,4,577,14586,1,
112,39,5,423,14590,1,
112,24,6,579,14590,1,
112,-1,-1,-999,14590,2,global
124,66,9,554,14602,1,
275,105,3,423,14614,1,
275,276,6,587,14614,1,
351,732,8,247,14616,1,
175,377,4,570,14623,1,
175,260,4,564,14623,1,
202,211,10,579,14631,1,
202,-1,-1,-999,14631,2,global
267,219,9,494,14642,1,
267,48,9,494,14642,1,
113,565,6,516,14658,1,
177,6,7,494,14659,1,
177,159,4,518,14659,1,
117,3,5,494,14677,1,
117,24,6,494,14677,1,
117,-1,-1,-999,14677,2,global
207,633,12,580,14677,1,
207,-1,-1,-999,14677,2,global
183,1538,6,570,14686,1,
334,29,7,518,14690,1,
334,-1,-1,-999,14690,2,global
264,672,8,374,14691,1,
106,23,8,518,14703,1,
287,691,8,494,14717,1,
305,1290,8,588,14723,1,
373,1012,6,557,14725,1,
288,132,4,566,14726,1,
297,701,2,570,14736,1,
297,50,4,564,14736,1,
30,1043,8,423,14737,1,
226,389,4,588,14755,1,
226,1580,7,423,14755,1,
226,-1,-1,-999,14755,2,global
225,887,5,516,14756,1,
105,23,5,564,14766,1,
180,262,7,591,14797,1,
111,305,4,412,14805,1,
82,2,6,576,14814,1,
82,-1,-1,-999,14815,2,global
306,9,2,518,14821,1,
7,426,6,374,14824,1,
7,-1,-1,-999,14824,2,global
130,464,4,564,14834,1,
186,317,4,534,14843,1,
35,755,6,374,14848,1,
35,-1,-1,-999,14849,2,global
372,15,10,549,14866,1,
372,231,6,549,14866,1,
8,426,3,374,14868,1,
8,144,10,547,14868,1,
181,316,6,549,14878,1,
307,83,10,461,14879,1,
307,224,10,461,14879,1,
335,979,6,599,14880,1,
84,2,10,610,14896,1,
261,218,6,549,14913,1,
340,1324,6,423,14914,1,
340,11,6,547,14914,1,
25,87,6,610,14943,1,
25,17,10,461,14943,1,
151,254,1,494,14963,1,
151,834,12,461,14963,1,
151,-1,-1,-999,14963,2,global
113,306,8,549,14968,1,
291,133,9,461,14979,1,
291,224,1,461,14979,1,
107,23,8,610,14994,1,
107,2,1,461,14994,1,
107,-1,-1,-999,14994,2,global
304,109,9,498,15002,1,
39,19,4,611,15006,1,
194,495,8,461,15008,1,
129,578,6,461,15019,1,
129,-1,-1,-999,15019,2,global
346,139,2,423,15020,1,
346,990,9,498,15020,1,
346,-1,-1,-999,15020,2,global
102,94,4,549,15031,1,
264,672,12,498,15038,1,
85,2,5,461,15042,1,
85,302,6,613,15042,1,
29,1387,6,498,15050,1,
29,-1,-1,-999,15050,2,global
343,138,4,611,15065,1,
75,152,6,498,15076,1,
177,1175,6,423,15087,1,
177,-1,-1,-999,15087,2,global
214,214,4,561,15096,1,
38,34,8,590,15110,1,
38,-1,-1,-999,15110,2,global
288,692,11,576,15137,1,
288,1276,12,461,15137,1,
114,307,6,600,15138,1,
185,317,2,534,15150,1,
185,46,4,600,15150,1,
127,312,10,613,15154,1,
99,365,6,423,15166,1,
112,39,5,423,15178,1,
112,24,1,579,15178,1,
137,467,5,423,15190,1,
163,124,6,562,15201,1,
348,13,4,570,15218,1,
0,15,2,549,15226,1,
292,133,6,613,15250,1,
255,1245,5,547,15255,1,
255,-1,-1,-999,15255,2,global
335,29,1,584,15265,1,
335,29,6,461,15265,1,
335,-1,-1,-999,15265,2,global
140,585,4,498,15279,1,
140,-1,-1,-999,15279,2,global
181,1179,12,611,15285,1,
148,5,2,516,15295,1,
149,69,4,591,15313,1,
310,10,2,534,15335,1,
165,124,1,562,15339,1,
165,257,5,625,15339,1,
165,44,6,625,15339,1,
165,314,6,625,15339,1,
117,568,11,595,15356,1,
93,65,6,625,15382,1,
93,2,8,625,15382,1,
93,92,4,625,15382,1,
257,48,9,625,15397,1,
170,157,5,461,15407,1,
169,484,4,423,15409,1,
56,20,2,516,15418,1,
241,1595,5,610,15434,1,
171,125,4,423,15435,1,
58,1415,4,423,15446,1,
258,333,2,498,15453,1,
302,136,4,634,15470,1,
36,755,2,374,15480,1,
69,91,2,423,15515,1,
178,72,9,640,15524,1,
57,1062,6,608,15528,1,
214,320,2,423,15536,1,
27,1385,4,461,15542,1,
166,203,6,639,15547,1,
30,1,4,613,15562,1,
304,136,10,624,15568,1,
304,109,10,624,15568,1,
304,175,6,624,15568,1,
242,652,9,624,15583,1,
367,113,4,461,15584,1,
367,-1,-1,-999,15584,2,global
245,80,8,624,15597,1,
245,-1,-1,-999,15597,2,global
92,194,8,471,15598,1,
228,103,7,624,15610,1,
137,1493,11,468,15611,1,
146,42,6,592,15642,1,
75,62,6,592,15653,1,
191,1546,3,625,15656,1,
60,773,5,641,15656,1,
60,60,6,641,15656,1,
243,79,8,641,15670,1,
243,-1,-1,-999,15671,2,global
312,10,5,462,15681,1,
87,241,5,604,15691,1,
252,330,7,641,15693,1,
238,1228,2,625,15706,1,
138,372,4,531,15710,1,
138,-1,-1,-999,15710,2,global
108,800,1,562,15711,1,
108,-1,-1,-999,15711,2,global
305,83,11,649,15732,1,
305,51,5,649,15732,1,
169,605,6,592,15757,1,
343,12,2,612,15763,1,
363,141,10,637,15764,1,
107,800,8,562,15779,1,
61,190,10,630,15780,1,
114,39,1,423,15785,1,
12,33,6,636,15802,1,
53,121,6,647,15804,1,
53,89,8,647,15804,1,
1,15,7,630,15823,1,
147,42,6,630,15835,1,
54,36,8,655,15854,1,
25,0,1,641,15855,1,
25,236,3,649,15855,1,
25,183,8,647,15855,1,
25,-1,-1,-999,15855,2,global
357,112,10,601,15881,1,
302,706,8,397,15890,1,
302,108,7,649,15890,1,
302,51,1,649,15890,1,
302,8,9,619,15890,1,
302,-1,-1,-999,15890,2,global
192,73,3,654,15905,1,
286,278,5,649,15909,1,
286,107,8,619,15909,1,
137,584,10,642,15920,1,
137,-1,-1,-999,15920,2,global
82,2,10,616,15922,1,
229,890,10,616,15938,1,
241,79,3,641,15939,1,
241,271,10,653,15939,1,
76,62,8,609,15954,1,
333,281,10,619,15956,1,
148,98,7,655,15967,1,
10,16,4,616,15975,1,
183,616,9,647,15979,1,
43,35,8,619,15993,1,
228,641,7,614,16016,1,
230,390,10,644,16037,1,
60,773,7,462,16049,1,
60,-1,-1,-999,16049,2,global
295,699,11,644,16055,1,
295,-1,-1,-999,16055,2,global
163,376,4,655,16058,1,
163,257,8,648,16058,1,
84,63,11,644,16072,1,
84,-1,-1,-999,16073,2,global
196,497,6,647,16076,1,
136,41,8,648,16084,1,
136,26,10,589,16084,1,
166,482,9,615,16092,1,
166,1521,4,615,16092,1,
166,-1,-1,-999,16092,2,global
75,152,12,648,16103,1,
7,0,12,615,16118,1,
7,1023,2,615,16118,1,
7,-1,-1,-999,16118,2,global
164,376,4,655,16123,1,
164,6,9,646,16123,1,
170,1168,5,641,16136,1,
231,217,6,648,16139,1,
231,103,4,648,16139,1,
121,95,4,646,16163,1,
121,310,6,646,16163,1,
121,-1,-1,-999,16163,2,global
207,76,6,467,16171,1,
207,7,7,467,16171,1,
207,384,8,526,16171,1,
334,55,3,655,16176,1,
334,29,4,648,16176,1,
353,226,6,609,16188,1,
189,1187,3,649,16209,1,
6,116,8,467,16210,1,
6,32,5,526,16210,1,
6,0,10,629,16210,1,
6,233,2,629,16210,1,
298,108,2,649,16229,1,
298,-1,-1,-999,16229,2,global
147,472,12,648,16252,1,
147,26,7,663,16252,1,
28,33,2,616,16253,1,
28,119,8,629,16253,1,
28,18,6,544,16253,1,
291,8,5,659,16280,1,
291,173,4,629,16280,1,
291,82,10,629,16280,1,
55,149,6,663,16297,1,
55,60,4,663,16297,1,
299,135,6,621,16303,1,
299,-1,-1,-999,16303,2,global
85,240,10,467,16304,1,
85,20,6,629,16304,1,
70,191,8,663,16311,1,
169,259,8,467,16327,1,
169,100,8,629,16327,1,
300,135,12,603,16336,1,
300,-1,-1,-999,16336,2,global
192,207,6,603,16374,1,
103,197,5,603,16387,1,
212,638,4,603,16396,1,
212,-1,-1,-999,16396,2,global
226,216,6,603,16408,1,
107,94,7,644,16408,1,
107,39,5,629,16408,1,
107,-1,-1,-999,16408,2,global
101,122,6,627,16424,1,
110,1111,6,663,16433,1,
229,642,7,615,16442,1,
229,167,9,544,16442,1,
311,1295,6,644,16459,1,
311,109,4,526,16459,1,
113,247,4,655,16477,1,
113,3,2,663,16477,1,
76,38,8,668,16490,1,
224,129,4,663,16519,1,
224,102,2,663,16519,1,
111,456,8,629,16531,1,
144,252,12,620,16552,1,
367,230,8,629,16554,1,
348,13,6,663,16556,1,
23,182,4,648,16575,1,
248,658,7,629,16580,1,
292,1280,4,589,16587,1,
292,-1,-1,-999,16587,2,global
294,1280,4,589,16620,1,
294,-1,-1,-999,16620,2,global
349,13,7,467,16628,1,
183,488,2,633,16641,1,
53,149,2,663,16654,1,
53,189,5,559,16654,1,
53,89,8,559,16654,1,
336,282,12,559,16675,1,
143,586,6,572,16678,1,
143,-1,-1,-999,16678,2,global
334,11,6,615,16696,1,
334,418,6,666,16696,1,
276,936,6,526,16712,1,
215,128,8,631,16718,1,
286,107,6,559,16720,1,
41,237,5,559,16746,1,
158,156,10,666,16754,1,
85,359,6,171,16767,1,
19,349,6,572,16781,1,
75,92,6,572,16811,1,
102,122,10,660,16828,1,
205,127,5,629,16831,1,
128,25,4,631,16837,1,
335,29,6,631,16848,1,
302,1287,11,648,16860,1,
103,561,2,615,16861,1,
103,243,3,526,16861,1,
260,48,8,660,16871,1,
260,1614,7,645,16871,1,
260,-1,-1,-999,16871,2,global
341,1325,4,646,16895,1,
341,-1,-1,-999,16895,2,global
155,70,4,171,16897,1,
155,27,5,664,16897,1,
59,1416,10,661,16909,1,
165,376,3,655,16940,1,
108,39,5,629,16950,1,
211,637,3,663,16950,1,
108,-1,-1,-999,16950,2,global
301,135,4,629,16967,1,
129,3,4,660,16969,1,
129,25,5,645,16969,1,
177,1175,2,423,16979,1,
343,138,2,630,16986,1,
295,1280,4,589,17003,1,
295,-1,-1,-999,17003,2,global
248,909,11,171,17005,1,
180,73,4,615,17014,1,
14,33,8,661,17020,1,
14,0,6,685,17020,1,
256,131,8,661,17039,1,
344,138,4,171,17054,1,
216,386,4,544,17069,1,
216,-1,-1,-999,17069,2,global
277,49,1,663,17069,1,
376,1015,6,660,17090,1,
296,174,8,675,17094,1,
112,306,4,544,17124,1,
112,-1,-1,-999,17124,2,global
242,327,4,629,17133,1,
76,152,3,660,17138,1,
32,18,3,544,17141,1,
144,586,3,572,17146,1,
176,204,4,658,17162,1,
176,-1,-1,-999,17162,2,global
130,25,8,690,17174,1,
60,773,3,462,17183,1,
170,259,2,467,17210,1,
170,-1,-1,-999,17210,2,global
178,204,4,658,17231,1,
178,-1,-1,-999,17231,2,global
5,144,8,674,17250,1,
167,72,8,657,17251,1,
167,44,4,657,17251,1,
172,204,2,658,17257,1,
253,81,7,657,17272,1,
253,331,7,657,17272,1,
128,67,8,698,17276,1,
198,319,12,674,17278,1,
198,264,2,674,17278,1,
15,1029,10,657,17288,1,
119,39,5,674,17289,1,
118,309,8,692,17325,1,
211,165,7,657,17348,1,
2,293,4,674,17363,1,
2,115,8,665,17363,1,
173,260,3,674,17373,1,
173,-1,-1,-999,17373,2,global
70,151,2,657,17396,1,
70,191,6,703,17396,1,
64,150,6,693,17405,1,
257,131,10,571,17413,1,
52,189,9,693,17430,1,
52,60,8,693,17430,1,
364,56,2,688,17449,1,
364,14,10,688,17449,1,
364,-1,-1,-999,17449,2,global
129,25,6,693,17460,1,
151,155,8,571,17464,1,
365,229,4,693,17469,1,
232,325,2,674,17470,1,
300,704,12,620,17490,1,
366,14,10,710,17514,1,
366,-1,-1,-999,17515,2,global
3,233,9,676,17516,1,
122,311,8,571,17524,1,
41,237,7,571,17546,1,
41,34,8,425,17546,1,
41,-1,-1,-999,17546,2,global
131,4,2,688,17559,1,
38,59,2,707,17567,1,
38,534,12,707,17567,1,
132,25,3,708,17574,1,
288,278,2,676,17583,1,
133,250,8,581,17591,1,
343,138,7,703,17596,1,
343,-1,-1,-999,17596,2,global
336,29,2,674,17637,1,
130,67,6,681,17662,1,
7,516,6,425,17662,1,
289,172,3,282,17664,1,
26,147,6,657,17674,1,
168,72,6,425,17686,1,
148,5,5,425,17699,1,
118,569,6,408,17708,1,
118,569,10,282,17708,1,
118,807,9,597,17708,1,
118,-1,-1,-999,17708,2,global
234,78,8,712,17728,1,
234,-1,-1,-999,17728,2,global
262,670,5,712,17740,1,
121,65,4,712,17757,1,
121,3,6,712,17757,1,
37,353,4,712,17766,1,
180,316,5,707,17769,1,
167,72,2,712,17773,1,
352,13,2,693,17783,1,
53,89,5,681,17801,1,
59,299,5,571,17803,1,
111,305,1,712,17835,1,
111,-1,-1,-999,17835,2,global
309,1293,4,425,17836,1,
348,13,10,716,17853,1,
160,27,6,716,17864,1,
10,519,3,571,17875,1,
177,613,6,716,17878,1,
155,124,6,706,17901,1,
155,-1,-1,-999,17901,2,global
341,1325,4,646,17905,1,
341,-1,-1,-999,17905,2,global
94,243,5,706,17911,1,
45,445,3,657,17926,1,
368,230,2,703,17939,1,
86,21,9,691,17941,1,
84,2,6,713,17956,1,
270,221,6,727,17983,1,
330,724,2,666,17986,1,
288,692,9,695,18026,1,
85,193,11,635,18039,1,
287,946,6,583,18052,1,
287,82,8,731,18052,1,
295,1643,9,526,18053,1,
295,699,5,666,18053,1,
224,1214,6,635,18055,1,
224,47,4,635,18055,1,
29,1,10,583,18074,1,
29,148,4,583,18074,1,
269,275,3,704,18081,1,
168,483,10,731,18098,1,
235,78,10,628,18114,1,
235,-1,-1,-999,18114,2,global
306,9,11,699,18118,1,
121,310,2,467,18129,1,
263,334,9,635,18138,1,
262,1252,6,583,18144,1,
246,656,8,583,18158,1,
246,-1,-1,-999,18158,2,global
129,67,6,635,18164,1,
305,83,12,718,18180,1,
162,124,4,706,18180,1,
162,-1,-1,-999,18180,2,global
289,403,5,583,18182,1,
289,82,12,740,18182,1,
236,1226,5,635,18190,1,
322,1670,8,725,18211,1,
170,606,8,571,18235,1,
20,1033,6,731,18239,1,
329,11,8,725,18242,1,
92,194,8,725,18268,1,
299,135,4,722,18277,1,
321,719,6,602,18287,1,
298,175,5,720,18288,1,
12,146,2,722,18301,1,
89,193,6,725,18305,1,
161,375,6,731,18329,1,
277,105,4,713,18344,1,
27,87,12,656,18347,1,
13,17,7,719,18367,1,
210,28,12,726,18381,1,
210,636,8,726,18381,1,
210,-1,-1,-999,18382,2,global
221,388,2,713,18388,1,
348,13,12,729,18400,1,
81,794,4,583,18412,1,
365,14,10,729,18416,1,
365,-1,-1,-999,18416,2,global
338,137,6,583,18423,1,
250,393,6,726,18430,1,
250,659,2,729,18430,1,
19,433,8,683,18437,1,
281,106,4,583,18446,1,
211,385,12,721,18449,1,
151,590,3,731,18454,1,
366,1006,5,294,18475,1,
263,671,6,715,18487,1,
263,-1,-1,-999,18487,2,global
166,203,7,729,18493,1,
166,203,9,535,18493,1,
107,39,2,583,18505,1,
99,22,5,535,18546,1,
99,196,11,535,18546,1,
320,54,5,622,18547,1,
320,-1,-1,-999,18547,2,global
323,179,6,573,18563,1,
14,146,8,756,18564,1,
364,14,2,729,18566,1,
364,141,6,567,18566,1,
120,248,8,729,18580,1,
163,224,2,763,18590,1,
236,897,12,725,18595,1,
170,1168,4,693,18605,1,
11,117,9,760,18614,1,
351,139,7,535,18630,1,
351,32,2,765,18630,1,
56,20,7,753,18635,1,
89,1446,11,735,18641,1,
89,-1,-1,-999,18641,2,global
275,935,6,567,18646,1,
100,22,6,702,18666,1,
88,64,4,697,18685,1,
116,567,6,535,18704,1,
128,198,6,755,18704,1,
176,261,6,567,18715,1,
234,28,6,755,18723,1,
234,895,6,755,18723,1,
282,106,4,755,18732,1,
42,238,4,726,18735,1,
42,59,7,672,18735,1,
343,12,1,755,18737,1,
57,1062,8,682,18752,1,
227,167,7,766,18771,1,
325,54,8,682,18772,1,
122,248,2,729,18793,1,
122,123,4,672,18793,1,
122,571,4,672,18793,1,
228,167,5,757,18794,1,
171,259,7,776,18814,1,
171,-1,-1,-999,18815,2,global
86,303,8,493,18828,1,
10,145,9,672,18833,1,
52,239,10,749,18836,1,
52,189,8,749,18836,1,
52,1,9,749,18836,1,
244,327,5,493,18839,1,
244,-1,-1,-999,18839,2,global
196,209,8,749,18850,1,
243,327,5,493,18854,1,
78,548,6,749,18862,1,
174,158,8,672,18863,1,
164,6,4,493,18864,1,
224,886,4,672,18873,1,
224,7,1,672,18873,1,
25,1383,11,746,18879,1,
25,-1,-1,-999,18879,2,global
69,91,4,493,18890,1,
134,371,6,667,18912,1,
129,3,10,758,18915,1,
33,59,9,605,18935,1,
321,280,4,667,18938,1,
151,70,10,605,18953,1,
202,502,7,605,18968,1,
163,6,10,777,18970,1,
163,44,8,777,18970,1,
133,4,7,758,18981,1,
270,82,9,746,18981,1,
29,1,6,746,19000,1,
29,295,2,750,19000,1,
212,77,6,746,19012,1,
200,163,6,677,19024,1,
200,28,4,677,19024,1,
200,46,8,677,19024,1,
102,122,6,749,19025,1,
102,451,2,750,19025,1,
256,1246,5,746,19036,1,
256,-1,-1,-999,19036,2,global
326,54,12,677,19043,1,
298,8,4,777,19052,1,
298,135,4,777,19052,1,
298,-1,-1,-999,19052,2,global
283,8,8,779,19066,1,
26,183,5,750,19073,1,
26,17,11,737,19073,1,
26,1039,5,737,19073,1,
26,0,6,737,19073,1,
26,-1,-1,-999,19073,2,global
103,2,4,605,19074,1,
103,367,8,679,19074,1,
165,6,9,734,19086,1,
165,202,4,734,19086,1,
135,67,3,777,19103,1,
135,4,8,734,19103,1,
57,1,12,737,19108,1,
57,20,10,737,19108,1,
313,84,10,679,19114,1,
101,122,12,762,19128,1,
7,85,4,777,19138,1,
7,426,6,734,19138,1,
7,-1,-1,-999,19138,2,global
119,1476,10,737,19144,1,
325,721,8,480,19152,1,
299,108,3,605,19155,1,
299,8,6,677,19155,1,
252,394,9,737,19160,1,
348,225,4,777,19165,1,
348,85,3,777,19165,1,
18,57,4,749,19174,1,
18,432,4,737,19174,1,
18,-1,-1,-999,19174,2,global
74,1077,8,679,19175,1,
74,-1,-1,-999,19175,2,global
27,183,6,777,19202,1,
123,40,8,679,19223,1,
6,426,1,734,19234,1,
6,233,9,778,19234,1,
6,-1,-1,-999,19235,2,global
306,52,6,780,19243,1,
155,200,5,679,19253,1,
134,817,8,626,19256,1,
134,25,6,778,19256,1,
140,1496,8,762,19264,1,
9,57,6,605,19264,1,
279,278,4,734,19265,1,
365,1347,9,737,19282,1,
365,-1,-1,-999,19282,2,global
311,177,11,754,19282,1,
336,980,8,737,19306,1,
86,21,8,737,19320,1,
361,340,5,677,19335,1,
8,57,4,605,19344,1,
284,132,7,737,19347,1,
29,184,3,493,19352,1,
105,23,1,493,19386,1,
224,389,2,779,19393,1,
30,148,4,684,19398,1,
137,4,10,773,19407,1,
364,14,3,493,19409,1,
212,638,6,678,19419,1,
212,-1,-1,-999,19419,2,global
163,6,4,605,19425,1,
246,656,5,696,19431,1,
277,49,11,774,19455,1,
118,807,6,762,19473,1,
118,-1,-1,-999,19473,2,global
33,148,4,684,19475,1,
31,439,4,737,19482,1,
31,-1,-1,-999,19482,2,global
216,77,4,746,19492,1,
223,885,2,784,19511,1,
305,83,9,772,19512,1,
220,882,4,679,19522,1,
220,-1,-1,-999,19522,2,global
278,49,2,535,19528,1,
363,141,9,784,19536,1,
244,1234,10,502,19552,1,
171,607,3,493,19560,1,
161,375,2,605,19562,1,
200,210,2,749,19570,1,
106,23,8,781,19578,1,
34,148,2,684,19579,1,
64,90,2,781,19592,1,
28,87,12,803,19603,1,
107,23,2,749,19604,1,
213,638,2,678,19618,1,
341,1325,2,646,19625,1,
341,-1,-1,-999,19625,2,global
93,242,7,709,19632,1,
155,838,1,749,19664,1,
279,105,8,709,19668,1,
279,-1,-1,-999,19668,2,global
306,83,6,709,19680,1,
164,6,4,810,19684,1,
2,15,4,709,19689,1,
8,426,2,734,19698,1,
339,137,6,747,19707,1,
339,-1,-1,-999,19708,2,global
256,332,7,733,19720,1,
343,12,1,749,19726,1,
94,65,6,806,19731,1,
210,385,4,807,19737,1,
137,584,7,709,19742,1,
137,-1,-1,-999,19742,2,global
336,1320,2,772,19767,1,
340,137,12,764,19783,1,
340,-1,-1,-999,19783,2,global
96,21,2,791,19795,1,
158,124,6,808,19804,1,
158,27,8,808,19804,1,
158,-1,-1,-999,19804,2,global
275,105,1,709,19805,1,
275,-1,-1,-999,19805,2,global
223,1577,9,694,19830,1,
223,-1,-1,-999,19830,2,global
76,38,4,787,19839,1,
47,60,2,797,19846,1,
3,15,6,815,19857,1,
216,1206,12,733,19857,1,
132,4,2,812,19868,1,
136,97,12,790,19887,1,
1,143,3,738,19891,1,
307,9,9,790,19913,1,
70,191,4,790,19961,1,
88,2,9,808,19961,1,
252,1242,10,764,19978,1,
268,220,6,790,19980,1,
93,242,8,268,19997,1,
215,214,6,771,20001,1,
215,639,10,771,20001,1,
186,100,10,771,20022,1,
186,206,4,771,20022,1,
258,1612,8,789,20027,1,
151,590,3,268,20061,1,
151,-1,-1,-999,20061,2,global
148,588,10,785,20075,1,
4,0,9,785,20091,1,
113,247,9,808,20100,1,
180,46,7,785,20103,1,
114,247,9,744,20115,1,
84,2,5,785,20127,1,
84,153,4,785,20127,1,
84,302,7,785,20127,1,
87,361,9,291,20130,1,
142,825,8,771,20163,1,
142,4,1,771,20163,1,
147,98,10,805,20163,1,
306,279,8,809,20164,1,
306,176,5,809,20164,1,
102,94,2,790,20171,1,
161,124,2,808,20185,1,
161,597,7,291,20185,1,
305,109,9,771,20211,1,
92,194,8,686,20224,1,
92,2,9,686,20224,1,
92,64,10,686,20224,1,
39,1,9,809,20244,1,
39,19,4,792,20244,1,
10,16,8,808,20251,1,
199,126,2,816,20264,1,
199,28,6,811,20264,1,
199,209,9,811,20264,1,
199,-1,-1,-999,20264,2,global
16,431,6,811,20283,1,
16,0,6,811,20283,1,
198,74,4,279,20301,1,
198,126,8,816,20301,1,
198,-1,-1,-999,20302,2,global
41,19,8,686,20311,1,
41,441,8,686,20311,1,
82,63,12,279,20320,1,
82,-1,-1,-999,20320,2,global
52,357,2,733,20330,1,
52,35,5,808,20330,1,
188,206,6,809,20331,1,
188,492,7,643,20331,1,
278,105,8,808,20346,1,
278,-1,-1,-999,20347,2,global
99,22,12,792,20350,1,
172,157,4,811,20362,1,
172,157,9,759,20362,1,
172,125,3,811,20362,1,
172,28,6,759,20362,1,
172,608,10,759,20362,1,
172,-1,-1,-999,20363,2,global
348,13,12,792,20368,1,
359,228,6,771,20369,1,
149,42,8,686,20382,1,
328,1312,6,744,20392,1,
328,-1,-1,-999,20392,2,global
6,0,4,809,20395,1,
6,294,3,809,20395,1,
38,185,7,643,20430,1,
47,1054,11,789,20441,1,
47,1404,8,816,20441,1,
349,225,6,759,20460,1,
349,56,6,759,20460,1,
186,619,8,291,20474,1,
186,-1,-1,-999,20475,2,global
239,79,6,808,20486,1,
239,-1,-1,-999,20486,2,global
111,246,6,785,20486,1,
111,305,10,759,20486,1,
224,129,6,808,20497,1,
88,64,10,279,20503,1,
91,21,5,744,20508,1,
138,4,10,759,20532,1,
153,5,9,279,20552,1,
153,43,1,759,20552,1,
220,882,6,679,20559,1,
220,-1,-1,-999,20559,2,global
343,12,5,643,20580,1,
269,170,4,686,20597,1,
269,-1,-1,-999,20597,2,global
263,170,4,764,20600,1,
263,-1,-1,-999,20600,2,global
266,170,4,686,20608,1,
266,-1,-1,-999,20608,2,global
200,126,4,808,20613,1,
294,1642,4,808,20622,1,
98,196,9,759,20630,1,
226,77,5,279,20646,1,
226,129,4,816,20646,1,
10,16,8,811,20660,1,
121,810,8,759,20696,1,
162,44,4,809,20699,1,
54,36,4,686,20754,1,
120,1477,3,733,20754,1,
268,170,2,764,20761,1,
341,730,4,268,20763,1,
14,430,6,759,20768,1,
55,36,6,796,20775,1,
289,948,2,808,20789,1,
156,100,2,796,20813,1,
204,75,2,790,20845,1,
238,79,2,809,20863,1,
59,299,2,744,20863,1,
40,759,6,279,20871,1,
89,64,5,843,20874,1,
337,30,2,771,20881,1,
207,164,6,785,20882,1,
112,24,6,833,20906,1,
218,214,2,771,20913,1,
117,24,6,833,20918,1,
236,270,2,808,20931,1,
155,43,8,848,20974,1,
348,31,5,834,20980,1,
210,636,1,726,20980,1,
132,250,4,811,20989,1,
275,105,1,808,20993,1,
256,81,4,848,20995,1,
56,36,4,825,21005,1,
158,477,9,593,21008,1,
114,307,1,742,21014,1,
196,125,3,811,21038,1,
196,209,1,811,21038,1,
11,344,10,829,21064,1,
52,60,6,836,21065,1,
52,189,10,836,21065,1,
250,47,6,836,21077,1,
288,107,10,769,21083,1,
188,161,6,836,21098,1,
188,1543,8,819,21098,1,
129,3,10,829,21101,1,
129,96,1,829,21101,1,
290,132,4,786,21121,1,
39,19,9,829,21122,1,
187,380,8,839,21127,1,
187,125,4,800,21127,1,
200,628,4,759,21132,1,
200,-1,-1,-999,21132,2,global
38,1,6,819,21146,1,
38,757,6,845,21146,1,
199,1197,4,651,21147,1,
199,628,4,759,21147,1,
106,799,10,819,21162,1,
198,126,6,819,21178,1,
198,162,4,819,21178,1,
318,110,4,860,21184,1,
334,29,4,785,21194,1,
272,82,8,824,21198,1,
213,510,4,279,21204,1,
112,457,8,836,21211,1,
112,2,10,814,21211,1,
160,71,2,865,21215,1,
305,9,3,811,21221,1,
154,124,1,836,21226,1,
154,99,4,836,21226,1,
154,43,4,845,21226,1,
154,-1,-1,-999,21227,2,global
170,157,6,804,21229,1,
314,53,6,701,21235,1,
205,384,7,819,21261,1,
205,47,10,437,21261,1,
205,127,8,437,21261,1,
113,247,6,804,21264,1,
163,6,6,846,21275,1,
182,125,4,800,21281,1,
182,46,5,814,21281,1,
182,73,4,788,21281,1,
133,4,1,846,21294,1,
75,152,2,279,21311,1,
348,13,10,870,21317,1,
57,149,3,788,21336,1,
57,770,9,437,21336,1,
57,189,6,437,21336,1,
57,-1,-1,-999,21336,2,global
208,634,5,870,21340,1,
208,28,6,870,21340,1,
208,7,4,870,21340,1,
328,1312,3,744,21348,1,
328,-1,-1,-999,21348,2,global
124,66,4,819,21358,1,
124,3,7,788,21358,1,
124,95,4,437,21358,1,
171,259,8,870,21361,1,
171,-1,-1,-999,21361,2,global
46,446,10,437,21375,1,
151,155,12,783,21380,1,
216,128,12,820,21388,1,
155,124,3,836,21391,1,
155,124,3,814,21391,1,
155,475,2,437,21391,1,
155,5,2,437,21391,1,
155,-1,-1,-999,21391,2,global
306,83,7,862,21401,1,
284,943,10,724,21407,1,
313,711,6,820,21412,1,
120,309,3,743,21420,1,
29,18,8,814,21421,1,
264,334,8,437,21435,1,
211,128,11,858,21452,1,
134,41,8,858,21466,1,
136,67,10,874,21483,1,
316,10,8,437,21486,1,
316,-1,-1,-999,21486,2,global
349,13,8,783,21493,1,
349,31,8,739,21493,1,
226,216,6,874,21494,1,
60,1,6,855,21519,1,
60,300,7,855,21519,1,
327,84,7,783,21524,1,
327,180,5,783,21524,1,
327,10,10,802,21524,1,
327,-1,-1,-999,21524,2,global
82,358,10,869,21527,1,
112,246,4,788,21539,1,
112,306,9,437,21539,1,
112,-1,-1,-999,21539,2,global
210,213,8,869,21541,1,
129,198,3,783,21551,1,
129,25,10,717,21551,1,
129,96,6,717,21551,1,
125,66,6,724,21573,1,
125,40,6,855,21573,1,
162,44,12,783,21575,1,
162,5,4,802,21575,1,
227,216,6,869,21585,1,
227,1581,2,869,21585,1,
227,7,6,881,21585,1,
304,51,10,783,21599,1,
304,408,7,717,21599,1,
304,-1,-1,-999,21599,2,global
305,109,10,855,21613,1,
159,256,9,717,21632,1,
159,478,9,795,21632,1,
159,124,6,795,21632,1,
159,-1,-1,-999,21633,2,global
282,106,8,855,21645,1,
203,47,9,795,21661,1,
203,126,1,795,21661,1,
203,1201,10,795,21661,1,
203,-1,-1,-999,21661,2,global
186,206,8,855,21691,1,
99,304,7,717,21697,1,
99,2,4,795,21697,1,
99,22,9,879,21697,1,
99,65,7,879,21697,1,
314,1298,11,743,21702,1,
364,113,8,437,21706,1,
212,213,6,819,21717,1,
96,195,6,875,21724,1,
96,2,8,875,21724,1,
96,21,1,875,21724,1,
118,24,6,783,21727,1,
118,39,5,802,21727,1,
118,3,10,795,21727,1,
148,42,4,879,21763,1,
148,42,7,795,21763,1,
148,5,8,879,21763,1,
148,26,8,879,21763,1,
223,77,6,419,21772,1,
223,47,8,419,21772,1,
223,28,8,419,21772,1,
223,166,6,419,21772,1,
105,23,6,437,21785,1,
47,19,7,802,21793,1,
47,60,10,795,21793,1,
47,35,4,879,21793,1,
259,919,5,819,21795,1,
18,118,6,866,21796,1,
18,0,10,419,21796,1,
18,-1,-1,-999,21796,2,global
214,320,5,437,21821,1,
216,1206,11,869,21823,1,
216,77,2,419,21823,1,
216,-1,-1,-999,21823,2,global
87,63,3,866,21843,1,
87,21,10,419,21843,1,
87,-1,-1,-999,21843,2,global
294,134,4,814,21845,1,
363,141,8,717,21853,1,
363,85,4,795,21853,1,
363,112,7,879,21853,1,
114,1115,6,869,21862,1,
114,3,6,419,21862,1,
311,83,9,802,21881,1,
311,177,10,879,21881,1,
86,63,2,866,21882,1,
86,303,7,885,21882,1,
86,2,4,885,21882,1,
86,-1,-1,-999,21882,2,global
274,48,6,419,21900,1,
274,171,6,419,21900,1,
88,21,4,437,21913,1,
84,192,5,783,21918,1,
84,63,5,739,21918,1,
84,63,7,795,21918,1,
136,41,8,881,21919,1,
136,97,4,889,21919,1,
199,46,8,717,21938,1,
199,126,5,795,21938,1,
106,23,7,878,21943,1,
100,22,4,836,21952,1,
0,232,10,885,21954,1,
346,111,5,802,21962,1,
346,30,4,795,21962,1,
346,85,4,795,21962,1,
154,70,7,739,21981,1,
154,124,4,795,21981,1,
154,-1,-1,-999,21981,2,global
169,605,3,788,22011,1,
239,271,4,437,22021,1,
13,0,2,870,22027,1,
13,346,8,783,22027,1,
13,-1,-1,-999,22027,2,global
160,124,2,814,22038,1,
149,155,4,700,22041,1,
149,123,6,700,22041,1,
149,26,8,700,22041,1,
293,697,8,802,22045,1,
293,8,3,795,22045,1,
43,1400,2,836,22053,1,
64,1068,12,700,22060,1,
133,816,10,835,22068,1,
85,63,1,866,22079,1,
85,2,2,885,22079,1,
85,240,9,700,22079,1,
99,365,8,798,22080,1,
170,259,4,870,22083,1,
170,6,5,795,22083,1,
168,72,3,891,22101,1,
34,754,1,836,22131,1,
163,202,6,869,22136,1,
163,6,2,881,22136,1,
163,71,2,875,22136,1,
75,152,1,783,22136,1,
75,152,7,717,22136,1,
353,226,8,869,22153,1,
353,1335,2,419,22153,1,
60,300,1,736,22183,1,
227,167,8,802,22186,1,
328,280,5,869,22194,1,
328,180,5,419,22194,1,
365,14,4,881,22210,1,
365,14,6,700,22210,1,
365,-1,-1,-999,22210,2,global
223,265,9,700,22225,1,
223,-1,-1,-999,22225,2,global
252,330,7,795,22227,1,
366,14,2,700,22241,1,
366,14,8,419,22241,1,
308,176,8,717,22241,1,
366,-1,-1,-999,22241,2,global
29,1,8,897,22249,1,
259,1613,7,739,22254,1,
38,34,3,885,22258,1,
38,34,5,419,22258,1,
38,-1,-1,-999,22258,2,global
157,594,6,802,22283,1,
172,45,4,419,22298,1,
172,45,4,700,22298,1,
30,120,6,795,22299,1,
166,258,2,856,22301,1,
349,111,3,802,22310,1,
349,85,2,795,22310,1,
167,846,7,902,22314,1,
162,44,8,890,22344,1,
334,418,6,890,22355,1,
117,568,7,902,22368,1,
205,127,8,419,22374,1,
186,317,4,795,22378,1,
148,69,4,890,22399,1,
309,411,10,823,22406,1,
211,165,8,700,22409,1,
293,951,7,457,22422,1,
293,173,3,892,22422,1,
293,-1,-1,-999,22422,2,global
63,90,8,723,22427,1,
146,253,4,876,22437,1,
228,167,3,700,22442,1,
228,77,5,864,22442,1,
228,7,4,864,22442,1,
228,389,7,864,22442,1,
333,110,6,723,22462,1,
333,222,11,741,22462,1,
288,692,2,795,22474,1,
288,82,11,887,22474,1,
335,29,5,869,22476,1,
335,11,6,864,22476,1,
133,41,4,823,22488,1,
133,67,4,887,22488,1,
133,-1,-1,-999,22488,2,global
132,250,9,864,22505,1,
25,17,8,741,22518,1,
25,87,8,741,22518,1,
367,14,1,419,22526,1,
367,113,10,864,22526,1,
367,-1,-1,-999,22526,2,global
66,545,7,419,22542,1,
239,79,10,741,22552,1,
93,1096,8,864,22556,1,
332,11,2,802,22566,1,
332,726,7,861,22566,1,
332,-1,-1,-999,22567,2,global
237,898,7,419,22573,1,
237,-1,-1,-999,22573,2,global
187,317,4,795,22576,1,
168,483,6,885,22592,1,
18,432,11,795,22593,1,
181,379,8,861,22607,1,
134,581,6,861,22619,1,
29,87,3,881,22643,1,
29,120,3,864,22643,1,
26,183,8,871,22651,1,
206,212,4,717,22657,1,
140,823,6,723,22668,1,
140,-1,-1,-999,22668,2,global
52,1059,7,723,22681,1,
52,-1,-1,-999,22681,2,global
147,472,6,741,22693,1,
182,316,6,700,22715,1,
244,654,4,795,22715,1,
137,4,8,900,22718,1,
153,43,3,892,22723,1,
330,55,12,917,22737,1,
226,266,6,419,22741,1,
226,-1,-1,-999,22741,2,global
148,42,8,917,22753,1,
282,50,5,918,22758,1,
152,155,5,700,22788,1,
255,7,6,912,22796,1,
255,48,8,912,22796,1,
115,39,3,802,22804,1,
115,-1,-1,-999,22804,2,global
22,58,8,912,22820,1,
304,279,3,885,22826,1,
304,109,2,700,22826,1,
211,213,5,864,22837,1,
183,379,2,861,22852,1,
183,46,10,921,22852,1,
183,7,12,728,22852,1,
183,160,8,728,22852,1,
136,97,8,912,22871,1,
335,1319,10,850,22882,1,
333,727,11,873,22889,1,
256,916,4,419,22891,1,
9,427,4,885,22900,1,
336,11,7,728,22918,1,
336,282,5,728,22918,1,
66,1070,9,255,22938,1,
66,-1,-1,-999,22938,2,global
283,221,4,921,22948,1,
283,942,11,728,22948,1,
331,975,4,881,22957,1,
363,141,3,861,22966,1,
363,141,4,728,22966,1,
312,177,6,921,22985,1,
227,266,4,419,22995,1,
227,-1,-1,-999,22995,2,global
62,301,8,728,22999,1,
278,683,6,921,23011,1,
321,967,6,741,23014,1,
222,884,6,917,23026,1,
188,317,3,419,23041,1,
216,214,6,728,23043,1,
223,322,11,912,23043,1,
223,-1,-1,-999,23044,2,global
1,85,4,917,23052,1,
271,221,10,929,23069,1,
60,90,4,723,23100,1,
277,49,5,852,23107,1,
92,92,3,741,23114,1,
92,1095,5,929,23114,1,
233,269,3,889,23119,1,
119,248,2,864,23126,1,
238,651,4,912,23140,1,
279,49,6,842,23151,1,
113,565,3,717,23159,1,
3,85,3,917,23166,1,
128,3,6,926,23173,1,
257,169,2,892,23181,1,
7,0,9,934,23192,1,
7,-1,-1,-999,23192,2,global
22,434,4,705,23193,1,
186,161,11,909,23224,1,
186,-1,-1,-999,23224,2,global
164,156,3,913,23238,1,
164,28,6,933,23238,1,
183,488,5,927,23244,1,
57,20,10,934,23248,1,
224,129,1,728,23258,1,
322,280,3,937,23265,1,
322,84,8,937,23265,1,
136,26,5,898,23271,1,
23,58,2,909,23284,1,
23,33,8,937,23284,1,
23,182,2,906,23284,1,
23,-1,-1,-999,23284,2,global
305,83,11,898,23293,1,
56,189,9,909,23299,1,
38,185,2,898,23309,1,
38,1,6,940,23309,1,
129,25,9,906,23314,1,
53,767,4,898,23318,1,
30,1,6,933,23337,1,
130,3,2,741,23344,1,
334,29,2,933,23364,1,
334,-1,-1,-999,23364,2,global
329,11,3,898,23366,1,
6,15,4,937,23369,1,
6,15,4,884,23369,1,
6,144,2,884,23369,1,
91,153,6,552,23383,1,
91,304,5,552,23383,1,
47,356,1,728,23406,1,
47,19,8,930,23406,1,
59,1,10,552,23409,1,
59,772,8,552,23409,1,
59,-1,-1,-999,23409,2,global
294,174,10,552,23425,1,
31,18,5,894,23443,1,
31,18,6,552,23443,1,
9,0,9,857,23445,1,
24,182,9,884,23460,1,
325,28,1,930,23463,1,
325,28,5,730,23463,1,
325,136,7,730,23463,1,
325,417,2,730,23463,1,
325,84,11,730,23463,1,
8,15,8,894,23467,1,
13,57,6,930,23499,1,
13,0,6,730,23499,1,
13,17,4,730,23499,1,
13,117,4,730,23499,1,
180,73,1,884,23518,1,
180,46,11,714,23518,1,
107,23,10,730,23522,1,
107,2,5,730,23522,1,
313,1297,8,894,23522,1,
313,-1,-1,-999,23522,2,global
88,64,5,950,23540,1,
88,21,6,575,23540,1,
229,642,11,714,23546,1,
229,130,9,714,23546,1,
229,-1,-1,-999,23546,2,global
295,174,7,894,23560,1,
295,8,6,652,23560,1,
44,763,1,730,23569,1,
44,238,8,730,23569,1,
128,812,6,937,23569,1,
128,1485,10,947,23569,1,
128,-1,-1,-999,23570,2,global
277,936,8,906,23588,1,
277,105,4,714,23588,1,
225,389,6,730,23591,1,
225,166,9,730,23591,1,
0,292,11,714,23605,1,
0,-1,-1,-999,23606,2,global
137,97,6,930,23614,1,
137,41,9,730,23614,1,
306,9,6,714,23623,1,
306,109,4,714,23623,1,
306,136,1,714,23623,1,
299,703,9,730,23629,1,
10,116,9,714,23638,1,
322,415,9,714,23653,1,
138,4,6,817,23658,1,
138,313,8,817,23658,1,
138,68,3,817,23658,1,
89,64,7,730,23679,1,
89,193,9,817,23679,1,
11,234,10,575,23687,1,
12,521,5,893,23711,1,
12,33,9,817,23711,1,
152,155,6,575,23713,1,
152,254,6,903,23713,1,
152,1508,5,903,23713,1,
259,919,8,909,23717,1,
85,797,4,652,23727,1,
85,153,4,882,23727,1,
80,152,4,817,23728,1,
80,192,9,935,23728,1,
278,49,8,652,23741,1,
191,207,8,552,23755,1,
191,-1,-1,-999,23755,2,global
233,269,5,552,23768,1,
233,390,2,652,23768,1,
347,286,2,906,23776,1,
347,991,6,714,23776,1,
32,1044,7,907,23780,1,
335,29,4,930,23812,1,
335,11,9,817,23812,1,
42,354,7,857,23812,1,
212,77,6,652,23824,1,
106,23,4,904,23831,1,
106,245,8,817,23831,1,
8,517,6,575,23835,1,
294,174,7,930,23846,1,
294,107,4,730,23846,1,
230,130,7,854,23849,1,
146,42,9,946,23850,1,
308,956,4,730,23860,1,
308,83,6,817,23860,1,
16,522,6,714,23863,1,
249,392,6,882,23885,1,
249,-1,-1,-999,23885,2,global
163,202,6,937,23885,1,
163,-1,-1,-999,23885,2,global
66,779,6,909,23903,1,
22,235,6,714,23914,1,
54,36,6,730,23915,1,
222,215,8,817,23927,1,
44,444,9,935,23940,1,
44,-1,-1,-999,23940,2,global
136,26,6,935,23949,1,
7,516,5,714,23950,1,
262,922,6,730,23959,1,
262,-1,-1,-999,23959,2,global
129,96,5,884,23960,1,
354,226,6,857,23976,1,
354,-1,-1,-999,23976,2,global
311,10,3,817,23977,1,
311,52,4,971,23977,1,
10,16,7,903,23993,1,
291,173,4,575,24011,1,
358,140,6,817,24024,1,
216,77,5,652,24032,1,
280,50,4,714,24033,1,
280,105,1,714,24033,1,
40,186,4,652,24042,1,
333,222,2,552,24050,1,
298,51,4,652,24061,1,
48,239,4,974,24069,1,
12,345,10,775,24083,1,
12,-1,-1,-999,24083,2,global
3,0,9,970,24090,1,
91,555,3,884,24130,1,
86,797,1,652,24132,1,
359,140,12,944,24139,1,
13,429,5,817,24147,1,
299,135,4,965,24168,1,
299,-1,-1,-999,24169,2,global
69,61,9,830,24179,1,
23,58,5,817,24185,1,
59,299,10,575,24185,1,
334,418,2,714,24186,1,
1,56,6,954,24207,1,
355,227,2,937,24216,1,
360,140,5,844,24222,1,
2,115,4,730,24240,1,
313,961,11,652,24249,1,
14,17,5,954,24253,1,
166,125,4,730,24273,1,
288,50,1,714,24286,1,
167,125,2,730,24286,1,
167,6,6,972,24286,1,
41,186,4,730,24296,1,
102,560,4,730,24305,1,
300,51,11,980,24313,1,
231,644,4,817,24331,1,
98,196,10,951,24337,1,
320,10,5,964,24341,1,
64,150,8,951,24351,1,
128,1485,2,947,24358,1,
4,32,7,951,24371,1,
21,350,9,341,24379,1,
21,33,4,953,24379,1,
148,5,11,977,24385,1,
222,215,12,341,24398,1,
76,1,6,977,24403,1,
76,38,4,977,24403,1,
7,0,10,966,24404,1,
283,8,10,939,24419,1,
153,99,10,341,24424,1,
351,111,5,939,24434,1,
351,732,4,939,24434,1,
351,-1,-1,-999,24434,2,global
164,202,8,939,24448,1,
358,140,10,341,24457,1,
304,109,6,977,24459,1,
316,10,4,939,24469,1,
305,109,8,821,24482,1,
83,358,7,992,24497,1,
83,20,7,992,24497,1,
83,-1,-1,-999,24497,2,global
96,93,6,966,24514,1,
96,21,5,992,24514,1,
96,-1,-1,-999,24514,2,global
191,1546,12,687,24529,1,
191,46,2,939,24529,1,
273,221,6,953,24535,1,
273,1261,8,886,24535,1,
273,7,7,886,24535,1,
339,728,8,966,24536,1,
339,137,7,992,24536,1,
193,494,8,953,24550,1,
97,93,4,966,24555,1,
97,21,8,851,24555,1,
101,366,8,953,24564,1,
129,67,4,951,24571,1,
129,25,6,992,24571,1,
130,96,6,886,24577,1,
171,1169,10,992,24588,1,
108,2,9,886,24597,1,
108,39,4,886,24597,1,
108,-1,-1,-999,24597,2,global
41,237,6,767,24609,1,
288,692,10,914,24610,1,
288,8,4,951,24610,1,
288,-1,-1,-999,24610,2,global
162,44,11,997,24612,1,
233,131,6,979,24620,1,
183,855,7,951,24645,1,
113,3,7,999,24661,1,
102,451,10,886,24668,1,
102,-1,-1,-999,24668,2,global
192,101,2,989,24669,1,
192,207,9,838,24669,1,
192,-1,-1,-999,24669,2,global
123,311,8,851,24676,1,
22,235,5,821,24679,1,
22,-1,-1,-999,24679,2,global
280,172,5,821,24690,1,
302,136,6,992,24700,1,
188,101,5,989,24700,1,
249,1239,5,831,24714,1,
376,15,2,886,24716,1,
376,1358,3,886,24716,1,
52,189,4,886,24725,1,
229,130,4,821,24739,1,
105,563,4,767,24750,1,
105,-1,-1,-999,24750,2,global
337,30,6,851,24772,1,
65,778,8,770,24774,1,
239,900,5,851,24783,1,
77,547,4,821,24788,1,
170,157,4,922,24798,1,
352,111,1,939,24815,1,
214,320,10,982,24819,1,
153,591,5,886,24821,1,
298,51,3,817,24832,1,
313,10,2,817,24840,1,
180,46,7,982,24848,1,
193,494,8,979,24858,1,
193,-1,-1,-999,24858,2,global
168,72,6,982,24873,1,
44,763,1,730,24897,1,
44,-1,-1,-999,24897,2,global
45,763,1,730,24903,1,
45,-1,-1,-999,24903,2,global
342,284,4,453,24907,1,
342,84,7,453,24907,1,
32,58,7,1007,24911,1,
13,346,4,992,24916,1,
109,801,1,730,24926,1,
46,763,1,730,24931,1,
46,-1,-1,-999,24932,2,global
250,329,8,1009,24956,1,
305,1653,8,453,24960,1,
64,190,8,1013,24970,1,
40,186,8,453,24979,1,
66,61,6,1009,24988,1,
66,-1,-1,-999,24989,2,global
47,763,1,730,25013,1,
0,0,1,453,25035,1,
0,15,4,453,25035,1,
0,-1,-1,-999,25035,2,global
10,16,10,987,25044,1,
67,150,2,987,25051,1,
329,11,8,1020,25056,1,
227,167,10,987,25067,1,
48,763,1,730,25072,1,
304,109,7,1012,25085,1,
206,506,4,999,25091,1,
52,1059,4,1005,25095,1,
52,60,6,1005,25095,1,
12,0,10,1005,25116,1,
12,-1,-1,-999,25116,2,global
11,145,4,1005,25125,1,
30,1,7,1006,25127,1,
320,54,7,1006,25158,1,
320,-1,-1,-999,25158,2,global
33,88,2,984,25174,1,
33,18,10,984,25174,1,
33,-1,-1,-999,25175,2,global
185,1540,10,905,25197,1,
185,7,6,905,25197,1,
151,70,6,1006,25205,1,
35,18,10,905,25214,1,
35,-1,-1,-999,25214,2,global
152,70,7,938,25230,1,
152,98,10,938,25230,1,
229,130,8,905,25247,1,
229,28,10,895,25247,1,
229,77,6,895,25247,1,
50,188,7,905,25266,1,
50,1,5,1023,25266,1,
50,-1,-1,-999,25266,2,global
180,852,6,967,25285,1,
180,73,6,1006,25285,1,
352,1334,9,859,25290,1,
96,65,10,905,25295,1,
96,2,11,895,25295,1,
209,635,10,905,25311,1,
209,-1,-1,-999,25311,2,global
18,0,9,895,25326,1,
18,-1,-1,-999,25326,2,global
83,796,4,957,25330,1,
83,63,7,938,25330,1,
282,50,8,905,25348,1,
2,0,6,984,25363,1,
348,13,12,998,25394,1,
7,15,10,938,25398,1,
7,-1,-1,-999,25398,2,global
71,61,5,925,25406,1,
71,-1,-1,-999,25406,2,global
13,740,9,453,25422,1,
154,99,7,905,25443,1,
275,105,7,938,25446,1,
275,-1,-1,-999,25446,2,global
17,118,10,998,25463,1,
29,120,9,998,25487,1,
271,397,12,993,25523,1,
135,25,2,1005,25544,1,
135,582,6,998,25544,1,
228,77,1,895,25563,1,
228,103,9,976,25563,1,
23,350,6,993,25580,1,
299,51,7,905,25581,1,
299,51,5,1026,25581,1,
192,864,12,770,25609,1,
192,7,3,1025,25609,1,
192,7,5,998,25609,1,
340,137,8,998,25623,1,
340,-1,-1,-999,25623,2,global
72,61,7,998,25636,1,
72,-1,-1,-999,25636,2,global
5,144,4,1029,25637,1,
128,3,2,993,25656,1,
6,294,5,931,25676,1,
235,168,3,453,25681,1,
313,10,7,905,25689,1,
210,164,8,976,25704,1,
210,-1,-1,-999,25704,2,global
116,308,7,895,25743,1,
133,41,2,453,25748,1,
234,78,8,945,25777,1,
234,-1,-1,-999,25777,2,global
349,31,5,931,25778,1,
22,434,6,895,25793,1,
288,1636,6,1023,25807,1,
168,1166,6,895,25820,1,
187,491,6,895,25831,1,
276,171,8,960,25887,1,
343,138,4,984,25889,1,
105,368,6,986,25897,1,
143,586,4,998,25906,1,
143,-1,-1,-999,25906,2,global
24,86,8,960,25907,1,
298,51,5,1026,25935,1,
298,-1,-1,-999,25935,2,global
364,14,4,931,25939,1,
364,-1,-1,-999,25939,2,global
129,249,5,1032,25953,1,
129,3,8,1042,25953,1,
178,315,7,960,25967,1,
161,43,3,925,25978,1,
330,55,2,984,25985,1,
314,84,7,1047,26014,1,
64,37,5,895,26033,1,
1,343,4,960,26053,1,
1,115,8,1042,26053,1,
43,35,6,960,26064,1,
217,77,5,895,26069,1,
217,-1,-1,-999,26069,2,global
70,91,8,1036,26086,1,
344,12,4,1010,26095,1,
135,818,5,673,26106,1,
135,-1,-1,-999,26106,2,global
228,267,3,453,26145,1,
47,356,3,976,26158,1,
303,51,10,1046,26164,1,
303,-1,-1,-999,26164,2,global
376,424,4,901,26171,1,
13,17,12,1046,26182,1,
370,142,1,717,26196,1,
370,231,2,905,26196,1,
169,72,2,1052,26214,1,
331,55,11,1058,26236,1,
35,1047,11,895,26275,1,
294,174,1,992,26280,1,
294,82,6,1058,26280,1,
369,142,5,1016,26285,1,
32,18,9,1019,26308,1,
32,-1,-1,-999,26308,2,global
128,25,6,1058,26323,1,
124,66,10,1019,26324,1,
343,138,12,883,26329,1,
301,51,3,1019,26332,1,
283,8,8,1021,26361,1,
313,84,8,1069,26373,1,
329,11,1,1067,26393,1,
315,53,7,961,26406,1,
295,174,11,1045,26406,1,
214,320,2,453,26413,1,
170,157,5,961,26423,1,
322,280,4,961,26450,1,
339,30,10,1033,26466,1,
77,547,5,1033,26477,1,
263,671,6,1021,26481,1,
263,-1,-1,-999,26482,2,global
296,174,7,1011,26482,1,
248,1238,2,960,26503,1,
174,158,6,1021,26530,1,
160,71,1,1052,26537,1,
86,21,3,877,26537,1,
86,2,7,877,26537,1,
86,92,9,877,26537,1,
133,67,7,877,26557,1,
133,4,6,877,26557,1,
111,24,6,1021,26560,1,
111,-1,-1,-999,26560,2,global
314,84,9,1053,26579,1,
168,376,4,877,26592,1,
168,203,8,1017,26592,1,
168,604,8,638,26592,1,
168,72,6,638,26592,1,
168,-1,-1,-999,26592,2,global
204,75,9,1053,26602,1,
224,129,4,1053,26611,1,
256,81,9,978,26623,1,
109,1110,8,399,26642,1,
109,154,4,399,26642,1,
198,499,5,1074,26647,1,
205,75,4,1074,26657,1,
52,189,2,399,26661,1,
52,1,10,1076,26661,1,
206,75,8,1075,26674,1,
302,51,7,827,26708,1,
302,8,12,994,26708,1,
108,245,6,994,26725,1,
108,39,5,994,26725,1,
108,-1,-1,-999,26725,2,global
45,148,4,877,26740,1,
45,35,8,1017,26740,1,
45,445,9,638,26740,1,
5,144,8,978,26741,1,
5,15,2,994,26741,1,
38,34,12,991,26760,1,
38,-1,-1,-999,26760,2,global
365,14,4,399,26776,1,
365,14,6,827,26776,1,
365,-1,-1,-999,26776,2,global
316,53,7,818,26780,1,
316,53,10,638,26780,1,
316,714,4,638,26780,1,
316,109,6,1031,26780,1,
15,0,2,1075,26787,1,
15,1029,8,1043,26787,1,
304,136,6,1034,26809,1,
304,136,7,1043,26809,1,
343,30,1,1033,26809,1,
343,138,10,1017,26809,1,
343,12,10,638,26809,1,
184,617,12,877,26828,1,
184,-1,-1,-999,26829,2,global
107,39,1,994,26850,1,
107,245,8,991,26850,1,
163,376,3,877,26853,1,
163,599,8,1031,26853,1,
163,100,6,956,26853,1,
87,2,8,1017,26886,1,
87,21,2,1017,26886,1,
87,21,6,487,26886,1,
87,63,8,818,26886,1,
151,70,8,827,26903,1,
329,1313,10,1033,26905,1,
329,11,2,1017,26905,1,
329,-1,-1,-999,26905,2,global
150,27,6,1043,26907,1,
150,27,8,1014,26907,1,
344,138,3,818,26924,1,
344,12,10,956,26924,1,
18,0,3,1075,26936,1,
18,432,6,1014,26936,1,
230,268,11,956,26942,1,
148,42,8,1044,26959,1,
148,69,8,1001,26959,1,
152,1151,4,877,26959,1,
152,42,7,877,26959,1,
22,58,8,638,26976,1,
22,17,2,487,26976,1,
174,610,6,1051,26998,1,
174,610,12,399,26998,1,
174,158,8,991,26998,1,
174,-1,-1,-999,26998,2,global
265,28,5,1001,27008,1,
265,1619,6,1001,27008,1,
261,7,8,1084,27030,1,
261,218,6,1084,27030,1,
44,444,5,1043,27045,1,
44,1,4,1043,27045,1,
232,645,8,827,27046,1,
232,-1,-1,-999,27046,2,global
301,705,8,827,27060,1,
79,549,8,1001,27061,1,
314,962,10,1074,27078,1,
314,-1,-1,-999,27078,2,global
33,18,8,1083,27084,1,
149,69,6,1084,27089,1,
23,86,7,827,27109,1,
189,381,10,487,27114,1,
340,729,8,994,27123,1,
113,3,6,994,27135,1,
165,482,3,399,27150,1,
165,6,6,1090,27150,1,
370,142,6,1014,27155,1,
370,-1,-1,-999,27155,2,global
86,193,3,827,27162,1,
86,360,3,991,27162,1,
291,405,4,1033,27190,1,
291,107,5,877,27190,1,
135,818,6,877,27208,1,
135,25,5,956,27208,1,
92,194,5,1075,27209,1,
339,1323,9,487,27223,1,
131,579,6,399,27227,1,
70,151,8,818,27237,1,
58,540,4,1034,27239,1,
200,1198,4,1017,27261,1,
200,382,4,956,27261,1,
200,-1,-1,-999,27261,2,global
290,404,6,994,27278,1,
320,54,8,1080,27293,1,
320,-1,-1,-999,27293,2,global
136,97,3,1084,27303,1,
41,34,6,1017,27313,1,
41,-1,-1,-999,27313,2,global
207,875,8,487,27327,1,
304,708,7,956,27340,1,
304,-1,-1,-999,27340,2,global
180,73,3,1034,27350,1,
260,668,7,818,27353,1,
18,1377,6,994,27357,1,
0,32,9,1092,27366,1,
128,3,2,1084,27372,1,
259,667,2,1043,27379,1,
147,1503,3,994,27408,1,
147,4,2,991,27408,1,
211,508,5,827,27431,1,
96,21,7,1101,27443,1,
53,89,7,1108,27456,1,
222,166,4,399,27470,1,
222,47,7,1095,27470,1,
158,71,8,1095,27484,1,
54,36,4,1095,27493,1,
85,240,6,638,27496,1,
66,61,6,1095,27504,1,
66,-1,-1,-999,27505,2,global
6,1022,3,1101,27507,1,
155,124,6,1087,27529,1,
97,195,12,1057,27547,1,
241,79,5,818,27556,1,
241,-1,-1,-999,27556,2,global
190,382,4,956,27565,1,
315,53,4,399,27570,1,
202,211,4,638,27601,1,
33,1045,3,1079,27607,1,
75,152,4,877,27611,1,
99,93,9,1022,27613,1,
192,382,1,956,27622,1,
285,172,2,991,27622,1,
37,756,2,638,27634,1,
148,69,2,1033,27651,1,
32,752,2,1087,27666,1,
31,1,9,1116,27669,1,
153,836,2,818,27676,1,
193,208,6,1066,27727,1,
193,28,10,1066,27727,1,
371,114,6,1066,27739,1,
88,64,2,994,27741,1,
86,21,6,1061,27750,1,
364,14,2,827,27756,1,
98,558,4,1066,27759,1,
98,-1,-1,-999,27760,2,global
244,80,2,991,27763,1,
100,558,4,1066,27768,1,
101,22,1,1021,27780,1,
191,101,8,888,27782,1,
154,124,1,1087,27792,1,
110,455,6,1061,27794,1,
110,-1,-1,-999,27794,2,global
107,369,9,1117,27808,1,
96,558,2,1066,27826,1,
96,21,9,841,27826,1,
312,177,5,1111,27834,1,
205,127,1,1087,27844,1,
49,1,4,1061,27870,1,
49,1056,6,671,27870,1,
89,361,11,1121,27875,1,
147,98,5,1113,27880,1,
284,400,4,908,27884,1,
152,254,6,1100,27892,1,
190,622,6,670,27903,1,
313,961,8,671,27904,1,
277,49,5,1100,27914,1,
221,388,10,623,27947,1,
221,-1,-1,-999,27947,2,global
237,898,8,623,27961,1,
237,-1,-1,-999,27961,2,global
30,1,6,623,27980,1,
30,58,6,623,27980,1,
133,4,4,623,27991,1,
133,96,2,623,27991,1,
188,492,8,671,28006,1,
155,43,8,574,28008,1,
155,-1,-1,-999,28008,2,global
211,128,7,1122,28009,1,
211,7,4,1122,28009,1,
192,207,10,1061,28023,1,
192,-1,-1,-999,28023,2,global
183,205,9,574,28023,1,
151,254,6,623,28031,1,
151,27,9,1134,28031,1,
308,411,8,574,28037,1,
308,-1,-1,-999,28037,2,global
33,1,1,1122,28051,1,
33,184,12,988,28051,1,
352,287,8,841,28052,1,
365,113,8,574,28062,1,
254,662,8,1117,28072,1,
336,282,4,888,28093,1,
314,962,10,1132,28122,1,
314,-1,-1,-999,28122,2,global
156,43,12,1089,28141,1,
263,170,3,1061,28143,1,
263,-1,-1,-999,28143,2,global
136,97,3,841,28151,1,
357,112,4,841,28160,1,
149,200,9,1132,28162,1,
370,231,4,841,28169,1,
134,581,6,988,28202,1,
134,312,7,1104,28202,1,
134,-1,-1,-999,28202,2,global
31,1,2,1129,28204,1,
283,132,7,458,28207,1,
283,106,4,1112,28207,1,
283,224,4,1112,28207,1,
283,8,3,239,28207,1,
283,8,8,1112,28207,1,
91,64,9,458,28253,1,
91,21,6,1112,28253,1,
91,38,10,1112,28253,1,
91,153,2,1112,28253,1,
91,2,8,1112,28253,1,
217,77,6,988,28273,1,
217,7,4,1125,28273,1,
217,-1,-1,-999,28273,2,global
226,47,6,574,28274,1,
226,216,8,458,28274,1,
292,950,2,988,28290,1,
292,107,8,988,28290,1,
200,500,2,1034,28296,1,
32,1,3,1125,28306,1,
32,1,7,1137,28306,1,
146,97,7,1112,28320,1,
146,26,7,1112,28320,1,
146,42,10,1112,28320,1,
146,199,10,1094,28320,1,
190,162,5,623,28325,1,
190,862,7,988,28325,1,
334,978,6,1104,28340,1,
334,29,3,1137,28340,1,
334,-1,-1,-999,28340,2,global
128,3,4,1122,28348,1,
157,71,6,1122,28360,1,
49,1056,6,1068,28374,1,
49,-1,-1,-999,28374,2,global
266,170,4,1137,28382,1,
266,-1,-1,-999,28382,2,global
343,419,2,458,28398,1,
343,138,5,239,28398,1,
343,84,12,1094,28398,1,
343,56,5,1094,28398,1,
343,12,6,1094,28398,1,
189,381,8,916,28410,1,
189,-1,-1,-999,28410,2,global
223,1577,2,888,28410,1,
12,16,6,574,28439,1,
12,0,6,239,28439,1,
12,0,6,1112,28439,1,
12,521,5,1094,28439,1,
12,234,4,1094,28439,1,
12,-1,-1,-999,28439,2,global
210,636,8,916,28440,1,
210,-1,-1,-999,28440,2,global
92,194,3,1112,28465,1,
92,241,8,239,28465,1,
92,64,7,239,28465,1,
350,31,8,1073,28471,1,
350,85,4,1073,28471,1,
133,41,8,1073,28485,1,
101,22,3,458,28490,1,
101,22,8,1132,28490,1,
101,122,6,1112,28490,1,
195,264,3,1132,28536,1,
195,626,6,458,28536,1,
195,867,8,1112,28536,1,
195,-1,-1,-999,28536,2,global
218,77,6,1073,28542,1,
218,-1,-1,-999,28542,2,global
365,229,6,1132,28559,1,
365,14,10,1112,28559,1,
365,-1,-1,-999,28559,2,global
129,25,6,1018,28571,1,
102,122,7,1018,28585,1,
219,77,4,1073,28594,1,
219,-1,-1,-999,28594,2,global
259,104,4,1127,28613,1,
259,1249,8,1127,28613,1,
53,1,4,1112,28629,1,
53,89,8,239,28629,1,
335,84,2,916,28656,1,
335,29,6,916,28656,1,
335,-1,-1,-999,28656,2,global
258,104,4,1127,28685,1,
258,333,10,1102,28685,1,
156,1155,12,458,28716,1,
156,70,1,1112,28716,1,
156,-1,-1,-999,28716,2,global
110,95,5,1132,28742,1,
110,801,7,1112,28742,1,
110,-1,-1,-999,28742,2,global
31,439,8,1122,28742,1,
112,95,5,1132,28761,1,
112,457,7,1112,28761,1,
