pod_id,item_id,qty,order_id,processed_time,task_type,trigger,opp_score,trip_start,trip_duration
416,161,3,-70,59,1,,
416,197,6,-58,59,1,,
0,22,5,-100,62,1,,
0,51,10,-41,62,1,,
447,482,10,-92,68,1,,
135,147,8,-89,70,1,,
182,67,9,-86,82,1,,
437,164,10,-89,85,1,,
108,1,2,-65,88,1,,
108,1,4,-95,88,1,,
108,1,5,-74,88,1,,
108,1,9,-41,88,1,,
282,38,10,-72,96,1,,
305,212,8,-91,96,1,,
319,1104,4,-82,103,1,,
423,418,12,-100,105,1,,
479,1084,6,-76,112,1,,
384,1172,8,-97,124,1,,
408,68,4,-98,131,1,,
409,84,5,-100,131,1,,
409,84,8,-80,131,1,,
409,84,7,-41,131,1,,
284,2,6,-37,136,1,,
284,27,8,-85,136,1,,
284,20,5,-91,136,1,,
284,20,12,-58,136,1,,
128,45,2,-76,151,1,,
410,84,1,-41,152,1,,
410,92,8,-78,152,1,,
410,87,7,-30,152,1,,
283,2,2,-21,162,1,,
283,2,3,-70,162,1,,
283,2,4,-89,162,1,,
283,2,8,-96,162,1,,
283,2,3,-37,162,1,,
420,303,1,-94,164,1,,
383,17,8,-100,169,1,,
383,34,5,-74,169,1,,
464,812,6,-89,171,1,,
99,47,2,-85,180,1,,
99,1254,4,-58,180,1,,
395,600,8,-65,181,1,,
391,309,5,-58,189,1,,
320,0,7,-74,192,1,,
261,327,10,-65,205,1,,
417,219,2,-89,207,1,,
251,163,6,-74,215,1,,
446,454,5,-70,219,1,,
401,2866,3,-37,225,1,,
461,760,6,-65,230,1,,
457,3110,3,-89,231,1,,
363,194,6,-74,242,1,,
407,40,6,-6,243,1,,
419,263,8,-63,262,1,,
385,21,7,-63,284,1,,
385,53,8,-63,284,1,,
95,1227,2,-85,286,1,,
175,1692,2,-60,288,1,,
164,1627,3,-45,294,1,,
118,1371,2,-85,298,1,,
470,919,4,-74,306,1,,
443,380,3,-45,318,1,,
411,98,8,-22,325,1,,
418,239,6,-60,327,1,,
360,49,3,-30,343,1,,
360,60,10,-88,343,1,,
402,823,4,-93,349,1,,
408,56,8,-53,350,1,,
408,40,9,-45,350,1,,
440,295,5,-41,350,1,,
358,997,10,-14,365,1,,
384,42,12,-71,366,1,,
459,711,8,-90,373,1,,
472,939,6,-71,376,1,,
412,105,8,-88,380,1,,
412,111,3,-88,380,1,,
241,2054,4,-88,387,1,,
76,129,6,-90,388,1,,
386,72,12,-79,392,1,,
398,731,3,-22,402,1,,
444,394,5,-50,421,1,,
431,891,3,-14,430,1,,
0,46,4,-48,434,1,,
403,964,2,-65,448,1,,
464,807,5,-8,453,1,,
464,815,6,-93,453,1,,
174,1686,2,-65,458,1,,
50,88,6,-50,462,1,,
383,42,10,-25,467,1,,
85,8,6,-50,471,1,,
387,127,8,-25,482,1,,
419,235,8,-45,501,1,,
419,289,6,-42,501,1,,
446,443,8,-20,502,1,,
128,1,1,-41,505,1,,
1,51,6,11,512,1,,
162,14,8,-25,513,1,,
229,95,6,-62,518,1,,
264,103,8,-79,524,1,,
51,88,6,15,526,1,,
389,242,7,-25,535,1,,
199,149,8,-62,540,1,,
361,12,5,-62,548,1,,
382,18,11,-38,550,1,,
265,496,11,-34,565,1,,
52,4,8,-5,576,1,,
395,639,10,-34,580,1,,
192,191,8,-36,590,1,,
385,53,10,20,593,1,,
100,1263,6,-38,606,1,,
100,1260,3,23,606,1,,
411,101,12,-62,607,1,,
2,28,8,-5,621,1,,
440,299,10,-44,633,1,,
440,282,10,-62,633,1,,
430,852,3,-36,639,1,,
443,365,6,-42,642,1,,
53,88,9,-15,646,1,,
179,160,6,24,648,1,,
305,346,1,-31,651,1,,
425,550,7,-25,652,1,,
306,256,10,-33,667,1,,
84,58,8,16,670,1,,
84,270,10,27,670,1,,
424,511,8,-10,674,1,,
485,1163,6,-15,679,1,,
359,11,10,-11,681,1,,
109,1318,7,27,690,1,,
360,12,6,16,699,1,,
358,12,5,12,707,1,,
369,452,7,-28,718,1,,
441,323,8,4,729,1,,
452,574,5,-38,738,1,,
342,310,9,-54,742,1,,
464,820,8,-74,742,1,,
384,17,4,23,745,1,,
449,516,4,23,756,1,,
337,6,8,-11,759,1,,
426,571,3,-77,761,1,,
288,211,4,-77,770,1,,
313,2442,2,-11,785,1,,
412,112,1,-11,788,1,,
0,22,6,4,790,1,,
238,2040,2,20,796,1,,
229,1994,3,-31,797,1,,
307,393,8,-9,809,1,,
338,100,11,0,812,1,,
382,18,3,-3,815,1,,
437,164,2,-11,819,1,,
76,129,6,-28,821,1,,
105,1290,4,-3,841,1,,
366,338,5,-54,853,1,,
289,27,5,6,853,1,,
427,584,11,-57,871,1,,
453,586,3,39,877,1,,
339,6,12,-83,882,1,,
50,4,7,37,901,1,,
93,13,7,39,909,1,,
448,492,3,12,909,1,,
319,0,5,-83,920,1,,
444,390,5,-46,927,1,,
442,349,10,1,928,1,,
40,5,4,-83,929,1,,
176,1694,2,-28,935,1,,
422,2958,2,8,936,1,,
193,1786,2,27,942,1,,
224,240,4,-46,945,1,,
441,325,6,-10,962,1,,
256,411,4,10,969,1,,
421,358,10,-18,976,1,,
261,2167,2,39,988,1,,
187,1753,8,-43,988,1,,
454,612,3,-43,993,1,,
320,0,7,33,995,1,,
225,271,1,-52,1001,1,,
449,516,5,-29,1010,1,,
449,513,7,1,1010,1,,
290,77,6,-43,1019,1,,
130,1437,2,-43,1024,1,,
321,61,5,-49,1035,1,,
129,1428,4,-49,1042,1,,
456,654,1,-49,1049,1,,
439,261,2,12,1054,1,,
192,166,7,48,1057,1,,
437,186,2,22,1059,1,,
437,179,5,-75,1059,1,,
437,180,10,-3,1059,1,,
131,45,7,44,1064,1,,
440,290,6,44,1074,1,,
453,593,6,-46,1079,1,,
128,115,6,29,1084,1,,
132,1,10,31,1088,1,,
221,1945,3,29,1091,1,,
363,2704,3,29,1097,1,,
313,613,9,44,1101,1,,
162,10,8,31,1112,1,,
229,118,7,21,1130,1,,
39,44,2,21,1134,1,,
312,483,11,32,1134,1,,
446,445,2,21,1139,1,,
223,83,6,34,1139,1,,
257,233,10,21,1153,1,,
444,388,4,42,1160,1,,
400,782,6,21,1169,1,,
127,1420,8,-73,1180,1,,
38,63,5,52,1197,1,,
189,1768,8,-73,1199,1,,
103,1282,2,52,1206,1,,
362,60,8,-73,1211,1,,
386,168,4,-56,1221,1,,
124,115,8,32,1240,1,,
291,229,3,-39,1242,1,,
291,291,9,-39,1242,1,,
482,1115,10,32,1254,1,,
404,1017,8,36,1266,1,,
364,254,10,-39,1267,1,,
364,220,9,-32,1267,1,,
118,1367,8,-16,1279,1,,
75,62,4,40,1282,1,,
75,44,8,41,1282,1,,
101,1269,4,-32,1283,1,,
101,3,8,-27,1283,1,,
314,480,7,-7,1290,1,,
298,759,12,-39,1300,1,,
163,10,8,-16,1304,1,,
280,470,10,-27,1314,1,,
264,33,10,50,1319,1,,
129,1430,9,46,1319,1,,
215,286,8,-27,1332,1,,
215,23,6,62,1332,1,,
85,8,8,50,1333,1,,
439,262,6,-67,1339,1,,
439,268,7,44,1339,1,,
434,1065,9,-39,1347,1,,
299,78,6,-16,1351,1,,
415,169,9,41,1356,1,,
353,774,6,-7,1362,1,,
410,96,8,41,1368,1,,
411,96,9,-26,1382,1,,
449,512,8,-73,1384,1,,
440,312,9,31,1386,1,,
440,288,7,36,1386,1,,
412,108,9,3,1395,1,,
168,14,5,47,1407,1,,
168,1649,3,47,1407,1,,
238,2038,1,8,1417,1,,
238,321,6,-73,1417,1,,
413,148,8,3,1419,1,,
414,142,8,17,1437,1,,
414,154,5,17,1437,1,,
452,576,6,46,1442,1,,
367,398,5,32,1451,1,,
431,872,7,-39,1451,1,,
446,442,8,47,1453,1,,
446,441,4,17,1453,1,,
237,2033,4,31,1458,1,,
445,427,7,-39,1462,1,,
224,1966,2,-7,1473,1,,
481,1108,8,-32,1473,1,,
358,11,6,-32,1509,1,,
487,1200,7,-39,1520,1,,
18,28,3,17,1525,1,,
18,1256,8,17,1525,1,,
419,267,4,-39,1527,1,,
443,3049,4,-39,1534,1,,
368,351,11,66,1536,1,,
475,992,1,32,1539,1,,
407,35,4,-32,1541,1,,
162,126,6,17,1541,1,,
162,14,6,-61,1541,1,,
422,399,2,44,1544,1,,
163,1623,4,-27,1547,1,,
43,1275,8,17,1554,1,,
370,591,5,30,1555,1,,
225,286,3,30,1561,1,,
226,25,8,41,1578,1,,
444,394,7,-56,1589,1,,
121,1386,3,-73,1594,1,,
462,776,6,40,1598,1,,
389,250,4,41,1605,1,,
50,4,4,47,1612,1,,
114,1345,5,47,1620,1,,
437,186,4,60,1632,1,,
415,158,3,34,1639,1,,
280,2266,4,47,1639,1,,
391,313,5,60,1641,1,,
442,349,4,60,1648,1,,
338,100,4,47,1654,1,,
384,17,6,74,1657,1,,
200,1827,2,34,1664,1,,
128,89,2,61,1672,1,,
440,305,4,30,1672,1,,
388,198,3,60,1680,1,,
0,46,2,-39,1681,1,,
377,2762,2,-73,1687,1,,
446,446,5,-61,1704,1,,
159,269,4,81,1726,1,,
159,16,10,81,1726,1,,
452,567,4,-26,1728,1,,
445,421,3,68,1732,1,,
385,31,10,73,1734,1,,
463,790,1,48,1742,1,,
383,32,10,57,1749,1,,
100,1261,10,45,1757,1,,
378,2768,4,17,1760,1,,
416,159,6,73,1763,1,,
344,2603,1,81,1767,1,,
443,373,8,17,1774,1,,
443,379,2,-61,1774,1,,
111,1330,10,57,1777,1,,
1,9,9,45,1782,1,,
27,46,5,53,1789,1,,
27,1969,3,53,1789,1,,
40,5,12,89,1793,1,,
282,36,8,89,1805,1,,
139,50,9,45,1818,1,,
390,247,9,85,1818,1,,
475,999,8,-61,1830,1,,
196,1807,2,73,1839,1,,
411,2909,2,-61,1841,1,,
411,111,6,89,1841,1,,
256,279,3,57,1844,1,,
138,1483,3,41,1851,1,,
386,80,5,74,1854,1,,
438,227,6,53,1863,1,,
359,2687,2,73,1868,1,,
417,219,2,17,1872,1,,
419,272,2,47,1890,1,,
135,147,6,-12,1891,1,,
395,2842,2,60,1893,1,,
2,28,12,71,1907,1,,
418,215,5,26,1912,1,,
76,129,6,69,1917,1,,
84,270,7,71,1944,1,,
84,24,6,75,1944,1,,
84,7,8,75,1944,1,,
384,21,7,53,1949,1,,
471,928,2,60,1960,1,,
264,90,4,71,1961,1,,
264,162,8,71,1961,1,,
432,2999,2,85,1967,1,,
446,433,6,31,1969,1,,
357,2677,1,73,1977,1,,
364,322,4,71,1983,1,,
364,121,11,93,1983,1,,
90,3207,2,57,2002,1,,
445,423,6,41,2005,1,,
445,428,11,-61,2005,1,,
44,1298,5,71,2005,1,,
44,46,10,93,2005,1,,
462,3129,2,35,2010,1,,
229,123,2,89,2019,1,,
208,1865,1,17,2022,1,,
348,589,2,93,2024,1,,
348,678,10,5,2024,1,,
311,2428,2,-84,2032,1,,
242,163,2,47,2041,1,,
75,62,6,93,2044,1,,
75,7,7,49,2044,1,,
437,1142,6,93,2062,1,,
437,179,6,93,2062,1,,
199,149,5,-59,2069,1,,
475,989,6,80,2077,1,,
475,993,6,60,2077,1,,
172,1675,2,45,2079,1,,
172,10,8,93,2079,1,,
241,318,7,-59,2080,1,,
389,2814,3,-12,2095,1,,
389,188,7,93,2095,1,,
352,713,5,13,2101,1,,
338,85,5,-19,2102,1,,
0,41,4,93,2110,1,,
0,41,5,5,2110,1,,
438,248,8,18,2126,1,,
438,206,10,-84,2126,1,,
413,137,10,93,2127,1,,
186,1747,4,-40,2134,1,,
251,59,6,13,2137,1,,
472,954,10,49,2143,1,,
290,381,6,-40,2143,1,,
128,1,4,13,2148,1,,
386,80,2,75,2161,1,,
386,72,7,49,2161,1,,
158,151,6,92,2189,1,,
454,608,3,96,2194,1,,
184,1738,3,-40,2200,1,,
387,94,2,13,2205,1,,
470,921,9,75,2205,1,,
182,67,10,92,2214,1,,
371,650,9,5,2219,1,,
417,226,11,104,2220,1,,
289,229,7,96,2225,1,,
388,168,10,112,2247,1,,
388,94,11,104,2247,1,,
455,630,3,96,2249,1,,
264,183,6,5,2260,1,,
264,296,2,49,2260,1,,
306,361,10,104,2261,1,,
420,285,3,112,2277,1,,
420,300,8,104,2277,1,,
358,49,4,71,2283,1,,
358,12,3,75,2283,1,,
418,222,4,-87,2291,1,,
418,225,6,106,2291,1,,
445,426,8,49,2294,1,,
443,371,8,5,2306,1,,
162,10,4,98,2306,1,,
120,89,8,-23,2307,1,,
120,1,3,118,2307,1,,
451,559,10,-23,2321,1,,
180,166,10,120,2330,1,,
180,126,8,120,2330,1,,
312,545,6,5,2331,1,,
446,443,10,112,2335,1,,
474,3178,2,75,2341,1,,
474,981,4,-13,2341,1,,
348,680,6,49,2350,1,,
467,866,10,104,2355,1,,
285,211,1,120,2356,1,,
285,27,10,87,2356,1,,
419,267,8,120,2367,1,,
477,1048,6,93,2375,1,,
423,505,7,87,2378,1,,
188,184,9,104,2383,1,,
482,1115,6,87,2387,1,,
481,1107,6,49,2392,1,,
139,43,4,120,2394,1,,
424,444,6,88,2404,1,,
386,72,1,-23,2411,1,,
386,168,8,119,2411,1,,
343,334,5,71,2431,1,,
438,190,8,-19,2436,1,,
438,238,6,-40,2436,1,,
438,216,11,-40,2436,1,,
372,723,6,-13,2446,1,,
282,2,8,-23,2449,1,,
452,578,5,-23,2457,1,,
395,639,4,49,2459,1,,
397,669,4,120,2465,1,,
435,1124,6,104,2466,1,,
413,145,4,-24,2472,1,,
359,11,6,-23,2475,1,,
0,22,4,-23,2482,1,,
172,1674,4,95,2491,1,,
385,72,3,-23,2492,1,,
455,631,7,98,2499,1,,
448,495,4,75,2499,1,,
407,48,3,71,2505,1,,
50,4,4,112,2508,1,,
408,56,7,105,2519,1,,
263,2178,2,-24,2522,1,,
48,1368,3,-13,2525,1,,
295,2342,3,-23,2544,1,,
444,401,3,93,2552,1,,
392,367,2,120,2568,1,,
443,386,10,106,2577,1,,
125,1408,2,88,2579,1,,
224,301,2,87,2583,1,,
479,1082,3,49,2584,1,,
451,554,3,-17,2586,1,,
451,3083,2,38,2586,1,,
454,624,2,91,2587,1,,
384,32,2,49,2600,1,,
383,32,8,109,2602,1,,
477,1039,7,-24,2610,1,,
411,2910,2,-12,2610,1,,
468,873,4,109,2626,1,,
409,87,3,-23,2632,1,,
214,301,6,110,2633,1,,
85,8,1,-13,2646,1,,
423,477,11,-24,2649,1,,
467,856,2,-12,2651,1,,
226,1980,2,104,2653,1,,
264,90,4,110,2656,1,,
391,313,6,99,2665,1,,
428,758,2,109,2677,1,,
415,2927,2,104,2684,1,,
362,172,1,95,2686,1,,
360,1037,10,138,2702,1,,
412,101,6,127,2711,1,,
393,415,6,-35,2717,1,,
427,627,4,136,2717,1,,
372,2743,3,-23,2726,1,,
476,1018,7,-35,2734,1,,
382,18,6,111,2735,1,,
444,397,2,-87,2740,1,,
82,2887,3,-66,2741,1,,
0,2520,1,107,2744,1,,
426,584,2,111,2751,1,,
441,328,8,58,2753,1,,
326,530,7,86,2759,1,,
383,18,3,111,2767,1,,
440,305,11,117,2769,1,,
479,1072,7,84,2770,1,,
448,494,4,-87,2774,1,,
215,339,10,117,2782,1,,
40,29,8,117,2794,1,,
449,513,6,58,2806,1,,
449,3078,2,117,2806,1,,
413,114,10,134,2807,1,,
327,609,5,7,2816,1,,
290,291,5,134,2830,1,,
261,327,7,102,2830,1,,
411,106,8,107,2850,1,,
411,105,6,86,2850,1,,
392,462,7,58,2852,1,,
437,174,6,129,2853,1,,
328,609,3,134,2856,1,,
384,17,10,129,2867,1,,
54,88,9,124,2870,1,,
54,1611,3,124,2870,1,,
322,0,10,79,2882,1,,
322,389,8,79,2882,1,,
414,150,7,102,2884,1,,
468,875,5,-55,2891,1,,
468,875,7,59,2891,1,,
430,852,12,67,2899,1,,
371,670,10,-81,2905,1,,
319,899,10,128,2913,1,,
409,92,6,102,2914,1,,
425,555,9,113,2918,1,,
362,121,6,124,2929,1,,
94,58,4,-81,2932,1,,
94,1219,6,113,2932,1,,
207,1863,3,67,2935,1,,
207,149,6,79,2935,1,,
412,106,5,124,2941,1,,
179,294,8,151,2944,1,,
385,55,4,102,2950,1,,
86,8,8,151,2956,1,,
234,131,4,153,2969,1,,
205,1852,2,79,2973,1,,
205,144,11,140,2973,1,,
241,318,4,124,2976,1,,
288,77,8,67,3005,1,,
87,8,8,142,3005,1,,
87,62,8,142,3005,1,,
431,893,4,103,3018,1,,
398,747,10,142,3019,1,,
442,363,6,79,3023,1,,
386,53,8,142,3031,1,,
449,3075,4,64,3037,1,,
388,188,6,142,3052,1,,
440,311,7,134,3055,1,,
476,1023,2,-66,3056,1,,
200,185,8,149,3067,1,,
387,171,8,161,3075,1,,
299,2362,3,124,3078,1,,
185,1743,2,79,3081,1,,
185,67,8,143,3081,1,,
448,499,3,-24,3090,1,,
106,1295,6,149,3090,1,,
312,483,9,-47,3092,1,,
169,1657,3,67,3096,1,,
315,2451,3,67,3105,1,,
414,155,2,103,3110,1,,
437,164,8,-81,3113,1,,
437,-1,-1,-999,3113,2,v14_piggyback,4.0,3113,0
325,448,6,-47,3122,1,,
180,166,6,165,3125,1,,
462,769,2,102,3129,1,,
423,505,8,159,3134,1,,
384,53,2,79,3150,1,,
332,894,6,142,3153,1,,
377,991,7,-64,3163,1,,
181,166,11,155,3165,1,,
319,2471,4,102,3169,1,,
383,18,6,159,3180,1,,
234,2021,2,70,3191,1,,
289,2,4,155,3194,1,,
240,2049,2,67,3208,1,,
94,1222,8,-47,3209,1,,
298,15,5,54,3217,1,,
273,243,6,159,3225,1,,
320,0,6,97,3227,1,,
228,1988,3,97,3233,1,,
467,866,7,159,3235,1,,
201,149,10,141,3251,1,,
479,3201,2,97,3254,1,,
350,651,10,141,3265,1,,
486,1181,8,-4,3279,1,,
442,353,10,143,3280,1,,
386,94,8,152,3280,1,,
386,127,10,159,3280,1,,
471,937,7,139,3290,1,,
300,15,8,-4,3291,1,,
422,407,10,126,3297,1,,
440,305,5,102,3299,1,,
440,-1,-1,-999,3299,2,v14_piggyback,5.0,3299,0
352,676,9,139,3303,1,,
385,31,5,141,3312,1,,
183,67,8,126,3316,1,,
288,77,4,141,3335,1,,
288,36,4,19,3335,1,,
382,17,7,126,3339,1,,
285,2291,2,-2,3346,1,,
251,430,6,-47,3349,1,,
321,804,2,172,3359,1,,
473,959,6,159,3360,1,,
444,405,3,141,3367,1,,
444,391,8,19,3367,1,,
363,194,6,142,3369,1,,
128,1,5,159,3377,1,,
410,93,8,19,3385,1,,
313,483,5,177,3397,1,,
409,92,10,-68,3399,1,,
462,779,4,116,3404,1,,
225,23,5,-68,3415,1,,
225,25,7,174,3415,1,,
306,408,4,-64,3420,1,,
163,1619,4,126,3427,1,,
427,2978,4,-64,3435,1,,
384,18,4,-68,3445,1,,
384,42,7,174,3445,1,,
450,539,6,2,3447,1,,
322,61,6,177,3457,1,,
283,20,10,174,3465,1,,
289,27,8,2,3468,1,,
406,1117,8,2,3480,1,,
320,213,6,2,3490,1,,
457,665,4,159,3501,1,,
460,738,12,55,3506,1,,
124,1403,3,2,3511,1,,
419,272,3,141,3517,1,,
419,252,4,-68,3517,1,,
358,979,4,2,3524,1,,
342,310,9,174,3530,1,,
421,341,12,130,3532,1,,
471,937,7,19,3540,1,,
437,164,4,-81,3543,1,,
486,1180,12,132,3548,1,,
486,1184,6,-2,3548,1,,
324,0,3,159,3551,1,,
95,1226,8,174,3552,1,,
441,328,4,142,3558,1,,
474,971,4,-47,3565,1,,
323,91,5,-1,3568,1,,
323,0,10,-1,3568,1,,
442,348,6,19,3573,1,,
454,611,2,-64,3578,1,,
216,1915,3,126,3604,1,,
199,223,4,-68,3621,1,,
112,1336,4,174,3628,1,,
480,1091,5,-68,3636,1,,
444,405,5,173,3644,1,,
290,2316,4,-1,3648,1,,
290,128,9,-1,3648,1,,
404,994,9,137,3661,1,,
179,1711,1,51,3669,1,,
174,1684,4,137,3670,1,,
174,65,2,189,3670,1,,
438,249,1,126,3673,1,,
328,649,2,159,3678,1,,
440,282,8,157,3681,1,,
398,2852,3,157,3687,1,,
200,260,4,-1,3691,1,,
200,228,11,137,3691,1,,
284,2,3,55,3694,1,,
459,708,9,122,3707,1,,
0,9,12,189,3710,1,,
18,1253,8,122,3721,1,,
424,519,6,137,3721,1,,
245,2079,3,19,3726,1,,
109,13,8,-1,3742,1,,
109,1,6,189,3742,1,,
419,289,8,197,3748,1,,
232,2010,6,189,3754,1,,
150,1547,9,150,3761,1,,
1,37,5,162,3764,1,,
244,2069,2,150,3766,1,,
2,41,9,170,3779,1,,
395,556,3,-1,3787,1,,
285,2,7,204,3796,1,,
408,68,8,158,3807,1,,
241,318,7,197,3817,1,,
420,263,8,158,3829,1,,
471,933,10,122,3835,1,,
384,18,2,55,3840,1,,
454,612,4,163,3848,1,,
454,615,10,150,3848,1,,
180,160,7,158,3858,1,,
474,983,9,122,3858,1,,
437,179,12,-1,3867,1,,
3,41,6,158,3867,1,,
386,53,5,204,3869,1,,
423,418,2,192,3871,1,,
446,443,2,-1,3876,1,,
446,-1,-1,-999,3876,2,v14_piggyback,2.0,3876,0
224,240,5,169,3877,1,,
141,43,1,174,3886,1,,
141,1500,3,-69,3886,1,,
421,303,8,125,3886,1,,
421,341,4,25,3886,1,,
441,315,8,-1,3896,1,,
441,3038,2,-1,3896,1,,
134,130,6,196,3899,1,,
388,199,6,169,3904,1,,
388,132,7,169,3904,1,,
410,84,2,174,3916,1,,
275,2243,1,137,3924,1,,
440,305,2,102,3930,1,,
353,746,4,210,3945,1,,
442,353,1,-4,3947,1,,
409,86,6,210,3955,1,,
407,56,6,25,3979,1,,
396,603,5,144,3983,1,,
459,718,6,-69,3984,1,,
0,9,4,25,3986,1,,
422,399,6,206,3992,1,,
456,654,8,131,3998,1,,
273,297,6,154,4001,1,,
383,42,3,196,4007,1,,
383,34,3,196,4007,1,,
448,491,5,25,4015,1,,
50,4,4,154,4017,1,,
225,83,12,223,4019,1,,
419,283,4,131,4022,1,,
354,746,4,146,4026,1,,
241,2055,2,139,4035,1,,
362,2699,2,158,4036,1,,
362,121,8,115,4036,1,,
384,2792,2,223,4041,1,,
462,765,4,154,4043,1,,
139,43,6,115,4046,1,,
1,37,8,115,4068,1,,
51,88,4,200,4076,1,,
226,214,2,144,4083,1,,
274,275,6,115,4087,1,,
355,2664,4,191,4094,1,,
437,179,6,115,4110,1,,
437,-1,-1,-999,4110,2,v14_piggyback,5.0,4110,0
328,649,4,224,4111,1,,
403,976,2,223,4114,1,,
128,141,2,219,4118,1,,
129,115,2,191,4137,1,,
129,1,4,220,4137,1,,
361,69,6,212,4149,1,,
420,252,9,228,4155,1,,
408,56,5,226,4157,1,,
138,1482,4,220,4166,1,,
363,69,10,178,4169,1,,
130,1,12,203,4184,1,,
41,5,8,228,4189,1,,
256,306,4,115,4195,1,,
467,869,9,215,4199,1,,
467,860,2,215,4199,1,,
395,603,11,178,4207,1,,
438,249,12,175,4215,1,,
358,49,10,203,4218,1,,
240,2051,2,228,4222,1,,
240,95,7,178,4222,1,,
410,76,5,226,4223,1,,
131,39,3,131,4236,1,,
131,116,6,175,4236,1,,
440,288,8,224,4236,1,,
413,145,12,186,4236,1,,
360,60,6,202,4248,1,,
412,133,9,166,4249,1,,
409,79,12,156,4252,1,,
365,121,10,186,4263,1,,
370,537,9,175,4267,1,,
102,8,2,235,4274,1,,
102,1273,7,121,4274,1,,
456,657,10,115,4281,1,,
446,443,3,-1,4282,1,,
439,265,8,203,4315,1,,
86,8,11,207,4319,1,,
419,272,4,121,4329,1,,
362,60,10,175,4332,1,,
482,1116,8,215,4333,1,,
386,127,8,156,4344,1,,
458,684,8,203,4345,1,,
378,1041,7,156,4354,1,,
384,32,6,215,4354,1,,
257,259,6,156,4363,1,,
485,1168,6,186,4364,1,,
303,2385,4,121,4364,1,,
427,696,4,121,4371,1,,
375,932,3,202,4378,1,,
359,49,6,186,4382,1,,
364,172,6,243,4390,1,,
242,59,6,186,4391,1,,
209,1877,2,121,4395,1,,
407,56,5,203,4401,1,,
156,1582,9,231,4409,1,,
390,236,2,175,4410,1,,
390,266,2,175,4410,1,,
298,15,5,215,4427,1,,
93,13,8,231,4431,1,,
93,24,8,227,4431,1,,
199,149,4,196,4441,1,,
366,194,9,247,4451,1,,
385,34,2,131,4453,1,,
130,1435,8,245,4465,1,,
438,227,8,156,4485,1,,
410,86,4,191,4486,1,,
410,79,4,215,4486,1,,
216,1915,2,176,4496,1,,
440,311,6,245,4499,1,,
440,311,8,235,4499,1,,
440,292,2,245,4499,1,,
439,273,8,241,4507,1,,
437,179,2,115,4513,1,,
437,174,8,175,4513,1,,
470,3162,2,175,4517,1,,
139,50,7,247,4518,1,,
305,256,6,227,4519,1,,
305,124,9,240,4519,1,,
424,2965,1,175,4524,1,,
306,212,5,215,4530,1,,
395,619,8,240,4531,1,,
487,1200,4,215,4537,1,,
358,11,7,245,4541,1,,
448,495,4,231,4548,1,,
459,3116,4,219,4558,1,,
389,245,6,199,4560,1,,
446,438,10,121,4562,1,,
332,792,5,203,4566,1,,
59,7,5,240,4574,1,,
59,5,3,240,4574,1,,
256,2135,2,247,4595,1,,
409,79,4,227,4611,1,,
205,1852,3,186,4611,1,,
0,37,4,246,4611,1,,
312,480,3,186,4623,1,,
482,1116,11,240,4626,1,,
482,-1,-1,-999,4626,2,v14_piggyback,3.0,4626,0
434,1033,4,227,4633,1,,
313,652,10,236,4649,1,,
407,56,3,226,4655,1,,
407,-1,-1,-999,4655,2,v14_piggyback,3.0,4655,0
423,493,4,246,4661,1,,
105,1292,8,250,4664,1,,
354,2660,2,220,4668,1,,
466,3145,2,240,4671,1,,
408,1151,10,236,4683,1,,
408,1059,6,236,4683,1,,
433,1000,10,201,4685,1,,
1,9,4,261,4689,1,,
438,238,7,203,4691,1,,
440,314,2,271,4704,1,,
460,726,2,207,4705,1,,
384,31,9,236,4706,1,,
410,84,8,175,4717,1,,
77,58,8,249,4728,1,,
390,264,10,211,4733,1,,
456,655,6,249,4737,1,,
342,2591,2,265,4745,1,,
443,373,10,263,4748,1,,
192,67,2,265,4751,1,,
257,587,10,221,4758,1,,
447,469,8,265,4764,1,,
437,174,5,240,4781,1,,
439,265,8,250,4804,1,,
193,113,8,253,4812,1,,
453,586,8,221,4816,1,,
391,266,8,63,4819,1,,
469,898,4,253,4820,1,,
258,587,7,276,4826,1,,
441,315,5,187,4828,1,,
455,626,10,272,4840,1,,
2,3,4,187,4856,1,,
221,1945,3,256,4862,1,,
449,501,8,263,4865,1,,
425,536,6,221,4882,1,,
321,0,3,256,4883,1,,
52,1472,7,63,4887,1,,
52,3,4,262,4887,1,,
427,683,6,221,4891,1,,
426,571,8,198,4903,1,,
388,198,3,63,4904,1,,
388,199,8,217,4904,1,,
320,91,6,233,4908,1,,
249,163,6,264,4913,1,,
434,1009,12,211,4923,1,,
362,156,6,198,4923,1,,
487,1187,4,271,4947,1,,
460,733,4,14,4949,1,,
409,68,6,263,4949,1,,
409,74,12,63,4949,1,,
440,290,4,252,4963,1,,
420,267,8,262,4975,1,,
420,293,10,182,4975,1,,
353,2652,2,233,4977,1,,
438,190,7,249,4979,1,,
438,-1,-1,-999,4979,2,v14_piggyback,1.0,4979,0
107,1302,10,217,4991,1,,
319,0,12,274,4998,1,,
225,25,6,238,5000,1,,
384,52,6,274,5008,1,,
232,25,7,262,5008,1,,
232,2007,4,214,5008,1,,
343,377,10,182,5025,1,,
242,318,6,238,5029,1,,
447,468,8,187,5033,1,,
288,470,4,274,5040,1,,
459,701,4,249,5045,1,,
437,186,3,187,5046,1,,
473,970,3,198,5051,1,,
408,35,11,63,5063,1,,
408,66,6,262,5063,1,,
408,40,11,217,5063,1,,
445,432,6,283,5068,1,,
443,370,10,182,5079,1,,
455,625,7,264,5081,1,,
341,109,6,217,5094,1,,
341,2587,3,214,5094,1,,
453,582,10,272,5106,1,,
475,1007,10,217,5110,1,,
441,328,6,256,5113,1,,
441,-1,-1,-999,5113,2,v14_piggyback,1.0,5113,0
131,1440,2,272,5120,1,,
10,1917,2,274,5125,1,,
51,4,8,217,5126,1,,
51,9,1,182,5126,1,,
419,272,2,264,5139,1,,
290,229,8,237,5153,1,,
449,515,9,214,5159,1,,
282,2,10,269,5170,1,,
128,1,10,270,5173,1,,
363,2703,2,270,5177,1,,
162,10,7,63,5177,1,,
439,280,8,267,5182,1,,
287,27,7,63,5190,1,,
289,38,10,267,5196,1,,
154,1572,6,214,5202,1,,
264,90,6,214,5213,1,,
468,878,6,297,5219,1,,
409,68,7,265,5223,1,,
440,281,6,217,5229,1,,
406,1129,3,297,5241,1,,
163,10,6,269,5257,1,,
421,329,9,297,5260,1,,
266,33,11,300,5272,1,,
418,235,12,297,5277,1,,
353,746,6,63,5281,1,,
265,90,6,269,5282,1,,
384,53,5,267,5290,1,,
417,215,10,225,5292,1,,
459,3116,4,297,5302,1,,
95,1230,6,63,5306,1,,
0,30,5,263,5314,1,,
420,300,4,267,5318,1,,
362,119,5,211,5322,1,,
24,1608,1,237,5326,1,,
24,3,4,296,5326,1,,
473,970,12,164,5332,1,,
410,87,4,296,5333,1,,
321,0,2,269,5338,1,,
438,216,6,217,5340,1,,
242,2061,4,195,5343,1,,
444,405,5,217,5348,1,,
108,8,6,284,5359,1,,
108,45,6,284,5359,1,,
404,1013,8,284,5371,1,,
248,2090,2,267,5384,1,,
442,353,4,182,5386,1,,
290,2316,2,296,5391,1,,
424,532,3,182,5396,1,,
344,310,9,284,5404,1,,
267,183,3,288,5405,1,,
221,1948,4,182,5406,1,,
460,738,8,284,5416,1,,
460,-1,-1,-999,5416,2,v14_piggyback,3.0,5416,0
445,419,3,214,5421,1,,
458,691,3,236,5426,1,,
449,512,6,278,5446,1,,
87,8,6,278,5461,1,,
468,870,5,269,5469,1,,
295,2341,4,278,5476,1,,
478,1057,3,262,5478,1,,
440,3035,2,274,5487,1,,
440,305,8,283,5487,1,,
403,977,3,302,5488,1,,
454,624,2,237,5492,1,,
320,61,3,266,5494,1,,
345,406,4,313,5495,1,,
474,984,2,214,5498,1,,
409,92,4,281,5498,1,,
373,2747,2,123,5500,1,,
419,272,2,214,5510,1,,
425,522,8,289,5528,1,,
459,707,6,289,5538,1,,
418,222,8,193,5542,1,,
418,225,7,123,5542,1,,
283,2283,2,297,5547,1,,
485,1173,6,289,5555,1,,
444,394,8,257,5566,1,,
444,-1,-1,-999,5566,2,v14_piggyback,2.0,5566,0
412,133,2,297,5572,1,,
166,1638,1,284,5592,1,,
411,97,6,323,5594,1,,
442,354,10,266,5597,1,,
410,92,2,281,5598,1,,
267,2199,2,251,5603,1,,
258,2146,2,222,5607,1,,
426,571,8,280,5609,1,,
22,1550,1,284,5610,1,,
262,327,6,294,5617,1,,
132,117,7,286,5620,1,,
157,65,6,329,5626,1,,
133,1451,7,280,5630,1,,
379,1069,6,294,5637,1,,
163,10,6,312,5640,1,,
286,77,6,330,5649,1,,
404,2876,3,312,5655,1,,
407,35,5,280,5663,1,,
450,523,3,286,5669,1,,
282,27,10,324,5692,1,,
454,624,8,259,5694,1,,
468,873,4,324,5698,1,,
305,333,2,244,5712,1,,
409,70,9,330,5727,1,,
413,114,9,244,5727,1,,
373,2749,2,145,5735,1,,
276,461,7,287,5746,1,,
284,2,6,305,5748,1,,
238,157,6,244,5756,1,,
265,90,12,292,5761,1,,
264,2183,2,209,5765,1,,
443,385,6,287,5767,1,,
343,310,12,336,5773,1,,
377,991,6,209,5778,1,,
307,256,12,287,5786,1,,
326,510,7,292,5788,1,,
371,673,4,292,5795,1,,
416,195,7,292,5806,1,,
283,77,11,336,5807,1,,
415,173,9,258,5818,1,,
455,628,7,292,5829,1,,
292,2328,3,287,5840,1,,
462,779,7,336,5844,1,,
412,108,6,315,5849,1,,
412,108,5,222,5849,1,,
412,105,4,184,5849,1,,
306,408,4,335,5849,1,,
447,476,4,292,5861,1,,
442,354,7,312,5867,1,,
442,364,10,330,5867,1,,
442,-1,-1,-999,5867,2,v14_piggyback,3.0,5867,0
479,1081,8,336,5878,1,,
384,34,4,239,5885,1,,
166,1639,3,77,5890,1,,
441,3038,3,305,5891,1,,
327,510,6,336,5900,1,,
358,11,6,309,5910,1,,
450,523,8,305,5915,1,,
229,321,10,277,5921,1,,
281,2271,2,311,5939,1,,
281,278,9,299,5939,1,,
92,1215,10,114,5945,1,,
249,64,2,287,5946,1,,
411,108,5,222,5946,1,,
338,244,5,279,5956,1,,
322,2486,2,277,5963,1,,
344,424,6,114,5963,1,,
183,67,5,114,5974,1,,
470,906,7,299,5976,1,,
337,6,12,171,5979,1,,
139,1490,3,292,5994,1,,
164,10,4,279,5997,1,,
340,304,4,309,6000,1,,
207,1862,4,299,6006,1,,
51,4,2,309,6007,1,,
413,122,9,309,6019,1,,
416,169,9,277,6028,1,,
339,6,8,318,6031,1,,
0,46,6,318,6041,1,,
286,2297,3,305,6046,1,,
449,504,6,318,6053,1,,
443,380,7,311,6066,1,,
446,436,4,239,6070,1,,
412,2912,4,242,6073,1,,
414,145,7,218,6073,1,,
414,137,2,213,6073,1,,
444,394,3,257,6079,1,,
415,159,9,239,6095,1,,
363,201,2,335,6099,1,,
474,3179,3,290,6103,1,,
273,330,5,213,6106,1,,
206,1858,3,114,6111,1,,
86,347,5,328,6121,1,,
479,1084,2,287,6131,1,,
364,194,2,312,6132,1,,
341,85,10,357,6143,1,,
385,1172,2,114,6148,1,,
157,65,1,330,6154,1,,
52,5,1,218,6157,1,,
52,4,4,213,6157,1,,
193,228,11,337,6161,1,,
465,822,2,239,6166,1,,
145,1520,4,337,6168,1,,
5,51,2,359,6185,1,,
5,2215,2,359,6185,1,,
5,19,7,345,6185,1,,
445,419,4,213,6195,1,,
445,429,2,345,6195,1,,
468,880,4,357,6201,1,,
180,104,9,320,6206,1,,
438,204,7,345,6212,1,,
409,86,3,359,6217,1,,
192,67,10,356,6220,1,,
420,303,2,359,6222,1,,
164,1625,2,260,6225,1,,
447,481,5,320,6233,1,,
256,279,3,320,6239,1,,
158,75,5,355,6253,1,,
413,122,9,213,6261,1,,
159,75,8,273,6270,1,,
442,355,11,239,6274,1,,
416,167,7,322,6281,1,,
415,182,6,282,6283,1,,
50,1427,2,345,6288,1,,
232,2010,11,282,6299,1,,
106,1301,2,340,6303,1,,
134,107,9,282,6316,1,,
365,201,8,273,6319,1,,
389,208,4,340,6323,1,,
384,21,8,282,6335,1,,
0,37,6,208,6344,1,,
414,150,8,359,6350,1,,
136,147,10,347,6354,1,,
392,352,9,208,6365,1,,
194,1790,2,345,6367,1,,
174,1682,2,306,6371,1,,
248,64,11,347,6373,1,,
393,352,8,183,6377,1,,
41,5,5,306,6380,1,,
10,1316,3,183,6382,1,,
179,153,6,303,6391,1,,
179,294,7,255,6391,1,,
181,104,8,375,6398,1,,
398,716,12,255,6408,1,,
225,25,1,213,6420,1,,
343,534,2,318,6427,1,,
399,716,10,216,6431,1,,
209,1874,2,213,6434,1,,
390,247,6,303,6440,1,,
157,1586,4,273,6458,1,,
157,345,9,374,6458,1,,
310,2424,1,359,6465,1,,
400,674,10,248,6472,1,,
391,309,7,377,6473,1,,
438,216,7,342,6480,1,,
385,34,1,255,6482,1,,
385,72,5,248,6482,1,,
465,821,8,108,6494,1,,
465,826,8,208,6494,1,,
478,1050,6,273,6497,1,,
224,23,12,365,6497,1,,
424,422,3,334,6500,1,,
416,169,4,208,6507,1,,
460,724,6,273,6507,1,,
256,279,2,255,6537,1,,
371,723,6,331,6538,1,,
106,1295,4,190,6540,1,,
106,1301,2,234,6540,1,,
470,920,7,365,6548,1,,
417,189,9,321,6553,1,,
415,161,8,255,6557,1,,
172,1670,2,334,6557,1,,
158,65,3,321,6563,1,,
468,878,8,321,6575,1,,
395,556,2,321,6579,1,,
202,1838,2,355,6587,1,,
205,207,4,316,6590,1,,
52,1491,8,321,6591,1,,
145,1522,1,316,6596,1,,
136,1473,4,255,6597,1,,
290,2319,4,254,6614,1,,
487,1187,6,316,6624,1,,
456,642,3,254,6636,1,,
389,250,6,185,6642,1,,
51,4,10,367,6647,1,,
441,315,5,185,6651,1,,
418,219,2,273,6655,1,,
362,172,12,391,6657,1,,
464,813,4,254,6664,1,,
396,621,10,333,6664,1,,
473,962,4,185,6666,1,,
225,301,10,391,6678,1,,
443,3049,3,391,6695,1,,
388,199,6,366,6708,1,,
484,1150,5,333,6710,1,,
298,15,6,366,6718,1,,
273,275,10,275,6720,1,,
157,1585,8,340,6731,1,,
157,345,8,352,6731,1,,
438,206,8,347,6734,1,,
438,190,4,185,6734,1,,
200,185,6,275,6738,1,,
392,316,4,334,6738,1,,
451,554,4,366,6741,1,,
460,739,3,185,6747,1,,
0,51,6,352,6757,1,,
129,1,6,352,6772,1,,
376,895,1,321,6775,1,,
299,26,8,384,6781,1,,
53,4,4,352,6784,1,,
470,911,6,254,6787,1,,
386,171,8,369,6793,1,,
193,1786,4,275,6794,1,,
416,169,5,306,6802,1,,
343,406,4,368,6810,1,,
130,1,8,343,6821,1,,
179,160,10,368,6824,1,,
445,428,4,275,6831,1,,
410,93,7,399,6832,1,,
444,390,8,369,6844,1,,
134,1456,12,368,6848,1,,
20,1291,3,384,6850,1,,
456,647,2,383,6852,1,,
300,78,11,399,6872,1,,
135,130,10,396,6881,1,,
370,2736,2,303,6893,1,,
128,39,8,405,6894,1,,
2,9,10,405,6908,1,,
464,806,3,83,6918,1,,
411,98,5,354,6924,1,,
131,614,4,407,6924,1,,
384,34,5,396,6926,1,,
441,340,4,376,6931,1,,
484,1149,10,180,6951,1,,
484,1152,9,167,6951,1,,
415,178,6,405,6961,1,,
439,253,11,360,6965,1,,
449,509,5,405,6971,1,,
3,9,8,398,6985,1,,
4,9,11,360,6992,1,,
420,293,6,398,6996,1,,
339,85,10,413,6997,1,,
414,155,6,360,7001,1,,
338,136,6,388,7007,1,,
421,303,8,411,7010,1,,
111,1,3,354,7012,1,,
111,1331,4,360,7012,1,,
472,945,8,413,7018,1,,
281,434,4,360,7019,1,,
422,407,8,380,7024,1,,
383,18,6,388,7028,1,,
139,43,1,185,7029,1,,
0,3,7,380,7037,1,,
438,206,10,331,7042,1,,
438,-1,-1,-999,7042,2,v14_piggyback,5.0,7042,0
470,906,7,368,7052,1,,
426,617,2,275,7057,1,,
412,106,9,363,7068,1,,
129,39,9,301,7084,1,,
326,609,8,363,7085,1,,
423,399,8,301,7096,1,,
288,128,4,411,7099,1,,
445,419,5,380,7116,1,,
250,2101,4,380,7123,1,,
273,243,7,307,7125,1,,
273,297,5,307,7125,1,,
226,25,8,406,7134,1,,
340,6,12,350,7136,1,,
410,92,10,307,7139,1,,
410,-1,-1,-999,7139,2,v14_piggyback,7.0,7139,0
304,78,8,301,7152,1,,
304,2393,3,350,7152,1,,
332,894,10,307,7160,1,,
282,38,10,373,7162,1,,
143,1509,6,390,7170,1,,
121,1385,7,230,7173,1,,
198,81,10,295,7180,1,,
1,3,8,390,7181,1,,
419,246,8,406,7185,1,,
341,100,10,295,7194,1,,
249,59,8,406,7196,1,,
5,28,6,230,7206,1,,
441,324,6,360,7208,1,,
264,33,8,350,7231,1,,
449,515,11,380,7239,1,,
449,-1,-1,-999,7239,2,v14_piggyback,3.0,7239,0
366,337,10,350,7256,1,,
439,268,6,358,7263,1,,
439,268,6,363,7263,1,,
439,261,9,410,7263,1,,
439,251,11,307,7263,1,,
439,273,12,390,7263,1,,
439,-1,-1,-999,7263,2,v14_piggyback,8.0,7263,0
411,101,8,295,7268,1,,
256,259,5,307,7270,1,,
214,301,6,410,7280,1,,
456,657,4,390,7287,1,,
338,85,12,421,7291,1,,
409,87,6,373,7292,1,,
444,397,4,411,7299,1,,
420,283,9,390,7301,1,,
457,667,7,301,7302,1,,
470,910,4,373,7306,1,,
442,348,7,295,7315,1,,
284,2,3,307,7321,1,,
407,48,6,295,7326,1,,
422,341,12,232,7336,1,,
464,820,3,230,7342,1,,
480,1095,3,135,7348,1,,
108,1313,6,350,7373,1,,
295,2343,2,390,7378,1,,
436,1073,3,230,7383,1,,
428,758,5,301,7387,1,,
259,2151,2,407,7393,1,,
434,1065,2,410,7397,1,,
224,214,2,135,7402,1,,
143,1510,2,148,7411,1,,
143,1511,4,135,7411,1,,
475,999,1,405,7411,1,,
438,237,6,301,7419,1,,
417,219,4,350,7441,1,,
263,440,4,341,7451,1,,
233,2012,3,350,7458,1,,
421,300,5,426,7462,1,,
421,302,7,72,7462,1,,
345,2614,2,301,7469,1,,
345,334,3,421,7469,1,,
437,164,12,72,7481,1,,
412,101,3,295,7483,1,,
140,1494,3,301,7491,1,,
410,70,6,427,7491,1,,
298,26,6,72,7493,1,,
423,402,5,424,7500,1,,
261,2164,3,72,7500,1,,
440,282,4,424,7507,1,,
273,2233,2,135,7507,1,,
299,26,8,429,7525,1,,
198,1816,2,90,7526,1,,
411,97,6,378,7533,1,,
409,79,4,390,7537,1,,
372,754,1,368,7538,1,,
94,1221,7,378,7544,1,,
447,3069,2,72,7544,1,,
304,2392,2,339,7545,1,,
449,515,1,380,7547,1,,
300,57,4,436,7570,1,,
129,1,6,433,7582,1,,
468,873,2,439,7583,1,,
389,210,6,378,7588,1,,
458,684,9,439,7595,1,,
458,-1,-1,-999,7596,2,v14_piggyback,2.0,7595,1
77,58,8,325,7603,1,,
180,224,7,439,7606,1,,
120,1384,2,436,7609,1,,
427,620,8,439,7618,1,,
122,1392,4,400,7625,1,,
475,1001,11,229,7635,1,,
162,126,8,400,7642,1,,
451,3083,3,433,7652,1,,
105,47,11,434,7656,1,,
105,115,5,434,7656,1,,
154,16,8,417,7664,1,,
439,258,11,135,7670,1,,
181,104,6,402,7673,1,,
181,10,6,402,7673,1,,
479,1079,4,400,7676,1,,
143,1512,7,72,7683,1,,
76,47,7,402,7693,1,,
76,4,3,402,7693,1,,
446,441,6,437,7694,1,,
408,68,4,437,7712,1,,
440,314,4,364,7717,1,,
440,282,6,378,7717,1,,
440,307,7,402,7717,1,,
440,-1,-1,-999,7717,2,v14_piggyback,5.0,7717,0
410,79,3,390,7721,1,,
124,1404,4,415,7723,1,,
124,89,12,415,7723,1,,
285,2,8,348,7729,1,,
407,48,8,387,7737,1,,
450,518,1,363,7743,1,,
444,401,2,348,7757,1,,
159,269,8,415,7761,1,,
159,16,8,412,7761,1,,
452,562,8,348,7778,1,,
238,157,12,415,7783,1,,
78,58,8,348,7790,1,,
449,516,5,135,7796,1,,
188,294,10,415,7804,1,,
188,184,6,415,7804,1,,
288,20,2,416,7808,1,,
94,1221,6,325,7814,1,,
157,65,10,430,7818,1,,
87,8,6,415,7828,1,,
160,269,6,353,7835,1,,
160,1601,4,353,7835,1,,
365,335,6,430,7837,1,,
53,4,10,444,7846,1,,
415,161,2,415,7852,1,,
415,173,8,412,7852,1,,
418,239,8,444,7857,1,,
405,1046,6,353,7867,1,,
127,1420,8,444,7871,1,,
411,102,12,439,7871,1,,
409,70,8,457,7881,1,,
362,119,11,409,7888,1,,
52,4,4,353,7899,1,,
417,232,5,425,7913,1,,
417,232,8,326,7913,1,,
0,46,6,326,7922,1,,
451,546,8,387,7935,1,,
447,457,6,439,7937,1,,
299,15,5,326,7939,1,,
1,22,5,415,7945,1,,
439,253,6,353,7956,1,,
439,251,6,379,7956,1,,
363,121,6,326,7961,1,,
321,0,8,404,7970,1,,
104,129,4,326,7973,1,,
225,25,5,430,7974,1,,
44,1281,4,457,7979,1,,
444,405,10,444,7987,1,,
229,95,2,326,7991,1,,
458,691,8,361,7992,1,,
358,49,4,409,8003,1,,
407,40,10,416,8013,1,,
407,35,6,404,8013,1,,
407,-1,-1,-999,8014,2,v14_piggyback,2.0,8013,1
300,15,8,327,8014,1,,
433,990,4,415,8024,1,,
384,2792,3,430,8035,1,,
59,5,3,379,8039,1,,
59,7,4,379,8039,1,,
59,3,11,461,8039,1,,
474,972,8,327,8051,1,,
320,61,9,449,8054,1,,
143,1510,3,301,8057,1,,
214,1902,3,415,8064,1,,
230,321,8,404,8068,1,,
446,442,7,387,8085,1,,
408,66,3,412,8089,1,,
408,-1,-1,-999,8089,2,v14_piggyback,6.0,8089,0
199,144,4,461,8094,1,,
440,282,2,378,8094,1,,
440,282,10,351,8094,1,,
288,2,2,400,8098,1,,
453,593,7,327,8105,1,,
410,98,3,353,8115,1,,
418,232,8,327,8117,1,,
182,113,7,464,8118,1,,
452,568,6,317,8126,1,,
180,104,5,327,8135,1,,
215,83,10,464,8139,1,,
409,68,6,379,8143,1,,
164,10,9,476,8155,1,,
451,542,8,404,8157,1,,
2,37,3,442,8160,1,,
154,1570,4,464,8163,1,,
150,1551,2,327,8165,1,,
301,2373,2,457,8180,1,,
334,1068,2,379,8187,1,,
290,336,10,474,8197,1,,
76,47,2,327,8204,1,,
181,166,6,344,8209,1,,
321,196,10,344,8223,1,,
134,107,7,474,8234,1,,
432,3001,2,457,8238,1,,
470,912,10,467,8248,1,,
449,501,3,482,8253,1,,
320,61,8,179,8265,1,,
322,196,8,460,8267,1,,
445,419,3,482,8275,1,,
338,244,8,447,8278,1,,
163,345,6,467,8286,1,,
163,14,10,467,8286,1,,
227,23,6,160,8300,1,,
227,23,9,452,8300,1,,
227,1983,2,452,8300,1,,
413,148,11,397,8314,1,,
413,143,10,397,8314,1,,
1,41,10,447,8314,1,,
1,46,8,453,8314,1,,
1,46,10,447,8314,1,,
299,15,10,160,8320,1,,
299,26,3,160,8320,1,,
446,443,7,447,8325,1,,
339,109,5,179,8328,1,,
339,287,4,397,8328,1,,
412,101,10,447,8339,1,,
412,-1,-1,-999,8339,2,v14_piggyback,9.0,8339,0
387,120,2,482,8350,1,,
387,127,1,452,8350,1,,
387,72,8,445,8350,1,,
471,929,7,453,8352,1,,
165,10,12,397,8354,1,,
104,62,6,447,8373,1,,
104,1285,8,319,8373,1,,
452,576,6,179,8377,1,,
452,575,10,179,8377,1,,
431,887,10,452,8378,1,,
273,330,6,453,8384,1,,
410,74,9,482,8403,1,,
410,84,8,160,8403,1,,
453,585,6,419,8405,1,,
453,598,8,472,8405,1,,
265,33,8,452,8417,1,,
440,312,4,412,8424,1,,
440,290,6,430,8424,1,,
59,7,6,319,8425,1,,
59,82,7,486,8425,1,,
2,9,7,467,8436,1,,
393,472,9,349,8440,1,,
323,389,8,452,8452,1,,
409,76,8,467,8452,1,,
409,70,3,397,8452,1,,
409,-1,-1,-999,8452,2,v14_piggyback,2.0,8452,0
441,323,8,349,8454,1,,
109,1,6,452,8464,1,,
386,80,8,397,8466,1,,
442,359,6,474,8478,1,,
264,103,8,403,8478,1,,
228,25,7,467,8491,1,,
198,81,6,160,8494,1,,
282,27,7,486,8498,1,,
321,196,5,397,8504,1,,
300,78,6,445,8506,1,,
455,634,6,160,8522,1,,
322,2484,2,447,8531,1,,
322,196,3,453,8531,1,,
322,0,2,319,8531,1,,
433,1000,4,344,8546,1,,
416,197,5,319,8551,1,,
281,2273,4,179,8556,1,,
414,145,6,447,8567,1,,
361,69,4,397,8569,1,,
459,704,6,452,8571,1,,
446,438,8,319,8585,1,,
289,2313,3,445,8592,1,,
22,1590,4,349,8594,1,,
429,2986,3,179,8595,1,,
407,40,3,460,8600,1,,
421,329,4,319,8608,1,,
420,300,3,452,8608,1,,
360,11,3,458,8614,1,,
360,11,7,431,8614,1,,
471,938,11,349,8625,1,,
410,70,7,397,8627,1,,
51,44,3,478,8642,1,,
51,88,8,493,8642,1,,
430,833,3,443,8648,1,,
415,182,6,477,8654,1,,
431,2997,4,389,8657,1,,
320,2477,3,160,8671,1,,
338,109,3,431,8680,1,,
178,1708,3,403,8681,1,,
444,410,4,478,8696,1,,
339,287,6,499,8704,1,,
170,1661,3,319,8709,1,,
465,822,3,344,8712,1,,
70,2140,3,160,8714,1,,
135,147,2,179,8719,1,,
0,28,4,504,8725,1,,
472,948,2,397,8726,1,,
215,1907,2,344,8733,1,,
103,1280,3,160,8736,1,,
255,2129,2,397,8742,1,,
474,984,2,499,8758,1,,
187,1756,3,447,8764,1,,
466,848,3,160,8768,1,,
298,54,3,486,8770,1,,
256,233,2,160,8781,1,,
385,72,2,319,8782,1,,
193,228,1,467,8785,1,,
198,1814,3,451,8789,1,,
419,246,2,448,8804,1,,
275,2243,2,486,8807,1,,
164,10,4,496,8824,1,,
205,207,6,506,8830,1,,
271,230,10,422,8834,1,,
271,90,2,422,8834,1,,
101,1265,1,447,8837,1,,
312,2432,1,464,8839,1,,
439,274,1,344,8848,1,,
423,422,10,168,8859,1,,
158,147,5,308,8865,1,,
158,192,10,516,8865,1,,
3,41,1,403,8876,1,,
3,9,12,517,8876,1,,
201,81,6,422,8879,1,,
201,1830,4,308,8879,1,,
184,67,12,168,8893,1,,
216,83,6,511,8908,1,,
216,271,8,511,8908,1,,
361,49,2,445,8908,1,,
361,69,9,168,8908,1,,
321,61,4,511,8915,1,,
386,94,8,516,8915,1,,
322,0,8,168,8920,1,,
264,162,9,308,8929,1,,
128,39,11,514,8935,1,,
418,239,6,517,8937,1,,
131,1,5,495,8943,1,,
159,43,2,509,8946,1,,
159,192,6,524,8946,1,,
1,9,5,168,8947,1,,
127,1417,4,511,8950,1,,
414,148,4,160,8954,1,,
273,277,6,308,8955,1,,
422,414,8,524,8967,1,,
202,1834,2,422,8982,1,,
202,184,9,525,8982,1,,
448,492,6,521,8983,1,,
129,39,4,485,8991,1,,
112,1332,2,480,9009,1,,
358,12,4,521,9009,1,,
358,12,8,483,9009,1,,
274,330,8,525,9032,1,,
474,985,8,168,9035,1,,
124,1403,3,480,9036,1,,
124,1,8,480,9036,1,,
398,685,10,501,9046,1,,
313,564,9,454,9049,1,,
371,723,3,454,9055,1,,
421,358,10,501,9060,1,,
460,729,10,512,9069,1,,
360,11,8,268,9080,1,,
415,167,3,168,9086,1,,
439,262,3,496,9098,1,,
439,261,5,483,9098,1,,
463,789,5,422,9106,1,,
231,2004,2,445,9107,1,,
231,25,4,268,9107,1,,
419,239,3,517,9113,1,,
130,141,4,308,9118,1,,
0,3,7,512,9119,1,,
312,2435,3,418,9125,1,,
288,2,2,517,9127,1,,
349,678,5,414,9134,1,,
382,17,7,539,9135,1,,
412,101,6,422,9146,1,,
370,529,11,539,9151,1,,
348,694,5,308,9154,1,,
86,3058,3,496,9160,1,,
38,63,4,422,9173,1,,
306,366,12,408,9173,1,,
264,2183,4,268,9177,1,,
385,42,3,308,9178,1,,
193,1788,1,160,9181,1,,
193,1788,1,268,9181,1,,
413,143,4,516,9185,1,,
305,256,8,481,9203,1,,
414,148,7,521,9205,1,,
233,2012,2,483,9219,1,,
417,215,7,408,9233,1,,
363,200,4,408,9240,1,,
255,2131,2,447,9243,1,,
416,195,7,530,9251,1,,
453,590,2,516,9257,1,,
367,372,6,479,9260,1,,
230,2000,2,525,9262,1,,
439,251,10,454,9286,1,,
439,-1,-1,-999,9286,2,v14_piggyback,3.0,9286,0
128,177,2,481,9290,1,,
166,1638,1,525,9298,1,,
289,38,9,526,9301,1,,
461,3126,2,160,9306,1,,
422,358,1,501,9306,1,,
364,200,4,470,9307,1,,
401,861,2,268,9313,1,,
463,793,4,512,9318,1,,
163,126,8,538,9320,1,,
392,462,1,160,9326,1,,
42,5,8,519,9344,1,,
42,46,3,519,9344,1,,
283,128,11,492,9346,1,,
290,211,12,546,9362,1,,
391,309,2,519,9365,1,,
391,236,9,519,9365,1,,
256,221,9,547,9368,1,,
265,496,9,492,9375,1,,
359,12,8,547,9379,1,,
425,555,6,492,9386,1,,
475,992,8,547,9391,1,,
227,25,7,492,9396,1,,
162,10,1,547,9411,1,,
162,16,6,547,9411,1,,
266,183,8,552,9412,1,,
299,57,11,519,9413,1,,
426,581,12,469,9428,1,,
133,1,6,547,9436,1,,
133,1453,11,490,9436,1,,
365,200,10,519,9440,1,,
52,1472,6,520,9446,1,,
412,101,8,408,9452,1,,
412,-1,-1,-999,9452,2,v14_piggyback,6.0,9452,0
452,3087,4,441,9453,1,,
437,179,10,508,9466,1,,
476,1021,4,547,9473,1,,
366,220,8,508,9478,1,,
343,310,6,522,9480,1,,
189,1766,3,420,9482,1,,
338,109,5,519,9496,1,,
338,6,2,519,9496,1,,
257,488,9,557,9505,1,,
427,683,5,519,9507,1,,
96,1231,6,492,9514,1,,
480,1091,4,519,9521,1,,
332,706,9,555,9524,1,,
267,496,3,513,9533,1,,
267,33,11,559,9533,1,,
428,627,3,459,9543,1,,
228,25,8,513,9545,1,,
197,1810,2,408,9550,1,,
88,8,8,544,9556,1,,
277,2250,3,508,9558,1,,
301,15,10,513,9571,1,,
463,791,8,101,9572,1,,
339,202,11,559,9586,1,,
472,953,2,420,9590,1,,
425,581,8,522,9598,1,,
156,1580,2,408,9598,1,,
388,198,2,441,9603,1,,
77,3,3,513,9612,1,,
77,129,7,559,9612,1,,
403,977,8,557,9622,1,,
340,109,8,537,9623,1,,
436,3016,2,512,9625,1,,
133,1453,9,441,9635,1,,
133,-1,-1,-999,9635,2,v14_piggyback,1.0,9635,0
344,377,10,559,9637,1,,
296,2346,1,481,9641,1,,
484,1153,2,497,9645,1,,
320,196,7,513,9649,1,,
475,1008,8,490,9657,1,,
387,176,11,497,9672,1,,
183,1732,2,508,9676,1,,
476,1028,6,420,9681,1,,
452,573,10,520,9695,1,,
437,180,6,494,9710,1,,
437,180,10,473,9710,1,,
437,-1,-1,-999,9710,2,v14_piggyback,3.0,9710,0
189,1767,10,555,9719,1,,
333,792,4,487,9719,1,,
220,1942,4,559,9726,1,,
317,2458,3,566,9726,1,,
220,-1,-1,-999,9726,2,v14_piggyback,1.0,9726,0
58,1706,3,469,9732,1,,
194,104,2,492,9738,1,,
194,1789,1,492,9738,1,,
429,728,11,487,9740,1,,
326,520,5,492,9746,1,,
457,660,4,487,9750,1,,
466,849,6,544,9755,1,,
385,72,4,469,9762,1,,
229,123,6,566,9764,1,,
50,88,8,564,9774,1,,
412,101,5,513,9788,1,,
181,1723,2,100,9790,1,,
386,132,12,440,9793,1,,
327,645,7,528,9799,1,,
462,775,9,440,9810,1,,
411,105,6,440,9826,1,,
338,6,5,564,9829,1,,
461,751,6,440,9838,1,,
244,2072,2,554,9844,1,,
434,1033,4,456,9856,1,,
430,844,9,550,9864,1,,
351,2643,1,492,9865,1,,
351,678,4,564,9865,1,,
293,569,2,466,9871,1,,
384,18,3,456,9877,1,,
256,221,4,466,9880,1,,
410,97,2,576,9902,1,,
410,93,8,370,9902,1,,
413,125,5,550,9903,1,,
451,553,10,370,9920,1,,
242,64,12,466,9922,1,,
487,3249,3,559,9925,1,,
221,240,4,564,9938,1,,
387,55,5,370,9939,1,,
387,55,9,541,9939,1,,
472,954,3,528,9944,1,,
484,1154,5,513,9952,1,,
476,1011,10,566,9953,1,,
431,831,9,489,9956,1,,
431,831,10,561,9956,1,,
464,799,11,556,9967,1,,
2,37,11,561,9973,1,,
163,345,6,370,9983,1,,
163,1623,1,370,9983,1,,
45,1312,2,564,9984,1,,
45,5,10,562,9984,1,,
289,2,8,489,9995,1,,
289,229,6,489,9995,1,,
205,207,10,562,9998,1,,
44,1281,6,370,10000,1,,
32,2141,4,556,10005,1,,
291,439,6,561,10012,1,,
291,404,5,579,10012,1,,
386,53,7,370,10015,1,,
222,240,8,556,10017,1,,
391,313,2,528,10022,1,,
448,494,10,561,10029,1,,
133,1453,3,441,10052,1,,
133,45,4,370,10052,1,,
3,37,12,570,10056,1,,
249,157,9,561,10060,1,,
135,1461,2,541,10061,1,,
135,39,4,551,10061,1,,
462,781,8,456,10075,1,,
181,1724,10,550,10078,1,,
144,1515,6,541,10085,1,,
129,1,4,588,10092,1,,
282,20,8,579,10102,1,,
407,66,8,489,10115,1,,
411,97,7,570,10119,1,,
409,74,6,560,10125,1,,
374,778,6,484,10129,1,,
437,180,8,550,10129,1,,
188,1763,4,541,10132,1,,
256,2135,2,564,10135,1,,
461,753,2,76,10153,1,,
273,2232,3,484,10161,1,,
457,675,6,100,10162,1,,
457,672,2,554,10162,1,,
382,2783,2,513,10171,1,,
451,553,6,541,10175,1,,
451,549,7,551,10175,1,,
384,53,3,370,10181,1,,
408,56,12,505,10181,1,,
464,799,6,484,10185,1,,
390,2819,3,370,10187,1,,
0,41,4,579,10190,1,,
376,834,8,543,10197,1,,
466,849,5,543,10211,1,,
450,535,7,505,10211,1,,
443,3048,4,561,10220,1,,
175,1692,3,551,10220,1,,
463,788,3,561,10234,1,,
377,975,7,462,10243,1,,
444,410,4,567,10243,1,,
242,2062,2,489,10245,1,,
166,10,6,591,10260,1,,
420,303,4,543,10268,1,,
165,10,6,567,10269,1,,
333,2545,2,432,10274,1,,
396,640,6,591,10278,1,,
132,1448,2,550,10279,1,,
151,16,6,603,10288,1,,
184,1737,1,561,10291,1,,
448,497,5,370,10305,1,,
433,965,8,599,10309,1,,
298,15,2,603,10325,1,,
455,634,6,590,10334,1,,
407,56,7,604,10336,1,,
379,1058,8,599,10346,1,,
452,567,5,534,10355,1,,
133,116,3,569,10360,1,,
133,1,7,491,10360,1,,
389,199,7,515,10366,1,,
419,263,5,590,10368,1,,
140,50,6,515,10375,1,,
229,123,6,599,10377,1,,
275,2239,4,592,10384,1,,
265,183,4,590,10386,1,,
385,34,5,592,10392,1,,
409,68,7,594,10395,1,,
409,68,8,567,10395,1,,
131,1,5,590,10398,1,,
461,752,6,515,10413,1,,
107,1305,8,394,10417,1,,
359,49,10,580,10417,1,,
359,-1,-1,-999,10417,2,v14_piggyback,14.0,10417,0
451,559,8,591,10425,1,,
188,1761,6,580,10427,1,,
438,190,8,491,10429,1,,
206,1854,3,515,10444,1,,
360,12,3,574,10450,1,,
410,98,7,394,10465,1,,
4,9,5,515,10466,1,,
283,128,2,381,10475,1,,
283,36,9,381,10475,1,,
199,260,6,488,10485,1,,
199,165,3,488,10485,1,,
193,228,2,381,10492,1,,
193,184,10,621,10492,1,,
151,1553,8,56,10497,1,,
443,379,4,491,10508,1,,
454,604,4,569,10517,1,,
388,188,10,624,10517,1,,
450,521,7,534,10520,1,,
450,517,7,534,10520,1,,
450,518,8,592,10520,1,,
467,859,4,491,10524,1,,
352,2650,2,515,10528,1,,
474,973,4,491,10531,1,,
334,2551,4,488,10542,1,,
455,633,8,372,10548,1,,
383,42,7,381,10548,1,,
383,21,10,393,10548,1,,
383,-1,-1,-999,10549,2,v14_piggyback,1.0,10548,1
440,292,6,488,10551,1,,
288,38,2,574,10553,1,,
353,720,7,616,10567,1,,
379,1055,4,590,10577,1,,
361,11,10,393,10591,1,,
361,11,10,385,10591,1,,
361,12,8,385,10591,1,,
257,296,10,616,10591,1,,
386,94,2,613,10599,1,,
140,1494,2,531,10604,1,,
446,446,5,393,10613,1,,
446,433,10,385,10613,1,,
470,912,9,535,10636,1,,
470,-1,-1,-999,10636,2,v14_piggyback,3.0,10636,0
5,3,6,381,10637,1,,
5,9,10,385,10637,1,,
132,117,3,394,10641,1,,
409,76,8,488,10648,1,,
131,1441,5,394,10649,1,,
408,1208,6,621,10658,1,,
408,68,8,385,10658,1,,
335,2555,3,590,10665,1,,
387,94,8,600,10669,1,,
452,573,9,580,10673,1,,
452,-1,-1,-999,10673,2,v14_piggyback,2.0,10673,0
385,42,4,381,10687,1,,
385,73,4,385,10687,1,,
109,1317,2,600,10693,1,,
399,768,10,393,10703,1,,
159,269,6,600,10709,1,,
438,237,8,616,10714,1,,
326,645,10,393,10720,1,,
181,1725,2,583,10726,1,,
407,40,2,556,10727,1,,
391,309,2,543,10735,1,,
389,236,10,623,10753,1,,
282,20,4,385,10759,1,,
282,20,5,630,10759,1,,
465,3143,3,575,10765,1,,
416,159,7,548,10765,1,,
390,250,4,575,10772,1,,
419,272,2,592,10777,1,,
419,263,6,621,10777,1,,
88,8,10,548,10780,1,,
327,530,7,548,10790,1,,
219,1928,2,569,10798,1,,
21,1550,3,575,10803,1,,
423,493,8,385,10810,1,,
451,542,5,621,10825,1,,
451,3083,3,385,10825,1,,
440,290,4,465,10825,1,,
440,281,4,548,10825,1,,
440,281,12,535,10825,1,,
440,-1,-1,-999,10826,2,v14_piggyback,3.0,10825,1
457,660,6,381,10836,1,,
306,408,8,620,10837,1,,
305,333,1,543,10837,1,,
76,24,6,620,10848,1,,
299,78,6,455,10849,1,,
386,120,8,642,10868,1,,
397,2850,3,455,10870,1,,
393,472,5,385,10872,1,,
328,645,8,642,10896,1,,
447,463,5,621,10898,1,,
166,1638,4,642,10903,1,,
18,1256,4,642,10910,1,,
413,142,5,381,10915,1,,
413,-1,-1,-999,10916,2,v14_piggyback,3.0,10915,1
323,2492,4,548,10922,1,,
439,262,5,381,10928,1,,
216,339,12,618,10940,1,,
216,23,10,615,10940,1,,
392,367,3,578,10942,1,,
147,1534,10,618,10959,1,,
147,117,4,618,10959,1,,
411,99,3,385,10960,1,,
352,676,3,548,10965,1,,
469,890,8,615,10970,1,,
437,179,4,615,10977,1,,
6,3163,2,455,10982,1,,
422,407,2,455,10986,1,,
394,472,7,581,11000,1,,
465,827,6,536,11008,1,,
465,835,7,455,11008,1,,
293,569,3,381,11008,1,,
159,1595,9,583,11013,1,,
417,195,3,606,11021,1,,
431,887,10,611,11033,1,,
391,2822,4,381,11037,1,,
321,2480,3,385,11045,1,,
321,-1,-1,-999,11045,2,v14_piggyback,3.0,11045,0
418,222,6,572,11057,1,,
350,680,8,423,11071,1,,
300,57,10,622,11072,1,,
484,1156,2,621,11072,1,,
398,731,2,593,11079,1,,
324,0,8,648,11085,1,,
308,256,9,640,11089,1,,
414,145,7,423,11098,1,,
403,964,2,385,11103,1,,
457,664,10,642,11114,1,,
451,552,12,640,11124,1,,
454,604,6,423,11134,1,,
447,469,10,645,11140,1,,
447,-1,-1,-999,11140,2,v14_piggyback,1.0,11140,0
423,407,5,455,11149,1,,
423,402,6,661,11149,1,,
362,69,3,548,11153,1,,
319,0,3,423,11161,1,,
379,1058,9,622,11163,1,,
407,48,10,471,11164,1,,
316,2456,2,385,11170,1,,
462,764,3,611,11196,1,,
374,2751,3,622,11202,1,,
440,305,8,393,11208,1,,
439,253,5,640,11210,1,,
190,1773,2,600,11213,1,,
212,1894,4,666,11217,1,,
199,81,8,471,11222,1,,
299,124,6,661,11226,1,,
313,564,5,471,11238,1,,
313,483,5,650,11238,1,,
415,155,7,659,11244,1,,
411,106,4,471,11247,1,,
437,140,8,640,11253,1,,
437,180,10,611,11253,1,,
437,-1,-1,-999,11254,2,v14_piggyback,5.0,11253,1
180,160,9,654,11259,1,,
359,11,4,650,11268,1,,
359,-1,-1,-999,11268,2,v14_piggyback,6.0,11268,0
413,145,4,423,11268,1,,
378,1020,2,381,11276,1,,
182,113,6,667,11284,1,,
128,1424,1,667,11293,1,,
323,2491,3,471,11304,1,,
323,-1,-1,-999,11304,2,v14_piggyback,2.0,11304,0
170,1661,3,643,11304,1,,
469,889,6,598,11304,1,,
414,134,5,666,11313,1,,
455,634,3,666,11320,1,,
176,1696,1,650,11325,1,,
360,11,2,634,11335,1,,
360,-1,-1,-999,11335,2,v14_piggyback,3.0,11335,0
457,660,8,643,11342,1,,
457,-1,-1,-999,11342,2,v14_piggyback,1.0,11342,0
409,87,12,293,11345,1,,
160,269,6,662,11352,1,,
468,875,6,293,11354,1,,
468,-1,-1,-999,11354,2,v14_piggyback,2.0,11354,0
445,427,5,662,11360,1,,
324,0,1,423,11363,1,,
361,60,10,657,11373,1,,
465,822,1,621,11379,1,,
482,1113,11,293,11382,1,,
438,238,4,293,11398,1,,
242,318,10,657,11408,1,,
107,1306,2,622,11421,1,,
126,1416,2,670,11425,1,,
433,3003,2,622,11434,1,,
181,224,8,681,11461,1,,
440,282,10,671,11463,1,,
129,141,8,627,11474,1,,
321,0,9,657,11479,1,,
7,1308,4,500,11481,1,,
229,118,4,627,11489,1,,
200,165,7,641,11491,1,,
407,1132,10,663,11501,1,,
149,1542,7,641,11504,1,,
417,222,3,627,11511,1,,
449,502,6,641,11516,1,,
106,141,9,689,11529,1,,
448,487,6,689,11539,1,,
447,457,12,471,11540,1,,
434,965,10,663,11549,1,,
50,63,2,681,11564,1,,
50,88,1,500,11564,1,,
287,2,10,663,11569,1,,
287,38,5,678,11569,1,,
353,746,6,632,11572,1,,
320,91,4,693,11572,1,,
243,163,3,627,11579,1,,
439,261,8,666,11581,1,,
358,11,1,634,11587,1,,
358,1138,8,632,11587,1,,
413,143,8,293,11592,1,,
410,92,8,678,11604,1,,
380,2775,3,657,11618,1,,
418,226,7,674,11624,1,,
455,637,12,293,11637,1,,
264,90,1,615,11640,1,,
244,163,4,632,11641,1,,
444,394,3,632,11649,1,,
239,157,6,674,11655,1,,
438,206,11,670,11656,1,,
446,436,6,617,11663,1,,
437,180,2,611,11669,1,,
437,174,7,293,11669,1,,
435,1027,4,626,11679,1,,
388,198,3,689,11699,1,,
440,311,3,642,11705,1,,
291,2321,2,627,11710,1,,
204,1846,2,628,11714,1,,
445,419,4,500,11721,1,,
445,-1,-1,-999,11721,2,v14_piggyback,3.0,11721,0
14,2499,2,681,11725,1,,
359,11,9,634,11729,1,,
200,1827,4,446,11738,1,,
416,189,2,632,11745,1,,
85,8,2,693,11747,1,,
480,1086,2,627,11751,1,,
308,2414,1,689,11768,1,,
442,364,10,558,11774,1,,
38,63,1,690,11779,1,,
193,1785,4,697,11782,1,,
409,76,10,697,11799,1,,
242,163,7,558,11813,1,,
181,160,11,705,11816,1,,
353,2654,3,674,11823,1,,
389,199,6,558,11824,1,,
414,135,9,697,11831,1,,
448,490,4,628,11833,1,,
300,57,4,558,11843,1,,
301,57,10,687,11848,1,,
292,563,4,558,11852,1,,
299,15,4,697,11857,1,,
457,667,6,627,11870,1,,
118,1371,9,565,11872,1,,
437,164,4,642,11877,1,,
476,1018,4,558,11882,1,,
434,1033,7,565,11884,1,,
166,10,6,565,11896,1,,
413,143,4,713,11910,1,,
446,441,7,628,11912,1,,
446,436,2,558,11912,1,,
446,433,2,545,11912,1,,
298,54,10,610,11912,1,,
158,151,6,702,11933,1,,
158,16,8,549,11933,1,,
39,44,4,660,11935,1,,
444,390,3,558,11951,1,,
444,390,5,617,11951,1,,
444,-1,-1,-999,11952,2,v14_piggyback,1.0,11951,1
438,204,10,682,11956,1,,
244,2073,3,649,11965,1,,
244,131,5,468,11965,1,,
415,155,6,682,11968,1,,
302,54,2,82,11973,1,,
416,167,4,558,11977,1,,
307,361,12,682,11992,1,,
458,699,10,549,11992,1,,
110,1325,6,553,11992,1,,
452,561,6,82,12004,1,,
182,104,10,549,12009,1,,
442,349,4,545,12009,1,,
442,360,6,553,12009,1,,
471,938,9,503,12019,1,,
471,-1,-1,-999,12019,2,v14_piggyback,2.0,12019,0
332,2541,2,558,12022,1,,
384,52,6,702,12039,1,,
384,32,3,549,12039,1,,
480,1093,8,713,12040,1,,
480,1085,6,660,12040,1,,
264,103,4,468,12050,1,,
409,84,8,549,12053,1,,
98,1247,3,545,12058,1,,
468,874,9,610,12068,1,,
234,25,6,549,12087,1,,
392,326,7,610,12099,1,,
448,494,6,468,12101,1,,
448,-1,-1,-999,12101,2,v14_piggyback,5.0,12101,0
230,2000,2,558,12107,1,,
412,99,12,712,12114,1,,
412,122,8,712,12114,1,,
439,251,5,549,12117,1,,
242,163,10,729,12124,1,,
440,314,6,549,12129,1,,
410,79,11,712,12131,1,,
198,1816,4,549,12141,1,,
118,1367,10,205,12155,1,,
457,662,10,82,12163,1,,
457,668,8,503,12163,1,,
413,134,8,382,12184,1,,
163,126,8,729,12193,1,,
438,238,5,565,12200,1,,
272,2224,2,597,12201,1,,
272,33,8,382,12201,1,,
126,1415,7,382,12214,1,,
418,226,6,686,12222,1,,
76,47,9,729,12223,1,,
76,24,12,733,12223,1,,
343,334,7,503,12226,1,,
301,15,6,729,12234,1,,
437,180,6,597,12238,1,,
89,8,4,549,12240,1,,
298,26,6,503,12249,1,,
54,4,12,646,12253,1,,
2,46,4,700,12262,1,,
411,111,11,727,12267,1,,
478,1052,4,549,12269,1,,
359,49,4,700,12271,1,,
460,729,4,646,12280,1,,
265,33,12,653,12286,1,,
0,41,4,585,12291,1,,
201,1829,3,714,12294,1,,
240,2049,3,94,12303,1,,
240,-1,-1,-999,12303,2,v14_piggyback,2.0,12303,0
384,53,8,714,12324,1,,
384,-1,-1,-999,12324,2,v14_piggyback,8.0,12324,0
59,7,2,585,12329,1,,
59,9,10,737,12329,1,,
480,1085,6,712,12339,1,,
480,1097,8,382,12339,1,,
414,155,5,571,12340,1,,
389,247,7,653,12350,1,,
468,883,4,709,12352,1,,
468,873,9,686,12352,1,,
60,7,10,571,12372,1,,
60,9,5,571,12372,1,,
60,29,6,571,12372,1,,
153,1567,2,610,12373,1,,
153,107,12,704,12373,1,,
410,97,10,584,12378,1,,
136,1470,2,549,12378,1,,
168,1649,2,610,12385,1,,
471,938,3,503,12393,1,,
471,935,8,712,12393,1,,
455,634,5,382,12402,1,,
455,-1,-1,-999,12402,2,v14_piggyback,3.0,12402,0
355,876,4,571,12404,1,,
61,7,6,704,12407,1,,
421,300,8,704,12422,1,,
304,2393,1,571,12423,1,,
304,15,11,731,12423,1,,
417,203,5,712,12431,1,,
413,137,10,731,12440,1,,
438,216,10,82,12445,1,,
283,20,4,584,12452,1,,
467,862,5,503,12460,1,,
215,23,5,712,12477,1,,
456,656,4,382,12491,1,,
205,1852,2,549,12491,1,,
205,144,2,695,12491,1,,
137,1480,3,695,12499,1,,
1,30,3,735,12505,1,,
427,627,2,94,12525,1,,
448,497,8,700,12526,1,,
448,487,5,585,12526,1,,
445,421,4,584,12537,1,,
446,443,6,731,12537,1,,
415,158,2,94,12539,1,,
437,179,4,634,12546,1,,
409,74,3,646,12554,1,,
478,1064,6,597,12561,1,,
218,1925,3,735,12562,1,,
42,82,8,751,12568,1,,
128,614,2,585,12568,1,,
161,1606,2,700,12578,1,,
321,0,2,597,12581,1,,
451,542,2,597,12594,1,,
138,147,12,745,12601,1,,
54,1614,4,147,12611,1,,
416,161,5,743,12621,1,,
224,240,2,743,12634,1,,
201,1829,3,695,12642,1,,
449,504,2,585,12647,1,,
421,2951,1,653,12649,1,,
360,60,1,82,12658,1,,
243,2067,2,704,12666,1,,
225,23,4,765,12673,1,,
291,2322,2,571,12675,1,,
200,1828,2,737,12682,1,,
137,1476,10,147,12693,1,,
474,984,2,737,12695,1,,
359,49,12,738,12704,1,,
417,197,8,749,12706,1,,
129,45,9,746,12710,1,,
163,14,7,738,12715,1,,
426,2972,2,646,12717,1,,
40,5,2,749,12731,1,,
456,646,4,747,12731,1,,
456,653,8,523,12731,1,,
438,238,7,738,12742,1,,
438,-1,-1,-999,12742,2,v14_piggyback,3.0,12742,0
305,2399,2,738,12750,1,,
130,115,6,742,12758,1,,
485,1165,2,738,12764,1,,
488,1210,2,738,12769,1,,
244,2073,2,571,12770,1,,
199,165,8,774,12784,1,,
428,627,2,571,12796,1,,
135,107,12,711,12801,1,,
427,622,10,612,12812,1,,
455,634,7,382,12820,1,,
455,626,10,723,12820,1,,
192,1783,1,738,12823,1,,
425,547,7,692,12825,1,,
134,1455,2,711,12838,1,,
134,39,11,780,12838,1,,
41,29,5,711,12846,1,,
181,160,8,758,12855,1,,
408,56,6,724,12856,1,,
429,736,5,758,12863,1,,
407,1208,6,711,12865,1,,
290,336,5,758,12877,1,,
42,29,8,684,12879,1,,
42,5,2,684,12879,1,,
284,77,12,683,12894,1,,
265,103,8,711,12896,1,,
479,1079,10,683,12908,1,,
283,27,10,644,12922,1,,
48,22,5,753,12926,1,,
48,1383,10,753,12926,1,,
48,82,6,753,12926,1,,
414,154,10,647,12936,1,,
485,1166,4,362,12938,1,,
485,1170,6,568,12938,1,,
266,90,4,767,12941,1,,
266,103,5,684,12941,1,,
285,27,4,589,12951,1,,
285,128,6,647,12951,1,,
264,496,10,725,12957,1,,
473,962,11,680,12966,1,,
343,377,10,651,12970,1,,
363,200,8,428,12975,1,,
363,69,3,428,12975,1,,
474,3180,2,582,12976,1,,
440,281,7,680,12976,1,,
18,1291,3,768,12986,1,,
428,719,7,680,12987,1,,
153,1563,2,582,12990,1,,
442,354,10,428,12991,1,,
184,67,8,768,13002,1,,
344,424,4,582,13031,1,,
413,138,9,780,13035,1,,
131,1,1,582,13041,1,,
267,162,8,428,13047,1,,
455,635,4,710,13051,1,,
398,685,6,589,13051,1,,
54,4,8,428,13059,1,,
488,1202,6,602,13062,1,,
468,873,6,683,13067,1,,
364,194,6,644,13080,1,,
447,476,5,647,13088,1,,
425,555,5,684,13093,1,,
425,532,4,725,13093,1,,
439,261,5,589,13102,1,,
456,655,8,725,13104,1,,
438,216,9,750,13105,1,,
43,1266,6,725,13122,1,,
43,3,7,787,13122,1,,
479,1071,11,647,13123,1,,
229,276,5,758,13131,1,,
19,1291,4,680,13144,1,,
167,1642,12,762,13156,1,,
332,697,8,684,13157,1,,
288,2,4,680,13171,1,,
408,66,2,767,13172,1,,
408,35,9,428,13172,1,,
408,-1,-1,-999,13172,2,v14_piggyback,3.0,13172,0
419,272,4,647,13180,1,,
384,32,6,684,13181,1,,
457,675,4,753,13188,1,,
407,56,5,724,13196,1,,
98,1249,3,680,13198,1,,
369,452,11,782,13201,1,,
485,1168,12,651,13220,1,,
291,439,9,762,13235,1,,
326,510,2,758,13239,1,,
0,37,10,762,13251,1,,
1,37,3,725,13259,1,,
417,203,8,762,13265,1,,
440,288,7,725,13270,1,,
168,139,9,762,13280,1,,
321,196,3,753,13280,1,,
48,1397,2,683,13293,1,,
366,201,3,762,13297,1,,
366,357,8,740,13297,1,,
480,1087,2,780,13310,1,,
365,322,12,779,13316,1,,
327,459,6,688,13318,1,,
473,957,2,668,13322,1,,
173,1677,2,758,13327,1,,
439,274,7,428,13330,1,,
454,608,8,740,13330,1,,
186,1750,2,428,13334,1,,
465,832,4,629,13341,1,,
386,146,7,790,13352,1,,
139,170,2,717,13354,1,,
139,147,6,786,13354,1,,
385,42,6,631,13356,1,,
479,1081,3,753,13377,1,,
363,119,8,717,13378,1,,
363,220,8,786,13378,1,,
42,82,10,790,13396,1,,
280,2270,4,631,13402,1,,
438,218,7,612,13407,1,,
383,32,7,769,13416,1,,
387,120,9,672,13420,1,,
463,784,7,740,13423,1,,
410,93,2,672,13424,1,,
432,916,7,762,13436,1,,
419,2942,2,706,13436,1,,
343,473,7,782,13448,1,,
375,932,4,769,13455,1,,
447,457,4,717,13458,1,,
121,1386,2,631,13462,1,,
86,347,4,786,13467,1,,
421,2953,2,753,13471,1,,
305,212,3,779,13478,1,,
388,176,10,722,13484,1,,
444,394,4,740,13487,1,,
426,555,2,684,13500,1,,
418,241,12,759,13509,1,,
288,20,2,786,13512,1,,
408,2898,4,612,13516,1,,
226,25,4,763,13526,1,,
452,565,2,715,13531,1,,
384,42,6,669,13545,1,,
469,3157,4,669,13552,1,,
340,2584,2,725,13558,1,,
376,975,2,719,13566,1,,
174,1682,2,759,13567,1,,
386,127,2,763,13585,1,,
386,-1,-1,-999,13586,2,v14_piggyback,1.0,13585,1
448,487,1,715,13594,1,,
488,1201,2,762,13595,1,,
186,1748,9,629,13595,1,,
167,1644,1,677,13601,1,,
385,72,6,715,13604,1,,
439,280,6,631,13604,1,,
440,292,6,651,13612,1,,
224,240,6,754,13614,1,,
409,1132,6,819,13625,1,,
339,85,8,595,13627,1,,
438,237,5,740,13629,1,,
338,6,5,812,13635,1,,
450,535,6,766,13647,1,,
125,1408,2,734,13653,1,,
306,346,5,808,13664,1,,
387,72,2,715,13667,1,,
387,127,6,763,13667,1,,
387,55,4,819,13667,1,,
341,244,4,587,13679,1,,
393,2832,3,587,13689,1,,
410,70,7,777,13697,1,,
210,231,4,696,13711,1,,
210,1881,6,696,13711,1,,
419,235,6,754,13721,1,,
459,721,6,696,13730,1,,
229,400,4,803,13731,1,,
128,1422,1,371,13734,1,,
483,1139,8,799,13739,1,,
230,1996,2,371,13739,1,,
226,1978,2,761,13754,1,,
226,214,5,696,13754,1,,
453,594,6,518,13757,1,,
486,1174,1,741,13759,1,,
444,395,4,734,13764,1,,
390,266,12,797,13771,1,,
353,814,7,701,13779,1,,
411,111,1,518,13782,1,,
384,32,12,797,13787,1,,
153,1563,4,518,13790,1,,
340,136,9,658,13792,1,,
340,6,8,658,13792,1,,
432,892,2,797,13801,1,,
267,209,8,658,13804,1,,
106,3,3,701,13809,1,,
106,141,11,635,13809,1,,
448,497,8,696,13832,1,,
448,-1,-1,-999,13832,2,v14_piggyback,3.0,13832,0
471,926,2,819,13836,1,,
0,3,6,658,13843,1,,
398,671,11,635,13864,1,,
431,892,6,736,13872,1,,
433,931,8,814,13876,1,,
392,352,7,625,13881,1,,
392,415,4,625,13881,1,,
409,70,1,777,13886,1,,
440,288,9,766,13901,1,,
440,305,10,799,13901,1,,
440,-1,-1,-999,13901,2,v14_piggyback,8.0,13901,0
55,4,12,788,13902,1,,
387,72,4,797,13909,1,,
456,644,7,635,13911,1,,
234,25,4,658,13919,1,,
234,123,4,810,13919,1,,
234,2020,4,810,13919,1,,
393,313,10,788,13936,1,,
450,526,5,701,13945,1,,
450,518,7,635,13945,1,,
6,1259,2,625,13951,1,,
6,46,8,792,13951,1,,
388,188,4,833,13964,1,,
388,146,8,833,13964,1,,
480,1090,11,810,13968,1,,
410,84,7,701,13974,1,,
389,188,4,833,13975,1,,
372,529,8,625,13982,1,,
360,60,6,764,13984,1,,
419,239,8,797,13987,1,,
383,31,7,635,13994,1,,
439,273,8,741,13996,1,,
443,379,4,764,14001,1,,
288,470,8,833,14001,1,,
453,583,9,701,14016,1,,
206,207,8,810,14023,1,,
483,1130,8,518,14028,1,,
112,1335,8,728,14031,1,,
444,410,8,777,14059,1,,
128,1424,4,785,14063,1,,
128,45,5,625,14063,1,,
486,1183,7,371,14074,1,,
386,127,12,795,14083,1,,
386,120,4,795,14083,1,,
432,909,12,764,14089,1,,
390,210,10,728,14100,1,,
449,513,4,845,14101,1,,
415,169,5,625,14103,1,,
41,5,3,845,14107,1,,
135,1462,4,788,14114,1,,
323,0,11,718,14117,1,,
323,-1,-1,-999,14117,2,v14_piggyback,9.0,14117,0
411,96,9,845,14120,1,,
338,6,1,658,14122,1,,
338,109,4,810,14122,1,,
397,643,4,788,14129,1,,
471,937,1,800,14134,1,,
471,933,9,773,14134,1,,
361,49,10,825,14134,1,,
409,70,7,741,14143,1,,
409,92,3,788,14143,1,,
350,2638,4,795,14150,1,,
350,676,6,795,14150,1,,
102,1272,4,792,14153,1,,
149,1544,2,635,14173,1,,
387,120,6,718,14180,1,,
387,146,10,718,14180,1,,
168,1651,3,658,14187,1,,
448,497,5,701,14189,1,,
455,3101,3,625,14193,1,,
145,1522,2,635,14194,1,,
119,13,8,718,14194,1,,
450,535,7,718,14207,1,,
450,-1,-1,-999,14207,2,v14_piggyback,3.0,14207,0
352,694,2,635,14213,1,,
457,660,6,795,14230,1,,
416,167,3,798,14244,1,,
462,779,6,718,14245,1,,
462,-1,-1,-999,14246,2,v14_piggyback,1.0,14245,1
1,22,10,842,14248,1,,
410,79,4,795,14255,1,,
189,184,8,804,14256,1,,
199,1823,3,625,14262,1,,
221,83,2,701,14262,1,,
363,201,4,718,14264,1,,
488,1201,3,788,14279,1,,
362,69,7,685,14280,1,,
443,375,10,776,14280,1,,
210,231,10,853,14294,1,,
0,28,9,847,14318,1,,
263,440,8,859,14324,1,,
2,3,6,853,14327,1,,
131,1444,2,658,14329,1,,
478,1061,4,795,14330,1,,
321,0,2,792,14333,1,,
388,176,3,820,14339,1,,
264,90,2,810,14342,1,,
440,295,7,656,14346,1,,
198,81,4,847,14358,1,,
156,1578,6,707,14359,1,,
311,2429,2,625,14365,1,,
4,9,4,656,14374,1,,
350,2640,2,658,14377,1,,
472,943,5,656,14382,1,,
293,2333,3,822,14386,1,,
293,-1,-1,-999,14386,2,v14_piggyback,3.0,14386,0
387,2808,2,625,14395,1,,
409,79,7,795,14419,1,,
325,2504,3,685,14427,1,,
448,494,12,656,14430,1,,
444,395,4,814,14437,1,,
129,39,3,869,14438,1,,
149,1543,6,707,14447,1,,
455,636,5,795,14458,1,,
3,22,9,873,14459,1,,
384,21,6,748,14468,1,,
457,658,8,822,14472,1,,
333,2545,3,685,14480,1,,
322,61,3,880,14484,1,,
383,31,11,699,14484,1,,
456,654,6,873,14493,1,,
128,89,7,862,14494,1,,
119,1376,9,435,14495,1,,
445,426,4,847,14500,1,,
438,248,5,862,14502,1,,
410,76,8,707,14518,1,,
126,1415,10,699,14527,1,,
256,259,2,718,14531,1,,
320,213,8,882,14543,1,,
215,181,6,699,14553,1,,
450,535,5,718,14566,1,,
439,265,8,831,14577,1,,
144,1514,3,656,14581,1,,
311,2426,4,827,14587,1,,
194,1790,4,699,14588,1,,
478,1066,4,820,14596,1,,
206,1858,3,831,14606,1,,
440,307,8,699,14610,1,,
440,290,8,699,14610,1,,
420,272,2,718,14621,1,,
350,2638,2,752,14628,1,,
33,2620,2,-99,14636,1,,
332,805,5,815,14638,1,,
385,32,12,872,14641,1,,
229,1992,4,850,14643,1,,
477,1043,2,685,14645,1,,
102,1273,2,718,14653,1,,
472,950,12,748,14657,1,,
130,110,2,872,14662,1,,
421,302,10,875,14669,1,,
195,1801,2,656,14672,1,,
5,9,9,843,14674,1,,
283,2285,2,843,14678,1,,
230,95,8,843,14699,1,,
343,2597,1,820,14709,1,,
222,339,12,609,14723,1,,
222,1954,10,609,14723,1,,
2,22,12,883,14732,1,,
485,1163,6,870,14732,1,,
139,170,4,846,14739,1,,
169,1658,5,846,14747,1,,
111,1,8,870,14754,1,,
111,1328,8,870,14754,1,,
422,369,2,609,14758,1,,
487,1186,2,635,14762,1,,
105,270,10,871,14765,1,,
105,1292,7,871,14765,1,,
284,27,7,883,14779,1,,
284,38,7,897,14779,1,,
257,259,10,871,14782,1,,
264,2182,1,635,14784,1,,
181,1723,2,871,14789,1,,
439,268,5,850,14796,1,,
439,273,7,846,14796,1,,
439,-1,-1,-999,14796,2,v14_piggyback,2.0,14796,0
265,90,2,887,14797,1,,
445,428,2,463,14799,1,,
192,294,8,893,14813,1,,
348,2630,2,893,14821,1,,
438,218,4,839,14822,1,,
438,218,6,883,14822,1,,
438,204,10,831,14822,1,,
438,-1,-1,-999,14822,2,v14_piggyback,1.0,14822,0
231,118,10,897,14847,1,,
344,538,10,901,14848,1,,
386,120,4,510,14860,1,,
440,295,10,897,14861,1,,
440,-1,-1,-999,14861,2,v14_piggyback,3.0,14861,0
425,571,3,510,14867,1,,
258,221,12,655,14868,1,,
77,47,6,897,14870,1,,
463,791,6,809,14880,1,,
477,1034,1,701,14885,1,,
443,373,2,703,14900,1,,
443,370,6,703,14900,1,,
443,-1,-1,-999,14900,2,v14_piggyback,3.0,14900,0
311,2428,2,-99,14904,1,,
423,479,9,901,14910,1,,
434,1000,8,897,14926,1,,
325,2504,4,883,14936,1,,
345,310,7,841,14938,1,,
345,377,12,902,14938,1,,
416,178,10,898,14944,1,,
470,921,4,883,14946,1,,
164,126,11,902,14955,1,,
422,358,10,784,14962,1,,
139,1490,10,883,14963,1,,
387,132,7,655,14968,1,,
224,23,2,655,14982,1,,
111,1328,6,510,14991,1,,
102,1270,7,463,14998,1,,
417,189,9,849,15005,1,,
229,1995,2,820,15012,1,,
384,34,8,811,15017,1,,
426,555,5,664,15022,1,,
426,584,4,664,15022,1,,
418,217,12,811,15034,1,,
469,898,9,346,15039,1,,
487,1189,8,809,15045,1,,
309,256,12,811,15062,1,,
308,458,7,346,15065,1,,
308,408,11,346,15065,1,,
94,13,6,811,15071,1,,
415,167,5,916,15079,1,,
125,1410,8,346,15079,1,,
77,47,6,816,15082,1,,
407,35,3,911,15095,1,,
407,40,7,346,15095,1,,
227,214,7,816,15104,1,,
337,2569,2,816,15109,1,,
338,298,8,346,15110,1,,
256,279,2,816,15113,1,,
160,1605,5,816,15128,1,,
339,136,10,913,15140,1,,
52,88,12,395,15150,1,,
485,1170,8,703,15154,1,,
477,1032,10,898,15156,1,,
448,489,4,395,15157,1,,
416,197,9,811,15169,1,,
437,179,8,664,15172,1,,
439,257,12,703,15191,1,,
317,564,8,395,15192,1,,
383,18,12,912,15201,1,,
53,88,7,915,15204,1,,
458,684,8,395,15204,1,,
285,2291,4,395,15211,1,,
385,34,11,890,15216,1,,
89,8,4,890,15223,1,,
324,2496,4,888,15225,1,,
417,197,3,811,15229,1,,
438,216,5,897,15251,1,,
438,248,2,915,15251,1,,
305,346,6,926,15253,1,,
488,1212,4,926,15260,1,,
384,31,4,346,15268,1,,
440,281,10,609,15276,1,,
139,43,4,664,15277,1,,
353,814,4,890,15283,1,,
344,2605,4,346,15286,1,,
418,232,7,816,15286,1,,
410,76,2,816,15291,1,,
410,-1,-1,-999,15292,2,v14_piggyback,1.0,15291,1
326,609,3,915,15296,1,,
478,1050,4,395,15315,1,,
205,1849,2,816,15320,1,,
131,1444,2,926,15321,1,,
94,1222,6,652,15337,1,,
227,1981,4,395,15337,1,,
443,373,2,703,15341,1,,
443,365,10,664,15341,1,,
247,2087,3,915,15363,1,,
52,1472,4,679,15371,1,,
416,173,10,938,15372,1,,
416,-1,-1,-999,15372,2,v14_piggyback,8.0,15372,0
485,1164,6,914,15375,1,,
450,517,6,938,15381,1,,
264,2181,3,883,15383,1,,
116,1359,3,664,15391,1,,
411,105,1,664,15396,1,,
386,120,8,884,15398,1,,
345,534,6,884,15408,1,,
448,499,6,925,15415,1,,
448,489,9,888,15415,1,,
288,128,5,608,15418,1,,
288,-1,-1,-999,15418,2,v14_piggyback,3.0,15418,0
458,3114,2,906,15419,1,,
158,1588,4,884,15431,1,,
363,220,8,608,15443,1,,
440,314,4,703,15459,1,,
440,305,8,911,15459,1,,
440,282,7,346,15459,1,,
364,254,7,909,15462,1,,
439,255,4,770,15464,1,,
412,106,4,886,15469,1,,
417,197,9,884,15477,1,,
39,44,10,866,15482,1,,
214,1905,4,866,15496,1,,
467,3151,2,652,15502,1,,
468,873,3,770,15502,1,,
468,-1,-1,-999,15502,2,v14_piggyback,2.0,15502,0
289,2,2,921,15508,1,,
289,-1,-1,-999,15509,2,v14_piggyback,1.0,15508,1
477,3193,2,890,15509,1,,
455,629,6,866,15511,1,,
413,125,10,856,15525,1,,
94,1224,10,608,15525,1,,
470,912,5,856,15533,1,,
233,2015,2,932,15538,1,,
89,8,5,949,15539,1,,
286,2,7,932,15554,1,,
287,2,10,908,15568,1,,
427,620,2,908,15573,1,,
453,588,1,926,15575,1,,
282,2,2,908,15577,1,,
1,28,10,919,15579,1,,
183,1734,2,884,15586,1,,
336,2564,4,923,15601,1,,
148,1540,7,941,15612,1,,
128,116,5,923,15620,1,,
450,524,8,884,15630,1,,
2,51,8,941,15635,1,,
181,1725,2,919,15640,1,,
290,229,7,844,15657,1,,
474,971,10,894,15661,1,,
285,211,7,865,15676,1,,
285,2,4,855,15676,1,,
285,20,3,855,15676,1,,
184,191,12,958,15686,1,,
428,696,10,789,15690,1,,
458,681,12,770,15692,1,,
407,66,6,844,15700,1,,
416,167,2,958,15701,1,,
440,307,6,871,15704,1,,
440,295,2,893,15704,1,,
199,223,4,957,15713,1,,
43,82,7,958,15714,1,,
257,296,10,952,15730,1,,
408,48,7,953,15745,1,,
415,175,10,952,15747,1,,
165,16,4,957,15754,1,,
165,126,11,957,15754,1,,
283,677,8,953,15757,1,,
455,634,7,953,15767,1,,
439,274,7,923,15769,1,,
168,139,11,821,15771,1,,
326,609,4,865,15774,1,,
386,171,6,953,15783,1,,
119,1374,8,821,15785,1,,
429,766,6,791,15799,1,,
200,165,6,951,15812,1,,
189,1764,2,744,15816,1,,
189,104,6,936,15816,1,,
413,145,5,921,15822,1,,
384,53,5,927,15830,1,,
286,2,7,879,15836,1,,
286,38,6,879,15836,1,,
468,873,4,770,15845,1,,
284,77,7,744,15849,1,,
3,3,3,957,15851,1,,
469,889,4,855,15861,1,,
159,151,12,879,15875,1,,
412,122,12,639,15881,1,,
411,99,4,903,15890,1,,
40,44,10,879,15892,1,,
449,508,8,639,15893,1,,
467,859,3,540,15899,1,,
441,325,2,903,15904,1,,
453,590,8,894,15905,1,,
220,240,7,540,15914,1,,
38,63,2,540,15919,1,,
407,48,6,540,15929,1,,
464,807,8,639,15931,1,,
359,1012,6,936,15933,1,,
359,12,9,829,15933,1,,
199,1821,8,903,15944,1,,
285,20,5,829,15958,1,,
285,36,12,966,15958,1,,
256,259,4,639,15959,1,,
443,386,4,927,15966,1,,
41,29,10,829,15974,1,,
161,1609,3,927,15977,1,,
305,57,7,879,15994,1,,
305,256,6,966,15994,1,,
440,307,4,962,15999,1,,
137,1475,2,953,16005,1,,
455,637,8,885,16010,1,,
290,336,3,791,16012,1,,
190,184,8,966,16016,1,,
194,1790,2,639,16022,1,,
175,10,10,829,16033,1,,
175,1690,2,966,16033,1,,
376,895,2,844,16038,1,,
118,1371,9,829,16046,1,,
118,-1,-1,-999,16046,2,v14_piggyback,2.0,16046,0
458,686,4,903,16058,1,,
415,154,8,821,16067,1,,
415,182,8,744,16067,1,,
417,222,3,813,16069,1,,
468,873,12,540,16075,1,,
257,221,6,744,16076,1,,
264,183,6,879,16086,1,,
326,2507,3,639,16087,1,,
201,228,6,967,16090,1,,
201,81,5,967,16090,1,,
409,87,2,967,16094,1,,
36,2799,1,904,16104,1,,
36,37,5,967,16104,1,,
475,992,6,744,16115,1,,
449,506,9,813,16121,1,,
452,568,6,966,16129,1,,
131,1438,3,829,16135,1,,
321,0,3,829,16145,1,,
321,-1,-1,-999,16145,2,v14_piggyback,1.0,16145,0
464,815,5,739,16146,1,,
464,809,4,720,16146,1,,
123,1395,1,969,16150,1,,
460,732,4,829,16151,1,,
441,342,5,596,16155,1,,
441,319,8,802,16155,1,,
410,84,6,892,16165,1,,
411,97,1,929,16168,1,,
288,2,10,970,16169,1,,
288,-1,-1,-999,16170,2,v14_piggyback,6.0,16169,1
289,229,6,969,16179,1,,
377,982,10,778,16193,1,,
420,263,2,829,16198,1,,
391,247,8,778,16215,1,,
389,247,6,970,16224,1,,
440,281,8,922,16230,1,,
440,-1,-1,-999,16230,2,v14_piggyback,5.0,16230,0
102,1272,2,744,16234,1,,
0,30,2,984,16236,1,,
305,333,2,956,16245,1,,
129,89,12,988,16246,1,,
283,38,8,988,16257,1,,
283,-1,-1,-999,16257,2,v14_piggyback,2.0,16257,0
90,8,12,977,16268,1,,
231,2003,2,936,16273,1,,
293,2335,4,863,16274,1,,
293,-1,-1,-999,16274,2,v14_piggyback,2.0,16274,0
1,3,8,983,16278,1,,
197,1812,4,607,16281,1,,
320,213,5,755,16300,1,,
416,182,1,744,16303,1,,
418,219,3,755,16307,1,,
168,1653,2,607,16312,1,,
390,242,4,981,16319,1,,
426,618,1,829,16330,1,,
412,112,10,975,16334,1,,
447,469,5,988,16340,1,,
78,7,9,961,16359,1,,
200,1825,4,983,16362,1,,
164,14,11,975,16375,1,,
91,8,9,975,16387,1,,
184,113,8,991,16399,1,,
445,425,7,881,16405,1,,
229,123,4,988,16412,1,,
118,1371,1,829,16414,1,,
449,509,8,879,16433,1,,
363,201,7,975,16437,1,,
198,317,8,881,16438,1,,
441,320,3,966,16443,1,,
377,991,5,881,16446,1,,
286,2,6,881,16459,1,,
437,186,4,881,16466,1,,
427,584,6,1003,16469,1,,
191,1776,3,778,16483,1,,
191,67,6,924,16483,1,,
225,23,10,959,16485,1,,
391,242,3,881,16489,1,,
224,301,4,948,16494,1,,
421,308,4,959,16504,1,,
169,139,6,1001,16509,1,,
475,1005,6,995,16517,1,,
389,188,7,991,16520,1,,
160,1602,3,961,16526,1,,
77,24,4,1001,16534,1,,
77,3,1,1001,16534,1,,
422,387,12,995,16536,1,,
438,218,4,961,16543,1,,
395,2839,4,1001,16550,1,,
410,97,3,929,16556,1,,
455,3100,3,981,16558,1,,
432,936,3,988,16571,1,,
267,2198,4,995,16580,1,,
375,2754,3,995,16588,1,,
407,35,2,983,16588,1,,
415,167,2,778,16607,1,,
396,570,8,796,16625,1,,
447,468,8,840,16630,1,,
447,466,2,806,16630,1,,
447,469,4,881,16630,1,,
447,457,2,924,16630,1,,
447,-1,-1,-999,16631,2,v14_piggyback,2.0,16630,1
185,1742,2,988,16635,1,,
424,479,10,896,16638,1,,
229,321,2,924,16644,1,,
448,3071,2,852,16644,1,,
441,343,3,881,16657,1,,
423,402,9,946,16660,1,,
40,29,4,757,16669,1,,
411,96,2,1013,16677,1,,
411,-1,-1,-999,16678,2,v14_piggyback,1.0,16677,1
409,70,10,896,16685,1,,
321,0,8,990,16696,1,,
321,-1,-1,-999,16696,2,v14_piggyback,3.0,16696,0
101,1265,2,1013,16700,1,,
4,37,10,757,16701,1,,
288,2,1,881,16705,1,,
118,1370,7,948,16714,1,,
394,514,10,835,16714,1,,
16,1225,4,934,16723,1,,
384,17,6,835,16729,1,,
431,2996,4,757,16732,1,,
144,1517,6,835,16741,1,,
289,2,7,1015,16754,1,,
230,95,5,1010,16762,1,,
397,619,6,990,16764,1,,
475,1010,4,852,16765,1,,
320,91,6,1010,16771,1,,
320,-1,-1,-999,16771,2,v14_piggyback,3.0,16771,0
438,216,4,995,16774,1,,
192,113,4,1010,16778,1,,
477,1038,1,1010,16784,1,,
231,205,6,828,16823,1,,
231,118,4,955,16823,1,,
410,96,9,1013,16836,1,,
299,57,9,828,16839,1,,
469,896,9,771,16851,1,,
283,20,9,1005,16861,1,,
412,112,7,771,16864,1,,
422,402,1,946,16867,1,,
422,358,3,934,16867,1,,
422,399,6,757,16867,1,,
277,2249,2,757,16874,1,,
182,166,11,828,16879,1,,
323,0,10,771,16880,1,,
5,37,12,1026,16893,1,,
472,950,8,968,16893,1,,
472,-1,-1,-999,16893,2,v14_piggyback,2.0,16893,0
378,2767,3,1026,16901,1,,
443,365,5,828,16903,1,,
443,-1,-1,-999,16903,2,v14_piggyback,2.0,16903,0
413,134,3,757,16908,1,,
282,20,2,757,16915,1,,
419,289,2,1026,16925,1,,
256,2138,2,996,16932,1,,
441,332,9,863,16941,1,,
441,323,8,607,16941,1,,
441,342,9,755,16941,1,,
441,-1,-1,-999,16941,2,v14_piggyback,3.0,16941,0
267,209,2,1026,16946,1,,
409,86,2,757,16964,1,,
288,2,6,968,16969,1,,
288,470,7,918,16969,1,,
420,302,10,918,16985,1,,
137,1476,8,848,16986,1,,
21,1505,3,848,16994,1,,
134,130,4,1029,17003,1,,
239,157,11,944,17017,1,,
324,0,8,848,17017,1,,
189,1764,2,1029,17024,1,,
447,457,8,924,17037,1,,
447,467,10,1010,17037,1,,
144,1514,2,954,17039,1,,
448,487,6,918,17049,1,,
404,1035,6,1018,17053,1,,
389,245,4,1005,17058,1,,
462,762,5,982,17068,1,,
410,79,9,944,17071,1,,
322,389,6,1018,17072,1,,
183,67,6,918,17080,1,,
273,275,7,944,17094,1,,
10,1316,4,918,17104,1,,
338,2571,4,955,17116,1,,
405,1002,10,529,17122,1,,
234,131,2,498,17128,1,,
416,2931,4,529,17131,1,,
477,1034,2,757,17132,1,,
384,2793,2,828,17159,1,,
277,2249,4,498,17164,1,,
438,206,3,955,17167,1,,
465,826,1,1026,17170,1,,
286,2299,2,498,17176,1,,
419,283,9,963,17188,1,,
419,-1,-1,-999,17189,2,v14_piggyback,2.0,17188,1
440,281,1,922,17192,1,,
150,1549,1,757,17195,1,,
323,0,3,848,17204,1,,
323,71,7,573,17204,1,,
323,389,8,1011,17204,1,,
339,287,7,851,17211,1,,
407,66,2,918,17233,1,,
407,-1,-1,-999,17233,2,v14_piggyback,4.0,17233,0
2,46,7,573,17238,1,,
2,41,8,573,17238,1,,
299,78,2,918,17250,1,,
408,2897,4,1040,17257,1,,
408,48,8,573,17257,1,,
472,939,6,982,17272,1,,
184,113,11,573,17275,1,,
326,645,2,1005,17278,1,,
463,790,2,828,17285,1,,
415,167,10,573,17291,1,,
385,52,6,950,17298,1,,
378,1020,2,982,17305,1,,
229,276,10,573,17307,1,,
445,423,8,950,17326,1,,
313,652,5,573,17326,1,,
313,712,7,1049,17326,1,,
340,244,1,1049,17339,1,,
340,136,6,1049,17339,1,,
341,244,6,895,17350,1,,
137,147,12,1037,17351,1,,
75,62,6,1037,17360,1,,
451,546,6,1011,17362,1,,
441,331,9,1010,17374,1,,
413,134,7,573,17374,1,,
328,649,10,1037,17375,1,,
265,103,2,1037,17379,1,,
38,63,4,858,17387,1,,
107,1306,4,858,17394,1,,
438,249,3,996,17402,1,,
418,235,8,858,17414,1,,
0,19,12,1062,17430,1,,
362,60,1,1062,17441,1,,
362,172,6,1062,17441,1,,
439,253,8,877,17444,1,,
417,226,4,1016,17448,1,,
40,29,5,573,17450,1,,
429,800,4,573,17470,1,,
478,1064,4,895,17480,1,,
442,349,10,877,17488,1,,
402,944,4,1050,17489,1,,
239,95,3,1049,17497,1,,
463,798,12,950,17507,1,,
408,66,6,1049,17509,1,,
288,27,2,877,17513,1,,
201,1833,3,1011,17516,1,,
440,281,7,1033,17520,1,,
440,299,7,1037,17520,1,,
335,2558,1,1062,17523,1,,
416,197,4,1040,17527,1,,
416,167,1,573,17527,1,,
456,638,8,726,17528,1,,
437,1207,4,573,17536,1,,
93,13,3,529,17544,1,,
466,847,7,726,17549,1,,
140,1494,2,573,17557,1,,
1,51,7,1027,17583,1,,
445,419,8,877,17588,1,,
394,2837,1,573,17594,1,,
289,27,6,726,17599,1,,
369,351,11,986,17605,1,,
453,582,5,1027,17613,1,,
441,325,8,877,17613,1,,
407,2891,4,1042,17622,1,,
367,337,12,1027,17629,1,,
471,929,5,1027,17641,1,,
439,3031,4,1011,17645,1,,
436,3016,4,1027,17650,1,,
438,238,10,1060,17666,1,,
136,130,12,1068,17669,1,,
418,222,2,1002,17673,1,,
419,272,2,1024,17685,1,,
365,335,7,1060,17686,1,,
479,1076,2,1024,17689,1,,
442,364,6,794,17704,1,,
442,364,2,937,17704,1,,
442,344,7,817,17704,1,,
442,354,8,1014,17704,1,,
442,-1,-1,-999,17704,2,v14_piggyback,11.0,17704,0
78,58,6,1024,17705,1,,
364,201,8,900,17712,1,,
364,172,10,993,17712,1,,
139,43,5,1044,17714,1,,
420,272,4,974,17720,1,,
463,798,5,726,17728,1,,
437,140,6,1017,17730,1,,
366,351,12,1090,17730,1,,
218,1926,1,974,17733,1,,
440,295,8,986,17750,1,,
440,312,5,1060,17750,1,,
456,641,10,976,17764,1,,
214,301,8,1090,17764,1,,
292,439,8,993,17779,1,,
441,319,8,848,17787,1,,
135,107,7,1090,17791,1,,
410,96,4,1046,17800,1,,
388,198,2,1090,17803,1,,
388,80,4,1030,17803,1,,
175,1690,2,993,17817,1,,
175,14,6,1030,17817,1,,
42,29,10,807,17820,1,,
77,58,2,1060,17828,1,,
77,9,4,900,17828,1,,
485,1167,6,973,17830,1,,
485,1170,6,973,17830,1,,
485,-1,-1,-999,17830,2,v14_piggyback,2.0,17830,0
75,62,4,1046,17834,1,,
256,383,6,973,17846,1,,
291,229,9,1030,17853,1,,
291,404,8,1030,17853,1,,
338,109,6,807,17856,1,,
401,917,6,973,17858,1,,
417,222,6,1002,17864,1,,
27,1919,4,973,17867,1,,
356,2671,2,973,17874,1,,
127,1417,3,314,17882,1,,
384,21,4,1060,17886,1,,
199,1819,3,314,17890,1,,
433,965,2,314,17896,1,,
56,1622,2,973,17903,1,,
438,248,4,895,17910,1,,
438,237,7,807,17910,1,,
479,1075,10,1044,17924,1,,
411,102,8,994,17941,1,,
352,713,7,1093,17943,1,,
439,258,4,1060,17950,1,,
419,263,7,807,17955,1,,
419,2946,2,807,17955,1,,
466,843,8,760,17966,1,,
341,287,6,994,17974,1,,
341,136,8,1076,17974,1,,
363,200,8,760,17977,1,,
43,82,8,994,17986,1,,
421,329,3,900,17987,1,,
450,521,4,760,17994,1,,
2,46,8,997,17998,1,,
418,225,7,973,17999,1,,
441,325,7,946,18005,1,,
441,-1,-1,-999,18005,2,v14_piggyback,2.0,18005,0
409,86,8,997,18009,1,,
409,-1,-1,-999,18010,2,v14_piggyback,9.0,18009,1
383,17,9,1085,18018,1,,
386,53,12,997,18026,1,,
456,655,6,760,18029,1,,
456,-1,-1,-999,18029,2,v14_piggyback,3.0,18029,0
246,279,3,1073,18037,1,,
446,3063,2,314,18046,1,,
410,76,6,1087,18058,1,,
410,76,12,1076,18058,1,,
410,84,3,676,18058,1,,
346,2619,3,1060,18059,1,,
346,538,6,805,18059,1,,
128,89,5,1097,18068,1,,
442,364,6,937,18073,1,,
442,354,2,1014,18073,1,,
442,349,10,1041,18073,1,,
320,0,7,997,18079,1,,
320,196,8,676,18079,1,,
443,379,10,805,18093,1,,
463,3133,2,314,18099,1,,
387,73,3,1023,18103,1,,
387,73,6,676,18103,1,,
387,120,3,1023,18103,1,,
18,1311,3,676,18118,1,,
18,3,8,1019,18118,1,,
241,284,9,1054,18129,1,,
389,250,6,1019,18132,1,,
389,199,4,1023,18132,1,,
422,308,7,805,18133,1,,
417,225,3,973,18143,1,,
412,112,2,676,18146,1,,
412,101,8,1019,18146,1,,
438,206,4,760,18152,1,,
438,206,10,1030,18152,1,,
438,-1,-1,-999,18152,2,v14_piggyback,4.0,18152,0
485,1170,3,973,18160,1,,
181,1722,10,1019,18164,1,,
344,310,10,1038,18167,1,,
411,112,8,676,18180,1,,
365,172,6,805,18184,1,,
419,289,8,676,18192,1,,
414,158,3,805,18193,1,,
415,155,7,1074,18214,1,,
479,1078,6,997,18226,1,,
393,462,6,1098,18226,1,,
276,461,6,676,18235,1,,
392,415,8,1074,18240,1,,
484,1155,6,1076,18244,1,,
421,350,6,1074,18252,1,,
242,193,8,801,18273,1,,
242,131,4,1065,18273,1,,
242,157,2,1034,18273,1,,
82,2887,3,1038,18274,1,,
385,55,10,1034,18289,1,,
233,2015,2,997,18302,1,,
233,240,4,676,18302,1,,
283,20,8,1034,18303,1,,
56,4,9,801,18318,1,,
265,2188,2,1097,18322,1,,
472,946,6,1065,18329,1,,
180,104,5,1064,18334,1,,
306,366,4,1034,18339,1,,
150,1551,4,1076,18341,1,,
36,2905,2,1034,18345,1,,
291,2322,4,676,18348,1,,
395,2841,2,1098,18351,1,,
362,2698,3,1076,18361,1,,
307,256,2,1089,18364,1,,
307,376,10,1089,18364,1,,
313,2441,2,1030,18368,1,,
446,442,11,980,18382,1,,
446,-1,-1,-999,18382,2,v14_piggyback,4.0,18382,0
418,203,11,1114,18399,1,,
128,1426,2,1076,18409,1,,
243,284,2,1089,18415,1,,
243,430,6,1089,18415,1,,
243,193,2,1089,18415,1,,
136,107,5,1101,18417,1,,
0,41,1,1098,18421,1,,
320,61,2,1105,18422,1,,
121,1387,1,676,18427,1,,
322,2485,2,1030,18433,1,,
276,2245,4,971,18451,1,,
151,345,2,1086,18451,1,,
151,16,4,1086,18451,1,,
353,787,2,760,18457,1,,
321,61,8,1111,18471,1,,
290,412,1,1097,18477,1,,
485,1163,11,801,18478,1,,
484,1147,6,730,18479,1,,
169,1656,1,1060,18482,1,,
456,638,7,1012,18500,1,,
456,642,7,973,18500,1,,
158,43,8,633,18503,1,,
158,65,6,633,18503,1,,
273,277,6,1067,18518,1,,
292,291,11,633,18530,1,,
417,225,9,1034,18535,1,,
266,103,10,633,18547,1,,
241,276,9,1089,18560,1,,
241,284,8,1120,18560,1,,
131,39,7,1116,18569,1,,
414,143,10,1089,18576,1,,
323,61,4,1089,18585,1,,
130,39,5,1122,18588,1,,
152,16,12,1123,18591,1,,
264,496,3,1107,18596,1,,
409,92,8,1089,18599,1,,
109,1,8,633,18605,1,,
233,2013,4,1089,18608,1,,
118,1372,2,1114,18615,1,,
371,537,8,665,18624,1,,
420,302,4,1089,18624,1,,
199,149,2,1107,18629,1,,
384,21,3,1089,18632,1,,
384,-1,-1,-999,18632,2,v14_piggyback,4.0,18632,0
215,83,7,633,18634,1,,
200,81,7,1045,18639,1,,
370,507,4,1045,18646,1,,
468,871,7,633,18647,1,,
342,2593,3,1045,18652,1,,
298,439,10,1096,18691,1,,
372,670,4,1119,18698,1,,
458,682,9,1096,18706,1,,
299,54,5,1113,18713,1,,
0,22,4,633,18715,1,,
444,409,2,801,18720,1,,
484,1152,4,775,18723,1,,
53,4,6,1086,18727,1,,
340,85,6,1110,18733,1,,
461,748,5,1082,18737,1,,
383,42,10,864,18746,1,,
143,1510,4,1086,18749,1,,
158,1592,10,864,18766,1,,
422,2957,2,1089,18772,1,,
300,26,3,1051,18784,1,,
341,85,6,857,18785,1,,
442,354,8,864,18786,1,,
446,442,9,633,18799,1,,
481,1106,10,857,18799,1,,
229,118,7,864,18807,1,,
249,2099,2,989,18814,1,,
438,218,4,633,18823,1,,
338,136,3,633,18839,1,,
385,32,8,1131,18845,1,,
413,134,2,1113,18852,1,,
414,134,3,1113,18860,1,,
98,13,3,1036,18867,1,,
98,1249,6,1036,18867,1,,
465,828,3,633,18869,1,,
373,507,12,1036,18883,1,,
21,1469,3,1036,18889,1,,
453,582,5,1036,18898,1,,
453,-1,-1,-999,18898,2,v14_piggyback,4.0,18898,0
468,871,2,1039,18902,1,,
234,131,5,1036,18908,1,,
474,981,2,633,18909,1,,
323,2489,3,1113,18912,1,,
487,1187,1,1030,18916,1,,
1,30,7,1121,18921,1,,
320,0,4,1137,18921,1,,
117,1363,6,1036,18932,1,,
411,111,2,1036,18939,1,,
298,26,6,972,18947,1,,
115,1347,1,989,18973,1,,
339,244,8,1139,18979,1,,
339,-1,-1,-999,18979,2,v14_piggyback,4.0,18979,0
444,391,6,989,18985,1,,
340,2583,3,1077,18989,1,,
458,699,10,1082,18993,1,,
458,-1,-1,-999,18993,2,v14_piggyback,2.0,18993,0
251,163,11,899,19003,1,,
461,753,8,698,19007,1,,
370,591,12,1146,19011,1,,
484,1148,6,1034,19014,1,,
451,557,4,972,19016,1,,
412,133,10,1115,19031,1,,
433,1000,6,1094,19038,1,,
110,1,4,899,19047,1,,
110,8,6,1115,19047,1,,
264,923,3,1140,19055,1,,
341,6,6,1036,19055,1,,
283,2,7,1115,19067,1,,
481,1103,3,1000,19068,1,,
481,1102,2,181,19068,1,,
248,2093,2,1036,19075,1,,
276,2245,3,1140,19075,1,,
158,151,2,1036,19081,1,,
465,835,4,1092,19105,1,,
468,880,6,1094,19130,1,,
288,2,7,834,19135,1,,
288,-1,-1,-999,19135,2,v14_piggyback,12.0,19135,0
197,113,5,907,19146,1,,
197,1812,4,907,19146,1,,
447,469,8,818,19147,1,,
132,1,10,834,19151,1,,
342,109,8,907,19160,1,,
411,106,9,818,19162,1,,
273,278,11,1147,19169,1,,
117,1365,1,43,19177,1,,
117,1362,8,818,19177,1,,
320,0,7,834,19181,1,,
320,-1,-1,-999,19182,2,v14_piggyback,6.0,19181,1
487,1189,3,1036,19185,1,,
192,104,8,1072,19193,1,,
208,1870,2,1083,19199,1,,
368,357,4,1035,19202,1,,
301,78,4,1147,19205,1,,
301,78,6,834,19205,1,,
193,113,10,1083,19216,1,,
140,50,8,1095,19219,1,,
413,148,4,1115,19220,1,,
413,133,5,1147,19220,1,,
439,258,5,1083,19226,1,,
103,1282,2,1083,19235,1,,
448,495,8,1147,19246,1,,
407,35,8,1095,19268,1,,
437,180,6,834,19271,1,,
437,-1,-1,-999,19271,2,v14_piggyback,1.0,19271,0
444,403,6,633,19278,1,,
410,93,8,1095,19282,1,,
460,729,6,876,19283,1,,
460,-1,-1,-999,19283,2,v14_piggyback,2.0,19283,0
461,760,4,1078,19288,1,,
360,49,6,834,19294,1,,
266,33,5,876,19306,1,,
388,120,11,830,19316,1,,
388,-1,-1,-999,19316,2,v14_piggyback,5.0,19316,0
264,183,6,860,19327,1,,
412,99,6,1140,19341,1,,
366,357,10,830,19344,1,,
79,58,9,868,19344,1,,
194,67,1,1158,19354,1,,
72,9,4,830,19356,1,,
72,2186,2,860,19356,1,,
386,73,1,834,19357,1,,
386,171,3,1147,19357,1,,
442,356,8,868,19368,1,,
312,361,6,830,19371,1,,
468,3155,2,1034,19377,1,,
447,468,8,1100,19405,1,,
447,468,8,1035,19405,1,,
447,-1,-1,-999,19406,2,v14_piggyback,1.0,19405,1
339,2575,4,834,19416,1,,
39,44,4,78,19422,1,,
61,7,11,1157,19423,1,,
117,1363,8,1083,19436,1,,
428,2983,2,899,19437,1,,
458,682,10,907,19452,1,,
411,97,11,830,19457,1,,
195,67,2,78,19459,1,,
429,758,4,978,19460,1,,
175,1689,4,78,19468,1,,
387,80,4,1155,19483,1,,
387,176,6,1155,19483,1,,
265,2187,2,78,19484,1,,
226,1980,4,860,19494,1,,
439,261,6,1147,19514,1,,
40,1216,8,1144,19516,1,,
446,442,1,980,19519,1,,
454,602,4,1095,19539,1,,
444,397,6,876,19546,1,,
407,40,4,860,19548,1,,
134,1456,1,1140,19551,1,,
409,92,3,860,19556,1,,
453,582,3,1036,19567,1,,
6,37,11,1130,19568,1,,
138,1484,2,78,19575,1,,
477,1045,2,830,19578,1,,
38,63,4,1025,19584,1,,
395,556,2,1095,19589,1,,
362,156,4,1169,19592,1,,
328,2521,3,1025,19610,1,,
461,750,6,1169,19610,1,,
329,649,4,917,19626,1,,
329,510,3,917,19626,1,,
423,399,10,1167,19635,1,,
423,-1,-1,-999,19635,2,v14_piggyback,2.0,19635,0
442,349,8,78,19640,1,,
442,-1,-1,-999,19640,2,v14_piggyback,4.0,19640,0
384,53,6,1117,19656,1,,
216,23,5,1102,19656,1,,
216,83,9,1102,19656,1,,
455,632,8,1169,19670,1,,
353,787,4,1117,19684,1,,
114,45,1,1025,19692,1,,
114,39,10,964,19692,1,,
382,17,6,1151,19696,1,,
273,297,5,1167,19700,1,,
389,176,10,964,19708,1,,
2,3,8,1180,19710,1,,
41,5,3,1117,19718,1,,
424,444,12,1161,19719,1,,
326,510,9,964,19723,1,,
411,112,11,1167,19737,1,,
411,-1,-1,-999,19737,2,v14_piggyback,7.0,19737,0
189,184,10,964,19740,1,,
128,116,8,1106,19751,1,,
408,48,5,1102,19752,1,,
462,762,9,964,19755,1,,
441,328,2,1117,19758,1,,
385,42,4,1161,19777,1,,
385,-1,-1,-999,19777,2,v14_piggyback,2.0,19777,0
159,1600,7,1106,19778,1,,
383,42,6,928,19789,1,,
439,273,8,1145,19803,1,,
464,813,7,1178,19818,1,,
392,309,10,889,19821,1,,
320,0,1,1102,19831,1,,
320,71,4,1156,19831,1,,
460,734,8,868,19832,1,,
445,423,6,1106,19848,1,,
393,462,12,1141,19852,1,,
162,14,6,917,19856,1,,
386,53,6,1106,19859,1,,
407,48,1,1102,19866,1,,
407,1208,4,928,19866,1,,
94,13,6,1178,19867,1,,
224,214,5,1106,19870,1,,
249,2098,4,917,19876,1,,
384,53,4,1106,19890,1,,
28,2016,4,1106,19903,1,,
412,101,5,889,19907,1,,
256,279,4,928,19933,1,,
455,628,6,1135,19938,1,,
455,631,10,1117,19938,1,,
24,1646,4,917,19948,1,,
451,541,3,964,19956,1,,
461,745,12,1180,19957,1,,
458,692,3,1025,19964,1,,
141,50,8,1170,19971,1,,
468,871,4,1130,19973,1,,
169,1656,4,1167,19974,1,,
387,55,2,1170,19984,1,,
42,1237,2,1103,19991,1,,
417,2937,2,917,19994,1,,
219,1928,2,1170,19998,1,,
306,2404,4,928,20001,1,,
454,616,2,836,20007,1,,
170,1662,2,928,20033,1,,
170,10,10,1182,20033,1,,
77,24,7,1172,20038,1,,
423,474,3,928,20041,1,,
435,1073,2,1156,20047,1,,
78,24,4,1181,20050,1,,
466,847,2,1025,20059,1,,
462,783,8,889,20061,1,,
128,1423,11,1149,20072,1,,
383,32,4,1156,20075,1,,
383,32,4,889,20075,1,,
442,349,2,78,20086,1,,
439,261,10,1169,20088,1,,
439,-1,-1,-999,20088,2,v14_piggyback,3.0,20088,0
225,214,8,1198,20114,1,,
57,4,12,1168,20118,1,,
120,1384,3,1198,20122,1,,
117,1362,1,1135,20127,1,,
432,909,4,1168,20127,1,,
307,393,10,1200,20130,1,,
447,463,2,1141,20143,1,,
224,1964,2,928,20150,1,,
384,21,7,964,20154,1,,
386,55,8,1170,20161,1,,
446,441,2,78,20178,1,,
131,39,10,1208,20191,1,,
131,1,7,1208,20191,1,,
418,232,5,1206,20199,1,,
398,685,1,1167,20200,1,,
10,1316,2,1168,20206,1,,
288,77,9,1208,20212,1,,
455,636,4,1208,20221,1,,
485,1167,5,1020,20244,1,,
485,1167,10,1208,20244,1,,
167,10,10,1052,20244,1,,
385,53,5,1126,20245,1,,
400,716,7,1020,20256,1,,
55,5,5,1126,20263,1,,
55,4,8,605,20263,1,,
424,493,12,1028,20263,1,,
411,101,1,889,20269,1,,
448,490,8,605,20274,1,,
483,1143,5,605,20283,1,,
181,10,9,1028,20286,1,,
181,1725,2,1028,20286,1,,
401,773,7,1191,20293,1,,
247,64,5,1052,20301,1,,
247,430,4,1028,20301,1,,
383,18,4,1213,20313,1,,
370,435,8,1028,20315,1,,
453,598,4,1126,20320,1,,
289,27,6,1211,20324,1,,
289,-1,-1,-999,20325,2,v14_piggyback,9.0,20324,1
339,100,8,1028,20329,1,,
192,1782,2,1126,20349,1,,
3,3,10,1211,20351,1,,
283,2,11,1196,20369,1,,
283,-1,-1,-999,20369,2,v14_piggyback,2.0,20369,0
340,244,10,861,20375,1,,
340,287,10,1190,20375,1,,
384,34,9,1222,20375,1,,
384,18,4,1189,20375,1,,
291,229,8,1048,20383,1,,
420,303,11,861,20392,1,,
43,29,7,1219,20394,1,,
364,200,2,605,20398,1,,
166,126,10,1196,20399,1,,
463,784,6,1028,20404,1,,
280,470,7,1223,20412,1,,
161,269,10,861,20420,1,,
44,29,12,1220,20430,1,,
44,9,8,1220,20430,1,,
365,201,8,1189,20450,1,,
421,341,4,1211,20452,1,,
439,274,8,1020,20466,1,,
446,450,8,605,20468,1,,
395,570,4,1104,20476,1,,
447,481,9,1216,20479,1,,
117,1362,6,1020,20487,1,,
219,1930,4,1200,20495,1,,
219,214,6,861,20495,1,,
438,206,1,1167,20509,1,,
438,237,7,861,20509,1,,
461,761,6,1220,20516,1,,
412,106,6,1052,20521,1,,
300,26,5,1220,20524,1,,
448,484,9,1075,20537,1,,
415,159,6,1190,20539,1,,
396,600,12,1138,20543,1,,
366,335,8,1175,20548,1,,
359,12,6,861,20551,1,,
359,-1,-1,-999,20551,2,v14_piggyback,4.0,20551,0
471,935,6,1052,20562,1,,
424,511,12,1138,20577,1,,
363,119,11,1195,20580,1,,
455,633,7,1138,20590,1,,
1,19,8,1195,20592,1,,
0,30,4,1190,20600,1,,
480,1086,12,1138,20609,1,,
411,112,4,1028,20609,1,,
206,1857,3,1028,20624,1,,
3,3,6,1138,20630,1,,
488,1206,3,861,20636,1,,
302,152,6,940,20641,1,,
302,15,9,1009,20641,1,,
485,1170,6,1203,20642,1,,
444,391,7,1195,20652,1,,
441,331,7,1201,20655,1,,
413,122,8,1195,20664,1,,
291,336,5,1138,20671,1,,
384,17,6,1220,20673,1,,
384,-1,-1,-999,20673,2,v14_piggyback,2.0,20673,0
211,1885,3,1052,20687,1,,
385,55,3,605,20708,1,,
385,21,8,1009,20708,1,,
166,1636,11,1104,20715,1,,
446,436,10,940,20723,1,,
178,1705,4,1201,20724,1,,
478,1054,4,998,20732,1,,
338,100,4,1048,20734,1,,
360,12,3,1118,20740,1,,
268,103,4,1195,20746,1,,
268,2200,2,1009,20746,1,,
438,249,9,1160,20755,1,,
288,20,6,1009,20755,1,,
301,57,8,1171,20768,1,,
361,49,8,998,20769,1,,
439,261,11,1201,20776,1,,
439,261,7,1138,20776,1,,
439,-1,-1,-999,20776,2,v14_piggyback,5.0,20776,0
409,70,3,1190,20777,1,,
433,967,6,940,20778,1,,
321,2481,2,1020,20782,1,,
448,487,10,940,20792,1,,
448,-1,-1,-999,20792,2,v14_piggyback,1.0,20792,0
447,476,2,1183,20793,1,,
435,3014,4,1048,20797,1,,
300,2371,3,1183,20819,1,,
225,1975,1,1028,20828,1,,
467,856,6,940,20851,1,,
482,1123,2,1211,20852,1,,
117,1365,2,1138,20859,1,,
383,18,2,1028,20859,1,,
440,314,2,605,20863,1,,
110,1323,2,1028,20866,1,,
364,172,2,1201,20872,1,,
224,1968,3,1075,20875,1,,
378,2768,1,1201,20882,1,,
282,2277,2,1219,20894,1,,
339,100,4,1148,20900,1,,
444,409,2,1196,20903,1,,
289,128,5,1238,20908,1,,
363,60,2,940,20925,1,,
410,74,7,1227,20925,1,,
199,223,2,1227,20945,1,,
380,2776,2,1227,20952,1,,
112,1333,8,1207,20978,1,,
112,1,10,1207,20978,1,,
362,119,2,1202,20985,1,,
178,1708,4,1186,20985,1,,
411,96,6,1088,20999,1,,
411,93,2,1088,20999,1,,
18,1253,6,1061,20999,1,,
3,46,8,1250,20999,1,,
341,136,6,1240,21010,1,,
365,119,10,1250,21016,1,,
283,2,11,1061,21028,1,,
366,322,8,1153,21030,1,,
301,26,8,1088,21035,1,,
338,6,6,1061,21040,1,,
465,835,5,1153,21040,1,,
419,252,8,1088,21049,1,,
429,817,4,1153,21049,1,,
24,1608,2,1061,21063,1,,
24,9,6,933,21063,1,,
24,3,8,933,21063,1,,
442,348,8,1088,21065,1,,
420,267,5,1061,21073,1,,
416,182,7,1207,21083,1,,
416,178,4,1242,21083,1,,
430,800,5,1214,21085,1,,
99,1250,8,832,21110,1,,
482,1126,6,1132,21121,1,,
288,470,5,832,21132,1,,
457,667,11,1084,21143,1,,
457,-1,-1,-999,21143,2,v14_piggyback,4.0,21143,0
440,305,12,1148,21144,1,,
440,281,2,1021,21144,1,,
158,65,8,832,21146,1,,
40,1220,10,1021,21163,1,,
40,5,2,1021,21163,1,,
412,108,2,1242,21165,1,,
412,111,6,1084,21165,1,,
425,550,7,638,21169,1,,
448,489,10,1088,21181,1,,
25,1598,11,1173,21195,1,,
25,9,12,1173,21195,1,,
0,28,6,638,21196,1,,
290,77,5,1207,21198,1,,
290,381,5,1084,21198,1,,
340,85,12,1021,21214,1,,
367,335,4,1088,21215,1,,
367,392,4,1088,21215,1,,
162,1613,10,1021,21230,1,,
302,78,9,1084,21230,1,,
384,34,6,1088,21242,1,,
415,175,10,933,21246,1,,
451,553,4,1063,21247,1,,
451,-1,-1,-999,21247,2,v14_piggyback,2.0,21247,0
228,23,6,933,21262,1,,
228,25,4,933,21262,1,,
409,76,3,1237,21269,1,,
409,76,3,1207,21269,1,,
426,566,9,1063,21269,1,,
1,41,9,1021,21278,1,,
445,423,4,638,21279,1,,
445,-1,-1,-999,21279,2,v14_piggyback,2.0,21279,0
439,261,5,1138,21289,1,,
114,39,7,1173,21293,1,,
114,1,2,1021,21293,1,,
156,1578,9,1021,21309,1,,
411,101,6,1242,21314,1,,
386,171,3,1267,21323,1,,
386,-1,-1,-999,21324,2,v14_piggyback,2.0,21323,1
399,685,4,1088,21324,1,,
438,204,5,1237,21335,1,,
345,424,7,1267,21336,1,,
473,958,9,933,21346,1,,
224,214,3,1088,21354,1,,
385,55,12,826,21367,1,,
187,1757,8,854,21376,1,,
320,0,8,1021,21388,1,,
320,-1,-1,-999,21388,2,v14_piggyback,5.0,21388,0
199,1820,3,1202,21394,1,,
422,399,4,826,21398,1,,
422,341,8,826,21398,1,,
422,-1,-1,-999,21398,2,v14_piggyback,6.0,21398,0
273,278,8,826,21412,1,,
419,263,8,1021,21415,1,,
482,1125,8,638,21426,1,,
343,534,8,1173,21427,1,,
410,2904,2,1187,21437,1,,
447,464,4,940,21438,1,,
447,481,4,933,21438,1,,
321,0,8,826,21440,1,,
424,422,1,1088,21442,1,,
486,1175,8,854,21450,1,,
225,240,4,1268,21452,1,,
431,872,7,1173,21461,1,,
429,818,6,832,21473,1,,
457,661,6,1112,21480,1,,
388,120,6,826,21485,1,,
283,20,6,854,21493,1,,
117,1363,6,826,21502,1,,
117,-1,-1,-999,21502,2,v14_piggyback,3.0,21502,0
384,42,8,1021,21505,1,,
155,1576,6,1021,21515,1,,
387,72,6,1280,21529,1,,
458,691,5,826,21540,1,,
478,1064,5,1148,21546,1,,
99,1250,4,891,21549,1,,
444,410,6,1021,21555,1,,
439,262,8,826,21563,1,,
451,552,6,933,21566,1,,
150,1552,4,1061,21573,1,,
425,532,3,1063,21580,1,,
438,190,6,1255,21588,1,,
385,72,4,1280,21590,1,,
3,46,10,1264,21592,1,,
449,503,5,930,21598,1,,
42,5,4,1021,21602,1,,
196,1808,4,1177,21608,1,,
426,555,4,826,21610,1,,
362,69,4,933,21625,1,,
445,423,2,638,21642,1,,
445,421,10,1267,21642,1,,
288,2,1,438,21646,1,,
192,113,4,1278,21655,1,,
0,30,3,1177,21663,1,,
383,21,8,1236,21667,1,,
383,42,2,1236,21667,1,,
153,1564,3,638,21671,1,,
361,2695,3,832,21680,1,,
361,-1,-1,-999,21680,2,v14_piggyback,2.0,21680,0
460,738,4,1278,21683,1,,
282,36,7,1278,21696,1,,
79,58,8,1291,21699,1,,
452,577,2,638,21700,1,,
263,440,4,1293,21705,1,,
388,132,7,1284,21710,1,,
4,51,5,1236,21733,1,,
4,37,8,1291,21733,1,,
457,660,4,1043,21737,1,,
457,668,10,1022,21737,1,,
457,667,4,930,21737,1,,
457,662,5,1177,21737,1,,
129,1429,1,1215,21737,1,,
162,126,5,1277,21749,1,,
386,120,4,1240,21751,1,,
386,72,10,1236,21751,1,,
164,14,5,1236,21760,1,,
257,2145,4,1236,21766,1,,
252,2116,4,933,21773,1,,
395,621,8,1277,21777,1,,
384,34,10,1277,21793,1,,
258,296,10,1234,21794,1,,
413,145,3,1240,21806,1,,
413,-1,-1,-999,21806,2,v14_piggyback,1.0,21806,0
245,2079,3,1061,21812,1,,
141,50,11,1297,21812,1,,
439,257,1,930,21813,1,,
393,352,5,1297,21823,1,,
411,106,8,1297,21837,1,,
385,42,4,1236,21844,1,,
196,1803,3,438,21845,1,,
438,249,5,930,21864,1,,
438,204,5,1293,21864,1,,
438,-1,-1,-999,21865,2,v14_piggyback,1.0,21864,1
39,9,4,1297,21865,1,,
39,63,6,1265,21865,1,,
425,550,4,1021,21867,1,,
60,1804,4,1204,21874,1,,
418,226,7,1204,21886,1,,
418,-1,-1,-999,21887,2,v14_piggyback,4.0,21886,1
451,553,3,1063,21890,1,,
451,548,8,1215,21890,1,,
451,557,6,826,21890,1,,
417,226,2,1204,21893,1,,
449,508,11,1008,21907,1,,
449,-1,-1,-999,21907,2,v14_piggyback,3.0,21907,0
182,160,11,1204,21910,1,,
234,131,4,1192,21916,1,,
426,617,2,999,21920,1,,
163,1620,1,933,21925,1,,
410,98,8,1265,21932,1,,
410,92,9,781,21932,1,,
44,82,11,1248,21945,1,,
253,383,12,781,21951,1,,
197,1810,1,1236,21952,1,,
416,187,9,1269,21960,1,,
408,35,1,933,21964,1,,
453,586,1,933,21969,1,,
169,139,12,1283,21979,1,,
6,37,9,781,21982,1,,
133,1,9,1270,22011,1,,
222,1953,1,1284,22015,1,,
254,221,12,1059,22017,1,,
452,568,5,1234,22020,1,,
363,172,2,1269,22027,1,,
151,1556,8,1265,22031,1,,
339,6,8,1289,22057,1,,
339,-1,-1,-999,22057,2,v14_piggyback,7.0,22057,0
461,752,9,1059,22057,1,,
134,130,8,1059,22088,1,,
173,192,9,675,22101,1,,
173,153,4,675,22101,1,,
173,75,7,675,22101,1,,
240,157,7,1270,22105,1,,
266,90,12,1225,22107,1,,
45,82,6,1307,22113,1,,
265,162,7,781,22120,1,,
183,113,6,1289,22125,1,,
183,166,9,1274,22125,1,,
58,4,12,675,22132,1,,
341,298,5,1274,22143,1,,
341,6,7,1271,22143,1,,
283,20,10,675,22148,1,,
283,-1,-1,-999,22149,2,v14_piggyback,6.0,22148,1
126,110,5,1225,22152,1,,
126,89,12,1311,22152,1,,
126,116,6,1286,22152,1,,
288,2,10,1299,22165,1,,
446,441,6,1274,22168,1,,
42,22,8,1225,22175,1,,
42,5,2,1286,22175,1,,
42,46,6,1286,22175,1,,
364,220,5,1271,22178,1,,
437,164,8,675,22179,1,,
258,471,10,1225,22199,1,,
258,296,6,1286,22199,1,,
436,1188,12,1313,22222,1,,
365,220,2,675,22222,1,,
365,156,6,1299,22222,1,,
411,101,6,1283,22234,1,,
411,-1,-1,-999,22234,2,v14_piggyback,5.0,22234,0
229,205,9,1313,22237,1,,
175,1690,4,1059,22242,1,,
175,153,8,1286,22242,1,,
124,1402,6,675,22245,1,,
453,599,7,1313,22250,1,,
390,250,9,1311,22257,1,,
438,190,5,933,22260,1,,
130,1437,2,675,22262,1,,
130,141,8,1310,22262,1,,
451,546,8,781,22271,1,,
1,51,6,1313,22272,1,,
416,197,5,1263,22272,1,,
199,223,6,781,22283,1,,
384,42,7,781,22303,1,,
4,3,6,1290,22312,1,,
215,181,6,1225,22315,1,,
418,215,6,675,22318,1,,
174,153,8,1281,22337,1,,
366,335,6,781,22349,1,,
448,495,4,675,22368,1,,
423,493,6,1281,22370,1,,
456,656,6,1059,22376,1,,
452,575,6,675,22380,1,,
443,382,6,1290,22382,1,,
45,1312,3,783,22389,1,,
481,1111,4,1263,22398,1,,
289,211,2,1263,22405,1,,
449,502,8,1059,22405,1,,
353,787,6,1290,22408,1,,
339,6,2,675,22416,1,,
339,-1,-1,-999,22416,2,v14_piggyback,1.0,22416,0
123,1395,4,781,22421,1,,
391,316,5,1281,22430,1,,
68,2111,4,1286,22431,1,,
342,85,11,1328,22442,1,,
288,27,4,1274,22449,1,,
288,-1,-1,-999,22449,2,v14_piggyback,7.0,22449,0
244,2069,2,1307,22450,1,,
446,453,7,1290,22462,1,,
156,1578,4,1225,22479,1,,
164,1627,4,999,22484,1,,
274,278,4,1059,22488,1,,
195,1794,4,1059,22497,1,,
434,1027,10,9,22499,1,,
389,245,10,1188,22500,1,,
230,123,4,1059,22511,1,,
266,90,2,1281,22518,1,,
266,162,5,1229,22518,1,,
457,659,4,1059,22520,1,,
268,2202,2,1286,22527,1,,
374,846,9,9,22527,1,,
2,51,6,1188,22552,1,,
283,2,12,9,22554,1,,
326,459,6,1188,22563,1,,
272,2227,2,1286,22572,1,,
416,182,10,9,22572,1,,
416,-1,-1,-999,22573,2,v14_piggyback,4.0,22572,1
390,236,6,1229,22575,1,,
411,112,5,1008,22601,1,,
411,112,5,1311,22601,1,,
174,1683,3,1273,22604,1,,
174,269,2,1229,22604,1,,
338,202,9,1340,22615,1,,
307,2410,2,1286,22617,1,,
443,384,6,1232,22618,1,,
251,2105,2,1188,22625,1,,
452,567,5,1008,22626,1,,
459,714,8,9,22629,1,,
231,2003,4,9,22638,1,,
412,133,2,1286,22640,1,,
256,233,11,577,22655,1,,
442,360,1,1233,22660,1,,
442,344,4,1251,22660,1,,
166,10,5,1300,22662,1,,
340,109,12,577,22674,1,,
439,261,4,1319,22680,1,,
447,469,8,577,22688,1,,
327,645,7,1233,22698,1,,
257,587,6,1221,22699,1,,
413,114,10,1300,22700,1,,
192,1781,2,826,22705,1,,
64,1929,3,1300,22710,1,,
446,446,6,1008,22720,1,,
247,64,2,1059,22724,1,,
274,2237,2,507,22728,1,,
343,465,6,577,22737,1,,
142,50,8,1342,22741,1,,
320,0,6,1221,22755,1,,
285,27,6,1221,22766,1,,
84,270,2,1059,22772,1,,
84,3,5,1345,22772,1,,
133,703,1,1333,22774,1,,
485,1162,2,1286,22777,1,,
486,1183,6,837,22778,1,,
478,1070,9,1079,22788,1,,
373,770,6,837,22789,1,,
292,229,8,1354,22800,1,,
288,2,1,1008,22810,1,,
410,93,8,1338,22811,1,,
289,2314,1,1333,22823,1,,
321,0,10,1260,22825,1,,
321,-1,-1,-999,22825,2,v14_piggyback,12.0,22825,0
349,2635,2,1286,22828,1,,
48,1368,4,837,22839,1,,
443,386,6,1251,22839,1,,
355,2664,4,577,22851,1,,
126,1412,1,935,22854,1,,
415,159,5,577,22862,1,,
339,100,2,28,22869,1,,
180,1718,3,1221,22870,1,,
221,1949,3,837,22879,1,,
221,-1,-1,-999,22879,2,v14_piggyback,2.0,22879,0
238,2040,1,1300,22884,1,,
174,1685,2,1257,22893,1,,
63,1892,1,1165,22896,1,,
442,344,9,1319,22906,1,,
442,364,10,1342,22906,1,,
442,349,10,1338,22906,1,,
170,1662,2,1257,22906,1,,
261,2164,2,28,22910,1,,
52,88,8,1257,22921,1,,
52,63,3,1257,22921,1,,
439,257,8,1079,22922,1,,
447,466,5,837,22928,1,,
56,5,10,1275,22943,1,,
56,4,7,1352,22943,1,,
416,159,4,577,22948,1,,
389,208,4,1257,22950,1,,
223,1956,3,837,22956,1,,
455,3101,2,577,22963,1,,
114,1,1,1321,22976,1,,
114,1346,2,1221,22976,1,,
142,1507,6,1079,22985,1,,
142,1506,5,28,22985,1,,
127,1,11,1275,22992,1,,
127,116,7,1184,22992,1,,
242,59,4,1360,22995,1,,
241,2054,2,1221,22999,1,,
445,428,11,1335,23007,1,,
478,1053,9,1333,23014,1,,
438,238,11,1275,23022,1,,
95,13,10,1081,23028,1,,
341,6,7,1081,23038,1,,
341,-1,-1,-999,23039,2,v14_piggyback,9.0,23038,1
106,1301,2,1221,23042,1,,
257,233,10,1081,23052,1,,
343,2601,2,1302,23057,1,,
135,1460,3,1081,23058,1,,
320,61,3,1081,23064,1,,
124,1401,2,992,23064,1,,
414,2925,1,675,23070,1,,
440,288,6,1275,23077,1,,
440,305,3,1184,23077,1,,
440,-1,-1,-999,23077,2,v14_piggyback,2.0,23077,0
181,1726,2,837,23078,1,,
437,1207,10,1184,23091,1,,
385,72,6,1337,23101,1,,
390,264,6,1184,23110,1,,
462,776,9,1335,23123,1,,
80,58,12,1332,23125,1,,
80,3,9,1322,23125,1,,
199,260,7,1352,23140,1,,
323,0,5,1316,23145,1,,
323,71,10,1316,23145,1,,
323,-1,-1,-999,23145,2,v14_piggyback,3.0,23145,0
394,514,5,1337,23151,1,,
138,177,6,1080,23162,1,,
138,1483,2,1080,23162,1,,
339,6,3,1081,23163,1,,
339,298,10,1316,23163,1,,
392,462,10,1362,23169,1,,
158,16,5,1335,23180,1,,
344,406,12,1080,23182,1,,
439,253,9,1360,23188,1,,
439,274,10,1322,23188,1,,
450,533,12,1258,23204,1,,
186,1748,10,1080,23205,1,,
186,104,2,1080,23205,1,,
186,191,3,1080,23205,1,,
338,136,4,1080,23214,1,,
421,369,5,1080,23224,1,,
421,-1,-1,-999,23224,2,v14_piggyback,2.0,23224,0
441,320,2,1080,23231,1,,
62,1876,4,1162,23237,1,,
431,907,9,1309,23238,1,,
409,74,5,1362,23248,1,,
211,231,10,1322,23257,1,,
248,157,8,1309,23269,1,,
182,113,4,1358,23273,1,,
340,298,8,1309,23280,1,,
129,116,8,1377,23287,1,,
54,88,11,1309,23296,1,,
256,306,4,1247,23304,1,,
258,587,12,1355,23323,1,,
445,419,10,1337,23327,1,,
445,421,7,1363,23327,1,,
445,-1,-1,-999,23327,2,v14_piggyback,3.0,23327,0
471,928,2,1275,23334,1,,
97,13,7,1258,23335,1,,
221,1947,4,1159,23337,1,,
221,-1,-1,-999,23337,2,v14_piggyback,1.0,23337,0
438,227,6,1335,23345,1,,
419,246,7,1322,23346,1,,
321,0,4,1184,23355,1,,
468,875,6,1309,23355,1,,
230,118,4,1335,23364,1,,
95,1227,6,1258,23366,1,,
437,164,10,1162,23380,1,,
437,-1,-1,-999,23380,2,v14_piggyback,4.0,23380,0
191,1774,2,1363,23387,1,,
265,162,7,1355,23394,1,,
40,44,5,1371,23401,1,,
413,145,5,1309,23408,1,,
462,772,6,1363,23413,1,,
371,650,6,1355,23422,1,,
257,2139,4,1332,23435,1,,
180,166,4,1355,23442,1,,
41,44,6,1387,23450,1,,
389,250,4,1332,23451,1,,
441,323,6,1309,23460,1,,
420,300,5,1355,23463,1,,
171,1665,4,1355,23472,1,,
320,0,4,1316,23477,1,,
320,-1,-1,-999,23477,2,v14_piggyback,3.0,23477,0
290,412,1,1358,23478,1,,
343,2601,2,965,23485,1,,
450,539,2,1239,23486,1,,
450,533,4,1324,23486,1,,
224,231,1,1355,23490,1,,
229,420,4,1230,23521,1,,
227,25,2,1332,23524,1,,
231,25,8,1166,23535,1,,
356,717,3,1332,23539,1,,
323,0,6,1230,23547,1,,
4,3,5,1401,23550,1,,
184,1740,2,1081,23559,1,,
324,389,10,1166,23563,1,,
419,272,1,1397,23565,1,,
419,272,3,1359,23565,1,,
267,33,7,1261,23576,1,,
421,300,1,1355,23577,1,,
476,1028,8,1166,23590,1,,
149,1542,3,1230,23601,1,,
438,216,2,1258,23606,1,,
265,103,9,1380,23618,1,,
396,570,8,1320,23632,1,,
322,213,7,1058,23640,1,,
395,556,3,1230,23640,1,,
403,976,7,1058,23651,1,,
321,0,8,1406,23654,1,,
442,344,5,1058,23659,1,,
442,-1,-1,-999,23659,2,v14_piggyback,4.0,23659,0
301,2375,3,1388,23664,1,,
152,1562,2,1318,23677,1,,
201,165,10,1341,23679,1,,
201,260,5,1385,23679,1,,
210,1879,2,1058,23683,1,,
171,1667,3,304,23685,1,,
230,25,10,1058,23698,1,,
302,78,8,1318,23699,1,,
420,302,6,1388,23711,1,,
181,104,6,1385,23728,1,,
441,331,1,1249,23740,1,,
441,323,10,1247,23740,1,,
441,-1,-1,-999,23740,2,v14_piggyback,3.0,23740,0
449,504,8,1380,23740,1,,
41,5,1,1414,23752,1,,
41,30,8,1414,23752,1,,
413,122,7,1261,23753,1,,
127,1418,3,1230,23761,1,,
350,2637,1,1391,23772,1,,
457,668,6,1320,23773,1,,
298,2360,2,985,23781,1,,
305,333,2,1380,23792,1,,
303,57,3,1331,23796,1,,
450,531,12,1401,23797,1,,
450,524,5,1134,23797,1,,
450,535,8,1058,23797,1,,
450,539,8,1058,23797,1,,
455,636,6,1385,23809,1,,
304,57,8,985,23814,1,,
437,164,2,1162,23819,1,,
437,180,12,1261,23819,1,,
464,809,10,1246,23827,1,,
471,927,1,1320,23830,1,,
109,110,7,1417,23845,1,,
109,8,2,1417,23845,1,,
421,302,2,1388,23846,1,,
323,0,1,1320,23853,1,,
409,70,5,1385,23857,1,,
211,1888,2,1414,23871,1,,
211,149,6,1246,23871,1,,
476,1028,6,1314,23877,1,,
476,-1,-1,-999,23877,2,v14_piggyback,3.0,23877,0
412,114,5,1366,23882,1,,
238,2040,2,1407,23890,1,,
444,390,5,1341,23895,1,,
389,210,4,1295,23899,1,,
229,205,5,1366,23909,1,,
95,13,10,1399,23916,1,,
417,225,4,1385,23919,1,,
299,15,1,1295,23925,1,,
42,5,3,1414,23927,1,,
386,146,4,1292,23945,1,,
301,15,4,1295,23949,1,,
453,3094,1,1404,23950,1,,
300,15,4,1295,23959,1,,
429,808,2,1366,23971,1,,
306,346,4,1292,23978,1,,
302,2380,4,1391,23980,1,,
302,78,3,1365,23980,1,,
302,26,7,1395,23980,1,,
416,175,4,1365,24002,1,,
463,797,8,1235,24003,1,,
149,1546,2,1365,24008,1,,
39,63,6,1424,24013,1,,
308,393,7,1404,24016,1,,
231,205,6,1423,24022,1,,
49,1405,3,1404,24023,1,,
407,48,8,1395,24024,1,,
407,-1,-1,-999,24024,2,v14_piggyback,2.0,24024,0
263,2175,3,1365,24032,1,,
305,78,6,1365,24043,1,,
388,120,7,979,24046,1,,
388,-1,-1,-999,24046,2,v14_piggyback,5.0,24046,0
307,408,7,1235,24058,1,,
442,344,5,1058,24063,1,,
442,362,6,1385,24063,1,,
43,5,8,1235,24072,1,,
371,596,9,1376,24076,1,,
467,859,2,1376,24081,1,,
454,610,1,1366,24091,1,,
227,25,5,1425,24100,1,,
374,895,2,1058,24104,1,,
89,129,6,1408,24108,1,,
89,8,6,1351,24108,1,,
2,37,5,1368,24112,1,,
59,7,2,1368,24117,1,,
174,65,6,1351,24124,1,,
174,1684,4,1351,24124,1,,
441,319,1,1331,24137,1,,
441,324,5,1407,24137,1,,
198,317,8,1432,24147,1,,
303,152,8,1154,24156,1,,
384,53,8,1351,24161,1,,
366,338,9,1154,24172,1,,
386,120,8,1432,24183,1,,
368,447,6,1403,24192,1,,
387,80,8,1436,24197,1,,
169,1654,3,1154,24201,1,,
392,415,6,1154,24213,1,,
163,1620,2,1235,24214,1,,
163,65,6,1428,24214,1,,
394,367,5,1420,24223,1,,
414,137,6,1408,24226,1,,
367,351,10,1304,24228,1,,
273,243,3,1403,24234,1,,
393,455,5,1375,24234,1,,
463,788,10,1288,24243,1,,
360,12,8,1398,24253,1,,
190,1773,4,1349,24264,1,,
359,12,4,1420,24272,1,,
369,357,7,1349,24274,1,,
142,1503,4,979,24284,1,,
263,2177,2,1306,24288,1,,
483,1134,5,1235,24294,1,,
288,27,4,1374,24302,1,,
402,2870,1,1374,24305,1,,
442,355,8,1351,24309,1,,
77,24,3,1346,24311,1,,
365,335,7,1374,24323,1,,
264,33,2,979,24336,1,,
363,172,8,1346,24344,1,,
448,490,4,1367,24346,1,,
412,114,7,1129,24349,1,,
62,4,6,1415,24353,1,,
291,336,6,1415,24363,1,,
361,11,8,1129,24372,1,,
361,11,9,1006,24372,1,,
361,-1,-1,-999,24372,2,v14_piggyback,1.0,24372,0
256,233,5,1129,24380,1,,
143,50,10,1367,24381,1,,
329,2525,2,1235,24388,1,,
366,337,8,1129,24391,1,,
407,48,6,1266,24402,1,,
185,67,6,1415,24423,1,,
441,319,11,1154,24423,1,,
441,343,5,1420,24423,1,,
450,533,4,1367,24428,1,,
450,-1,-1,-999,24429,2,v14_piggyback,3.0,24428,1
449,504,5,1006,24432,1,,
290,381,7,1410,24438,1,,
140,43,6,1421,24440,1,,
277,2249,4,1129,24444,1,,
386,94,2,1349,24452,1,,
368,335,1,1374,24457,1,,
440,292,7,1421,24458,1,,
265,440,6,867,24470,1,,
408,66,9,1447,24473,1,,
413,135,4,867,24479,1,,
78,47,3,1129,24481,1,,
486,1175,6,867,24491,1,,
190,1771,3,1164,24508,1,,
190,1769,4,1374,24508,1,,
461,751,8,823,24526,1,,
39,63,6,823,24535,1,,
411,108,8,1323,24536,1,,
427,2977,3,1323,24544,1,,
463,794,2,1425,24547,1,,
139,1488,10,1422,24552,1,,
179,1711,4,823,24555,1,,
365,172,3,867,24560,1,,
288,20,2,823,24563,1,,
182,113,2,867,24566,1,,
273,2233,3,823,24579,1,,
453,579,2,1440,24582,1,,
462,772,2,823,24586,1,,
483,3223,3,1373,24596,1,,
363,194,2,1440,24597,1,,
442,356,6,1323,24608,1,,
428,719,12,1452,24633,1,,
448,498,8,1413,24641,1,,
448,484,10,1421,24641,1,,
448,495,8,1422,24641,1,,
58,1706,3,1452,24649,1,,
58,4,7,1394,24649,1,,
204,165,2,1421,24652,1,,
204,1847,4,1334,24652,1,,
268,33,11,1394,24666,1,,
404,977,11,1334,24670,1,,
414,148,6,1394,24678,1,,
185,1745,1,1176,24684,1,,
185,1744,11,823,24684,1,,
185,139,8,987,24684,1,,
214,286,10,1326,24694,1,,
190,1771,2,979,24697,1,,
168,10,1,987,24700,1,,
168,10,10,1150,24700,1,,
441,323,6,1326,24706,1,,
162,1617,10,987,24716,1,,
200,223,6,1438,24717,1,,
413,142,6,1326,24729,1,,
272,230,11,987,24733,1,,
390,245,6,987,24751,1,,
390,247,5,1032,24751,1,,
274,243,4,1466,24766,1,,
269,33,10,1032,24767,1,,
450,533,8,1367,24773,1,,
450,517,9,867,24773,1,,
447,469,8,1150,24781,1,,
447,-1,-1,-999,24781,2,v14_piggyback,1.0,24781,0
43,5,4,1326,24784,1,,
388,199,10,1454,24797,1,,
139,1489,10,1334,24799,1,,
411,101,6,1394,24806,1,,
411,93,11,1326,24806,1,,
289,2,7,1150,24810,1,,
289,-1,-1,-999,24810,2,v14_piggyback,4.0,24810,0
392,456,6,1459,24813,1,,
467,856,4,1326,24813,1,,
343,2599,4,1431,24822,1,,
94,13,8,1150,24824,1,,
426,550,4,1150,24833,1,,
466,847,8,1459,24836,1,,
386,120,2,1452,24842,1,,
140,147,4,1431,24855,1,,
140,147,8,1459,24855,1,,
368,2725,2,1420,24866,1,,
432,887,6,1431,24866,1,,
353,2652,3,1459,24874,1,,
431,872,2,1296,24881,1,,
266,103,3,1459,24889,1,,
408,68,2,1323,24899,1,,
391,245,12,1427,24924,1,,
391,242,6,1409,24924,1,,
404,2879,2,1212,24925,1,,
45,29,12,1472,24931,1,,
161,1606,1,1006,24934,1,,
317,2462,1,1323,24938,1,,
179,1716,4,1143,24942,1,,
179,1714,2,637,24942,1,,
179,126,5,1409,24942,1,,
414,155,7,1466,24949,1,,
414,-1,-1,-999,24949,2,v14_piggyback,6.0,24949,0
338,287,4,1032,24951,1,,
223,1955,4,1472,24956,1,,
387,80,8,1409,24965,1,,
267,162,6,1482,24967,1,,
267,90,4,1482,24967,1,,
410,96,5,1409,24975,1,,
157,1585,4,1150,24990,1,,
229,1994,2,1481,24997,1,,
229,240,6,1481,24997,1,,
453,579,3,1472,25003,1,,
332,780,7,1419,25003,1,,
389,210,10,1462,25006,1,,
407,40,8,1488,25014,1,,
440,282,4,987,25015,1,,
390,266,6,1419,25027,1,,
418,241,3,1150,25027,1,,
423,493,7,1488,25048,1,,
291,439,3,1462,25049,1,,
0,9,4,1419,25054,1,,
425,2969,3,1217,25065,1,,
392,266,2,1419,25072,1,,
443,365,6,1205,25079,1,,
210,1881,3,1150,25089,1,,
183,1734,2,1411,25096,1,,
333,706,8,1245,25119,1,,
413,135,7,1458,25123,1,,
264,496,6,1489,25130,1,,
444,391,2,987,25137,1,,
411,112,6,1472,25141,1,,
411,-1,-1,-999,25141,2,v14_piggyback,6.0,25141,0
417,215,3,1364,25143,1,,
388,199,8,772,25144,1,,
424,505,2,1427,25152,1,,
466,838,11,1217,25161,1,,
408,40,10,1487,25166,1,,
339,6,7,1458,25179,1,,
182,1730,2,1150,25185,1,,
316,527,6,1205,25189,1,,
231,95,8,1390,25203,1,,
391,210,1,1462,25209,1,,
266,496,8,772,25213,1,,
385,72,6,1390,25214,1,,
385,-1,-1,-999,25214,2,v14_piggyback,1.0,25214,0
41,44,6,1488,25226,1,,
217,1916,1,987,25228,1,,
386,146,12,1469,25232,1,,
302,15,8,772,25246,1,,
302,-1,-1,-999,25246,2,v14_piggyback,3.0,25246,0
165,14,5,1469,25257,1,,
273,277,6,1390,25259,1,,
429,817,6,1469,25268,1,,
448,495,6,1487,25270,1,,
448,-1,-1,-999,25270,2,v14_piggyback,3.0,25270,0
440,281,6,1497,25273,1,,
345,310,5,772,25279,1,,
431,858,4,1287,25288,1,,
418,215,6,1364,25295,1,,
418,226,8,1446,25295,1,,
186,104,1,1481,25298,1,,
186,1747,2,1487,25298,1,,
409,74,4,1469,25323,1,,
173,153,6,1506,25324,1,,
288,36,2,1472,25328,1,,
476,1021,4,772,25336,1,,
414,155,3,1466,25343,1,,
425,571,10,1411,25352,1,,
392,326,2,1472,25366,1,,
410,86,12,1474,25371,1,,
481,1102,2,1390,25373,1,,
218,83,10,1499,25378,1,,
383,34,5,1512,25400,1,,
158,75,9,1499,25405,1,,
317,2461,2,1487,25407,1,,
417,203,7,1449,25416,1,,
388,80,1,1409,25419,1,,
469,888,2,1458,25426,1,,
430,817,8,1474,25433,1,,
5,3,10,1485,25434,1,,
137,1479,10,1485,25448,1,,
155,1577,2,1245,25458,1,,
384,52,3,1494,25459,1,,
387,132,8,1485,25460,1,,
416,195,9,1485,25473,1,,
412,105,2,1489,25479,1,,
424,522,4,1503,25493,1,,
130,45,8,1464,25501,1,,
130,39,10,1457,25501,1,,
128,116,7,1504,25512,1,,
165,1631,3,1285,25512,1,,
309,2416,2,1444,25517,1,,
389,199,1,772,25518,1,,
386,80,8,1474,25532,1,,
215,23,6,1457,25537,1,,
451,541,4,1457,25544,1,,
409,74,9,1500,25547,1,,
426,566,5,1485,25552,1,,
251,193,4,1485,25560,1,,
429,771,10,1382,25564,1,,
385,42,4,1517,25564,1,,
468,881,2,1444,25571,1,,
259,2156,4,1382,25573,1,,
320,0,2,1231,25582,1,,
320,-1,-1,-999,25582,2,v14_piggyback,2.0,25582,0
411,96,1,1409,25592,1,,
411,97,3,1449,25592,1,,
418,203,3,1449,25604,1,,
293,2332,4,1463,25626,1,,
293,-1,-1,-999,25626,2,v14_piggyback,2.0,25626,0
446,433,4,1386,25628,1,,
469,904,8,1471,25634,1,,
469,898,4,1339,25634,1,,
469,-1,-1,-999,25634,2,v14_piggyback,2.0,25634,0
435,1136,2,1231,25640,1,,
410,70,4,1463,25646,1,,
410,92,8,1463,25646,1,,
487,1189,2,1457,25646,1,,
410,-1,-1,-999,25647,2,v14_piggyback,6.0,25646,1
368,337,4,1463,25664,1,,
242,284,12,1475,25669,1,,
3,41,4,1325,25676,1,,
384,53,7,1503,25677,1,,
321,0,6,1507,25678,1,,
416,167,7,1444,25690,1,,
367,431,8,1511,25691,1,,
448,495,4,1487,25700,1,,
289,229,7,1224,25712,1,,
289,229,7,1498,25712,1,,
130,1435,9,1386,25715,1,,
383,17,8,1329,25726,1,,
128,45,6,1534,25740,1,,
267,90,8,1329,25740,1,,
1,28,8,1534,25751,1,,
291,336,8,1476,25754,1,,
456,655,4,1534,25758,1,,
245,2074,2,1534,25766,1,,
2,3,2,1531,25777,1,,
322,196,3,1513,25783,1,,
265,183,10,1496,25791,1,,
200,223,6,1498,25803,1,,
243,163,8,1312,25803,1,,
468,875,10,1298,25828,1,,
468,882,8,1231,25828,1,,
468,-1,-1,-999,25828,2,v14_piggyback,2.0,25828,0
386,72,8,1444,25842,1,,
409,92,7,1224,25851,1,,
481,1101,8,1528,25857,1,,
451,554,6,1325,25860,1,,
366,335,6,1329,25862,1,,
76,129,2,1528,25864,1,,
413,2917,2,1312,25865,1,,
385,72,3,1444,25872,1,,
429,808,6,1312,25874,1,,
215,1908,2,1379,25885,1,,
210,231,4,1521,25896,1,,
210,144,9,1521,25896,1,,
77,9,4,1470,25906,1,,
77,24,6,1470,25906,1,,
77,4,10,1470,25906,1,,
339,6,2,1521,25908,1,,
339,6,4,1478,25908,1,,
339,-1,-1,-999,25908,2,v14_piggyback,4.0,25908,0
444,394,4,1350,25916,1,,
417,219,2,1470,25923,1,,
417,-1,-1,-999,25923,2,v14_piggyback,2.0,25923,0
364,119,5,1511,25928,1,,
364,194,8,1478,25928,1,,
182,160,5,1510,25941,1,,
78,62,11,1510,25959,1,,
446,433,10,1142,25972,1,,
96,13,6,1478,25972,1,,
421,350,7,1142,25983,1,,
416,175,7,1476,25987,1,,
420,293,4,1437,25990,1,,
459,702,5,1224,25997,1,,
224,231,10,1142,26004,1,,
398,741,4,1496,26006,1,,
390,250,4,1510,26010,1,,
456,653,6,1521,26018,1,,
6,9,10,1142,26018,1,,
246,2084,4,1142,26025,1,,
158,151,4,1496,26027,1,,
453,579,2,1437,26035,1,,
376,2759,4,1496,26037,1,,
388,132,12,1330,26060,1,,
325,2502,3,1329,26070,1,,
434,3009,1,1142,26082,1,,
183,166,4,1535,26084,1,,
183,104,11,1550,26084,1,,
243,2067,3,1347,26094,1,,
243,2066,4,1272,26094,1,,
190,1772,3,1519,26099,1,,
386,55,11,1528,26101,1,,
409,76,6,1521,26106,1,,
326,451,3,1521,26115,1,,
419,246,10,1330,26118,1,,
359,12,8,1550,26131,1,,
180,1721,4,1551,26141,1,,
451,546,4,1400,26153,1,,
418,226,8,1532,26155,1,,
97,13,6,1518,26156,1,,
381,2780,3,1330,26163,1,,
377,975,5,1490,26166,1,,
454,612,5,1330,26173,1,,
444,394,9,1532,26189,1,,
444,394,1,1330,26189,1,,
444,-1,-1,-999,26189,2,v14_piggyback,2.0,26189,0
367,335,3,1329,26201,1,,
421,293,4,1437,26205,1,,
472,941,8,1396,26208,1,,
467,866,3,1224,26209,1,,
467,-1,-1,-999,26209,2,v14_piggyback,2.0,26209,0
459,711,4,1400,26212,1,,
485,1165,1,1521,26214,1,,
408,66,1,1498,26220,1,,
59,1755,2,1521,26227,1,,
410,70,11,1491,26244,1,,
425,566,4,1396,26248,1,,
246,2083,3,1524,26253,1,,
416,159,3,1350,26271,1,,
416,189,12,1532,26271,1,,
6,3,10,1491,26282,1,,
456,648,8,1312,26288,1,,
456,654,8,1142,26288,1,,
456,638,11,1142,26288,1,,
456,-1,-1,-999,26288,2,v14_piggyback,3.0,26288,0
482,1120,4,1545,26295,1,,
371,591,6,1163,26305,1,,
57,4,8,1163,26319,1,,
158,1588,2,1330,26324,1,,
42,1266,8,1163,26332,1,,
182,1731,2,1551,26344,1,,
288,2,6,1163,26344,1,,
411,111,3,1491,26346,1,,
147,1535,1,1550,26351,1,,
453,598,6,1519,26355,1,,
60,4,8,1570,26359,1,,
465,829,3,1491,26367,1,,
441,324,1,1535,26375,1,,
476,1015,7,1467,26380,1,,
3,22,10,1493,26394,1,,
454,608,5,1551,26396,1,,
44,5,11,1565,26410,1,,
44,46,10,1565,26410,1,,
447,464,11,1493,26411,1,,
97,1244,7,188,26423,1,,
184,104,11,1568,26429,1,,
128,89,3,1467,26441,1,,
62,82,12,1579,26470,1,,
62,7,4,1579,26470,1,,
40,63,8,824,26473,1,,
320,61,10,824,26489,1,,
409,87,10,1579,26492,1,,
409,79,5,1579,26492,1,,
472,948,2,1465,26496,1,,
421,300,9,1163,26498,1,,
421,-1,-1,-999,26498,2,v14_piggyback,1.0,26498,0
129,110,9,1546,26508,1,,
302,57,12,824,26515,1,,
459,715,7,1163,26523,1,,
459,701,10,1522,26523,1,,
183,104,9,824,26530,1,,
438,206,8,1492,26537,1,,
410,93,12,1467,26539,1,,
410,96,11,1546,26539,1,,
429,808,7,824,26543,1,,
323,0,7,1372,26550,1,,
323,-1,-1,-999,26550,2,v14_piggyback,15.0,26550,0
442,355,10,1579,26556,1,,
442,-1,-1,-999,26556,2,v14_piggyback,4.0,26556,0
360,60,7,1522,26562,1,,
364,322,7,1522,26575,1,,
401,803,6,1209,26577,1,,
151,16,5,824,26587,1,,
289,2,6,1372,26596,1,,
289,2,8,1492,26596,1,,
435,1073,2,1565,26598,1,,
370,529,7,1568,26609,1,,
384,17,6,1579,26614,1,,
384,-1,-1,-999,26614,2,v14_piggyback,2.0,26614,0
444,394,9,1330,26614,1,,
444,397,10,1396,26614,1,,
209,1871,4,1546,26627,1,,
319,1104,10,1567,26630,1,,
319,-1,-1,-999,26631,2,v14_piggyback,1.0,26630,1
338,202,6,1492,26643,1,,
119,1375,6,1493,26657,1,,
298,1042,11,1486,26668,1,,
467,866,5,1224,26674,1,,
453,588,6,1493,26675,1,,
441,332,8,1209,26689,1,,
362,119,1,1579,26691,1,,
460,729,6,1486,26704,1,,
204,1846,3,1209,26712,1,,
143,1511,3,1209,26719,1,,
409,70,5,1584,26721,1,,
417,225,2,824,26726,1,,
456,648,7,1545,26731,1,,
456,642,6,1372,26731,1,,
416,161,8,1585,26738,1,,
126,1416,4,1540,26746,1,,
385,32,5,1585,26760,1,,
447,481,12,1522,26765,1,,
472,949,8,824,26780,1,,
296,2349,2,1209,26787,1,,
260,2160,4,1372,26796,1,,
320,0,8,1581,26800,1,,
415,173,3,1544,26803,1,,
133,1454,4,1492,26805,1,,
438,249,11,1540,26822,1,,
300,26,4,1522,26831,1,,
361,69,4,1571,26850,1,,
361,-1,-1,-999,26850,2,v14_piggyback,1.0,26850,0
218,1925,2,1590,26860,1,,
159,170,9,1389,26862,1,,
159,65,11,1430,26862,1,,
444,405,1,1584,26865,1,,
253,488,10,1548,26866,1,,
140,1495,8,1389,26885,1,,
140,147,7,1197,26885,1,,
421,302,6,1522,26894,1,,
414,154,12,1136,26907,1,,
292,229,8,1389,26913,1,,
292,381,4,1197,26913,1,,
292,381,8,1430,26913,1,,
440,288,5,1136,26923,1,,
155,50,9,1533,26928,1,,
383,34,6,1136,26934,1,,
360,12,7,1262,26946,1,,
441,315,8,878,26948,1,,
78,4,7,1389,26957,1,,
78,9,2,1197,26957,1,,
78,3,7,1533,26957,1,,
78,2669,4,1533,26957,1,,
398,716,4,1372,26958,1,,
469,898,6,1262,26969,1,,
110,1,1,1209,26974,1,,
110,1,10,1430,26974,1,,
442,355,2,1579,26987,1,,
442,363,4,1572,26987,1,,
442,363,8,1523,26987,1,,
326,520,10,1197,26991,1,,
130,1433,6,878,26998,1,,
188,184,3,1372,27007,1,,
323,0,4,1430,27007,1,,
323,0,6,1197,27007,1,,
295,2341,4,878,27008,1,,
413,143,6,878,27023,1,,
88,3185,3,1479,27037,1,,
88,-1,-1,-999,27037,2,v14_piggyback,3.0,27037,0
481,1111,3,1522,27046,1,,
417,215,10,1389,27052,1,,
417,187,12,1430,27052,1,,
417,189,12,1430,27052,1,,
364,119,7,1587,27066,1,,
364,-1,-1,-999,27066,2,v14_piggyback,1.0,27066,0
416,173,4,1544,27074,1,,
416,178,6,1590,27074,1,,
133,1453,6,1479,27077,1,,
224,23,3,878,27082,1,,
122,1394,5,1533,27090,1,,
122,1,8,1445,27090,1,,
122,115,12,1445,27090,1,,
122,1391,3,1445,27090,1,,
113,1341,2,1587,27096,1,,
113,347,10,1587,27096,1,,
100,1263,8,732,27096,1,,
6,30,10,1445,27114,1,,
6,9,7,1445,27114,1,,
444,391,10,878,27118,1,,
438,216,8,1262,27119,1,,
137,130,12,1445,27133,1,,
114,177,9,1484,27135,1,,
230,276,6,1484,27149,1,,
483,1133,3,1527,27151,1,,
483,1133,8,1445,27151,1,,
103,1282,4,732,27156,1,,
359,12,1,1262,27162,1,,
359,11,6,1484,27162,1,,
410,79,4,1389,27167,1,,
410,97,6,1527,27167,1,,
178,1708,2,1522,27176,1,,
178,65,4,1484,27176,1,,
82,2921,2,1533,27183,1,,
82,7,8,1527,27183,1,,
96,270,6,1573,27195,1,,
96,13,5,1566,27195,1,,
391,247,3,1389,27196,1,,
391,210,4,1389,27196,1,,
452,573,8,1430,27210,1,,
59,4,10,1566,27215,1,,
373,770,7,1197,27227,1,,
360,2691,4,1136,27229,1,,
267,103,6,1445,27236,1,,
422,402,6,1573,27240,1,,
455,636,5,1566,27251,1,,
455,-1,-1,-999,27251,2,v14_piggyback,2.0,27251,0
0,19,2,1492,27263,1,,
0,19,2,563,27263,1,,
283,38,5,1566,27263,1,,
68,2026,2,1587,27272,1,,
417,189,6,1527,27275,1,,
417,-1,-1,-999,27275,2,v14_piggyback,1.0,27275,0
272,2227,2,1372,27278,1,,
358,979,6,1445,27284,1,,
392,456,5,1445,27296,1,,
385,55,5,1514,27298,1,,
268,103,7,1560,27305,1,,
60,82,3,1588,27311,1,,
60,1804,4,1514,27311,1,,
402,944,2,563,27311,1,,
95,1228,2,563,27318,1,,
421,341,3,1514,27319,1,,
278,2256,2,1484,27327,1,,
448,494,5,1525,27331,1,,
79,62,12,1194,27345,1,,
79,24,6,1194,27345,1,,
113,1338,10,563,27354,1,,
416,159,7,732,27368,1,,
416,182,8,1566,27368,1,,
416,-1,-1,-999,27368,2,v14_piggyback,4.0,27368,0
427,622,10,1480,27369,1,,
247,2085,2,1587,27373,1,,
458,698,6,1552,27387,1,,
348,678,5,1197,27396,1,,
472,942,5,1197,27404,1,,
245,2078,3,1480,27406,1,,
245,64,8,1480,27406,1,,
419,252,4,1430,27411,1,,
447,475,5,1552,27419,1,,
433,909,6,1547,27428,1,,
411,93,11,1194,27430,1,,
411,97,2,1194,27430,1,,
194,1789,4,1197,27441,1,,
121,1388,12,793,27453,1,,
384,42,10,1194,27469,1,,
320,71,4,1194,27488,1,,
320,91,8,1194,27488,1,,
452,574,7,1525,27488,1,,
452,577,7,1552,27488,1,,
129,45,9,1480,27493,1,,
477,1040,4,1197,27498,1,,
386,73,9,793,27503,1,,
266,496,8,1480,27505,1,,
413,137,9,793,27518,1,,
391,250,9,1547,27518,1,,
391,-1,-1,-999,27518,2,v14_piggyback,3.0,27518,0
111,1,8,1586,27526,1,,
111,3,8,1441,27526,1,,
7,9,6,793,27530,1,,
274,378,8,1586,27538,1,,
298,759,7,1194,27542,1,,
438,218,11,1441,27553,1,,
158,75,6,793,27554,1,,
283,2,3,1430,27558,1,,
353,814,9,1441,27566,1,,
139,1489,6,793,27568,1,,
387,73,6,1575,27575,1,,
388,132,6,1562,27579,1,,
440,288,6,1586,27585,1,,
422,358,6,1480,27594,1,,
302,15,2,1430,27595,1,,
486,3240,2,1430,27599,1,,
198,1817,2,1197,27603,1,,
95,1227,7,1575,27605,1,,
177,1703,2,1315,27618,1,,
235,131,6,1441,27632,1,,
346,2618,2,1430,27647,1,,
415,178,6,793,27657,1,,
460,739,2,1315,27657,1,,
446,453,2,1445,27670,1,,
449,502,5,1549,27682,1,,
455,636,4,1566,27684,1,,
455,625,3,1514,27684,1,,
455,637,12,1194,27684,1,,
180,1720,4,1495,27695,1,,
365,194,6,1194,27696,1,,
384,17,8,1562,27710,1,,
384,-1,-1,-999,27710,2,v14_piggyback,9.0,27710,0
417,189,4,1527,27717,1,,
190,1771,3,1586,27718,1,,
411,101,9,793,27725,1,,
411,-1,-1,-999,27725,2,v14_piggyback,1.0,27725,0
345,310,8,1574,27731,1,,
345,-1,-1,-999,27731,2,v14_piggyback,2.0,27731,0
463,793,6,793,27736,1,,
113,1337,3,1480,27739,1,,
354,787,8,1460,27745,1,,
395,600,4,1194,27745,1,,
452,562,9,1586,27754,1,,
130,39,5,1562,27756,1,,
56,1671,1,1522,27765,1,,
421,302,5,793,27766,1,,
421,-1,-1,-999,27766,2,v14_piggyback,1.0,27766,0
171,126,11,1460,27767,1,,
171,1668,4,1460,27767,1,,
52,1477,2,1586,27771,1,,
111,1326,4,931,27779,1,,
475,1008,2,1575,27786,1,,
444,397,4,1537,27789,1,,
444,-1,-1,-999,27789,2,v14_piggyback,1.0,27789,0
424,2966,4,1194,27799,1,,
164,126,7,1555,27822,1,,
438,238,7,1549,27826,1,,
438,249,7,1495,27826,1,,
438,-1,-1,-999,27826,2,v14_piggyback,10.0,27826,0
299,54,8,1460,27836,1,,
390,210,4,1460,27846,1,,
392,316,5,1555,27856,1,,
140,43,4,1555,27865,1,,
385,42,12,1461,27878,1,,
187,1757,8,1582,27884,1,,
187,139,4,1582,27884,1,,
393,456,10,1461,27897,1,,
434,1030,3,1194,27905,1,,
408,40,2,1301,27914,1,,
408,-1,-1,-999,27914,2,v14_piggyback,4.0,27914,0
451,557,4,793,27914,1,,
277,2249,2,1537,27921,1,,
418,226,2,1460,27921,1,,
418,232,8,1294,27921,1,,
462,769,3,1543,27929,1,,
186,153,6,1451,27941,1,,
186,67,7,1451,27941,1,,
399,671,12,1294,27960,1,,
407,40,10,1301,27973,1,,
416,187,2,793,27976,1,,
455,631,9,1582,27983,1,,
437,140,10,1301,27988,1,,
184,1737,2,1573,27996,1,,
96,13,8,1451,28003,1,,
419,285,2,1578,28004,1,,
339,85,5,1378,28012,1,,
62,1868,2,1562,28030,1,,
463,793,6,1543,28041,1,,
463,-1,-1,-999,28042,2,v14_piggyback,2.0,28041,1
475,1007,5,1228,28048,1,,
475,1006,9,1301,28048,1,,
171,1669,4,943,28060,1,,
171,14,6,1582,28060,1,,
340,202,12,1508,28068,1,,
209,1875,2,793,28074,1,,
412,111,8,1451,28076,1,,
141,43,6,1294,28087,1,,
314,564,8,1451,28101,1,,
130,1436,6,1461,28105,1,,
2,51,6,1294,28113,1,,
417,226,4,1460,28122,1,,
229,95,2,1537,28131,1,,
469,896,6,1451,28133,1,,
462,764,9,1563,28146,1,,
472,940,4,1460,28149,1,,
451,549,6,1461,28157,1,,
409,84,6,1451,28161,1,,
221,1948,1,1537,28164,1,,
221,339,1,1588,28164,1,,
221,-1,-1,-999,28164,2,v14_piggyback,1.0,28164,0
346,538,4,1210,28173,1,,
212,1890,4,1210,28182,1,,
438,238,3,1549,28199,1,,
438,249,4,1495,28199,1,,
438,204,8,1301,28199,1,,
407,48,3,1592,28205,1,,
118,1371,10,1066,28210,1,,
437,164,4,1378,28212,1,,
478,1064,5,1530,28221,1,,
478,-1,-1,-999,28221,2,v14_piggyback,3.0,28221,0
391,266,7,1066,28222,1,,
418,217,2,1530,28226,1,,
93,1218,4,1561,28234,1,,
93,347,2,1561,28234,1,,
413,148,11,910,28237,1,,
439,262,6,1530,28239,1,,
439,-1,-1,-999,28239,2,v14_piggyback,1.0,28239,0
362,156,6,1066,28246,1,,
486,1179,4,1152,28254,1,,
230,205,5,1066,28270,1,,
393,415,8,1152,28278,1,,
131,1438,2,1152,28282,1,,
134,1458,2,1152,28294,1,,
4,3,8,1589,28302,1,,
416,197,10,910,28306,1,,
471,929,6,910,28318,1,,
410,87,6,910,28330,1,,
217,23,6,910,28341,1,,
468,883,8,1589,28347,1,,
161,1607,3,910,28354,1,,
432,931,7,1589,28361,1,,
474,974,4,1210,28363,1,,
94,1224,4,943,28372,1,,
361,12,12,1369,28380,1,,
361,-1,-1,-999,28380,2,v14_piggyback,9.0,28380,0
469,896,9,910,28395,1,,
390,245,6,1556,28404,1,,
390,210,6,601,28404,1,,
390,264,4,601,28404,1,,
164,1627,3,1451,28418,1,,
231,321,4,1369,28420,1,,
231,321,6,1556,28420,1,,
130,45,4,1516,28424,1,,
130,141,6,1057,28424,1,,
130,116,1,1057,28424,1,,
132,1448,2,1460,28425,1,,
220,240,10,945,28441,1,,
431,907,6,1369,28442,1,,
431,892,9,601,28442,1,,
431,-1,-1,-999,28443,2,v14_piggyback,4.0,28442,1
446,437,9,1057,28456,1,,
407,56,7,1516,28481,1,,
407,56,10,1530,28481,1,,
179,1716,12,601,28489,1,,
165,1633,11,1256,28498,1,,
462,767,2,1553,28508,1,,
462,779,10,1066,28508,1,,
400,786,8,1055,28522,1,,
386,171,9,1256,28524,1,,
386,94,9,1516,28524,1,,
451,542,10,910,28525,1,,
451,546,6,910,28525,1,,
451,-1,-1,-999,28525,2,v14_piggyback,6.0,28525,0
387,146,8,1057,28538,1,,
363,156,6,1589,28539,1,,
363,172,4,1369,28539,1,,
338,287,2,943,28540,1,,
330,2528,2,910,28546,1,,
348,676,8,1055,28553,1,,
230,1999,4,910,28553,1,,
314,2444,2,1473,28568,1,,
437,179,8,1152,28570,1,,
437,179,10,1057,28570,1,,
437,1142,5,1256,28570,1,,
437,-1,-1,-999,28570,2,v14_piggyback,5.0,28570,0
444,388,8,1294,28579,1,,
476,1019,5,945,28585,1,,
476,1018,4,945,28585,1,,
447,467,8,1516,28599,1,,
97,1242,8,601,28609,1,,
418,235,8,1256,28613,1,,
479,1080,8,601,28623,1,,
464,813,6,1556,28635,1,,
257,2143,1,1552,28638,1,,
411,102,6,1520,28660,1,,
432,887,11,1055,28663,1,,
454,624,4,1520,28669,1,,
486,1174,3,1256,28672,1,,
486,1184,6,1256,28672,1,,
217,23,6,1369,28675,1,,
328,609,9,1520,28681,1,,
478,1064,1,1530,28709,1,,
478,1053,11,945,28709,1,,
389,264,5,601,28709,1,,
131,1440,8,1405,28723,1,,
100,1260,4,601,28723,1,,
100,47,4,1412,28723,1,,
460,725,7,1256,28735,1,,
439,280,8,1556,28737,1,,
408,40,7,1578,28748,1,,
384,52,6,1412,28749,1,,
210,1881,7,945,28761,1,,
274,277,7,1412,28762,1,,
393,352,6,945,28773,1,,
385,55,12,619,28774,1,,
385,-1,-1,-999,28774,2,v14_piggyback,4.0,28774,0
445,421,7,619,28784,1,,
412,106,8,619,28796,1,,
412,-1,-1,-999,28796,2,v14_piggyback,2.0,28796,0
