pod_id,item_id,qty,order_id,processed_time,task_type,trigger,opp_score
209,468,9,-70,67,1,,
209,939,8,-40,67,1,,
193,266,1,-94,71,1,,
193,43,12,-81,71,1,,
193,135,8,-13,71,1,,
155,6,2,-63,81,1,,
155,6,2,-5,81,1,,
155,6,6,-89,81,1,,
155,6,6,-68,81,1,,
155,6,6,-39,81,1,,
155,718,8,-63,81,1,,
407,828,8,-90,92,1,,
214,1159,7,-63,105,1,,
214,470,10,-5,105,1,,
48,1,3,-70,105,1,,
48,1,10,-40,105,1,,
48,1,11,-59,105,1,,
48,171,6,-59,105,1,,
22,427,8,-13,106,1,,
47,330,6,-13,117,1,,
269,2058,11,-58,126,1,,
269,94,4,-40,126,1,,
392,501,6,-35,129,1,,
147,130,4,-85,138,1,,
5,0,2,-100,144,1,,
5,0,3,-39,144,1,,
5,420,8,-63,144,1,,
5,113,12,-63,144,1,,
5,685,4,-5,144,1,,
15,166,7,-13,150,1,,
352,498,5,-68,163,1,,
352,393,8,-5,163,1,,
42,1,8,-95,171,1,,
42,1,9,-6,171,1,,
42,1,7,-70,171,1,,
42,1589,10,-40,171,1,,
196,464,8,-39,182,1,,
196,365,4,-5,182,1,,
187,1870,3,-13,186,1,,
6,66,8,-59,195,1,,
6,66,8,-58,195,1,,
9,1063,6,-68,203,1,,
9,321,8,-5,203,1,,
160,130,2,-85,209,1,,
460,317,6,-40,219,1,,
460,163,11,-6,219,1,,
27,32,10,-5,220,1,,
318,994,2,-94,226,1,,
304,16,8,-5,234,1,,
130,1337,8,-95,240,1,,
130,4,6,-95,240,1,,
141,40,6,-84,242,1,,
456,163,10,-39,250,1,,
71,334,2,-95,256,1,,
71,122,8,-59,256,1,,
270,597,7,-63,263,1,,
186,1369,9,-58,272,1,,
426,161,6,-63,274,1,,
133,79,4,1,283,1,,
421,510,7,-89,287,1,,
372,1016,10,-40,288,1,,
142,258,4,-66,291,1,,
280,14,8,-70,302,1,,
444,312,6,-63,306,1,,
150,913,5,-5,314,1,,
437,110,8,-58,316,1,,
24,31,4,-5,321,1,,
99,126,7,-58,328,1,,
13,67,4,-39,330,1,,
257,273,4,-59,340,1,,
257,94,2,-40,340,1,,
305,16,10,-49,349,1,,
86,338,7,-40,352,1,,
447,111,2,-49,357,1,,
447,28,3,-49,357,1,,
303,148,4,-97,360,1,,
288,14,2,-9,362,1,,
329,492,6,-40,364,1,,
306,16,2,-49,366,1,,
284,207,4,-89,369,1,,
134,79,6,-9,375,1,,
76,73,4,-59,381,1,,
135,79,5,-50,404,1,,
135,5,12,-50,404,1,,
308,149,3,-40,416,1,,
66,2,4,-89,419,1,,
239,273,4,-59,422,1,,
448,412,6,-50,428,1,,
448,64,6,-50,428,1,,
384,60,6,-50,438,1,,
177,192,1,-5,439,1,,
156,918,4,-58,450,1,,
370,1458,4,-40,457,1,,
445,412,6,-50,459,1,,
445,111,6,-28,459,1,,
47,1,1,-59,474,1,,
47,432,4,-3,474,1,,
225,1949,12,-11,475,1,,
165,41,4,-96,476,1,,
164,41,5,-96,485,1,,
246,11,7,-3,485,1,,
422,62,8,-28,487,1,,
281,14,5,-3,493,1,,
8,114,9,10,497,1,,
307,97,8,-11,499,1,,
444,839,7,-51,510,1,,
128,4,2,-42,522,1,,
282,482,6,-65,526,1,,
67,2,9,-3,536,1,,
166,7,9,-65,539,1,,
423,62,7,-11,547,1,,
151,456,6,-65,548,1,,
6,66,10,-65,562,1,,
173,1837,6,-12,564,1,,
386,396,2,-3,570,1,,
385,21,6,-12,574,1,,
407,403,6,-15,580,1,,
352,290,2,-58,586,1,,
58,667,6,-65,589,1,,
294,96,2,-95,590,1,,
382,21,6,11,595,1,,
382,60,10,13,595,1,,
204,137,4,-12,602,1,,
226,9,4,13,609,1,,
305,97,2,-11,613,1,,
68,72,8,-44,617,1,,
57,436,2,-28,619,1,,
340,289,3,-65,622,1,,
340,55,5,-38,622,1,,
353,56,6,-87,637,1,,
224,46,8,-79,637,1,,
120,181,1,-12,646,1,,
419,224,5,-87,647,1,,
338,213,10,17,665,1,,
338,392,8,17,665,1,,
286,603,1,-21,671,1,,
405,104,1,-65,675,1,,
405,24,6,-38,675,1,,
350,216,6,-21,681,1,,
91,36,2,-16,695,1,,
91,36,4,-38,695,1,,
91,2,9,17,695,1,,
337,392,2,17,709,1,,
337,54,8,-16,709,1,,
439,517,7,-21,718,1,,
0,0,8,3,721,1,,
291,15,7,-17,729,1,,
166,81,5,-15,741,1,,
166,459,10,17,741,1,,
422,305,10,-17,743,1,,
264,142,6,9,749,1,,
321,99,7,-17,753,1,,
246,372,4,17,755,1,,
246,11,5,17,755,1,,
290,380,8,-33,765,1,,
139,561,6,17,766,1,,
225,46,7,9,766,1,,
320,17,9,-55,778,1,,
442,228,2,-38,782,1,,
442,27,8,-16,782,1,,
205,8,8,-22,784,1,,
277,144,8,-16,796,1,,
330,2225,12,-32,801,1,,
425,26,4,-22,808,1,,
88,74,8,-22,819,1,,
181,194,2,-32,824,1,,
423,510,6,17,826,1,,
284,275,8,19,836,1,,
284,14,3,19,836,1,,
66,440,9,-32,837,1,,
198,43,8,2,858,1,,
198,465,8,25,858,1,,
319,388,9,12,860,1,,
123,558,5,-65,867,1,,
426,161,8,2,870,1,,
100,342,9,12,873,1,,
384,500,4,3,874,1,,
386,500,2,3,880,1,,
70,877,9,-55,886,1,,
385,500,4,3,886,1,,
77,335,2,3,891,1,,
140,1343,8,19,904,1,,
38,169,8,12,916,1,,
450,229,11,-53,920,1,,
117,1122,9,-56,924,1,,
74,123,8,-19,928,1,,
317,1435,7,-19,938,1,,
120,557,11,25,944,1,,
208,44,7,-56,950,1,,
39,33,10,0,953,1,,
2,320,6,-56,960,1,,
132,5,6,0,962,1,,
86,698,12,-10,967,1,,
86,2,6,-10,967,1,,
359,1225,6,19,972,1,,
167,359,10,-10,982,1,,
119,345,10,7,986,1,,
352,56,6,0,994,1,,
118,446,4,21,995,1,,
197,365,10,-53,999,1,,
109,37,8,-10,1010,1,,
64,243,6,2,1024,1,,
64,71,4,-53,1024,1,,
439,517,5,-17,1031,1,,
439,227,1,-55,1031,1,,
190,363,6,25,1034,1,,
210,87,6,7,1039,1,,
75,1648,5,-10,1042,1,,
3,320,2,-56,1043,1,,
219,1936,5,0,1045,1,,
322,18,6,25,1052,1,,
128,4,10,32,1057,1,,
453,523,6,-29,1061,1,,
194,84,4,19,1062,1,,
129,349,9,-20,1070,1,,
354,217,3,32,1076,1,,
220,945,6,4,1085,1,,
353,217,6,32,1094,1,,
63,71,4,-29,1107,1,,
432,1491,4,4,1109,1,,
40,169,9,-20,1113,1,,
420,509,2,-17,1114,1,,
175,265,1,-53,1127,1,,
37,70,11,-43,1135,1,,
362,292,1,-32,1152,1,,
0,684,8,-20,1152,1,,
348,20,9,-43,1153,1,,
185,462,6,-43,1162,1,,
177,265,1,-53,1169,1,,
225,9,5,-20,1171,1,,
373,59,8,-43,1174,1,,
176,265,1,-53,1174,1,,
178,265,1,-53,1178,1,,
457,1052,6,-20,1181,1,,
1,164,5,-74,1189,1,,
5,685,4,-20,1196,1,,
71,334,12,-1,1213,1,,
433,634,10,-80,1221,1,,
172,191,11,-76,1228,1,,
371,293,12,-80,1238,1,,
62,332,10,-1,1243,1,,
130,349,7,33,1243,1,,
168,359,10,15,1257,1,,
21,1,5,29,1257,1,,
21,30,9,29,1257,1,,
434,408,4,29,1276,1,,
203,576,4,33,1277,1,,
179,569,2,7,1286,1,,
425,1035,1,-15,1295,1,,
20,426,12,22,1305,1,,
72,879,12,8,1305,1,,
72,2,10,8,1305,1,,
205,1153,6,27,1315,1,,
22,30,8,30,1316,1,,
204,1153,6,27,1324,1,,
64,120,2,27,1329,1,,
452,28,8,-76,1331,1,,
452,315,12,15,1331,1,,
34,537,12,-72,1333,1,,
215,45,7,-72,1344,1,,
347,609,9,-76,1344,1,,
40,1292,4,27,1352,1,,
290,1196,7,30,1354,1,,
67,72,12,39,1361,1,,
23,168,6,43,1372,1,,
23,68,7,43,1372,1,,
392,23,9,15,1373,1,,
18,655,11,-72,1387,1,,
331,54,8,15,1394,1,,
190,83,9,37,1395,1,,
190,1877,5,37,1395,1,,
11,232,8,15,1406,1,,
287,146,8,-27,1410,1,,
107,343,8,8,1417,1,,
426,62,4,44,1419,1,,
426,107,8,44,1419,1,,
426,26,6,44,1419,1,,
51,172,6,-27,1431,1,,
201,466,12,44,1436,1,,
90,1674,3,8,1436,1,,
90,249,3,8,1436,1,,
382,1466,8,43,1443,1,,
315,2180,11,-98,1451,1,,
112,554,6,-1,1460,1,,
285,275,12,-41,1461,1,,
114,77,4,44,1467,1,,
114,3,8,44,1467,1,,
139,1343,6,8,1469,1,,
410,505,5,-76,1477,1,,
109,3,4,-27,1483,1,,
109,673,6,-41,1483,1,,
278,144,7,36,1491,1,,
278,274,11,36,1491,1,,
7,422,4,-27,1495,1,,
7,0,4,34,1495,1,,
155,356,8,34,1525,1,,
134,560,4,-76,1525,1,,
115,1120,5,37,1528,1,,
115,1712,4,-98,1528,1,,
115,127,6,-88,1528,1,,
115,37,8,-88,1528,1,,
115,445,6,-88,1528,1,,
177,568,4,8,1536,1,,
302,2146,8,-41,1548,1,,
235,272,10,-91,1551,1,,
160,189,6,37,1553,1,,
160,1807,6,-88,1553,1,,
318,284,11,44,1571,1,,
230,10,8,46,1581,1,,
24,116,7,-41,1585,1,,
24,687,7,40,1585,1,,
24,235,10,40,1585,1,,
246,11,4,-76,1588,1,,
206,86,6,44,1596,1,,
206,368,4,36,1596,1,,
206,8,7,36,1596,1,,
321,99,5,46,1596,1,,
76,1649,3,34,1603,1,,
76,245,10,40,1603,1,,
8,114,6,-91,1605,1,,
116,4,4,36,1614,1,,
116,127,3,36,1614,1,,
116,37,5,-31,1614,1,,
282,49,7,34,1623,1,,
282,145,8,40,1623,1,,
20,1,3,8,1633,1,,
431,26,7,37,1638,1,,
431,408,9,-31,1638,1,,
157,189,6,40,1639,1,,
157,261,6,40,1639,1,,
176,927,10,-31,1654,1,,
80,886,11,40,1654,1,,
18,425,6,40,1664,1,,
224,46,6,51,1668,1,,
178,569,10,-98,1670,1,,
222,87,6,-27,1673,1,,
234,90,4,51,1675,1,,
135,560,2,-76,1680,1,,
315,283,2,-76,1686,1,,
330,287,10,-88,1686,1,,
180,83,6,-72,1702,1,,
412,302,10,-88,1703,1,,
185,265,1,-53,1704,1,,
152,1790,8,36,1717,1,,
97,3,6,40,1720,1,,
306,16,5,-41,1732,1,,
144,259,7,44,1738,1,,
59,331,5,-72,1745,1,,
270,205,1,8,1749,1,,
201,1904,8,37,1757,1,,
7,1525,4,8,1759,1,,
186,265,1,-53,1762,1,,
49,1603,7,36,1768,1,,
74,123,8,44,1780,1,,
202,576,5,-72,1781,1,,
52,1298,7,36,1790,1,,
160,722,5,60,1797,1,,
211,87,3,-27,1797,1,,
211,138,8,-25,1797,1,,
89,75,4,43,1804,1,,
165,190,10,-24,1811,1,,
287,50,5,-25,1817,1,,
384,60,6,37,1821,1,,
161,1352,10,-24,1825,1,,
453,523,8,-25,1829,1,,
289,2105,6,-24,1858,1,,
13,322,6,37,1861,1,,
93,251,6,-98,1872,1,,
78,545,7,-25,1876,1,,
436,1259,12,-30,1882,1,,
206,1912,8,-31,1884,1,,
65,333,3,-25,1886,1,,
162,189,2,40,1893,1,,
132,5,9,-30,1894,1,,
80,336,8,-88,1895,1,,
391,1242,10,-30,1909,1,,
238,1981,6,-88,1911,1,,
2,419,5,-98,1919,1,,
149,187,8,63,1922,1,,
149,6,8,63,1922,1,,
203,576,1,-72,1925,1,,
443,637,4,36,1926,1,,
166,190,8,-30,1938,1,,
387,22,6,-48,1947,1,,
392,23,5,63,1955,1,,
224,46,4,36,1963,1,,
316,53,12,20,1966,1,,
66,2,4,63,1969,1,,
317,2188,6,-24,1975,1,,
317,-1,-1,-999,1975,2,two_level_rop,13.0
150,913,3,36,1976,1,,
68,2,7,54,1981,1,,
204,368,4,36,1983,1,,
212,87,6,-24,1989,1,,
284,980,3,-88,1998,1,,
148,353,8,20,2000,1,,
405,402,9,20,2013,1,,
151,187,11,-26,2016,1,,
8,422,8,-26,2028,1,,
4,320,5,-24,2029,1,,
94,251,1,-7,2036,1,,
94,2,4,-7,2036,1,,
94,176,4,-7,2036,1,,
96,441,11,-26,2043,1,,
24,326,9,-7,2051,1,,
129,78,5,20,2054,1,,
128,38,5,54,2057,1,,
128,128,5,-26,2057,1,,
145,352,10,-71,2065,1,,
97,177,10,14,2071,1,,
232,47,10,-71,2081,1,,
274,95,11,-71,2097,1,,
98,3,12,62,2098,1,,
98,178,9,62,2098,1,,
185,571,5,-24,2105,1,,
86,1667,10,35,2114,1,,
86,2,3,35,2114,1,,
16,687,5,60,2115,1,,
46,1296,8,-62,2121,1,,
46,238,9,-62,2121,1,,
21,30,7,-26,2134,1,,
21,116,2,14,2134,1,,
15,166,11,69,2137,1,,
167,41,4,20,2144,1,,
88,1670,3,-71,2146,1,,
88,176,6,-71,2146,1,,
28,32,8,69,2155,1,,
187,1872,9,-71,2159,1,,
149,353,10,-26,2161,1,,
149,40,11,-62,2161,1,,
433,63,4,70,2162,1,,
252,589,10,-71,2173,1,,
270,205,8,35,2185,1,,
249,200,2,60,2186,1,,
186,134,4,14,2188,1,,
186,571,5,62,2188,1,,
265,13,2,69,2191,1,,
356,394,8,-7,2197,1,,
247,751,3,-30,2197,1,,
165,263,1,63,2205,1,,
165,131,6,-26,2205,1,,
211,87,2,-24,2230,1,,
425,512,6,62,2238,1,,
104,180,7,-71,2238,1,,
53,173,6,54,2247,1,,
1,0,6,-71,2248,1,,
120,38,6,62,2257,1,,
426,512,6,62,2266,1,,
317,2188,5,-24,2268,1,,
22,325,6,-7,2272,1,,
2,647,5,14,2274,1,,
421,510,5,-7,2280,1,,
243,585,5,-26,2282,1,,
434,27,6,-7,2289,1,,
235,1975,4,14,2292,1,,
242,91,7,38,2292,1,,
205,368,1,36,2298,1,,
205,86,5,-7,2298,1,,
132,1741,5,-62,2307,1,,
212,138,11,38,2308,1,,
341,101,5,-71,2308,1,,
327,212,6,38,2317,1,,
89,176,5,38,2352,1,,
173,1837,4,-71,2364,1,,
256,11,9,-36,2365,1,,
204,8,3,14,2366,1,,
314,387,4,-71,2371,1,,
446,1044,6,38,2374,1,,
197,85,4,-71,2378,1,,
175,567,2,-36,2388,1,,
175,132,8,65,2388,1,,
78,545,3,-7,2396,1,,
0,1058,2,-62,2397,1,,
244,91,8,73,2400,1,,
122,558,2,44,2403,1,,
298,775,4,-69,2410,1,,
257,374,12,57,2416,1,,
7,422,2,-26,2426,1,,
387,22,8,57,2431,1,,
467,319,4,-69,2433,1,,
320,2197,2,35,2436,1,,
293,381,8,49,2445,1,,
133,5,12,66,2461,1,,
209,269,7,65,2482,1,,
209,8,7,-82,2482,1,,
115,4,9,66,2492,1,,
96,1686,8,57,2493,1,,
274,95,9,66,2507,1,,
259,141,10,-82,2507,1,,
317,2186,4,-88,2508,1,,
317,993,4,-7,2508,1,,
258,592,6,83,2517,1,,
91,250,8,66,2519,1,,
26,688,4,73,2524,1,,
26,1554,8,-82,2524,1,,
462,164,8,66,2534,1,,
388,218,7,-82,2534,1,,
321,782,12,83,2538,1,,
15,531,2,83,2542,1,,
296,2129,6,-36,2544,1,,
212,1923,12,66,2551,1,,
212,-1,-1,-999,2551,2,two_level_rop,29.0
21,656,6,83,2551,1,,
59,331,7,57,2554,1,,
384,60,5,66,2561,1,,
90,548,6,-82,2563,1,,
260,48,5,90,2577,1,,
197,85,5,73,2578,1,,
1,29,4,57,2596,1,,
405,24,6,67,2597,1,,
265,13,4,38,2604,1,,
172,191,3,66,2613,1,,
325,286,3,90,2618,1,,
2,528,9,24,2650,1,,
2,0,6,24,2650,1,,
207,195,8,-47,2654,1,,
207,938,10,-47,2654,1,,
460,317,6,24,2659,1,,
95,76,9,81,2660,1,,
287,50,4,-82,2667,1,,
204,86,12,85,2671,1,,
250,478,8,24,2676,1,,
250,273,4,24,2676,1,,
167,460,4,-82,2680,1,,
347,216,4,85,2691,1,,
347,55,8,85,2691,1,,
22,30,11,24,2691,1,,
256,273,4,24,2703,1,,
64,332,4,73,2707,1,,
371,1459,5,24,2712,1,,
77,124,4,73,2714,1,,
37,32,10,85,2715,1,,
37,70,8,85,2715,1,,
142,129,4,24,2719,1,,
370,293,4,93,2727,1,,
116,4,10,85,2731,1,,
406,24,10,-47,2748,1,,
62,332,4,61,2748,1,,
23,534,4,79,2756,1,,
171,82,4,67,2763,1,,
171,41,5,85,2763,1,,
139,561,2,57,2768,1,,
258,273,2,24,2772,1,,
91,250,8,-47,2777,1,,
341,101,3,81,2780,1,,
213,87,6,-47,2788,1,,
168,923,12,-99,2800,1,,
444,312,8,-47,2802,1,,
16,532,8,-99,2812,1,,
293,51,6,67,2820,1,,
257,591,12,-99,2828,1,,
251,478,5,26,2831,1,,
260,141,5,-99,2836,1,,
339,55,6,-99,2845,1,,
247,140,5,-47,2849,1,,
32,689,2,24,2854,1,,
38,1,3,97,2860,1,,
38,70,7,97,2860,1,,
248,140,4,-47,2865,1,,
85,887,5,-99,2868,1,,
279,206,3,-47,2873,1,,
61,34,4,-99,2875,1,,
33,536,7,31,2879,1,,
83,35,4,85,2882,1,,
0,164,2,66,2894,1,,
42,33,12,103,2901,1,,
42,118,8,103,2901,1,,
13,67,2,66,2908,1,,
34,328,9,71,2929,1,,
422,305,4,71,2935,1,,
409,25,2,-62,2937,1,,
222,1164,3,71,2941,1,,
24,326,2,-47,2941,1,,
166,41,2,85,2946,1,,
62,1625,1,26,2947,1,,
3,0,12,103,2962,1,,
359,57,2,14,2976,1,,
338,495,10,97,2976,1,,
236,372,8,105,2991,1,,
308,149,9,-77,2994,1,,
31,69,4,104,2998,1,,
272,762,10,-67,3009,1,,
76,73,2,105,3010,1,,
204,8,4,104,3017,1,,
86,35,4,103,3025,1,,
86,547,6,-67,3025,1,,
258,592,1,104,3029,1,,
429,108,8,97,3039,1,,
201,466,4,112,3042,1,,
455,230,1,14,3047,1,,
1,65,8,-67,3053,1,,
92,1679,4,104,3056,1,,
408,504,8,-64,3064,1,,
153,456,6,97,3067,1,,
112,554,7,97,3080,1,,
435,635,2,-64,3083,1,,
188,266,6,97,3092,1,,
224,88,8,103,3106,1,,
265,13,10,74,3114,1,,
91,250,7,119,3117,1,,
270,1410,2,117,3119,1,,
172,82,5,119,3125,1,,
198,85,6,50,3134,1,,
312,16,7,74,3139,1,,
312,2171,8,-37,3139,1,,
149,261,6,119,3143,1,,
453,413,6,117,3148,1,,
21,30,8,74,3159,1,,
141,1761,12,50,3160,1,,
268,377,2,-37,3165,1,,
268,479,1,-37,3165,1,,
322,996,6,-77,3170,1,,
152,456,3,97,3175,1,,
456,230,4,50,3177,1,,
267,377,8,-37,3181,1,,
267,479,4,-37,3181,1,,
116,1716,4,-82,3182,1,,
309,97,8,88,3193,1,,
42,866,11,-77,3198,1,,
124,348,3,-77,3203,1,,
200,465,7,72,3211,1,,
95,76,4,109,3219,1,,
85,547,6,107,3220,1,,
405,24,3,-99,3234,1,,
140,185,8,107,3236,1,,
22,30,10,-45,3242,1,,
320,782,4,107,3243,1,,
30,1073,3,109,3249,1,,
192,266,2,97,3254,1,,
35,1575,8,-45,3268,1,,
193,463,10,56,3278,1,,
128,4,2,109,3283,1,,
31,69,7,124,3291,1,,
295,147,7,-45,3301,1,,
406,24,8,56,3307,1,,
132,257,9,113,3309,1,,
306,148,7,-45,3323,1,,
306,97,7,124,3323,1,,
104,180,7,124,3334,1,,
180,83,6,80,3334,1,,
265,204,7,80,3345,1,,
266,13,12,-92,3353,1,,
321,995,5,80,3353,1,,
69,1093,7,56,3355,1,,
354,794,9,-92,3368,1,,
133,350,11,80,3369,1,,
248,92,6,88,3380,1,,
232,47,2,-60,3383,1,,
312,2171,5,-45,3394,1,,
312,209,3,-92,3394,1,,
161,723,10,115,3397,1,,
130,39,2,130,3402,1,,
0,0,1,130,3405,1,,
453,1506,12,74,3412,1,,
453,-1,-1,-999,3412,2,two_level_rop,32.0
394,220,7,-60,3412,1,,
325,2212,10,128,3427,1,,
342,290,8,82,3428,1,,
106,1116,5,106,3441,1,,
57,693,9,128,3453,1,,
57,1,11,128,3453,1,,
129,4,6,115,3462,1,,
136,560,4,-92,3467,1,,
228,89,6,128,3487,1,,
228,9,3,128,3487,1,,
228,46,5,95,3487,1,,
228,139,5,95,3487,1,,
137,560,4,-92,3490,1,,
31,863,4,125,3507,1,,
205,137,10,128,3507,1,,
74,123,4,-92,3509,1,,
438,110,2,74,3516,1,,
70,1638,9,128,3522,1,,
72,1095,12,125,3523,1,,
256,93,3,124,3524,1,,
193,43,2,124,3536,1,,
41,117,5,128,3541,1,,
41,1293,7,95,3541,1,,
208,44,10,5,3544,1,,
435,409,1,-92,3547,1,,
182,570,6,5,3553,1,,
225,9,10,53,3557,1,,
32,69,8,5,3567,1,,
437,310,8,52,3574,1,,
73,543,4,5,3574,1,,
339,55,3,5,3580,1,,
251,373,8,53,3590,1,,
456,524,6,5,3590,1,,
249,752,7,128,3615,1,,
134,79,6,128,3625,1,,
206,195,12,131,3635,1,,
439,410,6,128,3635,1,,
192,135,2,5,3639,1,,
181,194,8,131,3651,1,,
308,16,8,99,3652,1,,
308,384,7,99,3652,1,,
387,397,1,-60,3657,1,,
387,22,4,128,3657,1,,
49,119,6,87,3667,1,,
321,152,12,99,3671,1,,
204,137,2,128,3676,1,,
204,8,4,95,3676,1,,
368,804,6,128,3686,1,,
210,269,11,99,3689,1,,
61,34,10,99,3705,1,,
95,1317,8,131,3707,1,,
157,564,8,99,3719,1,,
106,898,10,125,3721,1,,
447,1501,6,131,3731,1,,
102,179,8,99,3733,1,,
463,1057,4,115,3740,1,,
130,449,4,106,3743,1,,
137,1752,6,-78,3749,1,,
137,39,2,99,3749,1,,
137,5,2,99,3749,1,,
362,292,3,131,3752,1,,
103,1697,3,95,3754,1,,
94,251,8,134,3763,1,,
252,373,4,53,3769,1,,
433,308,7,99,3775,1,,
193,573,7,-60,3786,1,,
327,212,6,99,3787,1,,
72,543,1,5,3788,1,,
32,117,1,128,3789,1,,
326,100,12,110,3806,1,,
175,926,9,149,3817,1,,
31,863,10,-92,3822,1,,
33,32,8,147,3832,1,,
232,371,8,110,3836,1,,
129,4,7,149,3844,1,,
25,68,4,149,3851,1,,
363,58,4,99,3852,1,,
363,20,6,110,3852,1,,
279,206,8,110,3866,1,,
283,482,12,86,3872,1,,
213,577,4,134,3879,1,,
213,1926,3,110,3879,1,,
100,442,7,149,3880,1,,
60,437,2,142,3885,1,,
440,518,5,149,3897,1,,
113,555,5,99,3903,1,,
99,178,6,142,3906,1,,
34,69,10,86,3906,1,,
8,114,8,86,3918,1,,
203,7,3,143,3920,1,,
203,367,8,127,3920,1,,
35,117,5,122,3925,1,,
464,318,5,86,3927,1,,
369,157,11,142,3940,1,,
398,221,9,127,3944,1,,
11,423,6,68,3952,1,,
225,9,4,122,3957,1,,
194,43,4,68,3959,1,,
430,108,8,127,3974,1,,
328,2219,7,68,3984,1,,
348,20,8,127,3986,1,,
36,117,4,122,3987,1,,
36,32,5,16,3987,1,,
224,88,7,16,3997,1,,
465,318,10,23,3998,1,,
293,984,4,145,4005,1,,
416,106,2,148,4009,1,,
173,264,6,16,4017,1,,
266,13,10,146,4021,1,,
153,355,6,16,4031,1,,
199,85,9,146,4034,1,,
75,1307,4,18,4035,1,,
75,123,6,18,4035,1,,
384,158,5,146,4042,1,,
37,117,5,127,4050,1,,
42,118,4,99,4057,1,,
32,1566,6,86,4078,1,,
32,69,4,145,4078,1,,
32,32,7,18,4078,1,,
119,906,8,-61,4078,1,,
431,307,10,-4,4086,1,,
431,307,12,47,4086,1,,
413,302,10,-61,4093,1,,
412,506,4,16,4099,1,,
1,164,3,18,4101,1,,
1,0,6,18,4101,1,,
340,289,6,-61,4109,1,,
455,162,4,150,4121,1,,
455,230,10,150,4121,1,,
423,107,6,94,4126,1,,
423,25,6,94,4126,1,,
27,1071,6,18,4129,1,,
459,1510,10,-4,4135,1,,
158,189,6,18,4138,1,,
159,189,4,18,4145,1,,
6,66,8,150,4146,1,,
205,467,8,94,4148,1,,
205,8,8,94,4148,1,,
327,100,6,-4,4157,1,,
99,1690,11,122,4163,1,,
53,240,4,145,4167,1,,
352,498,7,150,4173,1,,
58,1087,7,94,4174,1,,
464,417,4,68,4182,1,,
464,164,1,18,4182,1,,
28,1071,2,18,4198,1,,
28,326,6,64,4198,1,,
280,481,5,47,4205,1,,
38,117,2,127,4217,1,,
38,33,3,-4,4217,1,,
424,25,6,64,4224,1,,
424,107,8,64,4224,1,,
83,35,8,94,4225,1,,
353,56,2,94,4230,1,,
256,11,6,64,4233,1,,
410,25,6,94,4239,1,,
392,621,4,141,4249,1,,
161,723,4,150,4258,1,,
45,1597,6,64,4260,1,,
429,162,2,150,4270,1,,
429,26,6,141,4270,1,,
406,105,10,152,4270,1,,
425,107,10,154,4274,1,,
100,178,4,127,4277,1,,
76,696,6,135,4287,1,,
372,103,6,154,4300,1,,
414,1484,10,135,4301,1,,
460,317,4,127,4303,1,,
430,162,3,18,4306,1,,
96,895,6,135,4311,1,,
315,283,4,18,4315,1,,
114,555,4,99,4320,1,,
74,123,10,152,4325,1,,
54,240,4,141,4329,1,,
335,391,10,152,4342,1,,
416,25,2,64,4344,1,,
46,170,2,150,4351,1,,
332,54,12,123,4360,1,,
177,7,3,-93,4383,1,,
177,192,11,-93,4383,1,,
373,103,11,92,4383,1,,
65,1090,6,89,4392,1,,
77,73,8,152,4400,1,,
313,16,8,137,4413,1,,
313,97,4,137,4413,1,,
313,52,11,137,4413,1,,
42,118,7,152,4415,1,,
42,33,4,123,4415,1,,
82,175,9,137,4426,1,,
51,172,9,-93,4429,1,,
51,70,4,-93,4429,1,,
78,335,11,158,4438,1,,
239,1174,9,92,4439,1,,
101,178,7,89,4439,1,,
59,242,6,137,4448,1,,
290,380,8,152,4450,1,,
428,1489,5,137,4456,1,,
458,316,4,89,4457,1,,
458,64,9,-93,4457,1,,
282,145,10,-93,4471,1,,
405,402,8,158,4476,1,,
68,2,5,162,4481,1,,
68,243,8,162,4481,1,,
56,666,9,-93,4485,1,,
306,383,4,152,4504,1,,
64,439,3,137,4505,1,,
43,1592,6,158,4513,1,,
392,501,9,-93,4514,1,,
6,421,4,158,4520,1,,
459,1510,9,-73,4530,1,,
381,59,4,135,4533,1,,
314,16,7,162,4534,1,,
314,52,10,111,4534,1,,
125,908,3,158,4546,1,,
374,59,12,162,4550,1,,
63,439,8,-73,4554,1,,
396,1024,3,135,4570,1,,
66,2,4,162,4571,1,,
66,174,8,111,4571,1,,
170,566,4,116,4579,1,,
170,41,5,140,4579,1,,
122,678,8,133,4583,1,,
81,1658,8,-93,4591,1,,
115,37,5,111,4606,1,,
115,4,6,165,4606,1,,
243,91,8,-73,4615,1,,
232,47,11,133,4621,1,,
172,566,4,116,4628,1,,
172,41,5,140,4628,1,,
253,201,8,111,4633,1,,
15,166,7,140,4641,1,,
307,1427,7,111,4643,1,,
29,32,10,161,4650,1,,
189,135,7,-93,4653,1,,
292,277,6,111,4653,1,,
47,432,7,133,4663,1,,
299,208,5,-93,4671,1,,
299,484,2,-93,4671,1,,
265,49,6,111,4679,1,,
117,4,7,-93,4681,1,,
128,4,4,161,4688,1,,
28,1560,6,167,4698,1,,
65,333,6,-93,4701,1,,
174,360,7,167,4708,1,,
315,387,6,165,4712,1,,
457,1268,5,167,4716,1,,
424,225,3,167,4722,1,,
290,2110,9,-73,4725,1,,
372,807,6,111,4727,1,,
257,1179,12,91,4738,1,,
398,1026,5,111,4747,1,,
88,176,6,89,4750,1,,
147,6,10,91,4753,1,,
16,234,5,133,4759,1,,
49,663,6,91,4762,1,,
358,291,6,-93,4766,1,,
287,2101,7,91,4772,1,,
50,663,5,133,4778,1,,
425,26,5,-93,4781,1,,
452,112,10,91,4786,1,,
373,59,6,-93,4793,1,,
141,351,3,89,4803,1,,
141,5,2,140,4803,1,,
344,215,4,165,4814,1,,
316,387,4,165,4821,1,,
409,223,5,-93,4821,1,,
194,84,2,148,4826,1,,
100,671,2,162,4834,1,,
322,152,5,111,4846,1,,
266,49,4,-73,4847,1,,
396,1024,8,138,4861,1,,
317,283,4,-93,4863,1,,
105,1700,2,137,4872,1,,
177,1847,4,116,4877,1,,
120,346,8,126,4881,1,,
456,230,6,126,4895,1,,
48,1297,2,118,4896,1,,
71,334,3,116,4902,1,,
371,1459,1,162,4910,1,,
288,50,11,126,4910,1,,
175,360,8,126,4922,1,,
416,223,1,-93,4927,1,,
166,1821,6,155,4931,1,,
80,246,2,118,4936,1,,
158,262,2,-93,4941,1,,
182,134,3,91,4942,1,,
182,1856,4,155,4942,1,,
30,429,5,126,4950,1,,
241,199,5,126,4958,1,,
51,172,5,126,4966,1,,
42,118,4,126,4973,1,,
318,98,4,120,4987,1,,
318,98,6,156,4987,1,,
343,290,8,121,4988,1,,
343,55,10,121,4988,1,,
342,496,2,-57,4993,1,,
360,1450,6,120,4996,1,,
387,22,8,121,5004,1,,
33,429,4,121,5011,1,,
32,117,4,156,5018,1,,
302,2144,8,121,5024,1,,
388,22,12,101,5041,1,,
320,151,4,170,5042,1,,
97,3,8,121,5053,1,,
31,429,8,170,5054,1,,
7,1525,4,121,5059,1,,
96,36,2,170,5064,1,,
295,96,8,153,5071,1,,
10,321,12,179,5074,1,,
9,321,4,156,5078,1,,
385,296,7,177,5081,1,,
62,694,1,126,5091,1,,
62,70,11,179,5091,1,,
128,38,8,179,5103,1,,
396,823,5,155,5116,1,,
253,590,6,179,5125,1,,
408,24,8,160,5128,1,,
408,403,6,160,5128,1,,
425,26,5,179,5133,1,,
170,132,6,177,5133,1,,
63,694,1,126,5140,1,,
63,71,3,179,5140,1,,
202,936,9,160,5143,1,,
202,194,2,160,5143,1,,
215,197,4,126,5147,1,,
410,505,3,91,5157,1,,
280,206,3,155,5167,1,,
18,166,6,175,5169,1,,
18,0,12,114,5169,1,,
18,425,2,114,5169,1,,
153,355,4,121,5186,1,,
8,114,5,160,5188,1,,
8,66,9,160,5188,1,,
298,208,4,163,5194,1,,
341,55,9,160,5206,1,,
341,101,4,114,5206,1,,
389,22,9,189,5212,1,,
397,503,2,126,5212,1,,
120,557,12,114,5222,1,,
132,711,12,189,5229,1,,
443,311,4,121,5236,1,,
208,44,10,160,5236,1,,
147,6,11,198,5251,1,,
228,89,2,121,5255,1,,
398,503,2,126,5261,1,,
84,1664,4,163,5262,1,,
24,168,8,160,5264,1,,
347,1008,4,153,5269,1,,
65,694,1,126,5278,1,,
361,1451,10,114,5278,1,,
40,1585,2,121,5285,1,,
216,197,2,126,5288,1,,
93,549,8,175,5290,1,,
350,56,9,160,5303,1,,
64,694,1,126,5303,1,,
399,503,2,126,5309,1,,
9,422,8,160,5315,1,,
304,777,5,42,5318,1,,
66,694,1,126,5322,1,,
303,148,9,159,5335,1,,
45,238,7,193,5338,1,,
45,1,7,193,5338,1,,
212,87,6,42,5345,1,,
196,136,8,114,5348,1,,
78,73,5,193,5357,1,,
181,134,5,160,5369,1,,
181,83,3,175,5369,1,,
450,314,7,159,5374,1,,
338,495,8,192,5381,1,,
308,487,7,171,5385,1,,
38,328,9,157,5402,1,,
38,33,6,157,5402,1,,
451,521,6,193,5411,1,,
217,45,6,160,5425,1,,
133,350,7,157,5435,1,,
133,5,2,129,5435,1,,
133,681,9,129,5435,1,,
260,12,4,160,5435,1,,
260,94,3,114,5435,1,,
397,1025,7,42,5436,1,,
397,220,5,159,5436,1,,
241,1400,8,170,5447,1,,
89,339,4,114,5454,1,,
226,197,2,157,5459,1,,
226,9,7,129,5459,1,,
226,370,5,129,5459,1,,
218,87,1,42,5461,1,,
218,1385,5,171,5461,1,,
384,104,1,114,5474,1,,
384,104,3,175,5474,1,,
436,516,6,171,5478,1,,
115,4,4,186,5481,1,,
225,197,4,157,5482,1,,
225,9,11,157,5482,1,,
256,1178,4,175,5489,1,,
79,1309,9,157,5497,1,,
409,403,2,160,5498,1,,
409,25,2,175,5498,1,,
335,789,3,159,5508,1,,
73,72,6,129,5521,1,,
73,1644,10,6,5521,1,,
151,1139,5,159,5533,1,,
68,694,1,126,5536,1,,
68,-1,-1,-999,5536,2,two_level_rop,29.0
452,640,10,6,5544,1,,
452,28,6,203,5544,1,,
195,1891,1,126,5546,1,,
363,1453,3,159,5560,1,,
67,694,1,126,5563,1,,
99,441,12,129,5571,1,,
99,126,7,191,5571,1,,
20,324,3,160,5571,1,,
7,530,1,159,5579,1,,
165,131,12,191,5590,1,,
90,176,8,200,5593,1,,
235,272,4,114,5602,1,,
227,271,11,6,5607,1,,
328,100,9,178,5626,1,,
385,104,2,175,5631,1,,
303,2148,8,129,5633,1,,
303,15,8,129,5633,1,,
303,15,2,191,5633,1,,
194,84,4,213,5636,1,,
40,1584,10,191,5650,1,,
38,33,7,178,5655,1,,
149,187,6,211,5660,1,,
127,128,4,191,5666,1,,
127,710,6,203,5666,1,,
16,687,12,178,5671,1,,
301,988,7,211,5681,1,,
103,551,4,157,5681,1,,
103,1696,5,129,5681,1,,
4,648,6,178,5692,1,,
4,0,5,185,5692,1,,
348,20,6,211,5695,1,,
306,2155,2,175,5696,1,,
21,30,8,185,5708,1,,
265,49,9,129,5709,1,,
408,301,8,185,5722,1,,
13,29,4,129,5725,1,,
13,322,4,191,5725,1,,
369,1232,4,207,5740,1,,
445,111,6,129,5740,1,,
445,63,3,191,5740,1,,
431,108,8,185,5743,1,,
299,278,2,207,5754,1,,
299,15,8,207,5754,1,,
426,161,8,157,5754,1,,
228,89,8,185,5762,1,,
244,585,8,157,5768,1,,
89,75,6,178,5772,1,,
208,44,8,6,5782,1,,
130,449,5,185,5793,1,,
165,1354,7,78,5795,1,,
2,419,6,212,5803,1,,
292,15,7,191,5808,1,,
313,386,9,41,5811,1,,
83,175,7,41,5822,1,,
259,273,4,185,5832,1,,
300,484,7,41,5848,1,,
300,208,5,41,5848,1,,
206,137,6,180,5852,1,,
320,98,5,41,5858,1,,
38,1077,9,185,5863,1,,
224,1389,6,129,5865,1,,
302,208,5,41,5869,1,,
260,273,4,185,5870,1,,
395,220,6,191,5874,1,,
149,912,8,41,5882,1,,
68,694,1,126,5888,1,,
68,-1,-1,-999,5888,2,two_level_rop,1.0
315,1207,3,6,5897,1,,
121,557,5,190,5898,1,,
405,24,12,220,5898,1,,
303,148,4,178,5911,1,,
314,150,7,190,5911,1,,
22,30,4,157,5912,1,,
150,130,4,190,5920,1,,
318,994,3,212,5921,1,,
148,130,4,190,5930,1,,
261,273,3,185,5931,1,,
364,1454,4,157,5933,1,,
322,152,3,157,5939,1,,
197,136,1,114,5948,1,,
77,124,3,191,5953,1,,
132,5,2,6,5958,1,,
128,183,8,221,5984,1,,
323,152,4,221,5992,1,,
151,130,3,190,6001,1,,
10,422,1,160,6002,1,,
138,1754,6,164,6024,1,,
59,174,4,222,6029,1,,
8,114,12,196,6031,1,,
23,427,7,164,6035,1,,
99,1690,6,202,6043,1,,
264,203,11,139,6047,1,,
432,634,10,164,6049,1,,
130,4,6,202,6055,1,,
430,633,6,164,6058,1,,
344,215,3,196,6062,1,,
344,496,4,196,6062,1,,
345,496,2,196,6067,1,,
129,183,2,221,6070,1,,
129,4,6,164,6070,1,,
6,66,2,221,6080,1,,
97,3,12,196,6083,1,,
346,215,8,187,6095,1,,
176,728,2,191,6097,1,,
356,1015,4,196,6101,1,,
343,496,4,196,6108,1,,
349,55,8,96,6125,1,,
349,102,4,236,6125,1,,
336,19,2,129,6126,1,,
392,399,3,164,6131,1,,
24,168,3,214,6137,1,,
221,197,2,96,6138,1,,
221,370,7,96,6138,1,,
252,373,2,157,6142,1,,
77,544,9,164,6178,1,,
77,34,1,164,6178,1,,
49,239,10,235,6185,1,,
13,0,9,236,6189,1,,
13,322,10,-18,6189,1,,
13,114,12,-18,6189,1,,
69,2,10,231,6202,1,,
154,916,1,157,6211,1,,
270,13,7,187,6211,1,,
270,143,10,-18,6211,1,,
64,332,5,231,6212,1,,
361,1451,9,231,6227,1,,
201,466,10,-18,6230,1,,
96,341,4,235,6236,1,,
253,964,9,208,6242,1,,
433,515,8,96,6242,1,,
387,817,6,231,6248,1,,
68,694,1,126,6253,1,,
68,-1,-1,-999,6253,2,two_level_rop,1.0
23,657,9,-18,6255,1,,
434,63,11,233,6265,1,,
56,1617,8,-18,6266,1,,
84,35,7,-18,6277,1,,
20,1,9,233,6278,1,,
358,291,2,238,6286,1,,
316,53,7,233,6305,1,,
344,215,10,96,6308,1,,
254,590,8,233,6317,1,,
75,1307,8,240,6322,1,,
135,682,2,233,6324,1,,
85,35,8,240,6334,1,,
30,32,10,215,6346,1,,
30,68,7,215,6346,1,,
121,254,6,96,6347,1,,
183,265,1,96,6358,1,,
183,42,6,240,6358,1,,
290,276,11,184,6370,1,,
290,380,7,184,6370,1,,
156,6,8,184,6382,1,,
173,264,4,184,6389,1,,
264,142,5,-18,6395,1,,
174,82,6,241,6398,1,,
70,34,7,204,6402,1,,
70,2,10,204,6402,1,,
180,265,1,96,6410,1,,
180,83,10,217,6410,1,,
202,936,7,204,6415,1,,
11,232,4,188,6426,1,,
331,390,9,204,6430,1,,
233,1170,6,251,6442,1,,
117,181,12,204,6449,1,,
21,167,6,204,6461,1,,
179,265,1,96,6465,1,,
284,980,3,184,6466,1,,
284,14,9,251,6466,1,,
109,37,4,224,6470,1,,
439,110,4,96,6475,1,,
145,1136,3,236,6482,1,,
145,352,1,188,6482,1,,
142,351,8,204,6484,1,,
141,351,2,204,6490,1,,
89,75,4,184,6492,1,,
87,1313,4,204,6499,1,,
373,59,4,251,6501,1,,
342,290,4,246,6508,1,,
99,126,4,246,6518,1,,
387,397,4,96,6527,1,,
181,265,1,96,6538,1,,
434,634,10,184,6539,1,,
175,82,3,241,6545,1,,
348,216,6,55,6557,1,,
363,58,1,233,6562,1,,
182,265,1,96,6564,1,,
28,32,1,215,6567,1,,
393,298,2,233,6573,1,,
290,1417,11,201,6588,1,,
208,195,8,172,6591,1,,
208,8,12,172,6591,1,,
183,194,4,55,6617,1,,
183,461,11,172,6617,1,,
183,83,5,172,6617,1,,
184,265,1,96,6621,1,,
68,694,1,126,6625,1,,
68,-1,-1,-999,6625,2,two_level_rop,1.0
57,1302,9,209,6640,1,,
196,1893,9,108,6642,1,,
311,97,8,172,6643,1,,
311,16,6,172,6643,1,,
311,385,2,28,6643,1,,
133,79,10,255,6656,1,,
364,58,6,55,6666,1,,
364,156,12,172,6666,1,,
243,585,7,255,6669,1,,
372,21,12,172,6683,1,,
365,58,6,108,6685,1,,
134,79,12,209,6687,1,,
384,158,10,258,6699,1,,
374,619,12,257,6699,1,,
160,564,12,209,6706,1,,
85,35,4,172,6713,1,,
85,547,6,28,6713,1,,
147,6,8,216,6720,1,,
39,70,7,265,6736,1,,
65,1,7,216,6736,1,,
65,121,3,216,6736,1,,
352,611,4,258,6742,1,,
268,2054,3,55,6743,1,,
268,94,4,28,6743,1,,
2,528,6,216,6748,1,,
38,70,8,258,6754,1,,
117,446,6,216,6759,1,,
209,269,4,258,6761,1,,
15,166,4,258,6768,1,,
69,244,7,216,6772,1,,
380,295,12,205,6798,1,,
387,397,9,55,6807,1,,
0,0,2,172,6816,1,,
0,29,4,172,6816,1,,
21,116,11,205,6817,1,,
21,68,3,205,6817,1,,
210,44,6,28,6825,1,,
14,67,5,243,6831,1,,
14,233,5,243,6831,1,,
108,343,6,28,6835,1,,
208,1917,9,28,6848,1,,
310,281,3,216,6851,1,,
168,41,5,172,6856,1,,
4,419,5,243,6860,1,,
4,0,6,205,6860,1,,
327,100,6,172,6865,1,,
145,715,4,257,6880,1,,
148,6,12,254,6883,1,,
74,543,4,172,6890,1,,
269,2060,4,216,6893,1,,
16,323,10,270,6906,1,,
16,115,9,270,6906,1,,
121,77,9,254,6908,1,,
258,94,4,28,6911,1,,
376,59,4,216,6917,1,,
354,499,6,205,6929,1,,
354,20,11,270,6929,1,,
131,4,10,260,6933,1,,
259,94,4,28,6935,1,,
54,173,11,270,6944,1,,
260,12,10,260,6950,1,,
70,244,8,260,6964,1,,
427,512,6,151,6964,1,,
427,1036,9,270,6964,1,,
6,320,6,254,6975,1,,
398,401,10,205,6979,1,,
5,320,6,254,6986,1,,
133,79,9,270,6992,1,,
443,311,4,55,6993,1,,
245,750,5,254,6997,1,,
311,2168,2,-34,7000,1,,
23,30,8,151,7003,1,,
72,543,3,172,7014,1,,
89,339,8,151,7015,1,,
128,1738,2,254,7019,1,,
308,97,4,172,7023,1,,
317,490,8,205,7027,1,,
31,32,2,265,7037,1,,
31,117,5,270,7037,1,,
349,216,4,55,7040,1,,
193,43,2,28,7047,1,,
406,105,2,260,7066,1,,
59,242,6,270,7070,1,,
232,47,2,172,7091,1,,
399,401,2,205,7097,1,,
399,23,5,242,7097,1,,
189,266,6,271,7107,1,,
464,417,6,205,7107,1,,
68,694,1,126,7111,1,,
68,-1,-1,-999,7111,2,two_level_rop,1.0
190,266,3,271,7113,1,,
453,413,1,172,7116,1,,
165,41,1,172,7120,1,,
164,7,5,205,7134,1,,
259,757,7,242,7144,1,,
166,7,5,266,7147,1,,
261,593,6,268,7151,1,,
33,117,4,270,7151,1,,
400,623,4,266,7154,1,,
2,0,4,242,7158,1,,
136,682,3,266,7160,1,,
428,512,5,151,7166,1,,
187,265,1,96,7167,1,,
187,-1,-1,-999,7167,2,two_level_rop,13.0
255,754,2,258,7171,1,,
378,811,2,151,7179,1,,
424,511,6,253,7194,1,,
324,1212,6,267,7205,1,,
377,294,4,174,7216,1,,
238,1173,6,244,7225,1,,
0,164,4,244,7243,1,,
423,107,3,244,7249,1,,
83,1100,7,228,7250,1,,
234,90,1,174,7255,1,,
1,319,5,249,7257,1,,
122,558,6,249,7267,1,,
160,263,3,228,7269,1,,
41,1,4,263,7275,1,,
41,1587,6,263,7275,1,,
394,298,4,267,7276,1,,
426,407,9,263,7291,1,,
87,2,4,237,7293,1,,
87,74,8,237,7293,1,,
77,544,12,263,7310,1,,
125,708,7,263,7321,1,,
97,441,10,237,7322,1,,
74,123,4,263,7327,1,,
389,297,9,261,7340,1,,
443,519,12,229,7340,1,,
261,1182,4,253,7353,1,,
447,28,12,237,7358,1,,
235,90,4,263,7362,1,,
235,139,2,84,7362,1,,
235,371,10,168,7362,1,,
121,347,10,229,7374,1,,
123,347,7,264,7375,1,,
410,627,10,168,7376,1,,
57,436,11,250,7391,1,,
78,335,6,261,7397,1,,
78,2,10,261,7397,1,,
405,402,6,264,7406,1,,
101,76,11,250,7412,1,,
101,1111,3,282,7412,1,,
291,276,6,261,7418,1,,
291,772,10,84,7418,1,,
156,457,3,264,7418,1,,
38,660,5,250,7432,1,,
38,70,8,282,7432,1,,
152,188,9,259,7436,1,,
8,114,3,259,7442,1,,
73,245,6,168,7443,1,,
73,2,12,166,7443,1,,
204,466,9,237,7452,1,,
204,137,4,282,7452,1,,
124,78,8,261,7464,1,,
124,4,8,166,7464,1,,
329,53,7,229,7472,1,,
329,100,6,282,7472,1,,
122,678,5,182,7473,1,,
372,21,6,283,7484,1,,
372,1234,4,166,7484,1,,
372,619,5,166,7484,1,,
161,263,3,228,7489,1,,
161,81,8,282,7489,1,,
224,88,4,166,7498,1,,
224,8,6,166,7498,1,,
180,83,10,250,7506,1,,
59,242,10,166,7512,1,,
423,107,4,237,7522,1,,
423,224,6,229,7522,1,,
437,516,10,166,7526,1,,
2,165,8,288,7530,1,,
446,841,2,288,7535,1,,
74,245,6,250,7540,1,,
287,50,11,166,7542,1,,
130,4,6,282,7550,1,,
412,106,6,288,7555,1,,
294,96,1,288,7558,1,,
207,137,8,282,7562,1,,
319,17,10,168,7568,1,,
132,5,5,229,7572,1,,
77,544,10,84,7586,1,,
99,126,5,280,7588,1,,
447,111,10,225,7591,1,,
426,161,8,261,7597,1,,
140,185,8,166,7609,1,,
175,1840,4,225,7609,1,,
369,157,7,225,7629,1,,
3,854,6,210,7638,1,,
394,159,1,225,7642,1,,
398,623,7,84,7644,1,,
1,854,6,210,7651,1,,
102,1695,6,166,7653,1,,
79,545,2,225,7656,1,,
456,524,8,283,7665,1,,
424,225,9,291,7669,1,,
387,22,4,84,7672,1,,
191,463,6,181,7674,1,,
425,26,3,228,7675,1,,
225,1166,5,168,7679,1,,
293,51,4,166,7697,1,,
303,485,5,210,7712,1,,
131,1338,5,-14,7714,1,,
322,152,4,166,7716,1,,
169,41,4,210,7721,1,,
461,1512,7,-14,7738,1,,
315,2180,4,263,7755,1,,
266,595,5,262,7756,1,,
266,968,8,262,7756,1,,
349,20,8,281,7762,1,,
26,1070,8,262,7767,1,,
245,477,3,281,7775,1,,
408,504,8,289,7785,1,,
292,277,4,181,7787,1,,
165,1819,4,261,7794,1,,
422,62,8,262,7797,1,,
214,87,6,281,7797,1,,
85,1102,4,281,7804,1,,
217,471,3,284,7807,1,,
216,45,12,262,7814,1,,
123,4,10,262,7831,1,,
199,1150,4,261,7834,1,,
224,471,3,284,7839,1,,
448,64,6,262,7842,1,,
208,44,11,286,7848,1,,
215,87,4,281,7855,1,,
429,513,7,230,7861,1,,
60,437,4,281,7862,1,,
463,164,8,199,7868,1,,
463,113,6,199,7868,1,,
200,366,9,230,7873,1,,
24,1551,3,210,7884,1,,
246,91,8,230,7885,1,,
116,1716,6,144,7895,1,,
120,447,6,289,7910,1,,
120,4,1,302,7910,1,,
120,4,7,199,7910,1,,
120,181,3,302,7910,1,,
153,355,11,256,7926,1,,
51,172,12,199,7927,1,,
260,12,2,281,7937,1,,
204,8,10,199,7944,1,,
141,40,12,292,7947,1,,
226,46,4,144,7954,1,,
461,1270,4,281,7955,1,,
78,885,10,199,7958,1,,
303,1202,7,281,7966,1,,
147,6,10,199,7972,1,,
247,477,10,256,7981,1,,
349,392,6,262,7984,1,,
349,20,2,199,7984,1,,
434,109,6,199,7993,1,,
325,2210,6,262,8002,1,,
245,585,10,144,8011,1,,
251,963,6,262,8011,1,,
214,1159,11,102,8016,1,,
317,387,6,199,8020,1,,
209,195,9,292,8025,1,,
340,289,8,194,8039,1,,
416,25,4,194,8048,1,,
119,37,8,75,8051,1,,
119,77,8,75,8051,1,,
119,128,4,75,8051,1,,
61,331,6,194,8057,1,,
258,375,4,199,8068,1,,
275,95,8,194,8069,1,,
149,80,4,294,8074,1,,
149,130,4,75,8074,1,,
279,144,6,314,8078,1,,
185,571,8,75,8086,1,,
213,196,8,314,8090,1,,
15,67,10,75,8100,1,,
191,1879,3,314,8109,1,,
256,11,7,245,8117,1,,
256,479,4,245,8117,1,,
208,44,7,75,8120,1,,
208,86,8,75,8120,1,,
443,63,8,245,8129,1,,
308,97,2,256,8132,1,,
308,209,6,292,8132,1,,
338,495,6,245,8137,1,,
144,40,8,312,8138,1,,
364,1454,4,75,8144,1,,
364,292,4,75,8144,1,,
330,389,7,245,8148,1,,
265,13,7,312,8149,1,,
92,1678,6,75,8153,1,,
49,1083,4,248,8155,1,,
99,178,6,75,8174,1,,
309,149,4,262,8175,1,,
121,447,4,289,8181,1,,
319,17,4,199,8188,1,,
102,1695,4,312,8189,1,,
102,179,3,312,8189,1,,
24,31,3,298,8194,1,,
101,36,6,234,8215,1,,
101,550,8,234,8215,1,,
239,1985,6,75,8225,1,,
300,1422,3,234,8233,1,,
322,783,3,245,8239,1,,
17,115,10,279,8239,1,,
446,841,7,234,8250,1,,
325,2211,6,294,8255,1,,
325,18,6,75,8255,1,,
458,1053,3,199,8260,1,,
0,418,5,75,8264,1,,
433,1492,10,234,8264,1,,
257,11,5,75,8272,1,,
147,6,12,293,8280,1,,
258,479,1,245,8288,1,,
293,15,10,293,8294,1,,
326,491,8,293,8306,1,,
16,654,9,278,8309,1,,
16,0,8,299,8309,1,,
224,46,5,75,8317,1,,
111,444,11,219,8322,1,,
317,53,10,299,8332,1,,
228,89,12,297,8333,1,,
456,524,8,293,8334,1,,
314,387,1,199,8336,1,,
360,799,2,75,8345,1,,
360,155,7,278,8345,1,,
349,102,10,297,8351,1,,
430,307,4,75,8351,1,,
267,13,6,293,8356,1,,
316,98,10,297,8365,1,,
75,543,2,279,8379,1,,
75,2,6,299,8379,1,,
100,178,4,293,8401,1,,
100,126,2,321,8401,1,,
100,442,8,321,8401,1,,
459,113,7,295,8403,1,,
459,28,10,227,8403,1,,
20,1,4,321,8408,1,,
119,1722,8,299,8414,1,,
117,446,2,234,8422,1,,
117,37,6,321,8422,1,,
270,2062,8,297,8427,1,,
270,377,8,227,8427,1,,
171,132,7,299,8431,1,,
142,562,4,219,8433,1,,
359,57,8,232,8443,1,,
143,562,4,219,8446,1,,
61,1,8,297,8455,1,,
61,1,8,227,8455,1,,
61,243,4,227,8455,1,,
350,20,12,295,8474,1,,
429,108,4,299,8475,1,,
12,1532,2,234,8483,1,,
244,1403,7,299,8492,1,,
390,297,9,227,8492,1,,
390,158,3,227,8492,1,,
327,153,2,321,8494,1,,
30,658,3,299,8498,1,,
337,392,4,75,8504,1,,
391,1242,1,293,8507,1,,
11,66,2,297,8510,1,,
11,232,9,295,8510,1,,
458,849,5,75,8512,1,,
187,265,1,321,8516,1,,
187,-1,-1,-999,8517,2,two_level_rop,1.0
218,45,9,295,8527,1,,
218,8,2,285,8527,1,,
110,553,3,299,8545,1,,
204,8,12,324,8551,1,,
28,168,4,316,8552,1,,
131,4,10,329,8567,1,,
144,259,7,295,8571,1,,
144,129,6,324,8571,1,,
22,534,5,329,8586,1,,
225,46,10,227,8587,1,,
73,245,4,304,8603,1,,
460,1054,5,285,8604,1,,
460,163,5,324,8604,1,,
0,319,8,227,8619,1,,
0,0,1,324,8619,1,,
463,416,4,304,8624,1,,
84,248,2,304,8633,1,,
269,377,2,227,8634,1,,
269,597,7,311,8634,1,,
387,218,2,75,8636,1,,
387,397,9,303,8636,1,,
387,22,1,303,8636,1,,
387,60,4,303,8636,1,,
387,-1,-1,-999,8636,2,two_level_rop,66.0
438,63,3,304,8638,1,,
5,0,7,304,8649,1,,
59,875,10,329,8650,1,,
279,977,3,304,8665,1,,
118,446,8,227,8669,1,,
439,1495,6,274,8677,1,,
23,30,1,274,8682,1,,
31,69,6,303,8691,1,,
31,32,6,303,8691,1,,
141,1758,8,295,8702,1,,
6,0,6,324,8711,1,,
71,2,5,303,8713,1,,
256,93,6,295,8723,1,,
447,64,10,303,8727,1,,
246,585,9,303,8740,1,,
61,34,6,324,8745,1,,
109,37,6,303,8750,1,,
68,2,10,331,8752,1,,
7,0,8,169,8761,1,,
417,404,6,331,8764,1,,
299,484,6,227,8769,1,,
91,891,8,169,8779,1,,
353,393,6,324,8789,1,,
25,1552,2,331,8790,1,,
162,130,2,75,8793,1,,
162,921,8,169,8793,1,,
453,413,6,227,8798,1,,
442,228,8,169,8804,1,,
138,560,4,324,8805,1,,
138,-1,-1,-999,8806,2,two_level_rop,10.0
195,267,6,297,8814,1,,
160,1806,4,285,8821,1,,
144,80,7,169,8835,1,,
193,364,9,315,8855,1,,
187,265,1,321,8861,1,,
187,-1,-1,-999,8861,2,two_level_rop,1.0
128,559,6,169,8873,1,,
26,428,8,315,8874,1,,
422,62,4,227,8875,1,,
113,1711,4,227,8893,1,,
367,156,6,315,8893,1,,
367,1230,6,315,8893,1,,
229,473,6,315,8905,1,,
329,492,4,297,8907,1,,
161,1809,6,195,8912,1,,
336,19,6,315,8916,1,,
63,71,4,169,8918,1,,
411,1250,2,315,8923,1,,
84,175,6,169,8928,1,,
410,505,4,296,8932,1,,
118,1720,7,176,8944,1,,
110,900,6,169,8948,1,,
196,267,3,297,8963,1,,
337,100,1,329,8965,1,,
337,154,2,303,8965,1,,
250,478,3,169,8972,1,,
135,560,2,324,8982,1,,
289,2108,12,-23,8998,1,,
387,397,2,303,8999,1,,
197,365,2,230,9016,1,,
331,287,10,-23,9024,1,,
97,3,10,346,9027,1,,
294,96,2,169,9030,1,,
149,187,4,346,9034,1,,
49,119,3,346,9040,1,,
318,284,12,-23,9044,1,,
357,796,9,346,9053,1,,
179,362,8,-23,9058,1,,
290,380,2,346,9058,1,,
162,1809,5,195,9072,1,,
370,293,10,-23,9074,1,,
215,369,1,75,9076,1,,
428,632,5,-23,9085,1,,
353,498,10,223,9092,1,,
65,121,4,-23,9094,1,,
8,1527,3,-23,9102,1,,
173,41,5,328,9112,1,,
38,33,4,348,9121,1,,
115,555,4,-23,9121,1,,
7,320,6,345,9133,1,,
50,239,6,333,9146,1,,
393,501,10,275,9160,1,,
364,156,11,350,9163,1,,
3,320,2,345,9166,1,,
138,560,3,324,9171,1,,
352,1012,8,275,9175,1,,
227,948,10,350,9188,1,,
170,132,2,239,9192,1,,
170,81,10,239,9192,1,,
187,265,1,321,9199,1,,
187,-1,-1,-999,9199,2,two_level_rop,1.0
160,6,9,275,9205,1,,
64,1630,12,239,9224,1,,
288,50,8,350,9235,1,,
351,611,10,239,9240,1,,
20,1,6,350,9247,1,,
270,143,6,239,9252,1,,
59,242,4,239,9269,1,,
59,1,7,349,9269,1,,
55,435,10,273,9273,1,,
55,119,8,273,9273,1,,
63,71,7,313,9287,1,,
63,34,4,313,9287,1,,
132,257,9,350,9288,1,,
51,172,11,352,9304,1,,
247,91,8,360,9307,1,,
247,11,8,360,9307,1,,
39,70,4,339,9307,1,,
39,33,8,339,9307,1,,
169,131,5,313,9319,1,,
169,359,4,361,9319,1,,
109,37,9,360,9322,1,,
251,588,10,273,9323,1,,
406,827,8,357,9336,1,,
434,109,12,339,9342,1,,
125,183,7,349,9344,1,,
125,183,1,313,9344,1,,
74,2,10,357,9352,1,,
97,3,8,357,9366,1,,
292,483,4,323,9372,1,,
292,772,10,269,9372,1,,
433,63,5,357,9376,1,,
174,41,5,340,9387,1,,
131,128,9,339,9399,1,,
131,1338,10,269,9399,1,,
95,251,7,340,9400,1,,
175,41,5,340,9410,1,,
11,232,7,313,9412,1,,
181,569,6,269,9425,1,,
181,930,7,269,9425,1,,
181,41,5,-83,9425,1,,
267,94,4,349,9430,1,,
267,13,10,326,9430,1,,
236,1976,6,269,9442,1,,
236,47,5,269,9442,1,,
14,233,6,313,9447,1,,
14,0,6,326,9447,1,,
126,183,7,313,9457,1,,
89,548,6,326,9466,1,,
151,6,4,339,9467,1,,
151,1347,6,269,9467,1,,
151,1788,7,-83,9467,1,,
170,1358,8,313,9478,1,,
133,5,9,269,9482,1,,
450,314,7,349,9489,1,,
147,454,2,313,9497,1,,
147,6,3,349,9497,1,,
144,80,9,365,9497,1,,
183,42,5,349,9505,1,,
314,210,10,339,9514,1,,
172,132,4,239,9516,1,,
172,132,4,252,9516,1,,
99,252,1,366,9521,1,,
282,145,4,326,9523,1,,
377,294,9,-83,9529,1,,
164,7,8,366,9540,1,,
100,252,1,366,9546,1,,
224,88,8,273,9547,1,,
233,371,6,366,9562,1,,
39,1582,8,323,9573,1,,
231,1394,7,290,9575,1,,
187,265,1,321,9581,1,,
187,-1,-1,-999,9581,2,two_level_rop,1.0
265,376,8,339,9587,1,,
148,455,7,290,9593,1,,
433,27,4,349,9596,1,,
327,212,8,339,9610,1,,
204,8,9,371,9615,1,,
292,2116,10,-83,9624,1,,
219,1162,3,326,9625,1,,
96,341,8,371,9629,1,,
323,285,4,326,9633,1,,
141,40,5,371,9640,1,,
350,56,4,352,9640,1,,
77,124,7,273,9645,1,,
287,146,4,371,9649,1,,
340,55,3,313,9650,1,,
257,94,2,349,9654,1,,
256,93,2,326,9659,1,,
90,75,6,339,9667,1,,
80,336,6,273,9677,1,,
260,12,6,273,9689,1,,
91,548,2,326,9698,1,,
226,472,2,326,9703,1,,
95,894,3,366,9714,1,,
450,520,10,252,9717,1,,
242,91,1,239,9720,1,,
395,159,6,339,9728,1,,
439,310,2,371,9733,1,,
418,508,6,269,9739,1,,
37,1578,4,269,9746,1,,
434,109,5,269,9760,1,,
415,303,4,323,9771,1,,
30,1073,3,-83,9777,1,,
276,2075,8,338,9785,1,,
448,64,3,369,9789,1,,
232,47,3,365,9792,1,,
398,825,6,338,9797,1,,
114,445,5,369,9799,1,,
321,1211,6,338,9809,1,,
245,91,9,378,9812,1,,
192,572,3,269,9823,1,,
115,1328,10,306,9826,1,,
92,176,12,338,9827,1,,
408,301,2,269,9831,1,,
155,1801,3,306,9832,1,,
427,306,4,306,9839,1,,
285,483,2,323,9845,1,,
97,177,9,306,9852,1,,
394,159,2,339,9854,1,,
425,26,11,358,9871,1,,
89,75,10,247,9885,1,,
400,623,2,358,9886,1,,
2,0,2,247,9892,1,,
166,41,2,-83,9905,1,,
177,361,10,337,9907,1,,
104,551,10,247,9908,1,,
213,469,7,247,9921,1,,
178,192,10,334,9921,1,,
37,1290,6,382,9929,1,,
187,265,1,321,9930,1,,
187,-1,-1,-999,9930,2,two_level_rop,1.0
0,29,5,380,9943,1,,
176,41,5,379,9961,1,,
176,82,6,335,9961,1,,
214,196,8,330,9969,1,,
179,41,4,379,9974,1,,
179,82,5,335,9974,1,,
377,1020,4,320,9982,1,,
163,40,1,272,9987,1,,
163,358,8,272,9987,1,,
163,1811,9,272,9987,1,,
3,320,1,339,9990,1,,
242,1401,12,306,9995,1,,
295,1198,8,272,10002,1,,
399,623,8,337,10007,1,,
100,342,4,320,10008,1,,
384,217,6,272,10012,1,,
280,14,6,335,10016,1,,
256,93,6,337,10025,1,,
51,172,2,379,10034,1,,
51,172,4,334,10034,1,,
34,1,6,272,10035,1,,
34,430,9,272,10035,1,,
388,818,5,272,10043,1,,
396,159,5,335,10046,1,,
392,23,7,272,10053,1,,
385,217,4,272,10066,1,,
385,21,5,362,10066,1,,
13,322,5,335,10069,1,,
281,14,6,364,10079,1,,
386,21,8,309,10080,1,,
117,1718,4,334,10090,1,,
173,132,8,364,10093,1,,
174,132,3,364,10103,1,,
322,2205,4,335,10103,1,,
306,383,3,364,10112,1,,
180,362,6,364,10123,1,,
96,36,1,335,10136,1,,
372,396,1,376,10148,1,,
372,21,4,308,10148,1,,
372,293,10,308,10148,1,,
387,620,2,335,10153,1,,
193,43,1,364,10156,1,,
357,614,6,384,10168,1,,
380,396,7,376,10178,1,,
380,295,8,376,10178,1,,
380,21,8,376,10178,1,,
113,127,8,351,10180,1,,
113,3,3,351,10180,1,,
257,756,9,367,10184,1,,
26,535,6,384,10195,1,,
268,377,6,376,10197,1,,
268,13,8,376,10197,1,,
85,175,7,351,10203,1,,
85,2,10,351,10203,1,,
332,287,7,367,10208,1,,
224,139,7,351,10214,1,,
269,377,2,376,10216,1,,
269,142,12,354,10216,1,,
214,1930,8,320,10222,1,,
14,67,4,272,10238,1,,
14,29,1,376,10238,1,,
14,114,4,354,10238,1,,
14,233,8,354,10238,1,,
119,128,10,399,10240,1,,
119,4,8,399,10240,1,,
132,128,5,309,10255,1,,
132,257,7,376,10255,1,,
81,337,12,387,10257,1,,
323,18,8,399,10268,1,,
207,938,8,309,10273,1,,
207,467,5,354,10273,1,,
3,528,11,272,10288,1,,
307,2158,6,399,10289,1,,
217,1161,12,376,10304,1,,
240,1989,12,341,10306,1,,
280,481,9,384,10315,1,,
443,637,6,376,10321,1,,
443,27,6,354,10321,1,,
288,50,4,367,10324,1,,
177,192,4,364,10333,1,,
63,34,8,341,10334,1,,
62,34,11,376,10336,1,,
422,305,4,384,10343,1,,
154,1797,6,376,10350,1,,
154,80,4,354,10350,1,,
64,34,4,386,10350,1,,
64,71,8,386,10350,1,,
455,1508,4,367,10352,1,,
302,279,8,341,10364,1,,
180,193,12,367,10373,1,,
109,37,7,341,10375,1,,
372,1234,2,367,10381,1,,
279,599,2,376,10381,1,,
279,977,7,354,10381,1,,
396,823,7,206,10411,1,,
417,25,3,406,10413,1,,
231,10,9,376,10418,1,,
465,164,8,376,10430,1,,
281,14,5,399,10439,1,,
384,21,8,354,10442,1,,
152,130,4,406,10446,1,,
338,154,6,351,10448,1,,
385,158,8,405,10457,1,,
309,2163,5,341,10459,1,,
387,22,7,308,10468,1,,
337,19,7,404,10469,1,,
98,670,2,399,10478,1,,
98,178,3,341,10478,1,,
188,1873,5,399,10486,1,,
57,1617,7,308,10492,1,,
57,173,7,405,10492,1,,
57,542,4,405,10492,1,,
251,963,6,308,10501,1,,
418,1252,6,394,10506,1,,
323,152,5,308,10509,1,,
289,14,7,394,10516,1,,
194,464,6,405,10518,1,,
275,2073,4,351,10522,1,,
198,465,5,272,10534,1,,
144,80,12,394,10541,1,,
6,0,3,351,10543,1,,
432,514,4,351,10550,1,,
82,1660,12,218,10557,1,,
178,41,4,351,10557,1,,
110,37,4,218,10564,1,,
319,17,4,272,10574,1,,
263,274,5,408,10577,1,,
93,251,4,308,10581,1,,
288,276,10,414,10582,1,,
464,164,3,376,10586,1,,
463,416,8,408,10592,1,,
240,1987,8,414,10594,1,,
239,198,10,383,10613,1,,
29,327,4,383,10620,1,,
294,15,6,412,10629,1,,
22,235,2,362,10634,1,,
312,385,1,386,10636,1,,
312,16,2,408,10636,1,,
322,99,8,412,10645,1,,
310,149,12,407,10661,1,,
0,113,10,391,10667,1,,
138,452,3,407,10667,1,,
398,221,2,341,10671,1,,
196,365,2,341,10676,1,,
433,634,2,408,10680,1,,
433,-1,-1,-999,10680,2,two_level_rop,50.0
434,634,2,408,10685,1,,
320,284,2,391,10685,1,,
320,17,10,391,10685,1,,
88,1670,1,351,10688,1,,
349,102,6,391,10695,1,,
215,45,2,183,10695,1,,
289,1416,12,218,10698,1,,
397,1025,4,391,10702,1,,
98,670,10,391,10716,1,,
19,68,3,391,10735,1,,
19,68,9,422,10735,1,,
100,178,1,341,10738,1,,
279,2080,4,391,10742,1,,
23,235,12,377,10763,1,,
300,2140,8,377,10775,1,,
432,514,12,408,10785,1,,
432,634,2,408,10785,1,,
323,18,4,322,10786,1,,
323,490,10,322,10786,1,,
232,47,9,377,10788,1,,
21,30,8,397,10800,1,,
301,208,2,397,10805,1,,
446,519,10,322,10813,1,,
446,313,3,322,10813,1,,
56,70,6,377,10818,1,,
56,874,3,377,10818,1,,
370,1458,4,377,10827,1,,
263,2040,7,183,10833,1,,
445,27,10,48,10837,1,,
445,638,8,287,10837,1,,
420,509,6,375,10842,1,,
313,52,11,397,10844,1,,
423,510,5,48,10855,1,,
423,107,8,48,10855,1,,
20,1543,6,377,10856,1,,
22,30,2,397,10863,1,,
234,371,10,48,10876,1,,
234,197,4,287,10876,1,,
49,119,4,375,10877,1,,
421,405,9,45,10889,1,,
452,522,12,322,10893,1,,
422,62,6,375,10899,1,,
435,515,4,375,10906,1,,
247,586,7,413,10916,1,,
396,400,11,48,10918,1,,
303,208,4,370,10919,1,,
261,203,12,413,10933,1,,
15,115,2,48,10940,1,,
15,0,8,287,10940,1,,
417,304,9,413,10946,1,,
177,41,4,322,10951,1,,
177,82,4,287,10951,1,,
130,256,6,413,10957,1,,
130,4,2,343,10957,1,,
225,88,2,322,10960,1,,
225,46,4,48,10960,1,,
21,1,6,413,10967,1,,
71,122,7,287,10971,1,,
143,186,6,343,10976,1,,
0,319,6,322,10980,1,,
338,19,6,48,10989,1,,
29,1561,4,403,10990,1,,
207,195,5,287,10997,1,,
142,129,6,425,11001,1,,
330,389,11,359,11011,1,,
5,1522,4,287,11021,1,,
293,51,7,434,11021,1,,
236,90,10,359,11036,1,,
149,187,8,434,11047,1,,
160,564,4,434,11054,1,,
262,94,4,322,11055,1,,
62,34,6,434,11063,1,,
232,47,6,434,11072,1,,
263,94,4,322,11075,1,,
20,167,7,359,11083,1,,
180,83,4,391,11087,1,,
433,634,3,408,11088,1,,
433,515,10,417,11088,1,,
323,285,6,413,11097,1,,
100,442,8,400,11104,1,,
264,94,4,322,11106,1,,
420,405,11,343,11113,1,,
144,129,8,418,11125,1,,
233,10,10,400,11125,1,,
233,952,6,400,11125,1,,
152,1348,11,418,11140,1,,
43,867,4,422,11148,1,,
436,1494,10,417,11154,1,,
289,1195,2,287,11155,1,,
289,14,2,287,11155,1,,
119,4,3,343,11170,1,,
119,1722,4,417,11170,1,,
318,387,4,287,11175,1,,
63,34,6,441,11178,1,,
192,1883,7,417,11181,1,,
18,1541,3,389,11182,1,,
309,149,4,287,11189,1,,
80,246,8,417,11193,1,,
202,1152,3,48,11195,1,,
332,493,2,48,11200,1,,
193,573,6,417,11205,1,,
448,111,4,343,11221,1,,
82,175,1,391,11228,1,,
82,337,2,422,11228,1,,
68,243,8,429,11228,1,,
68,72,10,429,11228,1,,
246,585,3,429,11245,1,,
246,11,10,429,11245,1,,
38,33,8,429,11257,1,,
49,239,2,391,11268,1,,
135,682,10,429,11273,1,,
207,938,6,429,11282,1,,
219,945,6,429,11292,1,,
84,35,5,393,11294,1,,
84,337,6,393,11294,1,,
64,120,1,287,11294,1,,
131,450,7,430,11304,1,,
232,47,11,393,11309,1,,
42,118,10,356,11316,1,,
324,99,8,429,11318,1,,
413,106,7,393,11319,1,,
293,51,5,429,11330,1,,
325,286,8,393,11330,1,,
143,186,8,393,11342,1,,
58,120,10,449,11346,1,,
79,1656,6,393,11353,1,,
327,153,10,373,11356,1,,
382,217,6,393,11363,1,,
22,427,6,435,11371,1,,
130,39,6,393,11372,1,,
86,698,6,373,11385,1,,
267,13,5,393,11393,1,,
296,774,5,373,11393,1,,
315,283,5,429,11397,1,,
238,1173,2,332,11398,1,,
172,726,6,373,11407,1,,
76,2,8,423,11412,1,,
290,380,2,429,11422,1,,
436,309,11,100,11427,1,,
217,45,6,435,11433,1,,
13,67,4,429,11440,1,,
171,1359,6,332,11442,1,,
286,603,8,445,11454,1,,
244,585,3,429,11466,1,,
164,7,11,445,11470,1,,
228,89,4,429,11475,1,,
283,145,7,440,11480,1,,
411,1250,8,423,11486,1,,
370,157,12,436,11497,1,,
305,97,6,443,11501,1,,
337,288,5,393,11506,1,,
318,2191,5,423,11514,1,,
208,44,12,431,11525,1,,
80,246,8,401,11526,1,,
401,503,2,443,11526,1,,
400,503,2,443,11531,1,,
438,516,6,423,11535,1,,
14,233,4,393,11542,1,,
402,503,1,443,11549,1,,
155,917,6,445,11556,1,,
149,187,4,423,11558,1,,
293,772,7,418,11578,1,,
338,213,5,424,11579,1,,
20,167,4,393,11585,1,,
341,101,6,445,11606,1,,
103,443,4,393,11607,1,,
148,260,5,445,11615,1,,
315,2180,9,368,11615,1,,
209,137,10,447,11629,1,,
8,0,10,448,11635,1,,
386,217,3,393,11638,1,,
297,147,6,431,11638,1,,
332,493,2,438,11642,1,,
86,1667,9,436,11657,1,,
86,338,4,445,11657,1,,
86,125,1,440,11657,1,,
11,423,7,438,11664,1,,
11,66,9,438,11664,1,,
144,80,8,447,11673,1,,
144,5,4,447,11673,1,,
34,32,6,438,11674,1,,
405,402,3,393,11678,1,,
32,1566,4,440,11681,1,,
426,161,2,100,11682,1,,
161,130,4,438,11683,1,,
403,222,4,432,11689,1,,
436,309,4,440,11690,1,,
191,266,4,440,11697,1,,
265,204,3,423,11701,1,,
377,294,4,432,11708,1,,
64,243,2,417,11720,1,,
327,153,9,437,11730,1,,
310,97,3,437,11735,1,,
427,161,2,437,11740,1,,
224,88,8,437,11752,1,,
305,280,1,447,11760,1,,
257,11,4,410,11778,1,,
257,756,9,410,11778,1,,
268,596,6,437,11784,1,,
9,0,12,410,11796,1,,
328,491,12,398,11801,1,,
96,125,1,440,11806,1,,
384,21,11,410,11811,1,,
104,443,1,393,11814,1,,
193,573,8,427,11820,1,,
266,204,7,454,11822,1,,
97,125,1,440,11823,1,,
219,8,6,427,11833,1,,
105,180,11,410,11845,1,,
142,129,11,439,11848,1,,
205,86,8,398,11857,1,,
143,129,4,450,11866,1,,
143,5,9,374,11866,1,,
287,146,6,398,11866,1,,
420,224,10,410,11872,1,,
52,1611,10,374,11880,1,,
6,855,2,454,11882,1,,
6,0,3,398,11882,1,,
98,3,7,461,11883,1,,
407,61,6,461,11892,1,,
46,540,4,398,11901,1,,
46,431,10,385,11901,1,,
386,816,7,374,11906,1,,
386,816,10,450,11906,1,,
386,1023,3,374,11906,1,,
269,597,11,374,11921,1,,
316,98,3,454,11929,1,,
316,489,8,385,11929,1,,
251,93,9,442,11931,1,,
113,127,1,374,11935,1,,
113,3,9,374,11935,1,,
267,204,8,385,11941,1,,
71,122,8,459,11943,1,,
75,882,6,385,11950,1,,
256,11,10,459,11957,1,,
32,1566,8,450,11963,1,,
32,236,4,374,11963,1,,
208,268,4,385,11974,1,,
208,44,8,415,11974,1,,
214,270,6,385,11984,1,,
225,88,5,461,11990,1,,
156,130,4,442,11997,1,,
329,1001,10,415,11998,1,,
391,297,8,439,12001,1,,
460,1269,6,442,12006,1,,
288,276,9,439,12014,1,,
351,611,8,415,12019,1,,
417,61,3,461,12022,1,,
417,1031,8,411,12022,1,,
461,317,8,374,12025,1,,
82,546,7,415,12035,1,,
8,0,1,398,12044,1,,
8,66,5,415,12044,1,,
49,433,7,374,12045,1,,
49,239,8,433,12045,1,,
289,50,8,433,12057,1,,
462,644,9,411,12060,1,,
30,116,5,450,12068,1,,
30,236,2,374,12068,1,,
411,25,6,415,12069,1,,
434,109,6,374,12077,1,,
249,200,6,411,12081,1,,
0,526,9,452,12094,1,,
253,201,6,385,12100,1,,
325,998,6,374,12103,1,,
85,1666,7,411,12105,1,,
28,1284,4,459,12112,1,,
153,261,3,415,12116,1,,
153,915,7,395,12116,1,,
180,41,4,442,12120,1,,
180,41,1,411,12120,1,,
242,91,4,433,12123,1,,
409,25,2,415,12130,1,,
409,105,8,395,12130,1,,
194,464,4,450,12141,1,,
451,639,9,395,12143,1,,
227,948,5,415,12152,1,,
50,119,3,398,12157,1,,
117,1717,4,459,12159,1,,
243,91,4,433,12161,1,,
195,574,8,471,12173,1,,
182,41,4,411,12176,1,,
350,610,4,442,12183,1,,
124,348,4,468,12186,1,,
7,856,2,461,12188,1,,
412,25,2,415,12190,1,,
452,112,3,459,12193,1,,
214,1929,11,395,12208,1,,
430,307,2,385,12212,1,,
453,523,2,395,12223,1,,
220,87,2,468,12231,1,,
239,198,3,374,12239,1,,
405,402,2,459,12240,1,,
192,463,1,415,12242,1,,
244,91,2,433,12243,1,,
98,125,1,440,12246,1,,
114,555,1,416,12260,1,,
116,555,5,416,12272,1,,
154,130,2,442,12277,1,,
64,332,2,459,12286,1,,
121,182,4,336,12292,1,,
292,983,6,421,12293,1,,
431,408,1,442,12294,1,,
97,341,1,428,12296,1,,
454,112,4,421,12299,1,,
450,314,3,421,12315,1,,
62,1624,11,477,12330,1,,
62,1,12,477,12330,1,,
115,555,1,416,12334,1,,
451,314,8,420,12343,1,,
155,563,10,477,12348,1,,
71,2,6,480,12353,1,,
197,267,4,480,12359,1,,
406,402,10,464,12363,1,,
24,657,4,480,12366,1,,
96,76,12,470,12376,1,,
35,32,6,477,12379,1,,
35,1,6,464,12379,1,,
374,808,6,470,12386,1,,
330,100,12,470,12402,1,,
353,1013,4,470,12409,1,,
463,1057,9,470,12422,1,,
15,531,10,474,12429,1,,
80,1657,9,464,12433,1,,
354,1013,6,470,12434,1,,
106,552,6,474,12439,1,,
307,16,6,464,12443,1,,
38,169,10,460,12450,1,,
287,146,5,464,12454,1,,
288,14,4,483,12461,1,,
173,924,6,474,12465,1,,
173,7,4,474,12465,1,,
173,264,10,474,12465,1,,
10,0,4,477,12468,1,,
79,335,2,475,12474,1,,
79,2,8,475,12474,1,,
79,73,6,475,12474,1,,
52,1,8,474,12477,1,,
438,110,2,474,12481,1,,
404,160,10,467,12489,1,,
421,25,2,481,12501,1,,
421,224,10,476,12501,1,,
434,109,6,276,12508,1,,
434,63,6,276,12508,1,,
304,2150,1,474,12511,1,,
107,552,9,467,12520,1,,
352,56,10,460,12522,1,,
352,393,4,481,12522,1,,
124,348,8,467,12539,1,,
124,4,6,226,12539,1,,
49,433,6,276,12545,1,,
49,330,4,276,12545,1,,
49,1,7,319,12545,1,,
49,171,9,319,12545,1,,
331,54,4,460,12545,1,,
331,153,12,476,12545,1,,
105,551,10,226,12553,1,,
132,183,3,475,12566,1,,
132,257,6,460,12566,1,,
81,247,6,226,12570,1,,
81,440,6,226,12570,1,,
14,322,6,276,12574,1,,
14,0,6,319,12574,1,,
14,233,9,319,12574,1,,
317,98,6,475,12584,1,,
235,139,4,467,12587,1,,
235,90,4,467,12587,1,,
235,272,2,226,12587,1,,
295,15,6,481,12596,1,,
143,1135,10,319,12598,1,,
143,351,8,319,12598,1,,
341,101,9,226,12602,1,,
330,389,11,475,12613,1,,
60,437,12,319,12614,1,,
11,686,8,467,12615,1,,
65,333,6,475,12625,1,,
100,126,12,319,12630,1,,
257,756,8,226,12636,1,,
239,475,6,428,12636,1,,
249,961,5,476,12647,1,,
130,256,12,319,12647,1,,
178,133,6,467,12662,1,,
178,82,6,277,12662,1,,
426,161,12,319,12663,1,,
171,7,4,372,12677,1,,
171,1835,6,372,12677,1,,
405,24,11,319,12679,1,,
50,119,4,476,12683,1,,
80,246,8,226,12699,1,,
80,73,8,277,12699,1,,
287,603,10,226,12720,1,,
230,1393,4,476,12724,1,,
269,13,7,319,12726,1,,
269,479,4,482,12726,1,,
78,245,5,226,12736,1,,
78,73,3,277,12736,1,,
24,31,9,319,12739,1,,
318,98,4,490,12739,1,,
446,111,2,476,12749,1,,
446,228,1,476,12749,1,,
452,845,5,276,12753,1,,
452,315,5,319,12753,1,,
337,288,3,475,12755,1,,
392,23,8,226,12756,1,,
419,224,2,476,12761,1,,
406,24,10,482,12767,1,,
106,126,4,372,12768,1,,
106,703,4,372,12768,1,,
353,154,6,372,12780,1,,
353,498,2,277,12780,1,,
353,-1,-1,-999,12780,2,two_level_rop,42.0
433,408,4,319,12781,1,,
433,27,6,482,12781,1,,
208,44,2,476,12786,1,,
44,329,8,276,12793,1,,
190,1878,2,481,12794,1,,
369,618,8,482,12804,1,,
440,518,8,372,12809,1,,
47,238,7,467,12824,1,,
162,1809,1,470,12826,1,,
458,524,4,276,12830,1,,
458,113,5,319,12830,1,,
10,0,6,319,12839,1,,
4,65,4,226,12841,1,,
4,648,3,226,12841,1,,
86,74,11,446,12850,1,,
378,294,7,226,12856,1,,
186,462,12,446,12866,1,,
198,1900,6,277,12869,1,,
144,80,5,276,12876,1,,
248,92,7,446,12877,1,,
270,13,1,226,12878,1,,
270,205,5,372,12878,1,,
299,1200,6,319,12885,1,,
34,117,4,446,12887,1,,
309,384,6,467,12893,1,,
430,513,6,277,12902,1,,
202,936,5,482,12910,1,,
206,86,10,502,12927,1,,
8,320,4,276,12935,1,,
407,300,5,372,12935,1,,
96,177,9,494,12940,1,,
128,128,4,482,12946,1,,
192,135,8,502,12952,1,,
257,479,4,482,12953,1,,
420,509,4,372,12957,1,,
195,464,4,464,12967,1,,
200,268,11,494,12968,1,,
180,83,4,319,12979,1,,
56,241,4,319,12986,1,,
55,665,6,508,12991,1,,
55,1,10,508,12991,1,,
450,314,4,480,12993,1,,
203,1153,4,226,13000,1,,
141,40,3,467,13009,1,,
77,124,10,508,13013,1,,
208,368,4,276,13013,1,,
201,268,7,508,13024,1,,
263,594,3,372,13024,1,,
207,368,4,276,13026,1,,
405,24,6,508,13033,1,,
15,115,3,226,13034,1,,
451,314,3,464,13048,1,,
12,321,6,508,13050,1,,
1,527,3,319,13060,1,,
78,335,3,319,13066,1,,
205,368,3,276,13072,1,,
30,429,2,277,13077,1,,
199,1900,1,277,13082,1,,
331,390,10,514,13085,1,,
300,1200,1,319,13087,1,,
310,16,6,508,13097,1,,
353,498,3,277,13099,1,,
17,0,8,514,13111,1,,
337,154,2,372,13116,1,,
392,23,3,508,13120,1,,
234,90,3,494,13128,1,,
250,200,4,508,13135,1,,
309,149,2,508,13139,1,,
299,484,7,462,13146,1,,
264,594,7,507,13152,1,,
109,37,2,508,13170,1,,
244,91,1,502,13182,1,,
288,14,10,507,13183,1,,
349,102,12,507,13199,1,,
301,382,2,521,13202,1,,
301,147,12,521,13202,1,,
301,15,8,521,13202,1,,
352,56,8,506,13211,1,,
208,938,2,514,13214,1,,
55,1615,2,363,13218,1,,
219,8,9,521,13237,1,,
219,45,9,521,13237,1,,
117,4,12,506,13243,1,,
22,325,9,521,13256,1,,
73,245,4,484,13258,1,,
261,375,4,521,13270,1,,
261,94,4,521,13270,1,,
129,1336,12,484,13274,1,,
40,661,7,521,13282,1,,
114,127,7,484,13285,1,,
36,32,5,521,13293,1,,
128,910,3,504,13296,1,,
306,209,4,484,13303,1,,
56,173,12,530,13304,1,,
89,249,6,521,13304,1,,
112,444,6,521,13316,1,,
130,183,8,530,13323,1,,
339,154,2,530,13328,1,,
211,138,7,524,13328,1,,
466,318,8,530,13339,1,,
25,31,7,521,13341,1,,
131,183,1,530,13352,1,,
132,910,3,504,13368,1,,
23,325,8,463,13370,1,,
1,319,6,498,13375,1,,
342,496,2,530,13392,1,,
342,154,6,530,13392,1,,
133,5,10,531,13395,1,,
0,65,7,444,13402,1,,
48,870,5,521,13410,1,,
265,94,4,521,13417,1,,
173,264,8,498,13422,1,,
344,19,3,498,13433,1,,
344,55,4,390,13433,1,,
123,128,12,344,13438,1,,
123,78,6,344,13438,1,,
157,1804,4,390,13440,1,,
260,375,2,521,13453,1,,
260,94,1,521,13453,1,,
290,771,6,344,13459,1,,
290,146,10,344,13459,1,,
246,91,4,521,13462,1,,
18,425,4,521,13468,1,,
214,270,11,344,13474,1,,
247,91,4,521,13480,1,,
426,161,9,344,13487,1,,
316,387,2,521,13495,1,,
90,75,11,344,13502,1,,
345,215,1,388,13508,1,,
158,1804,4,390,13516,1,,
208,137,6,344,13519,1,,
208,739,6,344,13519,1,,
45,238,5,473,13528,1,,
69,72,9,344,13532,1,,
412,830,8,344,13543,1,,
47,238,5,473,13548,1,,
389,819,4,392,13549,1,,
266,94,1,521,13551,1,,
213,196,8,515,13562,1,,
213,138,6,489,13562,1,,
427,161,9,489,13575,1,,
16,323,9,501,13576,1,,
46,238,2,473,13586,1,,
289,2106,11,542,13592,1,,
64,332,2,542,13597,1,,
1,527,2,419,13606,1,,
311,488,9,305,13609,1,,
385,60,8,542,13621,1,,
159,356,10,305,13643,1,,
159,81,6,305,13643,1,,
104,180,6,344,13644,1,,
428,306,6,305,13652,1,,
346,215,6,515,13654,1,,
451,229,4,305,13659,1,,
177,568,9,489,13667,1,,
344,1006,10,392,13673,1,,
270,205,4,344,13673,1,,
128,38,4,540,13680,1,,
456,848,6,305,13682,1,,
63,1305,4,344,13695,1,,
224,370,8,492,13705,1,,
224,139,9,492,13705,1,,
353,612,8,479,13721,1,,
65,1305,1,344,13722,1,,
197,136,2,489,13727,1,,
17,654,10,479,13735,1,,
187,265,1,489,13742,1,,
187,-1,-1,-999,13742,2,two_level_rop,1.0
273,2066,3,479,13745,1,,
59,1087,4,479,13752,1,,
384,620,12,492,13756,1,,
228,89,5,479,13760,1,,
226,46,9,538,13773,1,,
452,112,9,492,13774,1,,
68,694,1,538,13777,1,,
68,-1,-1,-999,13777,2,two_level_rop,29.0
45,1597,6,492,13786,1,,
446,111,6,492,13796,1,,
88,2,10,486,13804,1,,
88,1313,10,486,13804,1,,
8,1062,8,523,13811,1,,
75,2,6,538,13814,1,,
283,145,4,301,13820,1,,
42,1590,3,485,13825,1,,
232,271,9,486,13829,1,,
200,465,4,537,13832,1,,
225,947,9,486,13844,1,,
447,64,2,537,13847,1,,
322,99,4,492,13849,1,,
51,172,4,301,13856,1,,
448,228,3,485,13866,1,,
76,123,8,486,13871,1,,
207,86,4,305,13875,1,,
207,8,10,458,13875,1,,
159,721,12,301,13891,1,,
442,311,9,453,13895,1,,
460,317,8,458,13903,1,,
403,624,7,453,13905,1,,
449,28,4,453,13912,1,,
318,387,2,453,13923,1,,
318,1209,5,453,13923,1,,
179,362,5,453,13931,1,,
164,7,7,510,13943,1,,
264,48,6,486,13955,1,,
264,142,1,510,13955,1,,
177,192,7,458,13963,1,,
224,1389,8,453,13968,1,,
233,747,8,510,13969,1,,
383,814,6,458,13983,1,,
87,1104,6,510,13993,1,,
87,888,10,554,13993,1,,
384,814,2,458,13995,1,,
39,1582,6,486,14004,1,,
452,640,10,523,14009,1,,
49,433,5,486,14015,1,,
357,1015,5,458,14017,1,,
424,225,6,510,14026,1,,
67,2,2,492,14035,1,,
83,546,4,510,14035,1,,
193,43,4,453,14038,1,,
88,1104,4,510,14045,1,,
223,1165,10,496,14053,1,,
130,1739,4,554,14054,1,,
11,423,7,496,14063,1,,
265,142,3,510,14080,1,,
173,82,6,550,14083,1,,
173,7,9,550,14083,1,,
457,230,8,527,14084,1,,
114,77,2,523,14089,1,,
322,2204,8,458,14101,1,,
252,964,6,527,14116,1,,
140,1756,8,550,14118,1,,
97,3,6,546,14125,1,,
124,348,5,550,14127,1,,
0,113,3,496,14133,1,,
313,150,7,550,14144,1,,
216,87,4,550,14151,1,,
437,410,2,510,14152,1,,
162,1353,3,554,14160,1,,
408,301,3,496,14163,1,,
103,252,1,486,14165,1,,
68,694,1,538,14171,1,,
68,-1,-1,-999,14171,2,two_level_rop,1.0
101,252,1,486,14183,1,,
105,252,1,486,14197,1,,
104,252,1,486,14203,1,,
102,252,1,486,14209,1,,
98,3,12,560,14220,1,,
374,1018,6,560,14229,1,,
312,488,10,342,14231,1,,
339,19,10,560,14243,1,,
106,252,1,486,14244,1,,
51,663,10,342,14245,1,,
42,662,6,551,14253,1,,
148,260,10,342,14259,1,,
370,293,7,553,14263,1,,
314,282,11,342,14274,1,,
92,36,8,551,14275,1,,
50,433,2,551,14279,1,,
128,710,2,551,14284,1,,
387,22,8,342,14286,1,,
43,662,4,551,14294,1,,
377,59,8,528,14318,1,,
377,1020,10,528,14318,1,,
284,1192,8,342,14341,1,,
81,2,12,558,14343,1,,
81,247,7,558,14343,1,,
120,1725,7,342,14351,1,,
28,1284,5,342,14359,1,,
247,2002,11,-2,14370,1,,
447,64,8,342,14374,1,,
114,3,6,558,14375,1,,
114,77,6,558,14375,1,,
409,1248,9,-2,14386,1,,
333,1219,5,342,14387,1,,
184,1861,4,342,14395,1,,
316,53,4,-2,14396,1,,
310,281,9,-2,14411,1,,
147,6,10,558,14412,1,,
175,82,2,550,14426,1,,
175,82,1,342,14426,1,,
175,-1,-1,-999,14426,2,two_level_rop,43.0
105,551,2,-2,14427,1,,
105,1115,8,574,14427,1,,
105,-1,-1,-999,14427,2,two_level_rop,34.0
161,189,6,-2,14438,1,,
205,467,3,550,14440,1,,
103,551,8,-2,14452,1,,
130,39,2,558,14458,1,,
130,349,10,558,14458,1,,
104,551,2,-2,14459,1,,
171,82,2,342,14470,1,,
182,1856,10,528,14476,1,,
311,281,10,541,14480,1,,
311,16,4,541,14480,1,,
100,126,9,541,14507,1,,
100,3,10,541,14507,1,,
187,265,1,558,14511,1,,
187,42,8,558,14511,1,,
187,7,10,577,14511,1,,
177,82,2,342,14511,1,,
172,82,1,342,14524,1,,
19,0,6,541,14526,1,,
19,234,6,541,14526,1,,
82,247,7,509,14526,1,,
280,481,2,558,14545,1,,
280,1188,10,577,14545,1,,
387,397,8,533,14568,1,,
149,40,7,577,14571,1,,
149,6,11,543,14571,1,,
179,82,1,342,14572,1,,
327,153,12,541,14580,1,,
86,74,1,342,14582,1,,
422,224,10,558,14587,1,,
309,16,8,541,14603,1,,
364,102,3,577,14608,1,,
364,616,11,543,14608,1,,
46,170,6,541,14614,1,,
118,77,1,558,14628,1,,
118,4,12,543,14628,1,,
51,434,6,541,14631,1,,
32,69,11,585,14641,1,,
15,115,5,549,14641,1,,
180,569,4,585,14647,1,,
50,1606,10,558,14648,1,,
39,117,5,541,14652,1,,
44,329,10,543,14664,1,,
183,194,5,541,14672,1,,
142,454,9,543,14685,1,,
284,482,8,558,14697,1,,
167,923,9,584,14703,1,,
173,191,9,543,14710,1,,
175,265,1,489,14711,1,,
175,-1,-1,-999,14711,2,two_level_rop,1.0
40,117,5,541,14713,1,,
296,15,7,558,14725,1,,
2,29,12,584,14732,1,,
270,94,1,528,14736,1,,
270,143,6,558,14736,1,,
384,60,4,541,14741,1,,
35,32,4,555,14741,1,,
34,32,4,555,14748,1,,
33,32,1,555,14752,1,,
52,434,3,541,14752,1,,
418,304,6,558,14755,1,,
174,191,6,520,14779,1,,
174,360,8,520,14779,1,,
38,117,2,541,14794,1,,
77,884,10,520,14796,1,,
280,1188,6,543,14803,1,,
312,385,6,577,14812,1,,
112,554,10,520,14812,1,,
92,548,6,528,14822,1,,
68,694,1,538,14822,1,,
68,-1,-1,-999,14822,2,two_level_rop,1.0
63,71,9,520,14827,1,,
340,19,11,353,14857,1,,
141,258,5,564,14862,1,,
154,6,6,353,14873,1,,
154,456,6,353,14873,1,,
11,114,9,581,14884,1,,
11,0,5,581,14884,1,,
405,300,5,543,14886,1,,
458,113,7,353,14890,1,,
458,64,5,353,14890,1,,
303,485,4,558,14893,1,,
387,218,5,520,14894,1,,
70,72,10,353,14904,1,,
14,233,8,556,14916,1,,
209,269,4,528,14916,1,,
377,810,2,558,14920,1,,
333,1439,9,353,14929,1,,
464,318,1,564,14933,1,,
437,310,1,558,14938,1,,
388,22,11,581,14939,1,,
15,0,4,353,14944,1,,
15,233,7,353,14944,1,,
29,1285,8,353,14955,1,,
104,3,4,581,14976,1,,
104,1698,5,513,14976,1,,
91,548,1,528,14978,1,,
39,169,8,353,14984,1,,
12,0,8,513,14990,1,,
208,467,5,581,15010,1,,
208,44,8,317,15010,1,,
49,119,8,353,15022,1,,
116,904,4,581,15028,1,,
116,37,2,581,15028,1,,
116,445,6,317,15028,1,,
194,84,8,381,15034,1,,
204,8,6,579,15034,1,,
126,709,4,581,15045,1,,
126,447,6,317,15045,1,,
358,291,11,317,15062,1,,
183,134,7,353,15063,1,,
296,96,9,592,15064,1,,
294,96,2,592,15068,1,,
22,427,4,592,15075,1,,
175,265,1,558,15078,1,,
175,-1,-1,-999,15078,2,two_level_rop,1.0
389,22,12,317,15081,1,,
457,414,8,381,15083,1,,
378,1021,7,556,15094,1,,
25,168,8,513,15095,1,,
62,1088,7,353,15104,1,,
251,588,3,592,15113,1,,
43,431,8,513,15117,1,,
260,141,6,381,15127,1,,
295,147,4,569,15129,1,,
152,456,2,353,15136,1,,
152,6,4,381,15136,1,,
65,1090,6,353,15145,1,,
173,264,8,581,15150,1,,
299,1421,6,353,15168,1,,
407,160,7,581,15171,1,,
84,248,6,353,15182,1,,
256,93,6,605,15187,1,,
256,48,8,605,15187,1,,
317,283,2,513,15194,1,,
317,53,6,317,15194,1,,
11,0,3,353,15194,1,,
121,254,5,353,15203,1,,
63,439,7,317,15207,1,,
258,140,5,575,15214,1,,
257,140,5,575,15222,1,,
419,304,7,575,15232,1,,
255,374,7,513,15235,1,,
50,239,3,575,15238,1,,
110,1709,2,575,15253,1,,
439,1495,2,556,15256,1,,
337,19,5,520,15266,1,,
68,694,1,538,15267,1,,
68,-1,-1,-999,15268,2,two_level_rop,1.0
153,130,4,520,15275,1,,
181,134,1,353,15286,1,,
428,632,7,581,15288,1,,
109,37,4,619,15295,1,,
122,447,5,317,15298,1,,
418,508,6,588,15304,1,,
96,251,4,520,15307,1,,
141,40,4,588,15311,1,,
118,4,8,598,15325,1,,
313,52,4,317,15326,1,,
51,119,6,622,15334,1,,
236,1975,4,513,15347,1,,
76,2,4,628,15350,1,,
173,727,7,627,15351,1,,
69,1638,2,581,15353,1,,
175,265,1,558,15365,1,,
175,-1,-1,-999,15365,2,two_level_rop,1.0
147,6,10,628,15370,1,,
349,20,10,583,15385,1,,
359,1225,5,628,15393,1,,
80,125,1,583,15396,1,,
120,346,4,583,15404,1,,
39,70,8,624,15404,1,,
387,22,4,624,15417,1,,
200,268,12,583,15420,1,,
81,125,1,583,15424,1,,
224,139,6,626,15440,1,,
157,564,10,536,15440,1,,
12,652,6,626,15452,1,,
136,451,10,536,15462,1,,
132,711,8,608,15488,1,,
132,128,10,608,15488,1,,
447,64,6,629,15491,1,,
137,451,6,478,15498,1,,
6,66,8,600,15505,1,,
128,128,2,600,15512,1,,
464,417,10,536,15514,1,,
360,57,4,629,15521,1,,
4,1521,6,536,15526,1,,
279,206,2,629,15529,1,,
265,376,8,606,15534,1,,
159,458,7,606,15544,1,,
375,59,5,629,15546,1,,
40,70,6,536,15553,1,,
40,169,8,536,15553,1,,
40,1078,5,536,15553,1,,
201,268,8,536,15567,1,,
205,43,9,606,15572,1,,
205,8,12,606,15572,1,,
101,550,4,536,15576,1,,
388,22,6,606,15581,1,,
455,1051,9,606,15594,1,,
104,180,2,606,15598,1,,
82,73,6,606,15608,1,,
194,84,6,606,15617,1,,
213,1926,4,606,15624,1,,
80,246,8,630,15637,1,,
95,125,1,536,15641,1,,
95,76,8,625,15641,1,,
277,49,6,596,15642,1,,
277,599,8,596,15642,1,,
60,437,3,536,15649,1,,
68,694,1,538,15662,1,,
68,-1,-1,-999,15662,2,two_level_rop,1.0
317,98,8,625,15663,1,,
129,183,6,596,15671,1,,
444,519,2,536,15672,1,,
157,81,10,633,15693,1,,
418,61,6,632,15696,1,,
418,508,8,526,15696,1,,
41,70,6,632,15707,1,,
371,157,7,633,15724,1,,
433,27,11,526,15725,1,,
387,500,3,632,15733,1,,
279,1187,12,633,15743,1,,
64,542,5,634,15747,1,,
180,193,8,526,15747,1,,
125,78,8,526,15761,1,,
159,721,10,602,15763,1,,
436,516,4,634,15770,1,,
314,210,8,526,15775,1,,
65,542,3,634,15776,1,,
438,516,3,634,15782,1,,
304,208,2,526,15786,1,,
304,2152,1,526,15786,1,,
435,409,4,503,15789,1,,
175,265,1,558,15797,1,,
175,-1,-1,-999,15798,2,two_level_rop,1.0
280,206,9,559,15830,1,,
305,2152,1,526,15837,1,,
432,308,4,519,15851,1,,
426,225,8,559,15853,1,,
426,161,7,559,15853,1,,
83,125,1,536,15857,1,,
423,107,8,610,15876,1,,
294,146,5,641,15877,1,,
294,51,8,641,15877,1,,
434,109,5,607,15881,1,,
82,125,1,536,15883,1,,
388,22,6,559,15888,1,,
84,125,1,536,15888,1,,
85,248,11,607,15896,1,,
371,1233,10,197,15904,1,,
128,38,11,641,15906,1,,
194,266,6,561,15907,1,,
424,629,5,561,15916,1,,
348,101,7,641,15918,1,,
193,266,5,561,15924,1,,
144,259,4,641,15927,1,,
445,162,4,561,15931,1,,
404,160,5,631,15955,1,,
250,962,3,561,15968,1,,
192,266,1,561,15972,1,,
431,162,4,561,15983,1,,
422,62,6,644,16003,1,,
265,49,2,641,16010,1,,
68,694,1,538,16010,1,,
68,-1,-1,-999,16011,2,two_level_rop,1.0
346,290,5,587,16020,1,,
31,32,2,644,16027,1,,
372,157,8,557,16028,1,,
32,32,3,644,16035,1,,
407,105,6,557,16039,1,,
394,159,2,557,16046,1,,
425,406,10,587,16051,1,,
435,409,4,557,16055,1,,
352,56,2,557,16062,1,,
33,659,4,557,16071,1,,
242,1994,2,641,16071,1,,
465,318,1,557,16076,1,,
28,32,1,644,16080,1,,
42,118,10,643,16084,1,,
464,318,6,557,16088,1,,
396,622,4,497,16108,1,,
77,2,10,643,16113,1,,
87,125,1,536,16119,1,,
397,220,7,620,16123,1,,
392,23,11,643,16129,1,,
132,711,4,643,16135,1,,
88,125,1,536,16155,1,,
384,295,3,643,16157,1,,
2,65,6,640,16167,1,,
10,0,2,643,16172,1,,
80,2,5,640,16180,1,,
84,697,6,641,16182,1,,
85,125,1,536,16185,1,,
91,125,1,536,16189,1,,
12,686,10,640,16194,1,,
90,125,1,536,16199,1,,
89,125,1,536,16205,1,,
426,26,3,620,16210,1,,
237,584,7,595,16223,1,,
395,220,3,620,16226,1,,
224,88,4,595,16230,1,,
11,858,1,620,16231,1,,
219,1937,4,635,16246,1,,
53,240,6,595,16249,1,,
33,32,1,644,16252,1,,
33,-1,-1,-999,16252,2,two_level_rop,29.0
97,3,3,659,16269,1,,
68,694,1,538,16272,1,,
68,-1,-1,-999,16272,2,two_level_rop,1.0
198,85,5,611,16275,1,,
64,34,9,659,16288,1,,
288,276,9,611,16290,1,,
21,116,5,659,16296,1,,
95,341,10,649,16301,1,,
117,1122,6,659,16306,1,,
393,399,12,611,16309,1,,
55,173,12,649,16318,1,,
42,866,1,659,16329,1,,
42,-1,-1,-999,16329,2,two_level_rop,114.0
205,8,11,649,16338,1,,
205,1908,4,649,16338,1,,
16,234,7,652,16344,1,,
192,135,6,649,16348,1,,
392,23,2,652,16353,1,,
160,1806,8,649,16359,1,,
160,-1,-1,-999,16359,2,two_level_rop,59.0
112,253,4,652,16366,1,,
113,253,3,652,16374,1,,
175,82,2,652,16399,1,,
293,606,9,597,16402,1,,
323,285,10,547,16417,1,,
161,81,8,597,16426,1,,
161,357,10,597,16426,1,,
199,465,11,547,16435,1,,
280,14,9,547,16450,1,,
236,1977,5,597,16454,1,,
236,272,8,597,16454,1,,
236,10,8,597,16454,1,,
75,123,4,649,16463,1,,
206,8,9,547,16465,1,,
453,641,2,652,16474,1,,
234,953,9,547,16480,1,,
146,352,5,603,16483,1,,
146,40,8,603,16483,1,,
133,79,6,547,16492,1,,
193,573,6,603,16499,1,,
193,7,4,603,16499,1,,
306,383,8,547,16505,1,,
91,250,6,547,16517,1,,
358,395,8,597,16526,1,,
395,1474,9,635,16536,1,,
395,104,3,547,16536,1,,
230,1168,8,597,16540,1,,
134,79,7,650,16549,1,,
23,30,6,597,16554,1,,
23,1,2,603,16554,1,,
4,529,5,547,16565,1,,
137,1751,6,603,16565,1,,
68,694,1,538,16580,1,,
68,-1,-1,-999,16580,2,two_level_rop,1.0
333,212,7,597,16582,1,,
333,54,3,603,16582,1,,
112,554,3,650,16588,1,,
318,284,7,603,16595,1,,
235,474,6,603,16606,1,,
265,49,6,603,16618,1,,
140,453,10,310,16624,1,,
463,416,6,603,16629,1,,
340,289,9,310,16639,1,,
67,1635,3,310,16657,1,,
67,174,8,310,16657,1,,
105,551,8,310,16671,1,,
54,664,8,310,16685,1,,
61,243,5,603,16691,1,,
360,155,5,310,16695,1,,
147,352,5,638,16703,1,,
412,302,6,310,16706,1,,
351,216,6,603,16715,1,,
315,16,7,310,16719,1,,
96,76,12,656,16722,1,,
177,1847,4,310,16728,1,,
22,30,5,656,16730,1,,
446,313,5,638,16733,1,,
19,0,6,656,16739,1,,
433,634,6,310,16740,1,,
23,30,1,656,16743,1,,
75,123,5,603,16743,1,,
447,64,9,681,16756,1,,
386,104,4,603,16762,1,,
333,54,3,604,16780,1,,
48,870,4,612,16782,1,,
15,166,8,612,16794,1,,
387,104,4,603,16797,1,,
42,866,9,659,16801,1,,
11,232,3,603,16813,1,,
142,454,3,310,16816,1,,
49,119,2,603,16834,1,,
361,615,4,683,16843,1,,
235,1973,2,539,16846,1,,
68,694,1,561,16853,1,,
68,-1,-1,-999,16853,2,two_level_rop,1.0
14,233,8,402,16858,1,,
159,721,8,684,16861,1,,
313,52,8,402,16870,1,,
50,239,10,684,16885,1,,
297,15,10,402,16886,1,,
47,540,12,402,16903,1,,
432,108,6,59,16908,1,,
16,67,5,614,16913,1,,
228,89,3,402,16921,1,,
6,66,8,59,16925,1,,
80,2,7,402,16934,1,,
384,1237,2,59,16935,1,,
53,173,3,402,16942,1,,
317,2185,6,59,16947,1,,
371,1459,2,402,16949,1,,
141,1758,6,59,16958,1,,
133,79,8,647,16964,1,,
385,1237,2,59,16965,1,,
363,58,5,673,16972,1,,
314,52,8,647,17003,1,,
254,2017,5,647,17014,1,,
173,264,6,647,17025,1,,
105,252,1,661,17030,1,,
105,-1,-1,-999,17031,2,two_level_rop,9.0
377,1237,2,59,17035,1,,
15,233,2,402,17036,1,,
315,210,9,661,17045,1,,
7,66,10,672,17049,1,,
107,252,1,661,17051,1,,
108,252,1,661,17056,1,,
48,171,11,59,17065,1,,
407,105,4,685,17065,1,,
109,252,1,661,17071,1,,
110,252,1,661,17076,1,,
227,948,6,568,17089,1,,
378,1237,2,59,17090,1,,
378,59,6,594,17090,1,,
378,217,4,576,17090,1,,
378,396,7,576,17090,1,,
20,1068,4,568,17101,1,,
140,453,10,594,17108,1,,
140,79,4,672,17108,1,,
359,57,5,672,17122,1,,
359,614,5,576,17122,1,,
456,413,8,594,17146,1,,
456,163,10,576,17146,1,,
443,519,12,563,17152,1,,
111,252,1,661,17153,1,,
5,529,9,576,17159,1,,
448,28,8,695,17164,1,,
68,694,1,561,17166,1,,
68,-1,-1,-999,17167,2,two_level_rop,1.0
112,344,8,576,17174,1,,
226,46,8,563,17176,1,,
275,95,8,576,17188,1,,
46,170,9,563,17198,1,,
203,367,8,576,17201,1,,
330,492,4,563,17205,1,,
317,780,8,576,17215,1,,
373,619,8,563,17216,1,,
51,172,6,576,17227,1,,
433,63,10,697,17231,1,,
107,1326,4,685,17235,1,,
402,299,6,576,17239,1,,
237,197,4,697,17245,1,,
237,90,6,697,17245,1,,
217,87,6,672,17253,1,,
216,197,2,697,17262,1,,
179,1850,6,576,17263,1,,
110,1707,8,637,17267,1,,
219,87,6,672,17276,1,,
42,118,3,576,17293,1,,
199,1150,3,576,17307,1,,
379,1237,2,59,17315,1,,
379,396,1,576,17315,1,,
206,8,12,677,17315,1,,
61,34,2,576,17323,1,,
32,69,8,677,17330,1,,
5,420,3,347,17331,1,,
313,386,2,672,17336,1,,
105,252,1,661,17336,1,,
105,-1,-1,-999,17337,2,two_level_rop,1.0
210,137,5,675,17338,1,,
229,89,2,694,17351,1,,
208,137,4,636,17383,1,,
106,672,8,694,17385,1,,
106,3,11,694,17385,1,,
106,443,4,694,17385,1,,
207,137,2,636,17393,1,,
142,454,7,694,17398,1,,
104,443,1,694,17403,1,,
420,405,8,548,17404,1,,
193,364,1,694,17409,1,,
68,694,1,561,17414,1,,
68,-1,-1,-999,17414,2,two_level_rop,1.0
466,113,8,548,17425,1,,
466,164,8,548,17425,1,,
10,422,6,648,17426,1,,
318,284,4,648,17435,1,,
456,524,7,548,17436,1,,
448,28,10,700,17450,1,,
337,1443,11,599,17456,1,,
311,149,6,548,17467,1,,
194,43,11,599,17474,1,,
451,314,8,599,17485,1,,
187,1370,6,599,17495,1,,
453,413,12,701,17498,1,,
12,652,4,599,17502,1,,
206,137,1,636,17505,1,,
137,683,4,701,17512,1,,
22,534,6,599,17515,1,,
317,53,8,562,17525,1,,
71,244,8,599,17531,1,,
106,898,4,648,17534,1,,
127,183,8,693,17551,1,,
399,401,8,562,17554,1,,
116,1329,8,562,17568,1,,
105,252,1,661,17573,1,,
105,-1,-1,-999,17573,2,two_level_rop,1.0
449,28,2,696,17573,1,,
423,107,5,696,17581,1,,
104,1698,8,648,17587,1,,
210,195,8,472,17594,1,,
136,350,5,565,17610,1,,
136,1341,6,565,17610,1,,
424,629,8,472,17617,1,,
280,600,10,565,17624,1,,
348,1009,8,472,17629,1,,
80,246,3,565,17630,1,,
448,111,5,565,17638,1,,
137,1131,10,693,17643,1,,
75,123,8,565,17650,1,,
439,227,10,642,17668,1,,
68,694,1,561,17673,1,,
68,-1,-1,-999,17673,2,two_level_rop,1.0
71,1094,9,645,17675,1,,
71,1094,10,657,17675,1,,
453,846,11,488,17683,1,,
425,26,6,565,17684,1,,
180,83,5,565,17692,1,,
97,3,10,642,17698,1,,
48,238,2,642,17705,1,,
437,310,2,709,17712,1,,
84,35,3,505,17719,1,,
84,697,8,505,17719,1,,
84,440,5,505,17719,1,,
128,448,8,642,17740,1,,
133,184,12,505,17742,1,,
451,1263,11,505,17757,1,,
95,700,12,699,17764,1,,
21,1,11,505,17772,1,,
323,99,7,699,17777,1,,
213,8,4,505,17789,1,,
213,196,8,505,17789,1,,
432,26,4,699,17792,1,,
432,308,5,699,17792,1,,
51,871,7,715,17804,1,,
440,227,8,699,17806,1,,
385,60,6,505,17813,1,,
225,9,12,699,17825,1,,
454,523,11,505,17829,1,,
152,1140,6,668,17832,1,,
458,643,7,699,17838,1,,
426,26,6,668,17842,1,,
153,188,10,505,17845,1,,
177,192,6,699,17853,1,,
141,40,6,720,17857,1,,
23,30,5,609,17857,1,,
371,157,10,668,17871,1,,
22,116,9,586,17887,1,,
136,682,2,505,17893,1,,
136,79,12,719,17893,1,,
144,351,6,586,17899,1,,
92,892,7,586,17909,1,,
16,532,6,719,17919,1,,
105,551,8,586,17923,1,,
205,8,5,699,17927,1,,
53,240,2,586,17927,1,,
425,630,6,609,17941,1,,
69,876,5,505,17948,1,,
49,171,4,699,17960,1,,
204,86,4,505,17961,1,,
20,167,6,715,17970,1,,
441,311,8,465,17977,1,,
131,1127,4,505,17981,1,,
256,93,10,729,17993,1,,
86,35,7,729,18006,1,,
412,302,3,505,18013,1,,
344,55,3,505,18019,1,,
319,98,7,729,18019,1,,
230,473,3,505,18026,1,,
83,35,2,505,18031,1,,
442,110,8,729,18033,1,,
189,932,4,699,18042,1,,
224,88,2,651,18044,1,,
178,192,5,729,18052,1,,
413,25,4,651,18057,1,,
413,223,5,651,18057,1,,
160,263,3,699,18060,1,,
162,263,3,699,18081,1,,
432,108,6,731,18089,1,,
432,62,11,731,18089,1,,
177,1847,4,729,18090,1,,
408,301,11,698,18105,1,,
336,19,4,655,18110,1,,
0,113,4,731,18112,1,,
142,129,5,737,18119,1,,
430,108,4,731,18126,1,,
143,454,8,698,18138,1,,
294,606,4,698,18146,1,,
416,223,1,651,18148,1,,
414,302,2,698,18151,1,,
87,74,10,692,18154,1,,
420,61,6,674,18159,1,,
175,1841,5,698,18163,1,,
86,74,8,714,18169,1,,
417,507,10,511,18177,1,,
433,308,3,699,18177,1,,
419,61,6,674,18186,1,,
362,292,6,714,18194,1,,
218,87,5,704,18202,1,,
231,1965,4,714,18203,1,,
68,694,1,561,18209,1,,
68,-1,-1,-999,18209,2,two_level_rop,1.0
166,459,5,704,18210,1,,
412,106,6,704,18220,1,,
296,15,3,396,18247,1,,
296,2129,2,396,18247,1,,
296,277,7,396,18247,1,,
415,106,9,396,18260,1,,
350,56,8,396,18279,1,,
227,580,4,623,18288,1,,
298,15,1,396,18293,1,,
298,147,9,689,18293,1,,
165,190,6,623,18297,1,,
326,785,11,396,18308,1,,
82,2,11,751,18313,1,,
160,1806,9,396,18324,1,,
22,1,6,739,18325,1,,
407,1481,12,711,18326,1,,
97,3,8,396,18338,1,,
226,271,8,739,18339,1,,
342,214,6,751,18351,1,,
98,251,12,711,18356,1,,
167,131,4,689,18356,1,,
167,131,8,396,18356,1,,
163,189,6,739,18362,1,,
250,200,6,396,18368,1,,
387,22,3,739,18374,1,,
228,46,12,711,18375,1,,
434,63,2,396,18379,1,,
434,162,4,396,18379,1,,
162,189,2,739,18390,1,,
168,131,7,711,18392,1,,
458,316,10,743,18415,1,,
229,46,6,664,18422,1,,
229,370,9,664,18422,1,,
229,89,8,664,18422,1,,
294,606,6,396,18429,1,,
9,1527,4,711,18429,1,,
294,-1,-1,-999,18429,2,two_level_rop,36.0
159,458,8,743,18436,1,,
317,490,12,664,18445,1,,
57,173,5,396,18446,1,,
339,392,8,743,18455,1,,
288,379,2,396,18455,1,,
169,190,10,664,18459,1,,
352,56,2,686,18460,1,,
340,392,4,743,18464,1,,
212,941,10,664,18473,1,,
293,606,1,396,18475,1,,
313,52,2,743,18488,1,,
403,222,8,664,18489,1,,
403,503,2,552,18489,1,,
141,40,5,758,18503,1,,
77,124,9,664,18512,1,,
68,694,1,561,18518,1,,
68,-1,-1,-999,18518,2,two_level_rop,1.0
404,503,2,552,18523,1,,
404,401,5,702,18523,1,,
310,1205,10,758,18542,1,,
447,28,12,733,18543,1,,
256,11,11,733,18558,1,,
183,42,9,733,18571,1,,
158,262,12,756,18573,1,,
448,1261,7,664,18579,1,,
89,249,4,758,18581,1,,
263,274,10,733,18585,1,,
101,126,6,664,18588,1,,
32,328,6,733,18595,1,,
0,113,10,756,18598,1,,
316,16,5,552,18599,1,,
358,395,6,756,18613,1,,
175,41,5,552,18620,1,,
368,1231,4,552,18627,1,,
180,193,5,756,18632,1,,
64,71,4,552,18633,1,,
121,182,4,664,18640,1,,
8,1527,1,711,18657,1,,
261,141,8,591,18659,1,,
166,41,1,552,18661,1,,
402,503,1,552,18686,1,,
65,243,5,676,18691,1,,
294,606,5,396,18698,1,,
87,35,6,676,18703,1,,
398,221,2,676,18710,1,,
426,161,6,676,18722,1,,
443,519,5,763,18729,1,,
443,27,6,763,18729,1,,
167,41,1,552,18732,1,,
115,77,6,676,18733,1,,
169,41,1,552,18739,1,,
164,7,5,767,18744,1,,
384,295,4,718,18754,1,,
297,96,4,718,18761,1,,
116,77,12,767,18762,1,,
215,369,7,765,18775,1,,
256,202,6,744,18780,1,,
160,81,2,765,18782,1,,
405,402,6,744,18791,1,,
451,1504,12,752,18794,1,,
392,23,9,744,18804,1,,
104,180,4,765,18807,1,,
133,128,10,752,18819,1,,
133,5,9,752,18819,1,,
176,133,2,752,18826,1,,
38,33,5,752,18833,1,,
68,694,1,561,18839,1,,
68,-1,-1,-999,18840,2,two_level_rop,1.0
103,672,9,752,18847,1,,
321,99,3,318,18863,1,,
321,1436,10,318,18863,1,,
251,93,10,752,18863,1,,
132,350,7,721,18876,1,,
141,40,6,773,18876,1,,
39,1583,10,318,18877,1,,
385,620,5,752,18886,1,,
280,481,4,318,18892,1,,
280,144,7,318,18892,1,,
40,33,6,773,18902,1,,
246,11,8,318,18915,1,,
246,2001,9,318,18915,1,,
322,18,5,773,18928,1,,
387,397,11,318,18930,1,,
265,142,8,754,18937,1,,
171,1833,9,318,18943,1,,
166,131,9,318,18956,1,,
117,127,5,721,18957,1,,
406,24,9,318,18969,1,,
282,482,4,318,18987,1,,
282,206,10,740,18987,1,,
460,1511,9,318,19000,1,,
20,324,10,747,19003,1,,
172,191,8,754,19009,1,,
80,246,9,318,19013,1,,
317,490,9,747,19019,1,,
128,448,6,747,19030,1,,
311,385,8,740,19032,1,,
76,543,4,747,19039,1,,
76,-1,-1,-999,19039,2,two_level_rop,49.0
270,143,8,740,19044,1,,
75,543,2,747,19046,1,,
264,760,4,688,19049,1,,
220,87,3,754,19055,1,,
216,369,6,747,19057,1,,
457,230,4,747,19066,1,,
389,219,7,318,19075,1,,
71,334,7,757,19079,1,,
364,156,7,740,19086,1,,
232,47,3,757,19087,1,,
40,1585,4,682,19111,1,,
86,74,6,318,19122,1,,
323,99,6,318,19132,1,,
260,12,6,660,19133,1,,
179,730,6,318,19141,1,,
266,142,6,660,19142,1,,
461,415,5,780,19150,1,,
21,1069,4,318,19157,1,,
11,0,4,318,19164,1,,
68,694,1,561,19167,1,,
68,-1,-1,-999,19167,2,two_level_rop,1.0
180,730,3,318,19170,1,,
350,56,3,725,19176,1,,
29,1072,4,318,19177,1,,
158,262,4,318,19191,1,,
259,479,4,725,19192,1,,
258,479,2,725,19197,1,,
454,1050,4,782,19211,1,,
415,303,10,764,19235,1,,
256,11,4,782,19237,1,,
12,0,2,318,19246,1,,
183,42,10,728,19251,1,,
25,428,8,749,19262,1,,
72,122,8,728,19265,1,,
316,779,6,749,19271,1,,
416,61,5,728,19275,1,,
147,6,8,736,19289,1,,
8,114,3,621,19302,1,,
324,152,9,728,19304,1,,
244,91,1,764,19310,1,,
244,-1,-1,-999,19310,2,two_level_rop,30.0
326,1438,6,621,19311,1,,
24,326,6,707,19316,1,,
245,91,3,764,19318,1,,
257,967,7,621,19322,1,,
289,1195,2,318,19323,1,,
23,534,8,736,19331,1,,
323,285,4,736,19342,1,,
146,1345,9,690,19374,1,,
344,19,8,639,19383,1,,
344,215,4,639,19383,1,,
213,1158,6,745,19386,1,,
262,141,9,639,19396,1,,
128,4,2,639,19403,1,,
128,448,2,639,19403,1,,
26,31,10,745,19411,1,,
48,171,2,745,19416,1,,
337,154,2,745,19427,1,,
325,152,9,639,19429,1,,
325,18,9,639,19429,1,,
319,17,3,639,19437,1,,
16,0,4,785,19445,1,,
97,3,8,639,19451,1,,
444,312,5,639,19461,1,,
132,5,9,785,19462,1,,
459,1510,10,748,19468,1,,
116,4,2,639,19468,1,,
17,0,4,785,19471,1,,
208,44,8,748,19479,1,,
4,0,1,785,19480,1,,
68,1636,6,318,19498,1,,
22,1,5,748,19506,1,,
435,409,3,748,19513,1,,
320,151,8,457,19519,1,,
80,336,2,748,19520,1,,
5,855,8,796,19534,1,,
317,98,1,796,19548,1,,
317,490,7,796,19548,1,,
6,855,4,796,19558,1,,
23,30,2,745,19559,1,,
316,98,2,796,19564,1,,
324,285,8,736,19578,1,,
318,98,1,796,19584,1,,
244,91,2,764,19590,1,,
98,341,4,741,19591,1,,
193,43,6,741,19600,1,,
114,253,4,790,19610,1,,
262,2038,8,426,19615,1,,
319,98,8,796,19617,1,,
200,85,8,790,19622,1,,
307,16,4,775,19626,1,,
24,1,8,790,19634,1,,
310,16,4,775,19635,1,,
192,135,2,790,19638,1,,
122,678,2,790,19647,1,,
102,671,2,775,19648,1,,
102,1112,5,775,19648,1,,
97,76,6,789,19657,1,,
13,0,3,789,19663,1,,
12,0,2,789,19667,1,,
320,151,12,741,19687,1,,
381,59,4,775,19689,1,,
49,1,5,738,19698,1,,
49,663,3,738,19698,1,,
164,1814,2,789,19706,1,,
109,37,10,738,19712,1,,
284,207,3,738,19722,1,,
389,219,5,738,19735,1,,
137,683,10,738,19750,1,,
157,81,6,793,19750,1,,
425,225,6,778,19753,1,,
192,572,11,691,19765,1,,
303,148,8,759,19767,1,,
433,308,6,793,19768,1,,
341,101,8,810,19777,1,,
141,351,3,793,19778,1,,
141,-1,-1,-999,19779,2,two_level_rop,88.0
424,107,12,805,19786,1,,
40,70,6,810,19786,1,,
144,351,2,793,19794,1,,
423,107,4,759,19795,1,,
17,67,8,735,19806,1,,
16,323,10,544,19811,1,,
422,406,7,544,19824,1,,
414,1030,6,544,19835,1,,
384,396,4,544,19844,1,,
464,164,4,544,19853,1,,
320,98,9,735,19860,1,,
160,564,10,803,19874,1,,
342,19,8,776,19875,1,,
419,508,2,803,19879,1,,
426,107,8,788,19879,1,,
279,144,4,783,19882,1,,
343,101,10,783,19896,1,,
164,263,3,783,19902,1,,
257,967,3,783,19908,1,,
221,87,3,783,19915,1,,
427,62,2,783,19919,1,,
163,263,3,783,19925,1,,
385,60,3,783,19931,1,,
345,19,10,813,19943,1,,
97,76,10,783,19945,1,,
425,107,9,813,19956,1,,
98,76,7,813,19966,1,,
55,873,6,813,19976,1,,
18,532,5,813,19984,1,,
56,241,6,713,19993,1,,
234,1972,4,713,20000,1,,
437,410,4,762,20008,1,,
344,290,10,766,20021,1,,
344,154,6,766,20021,1,,
218,471,3,762,20024,1,,
115,253,4,713,20029,1,,
412,25,4,824,20031,1,,
10,1278,2,813,20036,1,,
121,557,4,762,20038,1,,
341,101,6,825,20039,1,,
222,471,3,762,20043,1,,
128,78,2,762,20048,1,,
343,792,4,495,20051,1,,
219,471,3,762,20054,1,,
392,297,5,766,20058,1,,
392,23,10,766,20058,1,,
141,351,2,793,20058,1,,
220,471,3,762,20090,1,,
363,292,11,766,20093,1,,
352,154,6,774,20101,1,,
352,1012,9,774,20101,1,,
72,244,9,766,20106,1,,
290,771,10,774,20116,1,,
20,115,8,766,20120,1,,
20,1,2,766,20120,1,,
339,154,4,774,20123,1,,
55,665,9,801,20143,1,,
122,182,10,828,20144,1,,
244,585,9,766,20156,1,,
291,605,8,717,20159,1,,
425,26,8,766,20169,1,,
292,605,1,717,20172,1,,
31,328,6,801,20178,1,,
129,38,6,687,20183,1,,
132,5,7,766,20191,1,,
335,287,10,761,20200,1,,
335,1220,10,761,20200,1,,
370,293,6,687,20201,1,,
130,39,7,819,20204,1,,
38,237,4,761,20207,1,,
387,218,4,687,20209,1,,
386,816,4,801,20213,1,,
172,191,4,717,20213,1,,
260,967,4,801,20222,1,,
446,1044,8,687,20231,1,,
147,6,4,766,20238,1,,
208,195,4,766,20255,1,,
407,105,2,819,20262,1,,
154,188,5,834,20272,1,,
205,8,4,687,20276,1,,
8,0,1,801,20289,1,,
8,-1,-1,-999,20289,2,two_level_rop,96.0
22,1,11,834,20296,1,,
299,775,11,770,20306,1,,
149,261,8,837,20308,1,,
0,1516,2,770,20311,1,,
169,923,4,834,20315,1,,
116,253,2,713,20321,1,,
349,102,8,770,20322,1,,
323,1437,8,814,20335,1,,
301,278,12,613,20339,1,,
343,214,9,837,20340,1,,
318,53,10,833,20349,1,,
148,353,9,663,20353,1,,
92,892,8,487,20364,1,,
18,115,9,671,20366,1,,
25,688,6,663,20376,1,,
141,40,6,671,20392,1,,
192,1883,5,671,20403,1,,
192,-1,-1,-999,20403,2,two_level_rop,48.0
106,552,4,671,20409,1,,
456,848,7,487,20420,1,,
300,278,8,809,20429,1,,
414,25,6,487,20430,1,,
319,284,6,487,20439,1,,
302,1423,7,809,20441,1,,
415,25,4,487,20446,1,,
161,723,4,809,20448,1,,
59,120,3,487,20457,1,,
191,363,7,809,20460,1,,
132,5,5,843,20462,1,,
150,354,1,809,20463,1,,
13,67,2,746,20465,1,,
151,187,6,589,20473,1,,
149,353,8,809,20496,1,,
194,84,5,746,20499,1,,
153,355,2,809,20500,1,,
57,436,1,746,20505,1,,
133,79,11,838,20522,1,,
116,1715,8,814,20523,1,,
411,1028,10,838,20536,1,,
21,426,6,654,20547,1,,
92,1679,10,746,20552,1,,
249,961,7,791,20559,1,,
408,105,10,654,20561,1,,
8,0,3,801,20566,1,,
141,40,6,791,20569,1,,
120,346,6,654,20571,1,,
333,54,6,654,20580,1,,
292,983,4,791,20583,1,,
134,5,5,654,20588,1,,
80,336,1,654,20595,1,,
193,43,3,654,20603,1,,
430,307,5,-86,20603,1,,
97,3,6,791,20613,1,,
29,327,6,654,20615,1,,
225,471,3,791,20618,1,,
223,471,2,791,20623,1,,
221,471,3,791,20636,1,,
175,265,1,-86,20646,1,,
175,-1,-1,-999,20646,2,two_level_rop,13.0
22,656,6,678,20646,1,,
68,2,4,784,20653,1,,
118,181,2,826,20655,1,,
360,155,2,678,20669,1,,
320,98,1,784,20686,1,,
320,-1,-1,-999,20686,2,two_level_rop,66.0
187,462,9,842,20699,1,,
249,2005,10,-86,20713,1,,
227,46,4,842,20714,1,,
227,197,4,842,20714,1,,
192,1883,5,671,20722,1,,
45,868,7,794,20729,1,,
76,174,12,842,20742,1,,
76,2,9,842,20742,1,,
428,632,8,794,20743,1,,
24,657,6,842,20754,1,,
8,1527,4,711,20758,1,,
250,587,12,794,20760,1,,
451,521,2,842,20761,1,,
407,828,1,794,20763,1,,
217,197,4,842,20770,1,,
269,377,2,842,20776,1,,
200,1151,5,794,20776,1,,
218,197,1,842,20782,1,,
1,29,8,853,20792,1,,
118,905,6,816,20812,1,,
0,113,8,841,20846,1,,
325,784,8,841,20860,1,,
444,519,7,858,20870,1,,
150,354,8,841,20874,1,,
253,2014,5,795,20883,1,,
16,323,9,858,20883,1,,
426,631,9,841,20889,1,,
452,229,10,858,20897,1,,
286,379,8,841,20903,1,,
214,1930,4,858,20904,1,,
175,265,1,-86,20907,1,,
175,-1,-1,-999,20908,2,two_level_rop,1.0
39,33,3,841,20915,1,,
39,70,4,841,20915,1,,
8,0,8,798,20921,1,,
8,0,1,784,20921,1,,
8,-1,-1,-999,20921,2,two_level_rop,16.0
139,1133,6,-75,20927,1,,
289,1195,2,795,20927,1,,
110,553,8,-75,20948,1,,
110,37,6,-75,20948,1,,
228,89,4,-75,20957,1,,
320,98,3,784,20963,1,,
254,373,8,-75,20971,1,,
52,434,2,-75,20978,1,,
280,14,7,844,20990,1,,
252,373,2,-75,20997,1,,
253,373,2,-75,21004,1,,
215,270,8,769,21006,1,,
1,231,5,769,21016,1,,
0,231,6,769,21028,1,,
32,328,5,856,21047,1,,
32,429,7,856,21047,1,,
203,367,2,769,21053,1,,
301,2141,7,669,21067,1,,
405,402,9,856,21068,1,,
100,442,8,856,21082,1,,
175,265,1,-86,21082,1,,
175,-1,-1,-999,21082,2,two_level_rop,1.0
37,1290,6,868,21088,1,,
318,53,10,856,21098,1,,
294,51,6,868,21105,1,,
128,559,2,868,21110,1,,
211,138,10,856,21115,1,,
373,59,6,856,21126,1,,
408,504,6,856,21138,1,,
320,98,12,769,21156,1,,
320,-1,-1,-999,21156,2,two_level_rop,15.0
253,373,6,769,21167,1,,
253,-1,-1,-999,21168,2,two_level_rop,42.0
141,1344,1,856,21173,1,,
355,613,6,-54,21174,1,,
355,290,10,-54,21174,1,,
192,463,12,-54,21190,1,,
8,0,5,856,21192,1,,
8,0,7,784,21192,1,,
8,-1,-1,-999,21192,2,two_level_rop,12.0
244,91,10,-54,21209,1,,
244,273,4,-54,21209,1,,
244,-1,-1,-999,21209,2,two_level_rop,25.0
246,2001,8,-54,21224,1,,
246,273,2,-54,21224,1,,
2,528,9,873,21224,1,,
445,840,11,-54,21241,1,,
55,665,4,-54,21257,1,,
55,119,6,-54,21257,1,,
32,536,10,-54,21274,1,,
142,258,8,873,21280,1,,
258,592,2,873,21287,1,,
124,907,3,-54,21291,1,,
124,255,8,-54,21291,1,,
109,37,6,873,21298,1,,
25,1553,3,873,21306,1,,
280,766,2,-54,21307,1,,
280,14,8,-54,21307,1,,
29,327,7,-54,21320,1,,
110,343,8,849,21320,1,,
195,464,7,-54,21333,1,,
175,265,1,-86,21333,1,,
175,-1,-1,-999,21334,2,two_level_rop,1.0
41,661,6,-54,21344,1,,
313,386,2,-54,21354,1,,
313,608,3,-54,21354,1,,
198,1899,4,-54,21363,1,,
268,596,4,-54,21374,1,,
0,646,4,-54,21383,1,,
412,302,4,-54,21393,1,,
209,368,4,-54,21402,1,,
389,219,2,-54,21414,1,,
111,553,6,755,21422,1,,
128,255,2,-54,21423,1,,
466,318,4,-54,21433,1,,
466,-1,-1,-999,21433,2,two_level_rop,28.0
242,199,5,848,21434,1,,
423,107,4,-54,21442,1,,
112,674,6,848,21454,1,,
95,341,1,848,21460,1,,
377,810,2,-54,21467,1,,
179,41,1,-54,21473,1,,
210,368,2,-54,21480,1,,
253,201,8,669,21494,1,,
217,944,2,-54,21501,1,,
177,41,1,-54,21506,1,,
178,41,1,-54,21511,1,,
182,41,1,-54,21520,1,,
8,0,1,784,21534,1,,
8,0,10,678,21534,1,,
244,91,1,-54,21534,1,,
64,34,9,855,21549,1,,
465,318,1,-54,21549,1,,
175,265,1,-86,21556,1,,
175,-1,-1,-999,21556,2,two_level_rop,1.0
314,52,5,861,21559,1,,
325,99,9,855,21574,1,,
68,2,7,861,21587,1,,
270,480,10,874,21591,1,,
159,189,2,835,21596,1,,
164,7,7,855,21608,1,,
160,189,6,835,21620,1,,
257,48,6,874,21629,1,,
62,332,8,830,21634,1,,
294,2124,6,835,21646,1,,
8,0,1,835,21651,1,,
8,-1,-1,-999,21651,2,two_level_rop,12.0
313,282,6,835,21662,1,,
466,318,6,861,21674,1,,
64,71,6,851,21693,1,,
64,1,6,851,21693,1,,
284,602,9,-52,21705,1,,
397,60,12,851,21711,1,,
173,566,4,-52,21720,1,,
89,249,7,851,21724,1,,
175,265,1,-86,21724,1,,
175,-1,-1,-999,21725,2,two_level_rop,1.0
103,896,1,-52,21728,1,,
171,566,4,-52,21737,1,,
213,469,4,-52,21746,1,,
306,209,8,851,21747,1,,
306,51,8,851,21747,1,,
40,539,4,851,21756,1,,
294,606,5,-52,21756,1,,
294,-1,-1,-999,21757,2,two_level_rop,22.0
396,400,11,845,21774,1,,
288,14,3,888,21785,1,,
367,617,7,845,21786,1,,
466,318,4,-54,21787,1,,
303,148,7,703,21799,1,,
261,203,6,703,21810,1,,
447,64,4,888,21821,1,,
55,873,6,898,21822,1,,
285,767,7,898,21835,1,,
119,4,8,898,21849,1,,
364,156,6,898,21860,1,,
298,96,6,898,21872,1,,
260,12,7,878,21884,1,,
394,220,5,898,21894,1,,
352,56,6,872,21902,1,,
293,381,4,872,21909,1,,
256,202,9,901,21910,1,,
8,0,4,835,21919,1,,
451,229,7,872,21921,1,,
395,220,3,898,21926,1,,
311,281,8,878,21940,1,,
166,263,3,901,21948,1,,
165,263,2,901,21955,1,,
294,606,1,-52,21967,1,,
167,263,3,901,21968,1,,
226,1951,2,906,21977,1,,
175,41,3,-54,21990,1,,
24,31,4,863,21996,1,,
227,9,9,891,21997,1,,
164,7,6,906,22006,1,,
452,229,4,863,22015,1,,
229,9,10,882,22021,1,,
38,169,5,906,22029,1,,
33,32,5,863,22037,1,,
21,426,6,882,22038,1,,
21,-1,-1,-999,22038,2,two_level_rop,111.0
194,364,9,882,22051,1,,
466,164,8,882,22062,1,,
422,305,3,882,22069,1,,
201,85,8,886,22071,1,,
2,65,4,900,22077,1,,
176,133,7,886,22083,1,,
353,393,4,882,22084,1,,
174,132,5,886,22094,1,,
8,1527,1,711,22109,1,,
8,0,8,841,22109,1,,
8,-1,-1,-999,22109,2,two_level_rop,13.0
228,271,8,886,22123,1,,
404,160,8,885,22133,1,,
173,264,9,705,22138,1,,
171,132,1,886,22143,1,,
65,121,4,886,22152,1,,
268,596,2,885,22157,1,,
109,37,2,705,22159,1,,
126,1736,5,885,22168,1,,
332,493,6,705,22170,1,,
0,113,7,885,22185,1,,
423,510,1,854,22193,1,,
175,132,2,886,22206,1,,
88,547,10,854,22208,1,,
417,25,3,915,22216,1,,
461,1270,4,854,22223,1,,
461,64,7,854,22223,1,,
220,45,7,854,22233,1,,
115,77,6,854,22243,1,,
299,484,6,760,22247,1,,
97,3,8,894,22251,1,,
422,510,7,854,22253,1,,
269,204,10,760,22263,1,,
48,171,8,879,22275,1,,
66,34,10,894,22293,1,,
49,119,4,894,22302,1,,
260,12,2,760,22304,1,,
21,426,2,882,22311,1,,
326,491,4,904,22323,1,,
326,53,10,904,22323,1,,
327,212,6,879,22334,1,,
23,30,2,821,22341,1,,
213,469,6,904,22346,1,,
175,82,6,885,22353,1,,
175,-1,-1,-999,22353,2,two_level_rop,11.0
78,545,6,904,22357,1,,
232,10,4,904,22366,1,,
50,119,6,723,22366,1,,
50,541,5,723,22366,1,,
120,4,6,904,22384,1,,
120,38,5,904,22384,1,,
8,0,1,841,22389,1,,
451,28,8,723,22391,1,,
451,229,10,723,22391,1,,
37,70,3,904,22397,1,,
328,153,12,723,22408,1,,
238,90,12,723,22427,1,,
83,73,6,723,22443,1,,
83,2,4,723,22443,1,,
127,1736,11,909,22451,1,,
6,685,10,512,22456,1,,
221,45,8,723,22457,1,,
206,8,6,909,22460,1,,
288,276,6,723,22469,1,,
290,95,3,512,22481,1,,
290,380,8,512,22481,1,,
268,596,7,723,22481,1,,
156,719,7,512,22493,1,,
16,67,7,723,22494,1,,
419,1253,5,512,22501,1,,
86,1668,6,723,22505,1,,
17,234,10,512,22518,1,,
316,210,5,512,22528,1,,
207,8,5,512,22538,1,,
137,712,9,820,22539,1,,
137,128,5,820,22539,1,,
359,57,8,136,22552,1,,
119,677,3,820,22564,1,,
283,145,8,136,22573,1,,
283,206,6,136,22573,1,,
130,1126,8,820,22584,1,,
24,657,2,512,22585,1,,
24,68,4,136,22585,1,,
92,125,1,820,22594,1,,
92,2,5,820,22594,1,,
92,-1,-1,-999,22594,2,two_level_rop,67.0
317,16,4,136,22594,1,,
435,635,3,723,22602,1,,
327,491,6,904,22603,1,,
178,1848,4,723,22614,1,,
131,39,10,911,22617,1,,
2,647,5,723,22625,1,,
87,1668,1,723,22630,1,,
21,426,10,820,22631,1,,
21,-1,-1,-999,22631,2,two_level_rop,12.0
93,125,1,820,22634,1,,
43,431,2,723,22639,1,,
63,439,10,911,22649,1,,
94,125,1,820,22681,1,,
94,36,7,911,22681,1,,
94,2,2,910,22681,1,,
164,7,3,512,22688,1,,
120,346,10,820,22695,1,,
175,82,3,885,22696,1,,
99,670,4,136,22705,1,,
5,685,1,512,22710,1,,
157,81,7,911,22712,1,,
338,19,3,136,22718,1,,
132,39,6,910,22725,1,,
17,1065,11,136,22736,1,,
62,332,6,910,22736,1,,
359,1449,4,811,22745,1,,
33,117,5,911,22746,1,,
317,780,6,723,22761,1,,
133,5,12,712,22791,1,,
133,1128,7,712,22791,1,,
183,1860,9,712,22806,1,,
413,302,7,940,22807,1,,
101,178,4,910,22816,1,,
32,536,6,712,22827,1,,
340,289,8,840,22828,1,,
340,154,6,840,22828,1,,
288,276,2,910,22834,1,,
3,29,7,940,22841,1,,
260,758,4,712,22852,1,,
260,12,8,712,22852,1,,
193,573,2,712,22859,1,,
310,2165,5,840,22860,1,,
92,125,1,820,22865,1,,
92,-1,-1,-999,22865,2,two_level_rop,1.0
18,67,4,840,22869,1,,
34,117,1,911,22870,1,,
349,102,4,840,22883,1,,
349,154,4,840,22883,1,,
408,61,6,931,22894,1,,
175,132,1,712,22895,1,,
331,100,12,931,22913,1,,
404,160,10,924,22920,1,,
309,2163,6,931,22924,1,,
451,314,7,924,22935,1,,
436,309,6,931,22936,1,,
350,102,6,931,22947,1,,
114,705,6,924,22948,1,,
164,189,3,924,22956,1,,
100,442,4,931,22968,1,,
244,91,5,924,22968,1,,
33,32,5,712,22969,1,,
33,-1,-1,-999,22969,2,two_level_rop,15.0
109,1118,4,931,22977,1,,
225,139,9,932,22996,1,,
21,426,2,820,23003,1,,
344,1448,8,932,23010,1,,
192,266,6,932,23022,1,,
192,-1,-1,-999,23022,2,two_level_rop,23.0
38,169,10,943,23034,1,,
38,1,10,943,23034,1,,
409,61,3,931,23046,1,,
20,167,11,943,23051,1,,
184,134,6,926,23065,1,,
184,83,6,926,23065,1,,
120,38,10,943,23068,1,,
150,187,8,926,23082,1,,
5,65,10,943,23084,1,,
191,266,2,932,23089,1,,
452,229,12,890,23094,1,,
138,560,1,931,23094,1,,
138,-1,-1,-999,23094,2,two_level_rop,7.0
449,111,8,943,23098,1,,
190,266,3,932,23102,1,,
429,162,2,932,23109,1,,
198,7,4,943,23113,1,,
198,734,5,943,23113,1,,
175,41,5,808,23123,1,,
175,-1,-1,-999,23123,2,two_level_rop,9.0
134,257,10,890,23132,1,,
134,79,8,890,23132,1,,
65,34,9,890,23145,1,,
155,456,6,890,23155,1,,
155,-1,-1,-999,23155,2,two_level_rop,63.0
330,1002,8,890,23166,1,,
418,25,6,890,23181,1,,
326,286,3,890,23188,1,,
8,0,8,890,23202,1,,
436,309,6,797,23205,1,,
33,32,1,712,23208,1,,
309,1429,6,890,23213,1,,
92,125,1,820,23214,1,,
92,-1,-1,-999,23214,2,two_level_rop,1.0
413,25,2,890,23220,1,,
193,463,2,890,23227,1,,
285,767,8,951,23228,1,,
384,295,4,951,23237,1,,
433,63,8,951,23251,1,,
235,272,7,951,23264,1,,
89,75,8,961,23275,1,,
160,357,4,951,23275,1,,
24,326,7,859,23290,1,,
152,456,1,890,23296,1,,
431,408,9,859,23305,1,,
138,560,4,931,23321,1,,
138,1132,6,936,23321,1,,
138,-1,-1,-999,23321,2,two_level_rop,10.0
282,601,11,-46,23350,1,,
139,452,9,902,23351,1,,
33,32,8,-46,23364,1,,
350,20,9,902,23366,1,,
270,205,10,-46,23380,1,,
422,62,12,902,23385,1,,
296,147,10,-46,23397,1,,
196,365,2,902,23401,1,,
196,43,8,902,23401,1,,
137,1131,6,-46,23408,1,,
294,15,6,902,23412,1,,
360,615,8,-46,23422,1,,
80,336,8,902,23426,1,,
141,258,6,-46,23434,1,,
169,359,6,902,23438,1,,
448,28,1,902,23443,1,,
319,151,6,-46,23454,1,,
341,289,5,-46,23465,1,,
103,1113,5,-46,23475,1,,
76,696,9,944,23482,1,,
259,141,4,-46,23487,1,,
338,213,2,974,23499,1,,
189,1148,7,974,23511,1,,
423,224,4,-46,23514,1,,
349,102,4,974,23521,1,,
244,91,2,974,23536,1,,
212,368,4,-46,23543,1,,
211,368,4,-46,23552,1,,
72,334,9,930,23561,1,,
314,210,4,-46,23561,1,,
115,127,4,-46,23570,1,,
20,324,8,930,23575,1,,
175,41,4,808,23579,1,,
155,456,2,890,23582,1,,
340,495,7,930,23590,1,,
340,55,2,930,23590,1,,
419,224,1,-46,23592,1,,
44,1594,8,930,23604,1,,
92,125,1,820,23605,1,,
92,-1,-1,-999,23606,2,two_level_rop,1.0
194,84,4,880,23615,1,,
342,55,6,930,23626,1,,
191,1879,10,880,23643,1,,
190,135,8,930,23657,1,,
93,36,10,991,23660,1,,
270,143,3,930,23665,1,,
91,36,1,991,23666,1,,
251,963,9,993,23673,1,,
296,2129,4,987,23680,1,,
296,277,5,987,23680,1,,
256,755,8,993,23687,1,,
198,465,8,991,23687,1,,
138,560,4,931,23689,1,,
138,-1,-1,-999,23689,2,two_level_rop,4.0
153,1794,7,993,23699,1,,
132,5,6,987,23700,1,,
432,162,4,993,23709,1,,
433,162,3,993,23723,1,,
199,136,6,727,23724,1,,
195,1890,4,727,23734,1,,
290,982,11,355,23751,1,,
375,619,11,727,23753,1,,
263,274,10,355,23777,1,,
396,220,9,355,23792,1,,
118,345,6,355,23804,1,,
133,5,5,355,23814,1,,
260,1409,8,869,23828,1,,
200,366,4,921,23829,1,,
412,506,4,355,23837,1,,
33,117,5,862,23849,1,,
453,523,7,869,23850,1,,
288,604,11,862,23867,1,,
415,303,12,567,23868,1,,
131,183,4,355,23877,1,,
65,34,8,862,23881,1,,
140,1134,5,869,23888,1,,
46,170,5,862,23891,1,,
255,374,5,862,23901,1,,
314,1206,6,979,23903,1,,
256,374,1,862,23907,1,,
403,222,6,979,23915,1,,
197,575,6,979,23926,1,,
141,453,11,567,23929,1,,
209,468,6,979,23938,1,,
224,746,4,979,23947,1,,
223,746,4,979,23956,1,,
198,575,1,979,23962,1,,
92,125,1,820,23975,1,,
92,-1,-1,-999,23975,2,two_level_rop,1.0
122,347,7,567,23978,1,,
175,265,1,979,23984,1,,
175,-1,-1,-999,23984,2,two_level_rop,5.0
22,325,7,567,23991,1,,
394,622,8,567,24005,1,,
138,560,1,931,24019,1,,
419,1253,1,355,24027,1,,
419,224,2,567,24027,1,,
419,-1,-1,-999,24027,2,two_level_rop,31.0
219,8,11,996,24027,1,,
285,981,4,355,24036,1,,
91,548,3,355,24044,1,,
56,1616,3,355,24052,1,,
121,182,1,1009,24057,1,,
55,1616,3,355,24065,1,,
284,145,8,899,24091,1,,
185,134,7,899,24104,1,,
202,936,2,899,24111,1,,
467,164,8,-8,24111,1,,
39,1078,4,899,24120,1,,
113,704,4,899,24129,1,,
402,299,8,-8,24136,1,,
132,1128,4,-8,24153,1,,
132,350,7,-8,24153,1,,
112,444,6,768,24155,1,,
312,1432,7,-8,24166,1,,
282,145,2,-8,24173,1,,
92,548,3,355,24175,1,,
154,916,6,-8,24184,1,,
226,472,2,-8,24191,1,,
442,228,6,-8,24202,1,,
324,99,5,942,24203,1,,
111,444,1,768,24209,1,,
83,2,8,942,24222,1,,
240,476,6,942,24234,1,,
294,51,3,942,24242,1,,
175,265,1,979,24248,1,,
175,132,8,-8,24248,1,,
175,-1,-1,-999,24248,2,two_level_rop,9.0
143,1767,2,942,24249,1,,
105,551,4,942,24258,1,,
105,-1,-1,-999,24258,2,two_level_rop,12.0
302,608,10,1008,24274,1,,
92,125,1,820,24277,1,,
92,-1,-1,-999,24278,2,two_level_rop,4.0
185,1368,11,768,24292,1,,
113,444,5,768,24302,1,,
419,224,6,567,24314,1,,
378,294,11,456,24316,1,,
5,1061,8,456,24330,1,,
172,191,10,456,24346,1,,
186,571,4,1015,24351,1,,
221,87,3,1001,24361,1,,
91,250,11,456,24364,1,,
418,304,6,1001,24374,1,,
261,203,8,456,24378,1,,
215,87,2,1001,24381,1,,
394,502,6,456,24389,1,,
223,87,6,1001,24395,1,,
211,87,1,1001,24406,1,,
24,534,2,1005,24412,1,,
21,116,8,980,24429,1,,
212,269,10,1005,24445,1,,
402,299,9,896,24466,1,,
175,265,1,979,24472,1,,
175,-1,-1,-999,24472,2,two_level_rop,1.0
66,1632,9,980,24485,1,,
65,121,8,973,24499,1,,
384,21,8,893,24513,1,,
259,757,8,893,24527,1,,
25,1,11,893,24552,1,,
25,68,6,893,24552,1,,
67,1091,8,893,24565,1,,
105,551,6,942,24577,1,,
92,125,1,820,24584,1,,
92,-1,-1,-999,24584,2,two_level_rop,1.0
32,1074,6,893,24588,1,,
32,-1,-1,-999,24589,2,two_level_rop,110.0
0,113,7,893,24601,1,,
47,1296,6,893,24612,1,,
31,1074,6,893,24624,1,,
26,1553,6,1012,24635,1,,
27,535,4,945,24644,1,,
422,406,5,893,24655,1,,
8,0,3,58,24657,1,,
8,320,4,58,24657,1,,
8,114,8,58,24657,1,,
8,-1,-1,-999,24657,2,two_level_rop,24.0
1,319,5,946,24665,1,,
213,196,10,58,24673,1,,
312,1432,10,58,24690,1,,
454,1507,10,58,24706,1,,
20,68,6,981,24712,1,,
29,862,8,58,24720,1,,
255,591,9,58,24735,1,,
439,227,8,58,24749,1,,
175,132,4,981,24753,1,,
176,7,3,58,24768,1,,
176,567,9,58,24768,1,,
333,287,6,981,24772,1,,
326,785,2,962,24778,1,,
23,325,7,58,24780,1,,
209,1380,7,58,24793,1,,
260,12,7,58,24806,1,,
327,153,9,1014,24809,1,,
272,94,4,58,24815,1,,
214,196,4,981,24818,1,,
71,878,6,58,24826,1,,
46,170,2,58,24837,1,,
46,690,3,58,24837,1,,
179,569,5,58,24847,1,,
201,576,4,58,24856,1,,
164,189,3,58,24864,1,,
164,-1,-1,-999,24864,2,two_level_rop,68.0
296,1198,9,953,24867,1,,
419,224,4,58,24873,1,,
419,-1,-1,-999,24873,2,two_level_rop,10.0
162,189,2,58,24879,1,,
105,897,8,953,24881,1,,
299,484,5,953,24892,1,,
47,170,2,58,24894,1,,
0,853,2,953,24898,1,,
315,283,8,984,24912,1,,
322,18,8,953,24926,1,,
316,1208,1,953,24931,1,,
400,401,4,986,24941,1,,
8,0,3,58,24944,1,,
327,491,2,948,24947,1,,
107,443,4,986,24957,1,,
175,265,1,979,24957,1,,
175,41,5,896,24957,1,,
175,-1,-1,-999,24957,2,two_level_rop,10.0
247,586,10,815,24973,1,,
73,1096,3,815,24984,1,,
313,150,8,815,24998,1,,
150,187,4,815,25007,1,,
320,1436,10,815,25023,1,,
356,394,4,815,25032,1,,
149,261,9,1026,25048,1,,
87,175,5,907,25058,1,,
88,338,2,1044,25065,1,,
164,41,5,896,25068,1,,
164,189,5,58,25068,1,,
8,0,8,815,25078,1,,
86,35,4,1026,25087,1,,
426,631,1,1044,25093,1,,
419,224,8,58,25127,1,,
4,29,10,1004,25132,1,,
106,1702,7,1004,25142,1,,
425,630,8,570,25146,1,,
340,1221,8,1004,25154,1,,
420,25,6,570,25158,1,,
338,495,3,570,25166,1,,
423,107,6,908,25173,1,,
174,1361,5,570,25176,1,,
452,522,7,570,25189,1,,
417,404,3,908,25197,1,,
294,96,7,570,25201,1,,
113,444,7,908,25207,1,,
113,-1,-1,-999,25208,2,two_level_rop,49.0
130,256,2,570,25208,1,,
303,148,1,908,25211,1,,
197,85,2,570,25215,1,,
319,17,1,570,25220,1,,
6,529,6,908,25221,1,,
463,416,3,908,25226,1,,
394,622,10,949,25240,1,,
341,19,3,1045,25254,1,,
307,148,10,949,25261,1,,
307,383,5,817,25261,1,,
376,396,5,817,25274,1,,
376,104,4,905,25274,1,,
175,265,1,979,25279,1,,
175,-1,-1,-999,25279,2,two_level_rop,1.0
84,2,8,817,25285,1,,
426,26,8,949,25304,1,,
426,305,6,817,25304,1,,
388,104,4,905,25311,1,,
340,289,2,925,25313,1,,
326,152,7,817,25322,1,,
4,648,6,817,25334,1,,
392,23,9,817,25349,1,,
360,1226,5,1041,25357,1,,
261,758,6,949,25360,1,,
176,567,3,1041,25365,1,,
11,232,6,817,25372,1,,
341,289,9,925,25380,1,,
122,678,4,817,25381,1,,
260,758,1,949,25386,1,,
415,507,3,1041,25388,1,,
389,104,4,905,25395,1,,
113,444,3,908,25405,1,,
197,464,8,887,25428,1,,
409,403,3,1030,25442,1,,
384,21,10,914,25451,1,,
410,403,6,1030,25459,1,,
387,22,12,887,25475,1,,
403,1027,11,977,25477,1,,
271,94,4,914,25487,1,,
385,296,6,978,25496,1,,
141,40,6,1054,25506,1,,
175,265,1,979,25510,1,,
175,-1,-1,-999,25511,2,two_level_rop,1.0
234,10,8,1054,25517,1,,
164,7,4,1071,25527,1,,
193,43,9,1054,25538,1,,
433,27,6,1054,25550,1,,
309,1429,6,923,25553,1,,
31,328,4,923,25562,1,,
349,1010,7,914,25563,1,,
330,1002,3,923,25570,1,,
431,513,8,985,25577,1,,
246,1999,3,923,25578,1,,
143,258,4,955,25586,1,,
353,612,6,923,25590,1,,
233,1170,1,923,25595,1,,
440,27,8,985,25601,1,,
437,636,9,1022,25635,1,,
416,303,8,889,25639,1,,
320,17,8,1022,25646,1,,
256,11,8,889,25653,1,,
425,26,10,1056,25661,1,,
305,1204,7,889,25665,1,,
415,303,4,1056,25668,1,,
186,1868,4,889,25675,1,,
261,141,6,1056,25677,1,,
334,54,4,732,25684,1,,
69,244,5,732,25695,1,,
69,2,2,732,25695,1,,
70,244,4,732,25706,1,,
70,2,1,732,25706,1,,
332,100,10,1032,25720,1,,
22,235,5,732,25729,1,,
175,265,1,979,25737,1,,
175,567,7,923,25737,1,,
175,-1,-1,-999,25737,2,two_level_rop,8.0
441,311,4,732,25738,1,,
260,12,12,1032,25757,1,,
172,191,7,1073,25761,1,,
426,26,12,615,25775,1,,
21,687,2,1032,25792,1,,
21,116,6,1032,25792,1,,
21,234,2,615,25792,1,,
335,54,10,615,25808,1,,
53,70,4,1081,25817,1,,
53,33,3,1081,25817,1,,
53,434,6,1081,25817,1,,
209,86,8,1032,25824,1,,
209,939,2,615,25824,1,,
209,-1,-1,-999,25824,2,two_level_rop,85.0
280,14,7,1081,25830,1,,
372,103,10,615,25840,1,,
173,191,7,1081,25843,1,,
65,121,9,615,25855,1,,
208,44,8,1081,25857,1,,
98,3,6,1081,25868,1,,
133,184,8,1032,25869,1,,
164,358,6,1081,25879,1,,
440,311,8,732,25883,1,,
281,14,8,999,25894,1,,
303,148,8,1032,25897,1,,
128,128,2,1081,25900,1,,
416,303,6,1056,25908,1,,
97,341,8,999,25916,1,,
54,434,2,1081,25922,1,,
233,371,6,615,25939,1,,
158,130,4,615,25948,1,,
157,81,6,999,25948,1,,
155,130,4,615,25957,1,,
360,57,2,1032,25969,1,,
360,615,2,615,25969,1,,
399,221,5,999,25969,1,,
22,427,1,1032,25983,1,,
43,1591,4,615,25992,1,,
232,371,3,615,26000,1,,
175,265,1,979,26014,1,,
175,-1,-1,-999,26014,2,two_level_rop,1.0
159,262,8,822,26018,1,,
121,347,1,1065,26024,1,,
242,957,11,325,26032,1,,
160,6,10,1065,26040,1,,
11,423,10,325,26049,1,,
122,347,5,1065,26051,1,,
18,425,8,325,26063,1,,
15,166,2,1021,26070,1,,
209,939,6,615,26073,1,,
123,558,4,325,26079,1,,
77,335,2,325,26089,1,,
21,1,12,1046,26092,1,,
118,77,10,1058,26118,1,,
118,556,8,1058,26118,1,,
279,1187,6,1023,26128,1,,
193,43,8,1046,26132,1,,
121,182,9,1023,26143,1,,
125,4,8,1046,26146,1,,
157,1803,6,325,26155,1,,
206,8,8,1058,26160,1,,
158,457,2,1058,26166,1,,
237,584,10,1023,26176,1,,
23,30,12,1020,26185,1,,
435,1258,3,1020,26193,1,,
202,85,6,1020,26204,1,,
175,265,1,979,26217,1,,
175,567,11,325,26217,1,,
175,-1,-1,-999,26217,2,two_level_rop,12.0
436,635,11,1017,26222,1,,
21,30,7,1017,26235,1,,
256,93,4,1105,26244,1,,
96,177,1,1017,26254,1,,
96,549,4,1017,26254,1,,
136,39,11,1039,26265,1,,
136,1341,11,1039,26265,1,,
118,1721,10,1100,26270,1,,
183,1367,8,1039,26279,1,,
8,0,1,1039,26284,1,,
8,-1,-1,-999,26284,2,two_level_rop,12.0
437,63,7,1105,26292,1,,
437,410,8,1105,26292,1,,
124,907,6,1039,26295,1,,
433,108,10,1080,26313,1,,
440,311,4,1080,26325,1,,
438,410,8,1080,26339,1,,
458,230,4,1080,26348,1,,
225,139,5,1080,26358,1,,
298,775,6,1024,26370,1,,
48,1602,6,1080,26381,1,,
459,316,7,1024,26394,1,,
256,374,11,807,26411,1,,
256,-1,-1,-999,26411,2,two_level_rop,147.0
175,265,1,979,26413,1,,
175,132,8,1039,26413,1,,
175,-1,-1,-999,26413,2,two_level_rop,9.0
249,140,5,1007,26437,1,,
192,266,2,1007,26444,1,,
248,140,1,1007,26455,1,,
364,156,10,76,26465,1,,
191,463,4,1067,26472,1,,
126,709,8,76,26480,1,,
126,183,1,76,26480,1,,
126,-1,-1,-999,26481,2,two_level_rop,31.0
298,2134,5,1086,26487,1,,
250,478,8,76,26495,1,,
198,136,8,76,26509,1,,
325,99,4,997,26525,1,,
86,338,10,76,26526,1,,
319,17,8,76,26539,1,,
300,15,10,997,26551,1,,
18,67,8,76,26553,1,,
8,0,2,76,26566,1,,
8,0,5,1039,26566,1,,
322,18,10,1091,26567,1,,
58,173,4,76,26575,1,,
100,342,8,1091,26586,1,,
329,2222,9,76,26590,1,,
293,277,6,1091,26599,1,,
123,347,5,76,26600,1,,
355,795,5,1091,26609,1,,
142,129,4,76,26610,1,,
53,173,3,1091,26632,1,,
405,24,4,76,26636,1,,
54,173,1,1091,26645,1,,
131,183,3,76,26647,1,,
101,178,1,1000,26650,1,,
101,-1,-1,-999,26651,2,two_level_rop,51.0
71,244,4,76,26656,1,,
192,572,6,983,26664,1,,
14,67,3,76,26665,1,,
197,136,3,76,26694,1,,
76,73,8,918,26701,1,,
373,59,2,76,26708,1,,
356,613,9,918,26725,1,,
356,56,7,918,26725,1,,
175,132,2,1039,26725,1,,
175,41,5,76,26725,1,,
175,-1,-1,-999,26725,2,two_level_rop,7.0
193,573,1,76,26730,1,,
193,-1,-1,-999,26731,2,two_level_rop,117.0
81,73,3,918,26733,1,,
72,244,2,76,26737,1,,
260,12,1,76,26743,1,,
100,178,3,1000,26744,1,,
121,347,1,76,26748,1,,
121,-1,-1,-999,26748,2,two_level_rop,63.0
58,173,1,1091,26749,1,,
150,187,2,76,26755,1,,
126,709,2,76,26783,1,,
387,22,4,1101,26799,1,,
408,1482,8,1123,26809,1,,
38,33,12,1101,26819,1,,
116,707,10,1123,26825,1,,
288,379,2,1101,26826,1,,
164,7,3,1123,26833,1,,
299,278,6,1101,26837,1,,
300,147,8,1120,26860,1,,
420,405,7,1120,26872,1,,
287,379,8,1055,26886,1,,
58,173,6,913,26898,1,,
225,370,6,1120,26909,1,,
8,0,5,1042,26911,1,,
8,-1,-1,-999,26911,2,two_level_rop,12.0
434,1041,7,1055,26922,1,,
131,1127,2,1042,26924,1,,
62,34,6,1055,26933,1,,
175,41,2,76,26956,1,,
452,412,6,77,26957,1,,
452,112,10,77,26957,1,,
227,46,8,77,26979,1,,
227,9,7,77,26979,1,,
193,573,5,76,26980,1,,
136,451,10,77,26995,1,,
268,2056,8,77,27009,1,,
60,331,5,77,27031,1,,
60,1,10,77,27031,1,,
121,347,2,76,27033,1,,
440,227,9,77,27046,1,,
243,1997,8,77,27060,1,,
130,39,8,1003,27074,1,,
132,5,8,1107,27088,1,,
282,1190,8,77,27102,1,,
97,76,7,77,27115,1,,
122,4,7,77,27127,1,,
465,65,6,98,27130,1,,
465,853,6,98,27130,1,,
256,374,6,77,27139,1,,
366,58,8,98,27144,1,,
64,1089,5,77,27149,1,,
147,1345,8,98,27158,1,,
251,200,5,77,27159,1,,
294,606,6,77,27171,1,,
290,605,8,98,27172,1,,
73,1096,7,98,27184,1,,
194,84,4,1003,27194,1,,
13,322,7,98,27197,1,,
209,137,4,77,27201,1,,
21,30,7,98,27210,1,,
341,101,7,98,27222,1,,
342,19,4,77,27223,1,,
460,525,7,98,27235,1,,
65,71,8,1116,27235,1,,
320,98,7,98,27248,1,,
175,41,2,77,27248,1,,
208,1918,2,77,27253,1,,
23,30,2,77,27257,1,,
118,181,6,98,27259,1,,
8,0,4,1042,27275,1,,
282,1190,8,532,27277,1,,
429,226,3,98,27283,1,,
292,605,3,98,27291,1,,
221,745,2,77,27291,1,,
288,14,11,1158,27306,1,,
274,378,1,98,27309,1,,
449,412,1,77,27310,1,,
272,378,2,98,27323,1,,
305,280,1,98,27332,1,,
329,787,6,1158,27347,1,,
271,378,2,98,27348,1,,
22,427,8,1125,27359,1,,
273,378,2,98,27360,1,,
447,64,6,1150,27368,1,,
312,149,8,1125,27380,1,,
422,62,5,1149,27389,1,,
222,45,8,1125,27392,1,,
175,82,4,98,27397,1,,
236,583,4,1144,27399,1,,
234,371,2,1150,27403,1,,
207,86,7,1125,27414,1,,
145,80,8,1038,27425,1,,
306,777,6,1038,27435,1,,
235,371,2,1150,27439,1,,
304,777,1,1038,27442,1,,
408,301,7,1115,27449,1,,
38,33,3,1115,27454,1,,
8,0,4,1133,27463,1,,
194,7,9,1115,27487,1,,
194,43,9,1115,27487,1,,
305,280,8,1076,27490,1,,
229,1960,8,1115,27499,1,,
144,259,6,1079,27500,1,,
407,626,8,1133,27511,1,,
248,586,8,990,27511,1,,
249,92,10,852,27526,1,,
375,293,8,990,27538,1,,
299,382,5,990,27546,1,,
155,80,8,852,27559,1,,
155,456,1,852,27559,1,,
410,627,9,1127,27563,1,,
143,186,7,990,27570,1,,
300,382,1,990,27575,1,,
405,24,8,1127,27587,1,,
343,792,5,990,27587,1,,
343,19,1,990,27587,1,,
86,248,7,1119,27600,1,,
390,104,4,1102,27604,1,,
314,489,2,990,27606,1,,
234,90,4,1127,27611,1,,
374,1018,6,852,27618,1,,
391,104,4,1102,27618,1,,
232,47,7,1102,27628,1,,
118,181,2,1102,27633,1,,
376,1019,12,1119,27636,1,,
416,303,8,1102,27645,1,,
8,0,4,1076,27645,1,,
8,-1,-1,-999,27646,2,two_level_rop,12.0
373,59,2,870,27675,1,,
392,297,6,1072,27691,1,,
306,2154,9,670,27698,1,,
390,297,3,787,27703,1,,
124,348,7,670,27711,1,,
372,103,5,1098,27721,1,,
130,128,6,1098,27732,1,,
43,867,4,787,27737,1,,
48,171,8,1098,27746,1,,
391,219,9,1122,27750,1,,
416,303,2,870,27753,1,,
318,490,2,787,27757,1,,
389,297,3,787,27771,1,,
389,158,5,787,27771,1,,
374,1461,12,670,27772,1,,
255,754,7,1122,27783,1,,
2,647,4,787,27793,1,,
155,456,3,1122,27800,1,,
155,-1,-1,-999,27801,2,two_level_rop,18.0
373,59,8,975,27814,1,,
3,165,12,1122,27819,1,,
461,163,8,975,27835,1,,
461,1055,3,975,27835,1,,
74,1097,1,975,27841,1,,
275,95,6,975,27853,1,,
75,1097,1,975,27858,1,,
67,440,7,1173,27871,1,,
51,871,6,1173,27883,1,,
410,61,6,1173,27894,1,,
428,1037,12,1097,27902,1,,
415,831,6,975,27906,1,,
409,61,2,1173,27912,1,,
1,684,8,1097,27916,1,,
21,1,7,1152,27925,1,,
148,6,12,1097,27935,1,,
213,743,4,1097,27944,1,,
174,566,4,1152,27950,1,,
174,-1,-1,-999,27951,2,two_level_rop,49.0
8,0,2,1076,27957,1,,
11,232,9,1097,27959,1,,
128,78,6,1097,27970,1,,
22,656,2,1097,27977,1,,
20,324,6,1069,27978,1,,
20,29,8,1069,27978,1,,
443,519,6,970,27990,1,,
183,42,8,1069,28004,1,,
304,16,2,970,28011,1,,
155,456,1,1122,28015,1,,
318,53,4,1069,28026,1,,
227,46,5,1161,28037,1,,
350,56,8,1161,28051,1,,
317,16,6,970,28062,1,,
352,216,5,970,28072,1,,
428,107,6,132,28080,1,,
428,632,4,132,28080,1,,
431,408,10,132,28097,1,,
413,61,6,132,28116,1,,
413,302,6,132,28116,1,,
313,1433,4,132,28125,1,,
113,127,6,132,28136,1,,
46,540,3,919,28140,1,,
351,102,2,919,28146,1,,
310,384,12,132,28155,1,,
228,46,7,919,28159,1,,
368,217,6,132,28168,1,,
368,58,2,132,28168,1,,
12,423,12,1135,28178,1,,
92,36,8,132,28182,1,,
193,573,5,919,28188,1,,
429,632,3,132,28190,1,,
385,217,2,132,28197,1,,
182,194,8,1135,28202,1,,
240,476,4,132,28206,1,,
371,1233,5,1135,28213,1,,
42,118,7,1135,28226,1,,
95,1685,6,1135,28237,1,,
370,157,1,846,28243,1,,
183,1859,6,132,28252,1,,
174,566,4,1152,28257,1,,
174,-1,-1,-999,28257,2,two_level_rop,4.0
155,456,5,617,28267,1,,
155,-1,-1,-999,28267,2,two_level_rop,6.0
13,322,2,132,28279,1,,
209,269,2,132,28292,1,,
351,20,11,1154,28309,1,,
32,1567,2,132,28313,1,,
130,39,5,1154,28319,1,,
312,281,6,1154,28330,1,,
89,2,12,1154,28349,1,,
440,110,8,1154,28363,1,,
12,232,6,1154,28374,1,,
210,269,4,1154,28384,1,,
280,14,10,173,28385,1,,
11,232,2,1154,28390,1,,
438,110,1,1154,28396,1,,
228,89,6,1162,28407,1,,
456,642,10,173,28413,1,,
131,78,10,1162,28424,1,,
302,15,10,173,28429,1,,
10,651,1,1124,28429,1,,
318,284,9,173,28444,1,,
106,1703,9,173,28459,1,,
373,1461,10,173,28476,1,,
8,0,7,173,28488,1,,
239,475,9,173,28503,1,,
269,2060,8,173,28517,1,,
269,-1,-1,-999,28517,2,two_level_rop,84.0
176,133,6,173,28529,1,,
121,128,9,1084,28534,1,,
121,4,8,1084,28534,1,,
250,140,4,173,28540,1,,
250,92,2,173,28540,1,,
34,430,6,1084,28546,1,,
339,213,4,173,28550,1,,
339,55,1,173,28550,1,,
107,1703,3,173,28558,1,,
31,535,8,1084,28572,1,,
31,689,10,1084,28572,1,,
137,1342,2,173,28576,1,,
174,566,2,1152,28578,1,,
89,1314,4,1084,28587,1,,
411,1250,2,1084,28594,1,,
128,128,10,964,28610,1,,
342,55,2,173,28615,1,,
226,271,12,1084,28629,1,,
155,456,2,617,28639,1,,
32,69,10,964,28645,1,,
298,15,6,964,28657,1,,
167,131,8,964,28671,1,,
306,209,3,964,28679,1,,
427,407,9,829,28694,1,,
33,32,1,829,28699,1,,
11,1531,2,1162,28706,1,,
292,277,11,300,28709,1,,
292,95,6,300,28709,1,,
312,2172,5,897,28716,1,,
228,89,9,300,28724,1,,
192,363,5,897,28726,1,,
179,362,10,300,28741,1,,
31,1285,12,897,28750,1,,
31,236,4,897,28750,1,,
318,16,9,300,28756,1,,
265,376,10,897,28766,1,,
273,13,3,300,28768,1,,
273,94,4,300,28768,1,,
34,236,4,897,28775,1,,
310,2167,4,300,28777,1,,
19,425,8,1051,28789,1,,
147,6,2,300,28791,1,,
147,259,6,300,28791,1,,
