pod_id,item_id,qty,order_id,processed_time,task_type,trigger,opp_score
112,95,5,-76,47,1,,
112,306,10,-14,47,1,,
263,396,10,-14,62,1,,
300,51,12,-49,74,1,,
300,704,8,-18,74,1,,
300,108,7,-18,74,1,,
172,1170,11,-14,77,1,,
244,28,5,-19,91,1,,
244,28,7,-73,91,1,,
244,654,12,-19,91,1,,
244,217,10,-35,91,1,,
244,80,6,-35,91,1,,
244,390,6,-66,91,1,,
288,403,10,-92,91,1,,
69,20,1,-80,106,1,,
69,782,10,-14,106,1,,
136,26,7,-38,116,1,,
136,26,12,-43,116,1,,
87,241,8,-98,118,1,,
146,4,6,-48,124,1,,
146,4,7,-49,124,1,,
146,4,7,-53,124,1,,
146,123,11,-53,124,1,,
146,253,8,-49,124,1,,
222,265,9,-14,131,1,,
22,181,1,-21,147,1,,
22,524,8,-19,147,1,,
22,235,2,-66,147,1,,
22,17,11,-66,147,1,,
43,1,7,-53,168,1,,
43,1,10,-49,168,1,,
43,1,7,-58,168,1,,
43,35,11,-18,168,1,,
205,28,1,-73,175,1,,
205,75,12,-73,175,1,,
205,127,7,-35,175,1,,
275,680,8,-80,181,1,,
320,54,8,-80,193,1,,
347,30,5,-53,195,1,,
347,12,4,-48,195,1,,
347,421,10,-18,195,1,,
140,97,9,-19,223,1,,
140,41,7,-35,223,1,,
140,4,8,-42,223,1,,
140,823,12,-42,223,1,,
185,125,4,-91,234,1,,
185,857,8,-53,234,1,,
185,46,5,-2,234,1,,
185,46,6,-53,234,1,,
185,7,6,-53,234,1,,
306,52,7,-80,252,1,,
367,181,1,-21,252,1,,
367,1349,12,-21,252,1,,
367,141,4,-19,252,1,,
367,56,4,-42,252,1,,
371,1010,8,-89,263,1,,
226,216,5,-80,271,1,,
153,99,11,-19,279,1,,
153,200,8,-35,279,1,,
154,124,4,-88,294,1,,
64,1,2,-18,296,1,,
64,1,5,-91,296,1,,
64,1,6,-2,296,1,,
64,1,8,-30,296,1,,
64,1,3,-53,296,1,,
64,302,8,-91,296,1,,
64,150,6,-18,296,1,,
64,190,10,-18,296,1,,
268,81,9,-35,305,1,,
268,675,9,-35,305,1,,
109,95,1,-76,317,1,,
109,2,8,3,317,1,,
19,119,1,-49,321,1,,
19,119,5,-53,321,1,,
19,146,3,-53,321,1,,
19,522,8,-2,321,1,,
33,59,4,-95,324,1,,
229,103,9,-42,330,1,,
229,642,8,-42,330,1,,
206,164,10,-91,344,1,,
206,102,6,-18,344,1,,
200,74,2,-19,353,1,,
200,74,4,-35,353,1,,
200,210,10,-66,353,1,,
358,140,3,-14,357,1,,
235,78,7,-91,367,1,,
235,168,8,-18,367,1,,
203,47,4,-7,367,1,,
128,67,11,-73,376,1,,
128,3,4,-42,376,1,,
30,184,9,-7,380,1,,
295,337,4,-49,388,1,,
295,699,10,-2,388,1,,
98,93,2,-19,394,1,,
98,448,10,-66,394,1,,
334,136,8,-91,409,1,,
334,29,6,-53,409,1,,
29,1,5,-58,429,1,,
29,58,8,-49,429,1,,
6,181,1,-21,432,1,,
6,116,10,-42,432,1,,
6,0,9,-79,432,1,,
6,32,8,-4,432,1,,
104,39,4,5,433,1,,
269,170,2,-49,445,1,,
269,676,8,-49,445,1,,
101,122,10,-42,448,1,,
337,1321,8,-2,459,1,,
84,359,6,-42,465,1,,
84,153,4,-66,465,1,,
31,120,10,-36,467,1,,
131,67,6,-58,471,1,,
131,4,1,-53,471,1,,
204,47,10,2,481,1,,
320,54,5,-19,484,1,,
320,718,8,-42,484,1,,
15,1029,8,-2,485,1,,
32,58,2,-33,486,1,,
135,818,7,2,496,1,,
274,934,7,-53,498,1,,
43,35,9,-42,500,1,,
0,56,5,-9,504,1,,
310,177,10,-66,516,1,,
166,125,4,-91,522,1,,
166,203,3,-49,522,1,,
1,15,8,7,526,1,,
17,181,1,-21,531,1,,
17,118,8,-66,531,1,,
58,540,5,-58,535,1,,
283,106,7,-19,546,1,,
283,8,2,-66,546,1,,
167,125,4,-18,555,1,,
355,181,1,-21,561,1,,
355,227,8,-35,561,1,,
353,226,4,-91,563,1,,
196,627,4,-69,571,1,,
333,181,1,-21,577,1,,
333,281,8,-19,577,1,,
3,85,4,-69,578,1,,
169,125,4,-52,585,1,,
168,125,4,-18,595,1,,
2,0,8,12,597,1,,
4,85,4,-69,604,1,,
256,664,3,-53,607,1,,
12,181,1,-21,612,1,,
12,117,7,-96,612,1,,
348,225,3,-49,619,1,,
61,190,6,-21,621,1,,
170,125,2,-18,626,1,,
11,117,7,-73,633,1,,
11,181,1,-21,633,1,,
171,125,3,-52,641,1,,
171,204,4,0,641,1,,
136,372,6,-21,642,1,,
128,25,6,0,650,1,,
137,372,6,-66,659,1,,
195,496,6,-19,677,1,,
172,204,1,0,685,1,,
172,157,12,-8,685,1,,
54,538,2,-30,689,1,,
105,1106,1,-2,692,1,,
138,585,6,-61,694,1,,
90,1093,2,-49,698,1,,
163,6,6,-19,700,1,,
139,585,2,-61,710,1,,
139,4,9,17,710,1,,
276,936,1,-49,715,1,,
224,129,6,-73,726,1,,
173,45,5,17,735,1,,
173,609,4,-87,735,1,,
173,157,10,-87,735,1,,
158,156,11,-63,737,1,,
75,152,5,-42,747,1,,
286,336,7,-63,752,1,,
236,649,6,-66,756,1,,
367,85,4,-61,757,1,,
367,1007,7,-87,757,1,,
47,60,3,-63,760,1,,
310,412,10,18,770,1,,
349,31,2,-27,771,1,,
230,268,10,17,781,1,,
230,7,8,-87,781,1,,
207,76,3,-35,787,1,,
207,264,4,-3,787,1,,
64,37,4,-87,794,1,,
64,447,5,-87,794,1,,
318,110,1,-63,800,1,,
0,85,4,-61,800,1,,
343,181,1,-21,802,1,,
343,138,4,-35,802,1,,
25,87,1,-86,804,1,,
364,113,9,-72,813,1,,
237,168,8,-3,814,1,,
85,193,9,27,818,1,,
248,658,4,-42,821,1,,
156,100,7,-72,836,1,,
321,54,3,-19,837,1,,
289,948,4,-66,845,1,,
63,150,10,-5,850,1,,
347,286,12,-59,854,1,,
275,105,1,-22,860,1,,
269,275,8,26,873,1,,
157,840,2,-66,882,1,,
359,14,9,-57,884,1,,
228,103,2,-54,889,1,,
228,324,1,8,889,1,,
274,105,8,-22,890,1,,
105,368,12,-83,910,1,,
206,506,10,24,910,1,,
254,662,2,-3,914,1,,
224,215,4,-99,916,1,,
13,346,4,-57,920,1,,
299,51,10,-1,942,1,,
225,77,5,30,945,1,,
26,147,12,-99,945,1,,
26,58,10,-99,945,1,,
298,51,2,-19,947,1,,
78,192,7,-99,955,1,,
194,74,3,-99,961,1,,
2,15,6,28,961,1,,
1,181,1,-21,973,1,,
14,17,8,-93,989,1,,
363,141,6,-93,1005,1,,
16,117,2,-56,1009,1,,
323,969,3,-56,1015,1,,
313,84,8,29,1020,1,,
75,38,10,-85,1027,1,,
36,88,7,-93,1027,1,,
36,34,1,-93,1027,1,,
296,108,7,25,1030,1,,
297,108,3,25,1036,1,,
99,22,9,-17,1041,1,,
226,77,4,-100,1045,1,,
226,28,4,-70,1045,1,,
226,129,5,-70,1045,1,,
302,108,3,-64,1045,1,,
290,694,8,-17,1053,1,,
301,108,7,-64,1060,1,,
64,37,12,-90,1061,1,,
222,166,10,-17,1067,1,,
70,191,8,-47,1073,1,,
148,69,8,-70,1087,1,,
148,5,2,-47,1087,1,,
358,228,6,13,1090,1,,
318,221,6,-46,1109,1,,
318,178,9,-46,1109,1,,
205,211,5,-85,1114,1,,
205,7,1,-47,1114,1,,
205,7,6,15,1114,1,,
205,505,9,15,1114,1,,
0,56,8,33,1121,1,,
82,63,10,-46,1135,1,,
5,294,4,-77,1139,1,,
5,0,2,4,1139,1,,
5,181,1,4,1139,1,,
76,152,7,15,1150,1,,
76,1,12,15,1150,1,,
76,62,9,15,1150,1,,
359,140,7,4,1151,1,,
359,181,1,4,1151,1,,
103,452,10,-13,1163,1,,
103,38,12,-13,1163,1,,
88,64,8,4,1166,1,,
149,69,6,13,1175,1,,
43,187,6,-13,1182,1,,
43,762,3,34,1182,1,,
43,59,5,34,1182,1,,
21,0,6,-90,1183,1,,
21,0,6,15,1183,1,,
21,86,10,31,1183,1,,
330,181,1,4,1186,1,,
330,84,6,36,1186,1,,
209,635,6,4,1195,1,,
140,-1,-1,-999,1200,2,proactive,0.8520710059171599
92,194,8,-13,1207,1,,
92,38,11,-23,1207,1,,
306,176,8,-85,1212,1,,
306,83,8,15,1212,1,,
306,52,4,15,1212,1,,
256,48,6,-67,1213,1,,
256,332,7,-67,1213,1,,
319,178,8,-13,1225,1,,
319,10,5,34,1225,1,,
85,240,5,31,1234,1,,
85,20,10,31,1234,1,,
44,1,2,34,1241,1,,
44,35,10,-15,1241,1,,
150,5,10,-67,1247,1,,
25,0,4,15,1255,1,,
25,147,10,31,1255,1,,
203,1201,8,-23,1255,1,,
203,7,2,35,1255,1,,
283,8,10,-67,1265,1,,
360,14,8,-46,1267,1,,
154,837,1,-90,1276,1,,
154,27,8,15,1276,1,,
154,99,5,15,1276,1,,
22,235,5,13,1277,1,,
22,146,2,23,1277,1,,
348,181,1,4,1286,1,,
348,13,5,4,1286,1,,
136,67,5,31,1295,1,,
136,26,7,31,1295,1,,
301,1286,8,-46,1296,1,,
301,28,5,-40,1296,1,,
284,172,8,-90,1315,1,,
284,688,2,15,1315,1,,
284,8,3,-34,1315,1,,
65,1,6,35,1317,1,,
65,61,10,-40,1317,1,,
290,1278,4,9,1323,1,,
75,152,5,4,1331,1,,
291,133,12,31,1333,1,,
343,84,6,-40,1341,1,,
343,138,4,-40,1341,1,,
343,138,8,11,1341,1,,
331,55,12,-90,1352,1,,
45,88,8,-40,1367,1,,
45,35,6,11,1367,1,,
45,187,6,11,1367,1,,
192,101,4,-100,1367,1,,
192,493,5,-34,1367,1,,
325,417,4,-82,1369,1,,
228,103,4,-67,1376,1,,
257,665,9,15,1382,1,,
122,95,4,11,1386,1,,
122,311,10,11,1386,1,,
64,150,6,32,1397,1,,
357,112,10,11,1400,1,,
196,627,3,-85,1405,1,,
196,74,6,15,1405,1,,
258,81,7,32,1408,1,,
83,63,9,-40,1416,1,,
334,281,6,32,1417,1,,
251,272,7,-23,1426,1,,
207,633,8,31,1428,1,,
162,44,2,-47,1440,1,,
162,27,6,-34,1440,1,,
150,1149,8,23,1441,1,,
10,145,6,-40,1443,1,,
99,22,3,-77,1447,1,,
42,187,6,11,1458,1,,
131,4,5,41,1469,1,,
375,290,8,15,1476,1,,
195,102,6,-40,1487,1,,
171,607,6,31,1489,1,,
128,3,6,15,1499,1,,
298,51,6,11,1503,1,,
79,2,11,41,1504,1,,
277,1265,6,11,1513,1,,
145,828,5,15,1514,1,,
107,800,11,38,1519,1,,
101,366,5,11,1521,1,,
197,74,4,15,1521,1,,
170,157,6,40,1531,1,,
348,111,5,-13,1538,1,,
348,992,8,-40,1538,1,,
367,14,5,-20,1541,1,,
367,230,11,-20,1541,1,,
302,1287,3,15,1551,1,,
179,160,2,-23,1553,1,,
179,6,3,11,1553,1,,
11,520,4,15,1558,1,,
188,101,2,-13,1567,1,,
188,161,3,-15,1567,1,,
335,29,9,38,1568,1,,
335,55,12,-20,1568,1,,
132,250,5,38,1587,1,,
132,40,9,-62,1587,1,,
228,103,4,-23,1598,1,,
283,8,8,48,1604,1,,
343,138,4,-11,1605,1,,
139,822,10,-20,1609,1,,
139,251,6,39,1609,1,,
365,229,3,-40,1627,1,,
54,36,8,49,1633,1,,
54,121,8,49,1633,1,,
192,493,8,-20,1643,1,,
192,162,4,6,1643,1,,
192,224,10,6,1643,1,,
0,15,6,47,1655,1,,
0,115,11,49,1655,1,,
60,1064,2,11,1657,1,,
190,862,6,-20,1659,1,,
190,73,5,-25,1659,1,,
24,86,2,-12,1660,1,,
280,50,2,-40,1662,1,,
42,442,8,-50,1673,1,,
130,3,11,42,1675,1,,
106,245,7,-20,1677,1,,
106,39,5,-20,1677,1,,
66,61,2,-40,1699,1,,
196,102,11,49,1700,1,,
196,318,8,42,1700,1,,
258,333,1,-40,1706,1,,
104,452,2,-13,1711,1,,
86,92,7,-20,1711,1,,
86,552,2,-20,1711,1,,
86,360,8,6,1711,1,,
86,38,2,6,1711,1,,
86,38,6,46,1711,1,,
284,400,2,47,1717,1,,
133,250,4,-25,1734,1,,
133,25,11,56,1734,1,,
57,89,5,-65,1736,1,,
57,770,9,-65,1736,1,,
352,287,9,42,1749,1,,
257,274,4,51,1751,1,,
129,40,6,-25,1757,1,,
129,25,10,46,1757,1,,
256,104,4,-16,1760,1,,
128,25,1,35,1774,1,,
189,381,11,46,1775,1,,
285,132,4,-65,1790,1,,
285,8,10,-65,1790,1,,
21,433,4,-20,1795,1,,
21,86,7,6,1795,1,,
21,57,2,46,1795,1,,
172,-1,-1,-999,1800,2,proactive,0.8402777777777777
281,82,1,44,1805,1,,
281,172,11,44,1805,1,,
233,269,5,-65,1809,1,,
233,78,9,52,1809,1,,
277,276,2,38,1812,1,,
277,49,9,-62,1812,1,,
205,873,7,44,1816,1,,
334,29,8,6,1830,1,,
334,136,3,56,1830,1,,
318,110,12,52,1837,1,,
318,53,10,52,1837,1,,
335,29,1,11,1841,1,,
335,29,7,44,1841,1,,
63,150,10,38,1846,1,,
113,3,10,52,1851,1,,
198,499,10,62,1863,1,,
366,113,7,39,1863,1,,
366,32,4,46,1863,1,,
7,57,6,-65,1869,1,,
7,0,7,52,1869,1,,
151,27,4,-20,1880,1,,
151,590,6,46,1880,1,,
6,57,1,-65,1883,1,,
6,294,9,50,1883,1,,
130,3,11,-94,1892,1,,
64,37,6,44,1901,1,,
131,249,8,52,1904,1,,
131,154,8,64,1904,1,,
314,53,10,43,1918,1,,
67,61,8,62,1925,1,,
259,395,9,38,1936,1,,
180,46,9,-65,1941,1,,
180,160,8,-26,1941,1,,
282,106,6,46,1945,1,,
204,504,7,38,1956,1,,
307,176,8,-65,1961,1,,
307,221,2,-26,1961,1,,
307,279,5,-26,1961,1,,
239,79,9,6,1968,1,,
202,102,8,53,1971,1,,
202,502,11,53,1971,1,,
132,96,6,-26,1978,1,,
132,580,6,-26,1978,1,,
374,1356,4,44,1987,1,,
374,114,7,-94,1987,1,,
66,90,4,52,1991,1,,
66,61,5,64,1991,1,,
98,196,5,39,2003,1,,
27,148,4,-26,2005,1,,
27,33,6,-26,2005,1,,
353,226,6,46,2012,1,,
12,234,10,53,2013,1,,
12,33,10,54,2013,1,,
358,140,5,46,2020,1,,
273,678,4,6,2027,1,,
35,755,6,-94,2035,1,,
35,1,11,53,2035,1,,
348,31,4,-62,2043,1,,
139,1495,7,42,2044,1,,
119,1119,9,53,2060,1,,
119,95,5,53,2060,1,,
119,39,5,54,2060,1,,
313,84,7,64,2065,1,,
283,687,8,67,2076,1,,
144,827,8,53,2081,1,,
144,97,8,54,2081,1,,
221,883,4,56,2082,1,,
104,243,5,-65,2086,1,,
104,39,1,-26,2086,1,,
231,644,8,-94,2096,1,,
231,28,3,54,2096,1,,
329,1313,3,38,2104,1,,
85,1442,2,56,2108,1,,
36,755,1,-94,2116,1,,
36,59,6,61,2116,1,,
36,59,8,54,2116,1,,
105,39,3,-20,2117,1,,
39,148,2,-26,2119,1,,
39,1,2,67,2119,1,,
39,1,12,-68,2119,1,,
39,19,8,-68,2119,1,,
39,88,2,-68,2119,1,,
361,14,10,53,2130,1,,
363,141,8,67,2131,1,,
40,19,2,-25,2132,1,,
133,4,9,61,2143,1,,
109,95,3,53,2155,1,,
109,39,5,54,2155,1,,
102,2,3,-68,2156,1,,
102,2,4,67,2156,1,,
102,94,8,-68,2156,1,,
102,196,4,-68,2156,1,,
134,251,1,39,2157,1,,
253,217,3,-68,2173,1,,
253,331,9,-68,2173,1,,
67,1071,12,-94,2179,1,,
67,37,6,53,2179,1,,
137,68,8,-29,2190,1,,
128,812,2,42,2192,1,,
128,40,12,-68,2192,1,,
302,1650,8,61,2202,1,,
26,87,3,-68,2210,1,,
26,0,10,71,2210,1,,
47,60,2,-32,2214,1,,
47,19,10,-32,2214,1,,
334,29,8,53,2220,1,,
112,39,3,-26,2225,1,,
112,457,8,-68,2225,1,,
86,360,10,-32,2228,1,,
257,104,4,-16,2230,1,,
257,395,3,-94,2230,1,,
167,1522,5,53,2238,1,,
10,145,8,68,2239,1,,
197,867,4,64,2243,1,,
197,498,6,-68,2243,1,,
11,520,7,-32,2250,1,,
155,124,3,64,2255,1,,
155,200,6,-68,2255,1,,
345,111,1,-13,2268,1,,
345,111,4,-29,2268,1,,
136,97,3,-32,2273,1,,
136,97,11,20,2273,1,,
136,4,4,20,2273,1,,
21,1034,9,-68,2275,1,,
153,836,4,-29,2276,1,,
305,9,6,67,2296,1,,
322,54,12,20,2297,1,,
322,84,6,20,2297,1,,
175,611,4,53,2304,1,,
370,114,8,-68,2311,1,,
191,1546,12,-37,2314,1,,
263,104,3,-16,2321,1,,
263,170,1,53,2321,1,,
326,1674,4,-68,2326,1,,
286,401,12,20,2330,1,,
196,318,4,-94,2330,1,,
286,-1,-1,-999,2330,2,stockout,-1.0
272,171,5,-68,2335,1,,
166,258,4,-65,2342,1,,
93,65,4,-32,2350,1,,
93,92,8,20,2350,1,,
93,21,3,20,2350,1,,
285,689,4,-29,2355,1,,
170,1168,1,-75,2365,1,,
170,44,10,55,2365,1,,
297,108,4,-37,2374,1,,
297,50,6,-37,2374,1,,
297,174,8,-41,2374,1,,
148,5,8,63,2393,1,,
53,149,3,54,2399,1,,
120,39,2,54,2403,1,,
369,142,10,69,2404,1,,
54,36,3,-26,2415,1,,
132,96,5,-41,2417,1,,
132,4,10,19,2417,1,,
132,25,6,19,2417,1,,
132,815,6,19,2417,1,,
132,250,7,19,2417,1,,
172,608,2,44,2424,1,,
121,461,9,-39,2437,1,,
346,111,2,-29,2442,1,,
321,54,6,78,2442,1,,
376,291,6,55,2451,1,,
59,1063,11,20,2452,1,,
59,189,6,19,2452,1,,
59,121,3,19,2452,1,,
59,1,8,19,2452,1,,
352,13,1,-65,2461,1,,
154,5,12,-81,2484,1,,
294,279,7,19,2489,1,,
294,82,2,19,2489,1,,
294,107,8,19,2489,1,,
294,8,11,19,2489,1,,
10,519,4,-29,2498,1,,
167,72,8,-81,2514,1,,
99,22,2,54,2518,1,,
313,84,10,76,2532,1,,
205,264,4,-41,2535,1,,
205,75,8,19,2535,1,,
205,7,6,19,2535,1,,
205,7,6,72,2535,1,,
205,127,11,72,2535,1,,
147,253,8,76,2544,1,,
153,27,11,70,2545,1,,
184,489,7,-81,2555,1,,
158,124,6,58,2565,1,,
0,292,6,70,2574,1,,
75,62,8,76,2577,1,,
38,34,7,75,2580,1,,
38,18,8,-41,2580,1,,
38,534,11,72,2580,1,,
38,1,8,72,2580,1,,
78,20,6,57,2607,1,,
78,1081,4,57,2607,1,,
78,92,6,57,2607,1,,
29,1,5,80,2611,1,,
29,223,10,80,2611,1,,
29,236,9,80,2611,1,,
343,110,5,19,2625,1,,
343,138,6,19,2625,1,,
343,138,10,72,2625,1,,
343,30,3,19,2625,1,,
343,56,10,72,2625,1,,
228,1582,2,44,2626,1,,
228,1218,9,80,2626,1,,
131,4,10,80,2640,1,,
196,1194,8,76,2652,1,,
151,70,8,57,2657,1,,
151,42,9,57,2657,1,,
151,123,8,57,2657,1,,
258,274,6,73,2663,1,,
177,159,3,-37,2663,1,,
177,159,12,19,2663,1,,
177,261,6,19,2663,1,,
177,45,7,72,2663,1,,
138,68,8,73,2675,1,,
303,954,3,-81,2677,1,,
303,136,2,57,2677,1,,
303,51,10,57,2677,1,,
129,3,10,72,2695,1,,
129,25,6,72,2695,1,,
129,96,7,72,2695,1,,
113,24,2,57,2707,1,,
113,24,4,65,2707,1,,
113,65,7,57,2707,1,,
113,154,2,37,2707,1,,
113,3,8,37,2707,1,,
121,810,7,-10,2708,1,,
121,3,4,80,2708,1,,
300,135,5,73,2717,1,,
259,274,4,73,2724,1,,
81,92,10,-41,2726,1,,
81,153,6,19,2726,1,,
81,2,6,72,2726,1,,
339,283,4,73,2744,1,,
152,835,5,65,2745,1,,
152,5,8,37,2745,1,,
152,5,10,85,2745,1,,
152,1508,7,85,2745,1,,
323,415,6,60,2756,1,,
323,54,8,19,2756,1,,
323,10,8,72,2756,1,,
247,1237,8,-71,2773,1,,
247,328,8,37,2773,1,,
247,271,6,85,2773,1,,
336,137,6,-32,2787,1,,
336,137,6,-41,2787,1,,
336,222,2,19,2787,1,,
336,29,8,19,2787,1,,
133,816,12,57,2797,1,,
133,4,6,85,2797,1,,
147,830,4,73,2802,1,,
195,1193,4,80,2808,1,,
11,16,6,-37,2815,1,,
11,57,2,19,2815,1,,
11,0,2,72,2815,1,,
11,0,10,19,2815,1,,
17,118,4,92,2822,1,,
63,150,10,65,2828,1,,
63,190,4,37,2828,1,,
63,20,10,85,2828,1,,
165,202,9,20,2841,1,,
165,845,9,19,2841,1,,
344,12,4,80,2842,1,,
279,171,4,-81,2853,1,,
279,684,9,57,2853,1,,
279,49,4,37,2853,1,,
330,55,3,73,2859,1,,
330,11,6,92,2859,1,,
155,99,4,-41,2869,1,,
155,99,11,19,2869,1,,
155,5,2,19,2869,1,,
155,1154,3,19,2869,1,,
185,489,10,57,2879,1,,
185,46,8,85,2879,1,,
64,37,3,76,2889,1,,
28,148,2,87,2894,1,,
189,861,8,72,2895,1,,
189,101,10,72,2895,1,,
25,147,3,-81,2906,1,,
25,0,8,37,2906,1,,
25,33,8,37,2906,1,,
73,91,7,19,2920,1,,
73,786,10,72,2920,1,,
197,318,2,-94,2925,1,,
53,537,4,37,2929,1,,
53,89,12,85,2929,1,,
118,807,2,80,2930,1,,
184,489,1,54,2933,1,,
365,14,9,19,2945,1,,
365,113,8,19,2945,1,,
297,50,4,-81,2948,1,,
297,1282,8,-71,2948,1,,
13,17,9,89,2952,1,,
94,153,5,37,2963,1,,
94,243,4,37,2963,1,,
65,190,5,-37,2967,1,,
65,1422,10,19,2967,1,,
143,826,9,37,2978,1,,
174,158,4,72,2988,1,,
174,158,10,19,2988,1,,
156,124,1,58,2993,1,,
156,593,8,-71,2993,1,,
124,66,12,-41,3007,1,,
261,218,9,37,3008,1,,
305,9,4,37,3024,1,,
305,9,5,85,3024,1,,
173,157,8,19,3033,1,,
173,260,10,-55,3033,1,,
78,1081,8,65,3037,1,,
78,-1,-1,-999,3038,2,stockout,-1.0
99,22,12,100,3040,1,,
186,206,8,57,3051,1,,
247,104,4,19,3056,1,,
247,657,12,19,3056,1,,
27,0,6,94,3059,1,,
27,87,8,100,3059,1,,
370,142,6,94,3069,1,,
167,203,4,19,3078,1,,
167,72,11,90,3078,1,,
371,114,8,83,3081,1,,
325,1673,8,57,3089,1,,
298,108,7,20,3097,1,,
298,702,5,72,3097,1,,
56,20,12,94,3098,1,,
345,139,8,-71,3104,1,,
128,40,5,100,3108,1,,
52,35,4,20,3115,1,,
52,536,1,72,3115,1,,
52,766,6,72,3115,1,,
151,70,5,94,3119,1,,
105,23,10,19,3131,1,,
106,245,12,97,3138,1,,
376,424,10,72,3147,1,,
101,243,6,98,3162,1,,
101,122,8,105,3162,1,,
22,0,2,19,3162,1,,
22,350,7,72,3162,1,,
29,120,6,65,3164,1,,
236,104,1,19,3184,1,,
236,897,8,72,3184,1,,
159,374,6,37,3186,1,,
36,755,5,94,3196,1,,
36,148,1,98,3196,1,,
36,18,12,99,3196,1,,
36,1,7,99,3196,1,,
36,-1,-1,-999,3197,2,stockout,-1.0
177,159,7,57,3199,1,,
262,922,8,20,3209,1,,
7,116,4,57,3209,1,,
7,0,1,37,3209,1,,
47,60,6,97,3213,1,,
47,148,4,98,3213,1,,
277,1625,8,19,3220,1,,
277,-1,-1,-999,3220,2,stockout,-1.0
125,24,6,65,3221,1,,
310,10,5,88,3231,1,,
279,938,5,-37,3233,1,,
279,278,4,-37,3233,1,,
174,260,5,85,3241,1,,
187,161,6,97,3244,1,,
187,100,4,99,3244,1,,
187,380,10,99,3244,1,,
155,838,8,-55,3245,1,,
243,653,4,70,3250,1,,
333,222,8,74,3256,1,,
228,324,4,-71,3260,1,,
366,289,4,97,3267,1,,
366,181,1,105,3267,1,,
366,14,10,99,3267,1,,
204,630,3,-81,3269,1,,
253,331,8,19,3298,1,,
21,181,1,105,3307,1,,
21,86,7,99,3307,1,,
21,523,8,99,3307,1,,
21,17,2,99,3307,1,,
368,230,3,-81,3312,1,,
130,578,6,97,3334,1,,
130,40,6,99,3334,1,,
130,464,6,99,3334,1,,
136,583,7,72,3334,1,,
191,623,6,19,3344,1,,
191,101,1,72,3344,1,,
195,496,6,19,3353,1,,
195,-1,-1,-999,3353,2,stockout,-1.0
10,0,4,97,3355,1,,
10,0,4,99,3355,1,,
10,16,5,97,3355,1,,
10,181,1,105,3355,1,,
263,1253,6,20,3363,1,,
197,318,5,72,3371,1,,
92,194,2,99,3376,1,,
92,447,6,99,3376,1,,
92,2,6,99,3376,1,,
235,168,3,117,3379,1,,
238,79,6,72,3380,1,,
306,52,10,125,3393,1,,
173,6,3,99,3396,1,,
173,609,10,99,3396,1,,
152,5,8,97,3417,1,,
152,70,6,99,3417,1,,
308,176,8,86,3420,1,,
99,22,5,90,3430,1,,
205,75,2,79,3432,1,,
244,80,8,83,3435,1,,
244,104,4,99,3435,1,,
348,31,5,19,3440,1,,
211,878,6,113,3454,1,,
211,102,6,113,3454,1,,
280,172,7,97,3454,1,,
280,1628,5,99,3454,1,,
275,276,6,113,3463,1,,
355,13,4,100,3473,1,,
355,1337,8,99,3473,1,,
95,2,9,122,3486,1,,
95,154,8,122,3486,1,,
239,7,6,102,3488,1,,
239,900,6,102,3488,1,,
239,217,7,102,3488,1,,
80,2,6,118,3497,1,,
230,78,4,83,3504,1,,
230,130,6,99,3504,1,,
163,6,4,102,3507,1,,
163,257,8,102,3507,1,,
7,116,4,122,3517,1,,
251,104,4,99,3519,1,,
251,912,5,99,3519,1,,
311,52,8,102,3527,1,,
311,10,7,102,3527,1,,
346,30,4,94,3537,1,,
346,181,1,105,3537,1,,
346,420,4,99,3537,1,,
68,1,6,102,3544,1,,
68,91,6,102,3544,1,,
268,928,3,72,3552,1,,
40,186,4,19,3561,1,,
104,1105,4,98,3569,1,,
104,22,4,99,3569,1,,
164,71,8,109,3575,1,,
164,6,9,109,3575,1,,
44,536,1,72,3579,1,,
44,59,10,119,3579,1,,
200,210,3,19,3587,1,,
185,1540,4,19,3596,1,,
334,281,4,102,3598,1,,
334,418,2,109,3598,1,,
334,110,10,127,3598,1,,
372,290,8,99,3602,1,,
3,1019,2,122,3606,1,,
54,36,4,95,3613,1,,
54,19,2,105,3613,1,,
61,60,5,102,3616,1,,
61,190,8,127,3616,1,,
183,616,6,99,3625,1,,
349,31,8,132,3626,1,,
1,115,5,102,3636,1,,
1,85,4,109,3636,1,,
1,0,6,109,3636,1,,
141,824,3,99,3638,1,,
141,97,4,99,3638,1,,
13,740,5,99,3648,1,,
272,677,2,99,3660,1,,
272,104,4,99,3660,1,,
335,222,8,103,3661,1,,
335,181,1,128,3661,1,,
335,55,10,77,3661,1,,
197,318,4,123,3674,1,,
310,1294,3,109,3678,1,,
310,52,10,109,3678,1,,
181,1179,4,99,3681,1,,
181,73,6,96,3681,1,,
181,125,4,96,3681,1,,
277,1625,4,19,3683,1,,
292,133,5,127,3700,1,,
292,50,6,77,3700,1,,
292,406,5,131,3700,1,,
278,49,6,-44,3713,1,,
86,360,11,96,3714,1,,
211,637,4,72,3728,1,,
103,367,8,96,3732,1,,
103,197,5,-74,3732,1,,
322,1306,3,102,3732,1,,
322,10,8,131,3732,1,,
162,598,2,-41,3741,1,,
155,593,1,-71,3749,1,,
155,43,6,102,3749,1,,
155,27,5,77,3749,1,,
36,755,2,94,3751,1,,
36,297,8,-74,3751,1,,
175,1173,5,94,3764,1,,
175,125,4,96,3764,1,,
32,752,5,102,3765,1,,
32,18,4,127,3765,1,,
32,88,3,77,3765,1,,
121,570,2,72,3766,1,,
23,182,2,122,3777,1,,
72,1075,11,77,3781,1,,
234,1224,2,19,3784,1,,
69,91,8,96,3790,1,,
45,536,1,72,3792,1,,
356,227,2,102,3796,1,,
356,85,4,109,3796,1,,
356,181,1,128,3796,1,,
356,13,4,131,3796,1,,
304,708,2,19,3802,1,,
193,208,10,102,3810,1,,
136,26,6,93,3821,1,,
136,819,10,93,3821,1,,
201,163,10,102,3839,1,,
96,558,4,93,3843,1,,
96,21,11,93,3843,1,,
0,181,1,128,3852,1,,
0,513,8,128,3852,1,,
104,367,12,136,3859,1,,
283,8,11,101,3860,1,,
46,536,1,72,3866,1,,
369,289,4,97,3872,1,,
369,342,5,93,3872,1,,
47,536,1,72,3876,1,,
233,646,8,128,3881,1,,
183,125,1,96,3886,1,,
183,616,9,-74,3886,1,,
75,152,6,93,3895,1,,
129,96,8,102,3897,1,,
44,187,2,120,3898,1,,
220,1574,3,99,3907,1,,
220,47,5,93,3907,1,,
105,1106,6,102,3909,1,,
105,39,2,109,3909,1,,
109,24,6,145,3912,1,,
293,406,4,99,3914,1,,
18,744,5,109,3919,1,,
18,85,1,109,3919,1,,
18,181,1,128,3919,1,,
277,682,6,-78,3925,1,,
17,744,2,109,3931,1,,
17,118,6,110,3931,1,,
29,87,8,133,3935,1,,
29,1,5,133,3935,1,,
172,204,4,137,3942,1,,
173,204,4,137,3970,1,,
173,72,5,133,3970,1,,
110,24,2,145,3971,1,,
107,39,5,109,3974,1,,
107,23,8,111,3974,1,,
265,335,7,-24,3996,1,,
262,81,6,102,4006,1,,
262,1252,10,10,4006,1,,
211,1565,6,139,4008,1,,
292,950,1,97,4015,1,,
292,50,8,133,4015,1,,
350,994,8,-24,4022,1,,
367,289,3,97,4026,1,,
367,14,4,133,4026,1,,
301,51,8,-24,4036,1,,
16,181,1,128,4038,1,,
16,1030,10,10,4038,1,,
16,295,6,10,4038,1,,
336,222,1,99,4039,1,,
336,980,8,133,4039,1,,
132,4,1,-24,4052,1,,
132,67,9,140,4052,1,,
113,39,4,109,4054,1,,
113,3,6,10,4054,1,,
56,20,2,133,4058,1,,
56,60,2,133,4058,1,,
56,357,10,158,4058,1,,
298,175,8,140,4066,1,,
193,865,8,104,4068,1,,
76,152,10,151,4072,1,,
2,181,1,128,4080,1,,
2,143,6,111,4080,1,,
223,322,6,-24,4081,1,,
197,162,5,133,4081,1,,
197,318,1,133,4081,1,,
197,-1,-1,-999,4081,2,stockout,-1.0
266,674,7,10,4093,1,,
348,31,5,140,4105,1,,
224,129,7,102,4106,1,,
25,147,6,131,4117,1,,
46,187,6,-74,4128,1,,
46,-1,-1,-999,4128,2,stockout,-1.0
57,539,9,59,4131,1,,
48,536,1,72,4134,1,,
122,571,4,97,4137,1,,
122,39,2,133,4137,1,,
0,143,5,111,4145,1,,
0,343,9,159,4145,1,,
349,31,10,106,4149,1,,
174,204,1,137,4155,1,,
174,72,4,151,4155,1,,
36,34,6,111,4156,1,,
162,1160,4,99,4165,1,,
97,558,3,93,4171,1,,
167,203,10,138,4180,1,,
121,248,8,138,4192,1,,
44,187,4,-74,4207,1,,
80,793,6,109,4209,1,,
166,203,8,106,4210,1,,
123,248,1,138,4214,1,,
129,578,2,97,4216,1,,
290,173,5,10,4218,1,,
17,118,2,133,4222,1,,
101,2,4,59,4227,1,,
101,122,2,59,4227,1,,
98,448,5,109,4248,1,,
49,536,1,72,4256,1,,
128,3,12,161,4257,1,,
70,151,6,155,4259,1,,
207,76,2,99,4261,1,,
361,1002,4,109,4266,1,,
37,533,2,99,4268,1,,
50,536,1,72,4274,1,,
50,188,8,1,4274,1,,
74,302,8,150,4282,1,,
74,787,4,150,4282,1,,
146,588,4,102,4289,1,,
75,38,4,150,4296,1,,
223,322,11,59,4310,1,,
223,128,6,1,4310,1,,
337,137,2,97,4325,1,,
108,2,10,130,4330,1,,
108,39,5,130,4330,1,,
284,8,9,135,4335,1,,
284,1272,10,135,4335,1,,
298,702,10,82,4344,1,,
71,91,11,167,4350,1,,
205,127,8,84,4364,1,,
48,1055,2,1,4366,1,,
48,188,8,130,4366,1,,
263,671,10,130,4380,1,,
336,282,12,84,4383,1,,
65,778,1,97,4389,1,,
266,926,8,130,4392,1,,
204,75,7,134,4401,1,,
280,172,7,162,4404,1,,
280,50,8,162,4404,1,,
280,224,10,162,4404,1,,
12,33,9,130,4405,1,,
114,566,8,84,4415,1,,
197,318,7,133,4428,1,,
96,38,2,167,4431,1,,
96,93,6,135,4431,1,,
96,65,7,135,4431,1,,
96,2,6,162,4431,1,,
352,287,6,130,4446,1,,
352,223,8,175,4446,1,,
352,225,12,175,4446,1,,
305,83,2,10,4450,1,,
305,83,10,162,4450,1,,
305,224,2,162,4450,1,,
316,964,8,1,4458,1,,
343,12,7,84,4462,1,,
36,34,5,84,4472,1,,
40,88,9,135,4474,1,,
40,186,9,162,4474,1,,
123,572,12,1,4480,1,,
123,40,5,130,4480,1,,
324,416,1,99,4489,1,,
324,84,5,177,4489,1,,
11,1370,5,135,4492,1,,
11,32,8,135,4492,1,,
42,-1,-1,-999,4500,2,proactive,0.8666666666666667
338,30,10,135,4506,1,,
63,1420,8,1,4510,1,,
97,1454,5,-6,4515,1,,
147,42,4,162,4520,1,,
147,42,6,135,4520,1,,
249,329,1,19,4530,1,,
249,392,7,144,4530,1,,
321,179,9,135,4532,1,,
281,106,4,134,4535,1,,
296,135,12,144,4546,1,,
206,75,8,162,4550,1,,
206,28,5,160,4550,1,,
264,170,4,175,4559,1,,
264,104,4,146,4559,1,,
110,39,4,130,4572,1,,
110,95,5,146,4572,1,,
99,22,4,84,4572,1,,
49,1056,9,135,4578,1,,
23,86,1,135,4589,1,,
23,182,6,135,4589,1,,
368,289,4,130,4591,1,,
368,56,4,144,4591,1,,
368,341,6,146,4591,1,,
192,382,4,174,4596,1,,
233,894,7,146,4601,1,,
170,157,2,84,4605,1,,
46,187,2,-74,4612,1,,
236,1226,4,152,4612,1,,
236,104,3,146,4612,1,,
282,398,7,160,4622,1,,
10,16,4,152,4627,1,,
10,116,2,175,4627,1,,
344,419,8,121,4629,1,,
24,86,1,99,4634,1,,
138,372,6,1,4644,1,,
181,853,6,135,4647,1,,
142,469,6,130,4653,1,,
130,96,4,135,4659,1,,
130,1129,4,172,4659,1,,
65,20,4,135,4682,1,,
65,778,2,135,4682,1,,
65,1,9,172,4682,1,,
22,0,4,107,4683,1,,
22,58,4,107,4683,1,,
22,33,8,107,4683,1,,
273,933,12,107,4700,1,,
179,160,6,172,4701,1,,
153,99,3,130,4709,1,,
153,474,3,146,4709,1,,
350,994,7,172,4712,1,,
237,270,6,162,4721,1,,
38,185,12,107,4727,1,,
256,273,5,160,4729,1,,
51,536,1,72,4735,1,,
51,765,4,146,4735,1,,
4,1020,7,172,4740,1,,
356,227,10,107,4741,1,,
311,83,2,152,4747,1,,
311,413,4,146,4747,1,,
305,1290,5,112,4747,1,,
82,2,12,107,4758,1,,
212,509,6,146,4762,1,,
190,162,5,144,4770,1,,
81,192,9,176,4771,1,,
334,29,5,135,4777,1,,
326,180,6,144,4779,1,,
194,1192,9,107,4784,1,,
265,170,2,175,4798,1,,
265,104,2,146,4798,1,,
191,162,5,144,4806,1,,
200,1198,4,167,4821,1,,
200,-1,-1,-999,4821,2,stockout,-1.0
345,30,8,107,4832,1,,
345,139,10,143,4832,1,,
176,261,2,1,4833,1,,
40,1397,4,149,4836,1,,
229,130,3,109,4850,1,,
172,45,12,143,4861,1,,
172,224,10,191,4861,1,,
139,372,2,1,4870,1,,
7,116,3,135,4873,1,,
312,413,4,146,4877,1,,
189,381,3,162,4879,1,,
92,1449,4,107,4890,1,,
92,2,6,143,4890,1,,
92,64,5,143,4890,1,,
92,556,7,129,4890,1,,
13,17,8,184,4904,1,,
301,705,11,169,4905,1,,
186,206,12,154,4907,1,,
228,103,9,142,4920,1,,
222,884,2,109,4925,1,,
134,4,10,169,4926,1,,
131,1130,7,143,4934,1,,
131,40,11,129,4934,1,,
131,4,3,129,4934,1,,
302,51,8,142,4937,1,,
196,627,2,142,4945,1,,
161,597,8,16,4948,1,,
168,604,8,107,4957,1,,
168,224,2,191,4957,1,,
168,156,6,129,4957,1,,
238,7,4,16,4965,1,,
238,79,4,16,4965,1,,
245,1235,11,185,4975,1,,
245,7,8,185,4975,1,,
299,338,8,16,4977,1,,
8,295,5,143,4984,1,,
8,32,2,129,4984,1,,
8,0,6,129,4984,1,,
8,116,6,129,4984,1,,
173,45,6,129,5003,1,,
173,157,6,129,5003,1,,
17,348,6,16,5003,1,,
136,97,4,16,5011,1,,
211,637,1,175,5019,1,,
211,7,4,196,5019,1,,
343,12,8,129,5024,1,,
343,56,6,194,5024,1,,
10,1369,6,170,5028,1,,
203,47,7,143,5042,1,,
203,74,4,129,5042,1,,
128,25,10,180,5042,1,,
287,402,10,190,5054,1,,
298,1283,9,180,5055,1,,
28,1041,6,129,5060,1,,
28,0,6,194,5060,1,,
33,88,2,192,5070,1,,
33,59,7,192,5070,1,,
358,140,8,107,5074,1,,
275,935,8,143,5088,1,,
334,110,5,185,5091,1,,
334,29,11,185,5091,1,,
44,-1,-1,-999,5100,2,proactive,0.8888888888888888
149,155,8,107,5102,1,,
223,265,9,190,5104,1,,
9,57,6,180,5106,1,,
21,523,8,129,5116,1,,
313,413,1,146,5120,1,,
313,109,5,180,5120,1,,
280,50,4,195,5124,1,,
280,50,10,124,5124,1,,
34,296,8,107,5136,1,,
76,546,9,185,5137,1,,
255,48,4,190,5161,1,,
255,331,12,108,5161,1,,
180,316,4,180,5171,1,,
333,281,4,180,5178,1,,
329,11,7,199,5182,1,,
329,11,7,124,5182,1,,
143,199,2,180,5183,1,,
305,83,8,184,5190,1,,
81,794,6,-51,5202,1,,
81,2,2,143,5202,1,,
155,70,1,185,5204,1,,
155,70,2,108,5204,1,,
155,255,12,108,5204,1,,
322,415,7,107,5213,1,,
246,391,3,199,5223,1,,
246,80,9,108,5223,1,,
35,352,5,189,5225,1,,
129,3,3,193,5237,1,,
129,3,11,165,5237,1,,
129,67,8,201,5237,1,,
129,96,4,201,5237,1,,
183,616,11,108,5240,1,,
286,107,8,108,5258,1,,
210,877,3,107,5262,1,,
210,319,6,202,5262,1,,
210,7,12,202,5262,1,,
135,67,7,193,5262,1,,
135,4,12,193,5262,1,,
315,53,5,129,5270,1,,
314,177,8,193,5281,1,,
314,53,5,201,5281,1,,
10,16,2,185,5284,1,,
10,116,6,124,5284,1,,
12,16,11,202,5290,1,,
12,345,4,202,5290,1,,
54,538,7,108,5300,1,,
88,2,8,193,5304,1,,
88,64,8,201,5304,1,,
97,195,2,129,5310,1,,
97,2,4,202,5310,1,,
97,243,5,202,5310,1,,
96,93,2,146,5311,1,,
193,208,8,199,5320,1,,
343,12,7,202,5329,1,,
343,56,7,202,5329,1,,
13,57,1,180,5330,1,,
13,0,7,193,5330,1,,
13,17,4,165,5330,1,,
130,96,5,192,5341,1,,
41,441,3,107,5346,1,,
41,237,6,202,5346,1,,
41,1,3,202,5346,1,,
230,268,11,201,5347,1,,
165,1163,6,124,5350,1,,
335,29,10,202,5360,1,,
30,1,10,203,5364,1,,
38,185,6,193,5371,1,,
38,18,4,193,5371,1,,
352,996,11,193,5388,1,,
231,268,8,202,5388,1,,
136,-1,-1,-999,5400,2,proactive,0.8333333333333334
124,811,1,142,5401,1,,
124,66,4,192,5401,1,,
128,3,9,202,5401,1,,
309,83,4,193,5404,1,,
309,176,6,165,5404,1,,
311,10,3,124,5410,1,,
311,959,2,108,5410,1,,
256,48,6,202,5411,1,,
27,437,4,190,5417,1,,
150,155,9,193,5419,1,,
254,662,4,107,5425,1,,
254,273,6,168,5425,1,,
348,31,9,201,5441,1,,
143,826,6,124,5444,1,,
205,127,6,205,5445,1,,
353,287,3,190,5450,1,,
28,18,6,202,5454,1,,
336,29,6,181,5460,1,,
267,274,2,201,5461,1,,
267,219,7,165,5461,1,,
55,149,5,181,5471,1,,
139,68,8,201,5475,1,,
57,539,6,201,5496,1,,
57,189,1,165,5496,1,,
202,211,10,156,5499,1,,
166,203,5,202,5507,1,,
337,282,8,197,5516,1,,
211,128,7,201,5520,1,,
211,165,10,179,5520,1,,
82,551,4,157,5522,1,,
240,1230,4,143,5534,1,,
229,217,10,179,5546,1,,
229,103,10,211,5546,1,,
101,122,4,197,5552,1,,
47,188,2,-51,5554,1,,
88,1445,6,124,5561,1,,
83,551,2,157,5561,1,,
203,211,1,156,5564,1,,
52,189,5,211,5575,1,,
52,1409,7,211,5575,1,,
52,60,10,211,5575,1,,
89,64,9,178,5575,1,,
176,6,7,206,5595,1,,
176,261,8,179,5595,1,,
349,13,10,115,5600,1,,
111,305,1,143,5601,1,,
3,0,7,179,5611,1,,
3,143,4,211,5611,1,,
247,657,8,178,5612,1,,
147,98,10,179,5624,1,,
29,18,11,115,5628,1,,
339,30,10,114,5628,1,,
339,137,5,114,5628,1,,
31,18,2,193,5636,1,,
31,439,6,211,5636,1,,
210,385,9,211,5649,1,,
212,638,6,115,5656,1,,
212,47,7,212,5656,1,,
12,57,6,126,5660,1,,
12,0,10,126,5660,1,,
12,1371,5,126,5660,1,,
12,85,4,126,5660,1,,
234,1588,7,115,5666,1,,
256,1246,7,179,5675,1,,
125,811,1,142,5677,1,,
125,66,6,212,5677,1,,
251,272,3,179,5680,1,,
90,64,6,212,5686,1,,
156,475,12,126,5688,1,,
156,100,9,126,5688,1,,
333,222,5,201,5689,1,,
327,180,8,211,5701,1,,
202,502,6,165,5710,1,,
84,302,4,114,5714,1,,
84,192,4,126,5714,1,,
84,2,12,126,5714,1,,
174,158,2,115,5718,1,,
174,72,3,212,5718,1,,
344,30,2,114,5737,1,,
344,988,4,126,5737,1,,
344,339,8,126,5737,1,,
344,284,4,126,5737,1,,
126,811,1,142,5742,1,,
126,3,10,207,5742,1,,
126,66,6,207,5742,1,,
298,51,2,206,5750,1,,
230,78,6,207,5758,1,,
230,130,6,207,5758,1,,
10,57,4,126,5759,1,,
10,145,10,126,5759,1,,
10,85,2,126,5759,1,,
114,1115,8,114,5775,1,,
114,39,1,126,5775,1,,
114,24,3,126,5775,1,,
101,559,9,211,5776,1,,
66,1423,2,165,5789,1,,
278,277,12,126,5792,1,,
112,39,2,169,5793,1,,
187,491,8,215,5804,1,,
217,387,4,207,5812,1,,
217,165,6,221,5812,1,,
217,264,8,221,5812,1,,
4,1020,10,126,5816,1,,
4,0,6,91,5816,1,,
200,210,9,207,5825,1,,
99,22,8,215,5828,1,,
30,529,11,207,5840,1,,
151,70,4,171,5844,1,,
151,5,12,182,5844,1,,
151,42,4,182,5844,1,,
178,6,12,221,5862,1,,
178,262,5,221,5862,1,,
44,536,1,72,5868,1,,
274,934,10,221,5877,1,,
152,70,6,147,5882,1,,
152,42,12,147,5882,1,,
152,200,10,147,5882,1,,
305,9,9,221,5889,1,,
91,362,6,207,5908,1,,
91,64,8,221,5908,1,,
105,197,7,126,5911,1,,
105,368,8,147,5911,1,,
105,2,6,147,5911,1,,
70,91,12,223,5914,1,,
331,725,10,221,5922,1,,
109,801,8,210,5925,1,,
47,188,8,221,5934,1,,
100,22,10,223,5939,1,,
357,112,8,221,5946,1,,
140,68,7,210,5950,1,,
111,305,9,114,5954,1,,
111,305,12,126,5954,1,,
111,24,6,182,5954,1,,
111,369,5,147,5954,1,,
41,237,7,207,5967,1,,
205,127,1,126,5983,1,,
205,127,10,114,5983,1,,
205,127,10,147,5983,1,,
173,609,6,210,5995,1,,
173,100,12,213,5995,1,,
12,16,4,182,6005,1,,
12,16,8,91,6005,1,,
12,0,2,182,6005,1,,
13,17,5,221,6018,1,,
253,1243,9,213,6030,1,,
253,81,10,217,6030,1,,
253,272,8,217,6030,1,,
221,388,6,182,6032,1,,
221,388,7,126,6032,1,,
221,77,6,182,6032,1,,
65,37,10,126,6048,1,,
199,209,2,124,6050,1,,
199,1197,3,221,6050,1,,
136,97,9,213,6053,1,,
136,312,8,213,6053,1,,
116,1117,5,212,6058,1,,
248,909,11,171,6065,1,,
3,15,5,207,6066,1,,
206,75,5,223,6076,1,,
206,212,11,213,6076,1,,
214,639,8,114,6082,1,,
214,77,2,182,6082,1,,
222,265,4,212,6082,1,,
163,257,3,181,6097,1,,
376,291,10,91,6098,1,,
62,36,1,211,6103,1,,
62,36,7,217,6103,1,,
62,1,7,213,6103,1,,
62,301,4,217,6103,1,,
263,170,3,207,6110,1,,
251,660,9,182,6113,1,,
278,683,10,91,6129,1,,
306,709,12,217,6136,1,,
306,9,12,224,6136,1,,
1,513,8,182,6143,1,,
1,-1,-1,-999,6143,2,stockout,-1.0
213,638,3,115,6143,1,,
133,41,2,115,6148,1,,
177,159,8,126,6158,1,,
74,787,4,213,6162,1,,
74,151,4,-97,6162,1,,
74,91,4,217,6162,1,,
74,61,6,224,6162,1,,
193,494,2,115,6166,1,,
86,552,2,108,6182,1,,
25,147,6,223,6184,1,,
25,350,8,213,6184,1,,
305,83,11,222,6201,1,,
358,228,7,91,6202,1,,
102,1459,2,115,6211,1,,
85,797,4,217,6219,1,,
85,92,7,224,6219,1,,
324,54,7,114,6222,1,,
286,690,6,91,6234,1,,
367,289,1,207,6234,1,,
70,783,11,210,6236,1,,
310,10,1,124,6239,1,,
28,527,6,126,6245,1,,
54,36,9,224,6251,1,,
123,811,1,142,6254,1,,
123,95,4,233,6254,1,,
123,-1,-1,-999,6254,2,stockout,-1.0
33,59,6,126,6257,1,,
0,292,9,224,6266,1,,
348,31,1,212,6267,1,,
27,18,8,232,6280,1,,
225,1215,9,217,6282,1,,
52,189,6,91,6290,1,,
115,459,8,222,6295,1,,
307,83,6,232,6307,1,,
84,359,6,171,6309,1,,
117,1118,6,126,6335,1,,
206,632,7,207,6342,1,,
101,122,6,147,6347,1,,
195,74,6,210,6349,1,,
195,125,2,224,6349,1,,
122,811,1,142,6349,1,,
130,67,8,217,6361,1,,
53,189,8,238,6372,1,,
236,270,6,126,6373,1,,
121,310,6,213,6382,1,,
15,347,5,126,6386,1,,
17,118,8,14,6387,1,,
17,33,5,14,6387,1,,
17,234,6,14,6387,1,,
270,1258,8,213,6394,1,,
14,430,5,114,6397,1,,
283,172,6,213,6405,1,,
283,8,2,224,6405,1,,
87,241,5,126,6407,1,,
142,4,9,14,6407,1,,
142,1141,6,240,6407,1,,
127,811,1,142,6411,1,,
292,1280,4,147,6416,1,,
176,848,5,210,6438,1,,
293,1280,4,147,6442,1,,
162,598,5,224,6446,1,,
204,126,7,14,6449,1,,
204,384,4,240,6449,1,,
70,1427,6,231,6461,1,,
70,-1,-1,-999,6461,2,stockout,-1.0
349,31,10,14,6465,1,,
349,139,2,141,6465,1,,
277,49,4,-97,6473,1,,
196,1194,4,126,6484,1,,
196,-1,-1,-999,6485,2,stockout,-1.0
30,87,6,226,6489,1,,
30,184,12,226,6489,1,,
183,205,4,114,6496,1,,
355,227,3,114,6504,1,,
203,872,4,114,6513,1,,
203,-1,-1,-999,6513,2,stockout,-1.0
68,61,5,198,6514,1,,
68,781,6,198,6514,1,,
68,1,8,198,6514,1,,
301,705,4,-97,6531,1,,
128,3,6,198,6533,1,,
128,25,8,198,6533,1,,
75,62,3,213,6537,1,,
343,138,4,171,6544,1,,
66,61,2,254,6551,1,,
66,1,7,166,6551,1,,
229,890,2,147,6551,1,,
38,534,2,-97,6555,1,,
175,611,10,198,6569,1,,
175,72,6,237,6569,1,,
175,6,10,237,6569,1,,
207,164,8,186,6596,1,,
207,212,6,186,6596,1,,
207,7,5,186,6596,1,,
132,1488,8,166,6600,1,,
132,25,7,166,6600,1,,
316,714,2,91,6604,1,,
201,74,2,210,6613,1,,
201,1199,7,166,6613,1,,
288,403,5,226,6623,1,,
288,107,4,237,6623,1,,
288,692,10,237,6623,1,,
345,989,1,168,6634,1,,
192,207,1,147,6640,1,,
88,797,1,217,6644,1,,
88,64,6,166,6644,1,,
244,80,1,202,6647,1,,
314,53,3,14,6649,1,,
314,136,4,226,6649,1,,
314,1662,11,237,6649,1,,
364,1346,6,166,6653,1,,
1,513,1,182,6653,1,,
23,86,5,14,6672,1,,
23,0,8,237,6672,1,,
23,146,3,237,6672,1,,
148,5,6,166,6674,1,,
322,968,5,166,6682,1,,
264,924,4,166,6692,1,,
64,777,11,198,6696,1,,
64,37,5,237,6696,1,,
204,872,4,114,6699,1,,
257,332,2,186,6717,1,,
257,395,10,186,6717,1,,
257,81,2,237,6717,1,,
266,170,4,166,6734,1,,
97,93,4,14,6738,1,,
97,93,6,237,6738,1,,
97,2,1,14,6738,1,,
97,2,3,237,6738,1,,
191,623,10,241,6743,1,,
161,375,5,237,6758,1,,
161,375,8,14,6758,1,,
92,194,4,243,6774,1,,
92,121,10,264,6774,1,,
165,1520,7,237,6777,1,,
165,202,5,237,6777,1,,
245,80,9,208,6783,1,,
175,1530,1,147,6788,1,,
233,103,4,240,6793,1,,
233,269,6,237,6793,1,,
269,170,2,166,6798,1,,
269,929,6,264,6798,1,,
269,28,7,273,6798,1,,
31,18,10,198,6809,1,,
146,588,12,243,6815,1,,
342,284,10,186,6826,1,,
66,1070,9,255,6830,1,,
3,143,2,263,6831,1,,
134,371,4,226,6842,1,,
134,25,4,237,6842,1,,
134,96,2,237,6842,1,,
362,14,8,153,6844,1,,
0,0,8,260,6845,1,,
4,143,6,263,6857,1,,
7,1366,8,273,6858,1,,
367,113,10,14,6858,1,,
321,719,6,243,6869,1,,
198,319,12,277,6875,1,,
10,16,7,277,6888,1,,
103,197,9,237,6890,1,,
215,386,8,198,6902,1,,
336,29,3,277,6902,1,,
128,95,4,166,6905,1,,
196,1194,5,126,6914,1,,
167,72,4,243,6932,1,,
328,180,7,237,6938,1,,
330,55,7,261,6938,1,,
205,75,2,217,6939,1,,
70,1427,2,231,6946,1,,
204,630,8,141,6950,1,,
192,73,1,231,6951,1,,
14,0,8,269,6960,1,,
14,57,6,269,6960,1,,
348,31,8,237,6961,1,,
1,115,6,14,6971,1,,
349,31,8,284,6986,1,,
174,6,4,269,6991,1,,
174,158,8,269,6991,1,,
174,72,9,276,6991,1,,
229,890,10,284,7000,1,,
160,201,8,227,7003,1,,
158,373,2,226,7012,1,,
158,595,6,284,7012,1,,
162,44,3,271,7013,1,,
295,134,11,248,7015,1,,
295,279,6,248,7015,1,,
269,1257,4,198,7026,1,,
269,676,6,237,7026,1,,
269,-1,-1,-999,7026,2,stockout,-1.0
163,44,3,225,7031,1,,
11,57,2,269,7046,1,,
11,16,10,248,7046,1,,
11,32,10,288,7046,1,,
68,91,5,186,7051,1,,
164,257,8,220,7069,1,,
136,4,4,269,7070,1,,
136,583,12,248,7070,1,,
123,811,1,142,7070,1,,
123,95,5,237,7070,1,,
123,-1,-1,-999,7070,2,stockout,-1.0
105,23,8,229,7096,1,,
286,221,2,288,7102,1,,
286,107,10,253,7102,1,,
286,107,11,290,7102,1,,
45,445,5,237,7102,1,,
370,114,9,229,7112,1,,
120,95,5,237,7121,1,,
65,37,6,229,7123,1,,
197,74,6,248,7136,1,,
197,627,10,248,7136,1,,
197,209,9,253,7136,1,,
182,73,7,229,7138,1,,
304,1289,3,229,7147,1,,
53,89,2,229,7153,1,,
39,19,5,289,7156,1,,
104,452,8,288,7159,1,,
104,367,8,253,7159,1,,
104,-1,-1,-999,7160,2,stockout,-1.0
230,130,2,229,7169,1,,
28,18,6,269,7180,1,,
28,148,2,276,7180,1,,
28,119,6,248,7180,1,,
310,412,4,14,7189,1,,
132,40,5,269,7205,1,,
132,4,6,288,7205,1,,
132,250,6,188,7205,1,,
211,637,4,237,7205,1,,
79,2,1,292,7213,1,,
200,1198,4,237,7220,1,,
200,-1,-1,-999,7221,2,stockout,-1.0
289,693,3,186,7229,1,,
242,903,4,14,7236,1,,
297,135,9,248,7236,1,,
297,82,5,188,7236,1,,
297,8,8,286,7236,1,,
210,213,7,274,7246,1,,
372,1354,6,258,7259,1,,
181,204,4,248,7264,1,,
181,100,9,248,7264,1,,
181,379,7,286,7264,1,,
179,1534,3,258,7265,1,,
93,242,3,186,7269,1,,
164,600,8,272,7282,1,,
25,147,7,248,7286,1,,
25,183,8,188,7286,1,,
283,132,10,295,7299,1,,
101,450,2,248,7308,1,,
101,450,7,276,7308,1,,
101,154,6,286,7308,1,,
201,210,4,295,7314,1,,
78,548,10,248,7328,1,,
78,357,3,253,7328,1,,
43,35,8,295,7328,1,,
105,368,5,183,7343,1,,
105,244,4,285,7343,1,,
105,244,7,236,7343,1,,
105,244,10,258,7343,1,,
151,5,2,276,7345,1,,
151,70,8,286,7345,1,,
136,819,7,258,7353,1,,
81,153,6,304,7355,1,,
182,487,4,66,7360,1,,
320,179,7,253,7361,1,,
320,966,3,188,7361,1,,
280,398,10,248,7377,1,,
13,346,9,257,7384,1,,
13,17,8,257,7384,1,,
196,74,2,248,7391,1,,
196,209,3,253,7391,1,,
196,209,3,188,7391,1,,
106,23,8,257,7396,1,,
86,1089,7,188,7404,1,,
80,192,10,257,7410,1,,
305,83,8,276,7419,1,,
152,70,10,257,7424,1,,
10,145,2,186,7424,1,,
137,26,8,257,7435,1,,
269,1257,4,198,7438,1,,
269,-1,-1,-999,7438,2,stockout,-1.0
109,1110,1,248,7439,1,,
109,245,6,253,7439,1,,
178,315,2,14,7444,1,,
306,52,2,283,7451,1,,
247,328,7,253,7452,1,,
29,1,7,257,7465,1,,
87,21,12,306,7473,1,,
314,84,2,257,7477,1,,
314,53,6,257,7477,1,,
282,1270,2,237,7480,1,,
111,95,2,237,7490,1,,
230,78,2,248,7509,1,,
230,643,4,253,7509,1,,
102,560,1,14,7513,1,,
28,0,6,245,7517,1,,
28,87,9,308,7517,1,,
354,998,7,245,7528,1,,
59,90,6,269,7533,1,,
177,159,6,219,7535,1,,
373,1355,7,248,7546,1,,
181,1179,6,245,7553,1,,
181,73,5,307,7553,1,,
181,28,8,305,7553,1,,
11,344,5,188,7556,1,,
81,1438,4,246,7564,1,,
112,24,5,188,7566,1,,
161,156,6,245,7568,1,,
161,375,5,305,7568,1,,
371,14,5,286,7577,1,,
200,1198,4,237,7579,1,,
200,-1,-1,-999,7580,2,stockout,-1.0
77,152,10,256,7583,1,,
1,115,4,269,7586,1,,
128,3,8,305,7594,1,,
307,9,4,270,7595,1,,
201,210,9,307,7607,1,,
70,1073,10,256,7621,1,,
192,493,6,257,7631,1,,
180,46,6,313,7631,1,,
256,664,4,269,7635,1,,
175,204,4,248,7644,1,,
98,93,8,303,7653,1,,
196,318,6,256,7673,1,,
85,193,11,303,7677,1,,
236,270,2,248,7682,1,,
236,78,2,248,7682,1,,
137,820,7,164,7684,1,,
67,37,5,318,7692,1,,
110,246,12,303,7696,1,,
176,204,4,248,7696,1,,
140,373,1,303,7701,1,,
54,36,4,256,7705,1,,
251,272,4,286,7710,1,,
22,434,3,305,7712,1,,
179,378,10,317,7718,1,,
313,84,1,296,7730,1,,
83,358,3,286,7730,1,,
40,186,7,320,7736,1,,
279,684,3,188,7741,1,,
279,-1,-1,-999,7742,2,stockout,-1.0
82,153,8,293,7750,1,,
260,920,2,253,7759,1,,
133,41,6,320,7761,1,,
59,299,11,293,7779,1,,
129,370,4,311,7788,1,,
24,86,3,216,7800,1,,
29,148,2,276,7801,1,,
77,547,8,-45,7814,1,,
269,1257,4,248,7820,1,,
269,-1,-1,-999,7820,2,stockout,-1.0
287,402,8,298,7826,1,,
130,370,2,311,7827,1,,
258,333,11,316,7838,1,,
128,25,6,329,7850,1,,
51,357,12,298,7850,1,,
113,3,9,316,7859,1,,
1,0,8,298,7864,1,,
174,260,7,316,7879,1,,
174,6,6,326,7879,1,,
173,1528,12,298,7883,1,,
23,58,8,316,7893,1,,
189,621,10,265,7899,1,,
238,168,8,235,7907,1,,
270,82,9,316,7908,1,,
170,157,8,265,7913,1,,
178,850,4,235,7923,1,,
178,100,6,235,7923,1,,
348,31,6,316,7934,1,,
283,132,6,309,7937,1,,
283,8,10,301,7937,1,,
37,34,12,235,7942,1,,
143,199,6,316,7945,1,,
363,56,6,309,7958,1,,
363,141,8,323,7958,1,,
180,160,3,235,7958,1,,
180,73,7,275,7958,1,,
349,31,10,299,7971,1,,
321,280,5,316,7982,1,,
39,59,7,301,7984,1,,
39,19,4,301,7984,1,,
39,1,7,322,7984,1,,
41,59,11,275,7988,1,,
41,19,6,275,7988,1,,
41,1,4,275,7988,1,,
172,6,7,322,8001,1,,
172,125,4,323,8001,1,,
320,179,5,287,8003,1,,
40,34,11,266,8013,1,,
40,19,6,266,8013,1,,
70,151,5,316,8013,1,,
120,461,8,322,8027,1,,
120,3,9,302,8027,1,,
120,154,1,302,8027,1,,
181,486,4,218,8031,1,,
314,84,8,275,8038,1,,
314,279,8,266,8038,1,,
314,53,2,266,8038,1,,
105,798,7,322,8046,1,,
105,23,5,302,8046,1,,
240,79,4,316,8053,1,,
364,341,6,319,8063,1,,
364,85,4,302,8063,1,,
157,5,2,266,8066,1,,
157,5,6,249,8066,1,,
157,43,9,266,8066,1,,
157,71,2,266,8066,1,,
315,413,4,316,8069,1,,
113,565,4,234,8083,1,,
8,0,1,301,8084,1,,
8,517,4,323,8084,1,,
8,85,4,302,8084,1,,
230,268,6,235,8088,1,,
230,47,6,275,8088,1,,
230,103,3,275,8088,1,,
13,17,4,322,8098,1,,
13,85,4,302,8098,1,,
279,684,3,188,8107,1,,
85,551,4,309,8112,1,,
85,240,4,322,8112,1,,
241,217,6,249,8114,1,,
241,326,8,321,8114,1,,
241,104,4,321,8114,1,,
236,168,8,322,8129,1,,
200,163,3,316,8138,1,,
148,26,2,235,8141,1,,
148,588,8,266,8141,1,,
148,5,9,279,8141,1,,
93,242,10,148,8148,1,,
229,130,3,316,8157,1,,
282,50,8,302,8161,1,,
86,63,7,275,8164,1,,
86,63,5,321,8164,1,,
86,2,4,266,8164,1,,
313,413,1,316,8172,1,,
313,10,1,333,8172,1,,
313,10,9,335,8172,1,,
131,579,7,298,8176,1,,
62,90,5,275,8188,1,,
62,542,11,249,8188,1,,
358,228,8,148,8188,1,,
269,1257,1,248,8192,1,,
269,82,10,335,8192,1,,
271,82,9,278,8209,1,,
281,50,5,266,8211,1,,
281,172,5,321,8211,1,,
281,172,6,249,8211,1,,
132,25,5,275,8231,1,,
132,250,8,266,8231,1,,
87,21,8,278,8235,1,,
305,9,7,298,8242,1,,
228,103,8,266,8251,1,,
228,77,5,279,8251,1,,
212,77,6,301,8252,1,,
198,126,8,278,8258,1,,
198,74,6,312,8258,1,,
326,180,6,309,8261,1,,
41,441,4,335,8270,1,,
41,186,4,278,8270,1,,
344,30,3,249,8271,1,,
344,138,10,249,8271,1,,
348,13,6,330,8284,1,,
190,862,6,310,8284,1,,
190,382,4,310,8284,1,,
84,63,2,321,8290,1,,
84,63,10,279,8290,1,,
324,54,6,330,8293,1,,
231,130,8,278,8296,1,,
99,1100,5,309,8302,1,,
58,89,8,275,8307,1,,
58,540,3,321,8307,1,,
39,34,11,345,8311,1,,
194,74,3,301,8322,1,,
194,125,2,323,8322,1,,
47,188,2,266,8324,1,,
47,88,9,321,8324,1,,
199,126,2,278,8338,1,,
199,74,4,312,8338,1,,
199,382,2,310,8338,1,,
204,75,5,302,8339,1,,
59,1063,10,266,8342,1,,
275,680,4,330,8355,1,,
88,64,10,279,8368,1,,
277,49,4,148,8373,1,,
102,451,6,347,8379,1,,
102,38,5,347,8379,1,,
102,2,5,347,8379,1,,
22,86,9,266,8387,1,,
75,62,6,335,8389,1,,
306,52,4,330,8392,1,,
205,127,9,353,8405,1,,
110,455,8,244,8410,1,,
110,39,1,275,8410,1,,
89,2,5,347,8414,1,,
89,361,9,291,8414,1,,
172,45,8,249,8424,1,,
186,28,3,347,8429,1,,
186,619,8,291,8429,1,,
162,44,8,275,8438,1,,
161,597,7,291,8440,1,,
200,628,4,347,8446,1,,
273,171,5,353,8448,1,,
139,585,4,278,8453,1,,
345,139,8,353,8460,1,,
298,135,8,321,8471,1,,
213,77,4,301,8472,1,,
170,157,5,353,8480,1,,
249,659,8,275,8485,1,,
201,628,4,347,8491,1,,
160,201,2,322,8495,1,,
128,812,4,275,8498,1,,
128,249,3,321,8498,1,,
321,719,4,278,8498,1,,
346,139,8,266,8512,1,,
363,141,8,275,8526,1,,
10,16,6,354,8532,1,,
40,759,6,279,8537,1,,
90,554,5,336,8541,1,,
129,3,8,351,8543,1,,
180,73,6,249,8550,1,,
149,155,3,310,8554,1,,
304,109,9,354,8556,1,,
83,551,1,309,8560,1,,
42,354,3,347,8564,1,,
122,311,2,302,8564,1,,
283,8,2,342,8576,1,,
25,147,5,321,8578,1,,
147,200,9,349,8582,1,,
26,147,9,343,8591,1,,
87,361,11,349,8597,1,,
208,164,5,275,8608,1,,
312,710,5,249,8616,1,,
141,68,7,355,8619,1,,
284,8,6,349,8629,1,,
163,44,5,349,8637,1,,
291,133,4,275,8644,1,,
196,74,4,279,8654,1,,
8,234,10,358,8659,1,,
8,0,5,358,8659,1,,
190,207,5,349,8660,1,,
22,58,4,349,8667,1,,
109,801,3,349,8673,1,,
4,0,6,357,8678,1,,
4,32,8,357,8678,1,,
361,1343,4,275,8687,1,,
206,212,8,358,8691,1,,
214,510,4,279,8696,1,,
251,660,3,312,8699,1,,
251,-1,-1,-999,8699,2,stockout,-1.0
192,-1,-1,-999,8700,2,proactive,0.9025
181,7,9,360,8706,1,,
225,1579,3,266,8708,1,,
231,78,2,357,8712,1,,
249,329,4,343,8716,1,,
113,247,8,358,8726,1,,
252,272,9,350,8726,1,,
269,1257,2,198,8737,1,,
285,50,2,358,8743,1,,
285,132,8,281,8743,1,,
347,421,2,278,8744,1,,
347,181,1,278,8744,1,,
254,28,8,259,8769,1,,
254,662,10,259,8769,1,,
88,554,2,336,8770,1,,
153,99,2,321,8779,1,,
140,373,11,259,8789,1,,
140,26,2,-60,8789,1,,
123,462,2,347,8801,1,,
75,152,2,279,8801,1,,
313,413,2,321,8806,1,,
82,63,2,279,8810,1,,
30,18,6,259,8812,1,,
30,58,10,-60,8812,1,,
253,913,4,252,8816,1,,
1,181,1,278,8830,1,,
92,556,12,-60,8831,1,,
339,283,2,235,8834,1,,
3,181,1,278,8836,1,,
104,39,2,275,8849,1,,
115,24,6,259,8853,1,,
115,39,5,-60,8853,1,,
13,181,1,278,8861,1,,
7,181,1,278,8873,1,,
14,181,1,278,8894,1,,
9,181,1,278,8899,1,,
291,405,9,362,8901,1,,
335,281,10,300,8902,1,,
335,55,9,334,8902,1,,
43,762,10,281,8916,1,,
298,407,9,324,8920,1,,
256,48,6,368,8932,1,,
19,181,1,364,8935,1,,
8,116,4,259,8941,1,,
8,1367,9,259,8941,1,,
8,57,6,300,8941,1,,
331,181,1,364,8944,1,,
331,84,4,364,8944,1,,
4,181,1,364,8947,1,,
349,181,1,278,8948,1,,
349,286,6,324,8948,1,,
255,331,9,-60,8954,1,,
20,181,1,364,8964,1,,
186,1184,9,259,8967,1,,
241,326,9,372,8982,1,,
241,131,5,372,8982,1,,
112,24,1,259,8984,1,,
112,306,7,-60,8984,1,,
112,2,2,334,8984,1,,
330,55,4,327,8984,1,,
0,0,3,372,8988,1,,
15,57,5,300,9003,1,,
15,0,8,334,9003,1,,
334,181,1,364,9004,1,,
334,55,4,331,9004,1,,
332,181,1,364,9007,1,,
355,288,9,-60,9019,1,,
232,325,5,352,9020,1,,
232,167,7,352,9020,1,,
232,7,4,352,9020,1,,
286,107,6,-84,9040,1,,
244,80,8,281,9047,1,,
193,865,6,-84,9058,1,,
230,268,8,-60,9059,1,,
363,181,1,278,9062,1,,
363,14,10,352,9062,1,,
37,297,6,300,9070,1,,
37,18,1,334,9070,1,,
27,437,5,352,9078,1,,
27,0,6,352,9078,1,,
180,73,10,370,9087,1,,
1,513,7,346,9092,1,,
1,0,3,352,9092,1,,
1,-1,-1,-999,9092,2,stockout,-1.0
147,1503,6,-60,9095,1,,
103,197,10,352,9106,1,,
43,535,11,334,9114,1,,
284,688,4,352,9123,1,,
284,8,6,352,9123,1,,
47,1054,7,-60,9125,1,,
52,189,6,259,9134,1,,
291,949,7,228,9140,1,,
291,50,5,375,9140,1,,
65,37,11,352,9140,1,,
333,55,6,-84,9149,1,,
318,178,10,352,9157,1,,
70,91,6,-84,9159,1,,
218,512,6,-84,9170,1,,
165,1163,9,352,9172,1,,
80,550,6,259,9175,1,,
206,212,6,-84,9179,1,,
167,483,8,352,9186,1,,
93,557,6,-60,9186,1,,
204,75,9,374,9197,1,,
163,257,9,366,9203,1,,
36,532,4,-84,9216,1,,
36,1,6,374,9216,1,,
36,755,4,374,9216,1,,
36,-1,-1,-999,9216,2,stockout,-1.0
375,143,6,259,9227,1,,
245,80,4,352,9230,1,,
192,493,5,-60,9235,1,,
166,203,5,230,9240,1,,
166,71,2,230,9240,1,,
166,6,10,230,9240,1,,
335,29,5,332,9243,1,,
157,124,6,378,9256,1,,
125,40,4,230,9261,1,,
125,574,12,230,9261,1,,
337,1321,5,259,9266,1,,
81,550,4,259,9273,1,,
198,628,1,347,9280,1,,
210,507,8,230,9284,1,,
210,102,9,230,9284,1,,
48,188,3,352,9290,1,,
113,1470,3,281,9290,1,,
113,39,1,-60,9290,1,,
144,252,3,300,9300,1,,
355,288,3,356,9301,1,,
246,1600,4,-84,9306,1,,
246,80,11,230,9306,1,,
34,352,3,334,9309,1,,
251,660,2,312,9324,1,,
29,120,3,300,9335,1,,
173,260,1,316,9340,1,,
264,672,8,374,9350,1,,
346,285,3,259,9356,1,,
279,49,7,374,9378,1,,
279,278,6,230,9378,1,,
23,182,2,334,9385,1,,
310,10,2,259,9390,1,,
94,243,3,-84,9395,1,,
94,2,5,230,9395,1,,
94,21,2,230,9395,1,,
205,505,2,259,9404,1,,
32,88,7,371,9415,1,,
32,18,6,230,9415,1,,
124,573,2,358,9423,1,,
124,198,6,377,9423,1,,
181,1536,2,259,9428,1,,
142,68,8,371,9429,1,,
72,91,11,382,9429,1,,
1,513,1,346,9435,1,,
269,1257,1,382,9441,1,,
269,-1,-1,-999,9442,2,stockout,-1.0
333,727,11,230,9446,1,,
174,45,8,369,9455,1,,
376,143,2,259,9458,1,,
28,527,7,230,9459,1,,
28,-1,-1,-999,9459,2,stockout,-1.0
224,215,7,369,9468,1,,
158,255,7,230,9471,1,,
43,35,6,382,9479,1,,
336,282,7,230,9484,1,,
143,68,8,340,9495,1,,
49,1056,10,380,9503,1,,
107,1464,2,-60,9505,1,,
206,212,6,230,9511,1,,
206,874,1,230,9511,1,,
273,678,6,369,9515,1,,
111,456,1,358,9517,1,,
111,39,1,-60,9517,1,,
6,426,6,374,9522,1,,
258,104,4,389,9525,1,,
180,7,6,380,9537,1,,
243,653,8,348,9546,1,,
280,685,6,230,9552,1,,
24,86,6,348,9556,1,,
286,945,4,339,9564,1,,
286,50,2,230,9564,1,,
136,26,10,392,9570,1,,
365,229,5,-84,9574,1,,
268,104,2,389,9585,1,,
268,220,12,383,9585,1,,
125,66,5,314,9589,1,,
220,882,6,375,9601,1,,
220,-1,-1,-999,9601,2,stockout,-1.0
284,400,8,383,9614,1,,
123,40,4,297,9623,1,,
123,248,4,297,9623,1,,
26,436,5,297,9632,1,,
288,50,7,386,9640,1,,
288,692,7,386,9640,1,,
115,566,7,297,9642,1,,
36,755,4,374,9643,1,,
234,647,3,297,9648,1,,
251,1241,7,382,9653,1,,
355,999,7,-31,9665,1,,
75,152,4,375,9668,1,,
163,6,12,379,9670,1,,
215,77,6,386,9677,1,,
211,878,4,370,9683,1,,
211,-1,-1,-999,9683,2,stockout,-1.0
16,57,6,383,9689,1,,
7,426,3,374,9691,1,,
10,16,10,379,9697,1,,
10,0,4,379,9697,1,,
10,145,7,379,9697,1,,
329,11,3,393,9703,1,,
181,46,5,383,9704,1,,
15,57,1,383,9725,1,,
15,347,11,361,9725,1,,
174,610,6,361,9742,1,,
248,328,3,230,9742,1,,
137,26,10,379,9745,1,,
281,50,12,395,9758,1,,
116,24,6,379,9760,1,,
116,95,5,325,9760,1,,
179,1534,2,230,9769,1,,
245,906,10,379,9774,1,,
315,1299,10,325,9788,1,,
61,774,10,315,9790,1,,
314,413,3,361,9790,1,,
314,53,8,395,9790,1,,
243,904,4,242,9809,1,,
243,904,12,297,9809,1,,
106,198,6,315,9813,1,,
106,2,10,385,9813,1,,
206,632,9,395,9819,1,,
231,78,4,325,9826,1,,
231,130,8,373,9826,1,,
305,9,8,365,9827,1,,
269,1257,4,382,9834,1,,
269,82,7,398,9834,1,,
269,-1,-1,-999,9834,2,stockout,-1.0
117,24,4,379,9840,1,,
117,95,1,325,9840,1,,
117,39,5,373,9840,1,,
306,9,5,385,9847,1,,
306,83,4,385,9847,1,,
306,52,4,385,9847,1,,
169,259,8,325,9852,1,,
1,143,6,395,9854,1,,
11,428,7,385,9860,1,,
159,124,6,390,9863,1,,
159,478,2,325,9863,1,,
109,1110,8,399,9871,1,,
109,154,4,399,9871,1,,
31,88,7,385,9873,1,,
42,238,8,379,9875,1,,
212,128,7,325,9887,1,,
131,579,6,399,9899,1,,
44,-1,-1,-999,9900,2,proactive,0.8888888888888888
222,77,1,386,9910,1,,
222,166,4,399,9910,1,,
158,5,7,385,9911,1,,
158,71,12,376,9911,1,,
316,53,4,399,9917,1,,
142,1141,4,383,9924,1,,
307,52,4,386,9931,1,,
75,62,7,315,9943,1,,
75,38,10,401,9943,1,,
75,788,6,401,9943,1,,
163,124,2,390,9948,1,,
163,480,10,396,9948,1,,
24,0,1,379,9960,1,,
24,526,4,325,9960,1,,
364,14,4,399,9968,1,,
288,337,6,401,9977,1,,
288,28,7,401,9977,1,,
288,107,3,401,9977,1,,
288,8,8,401,9977,1,,
116,39,5,373,9985,1,,
93,242,6,325,9994,1,,
297,337,5,401,9998,1,,
297,135,3,338,9998,1,,
297,50,6,338,9998,1,,
174,610,12,399,10001,1,,
358,140,6,385,10022,1,,
358,56,6,401,10022,1,,
358,112,5,376,10022,1,,
373,15,4,116,10035,1,,
373,290,8,116,10035,1,,
160,201,11,394,10038,1,,
160,841,12,394,10038,1,,
160,43,10,394,10038,1,,
13,57,5,376,10041,1,,
13,117,7,376,10041,1,,
368,14,6,384,10046,1,,
98,196,5,394,10054,1,,
98,448,6,394,10054,1,,
299,135,5,338,10059,1,,
299,108,6,338,10059,1,,
369,113,10,116,10063,1,,
207,76,5,394,10070,1,,
207,7,7,394,10070,1,,
33,753,12,376,10077,1,,
143,4,8,394,10082,1,,
247,47,3,401,10094,1,,
247,657,7,401,10094,1,,
286,221,3,394,10095,1,,
286,107,6,394,10095,1,,
170,259,3,325,10106,1,,
170,259,5,394,10106,1,,
97,195,4,315,10108,1,,
97,1099,1,385,10108,1,,
97,21,3,376,10108,1,,
303,954,6,116,10117,1,,
6,15,6,385,10121,1,,
6,57,2,376,10121,1,,
148,69,8,394,10122,1,,
167,72,8,116,10131,1,,
46,1053,5,384,10141,1,,
102,94,8,401,10151,1,,
218,1208,6,116,10153,1,,
165,482,3,399,10161,1,,
254,914,5,116,10174,1,,
85,63,4,394,10175,1,,
85,2,11,411,10175,1,,
181,262,8,401,10188,1,,
49,1056,3,251,10194,1,,
146,829,3,394,10195,1,,
146,42,7,403,10195,1,,
146,97,5,403,10195,1,,
193,317,4,315,10203,1,,
193,208,4,338,10203,1,,
9,0,7,394,10215,1,,
9,518,8,413,10215,1,,
61,90,7,376,10217,1,,
269,1257,3,382,10225,1,,
199,628,4,385,10231,1,,
199,126,4,401,10231,1,,
119,570,6,394,10234,1,,
119,1119,8,403,10234,1,,
103,197,3,383,10235,1,,
329,1677,6,365,10252,1,,
200,74,3,116,10255,1,,
93,242,8,268,10260,1,,
93,21,12,413,10260,1,,
11,117,2,395,10263,1,,
30,750,7,401,10265,1,,
24,1037,8,394,10271,1,,
246,656,5,385,10278,1,,
277,49,2,386,10287,1,,
149,5,5,338,10288,1,,
336,282,8,403,10298,1,,
184,317,4,315,10307,1,,
64,543,6,394,10310,1,,
64,37,2,403,10310,1,,
309,52,4,401,10321,1,,
325,54,8,403,10322,1,,
241,902,8,403,10334,1,,
128,249,7,394,10345,1,,
75,38,7,418,10356,1,,
104,94,10,422,10360,1,,
76,546,4,338,10360,1,,
38,1395,2,116,10367,1,,
8,295,6,422,10378,1,,
114,307,4,401,10384,1,,
102,1459,8,403,10385,1,,
158,156,4,422,10388,1,,
299,338,2,395,10394,1,,
346,420,7,394,10402,1,,
305,1653,3,338,10411,1,,
284,8,6,403,10417,1,,
13,33,8,417,10425,1,,
185,317,2,315,10432,1,,
5,32,6,414,10433,1,,
5,144,7,414,10433,1,,
28,527,1,230,10444,1,,
28,18,5,415,10444,1,,
55,768,6,413,10449,1,,
55,-1,-1,-999,10449,2,stockout,-1.0
228,103,2,338,10451,1,,
36,34,12,426,10452,1,,
315,963,6,394,10458,1,,
333,1317,6,414,10467,1,,
333,727,3,209,10467,1,,
83,2,9,414,10482,1,,
274,171,8,209,10496,1,,
190,622,6,403,10497,1,,
370,114,6,394,10506,1,,
222,389,10,428,10507,1,,
222,77,4,428,10507,1,,
348,31,6,414,10520,1,,
1,0,9,428,10522,1,,
259,104,4,428,10532,1,,
206,212,4,209,10534,1,,
148,69,5,403,10538,1,,
183,1538,2,417,10538,1,,
50,764,5,403,10546,1,,
369,423,4,209,10548,1,,
246,656,5,413,10554,1,,
272,171,2,209,10560,1,,
268,220,4,394,10561,1,,
184,205,2,444,10564,1,,
220,882,2,375,10572,1,,
65,37,4,403,10589,1,,
60,189,2,399,10610,1,,
60,300,8,420,10610,1,,
341,730,4,268,10622,1,,
53,89,1,338,10628,1,,
81,153,11,420,10637,1,,
81,20,8,420,10637,1,,
343,12,4,430,10657,1,,
283,132,7,441,10659,1,,
283,224,9,441,10659,1,,
211,165,8,410,10663,1,,
152,590,3,268,10665,1,,
239,1593,3,403,10673,1,,
237,650,5,441,10676,1,,
38,1395,10,209,10679,1,,
38,34,5,438,10679,1,,
30,1,12,436,10687,1,,
30,148,4,442,10687,1,,
349,31,8,441,10693,1,,
304,51,7,436,10699,1,,
106,1107,2,379,10700,1,,
365,113,2,116,10700,1,,
140,585,2,403,10704,1,,
48,239,5,410,10710,1,,
334,281,2,116,10712,1,,
334,-1,-1,-999,10713,2,stockout,-1.0
352,111,4,436,10719,1,,
335,281,2,116,10719,1,,
28,148,4,442,10728,1,,
355,227,1,394,10748,1,,
119,808,2,173,10755,1,,
171,259,1,394,10767,1,,
370,423,2,209,10768,1,,
180,1178,1,302,10773,1,,
351,732,8,247,10775,1,,
62,542,2,386,10785,1,,
216,321,10,432,10792,1,,
256,131,10,407,10804,1,,
55,768,2,413,10812,1,,
208,164,4,432,10815,1,,
208,506,4,443,10815,1,,
208,102,8,443,10815,1,,
275,680,6,447,10822,1,,
275,171,6,447,10822,1,,
173,45,8,407,10828,1,,
344,12,8,447,10836,1,,
75,38,12,447,10855,1,,
224,77,6,419,10861,1,,
224,266,6,419,10861,1,,
224,47,8,419,10861,1,,
224,28,8,419,10861,1,,
224,166,6,419,10861,1,,
252,394,5,421,10868,1,,
136,372,6,407,10877,1,,
353,1335,7,432,10878,1,,
353,85,4,443,10878,1,,
147,314,8,381,10900,1,,
147,472,9,381,10900,1,,
337,55,9,404,10903,1,,
337,30,10,359,10903,1,,
276,131,7,443,10905,1,,
276,48,6,419,10905,1,,
276,171,6,419,10905,1,,
203,503,5,447,10913,1,,
56,769,6,381,10927,1,,
56,189,8,381,10927,1,,
56,357,2,381,10927,1,,
56,60,5,440,10927,1,,
86,21,5,443,10927,1,,
86,21,10,419,10927,1,,
291,173,10,404,10929,1,,
5,85,4,443,10948,1,,
5,0,10,419,10948,1,,
78,62,6,404,10949,1,,
78,1081,7,359,10949,1,,
312,83,4,381,10953,1,,
312,10,9,440,10953,1,,
21,235,9,359,10964,1,,
206,212,6,448,10969,1,,
206,127,8,419,10969,1,,
24,0,7,435,10978,1,,
24,0,4,456,10978,1,,
24,86,8,435,10978,1,,
125,574,10,404,10981,1,,
87,2,9,449,10991,1,,
87,303,5,280,10991,1,,
374,290,9,359,10996,1,,
178,262,7,381,11001,1,,
178,72,10,456,11001,1,,
113,3,6,419,11012,1,,
113,306,8,454,11012,1,,
28,0,6,381,11021,1,,
28,437,9,381,11021,1,,
48,148,1,447,11021,1,,
48,1405,10,455,11021,1,,
36,18,7,432,11028,1,,
36,34,3,419,11028,1,,
105,65,5,381,11044,1,,
105,563,6,440,11044,1,,
105,2,6,435,11044,1,,
370,289,4,447,11047,1,,
370,1009,8,447,11047,1,,
369,14,9,419,11050,1,,
66,545,7,419,11063,1,,
333,977,5,440,11067,1,,
333,110,8,456,11067,1,,
333,222,5,405,11067,1,,
123,40,7,439,11070,1,,
106,799,7,443,11086,1,,
148,373,12,440,11086,1,,
148,98,2,405,11086,1,,
275,1623,6,388,11099,1,,
275,680,9,359,11099,1,,
275,7,6,455,11099,1,,
7,294,6,454,11107,1,,
309,52,12,435,11107,1,,
309,1293,4,425,11107,1,,
37,18,11,456,11126,1,,
37,34,3,425,11126,1,,
189,317,3,419,11129,1,,
189,621,3,280,11129,1,,
12,33,4,455,11138,1,,
226,77,2,419,11143,1,,
226,266,4,419,11143,1,,
161,479,5,381,11145,1,,
161,5,5,425,11145,1,,
161,156,4,427,11145,1,,
112,457,5,359,11149,1,,
334,281,2,116,11161,1,,
334,29,5,359,11161,1,,
179,160,8,405,11164,1,,
179,72,6,425,11164,1,,
160,478,4,455,11170,1,,
166,602,4,404,11180,1,,
255,131,5,440,11183,1,,
255,663,9,427,11183,1,,
373,143,6,443,11183,1,,
340,30,2,359,11196,1,,
51,765,2,381,11200,1,,
51,765,2,456,11200,1,,
51,765,9,440,11200,1,,
287,402,2,447,11203,1,,
111,95,3,434,11209,1,,
111,2,4,460,11209,1,,
328,180,5,419,11219,1,,
134,25,4,440,11231,1,,
134,4,8,427,11231,1,,
371,289,2,447,11231,1,,
256,916,4,419,11240,1,,
344,138,10,381,11246,1,,
321,719,1,414,11259,1,,
59,357,4,381,11260,1,,
59,541,6,427,11260,1,,
105,23,7,405,11275,1,,
105,563,4,405,11275,1,,
162,256,5,431,11278,1,,
87,447,12,459,11284,1,,
87,241,7,459,11284,1,,
375,1014,10,440,11289,1,,
314,10,10,459,11300,1,,
276,7,2,463,11311,1,,
276,105,8,463,11311,1,,
367,230,10,459,11317,1,,
190,207,8,440,11327,1,,
341,30,10,463,11327,1,,
336,29,6,459,11340,1,,
336,282,10,459,11340,1,,
16,0,4,456,11350,1,,
16,0,5,405,11350,1,,
174,45,4,419,11354,1,,
174,45,4,459,11354,1,,
7,516,6,425,11359,1,,
167,258,8,463,11362,1,,
309,176,6,427,11368,1,,
284,8,2,434,11369,1,,
284,8,7,459,11369,1,,
60,773,10,462,11382,1,,
315,53,8,446,11383,1,,
41,34,5,425,11392,1,,
25,183,6,473,11393,1,,
305,9,6,459,11398,1,,
183,205,6,427,11402,1,,
342,30,2,463,11413,1,,
342,11,11,473,11413,1,,
285,400,8,451,11428,1,,
107,2,8,465,11430,1,,
107,23,10,465,11430,1,,
282,50,4,405,11441,1,,
54,36,10,451,11444,1,,
267,170,4,381,11458,1,,
368,422,8,465,11461,1,,
368,14,4,465,11461,1,,
235,217,7,451,11465,1,,
235,896,7,387,11465,1,,
56,1413,4,424,11465,1,,
10,1369,6,465,11472,1,,
10,-1,-1,-999,11472,2,stockout,-1.0
100,1101,4,405,11479,1,,
40,186,6,473,11483,1,,
40,1,5,387,11483,1,,
268,170,4,381,11486,1,,
340,30,8,387,11504,1,,
340,56,6,445,11504,1,,
163,202,6,465,11513,1,,
61,541,2,427,11518,1,,
61,20,2,479,11518,1,,
304,109,6,465,11524,1,,
11,145,5,451,11526,1,,
11,1025,8,445,11526,1,,
124,66,4,381,11528,1,,
374,143,5,443,11535,1,,
99,93,10,387,11542,1,,
276,681,3,280,11555,1,,
276,48,2,465,11555,1,,
306,176,3,427,11562,1,,
205,127,4,280,11564,1,,
27,18,1,456,11568,1,,
27,87,2,427,11568,1,,
123,95,4,434,11582,1,,
13,17,9,445,11583,1,,
42,34,4,445,11597,1,,
42,148,4,445,11597,1,,
236,168,2,435,11604,1,,
236,78,6,481,11604,1,,
153,254,6,451,11618,1,,
153,43,2,445,11618,1,,
353,1335,2,419,11622,1,,
353,56,8,477,11622,1,,
76,38,8,481,11622,1,,
196,1194,7,451,11631,1,,
196,-1,-1,-999,11632,2,stockout,-1.0
334,29,3,405,11633,1,,
334,110,4,481,11633,1,,
128,3,10,485,11638,1,,
200,74,3,381,11639,1,,
287,1635,8,451,11645,1,,
65,544,5,445,11656,1,,
111,305,4,412,11656,1,,
38,34,2,419,11674,1,,
116,805,5,451,11679,1,,
22,86,8,433,11685,1,,
22,58,8,433,11685,1,,
360,14,2,465,11688,1,,
77,38,10,433,11705,1,,
77,62,5,433,11705,1,,
96,93,1,465,11719,1,,
12,146,10,489,11728,1,,
134,1490,1,465,11729,1,,
286,1274,5,387,11738,1,,
161,479,1,280,11739,1,,
308,1292,2,481,11741,1,,
308,83,6,433,11741,1,,
308,83,10,461,11741,1,,
308,224,10,461,11741,1,,
31,148,4,445,11747,1,,
315,10,5,462,11758,1,,
121,310,6,433,11760,1,,
121,3,8,433,11760,1,,
344,284,1,443,11765,1,,
14,85,4,433,11779,1,,
14,17,10,461,11779,1,,
204,75,1,404,11786,1,,
204,75,2,387,11786,1,,
160,5,10,488,11786,1,,
275,105,3,463,11794,1,,
151,834,12,461,11795,1,,
288,1276,12,461,11813,1,,
288,224,1,461,11813,1,,
133,41,8,470,11820,1,,
228,1218,4,445,11820,1,,
184,125,4,433,11831,1,,
184,205,9,486,11831,1,,
10,1369,6,465,11832,1,,
29,148,2,445,11837,1,,
162,598,2,451,11844,1,,
0,425,10,464,11845,1,,
154,43,7,450,11851,1,,
358,140,10,341,11867,1,,
277,28,8,429,11877,1,,
277,1265,8,429,11877,1,,
277,49,9,429,11877,1,,
87,1444,2,404,11888,1,,
224,215,12,341,11889,1,,
235,896,2,367,11902,1,,
153,99,10,341,11906,1,,
86,193,2,433,11907,1,,
86,2,6,461,11907,1,,
86,240,6,429,11907,1,,
86,92,9,429,11907,1,,
21,350,9,341,11926,1,,
307,9,4,486,11933,1,,
307,176,4,495,11933,1,,
307,109,12,21,11933,1,,
17,0,8,501,11946,1,,
88,361,10,45,11956,1,,
88,193,9,45,11956,1,,
32,1,6,464,11957,1,,
32,752,6,21,11957,1,,
32,33,6,21,11957,1,,
291,695,10,406,11963,1,,
222,389,12,497,11974,1,,
211,637,6,433,11981,1,,
211,76,6,467,11981,1,,
211,7,7,467,11981,1,,
64,150,7,497,11987,1,,
110,24,2,387,11994,1,,
290,50,11,496,11995,1,,
290,173,4,496,11995,1,,
171,125,1,433,11999,1,,
171,157,5,461,11999,1,,
171,259,7,467,11999,1,,
157,476,10,45,12013,1,,
157,71,2,45,12013,1,,
120,39,3,429,12017,1,,
120,1477,10,21,12017,1,,
357,13,9,406,12020,1,,
357,227,8,406,12020,1,,
320,110,2,433,12035,1,,
320,966,11,21,12035,1,,
5,32,8,402,12036,1,,
5,294,8,402,12036,1,,
104,39,2,429,12050,1,,
104,197,5,429,12050,1,,
104,243,4,21,12050,1,,
359,140,12,250,12056,1,,
359,32,9,250,12056,1,,
233,646,8,402,12060,1,,
233,167,8,402,12060,1,,
129,578,4,461,12064,1,,
129,96,6,429,12064,1,,
129,-1,-1,-999,12064,2,stockout,-1.0
85,240,10,467,12078,1,,
90,193,4,402,12079,1,,
90,2,8,402,12079,1,,
190,46,6,496,12082,1,,
190,1545,12,250,12082,1,,
204,47,8,496,12107,1,,
204,75,6,250,12107,1,,
10,57,2,429,12109,1,,
10,116,8,467,12109,1,,
118,24,6,402,12115,1,,
118,3,7,402,12115,1,,
29,120,10,402,12131,1,,
175,260,10,496,12134,1,,
267,219,9,494,12135,1,,
267,48,9,494,12135,1,,
148,5,10,429,12149,1,,
77,790,12,328,12153,1,,
121,310,2,467,12167,1,,
121,3,5,494,12167,1,,
121,24,6,494,12167,1,,
372,15,3,406,12172,1,,
372,15,7,496,12172,1,,
372,423,2,496,12172,1,,
207,633,8,45,12173,1,,
207,47,9,466,12173,1,,
207,76,6,466,12173,1,,
207,7,8,466,12173,1,,
165,482,9,21,12188,1,,
165,6,7,494,12188,1,,
348,13,10,496,12188,1,,
354,998,6,45,12194,1,,
354,56,8,466,12194,1,,
154,200,3,496,12203,1,,
154,99,6,328,12203,1,,
23,182,9,466,12212,1,,
23,17,2,487,12212,1,,
188,101,8,400,12217,1,,
286,401,6,250,12229,1,,
87,63,10,402,12232,1,,
87,2,3,466,12232,1,,
300,338,10,429,12233,1,,
180,615,6,496,12240,1,,
13,429,9,433,12246,1,,
95,195,5,45,12253,1,,
95,2,3,466,12253,1,,
95,21,6,487,12253,1,,
157,594,9,328,12258,1,,
194,125,1,433,12259,1,,
194,495,8,461,12259,1,,
189,46,1,45,12270,1,,
189,381,10,487,12270,1,,
357,1339,8,328,12271,1,,
287,691,8,494,12273,1,,
283,1631,6,402,12286,1,,
283,172,3,282,12286,1,,
283,-1,-1,-999,12286,2,stockout,-1.0
291,133,9,461,12286,1,,
113,565,6,328,12299,1,,
227,77,5,402,12303,1,,
227,266,6,466,12303,1,,
17,118,4,406,12306,1,,
27,1385,4,461,12316,1,,
27,183,3,21,12316,1,,
117,24,2,402,12318,1,,
117,308,7,466,12318,1,,
60,90,7,429,12337,1,,
277,49,8,402,12338,1,,
177,261,4,328,12348,1,,
339,1323,9,487,12357,1,,
350,31,4,500,12364,1,,
271,397,6,21,12367,1,,
18,118,6,464,12377,1,,
159,478,8,402,12383,1,,
42,442,3,496,12386,1,,
41,34,6,21,12386,1,,
349,13,7,467,12396,1,,
371,142,3,492,12402,1,,
118,569,6,408,12407,1,,
118,569,10,282,12407,1,,
2,85,2,513,12407,1,,
344,988,3,496,12413,1,,
1,85,4,513,12419,1,,
53,89,8,466,12421,1,,
196,74,6,21,12428,1,,
207,875,8,487,12435,1,,
75,152,6,21,12442,1,,
334,29,6,461,12466,1,,
123,811,1,250,12466,1,,
123,-1,-1,-999,12466,2,stockout,-1.0
82,358,1,496,12472,1,,
303,108,7,402,12487,1,,
362,1003,6,433,12496,1,,
128,312,5,466,12497,1,,
214,320,6,21,12507,1,,
146,42,6,466,12509,1,,
184,161,5,21,12518,1,,
290,1278,5,402,12519,1,,
348,286,11,482,12527,1,,
8,426,5,495,12528,1,,
372,290,5,45,12530,1,,
78,192,7,506,12538,1,,
202,74,5,21,12538,1,,
302,108,4,402,12542,1,,
17,118,4,402,12551,1,,
330,55,6,512,12563,1,,
342,284,12,515,12587,1,,
347,286,6,517,12596,1,,
306,9,4,402,12598,1,,
296,-1,-1,-999,12600,2,proactive,0.9821428571428572
368,113,4,461,12607,1,,
310,412,3,466,12607,1,,
310,52,1,505,12607,1,,
305,51,8,517,12608,1,,
172,259,3,467,12615,1,,
212,509,3,495,12627,1,,
129,578,2,461,12631,1,,
225,266,4,466,12640,1,,
225,7,2,530,12640,1,,
205,631,2,429,12657,1,,
233,646,4,214,12661,1,,
56,89,2,21,12662,1,,
308,176,2,495,12666,1,,
304,109,9,519,12672,1,,
6,294,2,402,12675,1,,
217,321,4,466,12684,1,,
284,1272,2,433,12689,1,,
284,-1,-1,-999,12690,2,stockout,-1.0
373,290,2,45,12700,1,,
301,338,1,429,12702,1,,
31,1,8,532,12706,1,,
152,254,1,494,12716,1,,
288,8,6,509,12723,1,,
288,947,6,509,12723,1,,
283,1631,2,402,12729,1,,
343,30,1,387,12743,1,,
130,96,9,521,12743,1,,
348,992,8,475,12746,1,,
298,175,11,476,12761,1,,
42,34,5,476,12769,1,,
302,706,8,397,12777,1,,
270,170,4,491,12786,1,,
86,360,7,476,12790,1,,
269,170,4,491,12805,1,,
311,177,6,525,12809,1,,
311,109,8,525,12809,1,,
123,811,1,250,12819,1,,
123,-1,-1,-999,12819,2,stockout,-1.0
371,114,10,491,12822,1,,
128,154,2,525,12824,1,,
206,127,10,522,12828,1,,
87,1090,2,525,12831,1,,
95,154,5,514,12836,1,,
207,127,4,514,12845,1,,
370,14,10,483,12854,1,,
261,104,2,514,12855,1,,
295,1643,9,526,12872,1,,
369,14,1,483,12876,1,,
369,342,9,538,12876,1,,
256,81,1,504,12886,1,,
204,384,8,526,12888,1,,
376,32,5,526,12901,1,,
376,143,4,508,12901,1,,
342,284,4,453,12908,1,,
342,84,7,453,12908,1,,
260,104,4,514,12908,1,,
265,170,2,491,12915,1,,
129,370,4,528,12917,1,,
129,25,3,528,12917,1,,
81,153,12,510,12937,1,,
160,5,10,533,12951,1,,
160,124,6,533,12951,1,,
13,0,1,453,12957,1,,
13,740,9,453,12957,1,,
131,96,11,516,12968,1,,
232,78,10,510,12973,1,,
40,186,8,453,12980,1,,
69,20,2,516,12993,1,,
69,61,7,539,12993,1,,
175,377,6,510,12996,1,,
175,45,10,499,12996,1,,
19,0,4,511,13007,1,,
19,349,8,22,13007,1,,
223,47,5,499,13021,1,,
223,7,6,499,13021,1,,
223,389,6,499,13021,1,,
201,74,4,511,13026,1,,
201,126,8,22,13026,1,,
179,160,10,22,13042,1,,
351,111,5,499,13043,1,,
351,32,10,499,13043,1,,
305,1653,8,453,13056,1,,
11,117,7,516,13058,1,,
91,21,7,499,13064,1,,
91,555,7,499,13064,1,,
329,11,8,536,13070,1,,
313,109,4,526,13073,1,,
313,84,5,533,13073,1,,
42,19,4,523,13081,1,,
42,34,6,499,13081,1,,
226,216,8,516,13087,1,,
20,33,2,523,13092,1,,
20,33,3,499,13092,1,,
20,349,1,499,13092,1,,
262,274,6,539,13099,1,,
316,10,9,523,13107,1,,
222,7,12,542,13123,1,,
222,265,5,542,13123,1,,
276,936,6,526,13125,1,,
308,956,12,499,13126,1,,
113,565,6,516,13137,1,,
286,107,6,499,13147,1,,
184,161,6,533,13148,1,,
75,62,6,22,13149,1,,
75,20,12,542,13149,1,,
148,42,4,508,13160,1,,
148,5,2,516,13160,1,,
133,41,2,453,13168,1,,
133,41,10,542,13168,1,,
155,593,6,510,13176,1,,
284,1272,5,433,13180,1,,
269,335,5,542,13188,1,,
269,82,8,540,13188,1,,
225,887,5,516,13193,1,,
369,342,5,504,13223,1,,
369,1008,10,22,13223,1,,
123,811,1,250,13233,1,,
123,370,4,528,13233,1,,
123,572,8,499,13233,1,,
123,-1,-1,-999,13233,2,stockout,-1.0
342,30,8,22,13237,1,,
156,124,4,533,13237,1,,
347,111,5,499,13241,1,,
238,168,4,528,13248,1,,
76,92,12,540,13255,1,,
69,782,11,416,13270,1,,
29,120,4,22,13272,1,,
29,749,6,548,13272,1,,
203,74,4,499,13273,1,,
129,578,4,499,13280,1,,
129,-1,-1,-999,13280,2,stockout,-1.0
343,987,4,514,13283,1,,
211,128,5,537,13288,1,,
86,552,10,548,13288,1,,
9,116,3,499,13298,1,,
257,274,2,539,13302,1,,
44,35,2,22,13312,1,,
44,35,4,542,13312,1,,
44,1,10,548,13312,1,,
94,243,3,526,13321,1,,
87,303,8,493,13326,1,,
47,188,3,510,13328,1,,
128,370,2,528,13338,1,,
0,143,1,508,13339,1,,
0,-1,-1,-999,13339,2,stockout,-1.0
242,168,3,453,13343,1,,
242,327,5,493,13343,1,,
374,143,1,508,13371,1,,
157,255,2,499,13372,1,,
39,34,2,499,13382,1,,
102,451,6,22,13388,1,,
171,6,4,493,13402,1,,
171,607,3,493,13402,1,,
61,774,2,525,13410,1,,
61,-1,-1,-999,13410,2,stockout,-1.0
64,190,12,545,13418,1,,
344,12,6,548,13419,1,,
197,126,2,543,13425,1,,
92,194,8,471,13433,1,,
243,327,5,493,13437,1,,
243,271,6,484,13437,1,,
346,111,2,499,13442,1,,
65,190,9,553,13448,1,,
361,1343,6,22,13449,1,,
166,482,7,545,13461,1,,
118,39,5,22,13462,1,,
256,273,1,499,13468,1,,
113,306,8,549,13508,1,,
160,201,10,555,13511,1,,
1,15,4,453,13519,1,,
318,716,5,540,13529,1,,
375,15,10,549,13532,1,,
375,231,6,549,13532,1,,
259,48,6,452,13538,1,,
190,101,4,22,13538,1,,
146,42,4,540,13547,1,,
195,1550,9,452,13551,1,,
103,94,4,549,13552,1,,
103,243,9,474,13552,1,,
120,1120,10,452,13566,1,,
99,22,5,535,13576,1,,
99,196,11,535,13576,1,,
69,91,4,493,13577,1,,
310,10,2,534,13578,1,,
186,317,4,534,13589,1,,
167,44,5,474,13597,1,,
167,203,9,535,13597,1,,
19,1378,3,558,13613,1,,
19,0,7,558,13613,1,,
192,317,2,534,13622,1,,
155,1154,3,540,13628,1,,
155,-1,-1,-999,13628,2,stockout,-1.0
149,832,9,474,13629,1,,
364,14,1,483,13637,1,,
364,14,3,493,13637,1,,
264,672,12,498,13641,1,,
109,245,8,474,13651,1,,
109,95,1,558,13651,1,,
123,811,1,250,13657,1,,
123,-1,-1,-999,13657,2,stockout,-1.0
319,178,5,541,13665,1,,
269,275,3,548,13673,1,,
10,16,10,529,13679,1,,
157,594,12,452,13682,1,,
29,184,3,493,13684,1,,
116,567,6,535,13700,1,,
116,3,8,565,13700,1,,
42,442,11,520,13705,1,,
228,267,3,453,13712,1,,
105,1462,2,540,13720,1,,
105,23,1,493,13720,1,,
214,320,2,453,13730,1,,
11,145,10,561,13730,1,,
11,295,12,561,13730,1,,
304,109,9,498,13733,1,,
80,2,6,529,13747,1,,
80,62,4,561,13747,1,,
104,39,1,22,13754,1,,
161,597,9,561,13762,1,,
346,990,9,498,13764,1,,
248,328,1,542,13766,1,,
229,267,9,561,13778,1,,
43,35,7,474,13791,1,,
223,265,1,542,13798,1,,
330,55,7,520,13804,1,,
185,161,7,529,13812,1,,
0,143,6,520,13815,1,,
0,-1,-1,-999,13815,2,stockout,-1.0
75,152,6,498,13827,1,,
345,139,7,535,13837,1,,
258,333,2,498,13846,1,,
258,81,10,564,13846,1,,
261,218,6,549,13853,1,,
129,578,6,499,13857,1,,
129,-1,-1,-999,13857,2,stockout,-1.0
56,769,12,550,13860,1,,
180,316,6,549,13873,1,,
320,110,12,564,13876,1,,
146,42,10,550,13876,1,,
5,15,2,549,13889,1,,
5,1021,3,561,13889,1,,
310,1294,9,520,13891,1,,
81,2,3,550,13895,1,,
81,239,9,569,13895,1,,
182,263,12,490,13914,1,,
127,95,5,558,13925,1,,
44,187,6,490,13931,1,,
44,1,5,490,13931,1,,
174,158,11,569,13949,1,,
215,214,4,561,13949,1,,
130,464,4,564,13954,1,,
130,96,5,560,13954,1,,
130,40,7,560,13954,1,,
83,2,3,490,13969,1,,
83,20,10,570,13969,1,,
313,84,6,560,13976,1,,
313,279,8,560,13976,1,,
113,306,4,490,13993,1,,
113,3,12,578,13993,1,,
277,49,2,535,13994,1,,
9,0,5,564,13996,1,,
9,15,8,560,13996,1,,
86,2,2,529,13998,1,,
53,189,5,559,14013,1,,
53,89,8,559,14013,1,,
145,471,1,561,14015,1,,
140,585,4,498,14020,1,,
140,251,6,560,14020,1,,
80,1083,8,556,14032,1,,
336,282,12,559,14035,1,,
105,23,5,564,14036,1,,
124,66,1,524,14047,1,,
29,1387,6,498,14048,1,,
177,377,4,570,14058,1,,
177,125,4,578,14058,1,,
177,159,4,518,14058,1,,
232,325,10,560,14064,1,,
173,125,4,520,14075,1,,
173,260,1,564,14075,1,,
173,-1,-1,-999,14075,2,stockout,-1.0
223,215,10,550,14082,1,,
223,77,6,490,14082,1,,
134,251,4,560,14084,1,,
176,125,4,520,14093,1,,
122,-1,-1,-999,14100,2,proactive,1.0
248,104,4,550,14101,1,,
248,1602,8,490,14101,1,,
275,276,6,587,14106,1,,
281,50,4,564,14107,1,,
13,0,4,550,14126,1,,
13,117,6,578,14126,1,,
125,66,9,554,14142,1,,
106,2,2,490,14142,1,,
106,23,8,518,14142,1,,
0,143,1,508,14145,1,,
144,68,8,490,14159,1,,
144,373,2,490,14159,1,,
126,66,3,563,14169,1,,
210,76,6,490,14175,1,,
210,877,4,490,14175,1,,
1,0,3,564,14183,1,,
183,1538,6,570,14190,1,,
183,125,3,578,14190,1,,
61,774,3,525,14191,1,,
10,0,6,577,14195,1,,
175,260,2,564,14198,1,,
229,103,2,490,14204,1,,
229,77,6,490,14204,1,,
136,4,11,577,14212,1,,
249,104,4,550,14218,1,,
249,910,4,570,14218,1,,
137,26,10,589,14226,1,,
294,1280,4,589,14233,1,,
294,-1,-1,-999,14234,2,stockout,-1.0
83,1086,1,561,14237,1,,
129,578,1,499,14243,1,,
286,107,6,559,14252,1,,
295,1280,4,589,14260,1,,
153,43,1,520,14272,1,,
334,29,1,584,14277,1,,
334,29,7,518,14277,1,,
209,164,7,586,14298,1,,
209,47,9,586,14298,1,,
374,1013,1,525,14303,1,,
123,811,1,250,14309,1,,
41,237,5,559,14321,1,,
172,608,4,490,14333,1,,
151,155,8,571,14333,1,,
203,211,10,579,14340,1,,
2,0,4,550,14346,1,,
170,606,8,571,14347,1,,
119,24,6,579,14350,1,,
257,131,10,571,14364,1,,
81,550,2,490,14369,1,,
81,-1,-1,-999,14369,2,stockout,-1.0
112,306,2,490,14376,1,,
180,7,11,599,14379,1,,
180,100,11,599,14379,1,,
348,13,4,570,14385,1,,
59,1,10,552,14403,1,,
59,772,8,552,14403,1,,
34,121,12,599,14419,1,,
124,311,8,571,14421,1,,
0,143,5,520,14432,1,,
0,-1,-1,-999,14432,2,stockout,-1.0
326,54,12,599,14436,1,,
155,1154,2,540,14440,1,,
173,260,1,564,14440,1,,
234,104,2,550,14447,1,,
91,153,6,552,14451,1,,
91,304,5,552,14451,1,,
307,9,2,518,14461,1,,
179,262,7,591,14467,1,,
179,204,4,588,14467,1,,
146,42,6,592,14469,1,,
135,4,8,588,14481,1,,
135,25,2,588,14481,1,,
297,701,2,570,14494,1,,
137,1493,11,468,14498,1,,
137,4,2,588,14498,1,,
169,605,6,592,14503,1,,
296,174,10,552,14512,1,,
114,247,12,594,14525,1,,
114,24,3,594,14525,1,,
152,70,10,605,14530,1,,
148,5,7,594,14550,1,,
148,588,10,594,14550,1,,
191,207,8,552,14552,1,,
33,59,9,605,14556,1,,
33,18,9,544,14556,1,,
163,6,10,607,14566,1,,
227,167,9,544,14571,1,,
202,502,7,605,14584,1,,
202,-1,-1,-999,14584,2,stockout,-1.0
23,235,8,594,14585,1,,
23,0,4,594,14585,1,,
305,1290,8,588,14587,1,,
174,125,1,578,14594,1,,
174,6,4,605,14594,1,,
347,286,4,594,14605,1,,
347,30,5,594,14605,1,,
347,56,4,594,14605,1,,
26,0,2,594,14623,1,,
26,147,9,594,14623,1,,
18,57,4,605,14624,1,,
47,60,7,588,14633,1,,
17,57,6,605,14635,1,,
335,979,6,599,14644,1,,
335,222,2,552,14644,1,,
28,18,6,552,14654,1,,
207,212,6,588,14663,1,,
115,307,6,600,14670,1,,
105,453,10,594,14670,1,,
87,241,5,604,14678,1,,
275,276,10,594,14687,1,,
233,269,5,552,14696,1,,
5,144,10,547,14700,1,,
80,-1,-1,-999,14700,2,proactive,1.0
88,361,9,546,14709,1,,
206,212,10,594,14713,1,,
149,69,4,591,14716,1,,
8,517,6,575,14723,1,,
8,234,10,575,14723,1,,
59,299,5,571,14727,1,,
59,90,2,594,14727,1,,
59,60,1,594,14727,1,,
294,1280,4,589,14739,1,,
294,-1,-1,-999,14739,2,stockout,-1.0
183,205,8,594,14741,1,,
61,36,7,568,14743,1,,
61,90,6,568,14743,1,,
343,30,6,594,14762,1,,
343,12,2,612,14762,1,,
41,237,7,571,14775,1,,
173,204,4,588,14778,1,,
81,550,6,490,14785,1,,
81,2,3,568,14785,1,,
81,2,4,605,14785,1,,
81,192,5,568,14785,1,,
122,811,1,250,14798,1,,
122,24,6,594,14798,1,,
122,-1,-1,-999,14798,2,stockout,-1.0
153,155,6,575,14805,1,,
153,70,7,568,14805,1,,
75,62,6,592,14811,1,,
204,211,4,588,14815,1,,
337,11,6,547,14823,1,,
337,137,6,568,14823,1,,
223,389,4,588,14826,1,,
19,17,6,568,14842,1,,
19,57,6,568,14842,1,,
272,932,6,594,14853,1,,
6,233,8,568,14859,1,,
6,57,3,568,14859,1,,
10,519,3,571,14864,1,,
10,0,2,594,14864,1,,
174,204,2,588,14867,1,,
110,24,1,579,14875,1,,
11,520,8,568,14876,1,,
11,57,2,568,14876,1,,
157,71,5,594,14879,1,,
216,386,4,544,14892,1,,
216,77,6,568,14892,1,,
286,107,8,619,14899,1,,
286,8,9,619,14899,1,,
76,62,8,609,14906,1,,
334,281,10,619,14913,1,,
334,-1,-1,-999,14913,2,stockout,-1.0
193,208,5,594,14917,1,,
91,2,10,616,14931,1,,
43,35,8,619,14943,1,,
271,170,4,594,14944,1,,
271,-1,-1,-999,14944,2,stockout,-1.0
185,46,4,600,14953,1,,
185,161,4,568,14953,1,,
40,34,4,590,14963,1,,
166,1521,8,568,14971,1,,
288,132,4,566,14974,1,,
288,692,11,576,14974,1,,
315,10,4,594,14983,1,,
93,2,6,576,14990,1,,
93,2,6,610,14990,1,,
86,21,6,575,14993,1,,
41,34,4,590,15015,1,,
41,19,6,596,15015,1,,
41,1,5,596,15015,1,,
59,299,10,575,15018,1,,
107,2,4,610,15020,1,,
107,23,8,610,15020,1,,
291,133,6,613,15027,1,,
256,916,8,568,15035,1,,
229,890,10,616,15038,1,,
127,24,1,594,15044,1,,
127,312,10,613,15044,1,,
25,33,2,616,15050,1,,
25,87,6,610,15050,1,,
217,77,6,568,15051,1,,
65,90,2,594,15063,1,,
65,1,4,613,15063,1,,
65,302,6,613,15063,1,,
353,226,6,609,15065,1,,
191,101,8,596,15092,1,,
191,382,4,596,15092,1,,
191,7,8,606,15092,1,,
167,72,5,568,15099,1,,
20,349,6,572,15101,1,,
20,0,12,615,15101,1,,
255,1245,5,547,15109,1,,
195,209,9,596,15112,1,,
195,382,4,596,15112,1,,
207,633,8,580,15115,1,,
207,-1,-1,-999,15115,2,stockout,-1.0
77,92,6,572,15130,1,,
300,704,6,596,15130,1,,
300,175,6,606,15130,1,,
143,586,6,572,15141,1,,
54,36,4,606,15149,1,,
54,121,6,606,15149,1,,
292,173,4,575,15151,1,,
323,54,5,622,15152,1,,
80,550,4,490,15160,1,,
165,1520,10,606,15173,1,,
329,11,6,615,15183,1,,
94,65,6,625,15188,1,,
94,2,7,625,15188,1,,
94,92,4,625,15188,1,,
372,1011,8,596,15197,1,,
163,257,5,625,15213,1,,
163,44,6,625,15213,1,,
163,314,6,625,15213,1,,
338,137,10,606,15214,1,,
166,482,6,615,15215,1,,
166,1521,4,615,15215,1,,
321,719,6,602,15226,1,,
175,1173,7,596,15226,1,,
175,-1,-1,-999,15227,2,stockout,-1.0
257,48,9,625,15228,1,,
17,1376,3,568,15236,1,,
322,179,6,573,15238,1,,
86,552,7,606,15244,1,,
198,628,3,568,15266,1,,
198,-1,-1,-999,15266,2,stockout,-1.0
296,108,3,605,15275,1,,
367,230,3,606,15278,1,,
367,230,4,596,15278,1,,
241,1595,5,610,15280,1,,
10,16,4,616,15290,1,,
291,695,8,606,15298,1,,
168,203,6,639,15303,1,,
363,141,10,637,15319,1,,
161,375,2,605,15320,1,,
229,642,7,615,15321,1,,
192,73,4,615,15339,1,,
13,33,6,636,15342,1,,
144,586,3,572,15347,1,,
105,368,6,606,15360,1,,
145,252,12,391,15376,1,,
299,135,6,621,15376,1,,
167,72,9,640,15388,1,,
0,143,1,520,15394,1,,
0,143,5,596,15394,1,,
0,-1,-1,-999,15394,2,stockout,-1.0
191,1546,3,625,15396,1,,
103,561,2,615,15397,1,,
129,463,4,596,15403,1,,
7,1023,2,615,15410,1,,
41,237,5,606,15415,1,,
104,367,4,596,15424,1,,
238,1228,2,625,15431,1,,
165,482,1,615,15433,1,,
165,-1,-1,-999,15433,2,stockout,-1.0
66,37,2,568,15438,1,,
101,122,6,627,15444,1,,
140,68,1,490,15447,1,,
112,306,1,544,15454,1,,
112,2,1,625,15454,1,,
112,-1,-1,-999,15454,2,stockout,-1.0
329,180,8,606,15460,1,,
204,630,1,606,15488,1,,
204,75,3,606,15488,1,,
204,-1,-1,-999,15488,2,stockout,-1.0
133,4,4,596,15497,1,,
4,15,7,630,15503,1,,
300,704,12,620,15504,1,,
132,250,8,581,15511,1,,
207,633,4,580,15513,1,,
61,190,10,630,15520,1,,
146,42,6,630,15541,1,,
271,170,3,594,15541,1,,
301,135,12,603,15546,1,,
38,185,7,643,15560,1,,
108,800,9,562,15562,1,,
226,216,6,603,15574,1,,
121,95,4,646,15576,1,,
121,310,6,646,15576,1,,
229,890,4,606,15592,1,,
182,263,4,409,15594,1,,
32,1,10,583,15597,1,,
32,148,4,583,15597,1,,
150,27,3,606,15611,1,,
341,1325,4,646,15614,1,,
341,137,6,583,15614,1,,
341,-1,-1,-999,15614,2,stockout,-1.0
22,0,6,629,15618,1,,
22,119,8,629,15618,1,,
260,1614,7,645,15624,1,,
161,124,6,562,15639,1,,
161,100,8,629,15639,1,,
128,25,5,645,15647,1,,
292,173,4,629,15663,1,,
292,82,10,629,15663,1,,
314,53,3,596,15669,1,,
314,136,4,634,15669,1,,
192,382,3,596,15679,1,,
111,39,4,629,15682,1,,
111,456,8,629,15682,1,,
163,6,9,646,15688,1,,
144,252,12,620,15701,1,,
246,656,8,583,15702,1,,
238,79,1,594,15709,1,,
117,460,2,594,15716,1,,
122,811,1,250,15721,1,,
122,-1,-1,-999,15722,2,stockout,-1.0
198,628,4,568,15734,1,,
198,7,8,585,15734,1,,
198,319,6,585,15734,1,,
198,162,5,623,15734,1,,
198,-1,-1,-999,15734,2,stockout,-1.0
305,83,11,649,15743,1,,
305,51,4,649,15743,1,,
96,21,6,585,15758,1,,
96,195,5,585,15758,1,,
96,2,6,585,15758,1,,
28,0,4,629,15761,1,,
28,119,7,267,15761,1,,
126,3,5,267,15786,1,,
126,575,6,267,15786,1,,
166,156,8,585,15789,1,,
166,6,4,585,15789,1,,
166,258,10,585,15789,1,,
0,143,1,596,15789,1,,
222,166,11,267,15803,1,,
287,946,6,583,15812,1,,
287,946,10,585,15812,1,,
300,704,12,409,15827,1,,
300,135,4,629,15827,1,,
344,138,2,630,15831,1,,
344,12,5,643,15831,1,,
344,30,5,585,15831,1,,
66,20,6,629,15843,1,,
66,545,4,267,15843,1,,
180,73,3,654,15851,1,,
25,183,9,585,15853,1,,
25,58,6,623,15853,1,,
193,101,10,267,15860,1,,
70,151,7,585,15873,1,,
70,1,6,623,15873,1,,
279,938,5,267,15876,1,,
279,278,5,649,15876,1,,
177,204,4,658,15882,1,,
110,801,5,585,15889,1,,
110,2,5,585,15889,1,,
178,204,2,658,15890,1,,
301,338,8,267,15893,1,,
301,51,2,649,15893,1,,
1,-1,-1,-999,15900,2,proactive,1.0
306,9,10,585,15906,1,,
204,630,7,606,15924,1,,
175,204,4,658,15933,1,,
112,306,3,544,15934,1,,
112,39,2,583,15934,1,,
112,1113,6,585,15934,1,,
296,108,4,649,15938,1,,
296,8,5,659,15938,1,,
316,714,7,503,15946,1,,
3,425,8,585,15950,1,,
3,0,1,585,15950,1,,
367,230,8,629,15952,1,,
19,119,1,503,15961,1,,
167,72,3,503,15970,1,,
181,1179,9,585,15973,1,,
103,197,5,603,15984,1,,
103,2,2,267,15984,1,,
191,207,6,603,15995,1,,
191,101,1,267,15995,1,,
248,658,7,629,16005,1,,
144,1143,6,585,16017,1,,
144,4,4,623,16017,1,,
304,136,10,624,16033,1,,
304,109,10,624,16033,1,,
304,175,6,624,16033,1,,
205,127,5,629,16037,1,,
341,1325,4,646,16037,1,,
341,30,3,585,16037,1,,
341,137,5,585,16037,1,,
341,-1,-1,-999,16037,2,stockout,-1.0
121,39,5,629,16045,1,,
117,568,11,595,16051,1,,
10,145,4,267,16052,1,,
364,421,4,585,16055,1,,
364,14,2,585,16055,1,,
364,113,1,585,16055,1,,
242,652,9,624,16066,1,,
188,492,7,643,16069,1,,
24,236,3,649,16076,1,,
151,254,6,623,16080,1,,
245,327,4,629,16083,1,,
244,80,8,624,16091,1,,
244,271,10,653,16091,1,,
262,1252,6,583,16095,1,,
228,103,7,624,16104,1,,
260,274,6,585,16107,1,,
159,374,6,585,16118,1,,
165,482,2,615,16120,1,,
165,124,1,562,16120,1,,
0,143,5,503,16123,1,,
59,1416,10,661,16149,1,,
68,61,5,472,16151,1,,
13,33,8,661,16160,1,,
2,115,8,665,16161,1,,
189,1187,3,649,16166,1,,
122,811,1,250,16167,1,,
122,-1,-1,-999,16167,2,stockout,-1.0
150,27,5,664,16173,1,,
232,131,8,661,16178,1,,
177,159,3,409,16187,1,,
213,638,3,603,16199,1,,
213,-1,-1,-999,16199,2,stockout,-1.0
288,403,5,583,16203,1,,
3,233,2,629,16207,1,,
221,388,5,623,16213,1,,
221,-1,-1,-999,16213,2,stockout,-1.0
328,1312,2,267,16217,1,,
248,658,6,585,16225,1,,
113,565,2,267,16234,1,,
330,55,2,267,16243,1,,
277,171,4,623,16248,1,,
1,143,4,503,16268,1,,
281,106,4,583,16279,1,,
33,59,7,672,16285,1,,
368,113,1,204,16290,1,,
368,113,4,585,16290,1,,
11,145,9,672,16300,1,,
48,188,4,204,16309,1,,
224,886,4,672,16310,1,,
224,7,1,672,16310,1,,
174,158,8,672,16324,1,,
75,152,4,585,16324,1,,
128,123,4,672,16333,1,,
53,89,4,585,16333,1,,
10,145,7,557,16346,1,,
198,319,12,674,16354,1,,
198,264,2,674,16354,1,,
340,137,10,557,16362,1,,
5,144,8,674,16366,1,,
81,794,4,583,16367,1,,
81,38,8,668,16367,1,,
373,1012,6,557,16374,1,,
54,36,8,655,16383,1,,
244,1234,10,502,16392,1,,
114,39,1,629,16394,1,,
114,39,3,674,16394,1,,
114,247,4,655,16394,1,,
147,98,7,655,16410,1,,
376,1015,4,507,16413,1,,
376,15,10,507,16413,1,,
211,128,8,631,16414,1,,
136,26,7,663,16424,1,,
129,96,2,623,16428,1,,
129,25,4,631,16428,1,,
70,191,8,663,16436,1,,
55,149,6,663,16450,1,,
55,60,4,663,16450,1,,
110,1111,6,663,16459,1,,
139,372,2,585,16469,1,,
331,55,3,655,16470,1,,
331,280,4,667,16470,1,,
371,14,4,585,16479,1,,
56,149,2,663,16481,1,,
56,1062,6,608,16481,1,,
334,29,6,631,16490,1,,
192,162,1,623,16496,1,,
153,43,8,574,16499,1,,
341,1325,2,646,16502,1,,
183,205,9,574,16514,1,,
228,641,7,614,16534,1,,
228,47,6,574,16534,1,,
314,1662,8,507,16547,1,,
317,10,6,507,16559,1,,
134,371,6,667,16559,1,,
128,40,8,679,16579,1,,
11,1370,8,557,16580,1,,
11,16,6,574,16580,1,,
224,129,4,663,16583,1,,
224,102,2,663,16583,1,,
358,13,6,663,16592,1,,
74,1077,8,679,16593,1,,
74,-1,-1,-999,16593,2,stockout,-1.0
308,411,8,574,16594,1,,
133,41,6,507,16605,1,,
313,84,10,679,16609,1,,
335,418,3,507,16613,1,,
357,112,10,601,16619,1,,
103,367,8,679,16623,1,,
225,323,4,557,16623,1,,
2,293,4,674,16626,1,,
164,376,4,655,16632,1,,
148,200,5,679,16634,1,,
122,811,1,250,16640,1,,
122,571,4,672,16640,1,,
122,-1,-1,-999,16640,2,stockout,-1.0
165,376,3,655,16648,1,,
220,882,4,679,16661,1,,
220,-1,-1,-999,16661,2,stockout,-1.0
163,376,4,655,16671,1,,
173,260,3,674,16676,1,,
211,637,3,663,16686,1,,
129,3,2,663,16717,1,,
131,67,6,681,16728,1,,
366,113,3,574,16732,1,,
366,-1,-1,-999,16732,2,stockout,-1.0
271,170,1,507,16735,1,,
271,-1,-1,-999,16735,2,stockout,-1.0
101,797,4,652,16739,1,,
101,122,10,660,16739,1,,
376,1015,5,574,16746,1,,
0,15,1,507,16749,1,,
221,388,5,623,16760,1,,
221,883,9,204,16760,1,,
183,488,2,633,16764,1,,
302,8,6,652,16776,1,,
302,51,4,652,16776,1,,
368,113,1,574,16783,1,,
53,89,5,681,16790,1,,
253,81,7,657,16797,1,,
253,331,7,657,16797,1,,
134,817,8,626,16802,1,,
255,48,8,660,16811,1,,
158,156,10,666,16825,1,,
213,77,6,652,16831,1,,
213,165,7,657,16831,1,,
168,72,8,657,16850,1,,
168,44,4,657,16850,1,,
1,0,6,685,16856,1,,
334,29,2,674,16859,1,,
334,418,6,666,16859,1,,
15,1029,10,657,16866,1,,
278,49,8,652,16880,1,,
295,699,2,666,16885,1,,
295,-1,-1,-999,16885,2,stockout,-1.0
275,935,6,567,16886,1,,
25,147,6,657,16891,1,,
330,724,2,666,16893,1,,
363,141,6,567,16897,1,,
176,261,2,567,16904,1,,
176,-1,-1,-999,16904,2,stockout,-1.0
232,325,2,674,16907,1,,
112,39,2,674,16912,1,,
299,108,1,649,16934,1,,
299,-1,-1,-999,16934,2,stockout,-1.0
313,961,11,652,16945,1,,
177,261,2,567,16947,1,,
218,77,5,652,16955,1,,
128,3,4,660,16964,1,,
277,49,1,663,16972,1,,
40,186,4,652,16973,1,,
273,335,10,617,16989,1,,
273,171,3,617,16989,1,,
273,48,4,617,16989,1,,
329,11,8,617,17003,1,,
376,1015,6,660,17014,1,,
129,25,8,690,17016,1,,
18,0,10,617,17019,1,,
123,40,8,617,17033,1,,
294,174,8,675,17034,1,,
139,372,2,531,17048,1,,
139,-1,-1,-999,17048,2,stockout,-1.0
47,356,10,617,17049,1,,
45,445,3,657,17056,1,,
250,271,6,617,17061,1,,
75,152,3,660,17066,1,,
213,638,1,603,17070,1,,
221,388,10,617,17077,1,,
220,882,6,679,17078,1,,
220,-1,-1,-999,17078,2,stockout,-1.0
71,151,2,657,17095,1,,
229,390,2,652,17102,1,,
224,1214,6,635,17116,1,,
224,47,4,635,17116,1,,
158,477,9,593,17129,1,,
327,54,8,682,17134,1,,
133,67,6,635,17145,1,,
86,797,1,652,17146,1,,
55,1062,8,682,17148,1,,
198,74,6,617,17159,1,,
85,193,11,635,17163,1,,
263,334,9,635,17178,1,,
236,1226,5,635,17188,1,,
366,113,4,574,17202,1,,
366,1006,5,294,17202,1,,
134,67,8,698,17202,1,,
202,74,6,617,17214,1,,
234,78,10,628,17219,1,,
122,811,1,250,17231,1,,
122,39,5,617,17231,1,,
122,-1,-1,-999,17231,2,stockout,-1.0
271,170,4,507,17240,1,,
271,-1,-1,-999,17240,2,stockout,-1.0
114,803,4,617,17249,1,,
230,390,10,644,17251,1,,
19,119,2,617,17261,1,,
295,699,3,666,17270,1,,
295,699,9,644,17270,1,,
295,-1,-1,-999,17270,2,stockout,-1.0
284,400,3,617,17284,1,,
147,472,12,648,17288,1,,
87,21,9,691,17289,1,,
272,171,1,617,17289,1,,
344,138,7,703,17302,1,,
70,191,6,703,17313,1,,
367,230,2,703,17320,1,,
343,12,10,638,17336,1,,
316,53,10,638,17357,1,,
316,714,4,638,17357,1,,
75,152,12,648,17359,1,,
45,445,9,638,17372,1,,
204,211,4,638,17381,1,,
135,41,8,648,17385,1,,
135,25,3,708,17385,1,,
168,604,2,638,17395,1,,
168,72,6,638,17395,1,,
168,-1,-1,-999,17395,2,stockout,-1.0
104,-1,-1,-999,17400,2,proactive,1.0
302,1287,11,648,17402,1,,
314,53,6,701,17407,1,,
176,261,2,567,17408,1,,
362,14,2,710,17418,1,,
22,58,8,638,17420,1,,
231,217,6,648,17425,1,,
231,103,4,648,17425,1,,
207,164,1,617,17435,1,,
163,257,8,648,17439,1,,
359,14,1,710,17441,1,,
102,94,7,644,17451,1,,
311,1295,6,644,17463,1,,
99,22,6,702,17481,1,,
99,243,5,706,17481,1,,
269,275,3,704,17486,1,,
366,14,6,710,17498,1,,
85,63,8,644,17509,1,,
20,433,8,683,17512,1,,
365,14,1,710,17517,1,,
112,39,1,617,17522,1,,
33,148,4,684,17533,1,,
155,124,6,706,17536,1,,
155,155,8,700,17536,1,,
37,756,2,638,17539,1,,
213,638,5,678,17550,1,,
213,-1,-1,-999,17550,2,stockout,-1.0
149,155,1,700,17558,1,,
149,123,6,700,17558,1,,
149,26,8,700,17558,1,,
86,240,6,638,17561,1,,
35,148,2,684,17568,1,,
122,811,1,250,17575,1,,
122,39,5,617,17575,1,,
122,-1,-1,-999,17576,2,stockout,-1.0
139,372,2,531,17584,1,,
34,148,4,684,17593,1,,
198,628,1,568,17599,1,,
64,1068,12,700,17604,1,,
211,165,8,700,17618,1,,
210,385,12,721,17623,1,,
305,109,2,700,17639,1,,
305,83,12,718,17639,1,,
271,170,3,507,17645,1,,
181,316,6,700,17651,1,,
13,17,7,719,17658,1,,
22,434,4,705,17659,1,,
135,818,5,673,17661,1,,
223,265,8,700,17675,1,,
223,-1,-1,-999,17675,2,stockout,-1.0
23,182,4,648,17684,1,,
221,388,2,713,17692,1,,
299,108,4,649,17699,1,,
299,175,5,720,17699,1,,
80,2,6,713,17704,1,,
162,124,4,706,17708,1,,
250,28,12,726,17730,1,,
250,393,6,726,17730,1,,
275,105,4,713,17739,1,,
85,240,9,700,17744,1,,
42,238,4,726,17748,1,,
172,45,4,700,17753,1,,
168,604,6,638,17756,1,,
39,59,2,707,17770,1,,
39,534,12,707,17770,1,,
376,291,9,680,17776,1,,
182,316,5,707,17780,1,,
296,135,4,722,17789,1,,
260,668,6,680,17801,1,,
14,146,2,722,17808,1,,
270,221,6,727,17819,1,,
163,44,6,680,17831,1,,
366,14,4,700,17831,1,,
40,19,4,680,17840,1,,
334,29,4,648,17840,1,,
24,86,4,680,17849,1,,
41,19,4,611,17858,1,,
328,54,12,677,17859,1,,
180,7,12,728,17861,1,,
180,160,8,728,17861,1,,
104,39,1,617,17867,1,,
336,11,7,728,17885,1,,
336,282,5,728,17885,1,,
200,163,6,677,17886,1,,
200,28,4,677,17886,1,,
200,46,8,677,17886,1,,
167,483,10,731,17888,1,,
304,8,6,677,17906,1,,
304,408,7,717,17906,1,,
92,194,8,686,17925,1,,
92,64,10,686,17925,1,,
129,25,10,717,17929,1,,
129,96,6,717,17929,1,,
54,36,4,686,17944,1,,
54,19,8,686,17944,1,,
159,256,9,717,17944,1,,
283,942,11,728,17962,1,,
91,304,7,717,17982,1,,
91,241,8,239,17982,1,,
91,64,7,239,17982,1,,
91,193,6,725,17982,1,,
63,301,8,728,17993,1,,
63,150,6,693,17993,1,,
63,60,8,693,17993,1,,
280,82,8,731,17996,1,,
280,278,4,734,17996,1,,
236,897,12,725,18001,1,,
64,90,8,723,18007,1,,
164,6,9,734,18016,1,,
164,202,4,734,18016,1,,
293,8,3,239,18018,1,,
293,173,8,239,18018,1,,
52,189,9,693,18022,1,,
318,10,10,239,18035,1,,
181,1179,12,611,18035,1,,
98,2,9,686,18037,1,,
322,10,1,239,18050,1,,
322,1670,8,725,18050,1,,
20,522,3,680,18050,1,,
20,1033,6,731,18050,1,,
146,42,8,686,18051,1,,
147,4,8,734,18075,1,,
147,98,9,551,18075,1,,
367,14,1,700,18083,1,,
367,141,8,717,18083,1,,
210,636,8,726,18100,1,,
210,-1,-1,-999,18101,2,stockout,-1.0
67,1,4,732,18103,1,,
67,1,5,551,18103,1,,
67,545,11,551,18103,1,,
295,699,2,644,18103,1,,
295,82,12,740,18103,1,,
53,89,8,239,18120,1,,
18,432,4,737,18125,1,,
18,17,11,737,18125,1,,
18,0,2,737,18125,1,,
93,194,8,725,18131,1,,
362,85,2,551,18133,1,,
362,1344,12,732,18133,1,,
362,228,7,732,18133,1,,
286,172,10,551,18154,1,,
286,107,4,732,18154,1,,
160,374,8,239,18155,1,,
66,90,4,723,18161,1,,
66,1,12,737,18161,1,,
66,20,10,737,18161,1,,
162,375,6,731,18175,1,,
162,44,5,551,18175,1,,
162,5,3,732,18175,1,,
180,46,8,717,18175,1,,
75,152,7,717,18185,1,,
365,141,4,728,18185,1,,
365,229,4,693,18185,1,,
365,1347,9,737,18185,1,,
199,74,2,680,18193,1,,
199,46,10,551,18193,1,,
329,11,8,725,18201,1,,
336,110,6,723,18207,1,,
336,980,8,737,18207,1,,
10,519,9,551,18209,1,,
119,1476,10,737,18223,1,,
204,75,9,551,18224,1,,
0,0,6,239,18235,1,,
252,394,9,737,18238,1,,
344,138,5,239,18243,1,,
86,21,8,737,18254,1,,
283,132,7,737,18267,1,,
280,685,12,551,18268,1,,
261,274,6,551,18279,1,,
361,340,5,677,18280,1,,
41,441,8,686,18281,1,,
163,202,6,732,18290,1,,
196,209,8,749,18292,1,,
129,67,4,239,18299,1,,
43,35,6,551,18302,1,,
128,25,6,693,18326,1,,
88,64,6,551,18329,1,,
54,239,10,749,18334,1,,
54,189,8,749,18334,1,,
54,1,9,749,18334,1,,
52,1059,7,723,18339,1,,
22,86,5,680,18339,1,,
78,548,6,749,18343,1,,
140,823,6,723,18351,1,,
348,31,6,551,18351,1,,
102,122,6,749,18352,1,,
214,214,6,728,18362,1,,
13,146,8,756,18391,1,,
26,1039,5,737,18394,1,,
20,57,4,749,18398,1,,
7,426,3,734,18398,1,,
7,-1,-1,-999,18399,2,stockout,-1.0
206,212,4,717,18405,1,,
1,0,4,737,18411,1,,
152,590,3,731,18413,1,,
152,-1,-1,-999,18413,2,stockout,-1.0
31,439,4,737,18424,1,,
349,13,2,693,18428,1,,
306,52,2,551,18446,1,,
170,1168,4,693,18456,1,,
89,64,4,697,18458,1,,
271,170,1,686,18464,1,,
149,1505,3,239,18464,1,,
271,-1,-1,-999,18464,2,stockout,-1.0
213,638,3,678,18465,1,,
47,356,1,728,18469,1,,
83,63,3,644,18479,1,,
83,20,7,753,18479,1,,
113,565,3,717,18487,1,,
203,74,2,680,18489,1,,
203,-1,-1,-999,18489,2,stockout,-1.0
351,995,2,551,18509,1,,
344,138,4,611,18518,1,,
108,23,2,749,18523,1,,
218,640,1,732,18524,1,,
224,129,1,728,18527,1,,
227,167,3,700,18528,1,,
8,426,1,734,18546,1,,
210,636,1,726,18550,1,,
308,176,2,239,18550,1,,
308,-1,-1,-999,18550,2,stockout,-1.0
200,210,2,749,18566,1,,
307,9,11,699,18587,1,,
0,32,2,765,18587,1,,
371,14,1,700,18591,1,,
371,142,1,717,18591,1,,
371,-1,-1,-999,18592,2,stockout,-1.0
155,838,1,749,18594,1,,
348,13,12,729,18612,1,,
160,224,2,763,18614,1,,
122,811,1,250,18616,1,,
122,-1,-1,-999,18616,2,stockout,-1.0
119,248,8,729,18629,1,,
306,176,1,717,18635,1,,
166,203,7,729,18643,1,,
120,248,2,729,18657,1,,
120,309,8,692,18657,1,,
249,659,2,729,18664,1,,
229,167,7,766,18668,1,,
177,613,6,716,18668,1,,
305,83,9,772,18680,1,,
349,13,10,716,18685,1,,
228,167,5,757,18696,1,,
204,47,12,423,18725,1,,
204,75,8,423,18725,1,,
204,264,8,423,18725,1,,
150,27,6,716,18737,1,,
343,12,2,662,18744,1,,
267,219,6,662,18755,1,,
345,12,1,749,18772,1,,
149,474,12,423,18779,1,,
149,588,4,423,18779,1,,
336,1320,2,772,18780,1,,
281,106,4,755,18782,1,,
234,28,6,755,18801,1,,
234,895,6,755,18801,1,,
179,262,5,423,18806,1,,
179,72,10,423,18806,1,,
179,125,4,423,18806,1,,
128,198,6,755,18812,1,,
344,12,1,755,18818,1,,
180,46,11,714,18824,1,,
241,131,2,423,18826,1,,
241,79,11,423,18826,1,,
309,9,6,714,18842,1,,
309,109,4,714,18842,1,,
309,136,1,714,18842,1,,
7,426,5,734,18845,1,,
7,0,8,423,18845,1,,
1,292,11,714,18859,1,,
163,6,10,777,18864,1,,
163,44,8,777,18864,1,,
322,415,9,714,18874,1,,
129,67,3,777,18884,1,,
129,3,10,758,18884,1,,
9,116,9,714,18889,1,,
279,105,8,423,18897,1,,
279,278,2,676,18897,1,,
3,233,9,778,18910,1,,
230,130,9,714,18925,1,,
113,65,4,712,18926,1,,
113,3,6,712,18926,1,,
132,4,3,758,18941,1,,
132,25,6,778,18941,1,,
160,1158,12,423,18944,1,,
186,100,10,771,18946,1,,
186,206,4,771,18946,1,,
296,8,4,777,18955,1,,
296,135,4,777,18955,1,,
350,139,2,423,18962,1,,
350,31,8,739,18962,1,,
348,225,4,777,18969,1,,
348,85,4,777,18969,1,,
216,214,6,771,18970,1,,
216,639,10,771,18970,1,,
278,105,3,423,18983,1,,
278,49,11,774,18983,1,,
229,642,11,714,18987,1,,
4,233,9,676,18998,1,,
53,357,2,733,19006,1,,
53,89,7,748,19006,1,,
39,19,9,423,19013,1,,
25,183,6,777,19026,1,,
30,1043,8,423,19027,1,,
231,78,6,712,19038,1,,
218,512,8,662,19041,1,,
262,670,5,712,19048,1,,
308,176,7,717,19053,1,,
308,109,9,771,19053,1,,
308,52,6,780,19053,1,,
151,70,7,739,19054,1,,
283,8,8,779,19062,1,,
142,825,8,771,19068,1,,
142,4,1,771,19068,1,,
28,119,3,423,19076,1,,
28,87,12,656,19076,1,,
0,513,8,748,19082,1,,
226,1580,7,423,19089,1,,
167,603,8,748,19096,1,,
280,105,5,714,19109,1,,
280,398,2,748,19109,1,,
256,332,7,733,19121,1,,
136,4,4,758,19124,1,,
259,1613,7,739,19127,1,,
271,170,4,686,19133,1,,
271,-1,-1,-999,19133,2,stockout,-1.0
7,516,5,714,19139,1,,
7,144,6,748,19139,1,,
371,14,10,729,19153,1,,
371,85,3,777,19153,1,,
371,-1,-1,-999,19153,2,stockout,-1.0
26,295,2,750,19166,1,,
26,183,5,750,19166,1,,
180,262,3,423,19167,1,,
180,125,4,423,19167,1,,
37,353,4,712,19175,1,,
177,1175,6,423,19181,1,,
177,-1,-1,-999,19181,2,stockout,-1.0
347,991,6,714,19184,1,,
168,72,2,712,19188,1,,
236,78,2,712,19194,1,,
16,522,6,714,19196,1,,
0,-1,-1,-999,19200,2,proactive,1.0
196,125,4,423,19229,1,,
196,497,6,647,19229,1,,
196,382,4,752,19229,1,,
196,224,4,752,19229,1,,
359,228,6,771,19230,1,,
222,389,2,779,19244,1,,
216,1206,12,733,19249,1,,
58,1415,4,423,19255,1,,
58,121,6,647,19255,1,,
58,89,8,647,19255,1,,
102,451,2,750,19258,1,,
44,1,8,752,19280,1,,
44,35,9,752,19280,1,,
1,143,2,738,19282,1,,
1,513,3,748,19282,1,,
111,305,1,712,19297,1,,
183,616,9,647,19300,1,,
183,73,4,788,19300,1,,
137,4,10,773,19309,1,,
23,33,4,752,19321,1,,
23,86,10,752,19321,1,,
122,39,5,423,19340,1,,
122,3,7,788,19340,1,,
120,1477,3,733,19341,1,,
22,235,5,714,19352,1,,
98,21,8,711,19361,1,,
98,196,6,711,19361,1,,
282,50,5,714,19362,1,,
142,1498,8,689,19376,1,,
178,159,11,711,19379,1,,
129,1486,2,748,19383,1,,
129,-1,-1,-999,19383,2,stockout,-1.0
112,246,4,788,19394,1,,
112,95,5,711,19394,1,,
140,1496,8,762,19396,1,,
118,807,6,762,19409,1,,
161,597,9,711,19416,1,,
75,38,4,787,19418,1,,
130,1486,2,748,19420,1,,
25,183,8,647,19430,1,,
101,122,12,762,19437,1,,
318,178,2,748,19441,1,,
283,50,9,752,19448,1,,
306,9,9,790,19457,1,,
334,418,2,714,19462,1,,
136,97,12,790,19476,1,,
268,220,6,790,19487,1,,
376,291,8,711,19488,1,,
105,23,8,781,19501,1,,
341,30,2,771,19506,1,,
108,94,2,790,19508,1,,
70,191,4,790,19517,1,,
215,214,2,771,19525,1,,
169,484,4,423,19527,1,,
169,605,3,788,19527,1,,
146,42,6,752,19542,1,,
271,170,3,686,19542,1,,
170,157,7,752,19555,1,,
21,235,1,714,19565,1,,
247,328,6,752,19569,1,,
339,137,6,747,19579,1,,
99,365,6,423,19581,1,,
113,95,5,711,19591,1,,
61,90,2,781,19603,1,,
340,1324,6,423,19606,1,,
371,14,2,700,19608,1,,
47,60,2,797,19610,1,,
223,265,1,700,19613,1,,
60,300,1,736,19615,1,,
137,467,5,423,19617,1,,
204,75,2,790,19622,1,,
142,825,5,469,19628,1,,
348,13,5,752,19645,1,,
256,273,4,711,19661,1,,
118,807,4,597,19674,1,,
118,-1,-1,-999,19674,2,stockout,-1.0
177,1175,2,423,19678,1,,
177,6,4,810,19678,1,,
0,143,1,738,19680,1,,
269,676,4,752,19687,1,,
129,1486,1,748,19694,1,,
134,4,2,812,19701,1,,
110,65,6,806,19710,1,,
138,4,2,688,19718,1,,
101,122,4,752,19719,1,,
299,108,3,711,19727,1,,
299,-1,-1,-999,19728,2,stockout,-1.0
193,382,3,752,19735,1,,
53,149,3,788,19743,1,,
1,15,6,815,19744,1,,
104,39,4,423,19752,1,,
170,157,6,804,19758,1,,
275,171,2,752,19759,1,,
2,56,2,688,19760,1,,
156,100,2,796,19770,1,,
54,36,6,796,19783,1,,
307,9,10,768,19786,1,,
114,247,6,804,19808,1,,
357,56,2,768,19810,1,,
357,13,8,768,19810,1,,
357,112,6,768,19810,1,,
115,307,1,742,19821,1,,
205,127,6,768,19822,1,,
49,148,4,768,19836,1,,
49,60,4,768,19836,1,,
203,74,2,680,19860,1,,
99,22,12,792,19866,1,,
327,84,7,783,19868,1,,
327,180,4,783,19868,1,,
70,91,2,423,19875,1,,
112,198,3,783,19883,1,,
112,24,6,783,19883,1,,
210,385,4,807,19891,1,,
87,63,2,739,19898,1,,
87,-1,-1,-999,19898,2,stockout,-1.0
162,44,12,783,19902,1,,
214,320,2,423,19904,1,,
86,21,2,791,19911,1,,
349,13,12,792,19916,1,,
152,155,12,783,19920,1,,
13,346,8,783,19934,1,,
3,514,4,768,19937,1,,
3,0,4,809,19937,1,,
3,56,6,759,19937,1,,
11,117,9,760,19949,1,,
313,711,6,820,19949,1,,
100,365,8,798,19961,1,,
100,196,9,759,19961,1,,
348,13,8,783,19963,1,,
211,128,12,820,19968,1,,
40,148,4,768,19986,1,,
40,19,4,792,19986,1,,
40,1,9,809,19986,1,,
78,152,1,783,19992,1,,
78,192,5,783,19992,1,,
147,98,10,805,20008,1,,
172,28,6,759,20020,1,,
172,608,10,759,20020,1,,
172,157,9,759,20020,1,,
118,39,2,423,20039,1,,
308,279,8,809,20040,1,,
308,176,5,809,20040,1,,
308,-1,-1,-999,20041,2,stockout,-1.0
81,2,5,785,20042,1,,
81,153,4,785,20042,1,,
81,302,7,785,20042,1,,
138,4,10,759,20057,1,,
310,177,11,754,20061,1,,
110,246,6,785,20062,1,,
110,2,7,814,20062,1,,
134,817,9,768,20072,1,,
146,588,10,785,20080,1,,
111,305,9,759,20087,1,,
111,-1,-1,-999,20087,2,stockout,-1.0
271,82,8,824,20098,1,,
180,46,5,814,20099,1,,
180,46,7,785,20099,1,,
169,-1,-1,-999,20100,2,proactive,1.0
223,1577,9,694,20102,1,,
49,1056,2,671,20110,1,,
49,-1,-1,-999,20110,2,stockout,-1.0
121,810,8,759,20116,1,,
0,0,9,785,20122,1,,
188,492,8,671,20124,1,,
299,108,1,711,20129,1,,
186,379,2,768,20130,1,,
186,206,6,809,20130,1,,
34,18,8,814,20134,1,,
210,164,6,785,20143,1,,
371,14,8,688,20162,1,,
371,-1,-1,-999,20162,2,stockout,-1.0
105,1106,5,813,20176,1,,
267,219,8,813,20188,1,,
309,411,10,823,20196,1,,
129,3,10,829,20200,1,,
129,96,1,829,20200,1,,
168,44,4,809,20211,1,,
168,125,4,800,20211,1,,
39,19,9,829,20215,1,,
164,124,5,814,20227,1,,
14,430,6,759,20230,1,,
11,344,10,829,20232,1,,
313,961,8,671,20246,1,,
25,1383,11,746,20263,1,,
227,167,6,768,20267,1,,
87,63,3,739,20271,1,,
245,47,4,801,20272,1,,
245,80,12,801,20272,1,,
349,225,6,759,20278,1,,
118,807,5,597,20294,1,,
118,24,6,801,20294,1,,
26,87,9,803,20296,1,,
172,259,5,776,20297,1,,
163,202,6,801,20312,1,,
163,6,7,801,20312,1,,
9,427,5,768,20328,1,,
161,597,6,801,20328,1,,
161,256,6,801,20328,1,,
182,204,4,813,20355,1,,
182,160,5,801,20355,1,,
45,1,6,746,20363,1,,
45,35,12,669,20363,1,,
131,579,4,768,20367,1,,
147,42,3,813,20370,1,,
147,42,8,801,20370,1,,
348,31,5,834,20379,1,,
82,358,8,801,20382,1,,
145,587,6,669,20384,1,,
145,26,8,669,20384,1,,
143,199,8,801,20394,1,,
133,41,4,823,20404,1,,
299,51,10,783,20408,1,,
86,552,10,669,20413,1,,
86,193,10,669,20413,1,,
173,125,4,800,20414,1,,
213,77,6,801,20417,1,,
7,294,3,809,20422,1,,
198,628,3,759,20430,1,,
198,-1,-1,-999,20430,2,stockout,-1.0
334,281,9,669,20441,1,,
334,222,11,741,20441,1,,
283,8,2,768,20461,1,,
304,82,9,746,20463,1,,
304,109,5,669,20463,1,,
239,79,2,809,20487,1,,
222,77,1,746,20487,1,,
222,321,7,669,20487,1,,
222,215,8,817,20487,1,,
294,134,4,814,20492,1,,
271,170,1,768,20502,1,,
271,-1,-1,-999,20502,2,stockout,-1.0
291,695,3,801,20512,1,,
22,119,2,669,20512,1,,
22,524,8,669,20512,1,,
22,17,8,741,20512,1,,
336,29,4,785,20519,1,,
176,204,3,813,20525,1,,
23,1036,8,669,20543,1,,
23,33,9,817,20543,1,,
23,58,5,817,20543,1,,
153,43,1,759,20546,1,,
109,2,3,814,20553,1,,
214,77,2,801,20558,1,,
11,344,12,669,20562,1,,
329,180,1,783,20565,1,,
169,259,2,776,20566,1,,
120,1120,1,801,20573,1,,
284,132,4,786,20575,1,,
111,305,1,759,20581,1,,
137,4,6,817,20583,1,,
137,313,8,817,20583,1,,
312,109,5,669,20602,1,,
312,83,6,817,20602,1,,
312,10,1,817,20602,1,,
85,92,3,741,20620,1,,
85,193,9,817,20620,1,,
163,6,6,846,20633,1,,
242,79,10,741,20637,1,,
131,4,1,846,20647,1,,
321,967,6,741,20653,1,,
321,10,4,817,20653,1,,
124,66,6,724,20659,1,,
122,24,6,833,20671,1,,
147,472,6,741,20676,1,,
147,68,3,817,20676,1,,
371,14,2,688,20677,1,,
330,11,9,817,20691,1,,
334,29,8,751,20698,1,,
334,181,1,751,20698,1,,
123,24,6,833,20699,1,,
106,245,8,817,20705,1,,
113,3,8,751,20710,1,,
263,1617,8,669,20719,1,,
361,340,7,751,20724,1,,
361,181,1,751,20724,1,,
107,454,6,751,20734,1,,
0,15,6,669,20737,1,,
202,211,6,751,20744,1,,
211,128,8,751,20758,1,,
358,181,1,751,20769,1,,
358,140,5,844,20769,1,,
158,477,8,262,20774,1,,
158,43,10,262,20774,1,,
47,1404,8,816,20783,1,,
30,87,3,803,20784,1,,
30,87,3,741,20784,1,,
372,142,11,262,20796,1,,
200,126,8,816,20797,1,,
198,628,4,759,20805,1,,
198,-1,-1,-999,20805,2,stockout,-1.0
258,1612,8,789,20811,1,,
155,43,6,669,20815,1,,
114,247,9,744,20826,1,,
118,95,4,262,20828,1,,
118,39,3,262,20828,1,,
118,247,9,808,20828,1,,
103,561,7,262,20853,1,,
103,22,1,262,20853,1,,
103,2,9,808,20853,1,,
137,584,10,642,20865,1,,
165,6,10,262,20875,1,,
165,124,5,808,20875,1,,
219,77,6,746,20877,1,,
13,429,5,817,20887,1,,
154,124,2,808,20892,1,,
154,27,8,808,20892,1,,
25,87,5,741,20898,1,,
276,681,9,262,20907,1,,
345,139,6,669,20909,1,,
86,21,5,744,20917,1,,
359,140,6,817,20920,1,,
156,124,1,808,20922,1,,
156,43,8,848,20922,1,,
328,1312,4,744,20924,1,,
328,-1,-1,-999,20924,2,stockout,-1.0
336,1320,3,840,20937,1,,
336,181,1,751,20937,1,,
284,943,10,724,20938,1,,
256,1246,5,746,20940,1,,
36,297,5,669,20951,1,,
10,16,8,808,20952,1,,
224,129,4,816,20953,1,,
371,14,2,729,20971,1,,
371,181,1,751,20971,1,,
49,1056,4,671,21001,1,,
87,21,8,851,21004,1,,
337,181,1,751,21006,1,,
337,110,4,860,21006,1,,
197,126,2,816,21011,1,,
267,219,4,262,21018,1,,
267,81,4,848,21018,1,,
220,77,3,746,21025,1,,
220,128,11,858,21025,1,,
1,181,1,751,21027,1,,
0,181,1,751,21032,1,,
122,311,8,851,21032,1,,
59,299,2,744,21037,1,,
133,41,8,858,21039,1,,
47,1054,11,789,21061,1,,
277,105,8,808,21062,1,,
275,935,7,262,21075,1,,
75,152,4,817,21080,1,,
206,506,4,669,21089,1,,
139,585,6,262,21101,1,,
169,125,4,669,21102,1,,
8,181,1,751,21102,1,,
38,757,6,845,21112,1,,
231,644,4,817,21116,1,,
239,79,1,808,21124,1,,
239,900,5,851,21124,1,,
99,22,3,669,21131,1,,
225,129,6,808,21137,1,,
304,51,3,817,21139,1,,
128,3,2,741,21146,1,,
15,181,1,751,21151,1,,
202,211,2,669,21153,1,,
7,181,1,751,21156,1,,
54,36,4,825,21164,1,,
278,105,1,808,21174,1,,
278,49,5,852,21174,1,,
42,354,7,857,21180,1,,
341,30,6,851,21185,1,,
43,35,5,808,21195,1,,
229,130,7,854,21202,1,,
198,28,6,811,21223,1,,
198,209,9,811,21223,1,,
213,1567,8,826,21233,1,,
213,319,4,826,21233,1,,
173,260,8,828,21235,1,,
240,79,5,808,21236,1,,
170,157,4,811,21246,1,,
170,125,2,811,21246,1,,
279,49,6,842,21248,1,,
18,118,6,866,21255,1,,
111,39,5,262,21265,1,,
111,-1,-1,-999,21265,2,stockout,-1.0
17,0,2,811,21270,1,,
17,0,2,857,21270,1,,
17,431,6,811,21270,1,,
154,43,4,845,21274,1,,
204,384,7,819,21275,1,,
204,126,6,819,21275,1,,
271,170,4,768,21283,1,,
271,-1,-1,-999,21283,2,stockout,-1.0
10,181,1,751,21290,1,,
10,0,4,811,21290,1,,
10,16,8,811,21290,1,,
106,799,10,819,21291,1,,
87,63,6,866,21308,1,,
294,1642,4,808,21310,1,,
228,324,12,826,21310,1,,
133,816,10,835,21326,1,,
31,1,6,819,21338,1,,
107,245,4,262,21342,1,,
354,226,6,857,21342,1,,
187,380,8,839,21352,1,,
197,126,4,808,21358,1,,
86,21,9,841,21365,1,,
188,125,1,669,21367,1,,
188,1543,8,819,21367,1,,
129,67,10,874,21383,1,,
352,287,8,841,21391,1,,
210,213,6,819,21394,1,,
328,1312,5,744,21405,1,,
289,948,2,808,21413,1,,
289,107,10,769,21413,1,,
141,585,2,262,21420,1,,
7,0,4,857,21426,1,,
296,135,3,262,21428,1,,
227,216,6,874,21431,1,,
227,77,1,864,21431,1,,
227,7,4,864,21431,1,,
227,389,7,864,21431,1,,
42,354,6,828,21439,1,,
105,23,7,878,21442,1,,
132,250,9,864,21447,1,,
310,412,2,262,21450,1,,
175,125,4,811,21454,1,,
357,112,4,841,21471,1,,
240,1594,4,618,21476,1,,
240,-1,-1,-999,21476,2,stockout,-1.0
370,231,4,841,21478,1,,
305,83,7,862,21488,1,,
236,270,2,808,21499,1,,
93,1096,8,864,21505,1,,
0,0,3,857,21507,1,,
198,628,1,759,21511,1,,
208,634,5,870,21528,1,,
208,28,6,870,21528,1,,
208,7,4,870,21528,1,,
169,259,6,870,21537,1,,
329,11,6,864,21537,1,,
169,-1,-1,-999,21537,2,stockout,-1.0
249,392,6,882,21549,1,,
348,13,10,870,21551,1,,
133,250,4,811,21559,1,,
366,113,6,864,21560,1,,
366,-1,-1,-999,21560,2,stockout,-1.0
223,77,4,864,21572,1,,
223,885,2,784,21572,1,,
363,141,9,784,21587,1,,
130,67,4,887,21594,1,,
125,66,4,819,21598,1,,
125,248,2,864,21598,1,,
211,213,5,864,21609,1,,
272,82,11,887,21612,1,,
111,39,1,262,21617,1,,
259,919,5,819,21619,1,,
136,97,3,841,21627,1,,
136,41,8,881,21627,1,,
79,1082,7,794,21632,1,,
196,209,1,811,21638,1,,
196,7,6,881,21638,1,,
352,1334,9,859,21651,1,,
97,195,6,875,21657,1,,
97,2,4,875,21657,1,,
97,21,1,875,21657,1,,
331,975,4,881,21658,1,,
271,170,1,768,21667,1,,
160,71,2,875,21680,1,,
190,622,6,794,21681,1,,
80,2,4,875,21689,1,,
29,87,3,881,21694,1,,
161,71,2,865,21702,1,,
168,6,2,881,21735,1,,
168,72,3,891,21735,1,,
273,1261,8,886,21737,1,,
273,7,7,886,21737,1,,
224,389,6,794,21739,1,,
371,14,4,881,21743,1,,
1,0,2,870,21750,1,,
256,48,4,794,21752,1,,
102,451,10,886,21754,1,,
10,16,4,826,21761,1,,
154,592,4,794,21777,1,,
305,9,3,811,21778,1,,
99,2,9,886,21788,1,,
99,22,9,879,21788,1,,
99,65,7,879,21788,1,,
249,1239,5,831,21791,1,,
192,162,4,819,21801,1,,
32,120,3,864,21808,1,,
302,1287,2,828,21818,1,,
311,177,10,879,21818,1,,
81,153,4,882,21824,1,,
357,112,7,879,21836,1,,
357,13,4,832,21836,1,,
241,326,2,794,21853,1,,
87,303,7,885,21858,1,,
87,2,6,885,21858,1,,
166,258,2,856,21862,1,,
148,5,8,879,21864,1,,
148,26,8,879,21864,1,,
148,42,4,879,21864,1,,
167,483,6,885,21872,1,,
9,427,4,885,21879,1,,
228,641,10,832,21880,1,,
0,232,10,885,21893,1,,
52,189,4,886,21902,1,,
52,35,4,879,21902,1,,
111,39,4,886,21918,1,,
111,24,6,832,21918,1,,
111,-1,-1,-999,21919,2,stockout,-1.0
162,44,8,890,21926,1,,
169,259,6,870,21935,1,,
366,113,4,864,21937,1,,
53,60,6,836,21942,1,,
53,189,10,836,21942,1,,
190,622,6,670,21955,1,,
89,21,3,877,21960,1,,
89,2,7,877,21960,1,,
89,92,9,877,21960,1,,
206,874,8,832,21963,1,,
206,47,6,836,21963,1,,
147,4,6,877,21978,1,,
147,42,7,877,21978,1,,
191,207,1,838,21984,1,,
320,279,6,832,21987,1,,
320,10,10,802,21987,1,,
336,282,4,888,21993,1,,
223,1577,2,888,22001,1,,
153,591,5,886,22007,1,,
153,99,4,836,22007,1,,
153,5,4,802,22007,1,,
194,101,8,888,22015,1,,
184,617,12,877,22023,1,,
293,173,3,892,22024,1,,
293,697,8,802,22024,1,,
135,67,5,877,22038,1,,
135,818,6,877,22038,1,,
100,93,8,832,22043,1,,
100,22,4,836,22043,1,,
14,0,4,730,22055,1,,
14,17,4,730,22055,1,,
14,117,4,730,22055,1,,
294,279,3,885,22073,1,,
294,107,5,877,22073,1,,
108,23,10,730,22074,1,,
108,2,2,730,22074,1,,
24,182,9,884,22086,1,,
43,1400,2,836,22089,1,,
43,19,7,802,22089,1,,
325,136,7,730,22108,1,,
325,28,5,730,22108,1,,
325,417,2,730,22108,1,,
325,84,11,730,22108,1,,
91,64,5,843,22116,1,,
91,555,3,884,22116,1,,
129,67,2,877,22127,1,,
129,96,5,884,22127,1,,
305,83,9,802,22130,1,,
224,389,6,730,22131,1,,
224,166,9,730,22131,1,,
38,34,1,885,22135,1,,
38,148,4,877,22135,1,,
5,15,4,884,22144,1,,
5,144,2,884,22144,1,,
157,43,3,892,22145,1,,
157,594,6,802,22145,1,,
192,207,8,838,22149,1,,
192,125,4,730,22149,1,,
227,167,8,802,22159,1,,
88,2,3,730,22166,1,,
88,64,7,730,22166,1,,
335,418,6,890,22167,1,,
112,457,8,836,22173,1,,
148,69,4,890,22174,1,,
273,933,8,832,22187,1,,
44,763,1,730,22189,1,,
44,238,8,730,22189,1,,
152,1151,4,877,22191,1,,
130,96,6,886,22204,1,,
186,161,6,836,22220,1,,
133,41,9,730,22223,1,,
89,1446,11,735,22235,1,,
163,124,4,836,22237,1,,
166,376,4,877,22242,1,,
349,111,5,802,22246,1,,
146,253,4,876,22253,1,,
167,376,3,877,22258,1,,
54,36,6,730,22263,1,,
54,1,8,897,22263,1,,
75,152,4,877,22264,1,,
65,778,8,770,22277,1,,
293,951,7,457,22289,1,,
299,703,9,730,22292,1,,
15,0,2,730,22305,1,,
15,521,5,893,22305,1,,
151,254,6,903,22311,1,,
262,922,6,730,22316,1,,
10,16,7,903,22321,1,,
39,34,2,885,22326,1,,
39,-1,-1,-999,22326,2,stockout,-1.0
193,73,1,884,22329,1,,
191,1546,12,687,22337,1,,
191,125,2,730,22337,1,,
111,39,5,802,22339,1,,
111,-1,-1,-999,22339,2,stockout,-1.0
62,301,3,832,22344,1,,
0,115,4,730,22346,1,,
117,568,7,902,22354,1,,
240,1594,4,618,22357,1,,
240,-1,-1,-999,22357,2,stockout,-1.0
128,25,9,906,22361,1,,
325,721,8,480,22375,1,,
350,111,3,802,22379,1,,
376,1358,3,886,22385,1,,
276,936,8,906,22389,1,,
1,15,2,886,22405,1,,
329,11,2,802,22418,1,,
192,864,12,770,22423,1,,
256,169,2,892,22425,1,,
335,1319,10,850,22429,1,,
160,156,3,913,22435,1,,
34,754,1,836,22440,1,,
152,1508,5,903,22443,1,,
3,32,10,899,22469,1,,
3,1019,9,899,22469,1,,
196,46,6,899,22489,1,,
196,1194,8,899,22489,1,,
66,150,8,793,22497,1,,
66,37,8,793,22497,1,,
243,79,11,641,22501,1,,
43,35,10,899,22508,1,,
43,238,4,899,22508,1,,
60,773,2,641,22513,1,,
60,60,6,641,22513,1,,
60,-1,-1,-999,22513,2,stockout,-1.0
17,33,6,793,22514,1,,
17,118,4,793,22514,1,,
330,55,12,917,22531,1,,
177,159,8,899,22542,1,,
140,1139,11,793,22543,1,,
341,137,12,764,22550,1,,
294,134,7,899,22555,1,,
294,698,1,899,22555,1,,
45,763,1,730,22558,1,,
45,1052,8,793,22558,1,,
252,330,7,641,22561,1,,
318,110,8,899,22567,1,,
129,25,3,793,22574,1,,
129,3,7,793,22574,1,,
138,4,8,900,22593,1,,
138,97,4,889,22593,1,,
146,199,3,899,22596,1,,
146,42,8,917,22596,1,,
299,338,10,793,22609,1,,
278,397,7,915,22618,1,,
278,277,6,915,22618,1,,
278,7,8,915,22618,1,,
102,560,4,730,22623,1,,
102,22,4,793,22623,1,,
24,182,2,906,22640,1,,
24,58,8,912,22640,1,,
336,84,8,915,22642,1,,
336,1320,4,915,22642,1,,
126,66,11,915,22661,1,,
223,7,6,912,22665,1,,
223,322,11,912,22665,1,,
31,1,6,915,22685,1,,
31,58,10,915,22685,1,,
308,956,4,730,22686,1,,
308,109,10,855,22686,1,,
289,50,5,918,22691,1,,
289,337,6,863,22691,1,,
289,224,8,863,22691,1,,
239,168,10,915,22701,1,,
61,1,6,855,22706,1,,
61,300,7,855,22706,1,,
6,0,2,899,22707,1,,
6,0,1,863,22707,1,,
6,85,3,917,22707,1,,
6,15,4,894,22707,1,,
358,140,10,915,22717,1,,
112,2,6,899,22722,1,,
112,802,4,863,22722,1,,
136,97,8,912,22733,1,,
180,46,10,921,22734,1,,
0,143,4,899,22740,1,,
0,85,4,917,22740,1,,
0,15,4,894,22740,1,,
311,177,6,921,22750,1,,
311,221,4,921,22750,1,,
160,841,11,899,22758,1,,
147,42,9,915,22765,1,,
251,660,10,863,22774,1,,
251,-1,-1,-999,22774,2,stockout,-1.0
186,206,8,855,22776,1,,
30,58,5,899,22790,1,,
30,18,5,894,22790,1,,
15,0,1,641,22796,1,,
15,117,6,915,22796,1,,
255,48,8,912,22805,1,,
295,337,2,863,22805,1,,
295,174,7,894,22805,1,,
376,424,4,901,22810,1,,
376,343,4,915,22810,1,,
313,1297,8,894,22819,1,,
313,-1,-1,-999,22820,2,stockout,-1.0
305,83,11,898,22826,1,,
143,199,7,863,22832,1,,
123,40,6,855,22839,1,,
252,1242,10,764,22852,1,,
240,79,8,899,22853,1,,
282,106,8,855,22853,1,,
339,56,5,793,22867,1,,
339,11,3,898,22867,1,,
32,1044,7,907,22875,1,,
217,321,6,793,22882,1,,
278,683,6,921,22892,1,,
206,632,6,793,22894,1,,
304,708,7,899,22909,1,,
304,221,10,929,22909,1,,
126,575,12,745,22911,1,,
238,390,2,793,22922,1,,
238,651,4,912,22922,1,,
173,45,6,915,22923,1,,
166,846,7,902,22926,1,,
170,1168,5,641,22933,1,,
137,26,5,898,22949,1,,
37,756,7,899,22959,1,,
171,607,4,915,22965,1,,
286,107,4,730,22967,1,,
283,8,4,915,22974,1,,
40,186,4,730,22988,1,,
154,592,3,915,22992,1,,
271,170,3,764,23000,1,,
271,-1,-1,-999,23000,2,stockout,-1.0
289,693,9,880,23005,1,,
53,767,4,898,23011,1,,
92,1095,5,929,23016,1,,
110,455,7,899,23028,1,,
222,884,6,917,23040,1,,
70,61,9,830,23055,1,,
128,3,6,926,23059,1,,
39,185,2,898,23063,1,,
39,19,8,930,23063,1,,
74,787,6,899,23066,1,,
16,0,3,863,23074,1,,
16,-1,-1,-999,23074,2,stockout,-1.0
60,773,3,641,23075,1,,
294,28,1,930,23077,1,,
294,174,7,930,23077,1,,
281,106,3,880,23082,1,,
87,63,3,793,23085,1,,
87,-1,-1,-999,23085,2,stockout,-1.0
172,157,4,922,23086,1,,
211,1203,4,793,23094,1,,
211,-1,-1,-999,23094,2,stockout,-1.0
7,57,6,930,23109,1,,
98,448,3,863,23123,1,,
80,550,2,915,23124,1,,
80,20,10,934,23124,1,,
80,-1,-1,-999,23124,2,stockout,-1.0
33,1,6,933,23136,1,,
136,97,6,930,23147,1,,
28,0,2,934,23163,1,,
71,61,5,925,23168,1,,
155,43,3,925,23178,1,,
163,28,6,933,23178,1,,
349,286,2,906,23186,1,,
349,993,1,793,23186,1,,
349,31,5,931,23186,1,,
111,39,3,802,23191,1,,
334,29,4,930,23195,1,,
335,29,2,933,23199,1,,
366,14,4,931,23204,1,,
19,0,1,934,23205,1,,
15,0,1,934,23210,1,,
233,269,3,889,23220,1,,
32,1,6,940,23245,1,,
10,145,1,899,23251,1,,
0,425,2,793,23252,1,,
180,73,2,899,23261,1,,
183,1538,9,942,23311,1,,
25,183,8,871,23323,1,,
292,133,10,942,23327,1,,
203,74,1,598,23331,1,,
203,126,4,598,23331,1,,
203,47,10,598,23331,1,,
203,7,10,598,23331,1,,
321,280,3,937,23341,1,,
321,84,8,937,23341,1,,
223,265,3,943,23349,1,,
336,29,8,598,23353,1,,
336,11,6,598,23353,1,,
154,5,8,942,23354,1,,
154,99,11,896,23354,1,,
128,812,6,937,23360,1,,
128,-1,-1,-999,23360,2,stockout,-1.0
12,739,8,896,23368,1,,
67,90,5,598,23371,1,,
67,37,7,598,23371,1,,
14,33,8,937,23374,1,,
100,2,10,598,23387,1,,
11,85,4,942,23400,1,,
11,16,7,942,23400,1,,
11,32,12,942,23400,1,,
92,556,5,598,23405,1,,
92,21,6,598,23405,1,,
92,-1,-1,-999,23405,2,stockout,-1.0
164,202,6,937,23412,1,,
181,615,8,896,23414,1,,
267,131,4,598,23421,1,,
267,219,6,598,23421,1,,
354,734,8,896,23428,1,,
2,15,4,937,23438,1,,
236,131,6,942,23442,1,,
236,1226,2,942,23442,1,,
273,678,3,598,23454,1,,
273,678,10,941,23454,1,,
357,227,2,937,23467,1,,
324,10,6,932,23479,1,,
271,170,3,764,23487,1,,
313,10,10,598,23493,1,,
71,1074,7,942,23494,1,,
226,1216,7,896,23506,1,,
228,641,10,932,23509,1,,
57,149,6,598,23512,1,,
57,20,6,941,23512,1,,
328,180,6,942,23528,1,,
328,10,4,939,23528,1,,
371,1010,8,598,23536,1,,
371,14,2,598,23536,1,,
371,32,7,951,23536,1,,
371,-1,-1,-999,23537,2,stockout,-1.0
298,51,2,896,23548,1,,
298,8,10,939,23548,1,,
25,1038,6,943,23555,1,,
25,17,5,954,23555,1,,
165,202,8,939,23562,1,,
16,0,9,598,23563,1,,
16,57,5,598,23563,1,,
16,146,2,598,23563,1,,
186,161,6,896,23577,1,,
186,46,2,939,23577,1,,
98,196,10,951,23580,1,,
0,56,6,954,23585,1,,
136,67,4,951,23596,1,,
136,67,6,598,23596,1,,
12,345,10,775,23597,1,,
12,1026,3,527,23597,1,,
223,322,9,932,23601,1,,
223,-1,-1,-999,23601,2,stockout,-1.0
4,1020,6,942,23609,1,,
64,150,8,951,23611,1,,
80,550,4,915,23614,1,,
93,194,6,896,23620,1,,
46,763,1,730,23624,1,,
46,35,6,598,23624,1,,
47,60,6,896,23632,1,,
284,400,6,598,23641,1,,
284,8,4,951,23641,1,,
183,855,7,951,23653,1,,
133,67,6,942,23656,1,,
140,823,7,598,23666,1,,
140,-1,-1,-999,23666,2,stockout,-1.0
272,221,6,953,23673,1,,
101,366,8,953,23687,1,,
14,33,4,953,23696,1,,
147,253,6,896,23705,1,,
193,494,8,953,23710,1,,
348,31,7,598,23720,1,,
79,192,9,935,23725,1,,
367,422,6,942,23728,1,,
54,149,6,598,23731,1,,
352,111,1,939,23736,1,,
352,732,4,939,23736,1,,
44,444,9,935,23740,1,,
366,14,6,598,23743,1,,
353,111,5,939,23755,1,,
128,1485,10,947,23757,1,,
128,-1,-1,-999,23757,2,stockout,-1.0
111,95,5,942,23764,1,,
114,95,3,942,23769,1,,
184,46,11,959,23784,1,,
184,205,8,959,23784,1,,
211,1203,2,793,23808,1,,
211,128,4,598,23808,1,,
7,294,5,931,23818,1,,
148,42,9,946,23826,1,,
92,556,1,598,23830,1,,
92,64,5,950,23830,1,,
182,379,8,861,23838,1,,
255,273,12,959,23843,1,,
255,28,10,895,23843,1,,
166,203,5,598,23845,1,,
238,390,5,941,23855,1,,
134,581,6,861,23858,1,,
332,726,7,861,23871,1,,
87,63,5,793,23880,1,,
87,241,8,868,23880,1,,
363,141,3,861,23881,1,,
76,38,7,959,23887,1,,
76,357,10,959,23887,1,,
76,1,7,923,23887,1,,
76,62,9,923,23887,1,,
301,705,5,598,23891,1,,
301,-1,-1,-999,23891,2,stockout,-1.0
183,488,5,927,23908,1,,
183,379,2,861,23908,1,,
276,936,11,868,23908,1,,
104,22,8,923,23916,1,,
104,2,7,923,23916,1,,
104,2,5,895,23916,1,,
10,145,10,923,23939,1,,
10,32,6,923,23939,1,,
299,51,2,896,23946,1,,
303,51,2,896,23956,1,,
39,19,8,923,23962,1,,
39,34,7,923,23962,1,,
178,6,10,868,23963,1,,
155,838,4,598,23979,1,,
155,155,4,868,23979,1,,
298,135,4,965,23983,1,,
304,51,2,896,23987,1,,
168,1166,6,895,23990,1,,
168,100,6,956,23990,1,,
168,258,8,919,23990,1,,
341,30,2,942,23994,1,,
118,569,9,868,23994,1,,
0,-1,-1,-999,24000,2,proactive,1.0
16,0,3,923,24011,1,,
16,347,9,923,24011,1,,
16,17,2,923,24011,1,,
356,288,12,478,24038,1,,
356,736,7,478,24038,1,,
133,581,8,923,24039,1,,
133,41,3,923,24039,1,,
133,312,4,923,24039,1,,
133,25,5,956,24039,1,,
44,355,7,868,24054,1,,
35,1047,11,895,24059,1,,
35,148,2,919,24059,1,,
54,36,8,868,24068,1,,
122,1479,10,478,24073,1,,
122,123,7,478,24073,1,,
223,166,7,959,24079,1,,
223,77,6,895,24079,1,,
150,155,3,868,24089,1,,
150,5,11,977,24089,1,,
232,78,2,923,24099,1,,
232,268,11,956,24099,1,,
314,712,12,478,24099,1,,
77,1,6,977,24105,1,,
77,38,4,977,24105,1,,
99,448,11,478,24115,1,,
106,23,4,959,24116,1,,
106,453,6,923,24116,1,,
106,65,1,919,24116,1,,
179,6,6,972,24125,1,,
179,315,7,960,24125,1,,
85,240,10,478,24129,1,,
260,920,11,959,24134,1,,
260,-1,-1,-999,24134,2,stockout,-1.0
23,86,8,960,24139,1,,
330,55,9,478,24141,1,,
80,550,2,598,24150,1,,
80,239,4,974,24150,1,,
80,-1,-1,-999,24151,2,stockout,-1.0
321,414,6,959,24151,1,,
321,54,4,923,24151,1,,
278,171,8,960,24164,1,,
343,12,10,956,24167,1,,
315,53,7,961,24185,1,,
12,521,9,923,24195,1,,
119,808,3,478,24198,1,,
119,309,3,743,24198,1,,
305,109,6,977,24200,1,,
33,88,7,478,24208,1,,
306,109,8,821,24220,1,,
41,237,5,923,24222,1,,
41,148,4,919,24222,1,,
280,172,5,821,24233,1,,
47,763,1,730,24237,1,,
47,35,6,960,24237,1,,
170,157,5,961,24242,1,,
371,14,2,598,24248,1,,
371,343,4,960,24248,1,,
66,37,4,919,24254,1,,
66,37,5,895,24254,1,,
101,93,3,923,24271,1,,
101,2,6,895,24271,1,,
301,705,3,598,24275,1,,
7,294,4,478,24277,1,,
182,487,3,598,24283,1,,
287,8,6,923,24293,1,,
287,402,3,923,24293,1,,
148,26,6,935,24308,1,,
148,5,3,919,24308,1,,
153,99,4,478,24311,1,,
24,1382,2,598,24322,1,,
24,-1,-1,-999,24323,2,stockout,-1.0
307,52,4,971,24326,1,,
128,1485,2,947,24335,1,,
128,577,6,919,24335,1,,
128,-1,-1,-999,24335,2,stockout,-1.0
322,280,4,961,24337,1,,
190,101,3,868,24337,1,,
281,1269,2,598,24346,1,,
187,161,2,923,24349,1,,
187,491,6,895,24349,1,,
140,823,2,598,24353,1,,
314,1298,11,743,24362,1,,
271,397,12,993,24372,1,,
0,0,1,923,24383,1,,
0,0,5,934,24383,1,,
0,0,6,895,24383,1,,
0,15,2,959,24383,1,,
22,350,6,993,24383,1,,
77,547,4,821,24390,1,,
236,897,6,959,24397,1,,
236,78,2,923,24397,1,,
23,235,4,821,24397,1,,
116,308,7,895,24409,1,,
151,70,8,827,24418,1,,
270,930,8,923,24423,1,,
229,130,4,821,24434,1,,
122,1479,4,973,24440,1,,
221,77,6,895,24442,1,,
221,388,1,919,24442,1,,
221,-1,-1,-999,24442,2,stockout,-1.0
232,645,8,827,24451,1,,
21,235,1,821,24454,1,,
194,495,3,478,24484,1,,
211,508,5,827,24484,1,,
96,1098,5,959,24493,1,,
58,540,5,959,24503,1,,
129,3,2,993,24509,1,,
206,506,4,999,24511,1,,
29,87,1,959,24514,1,,
29,528,5,923,24514,1,,
85,193,3,827,24517,1,,
251,660,1,863,24517,1,,
325,54,5,923,24525,1,,
371,14,8,827,24531,1,,
371,-1,-1,-999,24531,2,stockout,-1.0
319,10,5,964,24535,1,,
130,3,7,999,24539,1,,
301,51,7,827,24559,1,,
301,51,5,980,24559,1,,
301,705,8,827,24559,1,,
301,-1,-1,-999,24559,2,stockout,-1.0
256,81,9,978,24576,1,,
248,1238,2,960,24581,1,,
333,977,5,919,24584,1,,
10,16,10,987,24590,1,,
80,550,5,598,24595,1,,
359,1341,5,919,24610,1,,
49,763,1,730,24611,1,,
49,-1,-1,-999,24611,2,stockout,-1.0
48,763,1,730,24616,1,,
5,144,8,978,24619,1,,
224,640,1,868,24627,1,,
36,148,4,919,24632,1,,
227,167,10,987,24639,1,,
177,613,4,959,24641,1,,
278,105,4,923,24651,1,,
278,-1,-1,-999,24651,2,stockout,-1.0
243,131,6,979,24677,1,,
243,653,6,1003,24677,1,,
24,1382,2,598,24681,1,,
24,86,7,827,24681,1,,
24,-1,-1,-999,24681,2,stockout,-1.0
64,150,2,987,24682,1,,
197,382,4,956,24683,1,,
225,640,1,868,24686,1,,
198,382,4,956,24697,1,,
193,494,8,979,24700,1,,
22,434,6,895,24709,1,,
214,320,10,982,24714,1,,
180,46,7,982,24731,1,,
358,140,12,944,24737,1,,
65,150,3,1003,24739,1,,
109,801,1,730,24746,1,,
209,635,4,923,24747,1,,
280,105,3,923,24757,1,,
32,58,7,1007,24769,1,,
168,72,6,982,24773,1,,
304,708,3,956,24781,1,,
304,-1,-1,-999,24781,2,stockout,-1.0
333,727,11,873,24799,1,,
162,44,11,997,24802,1,,
349,1331,3,923,24811,1,,
221,388,7,919,24824,1,,
116,308,3,955,24832,1,,
292,950,2,988,24848,1,,
292,107,8,988,24848,1,,
61,190,8,1013,24848,1,,
29,184,12,988,24867,1,,
312,177,4,988,24876,1,,
27,87,2,959,24877,1,,
27,-1,-1,-999,24877,2,stockout,-1.0
133,581,4,988,24885,1,,
133,-1,-1,-999,24885,2,stockout,-1.0
33,1,7,1006,24896,1,,
134,581,6,988,24897,1,,
108,1109,2,923,24901,1,,
190,862,4,988,24906,1,,
190,-1,-1,-999,24906,2,stockout,-1.0
305,109,7,1012,24918,1,,
220,77,3,988,24926,1,,
151,70,6,1006,24927,1,,
276,681,3,988,24934,1,,
328,54,7,1006,24938,1,,
181,73,6,1006,24947,1,,
105,23,4,904,24950,1,,
128,577,1,919,24955,1,,
152,70,7,938,24990,1,,
152,98,10,938,24990,1,,
7,15,10,938,25004,1,,
193,382,1,956,25012,1,,
87,63,7,938,25014,1,,
87,-1,-1,-999,25015,2,stockout,-1.0
192,101,7,989,25018,1,,
153,27,8,1014,25026,1,,
111,456,1,923,25032,1,,
18,432,6,1014,25035,1,,
357,112,9,981,25041,1,,
41,237,6,767,25046,1,,
348,13,12,998,25052,1,,
278,105,1,923,25059,1,,
291,133,7,981,25072,1,,
31,120,9,998,25074,1,,
31,1,4,1023,25074,1,,
286,172,7,981,25085,1,,
180,852,6,967,25089,1,,
180,7,5,998,25089,1,,
221,77,4,988,25099,1,,
221,47,4,981,25099,1,,
283,8,8,1021,25113,1,,
14,146,6,981,25125,1,,
92,556,6,981,25136,1,,
17,118,10,998,25140,1,,
24,0,3,895,25148,1,,
301,51,6,980,25148,1,,
72,61,7,998,25151,1,,
72,1,1,1023,25151,1,,
175,158,6,1021,25159,1,,
120,24,6,1021,25171,1,,
19,119,11,1008,25177,1,,
23,58,11,822,25179,1,,
23,525,9,822,25179,1,,
105,368,6,986,25203,1,,
105,563,4,767,25203,1,,
71,61,4,822,25207,1,,
71,1,8,822,25207,1,,
71,37,4,822,25207,1,,
318,178,9,1008,25219,1,,
225,1215,3,962,25228,1,,
225,7,3,1025,25228,1,,
161,479,10,1008,25235,1,,
342,137,8,998,25238,1,,
46,1053,8,1008,25249,1,,
94,38,1,822,25251,1,,
94,1451,3,822,25251,1,,
94,153,5,822,25251,1,,
304,708,4,956,25258,1,,
192,207,7,981,25266,1,,
236,897,12,822,25268,1,,
36,297,4,981,25275,1,,
263,671,2,1021,25282,1,,
263,-1,-1,-999,25282,2,stockout,-1.0
179,6,10,822,25288,1,,
179,160,4,822,25288,1,,
133,581,1,988,25290,1,,
27,87,1,959,25299,1,,
27,0,4,1008,25299,1,,
27,0,8,970,25299,1,,
121,310,7,822,25301,1,,
99,22,1,1021,25311,1,,
329,11,8,1020,25315,1,,
95,195,6,822,25327,1,,
278,105,7,938,25341,1,,
278,-1,-1,-999,25341,2,stockout,-1.0
128,312,7,924,25353,1,,
128,67,10,924,25353,1,,
128,3,8,924,25353,1,,
135,582,6,998,25365,1,,
35,88,2,984,25371,1,,
35,18,9,1019,25371,1,,
35,18,3,984,25371,1,,
10,145,6,924,25382,1,,
10,738,6,924,25382,1,,
10,16,5,924,25382,1,,
10,116,4,924,25382,1,,
301,51,6,1026,25384,1,,
24,0,1,970,25387,1,,
126,66,10,1019,25404,1,,
33,18,3,984,25410,1,,
370,142,6,1014,25412,1,,
264,334,6,924,25417,1,,
264,218,9,924,25417,1,,
264,48,10,924,25417,1,,
34,18,4,984,25417,1,,
288,1636,6,1023,25424,1,,
19,745,8,975,25429,1,,
330,55,2,984,25434,1,,
111,24,6,924,25443,1,,
111,369,12,924,25443,1,,
28,527,11,924,25467,1,,
28,119,6,924,25467,1,,
343,12,4,1010,25469,1,,
190,162,5,822,25489,1,,
101,38,10,924,25494,1,,
101,93,9,1022,25494,1,,
235,104,4,822,25498,1,,
344,138,2,984,25499,1,,
344,-1,-1,-999,25499,2,stockout,-1.0
2,514,4,822,25508,1,,
42,59,9,924,25518,1,,
42,442,7,924,25518,1,,
144,586,3,998,25527,1,,
144,-1,-1,-999,25527,2,stockout,-1.0
304,51,3,1019,25534,1,,
304,51,4,1026,25534,1,,
304,136,6,1034,25534,1,,
193,162,1,822,25535,1,,
224,323,10,924,25543,1,,
224,215,7,924,25543,1,,
29,120,7,1024,25546,1,,
150,27,2,822,25558,1,,
294,134,10,924,25563,1,,
294,50,3,924,25563,1,,
138,26,4,1024,25566,1,,
238,104,3,822,25571,1,,
163,599,8,1031,25583,1,,
308,52,4,924,25585,1,,
308,9,8,924,25585,1,,
308,176,3,924,25585,1,,
52,60,5,924,25603,1,,
52,189,7,924,25603,1,,
58,540,4,1034,25607,1,,
233,78,3,945,25612,1,,
309,109,6,1031,25617,1,,
166,203,5,924,25622,1,,
166,6,7,924,25622,1,,
339,222,6,924,25640,1,,
339,283,5,924,25640,1,,
234,78,2,945,25650,1,,
24,0,1,863,25655,1,,
180,73,3,1034,25656,1,,
147,4,6,924,25656,1,,
147,98,4,924,25656,1,,
188,161,7,1004,25670,1,,
265,28,5,1001,25674,1,,
265,1619,6,1001,25674,1,,
306,9,6,1004,25679,1,,
229,130,2,924,25683,1,,
229,324,7,924,25683,1,,
189,161,11,909,25694,1,,
359,140,7,924,25718,1,,
359,738,2,924,25718,1,,
53,189,9,909,25726,1,,
288,692,9,695,25727,1,,
288,692,10,914,25727,1,,
146,42,8,1044,25733,1,,
79,549,8,1001,25741,1,,
274,679,7,924,25746,1,,
235,78,3,945,25749,1,,
124,24,6,924,25762,1,,
334,136,7,1043,25763,1,,
334,84,2,916,25763,1,,
334,29,6,916,25763,1,,
148,69,8,1001,25763,1,,
275,276,6,924,25774,1,,
151,27,6,1043,25785,1,,
151,5,6,916,25785,1,,
304,51,5,1046,25786,1,,
304,-1,-1,-999,25786,2,stockout,-1.0
66,779,6,909,25799,1,,
66,1,4,1043,25799,1,,
13,17,12,1046,25806,1,,
371,1353,6,924,25808,1,,
259,919,8,909,25813,1,,
259,667,2,1043,25813,1,,
252,330,6,924,25820,1,,
15,1029,8,1043,25825,1,,
313,84,7,1047,25836,1,,
190,862,3,988,25845,1,,
190,207,2,981,25845,1,,
210,636,7,916,25846,1,,
210,-1,-1,-999,25846,2,stockout,-1.0
149,98,10,948,25851,1,,
177,204,4,1004,25863,1,,
139,468,10,948,25878,1,,
83,796,5,924,25881,1,,
44,444,3,1043,25884,1,,
44,-1,-1,-999,25884,2,stockout,-1.0
80,2,6,948,25890,1,,
128,249,5,1032,25891,1,,
244,327,5,924,25901,1,,
22,58,2,909,25902,1,,
43,354,10,948,25906,1,,
180,204,4,1004,25916,1,,
263,396,8,948,25920,1,,
23,146,3,995,25935,1,,
23,58,6,995,25935,1,,
24,1382,2,598,25937,1,,
24,0,3,924,25937,1,,
24,0,4,981,25937,1,,
24,146,2,924,25937,1,,
24,-1,-1,-999,25937,2,stockout,-1.0
159,43,9,995,25950,1,,
188,1186,9,924,25952,1,,
84,796,4,957,25961,1,,
189,381,8,916,25966,1,,
42,354,8,995,25968,1,,
200,500,2,1034,25971,1,,
246,327,5,924,25976,1,,
25,58,9,1050,26004,1,,
25,295,6,1050,26004,1,,
176,261,10,968,26005,1,,
258,666,4,924,26007,1,,
198,868,2,924,26018,1,,
344,138,2,984,26022,1,,
204,75,5,1050,26032,1,,
204,28,6,1050,26032,1,,
204,211,6,1050,26032,1,,
204,126,2,1050,26032,1,,
214,77,2,924,26044,1,,
136,26,6,995,26050,1,,
136,251,6,1050,26050,1,,
321,179,3,924,26061,1,,
229,642,3,995,26067,1,,
229,267,7,1050,26067,1,,
221,77,2,924,26068,1,,
177,261,1,968,26078,1,,
371,14,10,1050,26083,1,,
371,-1,-1,-999,26083,2,stockout,-1.0
186,206,12,1054,26088,1,,
313,84,9,1053,26092,1,,
163,6,6,1054,26099,1,,
34,59,10,1050,26099,1,,
205,75,9,1053,26104,1,,
224,129,4,1053,26113,1,,
288,50,6,995,26113,1,,
288,1636,2,995,26113,1,,
105,23,6,948,26125,1,,
16,57,1,1050,26138,1,,
16,117,6,1050,26138,1,,
259,333,5,1054,26144,1,,
202,126,6,1050,26149,1,,
314,84,8,1069,26162,1,,
263,671,6,715,26165,1,,
39,34,8,1055,26171,1,,
39,-1,-1,-999,26171,2,stockout,-1.0
325,10,5,1054,26172,1,,
66,37,4,1054,26191,1,,
345,12,4,1055,26192,1,,
345,56,6,1055,26192,1,,
210,636,1,916,26197,1,,
106,23,2,924,26200,1,,
246,656,5,696,26215,1,,
308,411,6,1050,26216,1,,
133,4,1,924,26220,1,,
44,444,2,1043,26227,1,,
326,10,6,1050,26234,1,,
153,591,6,1055,26236,1,,
0,115,5,1050,26245,1,,
225,77,1,924,26251,1,,
225,-1,-1,-999,26252,2,stockout,-1.0
218,77,1,924,26258,1,,
344,138,12,883,26262,1,,
157,71,1,1052,26272,1,,
157,255,4,1050,26272,1,,
223,265,12,1071,26279,1,,
343,12,12,1071,26295,1,,
245,327,1,924,26304,1,,
245,-1,-1,-999,26304,2,stockout,-1.0
33,1,7,1071,26308,1,,
228,77,1,924,26313,1,,
304,51,5,1046,26320,1,,
229,103,9,976,26322,1,,
82,795,4,1050,26329,1,,
154,837,6,1071,26344,1,,
177,261,6,995,26345,1,,
177,72,2,1052,26345,1,,
356,111,5,1030,26355,1,,
207,164,8,976,26356,1,,
217,214,4,1050,26367,1,,
287,946,7,650,26374,1,,
10,57,3,1050,26375,1,,
148,253,5,1071,26378,1,,
272,677,3,1050,26383,1,,
14,33,5,650,26384,1,,
160,374,4,650,26393,1,,
24,1382,2,598,26404,1,,
24,0,3,981,26404,1,,
24,-1,-1,-999,26404,2,stockout,-1.0
282,50,4,1071,26410,1,,
100,93,5,650,26414,1,,
86,21,3,1050,26424,1,,
330,55,11,1058,26431,1,,
128,25,6,1058,26443,1,,
271,82,6,1058,26462,1,,
231,130,12,1041,26463,1,,
246,907,12,1050,26467,1,,
54,36,2,1050,26474,1,,
48,356,3,976,26481,1,,
48,1,10,1076,26481,1,,
291,1639,8,1041,26493,1,,
155,5,2,1041,26497,1,,
106,1463,9,1000,26510,1,,
106,1107,12,650,26510,1,,
83,358,7,992,26512,1,,
83,20,7,992,26512,1,,
39,34,2,1055,26513,1,,
263,671,4,1021,26526,1,,
308,176,9,1030,26528,1,,
308,-1,-1,-999,26528,2,stockout,-1.0
371,1353,5,650,26541,1,,
171,1169,10,992,26544,1,,
129,25,6,992,26556,1,,
82,795,12,936,26574,1,,
207,633,10,910,26582,1,,
306,136,6,992,26588,1,,
306,9,2,1078,26588,1,,
225,77,1,924,26593,1,,
225,77,2,650,26593,1,,
175,158,8,991,26594,1,,
87,21,5,992,26598,1,,
133,4,2,991,26598,1,,
13,346,4,992,26607,1,,
329,11,1,1067,26616,1,,
107,245,8,991,26616,1,,
280,172,2,991,26621,1,,
244,80,1,991,26624,1,,
337,137,4,992,26631,1,,
327,54,2,1080,26646,1,,
86,360,3,991,26653,1,,
245,327,1,924,26670,1,,
342,137,3,992,26673,1,,
40,19,5,1049,26674,1,,
40,1,4,1061,26674,1,,
40,1,6,1049,26674,1,,
328,54,6,1080,26681,1,,
190,207,10,1061,26696,1,,
102,94,11,1049,26715,1,,
372,142,1,1016,26717,1,,
179,100,9,928,26724,1,,
179,1534,4,928,26724,1,,
373,114,6,1066,26729,1,,
369,142,2,1016,26736,1,,
205,47,10,437,26739,1,,
205,127,8,437,26739,1,,
98,558,4,1066,26745,1,,
99,558,4,1066,26754,1,,
105,244,10,928,26760,1,,
88,21,9,928,26775,1,,
194,208,6,1066,26778,1,,
194,28,10,1066,26778,1,,
57,770,9,437,26783,1,,
57,189,6,437,26783,1,,
100,558,2,1066,26785,1,,
305,83,8,928,26789,1,,
39,34,12,991,26800,1,,
63,1067,6,928,26800,1,,
24,0,10,966,26817,1,,
92,21,4,437,26820,1,,
92,21,6,1061,26820,1,,
92,194,5,1075,26820,1,,
52,1059,4,1005,26833,1,,
52,60,6,1005,26833,1,,
261,7,8,1084,26839,1,,
261,218,6,1084,26839,1,,
263,170,3,1061,26841,1,,
263,334,8,437,26841,1,,
338,181,1,928,26848,1,,
338,728,8,966,26848,1,,
128,25,6,1018,26856,1,,
128,95,4,437,26856,1,,
171,607,6,1038,26859,1,,
46,446,10,437,26870,1,,
141,824,5,928,26871,1,,
185,1540,10,905,26882,1,,
185,7,6,905,26882,1,,
112,306,9,437,26883,1,,
13,1027,11,928,26889,1,,
149,69,6,1084,26894,1,,
10,16,8,1049,26895,1,,
204,75,8,1075,26906,1,,
240,79,4,1049,26918,1,,
240,271,4,437,26918,1,,
27,18,10,905,26918,1,,
87,63,8,928,26927,1,,
327,10,8,437,26934,1,,
74,91,10,1063,26935,1,,
184,7,8,1063,26968,1,,
184,1539,10,1063,26968,1,,
184,46,6,1063,26968,1,,
11,145,4,1005,26979,1,,
113,3,2,1084,26986,1,,
113,65,10,905,26986,1,,
96,93,4,966,26988,1,,
101,122,7,1018,26990,1,,
97,93,3,966,26996,1,,
344,138,8,1049,27002,1,,
209,635,10,905,27003,1,,
209,-1,-1,-999,27003,2,stockout,-1.0
280,172,7,1049,27012,1,,
257,332,10,1063,27019,1,,
7,116,6,1049,27022,1,,
129,25,2,1005,27027,1,,
229,130,8,905,27033,1,,
98,93,3,966,27036,1,,
205,384,3,928,27044,1,,
25,17,3,1063,27050,1,,
25,183,8,1056,27050,1,,
24,0,2,1005,27051,1,,
24,-1,-1,-999,27051,2,stockout,-1.0
110,455,6,1061,27051,1,,
283,50,8,905,27064,1,,
16,181,1,928,27073,1,,
346,420,6,1049,27075,1,,
137,97,3,1084,27077,1,,
137,251,4,1063,27077,1,,
105,23,6,437,27088,1,,
0,181,1,928,27106,1,,
0,32,9,1092,27106,1,,
144,586,1,998,27112,1,,
154,99,7,905,27117,1,,
370,1009,6,1018,27122,1,,
214,320,5,437,27130,1,,
304,51,7,905,27138,1,,
304,-1,-1,-999,27138,2,stockout,-1.0
366,113,6,437,27148,1,,
366,-1,-1,-999,27148,2,stockout,-1.0
294,174,1,992,27151,1,,
155,475,2,437,27176,1,,
155,5,2,437,27176,1,,
181,1179,6,1063,27178,1,,
266,674,3,1049,27182,1,,
49,188,7,905,27191,1,,
321,10,6,905,27202,1,,
242,79,2,1049,27210,1,,
295,174,7,1011,27211,1,,
371,142,2,1016,27211,1,,
371,231,2,905,27211,1,,
245,80,1,991,27216,1,,
308,176,1,1030,27217,1,,
373,290,1,985,27217,1,,
339,181,1,928,27222,1,,
151,254,6,1100,27237,1,,
315,10,1,905,27252,1,,
159,71,8,1095,27252,1,,
277,49,5,1100,27263,1,,
143,199,1,1086,27267,1,,
73,61,6,1095,27276,1,,
203,47,7,1095,27287,1,,
296,174,11,1045,27288,1,,
134,251,1,1072,27293,1,,
54,36,4,1095,27299,1,,
2,-1,-1,-999,27300,2,proactive,1.0
312,177,5,1111,27313,1,,
135,251,6,1072,27315,1,,
24,0,5,1049,27325,1,,
24,0,5,1075,27325,1,,
24,0,2,984,27325,1,,
24,1382,2,1024,27325,1,,
24,-1,-1,-999,27325,2,stockout,-1.0
0,15,4,709,27342,1,,
344,84,12,1094,27360,1,,
344,56,5,1094,27360,1,,
344,12,6,1094,27360,1,,
305,83,6,709,27361,1,,
93,242,7,709,27374,1,,
144,199,10,1094,27376,1,,
278,105,8,709,27388,1,,
278,-1,-1,-999,27388,2,stockout,-1.0
13,521,5,1094,27391,1,,
13,234,4,1094,27391,1,,
53,89,7,1108,27393,1,,
137,584,3,709,27411,1,,
137,-1,-1,-999,27412,2,stockout,-1.0
345,30,2,1099,27413,1,,
6,1022,3,1101,27419,1,,
242,903,9,911,27429,1,,
49,1056,6,1068,27431,1,,
346,30,6,1099,27437,1,,
5,144,4,1029,27440,1,,
128,312,7,1104,27450,1,,
12,345,1,1099,27455,1,,
89,21,7,1101,27459,1,,
129,3,8,1042,27478,1,,
334,978,6,1104,27489,1,,
349,31,8,1073,27494,1,,
349,85,4,1073,27494,1,,
34,1,9,1116,27495,1,,
1,115,8,1042,27504,1,,
11,117,8,1110,27517,1,,
133,41,8,1073,27521,1,,
240,168,12,1107,27533,1,,
340,137,2,1059,27540,1,,
340,-1,-1,-999,27540,2,stockout,-1.0
177,159,3,1107,27548,1,,
342,137,1,1059,27561,1,,
185,1183,9,1107,27577,1,,
338,137,2,1059,27583,1,,
225,77,3,1073,27586,1,,
225,-1,-1,-999,27587,2,stockout,-1.0
339,137,1,1059,27589,1,,
114,803,2,1107,27596,1,,
114,-1,-1,-999,27596,2,stockout,-1.0
134,371,12,1099,27598,1,,
58,149,6,1110,27607,1,,
163,6,6,1090,27607,1,,
7,85,2,1073,27618,1,,
280,172,2,1085,27625,1,,
170,100,2,1110,27625,1,,
170,157,11,799,27625,1,,
108,454,10,799,27639,1,,
168,72,8,1088,27650,1,,
178,159,8,799,27650,1,,
222,166,6,1102,27669,1,,
318,178,1,1102,27674,1,,
365,1005,7,799,27692,1,,
258,333,10,1102,27694,1,,
36,18,4,1102,27704,1,,
59,149,6,1110,27705,1,,
344,30,2,1099,27715,1,,
344,12,5,799,27715,1,,
254,662,8,1117,27729,1,,
254,-1,-1,-999,27729,2,stockout,-1.0
319,178,10,1081,27740,1,,
110,369,9,1117,27744,1,,
173,45,8,1115,27755,1,,
24,1382,2,598,27757,1,,
24,-1,-1,-999,27757,2,stockout,-1.0
165,257,6,1088,27760,1,,
165,71,6,1122,27760,1,,
102,1103,4,799,27766,1,,
211,128,7,1122,27778,1,,
211,7,4,1122,27778,1,,
278,105,1,709,27784,1,,
278,277,7,1065,27784,1,,
31,439,8,1122,27792,1,,
334,29,10,799,27800,1,,
34,754,7,1059,27806,1,,
34,1,1,1122,27806,1,,
128,3,4,1122,27815,1,,
370,1009,7,1125,27828,1,,
2,0,4,984,27837,1,,
371,14,3,799,27837,1,,
366,113,2,437,27843,1,,
346,285,2,872,27851,1,,
180,7,4,1125,27852,1,,
39,34,1,1115,27855,1,,
39,-1,-1,-999,27855,2,stockout,-1.0
33,1,3,1125,27860,1,,
7,516,9,1085,27870,1,,
6,116,2,1120,27882,1,,
342,284,9,1126,27897,1,,
212,-1,-1,-999,27900,2,proactive,1.0
264,-1,-1,-999,27900,2,proactive,1.0
137,584,4,709,27910,1,,
101,122,4,1126,27913,1,,
340,137,2,1059,27913,1,,
8,116,2,1120,27917,1,,
29,1,2,1129,27917,1,,
0,15,3,1136,27940,1,,
225,77,6,1073,27951,1,,
285,1633,7,1135,27964,1,,
330,55,1,1135,27970,1,,
318,178,4,1135,27979,1,,
126,24,4,1135,27988,1,,
226,266,2,1135,27995,1,,
329,1313,10,1033,27996,1,,
344,30,8,1033,28011,1,,
77,547,5,1033,28021,1,,
35,1,7,1137,28027,1,,
291,405,4,1033,28030,1,,
147,98,5,1113,28040,1,,
148,69,2,1033,28047,1,,
114,803,6,1107,28059,1,,
114,-1,-1,-999,28059,2,stockout,-1.0
331,280,8,1131,28072,1,,
331,11,7,1131,28072,1,,
271,170,1,1137,28076,1,,
263,170,1,1137,28081,1,,
335,29,3,1137,28091,1,,
75,62,8,1139,28101,1,,
5,144,12,1131,28110,1,,
284,400,4,908,28115,1,,
333,222,8,1131,28124,1,,
128,3,6,994,28128,1,,
314,53,9,1131,28139,1,,
320,718,11,1015,28155,1,,
290,8,12,994,28160,1,,
290,404,6,994,28160,1,,
238,79,1,1135,28161,1,,
123,40,7,1131,28162,1,,
2,0,6,1099,28176,1,,
2,0,2,1005,28176,1,,
18,1377,6,994,28176,1,,
124,1481,4,1015,28177,1,,
124,123,6,1015,28177,1,,
337,55,8,1015,28192,1,,
198,499,5,1074,28194,1,,
198,74,6,1070,28194,1,,
283,106,4,1015,28207,1,,
283,50,5,1015,28207,1,,
49,1056,6,1015,28218,1,,
43,443,9,1015,28233,1,,
340,30,3,1033,28242,1,,
340,729,8,994,28242,1,,
225,266,5,1135,28251,1,,
225,323,6,1015,28251,1,,
106,245,6,994,28256,1,,
206,127,7,1015,28264,1,,
324,720,12,1138,28274,1,,
24,1382,1,598,28276,1,,
24,0,6,1015,28276,1,,
56,769,4,1123,28284,1,,
111,39,2,994,28295,1,,
111,564,4,1138,28295,1,,
39,34,9,1115,28300,1,,
39,1,6,1131,28300,1,,
149,5,6,1138,28306,1,,
257,48,8,1070,28314,1,,
76,152,4,1123,28316,1,,
151,834,7,1070,28326,1,,
7,116,5,1120,28330,1,,
307,9,6,1131,28338,1,,
161,479,7,1093,28343,1,,
161,5,12,1093,28343,1,,
0,115,6,1070,28349,1,,
125,66,5,1082,28352,1,,
102,94,6,1131,28361,1,,
92,64,2,994,28366,1,,
92,21,6,1093,28366,1,,
92,2,8,1093,28366,1,,
204,75,4,1074,28370,1,,
99,93,3,1015,28375,1,,
99,-1,-1,-999,28376,2,stockout,-1.0
342,284,4,1131,28379,1,,
30,750,10,1093,28383,1,,
107,245,10,1093,28412,1,,
264,170,3,1137,28414,1,,
243,79,1,1135,28432,1,,
150,27,9,1134,28432,1,,
243,-1,-1,-999,28432,2,stockout,-1.0
101,93,1,1015,28438,1,,
128,25,8,1093,28440,1,,
212,77,1,1073,28443,1,,
314,962,10,1074,28449,1,,
43,762,6,1097,28455,1,,
33,1045,3,1079,28457,1,,
33,88,3,1093,28457,1,,
241,79,1,1135,28460,1,,
100,22,8,1132,28474,1,,
242,652,5,1093,28486,1,,
365,229,6,1132,28487,1,,
93,363,6,1119,28498,1,,
114,803,1,1107,28508,1,,
114,39,4,994,28508,1,,
152,200,9,1132,28511,1,,
152,835,3,1132,28511,1,,
113,3,10,1105,28512,1,,
175,158,8,1089,28522,1,,
162,124,2,1105,28552,1,,
162,27,6,1105,28552,1,,
132,580,10,1124,28560,1,,
191,623,8,1105,28567,1,,
274,1262,6,1089,28569,1,,
40,88,2,1093,28578,1,,
40,759,3,1124,28578,1,,
205,75,8,1105,28581,1,,
41,1,3,187,28582,1,,
41,19,10,187,28582,1,,
41,88,9,187,28582,1,,
41,237,8,187,28582,1,,
41,59,10,187,28582,1,,
304,109,10,1105,28597,1,,
206,506,5,1124,28609,1,,
29,749,7,1105,28610,1,,
148,5,12,187,28621,1,,
148,26,7,1112,28621,1,,
148,42,10,1112,28621,1,,
24,0,6,1005,28621,1,,
24,-1,-1,-999,28621,2,stockout,-1.0
161,43,12,1089,28625,1,,
313,413,4,1093,28632,1,,
134,817,7,1105,28634,1,,
134,-1,-1,-999,28634,2,stockout,-1.0
154,592,5,1114,28652,1,,
154,27,7,1114,28652,1,,
154,-1,-1,-999,28652,2,stockout,-1.0
87,21,6,1112,28657,1,,
87,38,10,1112,28657,1,,
87,153,2,1112,28657,1,,
87,2,8,1112,28657,1,,
203,74,3,1070,28680,1,,
203,102,9,1114,28680,1,,
203,383,8,1098,28680,1,,
203,-1,-1,-999,28681,2,stockout,-1.0
344,12,10,187,28690,1,,
344,138,10,187,28690,1,,
344,224,4,1112,28690,1,,
354,226,8,1060,28708,1,,
127,24,5,1060,28716,1,,
366,229,6,187,28722,1,,
366,32,3,187,28722,1,,
366,85,4,187,28722,1,,
366,14,10,1112,28722,1,,
111,2,10,1127,28730,1,,
88,361,11,1121,28743,1,,
88,2,1,1017,28743,1,,
88,21,2,1017,28743,1,,
18,33,9,1098,28753,1,,
18,85,3,795,28753,1,,
18,432,11,795,28753,1,,
349,13,10,1127,28762,1,,
349,13,10,1133,28762,1,,
102,22,8,187,28764,1,,
102,122,6,1112,28764,1,,
115,65,6,1114,28783,1,,
115,459,4,1114,28783,1,,
115,3,10,795,28783,1,,
112,457,7,1112,28784,1,,
112,2,6,1017,28784,1,,
76,38,2,1124,28784,1,,
76,1,3,1127,28784,1,,
76,20,12,1133,28784,1,,
