pod_id,item_id,qty,order_id,processed_time,task_type,trigger,opp_score,trip_start,trip_duration
0,28,9,-25,52,1,,
199,165,8,-97,54,1,,
319,0,4,-41,64,1,,
319,0,6,-61,64,1,,
319,0,6,-37,64,1,,
319,0,4,-9,64,1,,
257,221,4,-96,75,1,,
257,259,10,-92,75,1,,
155,147,10,-98,81,1,,
155,1574,12,-26,81,1,,
363,201,8,-90,87,1,,
384,52,8,-28,93,1,,
282,38,6,-65,96,1,,
282,38,11,-67,96,1,,
282,20,8,-61,96,1,,
415,173,9,-92,100,1,,
427,690,8,-28,104,1,,
455,629,8,-97,112,1,,
479,1080,11,-27,120,1,,
178,10,10,-67,121,1,,
178,65,7,-61,121,1,,
178,1705,2,-9,121,1,,
437,140,7,-95,122,1,,
438,237,2,-73,131,1,,
438,237,6,-60,131,1,,
439,268,7,-96,133,1,,
320,0,4,-9,150,1,,
320,0,10,-38,150,1,,
320,0,6,-21,150,1,,
362,2698,2,-60,169,1,,
362,119,5,-23,169,1,,
106,347,4,-67,181,1,,
106,47,7,-67,181,1,,
106,1295,12,-37,181,1,,
460,727,6,-92,185,1,,
117,1362,7,-25,185,1,,
256,233,6,-26,194,1,,
321,0,4,-21,204,1,,
321,0,11,-67,204,1,,
273,277,4,-93,206,1,,
264,90,6,-25,212,1,,
385,34,2,-99,221,1,,
290,291,10,-67,222,1,,
290,2317,2,-37,222,1,,
56,1622,2,-100,227,1,,
485,1173,4,-96,237,1,,
386,120,7,-67,241,1,,
386,80,5,-9,241,1,,
446,450,6,-28,253,1,,
238,2038,2,-95,258,1,,
453,586,11,-67,259,1,,
288,2,5,-26,261,1,,
387,146,4,-98,275,1,,
456,648,12,-61,277,1,,
450,533,3,-27,287,1,,
226,214,8,-61,294,1,,
226,1980,2,-21,294,1,,
441,328,3,-28,301,1,,
108,45,10,-65,310,1,,
50,88,8,-68,323,1,,
0,30,2,-67,325,1,,
0,51,7,-38,325,1,,
190,1771,4,-73,326,1,,
455,625,10,-46,340,1,,
449,513,10,-67,341,1,,
467,869,2,-28,344,1,,
462,776,9,-67,356,1,,
282,36,7,-36,371,1,,
438,204,8,-100,374,1,,
239,157,6,-38,377,1,,
239,2045,2,-37,377,1,,
39,44,6,-52,383,1,,
229,276,6,-16,393,1,,
51,88,8,-16,404,1,,
338,136,8,-37,409,1,,
180,166,9,-59,416,1,,
289,211,5,-16,423,1,,
93,13,6,-66,425,1,,
361,69,3,-16,428,1,,
384,21,6,-61,441,1,,
40,29,10,-22,451,1,,
421,358,7,-38,451,1,,
95,13,6,-53,465,1,,
398,747,6,-61,468,1,,
94,13,4,-59,472,1,,
362,156,6,-37,477,1,,
283,2,8,-22,481,1,,
283,36,11,14,481,1,,
440,281,6,-41,487,1,,
192,191,8,-62,492,1,,
287,27,11,-86,496,1,,
158,1588,4,-62,499,1,,
456,642,1,-98,502,1,,
485,1169,11,-61,506,1,,
452,574,5,-67,514,1,,
284,36,10,-94,529,1,,
151,16,5,-42,537,1,,
416,187,6,-70,552,1,,
481,1107,5,-61,563,1,,
76,24,9,-70,565,1,,
1,3,10,-7,568,1,,
427,679,4,-67,571,1,,
102,1272,2,-61,579,1,,
102,58,3,-37,579,1,,
417,195,9,-7,586,1,,
77,58,7,-11,588,1,,
77,4,10,-11,588,1,,
418,222,10,-43,600,1,,
339,109,12,-11,604,1,,
140,1495,6,-22,609,1,,
285,27,7,0,620,1,,
455,634,7,-21,622,1,,
455,637,10,-9,622,1,,
264,33,6,0,629,1,,
300,2369,4,-41,632,1,,
409,86,7,-11,633,1,,
462,765,6,-44,641,1,,
298,26,5,-94,646,1,,
467,866,6,-62,650,1,,
410,76,4,14,655,1,,
437,186,3,-61,666,1,,
363,69,4,14,679,1,,
475,1001,3,-38,684,1,,
229,276,4,0,687,1,,
125,1407,6,-55,694,1,,
457,661,5,-70,702,1,,
315,712,6,-54,711,1,,
361,2695,3,-41,719,1,,
128,1,8,-2,723,1,,
139,43,2,-67,724,1,,
389,247,2,-38,729,1,,
352,2650,2,0,740,1,,
129,45,7,-39,742,1,,
267,2199,2,-67,754,1,,
448,498,2,-9,762,1,,
411,108,5,-55,767,1,,
411,98,1,-39,767,1,,
186,1747,2,-37,770,1,,
450,539,2,-16,774,1,,
452,3088,2,0,780,1,,
476,1028,6,-39,781,1,,
161,1610,1,-16,796,1,,
338,109,5,20,807,1,,
417,203,8,-14,811,1,,
444,401,2,-11,821,1,,
361,-1,-1,-999,826,2,v14_piggyback,2.0,719,107
261,296,10,31,830,1,,
261,2164,4,31,830,1,,
379,1055,2,-86,834,1,,
414,138,2,-41,834,1,,
157,65,8,26,846,1,,
413,143,8,-50,848,1,,
470,921,2,-9,853,1,,
225,25,8,38,857,1,,
130,89,6,-85,862,1,,
353,713,10,38,872,1,,
321,0,5,38,880,1,,
412,122,5,-85,886,1,,
162,1616,2,-85,895,1,,
409,86,8,-54,897,1,,
409,70,10,-55,897,1,,
131,141,8,-35,909,1,,
389,208,6,28,918,1,,
410,97,4,-24,921,1,,
459,718,9,-35,931,1,,
479,1080,4,-82,933,1,,
320,61,6,34,946,1,,
42,82,3,38,952,1,,
422,2957,2,-34,965,1,,
448,487,6,-32,978,1,,
448,495,9,-35,978,1,,
408,2897,2,28,982,1,,
411,102,4,-47,986,1,,
411,106,10,-30,986,1,,
322,213,12,-48,992,1,,
158,65,5,-82,994,1,,
110,1323,2,38,997,1,,
451,549,6,-34,1003,1,,
272,2223,2,44,1007,1,,
388,198,4,-3,1013,1,,
128,1,12,-13,1013,1,,
236,2030,2,2,1020,1,,
323,0,12,46,1030,1,,
163,10,8,22,1042,1,,
318,2467,2,-3,1044,1,,
407,40,6,13,1053,1,,
444,396,3,-56,1053,1,,
444,394,7,-82,1053,1,,
324,91,6,-13,1063,1,,
324,61,10,22,1063,1,,
288,36,4,13,1068,1,,
358,12,8,-48,1075,1,,
452,575,6,-13,1084,1,,
159,75,8,43,1092,1,,
289,2,6,36,1098,1,,
440,314,4,43,1102,1,,
227,1985,4,-80,1109,1,,
164,151,6,27,1113,1,,
164,14,7,27,1113,1,,
453,594,5,43,1118,1,,
413,133,3,2,1121,1,,
101,1265,2,-80,1122,1,,
264,162,11,43,1137,1,,
395,600,9,27,1143,1,,
280,470,9,-15,1144,1,,
359,12,5,27,1166,1,,
479,1082,7,-34,1167,1,,
480,1085,8,27,1181,1,,
412,105,8,-77,1184,1,,
412,106,12,28,1184,1,,
353,2653,1,44,1184,1,,
445,421,6,-15,1193,1,,
468,878,3,3,1197,1,,
410,96,5,-83,1198,1,,
305,346,5,-15,1201,1,,
414,143,6,5,1210,1,,
292,2330,4,5,1217,1,,
446,453,2,38,1224,1,,
257,2143,2,46,1228,1,,
273,277,2,40,1234,1,,
451,548,10,44,1252,1,,
408,66,6,-13,1254,1,,
215,23,6,35,1264,1,,
437,3022,2,-31,1265,1,,
229,123,2,-13,1267,1,,
123,1395,4,29,1274,1,,
290,412,7,29,1284,1,,
337,6,2,-83,1291,1,,
214,286,4,39,1294,1,,
214,231,5,39,1294,1,,
40,29,4,19,1301,1,,
440,290,5,-29,1309,1,,
68,1962,1,34,1314,1,,
332,792,4,39,1316,1,,
385,55,8,-71,1324,1,,
453,594,5,3,1331,1,,
453,594,6,19,1331,1,,
444,403,4,-80,1338,1,,
265,183,3,39,1343,1,,
336,894,7,-81,1354,1,,
407,40,8,-15,1370,1,,
384,53,8,17,1381,1,,
413,2916,4,27,1387,1,,
295,2345,4,16,1390,1,,
50,88,8,33,1398,1,,
409,84,8,17,1402,1,,
224,23,2,17,1409,1,,
480,1086,11,-18,1414,1,,
283,128,7,-71,1422,1,,
338,6,12,73,1430,1,,
445,427,6,35,1433,1,,
288,20,12,59,1441,1,,
39,44,7,68,1443,1,,
199,223,10,-19,1448,1,,
386,73,6,59,1452,1,,
289,20,11,73,1458,1,,
414,137,4,-71,1462,1,,
51,4,8,74,1470,1,,
387,132,11,62,1479,1,,
446,441,12,53,1486,1,,
200,185,6,-89,1489,1,,
200,260,8,-89,1489,1,,
437,174,4,16,1493,1,,
298,15,4,74,1493,1,,
418,2938,2,66,1501,1,,
123,1398,11,74,1509,1,,
96,1236,4,-4,1512,1,,
304,2391,3,-89,1518,1,,
250,318,7,30,1524,1,,
75,62,6,-51,1543,1,,
129,1,10,56,1550,1,,
85,8,10,61,1558,1,,
295,2341,2,25,1561,1,,
107,1306,3,-89,1563,1,,
86,3025,4,9,1570,1,,
442,344,2,17,1576,1,,
299,15,4,-51,1577,1,,
300,26,1,59,1582,1,,
477,3194,1,59,1588,1,,
341,304,8,-57,1599,1,,
460,738,8,8,1603,1,,
340,109,10,56,1613,1,,
413,142,6,30,1619,1,,
93,13,6,8,1620,1,,
93,3,6,-84,1620,1,,
306,408,6,-57,1622,1,,
343,406,7,-17,1633,1,,
202,1837,3,-84,1642,1,,
202,317,8,-84,1642,1,,
198,81,8,57,1644,1,,
445,419,6,-31,1655,1,,
344,406,8,23,1656,1,,
229,118,7,57,1667,1,,
464,799,6,56,1676,1,,
414,142,8,66,1677,1,,
414,135,4,8,1677,1,,
305,256,5,57,1684,1,,
410,97,7,55,1687,1,,
384,42,8,-84,1689,1,,
76,62,5,-57,1692,1,,
358,11,4,-5,1701,1,,
320,71,10,-84,1703,1,,
363,194,4,-5,1708,1,,
433,990,8,-84,1729,1,,
409,86,5,90,1731,1,,
123,1399,7,17,1743,1,,
77,3,6,79,1748,1,,
77,62,8,92,1748,1,,
446,443,4,48,1751,1,,
446,445,7,-17,1751,1,,
446,433,7,57,1751,1,,
379,2772,4,92,1765,1,,
379,1058,8,67,1765,1,,
64,1936,4,-17,1770,1,,
442,349,1,80,1779,1,,
442,354,10,-5,1779,1,,
383,32,11,79,1780,1,,
273,278,4,57,1783,1,,
178,1707,2,79,1795,1,,
178,10,9,67,1795,1,,
362,156,6,78,1798,1,,
434,967,10,67,1809,1,,
361,69,11,-87,1813,1,,
345,465,4,57,1819,1,,
477,1044,9,55,1826,1,,
299,78,6,8,1828,1,,
332,2538,2,78,1830,1,,
480,1091,2,74,1836,1,,
359,11,10,79,1846,1,,
389,208,3,-87,1850,1,,
389,236,10,89,1850,1,,
233,2012,1,-45,1851,1,,
233,205,1,-45,1851,1,,
473,955,3,57,1856,1,,
413,135,6,74,1868,1,,
128,110,8,89,1874,1,,
412,114,10,75,1882,1,,
460,729,6,92,1883,1,,
322,0,3,79,1893,1,,
322,850,3,67,1893,1,,
157,65,8,75,1894,1,,
410,86,2,90,1907,1,,
139,170,5,86,1911,1,,
445,432,10,66,1920,1,,
445,425,3,-4,1920,1,,
445,423,7,-51,1920,1,,
361,-1,-1,-999,1920,2,v14_piggyback,2.0,1813,107
424,519,5,-84,1928,1,,
140,50,11,69,1930,1,,
395,570,8,-87,1931,1,,
337,2568,2,79,1936,1,,
337,2568,3,-51,1936,1,,
411,97,4,-84,1943,1,,
386,94,8,85,1959,1,,
386,80,7,-91,1959,1,,
390,242,2,71,1963,1,,
464,820,11,1,1976,1,,
240,2052,3,8,1982,1,,
394,528,6,85,1988,1,,
471,928,1,-84,1992,1,,
363,121,11,-91,2003,1,,
384,21,2,67,2010,1,,
241,193,9,-72,2017,1,,
374,778,8,93,2021,1,,
368,431,4,-78,2025,1,,
99,1254,4,75,2034,1,,
367,372,9,-91,2038,1,,
385,52,6,69,2043,1,,
364,200,6,-72,2052,1,,
364,121,4,-72,2052,1,,
440,290,11,82,2059,1,,
234,276,12,63,2068,1,,
215,214,10,41,2073,1,,
478,1050,8,41,2085,1,,
338,6,6,94,2090,1,,
304,2390,2,-63,2097,1,,
162,126,1,41,2097,1,,
162,345,8,82,2097,1,,
376,846,8,41,2109,1,,
389,176,8,-72,2110,1,,
389,245,8,63,2110,1,,
409,76,9,51,2122,1,,
339,100,12,-69,2131,1,,
0,9,7,51,2132,1,,
429,802,9,-69,2144,1,,
391,245,8,49,2151,1,,
391,266,9,49,2151,1,,
449,515,9,94,2157,1,,
298,26,6,95,2166,1,,
412,125,6,41,2176,1,,
412,101,9,51,2176,1,,
224,23,7,-69,2177,1,,
415,150,5,49,2182,1,,
415,173,11,32,2182,1,,
291,439,8,96,2188,1,,
369,431,6,76,2199,1,,
369,447,6,49,2199,1,,
418,241,7,-69,2199,1,,
383,42,7,104,2210,1,,
427,679,12,49,2215,1,,
432,909,11,87,2225,1,,
231,123,10,58,2230,1,,
140,1496,12,93,2242,1,,
151,50,6,63,2252,1,,
151,16,4,49,2252,1,,
1,37,10,11,2256,1,,
411,99,9,101,2269,1,,
108,1,4,-72,2275,1,,
108,141,6,63,2275,1,,
108,13,6,58,2275,1,,
456,656,8,11,2281,1,,
220,240,10,98,2292,1,,
159,65,7,101,2292,1,,
458,686,8,87,2296,1,,
420,303,6,101,2301,1,,
158,151,11,98,2309,1,,
413,137,7,11,2311,1,,
471,925,7,-63,2312,1,,
343,406,6,101,2320,1,,
410,74,10,63,2325,1,,
290,2320,4,87,2336,1,,
440,299,9,51,2339,1,,
414,2923,2,-72,2342,1,,
414,142,8,98,2342,1,,
453,583,6,87,2347,1,,
465,825,6,101,2361,1,,
366,338,6,82,2375,1,,
431,892,10,65,2380,1,,
444,390,10,49,2391,1,,
179,294,10,-76,2394,1,,
283,128,9,-76,2408,1,,
370,452,10,32,2414,1,,
264,162,5,101,2427,1,,
449,500,10,87,2429,1,,
282,2,9,63,2432,1,,
442,360,5,-76,2437,1,,
439,274,4,75,2439,1,,
291,2322,4,54,2444,1,,
481,1103,9,58,2452,1,,
229,276,6,-76,2453,1,,
385,34,2,58,2464,1,,
385,34,4,63,2464,1,,
385,73,2,63,2464,1,,
253,2117,4,101,2467,1,,
326,609,4,-76,2471,1,,
362,119,4,82,2474,1,,
273,277,8,98,2476,1,,
306,2404,3,41,2480,1,,
438,206,9,58,2489,1,,
82,2921,3,101,2505,1,,
475,993,8,76,2507,1,,
173,153,5,109,2523,1,,
180,1721,3,11,2525,1,,
302,2379,2,57,2538,1,,
454,606,6,49,2545,1,,
401,861,2,11,2554,1,,
52,1471,4,-69,2555,1,,
468,883,7,58,2555,1,,
122,1392,1,57,2557,1,,
206,1857,3,104,2561,1,,
159,1596,10,120,2573,1,,
199,223,6,98,2573,1,,
407,56,8,7,2583,1,,
407,35,7,7,2583,1,,
437,164,5,49,2588,1,,
447,467,5,7,2592,1,,
0,1593,4,7,2599,1,,
440,281,8,76,2600,1,,
40,5,4,7,2606,1,,
332,792,5,49,2608,1,,
467,856,5,49,2619,1,,
320,71,2,87,2626,1,,
320,71,7,117,2626,1,,
465,3140,2,83,2633,1,,
50,4,8,117,2640,1,,
363,194,5,76,2644,1,,
158,1589,3,87,2646,1,,
139,43,8,117,2671,1,,
128,177,12,99,2679,1,,
448,487,4,-72,2685,1,,
108,1309,5,81,2695,1,,
360,12,6,99,2696,1,,
388,198,4,98,2702,1,,
76,24,7,103,2707,1,,
358,49,2,49,2712,1,,
1,19,6,103,2716,1,,
109,1,8,103,2727,1,,
450,526,4,24,2734,1,,
129,1,9,131,2735,1,,
442,353,8,7,2740,1,,
182,113,4,103,2741,1,,
402,803,6,103,2750,1,,
229,1994,3,11,2756,1,,
453,593,8,117,2764,1,,
457,665,2,49,2781,1,,
181,104,2,134,2788,1,,
181,224,9,77,2788,1,,
401,823,4,131,2790,1,,
312,545,6,-10,2791,1,,
77,129,4,131,2797,1,,
39,9,2,133,2806,1,,
39,1216,9,-10,2806,1,,
32,2141,4,-10,2813,1,,
375,932,2,63,2820,1,,
135,147,6,-10,2822,1,,
359,11,4,-10,2829,1,,
470,913,9,77,2836,1,,
317,545,6,115,2838,1,,
408,40,4,-10,2845,1,,
410,96,6,115,2854,1,,
110,347,7,138,2857,1,,
110,1,6,138,2857,1,,
458,687,3,-10,2860,1,,
416,173,1,32,2861,1,,
0,9,9,128,2874,1,,
215,83,8,123,2889,1,,
125,1409,3,138,2892,1,,
125,89,10,113,2892,1,,
361,60,8,123,2910,1,,
289,229,9,138,2912,1,,
289,2,6,138,2912,1,,
224,23,7,125,2925,1,,
305,212,2,138,2929,1,,
305,212,10,113,2929,1,,
440,292,7,123,2935,1,,
407,1046,8,113,2945,1,,
407,35,4,113,2945,1,,
411,108,5,126,2947,1,,
439,255,2,103,2952,1,,
175,1687,3,123,2958,1,,
455,635,12,-49,2966,1,,
2,19,7,123,2968,1,,
465,832,7,24,2979,1,,
441,332,11,-49,2981,1,,
283,38,10,130,2986,1,,
214,286,9,144,2992,1,,
409,76,6,-49,2993,1,,
409,92,2,-49,2993,1,,
108,1,10,146,3000,1,,
363,200,11,138,3016,1,,
126,1413,4,115,3021,1,,
361,-1,-1,-999,3021,2,v14_piggyback,2.0,2910,111
447,476,5,117,3029,1,,
388,198,4,-49,3036,1,,
168,139,4,126,3039,1,,
168,75,5,147,3039,1,,
322,850,8,138,3039,1,,
322,0,10,107,3039,1,,
484,1149,6,-49,3045,1,,
412,114,2,117,3058,1,,
397,2848,2,-10,3068,1,,
362,119,2,-10,3072,1,,
488,3252,2,-69,3076,1,,
338,298,6,146,3086,1,,
338,109,6,107,3086,1,,
173,75,2,138,3104,1,,
173,153,1,138,3104,1,,
173,10,10,107,3104,1,,
438,206,8,144,3119,1,,
216,214,12,107,3121,1,,
223,1960,2,-76,3138,1,,
335,2557,2,147,3141,1,,
40,5,1,105,3148,1,,
125,1410,7,64,3149,1,,
125,1,4,107,3149,1,,
341,2590,4,144,3156,1,,
401,2864,4,-33,3163,1,,
416,173,6,128,3168,1,,
416,161,8,138,3168,1,,
292,2330,4,21,3170,1,,
466,853,4,-64,3177,1,,
97,1239,11,107,3183,1,,
356,2672,1,133,3189,1,,
290,381,9,139,3190,1,,
344,406,10,113,3197,1,,
446,433,5,-64,3204,1,,
440,290,4,96,3207,1,,
353,787,3,155,3218,1,,
423,418,10,107,3219,1,,
439,255,6,-64,3228,1,,
411,111,6,138,3237,1,,
411,97,7,107,3237,1,,
104,1284,7,113,3255,1,,
104,47,6,145,3255,1,,
256,233,6,139,3256,1,,
288,27,7,150,3265,1,,
455,637,7,137,3275,1,,
450,3079,2,-88,3283,1,,
242,163,7,-88,3295,1,,
62,1873,3,150,3303,1,,
485,1163,9,146,3304,1,,
383,42,8,138,3316,1,,
440,-1,-1,-999,3317,2,v14_piggyback,1.0,3207,110
1,9,11,161,3321,1,,
255,279,4,136,3322,1,,
367,431,8,128,3328,1,,
412,99,4,137,3330,1,,
392,462,8,138,3339,1,,
456,644,4,137,3339,1,,
389,242,6,110,3341,1,,
337,6,5,110,3352,1,,
366,337,8,148,3353,1,,
105,1292,4,21,3361,1,,
460,738,8,138,3387,1,,
2,9,6,107,3397,1,,
299,57,6,107,3406,1,,
390,242,8,-74,3410,1,,
428,756,7,-74,3423,1,,
177,1701,4,136,3432,1,,
321,71,6,122,3434,1,,
42,82,8,151,3438,1,,
239,2045,3,107,3447,1,,
466,843,12,21,3451,1,,
416,189,8,157,3452,1,,
461,748,5,107,3455,1,,
483,1131,4,-74,3460,1,,
3,51,9,157,3469,1,,
427,620,6,124,3471,1,,
128,116,3,157,3478,1,,
423,505,6,157,3489,1,,
97,1242,10,-74,3500,1,,
97,8,10,164,3500,1,,
455,634,4,-88,3502,1,,
455,637,3,150,3502,1,,
450,521,6,107,3502,1,,
445,429,3,107,3511,1,,
439,261,8,-74,3525,1,,
320,2477,2,138,3529,1,,
273,277,3,173,3535,1,,
211,1888,2,107,3540,1,,
440,290,4,96,3546,1,,
274,297,2,166,3553,1,,
446,446,6,105,3565,1,,
475,989,2,113,3571,1,,
247,2087,2,148,3575,1,,
77,58,8,153,3577,1,,
199,165,9,153,3589,1,,
414,158,3,21,3598,1,,
194,1793,2,-74,3604,1,,
248,2094,4,-8,3604,1,,
456,644,5,173,3609,1,,
456,644,11,42,3609,1,,
455,-1,-1,-999,3611,2,v14_piggyback,1.0,3502,109
389,2814,2,106,3621,1,,
130,1,8,170,3636,1,,
40,5,3,-74,3636,1,,
141,50,6,170,3652,1,,
141,1497,4,170,3652,1,,
413,143,8,165,3656,1,,
424,493,2,21,3660,1,,
275,297,4,170,3661,1,,
271,230,9,152,3676,1,,
449,508,6,165,3686,1,,
182,113,6,152,3688,1,,
461,751,8,4,3689,1,,
461,3126,2,162,3689,1,,
461,745,7,-8,3689,1,,
256,259,2,170,3695,1,,
173,153,4,10,3701,1,,
264,90,8,111,3708,1,,
454,623,5,10,3709,1,,
456,-1,-1,-999,3721,2,v14_piggyback,1.0,3609,112
445,413,10,149,3724,1,,
363,200,5,172,3732,1,,
139,43,3,-75,3733,1,,
39,44,4,163,3754,1,,
39,22,6,163,3754,1,,
265,90,9,47,3755,1,,
306,2403,3,10,3762,1,,
257,296,6,114,3766,1,,
97,1239,8,153,3773,1,,
68,1962,4,152,3775,1,,
215,83,5,163,3782,1,,
440,314,2,138,3799,1,,
440,292,6,113,3799,1,,
439,274,5,179,3806,1,,
409,84,10,160,3821,1,,
143,117,3,152,3826,1,,
143,1512,6,47,3826,1,,
143,89,4,185,3826,1,,
414,137,8,172,3833,1,,
411,111,4,163,3839,1,,
467,856,6,47,3842,1,,
320,61,3,152,3850,1,,
214,271,8,160,3851,1,,
431,891,3,114,3858,1,,
313,712,2,160,3863,1,,
313,483,6,175,3863,1,,
297,2351,2,47,3864,1,,
410,76,4,175,3884,1,,
410,76,10,156,3884,1,,
162,10,10,187,3886,1,,
162,75,10,193,3886,1,,
447,457,3,152,3889,1,,
282,20,8,187,3897,1,,
455,637,1,150,3910,1,,
408,40,10,187,3911,1,,
211,1885,2,193,3924,1,,
211,81,7,193,3924,1,,
392,462,6,193,3934,1,,
449,515,6,163,3939,1,,
443,379,10,174,3940,1,,
461,752,8,10,3946,1,,
452,562,5,175,3954,1,,
389,236,8,193,3958,1,,
415,159,3,163,3972,1,,
299,57,8,186,3972,1,,
41,29,8,174,3978,1,,
456,644,1,42,3983,1,,
192,1782,3,172,3984,1,,
152,50,2,187,3986,1,,
152,16,6,177,3986,1,,
283,38,3,172,3990,1,,
432,887,2,202,3990,1,,
413,138,4,175,3997,1,,
156,16,10,176,4002,1,,
424,532,4,160,4004,1,,
42,1238,2,156,4014,1,,
454,611,9,-75,4017,1,,
440,299,12,170,4041,1,,
409,70,6,196,4049,1,,
298,54,2,156,4054,1,,
412,125,3,201,4068,1,,
288,38,4,194,4084,1,,
467,856,9,174,4091,1,,
377,2765,4,206,4100,1,,
397,2849,2,196,4104,1,,
276,2246,2,187,4105,1,,
247,2089,2,176,4109,1,,
0,9,4,206,4110,1,,
1,28,3,198,4117,1,,
110,1321,2,163,4119,1,,
313,564,2,176,4120,1,,
289,38,10,188,4134,1,,
146,1529,2,-74,4138,1,,
241,193,10,191,4148,1,,
472,939,4,186,4155,1,,
376,975,6,158,4157,1,,
439,261,4,188,4161,1,,
463,789,2,153,4162,1,,
319,2468,2,158,4166,1,,
399,2857,2,153,4169,1,,
460,739,11,119,4177,1,,
2,30,6,210,4178,1,,
467,-1,-1,-999,4200,2,v14_piggyback,1.0,4091,109
398,666,12,213,4214,1,,
225,1971,3,213,4219,1,,
216,1914,3,191,4221,1,,
414,155,4,197,4221,1,,
21,1523,3,119,4227,1,,
447,466,9,211,4232,1,,
378,975,11,197,4238,1,,
400,741,11,211,4248,1,,
408,66,2,163,4252,1,,
130,1,5,216,4265,1,,
440,288,12,186,4268,1,,
454,602,4,210,4281,1,,
407,40,6,182,4295,1,,
413,138,9,171,4297,1,,
205,207,11,183,4299,1,,
186,1751,10,171,4313,1,,
126,39,2,191,4313,1,,
126,1415,8,183,4313,1,,
168,139,4,183,4320,1,,
384,18,8,171,4327,1,,
297,2352,2,183,4334,1,,
300,2371,2,191,4338,1,,
363,254,5,182,4341,1,,
56,1659,2,188,4347,1,,
446,442,10,167,4350,1,,
115,39,6,167,4370,1,,
115,1352,7,118,4370,1,,
483,1145,1,183,4372,1,,
486,1180,9,184,4377,1,,
128,39,2,182,4382,1,,
182,113,9,167,4385,1,,
472,953,6,119,4387,1,,
407,-1,-1,-999,4408,2,v14_piggyback,1.0,4295,113
442,3044,2,175,4408,1,,
466,847,12,221,4410,1,,
444,391,2,163,4412,1,,
248,2094,2,213,4417,1,,
47,1357,6,118,4431,1,,
47,3,8,221,4431,1,,
463,784,10,183,4435,1,,
460,738,4,129,4442,1,,
385,34,4,118,4450,1,,
385,32,6,221,4450,1,,
385,73,1,221,4450,1,,
408,40,5,182,4470,1,,
415,155,2,211,4474,1,,
416,169,7,167,4483,1,,
468,878,1,153,4486,1,,
42,82,6,142,4493,1,,
437,179,2,171,4497,1,,
437,186,6,221,4497,1,,
386,55,6,142,4503,1,,
440,312,10,163,4507,1,,
332,730,7,221,4509,1,,
350,2640,4,142,4510,1,,
158,75,4,142,4517,1,,
404,1013,6,167,4521,1,,
205,1849,3,70,4522,1,,
347,551,8,-79,4534,1,,
454,608,3,167,4546,1,,
454,615,2,118,4546,1,,
50,4,9,233,4547,1,,
460,-1,-1,-999,4553,2,v14_piggyback,1.0,4442,111
216,1915,2,-1,4561,1,,
186,1748,12,167,4563,1,,
398,742,3,132,4584,1,,
331,2536,2,197,4590,1,,
76,47,8,227,4591,1,,
441,323,8,141,4594,1,,
338,287,4,221,4598,1,,
417,187,5,227,4599,1,,
414,155,8,227,4619,1,,
256,279,1,141,4637,1,,
324,2495,2,141,4643,1,,
192,184,7,226,4643,1,,
467,856,1,174,4650,1,,
389,264,6,235,4652,1,,
463,794,6,184,4661,1,,
326,609,7,225,4663,1,,
153,1565,8,235,4673,1,,
135,1460,2,159,4681,1,,
298,15,8,235,4693,1,,
323,0,8,180,4699,1,,
323,91,6,180,4699,1,,
342,2591,2,159,4703,1,,
437,180,6,-79,4709,1,,
418,217,11,235,4711,1,,
340,109,9,235,4726,1,,
349,2632,2,180,4728,1,,
99,129,2,159,4734,1,,
99,1255,4,159,4734,1,,
476,1028,10,180,4742,1,,
299,15,4,236,4743,1,,
299,15,7,135,4743,1,,
246,279,1,159,4747,1,,
322,0,4,180,4749,1,,
107,1304,11,135,4762,1,,
440,314,1,142,4764,1,,
78,58,10,214,4774,1,,
454,610,3,225,4780,1,,
460,738,8,129,4784,1,,
479,1077,10,140,4799,1,,
407,40,2,180,4803,1,,
468,879,2,215,4816,1,,
468,882,8,226,4816,1,,
421,341,11,100,4818,1,,
419,239,2,234,4820,1,,
422,341,6,72,4827,1,,
274,378,4,181,4838,1,,
245,59,7,100,4841,1,,
245,2075,3,100,4841,1,,
365,335,6,100,4850,1,,
462,767,3,234,4853,1,,
204,228,4,100,4858,1,,
463,797,4,141,4865,1,,
134,107,4,100,4871,1,,
344,2604,3,181,4873,1,,
451,557,2,181,4878,1,,
50,88,3,100,4885,1,,
324,0,11,245,4893,1,,
384,53,3,88,4916,1,,
441,315,11,15,4920,1,,
441,319,10,127,4920,1,,
438,206,3,88,4921,1,,
467,859,2,159,4925,1,,
408,35,8,245,4932,1,,
478,1057,2,245,4936,1,,
474,973,4,88,4942,1,,
437,179,10,140,4951,1,,
386,127,5,249,4954,1,,
385,21,9,249,4967,1,,
456,657,12,204,4970,1,,
119,1375,7,219,4980,1,,
418,241,11,250,4982,1,,
440,281,8,201,4988,1,,
413,135,2,232,4993,1,,
443,375,12,178,4997,1,,
387,73,6,178,5006,1,,
363,201,10,232,5014,1,,
488,1214,9,207,5018,1,,
358,12,6,250,5027,1,,
113,3,10,204,5028,1,,
113,1338,7,204,5028,1,,
438,-1,-1,-999,5032,2,v14_piggyback,1.0,4921,111
421,358,8,250,5039,1,,
388,171,7,204,5052,1,,
388,176,8,258,5052,1,,
360,11,8,231,5052,1,,
422,329,9,143,5054,1,,
422,369,6,108,5054,1,,
114,1345,2,102,5059,1,,
462,781,6,181,5061,1,,
479,1084,8,219,5064,1,,
0,30,3,231,5067,1,,
1,3,8,256,5087,1,,
451,553,10,88,5094,1,,
463,793,8,197,5096,1,,
482,1127,11,252,5118,1,,
420,300,4,246,5126,1,,
324,0,6,204,5127,1,,
324,0,3,178,5127,1,,
134,1459,2,220,5131,1,,
414,134,10,252,5132,1,,
487,3247,2,252,5136,1,,
398,685,3,207,5137,1,,
177,1698,4,204,5141,1,,
177,75,6,91,5141,1,,
478,1061,1,204,5159,1,,
478,1057,7,204,5159,1,,
474,972,9,207,5164,1,,
437,186,7,132,5173,1,,
322,0,3,178,5179,1,,
322,71,12,91,5179,1,,
174,1683,2,246,5190,1,,
461,751,10,200,5195,1,,
304,2391,1,250,5199,1,,
456,647,8,230,5209,1,,
450,524,8,212,5221,1,,
427,696,8,200,5223,1,,
419,246,6,263,5228,1,,
324,-1,-1,-999,5234,2,v14_piggyback,7.0,5127,107
442,354,7,91,5236,1,,
299,78,4,212,5244,1,,
440,292,9,227,5249,1,,
382,1060,7,266,5254,1,,
382,17,4,266,5254,1,,
135,130,10,248,5258,1,,
2,22,10,266,5270,1,,
421,341,4,102,5274,1,,
421,293,6,212,5274,1,,
441,328,8,248,5286,1,,
359,12,10,266,5286,1,,
438,206,5,88,5287,1,,
438,190,10,220,5287,1,,
460,738,8,248,5297,1,,
488,1206,9,256,5301,1,,
467,857,8,248,5312,1,,
482,3222,1,205,5329,1,,
482,1119,8,84,5329,1,,
121,1387,1,-58,5340,1,,
420,246,10,248,5343,1,,
451,559,10,91,5350,1,,
162,126,6,248,5353,1,,
384,34,3,91,5362,1,,
384,21,4,266,5362,1,,
358,11,8,248,5365,1,,
176,1695,2,-40,5369,1,,
338,85,4,204,5375,1,,
338,2571,3,91,5375,1,,
128,45,7,274,5380,1,,
435,1073,2,-20,5384,1,,
230,1998,3,274,5390,1,,
434,1033,10,240,5391,1,,
487,1187,3,-12,5399,1,,
487,1198,6,212,5399,1,,
360,49,8,274,5402,1,,
134,130,6,266,5403,1,,
460,-1,-1,-999,5405,2,v14_piggyback,1.0,5297,108
454,616,11,274,5417,1,,
385,32,10,240,5419,1,,
229,118,3,272,5430,1,,
439,274,7,240,5432,1,,
450,535,6,229,5446,1,,
182,191,5,248,5459,1,,
300,57,6,248,5469,1,,
444,390,6,200,5471,1,,
265,162,7,192,5479,1,,
180,104,10,254,5483,1,,
458,684,6,204,5489,1,,
419,267,6,204,5501,1,,
419,272,2,266,5501,1,,
370,537,6,192,5503,1,,
440,307,6,212,5506,1,,
135,107,12,203,5522,1,,
139,43,4,254,5529,1,,
93,13,5,200,5533,1,,
481,1111,6,256,5542,1,,
361,1037,6,278,5545,1,,
361,11,5,192,5545,1,,
442,349,4,266,5549,1,,
455,635,8,203,5555,1,,
473,959,4,91,5556,1,,
438,248,12,262,5561,1,,
471,924,9,203,5568,1,,
389,208,9,259,5574,1,,
225,25,9,203,5581,1,,
467,855,8,278,5586,1,,
453,599,7,154,5604,1,,
447,463,4,91,5616,1,,
105,1290,9,259,5617,1,,
420,289,8,275,5623,1,,
324,0,3,178,5629,1,,
457,663,10,209,5631,1,,
465,825,6,199,5640,1,,
459,3117,3,204,5643,1,,
470,920,3,190,5657,1,,
361,-1,-1,-999,5659,2,v14_piggyback,2.0,5545,114
347,551,7,203,5659,1,,
77,58,5,154,5662,1,,
77,3,6,279,5662,1,,
209,1877,2,254,5670,1,,
209,149,5,203,5670,1,,
178,1709,3,204,5670,1,,
198,81,9,209,5674,1,,
258,2150,2,204,5683,1,,
385,73,4,203,5684,1,,
385,32,4,203,5684,1,,
460,740,11,264,5700,1,,
454,602,5,204,5704,1,,
433,965,6,203,5718,1,,
417,232,9,279,5728,1,,
384,32,2,203,5730,1,,
384,31,4,277,5730,1,,
264,103,4,275,5739,1,,
445,413,8,247,5747,1,,
363,194,8,279,5757,1,,
126,1415,2,190,5764,1,,
126,39,10,284,5764,1,,
76,47,6,209,5768,1,,
256,221,2,275,5770,1,,
265,33,4,259,5775,1,,
411,105,8,223,5776,1,,
362,121,4,275,5780,1,,
95,1229,4,248,5790,1,,
364,119,9,298,5804,1,,
242,64,10,223,5811,1,,
412,114,4,199,5816,1,,
428,736,6,223,5820,1,,
166,1636,4,209,5824,1,,
257,221,6,298,5835,1,,
455,633,11,223,5835,1,,
291,563,4,209,5843,1,,
259,259,5,247,5847,1,,
453,588,8,293,5861,1,,
105,1293,4,248,5865,1,,
438,216,5,219,5872,1,,
10,1316,2,275,5872,1,,
440,295,6,204,5881,1,,
422,2958,3,253,5888,1,,
383,42,5,284,5889,1,,
389,2816,2,248,5891,1,,
457,667,7,253,5903,1,,
481,1105,5,190,5905,1,,
232,2007,1,292,5908,1,,
434,947,2,217,5914,1,,
177,1702,3,279,5943,1,,
454,602,8,284,5944,1,,
454,607,9,299,5944,1,,
229,1994,3,199,5952,1,,
0,28,7,292,5957,1,,
158,75,3,299,5957,1,,
385,34,2,154,5962,1,,
385,2797,2,279,5962,1,,
288,2309,2,284,5962,1,,
445,432,2,254,5972,1,,
273,275,2,298,5977,1,,
384,42,2,284,5977,1,,
334,1068,2,209,5989,1,,
410,70,2,259,6000,1,,
402,2871,2,91,6000,1,,
132,1445,2,247,6022,1,,
1,3,1,313,6027,1,,
24,1646,1,209,6029,1,,
452,578,2,247,6033,1,,
436,3015,1,121,6039,1,,
421,329,10,296,6044,1,,
289,2,7,257,6049,1,,
483,1141,4,296,6051,1,,
95,1229,9,218,6053,1,,
392,455,4,311,6063,1,,
455,637,3,238,6076,1,,
455,628,5,255,6076,1,,
85,3,9,311,6093,1,,
85,8,2,311,6093,1,,
408,68,6,311,6105,1,,
139,50,11,281,6108,1,,
411,97,8,312,6113,1,,
393,309,5,208,6115,1,,
423,407,4,311,6124,1,,
395,595,6,281,6125,1,,
422,358,7,312,6130,1,,
299,57,2,314,6134,1,,
336,2560,2,281,6139,1,,
332,805,4,314,6142,1,,
407,48,6,315,6153,1,,
418,234,11,290,6157,1,,
412,111,8,269,6163,1,,
2,51,10,290,6171,1,,
5,1972,4,273,6176,1,,
406,1059,4,290,6178,1,,
394,352,11,228,6182,1,,
449,515,5,269,6188,1,,
368,447,6,315,6192,1,,
413,133,9,302,6215,1,,
404,1002,8,168,6218,1,,
284,128,8,289,6230,1,,
141,50,12,308,6234,1,,
384,2795,2,261,6239,1,,
441,315,8,169,6241,1,,
472,941,12,308,6253,1,,
385,42,10,313,6256,1,,
204,228,10,251,6267,1,,
204,1844,2,12,6267,1,,
204,317,6,12,6267,1,,
477,1039,10,294,6271,1,,
58,82,12,283,6274,1,,
58,1700,4,283,6274,1,,
383,32,6,12,6280,1,,
383,32,3,251,6280,1,,
95,1227,1,121,6288,1,,
95,24,4,251,6288,1,,
420,303,10,308,6289,1,,
200,165,4,319,6295,1,,
449,-1,-1,-999,6299,2,v14_piggyback,1.0,6188,111
45,1312,8,6,6307,1,,
405,1035,6,169,6311,1,,
291,485,4,251,6314,1,,
46,1350,10,12,6331,1,,
353,744,6,289,6341,1,,
481,1111,10,308,6348,1,,
455,635,6,169,6350,1,,
485,1173,8,308,6363,1,,
485,1162,3,287,6363,1,,
464,813,6,289,6367,1,,
59,1712,2,251,6374,1,,
140,43,8,283,6375,1,,
427,2978,4,289,6379,1,,
52,5,7,287,6385,1,,
442,355,4,290,6388,1,,
262,2169,3,169,6393,1,,
410,98,6,273,6398,1,,
51,4,4,324,6402,1,,
303,15,4,291,6410,1,,
303,2388,4,308,6410,1,,
451,553,4,269,6419,1,,
124,1403,3,169,6424,1,,
162,14,4,308,6428,1,,
201,1830,2,289,6429,1,,
386,120,6,321,6438,1,,
386,168,8,321,6438,1,,
53,4,10,321,6452,1,,
407,40,4,261,6459,1,,
209,1875,4,273,6461,1,,
463,785,4,291,6477,1,,
338,109,2,294,6484,1,,
384,32,7,251,6485,1,,
388,132,10,300,6499,1,,
441,340,10,294,6502,1,,
419,272,3,317,6503,1,,
465,835,2,289,6507,1,,
409,74,8,325,6511,1,,
478,1052,2,281,6523,1,,
128,141,6,325,6528,1,,
128,1424,6,325,6528,1,,
385,31,7,325,6538,1,,
477,1044,11,270,6539,1,,
387,171,7,325,6549,1,,
234,2021,1,290,6553,1,,
0,46,6,331,6558,1,,
445,413,2,223,6558,1,,
449,515,5,269,6560,1,,
324,0,5,300,6573,1,,
211,1883,2,269,6578,1,,
211,207,9,333,6578,1,,
464,809,1,268,6578,1,,
404,2879,2,291,6585,1,,
343,2600,3,302,6597,1,,
339,202,10,323,6600,1,,
446,453,5,265,6607,1,,
410,92,3,265,6615,1,,
208,1870,2,324,6616,1,,
311,2427,2,265,6626,1,,
312,545,4,325,6629,1,,
443,385,6,338,6642,1,,
477,-1,-1,-999,6646,2,v14_piggyback,1.0,6539,107
378,1047,8,276,6648,1,,
378,1041,7,276,6648,1,,
1,19,5,347,6665,1,,
199,260,8,276,6670,1,,
453,597,11,329,6679,1,,
480,1087,4,338,6684,1,,
139,50,7,344,6687,1,,
358,1138,8,306,6691,1,,
277,2250,3,347,6691,1,,
200,144,8,344,6702,1,,
389,264,3,329,6705,1,,
445,-1,-1,-999,6709,2,v14_piggyback,1.0,6558,151
441,324,4,12,6711,1,,
341,109,5,306,6713,1,,
395,639,4,347,6718,1,,
191,1776,3,306,6719,1,,
342,109,10,322,6741,1,,
457,662,10,328,6752,1,,
313,712,12,322,6759,1,,
359,49,7,337,6772,1,,
242,430,7,344,6778,1,,
3,28,8,328,6780,1,,
116,1359,2,300,6793,1,,
468,871,9,271,6798,1,,
2,22,6,337,6800,1,,
474,974,4,241,6805,1,,
326,645,4,337,6809,1,,
215,214,10,241,6819,1,,
324,0,8,327,6820,1,,
216,23,6,260,6828,1,,
128,45,6,351,6829,1,,
288,2,4,241,6835,1,,
327,451,12,316,6838,1,,
446,437,5,325,6842,1,,
234,131,5,241,6843,1,,
385,55,1,347,6846,1,,
315,2452,2,328,6851,1,,
173,153,8,355,6855,1,,
206,207,10,355,6869,1,,
449,515,3,265,6875,1,,
478,1054,11,329,6890,1,,
384,21,4,348,6891,1,,
311,2429,4,222,6893,1,,
311,333,3,271,6893,1,,
160,269,8,353,6904,1,,
4,9,8,353,6918,1,,
282,2,4,353,6928,1,,
324,-1,-1,-999,6929,2,v14_piggyback,7.0,6820,109
426,2974,4,322,6937,1,,
425,571,2,282,6944,1,,
155,1576,8,354,6945,1,,
466,842,3,353,6954,1,,
75,62,9,326,6955,1,,
338,244,4,355,6956,1,,
238,2039,2,337,6960,1,,
386,55,7,326,6965,1,,
162,14,6,354,6967,1,,
471,937,7,326,6976,1,,
477,1044,1,270,6992,1,,
445,413,1,223,7001,1,,
52,4,12,352,7012,1,,
443,385,4,355,7016,1,,
168,139,9,352,7027,1,,
485,1162,2,52,7032,1,,
417,217,4,352,7034,1,,
438,216,1,316,7039,1,,
418,222,6,335,7052,1,,
340,100,10,358,7053,1,,
410,86,1,354,7056,1,,
451,541,4,358,7069,1,,
483,1131,12,366,7069,1,,
460,729,12,346,7086,1,,
41,29,8,366,7097,1,,
163,1621,12,330,7107,1,,
163,75,9,330,7107,1,,
392,449,2,335,7111,1,,
392,309,8,339,7111,1,,
447,463,6,358,7116,1,,
128,177,6,334,7130,1,,
444,388,10,342,7130,1,,
158,192,4,366,7140,1,,
158,16,4,343,7140,1,,
242,163,11,330,7145,1,,
283,27,11,334,7148,1,,
412,122,4,334,7157,1,,
407,35,4,358,7160,1,,
407,35,6,360,7160,1,,
385,72,8,366,7172,1,,
384,34,10,370,7173,1,,
439,251,4,288,7182,1,,
441,324,6,288,7194,1,,
2,51,2,352,7200,1,,
2,3,4,339,7200,1,,
2,9,9,371,7200,1,,
484,1147,2,116,7201,1,,
432,931,9,330,7209,1,,
446,446,6,288,7212,1,,
215,1909,2,304,7223,1,,
215,207,6,330,7223,1,,
425,571,8,116,7235,1,,
425,536,8,370,7235,1,,
421,368,8,371,7250,1,,
332,697,12,356,7256,1,,
155,1576,6,52,7260,1,,
155,43,7,342,7260,1,,
471,929,7,343,7263,1,,
471,922,2,371,7263,1,,
442,356,8,360,7272,1,,
419,234,8,346,7275,1,,
408,56,7,361,7288,1,,
408,35,4,373,7288,1,,
324,0,10,338,7290,1,,
367,435,7,343,7302,1,,
38,63,7,360,7304,1,,
18,51,8,362,7308,1,,
18,1311,4,362,7308,1,,
468,871,5,371,7315,1,,
362,119,4,330,7321,1,,
362,69,8,373,7321,1,,
389,264,7,371,7328,1,,
409,79,7,360,7331,1,,
460,727,7,373,7342,1,,
93,13,3,371,7345,1,,
93,62,8,336,7345,1,,
438,190,10,370,7349,1,,
475,1006,6,360,7351,1,,
51,4,6,362,7372,1,,
479,1082,6,342,7374,1,,
159,192,9,336,7383,1,,
448,486,9,362,7387,1,,
420,267,8,336,7397,1,,
411,99,7,362,7400,1,,
324,-1,-1,-999,7400,2,v14_piggyback,1.0,7290,110
488,1206,5,360,7402,1,,
234,131,6,373,7411,1,,
451,554,8,334,7414,1,,
415,159,11,349,7422,1,,
453,588,5,362,7424,1,,
439,273,11,239,7441,1,,
108,1,6,349,7448,1,,
108,129,8,349,7448,1,,
108,347,3,349,7448,1,,
463,785,4,362,7450,1,,
358,11,3,288,7458,1,,
438,-1,-1,-999,7462,2,v14_piggyback,1.0,7349,113
456,638,8,310,7471,1,,
484,1152,10,288,7483,1,,
363,121,5,309,7484,1,,
363,60,4,374,7484,1,,
371,723,5,342,7505,1,,
366,351,8,336,7508,1,,
427,719,6,310,7514,1,,
441,331,8,368,7516,1,,
429,766,7,336,7521,1,,
422,414,4,360,7524,1,,
137,1475,2,336,7534,1,,
137,177,5,336,7534,1,,
364,172,4,310,7545,1,,
181,1722,7,336,7547,1,,
416,178,8,286,7561,1,,
440,311,3,374,7564,1,,
226,25,6,336,7572,1,,
0,1232,2,330,7578,1,,
367,338,2,342,7590,1,,
365,201,6,280,7596,1,,
273,278,5,349,7596,1,,
256,2136,2,360,7597,1,,
442,349,3,362,7604,1,,
450,533,4,343,7604,1,,
450,526,1,286,7604,1,,
339,2575,2,336,7613,1,,
339,6,3,349,7613,1,,
384,2794,4,288,7616,1,,
384,18,3,356,7616,1,,
473,955,2,358,7638,1,,
215,1910,2,280,7641,1,,
215,301,4,381,7641,1,,
345,544,4,336,7647,1,,
448,499,5,377,7663,1,,
448,498,10,280,7663,1,,
200,1824,3,346,7665,1,,
220,1942,3,356,7671,1,,
412,2912,2,371,7675,1,,
197,1809,2,288,7678,1,,
361,69,6,391,7689,1,,
183,113,12,398,7697,1,,
251,2110,2,366,7704,1,,
172,1674,10,301,7705,1,,
472,3173,3,336,7710,1,,
466,3145,2,374,7710,1,,
358,1037,8,398,7711,1,,
425,2970,2,339,7714,1,,
129,1,1,349,7718,1,,
390,236,4,301,7725,1,,
368,431,7,398,7727,1,,
437,174,1,336,7733,1,,
130,1,7,365,7735,1,,
257,233,6,383,7755,1,,
142,1507,4,383,7762,1,,
221,240,10,378,7776,1,,
283,2,10,383,7796,1,,
361,-1,-1,-999,7800,2,v14_piggyback,2.0,7689,111
169,139,12,405,7801,1,,
117,1366,3,383,7804,1,,
273,2232,3,386,7805,1,,
392,455,8,378,7818,1,,
95,1230,5,388,7828,1,,
95,24,7,303,7828,1,,
271,230,6,387,7837,1,,
363,156,2,388,7840,1,,
363,220,6,303,7840,1,,
426,618,3,405,7849,1,,
289,677,5,387,7851,1,,
315,2448,2,387,7859,1,,
179,160,10,303,7863,1,,
288,2,4,405,7870,1,,
385,21,7,387,7877,1,,
96,1231,4,303,7883,1,,
96,24,3,394,7883,1,,
185,1742,1,387,7898,1,,
391,313,10,401,7903,1,,
111,1331,2,387,7903,1,,
413,125,7,404,7907,1,,
413,137,9,404,7907,1,,
457,663,6,303,7927,1,,
457,664,6,404,7927,1,,
265,90,7,397,7930,1,,
438,249,1,387,7933,1,,
383,34,10,404,7951,1,,
393,352,11,399,7955,1,,
85,8,7,350,7960,1,,
85,7,6,350,7960,1,,
297,2351,2,363,7965,1,,
258,296,7,378,7968,1,,
478,1053,7,378,7980,1,,
197,1812,8,60,7988,1,,
197,294,8,404,7988,1,,
197,166,1,357,7988,1,,
250,64,8,375,7994,1,,
306,376,8,375,8008,1,,
128,141,7,375,8021,1,,
453,585,10,357,8026,1,,
437,179,6,320,8030,1,,
437,140,12,386,8030,1,,
437,186,4,341,8030,1,,
470,913,8,357,8038,1,,
266,162,10,350,8046,1,,
417,226,6,303,8048,1,,
77,9,8,375,8056,1,,
77,47,8,375,8056,1,,
77,7,10,375,8056,1,,
352,700,8,350,8058,1,,
445,416,5,404,8066,1,,
466,847,8,301,8082,1,,
466,842,10,378,8082,1,,
234,131,4,350,8085,1,,
234,420,5,350,8085,1,,
256,221,6,357,8092,1,,
450,521,5,350,8093,1,,
416,187,7,375,8095,1,,
384,31,9,419,8105,1,,
473,963,7,375,8107,1,,
418,239,5,350,8112,1,,
131,1,4,357,8112,1,,
377,2765,2,350,8127,1,,
334,1068,4,394,8137,1,,
348,651,7,407,8140,1,,
437,-1,-1,-999,8141,2,v14_piggyback,1.0,8030,111
210,1882,4,357,8143,1,,
351,589,3,267,8146,1,,
412,114,4,357,8150,1,,
376,982,6,375,8159,1,,
185,1745,4,18,8172,1,,
271,2220,2,363,8177,1,,
93,1217,1,383,8179,1,,
93,3,2,417,8179,1,,
411,108,6,375,8190,1,,
466,-1,-1,-999,8203,2,v14_piggyback,1.0,8082,121
440,314,3,376,8213,1,,
448,491,2,358,8219,1,,
413,114,6,357,8221,1,,
460,739,11,389,8223,1,,
288,2308,3,388,8228,1,,
364,2709,2,375,8229,1,,
204,1846,2,383,8239,1,,
224,1966,2,357,8249,1,,
264,33,10,392,8257,1,,
462,777,2,357,8260,1,,
400,716,2,378,8262,1,,
278,2260,2,357,8269,1,,
235,131,9,389,8273,1,,
183,1735,2,37,8278,1,,
465,832,2,303,8282,1,,
439,268,10,392,8287,1,,
445,416,2,375,8289,1,,
215,23,8,423,8298,1,,
103,1282,2,359,8303,1,,
488,1211,1,378,8312,1,,
409,87,8,392,8317,1,,
229,118,6,429,8326,1,,
77,47,7,430,8336,1,,
107,1305,6,392,8346,1,,
158,65,5,392,8354,1,,
386,94,1,404,8354,1,,
155,1577,1,404,8359,1,,
410,87,3,402,8370,1,,
59,7,4,416,8371,1,,
421,387,6,430,8383,1,,
376,2761,2,244,8383,1,,
387,168,9,385,8386,1,,
425,519,6,412,8401,1,,
398,716,3,440,8409,1,,
301,2373,1,357,8416,1,,
298,26,4,435,8424,1,,
424,418,11,402,8427,1,,
438,204,4,433,8428,1,,
466,847,4,301,8443,1,,
422,341,8,384,8444,1,,
412,112,11,423,8447,1,,
407,40,5,384,8453,1,,
210,1878,4,367,8454,1,,
300,15,8,390,8469,1,,
423,477,8,340,8478,1,,
462,762,2,378,8485,1,,
447,464,4,392,8495,1,,
465,827,6,359,8499,1,,
265,2189,2,429,8499,1,,
131,1,3,430,8507,1,,
293,569,2,392,8516,1,,
367,2721,3,430,8521,1,,
105,1289,8,445,8522,1,,
159,75,3,433,8527,1,,
445,421,9,402,8536,1,,
281,275,2,392,8541,1,,
377,934,8,445,8543,1,,
229,1992,2,396,8551,1,,
299,124,10,445,8557,1,,
329,2526,3,-6,8561,1,,
338,85,6,369,8579,1,,
128,115,11,447,8580,1,,
326,451,2,369,8594,1,,
401,803,10,424,8594,1,,
339,100,6,403,8603,1,,
413,114,2,416,8608,1,,
320,91,10,424,8608,1,,
443,380,4,369,8610,1,,
409,79,1,433,8617,1,,
424,2964,2,285,8621,1,,
242,193,10,427,8622,1,,
341,109,5,438,8644,1,,
321,91,7,427,8645,1,,
321,213,10,443,8645,1,,
0,46,4,438,8651,1,,
132,1,11,425,8665,1,,
243,64,6,443,8669,1,,
243,430,12,451,8669,1,,
1,51,7,426,8682,1,,
301,54,7,424,8684,1,,
301,15,4,432,8684,1,,
99,1255,3,447,8698,1,,
99,58,7,452,8698,1,,
160,269,12,418,8702,1,,
149,1542,1,446,8713,1,,
149,43,4,446,8713,1,,
411,96,10,443,8717,1,,
410,84,5,418,8721,1,,
363,119,8,418,8733,1,,
2,46,8,437,8736,1,,
437,186,1,341,8737,1,,
199,144,8,424,8739,1,,
236,2030,3,425,8745,1,,
162,10,7,447,8749,1,,
3,46,10,414,8750,1,,
230,123,6,418,8756,1,,
343,473,7,414,8761,1,,
482,1126,6,443,8763,1,,
340,136,7,439,8769,1,,
337,6,6,452,8783,1,,
345,534,2,436,8784,1,,
342,136,9,410,8795,1,,
346,465,6,456,8801,1,,
344,377,6,424,8802,1,,
370,591,7,456,8811,1,,
390,208,4,427,8813,1,,
329,2527,3,195,8817,1,,
371,591,6,444,8827,1,,
151,107,6,439,8848,1,,
151,147,9,442,8848,1,,
151,16,10,442,8848,1,,
347,473,11,448,8851,1,,
456,642,5,452,8852,1,,
244,163,12,442,8864,1,,
219,1930,2,432,8870,1,,
324,0,3,444,8875,1,,
408,68,4,432,8876,1,,
444,396,4,451,8883,1,,
273,278,4,432,8890,1,,
59,7,8,442,8891,1,,
157,1583,10,382,8897,1,,
459,711,4,410,8901,1,,
486,3241,2,427,8907,1,,
391,309,6,464,8911,1,,
413,134,6,410,8920,1,,
189,1768,5,442,8928,1,,
172,1673,3,442,8934,1,,
414,142,4,464,8941,1,,
389,242,2,453,8952,1,,
143,1509,8,448,8952,1,,
388,199,10,448,8966,1,,
236,2028,4,447,8967,1,,
313,652,8,448,8978,1,,
99,1250,11,332,8982,1,,
453,593,1,443,8985,1,,
437,164,10,418,8993,1,,
264,103,2,418,9002,1,,
384,34,7,434,9006,1,,
384,17,11,454,9006,1,,
383,21,8,382,9027,1,,
224,301,10,459,9029,1,,
345,406,6,442,9030,1,,
225,23,7,450,9040,1,,
443,373,8,382,9041,1,,
285,2295,2,459,9045,1,,
298,2357,2,446,9056,1,,
343,310,10,382,9059,1,,
343,538,2,466,9059,1,,
76,129,10,461,9067,1,,
423,422,2,464,9071,1,,
236,-1,-1,-999,9077,2,v14_piggyback,1.0,8967,110
449,504,11,454,9077,1,,
446,453,7,448,9089,1,,
387,176,6,461,9098,1,,
421,350,6,382,9101,1,,
454,604,2,418,9108,1,,
385,72,4,475,9108,1,,
476,1018,6,469,9112,1,,
214,271,5,420,9116,1,,
456,644,7,307,9119,1,,
165,1631,1,442,9140,1,,
165,65,8,420,9140,1,,
165,10,7,420,9140,1,,
315,2448,4,420,9147,1,,
324,0,6,469,9154,1,,
324,0,7,448,9154,1,,
338,85,4,448,9161,1,,
162,16,5,415,9164,1,,
162,126,8,415,9164,1,,
347,2625,2,464,9169,1,,
390,266,4,448,9179,1,,
359,49,12,476,9182,1,,
452,574,2,415,9182,1,,
288,36,10,411,9196,1,,
358,12,6,411,9205,1,,
131,1,3,448,9211,1,,
413,142,3,464,9212,1,,
413,138,7,420,9212,1,,
43,82,6,470,9214,1,,
442,356,4,408,9219,1,,
461,757,4,415,9226,1,,
64,4,11,476,9229,1,,
199,81,8,476,9241,1,,
438,227,4,434,9242,1,,
437,179,6,454,9251,1,,
324,-1,-1,-999,9266,2,v14_piggyback,7.0,9154,112
305,2394,3,448,9268,1,,
383,31,9,476,9272,1,,
444,409,3,448,9276,1,,
187,1756,2,415,9285,1,,
143,1511,2,237,9288,1,,
38,63,12,441,9288,1,,
414,138,2,420,9296,1,,
177,1699,9,297,9301,1,,
237,2037,3,382,9305,1,,
236,2031,1,97,9314,1,,
236,321,1,439,9314,1,,
226,25,4,481,9314,1,,
419,272,2,444,9323,1,,
473,966,1,442,9325,1,,
300,57,8,441,9335,1,,
462,764,2,448,9340,1,,
386,55,1,418,9347,1,,
337,2566,2,421,9356,1,,
449,503,8,395,9358,1,,
246,279,2,406,9359,1,,
246,193,4,477,9359,1,,
246,157,9,477,9359,1,,
456,657,6,411,9369,1,,
391,208,6,411,9380,1,,
218,1927,2,448,9386,1,,
320,91,6,476,9390,1,,
458,684,6,441,9399,1,,
162,14,4,477,9406,1,,
222,1952,2,448,9414,1,,
267,2195,4,297,9417,1,,
236,-1,-1,-999,9421,2,v14_piggyback,1.0,9314,107
385,34,1,434,9424,1,,
452,573,7,408,9425,1,,
59,7,1,448,9435,1,,
358,11,4,406,9439,1,,
94,1219,7,393,9445,1,,
98,1247,1,448,9445,1,,
256,279,3,462,9450,1,,
306,333,2,393,9453,1,,
387,171,4,393,9465,1,,
416,175,12,422,9465,1,,
486,1177,9,364,9479,1,,
321,71,10,496,9490,1,,
200,185,8,364,9504,1,,
187,1753,7,421,9515,1,,
417,197,6,496,9517,1,,
42,1266,3,297,9520,1,,
324,0,4,441,9529,1,,
418,225,10,495,9531,1,,
18,30,6,364,9534,1,,
18,1256,8,364,9534,1,,
468,879,3,441,9535,1,,
133,1452,8,495,9543,1,,
410,98,5,480,9551,1,,
410,93,8,480,9551,1,,
257,233,8,428,9557,1,,
476,1029,4,422,9563,1,,
406,1059,3,411,9566,1,,
1,28,6,305,9568,1,,
1,22,6,480,9568,1,,
432,893,3,441,9572,1,,
305,212,6,496,9573,1,,
389,208,2,468,9579,1,,
239,2046,2,477,9583,1,,
107,1305,8,305,9584,1,,
107,13,4,480,9584,1,,
88,3185,2,468,9587,1,,
128,116,4,499,9610,1,,
225,25,2,422,9619,1,,
388,127,9,305,9620,1,,
388,80,3,458,9620,1,,
388,80,6,497,9620,1,,
413,114,3,495,9624,1,,
104,1285,5,409,9628,1,,
322,71,2,467,9644,1,,
258,488,6,409,9654,1,,
353,774,12,458,9659,1,,
129,39,6,500,9674,1,,
393,455,11,458,9674,1,,
198,1815,10,305,9688,1,,
220,1940,2,495,9688,1,,
106,1301,2,500,9695,1,,
88,-1,-1,-999,9699,2,v14_piggyback,2.0,9587,112
145,1520,8,305,9700,1,,
481,1105,2,409,9712,1,,
122,1391,2,305,9713,1,,
122,1,7,480,9713,1,,
459,702,8,305,9724,1,,
416,159,4,409,9725,1,,
52,4,8,505,9737,1,,
40,29,5,497,9740,1,,
40,30,6,501,9740,1,,
458,682,8,505,9749,1,,
417,187,8,480,9751,1,,
66,1958,2,45,9753,1,,
322,-1,-1,-999,9761,2,v14_piggyback,6.0,9644,117
484,1158,8,458,9765,1,,
133,1451,10,484,9777,1,,
175,1691,11,502,9781,1,,
443,373,10,380,9803,1,,
324,196,4,502,9809,1,,
324,0,11,507,9809,1,,
414,134,10,380,9819,1,,
410,84,7,463,9823,1,,
384,32,6,380,9829,1,,
422,368,5,507,9835,1,,
422,414,10,507,9835,1,,
422,387,5,508,9835,1,,
468,871,6,305,9838,1,,
290,336,9,380,9844,1,,
423,477,10,502,9852,1,,
395,600,6,380,9856,1,,
66,-1,-1,-999,9860,2,v14_piggyback,2.0,9753,107
288,677,6,487,9867,1,,
439,280,6,380,9879,1,,
337,6,5,364,9881,1,,
446,442,4,380,9888,1,,
362,156,6,502,9889,1,,
362,121,6,508,9889,1,,
400,786,5,480,9889,1,,
98,1245,6,497,9899,1,,
415,178,6,380,9899,1,,
450,518,9,507,9908,1,,
450,535,4,507,9908,1,,
267,209,4,364,9919,1,,
432,931,5,502,9924,1,,
432,909,7,507,9924,1,,
468,-1,-1,-999,9946,2,v14_piggyback,1.0,9838,108
282,2,4,480,9946,1,,
126,116,10,508,9951,1,,
353,2656,4,492,9963,1,,
151,1556,10,507,9969,1,,
162,1613,4,497,9970,1,,
453,594,4,305,9979,1,,
413,143,4,516,9980,1,,
104,1283,10,243,9989,1,,
427,620,4,480,9993,1,,
158,192,10,508,10003,1,,
399,768,4,519,10031,1,,
257,2143,3,467,10031,1,,
114,39,9,479,10034,1,,
327,2515,3,305,10037,1,,
406,1059,7,508,10044,1,,
106,1299,7,242,10044,1,,
144,1517,4,473,10053,1,,
448,497,8,479,10056,1,,
322,0,7,454,10066,1,,
485,1169,9,508,10069,1,,
460,726,3,305,10070,1,,
416,161,3,517,10074,1,,
464,810,7,479,10079,1,,
242,59,2,473,10085,1,,
453,-1,-1,-999,10087,2,v14_piggyback,1.0,9979,108
414,143,3,516,10094,1,,
141,1502,2,463,10097,1,,
419,267,2,501,10108,1,,
389,210,5,513,10116,1,,
99,1250,9,512,10118,1,,
305,333,3,512,10126,1,,
412,125,7,512,10138,1,,
466,847,7,508,10144,1,,
266,90,11,518,10150,1,,
418,234,6,502,10153,1,,
390,264,6,502,10162,1,,
420,246,8,513,10167,1,,
409,87,6,502,10171,1,,
485,-1,-1,-999,10176,2,v14_piggyback,1.0,10069,107
444,388,4,518,10180,1,,
462,776,6,508,10181,1,,
455,636,4,513,10190,1,,
439,255,4,473,10199,1,,
449,513,6,507,10201,1,,
181,1722,10,474,10209,1,,
468,871,4,305,10225,1,,
472,940,6,508,10228,1,,
411,111,10,472,10235,1,,
99,-1,-1,-999,10238,2,v14_piggyback,1.0,10118,120
265,162,5,505,10241,1,,
353,746,6,531,10246,1,,
288,2306,2,504,10253,1,,
415,154,4,513,10257,1,,
267,162,5,474,10265,1,,
200,1827,4,531,10274,1,,
284,2,4,502,10276,1,,
78,2711,4,507,10286,1,,
414,138,4,480,10295,1,,
414,137,3,518,10295,1,,
417,197,4,507,10308,1,,
322,0,6,480,10308,1,,
322,0,3,497,10308,1,,
101,1268,4,528,10310,1,,
289,229,7,528,10323,1,,
210,231,11,533,10323,1,,
464,810,5,489,10334,1,,
180,224,8,533,10335,1,,
416,175,4,509,10352,1,,
412,105,10,465,10357,1,,
412,102,2,531,10357,1,,
338,100,4,509,10373,1,,
388,198,3,518,10374,1,,
410,76,2,474,10380,1,,
453,594,6,305,10389,1,,
242,64,2,409,10396,1,,
242,2059,4,509,10396,1,,
446,454,4,508,10406,1,,
104,1287,4,532,10407,1,,
253,221,3,518,10409,1,,
290,229,6,541,10421,1,,
322,-1,-1,-999,10423,2,v14_piggyback,6.0,10308,115
487,1194,4,509,10426,1,,
409,76,2,474,10429,1,,
256,2138,3,505,10436,1,,
43,3,10,532,10444,1,,
43,82,5,532,10444,1,,
249,2095,2,50,10449,1,,
249,430,3,537,10449,1,,
282,2280,2,541,10451,1,,
472,950,9,524,10466,1,,
455,625,4,507,10475,1,,
99,1250,3,512,10480,1,,
440,3034,3,502,10489,1,,
332,805,8,537,10492,1,,
135,1466,4,537,10502,1,,
415,2927,3,504,10514,1,,
114,45,1,474,10519,1,,
114,39,6,478,10519,1,,
485,1169,3,508,10520,1,,
447,475,8,478,10533,1,,
110,1323,3,507,10533,1,,
339,109,6,491,10545,1,,
200,1828,2,528,10546,1,,
428,679,9,529,10561,1,,
60,7,2,533,10566,1,,
60,1804,2,537,10566,1,,
76,47,6,536,10572,1,,
230,1999,3,478,10574,1,,
161,1609,3,537,10585,1,,
241,2056,3,507,10590,1,,
306,376,3,537,10594,1,,
75,62,4,529,10598,1,,
75,63,9,529,10598,1,,
0,19,2,507,10609,1,,
340,6,12,536,10617,1,,
276,2244,3,529,10625,1,,
224,301,8,530,10639,1,,
410,84,5,537,10645,1,,
138,1482,2,524,10646,1,,
449,509,7,535,10652,1,,
214,1901,4,520,10655,1,,
341,6,10,521,10661,1,,
444,401,2,507,10663,1,,
416,167,11,536,10670,1,,
109,1,5,521,10672,1,,
452,567,2,520,10675,1,,
273,330,8,483,10684,1,,
225,181,4,544,10695,1,,
338,109,4,539,10710,1,,
411,105,11,550,10720,1,,
440,307,8,478,10728,1,,
480,1097,1,508,10732,1,,
461,753,4,539,10737,1,,
121,1388,10,545,10739,1,,
322,0,4,497,10746,1,,
1,51,6,556,10758,1,,
417,219,2,537,10769,1,,
417,222,8,503,10769,1,,
30,2141,2,529,10776,1,,
30,9,6,545,10776,1,,
438,216,2,556,10780,1,,
140,43,4,556,10787,1,,
445,419,11,542,10792,1,,
485,1161,2,379,10792,1,,
114,1344,12,521,10798,1,,
427,696,10,542,10806,1,,
360,60,6,503,10813,1,,
143,89,7,542,10817,1,,
143,1511,1,542,10817,1,,
226,25,4,503,10823,1,,
465,827,8,542,10829,1,,
134,107,4,563,10834,1,,
286,2,4,535,10837,1,,
286,2296,1,542,10837,1,,
384,32,2,521,10842,1,,
363,200,4,542,10844,1,,
446,437,5,571,10849,1,,
161,1612,2,372,10852,1,,
419,285,5,542,10858,1,,
478,1050,2,474,10872,1,,
2,9,1,521,10878,1,,
383,34,7,548,10883,1,,
453,586,4,529,10892,1,,
439,251,3,548,10892,1,,
361,60,8,526,10909,1,,
449,509,7,550,10917,1,,
148,1538,2,548,10922,1,,
462,764,6,548,10931,1,,
418,215,8,538,10939,1,,
256,233,6,548,10941,1,,
384,-1,-1,-999,10951,2,v14_piggyback,1.0,10842,109
362,60,9,555,10954,1,,
440,288,8,520,10956,1,,
416,189,6,535,10958,1,,
385,34,2,511,10961,1,,
224,240,9,566,10969,1,,
474,973,4,542,10977,1,,
460,726,3,542,10984,1,,
461,755,12,503,10998,1,,
257,587,12,552,10999,1,,
437,3022,3,536,11003,1,,
438,248,4,486,11015,1,,
361,-1,-1,-999,11018,2,v14_piggyback,2.0,10909,109
364,172,2,566,11020,1,,
370,2734,3,542,11022,1,,
253,2119,2,545,11027,1,,
289,2312,2,431,11035,1,,
140,1492,2,460,11038,1,,
420,272,2,568,11040,1,,
365,121,6,549,11065,1,,
487,1199,3,527,11073,1,,
421,2952,2,542,11074,1,,
485,1166,6,571,11076,1,,
485,1170,11,548,11076,1,,
399,2856,2,542,11080,1,,
440,-1,-1,-999,11080,2,v14_piggyback,1.0,10956,124
484,1153,2,559,11081,1,,
301,2374,3,506,11096,1,,
439,274,4,559,11109,1,,
393,472,10,506,11113,1,,
391,309,5,525,11123,1,,
446,453,6,527,11135,1,,
128,116,9,581,11136,1,,
299,2365,1,562,11138,1,,
78,58,4,581,11150,1,,
363,156,10,527,11151,1,,
256,2133,2,529,11161,1,,
392,415,7,493,11164,1,,
368,431,7,562,11171,1,,
48,1368,6,493,11175,1,,
258,296,5,579,11179,1,,
416,159,7,570,11205,1,,
488,1203,10,482,11210,1,,
439,-1,-1,-999,11216,2,v14_piggyback,1.0,11109,107
129,45,6,522,11216,1,,
417,187,7,576,11218,1,,
457,663,4,510,11222,1,,
300,26,10,522,11230,1,,
105,1294,7,522,11241,1,,
77,47,5,543,11249,1,,
287,36,10,522,11257,1,,
287,2303,2,522,11257,1,,
464,820,7,543,11260,1,,
418,235,4,543,11267,1,,
448,494,5,534,11269,1,,
446,-1,-1,-999,11278,2,v14_piggyback,1.0,11135,143
283,20,8,575,11291,1,,
298,26,5,490,11293,1,,
394,455,4,543,11303,1,,
451,546,6,522,11305,1,,
461,755,6,549,11309,1,,
461,753,4,506,11309,1,,
401,917,7,591,11315,1,,
322,0,4,575,11325,1,,
367,372,5,534,11334,1,,
457,-1,-1,-999,11340,2,v14_piggyback,1.0,11222,118
393,352,5,570,11342,1,,
421,329,8,593,11356,1,,
102,1274,2,490,11362,1,,
420,293,1,551,11366,1,,
420,293,9,579,11366,1,,
440,288,2,520,11368,1,,
440,281,8,559,11368,1,,
284,20,10,596,11379,1,,
400,782,6,515,11380,1,,
130,177,6,594,11380,1,,
375,951,4,522,11387,1,,
182,1729,6,515,11394,1,,
422,308,8,596,11403,1,,
410,98,4,596,11415,1,,
431,2997,2,494,11416,1,,
304,2390,2,534,11422,1,,
439,274,2,559,11436,1,,
439,261,8,591,11436,1,,
416,187,2,576,11438,1,,
105,1294,10,494,11444,1,,
200,1826,4,591,11445,1,,
392,449,4,575,11454,1,,
94,13,9,601,11456,1,,
41,29,2,601,11460,1,,
450,540,3,601,11466,1,,
438,204,4,482,11475,1,,
488,1204,4,510,11486,1,,
179,1711,2,575,11493,1,,
409,76,3,575,11501,1,,
423,414,5,606,11508,1,,
410,-1,-1,-999,11523,2,v14_piggyback,2.0,11415,108
394,455,10,597,11526,1,,
308,2415,2,543,11528,1,,
442,3044,2,606,11531,1,,
446,453,4,527,11548,1,,
446,450,5,593,11548,1,,
376,834,8,580,11549,1,,
376,932,3,584,11549,1,,
451,543,6,471,11563,1,,
451,558,2,578,11563,1,,
360,11,8,584,11575,1,,
159,269,6,600,11583,1,,
266,90,8,580,11587,1,,
457,663,2,510,11592,1,,
486,1175,8,584,11601,1,,
180,224,4,590,11606,1,,
183,67,3,580,11609,1,,
264,183,8,574,11623,1,,
417,197,9,588,11624,1,,
415,159,6,600,11634,1,,
265,33,10,595,11639,1,,
305,256,9,557,11643,1,,
152,16,11,588,11649,1,,
140,50,8,595,11653,1,,
163,16,4,557,11662,1,,
163,10,4,582,11662,1,,
163,269,6,582,11662,1,,
284,2,8,612,11666,1,,
339,6,7,588,11671,1,,
384,53,9,557,11675,1,,
430,844,9,608,11682,1,,
411,98,12,582,11691,1,,
414,150,6,604,11691,1,,
478,1053,6,604,11701,1,,
385,31,8,582,11703,1,,
126,141,5,609,11716,1,,
126,1414,4,582,11716,1,,
132,117,6,616,11718,1,,
214,1901,3,557,11724,1,,
214,223,2,582,11724,1,,
413,137,4,561,11726,1,,
458,689,6,582,11734,1,,
386,73,7,615,11745,1,,
230,118,6,616,11760,1,,
383,21,12,547,11776,1,,
409,79,9,609,11779,1,,
50,3,5,616,11781,1,,
50,1442,10,587,11781,1,,
321,91,12,587,11797,1,,
438,249,9,584,11798,1,,
438,238,8,574,11798,1,,
475,999,10,620,11804,1,,
1,28,9,620,11817,1,,
283,461,8,565,11818,1,,
283,38,7,547,11818,1,,
436,1188,8,603,11829,1,,
410,97,8,547,11830,1,,
320,213,8,595,11842,1,,
131,1,6,603,11845,1,,
169,139,8,608,11853,1,,
0,3,11,626,11860,1,,
401,824,6,620,11861,1,,
444,405,7,574,11864,1,,
288,20,3,603,11866,1,,
164,10,8,605,11872,1,,
308,458,7,595,11884,1,,
473,960,7,605,11886,1,,
451,546,9,584,11899,1,,
416,197,6,605,11903,1,,
440,314,6,574,11910,1,,
293,2334,3,604,11911,1,,
445,417,6,565,11922,1,,
412,112,6,605,11922,1,,
384,34,6,603,11924,1,,
449,3076,1,604,11930,1,,
439,258,3,587,11951,1,,
414,137,3,561,11960,1,,
414,137,2,587,11960,1,,
285,2294,4,615,11962,1,,
452,574,6,574,11970,1,,
367,435,5,605,11970,1,,
291,2322,4,620,11977,1,,
130,45,8,633,11980,1,,
427,620,4,557,11984,1,,
413,114,8,633,11992,1,,
480,1091,5,565,11996,1,,
385,42,10,615,12014,1,,
385,72,1,620,12014,1,,
385,21,4,620,12014,1,,
430,2989,2,606,12017,1,,
461,745,6,565,12024,1,,
412,-1,-1,-999,12029,2,v14_piggyback,2.0,11922,107
359,11,5,612,12033,1,,
305,333,4,620,12037,1,,
476,1028,4,565,12040,1,,
454,606,4,620,12044,1,,
341,2587,2,584,12046,1,,
341,109,2,565,12046,1,,
404,1002,6,625,12049,1,,
411,99,4,595,12053,1,,
465,832,4,582,12055,1,,
123,1395,4,547,12070,1,,
250,2104,3,580,12082,1,,
414,-1,-1,-999,12091,2,v14_piggyback,2.0,11960,131
448,491,3,485,12097,1,,
410,76,5,575,12110,1,,
444,397,12,613,12119,1,,
442,354,3,584,12124,1,,
163,1620,3,485,12128,1,,
405,996,12,540,12135,1,,
274,277,6,599,12144,1,,
413,-1,-1,-999,12154,2,v14_piggyback,4.0,11992,162
384,42,2,615,12158,1,,
384,21,6,620,12158,1,,
312,527,10,599,12159,1,,
428,679,4,586,12175,1,,
339,6,5,599,12176,1,,
281,2273,3,547,12183,1,,
362,172,4,599,12185,1,,
338,287,3,582,12186,1,,
340,6,6,641,12197,1,,
282,27,4,599,12206,1,,
456,647,6,640,12206,1,,
439,262,4,584,12211,1,,
476,-1,-1,-999,12215,2,v14_piggyback,1.0,12040,175
342,109,9,623,12221,1,,
320,213,3,599,12229,1,,
267,209,2,582,12233,1,,
406,996,3,641,12246,1,,
406,1013,8,611,12246,1,,
59,1706,2,580,12248,1,,
477,1049,2,580,12253,1,,
452,575,4,615,12256,1,,
97,1239,1,612,12276,1,,
97,8,9,634,12276,1,,
442,-1,-1,-999,12278,2,v14_piggyback,2.0,12124,154
103,1280,2,595,12281,1,,
117,1366,2,584,12287,1,,
454,604,9,640,12292,1,,
443,386,11,611,12310,1,,
123,1400,6,224,12321,1,,
444,391,6,620,12331,1,,
412,111,6,573,12341,1,,
124,1406,9,611,12343,1,,
288,38,1,547,12354,1,,
426,571,11,611,12361,1,,
60,7,6,635,12366,1,,
413,114,12,627,12374,1,,
360,12,9,611,12376,1,,
384,32,2,640,12379,1,,
97,-1,-1,-999,12389,2,v14_piggyback,1.0,12276,113
447,469,8,611,12390,1,,
40,5,6,623,12401,1,,
332,805,6,560,12403,1,,
414,137,6,587,12413,1,,
450,525,5,611,12423,1,,
187,1752,2,623,12432,1,,
187,67,2,645,12432,1,,
204,1847,3,623,12440,1,,
456,655,6,553,12443,1,,
198,1817,3,599,12448,1,,
289,20,6,654,12451,1,,
454,611,7,560,12457,1,,
283,20,8,657,12465,1,,
328,649,7,598,12468,1,,
68,1962,4,598,12481,1,,
452,562,7,599,12481,1,,
439,257,2,598,12485,1,,
442,354,5,584,12495,1,,
469,890,3,598,12497,1,,
224,1965,2,598,12502,1,,
471,929,10,657,12512,1,,
433,1009,3,611,12536,1,,
448,492,11,631,12550,1,,
443,379,10,630,12550,1,,
290,336,9,636,12551,1,,
43,82,8,636,12562,1,,
460,724,10,631,12566,1,,
440,311,3,599,12569,1,,
412,99,1,595,12572,1,,
416,159,1,600,12579,1,,
322,389,7,631,12584,1,,
68,-1,-1,-999,12588,2,v14_piggyback,2.0,12481,107
141,1500,3,631,12592,1,,
119,1374,12,661,12593,1,,
379,1041,8,546,12598,1,,
123,1395,3,318,12602,1,,
378,1024,2,623,12607,1,,
163,151,9,661,12616,1,,
163,10,8,661,12616,1,,
384,42,5,625,12625,1,,
457,659,6,644,12637,1,,
462,783,12,658,12640,1,,
97,1239,3,612,12643,1,,
110,1,9,643,12653,1,,
443,-1,-1,-999,12657,2,v14_piggyback,1.0,12550,107
298,2360,2,546,12665,1,,
437,180,4,661,12681,1,,
437,174,9,643,12681,1,,
392,352,7,636,12694,1,,
40,5,5,679,12709,1,,
40,3,9,679,12709,1,,
300,15,6,610,12719,1,,
456,655,11,656,12722,1,,
456,648,11,661,12722,1,,
132,1,8,683,12723,1,,
227,25,7,661,12733,1,,
343,334,7,683,12736,1,,
455,637,4,658,12740,1,,
413,125,4,683,12745,1,,
0,28,3,643,12746,1,,
409,74,5,643,12754,1,,
442,354,5,631,12756,1,,
325,2504,4,569,12762,1,,
176,1696,3,683,12764,1,,
362,172,4,569,12769,1,,
449,508,4,685,12773,1,,
439,251,7,599,12779,1,,
352,680,6,569,12789,1,,
129,116,10,685,12789,1,,
312,2432,2,658,12793,1,,
299,54,7,569,12799,1,,
301,15,4,689,12811,1,,
448,499,8,683,12823,1,,
454,611,3,661,12825,1,,
475,993,6,523,12835,1,,
344,424,12,671,12844,1,,
86,8,10,648,12853,1,,
412,99,7,651,12855,1,,
465,3140,4,569,12860,1,,
340,304,11,686,12861,1,,
350,651,8,523,12872,1,,
462,762,6,624,12882,1,,
4,22,7,691,12893,1,,
437,180,10,658,12907,1,,
1,51,5,637,12915,1,,
443,379,1,630,12921,1,,
443,380,10,644,12921,1,,
384,32,11,669,12930,1,,
3,3,8,671,12933,1,,
3,3,10,678,12933,1,,
3,28,2,686,12933,1,,
389,250,6,698,12939,1,,
400,786,3,698,12945,1,,
382,18,10,671,12950,1,,
302,57,9,648,12954,1,,
338,298,12,678,12968,1,,
440,305,8,619,12979,1,,
394,478,8,678,12982,1,,
62,1876,4,564,12986,1,,
435,1088,4,564,12992,1,,
163,1624,3,523,12998,1,,
135,1460,2,686,12999,1,,
135,116,8,662,12999,1,,
79,58,7,619,13009,1,,
427,690,8,671,13012,1,,
383,17,2,662,13031,1,,
383,18,10,704,13031,1,,
418,217,2,564,13036,1,,
398,731,2,694,13037,1,,
384,-1,-1,-999,13037,2,v14_piggyback,1.0,12930,107
460,722,8,668,13045,1,,
477,1044,9,702,13055,1,,
367,435,8,662,13059,1,,
439,253,7,689,13071,1,,
0,30,7,702,13072,1,,
419,241,6,662,13072,1,,
415,158,2,569,13075,1,,
390,245,9,705,13088,1,,
478,1052,5,686,13088,1,,
2,3,11,681,13103,1,,
191,1774,2,523,13108,1,,
441,324,10,681,13117,1,,
234,2018,4,686,13131,1,,
417,226,10,652,13133,1,,
5,41,12,672,13134,1,,
443,371,10,564,13147,1,,
51,1464,6,672,13150,1,,
51,5,6,672,13150,1,,
315,2449,4,704,13160,1,,
414,154,10,667,13161,1,,
141,1498,2,614,13176,1,,
452,576,8,673,13177,1,,
452,576,12,672,13177,1,,
306,256,10,682,13193,1,,
454,610,3,648,13195,1,,
437,164,6,698,13204,1,,
423,444,2,678,13209,1,,
274,434,6,667,13214,1,,
229,123,8,697,13221,1,,
95,1229,7,701,13224,1,,
441,-1,-1,-999,13225,2,v14_piggyback,1.0,13117,108
485,1167,2,686,13225,1,,
76,24,2,678,13230,1,,
339,287,4,667,13231,1,,
382,17,2,681,13249,1,,
382,17,8,673,13249,1,,
447,463,2,564,13252,1,,
128,89,8,711,13254,1,,
383,2790,4,585,13275,1,,
459,721,6,672,13284,1,,
452,-1,-1,-999,13287,2,v14_piggyback,1.0,13177,110
41,5,8,719,13298,1,,
392,309,10,724,13306,1,,
242,64,6,681,13310,1,,
384,32,10,569,13322,1,,
458,691,4,724,13329,1,,
483,1131,4,673,13330,1,,
463,788,2,686,13336,1,,
393,367,7,638,13339,1,,
415,155,6,701,13349,1,,
437,-1,-1,-999,13349,2,v14_piggyback,1.0,13204,145
412,2913,4,698,13354,1,,
194,1790,2,673,13361,1,,
199,81,4,684,13361,1,,
230,118,2,673,13369,1,,
385,52,10,726,13379,1,,
443,382,9,705,13393,1,,
387,73,12,684,13396,1,,
359,12,5,638,13403,1,,
95,-1,-1,-999,13411,2,v14_piggyback,2.0,13224,187
419,272,4,642,13412,1,,
466,848,2,681,13415,1,,
465,821,2,698,13429,1,,
213,1897,2,700,13440,1,,
478,3198,2,689,13444,1,,
407,40,5,638,13457,1,,
388,94,12,700,13470,1,,
483,-1,-1,-999,13473,2,v14_piggyback,1.0,13330,143
445,416,11,592,13475,1,,
130,45,10,706,13484,1,,
210,231,6,717,13488,1,,
475,999,8,706,13496,1,,
399,2856,1,706,13500,1,,
244,64,7,708,13509,1,,
447,482,10,724,13514,1,,
441,324,1,681,13515,1,,
386,94,7,655,13525,1,,
386,132,10,725,13525,1,,
243,59,6,558,13526,1,,
160,1604,2,592,13531,1,,
113,1338,8,655,13539,1,,
416,178,1,642,13545,1,,
416,169,6,733,13545,1,,
452,578,5,682,13552,1,,
364,200,5,733,13554,1,,
391,313,4,592,13561,1,,
407,-1,-1,-999,13568,2,v14_piggyback,1.0,13457,111
193,224,5,655,13576,1,,
193,228,10,628,13576,1,,
459,715,6,632,13577,1,,
449,502,8,725,13596,1,,
449,503,7,725,13596,1,,
242,59,11,718,13600,1,,
437,164,2,698,13607,1,,
141,116,6,725,13610,1,,
141,1502,4,725,13610,1,,
455,635,2,717,13619,1,,
0,46,8,628,13622,1,,
313,613,2,592,13624,1,,
102,1273,2,622,13630,1,,
134,130,7,670,13633,1,,
139,170,12,723,13649,1,,
362,172,11,728,13650,1,,
180,166,6,670,13658,1,,
215,231,4,728,13676,1,,
215,23,4,728,13676,1,,
370,529,12,723,13676,1,,
443,370,6,592,13688,1,,
164,10,8,739,13693,1,,
179,160,10,629,13701,1,,
483,1131,6,673,13712,1,,
445,427,10,717,13713,1,,
145,1520,8,629,13726,1,,
455,-1,-1,-999,13730,2,v14_piggyback,1.0,13619,111
114,1346,4,629,13735,1,,
430,852,6,670,13738,1,,
417,195,5,745,13747,1,,
170,139,8,747,13749,1,,
475,1005,10,741,13756,1,,
99,1255,4,629,13759,1,,
314,564,10,745,13762,1,,
418,232,8,647,13773,1,,
343,473,11,747,13776,1,,
412,114,8,730,13790,1,,
166,1641,12,647,13792,1,,
210,223,4,655,13795,1,,
210,1879,4,628,13795,1,,
96,1233,4,647,13810,1,,
411,93,6,688,13811,1,,
411,108,4,714,13811,1,,
467,866,6,628,13815,1,,
59,7,4,670,13822,1,,
394,514,5,628,13830,1,,
157,43,4,688,13837,1,,
157,65,4,714,13837,1,,
157,1583,10,677,13837,1,,
234,2020,3,647,13841,1,,
466,840,4,745,13856,1,,
416,178,2,655,13858,1,,
86,347,4,677,13871,1,,
86,347,11,749,13871,1,,
86,8,10,749,13871,1,,
431,844,12,680,13876,1,,
449,513,5,745,13877,1,,
449,508,9,745,13877,1,,
217,1922,4,655,13883,1,,
299,78,3,725,13889,1,,
95,1229,2,701,13890,1,,
95,13,7,754,13890,1,,
336,2561,2,670,13895,1,,
427,683,3,647,13895,1,,
409,92,12,749,13902,1,,
195,191,7,677,13919,1,,
195,1794,3,749,13919,1,,
40,44,8,754,13927,1,,
140,1492,1,642,13930,1,,
443,380,6,725,13930,1,,
459,701,11,629,13936,1,,
157,-1,-1,-999,13945,2,v14_piggyback,1.0,13837,108
53,4,9,680,13946,1,,
360,60,2,749,13952,1,,
360,60,8,677,13952,1,,
447,475,9,749,13968,1,,
384,17,5,749,13978,1,,
254,2124,2,723,13993,1,,
483,1140,12,677,13997,1,,
170,1661,2,622,13997,1,,
54,1501,4,607,14005,1,,
229,1993,2,554,14018,1,,
455,635,2,717,14019,1,,
455,637,6,622,14019,1,,
408,68,8,695,14027,1,,
443,-1,-1,-999,14041,2,v14_piggyback,1.0,13930,111
142,50,6,757,14042,1,,
250,306,7,753,14048,1,,
250,318,3,753,14048,1,,
383,31,11,752,14049,1,,
383,34,3,752,14049,1,,
1,9,6,757,14052,1,,
377,2762,2,753,14053,1,,
18,1291,4,753,14060,1,,
338,244,6,757,14061,1,,
114,1344,8,730,14062,1,,
262,2170,2,757,14075,1,,
256,221,3,676,14081,1,,
168,1651,4,676,14087,1,,
412,108,2,714,14092,1,,
412,101,12,677,14092,1,,
412,99,7,749,14092,1,,
119,1374,6,757,14097,1,,
463,796,5,714,14102,1,,
261,327,11,666,14112,1,,
425,555,8,761,14120,1,,
263,327,10,727,14132,1,,
339,109,1,735,14136,1,,
55,4,4,677,14151,1,,
385,34,3,752,14159,1,,
353,720,7,727,14162,1,,
336,2560,3,730,14170,1,,
336,865,3,714,14170,1,,
321,71,3,761,14170,1,,
114,-1,-1,-999,14171,2,v14_piggyback,1.0,14062,109
50,4,1,753,14173,1,,
439,251,2,629,14187,1,,
439,255,2,749,14187,1,,
257,306,6,761,14192,1,,
437,179,3,749,14195,1,,
442,359,4,749,14204,1,,
451,549,5,666,14206,1,,
249,59,6,762,14209,1,,
249,279,4,744,14209,1,,
341,6,10,660,14231,1,,
412,-1,-1,-999,14233,2,v14_piggyback,1.0,14092,141
426,547,7,762,14235,1,,
384,34,3,752,14241,1,,
384,42,5,752,14241,1,,
413,133,4,744,14242,1,,
473,957,6,660,14252,1,,
354,814,7,734,14262,1,,
118,1367,6,744,14271,1,,
448,491,4,660,14276,1,,
367,372,4,762,14278,1,,
337,792,3,734,14282,1,,
337,6,1,660,14282,1,,
481,1112,2,730,14287,1,,
393,2830,2,749,14294,1,,
403,2873,2,762,14297,1,,
443,380,2,725,14302,1,,
153,1563,3,749,14302,1,,
288,38,1,747,14315,1,,
416,173,1,728,14324,1,,
338,6,2,762,14334,1,,
484,1159,3,734,14339,1,,
425,2968,2,457,14351,1,,
263,2175,3,295,14352,1,,
141,1502,1,695,14359,1,,
462,764,1,660,14364,1,,
291,563,4,664,14380,1,,
369,452,2,649,14385,1,,
438,1207,9,756,14392,1,,
438,206,11,756,14392,1,,
368,398,12,664,14408,1,,
339,6,2,762,14412,1,,
439,258,4,756,14413,1,,
485,1171,8,589,14414,1,,
114,1344,2,730,14420,1,,
414,142,6,760,14422,1,,
474,984,4,589,14426,1,,
257,2143,2,646,14426,1,,
98,1246,4,589,14439,1,,
392,326,6,776,14442,1,,
415,167,10,776,14458,1,,
412,114,8,660,14464,1,,
246,2081,2,664,14467,1,,
129,177,4,776,14468,1,,
473,959,5,696,14479,1,,
258,233,12,779,14487,1,,
437,164,4,756,14501,1,,
371,723,3,776,14509,1,,
118,1370,4,112,14518,1,,
481,3216,2,744,14523,1,,
442,360,10,769,14525,1,,
448,492,8,742,14532,1,,
448,498,8,589,14532,1,,
128,45,6,764,14539,1,,
256,306,6,770,14546,1,,
256,383,4,770,14546,1,,
420,293,5,764,14547,1,,
372,596,12,780,14564,1,,
94,1224,10,781,14569,1,,
94,47,8,781,14569,1,,
408,35,4,764,14581,1,,
285,20,12,687,14583,1,,
163,14,10,770,14583,1,,
169,1655,2,572,14588,1,,
445,419,5,764,14590,1,,
337,2567,2,764,14594,1,,
410,84,5,687,14614,1,,
410,76,6,687,14614,1,,
384,17,4,770,14619,1,,
333,894,8,687,14627,1,,
92,1215,6,770,14636,1,,
470,912,6,665,14637,1,,
448,-1,-1,-999,14639,2,v14_piggyback,1.0,14532,107
170,139,8,687,14641,1,,
131,1,4,781,14643,1,,
421,293,4,621,14650,1,,
484,1153,4,649,14654,1,,
122,1394,10,783,14668,1,,
438,238,2,765,14670,1,,
438,227,7,776,14670,1,,
438,204,1,775,14670,1,,
438,216,10,687,14670,1,,
409,79,3,653,14680,1,,
440,290,6,785,14685,1,,
422,308,5,665,14697,1,,
199,144,8,775,14699,1,,
445,-1,-1,-999,14704,2,v14_piggyback,1.0,14590,114
474,972,7,572,14706,1,,
200,149,5,772,14713,1,,
258,2146,2,776,14723,1,,
412,111,8,762,14732,1,,
255,2130,2,776,14740,1,,
165,10,6,783,14757,1,,
165,10,6,751,14757,1,,
413,133,10,791,14758,1,,
202,1837,3,785,14763,1,,
442,354,6,775,14771,1,,
442,363,9,687,14771,1,,
441,343,5,773,14771,1,,
458,698,5,773,14780,1,,
73,3,7,738,14782,1,,
73,2259,2,738,14782,1,,
73,88,10,738,14782,1,,
428,758,10,751,14796,1,,
409,-1,-1,-999,14800,2,v14_piggyback,2.0,14680,120
392,326,10,738,14810,1,,
128,1423,10,785,14812,1,,
457,665,2,785,14817,1,,
386,80,8,751,14824,1,,
298,15,8,738,14838,1,,
354,2659,2,773,14839,1,,
485,1165,2,785,14843,1,,
299,54,10,787,14855,1,,
401,824,7,738,14867,1,,
410,79,4,653,14870,1,,
410,86,10,784,14870,1,,
410,74,7,784,14870,1,,
410,76,5,729,14870,1,,
442,-1,-1,-999,14880,2,v14_piggyback,2.0,14771,109
416,182,8,786,14884,1,,
157,65,10,800,14884,1,,
320,213,5,786,14894,1,,
283,2,1,770,14896,1,,
283,77,6,738,14896,1,,
411,98,7,786,14906,1,,
312,527,4,786,14915,1,,
484,1152,9,738,14919,1,,
182,67,10,798,14932,1,,
78,7,10,798,14948,1,,
342,310,8,758,14953,1,,
196,1803,1,786,14953,1,,
152,16,2,758,14957,1,,
385,2800,1,758,14966,1,,
372,754,8,798,14967,1,,
264,496,6,788,14979,1,,
148,1536,6,738,14984,1,,
148,130,10,755,14984,1,,
445,419,5,764,14985,1,,
445,423,6,773,14985,1,,
202,1838,3,189,14993,1,,
2,28,12,699,14998,1,,
471,935,4,746,15000,1,,
285,2,2,755,15000,1,,
285,2291,2,755,15000,1,,
285,38,4,755,15000,1,,
285,2292,3,755,15000,1,,
320,-1,-1,-999,15003,2,v14_piggyback,2.0,14894,109
440,307,8,737,15014,1,,
76,2514,2,800,15018,1,,
76,82,11,755,15018,1,,
229,205,11,755,15034,1,,
360,2693,3,740,15043,1,,
384,52,8,755,15047,1,,
458,695,6,758,15056,1,,
458,687,3,746,15056,1,,
467,856,12,755,15064,1,,
344,473,9,740,15069,1,,
280,470,11,804,15079,1,,
132,117,12,699,15089,1,,
457,663,5,720,15091,1,,
457,668,12,758,15091,1,,
284,38,7,810,15101,1,,
300,124,5,755,15109,1,,
282,378,5,768,15112,1,,
282,378,6,798,15112,1,,
282,36,1,699,15112,1,,
322,0,4,583,15116,1,,
0,41,8,768,15126,1,,
122,1393,4,583,15126,1,,
193,228,9,699,15141,1,,
340,304,4,817,15148,1,,
484,1147,6,755,15157,1,,
301,78,11,699,15158,1,,
343,334,10,813,15162,1,,
3,9,8,813,15173,1,,
413,145,9,699,15173,1,,
419,246,9,699,15188,1,,
439,273,6,813,15191,1,,
180,1717,2,792,15201,1,,
315,527,8,699,15202,1,,
412,105,4,810,15205,1,,
77,24,6,699,15214,1,,
1,22,10,792,15215,1,,
436,1144,3,755,15215,1,,
441,315,2,798,15225,1,,
441,342,4,699,15225,1,,
230,205,2,792,15226,1,,
283,2281,3,712,15227,1,,
352,676,2,738,15233,1,,
174,153,4,788,15236,1,,
488,3252,3,755,15249,1,,
471,938,12,740,15257,1,,
363,220,11,822,15272,1,,
435,1124,11,732,15275,1,,
384,21,4,816,15291,1,,
387,80,10,822,15295,1,,
365,335,4,798,15300,1,,
449,501,2,738,15305,1,,
302,152,9,731,15315,1,,
181,104,8,822,15316,1,,
181,160,8,639,15316,1,,
440,312,10,738,15320,1,,
338,244,3,699,15327,1,,
296,2350,2,751,15334,1,,
0,22,7,777,15338,1,,
0,22,9,822,15338,1,,
410,98,3,786,15346,1,,
78,2669,2,738,15350,1,,
409,76,3,729,15354,1,,
437,1157,9,639,15360,1,,
442,354,3,775,15362,1,,
445,425,4,784,15373,1,,
229,123,10,639,15374,1,,
464,806,2,751,15390,1,,
475,1004,12,639,15391,1,,
284,128,8,777,15403,1,,
430,771,2,699,15409,1,,
421,2952,1,699,15416,1,,
348,589,8,826,15416,1,,
300,26,1,639,15427,1,,
300,54,7,777,15427,1,,
432,892,1,738,15439,1,,
253,2118,2,755,15445,1,,
386,2801,1,810,15447,1,,
439,258,5,790,15459,1,,
286,38,9,824,15459,1,,
286,2,8,824,15459,1,,
285,2,8,828,15471,1,,
320,0,6,824,15481,1,,
301,57,10,790,15482,1,,
180,160,6,777,15490,1,,
224,83,5,839,15490,1,,
458,684,6,812,15499,1,,
216,83,10,807,15504,1,,
449,503,5,820,15517,1,,
431,844,8,807,15517,1,,
407,56,4,828,15518,1,,
283,2283,4,639,15525,1,,
440,299,6,823,15526,1,,
465,827,6,807,15527,1,,
476,1014,6,778,15536,1,,
282,27,5,807,15546,1,,
282,2,2,778,15546,1,,
242,430,6,843,15558,1,,
296,2346,2,663,15575,1,,
0,3,1,843,15584,1,,
270,2213,3,824,15585,1,,
181,14,3,807,15593,1,,
181,104,7,710,15593,1,,
181,126,6,710,15593,1,,
451,543,4,777,15593,1,,
418,2940,3,777,15602,1,,
438,237,4,843,15605,1,,
481,3217,3,824,15608,1,,
442,362,8,839,15616,1,,
442,348,9,778,15616,1,,
41,29,2,602,15620,1,,
41,30,4,602,15620,1,,
449,-1,-1,-999,15625,2,v14_piggyback,1.0,15517,108
388,199,3,807,15631,1,,
388,168,8,710,15631,1,,
450,521,8,602,15632,1,,
409,76,11,715,15647,1,,
387,146,11,602,15647,1,,
50,4,2,811,15648,1,,
324,0,1,602,15662,1,,
324,91,10,771,15662,1,,
475,1007,7,811,15671,1,,
322,91,6,602,15676,1,,
322,0,4,602,15676,1,,
465,-1,-1,-999,15688,2,v14_piggyback,1.0,15527,161
412,105,2,639,15690,1,,
251,284,2,828,15707,1,,
42,5,2,847,15713,1,,
439,268,8,807,15713,1,,
439,257,8,710,15713,1,,
87,347,8,710,15725,1,,
448,490,10,710,15739,1,,
313,2439,2,822,15739,1,,
204,1848,2,822,15744,1,,
418,-1,-1,-999,15750,2,v14_piggyback,3.0,15602,148
430,844,2,807,15751,1,,
430,763,6,710,15751,1,,
363,254,8,771,15754,1,,
445,419,8,710,15763,1,,
386,73,4,845,15770,1,,
386,120,7,796,15770,1,,
215,181,8,710,15777,1,,
401,917,9,796,15784,1,,
364,121,11,796,15800,1,,
486,1177,8,710,15800,1,,
365,254,2,802,15807,1,,
324,-1,-1,-999,15812,2,v14_piggyback,6.0,15662,150
243,64,7,819,15813,1,,
470,3165,2,639,15813,1,,
484,1158,11,796,15817,1,,
384,21,1,777,15827,1,,
320,0,3,602,15836,1,,
320,0,6,832,15836,1,,
132,1,1,824,15841,1,,
166,10,6,819,15856,1,,
461,755,1,639,15865,1,,
437,1196,6,771,15869,1,,
200,223,5,710,15878,1,,
438,227,6,840,15881,1,,
487,1192,1,824,15883,1,,
267,90,8,709,15892,1,,
360,12,5,778,15903,1,,
463,794,2,830,15908,1,,
407,48,8,850,15917,1,,
0,3,3,856,15920,1,,
440,307,7,796,15930,1,,
442,354,7,834,15931,1,,
43,29,7,830,15932,1,,
388,120,3,796,15950,1,,
388,132,10,850,15950,1,,
465,821,6,778,15954,1,,
465,836,9,778,15954,1,,
431,833,5,709,15964,1,,
450,539,12,845,15968,1,,
42,29,3,602,15979,1,,
42,1237,2,832,15979,1,,
339,6,3,803,15981,1,,
340,6,2,803,15988,1,,
447,482,6,796,15990,1,,
404,1026,4,778,15992,1,,
456,638,4,709,16001,1,,
418,226,6,771,16002,1,,
337,6,1,803,16008,1,,
460,727,4,710,16011,1,,
468,878,5,796,16027,1,,
393,326,8,803,16027,1,,
414,137,2,807,16031,1,,
181,166,7,855,16041,1,,
390,2820,3,771,16043,1,,
411,101,8,855,16053,1,,
486,1184,9,709,16067,1,,
215,1908,4,750,16080,1,,
386,171,6,864,16090,1,,
283,77,3,801,16094,1,,
283,36,5,801,16094,1,,
339,-1,-1,-999,16096,2,v14_piggyback,6.0,15981,115
324,2498,4,850,16099,1,,
454,606,2,819,16109,1,,
216,1914,2,841,16113,1,,
384,34,4,825,16113,1,,
384,42,10,803,16113,1,,
299,2362,2,807,16117,1,,
448,498,8,801,16125,1,,
166,1641,8,796,16133,1,,
479,1075,10,852,16147,1,,
372,2742,2,771,16150,1,,
446,450,2,819,16152,1,,
418,-1,-1,-999,16158,2,v14_piggyback,3.0,16002,156
449,503,2,820,16162,1,,
230,118,10,852,16165,1,,
438,190,11,834,16168,1,,
253,2118,2,832,16175,1,,
394,472,8,852,16179,1,,
320,0,1,716,16197,1,,
470,905,2,845,16204,1,,
415,154,6,818,16208,1,,
278,2254,2,807,16213,1,,
384,-1,-1,-999,16224,2,v14_piggyback,3.0,16113,111
484,3228,1,709,16228,1,,
356,2673,1,716,16231,1,,
463,784,7,855,16239,1,,
463,784,3,774,16239,1,,
248,2094,1,771,16251,1,,
108,1307,8,853,16253,1,,
256,411,5,888,16274,1,,
39,44,2,853,16278,1,,
166,-1,-1,-999,16286,2,v14_piggyback,1.0,16133,153
412,112,5,853,16289,1,,
465,830,4,814,16297,1,,
385,31,5,801,16299,1,,
280,330,10,829,16306,1,,
241,318,6,814,16308,1,,
443,385,6,801,16311,1,,
416,182,8,815,16318,1,,
407,56,3,814,16322,1,,
94,13,6,867,16322,1,,
308,458,5,829,16326,1,,
445,416,3,867,16338,1,,
433,995,12,815,16342,1,,
339,6,2,803,16345,1,,
448,490,4,808,16351,1,,
463,-1,-1,-999,16352,2,v14_piggyback,1.0,16239,113
100,1261,3,808,16357,1,,
324,0,9,716,16359,1,,
457,659,3,831,16359,1,,
439,255,2,814,16366,1,,
265,162,5,808,16379,1,,
223,1960,3,831,16380,1,,
306,393,6,883,16415,1,,
266,2190,2,883,16432,1,,
266,496,10,883,16432,1,,
257,306,10,851,16434,1,,
364,322,4,851,16443,1,,
438,237,9,883,16445,1,,
466,838,10,866,16459,1,,
408,48,7,881,16460,1,,
183,1732,2,814,16467,1,,
479,1078,12,400,16473,1,,
409,68,8,866,16473,1,,
384,31,6,801,16484,1,,
470,912,11,814,16485,1,,
224,286,5,862,16495,1,,
361,69,12,849,16504,1,,
488,1213,4,862,16504,1,,
485,1165,2,831,16511,1,,
87,8,8,866,16514,1,,
343,534,9,849,16519,1,,
484,1155,8,869,16526,1,,
410,87,6,885,16530,1,,
419,263,7,868,16538,1,,
419,267,11,868,16538,1,,
390,208,10,871,16540,1,,
465,830,10,851,16546,1,,
54,4,6,883,16556,1,,
443,382,7,831,16562,1,,
416,161,4,808,16577,1,,
437,179,10,868,16581,1,,
445,416,9,883,16591,1,,
454,602,3,871,16596,1,,
368,351,6,868,16604,1,,
368,435,10,868,16604,1,,
469,900,7,880,16607,1,,
361,-1,-1,-999,16614,2,v14_piggyback,2.0,16504,110
320,71,5,885,16618,1,,
442,344,8,868,16618,1,,
207,1863,3,883,16624,1,,
215,181,7,868,16631,1,,
446,3061,3,693,16635,1,,
115,1349,3,821,16643,1,,
358,49,4,885,16652,1,,
483,1135,7,868,16654,1,,
375,2756,3,883,16656,1,,
324,0,6,878,16665,1,,
324,0,1,885,16665,1,,
166,1641,2,796,16678,1,,
366,337,8,859,16693,1,,
414,158,2,814,16698,1,,
308,2412,2,400,16700,1,,
308,333,2,868,16700,1,,
285,2291,2,881,16705,1,,
466,849,4,799,16708,1,,
466,849,8,871,16708,1,,
466,838,4,821,16708,1,,
454,-1,-1,-999,16708,2,v14_piggyback,1.0,16596,112
463,784,5,774,16716,1,,
457,667,5,868,16724,1,,
384,32,2,868,16746,1,,
384,42,10,868,16746,1,,
167,10,7,910,16748,1,,
199,1819,2,910,16755,1,,
310,2423,3,910,16763,1,,
42,29,8,873,16768,1,,
320,-1,-1,-999,16770,2,v14_piggyback,7.0,16618,152
409,74,6,871,16777,1,,
488,1203,8,617,16787,1,,
488,1201,3,617,16787,1,,
128,39,8,901,16789,1,,
256,2133,2,868,16815,1,,
256,259,6,890,16815,1,,
410,70,2,901,16821,1,,
438,218,4,868,16822,1,,
420,272,2,866,16828,1,,
369,372,4,902,16829,1,,
446,-1,-1,-999,16832,2,v14_piggyback,1.0,16635,197
361,12,1,880,16833,1,,
437,174,7,890,16839,1,,
393,2830,3,868,16845,1,,
455,634,10,743,16849,1,,
465,836,9,880,16851,1,,
415,167,10,903,16864,1,,
194,228,2,899,16867,1,,
411,96,10,743,16884,1,,
200,165,4,896,16897,1,,
468,881,7,743,16897,1,,
249,193,10,903,16904,1,,
459,714,8,743,16910,1,,
156,1581,1,896,16911,1,,
129,141,8,743,16924,1,,
416,167,2,903,16925,1,,
416,178,6,929,16925,1,,
368,435,6,903,16934,1,,
412,106,10,912,16940,1,,
361,-1,-1,-999,16942,2,v14_piggyback,2.0,16833,109
180,160,7,924,16944,1,,
464,812,6,924,16955,1,,
422,329,4,929,16961,1,,
143,1509,10,659,16964,1,,
171,139,6,915,16973,1,,
115,1352,9,767,16979,1,,
241,2057,2,855,16979,1,,
241,157,7,913,16979,1,,
384,17,6,903,16989,1,,
454,602,7,871,16992,1,,
413,133,2,902,16993,1,,
199,1820,3,861,17015,1,,
204,1848,3,743,17025,1,,
204,185,8,922,17025,1,,
407,56,9,905,17026,1,,
321,61,4,743,17034,1,,
320,0,11,885,17036,1,,
423,402,10,846,17040,1,,
323,61,6,922,17045,1,,
408,2897,3,617,17045,1,,
109,1318,6,827,17047,1,,
130,1436,4,922,17077,1,,
299,26,4,848,17077,1,,
488,3252,3,827,17085,1,,
145,345,8,846,17091,1,,
271,2221,2,848,17093,1,,
410,96,8,926,17107,1,,
0,19,5,846,17114,1,,
216,1915,4,743,17116,1,,
133,1,7,848,17122,1,,
468,877,9,659,17131,1,,
390,266,8,846,17133,1,,
300,15,5,897,17139,1,,
321,-1,-1,-999,17143,2,v14_piggyback,2.0,17034,109
389,245,12,795,17150,1,,
2,51,6,927,17158,1,,
322,213,8,891,17160,1,,
264,103,9,891,17175,1,,
111,115,8,795,17176,1,,
111,1,10,795,17176,1,,
301,124,10,833,17178,1,,
194,1793,2,874,17182,1,,
200,149,11,795,17193,1,,
142,50,12,833,17197,1,,
203,165,11,875,17211,1,,
364,220,12,887,17214,1,,
441,343,10,893,17228,1,,
166,1641,10,875,17237,1,,
184,67,11,860,17242,1,,
424,479,8,887,17242,1,,
48,1378,8,795,17251,1,,
282,36,10,860,17258,1,,
379,1047,10,833,17261,1,,
134,107,9,893,17274,1,,
302,15,8,860,17284,1,,
413,122,7,922,17287,1,,
413,145,4,875,17287,1,,
449,506,6,860,17296,1,,
320,0,5,617,17303,1,,
320,91,8,893,17303,1,,
96,13,12,948,17306,1,,
437,140,8,891,17310,1,,
406,1059,6,795,17318,1,,
414,154,6,917,17321,1,,
252,2114,4,795,17333,1,,
252,306,2,795,17333,1,,
407,35,10,833,17333,1,,
431,901,8,833,17345,1,,
272,230,4,917,17346,1,,
272,33,4,944,17346,1,,
153,16,6,948,17348,1,,
455,634,6,891,17358,1,,
79,4,3,795,17369,1,,
79,58,10,914,17369,1,,
133,1,6,917,17369,1,,
389,199,8,833,17383,1,,
419,283,6,944,17396,1,,
425,581,6,887,17401,1,,
425,522,7,806,17401,1,,
138,1482,4,713,17402,1,,
464,815,6,827,17408,1,,
471,927,4,948,17414,1,,
363,156,8,893,17432,1,,
111,1330,4,713,17440,1,,
446,453,8,941,17444,1,,
409,74,4,795,17452,1,,
0,1593,2,887,17453,1,,
0,1232,4,887,17453,1,,
439,261,2,860,17454,1,,
439,258,4,953,17454,1,,
455,-1,-1,-999,17467,2,v14_piggyback,1.0,17358,109
143,1511,3,908,17468,1,,
97,1244,8,893,17469,1,,
384,18,4,941,17476,1,,
416,161,5,833,17488,1,,
415,155,6,944,17488,1,,
54,4,8,900,17492,1,,
444,397,5,917,17501,1,,
433,1000,3,875,17513,1,,
408,56,4,846,17516,1,,
440,311,3,743,17538,1,,
413,134,6,833,17547,1,,
307,2406,4,917,17548,1,,
234,2017,2,743,17551,1,,
391,210,2,875,17555,1,,
446,-1,-1,-999,17555,2,v14_piggyback,1.0,17444,111
233,2011,4,860,17557,1,,
458,3112,2,743,17559,1,,
162,1615,3,887,17562,1,,
390,247,4,917,17566,1,,
468,871,4,924,17575,1,,
466,838,3,833,17582,1,,
414,135,6,953,17587,1,,
145,1521,2,891,17595,1,,
172,1675,2,900,17597,1,,
229,95,2,916,17613,1,,
159,269,12,961,17620,1,,
174,1683,2,892,17620,1,,
230,1997,3,887,17625,1,,
477,1031,6,931,17635,1,,
163,14,6,931,17649,1,,
78,2711,4,836,17656,1,,
321,0,2,617,17658,1,,
242,193,3,887,17669,1,,
455,634,4,891,17680,1,,
367,372,2,948,17680,1,,
367,2721,2,931,17680,1,,
256,221,8,936,17681,1,,
344,2602,3,931,17686,1,,
106,1301,2,887,17686,1,,
320,196,12,936,17702,1,,
384,42,3,848,17703,1,,
146,1529,2,795,17711,1,,
439,280,9,936,17718,1,,
382,18,8,964,17733,1,,
111,1327,6,961,17734,1,,
111,13,1,911,17734,1,,
143,50,11,858,17739,1,,
126,1,8,964,17750,1,,
443,385,4,858,17758,1,,
443,384,10,968,17758,1,,
78,-1,-1,-999,17764,2,v14_piggyback,1.0,17656,108
232,2010,6,789,17766,1,,
343,424,11,858,17773,1,,
140,43,5,789,17776,1,,
318,527,4,936,17785,1,,
129,45,6,956,17799,1,,
171,139,10,968,17804,1,,
329,649,4,909,17808,1,,
388,2810,2,936,17811,1,,
440,312,6,892,17814,1,,
479,1076,2,961,17817,1,,
319,2472,4,789,17817,1,,
379,2770,3,958,17825,1,,
384,-1,-1,-999,17826,2,v14_piggyback,1.0,17703,123
333,2549,2,911,17839,1,,
328,609,5,956,17839,1,,
328,2517,3,956,17839,1,,
112,1,8,858,17844,1,,
412,133,1,902,17857,1,,
205,1853,8,968,17866,1,,
136,1473,3,858,17872,1,,
477,1039,4,836,17879,1,,
415,161,1,833,17880,1,,
386,94,2,904,17890,1,,
447,475,3,858,17904,1,,
233,2014,2,650,17919,1,,
440,-1,-1,-999,17924,2,v14_piggyback,1.0,17814,110
456,656,10,975,17928,1,,
327,530,6,707,17930,1,,
455,628,6,858,17948,1,,
181,1724,11,879,17948,1,,
147,1535,4,975,17955,1,,
318,2467,2,837,17956,1,,
313,613,8,879,17962,1,,
126,1412,8,789,17976,1,,
113,1,9,973,17976,1,,
22,1590,2,973,17982,1,,
454,612,3,707,17984,1,,
487,1189,4,707,17993,1,,
347,473,2,789,18000,1,,
331,688,10,957,18003,1,,
226,1978,2,957,18013,1,,
170,1660,2,957,18019,1,,
447,-1,-1,-999,18021,2,v14_piggyback,1.0,17904,117
11,2060,2,858,18024,1,,
411,105,1,707,18038,1,,
332,894,1,707,18045,1,,
479,1080,5,937,18048,1,,
450,524,2,973,18051,1,,
21,1523,4,797,18057,1,,
439,262,6,946,18059,1,,
76,24,1,971,18062,1,,
385,55,9,954,18070,1,,
162,10,2,954,18075,1,,
384,34,7,967,18086,1,,
446,453,7,972,18097,1,,
156,1582,6,981,18107,1,,
412,105,5,707,18118,1,,
112,1332,3,766,18119,1,,
257,221,2,835,18120,1,,
343,465,6,946,18130,1,,
224,339,5,972,18133,1,,
440,312,3,892,18134,1,,
440,288,7,975,18134,1,,
456,646,4,759,18140,1,,
344,334,12,985,18146,1,,
471,924,7,835,18146,1,,
239,276,4,946,18156,1,,
239,2045,2,985,18156,1,,
479,-1,-1,-999,18162,2,v14_piggyback,1.0,18048,114
370,537,11,985,18171,1,,
468,882,5,985,18179,1,,
383,18,8,979,18186,1,,
329,2526,4,763,18186,1,,
371,596,7,979,18199,1,,
469,902,3,985,18206,1,,
457,664,6,979,18208,1,,
223,1961,4,946,18213,1,,
446,-1,-1,-999,18224,2,v14_piggyback,1.0,18097,127
414,154,3,979,18227,1,,
3,22,8,984,18233,1,,
213,1897,2,984,18237,1,,
204,1845,4,980,18244,1,,
50,1442,3,984,18250,1,,
447,475,1,858,18253,1,,
331,2536,3,455,18254,1,,
444,3051,1,985,18255,1,,
444,3051,2,981,18255,1,,
378,1020,3,980,18264,1,,
364,200,2,980,18274,1,,
364,69,4,992,18274,1,,
226,1980,1,514,18276,1,,
361,2697,2,980,18279,1,,
487,3246,2,886,18297,1,,
216,23,8,934,18302,1,,
419,246,5,934,18310,1,,
365,201,10,966,18318,1,,
372,507,10,877,18324,1,,
253,2118,3,923,18332,1,,
230,276,5,934,18342,1,,
0,37,6,997,18348,1,,
0,30,8,996,18348,1,,
439,268,8,981,18356,1,,
439,262,4,985,18356,1,,
104,1285,8,877,18358,1,,
384,32,3,958,18361,1,,
332,2544,2,923,18366,1,,
442,364,6,966,18367,1,,
442,349,8,947,18367,1,,
169,1657,2,907,18371,1,,
396,639,6,877,18374,1,,
178,1704,2,907,18381,1,,
361,-1,-1,-999,18391,2,v14_piggyback,2.0,18279,112
420,246,2,934,18393,1,,
453,598,7,1000,18401,1,,
370,2734,3,907,18407,1,,
409,86,1,985,18411,1,,
362,69,2,877,18423,1,,
390,266,4,996,18442,1,,
390,199,5,988,18442,1,,
395,556,2,618,18450,1,,
419,-1,-1,-999,18453,2,v14_piggyback,2.0,18310,143
363,119,8,947,18456,1,,
440,295,12,980,18473,1,,
157,65,6,1000,18481,1,,
446,433,12,835,18484,1,,
177,1701,10,925,18490,1,,
77,24,6,988,18506,1,,
77,7,4,925,18506,1,,
144,50,11,998,18511,1,,
439,-1,-1,-999,18515,2,v14_piggyback,1.0,18356,159
78,58,8,996,18520,1,,
102,1270,7,986,18522,1,,
102,8,6,921,18522,1,,
130,1435,10,998,18530,1,,
257,233,6,997,18532,1,,
274,277,8,921,18536,1,,
353,787,7,921,18548,1,,
321,0,6,998,18550,1,,
179,1711,3,925,18554,1,,
179,10,12,1002,18554,1,,
413,135,4,986,18558,1,,
411,106,4,1000,18566,1,,
411,97,1,955,18566,1,,
394,478,7,986,18579,1,,
364,156,9,997,18582,1,,
364,156,11,925,18582,1,,
162,14,4,955,18584,1,,
371,2737,2,919,18586,1,,
410,70,6,925,18594,1,,
446,-1,-1,-999,18600,2,v14_piggyback,1.0,18484,116
141,50,1,980,18604,1,,
141,43,4,925,18604,1,,
223,1963,3,923,18619,1,,
24,1646,2,986,18624,1,,
322,2487,2,998,18627,1,,
256,259,4,1004,18634,1,,
261,2166,2,955,18638,1,,
423,477,2,955,18643,1,,
414,148,9,1008,18654,1,,
25,1632,2,488,18663,1,,
479,1080,1,937,18682,1,,
332,2539,2,998,18682,1,,
195,1797,3,966,18683,1,,
175,1689,1,877,18691,1,,
384,34,6,997,18695,1,,
178,1708,2,865,18705,1,,
26,1688,3,854,18706,1,,
419,246,8,997,18709,1,,
362,156,1,925,18714,1,,
454,606,2,988,18721,1,,
382,18,2,1014,18728,1,,
157,1587,2,955,18728,1,,
0,19,9,1011,18733,1,,
412,99,2,1014,18742,1,,
385,73,1,955,18742,1,,
439,274,10,925,18758,1,,
78,2666,4,1012,18764,1,,
383,18,2,1014,18765,1,,
163,126,12,1012,18780,1,,
459,718,8,1010,18793,1,,
320,196,1,1010,18799,1,,
415,150,9,1010,18814,1,,
466,842,6,1010,18826,1,,
188,184,6,857,18827,1,,
188,160,5,857,18827,1,,
264,923,4,994,18835,1,,
409,86,10,989,18839,1,,
413,145,2,925,18844,1,,
321,61,8,976,18849,1,,
392,352,9,945,18852,1,,
448,499,10,1016,18865,1,,
51,88,4,945,18868,1,,
51,9,8,989,18868,1,,
425,550,4,989,18875,1,,
79,24,10,857,18876,1,,
449,500,8,976,18879,1,,
410,97,4,955,18882,1,,
398,674,4,989,18889,1,,
411,106,6,857,18896,1,,
397,643,11,928,18904,1,,
2,19,11,1022,18905,1,,
420,302,9,1020,18929,1,,
187,1753,12,690,18939,1,,
414,138,12,1020,18946,1,,
288,36,2,989,18957,1,,
339,6,8,932,18958,1,,
443,370,11,1022,18958,1,,
193,1785,2,989,18961,1,,
299,78,6,1020,18967,1,,
241,2056,2,928,18979,1,,
338,287,11,962,18982,1,,
361,11,7,932,18992,1,,
106,1296,6,932,19002,1,,
298,54,10,1022,19006,1,,
281,470,10,978,19012,1,,
439,255,12,932,19018,1,,
266,162,9,1022,19021,1,,
362,60,8,1022,19035,1,,
348,580,8,976,19049,1,,
442,3041,1,989,19057,1,,
419,285,5,1031,19062,1,,
386,171,8,1022,19063,1,,
461,743,5,857,19073,1,,
482,1126,1,998,19084,1,,
415,161,10,994,19086,1,,
415,169,6,1025,19086,1,,
182,1728,1,985,19088,1,,
273,243,5,943,19097,1,,
188,1759,4,345,19098,1,,
175,14,5,1016,19099,1,,
175,1690,2,884,19099,1,,
135,147,3,978,19103,1,,
361,-1,-1,-999,19103,2,v14_piggyback,2.0,18992,111
455,632,7,1016,19112,1,,
195,1795,4,721,19116,1,,
462,783,7,884,19124,1,,
172,139,10,1036,19133,1,,
444,390,4,857,19150,1,,
137,177,2,994,19155,1,,
137,1479,4,1022,19155,1,,
445,425,4,1020,19164,1,,
324,2497,3,1020,19173,1,,
449,503,10,1022,19175,1,,
449,504,3,690,19175,1,,
0,22,4,1036,19184,1,,
447,457,10,991,19188,1,,
411,102,6,1022,19193,1,,
247,64,4,991,19198,1,,
179,1710,2,838,19203,1,,
439,268,3,981,19213,1,,
418,241,6,991,19216,1,,
238,157,6,1022,19218,1,,
384,21,5,1010,19228,1,,
166,10,5,1039,19231,1,,
456,646,6,1022,19240,1,,
271,230,5,1040,19245,1,,
382,17,6,1040,19255,1,,
164,10,3,1043,19258,1,,
444,-1,-1,-999,19260,2,v14_piggyback,1.0,19150,110
320,61,5,1022,19267,1,,
379,1060,2,1030,19274,1,,
440,290,8,1043,19275,1,,
111,1328,4,1022,19276,1,,
451,541,4,1015,19284,1,,
425,571,8,894,19285,1,,
390,208,2,876,19293,1,,
468,874,2,876,19323,1,,
266,2194,3,870,19326,1,,
418,-1,-1,-999,19328,2,v14_piggyback,3.0,19216,112
200,185,2,1025,19332,1,,
424,519,6,876,19332,1,,
295,2345,2,1043,19333,1,,
273,2229,2,703,19344,1,,
109,1,4,999,19360,1,,
404,1035,2,1025,19367,1,,
389,199,8,1035,19370,1,,
242,59,6,1053,19370,1,,
141,1499,1,1019,19373,1,,
479,3201,1,857,19375,1,,
133,1,2,1024,19380,1,,
163,126,6,1054,19387,1,,
267,162,8,1006,19395,1,,
413,134,5,1053,19397,1,,
357,2678,1,932,19403,1,,
487,1186,1,857,19408,1,,
445,421,6,976,19412,1,,
268,33,8,793,19422,1,,
268,327,3,793,19422,1,,
339,6,6,1057,19424,1,,
245,2078,4,1057,19440,1,,
409,86,5,793,19443,1,,
409,70,11,1034,19443,1,,
384,2793,4,1033,19455,1,,
391,250,10,793,19458,1,,
340,85,8,1023,19469,1,,
155,1576,4,793,19475,1,,
155,50,9,1034,19475,1,,
456,647,6,1019,19480,1,,
394,326,6,1006,19489,1,,
394,2836,4,793,19489,1,,
426,536,10,1034,19503,1,,
451,543,10,870,19512,1,,
301,15,9,793,19516,1,,
444,390,1,857,19517,1,,
440,288,2,1015,19524,1,,
439,251,4,894,19530,1,,
439,265,5,793,19530,1,,
339,-1,-1,-999,19537,2,v14_piggyback,6.0,19424,113
427,601,8,942,19541,1,,
480,1086,7,882,19545,1,,
425,2967,2,1019,19552,1,,
300,26,4,942,19560,1,,
300,78,10,959,19560,1,,
338,100,7,983,19565,1,,
111,1,6,793,19573,1,,
341,298,4,882,19581,1,,
316,2454,4,965,19585,1,,
401,803,7,939,19598,1,,
456,-1,-1,-999,19599,2,v14_piggyback,1.0,19480,119
383,52,10,1064,19606,1,,
414,134,6,959,19610,1,,
115,1351,9,939,19613,1,,
453,586,6,1064,19617,1,,
138,1481,6,1051,19624,1,,
186,1749,3,577,19633,1,,
164,1628,6,793,19651,1,,
376,2760,3,983,19652,1,,
452,574,6,959,19660,1,,
451,-1,-1,-999,19661,2,v14_piggyback,1.0,19512,149
445,427,9,991,19672,1,,
445,423,7,1043,19672,1,,
447,469,6,1034,19676,1,,
407,40,8,898,19676,1,,
409,68,5,1055,19689,1,,
402,917,5,1006,19697,1,,
66,4,10,1044,19721,1,,
343,534,4,942,19723,1,,
200,81,10,863,19727,1,,
264,923,1,782,19733,1,,
361,12,10,1044,19737,1,,
387,80,6,782,19744,1,,
306,408,7,1044,19753,1,,
67,1946,4,793,19758,1,,
460,740,9,782,19759,1,,
412,99,2,782,19766,1,,
192,184,7,898,19766,1,,
135,147,3,959,19767,1,,
339,6,2,1034,19776,1,,
339,6,4,1006,19776,1,,
388,94,8,872,19780,1,,
359,2685,4,793,19783,1,,
384,17,11,1044,19783,1,,
438,204,7,863,19792,1,,
55,4,7,1071,19815,1,,
444,397,12,965,19818,1,,
444,410,6,1051,19818,1,,
450,525,3,1055,19821,1,,
66,-1,-1,-999,19834,2,v14_piggyback,2.0,19721,113
480,1093,4,577,19838,1,,
480,1085,12,898,19838,1,,
458,692,5,1071,19849,1,,
440,292,7,939,19851,1,,
39,63,2,1058,19857,1,,
221,1947,2,876,19872,1,,
221,181,1,1006,19872,1,,
1,46,6,1052,19877,1,,
441,323,6,863,19879,1,,
426,617,3,782,19887,1,,
456,647,1,1019,19896,1,,
456,653,3,1064,19896,1,,
361,-1,-1,-999,19896,2,v14_piggyback,2.0,19737,159
392,449,2,1052,19903,1,,
465,822,2,959,19910,1,,
410,86,1,793,19913,1,,
445,417,9,1057,19918,1,,
224,181,2,1071,19926,1,,
439,262,2,872,19937,1,,
390,2817,1,1071,19946,1,,
3,19,6,1079,19957,1,,
460,-1,-1,-999,19958,2,v14_piggyback,1.0,19759,199
389,247,6,1041,19964,1,,
339,2576,1,1066,19965,1,,
387,80,4,863,19977,1,,
364,254,8,1041,19984,1,,
364,121,5,1041,19984,1,,
402,944,2,794,19992,1,,
412,99,11,863,20002,1,,
411,101,4,1041,20007,1,,
438,-1,-1,-999,20020,2,v14_piggyback,1.0,19792,228
182,67,2,794,20021,1,,
443,382,9,933,20025,1,,
384,21,4,794,20030,1,,
449,506,9,1026,20036,1,,
427,584,12,933,20044,1,,
273,297,6,906,20056,1,,
256,306,4,1074,20061,1,,
388,80,6,863,20067,1,,
78,9,7,1047,20068,1,,
78,47,9,1047,20068,1,,
444,405,5,906,20077,1,,
480,-1,-1,-999,20082,2,v14_piggyback,1.0,19838,244
180,224,4,1074,20084,1,,
446,438,6,933,20089,1,,
354,2657,2,1074,20096,1,,
320,61,6,1080,20109,1,,
80,129,10,1007,20127,1,,
80,58,7,1007,20127,1,,
253,488,3,1029,20139,1,,
253,411,11,1062,20139,1,,
437,164,8,1047,20141,1,,
412,-1,-1,-999,20144,2,v14_piggyback,1.0,20002,142
417,203,9,1062,20152,1,,
229,205,8,1026,20162,1,,
229,95,6,1007,20162,1,,
468,881,8,1062,20164,1,,
285,20,7,1047,20180,1,,
285,2295,4,1056,20180,1,,
441,340,6,1027,20182,1,,
441,340,8,906,20182,1,,
441,343,5,842,20182,1,,
461,753,9,1056,20195,1,,
410,93,7,906,20195,1,,
95,13,7,1062,20199,1,,
443,-1,-1,-999,20206,2,v14_piggyback,1.0,20025,181
225,1975,3,1007,20209,1,,
225,181,5,1056,20209,1,,
445,413,10,782,20211,1,,
409,87,4,1080,20218,1,,
363,172,8,1026,20222,1,,
460,740,1,782,20223,1,,
299,124,6,1047,20234,1,,
51,29,4,1080,20235,1,,
112,1332,2,1047,20247,1,,
112,1335,5,1007,20247,1,,
450,526,6,1041,20263,1,,
438,204,1,863,20268,1,,
438,248,2,1009,20268,1,,
446,-1,-1,-999,20268,2,v14_piggyback,1.0,20089,179
411,101,8,1047,20277,1,,
384,32,11,1080,20282,1,,
384,34,3,1045,20282,1,,
339,6,6,794,20291,1,,
414,158,3,1029,20296,1,,
348,678,6,1056,20299,1,,
274,297,8,1092,20308,1,,
173,139,2,1080,20314,1,,
173,153,1,1092,20314,1,,
441,-1,-1,-999,20331,2,v14_piggyback,1.0,20182,149
434,3007,2,1045,20331,1,,
367,398,6,1007,20342,1,,
421,303,10,1092,20348,1,,
284,36,5,930,20353,1,,
267,209,4,1095,20357,1,,
141,43,4,1007,20362,1,,
269,2209,2,1080,20364,1,,
473,968,5,1007,20375,1,,
174,1682,4,1026,20385,1,,
392,2828,1,794,20391,1,,
411,-1,-1,-999,20393,2,v14_piggyback,2.0,20277,116
410,97,4,1007,20394,1,,
443,382,3,933,20396,1,,
466,845,2,1073,20405,1,,
192,113,10,1073,20421,1,,
95,1228,12,1092,20439,1,,
445,421,10,1007,20445,1,,
58,1712,4,1007,20454,1,,
384,-1,-1,-999,20455,2,v14_piggyback,5.0,20282,173
462,765,4,1007,20466,1,,
285,128,8,1059,20467,1,,
413,142,4,1059,20477,1,,
474,988,3,1077,20485,1,,
346,2617,4,1042,20495,1,,
188,184,7,1059,20497,1,,
468,875,10,1072,20503,1,,
49,1405,3,1077,20505,1,,
467,3150,4,1077,20514,1,,
339,-1,-1,-999,20517,2,v14_piggyback,2.0,20291,226
142,43,7,1096,20531,1,,
449,512,3,1042,20534,1,,
272,230,11,1096,20548,1,,
446,443,8,1067,20550,1,,
460,727,3,1091,20557,1,,
438,204,8,1072,20562,1,,
41,5,6,1096,20574,1,,
445,-1,-1,-999,20579,2,v14_piggyback,1.0,20445,134
372,754,11,1096,20591,1,,
0,1593,2,1047,20591,1,,
465,826,3,1026,20599,1,,
166,10,4,1096,20600,1,,
2,30,12,1088,20619,1,,
457,664,2,1007,20634,1,,
320,71,9,1115,20634,1,,
195,1796,2,1047,20640,1,,
58,-1,-1,-999,20641,2,v14_piggyback,3.0,20454,187
288,128,3,1094,20645,1,,
162,1615,2,930,20647,1,,
77,2613,1,1056,20653,1,,
143,43,12,1115,20655,1,,
441,343,5,842,20660,1,,
133,117,10,1105,20671,1,,
126,1414,1,1007,20680,1,,
443,384,6,1077,20691,1,,
174,1683,3,1065,20702,1,,
446,-1,-1,-999,20703,2,v14_piggyback,1.0,20550,153
284,20,5,1038,20708,1,,
306,256,10,1105,20709,1,,
411,97,7,1007,20718,1,,
339,6,3,1057,20734,1,,
339,2580,2,1007,20734,1,,
384,34,6,1045,20739,1,,
384,34,10,1013,20739,1,,
42,5,8,1115,20757,1,,
283,36,4,987,20761,1,,
283,470,10,987,20761,1,,
320,-1,-1,-999,20766,2,v14_piggyback,3.0,20634,132
383,17,8,1100,20771,1,,
485,1171,10,1089,20778,1,,
412,105,9,1084,20780,1,,
264,90,4,1088,20781,1,,
363,254,2,987,20785,1,,
436,1136,4,1115,20790,1,,
321,0,4,987,20794,1,,
480,1091,9,1084,20815,1,,
135,107,4,1125,20816,1,,
275,2243,2,1100,20822,1,,
425,536,7,1084,20828,1,,
169,1657,3,1088,20830,1,,
410,96,8,1084,20842,1,,
384,-1,-1,-999,20848,2,v14_piggyback,3.0,20739,109
438,216,3,938,20859,1,,
438,206,6,1073,20859,1,,
167,10,8,1084,20860,1,,
361,12,5,1130,20871,1,,
285,2,8,990,20875,1,,
484,3229,2,1105,20876,1,,
471,929,3,1084,20878,1,,
413,145,2,990,20903,1,,
233,2012,4,990,20913,1,,
224,339,8,1102,20926,1,,
441,320,7,794,20929,1,,
214,301,6,990,20938,1,,
435,1137,8,969,20947,1,,
466,853,5,1098,20949,1,,
162,1618,9,987,20953,1,,
385,52,4,1126,20962,1,,
457,675,8,1049,20963,1,,
366,351,6,1126,20973,1,,
419,272,2,1126,20980,1,,
358,49,12,1098,20982,1,,
361,-1,-1,-999,20987,2,v14_piggyback,2.0,20871,116
322,196,8,1132,20993,1,,
215,301,8,1127,20995,1,,
420,267,4,1076,21003,1,,
443,371,7,990,21006,1,,
411,96,2,1084,21009,1,,
411,99,6,1127,21009,1,,
465,827,3,1102,21021,1,,
260,2159,1,990,21027,1,,
166,10,7,1127,21035,1,,
368,338,3,1111,21041,1,,
471,-1,-1,-999,21049,2,v14_piggyback,1.0,20878,171
467,859,10,1104,21059,1,,
103,1282,3,1127,21061,1,,
453,590,9,1104,21075,1,,
416,167,2,1098,21078,1,,
414,148,11,1118,21083,1,,
320,0,3,1130,21086,1,,
298,54,8,1087,21086,1,,
442,360,12,1037,21106,1,,
87,8,3,1048,21109,1,,
87,62,6,1118,21109,1,,
41,5,2,1084,21109,1,,
284,77,3,1048,21126,1,,
284,2,7,1118,21126,1,,
480,1093,10,1130,21126,1,,
285,2291,2,1048,21132,1,,
339,100,10,1037,21145,1,,
227,1985,2,1048,21146,1,,
384,42,4,990,21160,1,,
384,52,4,1118,21160,1,,
445,421,2,1007,21170,1,,
76,4,9,1037,21173,1,,
76,2543,3,951,21173,1,,
446,443,9,1134,21175,1,,
410,2904,2,1117,21188,1,,
134,1456,12,951,21189,1,,
286,128,5,809,21202,1,,
429,808,10,1037,21203,1,,
88,8,9,1134,21217,1,,
54,4,6,1114,21218,1,,
54,5,5,1114,21218,1,,
361,12,8,1097,21226,1,,
441,343,9,1089,21232,1,,
471,929,7,1084,21241,1,,
419,252,8,1104,21244,1,,
419,283,6,1037,21244,1,,
419,234,6,1037,21244,1,,
469,902,10,809,21249,1,,
256,471,3,1139,21254,1,,
46,1329,1,1114,21266,1,,
46,9,8,1151,21266,1,,
46,5,7,1120,21266,1,,
452,578,8,1037,21278,1,,
446,-1,-1,-999,21284,2,v14_piggyback,1.0,21175,109
217,23,4,1037,21289,1,,
217,1922,4,951,21289,1,,
321,0,4,1139,21296,1,,
479,1084,6,1104,21301,1,,
479,1076,2,1037,21301,1,,
60,7,5,809,21306,1,,
411,98,11,1154,21314,1,,
103,1282,1,889,21319,1,,
443,375,6,1134,21320,1,,
407,1208,4,809,21332,1,,
88,-1,-1,-999,21346,2,v14_piggyback,2.0,21217,129
89,8,11,1161,21353,1,,
412,108,7,951,21353,1,,
484,1160,6,1161,21365,1,,
378,2769,3,1085,21368,1,,
322,91,9,1161,21385,1,,
442,362,12,951,21386,1,,
480,1090,4,809,21396,1,,
168,10,7,951,21401,1,,
288,36,4,1140,21401,1,,
424,532,2,809,21403,1,,
361,-1,-1,-999,21408,2,v14_piggyback,2.0,21226,182
299,54,2,809,21410,1,,
182,1731,2,1085,21417,1,,
200,223,7,1148,21421,1,,
409,74,6,1120,21436,1,,
287,2,3,951,21445,1,,
287,38,3,1114,21445,1,,
183,67,7,1146,21456,1,,
485,1161,1,1021,21462,1,,
384,52,7,1126,21464,1,,
384,31,7,1114,21464,1,,
438,206,1,809,21467,1,,
199,81,6,1119,21470,1,,
420,300,6,951,21474,1,,
445,427,8,1161,21484,1,,
442,-1,-1,-999,21493,2,v14_piggyback,1.0,21386,107
408,35,4,1161,21493,1,,
472,949,12,1142,21504,1,,
387,120,7,1142,21514,1,,
330,2528,2,1148,21520,1,,
164,14,7,1142,21527,1,,
441,328,8,809,21537,1,,
383,52,7,1142,21538,1,,
407,35,3,1161,21551,1,,
298,1042,8,1162,21555,1,,
320,0,4,1139,21561,1,,
446,433,5,1085,21572,1,,
84,270,2,1119,21574,1,,
84,24,6,1179,21574,1,,
444,391,6,1114,21587,1,,
411,99,7,1140,21587,1,,
413,148,1,1118,21594,1,,
469,900,3,1153,21602,1,,
264,33,2,1179,21609,1,,
395,621,4,1037,21612,1,,
378,2769,2,1103,21614,1,,
389,242,4,1120,21621,1,,
361,12,2,1119,21638,1,,
361,12,9,1148,21638,1,,
356,2670,1,1140,21644,1,,
283,128,3,1142,21658,1,,
410,87,8,1137,21659,1,,
279,2265,3,1137,21667,1,,
443,382,4,1037,21667,1,,
453,586,4,1087,21678,1,,
417,222,9,1113,21682,1,,
446,-1,-1,-999,21685,2,v14_piggyback,1.0,21572,113
307,2406,3,1114,21687,1,,
173,1676,2,1137,21689,1,,
418,239,5,1137,21699,1,,
229,118,1,1037,21704,1,,
282,378,9,1141,21714,1,,
445,416,6,1176,21715,1,,
445,421,8,1175,21715,1,,
51,88,4,1174,21728,1,,
51,29,3,1174,21728,1,,
207,1864,1,1037,21730,1,,
151,1555,2,1114,21737,1,,
199,223,4,1174,21745,1,,
361,-1,-1,-999,21755,2,v14_piggyback,2.0,21638,117
120,89,3,1182,21760,1,,
120,3,6,1182,21760,1,,
274,434,8,970,21766,1,,
296,2349,2,1174,21771,1,,
472,940,12,675,21779,1,,
472,941,5,1082,21779,1,,
441,315,5,1037,21793,1,,
267,90,8,1194,21799,1,,
129,177,5,1163,21807,1,,
279,-1,-1,-999,21817,2,v14_piggyback,3.0,21667,150
349,2635,1,1167,21817,1,,
268,209,12,1189,21818,1,,
44,1298,10,1150,21834,1,,
112,1,10,1106,21845,1,,
45,1281,10,498,21850,1,,
438,237,7,1137,21863,1,,
354,787,12,1106,21864,1,,
418,-1,-1,-999,21879,2,v14_piggyback,3.0,21699,180
198,317,11,1046,21882,1,,
469,885,9,1137,21897,1,,
469,904,4,970,21897,1,,
412,111,12,1190,21900,1,,
74,2395,2,970,21911,1,,
74,5,6,1202,21911,1,,
352,680,2,982,21912,1,,
419,234,6,1150,21923,1,,
446,437,2,951,21923,1,,
348,680,4,844,21933,1,,
411,97,6,1174,21933,1,,
411,96,10,1174,21933,1,,
411,93,8,1106,21933,1,,
79,2722,2,1168,21938,1,,
79,4,7,1168,21938,1,,
133,1451,6,1202,21950,1,,
341,304,1,1106,21952,1,,
341,109,7,1190,21952,1,,
341,287,4,1032,21952,1,,
234,2017,3,1190,21974,1,,
234,25,12,1032,21974,1,,
451,553,9,1168,21978,1,,
258,233,7,1187,21978,1,,
365,335,8,1207,21992,1,,
432,909,2,1190,21993,1,,
432,872,10,1032,21993,1,,
386,55,6,1187,22004,1,,
445,428,4,1190,22009,1,,
445,423,6,1190,22009,1,,
413,142,6,1207,22015,1,,
487,1195,6,970,22024,1,,
97,13,10,1032,22026,1,,
446,-1,-1,-999,22032,2,v14_piggyback,1.0,21923,109
265,90,4,1207,22036,1,,
60,7,5,1203,22048,1,,
423,493,4,1046,22056,1,,
423,444,4,1181,22056,1,,
361,12,4,1037,22060,1,,
42,5,6,1032,22071,1,,
42,9,3,1032,22071,1,,
441,324,8,1207,22074,1,,
1,37,8,1166,22077,1,,
472,939,5,1167,22084,1,,
0,51,6,1168,22088,1,,
256,411,4,1166,22097,1,,
480,1093,5,1189,22108,1,,
397,643,7,1032,22117,1,,
349,2635,2,722,22126,1,,
339,85,8,1181,22131,1,,
257,259,8,1204,22134,1,,
226,1977,4,1166,22143,1,,
340,298,10,1156,22147,1,,
366,200,10,1155,22151,1,,
452,573,4,970,22160,1,,
460,725,8,1046,22161,1,,
364,201,10,1216,22168,1,,
361,-1,-1,-999,22169,2,v14_piggyback,2.0,22060,109
395,621,6,1156,22198,1,,
469,896,9,1168,22198,1,,
368,337,6,1164,22209,1,,
368,351,8,1164,22209,1,,
411,108,2,1207,22216,1,,
477,1044,6,1106,22217,1,,
3,51,8,1208,22220,1,,
320,0,6,1190,22228,1,,
87,8,6,1208,22254,1,,
412,99,10,1183,22264,1,,
412,114,10,1032,22264,1,,
412,133,6,1156,22264,1,,
365,119,11,1201,22272,1,,
231,118,6,1196,22275,1,,
4,9,7,1218,22278,1,,
443,375,5,1190,22285,1,,
306,366,4,970,22288,1,,
5,28,10,1201,22293,1,,
88,8,6,1227,22299,1,,
455,636,5,1032,22300,1,,
437,140,2,1137,22306,1,,
227,25,8,1225,22307,1,,
2,46,3,1227,22326,1,,
6,51,8,1195,22326,1,,
6,46,4,1195,22326,1,,
477,-1,-1,-999,22330,2,v14_piggyback,1.0,22217,113
142,1508,4,1190,22330,1,,
446,441,8,1187,22340,1,,
404,994,2,1225,22347,1,,
441,315,6,1106,22356,1,,
415,154,10,1195,22363,1,,
409,68,4,1156,22367,1,,
307,212,8,1083,22376,1,,
39,63,7,1083,22389,1,,
320,-1,-1,-999,22392,2,v14_piggyback,4.0,22228,164
305,256,4,1086,22399,1,,
433,909,4,1190,22401,1,,
301,57,8,1135,22422,1,,
90,8,10,1195,22424,1,,
479,1081,4,1046,22439,1,,
363,60,8,1195,22443,1,,
363,119,4,1178,22443,1,,
248,163,4,1083,22452,1,,
88,-1,-1,-999,22454,2,v14_piggyback,2.0,22299,155
481,1099,4,1183,22456,1,,
274,378,10,1178,22459,1,,
266,2193,3,1181,22464,1,,
137,1475,3,1183,22474,1,,
200,81,3,1195,22477,1,,
200,165,8,1107,22477,1,,
180,1719,3,1190,22486,1,,
302,15,8,1001,22487,1,,
1,30,7,1178,22489,1,,
120,1384,3,1083,22511,1,,
120,1,6,1229,22511,1,,
414,137,4,1195,22514,1,,
414,158,3,1178,22514,1,,
446,-1,-1,-999,22516,2,v14_piggyback,1.0,22340,176
243,163,6,1213,22522,1,,
153,16,2,1032,22524,1,,
303,15,10,1229,22539,1,,
44,1281,2,1106,22543,1,,
411,2909,4,1137,22548,1,,
366,335,7,1195,22560,1,,
455,631,10,1122,22564,1,,
242,2061,2,1083,22568,1,,
242,157,10,993,22568,1,,
416,182,4,1124,22573,1,,
416,178,3,1107,22573,1,,
415,-1,-1,-999,22578,2,v14_piggyback,1.0,22363,215
76,129,4,1234,22583,1,,
174,153,6,1138,22603,1,,
476,1029,6,1195,22619,1,,
464,813,7,993,22622,1,,
339,287,6,1178,22631,1,,
450,521,1,1086,22634,1,,
450,533,5,993,22634,1,,
232,2006,2,1195,22638,1,,
133,1,5,993,22644,1,,
320,0,11,1107,22659,1,,
443,385,10,993,22661,1,,
307,256,4,993,22670,1,,
441,319,10,1178,22675,1,,
182,104,6,1193,22677,1,,
228,1990,4,1005,22679,1,,
200,1827,2,1217,22682,1,,
128,177,2,1193,22684,1,,
58,1712,2,1063,22689,1,,
134,130,5,1212,22695,1,,
197,1813,3,1083,22698,1,,
481,1112,9,1107,22704,1,,
418,239,5,1243,22726,1,,
412,112,8,1248,22730,1,,
172,139,8,1243,22740,1,,
450,-1,-1,-999,22743,2,v14_piggyback,1.0,22634,109
230,276,8,1061,22744,1,,
140,1495,6,1192,22763,1,,
446,441,6,1156,22775,1,,
264,183,2,993,22778,1,,
193,228,1,1192,22780,1,,
101,1264,3,1248,22792,1,,
153,16,8,1180,22794,1,,
232,2007,2,1086,22803,1,,
320,-1,-1,-999,22805,2,v14_piggyback,2.0,22659,146
417,222,3,1240,22809,1,,
417,195,6,1240,22809,1,,
328,649,2,1248,22810,1,,
207,1861,3,1135,22818,1,,
131,1440,8,1180,22823,1,,
476,1028,4,1160,22828,1,,
415,182,4,1124,22852,1,,
415,178,5,1107,22852,1,,
415,173,8,1063,22852,1,,
18,1311,4,1239,22862,1,,
419,241,8,1180,22863,1,,
58,-1,-1,-999,22867,2,v14_piggyback,5.0,22689,178
416,175,4,1239,22871,1,,
451,553,7,1180,22876,1,,
109,1317,3,1239,22881,1,,
129,89,8,1262,22890,1,,
481,1112,5,1259,22900,1,,
481,1107,7,1239,22900,1,,
455,633,7,1192,22903,1,,
197,1809,4,1005,22903,1,,
418,-1,-1,-999,22929,2,v14_piggyback,3.0,22726,203
231,205,10,1060,22934,1,,
450,521,7,1086,22941,1,,
450,523,7,1061,22941,1,,
325,448,8,1257,22955,1,,
339,136,6,1180,22959,1,,
339,109,6,1215,22959,1,,
339,6,5,1215,22959,1,,
78,47,6,1257,22966,1,,
230,1996,1,1144,22972,1,,
281,470,9,1215,22974,1,,
273,297,7,1060,22987,1,,
285,2292,2,1257,22989,1,,
446,-1,-1,-999,22991,2,v14_piggyback,1.0,22775,216
466,853,5,1257,22999,1,,
136,107,8,1060,23001,1,,
158,1588,2,1257,23006,1,,
461,751,2,1236,23016,1,,
358,979,7,1215,23023,1,,
423,418,6,1240,23036,1,,
475,998,10,1270,23039,1,,
451,-1,-1,-999,23053,2,v14_piggyback,1.0,22876,177
2,28,8,1268,23057,1,,
321,71,12,1236,23058,1,,
320,0,4,1197,23067,1,,
3,9,11,1256,23089,1,,
128,1426,3,974,23096,1,,
368,372,4,1256,23098,1,,
322,91,5,1184,23108,1,,
137,107,5,1256,23119,1,,
222,1954,8,1266,23133,1,,
461,-1,-1,-999,23135,2,v14_piggyback,1.0,23016,119
439,268,4,1184,23142,1,,
419,246,4,1215,23143,1,,
373,754,2,1256,23148,1,,
229,1994,2,1256,23155,1,,
352,713,6,1060,23155,1,,
440,292,4,1081,23164,1,,
415,161,4,1061,23170,1,,
366,335,7,1245,23177,1,,
366,357,8,1255,23177,1,,
101,1264,12,935,23190,1,,
101,129,1,1236,23190,1,,
190,1770,3,1081,23195,1,,
232,95,4,1081,23204,1,,
286,77,9,1270,23213,1,,
286,36,6,1275,23213,1,,
55,4,7,1275,23225,1,,
332,894,4,1275,23235,1,,
347,2622,3,1240,23241,1,,
139,43,3,1270,23242,1,,
42,29,5,1272,23253,1,,
418,222,9,1240,23256,1,,
355,2663,3,1272,23261,1,,
291,563,2,1215,23263,1,,
408,56,7,1255,23264,1,,
414,145,2,1240,23275,1,,
416,169,7,1266,23284,1,,
487,3247,2,1226,23286,1,,
446,445,6,1265,23289,1,,
215,1908,2,1275,23293,1,,
0,3,4,1255,23302,1,,
417,217,2,1149,23307,1,,
475,1004,6,920,23307,1,,
462,765,2,1240,23325,1,,
407,48,2,1186,23327,1,,
435,3014,4,1232,23341,1,,
451,553,4,1180,23349,1,,
451,549,12,1215,23349,1,,
1,1297,4,1232,23349,1,,
427,683,2,1149,23355,1,,
80,58,12,1283,23360,1,,
418,-1,-1,-999,23369,2,v14_piggyback,3.0,23256,113
287,20,8,1274,23372,1,,
439,255,4,1112,23379,1,,
415,169,1,1266,23395,1,,
154,1569,2,449,23398,1,,
461,751,5,1236,23408,1,,
113,1,6,1290,23420,1,,
440,305,6,1242,23420,1,,
440,312,7,1149,23420,1,,
446,-1,-1,-999,23431,2,v14_piggyback,1.0,23289,142
426,601,8,1273,23434,1,,
384,17,1,1060,23439,1,,
61,4,8,1290,23448,1,,
61,7,12,1290,23448,1,,
2,41,9,1222,23468,1,,
261,2164,4,1222,23475,1,,
408,40,1,1240,23476,1,,
139,1487,10,1226,23477,1,,
139,1490,10,449,23477,1,,
186,1749,2,1075,23484,1,,
40,44,6,1222,23487,1,,
303,2385,1,1075,23489,1,,
439,-1,-1,-999,23493,2,v14_piggyback,1.0,23379,114
341,304,7,1222,23497,1,,
414,154,1,1222,23501,1,,
413,148,3,1284,23515,1,,
56,4,5,1284,23525,1,,
286,20,8,1253,23531,1,,
302,57,8,1284,23539,1,,
417,215,6,1294,23545,1,,
488,1206,5,1253,23555,1,,
416,195,1,1240,23559,1,,
451,542,4,1184,23573,1,,
392,449,4,1224,23574,1,,
425,572,8,1276,23586,1,,
425,536,5,1286,23586,1,,
342,100,11,1263,23596,1,,
4,3,8,1303,23619,1,,
363,2705,3,1241,23625,1,,
463,3134,2,1284,23626,1,,
43,29,9,1263,23627,1,,
407,40,1,1240,23631,1,,
326,2510,4,1263,23634,1,,
415,154,7,1222,23645,1,,
397,666,10,1211,23647,1,,
0,41,8,1295,23649,1,,
411,101,12,1172,23666,1,,
57,4,8,1295,23669,1,,
468,871,5,1211,23676,1,,
1,30,7,1109,23685,1,,
459,714,6,1241,23688,1,,
446,441,6,1225,23696,1,,
299,26,8,1296,23699,1,,
412,108,11,1293,23705,1,,
437,1207,8,1296,23713,1,,
438,206,7,1172,23718,1,,
440,314,7,1284,23733,1,,
440,288,6,1109,23733,1,,
248,2091,2,1304,23733,1,,
386,146,6,1109,23744,1,,
398,685,6,1295,23756,1,,
439,255,4,1112,23770,1,,
439,280,8,1274,23770,1,,
439,253,12,1222,23770,1,,
113,1341,1,1304,23774,1,,
426,536,6,1286,23778,1,,
426,572,10,1172,23778,1,,
2,1297,2,1300,23779,1,,
413,143,4,1224,23782,1,,
413,137,7,1109,23782,1,,
408,66,7,1241,23790,1,,
416,167,5,1304,23791,1,,
442,356,3,1300,23797,1,,
446,-1,-1,-999,23803,2,v14_piggyback,1.0,23696,107
417,189,11,1211,23811,1,,
154,16,6,1109,23815,1,,
399,674,9,1069,23832,1,,
469,900,3,1293,23836,1,,
352,678,6,1109,23844,1,,
303,15,5,1172,23846,1,,
290,404,9,1307,23861,1,,
407,35,3,1232,23864,1,,
461,755,4,1075,23866,1,,
473,960,3,1211,23869,1,,
392,449,2,1109,23872,1,,
424,2964,2,1241,23876,1,,
415,167,3,1304,23891,1,,
415,182,11,1300,23891,1,,
460,3123,2,1211,23891,1,,
408,-1,-1,-999,23903,2,v14_piggyback,3.0,23790,113
241,318,10,1288,23915,1,,
189,1766,2,1109,23923,1,,
409,70,5,1288,23923,1,,
199,144,4,1288,23930,1,,
376,895,1,1109,23931,1,,
288,2,1,1241,23932,1,,
118,1372,4,1288,23937,1,,
400,671,7,1279,23954,1,,
482,1127,6,1308,23963,1,,
411,108,1,1293,23969,1,,
411,106,6,1307,23969,1,,
410,87,3,1254,23969,1,,
410,92,6,1254,23969,1,,
441,325,6,1279,23973,1,,
207,1863,4,1306,23978,1,,
459,704,10,1172,23985,1,,
114,1,9,1306,23991,1,,
440,290,8,1123,23993,1,,
192,184,3,1254,23998,1,,
176,1697,3,1018,24008,1,,
438,227,7,1246,24024,1,,
390,199,8,1220,24027,1,,
387,94,5,1220,24042,1,,
387,146,5,1199,24042,1,,
388,168,8,1003,24053,1,,
290,2318,2,748,24059,1,,
446,454,10,1304,24063,1,,
453,598,7,1199,24065,1,,
429,2987,2,1254,24067,1,,
442,353,2,1235,24078,1,,
413,137,9,1308,24078,1,,
150,1549,2,949,24082,1,,
391,242,10,1199,24093,1,,
407,2891,2,1211,24095,1,,
440,-1,-1,-999,24102,2,v14_piggyback,1.0,23993,109
450,517,6,1003,24105,1,,
205,1850,1,1320,24123,1,,
408,35,1,1172,24130,1,,
113,1341,4,1261,24136,1,,
241,2057,3,1018,24138,1,,
409,87,1,1254,24147,1,,
133,117,8,1298,24151,1,,
460,726,2,1308,24157,1,,
473,957,7,1070,24168,1,,
446,-1,-1,-999,24170,2,v14_piggyback,1.0,24063,107
435,1073,1,1271,24174,1,,
229,321,5,1298,24184,1,,
114,1343,3,1028,24187,1,,
318,2467,3,1298,24192,1,,
482,1118,9,1003,24198,1,,
176,1693,3,949,24198,1,,
211,1884,2,1003,24205,1,,
312,480,7,1090,24209,1,,
306,393,2,1305,24216,1,,
339,2580,2,1318,24218,1,,
166,1636,7,1313,24231,1,,
386,94,2,1318,24245,1,,
4,3,9,1329,24251,1,,
459,702,6,1320,24253,1,,
409,-1,-1,-999,24254,2,v14_piggyback,2.0,24147,107
148,1540,2,1313,24254,1,,
332,706,8,1329,24263,1,,
106,1300,2,1093,24263,1,,
333,865,7,1287,24308,1,,
258,2146,4,1287,24315,1,,
410,86,6,1287,24324,1,,
387,94,4,1318,24326,1,,
387,2806,4,1093,24326,1,,
387,120,12,1313,24326,1,,
111,1331,2,1313,24333,1,,
301,152,6,1321,24333,1,,
401,897,3,1330,24341,1,,
421,368,10,1334,24343,1,,
388,168,4,1131,24354,1,,
388,120,5,1131,24354,1,,
128,89,8,1330,24355,1,,
96,13,8,1334,24357,1,,
420,300,10,1285,24372,1,,
60,1798,4,1321,24373,1,,
438,248,6,1131,24375,1,,
443,384,3,1330,24381,1,,
150,1548,4,692,24381,1,,
154,1572,5,1131,24389,1,,
408,35,8,1271,24403,1,,
408,35,7,1298,24403,1,,
416,197,2,1328,24410,1,,
440,282,1,1321,24415,1,,
170,14,8,1277,24440,1,,
451,559,10,1233,24458,1,,
460,732,7,1131,24460,1,,
0,19,1,1308,24463,1,,
414,137,1,1308,24468,1,,
419,267,8,1249,24472,1,,
419,267,8,1228,24472,1,,
419,285,8,1249,24472,1,,
439,258,10,1233,24475,1,,
3,22,10,1228,24488,1,,
386,168,5,1131,24489,1,,
386,132,8,1277,24489,1,,
464,3138,2,1277,24494,1,,
425,572,8,1325,24500,1,,
369,452,12,1228,24507,1,,
415,150,12,1317,24511,1,,
408,-1,-1,-999,24519,2,v14_piggyback,3.0,24403,116
393,462,12,1249,24526,1,,
180,166,4,1317,24528,1,,
180,10,8,1314,24528,1,,
394,326,8,1340,24540,1,,
264,496,2,1233,24543,1,,
479,1077,6,1325,24555,1,,
164,126,10,1228,24556,1,,
449,500,7,1340,24570,1,,
407,66,8,1249,24584,1,,
450,517,9,1314,24589,1,,
312,2437,2,1328,24590,1,,
456,653,6,1309,24595,1,,
148,1537,10,995,24603,1,,
114,1,6,1249,24606,1,,
477,1048,2,1101,24607,1,,
299,15,1,1101,24613,1,,
395,478,7,1314,24622,1,,
475,1010,5,1228,24623,1,,
229,118,1,1346,24630,1,,
420,252,11,1314,24637,1,,
467,859,6,1336,24647,1,,
320,213,10,1231,24648,1,,
421,300,1,1285,24651,1,,
421,293,10,1249,24651,1,,
216,23,6,1314,24660,1,,
313,483,11,1231,24665,1,,
412,133,6,1317,24669,1,,
486,3241,4,1278,24671,1,,
440,311,6,1233,24677,1,,
419,283,8,1309,24690,1,,
399,2855,2,1231,24690,1,,
451,543,6,1277,24702,1,,
396,556,4,1231,24708,1,,
275,2242,3,1249,24713,1,,
439,255,8,1314,24714,1,,
306,408,3,1309,24719,1,,
388,198,4,1317,24730,1,,
364,322,6,1317,24740,1,,
415,154,7,1231,24758,1,,
458,698,11,1244,24759,1,,
406,1129,12,1350,24767,1,,
168,10,10,1269,24772,1,,
464,819,8,1314,24785,1,,
464,819,12,1336,24785,1,,
165,126,11,1214,24787,1,,
459,715,3,1249,24796,1,,
220,1942,3,1249,24802,1,,
445,417,3,1228,24808,1,,
408,35,5,1298,24809,1,,
408,56,11,1233,24809,1,,
433,909,6,1350,24817,1,,
321,196,8,1269,24820,1,,
361,69,8,1244,24823,1,,
449,502,7,1278,24828,1,,
257,221,8,1214,24832,1,,
384,52,5,1269,24851,1,,
456,644,6,1301,24853,1,,
158,192,6,1244,24855,1,,
339,6,6,1214,24860,1,,
282,20,4,1317,24862,1,,
450,525,6,1301,24862,1,,
133,1454,3,1214,24878,1,,
409,84,4,1277,24882,1,,
477,1038,4,1191,24885,1,,
264,183,4,1336,24897,1,,
464,-1,-1,-999,24899,2,v14_piggyback,1.0,24785,114
412,125,4,1333,24903,1,,
420,267,3,1228,24908,1,,
420,293,2,1249,24908,1,,
51,4,2,1278,24913,1,,
411,102,2,1285,24917,1,,
383,52,3,1269,24923,1,,
387,2808,3,1336,24935,1,,
440,290,3,1123,24944,1,,
440,292,3,1277,24944,1,,
215,181,4,1326,24951,1,,
399,2857,4,1269,24952,1,,
220,-1,-1,-999,24961,2,v14_piggyback,3.0,24802,159
438,237,4,1336,24965,1,,
419,246,4,1214,24988,1,,
136,1473,2,1365,24997,1,,
182,1730,2,1309,25000,1,,
194,1792,3,1314,25006,1,,
258,411,12,1365,25015,1,,
415,175,9,1314,25019,1,,
420,-1,-1,-999,25024,2,v14_piggyback,2.0,24908,116
408,35,4,1232,25025,1,,
448,494,8,1364,25036,1,,
211,1885,3,1317,25042,1,,
5,9,7,1356,25052,1,,
439,274,11,1325,25056,1,,
439,257,12,1346,25056,1,,
439,253,4,1346,25056,1,,
251,59,2,1269,25062,1,,
353,746,2,1317,25063,1,,
366,351,2,1269,25069,1,,
167,1648,2,1158,25076,1,,
257,2143,4,1349,25085,1,,
361,-1,-1,-999,25086,2,v14_piggyback,2.0,24823,263
456,653,4,1214,25104,1,,
1,41,8,1335,25115,1,,
43,5,8,1352,25127,1,,
407,40,7,1322,25146,1,,
384,-1,-1,-999,25151,2,v14_piggyback,3.0,24851,300
200,223,7,1352,25159,1,,
446,437,6,1335,25171,1,,
477,1045,1,1357,25171,1,,
468,880,6,1322,25182,1,,
165,14,9,1361,25184,1,,
469,896,6,1335,25194,1,,
158,75,10,1264,25204,1,,
470,905,10,1324,25210,1,,
339,-1,-1,-999,25215,2,v14_piggyback,4.0,24860,355
391,266,7,1264,25216,1,,
440,307,8,1214,25219,1,,
370,507,10,1264,25231,1,,
134,1455,2,1050,25238,1,,
143,1511,2,1264,25245,1,,
312,2432,4,1352,25247,1,,
412,112,4,1264,25254,1,,
250,59,12,1129,25272,1,,
136,-1,-1,-999,25279,2,v14_piggyback,1.0,24997,282
441,340,6,1129,25283,1,,
393,326,5,1129,25294,1,,
415,167,6,1361,25298,1,,
55,1622,3,977,25301,1,,
292,2330,4,1322,25311,1,,
365,220,9,1315,25324,1,,
423,505,3,1310,25327,1,,
53,4,1,1310,25333,1,,
44,5,7,1315,25340,1,,
439,-1,-1,-999,25344,2,v14_piggyback,1.0,25056,288
414,150,8,1367,25358,1,,
448,484,7,1355,25362,1,,
448,487,8,1050,25362,1,,
448,490,6,1177,25362,1,,
348,694,10,1367,25375,1,,
408,35,6,1214,25386,1,,
410,2906,3,1322,25387,1,,
117,1365,2,1352,25396,1,,
392,455,6,1315,25398,1,,
407,-1,-1,-999,25408,2,v14_piggyback,2.0,25146,262
420,283,8,1369,25417,1,,
222,1952,2,977,25424,1,,
428,679,7,1367,25429,1,,
428,622,3,1386,25429,1,,
457,672,2,963,25431,1,,
384,42,2,1314,25437,1,,
251,2106,3,1158,25445,1,,
251,318,7,1367,25445,1,,
440,288,10,1364,25462,1,,
54,1501,2,1188,25469,1,,
446,-1,-1,-999,25472,2,v14_piggyback,1.0,25171,301
5,9,6,1367,25474,1,,
470,910,8,1221,25478,1,,
470,910,12,977,25478,1,,
470,911,8,963,25478,1,,
370,2732,3,1310,25479,1,,
444,394,6,1315,25487,1,,
6,3,6,1238,25507,1,,
424,474,7,1238,25519,1,,
482,1121,6,1315,25522,1,,
427,679,3,1367,25530,1,,
390,245,10,1375,25536,1,,
448,-1,-1,-999,25537,2,v14_piggyback,1.0,25362,175
97,13,4,1129,25539,1,,
443,385,4,1315,25552,1,,
43,5,9,1375,25572,1,,
464,810,3,1129,25578,1,,
453,599,11,1375,25589,1,,
428,-1,-1,-999,25601,2,v14_piggyback,1.0,25429,172
439,255,2,977,25602,1,,
383,17,10,1238,25605,1,,
365,2712,2,1367,25610,1,,
365,2710,2,1386,25610,1,,
475,1010,5,1128,25613,1,,
408,35,1,1322,25619,1,,
304,2390,2,1315,25623,1,,
0,37,12,1392,25624,1,,
363,254,4,1398,25632,1,,
282,2279,2,1315,25639,1,,
158,1588,1,1344,25650,1,,
158,16,8,1344,25650,1,,
470,-1,-1,-999,25665,2,v14_piggyback,1.0,25478,187
457,668,3,1289,25671,1,,
457,663,9,1205,25671,1,,
420,246,4,1214,25687,1,,
452,560,11,1206,25688,1,,
384,32,10,1375,25693,1,,
407,35,1,1322,25694,1,,
160,1605,7,1393,25706,1,,
449,509,7,1230,25707,1,,
180,160,6,1206,25718,1,,
302,15,4,1392,25723,1,,
302,54,6,1133,25723,1,,
286,2300,2,1129,25734,1,,
387,94,10,1206,25735,1,,
332,706,10,1133,25740,1,,
440,312,2,1129,25742,1,,
353,2652,3,1230,25748,1,,
472,948,3,1247,25755,1,,
472,950,6,1247,25755,1,,
181,1726,1,1367,25755,1,,
391,2822,2,1230,25756,1,,
423,418,4,1344,25771,1,,
423,444,6,1133,25771,1,,
457,-1,-1,-999,25781,2,v14_piggyback,1.0,25671,110
482,1126,8,1344,25785,1,,
1,30,2,1344,25797,1,,
1,19,4,1247,25797,1,,
386,168,2,1311,25805,1,,
137,1476,6,1133,25815,1,,
439,253,4,1346,25817,1,,
288,38,8,1371,25831,1,,
488,1209,4,1311,25833,1,,
387,-1,-1,-999,25844,2,v14_piggyback,2.0,25735,109
287,2,4,1327,25848,1,,
424,418,4,1344,25852,1,,
446,446,9,1322,25861,1,,
446,438,11,1324,25861,1,,
110,1,4,1302,25872,1,,
284,2290,4,1344,25888,1,,
182,224,10,1390,25889,1,,
285,2,2,1302,25895,1,,
299,15,4,1392,25897,1,,
345,544,4,1390,25898,1,,
389,210,2,1302,25902,1,,
51,88,4,1393,25907,1,,
289,2,1,1302,25907,1,,
470,905,8,1128,25912,1,,
283,2,1,1302,25913,1,,
407,35,7,1206,25943,1,,
395,595,4,1353,25946,1,,
160,1601,11,1344,25956,1,,
129,115,10,1353,25971,1,,
446,-1,-1,-999,25975,2,v14_piggyback,1.0,25861,114
282,2,1,1302,25977,1,,
384,17,12,1133,25981,1,,
448,490,3,1177,25989,1,,
455,636,1,1247,25994,1,,
286,2,4,1353,26013,1,,
286,2,4,1302,26013,1,,
286,20,10,1354,26013,1,,
48,1378,3,1251,26016,1,,
176,1693,2,1375,26019,1,,
132,1449,4,1251,26025,1,,
104,1285,6,1354,26030,1,,
104,270,4,1363,26030,1,,
472,942,11,1415,26043,1,,
76,62,11,1373,26047,1,,
408,66,11,1415,26060,1,,
442,355,11,1401,26078,1,,
327,2512,2,1396,26081,1,,
287,2,2,1302,26086,1,,
287,36,6,1373,26086,1,,
193,1788,2,1373,26101,1,,
397,2848,3,1363,26109,1,,
44,22,6,1415,26112,1,,
44,9,11,1401,26112,1,,
44,29,8,1401,26112,1,,
411,97,3,1397,26122,1,,
470,914,8,1129,26123,1,,
457,663,1,1205,26128,1,,
457,660,9,1230,26128,1,,
371,650,8,1397,26140,1,,
288,2309,2,1332,26143,1,,
439,253,4,1205,26148,1,,
439,262,9,1206,26148,1,,
387,80,6,1415,26160,1,,
306,2405,4,1415,26169,1,,
400,2862,2,1431,26172,1,,
158,65,4,1431,26181,1,,
314,712,8,1401,26182,1,,
136,107,8,1419,26195,1,,
154,16,8,1424,26209,1,,
56,4,9,1423,26211,1,,
45,5,10,1424,26225,1,,
453,599,5,1423,26229,1,,
411,-1,-1,-999,26232,2,v14_piggyback,2.0,26122,110
111,1331,3,1419,26233,1,,
384,52,3,1269,26242,1,,
446,438,5,1238,26244,1,,
443,386,3,1339,26250,1,,
449,500,1,1417,26256,1,,
440,290,8,1429,26257,1,,
448,497,6,1401,26258,1,,
333,706,10,1017,26274,1,,
289,38,4,1417,26284,1,,
455,637,7,1387,26289,1,,
455,635,7,1396,26289,1,,
438,218,8,1339,26298,1,,
113,141,3,1429,26313,1,,
113,1,4,1429,26313,1,,
407,66,9,1017,26320,1,,
407,48,6,1110,26320,1,,
386,146,10,1428,26324,1,,
361,11,8,1428,26338,1,,
343,424,6,1017,26339,1,,
343,310,6,1425,26339,1,,
453,-1,-1,-999,26344,2,v14_piggyback,1.0,26229,115
162,126,2,1428,26344,1,,
462,764,11,1432,26356,1,,
182,191,9,1292,26359,1,,
470,912,10,1251,26376,1,,
193,1786,3,1424,26380,1,,
468,878,9,1292,26391,1,,
183,113,7,1435,26394,1,,
446,-1,-1,-999,26406,2,v14_piggyback,1.0,26244,162
313,527,11,1292,26408,1,,
115,1,6,1435,26410,1,,
1,19,4,1435,26420,1,,
3,28,7,1421,26421,1,,
287,20,6,1435,26431,1,,
4,22,6,1292,26432,1,,
194,224,4,1017,26435,1,,
194,67,6,1432,26435,1,,
401,782,5,1292,26451,1,,
224,1965,4,1435,26452,1,,
461,748,8,1432,26453,1,,
116,1,9,1441,26467,1,,
449,-1,-1,-999,26468,2,v14_piggyback,1.0,26256,212
472,953,6,1441,26479,1,,
67,1959,4,1017,26492,1,,
67,7,3,1017,26492,1,,
411,97,8,1397,26501,1,,
328,649,6,1110,26504,1,,
408,66,5,1432,26514,1,,
387,168,12,1292,26518,1,,
387,55,4,1292,26518,1,,
456,641,4,1017,26523,1,,
361,-1,-1,-999,26530,2,v14_piggyback,2.0,26338,192
338,202,5,1110,26533,1,,
384,52,6,1017,26552,1,,
384,34,6,1017,26552,1,,
117,1,6,1446,26556,1,,
117,1,10,1418,26556,1,,
117,141,8,1418,26556,1,,
443,373,10,1017,26568,1,,
360,11,4,1260,26572,1,,
448,497,10,1397,26576,1,,
448,486,3,1435,26576,1,,
159,1599,4,1017,26578,1,,
388,176,1,1448,26579,1,,
314,2443,2,940,26586,1,,
462,-1,-1,-999,26592,2,v14_piggyback,1.0,26356,236
438,190,9,1432,26593,1,,
402,823,11,1360,26608,1,,
327,2512,4,1260,26618,1,,
5,51,6,1418,26622,1,,
5,37,4,1451,26622,1,,
440,314,2,1360,26624,1,,
394,352,8,1446,26636,1,,
143,50,6,1418,26648,1,,
439,253,6,1360,26658,1,,
288,2,6,1446,26659,1,,
447,463,7,1376,26671,1,,
445,417,8,1312,26673,1,,
448,-1,-1,-999,26687,2,v14_piggyback,1.0,26576,111
446,450,6,1390,26688,1,,
446,437,5,1292,26688,1,,
461,748,4,1382,26698,1,,
468,882,7,1385,26701,1,,
215,1909,2,1446,26711,1,,
215,83,4,1451,26711,1,,
453,599,3,1423,26715,1,,
453,590,7,1339,26715,1,,
287,2,4,1446,26721,1,,
407,35,5,1425,26730,1,,
407,66,4,1432,26730,1,,
162,1613,6,1435,26732,1,,
432,931,4,1376,26735,1,,
477,1049,6,1418,26744,1,,
449,500,5,1417,26745,1,,
449,3078,4,1339,26745,1,,
437,179,3,1017,26753,1,,
451,3085,3,1339,26761,1,,
411,108,6,1312,26761,1,,
302,2381,2,1110,26767,1,,
288,-1,-1,-999,26769,2,v14_piggyback,2.0,26659,110
422,399,2,1017,26774,1,,
295,2343,4,1312,26775,1,,
104,1285,1,1017,26779,1,,
361,11,4,1260,26791,1,,
358,11,1,1445,26829,1,,
446,-1,-1,-999,26832,2,v14_piggyback,1.0,26688,144
462,764,1,1432,26835,1,,
116,1353,3,1368,26836,1,,
255,2131,3,1418,26844,1,,
359,11,1,1445,26845,1,,
360,49,2,1441,26851,1,,
410,79,8,1430,26869,1,,
248,2090,2,1446,26883,1,,
409,70,9,1299,26885,1,,
299,54,1,1406,26893,1,,
437,-1,-1,-999,26894,2,v14_piggyback,1.0,26753,141
439,251,5,1376,26895,1,,
440,292,6,1376,26906,1,,
428,756,2,1446,26913,1,,
256,259,4,1323,26916,1,,
61,7,5,1464,26926,1,,
78,2651,2,1323,26932,1,,
108,1313,6,1461,26941,1,,
448,497,2,1397,26948,1,,
361,-1,-1,-999,26956,2,v14_piggyback,2.0,26791,165
471,927,2,1451,26957,1,,
305,2397,2,1282,26958,1,,
412,112,4,1461,26972,1,,
447,482,5,1159,26973,1,,
447,464,9,1299,26973,1,,
300,57,6,1426,26985,1,,
297,710,2,1461,26986,1,,
275,277,7,1463,27011,1,,
129,177,4,1456,27015,1,,
104,-1,-1,-999,27018,2,v14_piggyback,1.0,26779,239
423,399,12,1342,27019,1,,
128,39,2,1426,27026,1,,
468,870,6,1342,27037,1,,
449,502,4,1323,27048,1,,
451,559,6,1383,27057,1,,
451,552,7,1379,27057,1,,
366,357,6,1468,27069,1,,
131,89,3,1464,27075,1,,
130,89,8,1452,27077,1,,
96,1234,7,1405,27087,1,,
407,66,3,1456,27088,1,,
301,54,10,1468,27091,1,,
301,124,5,1468,27091,1,,
213,1897,4,1468,27100,1,,
411,112,7,1461,27101,1,,
444,405,2,1464,27111,1,,
321,213,10,1452,27117,1,,
302,124,12,1413,27118,1,,
274,378,6,1405,27122,1,,
415,161,8,1413,27132,1,,
463,797,6,1474,27140,1,,
463,794,4,1474,27140,1,,
88,8,8,1479,27152,1,,
451,-1,-1,-999,27170,2,v14_piggyback,1.0,27057,113
387,146,8,1474,27178,1,,
409,76,10,1323,27193,1,,
409,87,8,1405,27193,1,,
386,72,9,1380,27193,1,,
367,337,12,1403,27212,1,,
437,179,9,1017,27224,1,,
437,174,9,1282,27224,1,,
229,95,7,1380,27225,1,,
407,-1,-1,-999,27232,2,v14_piggyback,3.0,27088,144
361,11,4,1445,27237,1,,
361,11,7,1299,27237,1,,
224,231,8,1447,27238,1,,
479,1082,8,1380,27239,1,,
441,340,6,1447,27249,1,,
320,71,1,1416,27256,1,,
320,61,10,1403,27256,1,,
447,467,10,1463,27259,1,,
434,990,6,1345,27261,1,,
412,99,6,1474,27268,1,,
104,1285,3,1017,27269,1,,
106,1300,2,1116,27276,1,,
448,490,4,1452,27277,1,,
433,1000,10,1210,27292,1,,
88,-1,-1,-999,27295,2,v14_piggyback,2.0,27152,143
78,58,5,1223,27310,1,,
353,746,10,1319,27314,1,,
483,1145,9,1223,27335,1,,
477,1049,5,1223,27346,1,,
378,1020,2,1223,27352,1,,
361,-1,-1,-999,27357,2,v14_piggyback,2.0,27237,120
444,409,3,1359,27360,1,,
336,2562,2,1145,27367,1,,
411,99,4,1474,27375,1,,
140,1492,2,1145,27378,1,,
213,1898,2,1116,27380,1,,
256,306,6,1319,27386,1,,
384,52,4,1319,27395,1,,
0,41,4,1395,27412,1,,
0,51,6,1395,27412,1,,
463,791,10,1380,27433,1,,
463,798,8,1319,27433,1,,
463,790,8,1319,27433,1,,
84,24,7,1493,27433,1,,
84,270,8,1493,27433,1,,
363,60,8,1395,27436,1,,
458,687,2,1493,27440,1,,
474,980,4,1380,27442,1,,
387,55,6,1403,27453,1,,
62,7,6,1395,27455,1,,
62,4,6,1338,27455,1,,
165,1634,2,1493,27456,1,,
449,515,3,1418,27462,1,,
438,249,2,1493,27462,1,,
277,2250,2,1493,27472,1,,
407,66,1,1456,27485,1,,
407,1059,1,1474,27485,1,,
115,1,10,1338,27486,1,,
469,890,4,1366,27499,1,,
291,563,2,1319,27500,1,,
243,59,2,1471,27505,1,,
169,1656,2,1452,27517,1,,
437,179,7,1345,27518,1,,
441,324,6,1388,27530,1,,
307,408,8,1338,27543,1,,
433,3006,2,1407,27556,1,,
320,0,11,1319,27556,1,,
447,466,10,1223,27567,1,,
447,466,6,1338,27567,1,,
376,951,2,1403,27570,1,,
487,1200,7,1395,27580,1,,
106,1295,2,1452,27592,1,,
488,1202,8,1436,27594,1,,
64,29,6,1486,27617,1,,
64,7,8,1267,27617,1,,
64,1933,2,1267,27617,1,,
434,990,10,1494,27622,1,,
483,1140,8,1145,27631,1,,
437,-1,-1,-999,27631,2,v14_piggyback,1.0,27518,113
179,294,8,1494,27640,1,,
141,1502,3,1494,27648,1,,
135,147,4,1157,27649,1,,
135,177,8,1267,27649,1,,
409,1132,7,1496,27661,1,,
473,963,11,1267,27667,1,,
224,83,8,1496,27675,1,,
459,709,6,1157,27678,1,,
448,491,1,1496,27686,1,,
361,12,5,1157,27691,1,,
361,60,2,1395,27691,1,,
320,-1,-1,-999,27694,2,v14_piggyback,6.0,27556,138
322,61,10,1503,27705,1,,
322,71,9,1495,27705,1,,
229,400,6,1338,27709,1,,
474,984,2,805,27710,1,,
478,1052,10,1495,27725,1,,
458,695,9,1366,27727,1,,
458,682,3,1471,27727,1,,
165,1634,2,1403,27729,1,,
438,216,2,1477,27733,1,,
407,66,4,1473,27738,1,,
469,896,5,1496,27749,1,,
447,-1,-1,-999,27756,2,v14_piggyback,1.0,27567,189
460,733,5,1338,27766,1,,
455,633,9,1512,27770,1,,
444,403,5,1436,27787,1,,
52,1471,4,1509,27790,1,,
92,1215,4,1267,27807,1,,
441,342,10,1496,27808,1,,
180,1720,4,1486,27816,1,,
44,5,5,1433,27817,1,,
483,-1,-1,-999,27818,2,v14_piggyback,1.0,27631,187
151,1556,5,1433,27828,1,,
151,170,2,1433,27828,1,,
339,6,4,1459,27831,1,,
437,179,6,1418,27848,1,,
486,1177,3,1338,27858,1,,
388,199,3,1433,27858,1,,
284,2289,3,1338,27866,1,,
155,1573,4,1433,27872,1,,
361,-1,-1,-999,27880,2,v14_piggyback,2.0,27691,189
218,231,3,1433,27888,1,,
395,595,2,1436,27889,1,,
142,1503,2,1338,27900,1,,
464,3139,2,1433,27909,1,,
242,2063,2,1267,27913,1,,
404,996,9,1411,27914,1,,
384,31,1,1436,27935,1,,
408,56,5,1411,27937,1,,
469,-1,-1,-999,27942,2,v14_piggyback,1.0,27749,193
403,976,3,1291,27943,1,,
208,1867,3,1411,27949,1,,
257,296,2,1411,27960,1,,
258,296,4,1437,27969,1,,
409,76,4,1497,27982,1,,
409,87,6,1509,27982,1,,
409,86,8,1433,27982,1,,
459,3117,3,1510,27984,1,,
387,120,6,1508,27991,1,,
270,2214,1,1267,27996,1,,
455,-1,-1,-999,28004,2,v14_piggyback,1.0,27770,234
217,23,10,1358,28005,1,,
478,3198,1,1521,28006,1,,
478,1063,2,1510,28006,1,,
398,674,6,1442,28020,1,,
458,699,4,1157,28027,1,,
447,469,8,1508,28031,1,,
320,850,4,1358,28038,1,,
460,738,11,1459,28047,1,,
483,1140,2,1145,28054,1,,
194,1792,4,1358,28057,1,,
486,-1,-1,-999,28066,2,v14_piggyback,1.0,27858,208
437,179,2,1345,28069,1,,
407,35,12,1512,28077,1,,
407,56,2,1411,28077,1,,
441,340,4,1433,28090,1,,
201,165,8,1400,28091,1,,
464,819,4,1442,28100,1,,
401,823,5,1400,28103,1,,
385,55,2,1498,28104,1,,
405,1013,6,1400,28115,1,,
454,623,6,1498,28116,1,,
469,896,6,1496,28119,1,,
195,228,4,1444,28124,1,,
267,162,6,1498,28131,1,,
425,581,4,1531,28142,1,,
400,773,8,1499,28145,1,,
402,861,3,1487,28163,1,,
388,176,11,1543,28167,1,,
106,1295,1,1543,28170,1,,
399,747,3,1531,28176,1,,
467,860,4,1362,28178,1,,
441,-1,-1,-999,28201,2,v14_piggyback,1.0,28090,111
455,626,10,1458,28203,1,,
323,61,12,1457,28203,1,,
261,327,9,1362,28204,1,,
305,346,10,1362,28220,1,,
181,160,10,1362,28237,1,,
321,91,3,1362,28244,1,,
3,30,8,1457,28247,1,,
436,3017,2,1362,28251,1,,
438,1196,9,1551,28260,1,,
192,104,6,1492,28260,1,,
174,153,10,1544,28267,1,,
437,164,8,1531,28275,1,,
346,2617,3,1443,28275,1,,
403,976,10,1476,28276,1,,
4,30,8,1551,28300,1,,
4,30,11,1500,28300,1,,
419,272,3,1476,28300,1,,
447,466,4,1338,28313,1,,
465,832,10,1377,28314,1,,
486,1180,6,1550,28316,1,,
208,1870,2,1443,28326,1,,
420,252,7,1550,28329,1,,
183,166,8,1457,28331,1,,
474,986,4,1492,28338,1,,
347,377,8,1500,28343,1,,
371,650,8,1466,28352,1,,
182,67,8,1466,28366,1,,
344,424,6,1467,28375,1,,
184,191,6,1532,28377,1,,
387,55,1,1498,28386,1,,
404,944,6,1524,28389,1,,
469,903,4,1377,28390,1,,
226,25,4,1551,28397,1,,
440,281,9,1530,28404,1,,
454,616,9,1362,28408,1,,
103,62,6,1377,28415,1,,
455,631,4,1395,28424,1,,
441,342,5,1486,28448,1,,
442,3042,3,1467,28451,1,,
413,134,5,1455,28459,1,,
481,1105,4,1377,28466,1,,
402,803,12,1530,28470,1,,
414,158,3,1500,28472,1,,
345,310,8,1481,28473,1,,
467,863,10,1443,28490,1,,
364,200,6,1532,28490,1,,
271,2218,2,1524,28499,1,,
271,183,2,1530,28499,1,,
421,2951,3,1524,28507,1,,
62,1873,3,1478,28511,1,,
201,1833,3,736,28515,1,,
438,216,3,1478,28517,1,,
432,3001,2,1469,28531,1,,
486,1177,1,1338,28541,1,,
300,124,10,1409,28546,1,,
258,2150,2,1478,28553,1,,
293,2334,4,1409,28562,1,,
457,667,9,1526,28578,1,,
445,425,7,1438,28584,1,,
420,246,3,1412,28584,1,,
302,124,6,1526,28589,1,,
462,769,4,1438,28593,1,,
195,1795,2,1438,28600,1,,
365,254,8,1526,28603,1,,
123,1396,4,1526,28618,1,,
339,6,10,1348,28621,1,,
353,787,4,1438,28630,1,,
443,386,4,1539,28633,1,,
331,2534,2,1438,28642,1,,
103,1278,7,1469,28648,1,,
2,3,4,1539,28655,1,,
229,276,4,1539,28665,1,,
340,85,12,1537,28665,1,,
354,744,8,1511,28679,1,,
288,27,1,1539,28680,1,,
455,631,9,1438,28694,1,,
44,29,10,1540,28695,1,,
127,116,3,1526,28696,1,,
127,1,8,1515,28696,1,,
246,2084,2,1530,28702,1,,
256,488,1,1524,28710,1,,
414,134,5,1455,28722,1,,
414,137,3,1539,28722,1,,
414,142,10,1460,28722,1,,
441,331,2,1481,28725,1,,
441,320,10,1438,28725,1,,
339,-1,-1,-999,28732,2,v14_piggyback,4.0,28621,111
440,282,4,1484,28733,1,,
440,305,11,1409,28733,1,,
271,2220,1,1165,28739,1,,
481,1108,8,1469,28744,1,,
481,1101,9,1539,28744,1,,
344,473,9,1348,28749,1,,
168,1652,8,1549,28755,1,,
442,359,8,1412,28768,1,,
398,674,8,1422,28776,1,,
430,844,8,1552,28790,1,,
287,2,6,1460,28790,1,,
287,27,9,1549,28790,1,,
