order_id,order_dum,order_type,item,qty,facing,due_date,station,pod_id,status,finish_time,date,time_gen
0,0,1,148,9,-1,99999,-1,-1,-3,-1,1,60
1,1,1,518,6,-1,99999,-1,-1,-3,-1,1,60
2,1,1,2187,2,-1,99999,-1,-1,-3,-1,1,60
3,2,1,44,4,-1,99999,-1,-1,-3,-1,1,60
4,2,1,1447,6,-1,99999,-1,-1,-3,-1,1,60
5,2,1,243,11,-1,99999,-1,-1,-3,-1,1,60
6,3,1,362,10,-1,99999,-1,-1,-3,-1,1,60
7,4,1,2669,3,-1,99999,-1,-1,-3,-1,1,60
8,5,1,2478,2,-1,99999,-1,-1,-3,-1,1,120
9,5,1,460,7,-1,99999,-1,-1,-3,-1,1,120
10,6,1,189,8,-1,99999,-1,-1,-3,-1,1,120
11,6,1,208,4,-1,99999,-1,-1,-3,-1,1,120
12,6,1,1033,7,-1,99999,-1,-1,-3,-1,1,120
13,6,1,13,10,-1,99999,-1,-1,-3,-1,1,120
14,7,1,23,3,-1,99999,-1,-1,-3,-1,1,180
15,7,1,106,7,-1,99999,-1,-1,-3,-1,1,180
16,7,1,5,3,-1,99999,-1,-1,-3,-1,1,180
17,7,1,385,2,-1,99999,-1,-1,-3,-1,1,180
18,8,1,22,3,-1,99999,-1,-1,-3,-1,1,180
19,8,1,5,8,-1,99999,-1,-1,-3,-1,1,180
20,8,1,1074,3,-1,99999,-1,-1,-3,-1,1,180
21,8,1,3013,3,-1,99999,-1,-1,-3,-1,1,180
22,8,1,233,10,-1,99999,-1,-1,-3,-1,1,180
23,8,1,856,8,-1,99999,-1,-1,-3,-1,1,180
24,8,1,1381,6,-1,99999,-1,-1,-3,-1,1,180
25,8,1,1644,2,-1,99999,-1,-1,-3,-1,1,180
26,8,1,2431,1,-1,99999,-1,-1,-3,-1,1,180
27,9,1,19,10,-1,99999,-1,-1,-3,-1,1,180
28,9,1,1865,3,-1,99999,-1,-1,-3,-1,1,180
29,9,1,1465,8,-1,99999,-1,-1,-3,-1,1,180
30,9,1,1182,11,-1,99999,-1,-1,-3,-1,1,180
31,9,1,158,1,-1,99999,-1,-1,-3,-1,1,180
32,9,1,1614,2,-1,99999,-1,-1,-3,-1,1,180
33,9,1,258,6,-1,99999,-1,-1,-3,-1,1,180
34,10,1,376,4,-1,99999,-1,-1,-3,-1,1,180
35,11,1,64,1,-1,99999,-1,-1,-3,-1,1,240
36,11,1,110,5,-1,99999,-1,-1,-3,-1,1,240
37,11,1,36,9,-1,99999,-1,-1,-3,-1,1,240
38,11,1,395,4,-1,99999,-1,-1,-3,-1,1,240
39,11,1,1852,4,-1,99999,-1,-1,-3,-1,1,240
40,11,1,299,8,-1,99999,-1,-1,-3,-1,1,240
41,12,1,2829,4,-1,99999,-1,-1,-3,-1,1,300
42,12,1,835,1,-1,99999,-1,-1,-3,-1,1,300
43,12,1,2831,3,-1,99999,-1,-1,-3,-1,1,300
44,12,1,1547,6,-1,99999,-1,-1,-3,-1,1,300
45,13,1,57,5,-1,99999,-1,-1,-3,-1,1,300
46,13,1,7,1,-1,99999,-1,-1,-3,-1,1,300
47,14,1,469,4,-1,99999,-1,-1,-3,-1,1,360
48,14,1,72,5,-1,99999,-1,-1,-3,-1,1,360
49,15,1,317,6,-1,99999,-1,-1,-3,-1,1,360
50,15,1,2521,4,-1,99999,-1,-1,-3,-1,1,360
51,15,1,122,6,-1,99999,-1,-1,-3,-1,1,360
52,15,1,375,7,-1,99999,-1,-1,-3,-1,1,360
53,15,1,68,5,-1,99999,-1,-1,-3,-1,1,360
54,16,1,3,8,-1,99999,-1,-1,-3,-1,1,420
55,17,1,222,1,-1,99999,-1,-1,-3,-1,1,420
56,17,1,117,2,-1,99999,-1,-1,-3,-1,1,420
57,17,1,136,8,-1,99999,-1,-1,-3,-1,1,420
58,18,1,1521,10,-1,99999,-1,-1,-3,-1,1,480
59,18,1,1160,9,-1,99999,-1,-1,-3,-1,1,480
60,18,1,1674,1,-1,99999,-1,-1,-3,-1,1,480
61,19,1,961,7,-1,99999,-1,-1,-3,-1,1,480
62,20,1,434,6,-1,99999,-1,-1,-3,-1,1,540
63,20,1,1930,4,-1,99999,-1,-1,-3,-1,1,540
64,20,1,151,8,-1,99999,-1,-1,-3,-1,1,540
65,20,1,383,6,-1,99999,-1,-1,-3,-1,1,540
66,20,1,653,12,-1,99999,-1,-1,-3,-1,1,540
67,21,1,2824,2,-1,99999,-1,-1,-3,-1,1,540
68,21,1,99,3,-1,99999,-1,-1,-3,-1,1,540
69,21,1,3101,2,-1,99999,-1,-1,-3,-1,1,540
70,21,1,358,4,-1,99999,-1,-1,-3,-1,1,540
71,21,1,49,12,-1,99999,-1,-1,-3,-1,1,540
72,21,1,128,11,-1,99999,-1,-1,-3,-1,1,540
73,22,1,1523,2,-1,99999,-1,-1,-3,-1,1,540
74,23,1,346,6,-1,99999,-1,-1,-3,-1,1,540
75,23,1,117,9,-1,99999,-1,-1,-3,-1,1,540
76,23,1,2653,2,-1,99999,-1,-1,-3,-1,1,540
77,23,1,69,5,-1,99999,-1,-1,-3,-1,1,540
78,23,1,29,8,-1,99999,-1,-1,-3,-1,1,540
79,24,1,593,1,-1,99999,-1,-1,-3,-1,1,600
80,24,1,765,7,-1,99999,-1,-1,-3,-1,1,600
81,25,1,201,7,-1,99999,-1,-1,-3,-1,1,600
82,25,1,231,10,-1,99999,-1,-1,-3,-1,1,600
83,25,1,1031,9,-1,99999,-1,-1,-3,-1,1,600
84,25,1,1694,2,-1,99999,-1,-1,-3,-1,1,600
85,25,1,1868,1,-1,99999,-1,-1,-3,-1,1,600
86,25,1,450,6,-1,99999,-1,-1,-3,-1,1,600
87,25,1,1049,12,-1,99999,-1,-1,-3,-1,1,600
88,26,1,114,8,-1,99999,-1,-1,-3,-1,1,600
89,26,1,69,8,-1,99999,-1,-1,-3,-1,1,600
90,26,1,186,12,-1,99999,-1,-1,-3,-1,1,600
91,26,1,391,3,-1,99999,-1,-1,-3,-1,1,600
92,26,1,363,8,-1,99999,-1,-1,-3,-1,1,600
93,26,1,502,6,-1,99999,-1,-1,-3,-1,1,600
94,26,1,1721,4,-1,99999,-1,-1,-3,-1,1,600
95,26,1,1025,10,-1,99999,-1,-1,-3,-1,1,600
96,27,1,267,2,-1,99999,-1,-1,-3,-1,1,600
97,27,1,1453,2,-1,99999,-1,-1,-3,-1,1,600
98,27,1,570,3,-1,99999,-1,-1,-3,-1,1,600
99,27,1,91,10,-1,99999,-1,-1,-3,-1,1,600
100,28,1,585,12,-1,99999,-1,-1,-3,-1,1,600
101,28,1,1329,4,-1,99999,-1,-1,-3,-1,1,600
102,28,1,673,8,-1,99999,-1,-1,-3,-1,1,600
103,28,1,55,2,-1,99999,-1,-1,-3,-1,1,600
104,28,1,39,4,-1,99999,-1,-1,-3,-1,1,600
105,28,1,618,2,-1,99999,-1,-1,-3,-1,1,600
106,28,1,71,7,-1,99999,-1,-1,-3,-1,1,600
107,28,1,1080,4,-1,99999,-1,-1,-3,-1,1,600
108,28,1,584,9,-1,99999,-1,-1,-3,-1,1,600
109,28,1,24,10,-1,99999,-1,-1,-3,-1,1,600
110,29,1,1112,2,-1,99999,-1,-1,-3,-1,1,660
111,30,1,5,7,-1,99999,-1,-1,-3,-1,1,660
112,30,1,330,8,-1,99999,-1,-1,-3,-1,1,660
113,30,1,257,10,-1,99999,-1,-1,-3,-1,1,660
114,30,1,84,2,-1,99999,-1,-1,-3,-1,1,660
115,30,1,212,4,-1,99999,-1,-1,-3,-1,1,660
116,30,1,2016,2,-1,99999,-1,-1,-3,-1,1,660
117,30,1,138,6,-1,99999,-1,-1,-3,-1,1,660
118,31,1,23,2,-1,99999,-1,-1,-3,-1,1,660
119,31,1,871,8,-1,99999,-1,-1,-3,-1,1,660
120,31,1,478,8,-1,99999,-1,-1,-3,-1,1,660
121,31,1,2,6,-1,99999,-1,-1,-3,-1,1,660
122,31,1,426,2,-1,99999,-1,-1,-3,-1,1,660
123,32,1,3060,4,-1,99999,-1,-1,-3,-1,1,720
124,33,1,46,4,-1,99999,-1,-1,-3,-1,1,720
125,34,1,312,9,-1,99999,-1,-1,-3,-1,1,720
126,35,1,28,8,-1,99999,-1,-1,-3,-1,1,720
127,35,1,1670,4,-1,99999,-1,-1,-3,-1,1,720
128,35,1,124,5,-1,99999,-1,-1,-3,-1,1,720
129,35,1,582,8,-1,99999,-1,-1,-3,-1,1,720
130,35,1,105,8,-1,99999,-1,-1,-3,-1,1,720
131,36,1,214,8,-1,99999,-1,-1,-3,-1,1,720
132,36,1,501,8,-1,99999,-1,-1,-3,-1,1,720
133,37,1,562,8,-1,99999,-1,-1,-3,-1,1,720
134,37,1,57,7,-1,99999,-1,-1,-3,-1,1,720
135,37,1,297,4,-1,99999,-1,-1,-3,-1,1,720
136,37,1,28,7,-1,99999,-1,-1,-3,-1,1,720
137,38,1,1187,6,-1,99999,-1,-1,-3,-1,1,720
138,38,1,232,6,-1,99999,-1,-1,-3,-1,1,720
139,38,1,677,1,-1,99999,-1,-1,-3,-1,1,720
140,38,1,250,2,-1,99999,-1,-1,-3,-1,1,720
141,38,1,28,4,-1,99999,-1,-1,-3,-1,1,720
142,39,1,849,3,-1,99999,-1,-1,-3,-1,1,780
143,40,1,1579,6,-1,99999,-1,-1,-3,-1,1,840
144,41,1,289,4,-1,99999,-1,-1,-3,-1,1,900
145,41,1,1416,11,-1,99999,-1,-1,-3,-1,1,900
146,41,1,371,7,-1,99999,-1,-1,-3,-1,1,900
147,42,1,325,4,-1,99999,-1,-1,-3,-1,1,900
148,42,1,584,6,-1,99999,-1,-1,-3,-1,1,900
149,42,1,329,10,-1,99999,-1,-1,-3,-1,1,900
150,42,1,42,11,-1,99999,-1,-1,-3,-1,1,900
151,43,1,1309,5,-1,99999,-1,-1,-3,-1,1,900
152,43,1,0,8,-1,99999,-1,-1,-3,-1,1,900
153,43,1,106,5,-1,99999,-1,-1,-3,-1,1,900
154,44,1,321,7,-1,99999,-1,-1,-3,-1,1,960
155,44,1,403,12,-1,99999,-1,-1,-3,-1,1,960
156,45,1,79,8,-1,99999,-1,-1,-3,-1,1,960
157,45,1,1108,6,-1,99999,-1,-1,-3,-1,1,960
158,45,1,14,7,-1,99999,-1,-1,-3,-1,1,960
159,45,1,103,5,-1,99999,-1,-1,-3,-1,1,960
160,45,1,121,8,-1,99999,-1,-1,-3,-1,1,960
161,45,1,13,7,-1,99999,-1,-1,-3,-1,1,960
162,45,1,294,8,-1,99999,-1,-1,-3,-1,1,960
163,45,1,1,4,-1,99999,-1,-1,-3,-1,1,960
164,45,1,1410,10,-1,99999,-1,-1,-3,-1,1,960
165,45,1,63,8,-1,99999,-1,-1,-3,-1,1,960
166,46,1,301,8,-1,99999,-1,-1,-3,-1,1,960
167,47,1,378,6,-1,99999,-1,-1,-3,-1,1,960
168,48,1,31,6,-1,99999,-1,-1,-3,-1,1,960
169,49,1,364,10,-1,99999,-1,-1,-3,-1,1,1080
170,49,1,1991,1,-1,99999,-1,-1,-3,-1,1,1080
171,49,1,86,8,-1,99999,-1,-1,-3,-1,1,1080
172,49,1,218,6,-1,99999,-1,-1,-3,-1,1,1080
173,49,1,189,4,-1,99999,-1,-1,-3,-1,1,1080
174,49,1,161,6,-1,99999,-1,-1,-3,-1,1,1080
175,49,1,60,6,-1,99999,-1,-1,-3,-1,1,1080
176,49,1,341,10,-1,99999,-1,-1,-3,-1,1,1080
177,50,1,133,8,-1,99999,-1,-1,-3,-1,1,1080
178,50,1,205,7,-1,99999,-1,-1,-3,-1,1,1080
179,51,1,920,4,-1,99999,-1,-1,-3,-1,1,1080
180,51,1,26,8,-1,99999,-1,-1,-3,-1,1,1080
181,51,1,1623,3,-1,99999,-1,-1,-3,-1,1,1080
182,51,1,155,9,-1,99999,-1,-1,-3,-1,1,1080
183,51,1,669,8,-1,99999,-1,-1,-3,-1,1,1080
184,51,1,46,8,-1,99999,-1,-1,-3,-1,1,1080
185,51,1,483,9,-1,99999,-1,-1,-3,-1,1,1080
186,52,1,108,11,-1,99999,-1,-1,-3,-1,1,1140
187,52,1,372,12,-1,99999,-1,-1,-3,-1,1,1140
188,52,1,150,8,-1,99999,-1,-1,-3,-1,1,1140
189,52,1,866,7,-1,99999,-1,-1,-3,-1,1,1140
190,53,1,41,4,-1,99999,-1,-1,-3,-1,1,1140
191,53,1,2,8,-1,99999,-1,-1,-3,-1,1,1140
192,53,1,51,9,-1,99999,-1,-1,-3,-1,1,1140
193,53,1,309,2,-1,99999,-1,-1,-3,-1,1,1140
194,54,1,171,8,-1,99999,-1,-1,-3,-1,1,1140
195,54,1,592,6,-1,99999,-1,-1,-3,-1,1,1140
196,54,1,1086,4,-1,99999,-1,-1,-3,-1,1,1140
197,54,1,152,11,-1,99999,-1,-1,-3,-1,1,1140
198,55,1,724,2,-1,99999,-1,-1,-3,-1,1,1140
199,55,1,1,4,-1,99999,-1,-1,-3,-1,1,1140
200,56,1,976,4,-1,99999,-1,-1,-3,-1,1,1200
201,56,1,1276,2,-1,99999,-1,-1,-3,-1,1,1200
202,57,1,186,8,-1,99999,-1,-1,-3,-1,1,1200
203,57,1,2148,3,-1,99999,-1,-1,-3,-1,1,1200
204,57,1,52,2,-1,99999,-1,-1,-3,-1,1,1200
205,58,1,0,10,-1,99999,-1,-1,-3,-1,1,1200
206,59,1,392,6,-1,99999,-1,-1,-3,-1,1,1200
207,59,1,162,6,-1,99999,-1,-1,-3,-1,1,1200
208,59,1,25,6,-1,99999,-1,-1,-3,-1,1,1200
209,59,1,153,10,-1,99999,-1,-1,-3,-1,1,1200
210,60,1,168,5,-1,99999,-1,-1,-3,-1,1,1200
211,60,1,2434,1,-1,99999,-1,-1,-3,-1,1,1200
212,61,1,3039,4,-1,99999,-1,-1,-3,-1,1,1200
213,61,1,1524,5,-1,99999,-1,-1,-3,-1,1,1200
214,61,1,263,7,-1,99999,-1,-1,-3,-1,1,1200
215,61,1,717,6,-1,99999,-1,-1,-3,-1,1,1200
216,61,1,29,7,-1,99999,-1,-1,-3,-1,1,1200
217,61,1,433,7,-1,99999,-1,-1,-3,-1,1,1200
218,61,1,683,7,-1,99999,-1,-1,-3,-1,1,1200
219,62,1,653,8,-1,99999,-1,-1,-3,-1,1,1260
220,62,1,203,6,-1,99999,-1,-1,-3,-1,1,1260
221,63,1,56,8,-1,99999,-1,-1,-3,-1,1,1260
222,63,1,54,4,-1,99999,-1,-1,-3,-1,1,1260
223,63,1,220,7,-1,99999,-1,-1,-3,-1,1,1260
224,64,1,812,4,-1,99999,-1,-1,-3,-1,1,1260
225,64,1,954,9,-1,99999,-1,-1,-3,-1,1,1260
226,65,1,1779,4,-1,99999,-1,-1,-3,-1,1,1320
227,66,1,237,2,-1,99999,-1,-1,-3,-1,1,1380
228,66,1,458,6,-1,99999,-1,-1,-3,-1,1,1380
229,67,1,195,6,-1,99999,-1,-1,-3,-1,1,1380
230,68,1,932,2,-1,99999,-1,-1,-3,-1,1,1440
231,68,1,1551,2,-1,99999,-1,-1,-3,-1,1,1440
232,68,1,129,2,-1,99999,-1,-1,-3,-1,1,1440
233,68,1,381,3,-1,99999,-1,-1,-3,-1,1,1440
234,68,1,1513,1,-1,99999,-1,-1,-3,-1,1,1440
235,68,1,16,8,-1,99999,-1,-1,-3,-1,1,1440
236,68,1,1270,10,-1,99999,-1,-1,-3,-1,1,1440
237,68,1,3054,2,-1,99999,-1,-1,-3,-1,1,1440
238,69,1,158,2,-1,99999,-1,-1,-3,-1,1,1440
239,69,1,3,4,-1,99999,-1,-1,-3,-1,1,1440
240,69,1,366,1,-1,99999,-1,-1,-3,-1,1,1440
241,69,1,117,3,-1,99999,-1,-1,-3,-1,1,1440
242,69,1,144,10,-1,99999,-1,-1,-3,-1,1,1440
243,69,1,110,12,-1,99999,-1,-1,-3,-1,1,1440
244,69,1,175,10,-1,99999,-1,-1,-3,-1,1,1440
245,70,1,87,4,-1,99999,-1,-1,-3,-1,1,1440
246,70,1,898,10,-1,99999,-1,-1,-3,-1,1,1440
247,70,1,708,6,-1,99999,-1,-1,-3,-1,1,1440
248,70,1,324,6,-1,99999,-1,-1,-3,-1,1,1440
249,70,1,931,10,-1,99999,-1,-1,-3,-1,1,1440
250,71,1,745,11,-1,99999,-1,-1,-3,-1,1,1440
251,71,1,15,10,-1,99999,-1,-1,-3,-1,1,1440
252,71,1,1067,2,-1,99999,-1,-1,-3,-1,1,1440
253,71,1,17,8,-1,99999,-1,-1,-3,-1,1,1440
254,72,1,155,3,-1,99999,-1,-1,-3,-1,1,1500
255,72,1,61,7,-1,99999,-1,-1,-3,-1,1,1500
256,72,1,1011,12,-1,99999,-1,-1,-3,-1,1,1500
257,72,1,468,7,-1,99999,-1,-1,-3,-1,1,1500
258,72,1,295,11,-1,99999,-1,-1,-3,-1,1,1500
259,72,1,9,6,-1,99999,-1,-1,-3,-1,1,1500
260,73,1,191,8,-1,99999,-1,-1,-3,-1,1,1500
261,73,1,155,6,-1,99999,-1,-1,-3,-1,1,1500
262,74,1,40,4,-1,99999,-1,-1,-3,-1,1,1560
263,74,1,136,5,-1,99999,-1,-1,-3,-1,1,1560
264,75,1,193,5,-1,99999,-1,-1,-3,-1,1,1620
265,75,1,7,2,-1,99999,-1,-1,-3,-1,1,1620
266,75,1,284,3,-1,99999,-1,-1,-3,-1,1,1620
267,75,1,1445,4,-1,99999,-1,-1,-3,-1,1,1620
268,76,1,23,10,-1,99999,-1,-1,-3,-1,1,1620
269,76,1,1667,2,-1,99999,-1,-1,-3,-1,1,1620
270,76,1,1495,6,-1,99999,-1,-1,-3,-1,1,1620
271,77,1,88,8,-1,99999,-1,-1,-3,-1,1,1680
272,77,1,2204,4,-1,99999,-1,-1,-3,-1,1,1680
273,77,1,121,6,-1,99999,-1,-1,-3,-1,1,1680
274,77,1,2013,3,-1,99999,-1,-1,-3,-1,1,1680
275,77,1,677,6,-1,99999,-1,-1,-3,-1,1,1680
276,78,1,163,7,-1,99999,-1,-1,-3,-1,1,1680
277,78,1,567,10,-1,99999,-1,-1,-3,-1,1,1680
278,78,1,2,10,-1,99999,-1,-1,-3,-1,1,1680
279,79,1,270,8,-1,99999,-1,-1,-3,-1,1,1740
280,79,1,973,7,-1,99999,-1,-1,-3,-1,1,1740
281,80,1,124,6,-1,99999,-1,-1,-3,-1,1,1740
282,81,1,14,8,-1,99999,-1,-1,-3,-1,1,1740
283,81,1,126,5,-1,99999,-1,-1,-3,-1,1,1740
284,81,1,0,7,-1,99999,-1,-1,-3,-1,1,1740
285,81,1,415,8,-1,99999,-1,-1,-3,-1,1,1740
286,81,1,336,9,-1,99999,-1,-1,-3,-1,1,1740
287,82,1,2,2,-1,99999,-1,-1,-3,-1,1,1740
288,83,1,514,7,-1,99999,-1,-1,-3,-1,1,1800
289,83,1,325,12,-1,99999,-1,-1,-3,-1,1,1800
290,84,1,203,6,-1,99999,-1,-1,-3,-1,1,1800
291,85,1,7,8,-1,99999,-1,-1,-3,-1,1,1800
292,86,1,80,9,-1,99999,-1,-1,-3,-1,1,1800
293,86,1,869,4,-1,99999,-1,-1,-3,-1,1,1800
294,86,1,2149,3,-1,99999,-1,-1,-3,-1,1,1800
295,86,1,7,5,-1,99999,-1,-1,-3,-1,1,1800
296,86,1,2780,3,-1,99999,-1,-1,-3,-1,1,1800
297,87,1,1630,2,-1,99999,-1,-1,-3,-1,1,1800
298,88,1,305,6,-1,99999,-1,-1,-3,-1,1,1800
299,89,1,482,4,-1,99999,-1,-1,-3,-1,1,1800
300,89,1,358,6,-1,99999,-1,-1,-3,-1,1,1800
301,89,1,1794,4,-1,99999,-1,-1,-3,-1,1,1800
302,89,1,451,4,-1,99999,-1,-1,-3,-1,1,1800
303,90,1,309,6,-1,99999,-1,-1,-3,-1,1,1800
304,90,1,369,7,-1,99999,-1,-1,-3,-1,1,1800
305,90,1,209,9,-1,99999,-1,-1,-3,-1,1,1800
306,90,1,81,10,-1,99999,-1,-1,-3,-1,1,1800
307,90,1,452,5,-1,99999,-1,-1,-3,-1,1,1800
308,90,1,97,5,-1,99999,-1,-1,-3,-1,1,1800
309,90,1,2284,2,-1,99999,-1,-1,-3,-1,1,1800
310,91,1,711,1,-1,99999,-1,-1,-3,-1,1,1860
311,91,1,62,4,-1,99999,-1,-1,-3,-1,1,1860
312,91,1,144,3,-1,99999,-1,-1,-3,-1,1,1860
313,91,1,1051,6,-1,99999,-1,-1,-3,-1,1,1860
314,91,1,1228,4,-1,99999,-1,-1,-3,-1,1,1860
315,91,1,914,6,-1,99999,-1,-1,-3,-1,1,1860
316,91,1,1384,2,-1,99999,-1,-1,-3,-1,1,1860
317,91,1,40,5,-1,99999,-1,-1,-3,-1,1,1860
318,91,1,31,9,-1,99999,-1,-1,-3,-1,1,1860
319,92,1,629,4,-1,99999,-1,-1,-3,-1,1,1860
320,92,1,403,7,-1,99999,-1,-1,-3,-1,1,1860
321,93,1,51,9,-1,99999,-1,-1,-3,-1,1,1860
322,93,1,1063,4,-1,99999,-1,-1,-3,-1,1,1860
323,94,1,45,8,-1,99999,-1,-1,-3,-1,1,1860
324,95,1,2368,4,-1,99999,-1,-1,-3,-1,1,1920
325,95,1,427,8,-1,99999,-1,-1,-3,-1,1,1920
326,95,1,249,6,-1,99999,-1,-1,-3,-1,1,1920
327,96,1,1593,4,-1,99999,-1,-1,-3,-1,1,1920
328,96,1,6,6,-1,99999,-1,-1,-3,-1,1,1920
329,96,1,5,5,-1,99999,-1,-1,-3,-1,1,1920
330,97,1,295,6,-1,99999,-1,-1,-3,-1,1,1920
331,98,1,22,12,-1,99999,-1,-1,-3,-1,1,1920
332,98,1,1809,4,-1,99999,-1,-1,-3,-1,1,1920
333,98,1,2926,2,-1,99999,-1,-1,-3,-1,1,1920
334,98,1,149,7,-1,99999,-1,-1,-3,-1,1,1920
335,99,1,2695,2,-1,99999,-1,-1,-3,-1,1,1920
336,99,1,3212,4,-1,99999,-1,-1,-3,-1,1,1920
337,100,1,731,4,-1,99999,-1,-1,-3,-1,1,1920
338,101,1,139,11,-1,99999,-1,-1,-3,-1,1,1920
339,101,1,34,10,-1,99999,-1,-1,-3,-1,1,1920
340,101,1,1195,10,-1,99999,-1,-1,-3,-1,1,1920
341,101,1,624,10,-1,99999,-1,-1,-3,-1,1,1920
342,101,1,946,8,-1,99999,-1,-1,-3,-1,1,1920
343,101,1,379,12,-1,99999,-1,-1,-3,-1,1,1920
344,101,1,78,3,-1,99999,-1,-1,-3,-1,1,1920
345,102,1,1410,12,-1,99999,-1,-1,-3,-1,1,1980
346,102,1,138,12,-1,99999,-1,-1,-3,-1,1,1980
347,102,1,82,10,-1,99999,-1,-1,-3,-1,1,1980
348,102,1,188,6,-1,99999,-1,-1,-3,-1,1,1980
349,102,1,1595,4,-1,99999,-1,-1,-3,-1,1,1980
350,103,1,1,6,-1,99999,-1,-1,-3,-1,1,1980
351,103,1,1581,2,-1,99999,-1,-1,-3,-1,1,1980
352,103,1,424,4,-1,99999,-1,-1,-3,-1,1,1980
353,104,1,142,11,-1,99999,-1,-1,-3,-1,1,1980
354,105,1,1320,3,-1,99999,-1,-1,-3,-1,1,1980
355,105,1,1110,6,-1,99999,-1,-1,-3,-1,1,1980
356,105,1,25,4,-1,99999,-1,-1,-3,-1,1,1980
357,105,1,60,8,-1,99999,-1,-1,-3,-1,1,1980
358,105,1,90,8,-1,99999,-1,-1,-3,-1,1,1980
359,105,1,11,10,-1,99999,-1,-1,-3,-1,1,1980
360,105,1,2730,4,-1,99999,-1,-1,-3,-1,1,1980
361,105,1,77,9,-1,99999,-1,-1,-3,-1,1,1980
362,105,1,2571,2,-1,99999,-1,-1,-3,-1,1,1980
363,106,1,39,10,-1,99999,-1,-1,-3,-1,1,1980
364,106,1,394,9,-1,99999,-1,-1,-3,-1,1,1980
365,106,1,413,6,-1,99999,-1,-1,-3,-1,1,1980
366,106,1,172,12,-1,99999,-1,-1,-3,-1,1,1980
367,107,1,30,2,-1,99999,-1,-1,-3,-1,1,2040
368,108,1,53,10,-1,99999,-1,-1,-3,-1,1,2100
369,109,1,2,4,-1,99999,-1,-1,-3,-1,1,2100
370,109,1,88,6,-1,99999,-1,-1,-3,-1,1,2100
371,109,1,3125,2,-1,99999,-1,-1,-3,-1,1,2100
372,109,1,121,6,-1,99999,-1,-1,-3,-1,1,2100
373,109,1,1292,6,-1,99999,-1,-1,-3,-1,1,2100
374,110,1,56,2,-1,99999,-1,-1,-3,-1,1,2100
375,110,1,2100,1,-1,99999,-1,-1,-3,-1,1,2100
376,110,1,800,9,-1,99999,-1,-1,-3,-1,1,2100
377,111,1,1220,10,-1,99999,-1,-1,-3,-1,1,2100
378,111,1,82,8,-1,99999,-1,-1,-3,-1,1,2100
379,112,1,165,8,-1,99999,-1,-1,-3,-1,1,2160
380,112,1,1376,1,-1,99999,-1,-1,-3,-1,1,2160
381,113,1,797,4,-1,99999,-1,-1,-3,-1,1,2160
382,114,1,2098,4,-1,99999,-1,-1,-3,-1,1,2160
383,115,1,2101,4,-1,99999,-1,-1,-3,-1,1,2160
384,115,1,1184,8,-1,99999,-1,-1,-3,-1,1,2160
385,115,1,108,2,-1,99999,-1,-1,-3,-1,1,2160
386,115,1,38,5,-1,99999,-1,-1,-3,-1,1,2160
387,116,1,0,6,-1,99999,-1,-1,-3,-1,1,2160
388,116,1,2154,9,-1,99999,-1,-1,-3,-1,1,2160
389,116,1,1949,2,-1,99999,-1,-1,-3,-1,1,2160
390,117,1,274,4,-1,99999,-1,-1,-3,-1,1,2220
391,117,1,26,5,-1,99999,-1,-1,-3,-1,1,2220
392,117,1,2754,3,-1,99999,-1,-1,-3,-1,1,2220
393,118,1,137,2,-1,99999,-1,-1,-3,-1,1,2220
394,118,1,26,5,-1,99999,-1,-1,-3,-1,1,2220
395,118,1,43,9,-1,99999,-1,-1,-3,-1,1,2220
396,118,1,285,5,-1,99999,-1,-1,-3,-1,1,2220
397,118,1,107,2,-1,99999,-1,-1,-3,-1,1,2220
398,119,1,1702,2,-1,99999,-1,-1,-3,-1,1,2280
399,120,1,426,8,-1,99999,-1,-1,-3,-1,1,2280
400,120,1,1074,2,-1,99999,-1,-1,-3,-1,1,2280
401,121,1,275,8,-1,99999,-1,-1,-3,-1,1,2280
402,121,1,132,1,-1,99999,-1,-1,-3,-1,1,2280
403,122,1,161,9,-1,99999,-1,-1,-3,-1,1,2280
404,122,1,1,8,-1,99999,-1,-1,-3,-1,1,2280
405,122,1,98,2,-1,99999,-1,-1,-3,-1,1,2280
406,122,1,2250,2,-1,99999,-1,-1,-3,-1,1,2280
407,122,1,5,8,-1,99999,-1,-1,-3,-1,1,2280
408,122,1,27,6,-1,99999,-1,-1,-3,-1,1,2280
409,122,1,164,6,-1,99999,-1,-1,-3,-1,1,2280
410,122,1,113,5,-1,99999,-1,-1,-3,-1,1,2280
411,122,1,26,10,-1,99999,-1,-1,-3,-1,1,2280
412,122,1,53,6,-1,99999,-1,-1,-3,-1,1,2280
413,122,1,246,6,-1,99999,-1,-1,-3,-1,1,2280
414,123,1,2083,2,-1,99999,-1,-1,-3,-1,1,2280
415,124,1,65,9,-1,99999,-1,-1,-3,-1,1,2340
416,124,1,170,7,-1,99999,-1,-1,-3,-1,1,2340
417,124,1,120,5,-1,99999,-1,-1,-3,-1,1,2340
418,124,1,102,4,-1,99999,-1,-1,-3,-1,1,2340
419,124,1,25,8,-1,99999,-1,-1,-3,-1,1,2340
420,124,1,37,10,-1,99999,-1,-1,-3,-1,1,2340
421,125,1,312,12,-1,99999,-1,-1,-3,-1,1,2340
422,125,1,254,4,-1,99999,-1,-1,-3,-1,1,2340
423,125,1,219,4,-1,99999,-1,-1,-3,-1,1,2340
424,126,1,2600,4,-1,99999,-1,-1,-3,-1,1,2340
425,126,1,236,11,-1,99999,-1,-1,-3,-1,1,2340
426,126,1,625,6,-1,99999,-1,-1,-3,-1,1,2340
427,127,1,52,5,-1,99999,-1,-1,-3,-1,1,2400
428,127,1,518,1,-1,99999,-1,-1,-3,-1,1,2400
429,128,1,1762,3,-1,99999,-1,-1,-3,-1,1,2400
430,129,1,572,9,-1,99999,-1,-1,-3,-1,1,2460
431,129,1,2150,2,-1,99999,-1,-1,-3,-1,1,2460
432,129,1,17,5,-1,99999,-1,-1,-3,-1,1,2460
433,130,1,15,4,-1,99999,-1,-1,-3,-1,1,2460
434,131,1,229,2,-1,99999,-1,-1,-3,-1,1,2460
435,131,1,582,11,-1,99999,-1,-1,-3,-1,1,2460
436,131,1,523,10,-1,99999,-1,-1,-3,-1,1,2460
437,131,1,920,6,-1,99999,-1,-1,-3,-1,1,2460
438,131,1,13,7,-1,99999,-1,-1,-3,-1,1,2460
439,131,1,199,4,-1,99999,-1,-1,-3,-1,1,2460
440,132,1,31,10,-1,99999,-1,-1,-3,-1,1,2520
441,132,1,42,2,-1,99999,-1,-1,-3,-1,1,2520
442,132,1,1757,6,-1,99999,-1,-1,-3,-1,1,2520
443,133,1,2098,3,-1,99999,-1,-1,-3,-1,1,2580
444,133,1,3009,2,-1,99999,-1,-1,-3,-1,1,2580
445,133,1,1252,12,-1,99999,-1,-1,-3,-1,1,2580
446,133,1,221,6,-1,99999,-1,-1,-3,-1,1,2580
447,133,1,523,9,-1,99999,-1,-1,-3,-1,1,2580
448,133,1,1751,12,-1,99999,-1,-1,-3,-1,1,2580
449,133,1,2097,4,-1,99999,-1,-1,-3,-1,1,2580
450,133,1,583,10,-1,99999,-1,-1,-3,-1,1,2580
451,133,1,687,1,-1,99999,-1,-1,-3,-1,1,2580
452,133,1,573,1,-1,99999,-1,-1,-3,-1,1,2580
453,134,1,201,6,-1,99999,-1,-1,-3,-1,1,2580
454,135,1,0,12,-1,99999,-1,-1,-3,-1,1,2580
455,135,1,916,8,-1,99999,-1,-1,-3,-1,1,2580
456,135,1,158,2,-1,99999,-1,-1,-3,-1,1,2580
457,135,1,191,7,-1,99999,-1,-1,-3,-1,1,2580
458,136,1,239,8,-1,99999,-1,-1,-3,-1,1,2640
459,137,1,2521,4,-1,99999,-1,-1,-3,-1,1,2640
460,137,1,848,2,-1,99999,-1,-1,-3,-1,1,2640
461,138,1,402,8,-1,99999,-1,-1,-3,-1,1,2640
462,138,1,933,8,-1,99999,-1,-1,-3,-1,1,2640
463,138,1,115,8,-1,99999,-1,-1,-3,-1,1,2640
464,138,1,1959,2,-1,99999,-1,-1,-3,-1,1,2640
465,138,1,35,8,-1,99999,-1,-1,-3,-1,1,2640
466,138,1,26,2,-1,99999,-1,-1,-3,-1,1,2640
467,138,1,183,9,-1,99999,-1,-1,-3,-1,1,2640
468,139,1,82,6,-1,99999,-1,-1,-3,-1,1,2640
469,139,1,105,5,-1,99999,-1,-1,-3,-1,1,2640
470,139,1,39,9,-1,99999,-1,-1,-3,-1,1,2640
471,140,1,59,2,-1,99999,-1,-1,-3,-1,1,2640
472,140,1,2487,4,-1,99999,-1,-1,-3,-1,1,2640
473,140,1,1,9,-1,99999,-1,-1,-3,-1,1,2640
474,141,1,1494,4,-1,99999,-1,-1,-3,-1,1,2640
475,141,1,2537,2,-1,99999,-1,-1,-3,-1,1,2640
476,141,1,2070,1,-1,99999,-1,-1,-3,-1,1,2640
477,142,1,141,6,-1,99999,-1,-1,-3,-1,1,2700
478,142,1,1063,10,-1,99999,-1,-1,-3,-1,1,2700
479,142,1,1773,1,-1,99999,-1,-1,-3,-1,1,2700
480,142,1,49,1,-1,99999,-1,-1,-3,-1,1,2700
481,142,1,2792,4,-1,99999,-1,-1,-3,-1,1,2700
482,142,1,2878,2,-1,99999,-1,-1,-3,-1,1,2700
483,143,1,227,5,-1,99999,-1,-1,-3,-1,1,2700
484,143,1,269,4,-1,99999,-1,-1,-3,-1,1,2700
485,144,1,561,6,-1,99999,-1,-1,-3,-1,1,2760
486,145,1,142,2,-1,99999,-1,-1,-3,-1,1,2760
487,146,1,340,6,-1,99999,-1,-1,-3,-1,1,2760
488,146,1,1860,8,-1,99999,-1,-1,-3,-1,1,2760
489,146,1,147,9,-1,99999,-1,-1,-3,-1,1,2760
490,146,1,1529,2,-1,99999,-1,-1,-3,-1,1,2760
491,147,1,1653,1,-1,99999,-1,-1,-3,-1,1,2760
492,147,1,138,4,-1,99999,-1,-1,-3,-1,1,2760
493,147,1,4,2,-1,99999,-1,-1,-3,-1,1,2760
494,147,1,917,6,-1,99999,-1,-1,-3,-1,1,2760
495,148,1,529,3,-1,99999,-1,-1,-3,-1,1,2820
496,148,1,282,8,-1,99999,-1,-1,-3,-1,1,2820
497,149,1,1162,2,-1,99999,-1,-1,-3,-1,1,2820
498,149,1,2,1,-1,99999,-1,-1,-3,-1,1,2820
499,149,1,117,6,-1,99999,-1,-1,-3,-1,1,2820
500,149,1,144,2,-1,99999,-1,-1,-3,-1,1,2820
501,149,1,99,3,-1,99999,-1,-1,-3,-1,1,2820
502,149,1,92,7,-1,99999,-1,-1,-3,-1,1,2820
503,149,1,44,6,-1,99999,-1,-1,-3,-1,1,2820
504,150,1,390,4,-1,99999,-1,-1,-3,-1,1,2820
505,150,1,777,6,-1,99999,-1,-1,-3,-1,1,2820
506,151,1,179,10,-1,99999,-1,-1,-3,-1,1,2820
507,151,1,373,4,-1,99999,-1,-1,-3,-1,1,2820
508,152,1,443,7,-1,99999,-1,-1,-3,-1,1,2880
509,152,1,2512,3,-1,99999,-1,-1,-3,-1,1,2880
510,152,1,14,6,-1,99999,-1,-1,-3,-1,1,2880
511,153,1,193,9,-1,99999,-1,-1,-3,-1,1,2880
512,154,1,1273,5,-1,99999,-1,-1,-3,-1,1,2880
513,154,1,62,8,-1,99999,-1,-1,-3,-1,1,2880
514,154,1,2571,3,-1,99999,-1,-1,-3,-1,1,2880
515,154,1,552,4,-1,99999,-1,-1,-3,-1,1,2880
516,155,1,32,2,-1,99999,-1,-1,-3,-1,1,2880
517,155,1,145,8,-1,99999,-1,-1,-3,-1,1,2880
518,156,1,2521,2,-1,99999,-1,-1,-3,-1,1,2880
519,157,1,107,4,-1,99999,-1,-1,-3,-1,1,2940
520,157,1,1477,2,-1,99999,-1,-1,-3,-1,1,2940
521,157,1,7,7,-1,99999,-1,-1,-3,-1,1,2940
522,158,1,36,8,-1,99999,-1,-1,-3,-1,1,2940
523,158,1,1263,11,-1,99999,-1,-1,-3,-1,1,2940
524,158,1,270,2,-1,99999,-1,-1,-3,-1,1,2940
525,158,1,104,7,-1,99999,-1,-1,-3,-1,1,2940
526,159,1,439,12,-1,99999,-1,-1,-3,-1,1,2940
527,159,1,172,2,-1,99999,-1,-1,-3,-1,1,2940
528,159,1,578,4,-1,99999,-1,-1,-3,-1,1,2940
529,159,1,52,10,-1,99999,-1,-1,-3,-1,1,2940
530,159,1,106,5,-1,99999,-1,-1,-3,-1,1,2940
531,159,1,28,6,-1,99999,-1,-1,-3,-1,1,2940
532,159,1,31,3,-1,99999,-1,-1,-3,-1,1,2940
533,159,1,14,8,-1,99999,-1,-1,-3,-1,1,2940
534,159,1,4,8,-1,99999,-1,-1,-3,-1,1,2940
535,160,1,1,8,-1,99999,-1,-1,-3,-1,1,2940
536,160,1,14,10,-1,99999,-1,-1,-3,-1,1,2940
537,160,1,35,9,-1,99999,-1,-1,-3,-1,1,2940
538,160,1,97,11,-1,99999,-1,-1,-3,-1,1,2940
539,160,1,2599,4,-1,99999,-1,-1,-3,-1,1,2940
540,160,1,900,3,-1,99999,-1,-1,-3,-1,1,2940
541,160,1,1768,3,-1,99999,-1,-1,-3,-1,1,2940
542,160,1,1139,1,-1,99999,-1,-1,-3,-1,1,2940
543,160,1,704,5,-1,99999,-1,-1,-3,-1,1,2940
544,161,1,1,9,-1,99999,-1,-1,-3,-1,1,2940
545,162,1,231,7,-1,99999,-1,-1,-3,-1,1,2940
546,162,1,262,5,-1,99999,-1,-1,-3,-1,1,2940
547,162,1,2215,2,-1,99999,-1,-1,-3,-1,1,2940
548,162,1,2,4,-1,99999,-1,-1,-3,-1,1,2940
549,162,1,93,3,-1,99999,-1,-1,-3,-1,1,2940
550,163,1,1123,2,-1,99999,-1,-1,-3,-1,1,2940
551,163,1,231,10,-1,99999,-1,-1,-3,-1,1,2940
552,163,1,1830,2,-1,99999,-1,-1,-3,-1,1,2940
553,164,1,158,2,-1,99999,-1,-1,-3,-1,1,3000
554,164,1,324,8,-1,99999,-1,-1,-3,-1,1,3000
555,164,1,186,10,-1,99999,-1,-1,-3,-1,1,3000
556,164,1,288,8,-1,99999,-1,-1,-3,-1,1,3000
557,164,1,30,4,-1,99999,-1,-1,-3,-1,1,3000
558,164,1,55,8,-1,99999,-1,-1,-3,-1,1,3000
559,164,1,2922,2,-1,99999,-1,-1,-3,-1,1,3000
560,164,1,1262,6,-1,99999,-1,-1,-3,-1,1,3000
561,165,1,925,9,-1,99999,-1,-1,-3,-1,1,3000
562,165,1,90,7,-1,99999,-1,-1,-3,-1,1,3000
563,166,1,10,3,-1,99999,-1,-1,-3,-1,1,3000
564,167,1,0,10,-1,99999,-1,-1,-3,-1,1,3000
565,167,1,145,2,-1,99999,-1,-1,-3,-1,1,3000
566,167,1,5,6,-1,99999,-1,-1,-3,-1,1,3000
567,168,1,315,6,-1,99999,-1,-1,-3,-1,1,3060
568,169,1,4,8,-1,99999,-1,-1,-3,-1,1,3060
569,169,1,0,6,-1,99999,-1,-1,-3,-1,1,3060
570,169,1,1559,2,-1,99999,-1,-1,-3,-1,1,3060
571,169,1,682,6,-1,99999,-1,-1,-3,-1,1,3060
572,169,1,1077,8,-1,99999,-1,-1,-3,-1,1,3060
573,169,1,379,10,-1,99999,-1,-1,-3,-1,1,3060
574,169,1,269,8,-1,99999,-1,-1,-3,-1,1,3060
575,169,1,2305,4,-1,99999,-1,-1,-3,-1,1,3060
576,169,1,169,6,-1,99999,-1,-1,-3,-1,1,3060
577,169,1,273,10,-1,99999,-1,-1,-3,-1,1,3060
578,169,1,27,7,-1,99999,-1,-1,-3,-1,1,3060
579,169,1,1678,2,-1,99999,-1,-1,-3,-1,1,3060
580,169,1,114,6,-1,99999,-1,-1,-3,-1,1,3060
581,169,1,619,9,-1,99999,-1,-1,-3,-1,1,3060
582,169,1,1586,2,-1,99999,-1,-1,-3,-1,1,3060
583,169,1,529,5,-1,99999,-1,-1,-3,-1,1,3060
584,169,1,855,5,-1,99999,-1,-1,-3,-1,1,3060
585,169,1,48,2,-1,99999,-1,-1,-3,-1,1,3060
586,169,1,307,11,-1,99999,-1,-1,-3,-1,1,3060
587,170,1,1,8,-1,99999,-1,-1,-3,-1,1,3060
588,171,1,1768,4,-1,99999,-1,-1,-3,-1,1,3060
589,171,1,143,5,-1,99999,-1,-1,-3,-1,1,3060
590,172,1,115,8,-1,99999,-1,-1,-3,-1,1,3120
591,172,1,758,4,-1,99999,-1,-1,-3,-1,1,3120
592,173,1,1191,4,-1,99999,-1,-1,-3,-1,1,3120
593,173,1,1611,2,-1,99999,-1,-1,-3,-1,1,3120
594,173,1,441,4,-1,99999,-1,-1,-3,-1,1,3120
595,174,1,97,2,-1,99999,-1,-1,-3,-1,1,3120
596,174,1,979,3,-1,99999,-1,-1,-3,-1,1,3120
597,175,1,20,3,-1,99999,-1,-1,-3,-1,1,3120
598,176,1,1126,7,-1,99999,-1,-1,-3,-1,1,3120
599,176,1,1898,4,-1,99999,-1,-1,-3,-1,1,3120
600,176,1,29,10,-1,99999,-1,-1,-3,-1,1,3120
601,176,1,22,8,-1,99999,-1,-1,-3,-1,1,3120
602,177,1,680,8,-1,99999,-1,-1,-3,-1,1,3120
603,177,1,31,11,-1,99999,-1,-1,-3,-1,1,3120
604,177,1,11,3,-1,99999,-1,-1,-3,-1,1,3120
605,177,1,22,7,-1,99999,-1,-1,-3,-1,1,3120
606,177,1,335,8,-1,99999,-1,-1,-3,-1,1,3120
607,177,1,250,4,-1,99999,-1,-1,-3,-1,1,3120
608,177,1,916,2,-1,99999,-1,-1,-3,-1,1,3120
609,177,1,52,8,-1,99999,-1,-1,-3,-1,1,3120
610,178,1,54,5,-1,99999,-1,-1,-3,-1,1,3180
611,178,1,91,10,-1,99999,-1,-1,-3,-1,1,3180
612,178,1,381,2,-1,99999,-1,-1,-3,-1,1,3180
613,178,1,593,10,-1,99999,-1,-1,-3,-1,1,3180
614,178,1,99,12,-1,99999,-1,-1,-3,-1,1,3180
615,178,1,405,8,-1,99999,-1,-1,-3,-1,1,3180
616,179,1,11,6,-1,99999,-1,-1,-3,-1,1,3180
617,180,1,114,9,-1,99999,-1,-1,-3,-1,1,3180
618,181,1,2089,2,-1,99999,-1,-1,-3,-1,1,3180
619,182,1,1699,6,-1,99999,-1,-1,-3,-1,1,3240
620,182,1,126,3,-1,99999,-1,-1,-3,-1,1,3240
621,182,1,1685,2,-1,99999,-1,-1,-3,-1,1,3240
622,183,1,610,2,-1,99999,-1,-1,-3,-1,1,3240
623,183,1,808,2,-1,99999,-1,-1,-3,-1,1,3240
624,183,1,597,6,-1,99999,-1,-1,-3,-1,1,3240
625,183,1,177,2,-1,99999,-1,-1,-3,-1,1,3240
626,183,1,579,7,-1,99999,-1,-1,-3,-1,1,3240
627,183,1,1443,2,-1,99999,-1,-1,-3,-1,1,3240
628,183,1,21,1,-1,99999,-1,-1,-3,-1,1,3240
629,183,1,2189,2,-1,99999,-1,-1,-3,-1,1,3240
630,183,1,28,4,-1,99999,-1,-1,-3,-1,1,3240
631,184,1,197,1,-1,99999,-1,-1,-3,-1,1,3300
632,185,1,1250,5,-1,99999,-1,-1,-3,-1,1,3300
633,186,1,3,5,-1,99999,-1,-1,-3,-1,1,3300
634,186,1,413,10,-1,99999,-1,-1,-3,-1,1,3300
635,186,1,393,12,-1,99999,-1,-1,-3,-1,1,3300
636,187,1,30,6,-1,99999,-1,-1,-3,-1,1,3360
637,188,1,1961,4,-1,99999,-1,-1,-3,-1,1,3360
638,188,1,167,6,-1,99999,-1,-1,-3,-1,1,3360
639,188,1,61,5,-1,99999,-1,-1,-3,-1,1,3360
640,188,1,2838,3,-1,99999,-1,-1,-3,-1,1,3360
641,188,1,164,4,-1,99999,-1,-1,-3,-1,1,3360
642,189,1,57,9,-1,99999,-1,-1,-3,-1,1,3420
643,189,1,1031,8,-1,99999,-1,-1,-3,-1,1,3420
644,189,1,96,6,-1,99999,-1,-1,-3,-1,1,3420
645,189,1,56,8,-1,99999,-1,-1,-3,-1,1,3420
646,189,1,2923,2,-1,99999,-1,-1,-3,-1,1,3420
647,189,1,2425,1,-1,99999,-1,-1,-3,-1,1,3420
648,189,1,13,4,-1,99999,-1,-1,-3,-1,1,3420
649,189,1,1222,10,-1,99999,-1,-1,-3,-1,1,3420
650,189,1,231,4,-1,99999,-1,-1,-3,-1,1,3420
651,189,1,44,8,-1,99999,-1,-1,-3,-1,1,3420
652,189,1,527,3,-1,99999,-1,-1,-3,-1,1,3420
653,190,1,2059,2,-1,99999,-1,-1,-3,-1,1,3420
654,190,1,1511,3,-1,99999,-1,-1,-3,-1,1,3420
655,190,1,108,6,-1,99999,-1,-1,-3,-1,1,3420
656,190,1,2169,3,-1,99999,-1,-1,-3,-1,1,3420
657,190,1,43,11,-1,99999,-1,-1,-3,-1,1,3420
658,190,1,211,10,-1,99999,-1,-1,-3,-1,1,3420
659,191,1,189,6,-1,99999,-1,-1,-3,-1,1,3420
660,191,1,599,2,-1,99999,-1,-1,-3,-1,1,3420
661,191,1,322,10,-1,99999,-1,-1,-3,-1,1,3420
662,192,1,15,4,-1,99999,-1,-1,-3,-1,1,3480
663,192,1,347,9,-1,99999,-1,-1,-3,-1,1,3480
664,192,1,709,10,-1,99999,-1,-1,-3,-1,1,3480
665,193,1,252,9,-1,99999,-1,-1,-3,-1,1,3480
666,194,1,667,5,-1,99999,-1,-1,-3,-1,1,3480
667,195,1,286,6,-1,99999,-1,-1,-3,-1,1,3480
668,196,1,851,12,-1,99999,-1,-1,-3,-1,1,3540
669,197,1,1434,8,-1,99999,-1,-1,-3,-1,1,3540
670,197,1,286,12,-1,99999,-1,-1,-3,-1,1,3540
671,197,1,84,4,-1,99999,-1,-1,-3,-1,1,3540
672,197,1,18,4,-1,99999,-1,-1,-3,-1,1,3540
673,197,1,2028,2,-1,99999,-1,-1,-3,-1,1,3540
674,197,1,35,4,-1,99999,-1,-1,-3,-1,1,3540
675,197,1,229,10,-1,99999,-1,-1,-3,-1,1,3540
676,198,1,0,5,-1,99999,-1,-1,-3,-1,1,3600
677,199,1,20,7,-1,99999,-1,-1,-3,-1,1,3600
678,199,1,1365,2,-1,99999,-1,-1,-3,-1,1,3600
679,200,1,91,6,-1,99999,-1,-1,-3,-1,1,3600
680,200,1,181,4,-1,99999,-1,-1,-3,-1,1,3600
681,200,1,354,9,-1,99999,-1,-1,-3,-1,1,3600
682,200,1,71,10,-1,99999,-1,-1,-3,-1,1,3600
683,201,1,1276,11,-1,99999,-1,-1,-3,-1,1,3660
684,201,1,59,6,-1,99999,-1,-1,-3,-1,1,3660
685,201,1,2884,3,-1,99999,-1,-1,-3,-1,1,3660
686,201,1,127,12,-1,99999,-1,-1,-3,-1,1,3660
687,201,1,223,8,-1,99999,-1,-1,-3,-1,1,3660
688,201,1,1282,1,-1,99999,-1,-1,-3,-1,1,3660
689,202,1,222,7,-1,99999,-1,-1,-3,-1,1,3660
690,202,1,2671,4,-1,99999,-1,-1,-3,-1,1,3660
691,202,1,129,6,-1,99999,-1,-1,-3,-1,1,3660
692,202,1,198,3,-1,99999,-1,-1,-3,-1,1,3660
693,202,1,84,9,-1,99999,-1,-1,-3,-1,1,3660
694,202,1,80,7,-1,99999,-1,-1,-3,-1,1,3660
695,202,1,168,7,-1,99999,-1,-1,-3,-1,1,3660
696,202,1,10,6,-1,99999,-1,-1,-3,-1,1,3660
697,202,1,119,4,-1,99999,-1,-1,-3,-1,1,3660
698,203,1,279,3,-1,99999,-1,-1,-3,-1,1,3660
699,203,1,106,4,-1,99999,-1,-1,-3,-1,1,3660
700,203,1,1864,2,-1,99999,-1,-1,-3,-1,1,3660
701,203,1,658,3,-1,99999,-1,-1,-3,-1,1,3660
702,203,1,124,5,-1,99999,-1,-1,-3,-1,1,3660
703,203,1,940,8,-1,99999,-1,-1,-3,-1,1,3660
704,204,1,308,6,-1,99999,-1,-1,-3,-1,1,3660
705,204,1,1232,1,-1,99999,-1,-1,-3,-1,1,3660
706,205,1,433,3,-1,99999,-1,-1,-3,-1,1,3720
707,206,1,1816,3,-1,99999,-1,-1,-3,-1,1,3720
708,206,1,539,5,-1,99999,-1,-1,-3,-1,1,3720
709,207,1,280,12,-1,99999,-1,-1,-3,-1,1,3720
710,207,1,58,1,-1,99999,-1,-1,-3,-1,1,3720
711,208,1,473,1,-1,99999,-1,-1,-3,-1,1,3720
712,209,1,0,11,-1,99999,-1,-1,-3,-1,1,3780
713,209,1,53,2,-1,99999,-1,-1,-3,-1,1,3780
714,210,1,0,8,-1,99999,-1,-1,-3,-1,1,3780
715,210,1,28,8,-1,99999,-1,-1,-3,-1,1,3780
716,210,1,503,7,-1,99999,-1,-1,-3,-1,1,3780
717,210,1,186,4,-1,99999,-1,-1,-3,-1,1,3780
718,210,1,356,11,-1,99999,-1,-1,-3,-1,1,3780
719,210,1,6,2,-1,99999,-1,-1,-3,-1,1,3780
720,211,1,311,4,-1,99999,-1,-1,-3,-1,1,3900
721,212,1,642,7,-1,99999,-1,-1,-3,-1,1,3960
722,212,1,454,4,-1,99999,-1,-1,-3,-1,1,3960
723,212,1,269,12,-1,99999,-1,-1,-3,-1,1,3960
724,213,1,1007,6,-1,99999,-1,-1,-3,-1,1,3960
725,213,1,32,10,-1,99999,-1,-1,-3,-1,1,3960
726,213,1,2127,3,-1,99999,-1,-1,-3,-1,1,3960
727,213,1,566,6,-1,99999,-1,-1,-3,-1,1,3960
728,213,1,1122,6,-1,99999,-1,-1,-3,-1,1,3960
729,213,1,1,8,-1,99999,-1,-1,-3,-1,1,3960
730,214,1,1404,6,-1,99999,-1,-1,-3,-1,1,3960
731,214,1,342,6,-1,99999,-1,-1,-3,-1,1,3960
732,214,1,3026,4,-1,99999,-1,-1,-3,-1,1,3960
733,215,1,158,3,-1,99999,-1,-1,-3,-1,1,4020
734,216,1,951,2,-1,99999,-1,-1,-3,-1,1,4020
735,216,1,29,3,-1,99999,-1,-1,-3,-1,1,4020
736,217,1,69,4,-1,99999,-1,-1,-3,-1,1,4080
737,218,1,34,5,-1,99999,-1,-1,-3,-1,1,4080
738,219,1,82,5,-1,99999,-1,-1,-3,-1,1,4080
739,219,1,391,11,-1,99999,-1,-1,-3,-1,1,4080
740,219,1,689,10,-1,99999,-1,-1,-3,-1,1,4080
741,219,1,216,5,-1,99999,-1,-1,-3,-1,1,4080
742,219,1,24,4,-1,99999,-1,-1,-3,-1,1,4080
743,219,1,312,8,-1,99999,-1,-1,-3,-1,1,4080
744,220,1,3029,3,-1,99999,-1,-1,-3,-1,1,4080
745,221,1,79,12,-1,99999,-1,-1,-3,-1,1,4140
746,221,1,702,10,-1,99999,-1,-1,-3,-1,1,4140
747,221,1,2990,2,-1,99999,-1,-1,-3,-1,1,4140
748,222,1,0,4,-1,99999,-1,-1,-3,-1,1,4140
749,222,1,2444,3,-1,99999,-1,-1,-3,-1,1,4140
750,222,1,2800,3,-1,99999,-1,-1,-3,-1,1,4140
751,222,1,18,4,-1,99999,-1,-1,-3,-1,1,4140
752,223,1,374,8,-1,99999,-1,-1,-3,-1,1,4140
753,224,1,236,6,-1,99999,-1,-1,-3,-1,1,4200
754,225,1,469,2,-1,99999,-1,-1,-3,-1,1,4200
755,225,1,17,6,-1,99999,-1,-1,-3,-1,1,4200
756,225,1,1345,6,-1,99999,-1,-1,-3,-1,1,4200
757,225,1,854,6,-1,99999,-1,-1,-3,-1,1,4200
758,225,1,156,4,-1,99999,-1,-1,-3,-1,1,4200
759,226,1,1326,9,-1,99999,-1,-1,-3,-1,1,4200
760,227,1,398,8,-1,99999,-1,-1,-3,-1,1,4260
761,227,1,446,12,-1,99999,-1,-1,-3,-1,1,4260
762,228,1,4,10,-1,99999,-1,-1,-3,-1,1,4260
763,229,1,160,7,-1,99999,-1,-1,-3,-1,1,4260
764,230,1,1095,2,-1,99999,-1,-1,-3,-1,1,4320
765,230,1,316,6,-1,99999,-1,-1,-3,-1,1,4320
766,230,1,1148,6,-1,99999,-1,-1,-3,-1,1,4320
767,230,1,641,11,-1,99999,-1,-1,-3,-1,1,4320
768,230,1,1932,4,-1,99999,-1,-1,-3,-1,1,4320
769,230,1,675,7,-1,99999,-1,-1,-3,-1,1,4320
770,230,1,250,6,-1,99999,-1,-1,-3,-1,1,4320
771,230,1,60,8,-1,99999,-1,-1,-3,-1,1,4320
772,230,1,113,2,-1,99999,-1,-1,-3,-1,1,4320
773,230,1,792,7,-1,99999,-1,-1,-3,-1,1,4320
774,230,1,809,10,-1,99999,-1,-1,-3,-1,1,4320
775,230,1,149,5,-1,99999,-1,-1,-3,-1,1,4320
776,230,1,526,5,-1,99999,-1,-1,-3,-1,1,4320
777,230,1,23,6,-1,99999,-1,-1,-3,-1,1,4320
778,231,1,238,2,-1,99999,-1,-1,-3,-1,1,4320
779,231,1,311,10,-1,99999,-1,-1,-3,-1,1,4320
780,231,1,59,2,-1,99999,-1,-1,-3,-1,1,4320
781,232,1,303,5,-1,99999,-1,-1,-3,-1,1,4380
782,233,1,1,8,-1,99999,-1,-1,-3,-1,1,4440
783,233,1,63,8,-1,99999,-1,-1,-3,-1,1,4440
784,233,1,733,5,-1,99999,-1,-1,-3,-1,1,4440
785,233,1,115,2,-1,99999,-1,-1,-3,-1,1,4440
786,233,1,2619,1,-1,99999,-1,-1,-3,-1,1,4440
787,234,1,2201,2,-1,99999,-1,-1,-3,-1,1,4440
788,234,1,0,8,-1,99999,-1,-1,-3,-1,1,4440
789,235,1,120,11,-1,99999,-1,-1,-3,-1,1,4500
790,236,1,486,9,-1,99999,-1,-1,-3,-1,1,4500
791,237,1,34,4,-1,99999,-1,-1,-3,-1,1,4500
792,238,1,10,11,-1,99999,-1,-1,-3,-1,1,4560
793,239,1,267,5,-1,99999,-1,-1,-3,-1,1,4560
794,239,1,548,4,-1,99999,-1,-1,-3,-1,1,4560
795,239,1,484,9,-1,99999,-1,-1,-3,-1,1,4560
796,239,1,1700,2,-1,99999,-1,-1,-3,-1,1,4560
797,239,1,1092,6,-1,99999,-1,-1,-3,-1,1,4560
798,240,1,1196,8,-1,99999,-1,-1,-3,-1,1,4620
799,240,1,7,9,-1,99999,-1,-1,-3,-1,1,4620
800,240,1,63,4,-1,99999,-1,-1,-3,-1,1,4620
801,241,1,848,2,-1,99999,-1,-1,-3,-1,1,4620
802,242,1,250,6,-1,99999,-1,-1,-3,-1,1,4620
803,242,1,141,9,-1,99999,-1,-1,-3,-1,1,4620
804,242,1,144,6,-1,99999,-1,-1,-3,-1,1,4620
805,243,1,2355,3,-1,99999,-1,-1,-3,-1,1,4620
806,243,1,2348,3,-1,99999,-1,-1,-3,-1,1,4620
807,243,1,716,10,-1,99999,-1,-1,-3,-1,1,4620
808,244,1,7,5,-1,99999,-1,-1,-3,-1,1,4680
809,245,1,45,9,-1,99999,-1,-1,-3,-1,1,4740
810,245,1,4,7,-1,99999,-1,-1,-3,-1,1,4740
811,245,1,1077,6,-1,99999,-1,-1,-3,-1,1,4740
812,245,1,646,6,-1,99999,-1,-1,-3,-1,1,4740
813,246,1,1570,2,-1,99999,-1,-1,-3,-1,1,4740
814,246,1,1480,8,-1,99999,-1,-1,-3,-1,1,4740
815,247,1,103,5,-1,99999,-1,-1,-3,-1,1,4740
816,247,1,1760,2,-1,99999,-1,-1,-3,-1,1,4740
817,247,1,3070,2,-1,99999,-1,-1,-3,-1,1,4740
818,247,1,326,4,-1,99999,-1,-1,-3,-1,1,4740
819,247,1,9,2,-1,99999,-1,-1,-3,-1,1,4740
820,248,1,87,10,-1,99999,-1,-1,-3,-1,1,4740
821,248,1,790,7,-1,99999,-1,-1,-3,-1,1,4740
822,249,1,17,10,-1,99999,-1,-1,-3,-1,1,4740
823,250,1,1715,2,-1,99999,-1,-1,-3,-1,1,4800
824,250,1,2738,2,-1,99999,-1,-1,-3,-1,1,4800
825,250,1,205,4,-1,99999,-1,-1,-3,-1,1,4800
826,250,1,2352,1,-1,99999,-1,-1,-3,-1,1,4800
827,250,1,94,3,-1,99999,-1,-1,-3,-1,1,4800
828,250,1,761,4,-1,99999,-1,-1,-3,-1,1,4800
829,250,1,108,8,-1,99999,-1,-1,-3,-1,1,4800
830,250,1,152,6,-1,99999,-1,-1,-3,-1,1,4800
831,250,1,6,4,-1,99999,-1,-1,-3,-1,1,4800
832,250,1,2510,2,-1,99999,-1,-1,-3,-1,1,4800
833,250,1,187,6,-1,99999,-1,-1,-3,-1,1,4800
834,250,1,2965,2,-1,99999,-1,-1,-3,-1,1,4800
835,250,1,131,5,-1,99999,-1,-1,-3,-1,1,4800
836,250,1,1,8,-1,99999,-1,-1,-3,-1,1,4800
837,250,1,114,7,-1,99999,-1,-1,-3,-1,1,4800
838,250,1,3,9,-1,99999,-1,-1,-3,-1,1,4800
839,251,1,1,8,-1,99999,-1,-1,-3,-1,1,4800
840,251,1,87,5,-1,99999,-1,-1,-3,-1,1,4800
841,252,1,655,6,-1,99999,-1,-1,-3,-1,1,4800
842,252,1,1843,2,-1,99999,-1,-1,-3,-1,1,4800
843,252,1,369,4,-1,99999,-1,-1,-3,-1,1,4800
844,252,1,508,4,-1,99999,-1,-1,-3,-1,1,4800
845,252,1,1149,5,-1,99999,-1,-1,-3,-1,1,4800
846,253,1,438,9,-1,99999,-1,-1,-3,-1,1,4860
847,254,1,122,10,-1,99999,-1,-1,-3,-1,1,4920
848,254,1,233,9,-1,99999,-1,-1,-3,-1,1,4920
849,255,1,35,4,-1,99999,-1,-1,-3,-1,1,4920
850,255,1,861,6,-1,99999,-1,-1,-3,-1,1,4920
851,255,1,1732,3,-1,99999,-1,-1,-3,-1,1,4920
852,256,1,748,4,-1,99999,-1,-1,-3,-1,1,4920
853,257,1,143,7,-1,99999,-1,-1,-3,-1,1,4920
854,257,1,601,5,-1,99999,-1,-1,-3,-1,1,4920
855,257,1,4,11,-1,99999,-1,-1,-3,-1,1,4920
856,258,1,617,4,-1,99999,-1,-1,-3,-1,1,4980
857,259,1,991,2,-1,99999,-1,-1,-3,-1,1,4980
858,259,1,114,7,-1,99999,-1,-1,-3,-1,1,4980
859,259,1,538,4,-1,99999,-1,-1,-3,-1,1,4980
860,260,1,1673,2,-1,99999,-1,-1,-3,-1,1,4980
861,260,1,230,7,-1,99999,-1,-1,-3,-1,1,4980
862,260,1,6,6,-1,99999,-1,-1,-3,-1,1,4980
863,260,1,759,4,-1,99999,-1,-1,-3,-1,1,4980
864,260,1,479,6,-1,99999,-1,-1,-3,-1,1,4980
865,260,1,136,8,-1,99999,-1,-1,-3,-1,1,4980
866,260,1,1533,6,-1,99999,-1,-1,-3,-1,1,4980
867,260,1,991,6,-1,99999,-1,-1,-3,-1,1,4980
868,260,1,313,8,-1,99999,-1,-1,-3,-1,1,4980
869,260,1,1170,6,-1,99999,-1,-1,-3,-1,1,4980
870,260,1,8,8,-1,99999,-1,-1,-3,-1,1,4980
871,260,1,285,5,-1,99999,-1,-1,-3,-1,1,4980
872,261,1,20,6,-1,99999,-1,-1,-3,-1,1,5040
873,261,1,2171,4,-1,99999,-1,-1,-3,-1,1,5040
874,261,1,300,6,-1,99999,-1,-1,-3,-1,1,5040
875,262,1,639,3,-1,99999,-1,-1,-3,-1,1,5040
876,263,1,94,8,-1,99999,-1,-1,-3,-1,1,5100
877,263,1,1061,6,-1,99999,-1,-1,-3,-1,1,5100
878,263,1,201,2,-1,99999,-1,-1,-3,-1,1,5100
879,264,1,17,2,-1,99999,-1,-1,-3,-1,1,5100
880,265,1,155,9,-1,99999,-1,-1,-3,-1,1,5100
881,265,1,165,4,-1,99999,-1,-1,-3,-1,1,5100
882,266,1,46,12,-1,99999,-1,-1,-3,-1,1,5100
883,267,1,1141,5,-1,99999,-1,-1,-3,-1,1,5100
884,267,1,282,4,-1,99999,-1,-1,-3,-1,1,5100
885,267,1,291,12,-1,99999,-1,-1,-3,-1,1,5100
886,268,1,117,8,-1,99999,-1,-1,-3,-1,1,5100
887,269,1,112,2,-1,99999,-1,-1,-3,-1,1,5100
888,269,1,199,6,-1,99999,-1,-1,-3,-1,1,5100
889,270,1,17,5,-1,99999,-1,-1,-3,-1,1,5100
890,270,1,1022,8,-1,99999,-1,-1,-3,-1,1,5100
891,271,1,72,8,-1,99999,-1,-1,-3,-1,1,5100
892,271,1,1759,2,-1,99999,-1,-1,-3,-1,1,5100
893,271,1,0,3,-1,99999,-1,-1,-3,-1,1,5100
894,272,1,46,10,-1,99999,-1,-1,-3,-1,1,5100
895,272,1,2018,3,-1,99999,-1,-1,-3,-1,1,5100
896,272,1,40,10,-1,99999,-1,-1,-3,-1,1,5100
897,272,1,174,6,-1,99999,-1,-1,-3,-1,1,5100
898,273,1,96,6,-1,99999,-1,-1,-3,-1,1,5100
899,274,1,1,6,-1,99999,-1,-1,-3,-1,1,5160
900,274,1,957,6,-1,99999,-1,-1,-3,-1,1,5160
901,274,1,462,7,-1,99999,-1,-1,-3,-1,1,5160
902,274,1,425,7,-1,99999,-1,-1,-3,-1,1,5160
903,275,1,790,4,-1,99999,-1,-1,-3,-1,1,5160
904,275,1,384,8,-1,99999,-1,-1,-3,-1,1,5160
905,275,1,6,8,-1,99999,-1,-1,-3,-1,1,5160
906,276,1,1192,2,-1,99999,-1,-1,-3,-1,1,5160
907,276,1,44,12,-1,99999,-1,-1,-3,-1,1,5160
908,276,1,2619,4,-1,99999,-1,-1,-3,-1,1,5160
909,276,1,954,2,-1,99999,-1,-1,-3,-1,1,5160
910,277,1,750,8,-1,99999,-1,-1,-3,-1,1,5220
911,278,1,38,4,-1,99999,-1,-1,-3,-1,1,5220
912,279,1,168,6,-1,99999,-1,-1,-3,-1,1,5220
913,280,1,189,6,-1,99999,-1,-1,-3,-1,1,5220
914,280,1,298,2,-1,99999,-1,-1,-3,-1,1,5220
915,280,1,138,11,-1,99999,-1,-1,-3,-1,1,5220
916,281,1,700,8,-1,99999,-1,-1,-3,-1,1,5220
917,282,1,2267,2,-1,99999,-1,-1,-3,-1,1,5280
918,282,1,24,7,-1,99999,-1,-1,-3,-1,1,5280
919,282,1,475,6,-1,99999,-1,-1,-3,-1,1,5280
920,282,1,2086,2,-1,99999,-1,-1,-3,-1,1,5280
921,283,1,23,9,-1,99999,-1,-1,-3,-1,1,5280
922,284,1,89,6,-1,99999,-1,-1,-3,-1,1,5280
923,285,1,1723,4,-1,99999,-1,-1,-3,-1,1,5280
924,285,1,684,10,-1,99999,-1,-1,-3,-1,1,5280
925,285,1,1069,8,-1,99999,-1,-1,-3,-1,1,5280
926,285,1,88,1,-1,99999,-1,-1,-3,-1,1,5280
927,285,1,125,10,-1,99999,-1,-1,-3,-1,1,5280
928,285,1,1016,9,-1,99999,-1,-1,-3,-1,1,5280
929,285,1,260,10,-1,99999,-1,-1,-3,-1,1,5280
930,285,1,34,5,-1,99999,-1,-1,-3,-1,1,5280
931,285,1,389,6,-1,99999,-1,-1,-3,-1,1,5280
932,286,1,1336,11,-1,99999,-1,-1,-3,-1,1,5340
933,286,1,424,8,-1,99999,-1,-1,-3,-1,1,5340
934,286,1,975,9,-1,99999,-1,-1,-3,-1,1,5340
935,286,1,818,5,-1,99999,-1,-1,-3,-1,1,5340
936,286,1,2860,2,-1,99999,-1,-1,-3,-1,1,5340
937,286,1,464,8,-1,99999,-1,-1,-3,-1,1,5340
938,286,1,1344,12,-1,99999,-1,-1,-3,-1,1,5340
939,286,1,68,8,-1,99999,-1,-1,-3,-1,1,5340
940,286,1,39,3,-1,99999,-1,-1,-3,-1,1,5340
941,287,1,19,2,-1,99999,-1,-1,-3,-1,1,5400
942,287,1,921,12,-1,99999,-1,-1,-3,-1,1,5400
943,287,1,37,11,-1,99999,-1,-1,-3,-1,1,5400
944,287,1,2323,2,-1,99999,-1,-1,-3,-1,1,5400
945,287,1,178,6,-1,99999,-1,-1,-3,-1,1,5400
946,287,1,43,10,-1,99999,-1,-1,-3,-1,1,5400
947,287,1,273,12,-1,99999,-1,-1,-3,-1,1,5400
948,287,1,1574,11,-1,99999,-1,-1,-3,-1,1,5400
949,287,1,550,6,-1,99999,-1,-1,-3,-1,1,5400
950,287,1,305,9,-1,99999,-1,-1,-3,-1,1,5400
951,287,1,210,3,-1,99999,-1,-1,-3,-1,1,5400
952,287,1,195,1,-1,99999,-1,-1,-3,-1,1,5400
953,287,1,173,8,-1,99999,-1,-1,-3,-1,1,5400
954,287,1,314,7,-1,99999,-1,-1,-3,-1,1,5400
955,287,1,300,4,-1,99999,-1,-1,-3,-1,1,5400
956,287,1,1404,2,-1,99999,-1,-1,-3,-1,1,5400
957,287,1,22,8,-1,99999,-1,-1,-3,-1,1,5400
958,288,1,27,7,-1,99999,-1,-1,-3,-1,1,5400
959,288,1,845,6,-1,99999,-1,-1,-3,-1,1,5400
960,288,1,1258,6,-1,99999,-1,-1,-3,-1,1,5400
961,288,1,52,8,-1,99999,-1,-1,-3,-1,1,5400
962,288,1,45,5,-1,99999,-1,-1,-3,-1,1,5400
963,288,1,1559,4,-1,99999,-1,-1,-3,-1,1,5400
964,288,1,68,6,-1,99999,-1,-1,-3,-1,1,5400
965,289,1,460,10,-1,99999,-1,-1,-3,-1,1,5400
966,289,1,70,12,-1,99999,-1,-1,-3,-1,1,5400
967,290,1,558,6,-1,99999,-1,-1,-3,-1,1,5400
968,290,1,13,8,-1,99999,-1,-1,-3,-1,1,5400
969,290,1,127,7,-1,99999,-1,-1,-3,-1,1,5400
970,290,1,509,7,-1,99999,-1,-1,-3,-1,1,5400
971,290,1,570,7,-1,99999,-1,-1,-3,-1,1,5400
972,290,1,139,4,-1,99999,-1,-1,-3,-1,1,5400
973,290,1,141,12,-1,99999,-1,-1,-3,-1,1,5400
974,290,1,692,12,-1,99999,-1,-1,-3,-1,1,5400
975,290,1,2256,3,-1,99999,-1,-1,-3,-1,1,5400
976,291,1,68,4,-1,99999,-1,-1,-3,-1,1,5400
977,292,1,1085,5,-1,99999,-1,-1,-3,-1,1,5460
978,292,1,3,5,-1,99999,-1,-1,-3,-1,1,5460
979,293,1,103,4,-1,99999,-1,-1,-3,-1,1,5460
980,293,1,581,8,-1,99999,-1,-1,-3,-1,1,5460
981,294,1,441,10,-1,99999,-1,-1,-3,-1,1,5460
982,294,1,2207,2,-1,99999,-1,-1,-3,-1,1,5460
983,295,1,1356,8,-1,99999,-1,-1,-3,-1,1,5460
984,295,1,226,7,-1,99999,-1,-1,-3,-1,1,5460
985,296,1,937,8,-1,99999,-1,-1,-3,-1,1,5460
986,296,1,3084,2,-1,99999,-1,-1,-3,-1,1,5460
987,297,1,1681,4,-1,99999,-1,-1,-3,-1,1,5520
988,298,1,326,4,-1,99999,-1,-1,-3,-1,1,5520
989,298,1,2468,2,-1,99999,-1,-1,-3,-1,1,5520
990,298,1,350,5,-1,99999,-1,-1,-3,-1,1,5520
991,298,1,12,8,-1,99999,-1,-1,-3,-1,1,5520
992,299,1,1211,2,-1,99999,-1,-1,-3,-1,1,5580
993,299,1,244,4,-1,99999,-1,-1,-3,-1,1,5580
994,299,1,904,10,-1,99999,-1,-1,-3,-1,1,5580
995,299,1,117,5,-1,99999,-1,-1,-3,-1,1,5580
996,300,1,217,10,-1,99999,-1,-1,-3,-1,1,5580
997,300,1,0,5,-1,99999,-1,-1,-3,-1,1,5580
998,300,1,1059,4,-1,99999,-1,-1,-3,-1,1,5580
999,300,1,218,9,-1,99999,-1,-1,-3,-1,1,5580
1000,301,1,162,8,-1,99999,-1,-1,-3,-1,1,5580
1001,302,1,410,11,-1,99999,-1,-1,-3,-1,1,5580
1002,302,1,1567,2,-1,99999,-1,-1,-3,-1,1,5580
1003,303,1,43,4,-1,99999,-1,-1,-3,-1,1,5640
1004,304,1,1318,2,-1,99999,-1,-1,-3,-1,1,5640
1005,304,1,2536,2,-1,99999,-1,-1,-3,-1,1,5640
1006,304,1,2256,2,-1,99999,-1,-1,-3,-1,1,5640
1007,304,1,146,11,-1,99999,-1,-1,-3,-1,1,5640
1008,304,1,1756,4,-1,99999,-1,-1,-3,-1,1,5640
1009,304,1,1,11,-1,99999,-1,-1,-3,-1,1,5640
1010,304,1,199,7,-1,99999,-1,-1,-3,-1,1,5640
1011,304,1,141,8,-1,99999,-1,-1,-3,-1,1,5640
1012,304,1,172,2,-1,99999,-1,-1,-3,-1,1,5640
1013,305,1,60,7,-1,99999,-1,-1,-3,-1,1,5640
1014,306,1,1,3,-1,99999,-1,-1,-3,-1,1,5640
1015,306,1,154,12,-1,99999,-1,-1,-3,-1,1,5640
1016,306,1,24,6,-1,99999,-1,-1,-3,-1,1,5640
1017,306,1,105,4,-1,99999,-1,-1,-3,-1,1,5640
1018,306,1,140,2,-1,99999,-1,-1,-3,-1,1,5640
1019,307,1,1913,1,-1,99999,-1,-1,-3,-1,1,5640
1020,307,1,21,1,-1,99999,-1,-1,-3,-1,1,5640
1021,308,1,20,9,-1,99999,-1,-1,-3,-1,1,5700
1022,308,1,874,11,-1,99999,-1,-1,-3,-1,1,5700
1023,309,1,104,4,-1,99999,-1,-1,-3,-1,1,5700
1024,309,1,1696,2,-1,99999,-1,-1,-3,-1,1,5700
1025,310,1,129,2,-1,99999,-1,-1,-3,-1,1,5700
1026,310,1,85,5,-1,99999,-1,-1,-3,-1,1,5700
1027,310,1,2131,2,-1,99999,-1,-1,-3,-1,1,5700
1028,310,1,291,7,-1,99999,-1,-1,-3,-1,1,5700
1029,311,1,480,10,-1,99999,-1,-1,-3,-1,1,5700
1030,311,1,42,5,-1,99999,-1,-1,-3,-1,1,5700
1031,312,1,12,3,-1,99999,-1,-1,-3,-1,1,5760
1032,312,1,1301,2,-1,99999,-1,-1,-3,-1,1,5760
1033,313,1,4,6,-1,99999,-1,-1,-3,-1,1,5760
1034,313,1,50,8,-1,99999,-1,-1,-3,-1,1,5760
1035,314,1,2312,1,-1,99999,-1,-1,-3,-1,1,5760
1036,315,1,1827,1,-1,99999,-1,-1,-3,-1,1,5760
1037,315,1,515,6,-1,99999,-1,-1,-3,-1,1,5760
1038,315,1,103,8,-1,99999,-1,-1,-3,-1,1,5760
1039,316,1,474,4,-1,99999,-1,-1,-3,-1,1,5820
1040,317,1,354,10,-1,99999,-1,-1,-3,-1,1,5820
1041,317,1,677,10,-1,99999,-1,-1,-3,-1,1,5820
1042,317,1,184,2,-1,99999,-1,-1,-3,-1,1,5820
1043,318,1,18,11,-1,99999,-1,-1,-3,-1,1,5820
1044,318,1,341,8,-1,99999,-1,-1,-3,-1,1,5820
1045,318,1,15,5,-1,99999,-1,-1,-3,-1,1,5820
1046,319,1,311,6,-1,99999,-1,-1,-3,-1,1,5880
1047,319,1,265,11,-1,99999,-1,-1,-3,-1,1,5880
1048,319,1,2198,2,-1,99999,-1,-1,-3,-1,1,5880
1049,319,1,269,6,-1,99999,-1,-1,-3,-1,1,5880
1050,320,1,3088,4,-1,99999,-1,-1,-3,-1,1,5940
1051,320,1,853,8,-1,99999,-1,-1,-3,-1,1,5940
1052,321,1,1679,4,-1,99999,-1,-1,-3,-1,1,5940
1053,321,1,28,8,-1,99999,-1,-1,-3,-1,1,5940
1054,321,1,1368,6,-1,99999,-1,-1,-3,-1,1,5940
1055,321,1,66,8,-1,99999,-1,-1,-3,-1,1,5940
1056,321,1,33,1,-1,99999,-1,-1,-3,-1,1,5940
1057,322,1,19,9,-1,99999,-1,-1,-3,-1,1,6000
1058,323,1,837,5,-1,99999,-1,-1,-3,-1,1,6000
1059,323,1,39,4,-1,99999,-1,-1,-3,-1,1,6000
1060,323,1,183,6,-1,99999,-1,-1,-3,-1,1,6000
1061,323,1,752,4,-1,99999,-1,-1,-3,-1,1,6000
1062,323,1,160,5,-1,99999,-1,-1,-3,-1,1,6000
1063,323,1,2342,2,-1,99999,-1,-1,-3,-1,1,6000
1064,323,1,1069,4,-1,99999,-1,-1,-3,-1,1,6000
1065,324,1,183,7,-1,99999,-1,-1,-3,-1,1,6000
1066,324,1,908,3,-1,99999,-1,-1,-3,-1,1,6000
1067,325,1,1786,2,-1,99999,-1,-1,-3,-1,1,6060
1068,325,1,214,7,-1,99999,-1,-1,-3,-1,1,6060
1069,325,1,2085,2,-1,99999,-1,-1,-3,-1,1,6060
1070,325,1,193,6,-1,99999,-1,-1,-3,-1,1,6060
1071,326,1,28,1,-1,99999,-1,-1,-3,-1,1,6060
1072,326,1,109,6,-1,99999,-1,-1,-3,-1,1,6060
1073,326,1,1411,4,-1,99999,-1,-1,-3,-1,1,6060
1074,326,1,539,7,-1,99999,-1,-1,-3,-1,1,6060
1075,327,1,13,9,-1,99999,-1,-1,-3,-1,1,6060
1076,327,1,199,9,-1,99999,-1,-1,-3,-1,1,6060
1077,327,1,481,7,-1,99999,-1,-1,-3,-1,1,6060
1078,327,1,2743,4,-1,99999,-1,-1,-3,-1,1,6060
1079,327,1,1393,2,-1,99999,-1,-1,-3,-1,1,6060
1080,327,1,2462,4,-1,99999,-1,-1,-3,-1,1,6060
1081,327,1,19,9,-1,99999,-1,-1,-3,-1,1,6060
1082,327,1,74,8,-1,99999,-1,-1,-3,-1,1,6060
1083,327,1,160,8,-1,99999,-1,-1,-3,-1,1,6060
1084,327,1,846,6,-1,99999,-1,-1,-3,-1,1,6060
1085,327,1,377,6,-1,99999,-1,-1,-3,-1,1,6060
1086,328,1,40,9,-1,99999,-1,-1,-3,-1,1,6060
1087,328,1,985,2,-1,99999,-1,-1,-3,-1,1,6060
1088,329,1,3007,3,-1,99999,-1,-1,-3,-1,1,6120
1089,329,1,2,10,-1,99999,-1,-1,-3,-1,1,6120
1090,329,1,1,8,-1,99999,-1,-1,-3,-1,1,6120
1091,330,1,2723,2,-1,99999,-1,-1,-3,-1,1,6120
1092,330,1,168,4,-1,99999,-1,-1,-3,-1,1,6120
1093,330,1,162,8,-1,99999,-1,-1,-3,-1,1,6120
1094,331,1,702,9,-1,99999,-1,-1,-3,-1,1,6120
1095,331,1,516,10,-1,99999,-1,-1,-3,-1,1,6120
1096,331,1,1961,3,-1,99999,-1,-1,-3,-1,1,6120
1097,332,1,228,6,-1,99999,-1,-1,-3,-1,1,6120
1098,332,1,45,4,-1,99999,-1,-1,-3,-1,1,6120
1099,332,1,303,6,-1,99999,-1,-1,-3,-1,1,6120
1100,333,1,124,4,-1,99999,-1,-1,-3,-1,1,6180
1101,334,1,1323,3,-1,99999,-1,-1,-3,-1,1,6180
1102,334,1,16,6,-1,99999,-1,-1,-3,-1,1,6180
1103,335,1,131,9,-1,99999,-1,-1,-3,-1,1,6180
1104,335,1,868,11,-1,99999,-1,-1,-3,-1,1,6180
1105,336,1,49,12,-1,99999,-1,-1,-3,-1,1,6180
1106,336,1,179,5,-1,99999,-1,-1,-3,-1,1,6180
1107,336,1,61,10,-1,99999,-1,-1,-3,-1,1,6180
1108,336,1,68,12,-1,99999,-1,-1,-3,-1,1,6180
1109,336,1,775,5,-1,99999,-1,-1,-3,-1,1,6180
1110,337,1,1099,3,-1,99999,-1,-1,-3,-1,1,6180
1111,338,1,1242,7,-1,99999,-1,-1,-3,-1,1,6180
1112,339,1,74,7,-1,99999,-1,-1,-3,-1,1,6180
1113,339,1,192,12,-1,99999,-1,-1,-3,-1,1,6180
1114,340,1,614,2,-1,99999,-1,-1,-3,-1,1,6240
1115,341,1,704,3,-1,99999,-1,-1,-3,-1,1,6240
1116,341,1,28,9,-1,99999,-1,-1,-3,-1,1,6240
1117,341,1,18,2,-1,99999,-1,-1,-3,-1,1,6240
1118,342,1,1632,10,-1,99999,-1,-1,-3,-1,1,6240
1119,343,1,627,3,-1,99999,-1,-1,-3,-1,1,6240
1120,344,1,392,12,-1,99999,-1,-1,-3,-1,1,6300
1121,344,1,982,4,-1,99999,-1,-1,-3,-1,1,6300
1122,345,1,2718,2,-1,99999,-1,-1,-3,-1,1,6300
1123,345,1,1392,4,-1,99999,-1,-1,-3,-1,1,6300
1124,345,1,211,2,-1,99999,-1,-1,-3,-1,1,6300
1125,346,1,648,8,-1,99999,-1,-1,-3,-1,1,6300
1126,347,1,1863,3,-1,99999,-1,-1,-3,-1,1,6300
1127,347,1,1611,2,-1,99999,-1,-1,-3,-1,1,6300
1128,347,1,78,2,-1,99999,-1,-1,-3,-1,1,6300
1129,347,1,1826,2,-1,99999,-1,-1,-3,-1,1,6300
1130,347,1,652,5,-1,99999,-1,-1,-3,-1,1,6300
1131,348,1,230,12,-1,99999,-1,-1,-3,-1,1,6300
1132,348,1,18,1,-1,99999,-1,-1,-3,-1,1,6300
1133,348,1,877,2,-1,99999,-1,-1,-3,-1,1,6300
1134,348,1,521,4,-1,99999,-1,-1,-3,-1,1,6300
1135,348,1,35,11,-1,99999,-1,-1,-3,-1,1,6300
1136,348,1,2299,3,-1,99999,-1,-1,-3,-1,1,6300
1137,348,1,219,1,-1,99999,-1,-1,-3,-1,1,6300
1138,348,1,0,4,-1,99999,-1,-1,-3,-1,1,6300
1139,348,1,1688,3,-1,99999,-1,-1,-3,-1,1,6300
1140,348,1,792,6,-1,99999,-1,-1,-3,-1,1,6300
1141,349,1,101,10,-1,99999,-1,-1,-3,-1,1,6300
1142,349,1,34,6,-1,99999,-1,-1,-3,-1,1,6300
1143,350,1,996,7,-1,99999,-1,-1,-3,-1,1,6420
1144,351,1,229,4,-1,99999,-1,-1,-3,-1,1,6420
1145,351,1,1053,1,-1,99999,-1,-1,-3,-1,1,6420
1146,352,1,398,6,-1,99999,-1,-1,-3,-1,1,6420
1147,352,1,456,9,-1,99999,-1,-1,-3,-1,1,6420
1148,352,1,15,8,-1,99999,-1,-1,-3,-1,1,6420
1149,353,1,430,6,-1,99999,-1,-1,-3,-1,1,6420
1150,353,1,603,8,-1,99999,-1,-1,-3,-1,1,6420
1151,353,1,1049,5,-1,99999,-1,-1,-3,-1,1,6420
1152,353,1,2578,2,-1,99999,-1,-1,-3,-1,1,6420
1153,353,1,64,3,-1,99999,-1,-1,-3,-1,1,6420
1154,353,1,446,9,-1,99999,-1,-1,-3,-1,1,6420
1155,354,1,167,3,-1,99999,-1,-1,-3,-1,1,6420
1156,354,1,236,8,-1,99999,-1,-1,-3,-1,1,6420
1157,355,1,1313,8,-1,99999,-1,-1,-3,-1,1,6420
1158,356,1,120,9,-1,99999,-1,-1,-3,-1,1,6480
1159,356,1,143,6,-1,99999,-1,-1,-3,-1,1,6480
1160,356,1,2914,4,-1,99999,-1,-1,-3,-1,1,6480
1161,357,1,2,2,-1,99999,-1,-1,-3,-1,1,6480
1162,357,1,1753,10,-1,99999,-1,-1,-3,-1,1,6480
1163,357,1,11,7,-1,99999,-1,-1,-3,-1,1,6480
1164,357,1,428,10,-1,99999,-1,-1,-3,-1,1,6480
1165,357,1,822,2,-1,99999,-1,-1,-3,-1,1,6480
1166,357,1,1594,5,-1,99999,-1,-1,-3,-1,1,6480
1167,357,1,185,4,-1,99999,-1,-1,-3,-1,1,6480
1168,358,1,194,6,-1,99999,-1,-1,-3,-1,1,6480
1169,359,1,3,6,-1,99999,-1,-1,-3,-1,1,6540
1170,360,1,96,6,-1,99999,-1,-1,-3,-1,1,6540
1171,361,1,57,9,-1,99999,-1,-1,-3,-1,1,6540
1172,362,1,0,4,-1,99999,-1,-1,-3,-1,1,6540
1173,363,1,3,2,-1,99999,-1,-1,-3,-1,1,6540
1174,363,1,216,4,-1,99999,-1,-1,-3,-1,1,6540
1175,363,1,685,3,-1,99999,-1,-1,-3,-1,1,6540
1176,363,1,128,12,-1,99999,-1,-1,-3,-1,1,6540
1177,363,1,492,4,-1,99999,-1,-1,-3,-1,1,6540
1178,363,1,6,6,-1,99999,-1,-1,-3,-1,1,6540
1179,364,1,584,2,-1,99999,-1,-1,-3,-1,1,6540
1180,364,1,215,12,-1,99999,-1,-1,-3,-1,1,6540
1181,364,1,2184,2,-1,99999,-1,-1,-3,-1,1,6540
1182,365,1,26,4,-1,99999,-1,-1,-3,-1,1,6540
1183,365,1,682,3,-1,99999,-1,-1,-3,-1,1,6540
1184,366,1,845,6,-1,99999,-1,-1,-3,-1,1,6600
1185,366,1,1341,4,-1,99999,-1,-1,-3,-1,1,6600
1186,366,1,1290,1,-1,99999,-1,-1,-3,-1,1,6600
1187,366,1,761,5,-1,99999,-1,-1,-3,-1,1,6600
1188,366,1,1086,9,-1,99999,-1,-1,-3,-1,1,6600
1189,366,1,1190,6,-1,99999,-1,-1,-3,-1,1,6600
1190,366,1,2599,2,-1,99999,-1,-1,-3,-1,1,6600
1191,366,1,456,8,-1,99999,-1,-1,-3,-1,1,6600
1192,366,1,71,10,-1,99999,-1,-1,-3,-1,1,6600
1193,366,1,674,8,-1,99999,-1,-1,-3,-1,1,6600
1194,366,1,253,8,-1,99999,-1,-1,-3,-1,1,6600
1195,366,1,2124,2,-1,99999,-1,-1,-3,-1,1,6600
1196,366,1,101,10,-1,99999,-1,-1,-3,-1,1,6600
1197,366,1,165,7,-1,99999,-1,-1,-3,-1,1,6600
1198,366,1,842,4,-1,99999,-1,-1,-3,-1,1,6600
1199,366,1,517,9,-1,99999,-1,-1,-3,-1,1,6600
1200,366,1,111,12,-1,99999,-1,-1,-3,-1,1,6600
1201,367,1,479,6,-1,99999,-1,-1,-3,-1,1,6600
1202,367,1,686,6,-1,99999,-1,-1,-3,-1,1,6600
1203,367,1,49,2,-1,99999,-1,-1,-3,-1,1,6600
1204,367,1,1447,6,-1,99999,-1,-1,-3,-1,1,6600
1205,367,1,65,9,-1,99999,-1,-1,-3,-1,1,6600
1206,367,1,1193,8,-1,99999,-1,-1,-3,-1,1,6600
1207,368,1,3,8,-1,99999,-1,-1,-3,-1,1,6600
1208,368,1,306,7,-1,99999,-1,-1,-3,-1,1,6600
1209,368,1,153,7,-1,99999,-1,-1,-3,-1,1,6600
1210,368,1,2287,2,-1,99999,-1,-1,-3,-1,1,6600
1211,368,1,73,4,-1,99999,-1,-1,-3,-1,1,6600
1212,368,1,1529,2,-1,99999,-1,-1,-3,-1,1,6600
1213,368,1,2,4,-1,99999,-1,-1,-3,-1,1,6600
1214,368,1,291,4,-1,99999,-1,-1,-3,-1,1,6600
1215,369,1,0,6,-1,99999,-1,-1,-3,-1,1,6600
1216,370,1,222,5,-1,99999,-1,-1,-3,-1,1,6600
1217,371,1,72,6,-1,99999,-1,-1,-3,-1,1,6600
1218,371,1,316,3,-1,99999,-1,-1,-3,-1,1,6600
1219,371,1,537,7,-1,99999,-1,-1,-3,-1,1,6600
1220,371,1,25,5,-1,99999,-1,-1,-3,-1,1,6600
1221,371,1,350,6,-1,99999,-1,-1,-3,-1,1,6600
1222,371,1,907,7,-1,99999,-1,-1,-3,-1,1,6600
1223,371,1,110,6,-1,99999,-1,-1,-3,-1,1,6600
1224,371,1,17,8,-1,99999,-1,-1,-3,-1,1,6600
1225,371,1,175,12,-1,99999,-1,-1,-3,-1,1,6600
1226,371,1,18,4,-1,99999,-1,-1,-3,-1,1,6600
1227,371,1,1482,2,-1,99999,-1,-1,-3,-1,1,6600
1228,371,1,1121,6,-1,99999,-1,-1,-3,-1,1,6600
1229,371,1,563,4,-1,99999,-1,-1,-3,-1,1,6600
1230,372,1,344,8,-1,99999,-1,-1,-3,-1,1,6720
1231,372,1,653,6,-1,99999,-1,-1,-3,-1,1,6720
1232,372,1,922,4,-1,99999,-1,-1,-3,-1,1,6720
1233,372,1,383,9,-1,99999,-1,-1,-3,-1,1,6720
1234,372,1,21,12,-1,99999,-1,-1,-3,-1,1,6720
1235,373,1,35,11,-1,99999,-1,-1,-3,-1,1,6720
1236,374,1,2607,2,-1,99999,-1,-1,-3,-1,1,6720
1237,374,1,1892,2,-1,99999,-1,-1,-3,-1,1,6720
1238,374,1,636,8,-1,99999,-1,-1,-3,-1,1,6720
1239,374,1,2007,2,-1,99999,-1,-1,-3,-1,1,6720
1240,375,1,1782,2,-1,99999,-1,-1,-3,-1,1,6720
1241,375,1,64,10,-1,99999,-1,-1,-3,-1,1,6720
1242,376,1,92,8,-1,99999,-1,-1,-3,-1,1,6780
1243,376,1,88,8,-1,99999,-1,-1,-3,-1,1,6780
1244,377,1,0,7,-1,99999,-1,-1,-3,-1,1,6780
1245,377,1,1153,4,-1,99999,-1,-1,-3,-1,1,6780
1246,377,1,182,3,-1,99999,-1,-1,-3,-1,1,6780
1247,378,1,612,3,-1,99999,-1,-1,-3,-1,1,6780
1248,379,1,127,11,-1,99999,-1,-1,-3,-1,1,6780
1249,379,1,0,2,-1,99999,-1,-1,-3,-1,1,6780
1250,380,1,1352,8,-1,99999,-1,-1,-3,-1,1,6780
1251,380,1,315,6,-1,99999,-1,-1,-3,-1,1,6780
1252,380,1,140,12,-1,99999,-1,-1,-3,-1,1,6780
1253,381,1,4,2,-1,99999,-1,-1,-3,-1,1,6840
1254,381,1,18,5,-1,99999,-1,-1,-3,-1,1,6840
1255,382,1,462,6,-1,99999,-1,-1,-3,-1,1,6900
1256,383,1,82,5,-1,99999,-1,-1,-3,-1,1,6900
1257,383,1,1258,4,-1,99999,-1,-1,-3,-1,1,6900
1258,384,1,58,6,-1,99999,-1,-1,-3,-1,1,6960
1259,385,1,1900,1,-1,99999,-1,-1,-3,-1,1,7020
1260,385,1,217,9,-1,99999,-1,-1,-3,-1,1,7020
1261,385,1,569,3,-1,99999,-1,-1,-3,-1,1,7020
1262,385,1,1407,8,-1,99999,-1,-1,-3,-1,1,7020
1263,385,1,547,6,-1,99999,-1,-1,-3,-1,1,7020
1264,386,1,125,8,-1,99999,-1,-1,-3,-1,1,7020
1265,387,1,1637,1,-1,99999,-1,-1,-3,-1,1,7020
1266,387,1,29,9,-1,99999,-1,-1,-3,-1,1,7020
1267,388,1,672,1,-1,99999,-1,-1,-3,-1,1,7080
1268,388,1,533,5,-1,99999,-1,-1,-3,-1,1,7080
1269,389,1,15,12,-1,99999,-1,-1,-3,-1,1,7080
1270,389,1,102,4,-1,99999,-1,-1,-3,-1,1,7080
1271,389,1,1487,4,-1,99999,-1,-1,-3,-1,1,7080
1272,389,1,1780,3,-1,99999,-1,-1,-3,-1,1,7080
1273,390,1,1843,2,-1,99999,-1,-1,-3,-1,1,7080
1274,390,1,152,6,-1,99999,-1,-1,-3,-1,1,7080
1275,390,1,0,2,-1,99999,-1,-1,-3,-1,1,7080
1276,391,1,1,6,-1,99999,-1,-1,-3,-1,1,7080
1277,391,1,656,4,-1,99999,-1,-1,-3,-1,1,7080
1278,392,1,2851,3,-1,99999,-1,-1,-3,-1,1,7140
1279,393,1,1655,4,-1,99999,-1,-1,-3,-1,1,7140
1280,393,1,462,6,-1,99999,-1,-1,-3,-1,1,7140
1281,393,1,773,8,-1,99999,-1,-1,-3,-1,1,7140
1282,394,1,684,8,-1,99999,-1,-1,-3,-1,1,7140
1283,394,1,8,12,-1,99999,-1,-1,-3,-1,1,7140
1284,394,1,389,6,-1,99999,-1,-1,-3,-1,1,7140
1285,394,1,534,2,-1,99999,-1,-1,-3,-1,1,7140
1286,394,1,139,2,-1,99999,-1,-1,-3,-1,1,7140
1287,395,1,57,6,-1,99999,-1,-1,-3,-1,1,7140
1288,395,1,82,6,-1,99999,-1,-1,-3,-1,1,7140
1289,396,1,339,10,-1,99999,-1,-1,-3,-1,1,7140
1290,396,1,115,2,-1,99999,-1,-1,-3,-1,1,7140
1291,396,1,583,7,-1,99999,-1,-1,-3,-1,1,7140
1292,397,1,783,6,-1,99999,-1,-1,-3,-1,1,7140
1293,398,1,265,4,-1,99999,-1,-1,-3,-1,1,7140
1294,398,1,240,6,-1,99999,-1,-1,-3,-1,1,7140
1295,398,1,26,12,-1,99999,-1,-1,-3,-1,1,7140
1296,399,1,1,8,-1,99999,-1,-1,-3,-1,1,7200
1297,399,1,436,4,-1,99999,-1,-1,-3,-1,1,7200
1298,399,1,52,5,-1,99999,-1,-1,-3,-1,1,7200
1299,399,1,452,11,-1,99999,-1,-1,-3,-1,1,7200
1300,399,1,742,2,-1,99999,-1,-1,-3,-1,1,7200
1301,400,1,99,10,-1,99999,-1,-1,-3,-1,1,7260
1302,400,1,51,8,-1,99999,-1,-1,-3,-1,1,7260
1303,400,1,150,4,-1,99999,-1,-1,-3,-1,1,7260
1304,400,1,874,4,-1,99999,-1,-1,-3,-1,1,7260
1305,400,1,110,6,-1,99999,-1,-1,-3,-1,1,7260
1306,400,1,1379,12,-1,99999,-1,-1,-3,-1,1,7260
1307,401,1,364,12,-1,99999,-1,-1,-3,-1,1,7260
1308,401,1,1,9,-1,99999,-1,-1,-3,-1,1,7260
1309,401,1,83,4,-1,99999,-1,-1,-3,-1,1,7260
1310,401,1,494,6,-1,99999,-1,-1,-3,-1,1,7260
1311,401,1,6,4,-1,99999,-1,-1,-3,-1,1,7260
1312,401,1,1006,5,-1,99999,-1,-1,-3,-1,1,7260
1313,401,1,82,5,-1,99999,-1,-1,-3,-1,1,7260
1314,401,1,359,7,-1,99999,-1,-1,-3,-1,1,7260
1315,401,1,1116,6,-1,99999,-1,-1,-3,-1,1,7260
1316,401,1,654,10,-1,99999,-1,-1,-3,-1,1,7260
1317,402,1,277,7,-1,99999,-1,-1,-3,-1,1,7260
1318,402,1,187,5,-1,99999,-1,-1,-3,-1,1,7260
1319,403,1,191,2,-1,99999,-1,-1,-3,-1,1,7260
1320,403,1,1960,2,-1,99999,-1,-1,-3,-1,1,7260
1321,403,1,136,10,-1,99999,-1,-1,-3,-1,1,7260
1322,404,1,8,9,-1,99999,-1,-1,-3,-1,1,7260
1323,405,1,120,9,-1,99999,-1,-1,-3,-1,1,7260
1324,405,1,57,11,-1,99999,-1,-1,-3,-1,1,7260
1325,405,1,207,10,-1,99999,-1,-1,-3,-1,1,7260
1326,406,1,1492,2,-1,99999,-1,-1,-3,-1,1,7260
1327,406,1,564,12,-1,99999,-1,-1,-3,-1,1,7260
1328,406,1,1271,5,-1,99999,-1,-1,-3,-1,1,7260
1329,406,1,2774,2,-1,99999,-1,-1,-3,-1,1,7260
1330,406,1,4,8,-1,99999,-1,-1,-3,-1,1,7260
1331,406,1,136,6,-1,99999,-1,-1,-3,-1,1,7260
1332,406,1,78,4,-1,99999,-1,-1,-3,-1,1,7260
1333,406,1,982,5,-1,99999,-1,-1,-3,-1,1,7260
1334,406,1,990,7,-1,99999,-1,-1,-3,-1,1,7260
1335,406,1,241,2,-1,99999,-1,-1,-3,-1,1,7260
1336,407,1,477,6,-1,99999,-1,-1,-3,-1,1,7320
1337,407,1,30,6,-1,99999,-1,-1,-3,-1,1,7320
1338,407,1,2089,3,-1,99999,-1,-1,-3,-1,1,7320
1339,407,1,823,11,-1,99999,-1,-1,-3,-1,1,7320
1340,408,1,44,4,-1,99999,-1,-1,-3,-1,1,7320
1341,408,1,290,11,-1,99999,-1,-1,-3,-1,1,7320
1342,408,1,153,12,-1,99999,-1,-1,-3,-1,1,7320
1343,409,1,52,7,-1,99999,-1,-1,-3,-1,1,7380
1344,410,1,33,3,-1,99999,-1,-1,-3,-1,1,7380
1345,410,1,49,2,-1,99999,-1,-1,-3,-1,1,7380
1346,410,1,673,6,-1,99999,-1,-1,-3,-1,1,7380
1347,411,1,18,6,-1,99999,-1,-1,-3,-1,1,7440
1348,411,1,148,3,-1,99999,-1,-1,-3,-1,1,7440
1349,411,1,9,4,-1,99999,-1,-1,-3,-1,1,7440
1350,412,1,85,3,-1,99999,-1,-1,-3,-1,1,7440
1351,412,1,981,6,-1,99999,-1,-1,-3,-1,1,7440
1352,412,1,49,3,-1,99999,-1,-1,-3,-1,1,7440
1353,412,1,1318,2,-1,99999,-1,-1,-3,-1,1,7440
1354,412,1,122,8,-1,99999,-1,-1,-3,-1,1,7440
1355,412,1,449,2,-1,99999,-1,-1,-3,-1,1,7440
1356,412,1,27,12,-1,99999,-1,-1,-3,-1,1,7440
1357,412,1,342,6,-1,99999,-1,-1,-3,-1,1,7440
1358,412,1,12,2,-1,99999,-1,-1,-3,-1,1,7440
1359,413,1,207,10,-1,99999,-1,-1,-3,-1,1,7440
1360,414,1,87,6,-1,99999,-1,-1,-3,-1,1,7500
1361,414,1,297,8,-1,99999,-1,-1,-3,-1,1,7500
1362,414,1,864,8,-1,99999,-1,-1,-3,-1,1,7500
1363,414,1,1666,2,-1,99999,-1,-1,-3,-1,1,7500
1364,415,1,1075,6,-1,99999,-1,-1,-3,-1,1,7500
1365,415,1,184,10,-1,99999,-1,-1,-3,-1,1,7500
1366,415,1,885,8,-1,99999,-1,-1,-3,-1,1,7500
1367,415,1,28,6,-1,99999,-1,-1,-3,-1,1,7500
1368,415,1,57,4,-1,99999,-1,-1,-3,-1,1,7500
1369,416,1,713,7,-1,99999,-1,-1,-3,-1,1,7500
1370,417,1,199,7,-1,99999,-1,-1,-3,-1,1,7560
1371,417,1,988,2,-1,99999,-1,-1,-3,-1,1,7560
1372,417,1,518,8,-1,99999,-1,-1,-3,-1,1,7560
1373,418,1,41,8,-1,99999,-1,-1,-3,-1,1,7560
1374,418,1,169,4,-1,99999,-1,-1,-3,-1,1,7560
1375,418,1,78,4,-1,99999,-1,-1,-3,-1,1,7560
1376,418,1,9,5,-1,99999,-1,-1,-3,-1,1,7560
1377,418,1,2300,1,-1,99999,-1,-1,-3,-1,1,7560
1378,419,1,964,4,-1,99999,-1,-1,-3,-1,1,7620
1379,419,1,48,8,-1,99999,-1,-1,-3,-1,1,7620
1380,419,1,208,4,-1,99999,-1,-1,-3,-1,1,7620
1381,419,1,1525,10,-1,99999,-1,-1,-3,-1,1,7620
1382,420,1,1645,8,-1,99999,-1,-1,-3,-1,1,7680
1383,421,1,423,7,-1,99999,-1,-1,-3,-1,1,7680
1384,422,1,1507,2,-1,99999,-1,-1,-3,-1,1,7680
1385,422,1,2449,4,-1,99999,-1,-1,-3,-1,1,7680
1386,423,1,544,6,-1,99999,-1,-1,-3,-1,1,7680
1387,423,1,144,8,-1,99999,-1,-1,-3,-1,1,7680
1388,423,1,991,10,-1,99999,-1,-1,-3,-1,1,7680
1389,423,1,17,8,-1,99999,-1,-1,-3,-1,1,7680
1390,423,1,1949,2,-1,99999,-1,-1,-3,-1,1,7680
1391,423,1,857,9,-1,99999,-1,-1,-3,-1,1,7680
1392,423,1,2965,2,-1,99999,-1,-1,-3,-1,1,7680
1393,423,1,269,8,-1,99999,-1,-1,-3,-1,1,7680
1394,423,1,745,8,-1,99999,-1,-1,-3,-1,1,7680
1395,423,1,50,5,-1,99999,-1,-1,-3,-1,1,7680
1396,424,1,37,9,-1,99999,-1,-1,-3,-1,1,7680
1397,424,1,309,10,-1,99999,-1,-1,-3,-1,1,7680
1398,424,1,190,4,-1,99999,-1,-1,-3,-1,1,7680
1399,425,1,87,6,-1,99999,-1,-1,-3,-1,1,7740
1400,426,1,210,4,-1,99999,-1,-1,-3,-1,1,7740
1401,426,1,2105,2,-1,99999,-1,-1,-3,-1,1,7740
1402,426,1,26,10,-1,99999,-1,-1,-3,-1,1,7740
1403,426,1,84,6,-1,99999,-1,-1,-3,-1,1,7740
1404,426,1,845,3,-1,99999,-1,-1,-3,-1,1,7740
1405,427,1,592,6,-1,99999,-1,-1,-3,-1,1,7740
1406,427,1,113,6,-1,99999,-1,-1,-3,-1,1,7740
1407,427,1,390,6,-1,99999,-1,-1,-3,-1,1,7740
1408,427,1,1287,3,-1,99999,-1,-1,-3,-1,1,7740
1409,427,1,1358,2,-1,99999,-1,-1,-3,-1,1,7740
1410,427,1,263,10,-1,99999,-1,-1,-3,-1,1,7740
1411,427,1,618,4,-1,99999,-1,-1,-3,-1,1,7740
1412,427,1,2892,3,-1,99999,-1,-1,-3,-1,1,7740
1413,427,1,1828,1,-1,99999,-1,-1,-3,-1,1,7740
1414,427,1,2515,1,-1,99999,-1,-1,-3,-1,1,7740
1415,427,1,492,4,-1,99999,-1,-1,-3,-1,1,7740
1416,427,1,1353,2,-1,99999,-1,-1,-3,-1,1,7740
1417,427,1,720,4,-1,99999,-1,-1,-3,-1,1,7740
1418,427,1,904,11,-1,99999,-1,-1,-3,-1,1,7740
1419,427,1,277,7,-1,99999,-1,-1,-3,-1,1,7740
1420,427,1,248,12,-1,99999,-1,-1,-3,-1,1,7740
1421,428,1,1500,1,-1,99999,-1,-1,-3,-1,1,7740
1422,428,1,1275,8,-1,99999,-1,-1,-3,-1,1,7740
1423,429,1,319,10,-1,99999,-1,-1,-3,-1,1,7800
1424,430,1,264,9,-1,99999,-1,-1,-3,-1,1,7800
1425,430,1,592,8,-1,99999,-1,-1,-3,-1,1,7800
1426,430,1,93,4,-1,99999,-1,-1,-3,-1,1,7800
1427,430,1,80,3,-1,99999,-1,-1,-3,-1,1,7800
1428,431,1,64,7,-1,99999,-1,-1,-3,-1,1,7860
1429,432,1,123,2,-1,99999,-1,-1,-3,-1,1,7920
1430,432,1,4,5,-1,99999,-1,-1,-3,-1,1,7920
1431,432,1,1847,4,-1,99999,-1,-1,-3,-1,1,7920
1432,432,1,41,3,-1,99999,-1,-1,-3,-1,1,7920
1433,432,1,659,11,-1,99999,-1,-1,-3,-1,1,7920
1434,432,1,18,10,-1,99999,-1,-1,-3,-1,1,7920
1435,432,1,13,10,-1,99999,-1,-1,-3,-1,1,7920
1436,432,1,38,10,-1,99999,-1,-1,-3,-1,1,7920
1437,432,1,1188,10,-1,99999,-1,-1,-3,-1,1,7920
1438,432,1,180,6,-1,99999,-1,-1,-3,-1,1,7920
1439,432,1,454,6,-1,99999,-1,-1,-3,-1,1,7920
1440,433,1,911,8,-1,99999,-1,-1,-3,-1,1,7920
1441,433,1,223,3,-1,99999,-1,-1,-3,-1,1,7920
1442,433,1,37,4,-1,99999,-1,-1,-3,-1,1,7920
1443,433,1,118,8,-1,99999,-1,-1,-3,-1,1,7920
1444,433,1,490,6,-1,99999,-1,-1,-3,-1,1,7920
1445,433,1,1703,3,-1,99999,-1,-1,-3,-1,1,7920
1446,434,1,2060,1,-1,99999,-1,-1,-3,-1,1,7920
1447,434,1,2291,2,-1,99999,-1,-1,-3,-1,1,7920
1448,434,1,120,5,-1,99999,-1,-1,-3,-1,1,7920
1449,434,1,489,8,-1,99999,-1,-1,-3,-1,1,7920
1450,435,1,61,1,-1,99999,-1,-1,-3,-1,1,7980
1451,436,1,57,8,-1,99999,-1,-1,-3,-1,1,7980
1452,436,1,180,5,-1,99999,-1,-1,-3,-1,1,7980
1453,436,1,580,7,-1,99999,-1,-1,-3,-1,1,7980
1454,436,1,1035,5,-1,99999,-1,-1,-3,-1,1,7980
1455,437,1,291,6,-1,99999,-1,-1,-3,-1,1,8040
1456,438,1,311,4,-1,99999,-1,-1,-3,-1,1,8100
1457,438,1,32,2,-1,99999,-1,-1,-3,-1,1,8100
1458,438,1,2279,1,-1,99999,-1,-1,-3,-1,1,8100
1459,438,1,1850,1,-1,99999,-1,-1,-3,-1,1,8100
1460,438,1,170,2,-1,99999,-1,-1,-3,-1,1,8100
1461,439,1,1054,2,-1,99999,-1,-1,-3,-1,1,8100
1462,440,1,633,3,-1,99999,-1,-1,-3,-1,1,8100
1463,440,1,142,4,-1,99999,-1,-1,-3,-1,1,8100
1464,440,1,291,3,-1,99999,-1,-1,-3,-1,1,8100
1465,441,1,1955,2,-1,99999,-1,-1,-3,-1,1,8100
1466,441,1,480,4,-1,99999,-1,-1,-3,-1,1,8100
1467,441,1,207,11,-1,99999,-1,-1,-3,-1,1,8100
1468,441,1,48,2,-1,99999,-1,-1,-3,-1,1,8100
1469,442,1,159,1,-1,99999,-1,-1,-3,-1,1,8160
1470,442,1,532,2,-1,99999,-1,-1,-3,-1,1,8160
1471,443,1,2320,2,-1,99999,-1,-1,-3,-1,1,8160
1472,444,1,1623,2,-1,99999,-1,-1,-3,-1,1,8160
1473,445,1,36,9,-1,99999,-1,-1,-3,-1,1,8220
1474,445,1,681,4,-1,99999,-1,-1,-3,-1,1,8220
1475,445,1,356,4,-1,99999,-1,-1,-3,-1,1,8220
1476,445,1,1287,4,-1,99999,-1,-1,-3,-1,1,8220
1477,445,1,560,8,-1,99999,-1,-1,-3,-1,1,8220
1478,445,1,21,8,-1,99999,-1,-1,-3,-1,1,8220
1479,445,1,116,4,-1,99999,-1,-1,-3,-1,1,8220
1480,446,1,287,4,-1,99999,-1,-1,-3,-1,1,8220
1481,446,1,316,6,-1,99999,-1,-1,-3,-1,1,8220
1482,446,1,189,8,-1,99999,-1,-1,-3,-1,1,8220
1483,446,1,157,5,-1,99999,-1,-1,-3,-1,1,8220
1484,446,1,416,6,-1,99999,-1,-1,-3,-1,1,8220
1485,446,1,90,10,-1,99999,-1,-1,-3,-1,1,8220
1486,447,1,2313,3,-1,99999,-1,-1,-3,-1,1,8220
1487,447,1,293,7,-1,99999,-1,-1,-3,-1,1,8220
1488,447,1,4,10,-1,99999,-1,-1,-3,-1,1,8220
1489,447,1,649,5,-1,99999,-1,-1,-3,-1,1,8220
1490,447,1,2132,2,-1,99999,-1,-1,-3,-1,1,8220
1491,447,1,363,2,-1,99999,-1,-1,-3,-1,1,8220
1492,447,1,2955,4,-1,99999,-1,-1,-3,-1,1,8220
1493,447,1,267,4,-1,99999,-1,-1,-3,-1,1,8220
1494,447,1,55,6,-1,99999,-1,-1,-3,-1,1,8220
1495,447,1,802,1,-1,99999,-1,-1,-3,-1,1,8220
1496,447,1,735,5,-1,99999,-1,-1,-3,-1,1,8220
1497,448,1,2484,2,-1,99999,-1,-1,-3,-1,1,8220
1498,448,1,18,8,-1,99999,-1,-1,-3,-1,1,8220
1499,448,1,248,5,-1,99999,-1,-1,-3,-1,1,8220
1500,448,1,835,4,-1,99999,-1,-1,-3,-1,1,8220
1501,449,1,64,6,-1,99999,-1,-1,-3,-1,1,8280
1502,449,1,52,4,-1,99999,-1,-1,-3,-1,1,8280
1503,449,1,62,5,-1,99999,-1,-1,-3,-1,1,8280
1504,449,1,28,6,-1,99999,-1,-1,-3,-1,1,8280
1505,449,1,2902,2,-1,99999,-1,-1,-3,-1,1,8280
1506,449,1,257,10,-1,99999,-1,-1,-3,-1,1,8280
1507,449,1,63,7,-1,99999,-1,-1,-3,-1,1,8280
1508,450,1,456,5,-1,99999,-1,-1,-3,-1,1,8280
1509,451,1,2307,3,-1,99999,-1,-1,-3,-1,1,8280
1510,452,1,2164,2,-1,99999,-1,-1,-3,-1,1,8280
1511,453,1,3146,4,-1,99999,-1,-1,-3,-1,1,8340
1512,453,1,292,2,-1,99999,-1,-1,-3,-1,1,8340
1513,453,1,1219,9,-1,99999,-1,-1,-3,-1,1,8340
1514,454,1,63,5,-1,99999,-1,-1,-3,-1,1,8400
1515,455,1,92,7,-1,99999,-1,-1,-3,-1,1,8400
1516,455,1,167,8,-1,99999,-1,-1,-3,-1,1,8400
1517,455,1,63,4,-1,99999,-1,-1,-3,-1,1,8400
1518,455,1,27,8,-1,99999,-1,-1,-3,-1,1,8400
1519,455,1,121,8,-1,99999,-1,-1,-3,-1,1,8400
1520,455,1,2369,4,-1,99999,-1,-1,-3,-1,1,8400
1521,455,1,1755,4,-1,99999,-1,-1,-3,-1,1,8400
1522,455,1,2010,5,-1,99999,-1,-1,-3,-1,1,8400
1523,455,1,2453,2,-1,99999,-1,-1,-3,-1,1,8400
1524,455,1,400,4,-1,99999,-1,-1,-3,-1,1,8400
1525,456,1,175,8,-1,99999,-1,-1,-3,-1,1,8400
1526,456,1,86,2,-1,99999,-1,-1,-3,-1,1,8400
1527,457,1,213,9,-1,99999,-1,-1,-3,-1,1,8460
1528,457,1,577,10,-1,99999,-1,-1,-3,-1,1,8460
1529,458,1,211,11,-1,99999,-1,-1,-3,-1,1,8460
1530,459,1,2286,2,-1,99999,-1,-1,-3,-1,1,8460
1531,460,1,208,5,-1,99999,-1,-1,-3,-1,1,8520
1532,461,1,2119,4,-1,99999,-1,-1,-3,-1,1,8520
1533,461,1,271,7,-1,99999,-1,-1,-3,-1,1,8520
1534,461,1,141,6,-1,99999,-1,-1,-3,-1,1,8520
1535,461,1,422,12,-1,99999,-1,-1,-3,-1,1,8520
1536,461,1,222,10,-1,99999,-1,-1,-3,-1,1,8520
1537,461,1,1412,3,-1,99999,-1,-1,-3,-1,1,8520
1538,461,1,1014,4,-1,99999,-1,-1,-3,-1,1,8520
1539,461,1,619,10,-1,99999,-1,-1,-3,-1,1,8520
1540,461,1,1783,2,-1,99999,-1,-1,-3,-1,1,8520
1541,461,1,333,2,-1,99999,-1,-1,-3,-1,1,8520
1542,462,1,864,5,-1,99999,-1,-1,-3,-1,1,8520
1543,462,1,241,5,-1,99999,-1,-1,-3,-1,1,8520
1544,462,1,100,1,-1,99999,-1,-1,-3,-1,1,8520
1545,463,1,254,6,-1,99999,-1,-1,-3,-1,1,8520
1546,463,1,2703,2,-1,99999,-1,-1,-3,-1,1,8520
1547,464,1,1923,3,-1,99999,-1,-1,-3,-1,1,8580
1548,464,1,534,4,-1,99999,-1,-1,-3,-1,1,8580
1549,464,1,2411,2,-1,99999,-1,-1,-3,-1,1,8580
1550,465,1,47,7,-1,99999,-1,-1,-3,-1,1,8580
1551,465,1,1,6,-1,99999,-1,-1,-3,-1,1,8580
1552,465,1,2324,2,-1,99999,-1,-1,-3,-1,1,8580
1553,465,1,32,12,-1,99999,-1,-1,-3,-1,1,8580
1554,465,1,1822,3,-1,99999,-1,-1,-3,-1,1,8580
1555,465,1,79,5,-1,99999,-1,-1,-3,-1,1,8580
1556,465,1,2350,2,-1,99999,-1,-1,-3,-1,1,8580
1557,465,1,277,8,-1,99999,-1,-1,-3,-1,1,8580
1558,465,1,11,5,-1,99999,-1,-1,-3,-1,1,8580
1559,465,1,375,8,-1,99999,-1,-1,-3,-1,1,8580
1560,465,1,1852,1,-1,99999,-1,-1,-3,-1,1,8580
1561,466,1,548,1,-1,99999,-1,-1,-3,-1,1,8580
1562,467,1,7,6,-1,99999,-1,-1,-3,-1,1,8640
1563,467,1,14,4,-1,99999,-1,-1,-3,-1,1,8640
1564,467,1,87,6,-1,99999,-1,-1,-3,-1,1,8640
1565,467,1,606,9,-1,99999,-1,-1,-3,-1,1,8640
1566,467,1,888,10,-1,99999,-1,-1,-3,-1,1,8640
1567,468,1,542,4,-1,99999,-1,-1,-3,-1,1,8640
1568,468,1,39,10,-1,99999,-1,-1,-3,-1,1,8640
1569,468,1,31,8,-1,99999,-1,-1,-3,-1,1,8640
1570,468,1,5,8,-1,99999,-1,-1,-3,-1,1,8640
1571,468,1,644,7,-1,99999,-1,-1,-3,-1,1,8640
1572,468,1,296,10,-1,99999,-1,-1,-3,-1,1,8640
1573,468,1,1758,4,-1,99999,-1,-1,-3,-1,1,8640
1574,468,1,190,4,-1,99999,-1,-1,-3,-1,1,8640
1575,468,1,75,2,-1,99999,-1,-1,-3,-1,1,8640
1576,469,1,180,7,-1,99999,-1,-1,-3,-1,1,8700
1577,469,1,183,8,-1,99999,-1,-1,-3,-1,1,8700
1578,470,1,152,5,-1,99999,-1,-1,-3,-1,1,8700
1579,470,1,210,6,-1,99999,-1,-1,-3,-1,1,8700
1580,470,1,153,9,-1,99999,-1,-1,-3,-1,1,8700
1581,471,1,30,6,-1,99999,-1,-1,-3,-1,1,8700
1582,471,1,179,7,-1,99999,-1,-1,-3,-1,1,8700
1583,471,1,966,3,-1,99999,-1,-1,-3,-1,1,8700
1584,471,1,105,10,-1,99999,-1,-1,-3,-1,1,8700
1585,472,1,164,6,-1,99999,-1,-1,-3,-1,1,8700
1586,472,1,188,1,-1,99999,-1,-1,-3,-1,1,8700
1587,472,1,1881,6,-1,99999,-1,-1,-3,-1,1,8700
1588,473,1,534,2,-1,99999,-1,-1,-3,-1,1,8760
1589,474,1,159,9,-1,99999,-1,-1,-3,-1,1,8760
1590,474,1,693,10,-1,99999,-1,-1,-3,-1,1,8760
1591,474,1,2352,2,-1,99999,-1,-1,-3,-1,1,8760
1592,474,1,6,4,-1,99999,-1,-1,-3,-1,1,8760
1593,474,1,529,10,-1,99999,-1,-1,-3,-1,1,8760
1594,475,1,251,2,-1,99999,-1,-1,-3,-1,1,8820
1595,476,1,497,4,-1,99999,-1,-1,-3,-1,1,8820
1596,477,1,429,2,-1,99999,-1,-1,-3,-1,1,8820
1597,477,1,874,12,-1,99999,-1,-1,-3,-1,1,8820
1598,478,1,455,11,-1,99999,-1,-1,-3,-1,1,8820
1599,478,1,42,2,-1,99999,-1,-1,-3,-1,1,8820
1600,478,1,2936,3,-1,99999,-1,-1,-3,-1,1,8820
1601,478,1,392,8,-1,99999,-1,-1,-3,-1,1,8820
1602,478,1,1110,10,-1,99999,-1,-1,-3,-1,1,8820
1603,478,1,2464,2,-1,99999,-1,-1,-3,-1,1,8820
1604,478,1,2,6,-1,99999,-1,-1,-3,-1,1,8820
1605,478,1,1537,8,-1,99999,-1,-1,-3,-1,1,8820
1606,479,1,72,12,-1,99999,-1,-1,-3,-1,1,8820
1607,479,1,65,8,-1,99999,-1,-1,-3,-1,1,8820
1608,479,1,386,8,-1,99999,-1,-1,-3,-1,1,8820
1609,479,1,1345,3,-1,99999,-1,-1,-3,-1,1,8820
1610,479,1,300,4,-1,99999,-1,-1,-3,-1,1,8820
1611,480,1,350,11,-1,99999,-1,-1,-3,-1,1,8820
1612,480,1,6,7,-1,99999,-1,-1,-3,-1,1,8820
1613,480,1,2608,2,-1,99999,-1,-1,-3,-1,1,8820
1614,481,1,1308,3,-1,99999,-1,-1,-3,-1,1,8820
1615,481,1,236,12,-1,99999,-1,-1,-3,-1,1,8820
1616,481,1,269,11,-1,99999,-1,-1,-3,-1,1,8820
1617,481,1,854,7,-1,99999,-1,-1,-3,-1,1,8820
1618,481,1,317,12,-1,99999,-1,-1,-3,-1,1,8820
1619,481,1,621,3,-1,99999,-1,-1,-3,-1,1,8820
1620,481,1,1032,9,-1,99999,-1,-1,-3,-1,1,8820
1621,481,1,13,7,-1,99999,-1,-1,-3,-1,1,8820
1622,481,1,190,8,-1,99999,-1,-1,-3,-1,1,8820
1623,481,1,1252,6,-1,99999,-1,-1,-3,-1,1,8820
1624,482,1,2891,1,-1,99999,-1,-1,-3,-1,1,8940
1625,482,1,74,5,-1,99999,-1,-1,-3,-1,1,8940
1626,482,1,447,8,-1,99999,-1,-1,-3,-1,1,8940
1627,483,1,481,6,-1,99999,-1,-1,-3,-1,1,8940
1628,483,1,1260,3,-1,99999,-1,-1,-3,-1,1,8940
1629,483,1,90,3,-1,99999,-1,-1,-3,-1,1,8940
1630,484,1,212,4,-1,99999,-1,-1,-3,-1,1,9000
1631,484,1,773,4,-1,99999,-1,-1,-3,-1,1,9000
1632,484,1,1378,4,-1,99999,-1,-1,-3,-1,1,9000
1633,484,1,75,6,-1,99999,-1,-1,-3,-1,1,9000
1634,484,1,6,10,-1,99999,-1,-1,-3,-1,1,9000
1635,484,1,67,7,-1,99999,-1,-1,-3,-1,1,9000
1636,484,1,1143,6,-1,99999,-1,-1,-3,-1,1,9000
1637,485,1,116,1,-1,99999,-1,-1,-3,-1,1,9000
1638,485,1,1581,2,-1,99999,-1,-1,-3,-1,1,9000
1639,486,1,84,7,-1,99999,-1,-1,-3,-1,1,9060
1640,486,1,2,12,-1,99999,-1,-1,-3,-1,1,9060
1641,486,1,533,8,-1,99999,-1,-1,-3,-1,1,9060
1642,487,1,18,2,-1,99999,-1,-1,-3,-1,1,9060
1643,487,1,2455,2,-1,99999,-1,-1,-3,-1,1,9060
1644,487,1,144,6,-1,99999,-1,-1,-3,-1,1,9060
1645,488,1,425,4,-1,99999,-1,-1,-3,-1,1,9060
1646,488,1,66,2,-1,99999,-1,-1,-3,-1,1,9060
1647,489,1,128,6,-1,99999,-1,-1,-3,-1,1,9060
1648,489,1,1347,2,-1,99999,-1,-1,-3,-1,1,9060
1649,490,1,1161,8,-1,99999,-1,-1,-3,-1,1,9060
1650,490,1,1012,4,-1,99999,-1,-1,-3,-1,1,9060
1651,490,1,14,4,-1,99999,-1,-1,-3,-1,1,9060
1652,490,1,153,9,-1,99999,-1,-1,-3,-1,1,9060
1653,490,1,918,10,-1,99999,-1,-1,-3,-1,1,9060
1654,491,1,2737,4,-1,99999,-1,-1,-3,-1,1,9120
1655,491,1,237,8,-1,99999,-1,-1,-3,-1,1,9120
1656,492,1,1630,1,-1,99999,-1,-1,-3,-1,1,9120
1657,492,1,58,8,-1,99999,-1,-1,-3,-1,1,9120
1658,492,1,243,8,-1,99999,-1,-1,-3,-1,1,9120
1659,493,1,89,6,-1,99999,-1,-1,-3,-1,1,9120
1660,493,1,134,4,-1,99999,-1,-1,-3,-1,1,9120
1661,493,1,33,4,-1,99999,-1,-1,-3,-1,1,9120
1662,494,1,2967,2,-1,99999,-1,-1,-3,-1,1,9180
1663,494,1,1795,2,-1,99999,-1,-1,-3,-1,1,9180
1664,494,1,20,8,-1,99999,-1,-1,-3,-1,1,9180
1665,494,1,510,6,-1,99999,-1,-1,-3,-1,1,9180
1666,494,1,65,6,-1,99999,-1,-1,-3,-1,1,9180
1667,495,1,16,4,-1,99999,-1,-1,-3,-1,1,9240
1668,495,1,947,2,-1,99999,-1,-1,-3,-1,1,9240
1669,496,1,722,8,-1,99999,-1,-1,-3,-1,1,9240
1670,497,1,3034,2,-1,99999,-1,-1,-3,-1,1,9240
1671,498,1,865,12,-1,99999,-1,-1,-3,-1,1,9240
1672,498,1,342,2,-1,99999,-1,-1,-3,-1,1,9240
1673,498,1,46,8,-1,99999,-1,-1,-3,-1,1,9240
1674,498,1,135,7,-1,99999,-1,-1,-3,-1,1,9240
1675,499,1,41,8,-1,99999,-1,-1,-3,-1,1,9300
1676,500,1,241,3,-1,99999,-1,-1,-3,-1,1,9300
1677,500,1,347,4,-1,99999,-1,-1,-3,-1,1,9300
1678,501,1,1393,7,-1,99999,-1,-1,-3,-1,1,9300
1679,501,1,3167,1,-1,99999,-1,-1,-3,-1,1,9300
1680,502,1,1098,4,-1,99999,-1,-1,-3,-1,1,9300
1681,502,1,105,10,-1,99999,-1,-1,-3,-1,1,9300
1682,502,1,742,4,-1,99999,-1,-1,-3,-1,1,9300
1683,502,1,207,12,-1,99999,-1,-1,-3,-1,1,9300
1684,502,1,1883,2,-1,99999,-1,-1,-3,-1,1,9300
1685,502,1,329,5,-1,99999,-1,-1,-3,-1,1,9300
1686,502,1,979,6,-1,99999,-1,-1,-3,-1,1,9300
1687,502,1,98,4,-1,99999,-1,-1,-3,-1,1,9300
1688,503,1,337,11,-1,99999,-1,-1,-3,-1,1,9300
1689,503,1,432,6,-1,99999,-1,-1,-3,-1,1,9300
1690,504,1,547,10,-1,99999,-1,-1,-3,-1,1,9360
1691,504,1,0,4,-1,99999,-1,-1,-3,-1,1,9360
1692,504,1,3238,2,-1,99999,-1,-1,-3,-1,1,9360
1693,504,1,956,7,-1,99999,-1,-1,-3,-1,1,9360
1694,505,1,2,6,-1,99999,-1,-1,-3,-1,1,9360
1695,505,1,2437,1,-1,99999,-1,-1,-3,-1,1,9360
1696,505,1,97,5,-1,99999,-1,-1,-3,-1,1,9360
1697,505,1,115,6,-1,99999,-1,-1,-3,-1,1,9360
1698,506,1,84,10,-1,99999,-1,-1,-3,-1,1,9360
1699,507,1,668,6,-1,99999,-1,-1,-3,-1,1,9420
1700,507,1,438,3,-1,99999,-1,-1,-3,-1,1,9420
1701,507,1,2559,2,-1,99999,-1,-1,-3,-1,1,9420
1702,507,1,258,10,-1,99999,-1,-1,-3,-1,1,9420
1703,508,1,864,8,-1,99999,-1,-1,-3,-1,1,9420
1704,509,1,228,5,-1,99999,-1,-1,-3,-1,1,9480
1705,509,1,2826,4,-1,99999,-1,-1,-3,-1,1,9480
1706,509,1,1918,3,-1,99999,-1,-1,-3,-1,1,9480
1707,509,1,194,8,-1,99999,-1,-1,-3,-1,1,9480
1708,509,1,9,4,-1,99999,-1,-1,-3,-1,1,9480
1709,509,1,789,8,-1,99999,-1,-1,-3,-1,1,9480
1710,509,1,980,2,-1,99999,-1,-1,-3,-1,1,9480
1711,509,1,1082,2,-1,99999,-1,-1,-3,-1,1,9480
1712,509,1,2999,3,-1,99999,-1,-1,-3,-1,1,9480
1713,509,1,214,10,-1,99999,-1,-1,-3,-1,1,9480
1714,509,1,991,10,-1,99999,-1,-1,-3,-1,1,9480
1715,509,1,531,4,-1,99999,-1,-1,-3,-1,1,9480
1716,509,1,893,1,-1,99999,-1,-1,-3,-1,1,9480
1717,509,1,98,5,-1,99999,-1,-1,-3,-1,1,9480
1718,509,1,479,8,-1,99999,-1,-1,-3,-1,1,9480
1719,509,1,637,4,-1,99999,-1,-1,-3,-1,1,9480
1720,509,1,242,8,-1,99999,-1,-1,-3,-1,1,9480
1721,509,1,1329,1,-1,99999,-1,-1,-3,-1,1,9480
1722,509,1,188,3,-1,99999,-1,-1,-3,-1,1,9480
1723,509,1,38,4,-1,99999,-1,-1,-3,-1,1,9480
1724,510,1,175,7,-1,99999,-1,-1,-3,-1,1,9480
1725,510,1,2086,4,-1,99999,-1,-1,-3,-1,1,9480
1726,510,1,925,6,-1,99999,-1,-1,-3,-1,1,9480
1727,510,1,687,2,-1,99999,-1,-1,-3,-1,1,9480
1728,511,1,147,4,-1,99999,-1,-1,-3,-1,1,9540
1729,511,1,517,4,-1,99999,-1,-1,-3,-1,1,9540
1730,511,1,370,6,-1,99999,-1,-1,-3,-1,1,9540
1731,511,1,741,9,-1,99999,-1,-1,-3,-1,1,9540
1732,512,1,94,7,-1,99999,-1,-1,-3,-1,1,9540
1733,512,1,636,6,-1,99999,-1,-1,-3,-1,1,9540
1734,512,1,2107,4,-1,99999,-1,-1,-3,-1,1,9540
1735,512,1,1135,2,-1,99999,-1,-1,-3,-1,1,9540
1736,513,1,38,12,-1,99999,-1,-1,-3,-1,1,9540
1737,513,1,2878,2,-1,99999,-1,-1,-3,-1,1,9540
1738,514,1,89,6,-1,99999,-1,-1,-3,-1,1,9540
1739,515,1,701,7,-1,99999,-1,-1,-3,-1,1,9600
1740,516,1,419,2,-1,99999,-1,-1,-3,-1,1,9600
1741,516,1,412,8,-1,99999,-1,-1,-3,-1,1,9600
1742,516,1,53,10,-1,99999,-1,-1,-3,-1,1,9600
1743,516,1,238,7,-1,99999,-1,-1,-3,-1,1,9600
1744,516,1,2055,3,-1,99999,-1,-1,-3,-1,1,9600
1745,516,1,1741,9,-1,99999,-1,-1,-3,-1,1,9600
1746,516,1,159,9,-1,99999,-1,-1,-3,-1,1,9600
1747,517,1,2902,4,-1,99999,-1,-1,-3,-1,1,9600
1748,517,1,224,3,-1,99999,-1,-1,-3,-1,1,9600
1749,517,1,1393,5,-1,99999,-1,-1,-3,-1,1,9600
1750,518,1,74,8,-1,99999,-1,-1,-3,-1,1,9600
1751,518,1,65,2,-1,99999,-1,-1,-3,-1,1,9600
1752,518,1,34,2,-1,99999,-1,-1,-3,-1,1,9600
1753,519,1,32,8,-1,99999,-1,-1,-3,-1,1,9600
1754,519,1,879,2,-1,99999,-1,-1,-3,-1,1,9600
1755,519,1,314,11,-1,99999,-1,-1,-3,-1,1,9600
1756,519,1,758,10,-1,99999,-1,-1,-3,-1,1,9600
1757,519,1,1519,2,-1,99999,-1,-1,-3,-1,1,9600
1758,519,1,668,10,-1,99999,-1,-1,-3,-1,1,9600
1759,519,1,589,11,-1,99999,-1,-1,-3,-1,1,9600
1760,519,1,303,4,-1,99999,-1,-1,-3,-1,1,9600
1761,519,1,760,8,-1,99999,-1,-1,-3,-1,1,9600
1762,519,1,99,9,-1,99999,-1,-1,-3,-1,1,9600
1763,519,1,216,2,-1,99999,-1,-1,-3,-1,1,9600
1764,519,1,4,11,-1,99999,-1,-1,-3,-1,1,9600
1765,519,1,256,7,-1,99999,-1,-1,-3,-1,1,9600
1766,519,1,1387,2,-1,99999,-1,-1,-3,-1,1,9600
1767,519,1,510,12,-1,99999,-1,-1,-3,-1,1,9600
1768,519,1,806,3,-1,99999,-1,-1,-3,-1,1,9600
1769,519,1,186,4,-1,99999,-1,-1,-3,-1,1,9600
1770,520,1,1643,2,-1,99999,-1,-1,-3,-1,1,9600
1771,520,1,735,6,-1,99999,-1,-1,-3,-1,1,9600
1772,520,1,53,4,-1,99999,-1,-1,-3,-1,1,9600
1773,520,1,2823,2,-1,99999,-1,-1,-3,-1,1,9600
1774,520,1,84,4,-1,99999,-1,-1,-3,-1,1,9600
1775,521,1,24,4,-1,99999,-1,-1,-3,-1,1,9600
1776,522,1,64,11,-1,99999,-1,-1,-3,-1,1,9660
1777,522,1,426,8,-1,99999,-1,-1,-3,-1,1,9660
1778,522,1,425,8,-1,99999,-1,-1,-3,-1,1,9660
1779,522,1,7,11,-1,99999,-1,-1,-3,-1,1,9660
1780,523,1,142,9,-1,99999,-1,-1,-3,-1,1,9660
1781,524,1,97,12,-1,99999,-1,-1,-3,-1,1,9720
1782,524,1,2057,2,-1,99999,-1,-1,-3,-1,1,9720
1783,524,1,233,4,-1,99999,-1,-1,-3,-1,1,9720
1784,524,1,28,5,-1,99999,-1,-1,-3,-1,1,9720
1785,524,1,485,5,-1,99999,-1,-1,-3,-1,1,9720
1786,524,1,234,2,-1,99999,-1,-1,-3,-1,1,9720
1787,524,1,464,7,-1,99999,-1,-1,-3,-1,1,9720
1788,525,1,96,4,-1,99999,-1,-1,-3,-1,1,9720
1789,525,1,2981,4,-1,99999,-1,-1,-3,-1,1,9720
1790,526,1,1123,3,-1,99999,-1,-1,-3,-1,1,9720
1791,526,1,372,8,-1,99999,-1,-1,-3,-1,1,9720
1792,526,1,1559,8,-1,99999,-1,-1,-3,-1,1,9720
1793,526,1,1,4,-1,99999,-1,-1,-3,-1,1,9720
1794,526,1,2,10,-1,99999,-1,-1,-3,-1,1,9720
1795,526,1,7,2,-1,99999,-1,-1,-3,-1,1,9720
1796,526,1,32,2,-1,99999,-1,-1,-3,-1,1,9720
1797,526,1,856,6,-1,99999,-1,-1,-3,-1,1,9720
1798,527,1,99,8,-1,99999,-1,-1,-3,-1,1,9780
1799,527,1,30,2,-1,99999,-1,-1,-3,-1,1,9780
1800,527,1,339,12,-1,99999,-1,-1,-3,-1,1,9780
1801,527,1,159,10,-1,99999,-1,-1,-3,-1,1,9780
1802,528,1,3078,4,-1,99999,-1,-1,-3,-1,1,9780
1803,528,1,2,8,-1,99999,-1,-1,-3,-1,1,9780
1804,528,1,1749,2,-1,99999,-1,-1,-3,-1,1,9780
1805,529,1,2632,2,-1,99999,-1,-1,-3,-1,1,9780
1806,529,1,226,12,-1,99999,-1,-1,-3,-1,1,9780
1807,530,1,143,7,-1,99999,-1,-1,-3,-1,1,9780
1808,530,1,2414,2,-1,99999,-1,-1,-3,-1,1,9780
1809,530,1,2556,2,-1,99999,-1,-1,-3,-1,1,9780
1810,531,1,406,3,-1,99999,-1,-1,-3,-1,1,9780
1811,531,1,348,6,-1,99999,-1,-1,-3,-1,1,9780
1812,531,1,553,5,-1,99999,-1,-1,-3,-1,1,9780
1813,532,1,854,10,-1,99999,-1,-1,-3,-1,1,9840
1814,532,1,1578,6,-1,99999,-1,-1,-3,-1,1,9840
1815,532,1,591,6,-1,99999,-1,-1,-3,-1,1,9840
1816,533,1,23,8,-1,99999,-1,-1,-3,-1,1,9900
1817,534,1,50,3,-1,99999,-1,-1,-3,-1,1,9900
1818,535,1,76,6,-1,99999,-1,-1,-3,-1,1,9900
1819,535,1,140,9,-1,99999,-1,-1,-3,-1,1,9900
1820,535,1,825,8,-1,99999,-1,-1,-3,-1,1,9900
1821,536,1,0,10,-1,99999,-1,-1,-3,-1,1,9960
1822,536,1,57,6,-1,99999,-1,-1,-3,-1,1,9960
1823,536,1,365,4,-1,99999,-1,-1,-3,-1,1,9960
1824,537,1,101,6,-1,99999,-1,-1,-3,-1,1,9960
1825,537,1,595,7,-1,99999,-1,-1,-3,-1,1,9960
1826,537,1,3166,1,-1,99999,-1,-1,-3,-1,1,9960
1827,538,1,867,6,-1,99999,-1,-1,-3,-1,1,9960
1828,538,1,59,10,-1,99999,-1,-1,-3,-1,1,9960
1829,538,1,880,6,-1,99999,-1,-1,-3,-1,1,9960
1830,538,1,1300,2,-1,99999,-1,-1,-3,-1,1,9960
1831,538,1,712,10,-1,99999,-1,-1,-3,-1,1,9960
1832,538,1,21,10,-1,99999,-1,-1,-3,-1,1,9960
1833,538,1,2,10,-1,99999,-1,-1,-3,-1,1,9960
1834,538,1,1342,8,-1,99999,-1,-1,-3,-1,1,9960
1835,538,1,156,10,-1,99999,-1,-1,-3,-1,1,9960
1836,538,1,2605,3,-1,99999,-1,-1,-3,-1,1,9960
1837,539,1,514,7,-1,99999,-1,-1,-3,-1,1,9960
1838,539,1,266,2,-1,99999,-1,-1,-3,-1,1,9960
1839,539,1,950,7,-1,99999,-1,-1,-3,-1,1,9960
1840,540,1,1,2,-1,99999,-1,-1,-3,-1,1,9960
1841,540,1,713,2,-1,99999,-1,-1,-3,-1,1,9960
1842,541,1,1474,8,-1,99999,-1,-1,-3,-1,1,10020
1843,541,1,1612,2,-1,99999,-1,-1,-3,-1,1,10020
1844,541,1,249,4,-1,99999,-1,-1,-3,-1,1,10020
1845,541,1,2,9,-1,99999,-1,-1,-3,-1,1,10020
1846,541,1,209,7,-1,99999,-1,-1,-3,-1,1,10020
1847,541,1,614,2,-1,99999,-1,-1,-3,-1,1,10020
1848,541,1,338,8,-1,99999,-1,-1,-3,-1,1,10020
1849,541,1,424,6,-1,99999,-1,-1,-3,-1,1,10020
1850,541,1,160,2,-1,99999,-1,-1,-3,-1,1,10020
1851,541,1,354,12,-1,99999,-1,-1,-3,-1,1,10020
1852,541,1,8,12,-1,99999,-1,-1,-3,-1,1,10020
1853,541,1,368,8,-1,99999,-1,-1,-3,-1,1,10020
1854,542,1,2702,4,-1,99999,-1,-1,-3,-1,1,10020
1855,543,1,282,7,-1,99999,-1,-1,-3,-1,1,10020
1856,543,1,7,8,-1,99999,-1,-1,-3,-1,1,10020
1857,544,1,1422,2,-1,99999,-1,-1,-3,-1,1,10020
1858,545,1,1073,4,-1,99999,-1,-1,-3,-1,1,10020
1859,545,1,1789,3,-1,99999,-1,-1,-3,-1,1,10020
1860,546,1,110,11,-1,99999,-1,-1,-3,-1,1,10080
1861,546,1,20,11,-1,99999,-1,-1,-3,-1,1,10080
1862,546,1,242,9,-1,99999,-1,-1,-3,-1,1,10080
1863,546,1,409,3,-1,99999,-1,-1,-3,-1,1,10080
1864,547,1,514,9,-1,99999,-1,-1,-3,-1,1,10080
1865,547,1,1084,8,-1,99999,-1,-1,-3,-1,1,10080
1866,547,1,149,8,-1,99999,-1,-1,-3,-1,1,10080
1867,547,1,1560,2,-1,99999,-1,-1,-3,-1,1,10080
1868,548,1,0,10,-1,99999,-1,-1,-3,-1,1,10080
1869,549,1,12,7,-1,99999,-1,-1,-3,-1,1,10140
1870,549,1,3154,2,-1,99999,-1,-1,-3,-1,1,10140
1871,549,1,1905,4,-1,99999,-1,-1,-3,-1,1,10140
1872,549,1,215,8,-1,99999,-1,-1,-3,-1,1,10140
1873,549,1,105,6,-1,99999,-1,-1,-3,-1,1,10140
1874,549,1,7,7,-1,99999,-1,-1,-3,-1,1,10140
1875,549,1,74,8,-1,99999,-1,-1,-3,-1,1,10140
1876,549,1,199,9,-1,99999,-1,-1,-3,-1,1,10140
1877,550,1,299,7,-1,99999,-1,-1,-3,-1,1,10140
1878,550,1,50,4,-1,99999,-1,-1,-3,-1,1,10140
1879,551,1,31,9,-1,99999,-1,-1,-3,-1,1,10140
1880,552,1,15,6,-1,99999,-1,-1,-3,-1,1,10260
1881,552,1,231,8,-1,99999,-1,-1,-3,-1,1,10260
1882,552,1,24,4,-1,99999,-1,-1,-3,-1,1,10260
1883,553,1,2970,4,-1,99999,-1,-1,-3,-1,1,10260
1884,553,1,231,6,-1,99999,-1,-1,-3,-1,1,10260
1885,553,1,199,4,-1,99999,-1,-1,-3,-1,1,10260
1886,554,1,345,6,-1,99999,-1,-1,-3,-1,1,10260
1887,554,1,84,6,-1,99999,-1,-1,-3,-1,1,10260
1888,554,1,64,8,-1,99999,-1,-1,-3,-1,1,10260
1889,554,1,122,2,-1,99999,-1,-1,-3,-1,1,10260
1890,554,1,22,12,-1,99999,-1,-1,-3,-1,1,10260
1891,554,1,300,2,-1,99999,-1,-1,-3,-1,1,10260
1892,554,1,570,5,-1,99999,-1,-1,-3,-1,1,10260
1893,554,1,295,4,-1,99999,-1,-1,-3,-1,1,10260
1894,555,1,123,12,-1,99999,-1,-1,-3,-1,1,10260
1895,555,1,7,6,-1,99999,-1,-1,-3,-1,1,10260
1896,555,1,197,1,-1,99999,-1,-1,-3,-1,1,10260
1897,555,1,2274,3,-1,99999,-1,-1,-3,-1,1,10260
1898,555,1,190,3,-1,99999,-1,-1,-3,-1,1,10260
1899,555,1,938,8,-1,99999,-1,-1,-3,-1,1,10260
1900,555,1,623,10,-1,99999,-1,-1,-3,-1,1,10260
1901,555,1,3204,2,-1,99999,-1,-1,-3,-1,1,10260
1902,555,1,610,1,-1,99999,-1,-1,-3,-1,1,10260
1903,555,1,86,7,-1,99999,-1,-1,-3,-1,1,10260
1904,555,1,227,10,-1,99999,-1,-1,-3,-1,1,10260
1905,555,1,80,6,-1,99999,-1,-1,-3,-1,1,10260
1906,556,1,169,10,-1,99999,-1,-1,-3,-1,1,10320
1907,556,1,704,11,-1,99999,-1,-1,-3,-1,1,10320
1908,556,1,158,4,-1,99999,-1,-1,-3,-1,1,10320
1909,556,1,3171,4,-1,99999,-1,-1,-3,-1,1,10320
1910,556,1,68,2,-1,99999,-1,-1,-3,-1,1,10320
1911,556,1,1486,3,-1,99999,-1,-1,-3,-1,1,10320
1912,556,1,608,8,-1,99999,-1,-1,-3,-1,1,10320
1913,556,1,17,11,-1,99999,-1,-1,-3,-1,1,10320
1914,556,1,597,11,-1,99999,-1,-1,-3,-1,1,10320
1915,556,1,1799,2,-1,99999,-1,-1,-3,-1,1,10320
1916,557,1,1739,3,-1,99999,-1,-1,-3,-1,1,10320
1917,557,1,1667,4,-1,99999,-1,-1,-3,-1,1,10320
1918,557,1,125,10,-1,99999,-1,-1,-3,-1,1,10320
1919,557,1,861,8,-1,99999,-1,-1,-3,-1,1,10320
1920,558,1,110,7,-1,99999,-1,-1,-3,-1,1,10380
1921,558,1,205,4,-1,99999,-1,-1,-3,-1,1,10380
1922,558,1,1028,7,-1,99999,-1,-1,-3,-1,1,10380
1923,558,1,395,4,-1,99999,-1,-1,-3,-1,1,10380
1924,559,1,17,9,-1,99999,-1,-1,-3,-1,1,10380
1925,559,1,116,12,-1,99999,-1,-1,-3,-1,1,10380
1926,560,1,148,9,-1,99999,-1,-1,-3,-1,1,10380
1927,561,1,1488,4,-1,99999,-1,-1,-3,-1,1,10380
1928,561,1,0,8,-1,99999,-1,-1,-3,-1,1,10380
1929,561,1,561,6,-1,99999,-1,-1,-3,-1,1,10380
1930,562,1,6,8,-1,99999,-1,-1,-3,-1,1,10380
1931,562,1,2,9,-1,99999,-1,-1,-3,-1,1,10380
1932,563,1,2914,4,-1,99999,-1,-1,-3,-1,1,10440
1933,563,1,1017,10,-1,99999,-1,-1,-3,-1,1,10440
1934,563,1,1867,2,-1,99999,-1,-1,-3,-1,1,10440
1935,563,1,300,8,-1,99999,-1,-1,-3,-1,1,10440
1936,564,1,37,8,-1,99999,-1,-1,-3,-1,1,10500
1937,564,1,31,5,-1,99999,-1,-1,-3,-1,1,10500
1938,564,1,2225,4,-1,99999,-1,-1,-3,-1,1,10500
1939,565,1,102,5,-1,99999,-1,-1,-3,-1,1,10500
1940,565,1,808,7,-1,99999,-1,-1,-3,-1,1,10500
1941,565,1,6,4,-1,99999,-1,-1,-3,-1,1,10500
1942,566,1,813,8,-1,99999,-1,-1,-3,-1,1,10560
1943,566,1,280,6,-1,99999,-1,-1,-3,-1,1,10560
1944,566,1,830,8,-1,99999,-1,-1,-3,-1,1,10560
1945,566,1,49,6,-1,99999,-1,-1,-3,-1,1,10560
1946,567,1,171,8,-1,99999,-1,-1,-3,-1,1,10560
1947,567,1,126,8,-1,99999,-1,-1,-3,-1,1,10560
1948,567,1,992,7,-1,99999,-1,-1,-3,-1,1,10560
1949,567,1,77,12,-1,99999,-1,-1,-3,-1,1,10560
1950,568,1,314,12,-1,99999,-1,-1,-3,-1,1,10560
1951,568,1,29,6,-1,99999,-1,-1,-3,-1,1,10560
1952,568,1,157,2,-1,99999,-1,-1,-3,-1,1,10560
1953,568,1,448,6,-1,99999,-1,-1,-3,-1,1,10560
1954,568,1,1059,11,-1,99999,-1,-1,-3,-1,1,10560
1955,568,1,2384,3,-1,99999,-1,-1,-3,-1,1,10560
1956,568,1,1989,3,-1,99999,-1,-1,-3,-1,1,10560
1957,568,1,2040,4,-1,99999,-1,-1,-3,-1,1,10560
1958,568,1,2342,3,-1,99999,-1,-1,-3,-1,1,10560
1959,568,1,42,6,-1,99999,-1,-1,-3,-1,1,10560
1960,568,1,1440,11,-1,99999,-1,-1,-3,-1,1,10560
1961,568,1,365,5,-1,99999,-1,-1,-3,-1,1,10560
1962,568,1,97,9,-1,99999,-1,-1,-3,-1,1,10560
1963,568,1,182,2,-1,99999,-1,-1,-3,-1,1,10560
1964,569,1,191,9,-1,99999,-1,-1,-3,-1,1,10560
1965,569,1,195,7,-1,99999,-1,-1,-3,-1,1,10560
1966,570,1,91,12,-1,99999,-1,-1,-3,-1,1,10560
1967,570,1,552,9,-1,99999,-1,-1,-3,-1,1,10560
1968,571,1,364,5,-1,99999,-1,-1,-3,-1,1,10560
1969,571,1,1747,2,-1,99999,-1,-1,-3,-1,1,10560
1970,572,1,26,7,-1,99999,-1,-1,-3,-1,1,10620
1971,572,1,45,6,-1,99999,-1,-1,-3,-1,1,10620
1972,572,1,98,1,-1,99999,-1,-1,-3,-1,1,10620
1973,572,1,28,6,-1,99999,-1,-1,-3,-1,1,10620
1974,573,1,269,8,-1,99999,-1,-1,-3,-1,1,10680
1975,573,1,793,6,-1,99999,-1,-1,-3,-1,1,10680
1976,574,1,663,10,-1,99999,-1,-1,-3,-1,1,10680
1977,575,1,21,10,-1,99999,-1,-1,-3,-1,1,10740
1978,575,1,27,8,-1,99999,-1,-1,-3,-1,1,10740
1979,575,1,1462,2,-1,99999,-1,-1,-3,-1,1,10740
1980,575,1,375,2,-1,99999,-1,-1,-3,-1,1,10740
1981,575,1,41,12,-1,99999,-1,-1,-3,-1,1,10740
1982,575,1,262,2,-1,99999,-1,-1,-3,-1,1,10740
1983,575,1,59,10,-1,99999,-1,-1,-3,-1,1,10740
1984,575,1,16,6,-1,99999,-1,-1,-3,-1,1,10740
1985,576,1,778,10,-1,99999,-1,-1,-3,-1,1,10740
1986,577,1,987,7,-1,99999,-1,-1,-3,-1,1,10740
1987,577,1,218,9,-1,99999,-1,-1,-3,-1,1,10740
1988,578,1,2420,2,-1,99999,-1,-1,-3,-1,1,10800
1989,578,1,201,6,-1,99999,-1,-1,-3,-1,1,10800
1990,578,1,358,1,-1,99999,-1,-1,-3,-1,1,10800
1991,578,1,237,6,-1,99999,-1,-1,-3,-1,1,10800
1992,579,1,1816,2,-1,99999,-1,-1,-3,-1,1,10800
1993,579,1,2469,2,-1,99999,-1,-1,-3,-1,1,10800
1994,579,1,1301,2,-1,99999,-1,-1,-3,-1,1,10800
1995,579,1,25,4,-1,99999,-1,-1,-3,-1,1,10800
1996,579,1,19,6,-1,99999,-1,-1,-3,-1,1,10800
1997,579,1,89,4,-1,99999,-1,-1,-3,-1,1,10800
1998,579,1,465,4,-1,99999,-1,-1,-3,-1,1,10800
1999,579,1,333,3,-1,99999,-1,-1,-3,-1,1,10800
2000,579,1,61,4,-1,99999,-1,-1,-3,-1,1,10800
2001,580,1,15,12,-1,99999,-1,-1,-3,-1,1,10800
2002,580,1,79,7,-1,99999,-1,-1,-3,-1,1,10800
2003,580,1,1899,2,-1,99999,-1,-1,-3,-1,1,10800
2004,581,1,7,6,-1,99999,-1,-1,-3,-1,1,10800
2005,581,1,264,10,-1,99999,-1,-1,-3,-1,1,10800
2006,581,1,225,7,-1,99999,-1,-1,-3,-1,1,10800
2007,581,1,284,6,-1,99999,-1,-1,-3,-1,1,10800
2008,582,1,311,4,-1,99999,-1,-1,-3,-1,1,10800
2009,582,1,1036,11,-1,99999,-1,-1,-3,-1,1,10800
2010,582,1,2,8,-1,99999,-1,-1,-3,-1,1,10800
2011,583,1,1703,2,-1,99999,-1,-1,-3,-1,1,10800
2012,584,1,80,10,-1,99999,-1,-1,-3,-1,1,10860
2013,584,1,54,8,-1,99999,-1,-1,-3,-1,1,10860
2014,585,1,945,10,-1,99999,-1,-1,-3,-1,1,10860
2015,585,1,128,1,-1,99999,-1,-1,-3,-1,1,10860
2016,585,1,2953,3,-1,99999,-1,-1,-3,-1,1,10860
2017,586,1,1462,4,-1,99999,-1,-1,-3,-1,1,10860
2018,586,1,972,12,-1,99999,-1,-1,-3,-1,1,10860
2019,587,1,2149,2,-1,99999,-1,-1,-3,-1,1,10920
2020,587,1,5,6,-1,99999,-1,-1,-3,-1,1,10920
2021,587,1,7,4,-1,99999,-1,-1,-3,-1,1,10920
2022,587,1,981,8,-1,99999,-1,-1,-3,-1,1,10920
2023,588,1,2,9,-1,99999,-1,-1,-3,-1,1,10920
2024,588,1,3117,3,-1,99999,-1,-1,-3,-1,1,10920
2025,589,1,253,4,-1,99999,-1,-1,-3,-1,1,10920
2026,589,1,628,4,-1,99999,-1,-1,-3,-1,1,10920
2027,590,1,257,8,-1,99999,-1,-1,-3,-1,1,10920
2028,590,1,1800,2,-1,99999,-1,-1,-3,-1,1,10920
2029,590,1,125,3,-1,99999,-1,-1,-3,-1,1,10920
2030,590,1,302,4,-1,99999,-1,-1,-3,-1,1,10920
2031,590,1,57,10,-1,99999,-1,-1,-3,-1,1,10920
2032,590,1,484,11,-1,99999,-1,-1,-3,-1,1,10920
2033,590,1,148,6,-1,99999,-1,-1,-3,-1,1,10920
2034,590,1,687,3,-1,99999,-1,-1,-3,-1,1,10920
2035,591,1,1244,12,-1,99999,-1,-1,-3,-1,1,10920
2036,591,1,395,10,-1,99999,-1,-1,-3,-1,1,10920
2037,592,1,2196,1,-1,99999,-1,-1,-3,-1,1,10920
2038,592,1,112,9,-1,99999,-1,-1,-3,-1,1,10920
2039,592,1,486,6,-1,99999,-1,-1,-3,-1,1,10920
2040,592,1,55,10,-1,99999,-1,-1,-3,-1,1,10920
2041,593,1,697,3,-1,99999,-1,-1,-3,-1,1,10920
2042,593,1,35,6,-1,99999,-1,-1,-3,-1,1,10920
2043,594,1,177,5,-1,99999,-1,-1,-3,-1,1,10980
2044,594,1,3,8,-1,99999,-1,-1,-3,-1,1,10980
2045,594,1,364,9,-1,99999,-1,-1,-3,-1,1,10980
2046,594,1,1724,2,-1,99999,-1,-1,-3,-1,1,10980
2047,595,1,1746,2,-1,99999,-1,-1,-3,-1,1,11040
2048,595,1,1025,6,-1,99999,-1,-1,-3,-1,1,11040
2049,595,1,614,2,-1,99999,-1,-1,-3,-1,1,11040
2050,596,1,244,3,-1,99999,-1,-1,-3,-1,1,11040
2051,597,1,217,5,-1,99999,-1,-1,-3,-1,1,11040
2052,597,1,2,12,-1,99999,-1,-1,-3,-1,1,11040
2053,597,1,1709,3,-1,99999,-1,-1,-3,-1,1,11040
2054,598,1,167,4,-1,99999,-1,-1,-3,-1,1,11100
2055,598,1,269,10,-1,99999,-1,-1,-3,-1,1,11100
2056,598,1,2498,3,-1,99999,-1,-1,-3,-1,1,11100
2057,598,1,131,12,-1,99999,-1,-1,-3,-1,1,11100
2058,598,1,1715,1,-1,99999,-1,-1,-3,-1,1,11100
2059,598,1,324,6,-1,99999,-1,-1,-3,-1,1,11100
2060,598,1,56,8,-1,99999,-1,-1,-3,-1,1,11100
2061,599,1,1219,11,-1,99999,-1,-1,-3,-1,1,11100
2062,599,1,130,8,-1,99999,-1,-1,-3,-1,1,11100
2063,599,1,550,4,-1,99999,-1,-1,-3,-1,1,11100
2064,600,1,674,10,-1,99999,-1,-1,-3,-1,1,11100
2065,600,1,916,6,-1,99999,-1,-1,-3,-1,1,11100
2066,600,1,1249,8,-1,99999,-1,-1,-3,-1,1,11100
2067,600,1,20,5,-1,99999,-1,-1,-3,-1,1,11100
2068,601,1,236,12,-1,99999,-1,-1,-3,-1,1,11160
2069,601,1,1271,9,-1,99999,-1,-1,-3,-1,1,11160
2070,601,1,99,7,-1,99999,-1,-1,-3,-1,1,11160
2071,602,1,105,4,-1,99999,-1,-1,-3,-1,1,11220
2072,602,1,219,2,-1,99999,-1,-1,-3,-1,1,11220
2073,602,1,349,8,-1,99999,-1,-1,-3,-1,1,11220
2074,602,1,236,7,-1,99999,-1,-1,-3,-1,1,11220
2075,603,1,305,8,-1,99999,-1,-1,-3,-1,1,11220
2076,603,1,107,9,-1,99999,-1,-1,-3,-1,1,11220
2077,604,1,80,10,-1,99999,-1,-1,-3,-1,1,11220
2078,604,1,1445,2,-1,99999,-1,-1,-3,-1,1,11220
2079,604,1,326,8,-1,99999,-1,-1,-3,-1,1,11220
2080,604,1,288,2,-1,99999,-1,-1,-3,-1,1,11220
2081,605,1,187,6,-1,99999,-1,-1,-3,-1,1,11220
2082,605,1,232,2,-1,99999,-1,-1,-3,-1,1,11220
2083,605,1,270,7,-1,99999,-1,-1,-3,-1,1,11220
2084,605,1,68,8,-1,99999,-1,-1,-3,-1,1,11220
2085,605,1,782,5,-1,99999,-1,-1,-3,-1,1,11220
2086,605,1,5,12,-1,99999,-1,-1,-3,-1,1,11220
2087,605,1,547,8,-1,99999,-1,-1,-3,-1,1,11220
2088,605,1,16,6,-1,99999,-1,-1,-3,-1,1,11220
2089,605,1,117,10,-1,99999,-1,-1,-3,-1,1,11220
2090,605,1,80,8,-1,99999,-1,-1,-3,-1,1,11220
2091,606,1,1590,2,-1,99999,-1,-1,-3,-1,1,11220
2092,606,1,440,2,-1,99999,-1,-1,-3,-1,1,11220
2093,607,1,1264,8,-1,99999,-1,-1,-3,-1,1,11280
2094,607,1,10,8,-1,99999,-1,-1,-3,-1,1,11280
2095,607,1,447,12,-1,99999,-1,-1,-3,-1,1,11280
2096,608,1,5,2,-1,99999,-1,-1,-3,-1,1,11280
2097,608,1,1577,3,-1,99999,-1,-1,-3,-1,1,11280
2098,608,1,1631,4,-1,99999,-1,-1,-3,-1,1,11280
2099,609,1,1339,12,-1,99999,-1,-1,-3,-1,1,11280
2100,609,1,170,6,-1,99999,-1,-1,-3,-1,1,11280
2101,609,1,132,10,-1,99999,-1,-1,-3,-1,1,11280
2102,609,1,261,11,-1,99999,-1,-1,-3,-1,1,11280
2103,609,1,6,10,-1,99999,-1,-1,-3,-1,1,11280
2104,609,1,133,7,-1,99999,-1,-1,-3,-1,1,11280
2105,609,1,3165,3,-1,99999,-1,-1,-3,-1,1,11280
2106,609,1,1184,4,-1,99999,-1,-1,-3,-1,1,11280
2107,610,1,1939,2,-1,99999,-1,-1,-3,-1,1,11280
2108,611,1,88,10,-1,99999,-1,-1,-3,-1,1,11340
2109,611,1,134,6,-1,99999,-1,-1,-3,-1,1,11340
2110,611,1,94,3,-1,99999,-1,-1,-3,-1,1,11340
2111,611,1,715,6,-1,99999,-1,-1,-3,-1,1,11340
2112,611,1,191,10,-1,99999,-1,-1,-3,-1,1,11340
2113,611,1,670,10,-1,99999,-1,-1,-3,-1,1,11340
2114,611,1,17,3,-1,99999,-1,-1,-3,-1,1,11340
2115,611,1,2217,1,-1,99999,-1,-1,-3,-1,1,11340
2116,612,1,329,10,-1,99999,-1,-1,-3,-1,1,11340
2117,612,1,1,2,-1,99999,-1,-1,-3,-1,1,11340
2118,612,1,1302,11,-1,99999,-1,-1,-3,-1,1,11340
2119,613,1,335,8,-1,99999,-1,-1,-3,-1,1,11400
2120,613,1,101,10,-1,99999,-1,-1,-3,-1,1,11400
2121,613,1,45,8,-1,99999,-1,-1,-3,-1,1,11400
2122,613,1,8,11,-1,99999,-1,-1,-3,-1,1,11400
2123,613,1,309,5,-1,99999,-1,-1,-3,-1,1,11400
2124,613,1,54,8,-1,99999,-1,-1,-3,-1,1,11400
2125,613,1,2195,2,-1,99999,-1,-1,-3,-1,1,11400
2126,613,1,198,4,-1,99999,-1,-1,-3,-1,1,11400
2127,613,1,60,4,-1,99999,-1,-1,-3,-1,1,11400
2128,613,1,377,6,-1,99999,-1,-1,-3,-1,1,11400
2129,613,1,419,5,-1,99999,-1,-1,-3,-1,1,11400
2130,614,1,47,6,-1,99999,-1,-1,-3,-1,1,11400
2131,615,1,2868,3,-1,99999,-1,-1,-3,-1,1,11400
2132,615,1,10,7,-1,99999,-1,-1,-3,-1,1,11400
2133,615,1,169,7,-1,99999,-1,-1,-3,-1,1,11400
2134,615,1,2231,2,-1,99999,-1,-1,-3,-1,1,11400
2135,615,1,434,4,-1,99999,-1,-1,-3,-1,1,11400
2136,615,1,1091,3,-1,99999,-1,-1,-3,-1,1,11400
2137,615,1,38,5,-1,99999,-1,-1,-3,-1,1,11400
2138,615,1,174,4,-1,99999,-1,-1,-3,-1,1,11400
2139,615,1,1421,12,-1,99999,-1,-1,-3,-1,1,11400
2140,616,1,809,4,-1,99999,-1,-1,-3,-1,1,11460
2141,616,1,185,10,-1,99999,-1,-1,-3,-1,1,11460
2142,616,1,1529,3,-1,99999,-1,-1,-3,-1,1,11460
2143,616,1,1768,9,-1,99999,-1,-1,-3,-1,1,11460
2144,617,1,66,11,-1,99999,-1,-1,-3,-1,1,11460
2145,617,1,179,8,-1,99999,-1,-1,-3,-1,1,11460
2146,617,1,159,8,-1,99999,-1,-1,-3,-1,1,11460
2147,617,1,278,9,-1,99999,-1,-1,-3,-1,1,11460
2148,617,1,2805,3,-1,99999,-1,-1,-3,-1,1,11460
2149,618,1,339,4,-1,99999,-1,-1,-3,-1,1,11460
2150,618,1,827,10,-1,99999,-1,-1,-3,-1,1,11460
2151,619,1,2031,2,-1,99999,-1,-1,-3,-1,1,11460
2152,619,1,74,9,-1,99999,-1,-1,-3,-1,1,11460
2153,619,1,7,5,-1,99999,-1,-1,-3,-1,1,11460
2154,619,1,48,8,-1,99999,-1,-1,-3,-1,1,11460
2155,620,1,98,10,-1,99999,-1,-1,-3,-1,1,11460
2156,621,1,1442,4,-1,99999,-1,-1,-3,-1,1,11460
2157,621,1,1403,2,-1,99999,-1,-1,-3,-1,1,11460
2158,622,1,650,4,-1,99999,-1,-1,-3,-1,1,11520
2159,622,1,146,6,-1,99999,-1,-1,-3,-1,1,11520
2160,622,1,2009,2,-1,99999,-1,-1,-3,-1,1,11520
2161,622,1,1206,3,-1,99999,-1,-1,-3,-1,1,11520
2162,622,1,98,4,-1,99999,-1,-1,-3,-1,1,11520
2163,622,1,2020,4,-1,99999,-1,-1,-3,-1,1,11520
2164,622,1,19,11,-1,99999,-1,-1,-3,-1,1,11520
2165,622,1,375,2,-1,99999,-1,-1,-3,-1,1,11520
2166,623,1,186,8,-1,99999,-1,-1,-3,-1,1,11520
2167,623,1,3225,2,-1,99999,-1,-1,-3,-1,1,11520
2168,624,1,478,8,-1,99999,-1,-1,-3,-1,1,11520
2169,624,1,89,4,-1,99999,-1,-1,-3,-1,1,11520
2170,624,1,2095,2,-1,99999,-1,-1,-3,-1,1,11520
2171,625,1,678,4,-1,99999,-1,-1,-3,-1,1,11520
2172,625,1,2092,1,-1,99999,-1,-1,-3,-1,1,11520
2173,625,1,169,4,-1,99999,-1,-1,-3,-1,1,11520
2174,625,1,0,6,-1,99999,-1,-1,-3,-1,1,11520
2175,625,1,428,3,-1,99999,-1,-1,-3,-1,1,11520
2176,625,1,2260,1,-1,99999,-1,-1,-3,-1,1,11520
2177,625,1,116,5,-1,99999,-1,-1,-3,-1,1,11520
2178,625,1,223,4,-1,99999,-1,-1,-3,-1,1,11520
2179,626,1,154,11,-1,99999,-1,-1,-3,-1,1,11520
2180,626,1,1317,1,-1,99999,-1,-1,-3,-1,1,11520
2181,626,1,1447,9,-1,99999,-1,-1,-3,-1,1,11520
2182,627,1,74,12,-1,99999,-1,-1,-3,-1,1,11580
2183,627,1,544,9,-1,99999,-1,-1,-3,-1,1,11580
2184,628,1,1509,1,-1,99999,-1,-1,-3,-1,1,11580
2185,628,1,1212,3,-1,99999,-1,-1,-3,-1,1,11580
2186,629,1,303,9,-1,99999,-1,-1,-3,-1,1,11580
2187,629,1,305,6,-1,99999,-1,-1,-3,-1,1,11580
2188,629,1,582,7,-1,99999,-1,-1,-3,-1,1,11580
2189,630,1,448,10,-1,99999,-1,-1,-3,-1,1,11580
2190,630,1,1719,4,-1,99999,-1,-1,-3,-1,1,11580
2191,630,1,2914,3,-1,99999,-1,-1,-3,-1,1,11580
2192,630,1,148,5,-1,99999,-1,-1,-3,-1,1,11580
2193,630,1,1546,3,-1,99999,-1,-1,-3,-1,1,11580
2194,630,1,435,8,-1,99999,-1,-1,-3,-1,1,11580
2195,630,1,1979,2,-1,99999,-1,-1,-3,-1,1,11580
2196,630,1,315,6,-1,99999,-1,-1,-3,-1,1,11580
2197,631,1,474,6,-1,99999,-1,-1,-3,-1,1,11640
2198,631,1,731,3,-1,99999,-1,-1,-3,-1,1,11640
2199,631,1,10,12,-1,99999,-1,-1,-3,-1,1,11640
2200,631,1,2475,4,-1,99999,-1,-1,-3,-1,1,11640
2201,631,1,1447,7,-1,99999,-1,-1,-3,-1,1,11640
2202,631,1,124,2,-1,99999,-1,-1,-3,-1,1,11640
2203,632,1,1256,1,-1,99999,-1,-1,-3,-1,1,11640
2204,632,1,1307,8,-1,99999,-1,-1,-3,-1,1,11640
2205,632,1,56,2,-1,99999,-1,-1,-3,-1,1,11640
2206,632,1,66,4,-1,99999,-1,-1,-3,-1,1,11640
2207,632,1,875,2,-1,99999,-1,-1,-3,-1,1,11640
2208,632,1,1478,11,-1,99999,-1,-1,-3,-1,1,11640
2209,632,1,918,2,-1,99999,-1,-1,-3,-1,1,11640
2210,633,1,2055,3,-1,99999,-1,-1,-3,-1,1,11640
2211,634,1,233,12,-1,99999,-1,-1,-3,-1,1,11640
2212,634,1,196,6,-1,99999,-1,-1,-3,-1,1,11640
2213,634,1,980,2,-1,99999,-1,-1,-3,-1,1,11640
2214,634,1,14,4,-1,99999,-1,-1,-3,-1,1,11640
2215,634,1,188,12,-1,99999,-1,-1,-3,-1,1,11640
2216,634,1,151,8,-1,99999,-1,-1,-3,-1,1,11640
2217,634,1,597,7,-1,99999,-1,-1,-3,-1,1,11640
2218,634,1,369,7,-1,99999,-1,-1,-3,-1,1,11640
2219,635,1,58,8,-1,99999,-1,-1,-3,-1,1,11700
2220,635,1,1275,8,-1,99999,-1,-1,-3,-1,1,11700
2221,635,1,3056,3,-1,99999,-1,-1,-3,-1,1,11700
2222,636,1,2683,1,-1,99999,-1,-1,-3,-1,1,11700
2223,636,1,1,4,-1,99999,-1,-1,-3,-1,1,11700
2224,637,1,1,8,-1,99999,-1,-1,-3,-1,1,11700
2225,637,1,122,6,-1,99999,-1,-1,-3,-1,1,11700
2226,637,1,5,6,-1,99999,-1,-1,-3,-1,1,11700
2227,638,1,85,8,-1,99999,-1,-1,-3,-1,1,11760
2228,638,1,643,9,-1,99999,-1,-1,-3,-1,1,11760
2229,639,1,447,4,-1,99999,-1,-1,-3,-1,1,11760
2230,639,1,524,2,-1,99999,-1,-1,-3,-1,1,11760
2231,639,1,2250,4,-1,99999,-1,-1,-3,-1,1,11760
2232,639,1,716,9,-1,99999,-1,-1,-3,-1,1,11760
2233,640,1,41,10,-1,99999,-1,-1,-3,-1,1,11760
2234,640,1,300,3,-1,99999,-1,-1,-3,-1,1,11760
2235,641,1,375,6,-1,99999,-1,-1,-3,-1,1,11760
2236,641,1,844,7,-1,99999,-1,-1,-3,-1,1,11760
2237,641,1,1647,4,-1,99999,-1,-1,-3,-1,1,11760
2238,641,1,641,8,-1,99999,-1,-1,-3,-1,1,11760
2239,641,1,49,4,-1,99999,-1,-1,-3,-1,1,11760
2240,642,1,123,4,-1,99999,-1,-1,-3,-1,1,11820
2241,642,1,159,5,-1,99999,-1,-1,-3,-1,1,11820
2242,643,1,13,8,-1,99999,-1,-1,-3,-1,1,11820
2243,644,1,33,8,-1,99999,-1,-1,-3,-1,1,11820
2244,644,1,992,4,-1,99999,-1,-1,-3,-1,1,11820
2245,644,1,44,11,-1,99999,-1,-1,-3,-1,1,11820
2246,644,1,321,9,-1,99999,-1,-1,-3,-1,1,11820
2247,645,1,88,6,-1,99999,-1,-1,-3,-1,1,11820
2248,645,1,434,10,-1,99999,-1,-1,-3,-1,1,11820
2249,645,1,1142,4,-1,99999,-1,-1,-3,-1,1,11820
2250,646,1,1158,8,-1,99999,-1,-1,-3,-1,1,11820
2251,646,1,2007,2,-1,99999,-1,-1,-3,-1,1,11820
2252,646,1,579,2,-1,99999,-1,-1,-3,-1,1,11820
2253,646,1,568,12,-1,99999,-1,-1,-3,-1,1,11820
2254,646,1,591,7,-1,99999,-1,-1,-3,-1,1,11820
2255,646,1,127,12,-1,99999,-1,-1,-3,-1,1,11820
2256,647,1,664,8,-1,99999,-1,-1,-3,-1,1,11880
2257,647,1,358,11,-1,99999,-1,-1,-3,-1,1,11880
2258,647,1,1093,4,-1,99999,-1,-1,-3,-1,1,11880
2259,647,1,986,7,-1,99999,-1,-1,-3,-1,1,11880
2260,648,1,183,8,-1,99999,-1,-1,-3,-1,1,11940
2261,648,1,640,8,-1,99999,-1,-1,-3,-1,1,11940
2262,648,1,537,8,-1,99999,-1,-1,-3,-1,1,11940
2263,649,1,1304,4,-1,99999,-1,-1,-3,-1,1,11940
2264,649,1,184,6,-1,99999,-1,-1,-3,-1,1,11940
2265,650,1,132,8,-1,99999,-1,-1,-3,-1,1,11940
2266,650,1,1184,8,-1,99999,-1,-1,-3,-1,1,11940
2267,650,1,424,4,-1,99999,-1,-1,-3,-1,1,11940
2268,651,1,115,1,-1,99999,-1,-1,-3,-1,1,11940
2269,651,1,451,10,-1,99999,-1,-1,-3,-1,1,11940
2270,652,1,8,8,-1,99999,-1,-1,-3,-1,1,11940
2271,652,1,295,4,-1,99999,-1,-1,-3,-1,1,11940
2272,652,1,216,6,-1,99999,-1,-1,-3,-1,1,11940
2273,652,1,2501,4,-1,99999,-1,-1,-3,-1,1,11940
2274,652,1,473,2,-1,99999,-1,-1,-3,-1,1,11940
2275,652,1,35,9,-1,99999,-1,-1,-3,-1,1,11940
2276,652,1,704,10,-1,99999,-1,-1,-3,-1,1,11940
2277,652,1,2552,3,-1,99999,-1,-1,-3,-1,1,11940
2278,652,1,999,3,-1,99999,-1,-1,-3,-1,1,11940
2279,652,1,960,7,-1,99999,-1,-1,-3,-1,1,11940
2280,652,1,514,6,-1,99999,-1,-1,-3,-1,1,11940
2281,652,1,846,7,-1,99999,-1,-1,-3,-1,1,11940
2282,652,1,1968,4,-1,99999,-1,-1,-3,-1,1,11940
2283,652,1,128,12,-1,99999,-1,-1,-3,-1,1,11940
2284,652,1,1296,10,-1,99999,-1,-1,-3,-1,1,11940
2285,652,1,82,4,-1,99999,-1,-1,-3,-1,1,11940
2286,652,1,137,2,-1,99999,-1,-1,-3,-1,1,11940
2287,652,1,154,5,-1,99999,-1,-1,-3,-1,1,11940
2288,653,1,1633,5,-1,99999,-1,-1,-3,-1,1,11940
2289,653,1,56,2,-1,99999,-1,-1,-3,-1,1,11940
2290,653,1,11,4,-1,99999,-1,-1,-3,-1,1,11940
2291,653,1,662,7,-1,99999,-1,-1,-3,-1,1,11940
2292,653,1,158,4,-1,99999,-1,-1,-3,-1,1,11940
2293,654,1,9,4,-1,99999,-1,-1,-3,-1,1,11940
2294,654,1,1159,2,-1,99999,-1,-1,-3,-1,1,11940
2295,655,1,400,8,-1,99999,-1,-1,-3,-1,1,11940
2296,655,1,11,9,-1,99999,-1,-1,-3,-1,1,11940
2297,655,1,1450,4,-1,99999,-1,-1,-3,-1,1,11940
2298,655,1,66,7,-1,99999,-1,-1,-3,-1,1,11940
2299,655,1,2984,1,-1,99999,-1,-1,-3,-1,1,11940
2300,655,1,1103,4,-1,99999,-1,-1,-3,-1,1,11940
2301,656,1,172,4,-1,99999,-1,-1,-3,-1,1,12000
2302,657,1,1478,8,-1,99999,-1,-1,-3,-1,1,12060
2303,658,1,546,11,-1,99999,-1,-1,-3,-1,1,12120
2304,658,1,1302,9,-1,99999,-1,-1,-3,-1,1,12120
2305,658,1,149,7,-1,99999,-1,-1,-3,-1,1,12120
2306,659,1,1592,2,-1,99999,-1,-1,-3,-1,1,12120
2307,659,1,27,4,-1,99999,-1,-1,-3,-1,1,12120
2308,660,1,8,3,-1,99999,-1,-1,-3,-1,1,12120
2309,660,1,303,8,-1,99999,-1,-1,-3,-1,1,12120
2310,660,1,1337,2,-1,99999,-1,-1,-3,-1,1,12120
2311,661,1,61,8,-1,99999,-1,-1,-3,-1,1,12120
2312,661,1,606,6,-1,99999,-1,-1,-3,-1,1,12120
2313,661,1,392,10,-1,99999,-1,-1,-3,-1,1,12120
2314,661,1,26,3,-1,99999,-1,-1,-3,-1,1,12120
2315,661,1,103,12,-1,99999,-1,-1,-3,-1,1,12120
2316,662,1,265,10,-1,99999,-1,-1,-3,-1,1,12180
2317,662,1,32,11,-1,99999,-1,-1,-3,-1,1,12180
2318,662,1,91,4,-1,99999,-1,-1,-3,-1,1,12180
2319,662,1,358,6,-1,99999,-1,-1,-3,-1,1,12180
2320,662,1,372,6,-1,99999,-1,-1,-3,-1,1,12180
2321,662,1,319,5,-1,99999,-1,-1,-3,-1,1,12180
2322,662,1,2050,1,-1,99999,-1,-1,-3,-1,1,12180
2323,662,1,215,9,-1,99999,-1,-1,-3,-1,1,12180
2324,662,1,432,6,-1,99999,-1,-1,-3,-1,1,12180
2325,663,1,300,2,-1,99999,-1,-1,-3,-1,1,12180
2326,663,1,76,6,-1,99999,-1,-1,-3,-1,1,12180
2327,663,1,8,8,-1,99999,-1,-1,-3,-1,1,12180
2328,664,1,38,1,-1,99999,-1,-1,-3,-1,1,12180
2329,664,1,24,10,-1,99999,-1,-1,-3,-1,1,12180
2330,664,1,249,8,-1,99999,-1,-1,-3,-1,1,12180
2331,664,1,757,10,-1,99999,-1,-1,-3,-1,1,12180
2332,664,1,31,8,-1,99999,-1,-1,-3,-1,1,12180
2333,665,1,236,8,-1,99999,-1,-1,-3,-1,1,12180
2334,665,1,143,4,-1,99999,-1,-1,-3,-1,1,12180
2335,665,1,162,10,-1,99999,-1,-1,-3,-1,1,12180
2336,665,1,480,5,-1,99999,-1,-1,-3,-1,1,12180
2337,665,1,1088,6,-1,99999,-1,-1,-3,-1,1,12180
2338,665,1,244,8,-1,99999,-1,-1,-3,-1,1,12180
2339,665,1,63,3,-1,99999,-1,-1,-3,-1,1,12180
2340,666,1,2382,3,-1,99999,-1,-1,-3,-1,1,12240
2341,666,1,201,6,-1,99999,-1,-1,-3,-1,1,12240
2342,666,1,332,12,-1,99999,-1,-1,-3,-1,1,12240
2343,666,1,252,9,-1,99999,-1,-1,-3,-1,1,12240
2344,666,1,299,6,-1,99999,-1,-1,-3,-1,1,12240
2345,667,1,85,10,-1,99999,-1,-1,-3,-1,1,12240
2346,667,1,59,6,-1,99999,-1,-1,-3,-1,1,12240
2347,667,1,241,4,-1,99999,-1,-1,-3,-1,1,12240
2348,667,1,39,9,-1,99999,-1,-1,-3,-1,1,12240
2349,667,1,522,1,-1,99999,-1,-1,-3,-1,1,12240
2350,668,1,147,4,-1,99999,-1,-1,-3,-1,1,12240
2351,669,1,56,8,-1,99999,-1,-1,-3,-1,1,12300
2352,670,1,321,8,-1,99999,-1,-1,-3,-1,1,12300
2353,670,1,93,5,-1,99999,-1,-1,-3,-1,1,12300
2354,670,1,1665,3,-1,99999,-1,-1,-3,-1,1,12300
2355,670,1,56,10,-1,99999,-1,-1,-3,-1,1,12300
2356,670,1,1867,2,-1,99999,-1,-1,-3,-1,1,12300
2357,670,1,2600,3,-1,99999,-1,-1,-3,-1,1,12300
2358,671,1,1382,2,-1,99999,-1,-1,-3,-1,1,12360
2359,671,1,1088,6,-1,99999,-1,-1,-3,-1,1,12360
2360,671,1,36,8,-1,99999,-1,-1,-3,-1,1,12360
2361,671,1,2388,2,-1,99999,-1,-1,-3,-1,1,12360
2362,671,1,206,5,-1,99999,-1,-1,-3,-1,1,12360
2363,671,1,269,2,-1,99999,-1,-1,-3,-1,1,12360
2364,672,1,10,11,-1,99999,-1,-1,-3,-1,1,12360
2365,672,1,215,6,-1,99999,-1,-1,-3,-1,1,12360
2366,672,1,778,10,-1,99999,-1,-1,-3,-1,1,12360
2367,672,1,308,10,-1,99999,-1,-1,-3,-1,1,12360
2368,672,1,76,3,-1,99999,-1,-1,-3,-1,1,12360
2369,672,1,128,5,-1,99999,-1,-1,-3,-1,1,12360
2370,672,1,614,2,-1,99999,-1,-1,-3,-1,1,12360
2371,672,1,199,5,-1,99999,-1,-1,-3,-1,1,12360
2372,672,1,2924,2,-1,99999,-1,-1,-3,-1,1,12360
2373,672,1,1835,2,-1,99999,-1,-1,-3,-1,1,12360
2374,672,1,329,8,-1,99999,-1,-1,-3,-1,1,12360
2375,673,1,34,8,-1,99999,-1,-1,-3,-1,1,12360
2376,673,1,688,8,-1,99999,-1,-1,-3,-1,1,12360
2377,673,1,25,12,-1,99999,-1,-1,-3,-1,1,12360
2378,673,1,1421,12,-1,99999,-1,-1,-3,-1,1,12360
2379,673,1,899,3,-1,99999,-1,-1,-3,-1,1,12360
2380,674,1,134,2,-1,99999,-1,-1,-3,-1,1,12360
2381,674,1,7,8,-1,99999,-1,-1,-3,-1,1,12360
2382,674,1,103,7,-1,99999,-1,-1,-3,-1,1,12360
2383,674,1,424,12,-1,99999,-1,-1,-3,-1,1,12360
2384,674,1,0,8,-1,99999,-1,-1,-3,-1,1,12360
2385,674,1,1381,6,-1,99999,-1,-1,-3,-1,1,12360
2386,675,1,505,7,-1,99999,-1,-1,-3,-1,1,12360
2387,675,1,1222,4,-1,99999,-1,-1,-3,-1,1,12360
2388,675,1,433,10,-1,99999,-1,-1,-3,-1,1,12360
2389,675,1,4,10,-1,99999,-1,-1,-3,-1,1,12360
2390,675,1,2,4,-1,99999,-1,-1,-3,-1,1,12360
2391,675,1,2435,3,-1,99999,-1,-1,-3,-1,1,12360
2392,675,1,34,7,-1,99999,-1,-1,-3,-1,1,12360
2393,675,1,126,6,-1,99999,-1,-1,-3,-1,1,12360
2394,675,1,112,6,-1,99999,-1,-1,-3,-1,1,12360
2395,676,1,171,6,-1,99999,-1,-1,-3,-1,1,12360
2396,677,1,68,10,-1,99999,-1,-1,-3,-1,1,12420
2397,677,1,54,4,-1,99999,-1,-1,-3,-1,1,12420
2398,677,1,1982,2,-1,99999,-1,-1,-3,-1,1,12420
2399,677,1,8,2,-1,99999,-1,-1,-3,-1,1,12420
2400,678,1,2665,1,-1,99999,-1,-1,-3,-1,1,12420
2401,678,1,246,7,-1,99999,-1,-1,-3,-1,1,12420
2402,679,1,1996,2,-1,99999,-1,-1,-3,-1,1,12420
2403,679,1,148,12,-1,99999,-1,-1,-3,-1,1,12420
2404,679,1,1472,4,-1,99999,-1,-1,-3,-1,1,12420
2405,679,1,1742,3,-1,99999,-1,-1,-3,-1,1,12420
2406,679,1,2105,2,-1,99999,-1,-1,-3,-1,1,12420
2407,680,1,324,5,-1,99999,-1,-1,-3,-1,1,12480
2408,681,1,191,4,-1,99999,-1,-1,-3,-1,1,12480
2409,682,1,484,6,-1,99999,-1,-1,-3,-1,1,12480
2410,683,1,1947,4,-1,99999,-1,-1,-3,-1,1,12480
2411,683,1,268,5,-1,99999,-1,-1,-3,-1,1,12480
2412,684,1,178,9,-1,99999,-1,-1,-3,-1,1,12480
2413,684,1,1101,6,-1,99999,-1,-1,-3,-1,1,12480
2414,685,1,2698,2,-1,99999,-1,-1,-3,-1,1,12540
2415,686,1,207,3,-1,99999,-1,-1,-3,-1,1,12540
2416,686,1,634,8,-1,99999,-1,-1,-3,-1,1,12540
2417,686,1,340,8,-1,99999,-1,-1,-3,-1,1,12540
2418,686,1,382,4,-1,99999,-1,-1,-3,-1,1,12540
2419,687,1,32,6,-1,99999,-1,-1,-3,-1,1,12600
2420,687,1,135,7,-1,99999,-1,-1,-3,-1,1,12600
2421,687,1,3,8,-1,99999,-1,-1,-3,-1,1,12600
2422,687,1,26,8,-1,99999,-1,-1,-3,-1,1,12600
2423,687,1,228,10,-1,99999,-1,-1,-3,-1,1,12600
2424,687,1,209,3,-1,99999,-1,-1,-3,-1,1,12600
2425,688,1,759,5,-1,99999,-1,-1,-3,-1,1,12600
2426,688,1,862,3,-1,99999,-1,-1,-3,-1,1,12600
2427,688,1,207,7,-1,99999,-1,-1,-3,-1,1,12600
2428,688,1,46,6,-1,99999,-1,-1,-3,-1,1,12600
2429,689,1,247,11,-1,99999,-1,-1,-3,-1,1,12660
2430,689,1,22,4,-1,99999,-1,-1,-3,-1,1,12660
2431,689,1,6,2,-1,99999,-1,-1,-3,-1,1,12660
2432,689,1,605,4,-1,99999,-1,-1,-3,-1,1,12660
2433,690,1,833,4,-1,99999,-1,-1,-3,-1,1,12720
2434,690,1,2613,3,-1,99999,-1,-1,-3,-1,1,12720
2435,690,1,186,12,-1,99999,-1,-1,-3,-1,1,12720
2436,690,1,2,8,-1,99999,-1,-1,-3,-1,1,12720
2437,690,1,504,8,-1,99999,-1,-1,-3,-1,1,12720
2438,690,1,247,4,-1,99999,-1,-1,-3,-1,1,12720
2439,690,1,7,8,-1,99999,-1,-1,-3,-1,1,12720
2440,690,1,330,3,-1,99999,-1,-1,-3,-1,1,12720
2441,690,1,294,6,-1,99999,-1,-1,-3,-1,1,12720
2442,690,1,366,7,-1,99999,-1,-1,-3,-1,1,12720
2443,690,1,232,2,-1,99999,-1,-1,-3,-1,1,12720
2444,690,1,50,6,-1,99999,-1,-1,-3,-1,1,12720
2445,690,1,113,2,-1,99999,-1,-1,-3,-1,1,12720
2446,690,1,313,4,-1,99999,-1,-1,-3,-1,1,12720
2447,690,1,1064,4,-1,99999,-1,-1,-3,-1,1,12720
2448,691,1,15,12,-1,99999,-1,-1,-3,-1,1,12720
2449,692,1,2228,2,-1,99999,-1,-1,-3,-1,1,12720
2450,692,1,1,4,-1,99999,-1,-1,-3,-1,1,12720
2451,692,1,813,3,-1,99999,-1,-1,-3,-1,1,12720
2452,692,1,1713,2,-1,99999,-1,-1,-3,-1,1,12720
2453,692,1,32,10,-1,99999,-1,-1,-3,-1,1,12720
2454,692,1,651,4,-1,99999,-1,-1,-3,-1,1,12720
2455,692,1,43,10,-1,99999,-1,-1,-3,-1,1,12720
2456,692,1,920,8,-1,99999,-1,-1,-3,-1,1,12720
2457,692,1,509,4,-1,99999,-1,-1,-3,-1,1,12720
2458,692,1,3,3,-1,99999,-1,-1,-3,-1,1,12720
2459,692,1,726,3,-1,99999,-1,-1,-3,-1,1,12720
2460,692,1,19,11,-1,99999,-1,-1,-3,-1,1,12720
2461,692,1,1778,2,-1,99999,-1,-1,-3,-1,1,12720
2462,692,1,93,4,-1,99999,-1,-1,-3,-1,1,12720
2463,692,1,2375,2,-1,99999,-1,-1,-3,-1,1,12720
2464,693,1,848,2,-1,99999,-1,-1,-3,-1,1,12780
2465,693,1,3,5,-1,99999,-1,-1,-3,-1,1,12780
2466,693,1,1665,3,-1,99999,-1,-1,-3,-1,1,12780
2467,693,1,0,3,-1,99999,-1,-1,-3,-1,1,12780
2468,693,1,1599,6,-1,99999,-1,-1,-3,-1,1,12780
2469,693,1,61,11,-1,99999,-1,-1,-3,-1,1,12780
2470,693,1,295,12,-1,99999,-1,-1,-3,-1,1,12780
2471,694,1,1223,7,-1,99999,-1,-1,-3,-1,1,12780
2472,694,1,2657,1,-1,99999,-1,-1,-3,-1,1,12780
2473,695,1,182,8,-1,99999,-1,-1,-3,-1,1,12780
2474,695,1,2,8,-1,99999,-1,-1,-3,-1,1,12780
2475,695,1,1713,1,-1,99999,-1,-1,-3,-1,1,12780
2476,695,1,416,6,-1,99999,-1,-1,-3,-1,1,12780
2477,695,1,228,6,-1,99999,-1,-1,-3,-1,1,12780
2478,696,1,2738,2,-1,99999,-1,-1,-3,-1,1,12840
2479,697,1,1917,2,-1,99999,-1,-1,-3,-1,1,12840
2480,697,1,114,8,-1,99999,-1,-1,-3,-1,1,12840
2481,698,1,400,9,-1,99999,-1,-1,-3,-1,1,12840
2482,699,1,6,8,-1,99999,-1,-1,-3,-1,1,12900
2483,700,1,90,8,-1,99999,-1,-1,-3,-1,1,12900
2484,700,1,592,6,-1,99999,-1,-1,-3,-1,1,12900
2485,701,1,386,6,-1,99999,-1,-1,-3,-1,1,12900
2486,701,1,30,6,-1,99999,-1,-1,-3,-1,1,12900
2487,701,1,648,2,-1,99999,-1,-1,-3,-1,1,12900
2488,702,1,1169,11,-1,99999,-1,-1,-3,-1,1,12960
2489,702,1,283,11,-1,99999,-1,-1,-3,-1,1,12960
2490,703,1,661,10,-1,99999,-1,-1,-3,-1,1,12960
2491,703,1,147,5,-1,99999,-1,-1,-3,-1,1,12960
2492,704,1,1207,10,-1,99999,-1,-1,-3,-1,1,12960
2493,705,1,121,8,-1,99999,-1,-1,-3,-1,1,12960
2494,705,1,17,6,-1,99999,-1,-1,-3,-1,1,12960
2495,705,1,90,6,-1,99999,-1,-1,-3,-1,1,12960
2496,705,1,67,3,-1,99999,-1,-1,-3,-1,1,12960
2497,705,1,480,6,-1,99999,-1,-1,-3,-1,1,12960
2498,706,1,182,3,-1,99999,-1,-1,-3,-1,1,12960
2499,707,1,0,3,-1,99999,-1,-1,-3,-1,1,12960
2500,708,1,22,4,-1,99999,-1,-1,-3,-1,1,13020
2501,709,1,758,7,-1,99999,-1,-1,-3,-1,1,13020
2502,709,1,543,4,-1,99999,-1,-1,-3,-1,1,13020
2503,709,1,528,6,-1,99999,-1,-1,-3,-1,1,13020
2504,709,1,2765,4,-1,99999,-1,-1,-3,-1,1,13020
2505,709,1,504,4,-1,99999,-1,-1,-3,-1,1,13020
2506,710,1,660,12,-1,99999,-1,-1,-3,-1,1,13020
2507,710,1,45,5,-1,99999,-1,-1,-3,-1,1,13020
2508,710,1,108,4,-1,99999,-1,-1,-3,-1,1,13020
2509,710,1,809,8,-1,99999,-1,-1,-3,-1,1,13020
2510,710,1,25,12,-1,99999,-1,-1,-3,-1,1,13020
2511,710,1,2378,1,-1,99999,-1,-1,-3,-1,1,13020
2512,711,1,130,4,-1,99999,-1,-1,-3,-1,1,13020
2513,712,1,101,8,-1,99999,-1,-1,-3,-1,1,13140
2514,712,1,1882,2,-1,99999,-1,-1,-3,-1,1,13140
2515,712,1,215,5,-1,99999,-1,-1,-3,-1,1,13140
2516,713,1,437,5,-1,99999,-1,-1,-3,-1,1,13200
2517,713,1,280,8,-1,99999,-1,-1,-3,-1,1,13200
2518,713,1,687,2,-1,99999,-1,-1,-3,-1,1,13200
2519,714,1,116,9,-1,99999,-1,-1,-3,-1,1,13200
2520,714,1,267,4,-1,99999,-1,-1,-3,-1,1,13200
2521,714,1,2624,3,-1,99999,-1,-1,-3,-1,1,13200
2522,714,1,550,9,-1,99999,-1,-1,-3,-1,1,13200
2523,714,1,449,1,-1,99999,-1,-1,-3,-1,1,13200
2524,715,1,647,8,-1,99999,-1,-1,-3,-1,1,13200
2525,715,1,226,5,-1,99999,-1,-1,-3,-1,1,13200
2526,715,1,241,4,-1,99999,-1,-1,-3,-1,1,13200
2527,715,1,1079,6,-1,99999,-1,-1,-3,-1,1,13200
2528,715,1,135,5,-1,99999,-1,-1,-3,-1,1,13200
2529,716,1,185,2,-1,99999,-1,-1,-3,-1,1,13200
2530,716,1,1203,5,-1,99999,-1,-1,-3,-1,1,13200
2531,716,1,113,5,-1,99999,-1,-1,-3,-1,1,13200
2532,716,1,753,6,-1,99999,-1,-1,-3,-1,1,13200
2533,717,1,187,10,-1,99999,-1,-1,-3,-1,1,13260
2534,717,1,109,4,-1,99999,-1,-1,-3,-1,1,13260
2535,718,1,2059,2,-1,99999,-1,-1,-3,-1,1,13260
2536,718,1,1441,5,-1,99999,-1,-1,-3,-1,1,13260
2537,718,1,861,4,-1,99999,-1,-1,-3,-1,1,13260
2538,718,1,433,5,-1,99999,-1,-1,-3,-1,1,13260
2539,718,1,97,9,-1,99999,-1,-1,-3,-1,1,13260
2540,719,1,892,4,-1,99999,-1,-1,-3,-1,1,13260
2541,720,1,238,3,-1,99999,-1,-1,-3,-1,1,13260
2542,720,1,14,4,-1,99999,-1,-1,-3,-1,1,13260
2543,720,1,129,6,-1,99999,-1,-1,-3,-1,1,13260
2544,720,1,22,6,-1,99999,-1,-1,-3,-1,1,13260
2545,720,1,6,8,-1,99999,-1,-1,-3,-1,1,13260
2546,720,1,1070,4,-1,99999,-1,-1,-3,-1,1,13260
2547,721,1,64,6,-1,99999,-1,-1,-3,-1,1,13320
2548,721,1,80,11,-1,99999,-1,-1,-3,-1,1,13320
2549,721,1,934,7,-1,99999,-1,-1,-3,-1,1,13320
2550,721,1,112,11,-1,99999,-1,-1,-3,-1,1,13320
2551,722,1,909,2,-1,99999,-1,-1,-3,-1,1,13320
2552,722,1,46,5,-1,99999,-1,-1,-3,-1,1,13320
2553,723,1,1528,4,-1,99999,-1,-1,-3,-1,1,13320
2554,723,1,5,4,-1,99999,-1,-1,-3,-1,1,13320
2555,723,1,2414,2,-1,99999,-1,-1,-3,-1,1,13320
2556,723,1,395,4,-1,99999,-1,-1,-3,-1,1,13320
2557,724,1,1214,9,-1,99999,-1,-1,-3,-1,1,13380
2558,724,1,925,4,-1,99999,-1,-1,-3,-1,1,13380
2559,724,1,384,6,-1,99999,-1,-1,-3,-1,1,13380
2560,724,1,199,3,-1,99999,-1,-1,-3,-1,1,13380
2561,724,1,337,10,-1,99999,-1,-1,-3,-1,1,13380
2562,724,1,213,5,-1,99999,-1,-1,-3,-1,1,13380
2563,725,1,17,6,-1,99999,-1,-1,-3,-1,1,13380
2564,725,1,447,9,-1,99999,-1,-1,-3,-1,1,13380
2565,725,1,1755,2,-1,99999,-1,-1,-3,-1,1,13380
2566,726,1,182,4,-1,99999,-1,-1,-3,-1,1,13380
2567,726,1,631,8,-1,99999,-1,-1,-3,-1,1,13380
2568,726,1,997,3,-1,99999,-1,-1,-3,-1,1,13380
2569,726,1,128,5,-1,99999,-1,-1,-3,-1,1,13380
2570,726,1,577,10,-1,99999,-1,-1,-3,-1,1,13380
2571,727,1,2234,2,-1,99999,-1,-1,-3,-1,1,13380
2572,728,1,24,6,-1,99999,-1,-1,-3,-1,1,13380
2573,729,1,929,12,-1,99999,-1,-1,-3,-1,1,13440
2574,730,1,180,10,-1,99999,-1,-1,-3,-1,1,13440
2575,730,1,39,10,-1,99999,-1,-1,-3,-1,1,13440
2576,730,1,3220,4,-1,99999,-1,-1,-3,-1,1,13440
2577,730,1,364,8,-1,99999,-1,-1,-3,-1,1,13440
2578,730,1,361,7,-1,99999,-1,-1,-3,-1,1,13440
2579,731,1,3,6,-1,99999,-1,-1,-3,-1,1,13500
2580,732,1,951,2,-1,99999,-1,-1,-3,-1,1,13500
2581,732,1,76,9,-1,99999,-1,-1,-3,-1,1,13500
2582,732,1,527,2,-1,99999,-1,-1,-3,-1,1,13500
2583,733,1,56,8,-1,99999,-1,-1,-3,-1,1,13500
2584,734,1,83,10,-1,99999,-1,-1,-3,-1,1,13500
2585,734,1,328,8,-1,99999,-1,-1,-3,-1,1,13500
2586,735,1,433,6,-1,99999,-1,-1,-3,-1,1,13560
2587,736,1,642,8,-1,99999,-1,-1,-3,-1,1,13560
2588,736,1,228,7,-1,99999,-1,-1,-3,-1,1,13560
2589,736,1,1316,2,-1,99999,-1,-1,-3,-1,1,13560
2590,737,1,429,3,-1,99999,-1,-1,-3,-1,1,13560
2591,737,1,471,6,-1,99999,-1,-1,-3,-1,1,13560
2592,737,1,2908,4,-1,99999,-1,-1,-3,-1,1,13560
2593,737,1,359,8,-1,99999,-1,-1,-3,-1,1,13560
2594,738,1,336,1,-1,99999,-1,-1,-3,-1,1,13560
2595,739,1,357,4,-1,99999,-1,-1,-3,-1,1,13620
2596,739,1,3,4,-1,99999,-1,-1,-3,-1,1,13620
2597,740,1,73,4,-1,99999,-1,-1,-3,-1,1,13620
2598,740,1,144,1,-1,99999,-1,-1,-3,-1,1,13620
2599,740,1,499,10,-1,99999,-1,-1,-3,-1,1,13620
2600,740,1,87,12,-1,99999,-1,-1,-3,-1,1,13620
2601,740,1,18,2,-1,99999,-1,-1,-3,-1,1,13620
2602,740,1,15,6,-1,99999,-1,-1,-3,-1,1,13620
2603,741,1,516,10,-1,99999,-1,-1,-3,-1,1,13680
2604,742,1,73,6,-1,99999,-1,-1,-3,-1,1,13740
2605,742,1,266,6,-1,99999,-1,-1,-3,-1,1,13740
2606,742,1,387,7,-1,99999,-1,-1,-3,-1,1,13740
2607,743,1,1168,5,-1,99999,-1,-1,-3,-1,1,13740
2608,743,1,1902,2,-1,99999,-1,-1,-3,-1,1,13740
2609,744,1,879,2,-1,99999,-1,-1,-3,-1,1,13740
2610,745,1,158,2,-1,99999,-1,-1,-3,-1,1,13740
2611,746,1,161,4,-1,99999,-1,-1,-3,-1,1,13740
2612,746,1,748,3,-1,99999,-1,-1,-3,-1,1,13740
2613,746,1,39,10,-1,99999,-1,-1,-3,-1,1,13740
2614,747,1,2812,2,-1,99999,-1,-1,-3,-1,1,13740
2615,747,1,1637,2,-1,99999,-1,-1,-3,-1,1,13740
2616,747,1,0,2,-1,99999,-1,-1,-3,-1,1,13740
2617,747,1,264,3,-1,99999,-1,-1,-3,-1,1,13740
2618,747,1,1684,3,-1,99999,-1,-1,-3,-1,1,13740
2619,747,1,834,10,-1,99999,-1,-1,-3,-1,1,13740
2620,747,1,785,7,-1,99999,-1,-1,-3,-1,1,13740
2621,747,1,1848,2,-1,99999,-1,-1,-3,-1,1,13740
2622,748,1,310,4,-1,99999,-1,-1,-3,-1,1,13800
2623,748,1,83,12,-1,99999,-1,-1,-3,-1,1,13800
2624,749,1,2325,3,-1,99999,-1,-1,-3,-1,1,13800
2625,750,1,1222,6,-1,99999,-1,-1,-3,-1,1,13860
2626,751,1,1126,4,-1,99999,-1,-1,-3,-1,1,13860
2627,751,1,1459,3,-1,99999,-1,-1,-3,-1,1,13860
2628,751,1,1675,1,-1,99999,-1,-1,-3,-1,1,13860
2629,752,1,20,6,-1,99999,-1,-1,-3,-1,1,13860
2630,752,1,314,6,-1,99999,-1,-1,-3,-1,1,13860
2631,752,1,131,2,-1,99999,-1,-1,-3,-1,1,13860
2632,752,1,189,8,-1,99999,-1,-1,-3,-1,1,13860
2633,753,1,47,4,-1,99999,-1,-1,-3,-1,1,13920
2634,753,1,895,2,-1,99999,-1,-1,-3,-1,1,13920
2635,753,1,207,12,-1,99999,-1,-1,-3,-1,1,13920
2636,754,1,2170,1,-1,99999,-1,-1,-3,-1,1,13980
2637,754,1,13,12,-1,99999,-1,-1,-3,-1,1,13980
2638,755,1,908,2,-1,99999,-1,-1,-3,-1,1,13980
2639,755,1,839,6,-1,99999,-1,-1,-3,-1,1,13980
2640,755,1,1375,9,-1,99999,-1,-1,-3,-1,1,13980
2641,755,1,225,12,-1,99999,-1,-1,-3,-1,1,13980
2642,756,1,28,5,-1,99999,-1,-1,-3,-1,1,13980
2643,756,1,73,6,-1,99999,-1,-1,-3,-1,1,13980
2644,756,1,2584,2,-1,99999,-1,-1,-3,-1,1,13980
2645,756,1,455,8,-1,99999,-1,-1,-3,-1,1,13980
2646,756,1,95,5,-1,99999,-1,-1,-3,-1,1,13980
2647,756,1,299,7,-1,99999,-1,-1,-3,-1,1,13980
2648,757,1,111,3,-1,99999,-1,-1,-3,-1,1,13980
2649,757,1,285,9,-1,99999,-1,-1,-3,-1,1,13980
2650,757,1,3129,2,-1,99999,-1,-1,-3,-1,1,13980
2651,757,1,391,5,-1,99999,-1,-1,-3,-1,1,13980
2652,757,1,3,4,-1,99999,-1,-1,-3,-1,1,13980
2653,757,1,109,10,-1,99999,-1,-1,-3,-1,1,13980
2654,757,1,960,5,-1,99999,-1,-1,-3,-1,1,13980
2655,757,1,7,7,-1,99999,-1,-1,-3,-1,1,13980
2656,757,1,1998,4,-1,99999,-1,-1,-3,-1,1,13980
2657,758,1,186,5,-1,99999,-1,-1,-3,-1,1,13980
2658,758,1,1940,2,-1,99999,-1,-1,-3,-1,1,13980
2659,759,1,1666,4,-1,99999,-1,-1,-3,-1,1,14040
2660,759,1,1404,2,-1,99999,-1,-1,-3,-1,1,14040
2661,759,1,98,6,-1,99999,-1,-1,-3,-1,1,14040
2662,760,1,1576,8,-1,99999,-1,-1,-3,-1,1,14040
2663,760,1,269,9,-1,99999,-1,-1,-3,-1,1,14040
2664,761,1,20,6,-1,99999,-1,-1,-3,-1,1,14040
2665,762,1,1216,10,-1,99999,-1,-1,-3,-1,1,14040
2666,762,1,528,7,-1,99999,-1,-1,-3,-1,1,14040
2667,762,1,71,8,-1,99999,-1,-1,-3,-1,1,14040
2668,762,1,2984,2,-1,99999,-1,-1,-3,-1,1,14040
2669,762,1,160,11,-1,99999,-1,-1,-3,-1,1,14040
2670,763,1,1424,2,-1,99999,-1,-1,-3,-1,1,14100
2671,763,1,832,6,-1,99999,-1,-1,-3,-1,1,14100
2672,763,1,469,12,-1,99999,-1,-1,-3,-1,1,14100
2673,763,1,240,4,-1,99999,-1,-1,-3,-1,1,14100
2674,763,1,1190,2,-1,99999,-1,-1,-3,-1,1,14100
2675,763,1,504,6,-1,99999,-1,-1,-3,-1,1,14100
2676,764,1,1,6,-1,99999,-1,-1,-3,-1,1,14100
2677,765,1,402,6,-1,99999,-1,-1,-3,-1,1,14100
2678,765,1,2594,3,-1,99999,-1,-1,-3,-1,1,14100
2679,765,1,744,10,-1,99999,-1,-1,-3,-1,1,14100
2680,766,1,1941,1,-1,99999,-1,-1,-3,-1,1,14100
2681,767,1,3017,2,-1,99999,-1,-1,-3,-1,1,14160
2682,767,1,19,1,-1,99999,-1,-1,-3,-1,1,14160
2683,767,1,88,3,-1,99999,-1,-1,-3,-1,1,14160
2684,768,1,2,12,-1,99999,-1,-1,-3,-1,1,14160
2685,769,1,1678,1,-1,99999,-1,-1,-3,-1,1,14220
2686,770,1,75,10,-1,99999,-1,-1,-3,-1,1,14220
2687,770,1,1195,7,-1,99999,-1,-1,-3,-1,1,14220
2688,771,1,92,3,-1,99999,-1,-1,-3,-1,1,14220
2689,771,1,189,12,-1,99999,-1,-1,-3,-1,1,14220
2690,772,1,1147,6,-1,99999,-1,-1,-3,-1,1,14220
2691,772,1,163,6,-1,99999,-1,-1,-3,-1,1,14220
2692,772,1,589,2,-1,99999,-1,-1,-3,-1,1,14220
2693,772,1,384,4,-1,99999,-1,-1,-3,-1,1,14220
2694,773,1,288,2,-1,99999,-1,-1,-3,-1,1,14220
2695,774,1,888,3,-1,99999,-1,-1,-3,-1,1,14220
2696,774,1,72,5,-1,99999,-1,-1,-3,-1,1,14220
2697,774,1,40,10,-1,99999,-1,-1,-3,-1,1,14220
2698,774,1,14,12,-1,99999,-1,-1,-3,-1,1,14220
2699,775,1,34,4,-1,99999,-1,-1,-3,-1,1,14220
2700,776,1,568,11,-1,99999,-1,-1,-3,-1,1,14220
2701,777,1,18,4,-1,99999,-1,-1,-3,-1,1,14220
2702,778,1,18,10,-1,99999,-1,-1,-3,-1,1,14220
2703,778,1,138,2,-1,99999,-1,-1,-3,-1,1,14220
2704,778,1,1073,1,-1,99999,-1,-1,-3,-1,1,14220
2705,779,1,993,8,-1,99999,-1,-1,-3,-1,1,14280
2706,779,1,1590,1,-1,99999,-1,-1,-3,-1,1,14280
2707,779,1,964,2,-1,99999,-1,-1,-3,-1,1,14280
2708,779,1,500,12,-1,99999,-1,-1,-3,-1,1,14280
2709,780,1,125,9,-1,99999,-1,-1,-3,-1,1,14280
2710,781,1,569,3,-1,99999,-1,-1,-3,-1,1,14280
2711,781,1,9,4,-1,99999,-1,-1,-3,-1,1,14280
2712,781,1,28,4,-1,99999,-1,-1,-3,-1,1,14280
2713,781,1,0,1,-1,99999,-1,-1,-3,-1,1,14280
2714,782,1,251,6,-1,99999,-1,-1,-3,-1,1,14340
2715,782,1,2136,3,-1,99999,-1,-1,-3,-1,1,14340
2716,782,1,218,7,-1,99999,-1,-1,-3,-1,1,14340
2717,783,1,103,6,-1,99999,-1,-1,-3,-1,1,14340
2718,784,1,13,6,-1,99999,-1,-1,-3,-1,1,14340
2719,784,1,84,8,-1,99999,-1,-1,-3,-1,1,14340
2720,784,1,744,4,-1,99999,-1,-1,-3,-1,1,14340
2721,784,1,75,9,-1,99999,-1,-1,-3,-1,1,14340
2722,784,1,516,2,-1,99999,-1,-1,-3,-1,1,14340
2723,784,1,447,7,-1,99999,-1,-1,-3,-1,1,14340
2724,785,1,105,5,-1,99999,-1,-1,-3,-1,1,14340
2725,785,1,940,4,-1,99999,-1,-1,-3,-1,1,14340
2726,785,1,77,7,-1,99999,-1,-1,-3,-1,1,14340
2727,785,1,499,6,-1,99999,-1,-1,-3,-1,1,14340
2728,785,1,239,10,-1,99999,-1,-1,-3,-1,1,14340
2729,785,1,580,6,-1,99999,-1,-1,-3,-1,1,14340
2730,785,1,280,5,-1,99999,-1,-1,-3,-1,1,14340
2731,785,1,114,2,-1,99999,-1,-1,-3,-1,1,14340
2732,786,1,62,3,-1,99999,-1,-1,-3,-1,1,14400
2733,787,1,114,5,-1,99999,-1,-1,-3,-1,1,14460
2734,787,1,240,10,-1,99999,-1,-1,-3,-1,1,14460
2735,788,1,1106,4,-1,99999,-1,-1,-3,-1,1,14460
2736,788,1,219,1,-1,99999,-1,-1,-3,-1,1,14460
2737,788,1,133,8,-1,99999,-1,-1,-3,-1,1,14460
2738,788,1,56,6,-1,99999,-1,-1,-3,-1,1,14460
2739,789,1,2883,1,-1,99999,-1,-1,-3,-1,1,14520
2740,789,1,1,2,-1,99999,-1,-1,-3,-1,1,14520
2741,789,1,284,9,-1,99999,-1,-1,-3,-1,1,14520
2742,789,1,289,4,-1,99999,-1,-1,-3,-1,1,14520
2743,790,1,2604,3,-1,99999,-1,-1,-3,-1,1,14520
2744,790,1,511,9,-1,99999,-1,-1,-3,-1,1,14520
2745,791,1,1218,10,-1,99999,-1,-1,-3,-1,1,14520
2746,791,1,6,2,-1,99999,-1,-1,-3,-1,1,14520
2747,791,1,128,8,-1,99999,-1,-1,-3,-1,1,14520
2748,791,1,2945,3,-1,99999,-1,-1,-3,-1,1,14520
2749,791,1,153,6,-1,99999,-1,-1,-3,-1,1,14520
2750,791,1,3022,1,-1,99999,-1,-1,-3,-1,1,14520
2751,791,1,45,10,-1,99999,-1,-1,-3,-1,1,14520
2752,791,1,94,5,-1,99999,-1,-1,-3,-1,1,14520
2753,791,1,1164,8,-1,99999,-1,-1,-3,-1,1,14520
2754,792,1,1599,10,-1,99999,-1,-1,-3,-1,1,14580
2755,792,1,276,4,-1,99999,-1,-1,-3,-1,1,14580
2756,792,1,820,12,-1,99999,-1,-1,-3,-1,1,14580
2757,792,1,2,2,-1,99999,-1,-1,-3,-1,1,14580
2758,793,1,1,6,-1,99999,-1,-1,-3,-1,1,14580
2759,793,1,120,8,-1,99999,-1,-1,-3,-1,1,14580
2760,793,1,1776,2,-1,99999,-1,-1,-3,-1,1,14580
2761,793,1,65,4,-1,99999,-1,-1,-3,-1,1,14580
2762,793,1,655,2,-1,99999,-1,-1,-3,-1,1,14580
2763,793,1,17,8,-1,99999,-1,-1,-3,-1,1,14580
2764,793,1,2143,3,-1,99999,-1,-1,-3,-1,1,14580
2765,793,1,351,8,-1,99999,-1,-1,-3,-1,1,14580
2766,793,1,961,7,-1,99999,-1,-1,-3,-1,1,14580
2767,793,1,52,4,-1,99999,-1,-1,-3,-1,1,14580
2768,793,1,162,10,-1,99999,-1,-1,-3,-1,1,14580
2769,793,1,1989,2,-1,99999,-1,-1,-3,-1,1,14580
2770,794,1,1331,4,-1,99999,-1,-1,-3,-1,1,14580
2771,794,1,515,8,-1,99999,-1,-1,-3,-1,1,14580
2772,794,1,69,4,-1,99999,-1,-1,-3,-1,1,14580
2773,795,1,686,7,-1,99999,-1,-1,-3,-1,1,14580
2774,795,1,342,7,-1,99999,-1,-1,-3,-1,1,14580
2775,795,1,340,12,-1,99999,-1,-1,-3,-1,1,14580
2776,795,1,1239,3,-1,99999,-1,-1,-3,-1,1,14580
2777,796,1,213,9,-1,99999,-1,-1,-3,-1,1,14640
2778,796,1,30,3,-1,99999,-1,-1,-3,-1,1,14640
2779,797,1,764,8,-1,99999,-1,-1,-3,-1,1,14640
2780,797,1,203,5,-1,99999,-1,-1,-3,-1,1,14640
2781,797,1,205,7,-1,99999,-1,-1,-3,-1,1,14640
2782,798,1,1166,10,-1,99999,-1,-1,-3,-1,1,14700
2783,798,1,6,5,-1,99999,-1,-1,-3,-1,1,14700
2784,798,1,256,10,-1,99999,-1,-1,-3,-1,1,14700
2785,798,1,189,4,-1,99999,-1,-1,-3,-1,1,14700
2786,799,1,1247,6,-1,99999,-1,-1,-3,-1,1,14700
2787,800,1,2021,4,-1,99999,-1,-1,-3,-1,1,14700
2788,800,1,224,9,-1,99999,-1,-1,-3,-1,1,14700
2789,800,1,524,9,-1,99999,-1,-1,-3,-1,1,14700
2790,800,1,3,2,-1,99999,-1,-1,-3,-1,1,14700
2791,800,1,36,12,-1,99999,-1,-1,-3,-1,1,14700
2792,801,1,396,3,-1,99999,-1,-1,-3,-1,1,14700
2793,802,1,523,6,-1,99999,-1,-1,-3,-1,1,14760
2794,802,1,91,6,-1,99999,-1,-1,-3,-1,1,14760
2795,803,1,145,6,-1,99999,-1,-1,-3,-1,1,14760
2796,803,1,174,4,-1,99999,-1,-1,-3,-1,1,14760
2797,804,1,305,9,-1,99999,-1,-1,-3,-1,1,14760
2798,804,1,1846,2,-1,99999,-1,-1,-3,-1,1,14760
2799,804,1,810,10,-1,99999,-1,-1,-3,-1,1,14760
2800,804,1,2812,3,-1,99999,-1,-1,-3,-1,1,14760
2801,804,1,563,2,-1,99999,-1,-1,-3,-1,1,14760
2802,805,1,1978,4,-1,99999,-1,-1,-3,-1,1,14820
2803,805,1,1991,2,-1,99999,-1,-1,-3,-1,1,14820
2804,805,1,1782,2,-1,99999,-1,-1,-3,-1,1,14820
2805,805,1,42,5,-1,99999,-1,-1,-3,-1,1,14820
2806,805,1,158,1,-1,99999,-1,-1,-3,-1,1,14820
2807,806,1,101,4,-1,99999,-1,-1,-3,-1,1,14820
2808,806,1,198,2,-1,99999,-1,-1,-3,-1,1,14820
2809,807,1,300,6,-1,99999,-1,-1,-3,-1,1,14820
2810,807,1,1782,3,-1,99999,-1,-1,-3,-1,1,14820
2811,807,1,2206,2,-1,99999,-1,-1,-3,-1,1,14820
2812,807,1,590,6,-1,99999,-1,-1,-3,-1,1,14820
2813,807,1,1400,7,-1,99999,-1,-1,-3,-1,1,14820
2814,808,1,2566,1,-1,99999,-1,-1,-3,-1,1,14820
2815,809,1,344,6,-1,99999,-1,-1,-3,-1,1,14820
2816,810,1,198,2,-1,99999,-1,-1,-3,-1,1,14880
2817,810,1,141,5,-1,99999,-1,-1,-3,-1,1,14880
2818,811,1,952,6,-1,99999,-1,-1,-3,-1,1,14880
2819,812,1,110,9,-1,99999,-1,-1,-3,-1,1,14880
2820,812,1,633,7,-1,99999,-1,-1,-3,-1,1,14880
2821,812,1,43,3,-1,99999,-1,-1,-3,-1,1,14880
2822,813,1,1308,1,-1,99999,-1,-1,-3,-1,1,14880
2823,813,1,445,1,-1,99999,-1,-1,-3,-1,1,14880
2824,813,1,0,6,-1,99999,-1,-1,-3,-1,1,14880
2825,813,1,995,4,-1,99999,-1,-1,-3,-1,1,14880
2826,813,1,39,5,-1,99999,-1,-1,-3,-1,1,14880
2827,813,1,920,2,-1,99999,-1,-1,-3,-1,1,14880
2828,813,1,879,3,-1,99999,-1,-1,-3,-1,1,14880
2829,814,1,73,7,-1,99999,-1,-1,-3,-1,1,14880
2830,814,1,424,8,-1,99999,-1,-1,-3,-1,1,14880
2831,814,1,2864,2,-1,99999,-1,-1,-3,-1,1,14880
2832,815,1,8,7,-1,99999,-1,-1,-3,-1,1,14940
2833,815,1,21,8,-1,99999,-1,-1,-3,-1,1,14940
2834,816,1,664,5,-1,99999,-1,-1,-3,-1,1,15000
2835,816,1,1111,8,-1,99999,-1,-1,-3,-1,1,15000
2836,816,1,397,10,-1,99999,-1,-1,-3,-1,1,15000
2837,816,1,522,5,-1,99999,-1,-1,-3,-1,1,15000
2838,817,1,69,3,-1,99999,-1,-1,-3,-1,1,15000
2839,817,1,142,6,-1,99999,-1,-1,-3,-1,1,15000
2840,817,1,5,2,-1,99999,-1,-1,-3,-1,1,15000
2841,818,1,848,4,-1,99999,-1,-1,-3,-1,1,15000
2842,819,1,419,10,-1,99999,-1,-1,-3,-1,1,15060
2843,820,1,2666,3,-1,99999,-1,-1,-3,-1,1,15060
2844,821,1,9,10,-1,99999,-1,-1,-3,-1,1,15060
2845,822,1,15,7,-1,99999,-1,-1,-3,-1,1,15060
2846,822,1,1877,4,-1,99999,-1,-1,-3,-1,1,15060
2847,822,1,1084,5,-1,99999,-1,-1,-3,-1,1,15060
2848,822,1,1937,2,-1,99999,-1,-1,-3,-1,1,15060
2849,822,1,288,7,-1,99999,-1,-1,-3,-1,1,15060
2850,822,1,139,5,-1,99999,-1,-1,-3,-1,1,15060
2851,822,1,105,9,-1,99999,-1,-1,-3,-1,1,15060
2852,822,1,0,6,-1,99999,-1,-1,-3,-1,1,15060
2853,822,1,1889,4,-1,99999,-1,-1,-3,-1,1,15060
2854,822,1,153,11,-1,99999,-1,-1,-3,-1,1,15060
2855,822,1,239,8,-1,99999,-1,-1,-3,-1,1,15060
2856,822,1,80,6,-1,99999,-1,-1,-3,-1,1,15060
2857,823,1,51,12,-1,99999,-1,-1,-3,-1,1,15060
2858,823,1,16,5,-1,99999,-1,-1,-3,-1,1,15060
2859,824,1,93,5,-1,99999,-1,-1,-3,-1,1,15120
2860,824,1,479,11,-1,99999,-1,-1,-3,-1,1,15120
2861,824,1,223,6,-1,99999,-1,-1,-3,-1,1,15120
2862,825,1,7,5,-1,99999,-1,-1,-3,-1,1,15180
2863,825,1,798,6,-1,99999,-1,-1,-3,-1,1,15180
2864,825,1,61,5,-1,99999,-1,-1,-3,-1,1,15180
2865,825,1,638,9,-1,99999,-1,-1,-3,-1,1,15180
2866,825,1,46,8,-1,99999,-1,-1,-3,-1,1,15180
2867,826,1,659,8,-1,99999,-1,-1,-3,-1,1,15180
2868,827,1,678,6,-1,99999,-1,-1,-3,-1,1,15180
2869,827,1,238,7,-1,99999,-1,-1,-3,-1,1,15180
2870,827,1,922,8,-1,99999,-1,-1,-3,-1,1,15180
2871,827,1,327,8,-1,99999,-1,-1,-3,-1,1,15180
2872,827,1,1409,2,-1,99999,-1,-1,-3,-1,1,15180
2873,827,1,3,8,-1,99999,-1,-1,-3,-1,1,15180
2874,827,1,55,7,-1,99999,-1,-1,-3,-1,1,15180
2875,827,1,326,8,-1,99999,-1,-1,-3,-1,1,15180
2876,827,1,31,6,-1,99999,-1,-1,-3,-1,1,15180
2877,827,1,561,10,-1,99999,-1,-1,-3,-1,1,15180
2878,828,1,1403,3,-1,99999,-1,-1,-3,-1,1,15240
2879,828,1,1909,3,-1,99999,-1,-1,-3,-1,1,15240
2880,829,1,458,2,-1,99999,-1,-1,-3,-1,1,15240
2881,829,1,181,4,-1,99999,-1,-1,-3,-1,1,15240
2882,829,1,305,4,-1,99999,-1,-1,-3,-1,1,15240
2883,830,1,106,2,-1,99999,-1,-1,-3,-1,1,15240
2884,830,1,1147,4,-1,99999,-1,-1,-3,-1,1,15240
2885,831,1,282,2,-1,99999,-1,-1,-3,-1,1,15360
2886,831,1,1,10,-1,99999,-1,-1,-3,-1,1,15360
2887,831,1,199,8,-1,99999,-1,-1,-3,-1,1,15360
2888,831,1,452,3,-1,99999,-1,-1,-3,-1,1,15360
2889,832,1,474,4,-1,99999,-1,-1,-3,-1,1,15360
2890,832,1,183,3,-1,99999,-1,-1,-3,-1,1,15360
2891,833,1,1982,1,-1,99999,-1,-1,-3,-1,1,15360
2892,833,1,218,7,-1,99999,-1,-1,-3,-1,1,15360
2893,833,1,1,6,-1,99999,-1,-1,-3,-1,1,15360
2894,833,1,92,4,-1,99999,-1,-1,-3,-1,1,15360
2895,833,1,151,6,-1,99999,-1,-1,-3,-1,1,15360
2896,833,1,615,9,-1,99999,-1,-1,-3,-1,1,15360
2897,834,1,128,4,-1,99999,-1,-1,-3,-1,1,15360
2898,834,1,1527,4,-1,99999,-1,-1,-3,-1,1,15360
2899,835,1,1975,4,-1,99999,-1,-1,-3,-1,1,15360
2900,835,1,992,6,-1,99999,-1,-1,-3,-1,1,15360
2901,835,1,72,5,-1,99999,-1,-1,-3,-1,1,15360
2902,835,1,5,4,-1,99999,-1,-1,-3,-1,1,15360
2903,835,1,397,7,-1,99999,-1,-1,-3,-1,1,15360
2904,836,1,8,6,-1,99999,-1,-1,-3,-1,1,15420
2905,837,1,831,5,-1,99999,-1,-1,-3,-1,1,15420
2906,837,1,157,10,-1,99999,-1,-1,-3,-1,1,15420
2907,837,1,25,6,-1,99999,-1,-1,-3,-1,1,15420
2908,838,1,6,4,-1,99999,-1,-1,-3,-1,1,15420
2909,838,1,96,12,-1,99999,-1,-1,-3,-1,1,15420
2910,838,1,216,6,-1,99999,-1,-1,-3,-1,1,15420
2911,838,1,45,8,-1,99999,-1,-1,-3,-1,1,15420
2912,838,1,70,4,-1,99999,-1,-1,-3,-1,1,15420
2913,838,1,3,11,-1,99999,-1,-1,-3,-1,1,15420
2914,838,1,1401,10,-1,99999,-1,-1,-3,-1,1,15420
2915,838,1,202,12,-1,99999,-1,-1,-3,-1,1,15420
2916,838,1,1937,2,-1,99999,-1,-1,-3,-1,1,15420
2917,838,1,89,8,-1,99999,-1,-1,-3,-1,1,15420
2918,838,1,2309,1,-1,99999,-1,-1,-3,-1,1,15420
2919,838,1,239,12,-1,99999,-1,-1,-3,-1,1,15420
2920,839,1,193,12,-1,99999,-1,-1,-3,-1,1,15420
2921,840,1,681,8,-1,99999,-1,-1,-3,-1,1,15480
2922,841,1,640,5,-1,99999,-1,-1,-3,-1,1,15480
2923,842,1,403,2,-1,99999,-1,-1,-3,-1,1,15540
2924,842,1,558,4,-1,99999,-1,-1,-3,-1,1,15540
2925,842,1,90,8,-1,99999,-1,-1,-3,-1,1,15540
2926,842,1,0,4,-1,99999,-1,-1,-3,-1,1,15540
2927,842,1,922,5,-1,99999,-1,-1,-3,-1,1,15540
2928,842,1,56,4,-1,99999,-1,-1,-3,-1,1,15540
2929,842,1,472,8,-1,99999,-1,-1,-3,-1,1,15540
2930,842,1,253,2,-1,99999,-1,-1,-3,-1,1,15540
2931,842,1,174,6,-1,99999,-1,-1,-3,-1,1,15540
2932,842,1,2443,2,-1,99999,-1,-1,-3,-1,1,15540
2933,842,1,1476,6,-1,99999,-1,-1,-3,-1,1,15540
2934,842,1,324,6,-1,99999,-1,-1,-3,-1,1,15540
2935,842,1,87,6,-1,99999,-1,-1,-3,-1,1,15540
2936,842,1,1991,4,-1,99999,-1,-1,-3,-1,1,15540
2937,843,1,12,7,-1,99999,-1,-1,-3,-1,1,15600
2938,843,1,240,3,-1,99999,-1,-1,-3,-1,1,15600
2939,843,1,54,4,-1,99999,-1,-1,-3,-1,1,15600
2940,843,1,9,8,-1,99999,-1,-1,-3,-1,1,15600
2941,843,1,100,9,-1,99999,-1,-1,-3,-1,1,15600
2942,843,1,237,4,-1,99999,-1,-1,-3,-1,1,15600
2943,844,1,119,8,-1,99999,-1,-1,-3,-1,1,15600
2944,844,1,151,6,-1,99999,-1,-1,-3,-1,1,15600
2945,844,1,134,9,-1,99999,-1,-1,-3,-1,1,15600
2946,844,1,122,5,-1,99999,-1,-1,-3,-1,1,15600
2947,844,1,54,4,-1,99999,-1,-1,-3,-1,1,15600
2948,844,1,214,8,-1,99999,-1,-1,-3,-1,1,15600
2949,845,1,89,5,-1,99999,-1,-1,-3,-1,1,15660
2950,846,1,411,8,-1,99999,-1,-1,-3,-1,1,15660
2951,846,1,1327,7,-1,99999,-1,-1,-3,-1,1,15660
2952,846,1,11,3,-1,99999,-1,-1,-3,-1,1,15660
2953,847,1,319,10,-1,99999,-1,-1,-3,-1,1,15660
2954,848,1,1553,10,-1,99999,-1,-1,-3,-1,1,15660
2955,848,1,81,9,-1,99999,-1,-1,-3,-1,1,15660
2956,849,1,240,7,-1,99999,-1,-1,-3,-1,1,15660
2957,850,1,507,12,-1,99999,-1,-1,-3,-1,1,15780
2958,850,1,394,4,-1,99999,-1,-1,-3,-1,1,15780
2959,850,1,703,2,-1,99999,-1,-1,-3,-1,1,15780
2960,850,1,85,9,-1,99999,-1,-1,-3,-1,1,15780
2961,851,1,906,11,-1,99999,-1,-1,-3,-1,1,15780
2962,851,1,329,2,-1,99999,-1,-1,-3,-1,1,15780
2963,851,1,2835,3,-1,99999,-1,-1,-3,-1,1,15780
2964,851,1,2854,3,-1,99999,-1,-1,-3,-1,1,15780
2965,852,1,13,10,-1,99999,-1,-1,-3,-1,1,15780
2966,852,1,1576,7,-1,99999,-1,-1,-3,-1,1,15780
2967,852,1,434,8,-1,99999,-1,-1,-3,-1,1,15780
2968,853,1,74,10,-1,99999,-1,-1,-3,-1,1,15780
2969,853,1,799,3,-1,99999,-1,-1,-3,-1,1,15780
2970,853,1,82,10,-1,99999,-1,-1,-3,-1,1,15780
2971,853,1,2203,1,-1,99999,-1,-1,-3,-1,1,15780
2972,854,1,350,2,-1,99999,-1,-1,-3,-1,1,15780
2973,854,1,397,6,-1,99999,-1,-1,-3,-1,1,15780
2974,854,1,58,6,-1,99999,-1,-1,-3,-1,1,15780
2975,854,1,376,10,-1,99999,-1,-1,-3,-1,1,15780
2976,854,1,83,4,-1,99999,-1,-1,-3,-1,1,15780
2977,854,1,3153,2,-1,99999,-1,-1,-3,-1,1,15780
2978,854,1,878,10,-1,99999,-1,-1,-3,-1,1,15780
2979,854,1,29,11,-1,99999,-1,-1,-3,-1,1,15780
2980,855,1,2060,3,-1,99999,-1,-1,-3,-1,1,15840
2981,855,1,253,8,-1,99999,-1,-1,-3,-1,1,15840
2982,855,1,88,8,-1,99999,-1,-1,-3,-1,1,15840
2983,855,1,972,2,-1,99999,-1,-1,-3,-1,1,15840
2984,855,1,43,10,-1,99999,-1,-1,-3,-1,1,15840
2985,855,1,288,7,-1,99999,-1,-1,-3,-1,1,15840
2986,855,1,287,3,-1,99999,-1,-1,-3,-1,1,15840
2987,855,1,2,8,-1,99999,-1,-1,-3,-1,1,15840
2988,855,1,628,4,-1,99999,-1,-1,-3,-1,1,15840
2989,856,1,232,8,-1,99999,-1,-1,-3,-1,1,15840
2990,857,1,194,11,-1,99999,-1,-1,-3,-1,1,15840
2991,857,1,2,6,-1,99999,-1,-1,-3,-1,1,15840
2992,857,1,1348,5,-1,99999,-1,-1,-3,-1,1,15840
2993,857,1,865,9,-1,99999,-1,-1,-3,-1,1,15840
2994,858,1,1738,1,-1,99999,-1,-1,-3,-1,1,15900
2995,858,1,31,8,-1,99999,-1,-1,-3,-1,1,15900
2996,859,1,705,2,-1,99999,-1,-1,-3,-1,1,15900
2997,860,1,418,3,-1,99999,-1,-1,-3,-1,1,15900
2998,860,1,332,10,-1,99999,-1,-1,-3,-1,1,15900
2999,861,1,1175,4,-1,99999,-1,-1,-3,-1,1,15960
3000,861,1,1853,5,-1,99999,-1,-1,-3,-1,1,15960
3001,861,1,336,6,-1,99999,-1,-1,-3,-1,1,15960
3002,862,1,74,10,-1,99999,-1,-1,-3,-1,1,15960
3003,863,1,293,8,-1,99999,-1,-1,-3,-1,1,15960
3004,863,1,73,5,-1,99999,-1,-1,-3,-1,1,15960
3005,864,1,190,4,-1,99999,-1,-1,-3,-1,1,15960
3006,865,1,81,5,-1,99999,-1,-1,-3,-1,1,16020
3007,866,1,1319,5,-1,99999,-1,-1,-3,-1,1,16020
3008,867,1,114,10,-1,99999,-1,-1,-3,-1,1,16080
3009,867,1,2536,2,-1,99999,-1,-1,-3,-1,1,16080
3010,867,1,73,2,-1,99999,-1,-1,-3,-1,1,16080
3011,867,1,489,6,-1,99999,-1,-1,-3,-1,1,16080
3012,868,1,24,7,-1,99999,-1,-1,-3,-1,1,16080
3013,869,1,425,11,-1,99999,-1,-1,-3,-1,1,16080
3014,870,1,1466,2,-1,99999,-1,-1,-3,-1,1,16080
3015,870,1,95,7,-1,99999,-1,-1,-3,-1,1,16080
3016,870,1,428,4,-1,99999,-1,-1,-3,-1,1,16080
3017,870,1,1856,2,-1,99999,-1,-1,-3,-1,1,16080
3018,870,1,739,8,-1,99999,-1,-1,-3,-1,1,16080
3019,870,1,63,7,-1,99999,-1,-1,-3,-1,1,16080
3020,870,1,141,8,-1,99999,-1,-1,-3,-1,1,16080
3021,871,1,768,12,-1,99999,-1,-1,-3,-1,1,16140
3022,872,1,682,12,-1,99999,-1,-1,-3,-1,1,16140
3023,872,1,241,12,-1,99999,-1,-1,-3,-1,1,16140
3024,872,1,137,4,-1,99999,-1,-1,-3,-1,1,16140
3025,872,1,95,2,-1,99999,-1,-1,-3,-1,1,16140
3026,872,1,55,2,-1,99999,-1,-1,-3,-1,1,16140
3027,872,1,355,3,-1,99999,-1,-1,-3,-1,1,16140
3028,872,1,17,8,-1,99999,-1,-1,-3,-1,1,16140
3029,873,1,2,11,-1,99999,-1,-1,-3,-1,1,16140
3030,873,1,72,4,-1,99999,-1,-1,-3,-1,1,16140
3031,873,1,3079,2,-1,99999,-1,-1,-3,-1,1,16140
3032,874,1,123,6,-1,99999,-1,-1,-3,-1,1,16140
3033,875,1,33,6,-1,99999,-1,-1,-3,-1,1,16140
3034,875,1,1050,3,-1,99999,-1,-1,-3,-1,1,16140
3035,875,1,168,12,-1,99999,-1,-1,-3,-1,1,16140
3036,875,1,16,10,-1,99999,-1,-1,-3,-1,1,16140
3037,875,1,120,9,-1,99999,-1,-1,-3,-1,1,16140
3038,875,1,1248,3,-1,99999,-1,-1,-3,-1,1,16140
3039,875,1,11,10,-1,99999,-1,-1,-3,-1,1,16140
3040,876,1,318,6,-1,99999,-1,-1,-3,-1,1,16140
3041,876,1,655,9,-1,99999,-1,-1,-3,-1,1,16140
3042,876,1,693,10,-1,99999,-1,-1,-3,-1,1,16140
3043,876,1,64,3,-1,99999,-1,-1,-3,-1,1,16140
3044,877,1,1766,2,-1,99999,-1,-1,-3,-1,1,16200
3045,877,1,933,5,-1,99999,-1,-1,-3,-1,1,16200
3046,878,1,89,3,-1,99999,-1,-1,-3,-1,1,16200
3047,878,1,173,12,-1,99999,-1,-1,-3,-1,1,16200
3048,878,1,2129,2,-1,99999,-1,-1,-3,-1,1,16200
3049,878,1,1933,2,-1,99999,-1,-1,-3,-1,1,16200
3050,879,1,30,12,-1,99999,-1,-1,-3,-1,1,16200
3051,879,1,3146,1,-1,99999,-1,-1,-3,-1,1,16200
3052,880,1,375,8,-1,99999,-1,-1,-3,-1,1,16200
3053,880,1,47,6,-1,99999,-1,-1,-3,-1,1,16200
3054,880,1,244,10,-1,99999,-1,-1,-3,-1,1,16200
3055,881,1,1641,4,-1,99999,-1,-1,-3,-1,1,16200
3056,881,1,80,3,-1,99999,-1,-1,-3,-1,1,16200
3057,881,1,7,4,-1,99999,-1,-1,-3,-1,1,16200
3058,882,1,330,8,-1,99999,-1,-1,-3,-1,1,16260
3059,882,1,2086,3,-1,99999,-1,-1,-3,-1,1,16260
3060,882,1,1395,2,-1,99999,-1,-1,-3,-1,1,16260
3061,882,1,159,12,-1,99999,-1,-1,-3,-1,1,16260
3062,882,1,66,6,-1,99999,-1,-1,-3,-1,1,16260
3063,883,1,126,5,-1,99999,-1,-1,-3,-1,1,16260
3064,883,1,681,9,-1,99999,-1,-1,-3,-1,1,16260
3065,884,1,839,6,-1,99999,-1,-1,-3,-1,1,16320
3066,884,1,47,4,-1,99999,-1,-1,-3,-1,1,16320
3067,884,1,227,5,-1,99999,-1,-1,-3,-1,1,16320
3068,884,1,1763,2,-1,99999,-1,-1,-3,-1,1,16320
3069,884,1,435,2,-1,99999,-1,-1,-3,-1,1,16320
3070,884,1,110,10,-1,99999,-1,-1,-3,-1,1,16320
3071,884,1,29,8,-1,99999,-1,-1,-3,-1,1,16320
3072,884,1,1408,3,-1,99999,-1,-1,-3,-1,1,16320
3073,884,1,1214,6,-1,99999,-1,-1,-3,-1,1,16320
3074,885,1,338,8,-1,99999,-1,-1,-3,-1,1,16320
3075,885,1,1283,7,-1,99999,-1,-1,-3,-1,1,16320
3076,885,1,265,8,-1,99999,-1,-1,-3,-1,1,16320
3077,885,1,47,5,-1,99999,-1,-1,-3,-1,1,16320
3078,885,1,195,7,-1,99999,-1,-1,-3,-1,1,16320
3079,886,1,41,10,-1,99999,-1,-1,-3,-1,1,16320
3080,886,1,360,8,-1,99999,-1,-1,-3,-1,1,16320
3081,886,1,639,6,-1,99999,-1,-1,-3,-1,1,16320
3082,886,1,187,10,-1,99999,-1,-1,-3,-1,1,16320
3083,886,1,26,3,-1,99999,-1,-1,-3,-1,1,16320
3084,887,1,468,9,-1,99999,-1,-1,-3,-1,1,16320
3085,887,1,300,8,-1,99999,-1,-1,-3,-1,1,16320
3086,888,1,295,3,-1,99999,-1,-1,-3,-1,1,16320
3087,889,1,0,1,-1,99999,-1,-1,-3,-1,1,16440
3088,890,1,539,6,-1,99999,-1,-1,-3,-1,1,16440
3089,890,1,1406,6,-1,99999,-1,-1,-3,-1,1,16440
3090,890,1,221,3,-1,99999,-1,-1,-3,-1,1,16440
3091,890,1,1208,12,-1,99999,-1,-1,-3,-1,1,16440
3092,891,1,301,7,-1,99999,-1,-1,-3,-1,1,16440
3093,891,1,429,4,-1,99999,-1,-1,-3,-1,1,16440
3094,891,1,69,7,-1,99999,-1,-1,-3,-1,1,16440
3095,891,1,32,8,-1,99999,-1,-1,-3,-1,1,16440
3096,891,1,2884,2,-1,99999,-1,-1,-3,-1,1,16440
3097,891,1,698,10,-1,99999,-1,-1,-3,-1,1,16440
3098,892,1,1318,6,-1,99999,-1,-1,-3,-1,1,16440
3099,892,1,28,5,-1,99999,-1,-1,-3,-1,1,16440
3100,892,1,554,6,-1,99999,-1,-1,-3,-1,1,16440
3101,892,1,172,3,-1,99999,-1,-1,-3,-1,1,16440
3102,892,1,701,5,-1,99999,-1,-1,-3,-1,1,16440
3103,892,1,185,4,-1,99999,-1,-1,-3,-1,1,16440
3104,893,1,7,8,-1,99999,-1,-1,-3,-1,1,16440
3105,894,1,348,10,-1,99999,-1,-1,-3,-1,1,16500
3106,895,1,333,3,-1,99999,-1,-1,-3,-1,1,16500
3107,895,1,237,6,-1,99999,-1,-1,-3,-1,1,16500
3108,895,1,997,4,-1,99999,-1,-1,-3,-1,1,16500
3109,895,1,192,4,-1,99999,-1,-1,-3,-1,1,16500
3110,895,1,420,6,-1,99999,-1,-1,-3,-1,1,16500
3111,896,1,529,6,-1,99999,-1,-1,-3,-1,1,16500
3112,897,1,1278,9,-1,99999,-1,-1,-3,-1,1,16560
3113,898,1,10,8,-1,99999,-1,-1,-3,-1,1,16560
3114,898,1,904,12,-1,99999,-1,-1,-3,-1,1,16560
3115,898,1,220,5,-1,99999,-1,-1,-3,-1,1,16560
3116,899,1,91,6,-1,99999,-1,-1,-3,-1,1,16680
3117,899,1,194,8,-1,99999,-1,-1,-3,-1,1,16680
3118,899,1,415,8,-1,99999,-1,-1,-3,-1,1,16680
3119,900,1,733,6,-1,99999,-1,-1,-3,-1,1,16680
3120,901,1,223,3,-1,99999,-1,-1,-3,-1,1,16680
3121,901,1,62,10,-1,99999,-1,-1,-3,-1,1,16680
3122,901,1,201,8,-1,99999,-1,-1,-3,-1,1,16680
3123,901,1,644,5,-1,99999,-1,-1,-3,-1,1,16680
3124,901,1,1803,2,-1,99999,-1,-1,-3,-1,1,16680
3125,901,1,2,3,-1,99999,-1,-1,-3,-1,1,16680
3126,901,1,142,6,-1,99999,-1,-1,-3,-1,1,16680
3127,901,1,20,8,-1,99999,-1,-1,-3,-1,1,16680
3128,901,1,93,2,-1,99999,-1,-1,-3,-1,1,16680
3129,901,1,399,12,-1,99999,-1,-1,-3,-1,1,16680
3130,902,1,698,1,-1,99999,-1,-1,-3,-1,1,16740
3131,902,1,366,9,-1,99999,-1,-1,-3,-1,1,16740
3132,902,1,117,8,-1,99999,-1,-1,-3,-1,1,16740
3133,902,1,2253,2,-1,99999,-1,-1,-3,-1,1,16740
3134,902,1,344,2,-1,99999,-1,-1,-3,-1,1,16740
3135,902,1,238,11,-1,99999,-1,-1,-3,-1,1,16740
3136,902,1,1,10,-1,99999,-1,-1,-3,-1,1,16740
3137,902,1,1117,8,-1,99999,-1,-1,-3,-1,1,16740
3138,902,1,148,8,-1,99999,-1,-1,-3,-1,1,16740
3139,903,1,869,1,-1,99999,-1,-1,-3,-1,1,16740
3140,904,1,223,4,-1,99999,-1,-1,-3,-1,1,16740
3141,904,1,373,4,-1,99999,-1,-1,-3,-1,1,16740
3142,904,1,1247,6,-1,99999,-1,-1,-3,-1,1,16740
3143,905,1,71,8,-1,99999,-1,-1,-3,-1,1,16740
3144,906,1,1464,8,-1,99999,-1,-1,-3,-1,1,16740
3145,906,1,10,11,-1,99999,-1,-1,-3,-1,1,16740
3146,906,1,2085,4,-1,99999,-1,-1,-3,-1,1,16740
3147,906,1,1830,3,-1,99999,-1,-1,-3,-1,1,16740
3148,907,1,55,1,-1,99999,-1,-1,-3,-1,1,16800
3149,908,1,13,6,-1,99999,-1,-1,-3,-1,1,16860
3150,909,1,736,4,-1,99999,-1,-1,-3,-1,1,16860
3151,909,1,1138,9,-1,99999,-1,-1,-3,-1,1,16860
3152,909,1,496,8,-1,99999,-1,-1,-3,-1,1,16860
3153,909,1,62,8,-1,99999,-1,-1,-3,-1,1,16860
3154,910,1,370,11,-1,99999,-1,-1,-3,-1,1,16860
3155,910,1,181,4,-1,99999,-1,-1,-3,-1,1,16860
3156,911,1,351,6,-1,99999,-1,-1,-3,-1,1,16920
3157,912,1,456,9,-1,99999,-1,-1,-3,-1,1,16920
3158,912,1,781,9,-1,99999,-1,-1,-3,-1,1,16920
3159,913,1,76,7,-1,99999,-1,-1,-3,-1,1,16920
3160,913,1,266,11,-1,99999,-1,-1,-3,-1,1,16920
3161,913,1,533,7,-1,99999,-1,-1,-3,-1,1,16920
3162,913,1,17,2,-1,99999,-1,-1,-3,-1,1,16920
3163,913,1,844,12,-1,99999,-1,-1,-3,-1,1,16920
3164,913,1,16,8,-1,99999,-1,-1,-3,-1,1,16920
3165,914,1,273,10,-1,99999,-1,-1,-3,-1,1,16920
3166,914,1,585,6,-1,99999,-1,-1,-3,-1,1,16920
3167,914,1,131,5,-1,99999,-1,-1,-3,-1,1,16920
3168,915,1,1477,3,-1,99999,-1,-1,-3,-1,1,16980
3169,916,1,316,6,-1,99999,-1,-1,-3,-1,1,16980
3170,917,1,261,3,-1,99999,-1,-1,-3,-1,1,16980
3171,917,1,334,6,-1,99999,-1,-1,-3,-1,1,16980
3172,917,1,486,8,-1,99999,-1,-1,-3,-1,1,16980
3173,918,1,268,8,-1,99999,-1,-1,-3,-1,1,16980
3174,919,1,30,8,-1,99999,-1,-1,-3,-1,1,16980
3175,920,1,1157,6,-1,99999,-1,-1,-3,-1,1,17040
3176,921,1,60,2,-1,99999,-1,-1,-3,-1,1,17040
3177,922,1,0,2,-1,99999,-1,-1,-3,-1,1,17040
3178,922,1,1,6,-1,99999,-1,-1,-3,-1,1,17040
3179,923,1,922,8,-1,99999,-1,-1,-3,-1,1,17100
3180,923,1,100,5,-1,99999,-1,-1,-3,-1,1,17100
3181,923,1,893,4,-1,99999,-1,-1,-3,-1,1,17100
3182,923,1,144,7,-1,99999,-1,-1,-3,-1,1,17100
3183,924,1,1535,2,-1,99999,-1,-1,-3,-1,1,17100
3184,924,1,38,8,-1,99999,-1,-1,-3,-1,1,17100
3185,925,1,421,4,-1,99999,-1,-1,-3,-1,1,17100
3186,925,1,1457,6,-1,99999,-1,-1,-3,-1,1,17100
3187,925,1,873,4,-1,99999,-1,-1,-3,-1,1,17100
3188,926,1,42,10,-1,99999,-1,-1,-3,-1,1,17100
3189,927,1,361,4,-1,99999,-1,-1,-3,-1,1,17160
3190,927,1,387,8,-1,99999,-1,-1,-3,-1,1,17160
3191,928,1,2844,2,-1,99999,-1,-1,-3,-1,1,17160
3192,929,1,159,2,-1,99999,-1,-1,-3,-1,1,17160
3193,929,1,1214,3,-1,99999,-1,-1,-3,-1,1,17160
3194,930,1,92,7,-1,99999,-1,-1,-3,-1,1,17160
3195,930,1,247,8,-1,99999,-1,-1,-3,-1,1,17160
3196,930,1,1346,4,-1,99999,-1,-1,-3,-1,1,17160
3197,930,1,1208,7,-1,99999,-1,-1,-3,-1,1,17160
3198,930,1,221,8,-1,99999,-1,-1,-3,-1,1,17160
3199,930,1,1088,8,-1,99999,-1,-1,-3,-1,1,17160
3200,930,1,325,2,-1,99999,-1,-1,-3,-1,1,17160
3201,930,1,76,11,-1,99999,-1,-1,-3,-1,1,17160
3202,930,1,479,5,-1,99999,-1,-1,-3,-1,1,17160
3203,930,1,228,2,-1,99999,-1,-1,-3,-1,1,17160
3204,930,1,2,11,-1,99999,-1,-1,-3,-1,1,17160
3205,930,1,152,7,-1,99999,-1,-1,-3,-1,1,17160
3206,930,1,977,12,-1,99999,-1,-1,-3,-1,1,17160
3207,931,1,118,8,-1,99999,-1,-1,-3,-1,1,17160
3208,931,1,81,10,-1,99999,-1,-1,-3,-1,1,17160
3209,931,1,47,4,-1,99999,-1,-1,-3,-1,1,17160
3210,931,1,275,12,-1,99999,-1,-1,-3,-1,1,17160
3211,932,1,248,2,-1,99999,-1,-1,-3,-1,1,17160
3212,932,1,51,10,-1,99999,-1,-1,-3,-1,1,17160
3213,933,1,112,5,-1,99999,-1,-1,-3,-1,1,17220
3214,933,1,1573,4,-1,99999,-1,-1,-3,-1,1,17220
3215,934,1,650,4,-1,99999,-1,-1,-3,-1,1,17280
3216,934,1,240,1,-1,99999,-1,-1,-3,-1,1,17280
3217,935,1,11,7,-1,99999,-1,-1,-3,-1,1,17280
3218,935,1,954,6,-1,99999,-1,-1,-3,-1,1,17280
3219,936,1,15,6,-1,99999,-1,-1,-3,-1,1,17340
3220,937,1,82,6,-1,99999,-1,-1,-3,-1,1,17340
3221,937,1,298,4,-1,99999,-1,-1,-3,-1,1,17340
3222,938,1,238,6,-1,99999,-1,-1,-3,-1,1,17400
3223,938,1,692,9,-1,99999,-1,-1,-3,-1,1,17400
3224,939,1,274,9,-1,99999,-1,-1,-3,-1,1,17400
3225,939,1,285,6,-1,99999,-1,-1,-3,-1,1,17400
3226,940,1,146,1,-1,99999,-1,-1,-3,-1,1,17400
3227,941,1,58,8,-1,99999,-1,-1,-3,-1,1,17400
3228,941,1,1053,12,-1,99999,-1,-1,-3,-1,1,17400
3229,942,1,249,9,-1,99999,-1,-1,-3,-1,1,17400
3230,943,1,147,5,-1,99999,-1,-1,-3,-1,1,17460
3231,943,1,70,8,-1,99999,-1,-1,-3,-1,1,17460
3232,943,1,212,7,-1,99999,-1,-1,-3,-1,1,17460
3233,943,1,73,9,-1,99999,-1,-1,-3,-1,1,17460
3234,944,1,1059,6,-1,99999,-1,-1,-3,-1,1,17460
3235,945,1,180,5,-1,99999,-1,-1,-3,-1,1,17460
3236,945,1,94,10,-1,99999,-1,-1,-3,-1,1,17460
3237,945,1,229,5,-1,99999,-1,-1,-3,-1,1,17460
3238,945,1,131,11,-1,99999,-1,-1,-3,-1,1,17460
3239,946,1,1819,2,-1,99999,-1,-1,-3,-1,1,17460
3240,946,1,1764,4,-1,99999,-1,-1,-3,-1,1,17460
3241,947,1,101,6,-1,99999,-1,-1,-3,-1,1,17460
3242,948,1,357,12,-1,99999,-1,-1,-3,-1,1,17460
3243,948,1,894,10,-1,99999,-1,-1,-3,-1,1,17460
3244,948,1,3,7,-1,99999,-1,-1,-3,-1,1,17460
3245,948,1,74,7,-1,99999,-1,-1,-3,-1,1,17460
3246,948,1,1,12,-1,99999,-1,-1,-3,-1,1,17460
3247,949,1,40,8,-1,99999,-1,-1,-3,-1,1,17460
3248,949,1,109,8,-1,99999,-1,-1,-3,-1,1,17460
3249,949,1,228,4,-1,99999,-1,-1,-3,-1,1,17460
3250,949,1,135,6,-1,99999,-1,-1,-3,-1,1,17460
3251,949,1,679,5,-1,99999,-1,-1,-3,-1,1,17460
3252,950,1,593,4,-1,99999,-1,-1,-3,-1,1,17520
3253,950,1,293,12,-1,99999,-1,-1,-3,-1,1,17520
3254,950,1,786,4,-1,99999,-1,-1,-3,-1,1,17520
3255,950,1,1108,10,-1,99999,-1,-1,-3,-1,1,17520
3256,950,1,2784,2,-1,99999,-1,-1,-3,-1,1,17520
3257,950,1,2460,4,-1,99999,-1,-1,-3,-1,1,17520
3258,950,1,2055,4,-1,99999,-1,-1,-3,-1,1,17520
3259,951,1,494,3,-1,99999,-1,-1,-3,-1,1,17520
3260,951,1,802,6,-1,99999,-1,-1,-3,-1,1,17520
3261,952,1,2130,2,-1,99999,-1,-1,-3,-1,1,17580
3262,952,1,79,6,-1,99999,-1,-1,-3,-1,1,17580
3263,952,1,2164,2,-1,99999,-1,-1,-3,-1,1,17580
3264,953,1,157,4,-1,99999,-1,-1,-3,-1,1,17580
3265,953,1,124,7,-1,99999,-1,-1,-3,-1,1,17580
3266,954,1,212,9,-1,99999,-1,-1,-3,-1,1,17640
3267,954,1,1881,8,-1,99999,-1,-1,-3,-1,1,17640
3268,954,1,203,4,-1,99999,-1,-1,-3,-1,1,17640
3269,954,1,914,6,-1,99999,-1,-1,-3,-1,1,17640
3270,954,1,1,7,-1,99999,-1,-1,-3,-1,1,17640
3271,954,1,392,11,-1,99999,-1,-1,-3,-1,1,17640
3272,954,1,276,4,-1,99999,-1,-1,-3,-1,1,17640
3273,954,1,73,1,-1,99999,-1,-1,-3,-1,1,17640
3274,954,1,961,12,-1,99999,-1,-1,-3,-1,1,17640
3275,955,1,43,2,-1,99999,-1,-1,-3,-1,1,17700
3276,956,1,1526,7,-1,99999,-1,-1,-3,-1,1,17700
3277,956,1,1012,6,-1,99999,-1,-1,-3,-1,1,17700
3278,957,1,837,8,-1,99999,-1,-1,-3,-1,1,17760
3279,957,1,162,5,-1,99999,-1,-1,-3,-1,1,17760
3280,957,1,195,6,-1,99999,-1,-1,-3,-1,1,17760
3281,957,1,169,6,-1,99999,-1,-1,-3,-1,1,17760
3282,957,1,185,11,-1,99999,-1,-1,-3,-1,1,17760
3283,958,1,1526,7,-1,99999,-1,-1,-3,-1,1,17760
3284,958,1,45,10,-1,99999,-1,-1,-3,-1,1,17760
3285,958,1,1,8,-1,99999,-1,-1,-3,-1,1,17760
3286,959,1,16,5,-1,99999,-1,-1,-3,-1,1,17760
3287,959,1,207,10,-1,99999,-1,-1,-3,-1,1,17760
3288,959,1,15,8,-1,99999,-1,-1,-3,-1,1,17760
3289,959,1,655,4,-1,99999,-1,-1,-3,-1,1,17760
3290,959,1,90,10,-1,99999,-1,-1,-3,-1,1,17760
3291,959,1,681,9,-1,99999,-1,-1,-3,-1,1,17760
3292,960,1,838,6,-1,99999,-1,-1,-3,-1,1,17760
3293,961,1,100,12,-1,99999,-1,-1,-3,-1,1,17760
3294,962,1,472,3,-1,99999,-1,-1,-3,-1,1,17820
3295,962,1,225,7,-1,99999,-1,-1,-3,-1,1,17820
3296,962,1,1850,3,-1,99999,-1,-1,-3,-1,1,17820
3297,962,1,1371,9,-1,99999,-1,-1,-3,-1,1,17820
3298,962,1,695,10,-1,99999,-1,-1,-3,-1,1,17820
3299,963,1,50,6,-1,99999,-1,-1,-3,-1,1,17820
3300,963,1,2662,2,-1,99999,-1,-1,-3,-1,1,17820
3301,963,1,1787,2,-1,99999,-1,-1,-3,-1,1,17820
3302,964,1,1546,3,-1,99999,-1,-1,-3,-1,1,17820
3303,964,1,83,2,-1,99999,-1,-1,-3,-1,1,17820
3304,964,1,746,6,-1,99999,-1,-1,-3,-1,1,17820
3305,964,1,134,6,-1,99999,-1,-1,-3,-1,1,17820
3306,964,1,130,10,-1,99999,-1,-1,-3,-1,1,17820
3307,965,1,23,4,-1,99999,-1,-1,-3,-1,1,17880
3308,966,1,2180,3,-1,99999,-1,-1,-3,-1,1,17880
3309,966,1,2,8,-1,99999,-1,-1,-3,-1,1,17880
3310,966,1,135,6,-1,99999,-1,-1,-3,-1,1,17880
3311,967,1,61,2,-1,99999,-1,-1,-3,-1,1,17880
3312,967,1,1414,3,-1,99999,-1,-1,-3,-1,1,17880
3313,968,1,644,5,-1,99999,-1,-1,-3,-1,1,17880
3314,969,1,188,2,-1,99999,-1,-1,-3,-1,1,17940
3315,969,1,2338,2,-1,99999,-1,-1,-3,-1,1,17940
3316,969,1,703,2,-1,99999,-1,-1,-3,-1,1,17940
3317,970,1,2297,4,-1,99999,-1,-1,-3,-1,1,17940
3318,970,1,724,4,-1,99999,-1,-1,-3,-1,1,17940
3319,970,1,68,2,-1,99999,-1,-1,-3,-1,1,17940
3320,971,1,10,8,-1,99999,-1,-1,-3,-1,1,17940
3321,971,1,1203,10,-1,99999,-1,-1,-3,-1,1,17940
3322,971,1,123,7,-1,99999,-1,-1,-3,-1,1,17940
3323,971,1,541,3,-1,99999,-1,-1,-3,-1,1,17940
3324,971,1,513,8,-1,99999,-1,-1,-3,-1,1,17940
3325,971,1,70,6,-1,99999,-1,-1,-3,-1,1,17940
3326,971,1,1662,3,-1,99999,-1,-1,-3,-1,1,17940
3327,971,1,5,6,-1,99999,-1,-1,-3,-1,1,17940
3328,971,1,172,7,-1,99999,-1,-1,-3,-1,1,17940
3329,972,1,867,10,-1,99999,-1,-1,-3,-1,1,17940
3330,972,1,57,8,-1,99999,-1,-1,-3,-1,1,17940
3331,972,1,1,10,-1,99999,-1,-1,-3,-1,1,17940
3332,972,1,24,10,-1,99999,-1,-1,-3,-1,1,17940
3333,972,1,2399,3,-1,99999,-1,-1,-3,-1,1,17940
3334,973,1,1099,2,-1,99999,-1,-1,-3,-1,1,17940
3335,974,1,137,7,-1,99999,-1,-1,-3,-1,1,17940
3336,974,1,532,4,-1,99999,-1,-1,-3,-1,1,17940
3337,974,1,367,2,-1,99999,-1,-1,-3,-1,1,17940
3338,974,1,402,4,-1,99999,-1,-1,-3,-1,1,17940
3339,975,1,149,7,-1,99999,-1,-1,-3,-1,1,18000
3340,975,1,390,6,-1,99999,-1,-1,-3,-1,1,18000
3341,975,1,278,4,-1,99999,-1,-1,-3,-1,1,18000
3342,976,1,636,6,-1,99999,-1,-1,-3,-1,1,18000
3343,977,1,201,7,-1,99999,-1,-1,-3,-1,1,18000
3344,977,1,127,11,-1,99999,-1,-1,-3,-1,1,18000
3345,977,1,836,4,-1,99999,-1,-1,-3,-1,1,18000
3346,978,1,2,10,-1,99999,-1,-1,-3,-1,1,18000
3347,978,1,101,7,-1,99999,-1,-1,-3,-1,1,18000
3348,979,1,68,4,-1,99999,-1,-1,-3,-1,1,18000
3349,979,1,1836,3,-1,99999,-1,-1,-3,-1,1,18000
3350,979,1,806,2,-1,99999,-1,-1,-3,-1,1,18000
3351,979,1,213,4,-1,99999,-1,-1,-3,-1,1,18000
3352,979,1,180,6,-1,99999,-1,-1,-3,-1,1,18000
3353,979,1,754,8,-1,99999,-1,-1,-3,-1,1,18000
3354,980,1,778,4,-1,99999,-1,-1,-3,-1,1,18060
3355,981,1,288,10,-1,99999,-1,-1,-3,-1,1,18060
3356,981,1,4,8,-1,99999,-1,-1,-3,-1,1,18060
3357,982,1,311,12,-1,99999,-1,-1,-3,-1,1,18120
3358,982,1,1251,5,-1,99999,-1,-1,-3,-1,1,18120
3359,982,1,236,7,-1,99999,-1,-1,-3,-1,1,18120
3360,982,1,1845,3,-1,99999,-1,-1,-3,-1,1,18120
3361,983,1,435,12,-1,99999,-1,-1,-3,-1,1,18120
3362,983,1,1617,6,-1,99999,-1,-1,-3,-1,1,18120
3363,983,1,126,1,-1,99999,-1,-1,-3,-1,1,18120
3364,983,1,1434,10,-1,99999,-1,-1,-3,-1,1,18120
3365,983,1,220,2,-1,99999,-1,-1,-3,-1,1,18120
3366,984,1,116,6,-1,99999,-1,-1,-3,-1,1,18180
3367,984,1,703,4,-1,99999,-1,-1,-3,-1,1,18180
3368,984,1,1115,7,-1,99999,-1,-1,-3,-1,1,18180
3369,984,1,1025,5,-1,99999,-1,-1,-3,-1,1,18180
3370,984,1,2512,4,-1,99999,-1,-1,-3,-1,1,18180
3371,984,1,882,4,-1,99999,-1,-1,-3,-1,1,18180
3372,985,1,2575,2,-1,99999,-1,-1,-3,-1,1,18180
3373,986,1,37,11,-1,99999,-1,-1,-3,-1,1,18180
3374,986,1,825,6,-1,99999,-1,-1,-3,-1,1,18180
3375,986,1,531,8,-1,99999,-1,-1,-3,-1,1,18180
3376,986,1,121,12,-1,99999,-1,-1,-3,-1,1,18180
3377,986,1,337,5,-1,99999,-1,-1,-3,-1,1,18180
3378,987,1,75,4,-1,99999,-1,-1,-3,-1,1,18180
3379,987,1,410,8,-1,99999,-1,-1,-3,-1,1,18180
3380,987,1,67,10,-1,99999,-1,-1,-3,-1,1,18180
3381,988,1,216,7,-1,99999,-1,-1,-3,-1,1,18180
3382,988,1,39,8,-1,99999,-1,-1,-3,-1,1,18180
3383,988,1,1171,4,-1,99999,-1,-1,-3,-1,1,18180
3384,988,1,2219,2,-1,99999,-1,-1,-3,-1,1,18180
3385,988,1,1,5,-1,99999,-1,-1,-3,-1,1,18180
3386,989,1,99,4,-1,99999,-1,-1,-3,-1,1,18180
3387,989,1,1234,11,-1,99999,-1,-1,-3,-1,1,18180
3388,989,1,196,3,-1,99999,-1,-1,-3,-1,1,18180
3389,989,1,14,8,-1,99999,-1,-1,-3,-1,1,18180
3390,989,1,139,5,-1,99999,-1,-1,-3,-1,1,18180
3391,989,1,135,5,-1,99999,-1,-1,-3,-1,1,18180
3392,989,1,1303,2,-1,99999,-1,-1,-3,-1,1,18180
3393,989,1,1814,1,-1,99999,-1,-1,-3,-1,1,18180
3394,989,1,1822,2,-1,99999,-1,-1,-3,-1,1,18180
3395,990,1,78,8,-1,99999,-1,-1,-3,-1,1,18240
3396,991,1,3158,2,-1,99999,-1,-1,-3,-1,1,18240
3397,991,1,24,10,-1,99999,-1,-1,-3,-1,1,18240
3398,992,1,37,2,-1,99999,-1,-1,-3,-1,1,18240
3399,992,1,103,4,-1,99999,-1,-1,-3,-1,1,18240
3400,993,1,316,6,-1,99999,-1,-1,-3,-1,1,18300
3401,994,1,34,7,-1,99999,-1,-1,-3,-1,1,18300
3402,994,1,139,8,-1,99999,-1,-1,-3,-1,1,18300
3403,994,1,1659,4,-1,99999,-1,-1,-3,-1,1,18300
3404,995,1,2654,1,-1,99999,-1,-1,-3,-1,1,18360
3405,995,1,1101,7,-1,99999,-1,-1,-3,-1,1,18360
3406,996,1,1883,4,-1,99999,-1,-1,-3,-1,1,18360
3407,996,1,145,2,-1,99999,-1,-1,-3,-1,1,18360
3408,997,1,742,2,-1,99999,-1,-1,-3,-1,1,18360
3409,998,1,162,6,-1,99999,-1,-1,-3,-1,1,18420
3410,998,1,226,8,-1,99999,-1,-1,-3,-1,1,18420
3411,998,1,495,10,-1,99999,-1,-1,-3,-1,1,18420
3412,998,1,2421,4,-1,99999,-1,-1,-3,-1,1,18420
3413,998,1,232,11,-1,99999,-1,-1,-3,-1,1,18420
3414,999,1,4,7,-1,99999,-1,-1,-3,-1,1,18420
3415,999,1,777,12,-1,99999,-1,-1,-3,-1,1,18420
3416,1000,1,314,11,-1,99999,-1,-1,-3,-1,1,18480
3417,1000,1,700,4,-1,99999,-1,-1,-3,-1,1,18480
3418,1001,1,810,4,-1,99999,-1,-1,-3,-1,1,18480
3419,1001,1,122,6,-1,99999,-1,-1,-3,-1,1,18480
3420,1001,1,4,8,-1,99999,-1,-1,-3,-1,1,18480
3421,1002,1,480,7,-1,99999,-1,-1,-3,-1,1,18540
3422,1002,1,330,4,-1,99999,-1,-1,-3,-1,1,18540
3423,1003,1,974,10,-1,99999,-1,-1,-3,-1,1,18540
3424,1004,1,235,10,-1,99999,-1,-1,-3,-1,1,18600
3425,1004,1,1097,4,-1,99999,-1,-1,-3,-1,1,18600
3426,1005,1,431,12,-1,99999,-1,-1,-3,-1,1,18600
3427,1006,1,450,7,-1,99999,-1,-1,-3,-1,1,18600
3428,1006,1,610,2,-1,99999,-1,-1,-3,-1,1,18600
3429,1007,1,67,12,-1,99999,-1,-1,-3,-1,1,18600
3430,1007,1,112,4,-1,99999,-1,-1,-3,-1,1,18600
3431,1008,1,278,6,-1,99999,-1,-1,-3,-1,1,18600
3432,1008,1,1562,4,-1,99999,-1,-1,-3,-1,1,18600
3433,1008,1,7,4,-1,99999,-1,-1,-3,-1,1,18600
3434,1009,1,97,5,-1,99999,-1,-1,-3,-1,1,18660
3435,1010,1,155,9,-1,99999,-1,-1,-3,-1,1,18660
3436,1010,1,189,2,-1,99999,-1,-1,-3,-1,1,18660
3437,1011,1,79,8,-1,99999,-1,-1,-3,-1,1,18660
3438,1011,1,292,9,-1,99999,-1,-1,-3,-1,1,18660
3439,1011,1,319,2,-1,99999,-1,-1,-3,-1,1,18660
3440,1011,1,2013,2,-1,99999,-1,-1,-3,-1,1,18660
3441,1011,1,488,1,-1,99999,-1,-1,-3,-1,1,18660
3442,1011,1,67,8,-1,99999,-1,-1,-3,-1,1,18660
3443,1011,1,2542,4,-1,99999,-1,-1,-3,-1,1,18660
3444,1012,1,1557,4,-1,99999,-1,-1,-3,-1,1,18660
3445,1012,1,48,8,-1,99999,-1,-1,-3,-1,1,18660
3446,1012,1,98,3,-1,99999,-1,-1,-3,-1,1,18660
3447,1013,1,1406,11,-1,99999,-1,-1,-3,-1,1,18720
3448,1014,1,201,4,-1,99999,-1,-1,-3,-1,1,18720
3449,1014,1,1207,9,-1,99999,-1,-1,-3,-1,1,18720
3450,1014,1,48,8,-1,99999,-1,-1,-3,-1,1,18720
3451,1014,1,1878,4,-1,99999,-1,-1,-3,-1,1,18720
3452,1014,1,29,6,-1,99999,-1,-1,-3,-1,1,18720
3453,1015,1,866,8,-1,99999,-1,-1,-3,-1,1,18780
3454,1015,1,16,9,-1,99999,-1,-1,-3,-1,1,18780
3455,1016,1,41,7,-1,99999,-1,-1,-3,-1,1,18780
3456,1016,1,114,1,-1,99999,-1,-1,-3,-1,1,18780
3457,1017,1,132,1,-1,99999,-1,-1,-3,-1,1,18780
3458,1018,1,226,5,-1,99999,-1,-1,-3,-1,1,18780
3459,1018,1,147,10,-1,99999,-1,-1,-3,-1,1,18780
3460,1018,1,57,8,-1,99999,-1,-1,-3,-1,1,18780
3461,1018,1,841,8,-1,99999,-1,-1,-3,-1,1,18780
3462,1018,1,201,2,-1,99999,-1,-1,-3,-1,1,18780
3463,1018,1,1560,3,-1,99999,-1,-1,-3,-1,1,18780
3464,1018,1,148,11,-1,99999,-1,-1,-3,-1,1,18780
3465,1018,1,1264,10,-1,99999,-1,-1,-3,-1,1,18780
3466,1018,1,167,1,-1,99999,-1,-1,-3,-1,1,18780
3467,1018,1,1122,10,-1,99999,-1,-1,-3,-1,1,18780
3468,1018,1,27,9,-1,99999,-1,-1,-3,-1,1,18780
3469,1018,1,1024,6,-1,99999,-1,-1,-3,-1,1,18780
3470,1018,1,638,8,-1,99999,-1,-1,-3,-1,1,18780
3471,1019,1,2328,2,-1,99999,-1,-1,-3,-1,1,18780
3472,1019,1,794,2,-1,99999,-1,-1,-3,-1,1,18780
3473,1019,1,21,9,-1,99999,-1,-1,-3,-1,1,18780
3474,1019,1,1063,4,-1,99999,-1,-1,-3,-1,1,18780
3475,1020,1,63,4,-1,99999,-1,-1,-3,-1,1,18780
3476,1020,1,2202,3,-1,99999,-1,-1,-3,-1,1,18780
3477,1021,1,1313,7,-1,99999,-1,-1,-3,-1,1,18780
3478,1022,1,76,9,-1,99999,-1,-1,-3,-1,1,18840
3479,1022,1,359,8,-1,99999,-1,-1,-3,-1,1,18840
3480,1022,1,1834,2,-1,99999,-1,-1,-3,-1,1,18840
3481,1022,1,8,7,-1,99999,-1,-1,-3,-1,1,18840
3482,1022,1,475,6,-1,99999,-1,-1,-3,-1,1,18840
3483,1023,1,1078,3,-1,99999,-1,-1,-3,-1,1,18840
3484,1023,1,432,11,-1,99999,-1,-1,-3,-1,1,18840
3485,1024,1,576,10,-1,99999,-1,-1,-3,-1,1,18900
3486,1024,1,182,4,-1,99999,-1,-1,-3,-1,1,18900
3487,1024,1,277,8,-1,99999,-1,-1,-3,-1,1,18900
3488,1025,1,2576,2,-1,99999,-1,-1,-3,-1,1,18900
3489,1025,1,85,3,-1,99999,-1,-1,-3,-1,1,18900
3490,1025,1,69,9,-1,99999,-1,-1,-3,-1,1,18900
3491,1026,1,56,5,-1,99999,-1,-1,-3,-1,1,18900
3492,1027,1,201,12,-1,99999,-1,-1,-3,-1,1,18900
3493,1028,1,99,4,-1,99999,-1,-1,-3,-1,1,18900
3494,1028,1,82,10,-1,99999,-1,-1,-3,-1,1,18900
3495,1029,1,791,5,-1,99999,-1,-1,-3,-1,1,18900
3496,1029,1,121,1,-1,99999,-1,-1,-3,-1,1,18900
3497,1029,1,499,8,-1,99999,-1,-1,-3,-1,1,18900
3498,1029,1,861,8,-1,99999,-1,-1,-3,-1,1,18900
3499,1029,1,27,10,-1,99999,-1,-1,-3,-1,1,18900
3500,1029,1,304,9,-1,99999,-1,-1,-3,-1,1,18900
3501,1029,1,151,6,-1,99999,-1,-1,-3,-1,1,18900
3502,1029,1,372,6,-1,99999,-1,-1,-3,-1,1,18900
3503,1030,1,236,8,-1,99999,-1,-1,-3,-1,1,18960
3504,1031,1,80,5,-1,99999,-1,-1,-3,-1,1,18960
3505,1032,1,83,7,-1,99999,-1,-1,-3,-1,1,18960
3506,1032,1,225,7,-1,99999,-1,-1,-3,-1,1,18960
3507,1032,1,1785,4,-1,99999,-1,-1,-3,-1,1,18960
3508,1032,1,121,2,-1,99999,-1,-1,-3,-1,1,18960
3509,1032,1,53,6,-1,99999,-1,-1,-3,-1,1,18960
3510,1032,1,107,2,-1,99999,-1,-1,-3,-1,1,18960
3511,1033,1,1176,8,-1,99999,-1,-1,-3,-1,1,19020
3512,1033,1,127,9,-1,99999,-1,-1,-3,-1,1,19020
3513,1033,1,388,3,-1,99999,-1,-1,-3,-1,1,19020
3514,1033,1,57,7,-1,99999,-1,-1,-3,-1,1,19020
3515,1033,1,544,9,-1,99999,-1,-1,-3,-1,1,19020
3516,1033,1,550,6,-1,99999,-1,-1,-3,-1,1,19020
3517,1034,1,101,9,-1,99999,-1,-1,-3,-1,1,19020
3518,1034,1,121,8,-1,99999,-1,-1,-3,-1,1,19020
3519,1035,1,26,5,-1,99999,-1,-1,-3,-1,1,19020
3520,1035,1,1266,8,-1,99999,-1,-1,-3,-1,1,19020
3521,1035,1,67,6,-1,99999,-1,-1,-3,-1,1,19020
3522,1035,1,1264,8,-1,99999,-1,-1,-3,-1,1,19020
3523,1035,1,209,2,-1,99999,-1,-1,-3,-1,1,19020
3524,1035,1,116,5,-1,99999,-1,-1,-3,-1,1,19020
3525,1036,1,141,10,-1,99999,-1,-1,-3,-1,1,19080
3526,1037,1,1008,8,-1,99999,-1,-1,-3,-1,1,19080
3527,1037,1,623,10,-1,99999,-1,-1,-3,-1,1,19080
3528,1037,1,494,5,-1,99999,-1,-1,-3,-1,1,19080
3529,1037,1,1410,6,-1,99999,-1,-1,-3,-1,1,19080
3530,1037,1,1414,2,-1,99999,-1,-1,-3,-1,1,19080
3531,1038,1,12,6,-1,99999,-1,-1,-3,-1,1,19140
3532,1039,1,122,2,-1,99999,-1,-1,-3,-1,1,19140
3533,1040,1,183,4,-1,99999,-1,-1,-3,-1,1,19140
3534,1040,1,796,7,-1,99999,-1,-1,-3,-1,1,19140
3535,1040,1,1355,2,-1,99999,-1,-1,-3,-1,1,19140
3536,1041,1,1566,4,-1,99999,-1,-1,-3,-1,1,19140
3537,1041,1,2699,3,-1,99999,-1,-1,-3,-1,1,19140
3538,1041,1,213,5,-1,99999,-1,-1,-3,-1,1,19140
3539,1042,1,436,11,-1,99999,-1,-1,-3,-1,1,19200
3540,1042,1,266,9,-1,99999,-1,-1,-3,-1,1,19200
3541,1042,1,969,5,-1,99999,-1,-1,-3,-1,1,19200
3542,1042,1,764,3,-1,99999,-1,-1,-3,-1,1,19200
3543,1042,1,1086,2,-1,99999,-1,-1,-3,-1,1,19200
3544,1042,1,910,6,-1,99999,-1,-1,-3,-1,1,19200
3545,1042,1,1224,4,-1,99999,-1,-1,-3,-1,1,19200
3546,1042,1,257,12,-1,99999,-1,-1,-3,-1,1,19200
3547,1042,1,131,3,-1,99999,-1,-1,-3,-1,1,19200
3548,1043,1,290,4,-1,99999,-1,-1,-3,-1,1,19320
3549,1044,1,80,4,-1,99999,-1,-1,-3,-1,1,19380
3550,1044,1,103,7,-1,99999,-1,-1,-3,-1,1,19380
3551,1044,1,1269,4,-1,99999,-1,-1,-3,-1,1,19380
3552,1044,1,172,11,-1,99999,-1,-1,-3,-1,1,19380
3553,1044,1,1,3,-1,99999,-1,-1,-3,-1,1,19380
3554,1044,1,469,7,-1,99999,-1,-1,-3,-1,1,19380
3555,1045,1,2585,2,-1,99999,-1,-1,-3,-1,1,19380
3556,1045,1,1554,8,-1,99999,-1,-1,-3,-1,1,19380
3557,1045,1,542,4,-1,99999,-1,-1,-3,-1,1,19380
3558,1045,1,917,4,-1,99999,-1,-1,-3,-1,1,19380
3559,1046,1,510,4,-1,99999,-1,-1,-3,-1,1,19380
3560,1047,1,11,8,-1,99999,-1,-1,-3,-1,1,19380
3561,1048,1,1222,9,-1,99999,-1,-1,-3,-1,1,19380
3562,1048,1,354,8,-1,99999,-1,-1,-3,-1,1,19380
3563,1048,1,304,10,-1,99999,-1,-1,-3,-1,1,19380
3564,1049,1,114,2,-1,99999,-1,-1,-3,-1,1,19380
3565,1050,1,69,8,-1,99999,-1,-1,-3,-1,1,19440
3566,1050,1,18,10,-1,99999,-1,-1,-3,-1,1,19440
3567,1050,1,2025,1,-1,99999,-1,-1,-3,-1,1,19440
3568,1050,1,230,10,-1,99999,-1,-1,-3,-1,1,19440
3569,1051,1,2113,3,-1,99999,-1,-1,-3,-1,1,19440
3570,1052,1,274,8,-1,99999,-1,-1,-3,-1,1,19440
3571,1053,1,1182,2,-1,99999,-1,-1,-3,-1,1,19440
3572,1054,1,97,1,-1,99999,-1,-1,-3,-1,1,19440
3573,1054,1,2111,3,-1,99999,-1,-1,-3,-1,1,19440
3574,1054,1,82,5,-1,99999,-1,-1,-3,-1,1,19440
3575,1054,1,298,4,-1,99999,-1,-1,-3,-1,1,19440
3576,1054,1,59,5,-1,99999,-1,-1,-3,-1,1,19440
3577,1054,1,116,7,-1,99999,-1,-1,-3,-1,1,19440
3578,1054,1,885,8,-1,99999,-1,-1,-3,-1,1,19440
3579,1054,1,452,7,-1,99999,-1,-1,-3,-1,1,19440
3580,1055,1,1105,4,-1,99999,-1,-1,-3,-1,1,19440
3581,1055,1,2429,3,-1,99999,-1,-1,-3,-1,1,19440
3582,1056,1,760,4,-1,99999,-1,-1,-3,-1,1,19500
3583,1056,1,264,6,-1,99999,-1,-1,-3,-1,1,19500
3584,1057,1,2512,3,-1,99999,-1,-1,-3,-1,1,19500
3585,1058,1,1645,7,-1,99999,-1,-1,-3,-1,1,19500
3586,1059,1,313,6,-1,99999,-1,-1,-3,-1,1,19500
3587,1059,1,1476,5,-1,99999,-1,-1,-3,-1,1,19500
3588,1060,1,763,8,-1,99999,-1,-1,-3,-1,1,19500
3589,1061,1,560,6,-1,99999,-1,-1,-3,-1,1,19500
3590,1061,1,535,4,-1,99999,-1,-1,-3,-1,1,19500
3591,1061,1,205,7,-1,99999,-1,-1,-3,-1,1,19500
3592,1061,1,358,9,-1,99999,-1,-1,-3,-1,1,19500
3593,1062,1,95,6,-1,99999,-1,-1,-3,-1,1,19560
3594,1062,1,1256,10,-1,99999,-1,-1,-3,-1,1,19560
3595,1063,1,2658,2,-1,99999,-1,-1,-3,-1,1,19560
3596,1063,1,493,5,-1,99999,-1,-1,-3,-1,1,19560
3597,1063,1,330,12,-1,99999,-1,-1,-3,-1,1,19560
3598,1064,1,201,6,-1,99999,-1,-1,-3,-1,1,19560
3599,1064,1,368,10,-1,99999,-1,-1,-3,-1,1,19560
3600,1064,1,912,6,-1,99999,-1,-1,-3,-1,1,19560
3601,1064,1,2186,1,-1,99999,-1,-1,-3,-1,1,19560
3602,1064,1,227,6,-1,99999,-1,-1,-3,-1,1,19560
3603,1064,1,305,7,-1,99999,-1,-1,-3,-1,1,19560
3604,1064,1,2175,3,-1,99999,-1,-1,-3,-1,1,19560
3605,1064,1,357,3,-1,99999,-1,-1,-3,-1,1,19560
3606,1065,1,278,6,-1,99999,-1,-1,-3,-1,1,19620
3607,1065,1,182,4,-1,99999,-1,-1,-3,-1,1,19620
3608,1065,1,71,8,-1,99999,-1,-1,-3,-1,1,19620
3609,1065,1,500,9,-1,99999,-1,-1,-3,-1,1,19620
3610,1065,1,0,2,-1,99999,-1,-1,-3,-1,1,19620
3611,1066,1,270,4,-1,99999,-1,-1,-3,-1,1,19620
3612,1066,1,275,7,-1,99999,-1,-1,-3,-1,1,19620
3613,1066,1,1669,3,-1,99999,-1,-1,-3,-1,1,19620
3614,1066,1,1418,2,-1,99999,-1,-1,-3,-1,1,19620
3615,1067,1,2567,1,-1,99999,-1,-1,-3,-1,1,19680
3616,1067,1,31,10,-1,99999,-1,-1,-3,-1,1,19680
3617,1067,1,2538,2,-1,99999,-1,-1,-3,-1,1,19680
3618,1068,1,4,8,-1,99999,-1,-1,-3,-1,1,19680
3619,1068,1,50,4,-1,99999,-1,-1,-3,-1,1,19680
3620,1069,1,682,3,-1,99999,-1,-1,-3,-1,1,19680
3621,1069,1,270,2,-1,99999,-1,-1,-3,-1,1,19680
3622,1070,1,1352,2,-1,99999,-1,-1,-3,-1,1,19680
3623,1071,1,918,8,-1,99999,-1,-1,-3,-1,1,19680
3624,1071,1,1225,7,-1,99999,-1,-1,-3,-1,1,19680
3625,1071,1,790,8,-1,99999,-1,-1,-3,-1,1,19680
3626,1071,1,5,1,-1,99999,-1,-1,-3,-1,1,19680
3627,1071,1,2138,3,-1,99999,-1,-1,-3,-1,1,19680
3628,1071,1,1865,4,-1,99999,-1,-1,-3,-1,1,19680
3629,1071,1,78,6,-1,99999,-1,-1,-3,-1,1,19680
3630,1071,1,302,2,-1,99999,-1,-1,-3,-1,1,19680
3631,1071,1,2710,3,-1,99999,-1,-1,-3,-1,1,19680
3632,1072,1,657,6,-1,99999,-1,-1,-3,-1,1,19740
3633,1072,1,268,10,-1,99999,-1,-1,-3,-1,1,19740
3634,1072,1,6,2,-1,99999,-1,-1,-3,-1,1,19740
3635,1072,1,37,2,-1,99999,-1,-1,-3,-1,1,19740
3636,1072,1,1227,5,-1,99999,-1,-1,-3,-1,1,19740
3637,1072,1,596,10,-1,99999,-1,-1,-3,-1,1,19740
3638,1072,1,2105,3,-1,99999,-1,-1,-3,-1,1,19740
3639,1073,1,1889,9,-1,99999,-1,-1,-3,-1,1,19740
3640,1073,1,175,6,-1,99999,-1,-1,-3,-1,1,19740
3641,1073,1,891,2,-1,99999,-1,-1,-3,-1,1,19740
3642,1074,1,765,11,-1,99999,-1,-1,-3,-1,1,19740
3643,1074,1,3154,3,-1,99999,-1,-1,-3,-1,1,19740
3644,1074,1,31,7,-1,99999,-1,-1,-3,-1,1,19740
3645,1074,1,75,10,-1,99999,-1,-1,-3,-1,1,19740
3646,1074,1,12,8,-1,99999,-1,-1,-3,-1,1,19740
3647,1074,1,366,7,-1,99999,-1,-1,-3,-1,1,19740
3648,1075,1,906,7,-1,99999,-1,-1,-3,-1,1,19800
3649,1075,1,280,4,-1,99999,-1,-1,-3,-1,1,19800
3650,1075,1,1565,7,-1,99999,-1,-1,-3,-1,1,19800
3651,1075,1,3087,2,-1,99999,-1,-1,-3,-1,1,19800
3652,1076,1,418,4,-1,99999,-1,-1,-3,-1,1,19800
3653,1076,1,2199,2,-1,99999,-1,-1,-3,-1,1,19800
3654,1077,1,77,12,-1,99999,-1,-1,-3,-1,1,19800
3655,1078,1,9,7,-1,99999,-1,-1,-3,-1,1,19860
3656,1078,1,446,1,-1,99999,-1,-1,-3,-1,1,19860
3657,1079,1,2012,3,-1,99999,-1,-1,-3,-1,1,19860
3658,1079,1,104,5,-1,99999,-1,-1,-3,-1,1,19860
3659,1079,1,531,7,-1,99999,-1,-1,-3,-1,1,19860
3660,1079,1,332,6,-1,99999,-1,-1,-3,-1,1,19860
3661,1080,1,1965,3,-1,99999,-1,-1,-3,-1,1,19860
3662,1080,1,201,6,-1,99999,-1,-1,-3,-1,1,19860
3663,1080,1,132,6,-1,99999,-1,-1,-3,-1,1,19860
3664,1080,1,1412,8,-1,99999,-1,-1,-3,-1,1,19860
3665,1080,1,6,6,-1,99999,-1,-1,-3,-1,1,19860
3666,1080,1,307,1,-1,99999,-1,-1,-3,-1,1,19860
3667,1080,1,342,11,-1,99999,-1,-1,-3,-1,1,19860
3668,1080,1,144,6,-1,99999,-1,-1,-3,-1,1,19860
3669,1081,1,115,12,-1,99999,-1,-1,-3,-1,1,19860
3670,1081,1,1,7,-1,99999,-1,-1,-3,-1,1,19860
3671,1081,1,87,7,-1,99999,-1,-1,-3,-1,1,19860
3672,1081,1,1270,8,-1,99999,-1,-1,-3,-1,1,19860
3673,1081,1,91,6,-1,99999,-1,-1,-3,-1,1,19860
3674,1081,1,198,2,-1,99999,-1,-1,-3,-1,1,19860
3675,1082,1,1680,5,-1,99999,-1,-1,-3,-1,1,19860
3676,1082,1,609,4,-1,99999,-1,-1,-3,-1,1,19860
3677,1082,1,272,2,-1,99999,-1,-1,-3,-1,1,19860
3678,1082,1,1378,10,-1,99999,-1,-1,-3,-1,1,19860
3679,1082,1,35,4,-1,99999,-1,-1,-3,-1,1,19860
3680,1082,1,630,4,-1,99999,-1,-1,-3,-1,1,19860
3681,1082,1,1536,12,-1,99999,-1,-1,-3,-1,1,19860
3682,1083,1,199,8,-1,99999,-1,-1,-3,-1,1,19920
3683,1083,1,45,2,-1,99999,-1,-1,-3,-1,1,19920
3684,1083,1,1184,4,-1,99999,-1,-1,-3,-1,1,19920
3685,1083,1,12,3,-1,99999,-1,-1,-3,-1,1,19920
3686,1083,1,7,8,-1,99999,-1,-1,-3,-1,1,19920
3687,1084,1,598,3,-1,99999,-1,-1,-3,-1,1,19920
3688,1085,1,2427,4,-1,99999,-1,-1,-3,-1,1,19920
3689,1085,1,697,7,-1,99999,-1,-1,-3,-1,1,19920
3690,1086,1,2356,2,-1,99999,-1,-1,-3,-1,1,19920
3691,1087,1,122,6,-1,99999,-1,-1,-3,-1,1,19920
3692,1087,1,65,10,-1,99999,-1,-1,-3,-1,1,19920
3693,1088,1,341,1,-1,99999,-1,-1,-3,-1,1,19980
3694,1089,1,1,3,-1,99999,-1,-1,-3,-1,1,19980
3695,1090,1,130,2,-1,99999,-1,-1,-3,-1,1,20040
3696,1090,1,525,10,-1,99999,-1,-1,-3,-1,1,20040
3697,1091,1,592,7,-1,99999,-1,-1,-3,-1,1,20040
3698,1092,1,94,10,-1,99999,-1,-1,-3,-1,1,20040
3699,1093,1,6,7,-1,99999,-1,-1,-3,-1,1,20100
3700,1093,1,2202,2,-1,99999,-1,-1,-3,-1,1,20100
3701,1093,1,146,5,-1,99999,-1,-1,-3,-1,1,20100
3702,1093,1,4,10,-1,99999,-1,-1,-3,-1,1,20100
3703,1093,1,3,4,-1,99999,-1,-1,-3,-1,1,20100
3704,1094,1,956,4,-1,99999,-1,-1,-3,-1,1,20160
3705,1094,1,159,7,-1,99999,-1,-1,-3,-1,1,20160
3706,1094,1,2253,2,-1,99999,-1,-1,-3,-1,1,20160
3707,1094,1,992,7,-1,99999,-1,-1,-3,-1,1,20160
3708,1094,1,414,4,-1,99999,-1,-1,-3,-1,1,20160
3709,1094,1,405,6,-1,99999,-1,-1,-3,-1,1,20160
3710,1095,1,1501,3,-1,99999,-1,-1,-3,-1,1,20160
3711,1095,1,660,5,-1,99999,-1,-1,-3,-1,1,20160
3712,1095,1,495,8,-1,99999,-1,-1,-3,-1,1,20160
3713,1096,1,16,6,-1,99999,-1,-1,-3,-1,1,20160
3714,1096,1,2154,4,-1,99999,-1,-1,-3,-1,1,20160
3715,1096,1,0,9,-1,99999,-1,-1,-3,-1,1,20160
3716,1096,1,509,6,-1,99999,-1,-1,-3,-1,1,20160
3717,1096,1,1365,4,-1,99999,-1,-1,-3,-1,1,20160
3718,1096,1,33,9,-1,99999,-1,-1,-3,-1,1,20160
3719,1096,1,342,7,-1,99999,-1,-1,-3,-1,1,20160
3720,1097,1,244,2,-1,99999,-1,-1,-3,-1,1,20160
3721,1097,1,616,5,-1,99999,-1,-1,-3,-1,1,20160
3722,1098,1,335,8,-1,99999,-1,-1,-3,-1,1,20160
3723,1099,1,7,8,-1,99999,-1,-1,-3,-1,1,20220
3724,1099,1,73,7,-1,99999,-1,-1,-3,-1,1,20220
3725,1099,1,101,10,-1,99999,-1,-1,-3,-1,1,20220
3726,1099,1,284,10,-1,99999,-1,-1,-3,-1,1,20220
3727,1100,1,21,10,-1,99999,-1,-1,-3,-1,1,20220
3728,1101,1,2,4,-1,99999,-1,-1,-3,-1,1,20220
3729,1101,1,884,6,-1,99999,-1,-1,-3,-1,1,20220
3730,1102,1,11,3,-1,99999,-1,-1,-3,-1,1,20220
3731,1102,1,7,9,-1,99999,-1,-1,-3,-1,1,20220
3732,1102,1,747,6,-1,99999,-1,-1,-3,-1,1,20220
3733,1102,1,2403,2,-1,99999,-1,-1,-3,-1,1,20220
3734,1102,1,99,4,-1,99999,-1,-1,-3,-1,1,20220
3735,1103,1,377,8,-1,99999,-1,-1,-3,-1,1,20280
3736,1103,1,649,9,-1,99999,-1,-1,-3,-1,1,20280
3737,1103,1,1354,2,-1,99999,-1,-1,-3,-1,1,20280
3738,1103,1,1434,7,-1,99999,-1,-1,-3,-1,1,20280
3739,1103,1,2065,2,-1,99999,-1,-1,-3,-1,1,20280
3740,1103,1,1236,6,-1,99999,-1,-1,-3,-1,1,20280
3741,1103,1,1,5,-1,99999,-1,-1,-3,-1,1,20280
3742,1103,1,1755,1,-1,99999,-1,-1,-3,-1,1,20280
3743,1103,1,1762,3,-1,99999,-1,-1,-3,-1,1,20280
3744,1103,1,1299,4,-1,99999,-1,-1,-3,-1,1,20280
3745,1103,1,1409,3,-1,99999,-1,-1,-3,-1,1,20280
3746,1103,1,68,7,-1,99999,-1,-1,-3,-1,1,20280
3747,1104,1,26,5,-1,99999,-1,-1,-3,-1,1,20280
3748,1105,1,37,10,-1,99999,-1,-1,-3,-1,1,20280
3749,1106,1,465,10,-1,99999,-1,-1,-3,-1,1,20280
3750,1106,1,1794,4,-1,99999,-1,-1,-3,-1,1,20280
3751,1106,1,469,5,-1,99999,-1,-1,-3,-1,1,20280
3752,1106,1,5,9,-1,99999,-1,-1,-3,-1,1,20280
3753,1107,1,196,10,-1,99999,-1,-1,-3,-1,1,20280
3754,1107,1,34,6,-1,99999,-1,-1,-3,-1,1,20280
3755,1107,1,788,6,-1,99999,-1,-1,-3,-1,1,20280
3756,1108,1,1722,6,-1,99999,-1,-1,-3,-1,1,20280
3757,1108,1,34,8,-1,99999,-1,-1,-3,-1,1,20280
3758,1109,1,341,6,-1,99999,-1,-1,-3,-1,1,20280
3759,1109,1,773,5,-1,99999,-1,-1,-3,-1,1,20280
3760,1110,1,1055,3,-1,99999,-1,-1,-3,-1,1,20340
3761,1111,1,2388,2,-1,99999,-1,-1,-3,-1,1,20340
3762,1111,1,73,8,-1,99999,-1,-1,-3,-1,1,20340
3763,1111,1,2426,2,-1,99999,-1,-1,-3,-1,1,20340
3764,1112,1,2751,2,-1,99999,-1,-1,-3,-1,1,20340
3765,1112,1,2371,2,-1,99999,-1,-1,-3,-1,1,20340
3766,1112,1,88,8,-1,99999,-1,-1,-3,-1,1,20340
3767,1112,1,302,6,-1,99999,-1,-1,-3,-1,1,20340
3768,1112,1,430,9,-1,99999,-1,-1,-3,-1,1,20340
3769,1112,1,1226,10,-1,99999,-1,-1,-3,-1,1,20340
3770,1113,1,114,8,-1,99999,-1,-1,-3,-1,1,20340
3771,1113,1,64,3,-1,99999,-1,-1,-3,-1,1,20340
3772,1114,1,188,4,-1,99999,-1,-1,-3,-1,1,20400
3773,1114,1,999,3,-1,99999,-1,-1,-3,-1,1,20400
3774,1114,1,205,10,-1,99999,-1,-1,-3,-1,1,20400
3775,1114,1,9,4,-1,99999,-1,-1,-3,-1,1,20400
3776,1114,1,1077,6,-1,99999,-1,-1,-3,-1,1,20400
3777,1115,1,339,8,-1,99999,-1,-1,-3,-1,1,20400
3778,1116,1,119,8,-1,99999,-1,-1,-3,-1,1,20400
3779,1117,1,1328,1,-1,99999,-1,-1,-3,-1,1,20400
3780,1117,1,1950,2,-1,99999,-1,-1,-3,-1,1,20400
3781,1117,1,95,10,-1,99999,-1,-1,-3,-1,1,20400
3782,1117,1,1320,11,-1,99999,-1,-1,-3,-1,1,20400
3783,1118,1,1381,3,-1,99999,-1,-1,-3,-1,1,20460
3784,1118,1,581,6,-1,99999,-1,-1,-3,-1,1,20460
3785,1119,1,1023,2,-1,99999,-1,-1,-3,-1,1,20460
3786,1119,1,476,12,-1,99999,-1,-1,-3,-1,1,20460
3787,1119,1,258,4,-1,99999,-1,-1,-3,-1,1,20460
3788,1120,1,505,6,-1,99999,-1,-1,-3,-1,1,20460
3789,1120,1,487,4,-1,99999,-1,-1,-3,-1,1,20460
3790,1120,1,130,3,-1,99999,-1,-1,-3,-1,1,20460
3791,1120,1,1047,7,-1,99999,-1,-1,-3,-1,1,20460
3792,1120,1,1766,3,-1,99999,-1,-1,-3,-1,1,20460
3793,1120,1,53,1,-1,99999,-1,-1,-3,-1,1,20460
3794,1121,1,111,4,-1,99999,-1,-1,-3,-1,1,20580
3795,1122,1,972,6,-1,99999,-1,-1,-3,-1,1,20640
3796,1123,1,935,1,-1,99999,-1,-1,-3,-1,1,20640
3797,1123,1,1558,2,-1,99999,-1,-1,-3,-1,1,20640
3798,1123,1,188,6,-1,99999,-1,-1,-3,-1,1,20640
3799,1123,1,499,8,-1,99999,-1,-1,-3,-1,1,20640
3800,1123,1,633,7,-1,99999,-1,-1,-3,-1,1,20640
3801,1123,1,109,4,-1,99999,-1,-1,-3,-1,1,20640
3802,1123,1,331,8,-1,99999,-1,-1,-3,-1,1,20640
3803,1123,1,75,8,-1,99999,-1,-1,-3,-1,1,20640
3804,1123,1,318,12,-1,99999,-1,-1,-3,-1,1,20640
3805,1123,1,18,4,-1,99999,-1,-1,-3,-1,1,20640
3806,1123,1,2546,4,-1,99999,-1,-1,-3,-1,1,20640
3807,1123,1,197,3,-1,99999,-1,-1,-3,-1,1,20640
3808,1124,1,8,5,-1,99999,-1,-1,-3,-1,1,20640
3809,1125,1,417,2,-1,99999,-1,-1,-3,-1,1,20700
3810,1125,1,746,8,-1,99999,-1,-1,-3,-1,1,20700
3811,1125,1,923,3,-1,99999,-1,-1,-3,-1,1,20700
3812,1126,1,2217,2,-1,99999,-1,-1,-3,-1,1,20700
3813,1126,1,89,6,-1,99999,-1,-1,-3,-1,1,20700
3814,1126,1,2908,2,-1,99999,-1,-1,-3,-1,1,20700
3815,1126,1,4,10,-1,99999,-1,-1,-3,-1,1,20700
3816,1126,1,130,10,-1,99999,-1,-1,-3,-1,1,20700
3817,1127,1,3132,3,-1,99999,-1,-1,-3,-1,1,20760
3818,1128,1,2135,3,-1,99999,-1,-1,-3,-1,1,20820
3819,1129,1,53,11,-1,99999,-1,-1,-3,-1,1,20820
3820,1129,1,617,2,-1,99999,-1,-1,-3,-1,1,20820
3821,1129,1,407,7,-1,99999,-1,-1,-3,-1,1,20820
3822,1129,1,2,10,-1,99999,-1,-1,-3,-1,1,20820
3823,1129,1,1155,6,-1,99999,-1,-1,-3,-1,1,20820
3824,1130,1,828,7,-1,99999,-1,-1,-3,-1,1,20820
3825,1131,1,138,7,-1,99999,-1,-1,-3,-1,1,20820
3826,1132,1,1877,1,-1,99999,-1,-1,-3,-1,1,20820
3827,1133,1,26,5,-1,99999,-1,-1,-3,-1,1,20880
3828,1133,1,529,6,-1,99999,-1,-1,-3,-1,1,20880
3829,1133,1,130,8,-1,99999,-1,-1,-3,-1,1,20880
3830,1133,1,486,4,-1,99999,-1,-1,-3,-1,1,20880
3831,1133,1,1966,3,-1,99999,-1,-1,-3,-1,1,20880
3832,1133,1,251,12,-1,99999,-1,-1,-3,-1,1,20880
3833,1134,1,99,6,-1,99999,-1,-1,-3,-1,1,20940
3834,1134,1,388,7,-1,99999,-1,-1,-3,-1,1,20940
3835,1134,1,325,9,-1,99999,-1,-1,-3,-1,1,20940
3836,1135,1,2630,2,-1,99999,-1,-1,-3,-1,1,20940
3837,1135,1,37,3,-1,99999,-1,-1,-3,-1,1,20940
3838,1136,1,215,4,-1,99999,-1,-1,-3,-1,1,20940
3839,1136,1,0,12,-1,99999,-1,-1,-3,-1,1,20940
3840,1136,1,512,8,-1,99999,-1,-1,-3,-1,1,20940
3841,1136,1,128,9,-1,99999,-1,-1,-3,-1,1,20940
3842,1137,1,2499,2,-1,99999,-1,-1,-3,-1,1,21000
3843,1137,1,1127,6,-1,99999,-1,-1,-3,-1,1,21000
3844,1138,1,1628,7,-1,99999,-1,-1,-3,-1,1,21000
3845,1138,1,782,1,-1,99999,-1,-1,-3,-1,1,21000
3846,1139,1,145,4,-1,99999,-1,-1,-3,-1,1,21000
3847,1139,1,85,5,-1,99999,-1,-1,-3,-1,1,21000
3848,1140,1,1269,10,-1,99999,-1,-1,-3,-1,1,21000
3849,1140,1,870,8,-1,99999,-1,-1,-3,-1,1,21000
3850,1141,1,84,4,-1,99999,-1,-1,-3,-1,1,21000
3851,1142,1,285,10,-1,99999,-1,-1,-3,-1,1,21000
3852,1142,1,939,2,-1,99999,-1,-1,-3,-1,1,21000
3853,1142,1,6,6,-1,99999,-1,-1,-3,-1,1,21000
3854,1143,1,173,2,-1,99999,-1,-1,-3,-1,1,21060
3855,1143,1,3135,1,-1,99999,-1,-1,-3,-1,1,21060
3856,1143,1,137,7,-1,99999,-1,-1,-3,-1,1,21060
3857,1143,1,33,11,-1,99999,-1,-1,-3,-1,1,21060
3858,1143,1,1386,2,-1,99999,-1,-1,-3,-1,1,21060
3859,1144,1,747,2,-1,99999,-1,-1,-3,-1,1,21060
3860,1144,1,144,8,-1,99999,-1,-1,-3,-1,1,21060
3861,1144,1,1038,3,-1,99999,-1,-1,-3,-1,1,21060
3862,1144,1,204,2,-1,99999,-1,-1,-3,-1,1,21060
3863,1144,1,39,7,-1,99999,-1,-1,-3,-1,1,21060
3864,1144,1,2119,3,-1,99999,-1,-1,-3,-1,1,21060
3865,1145,1,77,4,-1,99999,-1,-1,-3,-1,1,21060
3866,1145,1,1197,3,-1,99999,-1,-1,-3,-1,1,21060
3867,1145,1,2344,3,-1,99999,-1,-1,-3,-1,1,21060
3868,1145,1,1876,2,-1,99999,-1,-1,-3,-1,1,21060
3869,1145,1,1982,3,-1,99999,-1,-1,-3,-1,1,21060
3870,1145,1,748,10,-1,99999,-1,-1,-3,-1,1,21060
3871,1146,1,832,4,-1,99999,-1,-1,-3,-1,1,21060
3872,1146,1,1096,2,-1,99999,-1,-1,-3,-1,1,21060
3873,1146,1,33,5,-1,99999,-1,-1,-3,-1,1,21060
3874,1146,1,2092,2,-1,99999,-1,-1,-3,-1,1,21060
3875,1146,1,151,1,-1,99999,-1,-1,-3,-1,1,21060
3876,1146,1,950,12,-1,99999,-1,-1,-3,-1,1,21060
3877,1146,1,592,8,-1,99999,-1,-1,-3,-1,1,21060
3878,1146,1,2243,2,-1,99999,-1,-1,-3,-1,1,21060
3879,1147,1,1943,3,-1,99999,-1,-1,-3,-1,1,21060
3880,1147,1,5,8,-1,99999,-1,-1,-3,-1,1,21060
3881,1147,1,260,4,-1,99999,-1,-1,-3,-1,1,21060
3882,1147,1,310,3,-1,99999,-1,-1,-3,-1,1,21060
3883,1148,1,1051,4,-1,99999,-1,-1,-3,-1,1,21060
3884,1148,1,25,2,-1,99999,-1,-1,-3,-1,1,21060
3885,1148,1,1254,3,-1,99999,-1,-1,-3,-1,1,21060
3886,1148,1,111,4,-1,99999,-1,-1,-3,-1,1,21060
3887,1148,1,2806,3,-1,99999,-1,-1,-3,-1,1,21060
3888,1148,1,2416,3,-1,99999,-1,-1,-3,-1,1,21060
3889,1149,1,1122,8,-1,99999,-1,-1,-3,-1,1,21060
3890,1150,1,155,1,-1,99999,-1,-1,-3,-1,1,21060
3891,1150,1,2969,2,-1,99999,-1,-1,-3,-1,1,21060
3892,1150,1,365,2,-1,99999,-1,-1,-3,-1,1,21060
3893,1151,1,146,8,-1,99999,-1,-1,-3,-1,1,21060
3894,1152,1,248,10,-1,99999,-1,-1,-3,-1,1,21120
3895,1153,1,459,12,-1,99999,-1,-1,-3,-1,1,21120
3896,1153,1,58,9,-1,99999,-1,-1,-3,-1,1,21120
3897,1153,1,716,8,-1,99999,-1,-1,-3,-1,1,21120
3898,1153,1,1567,3,-1,99999,-1,-1,-3,-1,1,21120
3899,1153,1,2948,2,-1,99999,-1,-1,-3,-1,1,21120
3900,1153,1,1433,10,-1,99999,-1,-1,-3,-1,1,21120
3901,1153,1,751,9,-1,99999,-1,-1,-3,-1,1,21120
3902,1153,1,176,7,-1,99999,-1,-1,-3,-1,1,21120
3903,1154,1,1920,2,-1,99999,-1,-1,-3,-1,1,21120
3904,1155,1,991,5,-1,99999,-1,-1,-3,-1,1,21120
3905,1155,1,377,8,-1,99999,-1,-1,-3,-1,1,21120
3906,1155,1,810,6,-1,99999,-1,-1,-3,-1,1,21120
3907,1156,1,497,7,-1,99999,-1,-1,-3,-1,1,21180
3908,1156,1,1066,7,-1,99999,-1,-1,-3,-1,1,21180
3909,1156,1,48,8,-1,99999,-1,-1,-3,-1,1,21180
3910,1156,1,108,9,-1,99999,-1,-1,-3,-1,1,21180
3911,1157,1,2740,3,-1,99999,-1,-1,-3,-1,1,21180
3912,1157,1,604,4,-1,99999,-1,-1,-3,-1,1,21180
3913,1157,1,83,3,-1,99999,-1,-1,-3,-1,1,21180
3914,1158,1,1122,11,-1,99999,-1,-1,-3,-1,1,21180
3915,1159,1,65,5,-1,99999,-1,-1,-3,-1,1,21180
3916,1159,1,2,1,-1,99999,-1,-1,-3,-1,1,21180
3917,1160,1,1492,2,-1,99999,-1,-1,-3,-1,1,21180
3918,1160,1,389,3,-1,99999,-1,-1,-3,-1,1,21180
3919,1160,1,408,4,-1,99999,-1,-1,-3,-1,1,21180
3920,1161,1,26,6,-1,99999,-1,-1,-3,-1,1,21180
3921,1162,1,1274,2,-1,99999,-1,-1,-3,-1,1,21240
3922,1163,1,153,4,-1,99999,-1,-1,-3,-1,1,21300
3923,1163,1,5,6,-1,99999,-1,-1,-3,-1,1,21300
3924,1163,1,586,1,-1,99999,-1,-1,-3,-1,1,21300
3925,1164,1,148,2,-1,99999,-1,-1,-3,-1,1,21300
3926,1164,1,764,12,-1,99999,-1,-1,-3,-1,1,21300
3927,1164,1,2828,4,-1,99999,-1,-1,-3,-1,1,21300
3928,1165,1,43,6,-1,99999,-1,-1,-3,-1,1,21300
3929,1165,1,1593,2,-1,99999,-1,-1,-3,-1,1,21300
3930,1165,1,702,9,-1,99999,-1,-1,-3,-1,1,21300
3931,1165,1,53,8,-1,99999,-1,-1,-3,-1,1,21300
3932,1166,1,185,4,-1,99999,-1,-1,-3,-1,1,21360
3933,1166,1,1124,5,-1,99999,-1,-1,-3,-1,1,21360
3934,1166,1,132,10,-1,99999,-1,-1,-3,-1,1,21360
3935,1166,1,389,6,-1,99999,-1,-1,-3,-1,1,21360
3936,1167,1,1920,3,-1,99999,-1,-1,-3,-1,1,21360
3937,1167,1,173,7,-1,99999,-1,-1,-3,-1,1,21360
3938,1167,1,159,3,-1,99999,-1,-1,-3,-1,1,21360
3939,1167,1,958,6,-1,99999,-1,-1,-3,-1,1,21360
3940,1168,1,574,7,-1,99999,-1,-1,-3,-1,1,21360
3941,1168,1,598,4,-1,99999,-1,-1,-3,-1,1,21360
3942,1169,1,1936,3,-1,99999,-1,-1,-3,-1,1,21360
3943,1170,1,677,8,-1,99999,-1,-1,-3,-1,1,21420
3944,1170,1,1852,3,-1,99999,-1,-1,-3,-1,1,21420
3945,1171,1,2262,2,-1,99999,-1,-1,-3,-1,1,21420
3946,1171,1,1361,2,-1,99999,-1,-1,-3,-1,1,21420
3947,1171,1,82,5,-1,99999,-1,-1,-3,-1,1,21420
3948,1171,1,152,6,-1,99999,-1,-1,-3,-1,1,21420
3949,1171,1,540,7,-1,99999,-1,-1,-3,-1,1,21420
3950,1172,1,1447,6,-1,99999,-1,-1,-3,-1,1,21420
3951,1173,1,421,5,-1,99999,-1,-1,-3,-1,1,21480
3952,1174,1,160,6,-1,99999,-1,-1,-3,-1,1,21480
3953,1174,1,278,3,-1,99999,-1,-1,-3,-1,1,21480
3954,1174,1,189,7,-1,99999,-1,-1,-3,-1,1,21480
3955,1175,1,158,2,-1,99999,-1,-1,-3,-1,1,21540
3956,1176,1,12,8,-1,99999,-1,-1,-3,-1,1,21540
3957,1177,1,1985,2,-1,99999,-1,-1,-3,-1,1,21540
3958,1177,1,161,4,-1,99999,-1,-1,-3,-1,1,21540
3959,1177,1,70,1,-1,99999,-1,-1,-3,-1,1,21540
3960,1177,1,348,4,-1,99999,-1,-1,-3,-1,1,21540
3961,1177,1,1880,3,-1,99999,-1,-1,-3,-1,1,21540
3962,1177,1,271,3,-1,99999,-1,-1,-3,-1,1,21540
3963,1177,1,738,8,-1,99999,-1,-1,-3,-1,1,21540
3964,1178,1,91,11,-1,99999,-1,-1,-3,-1,1,21540
3965,1179,1,430,6,-1,99999,-1,-1,-3,-1,1,21540
3966,1179,1,3,9,-1,99999,-1,-1,-3,-1,1,21540
3967,1180,1,12,10,-1,99999,-1,-1,-3,-1,1,21540
3968,1180,1,3,6,-1,99999,-1,-1,-3,-1,1,21540
3969,1180,1,399,6,-1,99999,-1,-1,-3,-1,1,21540
3970,1180,1,2,9,-1,99999,-1,-1,-3,-1,1,21540
3971,1180,1,774,7,-1,99999,-1,-1,-3,-1,1,21540
3972,1180,1,281,7,-1,99999,-1,-1,-3,-1,1,21540
3973,1180,1,49,6,-1,99999,-1,-1,-3,-1,1,21540
3974,1180,1,199,3,-1,99999,-1,-1,-3,-1,1,21540
3975,1180,1,929,6,-1,99999,-1,-1,-3,-1,1,21540
3976,1180,1,93,6,-1,99999,-1,-1,-3,-1,1,21540
3977,1181,1,1020,4,-1,99999,-1,-1,-3,-1,1,21540
3978,1181,1,261,5,-1,99999,-1,-1,-3,-1,1,21540
3979,1181,1,112,10,-1,99999,-1,-1,-3,-1,1,21540
3980,1181,1,8,12,-1,99999,-1,-1,-3,-1,1,21540
3981,1181,1,256,4,-1,99999,-1,-1,-3,-1,1,21540
3982,1181,1,267,5,-1,99999,-1,-1,-3,-1,1,21540
3983,1181,1,862,9,-1,99999,-1,-1,-3,-1,1,21540
3984,1182,1,3242,1,-1,99999,-1,-1,-3,-1,1,21600
3985,1183,1,0,6,-1,99999,-1,-1,-3,-1,1,21600
3986,1184,1,3,7,-1,99999,-1,-1,-3,-1,1,21600
3987,1184,1,43,12,-1,99999,-1,-1,-3,-1,1,21600
3988,1185,1,20,7,-1,99999,-1,-1,-3,-1,1,21600
3989,1185,1,565,6,-1,99999,-1,-1,-3,-1,1,21600
3990,1185,1,1020,2,-1,99999,-1,-1,-3,-1,1,21600
3991,1186,1,15,10,-1,99999,-1,-1,-3,-1,1,21600
3992,1186,1,109,8,-1,99999,-1,-1,-3,-1,1,21600
3993,1186,1,129,8,-1,99999,-1,-1,-3,-1,1,21600
3994,1186,1,85,6,-1,99999,-1,-1,-3,-1,1,21600
3995,1187,1,821,8,-1,99999,-1,-1,-3,-1,1,21600
3996,1188,1,282,4,-1,99999,-1,-1,-3,-1,1,21600
3997,1188,1,1266,2,-1,99999,-1,-1,-3,-1,1,21600
3998,1189,1,651,3,-1,99999,-1,-1,-3,-1,1,21660
3999,1189,1,2321,2,-1,99999,-1,-1,-3,-1,1,21660
4000,1189,1,372,7,-1,99999,-1,-1,-3,-1,1,21660
4001,1190,1,392,8,-1,99999,-1,-1,-3,-1,1,21660
4002,1190,1,6,10,-1,99999,-1,-1,-3,-1,1,21660
4003,1191,1,2482,1,-1,99999,-1,-1,-3,-1,1,21660
4004,1192,1,620,7,-1,99999,-1,-1,-3,-1,1,21660
4005,1192,1,227,6,-1,99999,-1,-1,-3,-1,1,21660
4006,1192,1,325,4,-1,99999,-1,-1,-3,-1,1,21660
4007,1192,1,612,5,-1,99999,-1,-1,-3,-1,1,21660
4008,1193,1,262,10,-1,99999,-1,-1,-3,-1,1,21720
4009,1193,1,728,6,-1,99999,-1,-1,-3,-1,1,21720
4010,1193,1,2183,2,-1,99999,-1,-1,-3,-1,1,21720
4011,1194,1,2763,3,-1,99999,-1,-1,-3,-1,1,21720
4012,1194,1,1953,2,-1,99999,-1,-1,-3,-1,1,21720
4013,1195,1,767,4,-1,99999,-1,-1,-3,-1,1,21720
4014,1195,1,34,8,-1,99999,-1,-1,-3,-1,1,21720
4015,1196,1,2,2,-1,99999,-1,-1,-3,-1,1,21720
4016,1197,1,511,4,-1,99999,-1,-1,-3,-1,1,21720
4017,1197,1,186,4,-1,99999,-1,-1,-3,-1,1,21720
4018,1197,1,315,3,-1,99999,-1,-1,-3,-1,1,21720
4019,1197,1,939,10,-1,99999,-1,-1,-3,-1,1,21720
4020,1197,1,234,6,-1,99999,-1,-1,-3,-1,1,21720
4021,1197,1,729,7,-1,99999,-1,-1,-3,-1,1,21720
4022,1198,1,178,5,-1,99999,-1,-1,-3,-1,1,21780
4023,1198,1,141,6,-1,99999,-1,-1,-3,-1,1,21780
4024,1199,1,558,6,-1,99999,-1,-1,-3,-1,1,21780
4025,1200,1,93,3,-1,99999,-1,-1,-3,-1,1,21780
4026,1201,1,299,3,-1,99999,-1,-1,-3,-1,1,21840
4027,1201,1,37,8,-1,99999,-1,-1,-3,-1,1,21840
4028,1201,1,312,5,-1,99999,-1,-1,-3,-1,1,21840
4029,1201,1,495,2,-1,99999,-1,-1,-3,-1,1,21840
4030,1201,1,168,6,-1,99999,-1,-1,-3,-1,1,21840
4031,1201,1,2421,2,-1,99999,-1,-1,-3,-1,1,21840
4032,1201,1,2587,2,-1,99999,-1,-1,-3,-1,1,21840
4033,1201,1,679,7,-1,99999,-1,-1,-3,-1,1,21840
4034,1202,1,46,11,-1,99999,-1,-1,-3,-1,1,21840
4035,1203,1,739,6,-1,99999,-1,-1,-3,-1,1,21840
4036,1204,1,52,2,-1,99999,-1,-1,-3,-1,1,21900
4037,1205,1,1856,4,-1,99999,-1,-1,-3,-1,1,21900
4038,1205,1,3008,2,-1,99999,-1,-1,-3,-1,1,21900
4039,1205,1,1662,2,-1,99999,-1,-1,-3,-1,1,21900
4040,1205,1,1826,2,-1,99999,-1,-1,-3,-1,1,21900
4041,1205,1,640,8,-1,99999,-1,-1,-3,-1,1,21900
4042,1206,1,14,6,-1,99999,-1,-1,-3,-1,1,21900
4043,1207,1,285,10,-1,99999,-1,-1,-3,-1,1,21960
4044,1207,1,115,2,-1,99999,-1,-1,-3,-1,1,21960
4045,1207,1,457,6,-1,99999,-1,-1,-3,-1,1,21960
4046,1208,1,582,8,-1,99999,-1,-1,-3,-1,1,22020
4047,1208,1,93,6,-1,99999,-1,-1,-3,-1,1,22020
4048,1208,1,1417,4,-1,99999,-1,-1,-3,-1,1,22020
4049,1209,1,652,2,-1,99999,-1,-1,-3,-1,1,22020
4050,1210,1,269,7,-1,99999,-1,-1,-3,-1,1,22020
4051,1211,1,131,7,-1,99999,-1,-1,-3,-1,1,22020
4052,1211,1,2846,3,-1,99999,-1,-1,-3,-1,1,22020
4053,1212,1,192,6,-1,99999,-1,-1,-3,-1,1,22020
4054,1212,1,67,7,-1,99999,-1,-1,-3,-1,1,22020
4055,1213,1,479,5,-1,99999,-1,-1,-3,-1,1,22080
4056,1213,1,2103,3,-1,99999,-1,-1,-3,-1,1,22080
4057,1213,1,80,10,-1,99999,-1,-1,-3,-1,1,22080
4058,1213,1,218,8,-1,99999,-1,-1,-3,-1,1,22080
4059,1213,1,1725,4,-1,99999,-1,-1,-3,-1,1,22080
4060,1214,1,269,8,-1,99999,-1,-1,-3,-1,1,22080
4061,1214,1,1050,2,-1,99999,-1,-1,-3,-1,1,22080
4062,1214,1,378,9,-1,99999,-1,-1,-3,-1,1,22080
4063,1215,1,783,9,-1,99999,-1,-1,-3,-1,1,22140
4064,1216,1,64,10,-1,99999,-1,-1,-3,-1,1,22140
4065,1216,1,615,4,-1,99999,-1,-1,-3,-1,1,22140
4066,1216,1,104,7,-1,99999,-1,-1,-3,-1,1,22140
4067,1216,1,19,6,-1,99999,-1,-1,-3,-1,1,22140
4068,1216,1,60,8,-1,99999,-1,-1,-3,-1,1,22140
4069,1216,1,705,2,-1,99999,-1,-1,-3,-1,1,22140
4070,1217,1,191,6,-1,99999,-1,-1,-3,-1,1,22140
4071,1217,1,1221,6,-1,99999,-1,-1,-3,-1,1,22140
4072,1217,1,100,6,-1,99999,-1,-1,-3,-1,1,22140
4073,1218,1,933,12,-1,99999,-1,-1,-3,-1,1,22200
4074,1219,1,20,4,-1,99999,-1,-1,-3,-1,1,22200
4075,1219,1,227,10,-1,99999,-1,-1,-3,-1,1,22200
4076,1220,1,2160,2,-1,99999,-1,-1,-3,-1,1,22200
4077,1221,1,329,6,-1,99999,-1,-1,-3,-1,1,22260
4078,1222,1,178,7,-1,99999,-1,-1,-3,-1,1,22260
4079,1222,1,195,8,-1,99999,-1,-1,-3,-1,1,22260
4080,1222,1,123,1,-1,99999,-1,-1,-3,-1,1,22260
4081,1223,1,2445,2,-1,99999,-1,-1,-3,-1,1,22260
4082,1223,1,23,8,-1,99999,-1,-1,-3,-1,1,22260
4083,1224,1,847,6,-1,99999,-1,-1,-3,-1,1,22320
4084,1224,1,327,6,-1,99999,-1,-1,-3,-1,1,22320
4085,1224,1,2315,4,-1,99999,-1,-1,-3,-1,1,22320
4086,1224,1,114,4,-1,99999,-1,-1,-3,-1,1,22320
4087,1224,1,33,6,-1,99999,-1,-1,-3,-1,1,22320
4088,1224,1,82,4,-1,99999,-1,-1,-3,-1,1,22320
4089,1225,1,42,6,-1,99999,-1,-1,-3,-1,1,22320
4090,1225,1,703,3,-1,99999,-1,-1,-3,-1,1,22320
4091,1225,1,15,4,-1,99999,-1,-1,-3,-1,1,22320
4092,1225,1,444,11,-1,99999,-1,-1,-3,-1,1,22320
4093,1225,1,16,1,-1,99999,-1,-1,-3,-1,1,22320
4094,1225,1,426,4,-1,99999,-1,-1,-3,-1,1,22320
4095,1225,1,993,8,-1,99999,-1,-1,-3,-1,1,22320
4096,1226,1,2557,2,-1,99999,-1,-1,-3,-1,1,22380
4097,1226,1,1250,8,-1,99999,-1,-1,-3,-1,1,22380
4098,1226,1,900,4,-1,99999,-1,-1,-3,-1,1,22380
4099,1226,1,66,4,-1,99999,-1,-1,-3,-1,1,22380
4100,1226,1,1606,3,-1,99999,-1,-1,-3,-1,1,22380
4101,1226,1,18,2,-1,99999,-1,-1,-3,-1,1,22380
4102,1226,1,1032,7,-1,99999,-1,-1,-3,-1,1,22380
4103,1226,1,1368,10,-1,99999,-1,-1,-3,-1,1,22380
4104,1227,1,90,5,-1,99999,-1,-1,-3,-1,1,22380
4105,1228,1,109,8,-1,99999,-1,-1,-3,-1,1,22380
4106,1229,1,1099,1,-1,99999,-1,-1,-3,-1,1,22440
4107,1229,1,1197,2,-1,99999,-1,-1,-3,-1,1,22440
4108,1229,1,299,1,-1,99999,-1,-1,-3,-1,1,22440
4109,1229,1,388,3,-1,99999,-1,-1,-3,-1,1,22440
4110,1229,1,98,7,-1,99999,-1,-1,-3,-1,1,22440
4111,1229,1,190,2,-1,99999,-1,-1,-3,-1,1,22440
4112,1229,1,2,4,-1,99999,-1,-1,-3,-1,1,22440
4113,1229,1,22,8,-1,99999,-1,-1,-3,-1,1,22440
4114,1229,1,13,6,-1,99999,-1,-1,-3,-1,1,22440
4115,1230,1,2077,2,-1,99999,-1,-1,-3,-1,1,22440
4116,1230,1,52,4,-1,99999,-1,-1,-3,-1,1,22440
4117,1230,1,2391,4,-1,99999,-1,-1,-3,-1,1,22440
4118,1230,1,3118,2,-1,99999,-1,-1,-3,-1,1,22440
4119,1231,1,117,10,-1,99999,-1,-1,-3,-1,1,22440
4120,1231,1,2011,2,-1,99999,-1,-1,-3,-1,1,22440
4121,1232,1,103,6,-1,99999,-1,-1,-3,-1,1,22440
4122,1233,1,48,8,-1,99999,-1,-1,-3,-1,1,22500
4123,1233,1,17,3,-1,99999,-1,-1,-3,-1,1,22500
4124,1234,1,700,7,-1,99999,-1,-1,-3,-1,1,22500
4125,1234,1,50,5,-1,99999,-1,-1,-3,-1,1,22500
4126,1235,1,3,4,-1,99999,-1,-1,-3,-1,1,22500
4127,1236,1,1039,4,-1,99999,-1,-1,-3,-1,1,22500
4128,1236,1,868,5,-1,99999,-1,-1,-3,-1,1,22500
4129,1237,1,864,3,-1,99999,-1,-1,-3,-1,1,22560
4130,1237,1,1250,5,-1,99999,-1,-1,-3,-1,1,22560
4131,1238,1,565,8,-1,99999,-1,-1,-3,-1,1,22560
4132,1238,1,227,2,-1,99999,-1,-1,-3,-1,1,22560
4133,1238,1,1510,2,-1,99999,-1,-1,-3,-1,1,22560
4134,1238,1,392,12,-1,99999,-1,-1,-3,-1,1,22560
4135,1239,1,2191,1,-1,99999,-1,-1,-3,-1,1,22560
4136,1240,1,2448,2,-1,99999,-1,-1,-3,-1,1,22560
4137,1241,1,1564,2,-1,99999,-1,-1,-3,-1,1,22560
4138,1241,1,2851,3,-1,99999,-1,-1,-3,-1,1,22560
4139,1241,1,91,6,-1,99999,-1,-1,-3,-1,1,22560
4140,1242,1,2920,4,-1,99999,-1,-1,-3,-1,1,22560
4141,1242,1,1659,2,-1,99999,-1,-1,-3,-1,1,22560
4142,1242,1,7,2,-1,99999,-1,-1,-3,-1,1,22560
4143,1242,1,14,7,-1,99999,-1,-1,-3,-1,1,22560
4144,1242,1,8,4,-1,99999,-1,-1,-3,-1,1,22560
4145,1243,1,228,8,-1,99999,-1,-1,-3,-1,1,22620
4146,1244,1,188,3,-1,99999,-1,-1,-3,-1,1,22620
4147,1244,1,757,5,-1,99999,-1,-1,-3,-1,1,22620
4148,1244,1,645,6,-1,99999,-1,-1,-3,-1,1,22620
4149,1245,1,378,4,-1,99999,-1,-1,-3,-1,1,22620
4150,1245,1,329,11,-1,99999,-1,-1,-3,-1,1,22620
4151,1245,1,237,6,-1,99999,-1,-1,-3,-1,1,22620
4152,1245,1,168,4,-1,99999,-1,-1,-3,-1,1,22620
4153,1246,1,137,9,-1,99999,-1,-1,-3,-1,1,22620
4154,1246,1,63,6,-1,99999,-1,-1,-3,-1,1,22620
4155,1246,1,330,8,-1,99999,-1,-1,-3,-1,1,22620
4156,1246,1,12,12,-1,99999,-1,-1,-3,-1,1,22620
4157,1246,1,22,8,-1,99999,-1,-1,-3,-1,1,22620
4158,1246,1,1119,10,-1,99999,-1,-1,-3,-1,1,22620
4159,1247,1,2745,2,-1,99999,-1,-1,-3,-1,1,22680
4160,1247,1,2207,2,-1,99999,-1,-1,-3,-1,1,22680
4161,1247,1,1085,8,-1,99999,-1,-1,-3,-1,1,22680
4162,1247,1,2854,2,-1,99999,-1,-1,-3,-1,1,22680
4163,1247,1,212,3,-1,99999,-1,-1,-3,-1,1,22680
4164,1248,1,1982,4,-1,99999,-1,-1,-3,-1,1,22680
4165,1248,1,58,6,-1,99999,-1,-1,-3,-1,1,22680
4166,1249,1,638,7,-1,99999,-1,-1,-3,-1,1,22680
4167,1249,1,102,10,-1,99999,-1,-1,-3,-1,1,22680
4168,1249,1,202,6,-1,99999,-1,-1,-3,-1,1,22680
4169,1249,1,1445,2,-1,99999,-1,-1,-3,-1,1,22680
4170,1249,1,9,6,-1,99999,-1,-1,-3,-1,1,22680
4171,1249,1,191,4,-1,99999,-1,-1,-3,-1,1,22680
4172,1249,1,355,12,-1,99999,-1,-1,-3,-1,1,22680
4173,1250,1,2854,4,-1,99999,-1,-1,-3,-1,1,22680
4174,1251,1,131,9,-1,99999,-1,-1,-3,-1,1,22680
4175,1251,1,178,2,-1,99999,-1,-1,-3,-1,1,22680
4176,1251,1,312,2,-1,99999,-1,-1,-3,-1,1,22680
4177,1252,1,257,7,-1,99999,-1,-1,-3,-1,1,22680
4178,1252,1,701,10,-1,99999,-1,-1,-3,-1,1,22680
4179,1252,1,670,4,-1,99999,-1,-1,-3,-1,1,22680
4180,1252,1,1112,6,-1,99999,-1,-1,-3,-1,1,22680
4181,1252,1,70,10,-1,99999,-1,-1,-3,-1,1,22680
4182,1253,1,218,3,-1,99999,-1,-1,-3,-1,1,22740
4183,1253,1,72,4,-1,99999,-1,-1,-3,-1,1,22740
4184,1253,1,752,2,-1,99999,-1,-1,-3,-1,1,22740
4185,1253,1,2555,1,-1,99999,-1,-1,-3,-1,1,22740
4186,1254,1,2281,2,-1,99999,-1,-1,-3,-1,1,22740
4187,1255,1,3190,3,-1,99999,-1,-1,-3,-1,1,22740
4188,1256,1,779,8,-1,99999,-1,-1,-3,-1,1,22740
4189,1256,1,1344,9,-1,99999,-1,-1,-3,-1,1,22740
4190,1256,1,127,5,-1,99999,-1,-1,-3,-1,1,22740
4191,1257,1,371,6,-1,99999,-1,-1,-3,-1,1,22740
4192,1257,1,37,6,-1,99999,-1,-1,-3,-1,1,22740
4193,1258,1,39,6,-1,99999,-1,-1,-3,-1,1,22740
4194,1258,1,82,6,-1,99999,-1,-1,-3,-1,1,22740
4195,1259,1,95,2,-1,99999,-1,-1,-3,-1,1,22800
4196,1260,1,98,4,-1,99999,-1,-1,-3,-1,1,22800
4197,1260,1,2,6,-1,99999,-1,-1,-3,-1,1,22800
4198,1260,1,1019,8,-1,99999,-1,-1,-3,-1,1,22800
4199,1260,1,17,4,-1,99999,-1,-1,-3,-1,1,22800
4200,1260,1,1392,2,-1,99999,-1,-1,-3,-1,1,22800
4201,1260,1,2086,2,-1,99999,-1,-1,-3,-1,1,22800
4202,1261,1,940,6,-1,99999,-1,-1,-3,-1,1,22800
4203,1262,1,606,2,-1,99999,-1,-1,-3,-1,1,22860
4204,1263,1,236,8,-1,99999,-1,-1,-3,-1,1,22860
4205,1263,1,682,10,-1,99999,-1,-1,-3,-1,1,22860
4206,1263,1,733,8,-1,99999,-1,-1,-3,-1,1,22860
4207,1263,1,148,4,-1,99999,-1,-1,-3,-1,1,22860
4208,1263,1,358,2,-1,99999,-1,-1,-3,-1,1,22860
4209,1264,1,185,4,-1,99999,-1,-1,-3,-1,1,22860
4210,1265,1,1433,8,-1,99999,-1,-1,-3,-1,1,22860
4211,1265,1,1364,10,-1,99999,-1,-1,-3,-1,1,22860
4212,1265,1,1721,3,-1,99999,-1,-1,-3,-1,1,22860
4213,1265,1,65,8,-1,99999,-1,-1,-3,-1,1,22860
4214,1265,1,331,4,-1,99999,-1,-1,-3,-1,1,22860
4215,1265,1,68,4,-1,99999,-1,-1,-3,-1,1,22860
4216,1265,1,139,4,-1,99999,-1,-1,-3,-1,1,22860
4217,1265,1,242,10,-1,99999,-1,-1,-3,-1,1,22860
4218,1266,1,531,9,-1,99999,-1,-1,-3,-1,1,22860
4219,1266,1,88,8,-1,99999,-1,-1,-3,-1,1,22860
4220,1266,1,338,8,-1,99999,-1,-1,-3,-1,1,22860
4221,1266,1,400,6,-1,99999,-1,-1,-3,-1,1,22860
4222,1267,1,197,2,-1,99999,-1,-1,-3,-1,1,22860
4223,1267,1,250,2,-1,99999,-1,-1,-3,-1,1,22860
4224,1267,1,85,2,-1,99999,-1,-1,-3,-1,1,22860
4225,1267,1,510,6,-1,99999,-1,-1,-3,-1,1,22860
4226,1268,1,17,11,-1,99999,-1,-1,-3,-1,1,22920
4227,1268,1,169,8,-1,99999,-1,-1,-3,-1,1,22920
4228,1268,1,947,1,-1,99999,-1,-1,-3,-1,1,22920
4229,1269,1,3214,2,-1,99999,-1,-1,-3,-1,1,22920
4230,1269,1,2611,4,-1,99999,-1,-1,-3,-1,1,22920
4231,1269,1,296,6,-1,99999,-1,-1,-3,-1,1,22920
4232,1269,1,229,9,-1,99999,-1,-1,-3,-1,1,22920
4233,1269,1,933,1,-1,99999,-1,-1,-3,-1,1,22920
4234,1270,1,105,3,-1,99999,-1,-1,-3,-1,1,22920
4235,1270,1,13,7,-1,99999,-1,-1,-3,-1,1,22920
4236,1271,1,2159,3,-1,99999,-1,-1,-3,-1,1,22920
4237,1271,1,297,5,-1,99999,-1,-1,-3,-1,1,22920
4238,1271,1,1176,3,-1,99999,-1,-1,-3,-1,1,22920
4239,1271,1,1974,1,-1,99999,-1,-1,-3,-1,1,22920
4240,1271,1,792,5,-1,99999,-1,-1,-3,-1,1,22920
4241,1272,1,2,5,-1,99999,-1,-1,-3,-1,1,22980
4242,1272,1,553,10,-1,99999,-1,-1,-3,-1,1,22980
4243,1272,1,2685,2,-1,99999,-1,-1,-3,-1,1,22980
4244,1272,1,325,6,-1,99999,-1,-1,-3,-1,1,22980
4245,1273,1,975,8,-1,99999,-1,-1,-3,-1,1,22980
4246,1273,1,105,7,-1,99999,-1,-1,-3,-1,1,22980
4247,1274,1,1418,2,-1,99999,-1,-1,-3,-1,1,23040
4248,1274,1,1446,8,-1,99999,-1,-1,-3,-1,1,23040
4249,1274,1,74,5,-1,99999,-1,-1,-3,-1,1,23040
4250,1275,1,200,5,-1,99999,-1,-1,-3,-1,1,23100
4251,1276,1,105,8,-1,99999,-1,-1,-3,-1,1,23100
4252,1276,1,443,8,-1,99999,-1,-1,-3,-1,1,23100
4253,1277,1,14,7,-1,99999,-1,-1,-3,-1,1,23100
4254,1278,1,171,9,-1,99999,-1,-1,-3,-1,1,23160
4255,1278,1,103,9,-1,99999,-1,-1,-3,-1,1,23160
4256,1278,1,94,10,-1,99999,-1,-1,-3,-1,1,23160
4257,1278,1,221,12,-1,99999,-1,-1,-3,-1,1,23160
4258,1279,1,31,6,-1,99999,-1,-1,-3,-1,1,23160
4259,1279,1,1324,4,-1,99999,-1,-1,-3,-1,1,23160
4260,1280,1,86,12,-1,99999,-1,-1,-3,-1,1,23160
4261,1280,1,1890,3,-1,99999,-1,-1,-3,-1,1,23160
4262,1280,1,2508,2,-1,99999,-1,-1,-3,-1,1,23160
4263,1280,1,390,7,-1,99999,-1,-1,-3,-1,1,23160
4264,1280,1,6,8,-1,99999,-1,-1,-3,-1,1,23160
4265,1280,1,2363,4,-1,99999,-1,-1,-3,-1,1,23160
4266,1280,1,1089,9,-1,99999,-1,-1,-3,-1,1,23160
4267,1280,1,401,2,-1,99999,-1,-1,-3,-1,1,23160
4268,1280,1,89,6,-1,99999,-1,-1,-3,-1,1,23160
4269,1280,1,366,8,-1,99999,-1,-1,-3,-1,1,23160
4270,1280,1,201,4,-1,99999,-1,-1,-3,-1,1,23160
4271,1281,1,472,12,-1,99999,-1,-1,-3,-1,1,23160
4272,1281,1,442,10,-1,99999,-1,-1,-3,-1,1,23160
4273,1282,1,1912,2,-1,99999,-1,-1,-3,-1,1,23160
4274,1282,1,90,6,-1,99999,-1,-1,-3,-1,1,23160
4275,1283,1,159,10,-1,99999,-1,-1,-3,-1,1,23220
4276,1284,1,153,8,-1,99999,-1,-1,-3,-1,1,23220
4277,1284,1,932,4,-1,99999,-1,-1,-3,-1,1,23220
4278,1285,1,318,2,-1,99999,-1,-1,-3,-1,1,23220
4279,1286,1,18,4,-1,99999,-1,-1,-3,-1,1,23220
4280,1287,1,1150,10,-1,99999,-1,-1,-3,-1,1,23220
4281,1287,1,173,11,-1,99999,-1,-1,-3,-1,1,23220
4282,1287,1,29,5,-1,99999,-1,-1,-3,-1,1,23220
4283,1287,1,27,4,-1,99999,-1,-1,-3,-1,1,23220
4284,1287,1,2061,4,-1,99999,-1,-1,-3,-1,1,23220
4285,1287,1,1614,4,-1,99999,-1,-1,-3,-1,1,23220
4286,1288,1,37,6,-1,99999,-1,-1,-3,-1,1,23280
4287,1289,1,1951,2,-1,99999,-1,-1,-3,-1,1,23340
4288,1289,1,54,4,-1,99999,-1,-1,-3,-1,1,23340
4289,1289,1,148,10,-1,99999,-1,-1,-3,-1,1,23340
4290,1289,1,523,6,-1,99999,-1,-1,-3,-1,1,23340
4291,1289,1,2701,4,-1,99999,-1,-1,-3,-1,1,23340
4292,1289,1,25,7,-1,99999,-1,-1,-3,-1,1,23340
4293,1289,1,10,8,-1,99999,-1,-1,-3,-1,1,23340
4294,1290,1,512,5,-1,99999,-1,-1,-3,-1,1,23340
4295,1290,1,980,9,-1,99999,-1,-1,-3,-1,1,23340
4296,1291,1,39,10,-1,99999,-1,-1,-3,-1,1,23340
4297,1291,1,105,6,-1,99999,-1,-1,-3,-1,1,23340
4298,1291,1,20,4,-1,99999,-1,-1,-3,-1,1,23340
4299,1291,1,22,3,-1,99999,-1,-1,-3,-1,1,23340
4300,1291,1,611,6,-1,99999,-1,-1,-3,-1,1,23340
4301,1292,1,47,8,-1,99999,-1,-1,-3,-1,1,23340
4302,1292,1,2571,2,-1,99999,-1,-1,-3,-1,1,23340
4303,1292,1,501,11,-1,99999,-1,-1,-3,-1,1,23340
4304,1293,1,1498,4,-1,99999,-1,-1,-3,-1,1,23340
4305,1293,1,239,4,-1,99999,-1,-1,-3,-1,1,23340
4306,1293,1,242,1,-1,99999,-1,-1,-3,-1,1,23340
4307,1293,1,1508,10,-1,99999,-1,-1,-3,-1,1,23340
4308,1293,1,1279,8,-1,99999,-1,-1,-3,-1,1,23340
4309,1293,1,56,2,-1,99999,-1,-1,-3,-1,1,23340
4310,1294,1,166,2,-1,99999,-1,-1,-3,-1,1,23340
4311,1294,1,51,6,-1,99999,-1,-1,-3,-1,1,23340
4312,1295,1,1014,8,-1,99999,-1,-1,-3,-1,1,23400
4313,1295,1,306,8,-1,99999,-1,-1,-3,-1,1,23400
4314,1295,1,331,4,-1,99999,-1,-1,-3,-1,1,23400
4315,1296,1,703,2,-1,99999,-1,-1,-3,-1,1,23400
4316,1296,1,6,9,-1,99999,-1,-1,-3,-1,1,23400
4317,1297,1,24,8,-1,99999,-1,-1,-3,-1,1,23400
4318,1297,1,21,7,-1,99999,-1,-1,-3,-1,1,23400
4319,1297,1,979,10,-1,99999,-1,-1,-3,-1,1,23400
4320,1297,1,105,5,-1,99999,-1,-1,-3,-1,1,23400
4321,1298,1,250,5,-1,99999,-1,-1,-3,-1,1,23460
4322,1298,1,106,8,-1,99999,-1,-1,-3,-1,1,23460
4323,1298,1,2861,3,-1,99999,-1,-1,-3,-1,1,23460
4324,1298,1,901,4,-1,99999,-1,-1,-3,-1,1,23460
4325,1299,1,126,4,-1,99999,-1,-1,-3,-1,1,23520
4326,1299,1,1186,2,-1,99999,-1,-1,-3,-1,1,23520
4327,1299,1,3,12,-1,99999,-1,-1,-3,-1,1,23520
4328,1299,1,750,6,-1,99999,-1,-1,-3,-1,1,23520
4329,1299,1,659,6,-1,99999,-1,-1,-3,-1,1,23520
4330,1299,1,10,3,-1,99999,-1,-1,-3,-1,1,23520
4331,1299,1,2282,2,-1,99999,-1,-1,-3,-1,1,23520
4332,1300,1,28,8,-1,99999,-1,-1,-3,-1,1,23520
4333,1300,1,470,7,-1,99999,-1,-1,-3,-1,1,23520
4334,1300,1,1361,2,-1,99999,-1,-1,-3,-1,1,23520
4335,1301,1,813,7,-1,99999,-1,-1,-3,-1,1,23520
4336,1301,1,219,1,-1,99999,-1,-1,-3,-1,1,23520
4337,1301,1,471,6,-1,99999,-1,-1,-3,-1,1,23520
4338,1301,1,1056,9,-1,99999,-1,-1,-3,-1,1,23520
4339,1301,1,1268,6,-1,99999,-1,-1,-3,-1,1,23520
4340,1301,1,158,2,-1,99999,-1,-1,-3,-1,1,23520
4341,1301,1,100,8,-1,99999,-1,-1,-3,-1,1,23520
4342,1302,1,45,10,-1,99999,-1,-1,-3,-1,1,23520
4343,1302,1,1248,2,-1,99999,-1,-1,-3,-1,1,23520
4344,1303,1,634,5,-1,99999,-1,-1,-3,-1,1,23580
4345,1303,1,731,3,-1,99999,-1,-1,-3,-1,1,23580
4346,1303,1,843,10,-1,99999,-1,-1,-3,-1,1,23580
4347,1303,1,329,4,-1,99999,-1,-1,-3,-1,1,23580
4348,1303,1,72,12,-1,99999,-1,-1,-3,-1,1,23580
4349,1304,1,1326,8,-1,99999,-1,-1,-3,-1,1,23640
4350,1304,1,1343,2,-1,99999,-1,-1,-3,-1,1,23640
4351,1304,1,993,4,-1,99999,-1,-1,-3,-1,1,23640
4352,1304,1,415,5,-1,99999,-1,-1,-3,-1,1,23640
4353,1304,1,1257,9,-1,99999,-1,-1,-3,-1,1,23640
4354,1305,1,66,7,-1,99999,-1,-1,-3,-1,1,23640
4355,1306,1,139,4,-1,99999,-1,-1,-3,-1,1,23640
4356,1306,1,73,10,-1,99999,-1,-1,-3,-1,1,23640
4357,1306,1,649,7,-1,99999,-1,-1,-3,-1,1,23640
4358,1306,1,1498,4,-1,99999,-1,-1,-3,-1,1,23640
4359,1306,1,105,1,-1,99999,-1,-1,-3,-1,1,23640
4360,1306,1,1592,2,-1,99999,-1,-1,-3,-1,1,23640
4361,1306,1,6,6,-1,99999,-1,-1,-3,-1,1,23640
4362,1306,1,252,8,-1,99999,-1,-1,-3,-1,1,23640
4363,1306,1,1462,2,-1,99999,-1,-1,-3,-1,1,23640
4364,1306,1,302,8,-1,99999,-1,-1,-3,-1,1,23640
4365,1307,1,16,8,-1,99999,-1,-1,-3,-1,1,23640
4366,1307,1,828,7,-1,99999,-1,-1,-3,-1,1,23640
4367,1307,1,662,11,-1,99999,-1,-1,-3,-1,1,23640
4368,1308,1,124,4,-1,99999,-1,-1,-3,-1,1,23640
4369,1308,1,760,10,-1,99999,-1,-1,-3,-1,1,23640
4370,1308,1,13,1,-1,99999,-1,-1,-3,-1,1,23640
4371,1309,1,1955,3,-1,99999,-1,-1,-3,-1,1,23640
4372,1309,1,366,5,-1,99999,-1,-1,-3,-1,1,23640
4373,1310,1,112,8,-1,99999,-1,-1,-3,-1,1,23700
4374,1310,1,48,6,-1,99999,-1,-1,-3,-1,1,23700
4375,1311,1,186,5,-1,99999,-1,-1,-3,-1,1,23760
4376,1311,1,77,9,-1,99999,-1,-1,-3,-1,1,23760
4377,1312,1,79,3,-1,99999,-1,-1,-3,-1,1,23760
4378,1312,1,387,4,-1,99999,-1,-1,-3,-1,1,23760
4379,1312,1,2617,4,-1,99999,-1,-1,-3,-1,1,23760
4380,1312,1,327,6,-1,99999,-1,-1,-3,-1,1,23760
4381,1313,1,1063,8,-1,99999,-1,-1,-3,-1,1,23820
4382,1314,1,102,10,-1,99999,-1,-1,-3,-1,1,23820
4383,1315,1,798,8,-1,99999,-1,-1,-3,-1,1,23820
4384,1315,1,8,5,-1,99999,-1,-1,-3,-1,1,23820
4385,1315,1,206,4,-1,99999,-1,-1,-3,-1,1,23820
4386,1316,1,92,6,-1,99999,-1,-1,-3,-1,1,23820
4387,1316,1,498,10,-1,99999,-1,-1,-3,-1,1,23820
4388,1316,1,2186,3,-1,99999,-1,-1,-3,-1,1,23820
4389,1316,1,282,3,-1,99999,-1,-1,-3,-1,1,23820
4390,1316,1,867,6,-1,99999,-1,-1,-3,-1,1,23820
4391,1316,1,212,2,-1,99999,-1,-1,-3,-1,1,23820
4392,1316,1,7,4,-1,99999,-1,-1,-3,-1,1,23820
4393,1316,1,836,11,-1,99999,-1,-1,-3,-1,1,23820
4394,1316,1,90,3,-1,99999,-1,-1,-3,-1,1,23820
4395,1317,1,1463,6,-1,99999,-1,-1,-3,-1,1,23820
4396,1317,1,9,6,-1,99999,-1,-1,-3,-1,1,23820
4397,1317,1,107,6,-1,99999,-1,-1,-3,-1,1,23820
4398,1317,1,29,4,-1,99999,-1,-1,-3,-1,1,23820
4399,1317,1,609,6,-1,99999,-1,-1,-3,-1,1,23820
4400,1318,1,390,12,-1,99999,-1,-1,-3,-1,1,23880
4401,1318,1,6,3,-1,99999,-1,-1,-3,-1,1,23880
4402,1319,1,4,11,-1,99999,-1,-1,-3,-1,1,23880
4403,1319,1,23,2,-1,99999,-1,-1,-3,-1,1,23880
4404,1319,1,9,8,-1,99999,-1,-1,-3,-1,1,23880
4405,1319,1,2203,2,-1,99999,-1,-1,-3,-1,1,23880
4406,1320,1,46,7,-1,99999,-1,-1,-3,-1,1,23940
4407,1320,1,111,8,-1,99999,-1,-1,-3,-1,1,23940
4408,1320,1,2149,3,-1,99999,-1,-1,-3,-1,1,23940
4409,1320,1,3,5,-1,99999,-1,-1,-3,-1,1,23940
4410,1320,1,12,6,-1,99999,-1,-1,-3,-1,1,23940
4411,1320,1,283,2,-1,99999,-1,-1,-3,-1,1,23940
4412,1320,1,651,7,-1,99999,-1,-1,-3,-1,1,23940
4413,1320,1,51,5,-1,99999,-1,-1,-3,-1,1,23940
4414,1320,1,1678,4,-1,99999,-1,-1,-3,-1,1,23940
4415,1321,1,1600,2,-1,99999,-1,-1,-3,-1,1,24000
4416,1321,1,267,10,-1,99999,-1,-1,-3,-1,1,24000
4417,1321,1,1451,10,-1,99999,-1,-1,-3,-1,1,24000
4418,1321,1,309,10,-1,99999,-1,-1,-3,-1,1,24000
4419,1321,1,497,12,-1,99999,-1,-1,-3,-1,1,24000
4420,1321,1,1797,3,-1,99999,-1,-1,-3,-1,1,24000
4421,1321,1,463,7,-1,99999,-1,-1,-3,-1,1,24000
4422,1321,1,457,8,-1,99999,-1,-1,-3,-1,1,24000
4423,1322,1,208,2,-1,99999,-1,-1,-3,-1,1,24000
4424,1322,1,2661,2,-1,99999,-1,-1,-3,-1,1,24000
4425,1322,1,457,9,-1,99999,-1,-1,-3,-1,1,24000
4426,1323,1,343,6,-1,99999,-1,-1,-3,-1,1,24000
4427,1323,1,321,4,-1,99999,-1,-1,-3,-1,1,24000
4428,1323,1,1434,5,-1,99999,-1,-1,-3,-1,1,24000
4429,1324,1,131,6,-1,99999,-1,-1,-3,-1,1,24060
4430,1324,1,931,10,-1,99999,-1,-1,-3,-1,1,24060
4431,1324,1,186,5,-1,99999,-1,-1,-3,-1,1,24060
4432,1325,1,515,7,-1,99999,-1,-1,-3,-1,1,24120
4433,1326,1,86,2,-1,99999,-1,-1,-3,-1,1,24120
4434,1327,1,1535,4,-1,99999,-1,-1,-3,-1,1,24180
4435,1327,1,194,8,-1,99999,-1,-1,-3,-1,1,24180
4436,1327,1,1373,4,-1,99999,-1,-1,-3,-1,1,24180
4437,1327,1,50,8,-1,99999,-1,-1,-3,-1,1,24180
4438,1328,1,273,12,-1,99999,-1,-1,-3,-1,1,24180
4439,1328,1,2061,1,-1,99999,-1,-1,-3,-1,1,24180
4440,1328,1,1000,5,-1,99999,-1,-1,-3,-1,1,24180
4441,1329,1,976,10,-1,99999,-1,-1,-3,-1,1,24180
4442,1330,1,162,4,-1,99999,-1,-1,-3,-1,1,24180
4443,1331,1,3231,2,-1,99999,-1,-1,-3,-1,1,24180
4444,1331,1,61,4,-1,99999,-1,-1,-3,-1,1,24180
4445,1331,1,64,4,-1,99999,-1,-1,-3,-1,1,24180
4446,1331,1,68,1,-1,99999,-1,-1,-3,-1,1,24180
4447,1332,1,907,12,-1,99999,-1,-1,-3,-1,1,24240
4448,1332,1,25,2,-1,99999,-1,-1,-3,-1,1,24240
4449,1332,1,72,6,-1,99999,-1,-1,-3,-1,1,24240
4450,1332,1,2120,4,-1,99999,-1,-1,-3,-1,1,24240
4451,1333,1,1701,6,-1,99999,-1,-1,-3,-1,1,24240
4452,1333,1,98,2,-1,99999,-1,-1,-3,-1,1,24240
4453,1333,1,172,3,-1,99999,-1,-1,-3,-1,1,24240
4454,1333,1,810,12,-1,99999,-1,-1,-3,-1,1,24240
4455,1333,1,211,11,-1,99999,-1,-1,-3,-1,1,24240
4456,1333,1,293,9,-1,99999,-1,-1,-3,-1,1,24240
4457,1333,1,33,12,-1,99999,-1,-1,-3,-1,1,24240
4458,1333,1,461,4,-1,99999,-1,-1,-3,-1,1,24240
4459,1333,1,1,4,-1,99999,-1,-1,-3,-1,1,24240
4460,1333,1,31,4,-1,99999,-1,-1,-3,-1,1,24240
4461,1334,1,679,4,-1,99999,-1,-1,-3,-1,1,24240
4462,1334,1,818,10,-1,99999,-1,-1,-3,-1,1,24240
4463,1334,1,165,6,-1,99999,-1,-1,-3,-1,1,24240
4464,1334,1,2937,2,-1,99999,-1,-1,-3,-1,1,24240
4465,1334,1,911,8,-1,99999,-1,-1,-3,-1,1,24240
4466,1335,1,846,9,-1,99999,-1,-1,-3,-1,1,24240
4467,1335,1,26,6,-1,99999,-1,-1,-3,-1,1,24240
4468,1335,1,2274,3,-1,99999,-1,-1,-3,-1,1,24240
4469,1335,1,128,4,-1,99999,-1,-1,-3,-1,1,24240
4470,1335,1,1072,4,-1,99999,-1,-1,-3,-1,1,24240
4471,1335,1,242,3,-1,99999,-1,-1,-3,-1,1,24240
4472,1335,1,91,10,-1,99999,-1,-1,-3,-1,1,24240
4473,1335,1,847,6,-1,99999,-1,-1,-3,-1,1,24240
4474,1336,1,785,8,-1,99999,-1,-1,-3,-1,1,24240
4475,1336,1,103,8,-1,99999,-1,-1,-3,-1,1,24240
4476,1337,1,605,4,-1,99999,-1,-1,-3,-1,1,24300
4477,1338,1,6,2,-1,99999,-1,-1,-3,-1,1,24300
4478,1338,1,461,4,-1,99999,-1,-1,-3,-1,1,24300
4479,1338,1,3,10,-1,99999,-1,-1,-3,-1,1,24300
4480,1338,1,101,6,-1,99999,-1,-1,-3,-1,1,24300
4481,1339,1,1644,2,-1,99999,-1,-1,-3,-1,1,24300
4482,1339,1,864,4,-1,99999,-1,-1,-3,-1,1,24300
4483,1339,1,129,10,-1,99999,-1,-1,-3,-1,1,24300
4484,1340,1,1143,2,-1,99999,-1,-1,-3,-1,1,24360
4485,1340,1,1391,2,-1,99999,-1,-1,-3,-1,1,24360
4486,1340,1,866,4,-1,99999,-1,-1,-3,-1,1,24360
4487,1340,1,38,6,-1,99999,-1,-1,-3,-1,1,24360
4488,1340,1,833,11,-1,99999,-1,-1,-3,-1,1,24360
4489,1340,1,10,7,-1,99999,-1,-1,-3,-1,1,24360
4490,1340,1,826,10,-1,99999,-1,-1,-3,-1,1,24360
4491,1341,1,505,6,-1,99999,-1,-1,-3,-1,1,24360
4492,1341,1,87,7,-1,99999,-1,-1,-3,-1,1,24360
4493,1342,1,317,4,-1,99999,-1,-1,-3,-1,1,24420
4494,1342,1,576,6,-1,99999,-1,-1,-3,-1,1,24420
4495,1342,1,512,9,-1,99999,-1,-1,-3,-1,1,24420
4496,1342,1,43,4,-1,99999,-1,-1,-3,-1,1,24420
4497,1342,1,1527,8,-1,99999,-1,-1,-3,-1,1,24420
4498,1343,1,1440,5,-1,99999,-1,-1,-3,-1,1,24420
4499,1343,1,301,9,-1,99999,-1,-1,-3,-1,1,24420
4500,1343,1,1331,2,-1,99999,-1,-1,-3,-1,1,24420
4501,1343,1,1274,3,-1,99999,-1,-1,-3,-1,1,24420
4502,1343,1,29,9,-1,99999,-1,-1,-3,-1,1,24420
4503,1343,1,43,10,-1,99999,-1,-1,-3,-1,1,24420
4504,1344,1,135,6,-1,99999,-1,-1,-3,-1,1,24420
4505,1344,1,403,12,-1,99999,-1,-1,-3,-1,1,24420
4506,1344,1,17,4,-1,99999,-1,-1,-3,-1,1,24420
4507,1345,1,2288,2,-1,99999,-1,-1,-3,-1,1,24420
4508,1346,1,196,9,-1,99999,-1,-1,-3,-1,1,24480
4509,1346,1,486,5,-1,99999,-1,-1,-3,-1,1,24480
4510,1346,1,1169,2,-1,99999,-1,-1,-3,-1,1,24480
4511,1347,1,27,7,-1,99999,-1,-1,-3,-1,1,24480
4512,1347,1,1283,8,-1,99999,-1,-1,-3,-1,1,24480
4513,1347,1,780,8,-1,99999,-1,-1,-3,-1,1,24480
4514,1347,1,717,8,-1,99999,-1,-1,-3,-1,1,24480
4515,1348,1,755,6,-1,99999,-1,-1,-3,-1,1,24540
4516,1348,1,78,4,-1,99999,-1,-1,-3,-1,1,24540
4517,1348,1,1163,3,-1,99999,-1,-1,-3,-1,1,24540
4518,1348,1,818,6,-1,99999,-1,-1,-3,-1,1,24540
4519,1348,1,81,11,-1,99999,-1,-1,-3,-1,1,24540
4520,1348,1,137,6,-1,99999,-1,-1,-3,-1,1,24540
4521,1348,1,24,5,-1,99999,-1,-1,-3,-1,1,24540
4522,1349,1,34,8,-1,99999,-1,-1,-3,-1,1,24540
4523,1350,1,112,6,-1,99999,-1,-1,-3,-1,1,24600
4524,1350,1,235,8,-1,99999,-1,-1,-3,-1,1,24600
4525,1351,1,2543,2,-1,99999,-1,-1,-3,-1,1,24660
4526,1351,1,345,10,-1,99999,-1,-1,-3,-1,1,24660
4527,1352,1,27,6,-1,99999,-1,-1,-3,-1,1,24720
4528,1352,1,964,2,-1,99999,-1,-1,-3,-1,1,24720
4529,1353,1,394,8,-1,99999,-1,-1,-3,-1,1,24720
4530,1353,1,24,10,-1,99999,-1,-1,-3,-1,1,24720
4531,1353,1,249,2,-1,99999,-1,-1,-3,-1,1,24720
4532,1353,1,319,4,-1,99999,-1,-1,-3,-1,1,24720
4533,1353,1,74,12,-1,99999,-1,-1,-3,-1,1,24720
4534,1353,1,1831,6,-1,99999,-1,-1,-3,-1,1,24720
4535,1353,1,32,4,-1,99999,-1,-1,-3,-1,1,24720
4536,1354,1,1719,3,-1,99999,-1,-1,-3,-1,1,24720
4537,1355,1,759,9,-1,99999,-1,-1,-3,-1,1,24720
4538,1355,1,480,6,-1,99999,-1,-1,-3,-1,1,24720
4539,1356,1,4,9,-1,99999,-1,-1,-3,-1,1,24720
4540,1356,1,236,4,-1,99999,-1,-1,-3,-1,1,24720
4541,1356,1,480,5,-1,99999,-1,-1,-3,-1,1,24720
4542,1356,1,429,1,-1,99999,-1,-1,-3,-1,1,24720
4543,1357,1,482,6,-1,99999,-1,-1,-3,-1,1,24720
4544,1358,1,955,5,-1,99999,-1,-1,-3,-1,1,24780
4545,1358,1,277,12,-1,99999,-1,-1,-3,-1,1,24780
4546,1358,1,55,12,-1,99999,-1,-1,-3,-1,1,24780
4547,1358,1,530,9,-1,99999,-1,-1,-3,-1,1,24780
4548,1358,1,1447,8,-1,99999,-1,-1,-3,-1,1,24780
4549,1359,1,656,3,-1,99999,-1,-1,-3,-1,1,24840
4550,1359,1,1929,1,-1,99999,-1,-1,-3,-1,1,24840
4551,1359,1,356,6,-1,99999,-1,-1,-3,-1,1,24840
4552,1359,1,1659,3,-1,99999,-1,-1,-3,-1,1,24840
4553,1360,1,634,8,-1,99999,-1,-1,-3,-1,1,24840
4554,1360,1,1344,12,-1,99999,-1,-1,-3,-1,1,24840
4555,1360,1,168,5,-1,99999,-1,-1,-3,-1,1,24840
4556,1360,1,2153,2,-1,99999,-1,-1,-3,-1,1,24840
4557,1360,1,342,1,-1,99999,-1,-1,-3,-1,1,24840
4558,1361,1,1155,12,-1,99999,-1,-1,-3,-1,1,24840
4559,1361,1,88,8,-1,99999,-1,-1,-3,-1,1,24840
4560,1361,1,1044,4,-1,99999,-1,-1,-3,-1,1,24840
4561,1361,1,1941,2,-1,99999,-1,-1,-3,-1,1,24840
4562,1361,1,2259,1,-1,99999,-1,-1,-3,-1,1,24840
4563,1361,1,905,11,-1,99999,-1,-1,-3,-1,1,24840
4564,1361,1,808,12,-1,99999,-1,-1,-3,-1,1,24840
4565,1361,1,400,7,-1,99999,-1,-1,-3,-1,1,24840
4566,1362,1,23,6,-1,99999,-1,-1,-3,-1,1,24900
4567,1362,1,104,6,-1,99999,-1,-1,-3,-1,1,24900
4568,1362,1,283,7,-1,99999,-1,-1,-3,-1,1,24900
4569,1362,1,735,10,-1,99999,-1,-1,-3,-1,1,24900
4570,1362,1,131,7,-1,99999,-1,-1,-3,-1,1,24900
4571,1362,1,199,8,-1,99999,-1,-1,-3,-1,1,24900
4572,1362,1,727,6,-1,99999,-1,-1,-3,-1,1,24900
4573,1362,1,680,8,-1,99999,-1,-1,-3,-1,1,24900
4574,1363,1,33,7,-1,99999,-1,-1,-3,-1,1,24900
4575,1364,1,116,8,-1,99999,-1,-1,-3,-1,1,24900
4576,1364,1,273,4,-1,99999,-1,-1,-3,-1,1,24900
4577,1365,1,34,8,-1,99999,-1,-1,-3,-1,1,24900
4578,1365,1,1496,10,-1,99999,-1,-1,-3,-1,1,24900
4579,1365,1,56,6,-1,99999,-1,-1,-3,-1,1,24900
4580,1365,1,20,6,-1,99999,-1,-1,-3,-1,1,24900
4581,1365,1,1724,4,-1,99999,-1,-1,-3,-1,1,24900
4582,1365,1,304,2,-1,99999,-1,-1,-3,-1,1,24900
4583,1365,1,0,3,-1,99999,-1,-1,-3,-1,1,24900
4584,1365,1,1150,12,-1,99999,-1,-1,-3,-1,1,24900
4585,1366,1,1287,2,-1,99999,-1,-1,-3,-1,1,24900
4586,1366,1,153,9,-1,99999,-1,-1,-3,-1,1,24900
4587,1366,1,1444,4,-1,99999,-1,-1,-3,-1,1,24900
4588,1366,1,926,4,-1,99999,-1,-1,-3,-1,1,24900
4589,1366,1,31,10,-1,99999,-1,-1,-3,-1,1,24900
4590,1366,1,278,8,-1,99999,-1,-1,-3,-1,1,24900
4591,1366,1,99,10,-1,99999,-1,-1,-3,-1,1,24900
4592,1366,1,1328,2,-1,99999,-1,-1,-3,-1,1,24900
4593,1366,1,232,7,-1,99999,-1,-1,-3,-1,1,24900
4594,1366,1,981,4,-1,99999,-1,-1,-3,-1,1,24900
4595,1366,1,47,3,-1,99999,-1,-1,-3,-1,1,24900
4596,1366,1,166,10,-1,99999,-1,-1,-3,-1,1,24900
4597,1367,1,439,8,-1,99999,-1,-1,-3,-1,1,24960
4598,1367,1,3135,2,-1,99999,-1,-1,-3,-1,1,24960
4599,1367,1,1058,6,-1,99999,-1,-1,-3,-1,1,24960
4600,1367,1,4,6,-1,99999,-1,-1,-3,-1,1,24960
4601,1367,1,2299,4,-1,99999,-1,-1,-3,-1,1,24960
4602,1368,1,37,12,-1,99999,-1,-1,-3,-1,1,24960
4603,1368,1,2050,4,-1,99999,-1,-1,-3,-1,1,24960
4604,1369,1,97,9,-1,99999,-1,-1,-3,-1,1,24960
4605,1369,1,69,2,-1,99999,-1,-1,-3,-1,1,24960
4606,1369,1,60,3,-1,99999,-1,-1,-3,-1,1,24960
4607,1369,1,25,10,-1,99999,-1,-1,-3,-1,1,24960
4608,1369,1,485,11,-1,99999,-1,-1,-3,-1,1,24960
4609,1370,1,41,11,-1,99999,-1,-1,-3,-1,1,25020
4610,1371,1,61,4,-1,99999,-1,-1,-3,-1,1,25080
4611,1371,1,507,8,-1,99999,-1,-1,-3,-1,1,25080
4612,1371,1,293,11,-1,99999,-1,-1,-3,-1,1,25080
4613,1371,1,1784,2,-1,99999,-1,-1,-3,-1,1,25080
4614,1372,1,19,8,-1,99999,-1,-1,-3,-1,1,25080
4615,1373,1,2888,2,-1,99999,-1,-1,-3,-1,1,25080
4616,1374,1,500,2,-1,99999,-1,-1,-3,-1,1,25080
4617,1374,1,1570,2,-1,99999,-1,-1,-3,-1,1,25080
4618,1374,1,49,6,-1,99999,-1,-1,-3,-1,1,25080
4619,1375,1,819,6,-1,99999,-1,-1,-3,-1,1,25080
4620,1375,1,94,6,-1,99999,-1,-1,-3,-1,1,25080
4621,1375,1,483,10,-1,99999,-1,-1,-3,-1,1,25080
4622,1375,1,561,9,-1,99999,-1,-1,-3,-1,1,25080
4623,1376,1,2381,2,-1,99999,-1,-1,-3,-1,1,25080
4624,1376,1,814,7,-1,99999,-1,-1,-3,-1,1,25080
4625,1376,1,1092,6,-1,99999,-1,-1,-3,-1,1,25080
4626,1377,1,395,11,-1,99999,-1,-1,-3,-1,1,25140
4627,1378,1,465,12,-1,99999,-1,-1,-3,-1,1,25140
4628,1378,1,993,9,-1,99999,-1,-1,-3,-1,1,25140
4629,1378,1,175,8,-1,99999,-1,-1,-3,-1,1,25140
4630,1378,1,260,6,-1,99999,-1,-1,-3,-1,1,25140
4631,1379,1,1916,2,-1,99999,-1,-1,-3,-1,1,25200
4632,1379,1,83,6,-1,99999,-1,-1,-3,-1,1,25200
4633,1380,1,324,4,-1,99999,-1,-1,-3,-1,1,25260
4634,1380,1,5,8,-1,99999,-1,-1,-3,-1,1,25260
4635,1381,1,506,4,-1,99999,-1,-1,-3,-1,1,25260
4636,1382,1,194,11,-1,99999,-1,-1,-3,-1,1,25260
4637,1382,1,2005,3,-1,99999,-1,-1,-3,-1,1,25260
4638,1382,1,420,4,-1,99999,-1,-1,-3,-1,1,25260
4639,1382,1,39,1,-1,99999,-1,-1,-3,-1,1,25260
4640,1382,1,1564,4,-1,99999,-1,-1,-3,-1,1,25260
4641,1382,1,35,8,-1,99999,-1,-1,-3,-1,1,25260
4642,1383,1,21,8,-1,99999,-1,-1,-3,-1,1,25260
4643,1383,1,67,10,-1,99999,-1,-1,-3,-1,1,25260
4644,1383,1,481,5,-1,99999,-1,-1,-3,-1,1,25260
4645,1383,1,156,2,-1,99999,-1,-1,-3,-1,1,25260
4646,1383,1,3140,2,-1,99999,-1,-1,-3,-1,1,25260
4647,1383,1,1915,2,-1,99999,-1,-1,-3,-1,1,25260
4648,1383,1,404,4,-1,99999,-1,-1,-3,-1,1,25260
4649,1384,1,703,1,-1,99999,-1,-1,-3,-1,1,25320
4650,1385,1,1442,6,-1,99999,-1,-1,-3,-1,1,25320
4651,1386,1,73,8,-1,99999,-1,-1,-3,-1,1,25320
4652,1387,1,149,6,-1,99999,-1,-1,-3,-1,1,25380
4653,1387,1,45,6,-1,99999,-1,-1,-3,-1,1,25380
4654,1387,1,114,5,-1,99999,-1,-1,-3,-1,1,25380
4655,1387,1,87,10,-1,99999,-1,-1,-3,-1,1,25380
4656,1387,1,165,7,-1,99999,-1,-1,-3,-1,1,25380
4657,1388,1,352,8,-1,99999,-1,-1,-3,-1,1,25380
4658,1388,1,520,7,-1,99999,-1,-1,-3,-1,1,25380
4659,1388,1,576,6,-1,99999,-1,-1,-3,-1,1,25380
4660,1388,1,1446,6,-1,99999,-1,-1,-3,-1,1,25380
4661,1388,1,1054,11,-1,99999,-1,-1,-3,-1,1,25380
4662,1388,1,1345,11,-1,99999,-1,-1,-3,-1,1,25380
4663,1388,1,723,4,-1,99999,-1,-1,-3,-1,1,25380
4664,1388,1,487,1,-1,99999,-1,-1,-3,-1,1,25380
4665,1388,1,2825,2,-1,99999,-1,-1,-3,-1,1,25380
4666,1388,1,709,4,-1,99999,-1,-1,-3,-1,1,25380
4667,1389,1,287,8,-1,99999,-1,-1,-3,-1,1,25380
4668,1389,1,399,8,-1,99999,-1,-1,-3,-1,1,25380
4669,1389,1,19,5,-1,99999,-1,-1,-3,-1,1,25380
4670,1390,1,339,7,-1,99999,-1,-1,-3,-1,1,25440
4671,1390,1,1625,2,-1,99999,-1,-1,-3,-1,1,25440
4672,1390,1,135,4,-1,99999,-1,-1,-3,-1,1,25440
4673,1390,1,92,11,-1,99999,-1,-1,-3,-1,1,25440
4674,1391,1,515,12,-1,99999,-1,-1,-3,-1,1,25440
4675,1391,1,263,7,-1,99999,-1,-1,-3,-1,1,25440
4676,1391,1,186,8,-1,99999,-1,-1,-3,-1,1,25440
4677,1391,1,563,2,-1,99999,-1,-1,-3,-1,1,25440
4678,1392,1,673,10,-1,99999,-1,-1,-3,-1,1,25440
4679,1392,1,75,3,-1,99999,-1,-1,-3,-1,1,25440
4680,1392,1,298,2,-1,99999,-1,-1,-3,-1,1,25440
4681,1392,1,1576,8,-1,99999,-1,-1,-3,-1,1,25440
4682,1393,1,1259,2,-1,99999,-1,-1,-3,-1,1,25440
4683,1394,1,57,4,-1,99999,-1,-1,-3,-1,1,25500
4684,1394,1,2077,3,-1,99999,-1,-1,-3,-1,1,25500
4685,1394,1,1061,5,-1,99999,-1,-1,-3,-1,1,25500
4686,1395,1,714,11,-1,99999,-1,-1,-3,-1,1,25500
4687,1396,1,685,4,-1,99999,-1,-1,-3,-1,1,25500
4688,1396,1,1799,2,-1,99999,-1,-1,-3,-1,1,25500
4689,1396,1,138,7,-1,99999,-1,-1,-3,-1,1,25500
4690,1397,1,20,8,-1,99999,-1,-1,-3,-1,1,25500
4691,1398,1,2090,2,-1,99999,-1,-1,-3,-1,1,25500
4692,1398,1,2697,4,-1,99999,-1,-1,-3,-1,1,25500
4693,1399,1,5,7,-1,99999,-1,-1,-3,-1,1,25500
4694,1399,1,352,4,-1,99999,-1,-1,-3,-1,1,25500
4695,1400,1,21,11,-1,99999,-1,-1,-3,-1,1,25500
4696,1400,1,265,10,-1,99999,-1,-1,-3,-1,1,25500
4697,1400,1,2247,3,-1,99999,-1,-1,-3,-1,1,25500
4698,1400,1,971,4,-1,99999,-1,-1,-3,-1,1,25500
4699,1400,1,1272,3,-1,99999,-1,-1,-3,-1,1,25500
4700,1401,1,36,3,-1,99999,-1,-1,-3,-1,1,25500
4701,1401,1,1676,3,-1,99999,-1,-1,-3,-1,1,25500
4702,1402,1,138,4,-1,99999,-1,-1,-3,-1,1,25560
4703,1402,1,22,4,-1,99999,-1,-1,-3,-1,1,25560
4704,1402,1,2828,4,-1,99999,-1,-1,-3,-1,1,25560
4705,1402,1,71,7,-1,99999,-1,-1,-3,-1,1,25560
4706,1402,1,233,2,-1,99999,-1,-1,-3,-1,1,25560
4707,1402,1,3164,4,-1,99999,-1,-1,-3,-1,1,25560
4708,1403,1,157,5,-1,99999,-1,-1,-3,-1,1,25560
4709,1403,1,531,7,-1,99999,-1,-1,-3,-1,1,25560
4710,1403,1,219,3,-1,99999,-1,-1,-3,-1,1,25560
4711,1404,1,200,2,-1,99999,-1,-1,-3,-1,1,25560
4712,1404,1,197,10,-1,99999,-1,-1,-3,-1,1,25560
4713,1404,1,417,6,-1,99999,-1,-1,-3,-1,1,25560
4714,1404,1,214,2,-1,99999,-1,-1,-3,-1,1,25560
4715,1405,1,2375,2,-1,99999,-1,-1,-3,-1,1,25620
4716,1405,1,0,2,-1,99999,-1,-1,-3,-1,1,25620
4717,1405,1,4,3,-1,99999,-1,-1,-3,-1,1,25620
4718,1405,1,6,6,-1,99999,-1,-1,-3,-1,1,25620
4719,1405,1,96,7,-1,99999,-1,-1,-3,-1,1,25620
4720,1406,1,28,10,-1,99999,-1,-1,-3,-1,1,25680
4721,1406,1,27,8,-1,99999,-1,-1,-3,-1,1,25680
4722,1406,1,412,6,-1,99999,-1,-1,-3,-1,1,25680
4723,1407,1,22,10,-1,99999,-1,-1,-3,-1,1,25680
4724,1407,1,15,4,-1,99999,-1,-1,-3,-1,1,25680
4725,1407,1,526,4,-1,99999,-1,-1,-3,-1,1,25680
4726,1407,1,2388,3,-1,99999,-1,-1,-3,-1,1,25680
4727,1407,1,61,9,-1,99999,-1,-1,-3,-1,1,25680
4728,1407,1,189,7,-1,99999,-1,-1,-3,-1,1,25680
4729,1408,1,893,3,-1,99999,-1,-1,-3,-1,1,25680
4730,1408,1,50,9,-1,99999,-1,-1,-3,-1,1,25680
4731,1408,1,898,4,-1,99999,-1,-1,-3,-1,1,25680
4732,1408,1,316,8,-1,99999,-1,-1,-3,-1,1,25680
4733,1409,1,173,10,-1,99999,-1,-1,-3,-1,1,25680
4734,1409,1,226,7,-1,99999,-1,-1,-3,-1,1,25680
4735,1409,1,86,6,-1,99999,-1,-1,-3,-1,1,25680
4736,1409,1,60,1,-1,99999,-1,-1,-3,-1,1,25680
4737,1409,1,496,4,-1,99999,-1,-1,-3,-1,1,25680
4738,1409,1,685,10,-1,99999,-1,-1,-3,-1,1,25680
4739,1410,1,109,4,-1,99999,-1,-1,-3,-1,1,25680
4740,1411,1,363,7,-1,99999,-1,-1,-3,-1,1,25680
4741,1411,1,1483,3,-1,99999,-1,-1,-3,-1,1,25680
4742,1412,1,107,7,-1,99999,-1,-1,-3,-1,1,25680
4743,1412,1,168,2,-1,99999,-1,-1,-3,-1,1,25680
4744,1412,1,956,7,-1,99999,-1,-1,-3,-1,1,25680
4745,1413,1,2372,2,-1,99999,-1,-1,-3,-1,1,25680
4746,1414,1,419,4,-1,99999,-1,-1,-3,-1,1,25680
4747,1414,1,2569,3,-1,99999,-1,-1,-3,-1,1,25680
4748,1415,1,43,12,-1,99999,-1,-1,-3,-1,1,25740
4749,1416,1,6,4,-1,99999,-1,-1,-3,-1,1,25740
4750,1416,1,301,11,-1,99999,-1,-1,-3,-1,1,25740
4751,1416,1,37,4,-1,99999,-1,-1,-3,-1,1,25740
4752,1416,1,260,5,-1,99999,-1,-1,-3,-1,1,25740
4753,1417,1,3237,3,-1,99999,-1,-1,-3,-1,1,25740
4754,1417,1,1609,4,-1,99999,-1,-1,-3,-1,1,25740
4755,1418,1,1277,10,-1,99999,-1,-1,-3,-1,1,25740
4756,1418,1,667,4,-1,99999,-1,-1,-3,-1,1,25740
4757,1418,1,2891,1,-1,99999,-1,-1,-3,-1,1,25740
4758,1418,1,42,12,-1,99999,-1,-1,-3,-1,1,25740
4759,1418,1,254,7,-1,99999,-1,-1,-3,-1,1,25740
4760,1418,1,17,8,-1,99999,-1,-1,-3,-1,1,25740
4761,1419,1,405,8,-1,99999,-1,-1,-3,-1,1,25740
4762,1419,1,588,5,-1,99999,-1,-1,-3,-1,1,25740
4763,1419,1,233,10,-1,99999,-1,-1,-3,-1,1,25740
4764,1419,1,660,8,-1,99999,-1,-1,-3,-1,1,25740
4765,1420,1,111,4,-1,99999,-1,-1,-3,-1,1,25740
4766,1420,1,481,8,-1,99999,-1,-1,-3,-1,1,25740
4767,1420,1,183,8,-1,99999,-1,-1,-3,-1,1,25740
4768,1421,1,84,10,-1,99999,-1,-1,-3,-1,1,25740
4769,1421,1,219,2,-1,99999,-1,-1,-3,-1,1,25740
4770,1421,1,61,6,-1,99999,-1,-1,-3,-1,1,25740
4771,1421,1,1141,9,-1,99999,-1,-1,-3,-1,1,25740
4772,1421,1,11,4,-1,99999,-1,-1,-3,-1,1,25740
4773,1421,1,179,6,-1,99999,-1,-1,-3,-1,1,25740
4774,1422,1,8,2,-1,99999,-1,-1,-3,-1,1,25800
4775,1422,1,488,6,-1,99999,-1,-1,-3,-1,1,25800
4776,1422,1,4,9,-1,99999,-1,-1,-3,-1,1,25800
4777,1422,1,44,6,-1,99999,-1,-1,-3,-1,1,25800
4778,1422,1,570,10,-1,99999,-1,-1,-3,-1,1,25800
4779,1422,1,40,4,-1,99999,-1,-1,-3,-1,1,25800
4780,1422,1,507,9,-1,99999,-1,-1,-3,-1,1,25800
4781,1422,1,113,5,-1,99999,-1,-1,-3,-1,1,25800
4782,1422,1,295,10,-1,99999,-1,-1,-3,-1,1,25800
4783,1422,1,1716,8,-1,99999,-1,-1,-3,-1,1,25800
4784,1422,1,1048,5,-1,99999,-1,-1,-3,-1,1,25800
4785,1422,1,742,3,-1,99999,-1,-1,-3,-1,1,25800
4786,1422,1,13,11,-1,99999,-1,-1,-3,-1,1,25800
4787,1422,1,970,1,-1,99999,-1,-1,-3,-1,1,25800
4788,1423,1,79,5,-1,99999,-1,-1,-3,-1,1,25800
4789,1423,1,249,10,-1,99999,-1,-1,-3,-1,1,25800
4790,1424,1,395,6,-1,99999,-1,-1,-3,-1,1,25800
4791,1425,1,426,6,-1,99999,-1,-1,-3,-1,1,25800
4792,1425,1,163,6,-1,99999,-1,-1,-3,-1,1,25800
4793,1426,1,19,3,-1,99999,-1,-1,-3,-1,1,25800
4794,1427,1,3127,1,-1,99999,-1,-1,-3,-1,1,25860
4795,1428,1,156,2,-1,99999,-1,-1,-3,-1,1,25860
4796,1428,1,90,7,-1,99999,-1,-1,-3,-1,1,25860
4797,1428,1,1558,2,-1,99999,-1,-1,-3,-1,1,25860
4798,1428,1,804,5,-1,99999,-1,-1,-3,-1,1,25860
4799,1428,1,253,8,-1,99999,-1,-1,-3,-1,1,25860
4800,1428,1,2100,3,-1,99999,-1,-1,-3,-1,1,25860
4801,1428,1,584,10,-1,99999,-1,-1,-3,-1,1,25860
4802,1429,1,292,7,-1,99999,-1,-1,-3,-1,1,25860
4803,1430,1,167,10,-1,99999,-1,-1,-3,-1,1,25860
4804,1430,1,51,5,-1,99999,-1,-1,-3,-1,1,25860
4805,1430,1,9,10,-1,99999,-1,-1,-3,-1,1,25860
4806,1430,1,1902,2,-1,99999,-1,-1,-3,-1,1,25860
4807,1430,1,102,2,-1,99999,-1,-1,-3,-1,1,25860
4808,1430,1,5,6,-1,99999,-1,-1,-3,-1,1,25860
4809,1430,1,933,2,-1,99999,-1,-1,-3,-1,1,25860
4810,1430,1,753,10,-1,99999,-1,-1,-3,-1,1,25860
4811,1431,1,1800,2,-1,99999,-1,-1,-3,-1,1,25860
4812,1431,1,1697,4,-1,99999,-1,-1,-3,-1,1,25860
4813,1431,1,36,10,-1,99999,-1,-1,-3,-1,1,25860
4814,1431,1,870,10,-1,99999,-1,-1,-3,-1,1,25860
4815,1431,1,1807,7,-1,99999,-1,-1,-3,-1,1,25860
4816,1431,1,761,8,-1,99999,-1,-1,-3,-1,1,25860
4817,1431,1,1288,4,-1,99999,-1,-1,-3,-1,1,25860
4818,1432,1,4,2,-1,99999,-1,-1,-3,-1,1,25860
4819,1432,1,1243,4,-1,99999,-1,-1,-3,-1,1,25860
4820,1433,1,180,7,-1,99999,-1,-1,-3,-1,1,25860
4821,1433,1,145,4,-1,99999,-1,-1,-3,-1,1,25860
4822,1433,1,260,9,-1,99999,-1,-1,-3,-1,1,25860
4823,1434,1,48,6,-1,99999,-1,-1,-3,-1,1,25920
4824,1434,1,1983,2,-1,99999,-1,-1,-3,-1,1,25920
4825,1435,1,2563,2,-1,99999,-1,-1,-3,-1,1,25920
4826,1435,1,573,10,-1,99999,-1,-1,-3,-1,1,25920
4827,1436,1,223,9,-1,99999,-1,-1,-3,-1,1,25920
4828,1436,1,267,4,-1,99999,-1,-1,-3,-1,1,25920
4829,1436,1,421,5,-1,99999,-1,-1,-3,-1,1,25920
4830,1437,1,58,7,-1,99999,-1,-1,-3,-1,1,25980
4831,1437,1,3059,2,-1,99999,-1,-1,-3,-1,1,25980
4832,1437,1,1018,12,-1,99999,-1,-1,-3,-1,1,25980
4833,1438,1,57,11,-1,99999,-1,-1,-3,-1,1,25980
4834,1438,1,214,3,-1,99999,-1,-1,-3,-1,1,25980
4835,1438,1,1126,9,-1,99999,-1,-1,-3,-1,1,25980
4836,1438,1,3185,3,-1,99999,-1,-1,-3,-1,1,25980
4837,1439,1,13,2,-1,99999,-1,-1,-3,-1,1,26040
4838,1439,1,1355,1,-1,99999,-1,-1,-3,-1,1,26040
4839,1439,1,534,8,-1,99999,-1,-1,-3,-1,1,26040
4840,1440,1,444,3,-1,99999,-1,-1,-3,-1,1,26040
4841,1440,1,187,1,-1,99999,-1,-1,-3,-1,1,26040
4842,1441,1,2134,2,-1,99999,-1,-1,-3,-1,1,26100
4843,1442,1,2609,3,-1,99999,-1,-1,-3,-1,1,26100
4844,1443,1,653,8,-1,99999,-1,-1,-3,-1,1,26100
4845,1443,1,620,4,-1,99999,-1,-1,-3,-1,1,26100
4846,1444,1,583,4,-1,99999,-1,-1,-3,-1,1,26100
4847,1444,1,6,8,-1,99999,-1,-1,-3,-1,1,26100
4848,1444,1,284,2,-1,99999,-1,-1,-3,-1,1,26100
4849,1444,1,2064,2,-1,99999,-1,-1,-3,-1,1,26100
4850,1445,1,35,8,-1,99999,-1,-1,-3,-1,1,26100
4851,1445,1,993,5,-1,99999,-1,-1,-3,-1,1,26100
4852,1445,1,176,10,-1,99999,-1,-1,-3,-1,1,26100
4853,1445,1,1780,3,-1,99999,-1,-1,-3,-1,1,26100
4854,1445,1,710,8,-1,99999,-1,-1,-3,-1,1,26100
4855,1445,1,1604,2,-1,99999,-1,-1,-3,-1,1,26100
4856,1445,1,848,2,-1,99999,-1,-1,-3,-1,1,26100
4857,1445,1,179,6,-1,99999,-1,-1,-3,-1,1,26100
4858,1445,1,1164,8,-1,99999,-1,-1,-3,-1,1,26100
4859,1446,1,93,10,-1,99999,-1,-1,-3,-1,1,26160
4860,1446,1,32,3,-1,99999,-1,-1,-3,-1,1,26160
4861,1446,1,620,4,-1,99999,-1,-1,-3,-1,1,26160
4862,1446,1,19,6,-1,99999,-1,-1,-3,-1,1,26160
4863,1446,1,699,10,-1,99999,-1,-1,-3,-1,1,26160
4864,1446,1,450,1,-1,99999,-1,-1,-3,-1,1,26160
4865,1447,1,47,6,-1,99999,-1,-1,-3,-1,1,26160
4866,1447,1,1479,7,-1,99999,-1,-1,-3,-1,1,26160
4867,1447,1,1352,12,-1,99999,-1,-1,-3,-1,1,26160
4868,1448,1,2425,3,-1,99999,-1,-1,-3,-1,1,26160
4869,1449,1,360,6,-1,99999,-1,-1,-3,-1,1,26160
4870,1449,1,2,6,-1,99999,-1,-1,-3,-1,1,26160
4871,1449,1,830,9,-1,99999,-1,-1,-3,-1,1,26160
4872,1450,1,2361,3,-1,99999,-1,-1,-3,-1,1,26220
4873,1451,1,198,4,-1,99999,-1,-1,-3,-1,1,26220
4874,1451,1,0,4,-1,99999,-1,-1,-3,-1,1,26220
4875,1451,1,6,3,-1,99999,-1,-1,-3,-1,1,26220
4876,1452,1,1233,7,-1,99999,-1,-1,-3,-1,1,26280
4877,1452,1,614,3,-1,99999,-1,-1,-3,-1,1,26280
4878,1452,1,9,1,-1,99999,-1,-1,-3,-1,1,26280
4879,1452,1,14,11,-1,99999,-1,-1,-3,-1,1,26280
4880,1453,1,1433,10,-1,99999,-1,-1,-3,-1,1,26280
4881,1454,1,201,1,-1,99999,-1,-1,-3,-1,1,26280
4882,1454,1,72,4,-1,99999,-1,-1,-3,-1,1,26280
4883,1454,1,83,2,-1,99999,-1,-1,-3,-1,1,26280
4884,1454,1,282,6,-1,99999,-1,-1,-3,-1,1,26280
4885,1454,1,401,3,-1,99999,-1,-1,-3,-1,1,26280
4886,1455,1,129,8,-1,99999,-1,-1,-3,-1,1,26280
4887,1455,1,76,2,-1,99999,-1,-1,-3,-1,1,26280
4888,1455,1,90,5,-1,99999,-1,-1,-3,-1,1,26280
4889,1455,1,545,8,-1,99999,-1,-1,-3,-1,1,26280
4890,1456,1,956,7,-1,99999,-1,-1,-3,-1,1,26280
4891,1457,1,145,8,-1,99999,-1,-1,-3,-1,1,26340
4892,1457,1,233,7,-1,99999,-1,-1,-3,-1,1,26340
4893,1457,1,1174,8,-1,99999,-1,-1,-3,-1,1,26340
4894,1457,1,3035,2,-1,99999,-1,-1,-3,-1,1,26340
4895,1457,1,1873,3,-1,99999,-1,-1,-3,-1,1,26340
4896,1458,1,1017,10,-1,99999,-1,-1,-3,-1,1,26340
4897,1458,1,254,9,-1,99999,-1,-1,-3,-1,1,26340
4898,1458,1,1413,2,-1,99999,-1,-1,-3,-1,1,26340
4899,1458,1,1946,4,-1,99999,-1,-1,-3,-1,1,26340
4900,1458,1,646,4,-1,99999,-1,-1,-3,-1,1,26340
4901,1459,1,219,1,-1,99999,-1,-1,-3,-1,1,26340
4902,1460,1,94,8,-1,99999,-1,-1,-3,-1,1,26340
4903,1460,1,1391,1,-1,99999,-1,-1,-3,-1,1,26340
4904,1460,1,5,6,-1,99999,-1,-1,-3,-1,1,26340
4905,1461,1,253,12,-1,99999,-1,-1,-3,-1,1,26460
4906,1461,1,545,4,-1,99999,-1,-1,-3,-1,1,26460
4907,1461,1,895,2,-1,99999,-1,-1,-3,-1,1,26460
4908,1462,1,216,1,-1,99999,-1,-1,-3,-1,1,26460
4909,1462,1,1621,5,-1,99999,-1,-1,-3,-1,1,26460
4910,1462,1,1885,2,-1,99999,-1,-1,-3,-1,1,26460
4911,1463,1,51,10,-1,99999,-1,-1,-3,-1,1,26460
4912,1463,1,1530,4,-1,99999,-1,-1,-3,-1,1,26460
4913,1463,1,188,10,-1,99999,-1,-1,-3,-1,1,26460
4914,1463,1,142,4,-1,99999,-1,-1,-3,-1,1,26460
4915,1463,1,67,5,-1,99999,-1,-1,-3,-1,1,26460
4916,1463,1,96,5,-1,99999,-1,-1,-3,-1,1,26460
4917,1463,1,38,6,-1,99999,-1,-1,-3,-1,1,26460
4918,1463,1,617,2,-1,99999,-1,-1,-3,-1,1,26460
4919,1463,1,59,8,-1,99999,-1,-1,-3,-1,1,26460
4920,1463,1,1220,5,-1,99999,-1,-1,-3,-1,1,26460
4921,1464,1,585,2,-1,99999,-1,-1,-3,-1,1,26520
4922,1464,1,1609,2,-1,99999,-1,-1,-3,-1,1,26520
4923,1464,1,256,7,-1,99999,-1,-1,-3,-1,1,26520
4924,1464,1,45,11,-1,99999,-1,-1,-3,-1,1,26520
4925,1464,1,388,8,-1,99999,-1,-1,-3,-1,1,26520
4926,1465,1,1489,5,-1,99999,-1,-1,-3,-1,1,26520
4927,1466,1,118,4,-1,99999,-1,-1,-3,-1,1,26520
4928,1466,1,891,2,-1,99999,-1,-1,-3,-1,1,26520
4929,1466,1,860,3,-1,99999,-1,-1,-3,-1,1,26520
4930,1466,1,202,4,-1,99999,-1,-1,-3,-1,1,26520
4931,1466,1,1052,8,-1,99999,-1,-1,-3,-1,1,26520
4932,1466,1,539,6,-1,99999,-1,-1,-3,-1,1,26520
4933,1466,1,1842,6,-1,99999,-1,-1,-3,-1,1,26520
4934,1466,1,1279,5,-1,99999,-1,-1,-3,-1,1,26520
4935,1466,1,2,6,-1,99999,-1,-1,-3,-1,1,26520
4936,1466,1,199,2,-1,99999,-1,-1,-3,-1,1,26520
4937,1467,1,2885,2,-1,99999,-1,-1,-3,-1,1,26520
4938,1467,1,36,3,-1,99999,-1,-1,-3,-1,1,26520
4939,1467,1,2705,3,-1,99999,-1,-1,-3,-1,1,26520
4940,1468,1,0,9,-1,99999,-1,-1,-3,-1,1,26580
4941,1468,1,77,1,-1,99999,-1,-1,-3,-1,1,26580
4942,1468,1,36,2,-1,99999,-1,-1,-3,-1,1,26580
4943,1469,1,920,6,-1,99999,-1,-1,-3,-1,1,26580
4944,1470,1,57,5,-1,99999,-1,-1,-3,-1,1,26580
4945,1470,1,387,6,-1,99999,-1,-1,-3,-1,1,26580
4946,1470,1,485,4,-1,99999,-1,-1,-3,-1,1,26580
4947,1470,1,5,8,-1,99999,-1,-1,-3,-1,1,26580
4948,1470,1,202,12,-1,99999,-1,-1,-3,-1,1,26580
4949,1471,1,1815,3,-1,99999,-1,-1,-3,-1,1,26640
4950,1471,1,2363,3,-1,99999,-1,-1,-3,-1,1,26640
4951,1471,1,2322,2,-1,99999,-1,-1,-3,-1,1,26640
4952,1471,1,1,4,-1,99999,-1,-1,-3,-1,1,26640
4953,1471,1,929,9,-1,99999,-1,-1,-3,-1,1,26640
4954,1471,1,121,10,-1,99999,-1,-1,-3,-1,1,26640
4955,1472,1,33,4,-1,99999,-1,-1,-3,-1,1,26640
4956,1473,1,784,4,-1,99999,-1,-1,-3,-1,1,26640
4957,1473,1,513,7,-1,99999,-1,-1,-3,-1,1,26640
4958,1473,1,59,5,-1,99999,-1,-1,-3,-1,1,26640
4959,1473,1,1452,2,-1,99999,-1,-1,-3,-1,1,26640
4960,1473,1,183,4,-1,99999,-1,-1,-3,-1,1,26640
4961,1474,1,135,4,-1,99999,-1,-1,-3,-1,1,26640
4962,1475,1,1393,10,-1,99999,-1,-1,-3,-1,1,26640
4963,1476,1,707,12,-1,99999,-1,-1,-3,-1,1,26700
4964,1476,1,99,8,-1,99999,-1,-1,-3,-1,1,26700
4965,1477,1,70,8,-1,99999,-1,-1,-3,-1,1,26700
4966,1478,1,84,3,-1,99999,-1,-1,-3,-1,1,26700
4967,1478,1,77,9,-1,99999,-1,-1,-3,-1,1,26700
4968,1479,1,2856,2,-1,99999,-1,-1,-3,-1,1,26700
4969,1480,1,70,8,-1,99999,-1,-1,-3,-1,1,26700
4970,1480,1,399,2,-1,99999,-1,-1,-3,-1,1,26700
4971,1480,1,2299,3,-1,99999,-1,-1,-3,-1,1,26700
4972,1480,1,702,5,-1,99999,-1,-1,-3,-1,1,26700
4973,1481,1,1230,11,-1,99999,-1,-1,-3,-1,1,26700
4974,1481,1,442,7,-1,99999,-1,-1,-3,-1,1,26700
4975,1482,1,75,6,-1,99999,-1,-1,-3,-1,1,26700
4976,1483,1,917,6,-1,99999,-1,-1,-3,-1,1,26760
4977,1483,1,1519,3,-1,99999,-1,-1,-3,-1,1,26760
4978,1483,1,1200,10,-1,99999,-1,-1,-3,-1,1,26760
4979,1483,1,199,9,-1,99999,-1,-1,-3,-1,1,26760
4980,1483,1,63,5,-1,99999,-1,-1,-3,-1,1,26760
4981,1483,1,314,5,-1,99999,-1,-1,-3,-1,1,26760
4982,1483,1,7,8,-1,99999,-1,-1,-3,-1,1,26760
4983,1484,1,86,3,-1,99999,-1,-1,-3,-1,1,26760
4984,1484,1,1421,7,-1,99999,-1,-1,-3,-1,1,26760
4985,1484,1,141,8,-1,99999,-1,-1,-3,-1,1,26760
4986,1484,1,271,4,-1,99999,-1,-1,-3,-1,1,26760
4987,1485,1,2585,2,-1,99999,-1,-1,-3,-1,1,26760
4988,1486,1,808,7,-1,99999,-1,-1,-3,-1,1,26760
4989,1486,1,194,4,-1,99999,-1,-1,-3,-1,1,26760
4990,1487,1,777,12,-1,99999,-1,-1,-3,-1,1,26760
4991,1488,1,2012,3,-1,99999,-1,-1,-3,-1,1,26820
4992,1488,1,193,4,-1,99999,-1,-1,-3,-1,1,26820
4993,1489,1,183,4,-1,99999,-1,-1,-3,-1,1,26820
4994,1490,1,197,7,-1,99999,-1,-1,-3,-1,1,26820
4995,1490,1,6,4,-1,99999,-1,-1,-3,-1,1,26820
4996,1490,1,1636,1,-1,99999,-1,-1,-3,-1,1,26820
4997,1490,1,661,7,-1,99999,-1,-1,-3,-1,1,26820
4998,1490,1,384,8,-1,99999,-1,-1,-3,-1,1,26820
4999,1491,1,126,6,-1,99999,-1,-1,-3,-1,1,26880
5000,1492,1,625,12,-1,99999,-1,-1,-3,-1,1,26880
5001,1493,1,1187,9,-1,99999,-1,-1,-3,-1,1,26880
5002,1493,1,1923,4,-1,99999,-1,-1,-3,-1,1,26880
5003,1493,1,2279,2,-1,99999,-1,-1,-3,-1,1,26880
5004,1494,1,2430,2,-1,99999,-1,-1,-3,-1,1,26880
5005,1494,1,333,1,-1,99999,-1,-1,-3,-1,1,26880
5006,1494,1,15,8,-1,99999,-1,-1,-3,-1,1,26880
5007,1494,1,214,6,-1,99999,-1,-1,-3,-1,1,26880
5008,1494,1,1048,3,-1,99999,-1,-1,-3,-1,1,26880
5009,1494,1,5,8,-1,99999,-1,-1,-3,-1,1,26880
5010,1494,1,1362,6,-1,99999,-1,-1,-3,-1,1,26880
5011,1495,1,487,7,-1,99999,-1,-1,-3,-1,1,26940
5012,1495,1,24,2,-1,99999,-1,-1,-3,-1,1,26940
5013,1496,1,5,4,-1,99999,-1,-1,-3,-1,1,26940
5014,1497,1,176,8,-1,99999,-1,-1,-3,-1,1,27000
5015,1498,1,752,3,-1,99999,-1,-1,-3,-1,1,27000
5016,1498,1,237,4,-1,99999,-1,-1,-3,-1,1,27000
5017,1498,1,1654,1,-1,99999,-1,-1,-3,-1,1,27000
5018,1499,1,569,2,-1,99999,-1,-1,-3,-1,1,27060
5019,1500,1,46,7,-1,99999,-1,-1,-3,-1,1,27060
5020,1500,1,43,8,-1,99999,-1,-1,-3,-1,1,27060
5021,1500,1,1980,2,-1,99999,-1,-1,-3,-1,1,27060
5022,1500,1,128,7,-1,99999,-1,-1,-3,-1,1,27060
5023,1500,1,464,4,-1,99999,-1,-1,-3,-1,1,27060
5024,1500,1,110,8,-1,99999,-1,-1,-3,-1,1,27060
5025,1500,1,162,2,-1,99999,-1,-1,-3,-1,1,27060
5026,1501,1,579,12,-1,99999,-1,-1,-3,-1,1,27120
5027,1501,1,37,8,-1,99999,-1,-1,-3,-1,1,27120
5028,1501,1,833,8,-1,99999,-1,-1,-3,-1,1,27120
5029,1502,1,1317,3,-1,99999,-1,-1,-3,-1,1,27120
5030,1502,1,32,6,-1,99999,-1,-1,-3,-1,1,27120
5031,1502,1,1287,4,-1,99999,-1,-1,-3,-1,1,27120
5032,1502,1,6,8,-1,99999,-1,-1,-3,-1,1,27120
5033,1502,1,43,10,-1,99999,-1,-1,-3,-1,1,27120
5034,1502,1,611,9,-1,99999,-1,-1,-3,-1,1,27120
5035,1502,1,1415,8,-1,99999,-1,-1,-3,-1,1,27120
5036,1503,1,1729,12,-1,99999,-1,-1,-3,-1,1,27120
5037,1503,1,1215,12,-1,99999,-1,-1,-3,-1,1,27120
5038,1503,1,799,2,-1,99999,-1,-1,-3,-1,1,27120
5039,1504,1,780,2,-1,99999,-1,-1,-3,-1,1,27120
5040,1504,1,100,1,-1,99999,-1,-1,-3,-1,1,27120
5041,1504,1,169,8,-1,99999,-1,-1,-3,-1,1,27120
5042,1504,1,1660,2,-1,99999,-1,-1,-3,-1,1,27120
5043,1504,1,434,5,-1,99999,-1,-1,-3,-1,1,27120
5044,1504,1,417,6,-1,99999,-1,-1,-3,-1,1,27120
5045,1505,1,925,6,-1,99999,-1,-1,-3,-1,1,27120
5046,1505,1,405,7,-1,99999,-1,-1,-3,-1,1,27120
5047,1505,1,321,12,-1,99999,-1,-1,-3,-1,1,27120
5048,1505,1,32,7,-1,99999,-1,-1,-3,-1,1,27120
5049,1505,1,10,9,-1,99999,-1,-1,-3,-1,1,27120
5050,1506,1,187,5,-1,99999,-1,-1,-3,-1,1,27120
5051,1506,1,27,8,-1,99999,-1,-1,-3,-1,1,27120
5052,1506,1,44,4,-1,99999,-1,-1,-3,-1,1,27120
5053,1507,1,1562,3,-1,99999,-1,-1,-3,-1,1,27180
5054,1508,1,119,7,-1,99999,-1,-1,-3,-1,1,27180
5055,1508,1,487,7,-1,99999,-1,-1,-3,-1,1,27180
5056,1509,1,171,4,-1,99999,-1,-1,-3,-1,1,27240
5057,1509,1,0,7,-1,99999,-1,-1,-3,-1,1,27240
5058,1509,1,3204,4,-1,99999,-1,-1,-3,-1,1,27240
5059,1509,1,1957,3,-1,99999,-1,-1,-3,-1,1,27240
5060,1509,1,933,2,-1,99999,-1,-1,-3,-1,1,27240
5061,1509,1,73,2,-1,99999,-1,-1,-3,-1,1,27240
5062,1510,1,894,7,-1,99999,-1,-1,-3,-1,1,27240
5063,1510,1,1886,1,-1,99999,-1,-1,-3,-1,1,27240
5064,1510,1,569,2,-1,99999,-1,-1,-3,-1,1,27240
5065,1510,1,311,6,-1,99999,-1,-1,-3,-1,1,27240
5066,1510,1,271,12,-1,99999,-1,-1,-3,-1,1,27240
5067,1511,1,906,4,-1,99999,-1,-1,-3,-1,1,27300
5068,1511,1,222,5,-1,99999,-1,-1,-3,-1,1,27300
5069,1511,1,4,12,-1,99999,-1,-1,-3,-1,1,27300
5070,1511,1,2430,1,-1,99999,-1,-1,-3,-1,1,27300
5071,1511,1,297,10,-1,99999,-1,-1,-3,-1,1,27300
5072,1511,1,26,8,-1,99999,-1,-1,-3,-1,1,27300
5073,1511,1,351,7,-1,99999,-1,-1,-3,-1,1,27300
5074,1511,1,391,10,-1,99999,-1,-1,-3,-1,1,27300
5075,1511,1,142,6,-1,99999,-1,-1,-3,-1,1,27300
5076,1511,1,590,4,-1,99999,-1,-1,-3,-1,1,27300
5077,1512,1,94,8,-1,99999,-1,-1,-3,-1,1,27300
5078,1513,1,2798,2,-1,99999,-1,-1,-3,-1,1,27300
5079,1513,1,777,6,-1,99999,-1,-1,-3,-1,1,27300
5080,1513,1,29,9,-1,99999,-1,-1,-3,-1,1,27300
5081,1513,1,8,6,-1,99999,-1,-1,-3,-1,1,27300
5082,1513,1,734,8,-1,99999,-1,-1,-3,-1,1,27300
5083,1513,1,165,5,-1,99999,-1,-1,-3,-1,1,27300
5084,1514,1,396,2,-1,99999,-1,-1,-3,-1,1,27300
5085,1514,1,36,7,-1,99999,-1,-1,-3,-1,1,27300
5086,1514,1,221,6,-1,99999,-1,-1,-3,-1,1,27300
5087,1514,1,329,8,-1,99999,-1,-1,-3,-1,1,27300
5088,1514,1,2303,4,-1,99999,-1,-1,-3,-1,1,27300
5089,1514,1,248,7,-1,99999,-1,-1,-3,-1,1,27300
5090,1515,1,959,11,-1,99999,-1,-1,-3,-1,1,27360
5091,1515,1,210,11,-1,99999,-1,-1,-3,-1,1,27360
5092,1515,1,137,10,-1,99999,-1,-1,-3,-1,1,27360
5093,1516,1,111,6,-1,99999,-1,-1,-3,-1,1,27360
5094,1517,1,391,4,-1,99999,-1,-1,-3,-1,1,27360
5095,1517,1,57,5,-1,99999,-1,-1,-3,-1,1,27360
5096,1517,1,2555,3,-1,99999,-1,-1,-3,-1,1,27360
5097,1517,1,21,7,-1,99999,-1,-1,-3,-1,1,27360
5098,1518,1,1409,2,-1,99999,-1,-1,-3,-1,1,27360
5099,1519,1,866,4,-1,99999,-1,-1,-3,-1,1,27420
5100,1520,1,2511,4,-1,99999,-1,-1,-3,-1,1,27420
5101,1521,1,1530,4,-1,99999,-1,-1,-3,-1,1,27420
5102,1522,1,246,10,-1,99999,-1,-1,-3,-1,1,27420
5103,1522,1,274,7,-1,99999,-1,-1,-3,-1,1,27420
5104,1522,1,20,5,-1,99999,-1,-1,-3,-1,1,27420
5105,1522,1,1096,8,-1,99999,-1,-1,-3,-1,1,27420
5106,1522,1,315,10,-1,99999,-1,-1,-3,-1,1,27420
5107,1523,1,2009,2,-1,99999,-1,-1,-3,-1,1,27420
5108,1524,1,63,9,-1,99999,-1,-1,-3,-1,1,27480
5109,1524,1,709,5,-1,99999,-1,-1,-3,-1,1,27480
5110,1524,1,173,10,-1,99999,-1,-1,-3,-1,1,27480
5111,1524,1,2769,2,-1,99999,-1,-1,-3,-1,1,27480
5112,1525,1,415,7,-1,99999,-1,-1,-3,-1,1,27480
5113,1525,1,1029,10,-1,99999,-1,-1,-3,-1,1,27480
5114,1526,1,2811,2,-1,99999,-1,-1,-3,-1,1,27540
5115,1526,1,822,2,-1,99999,-1,-1,-3,-1,1,27540
5116,1526,1,360,10,-1,99999,-1,-1,-3,-1,1,27540
5117,1526,1,3240,3,-1,99999,-1,-1,-3,-1,1,27540
5118,1526,1,14,8,-1,99999,-1,-1,-3,-1,1,27540
5119,1526,1,524,3,-1,99999,-1,-1,-3,-1,1,27540
5120,1526,1,374,7,-1,99999,-1,-1,-3,-1,1,27540
5121,1526,1,2652,1,-1,99999,-1,-1,-3,-1,1,27540
5122,1526,1,54,7,-1,99999,-1,-1,-3,-1,1,27540
5123,1527,1,1869,3,-1,99999,-1,-1,-3,-1,1,27540
5124,1527,1,300,6,-1,99999,-1,-1,-3,-1,1,27540
5125,1527,1,2237,3,-1,99999,-1,-1,-3,-1,1,27540
5126,1527,1,915,2,-1,99999,-1,-1,-3,-1,1,27540
5127,1527,1,263,4,-1,99999,-1,-1,-3,-1,1,27540
5128,1527,1,498,5,-1,99999,-1,-1,-3,-1,1,27540
5129,1527,1,34,9,-1,99999,-1,-1,-3,-1,1,27540
5130,1527,1,1399,11,-1,99999,-1,-1,-3,-1,1,27540
5131,1527,1,413,4,-1,99999,-1,-1,-3,-1,1,27540
5132,1527,1,452,6,-1,99999,-1,-1,-3,-1,1,27540
5133,1527,1,59,8,-1,99999,-1,-1,-3,-1,1,27540
5134,1527,1,2900,3,-1,99999,-1,-1,-3,-1,1,27540
5135,1527,1,1887,2,-1,99999,-1,-1,-3,-1,1,27540
5136,1527,1,1,10,-1,99999,-1,-1,-3,-1,1,27540
5137,1527,1,535,8,-1,99999,-1,-1,-3,-1,1,27540
5138,1527,1,275,1,-1,99999,-1,-1,-3,-1,1,27540
5139,1527,1,294,6,-1,99999,-1,-1,-3,-1,1,27540
5140,1527,1,1212,3,-1,99999,-1,-1,-3,-1,1,27540
5141,1528,1,42,6,-1,99999,-1,-1,-3,-1,1,27540
5142,1528,1,154,8,-1,99999,-1,-1,-3,-1,1,27540
5143,1529,1,19,3,-1,99999,-1,-1,-3,-1,1,27540
5144,1530,1,76,8,-1,99999,-1,-1,-3,-1,1,27540
5145,1531,1,149,3,-1,99999,-1,-1,-3,-1,1,27600
5146,1531,1,4,8,-1,99999,-1,-1,-3,-1,1,27600
5147,1531,1,31,6,-1,99999,-1,-1,-3,-1,1,27600
5148,1531,1,458,8,-1,99999,-1,-1,-3,-1,1,27600
5149,1532,1,69,4,-1,99999,-1,-1,-3,-1,1,27600
5150,1533,1,660,8,-1,99999,-1,-1,-3,-1,1,27600
5151,1533,1,594,6,-1,99999,-1,-1,-3,-1,1,27600
5152,1534,1,258,8,-1,99999,-1,-1,-3,-1,1,27600
5153,1535,1,168,10,-1,99999,-1,-1,-3,-1,1,27600
5154,1535,1,289,5,-1,99999,-1,-1,-3,-1,1,27600
5155,1535,1,20,8,-1,99999,-1,-1,-3,-1,1,27600
5156,1535,1,308,6,-1,99999,-1,-1,-3,-1,1,27600
5157,1535,1,0,3,-1,99999,-1,-1,-3,-1,1,27600
5158,1536,1,3,7,-1,99999,-1,-1,-3,-1,1,27600
5159,1536,1,67,3,-1,99999,-1,-1,-3,-1,1,27600
5160,1536,1,1230,11,-1,99999,-1,-1,-3,-1,1,27600
5161,1537,1,173,6,-1,99999,-1,-1,-3,-1,1,27600
5162,1538,1,465,8,-1,99999,-1,-1,-3,-1,1,27660
5163,1539,1,33,6,-1,99999,-1,-1,-3,-1,1,27660
5164,1539,1,189,6,-1,99999,-1,-1,-3,-1,1,27660
5165,1539,1,623,8,-1,99999,-1,-1,-3,-1,1,27660
5166,1540,1,47,6,-1,99999,-1,-1,-3,-1,1,27660
5167,1540,1,53,9,-1,99999,-1,-1,-3,-1,1,27660
5168,1540,1,727,9,-1,99999,-1,-1,-3,-1,1,27660
5169,1540,1,423,8,-1,99999,-1,-1,-3,-1,1,27660
5170,1540,1,269,8,-1,99999,-1,-1,-3,-1,1,27660
5171,1540,1,363,6,-1,99999,-1,-1,-3,-1,1,27660
5172,1540,1,2538,4,-1,99999,-1,-1,-3,-1,1,27660
5173,1540,1,183,8,-1,99999,-1,-1,-3,-1,1,27660
5174,1541,1,2445,2,-1,99999,-1,-1,-3,-1,1,27720
5175,1541,1,1494,2,-1,99999,-1,-1,-3,-1,1,27720
5176,1541,1,181,8,-1,99999,-1,-1,-3,-1,1,27720
5177,1542,1,186,5,-1,99999,-1,-1,-3,-1,1,27720
5178,1543,1,455,5,-1,99999,-1,-1,-3,-1,1,27780
5179,1544,1,381,6,-1,99999,-1,-1,-3,-1,1,27780
5180,1544,1,1111,7,-1,99999,-1,-1,-3,-1,1,27780
5181,1544,1,7,1,-1,99999,-1,-1,-3,-1,1,27780
5182,1545,1,237,7,-1,99999,-1,-1,-3,-1,1,27780
5183,1546,1,57,7,-1,99999,-1,-1,-3,-1,1,27780
5184,1546,1,2100,2,-1,99999,-1,-1,-3,-1,1,27780
5185,1546,1,10,8,-1,99999,-1,-1,-3,-1,1,27780
5186,1546,1,657,9,-1,99999,-1,-1,-3,-1,1,27780
5187,1547,1,1196,10,-1,99999,-1,-1,-3,-1,1,27780
5188,1547,1,43,3,-1,99999,-1,-1,-3,-1,1,27780
5189,1547,1,321,8,-1,99999,-1,-1,-3,-1,1,27780
5190,1547,1,68,6,-1,99999,-1,-1,-3,-1,1,27780
5191,1547,1,858,3,-1,99999,-1,-1,-3,-1,1,27780
5192,1547,1,231,6,-1,99999,-1,-1,-3,-1,1,27780
5193,1547,1,1000,10,-1,99999,-1,-1,-3,-1,1,27780
5194,1547,1,355,6,-1,99999,-1,-1,-3,-1,1,27780
5195,1548,1,161,6,-1,99999,-1,-1,-3,-1,1,27840
5196,1549,1,1209,9,-1,99999,-1,-1,-3,-1,1,27840
5197,1549,1,342,3,-1,99999,-1,-1,-3,-1,1,27840
5198,1550,1,948,2,-1,99999,-1,-1,-3,-1,1,27840
5199,1551,1,896,8,-1,99999,-1,-1,-3,-1,1,27840
5200,1551,1,206,8,-1,99999,-1,-1,-3,-1,1,27840
5201,1551,1,1946,4,-1,99999,-1,-1,-3,-1,1,27840
5202,1552,1,518,6,-1,99999,-1,-1,-3,-1,1,27900
5203,1552,1,458,3,-1,99999,-1,-1,-3,-1,1,27900
5204,1553,1,1,6,-1,99999,-1,-1,-3,-1,1,27900
5205,1553,1,343,2,-1,99999,-1,-1,-3,-1,1,27900
5206,1553,1,26,3,-1,99999,-1,-1,-3,-1,1,27900
5207,1553,1,951,1,-1,99999,-1,-1,-3,-1,1,27900
5208,1554,1,1481,4,-1,99999,-1,-1,-3,-1,1,27960
5209,1554,1,479,9,-1,99999,-1,-1,-3,-1,1,27960
5210,1554,1,121,12,-1,99999,-1,-1,-3,-1,1,27960
5211,1555,1,151,4,-1,99999,-1,-1,-3,-1,1,28020
5212,1555,1,942,9,-1,99999,-1,-1,-3,-1,1,28020
5213,1555,1,319,10,-1,99999,-1,-1,-3,-1,1,28020
5214,1556,1,234,3,-1,99999,-1,-1,-3,-1,1,28020
