pod_id,item_id,qty,order_id,processed_time,task_type,trigger,opp_score,trip_start,trip_duration
319,1104,8,-72,41,1,,
319,613,2,-46,41,1,,
179,160,10,-68,56,1,,
419,246,12,-37,58,1,,
420,285,10,-42,71,1,,
417,195,8,-85,78,1,,
417,222,12,-85,78,1,,
264,103,8,-46,82,1,,
448,492,12,-85,94,1,,
454,608,10,-58,97,1,,
77,7,3,-91,99,1,,
77,7,6,-24,99,1,,
77,7,11,-15,99,1,,
77,58,6,-30,99,1,,
77,3,6,-93,99,1,,
343,473,8,-44,108,1,,
134,117,7,-35,123,1,,
134,130,11,-93,123,1,,
414,135,2,-20,133,1,,
414,134,5,-31,133,1,,
414,137,5,-97,133,1,,
414,137,6,-71,133,1,,
414,138,12,-50,133,1,,
59,3,4,-71,145,1,,
59,7,4,-50,145,1,,
455,625,11,-50,162,1,,
446,438,8,-60,166,1,,
85,24,4,-35,169,1,,
85,24,6,-70,169,1,,
85,24,7,-37,169,1,,
85,58,8,-37,169,1,,
85,8,10,-35,169,1,,
411,98,6,-68,178,1,,
411,2909,2,-44,178,1,,
424,511,6,-46,187,1,,
413,135,10,-73,190,1,,
413,135,10,-20,190,1,,
254,233,12,-30,192,1,,
254,221,4,-93,192,1,,
395,639,6,-46,197,1,,
239,321,8,-30,209,1,,
239,2045,2,-93,209,1,,
412,125,5,-28,209,1,,
412,122,7,-85,209,1,,
449,509,2,-31,223,1,,
449,506,6,-50,223,1,,
418,226,8,-70,232,1,,
418,234,8,-30,232,1,,
485,1171,8,-28,237,1,,
439,258,2,-93,248,1,,
439,257,8,-91,248,1,,
298,15,7,-28,250,1,,
0,30,5,-44,260,1,,
464,815,8,-35,262,1,,
409,84,7,-85,263,1,,
363,201,6,-37,274,1,,
344,465,8,-61,276,1,,
40,5,5,-37,284,1,,
158,75,5,-87,289,1,,
453,582,6,-97,294,1,,
358,11,5,-35,295,1,,
438,238,5,-68,298,1,,
359,11,5,-100,316,1,,
139,43,2,-61,321,1,,
285,2294,3,-60,326,1,,
441,328,4,-60,333,1,,
448,495,5,-91,344,1,,
215,214,6,-50,344,1,,
200,1828,4,-71,364,1,,
337,6,4,-28,371,1,,
419,272,4,-15,374,1,,
128,45,1,-68,379,1,,
357,2674,3,-31,383,1,,
472,949,4,-28,389,1,,
462,775,3,-97,395,1,,
182,113,2,-30,396,1,,
450,524,2,-35,401,1,,
288,36,6,-33,404,1,,
299,26,11,-1,411,1,,
410,76,1,-93,412,1,,
167,1642,3,-85,416,1,,
364,254,3,-85,422,1,,
485,1168,4,-64,425,1,,
362,121,7,-95,433,1,,
129,1,10,-79,440,1,,
385,42,2,-28,461,1,,
289,2,3,-56,464,1,,
481,1099,2,-85,476,1,,
130,39,9,-94,477,1,,
338,298,2,-94,482,1,,
375,2755,2,-50,484,1,,
409,87,6,-17,498,1,,
409,87,7,-3,498,1,,
290,211,8,8,499,1,,
439,280,2,-28,507,1,,
320,0,1,-49,511,1,,
441,319,8,-65,520,1,,
386,171,6,-49,521,1,,
180,104,4,-49,528,1,,
384,34,11,-6,536,1,,
273,243,7,-86,539,1,,
339,202,8,-86,550,1,,
416,167,1,-28,554,1,,
382,1172,10,11,569,1,,
415,182,6,-19,578,1,,
387,94,10,-11,586,1,,
274,278,10,-4,598,1,,
321,61,10,-41,600,1,,
388,80,3,-41,606,1,,
464,815,2,-41,610,1,,
444,391,10,-4,612,1,,
365,322,3,-76,622,1,,
128,1,11,-12,628,1,,
445,421,2,-4,632,1,,
410,76,1,-38,634,1,,
323,0,8,-84,643,1,,
414,150,5,4,644,1,,
319,0,10,-62,646,1,,
462,3131,2,-3,647,1,,
340,6,6,-12,663,1,,
340,202,6,-62,663,1,,
322,0,10,-10,677,1,,
343,377,9,9,690,1,,
467,867,6,-84,692,1,,
313,735,9,7,703,1,,
442,344,5,-16,704,1,,
389,176,4,-16,715,1,,
403,976,8,-12,718,1,,
385,52,4,19,736,1,,
383,18,7,-63,747,1,,
290,2318,4,-41,750,1,,
275,330,4,-92,754,1,,
437,186,2,-34,767,1,,
411,97,10,-92,768,1,,
338,6,8,9,770,1,,
338,287,12,-13,770,1,,
395,621,6,-92,778,1,,
454,3095,1,-92,781,1,,
376,932,2,-34,784,1,,
354,2657,3,-92,787,1,,
134,130,8,-13,793,1,,
384,34,8,-92,799,1,,
180,1721,2,1,799,1,,
441,332,4,-62,805,1,,
441,324,4,-10,805,1,,
412,101,10,-13,819,1,,
353,717,2,-81,829,1,,
353,746,12,-81,829,1,,
39,44,6,-81,838,1,,
241,193,8,-12,850,1,,
0,37,8,25,850,1,,
464,799,8,-25,865,1,,
464,806,3,-53,865,1,,
206,1857,1,-4,885,1,,
206,149,6,-13,885,1,,
390,236,6,-29,885,1,,
160,1605,6,-62,896,1,,
410,96,1,-34,902,1,,
273,277,6,-12,906,1,,
50,88,4,-21,910,1,,
63,1892,2,7,916,1,,
63,82,5,9,916,1,,
299,124,5,-12,924,1,,
467,868,4,-34,927,1,,
444,397,5,-47,932,1,,
442,344,6,-34,949,1,,
442,363,5,-21,949,1,,
442,363,6,-36,949,1,,
40,19,6,0,952,1,,
40,5,5,0,952,1,,
171,1668,2,24,954,1,,
457,664,8,-14,964,1,,
288,77,8,24,965,1,,
414,154,2,-54,973,1,,
414,150,4,-88,973,1,,
57,1681,2,-14,978,1,,
294,2339,2,25,986,1,,
159,269,12,-36,986,1,,
203,1842,2,20,990,1,,
477,1039,5,-12,992,1,,
178,1708,4,-12,999,1,,
466,3148,4,25,1003,1,,
199,260,10,13,1017,1,,
5,1972,3,22,1019,1,,
363,254,2,-10,1033,1,,
411,101,7,-14,1048,1,,
311,2428,2,13,1053,1,,
412,108,4,-29,1054,1,,
412,112,6,24,1054,1,,
451,541,2,22,1059,1,,
297,710,8,-45,1060,1,,
373,2748,1,-81,1060,1,,
85,8,4,29,1068,1,,
194,1792,2,6,1069,1,,
440,3034,2,-13,1072,1,,
144,1516,2,6,1073,1,,
76,47,9,32,1101,1,,
364,200,5,29,1111,1,,
386,171,1,22,1111,1,,
353,2654,2,20,1125,1,,
418,241,6,23,1134,1,,
47,1357,5,32,1142,1,,
387,127,8,-59,1148,1,,
387,73,8,12,1148,1,,
50,4,4,48,1151,1,,
438,218,6,-82,1151,1,,
282,2,7,-59,1159,1,,
415,154,4,-82,1162,1,,
306,366,9,-52,1164,1,,
146,1527,6,-59,1168,1,,
441,342,5,32,1173,1,,
414,158,3,45,1174,1,,
446,443,7,12,1179,1,,
158,75,5,-52,1189,1,,
188,104,7,34,1189,1,,
423,474,8,-32,1202,1,,
442,359,4,22,1211,1,,
442,356,2,40,1211,1,,
151,16,11,-89,1213,1,,
263,440,9,52,1225,1,,
301,152,11,45,1229,1,,
139,43,6,45,1238,1,,
350,700,6,47,1247,1,,
416,159,7,-32,1258,1,,
410,97,8,52,1258,1,,
362,121,10,-89,1261,1,,
77,4,5,12,1268,1,,
77,24,1,52,1268,1,,
182,113,4,47,1268,1,,
147,1534,11,-96,1275,1,,
424,477,8,-55,1287,1,,
474,985,6,12,1289,1,,
417,217,12,-96,1307,1,,
411,102,2,-59,1310,1,,
411,106,9,12,1310,1,,
411,105,5,39,1310,1,,
360,60,10,-18,1311,1,,
462,781,9,-96,1320,1,,
451,546,7,6,1329,1,,
451,557,7,52,1329,1,,
199,223,7,-96,1330,1,,
421,308,9,-18,1341,1,,
440,305,12,-82,1351,1,,
440,295,4,23,1351,1,,
387,72,5,52,1352,1,,
387,80,4,52,1352,1,,
189,184,2,-89,1357,1,,
189,113,7,-89,1357,1,,
140,50,8,35,1363,1,,
446,453,4,39,1374,1,,
470,920,8,35,1375,1,,
298,54,8,-51,1380,1,,
397,669,7,35,1385,1,,
144,1518,11,52,1391,1,,
144,130,2,39,1391,1,,
229,321,6,-55,1394,1,,
447,476,8,-89,1407,1,,
418,239,3,39,1416,1,,
420,300,9,43,1423,1,,
0,28,4,52,1423,1,,
326,459,3,-59,1429,1,,
125,1411,6,-18,1432,1,,
441,324,11,44,1439,1,,
441,-1,-1,-999,1439,2,v14_piggyback,2.0,1439,0
458,692,6,-51,1441,1,,
442,359,8,39,1453,1,,
461,749,8,-90,1453,1,,
358,12,6,-90,1463,1,,
419,267,6,-96,1468,1,,
455,632,5,-51,1471,1,,
426,618,3,39,1473,1,,
456,642,6,-96,1481,1,,
325,448,3,-2,1497,1,,
110,1323,3,34,1514,1,,
422,329,4,35,1517,1,,
256,259,4,-89,1518,1,,
414,154,5,-96,1528,1,,
320,91,6,50,1534,1,,
264,162,4,51,1539,1,,
474,988,3,-39,1549,1,,
474,988,8,56,1549,1,,
1,37,4,-32,1552,1,,
230,95,4,-51,1552,1,,
253,2121,3,34,1555,1,,
427,627,4,-90,1559,1,,
359,12,4,-32,1569,1,,
453,599,4,-55,1580,1,,
440,314,4,-59,1585,1,,
409,79,3,47,1587,1,,
59,7,4,-32,1588,1,,
462,772,10,51,1603,1,,
430,844,3,47,1611,1,,
247,284,3,-18,1617,1,,
62,1873,3,-89,1631,1,,
102,1274,2,-59,1643,1,,
298,2360,3,37,1645,1,,
319,2471,2,-59,1650,1,,
321,2481,3,43,1651,1,,
346,2617,2,43,1655,1,,
265,183,12,-8,1656,1,,
190,1773,2,39,1657,1,,
413,2917,2,52,1665,1,,
301,2372,3,-82,1672,1,,
301,710,8,-8,1672,1,,
307,2409,2,-89,1676,1,,
246,279,3,-23,1677,1,,
451,554,4,-8,1689,1,,
0,9,6,60,1699,1,,
229,205,6,60,1708,1,,
111,1331,2,34,1712,1,,
421,350,4,-8,1717,1,,
242,64,8,63,1724,1,,
243,59,6,17,1733,1,,
367,392,12,70,1749,1,,
343,538,6,68,1757,1,,
131,1439,2,35,1762,1,,
43,1275,7,70,1766,1,,
288,2,3,51,1768,1,,
302,152,12,62,1776,1,,
368,431,3,-55,1778,1,,
457,3109,2,68,1780,1,,
93,13,6,17,1787,1,,
93,13,8,70,1787,1,,
384,52,11,62,1796,1,,
299,26,8,74,1807,1,,
322,2488,2,68,1807,1,,
322,71,6,71,1807,1,,
437,186,6,17,1810,1,,
289,27,8,74,1818,1,,
419,283,10,73,1822,1,,
425,555,11,73,1837,1,,
414,150,8,71,1849,1,,
193,228,8,61,1851,1,,
1,41,3,74,1860,1,,
300,124,8,73,1861,1,,
57,1643,1,68,1871,1,,
57,63,6,73,1871,1,,
339,6,4,58,1880,1,,
339,298,6,33,1880,1,,
338,109,6,-77,1889,1,,
409,86,2,60,1891,1,,
171,1666,2,35,1897,1,,
2,51,4,-77,1902,1,,
382,17,6,42,1903,1,,
382,17,7,77,1903,1,,
200,185,2,74,1904,1,,
157,65,4,76,1916,1,,
162,1615,1,23,1919,1,,
410,97,9,42,1925,1,,
410,-1,-1,-999,1925,2,v14_piggyback,5.0,1925,0
439,251,8,67,1937,1,,
3,28,11,3,1952,1,,
320,71,8,3,1964,1,,
346,2619,3,68,1970,1,,
282,2,12,82,1972,1,,
340,100,10,67,1978,1,,
453,586,6,77,1986,1,,
370,591,8,3,1990,1,,
379,1062,3,-69,1995,1,,
485,1173,8,67,2001,1,,
166,1638,4,42,2002,1,,
217,1916,2,38,2007,1,,
413,138,6,70,2011,1,,
257,2139,4,67,2018,1,,
457,672,2,-82,2021,1,,
360,60,5,77,2029,1,,
440,295,1,0,2033,1,,
437,179,4,74,2039,1,,
487,1194,2,42,2051,1,,
398,2852,4,67,2059,1,,
358,979,10,49,2077,1,,
199,223,12,-98,2091,1,,
283,20,4,67,2095,1,,
288,27,3,-98,2097,1,,
411,97,4,33,2102,1,,
201,165,4,-40,2104,1,,
163,10,8,-98,2115,1,,
215,286,8,49,2116,1,,
462,779,6,-98,2124,1,,
451,3086,4,-77,2128,1,,
448,3072,3,49,2130,1,,
436,1124,3,-40,2130,1,,
264,33,8,66,2142,1,,
305,333,3,-77,2146,1,,
374,778,4,67,2153,1,,
409,92,7,49,2155,1,,
366,337,4,-77,2160,1,,
286,36,7,66,2164,1,,
286,2296,1,-5,2164,1,,
286,211,9,-5,2164,1,,
361,60,8,72,2167,1,,
439,251,4,27,2172,1,,
162,1617,12,-78,2181,1,,
110,1321,3,49,2193,1,,
303,2387,2,70,2195,1,,
359,12,7,99,2204,1,,
384,52,2,70,2205,1,,
338,100,3,49,2215,1,,
488,1213,3,17,2217,1,,
284,2,10,86,2234,1,,
284,20,5,88,2234,1,,
103,1280,4,41,2240,1,,
103,13,2,57,2240,1,,
453,579,6,85,2250,1,,
265,296,10,-5,2253,1,,
265,90,4,54,2253,1,,
443,386,2,3,2262,1,,
445,429,3,49,2267,1,,
445,427,10,57,2267,1,,
437,140,6,61,2272,1,,
407,66,5,41,2286,1,,
407,48,6,65,2286,1,,
428,736,8,-5,2289,1,,
410,84,10,86,2303,1,,
463,785,2,70,2306,1,,
419,252,6,57,2307,1,,
337,2566,2,3,2311,1,,
460,734,9,86,2316,1,,
211,1884,2,67,2323,1,,
412,106,2,86,2328,1,,
412,108,7,54,2328,1,,
41,29,1,67,2337,1,,
418,234,6,88,2338,1,,
360,49,9,57,2342,1,,
465,825,8,54,2349,1,,
173,192,1,57,2351,1,,
173,153,5,57,2351,1,,
40,5,6,88,2359,1,,
320,71,6,-5,2368,1,,
285,2291,3,26,2371,1,,
224,23,6,41,2372,1,,
415,150,6,57,2381,1,,
408,40,8,21,2411,1,,
232,2007,2,105,2411,1,,
155,1575,3,49,2416,1,,
457,663,6,66,2419,1,,
139,50,9,105,2426,1,,
322,389,4,105,2433,1,,
409,79,4,57,2435,1,,
300,2370,2,38,2440,1,,
288,2,6,105,2442,1,,
453,588,1,-22,2452,1,,
60,1798,2,72,2460,1,,
473,958,5,88,2463,1,,
220,1940,3,66,2470,1,,
291,2323,2,-98,2479,1,,
407,56,5,93,2490,1,,
443,380,6,36,2490,1,,
443,380,12,26,2490,1,,
443,-1,-1,-999,2490,2,v14_piggyback,4.0,2490,0
448,497,4,86,2503,1,,
237,95,4,109,2507,1,,
237,95,6,5,2507,1,,
237,2033,2,5,2507,1,,
193,1785,2,107,2507,1,,
128,115,1,66,2511,1,,
159,1597,1,66,2527,1,,
152,1560,4,103,2530,1,,
152,43,8,80,2530,1,,
445,432,8,65,2540,1,,
419,289,9,107,2541,1,,
449,513,12,109,2547,1,,
135,147,9,10,2553,1,,
129,141,10,107,2555,1,,
211,1884,1,41,2556,1,,
332,706,8,109,2561,1,,
225,25,7,10,2577,1,,
463,789,12,105,2589,1,,
465,830,4,-7,2589,1,,
465,821,2,96,2589,1,,
290,291,6,10,2596,1,,
401,861,5,80,2599,1,,
431,858,7,10,2607,1,,
446,433,6,10,2616,1,,
430,852,6,98,2633,1,,
410,74,4,80,2643,1,,
412,133,10,92,2647,1,,
412,-1,-1,-999,2647,2,v14_piggyback,2.0,2647,0
469,889,4,5,2653,1,,
420,289,8,101,2658,1,,
370,507,3,80,2661,1,,
411,101,10,-48,2661,1,,
485,1163,8,123,2669,1,,
215,23,10,92,2692,1,,
215,181,10,-67,2692,1,,
466,847,7,101,2692,1,,
0,9,8,97,2700,1,,
179,160,9,123,2706,1,,
424,511,4,94,2712,1,,
264,90,10,97,2717,1,,
76,24,5,123,2720,1,,
130,1,3,94,2726,1,,
422,402,10,102,2733,1,,
77,129,12,84,2742,1,,
188,1760,3,94,2748,1,,
205,144,8,92,2754,1,,
205,207,9,53,2754,1,,
409,79,7,102,2760,1,,
409,70,12,97,2760,1,,
388,188,8,55,2776,1,,
456,657,11,53,2777,1,,
109,1,6,122,2796,1,,
109,110,4,122,2796,1,,
390,208,6,97,2798,1,,
442,353,6,-48,2810,1,,
442,362,4,-48,2810,1,,
442,363,9,31,2810,1,,
442,-1,-1,-999,2810,2,v14_piggyback,5.0,2810,0
425,550,10,122,2811,1,,
449,516,7,102,2815,1,,
337,6,5,97,2824,1,,
414,154,10,-67,2825,1,,
414,158,1,31,2825,1,,
353,2652,4,102,2839,1,,
445,423,8,10,2842,1,,
445,432,4,-67,2842,1,,
474,986,10,92,2858,1,,
463,797,12,97,2863,1,,
386,132,7,95,2874,1,,
135,130,10,53,2875,1,,
102,1272,4,53,2891,1,,
102,270,6,31,2891,1,,
411,105,8,97,2892,1,,
128,1424,9,30,2899,1,,
128,141,8,134,2899,1,,
410,97,7,131,2903,1,,
385,72,9,53,2906,1,,
168,10,7,122,2920,1,,
168,139,9,90,2920,1,,
475,1008,10,-67,2922,1,,
468,880,9,92,2937,1,,
115,141,4,89,2942,1,,
115,1352,12,89,2942,1,,
75,4,9,122,2959,1,,
75,62,4,90,2959,1,,
389,242,6,112,2973,1,,
247,157,11,90,2975,1,,
133,1454,4,102,2980,1,,
454,608,6,95,2990,1,,
289,229,9,134,2990,1,,
447,466,8,122,3004,1,,
182,191,12,135,3023,1,,
480,1086,3,102,3028,1,,
446,453,8,31,3031,1,,
444,397,4,112,3035,1,,
452,574,6,134,3040,1,,
452,561,5,100,3040,1,,
443,374,4,103,3042,1,,
450,539,8,31,3045,1,,
472,948,3,97,3048,1,,
407,40,6,-48,3056,1,,
220,1935,2,122,3057,1,,
220,23,8,135,3057,1,,
477,1049,8,53,3070,1,,
412,102,8,122,3071,1,,
413,134,6,111,3082,1,,
449,506,3,95,3086,1,,
211,1886,3,-22,3092,1,,
431,901,6,-9,3093,1,,
433,967,6,53,3105,1,,
481,1102,2,95,3107,1,,
78,2669,2,-48,3131,1,,
78,9,3,53,3131,1,,
399,2856,4,10,3151,1,,
282,38,11,129,3153,1,,
14,2990,3,90,3173,1,,
14,28,12,129,3173,1,,
439,257,4,-9,3175,1,,
386,168,5,134,3181,1,,
117,1366,4,-67,3184,1,,
384,17,3,81,3188,1,,
411,96,4,-67,3202,1,,
411,2910,2,31,3202,1,,
411,-1,-1,-999,3202,2,v14_piggyback,7.0,3202,0
454,607,12,46,3204,1,,
283,20,8,139,3205,1,,
283,77,10,139,3205,1,,
336,2561,2,81,3209,1,,
306,361,4,138,3216,1,,
410,97,8,90,3218,1,,
387,73,9,133,3237,1,,
338,85,5,122,3242,1,,
338,100,12,139,3242,1,,
447,468,4,53,3246,1,,
385,32,11,138,3252,1,,
242,64,5,100,3252,1,,
383,2791,2,133,3257,1,,
400,731,2,-43,3260,1,,
299,57,9,139,3268,1,,
307,366,10,79,3271,1,,
40,29,4,124,3277,1,,
363,254,4,134,3294,1,,
388,127,6,143,3301,1,,
132,1448,2,-9,3306,1,,
179,1714,2,31,3312,1,,
444,390,7,141,3319,1,,
444,401,3,81,3319,1,,
298,26,5,120,3323,1,,
436,1157,4,122,3325,1,,
479,1076,2,120,3336,1,,
193,228,9,106,3350,1,,
390,2820,2,108,3351,1,,
409,92,7,146,3356,1,,
162,1616,1,108,3360,1,,
288,470,6,106,3361,1,,
443,382,6,139,3365,1,,
404,1026,1,108,3375,1,,
300,26,7,146,3376,1,,
439,273,8,120,3394,1,,
439,258,4,108,3394,1,,
180,104,5,156,3403,1,,
401,773,7,162,3407,1,,
337,6,4,106,3417,1,,
484,1153,3,122,3420,1,,
50,1405,4,106,3424,1,,
413,134,2,90,3425,1,,
297,2351,2,90,3429,1,,
208,1869,1,135,3436,1,,
382,18,12,165,3441,1,,
421,308,8,-26,3444,1,,
384,32,10,106,3456,1,,
419,252,2,18,3462,1,,
415,161,6,-57,3483,1,,
283,128,11,165,3484,1,,
420,293,10,165,3500,1,,
301,57,8,148,3503,1,,
299,54,7,168,3508,1,,
200,260,12,160,3520,1,,
173,153,8,-57,3522,1,,
330,2530,4,148,3527,1,,
72,2211,3,106,3528,1,,
72,5,8,154,3528,1,,
363,254,4,160,3534,1,,
389,199,6,-57,3534,1,,
0,41,4,-57,3543,1,,
128,89,3,160,3547,1,,
394,528,10,-66,3550,1,,
312,545,6,-57,3554,1,,
450,523,9,110,3563,1,,
338,6,8,110,3574,1,,
256,587,6,14,3575,1,,
455,629,6,168,3587,1,,
364,200,6,157,3593,1,,
364,201,7,157,3593,1,,
479,1071,7,-74,3600,1,,
349,680,8,126,3616,1,,
454,607,8,106,3626,1,,
454,-1,-1,-999,3626,2,v14_piggyback,6.0,3626,0
408,68,6,14,3630,1,,
348,694,12,151,3633,1,,
42,82,5,-66,3646,1,,
42,82,10,121,3646,1,,
93,1217,8,157,3651,1,,
459,714,8,167,3657,1,,
439,265,8,-26,3661,1,,
439,253,6,-57,3661,1,,
439,3032,2,117,3661,1,,
303,152,10,151,3665,1,,
395,478,9,121,3670,1,,
484,1150,8,18,3679,1,,
449,508,7,165,3681,1,,
110,1322,8,121,3693,1,,
274,434,6,157,3699,1,,
1,19,5,159,3707,1,,
215,83,7,154,3712,1,,
419,283,10,169,3714,1,,
411,106,4,14,3717,1,,
188,67,3,148,3722,1,,
188,1763,2,126,3722,1,,
283,2,6,-66,3722,1,,
390,210,4,157,3737,1,,
142,1504,3,159,3737,1,,
291,439,6,-66,3742,1,,
257,259,4,69,3746,1,,
401,897,3,-26,3754,1,,
284,38,12,152,3758,1,,
54,1519,3,157,3781,1,,
443,371,6,-66,3796,1,,
299,2366,3,14,3803,1,,
299,54,2,69,3803,1,,
321,2483,2,168,3818,1,,
412,133,2,157,3821,1,,
141,1502,2,117,3825,1,,
320,0,11,152,3831,1,,
342,310,2,157,3833,1,,
199,144,2,157,3841,1,,
485,1169,2,151,3846,1,,
450,518,8,69,3847,1,,
254,2123,2,160,3853,1,,
214,301,9,152,3854,1,,
448,484,6,121,3863,1,,
455,631,10,14,3863,1,,
413,148,5,165,3871,1,,
0,3,10,190,3880,1,,
420,303,4,167,3882,1,,
194,1791,4,154,3889,1,,
338,85,9,185,3902,1,,
2,3,6,185,3915,1,,
153,117,8,136,3927,1,,
3,28,4,189,3939,1,,
337,2568,4,-75,3940,1,,
424,532,3,165,3949,1,,
322,91,12,184,3955,1,,
249,2097,3,165,3955,1,,
340,304,5,116,3963,1,,
300,124,4,190,3963,1,,
379,1062,4,-75,3967,1,,
229,276,10,184,3977,1,,
326,451,7,136,3978,1,,
469,889,3,165,3990,1,,
339,85,5,176,3994,1,,
339,100,8,184,3994,1,,
298,26,8,179,4003,1,,
187,1753,7,176,4007,1,,
4,22,7,136,4016,1,,
40,29,2,184,4020,1,,
139,1490,6,83,4037,1,,
387,2808,2,106,4045,1,,
336,2562,2,152,4050,1,,
483,1135,8,179,4051,1,,
306,2401,2,-66,4060,1,,
196,1808,2,152,4066,1,,
1,37,9,145,4066,1,,
168,139,8,173,4077,1,,
168,1652,8,173,4077,1,,
230,205,7,191,4088,1,,
441,325,7,118,4093,1,,
299,15,9,145,4094,1,,
299,124,10,125,4094,1,,
445,429,1,135,4101,1,,
445,432,8,191,4101,1,,
445,-1,-1,-999,4101,2,v14_piggyback,5.0,4101,0
386,120,6,187,4102,1,,
215,301,10,125,4110,1,,
449,515,7,192,4121,1,,
427,627,3,187,4137,1,,
128,115,8,145,4139,1,,
414,135,6,200,4140,1,,
157,65,4,192,4150,1,,
442,356,9,145,4152,1,,
192,104,6,200,4159,1,,
450,517,10,121,4160,1,,
450,525,8,152,4160,1,,
320,91,8,125,4163,1,,
153,1566,3,-75,4166,1,,
454,607,2,106,4171,1,,
416,189,6,145,4173,1,,
413,134,10,208,4174,1,,
421,329,5,118,4179,1,,
455,634,5,181,4184,1,,
179,75,3,208,4191,1,,
179,1716,5,142,4191,1,,
341,100,8,208,4208,1,,
392,455,10,15,4228,1,,
129,1428,2,195,4229,1,,
129,110,6,194,4229,1,,
129,177,5,194,4229,1,,
461,748,5,145,4249,1,,
391,316,10,153,4256,1,,
50,4,6,194,4267,1,,
469,890,7,118,4268,1,,
483,1130,10,83,4284,1,,
477,1043,7,153,4284,1,,
477,1039,8,153,4284,1,,
420,283,4,194,4291,1,,
395,600,8,153,4296,1,,
133,1451,8,149,4297,1,,
415,161,6,194,4301,1,,
240,2050,2,149,4302,1,,
345,544,8,208,4308,1,,
462,767,2,149,4308,1,,
435,1114,4,179,4309,1,,
453,593,8,142,4320,1,,
441,342,7,137,4324,1,,
370,507,4,149,4341,1,,
422,341,6,142,4345,1,,
438,237,4,145,4349,1,,
238,123,5,15,4355,1,,
238,2041,2,171,4355,1,,
451,541,4,179,4378,1,,
406,1117,8,144,4381,1,,
229,420,4,145,4385,1,,
476,1014,7,196,4391,1,,
321,71,4,171,4396,1,,
398,685,7,144,4402,1,,
158,75,4,217,4404,1,,
230,118,6,144,4411,1,,
442,362,2,180,4414,1,,
442,348,6,195,4414,1,,
130,1,4,144,4418,1,,
444,396,2,125,4419,1,,
449,503,11,142,4424,1,,
449,512,4,171,4424,1,,
176,1697,3,145,4424,1,,
414,154,3,178,4431,1,,
454,606,6,208,4433,1,,
362,119,3,145,4436,1,,
445,427,2,145,4445,1,,
183,1735,3,208,4447,1,,
0,51,2,171,4461,1,,
203,1840,2,83,4467,1,,
469,904,9,149,4478,1,,
279,2265,2,171,4481,1,,
279,-1,-1,-999,4481,2,v14_piggyback,2.0,4481,0
465,3144,1,135,4506,1,,
323,91,11,225,4517,1,,
168,1650,1,145,4518,1,,
404,978,2,206,4522,1,,
360,60,1,153,4528,1,,
231,276,10,225,4536,1,,
361,1138,7,213,4540,1,,
194,1792,2,144,4540,1,,
264,2183,2,225,4545,1,,
438,216,10,87,4557,1,,
358,49,7,114,4564,1,,
441,323,10,149,4569,1,,
441,315,8,196,4569,1,,
59,7,6,220,4574,1,,
59,3,6,220,4574,1,,
85,8,1,194,4577,1,,
409,68,6,225,4578,1,,
415,154,5,178,4586,1,,
187,1754,3,140,4590,1,,
41,5,11,205,4593,1,,
476,1015,5,147,4594,1,,
199,165,4,216,4600,1,,
442,348,2,144,4627,1,,
453,598,5,119,4639,1,,
425,550,8,209,4651,1,,
50,4,7,235,4657,1,,
454,624,5,178,4658,1,,
454,624,7,188,4658,1,,
359,12,9,119,4663,1,,
444,3053,2,208,4671,1,,
389,247,5,209,4679,1,,
363,220,7,209,4690,1,,
130,1435,3,225,4691,1,,
165,126,11,224,4703,1,,
165,1633,2,224,4703,1,,
282,36,10,221,4706,1,,
164,1625,2,229,4708,1,,
445,417,3,215,4713,1,,
413,148,4,209,4722,1,,
410,74,1,224,4723,1,,
410,87,2,224,4723,1,,
362,60,6,224,4733,1,,
417,215,7,244,4744,1,,
158,75,6,244,4753,1,,
40,29,4,209,4755,1,,
40,3,8,243,4755,1,,
261,327,10,239,4760,1,,
0,9,6,239,4770,1,,
283,38,9,236,4770,1,,
416,182,11,241,4780,1,,
416,167,10,244,4780,1,,
177,10,8,218,4786,1,,
177,1703,4,218,4786,1,,
408,40,4,64,4790,1,,
360,12,1,119,4797,1,,
360,11,10,221,4797,1,,
431,858,10,201,4800,1,,
443,374,4,64,4804,1,,
148,1538,3,201,4813,1,,
148,117,6,218,4813,1,,
418,232,8,64,4816,1,,
395,556,4,64,4823,1,,
456,654,9,186,4838,1,,
1,3,8,218,4839,1,,
1,41,12,230,4839,1,,
419,241,3,242,4844,1,,
364,201,8,221,4845,1,,
437,164,4,242,4851,1,,
421,350,7,221,4858,1,,
476,1016,8,233,4870,1,,
306,408,10,243,4874,1,,
365,119,8,249,4888,1,,
453,597,10,209,4904,1,,
465,826,7,140,4917,1,,
458,681,10,230,4918,1,,
430,852,6,218,4927,1,,
444,394,8,243,4931,1,,
320,61,6,236,4943,1,,
139,50,9,230,4947,1,,
139,43,6,250,4947,1,,
343,538,6,249,4954,1,,
385,34,9,28,4957,1,,
415,178,8,230,4958,1,,
216,23,6,249,4966,1,,
407,40,7,28,4967,1,,
409,74,4,239,4974,1,,
409,86,7,218,4974,1,,
460,722,8,104,4981,1,,
199,149,8,201,4988,1,,
326,451,4,28,4999,1,,
388,146,4,218,5002,1,,
388,198,4,230,5002,1,,
278,2256,4,221,5012,1,,
362,156,6,28,5025,1,,
445,425,10,229,5026,1,,
445,421,6,224,5026,1,,
413,2919,3,28,5031,1,,
413,-1,-1,-999,5031,2,v14_piggyback,1.0,5031,0
321,0,4,218,5035,1,,
117,1363,4,28,5038,1,,
452,567,4,218,5044,1,,
177,1699,9,231,5059,1,,
464,813,7,259,5061,1,,
128,39,4,261,5068,1,,
344,424,9,193,5068,1,,
8,1259,2,28,5073,1,,
345,534,8,132,5082,1,,
256,279,2,243,5089,1,,
437,186,1,243,5095,1,,
456,654,9,28,5100,1,,
456,-1,-1,-999,5100,2,v14_piggyback,3.0,5100,0
389,210,4,218,5103,1,,
414,134,4,230,5117,1,,
376,982,4,132,5118,1,,
356,2672,2,132,5125,1,,
338,100,5,227,5136,1,,
476,1019,6,119,5150,1,,
1,2520,2,264,5155,1,,
1,9,5,264,5155,1,,
358,49,3,230,5155,1,,
416,182,7,251,5170,1,,
353,744,10,227,5170,1,,
304,2393,4,75,5177,1,,
320,0,6,130,5184,1,,
418,235,3,104,5194,1,,
451,553,7,268,5194,1,,
386,94,6,130,5204,1,,
412,114,7,259,5205,1,,
346,538,6,276,5212,1,,
390,188,8,265,5215,1,,
419,235,8,270,5229,1,,
387,94,10,246,5230,1,,
441,323,8,267,5234,1,,
441,-1,-1,-999,5234,2,v14_piggyback,5.0,5234,0
417,195,6,268,5239,1,,
374,778,4,75,5241,1,,
229,1993,4,246,5245,1,,
384,31,8,266,5257,1,,
298,54,12,267,5265,1,,
420,285,10,266,5271,1,,
464,815,9,170,5284,1,,
464,-1,-1,-999,5284,2,v14_piggyback,2.0,5284,0
299,1042,4,170,5291,1,,
361,69,5,280,5303,1,,
205,1851,4,246,5304,1,,
445,421,2,200,5317,1,,
446,454,4,265,5318,1,,
106,1300,1,227,5320,1,,
118,1369,3,130,5326,1,,
286,2297,4,219,5329,1,,
286,36,8,219,5329,1,,
94,13,10,285,5350,1,,
356,2671,4,170,5352,1,,
437,164,6,115,5354,1,,
437,186,10,186,5354,1,,
437,174,3,253,5354,1,,
437,-1,-1,-999,5354,2,v14_piggyback,6.0,5354,0
305,2394,2,218,5355,1,,
171,1668,4,219,5361,1,,
439,257,3,218,5376,1,,
439,-1,-1,-999,5376,2,v14_piggyback,1.0,5376,0
453,585,2,231,5384,1,,
383,31,8,219,5388,1,,
383,17,11,219,5388,1,,
407,35,8,285,5395,1,,
288,2,7,278,5401,1,,
86,8,12,284,5414,1,,
280,470,12,214,5420,1,,
249,2095,1,218,5424,1,,
442,355,8,228,5426,1,,
264,33,10,214,5436,1,,
87,8,11,228,5442,1,,
413,2917,1,230,5446,1,,
321,71,8,228,5454,1,,
238,157,5,256,5461,1,,
43,82,10,214,5466,1,,
457,664,8,214,5486,1,,
457,-1,-1,-999,5486,2,v14_piggyback,1.0,5486,0
95,8,10,238,5488,1,,
440,290,6,238,5497,1,,
198,81,6,214,5497,1,,
419,285,2,266,5504,1,,
88,129,4,177,5518,1,,
88,8,10,177,5518,1,,
214,286,10,238,5532,1,,
239,157,11,271,5543,1,,
306,393,8,238,5545,1,,
361,2697,2,246,5548,1,,
256,306,6,207,5556,1,,
445,432,7,280,5569,1,,
276,461,10,263,5571,1,,
412,114,10,255,5571,1,,
120,1380,7,255,5582,1,,
308,458,7,255,5592,1,,
39,3,5,263,5596,1,,
39,44,12,263,5596,1,,
469,903,10,263,5612,1,,
463,785,8,204,5626,1,,
254,2126,4,281,5626,1,,
441,315,6,207,5635,1,,
441,328,3,113,5635,1,,
411,102,6,281,5636,1,,
477,1044,8,260,5639,1,,
204,1845,2,281,5640,1,,
208,207,6,288,5648,1,,
353,737,8,260,5653,1,,
182,67,4,260,5663,1,,
410,97,1,166,5668,1,,
199,149,8,247,5681,1,,
443,370,6,177,5683,1,,
313,712,10,247,5695,1,,
264,2181,4,260,5703,1,,
450,539,4,263,5712,1,,
442,362,7,238,5714,1,,
442,360,10,207,5714,1,,
442,-1,-1,-999,5714,2,v14_piggyback,1.0,5714,0
451,554,6,113,5725,1,,
280,2268,4,254,5735,1,,
464,819,10,275,5742,1,,
409,2901,3,258,5744,1,,
409,76,6,282,5744,1,,
409,84,4,282,5744,1,,
461,750,6,177,5753,1,,
307,376,6,258,5754,1,,
354,744,6,296,5754,1,,
456,642,9,282,5772,1,,
391,316,4,296,5777,1,,
440,305,8,177,5785,1,,
440,292,8,207,5785,1,,
440,288,7,113,5785,1,,
440,-1,-1,-999,5785,2,v14_piggyback,7.0,5785,0
86,8,6,288,5796,1,,
449,501,5,238,5807,1,,
244,2071,4,263,5809,1,,
481,1108,10,203,5811,1,,
388,198,4,177,5816,1,,
62,1868,3,296,5817,1,,
314,652,8,282,5822,1,,
478,1054,8,282,5834,1,,
336,2564,4,177,5834,1,,
128,1426,2,282,5848,1,,
128,1,4,282,5848,1,,
457,662,11,204,5854,1,,
371,650,10,2,5863,1,,
265,103,2,293,5867,1,,
143,1509,2,263,5882,1,,
144,1516,2,260,5891,1,,
411,97,9,166,5898,1,,
411,93,11,203,5898,1,,
411,98,8,2,5898,1,,
411,-1,-1,-999,5898,2,v14_piggyback,7.0,5898,0
267,2197,3,207,5898,1,,
243,2068,4,207,5915,1,,
441,332,9,203,5923,1,,
276,2244,2,-99,5929,1,,
404,1026,3,228,5932,1,,
120,1384,1,-27,5937,1,,
120,1,9,163,5937,1,,
286,2300,2,150,5941,1,,
162,14,1,254,5946,1,,
386,94,4,2,5951,1,,
386,146,6,163,5951,1,,
419,267,2,288,5958,1,,
465,832,9,2,5972,1,,
155,1575,2,113,5975,1,,
50,88,10,277,5992,1,,
83,2922,2,288,5999,1,,
461,745,12,282,6001,1,,
468,878,6,282,6010,1,,
449,500,6,297,6010,1,,
179,294,6,282,6019,1,,
289,2,8,310,6026,1,,
453,599,8,163,6031,1,,
51,4,10,248,6042,1,,
283,2,6,203,6044,1,,
442,364,6,310,6054,1,,
134,107,7,248,6074,1,,
342,310,2,248,6081,1,,
229,118,6,163,6089,1,,
456,656,8,248,6095,1,,
478,1056,10,2,6105,1,,
282,677,8,248,6109,1,,
407,56,8,313,6115,1,,
415,178,9,306,6124,1,,
264,90,5,313,6126,1,,
140,50,6,313,6137,1,,
41,5,8,306,6145,1,,
76,47,7,313,6156,1,,
481,1103,9,163,6158,1,,
151,16,8,232,6166,1,,
417,203,4,258,6167,1,,
118,1367,10,313,6172,1,,
371,723,5,163,6178,1,,
462,779,10,300,6183,1,,
462,-1,-1,-999,6183,2,v14_piggyback,2.0,6183,0
408,48,9,211,6187,1,,
242,163,8,211,6201,1,,
43,82,6,211,6215,1,,
43,29,2,211,6215,1,,
482,1125,3,163,6221,1,,
299,54,8,211,6229,1,,
6,1259,3,258,6230,1,,
441,342,7,263,6238,1,,
437,3022,3,130,6242,1,,
236,2032,2,313,6246,1,,
236,95,8,331,6246,1,,
368,447,8,324,6256,1,,
440,305,3,177,6261,1,,
440,282,6,240,6261,1,,
1,9,6,300,6265,1,,
439,273,3,163,6265,1,,
8,1259,2,309,6277,1,,
180,224,5,300,6294,1,,
230,118,6,232,6306,1,,
9,1972,4,279,6314,1,,
416,178,4,312,6315,1,,
465,822,2,295,6326,1,,
468,874,6,232,6326,1,,
231,123,11,338,6344,1,,
360,60,3,300,6355,1,,
44,82,8,331,6367,1,,
442,363,6,301,6380,1,,
306,376,8,316,6381,1,,
256,2133,2,279,6381,1,,
257,488,6,211,6392,1,,
415,154,6,232,6396,1,,
415,173,3,330,6396,1,,
415,-1,-1,-999,6396,2,v14_piggyback,5.0,6396,0
125,1411,6,240,6404,1,,
456,642,7,300,6408,1,,
456,-1,-1,-999,6409,2,v14_piggyback,7.0,6408,1
229,123,8,240,6418,1,,
76,24,4,316,6427,1,,
358,12,10,308,6429,1,,
258,221,10,321,6439,1,,
135,130,7,211,6440,1,,
274,378,4,321,6445,1,,
472,940,6,211,6452,1,,
151,1553,6,321,6455,1,,
221,1945,2,321,6459,1,,
242,64,3,311,6471,1,,
359,49,4,321,6475,1,,
384,42,4,331,6480,1,,
384,-1,-1,-999,6481,2,v14_piggyback,2.0,6480,1
374,778,6,339,6485,1,,
0,37,10,245,6499,1,,
128,177,10,335,6514,1,,
407,35,8,308,6523,1,,
163,1621,10,245,6526,1,,
163,151,8,175,6526,1,,
417,189,6,308,6535,1,,
387,176,5,339,6547,1,,
387,132,11,175,6547,1,,
412,122,7,308,6548,1,,
392,455,10,323,6565,1,,
393,472,5,175,6567,1,,
393,415,10,174,6567,1,,
361,11,8,323,6578,1,,
328,649,6,182,6590,1,,
158,147,4,175,6596,1,,
158,151,5,174,6596,1,,
158,65,10,327,6596,1,,
439,257,8,211,6600,1,,
40,44,6,323,6601,1,,
441,342,4,307,6609,1,,
441,-1,-1,-999,6609,2,v14_piggyback,2.0,6609,0
427,696,8,326,6615,1,,
343,538,3,335,6617,1,,
383,17,9,292,6632,1,,
383,-1,-1,-999,6632,2,v14_piggyback,2.0,6632,0
411,101,4,323,6633,1,,
411,97,7,314,6633,1,,
411,-1,-1,-999,6633,2,v14_piggyback,5.0,6633,0
344,406,9,315,6647,1,,
206,1857,2,311,6654,1,,
332,894,10,314,6657,1,,
468,879,1,128,6676,1,,
468,883,10,175,6676,1,,
100,1258,10,327,6690,1,,
430,833,7,315,6698,1,,
116,1358,7,287,6703,1,,
108,1313,5,245,6709,1,,
108,1,9,175,6709,1,,
477,1040,8,292,6712,1,,
319,0,10,174,6723,1,,
345,334,10,252,6728,1,,
472,943,10,327,6738,1,,
382,17,3,292,6744,1,,
418,222,3,182,6749,1,,
418,232,4,326,6749,1,,
431,901,9,245,6756,1,,
238,2038,4,245,6769,1,,
238,131,5,175,6769,1,,
0,19,6,314,6778,1,,
125,1407,1,269,6782,1,,
125,39,8,252,6782,1,,
1,51,9,175,6782,1,,
94,13,8,344,6794,1,,
386,94,6,314,6820,1,,
135,1461,7,339,6827,1,,
478,1066,6,232,6831,1,,
257,296,8,175,6838,1,,
320,61,5,323,6842,1,,
416,175,6,252,6850,1,,
421,341,6,287,6853,1,,
97,1242,1,326,6863,1,,
97,8,4,287,6863,1,,
2,3,8,354,6869,1,,
409,70,4,323,6873,1,,
407,56,4,287,6882,1,,
439,262,10,333,6886,1,,
51,4,8,346,6893,1,,
362,156,7,175,6896,1,,
375,834,4,308,6908,1,,
50,1463,6,343,6911,1,,
50,88,6,343,6911,1,,
226,1976,3,323,6921,1,,
3,19,6,346,6923,1,,
194,228,8,346,6937,1,,
465,832,7,339,6942,1,,
457,661,3,310,6950,1,,
408,56,7,174,6953,1,,
339,85,12,343,6955,1,,
59,7,6,174,6962,1,,
474,986,6,252,6967,1,,
412,101,2,211,6974,1,,
387,168,6,174,6984,1,,
447,469,5,252,7000,1,,
242,59,3,308,7011,1,,
454,611,4,257,7020,1,,
284,2288,3,182,7024,1,,
441,324,9,333,7024,1,,
441,3038,4,344,7024,1,,
487,1190,6,245,7036,1,,
422,369,5,290,7036,1,,
450,539,2,308,7043,1,,
348,589,5,174,7044,1,,
389,242,6,175,7053,1,,
224,1964,3,290,7055,1,,
481,1099,2,326,7062,1,,
353,814,6,327,7063,1,,
60,1755,2,326,7069,1,,
108,1314,6,341,7076,1,,
411,112,4,339,7085,1,,
0,19,10,368,7093,1,,
52,9,4,352,7100,1,,
52,4,8,352,7100,1,,
384,32,2,352,7105,1,,
94,1224,5,336,7106,1,,
46,1354,4,245,7115,1,,
383,32,10,360,7128,1,,
308,2413,2,341,7134,1,,
289,2,8,360,7141,1,,
446,437,4,175,7145,1,,
437,186,4,245,7152,1,,
458,684,8,183,7157,1,,
210,231,4,174,7165,1,,
485,1166,11,286,7183,1,,
474,987,7,341,7195,1,,
374,778,4,245,7206,1,,
444,394,6,286,7207,1,,
470,918,4,245,7213,1,,
440,299,6,360,7217,1,,
128,1,4,286,7224,1,,
165,1634,3,175,7228,1,,
409,87,7,360,7229,1,,
456,657,3,175,7234,1,,
267,2195,4,360,7238,1,,
48,44,2,353,7251,1,,
48,1368,7,353,7251,1,,
447,482,5,198,7256,1,,
447,475,8,257,7256,1,,
447,463,6,183,7256,1,,
410,86,8,351,7263,1,,
290,404,8,351,7275,1,,
454,616,6,286,7283,1,,
385,42,6,353,7284,1,,
200,1828,4,363,7286,1,,
461,755,10,364,7303,1,,
163,126,6,364,7312,1,,
1,37,7,377,7319,1,,
1,3,5,377,7319,1,,
441,319,11,315,7321,1,,
441,-1,-1,-999,7321,2,v14_piggyback,1.0,7321,0
450,521,10,360,7326,1,,
199,260,9,377,7332,1,,
68,2026,2,374,7338,1,,
68,9,2,374,7338,1,,
114,1346,7,364,7342,1,,
94,1224,6,197,7348,1,,
162,1618,6,374,7357,1,,
326,459,6,377,7366,1,,
376,2759,2,320,7370,1,,
401,803,10,305,7380,1,,
322,0,3,364,7387,1,,
413,145,2,175,7395,1,,
413,114,8,305,7395,1,,
458,691,4,294,7400,1,,
458,687,3,286,7400,1,,
443,373,1,320,7405,1,,
446,436,9,363,7416,1,,
446,438,7,374,7416,1,,
440,295,10,345,7422,1,,
440,292,6,364,7422,1,,
440,312,11,364,7422,1,,
444,405,8,272,7426,1,,
444,388,4,320,7426,1,,
375,2756,3,234,7428,1,,
60,7,10,305,7430,1,,
481,1100,5,348,7436,1,,
445,427,9,373,7450,1,,
377,932,4,322,7467,1,,
377,982,7,373,7467,1,,
425,536,6,329,7479,1,,
289,2312,2,353,7480,1,,
164,14,4,305,7487,1,,
409,92,6,366,7489,1,,
415,173,8,373,7493,1,,
388,2810,2,329,7504,1,,
388,168,4,373,7504,1,,
410,92,4,366,7507,1,,
395,603,7,322,7517,1,,
210,1882,2,370,7518,1,,
210,149,4,381,7518,1,,
456,642,6,366,7521,1,,
196,1803,2,360,7525,1,,
450,524,8,364,7541,1,,
297,2352,2,175,7542,1,,
447,481,6,373,7553,1,,
352,580,6,384,7558,1,,
396,556,3,304,7561,1,,
414,143,8,384,7569,1,,
252,318,6,319,7585,1,,
411,96,1,389,7593,1,,
448,487,5,329,7599,1,,
348,676,12,319,7602,1,,
436,3017,2,305,7607,1,,
443,365,6,329,7610,1,,
264,923,2,347,7614,1,,
412,99,2,373,7617,1,,
407,40,2,322,7624,1,,
407,-1,-1,-999,7624,2,v14_piggyback,2.0,7624,0
404,1026,6,319,7637,1,,
322,2487,2,349,7640,1,,
288,38,8,386,7655,1,,
158,1589,4,342,7662,1,,
416,182,2,359,7668,1,,
440,305,4,374,7669,1,,
321,0,8,342,7674,1,,
192,166,2,373,7674,1,,
285,211,6,356,7687,1,,
397,619,8,379,7702,1,,
159,151,5,356,7714,1,,
413,134,12,399,7729,1,,
413,143,9,379,7729,1,,
139,170,12,350,7731,1,,
312,2437,1,356,7734,1,,
485,1162,1,356,7738,1,,
386,120,6,273,7743,1,,
458,686,8,395,7744,1,,
415,182,2,359,7750,1,,
265,162,6,395,7758,1,,
284,2,10,350,7759,1,,
266,33,12,393,7775,1,,
241,193,8,350,7783,1,,
437,186,5,273,7784,1,,
410,70,7,392,7785,1,,
396,2844,2,16,7791,1,,
19,1361,4,379,7792,1,,
408,48,3,273,7799,1,,
194,1792,4,392,7807,1,,
387,146,10,357,7833,1,,
0,30,7,392,7837,1,,
446,437,6,357,7849,1,,
181,104,12,340,7863,1,,
215,214,12,372,7868,1,,
112,1334,4,357,7873,1,,
1,19,10,385,7885,1,,
303,2384,4,350,7890,1,,
303,26,7,365,7890,1,,
323,0,10,365,7904,1,,
323,-1,-1,-999,7904,2,v14_piggyback,14.0,7904,0
448,494,4,332,7904,1,,
448,486,8,303,7904,1,,
448,495,10,273,7904,1,,
423,422,4,78,7913,1,,
283,2,8,372,7925,1,,
283,38,8,372,7925,1,,
283,-1,-1,-999,7925,2,v14_piggyback,8.0,7925,0
451,552,8,78,7927,1,,
321,0,8,385,7933,1,,
299,78,8,400,7937,1,,
105,1289,9,340,7946,1,,
392,449,4,78,7947,1,,
148,130,7,391,7960,1,,
148,1537,8,334,7960,1,,
481,1101,11,340,7962,1,,
414,138,8,350,7974,1,,
464,812,8,372,7987,1,,
407,40,9,340,7988,1,,
424,422,10,291,7991,1,,
370,507,8,365,8001,1,,
409,68,8,385,8004,1,,
258,2147,4,410,8013,1,,
162,10,8,398,8016,1,,
282,36,9,334,8024,1,,
282,378,6,334,8024,1,,
2,9,7,411,8031,1,,
163,14,8,355,8043,1,,
267,33,6,365,8044,1,,
267,33,7,334,8044,1,,
454,602,5,340,8051,1,,
458,692,5,340,8061,1,,
408,66,4,407,8063,1,,
317,2460,2,401,8070,1,,
304,54,8,334,8071,1,,
393,367,5,401,8084,1,,
418,235,5,365,8097,1,,
446,433,11,410,8104,1,,
446,-1,-1,-999,8104,2,v14_piggyback,2.0,8104,0
95,1226,5,385,8123,1,,
383,17,10,375,8131,1,,
415,150,4,347,8141,1,,
410,79,6,389,8152,1,,
394,456,6,413,8155,1,,
394,326,10,375,8155,1,,
164,126,5,334,8164,1,,
423,479,10,355,8165,1,,
462,776,4,355,8171,1,,
285,2,12,408,8174,1,,
300,57,5,414,8174,1,,
99,13,6,413,8188,1,,
99,1255,2,408,8188,1,,
384,52,6,358,8190,1,,
384,21,4,358,8190,1,,
326,2507,2,340,8201,1,,
448,487,8,78,8201,1,,
451,542,4,340,8209,1,,
439,261,4,372,8211,1,,
439,273,10,358,8211,1,,
439,-1,-1,-999,8211,2,v14_piggyback,4.0,8211,0
421,358,7,375,8217,1,,
144,1514,2,385,8218,1,,
447,475,3,358,8226,1,,
447,468,6,358,8226,1,,
229,276,7,375,8232,1,,
478,1070,2,392,8239,1,,
417,2934,2,334,8240,1,,
417,215,6,358,8240,1,,
327,645,5,394,8255,1,,
42,5,5,413,8263,1,,
464,799,10,358,8273,1,,
211,1884,1,340,8274,1,,
412,114,1,395,8281,1,,
412,-1,-1,-999,8282,2,v14_piggyback,1.0,8281,1
299,57,8,358,8288,1,,
203,1840,4,372,8308,1,,
203,149,4,358,8308,1,,
308,333,2,375,8308,1,,
308,2414,2,417,8308,1,,
385,42,6,405,8320,1,,
411,96,6,375,8320,1,,
458,695,7,419,8324,1,,
290,291,4,375,8329,1,,
392,367,4,417,8338,1,,
130,1,11,424,8339,1,,
454,615,4,375,8353,1,,
337,697,12,325,8363,1,,
337,6,4,325,8363,1,,
298,15,8,423,8366,1,,
468,882,5,350,8377,1,,
220,240,4,387,8381,1,,
199,144,10,424,8382,1,,
356,2673,4,375,8388,1,,
463,794,11,325,8412,1,,
409,86,5,358,8412,1,,
483,1130,8,422,8414,1,,
457,658,4,334,8421,1,,
145,345,8,325,8423,1,,
196,1806,4,298,8430,1,,
445,432,4,350,8439,1,,
1,9,6,422,8441,1,,
205,207,10,325,8444,1,,
108,1,3,416,8462,1,,
108,141,10,361,8462,1,,
446,450,8,358,8467,1,,
407,48,3,408,8472,1,,
260,2160,2,350,8479,1,,
104,47,9,430,8488,1,,
104,1283,4,430,8488,1,,
104,8,7,430,8488,1,,
448,486,4,406,8488,1,,
39,3248,2,424,8500,1,,
39,63,7,361,8500,1,,
444,394,2,417,8511,1,,
413,133,8,325,8512,1,,
269,2205,2,358,8513,1,,
289,2313,2,375,8515,1,,
282,27,7,361,8525,1,,
447,463,7,405,8526,1,,
437,174,2,413,8526,1,,
194,1793,3,358,8534,1,,
348,592,6,361,8540,1,,
439,265,7,375,8542,1,,
411,101,1,418,8572,1,,
411,108,12,406,8572,1,,
180,104,8,429,8582,1,,
0,30,1,367,8584,1,,
455,630,5,428,8585,1,,
242,193,7,429,8595,1,,
76,47,4,431,8599,1,,
2,28,4,428,8606,1,,
300,54,6,429,8606,1,,
264,103,5,325,8615,1,,
265,2185,2,429,8625,1,,
265,296,10,444,8625,1,,
419,2946,3,361,8635,1,,
288,211,8,443,8636,1,,
335,2555,3,361,8641,1,,
3,51,10,434,8652,1,,
243,59,12,317,8657,1,,
389,245,3,434,8659,1,,
412,122,12,420,8671,1,,
182,67,10,317,8673,1,,
442,363,10,420,8685,1,,
442,-1,-1,-999,8685,2,v14_piggyback,5.0,8685,0
301,26,9,444,8688,1,,
482,1115,6,420,8694,1,,
24,1646,4,420,8701,1,,
273,330,10,317,8705,1,,
116,1360,10,441,8713,1,,
436,1144,3,424,8717,1,,
457,663,8,427,8719,1,,
410,93,7,436,8723,1,,
463,3135,4,350,8733,1,,
463,788,4,317,8733,1,,
290,229,7,441,8734,1,,
439,251,5,367,8754,1,,
439,280,10,367,8754,1,,
109,1,4,317,8764,1,,
109,110,5,447,8764,1,,
109,347,8,447,8764,1,,
357,2675,2,361,8782,1,,
383,18,10,445,8784,1,,
383,52,10,445,8784,1,,
178,1709,2,420,8791,1,,
302,26,11,447,8791,1,,
302,54,8,447,8791,1,,
454,615,11,445,8800,1,,
487,3249,2,416,8813,1,,
214,301,2,445,8816,1,,
214,317,8,445,8816,1,,
277,2250,2,420,8819,1,,
348,589,12,447,8820,1,,
441,320,9,436,8831,1,,
407,35,11,447,8837,1,,
108,1,4,445,8845,1,,
108,8,4,445,8845,1,,
408,68,2,325,8852,1,,
22,1590,2,299,8861,1,,
206,207,8,447,8861,1,,
392,367,1,431,8864,1,,
411,106,2,441,8866,1,,
411,96,6,440,8866,1,,
411,93,6,445,8866,1,,
179,294,7,447,8874,1,,
413,148,2,426,8875,1,,
51,88,7,445,8884,1,,
51,3,4,451,8884,1,,
242,2059,2,202,8887,1,,
242,59,5,447,8887,1,,
455,632,6,317,8898,1,,
271,230,8,456,8904,1,,
259,2156,2,456,8908,1,,
52,88,6,447,8910,1,,
224,23,4,456,8915,1,,
181,104,8,440,8916,1,,
243,193,9,454,8925,1,,
384,34,8,435,8948,1,,
421,369,5,447,8973,1,,
421,341,2,453,8973,1,,
446,433,6,445,8980,1,,
446,436,10,450,8980,1,,
265,33,8,457,8986,1,,
440,312,2,457,8993,1,,
440,-1,-1,-999,8993,2,v14_piggyback,1.0,8993,0
40,44,6,453,8994,1,,
339,100,4,451,8995,1,,
339,6,7,450,8995,1,,
442,363,2,420,8999,1,,
414,158,3,447,9013,1,,
414,142,7,453,9013,1,,
410,74,8,445,9024,1,,
410,92,9,450,9024,1,,
410,-1,-1,-999,9024,2,v14_piggyback,9.0,9024,0
362,119,5,454,9027,1,,
388,199,8,445,9038,1,,
398,747,4,202,9040,1,,
419,267,5,463,9042,1,,
412,114,7,462,9055,1,,
124,1406,4,445,9060,1,,
124,177,2,450,9060,1,,
124,3,9,450,9060,1,,
237,2037,2,462,9062,1,,
363,121,12,450,9079,1,,
441,331,6,447,9079,1,,
182,1730,4,202,9088,1,,
454,612,10,450,9095,1,,
166,1640,8,439,9107,1,,
364,156,8,464,9109,1,,
399,741,6,274,9118,1,,
264,90,4,439,9119,1,,
395,619,8,445,9123,1,,
210,149,2,439,9135,1,,
210,231,8,439,9135,1,,
407,48,12,442,9137,1,,
407,-1,-1,-999,9137,2,v14_piggyback,7.0,9137,0
439,258,4,397,9146,1,,
467,863,6,439,9146,1,,
443,371,3,454,9154,1,,
139,170,4,439,9174,1,,
448,487,7,445,9180,1,,
448,-1,-1,-999,9180,2,v14_piggyback,5.0,9180,0
320,0,2,454,9184,1,,
320,-1,-1,-999,9184,2,v14_piggyback,4.0,9184,0
438,218,8,469,9188,1,,
437,174,8,415,9200,1,,
392,367,7,450,9213,1,,
411,98,2,416,9215,1,,
411,102,4,463,9215,1,,
411,97,7,439,9215,1,,
411,99,1,318,9215,1,,
153,1563,2,444,9224,1,,
246,59,3,445,9230,1,,
246,2082,3,435,9230,1,,
87,8,6,474,9235,1,,
0,19,4,445,9243,1,,
361,69,4,474,9245,1,,
431,901,4,318,9254,1,,
427,679,6,450,9255,1,,
396,640,5,474,9262,1,,
442,344,12,469,9273,1,,
442,-1,-1,-999,9273,2,v14_piggyback,1.0,9273,0
282,2280,4,445,9273,1,,
455,3102,4,439,9282,1,,
444,401,4,474,9295,1,,
300,57,4,445,9308,1,,
183,113,4,439,9311,1,,
40,1220,3,439,9325,1,,
174,1685,4,450,9333,1,,
412,125,4,474,9336,1,,
366,357,4,435,9345,1,,
389,2813,3,464,9353,1,,
141,50,12,472,9358,1,,
274,297,3,439,9369,1,,
449,506,7,472,9382,1,,
339,100,7,409,9395,1,,
322,0,2,445,9399,1,,
440,299,12,439,9401,1,,
440,-1,-1,-999,9401,2,v14_piggyback,2.0,9401,0
441,343,6,474,9406,1,,
64,1929,2,469,9408,1,,
454,3096,2,468,9413,1,,
465,822,2,439,9422,1,,
301,26,10,396,9423,1,,
295,2343,2,464,9436,1,,
237,2035,2,362,9449,1,,
439,274,12,396,9456,1,,
438,238,4,445,9466,1,,
340,6,10,396,9473,1,,
60,7,7,480,9476,1,,
60,82,12,475,9476,1,,
487,1199,2,445,9477,1,,
457,658,2,436,9487,1,,
182,113,10,480,9507,1,,
76,129,4,470,9515,1,,
76,7,4,477,9515,1,,
467,869,9,318,9522,1,,
199,144,8,477,9529,1,,
1,30,8,480,9536,1,,
218,1927,2,440,9543,1,,
362,69,2,475,9543,1,,
411,102,10,472,9553,1,,
337,2569,4,480,9556,1,,
288,211,8,498,9557,1,,
297,2352,1,469,9562,1,,
448,487,3,445,9565,1,,
170,1660,2,445,9572,1,,
427,2976,4,396,9581,1,,
358,11,5,409,9589,1,,
252,64,3,474,9595,1,,
444,409,4,396,9602,1,,
395,600,3,396,9608,1,,
229,321,8,473,9610,1,,
412,111,3,473,9618,1,,
289,36,10,484,9619,1,,
449,516,9,382,9623,1,,
302,2383,2,498,9626,1,,
275,2240,2,445,9633,1,,
329,520,8,484,9674,1,,
329,2527,1,493,9674,1,,
355,2665,2,396,9680,1,,
446,3061,3,396,9685,1,,
446,-1,-1,-999,9685,2,v14_piggyback,1.0,9685,0
413,122,8,501,9687,1,,
279,2264,1,445,9694,1,,
279,434,12,493,9694,1,,
279,-1,-1,-999,9694,2,v14_piggyback,2.0,9694,0
51,88,3,473,9695,1,,
164,1629,2,447,9695,1,,
0,30,6,501,9708,1,,
441,331,10,415,9720,1,,
441,-1,-1,-999,9720,2,v14_piggyback,5.0,9720,0
438,216,9,383,9728,1,,
438,218,4,481,9728,1,,
438,-1,-1,-999,9728,2,v14_piggyback,11.0,9728,0
419,289,8,493,9733,1,,
162,14,5,511,9739,1,,
2,28,8,479,9742,1,,
473,959,4,467,9746,1,,
29,1800,2,474,9752,1,,
3,37,9,486,9757,1,,
305,256,5,479,9768,1,,
429,2984,4,210,9777,1,,
309,2419,4,210,9790,1,,
440,295,10,440,9793,1,,
460,733,10,446,9802,1,,
332,2541,1,477,9805,1,,
283,2,4,467,9817,1,,
411,105,4,511,9818,1,,
288,2309,2,484,9831,1,,
362,121,3,210,9837,1,,
423,402,2,519,9848,1,,
423,2961,2,519,9848,1,,
212,1894,2,210,9852,1,,
298,26,3,446,9854,1,,
298,-1,-1,-999,9854,2,v14_piggyback,3.0,9854,0
4,9,6,513,9863,1,,
159,1595,7,519,9874,1,,
40,5,4,519,9881,1,,
185,1746,1,403,9896,1,,
363,69,12,521,9906,1,,
365,119,6,500,9927,1,,
365,194,8,504,9927,1,,
77,9,12,517,9935,1,,
77,58,8,517,9935,1,,
84,270,3,503,9935,1,,
320,0,4,499,9940,1,,
364,220,4,503,9944,1,,
326,520,12,517,9958,1,,
339,6,9,523,9960,1,,
339,-1,-1,-999,9960,2,v14_piggyback,20.0,9960,0
323,0,10,490,9977,1,,
323,-1,-1,-999,9977,2,v14_piggyback,14.0,9977,0
473,958,4,403,9986,1,,
412,106,9,519,9987,1,,
412,101,6,471,9987,1,,
412,-1,-1,-999,9987,2,v14_piggyback,4.0,9987,0
341,6,12,504,9992,1,,
341,-1,-1,-999,9992,2,v14_piggyback,4.0,9992,0
416,197,9,371,10007,1,,
384,53,7,460,10017,1,,
338,6,1,523,10020,1,,
338,109,6,371,10020,1,,
128,89,6,460,10029,1,,
273,330,4,500,10038,1,,
273,209,8,371,10038,1,,
49,1368,8,369,10040,1,,
49,29,6,369,10040,1,,
284,36,11,460,10046,1,,
48,1378,7,471,10056,1,,
300,26,9,496,10061,1,,
385,32,6,496,10073,1,,
413,125,10,516,10081,1,,
413,122,7,516,10081,1,,
386,72,11,510,10091,1,,
465,830,5,496,10101,1,,
419,285,6,371,10104,1,,
415,154,9,369,10105,1,,
415,175,7,516,10105,1,,
415,-1,-1,-999,10105,2,v14_piggyback,3.0,10105,0
324,0,12,516,10123,1,,
324,-1,-1,-999,10124,2,v14_piggyback,4.0,10123,1
75,62,5,371,10133,1,,
437,186,7,369,10143,1,,
437,-1,-1,-999,10143,2,v14_piggyback,7.0,10143,0
283,27,8,510,10155,1,,
93,24,4,369,10166,1,,
93,13,6,516,10166,1,,
417,187,7,478,10175,1,,
131,1441,7,369,10185,1,,
462,779,3,500,10187,1,,
462,767,4,478,10187,1,,
388,94,6,478,10199,1,,
453,599,7,471,10218,1,,
453,-1,-1,-999,10218,2,v14_piggyback,4.0,10218,0
225,25,6,510,10219,1,,
451,553,6,516,10229,1,,
466,840,7,494,10230,1,,
440,292,7,499,10232,1,,
2,37,6,471,10241,1,,
387,127,7,494,10243,1,,
414,143,9,425,10266,1,,
193,1787,4,504,10277,1,,
285,36,8,425,10280,1,,
337,2565,4,371,10286,1,,
391,2824,4,425,10290,1,,
418,232,8,402,10300,1,,
421,368,6,402,10312,1,,
416,161,10,432,10343,1,,
62,1876,2,425,10351,1,,
62,9,6,530,10351,1,,
406,1129,6,530,10363,1,,
410,86,6,369,10373,1,,
308,2415,4,371,10380,1,,
429,808,6,471,10391,1,,
438,206,6,492,10393,1,,
438,248,12,498,10393,1,,
305,2394,3,438,10396,1,,
470,919,4,510,10402,1,,
446,438,6,446,10410,1,,
446,-1,-1,-999,10410,2,v14_piggyback,1.0,10410,0
409,79,3,496,10410,1,,
128,1425,8,471,10424,1,,
435,3013,3,516,10431,1,,
465,837,6,478,10437,1,,
386,146,6,488,10439,1,,
386,73,9,425,10439,1,,
481,1098,4,369,10441,1,,
180,1719,3,516,10448,1,,
349,2631,3,510,10463,1,,
411,96,3,500,10474,1,,
459,709,3,402,10482,1,,
474,983,3,432,10507,1,,
385,55,9,543,10510,1,,
422,350,3,527,10520,1,,
93,1217,10,380,10526,1,,
225,1971,2,402,10528,1,,
472,948,3,516,10534,1,,
440,292,9,488,10536,1,,
440,-1,-1,-999,10536,2,v14_piggyback,8.0,10536,0
270,2217,2,530,10543,1,,
295,2341,2,556,10560,1,,
300,124,7,556,10572,1,,
80,2829,2,543,10575,1,,
430,844,8,544,10587,1,,
342,2594,2,517,10589,1,,
451,546,3,402,10595,1,,
373,2747,2,516,10596,1,,
183,1736,2,437,10601,1,,
217,1918,2,425,10604,1,,
412,106,8,544,10616,1,,
452,562,10,557,10630,1,,
120,1379,2,496,10637,1,,
358,49,9,552,10652,1,,
339,100,4,537,10658,1,,
415,167,6,425,10667,1,,
0,3,4,540,10668,1,,
77,47,6,552,10678,1,,
423,407,10,531,10688,1,,
1,22,7,532,10694,1,,
409,86,5,552,10699,1,,
409,-1,-1,-999,10699,2,v14_piggyback,3.0,10699,0
128,45,2,532,10700,1,,
438,249,9,210,10703,1,,
334,2553,2,532,10710,1,,
2,9,8,531,10717,1,,
465,3143,2,369,10720,1,,
437,186,1,369,10726,1,,
169,139,8,561,10733,1,,
214,301,5,557,10745,1,,
197,1810,2,483,10754,1,,
344,2603,2,557,10763,1,,
204,1846,3,483,10763,1,,
421,369,8,531,10765,1,,
411,101,2,510,10773,1,,
298,15,1,425,10779,1,,
424,422,4,563,10780,1,,
387,120,9,562,10804,1,,
194,228,12,567,10806,1,,
386,2803,2,531,10817,1,,
386,73,4,539,10817,1,,
472,941,10,540,10823,1,,
468,877,8,531,10829,1,,
94,1222,6,531,10841,1,,
452,562,10,506,10847,1,,
452,-1,-1,-999,10847,2,v14_piggyback,4.0,10847,0
149,1544,4,563,10850,1,,
230,1998,3,522,10855,1,,
360,12,7,522,10869,1,,
395,639,7,522,10882,1,,
447,475,5,502,10892,1,,
3,19,7,567,10899,1,,
451,542,2,437,10901,1,,
451,552,8,561,10901,1,,
451,553,6,563,10901,1,,
451,-1,-1,-999,10901,2,v14_piggyback,3.0,10901,0
290,336,2,502,10911,1,,
338,244,7,555,10912,1,,
414,150,3,567,10920,1,,
414,-1,-1,-999,10920,2,v14_piggyback,1.0,10920,0
446,446,10,563,10921,1,,
446,-1,-1,-999,10921,2,v14_piggyback,1.0,10921,0
423,444,4,539,10928,1,,
375,975,6,555,10931,1,,
154,1570,3,539,10934,1,,
366,351,6,565,10943,1,,
415,150,2,567,10949,1,,
440,292,1,488,10971,1,,
440,311,7,557,10971,1,,
363,200,8,575,10971,1,,
225,25,2,514,10975,1,,
361,12,8,509,10985,1,,
337,6,3,509,10993,1,,
410,70,5,509,11003,1,,
226,25,5,554,11009,1,,
188,184,4,509,11012,1,,
465,827,5,565,11014,1,,
385,55,9,554,11022,1,,
437,180,9,483,11029,1,,
439,258,8,554,11037,1,,
439,-1,-1,-999,11037,2,v14_piggyback,3.0,11037,0
104,1286,4,482,11044,1,,
224,1964,4,482,11051,1,,
209,1877,3,482,11062,1,,
409,87,7,524,11063,1,,
409,74,10,489,11063,1,,
283,77,8,489,11077,1,,
454,623,8,489,11091,1,,
407,35,10,574,11096,1,,
472,3170,3,569,11101,1,,
227,25,6,489,11102,1,,
455,636,1,226,11111,1,,
149,1546,4,514,11128,1,,
149,130,12,574,11128,1,,
459,714,4,512,11128,1,,
475,3187,2,226,11137,1,,
386,73,7,482,11140,1,,
386,-1,-1,-999,11141,2,v14_piggyback,2.0,11140,1
101,1267,2,226,11146,1,,
408,40,8,570,11154,1,,
408,-1,-1,-999,11154,2,v14_piggyback,10.0,11154,0
267,209,3,512,11155,1,,
428,756,8,485,11158,1,,
366,2715,2,199,11174,1,,
366,-1,-1,-999,11175,2,v14_piggyback,1.0,11174,1
112,1332,2,482,11191,1,,
112,1,5,570,11191,1,,
182,1730,3,485,11202,1,,
182,104,11,485,11202,1,,
440,314,4,470,11205,1,,
359,49,7,485,11215,1,,
210,231,6,574,11219,1,,
392,352,11,542,11229,1,,
427,679,9,449,11230,1,,
288,38,4,574,11239,1,,
452,560,8,502,11248,1,,
452,562,4,489,11248,1,,
162,14,6,485,11260,1,,
70,2155,3,570,11265,1,,
367,337,6,164,11268,1,,
405,2880,4,164,11277,1,,
415,182,12,522,11279,1,,
415,-1,-1,-999,11279,2,v14_piggyback,5.0,11279,0
108,45,11,582,11292,1,,
108,13,4,582,11292,1,,
387,73,3,482,11300,1,,
410,74,10,485,11302,1,,
410,87,6,485,11302,1,,
410,-1,-1,-999,11302,2,v14_piggyback,4.0,11302,0
451,546,8,482,11314,1,,
453,597,5,449,11323,1,,
453,579,9,262,11323,1,,
368,392,10,593,11330,1,,
443,371,2,495,11335,1,,
290,336,4,485,11340,1,,
290,77,6,262,11340,1,,
180,160,4,164,11346,1,,
198,1814,4,164,11370,1,,
42,5,2,595,11373,1,,
465,836,10,530,11374,1,,
209,1877,3,495,11386,1,,
209,1877,4,283,11386,1,,
459,701,10,572,11400,1,,
459,707,8,542,11400,1,,
385,73,1,482,11416,1,,
407,40,11,572,11417,1,,
472,949,4,226,11426,1,,
419,252,9,262,11432,1,,
402,944,10,421,11443,1,,
448,487,8,449,11447,1,,
475,998,4,512,11452,1,,
384,32,2,596,11455,1,,
298,15,7,262,11459,1,,
404,1013,12,533,11471,1,,
414,154,11,262,11477,1,,
3,9,10,602,11489,1,,
413,137,7,583,11490,1,,
392,313,5,602,11500,1,,
483,1131,7,262,11502,1,,
338,85,3,533,11514,1,,
420,246,8,548,11516,1,,
128,39,11,584,11538,1,,
437,179,6,488,11545,1,,
339,136,6,584,11550,1,,
130,1436,5,262,11557,1,,
450,533,8,378,11563,1,,
256,259,4,262,11566,1,,
481,1100,8,594,11575,1,,
421,303,10,588,11582,1,,
471,925,10,378,11583,1,,
383,42,6,594,11586,1,,
408,40,2,570,11593,1,,
242,430,12,568,11611,1,,
188,1763,4,489,11622,1,,
358,11,7,604,11632,1,,
358,-1,-1,-999,11632,2,v14_piggyback,13.0,11632,0
438,237,10,568,11648,1,,
438,-1,-1,-999,11648,2,v14_piggyback,1.0,11648,0
166,269,12,550,11649,1,,
166,1639,3,550,11649,1,,
129,110,6,378,11660,1,,
393,316,9,568,11663,1,,
386,73,8,550,11674,1,,
386,-1,-1,-999,11675,2,v14_piggyback,3.0,11674,1
178,1709,3,599,11675,1,,
353,814,7,568,11676,1,,
424,2965,2,378,11681,1,,
165,1633,5,599,11692,1,,
360,12,12,529,11699,1,,
131,141,12,550,11700,1,,
0,3,5,376,11709,1,,
384,21,8,568,11713,1,,
132,1,8,577,11714,1,,
322,2485,2,262,11716,1,,
322,-1,-1,-999,11716,2,v14_piggyback,6.0,11716,0
109,1,6,507,11735,1,,
109,347,9,507,11735,1,,
288,77,4,608,11741,1,,
288,-1,-1,-999,11741,2,v14_piggyback,3.0,11741,0
133,117,7,535,11741,1,,
133,110,12,535,11741,1,,
343,424,8,376,11755,1,,
48,5,6,577,11767,1,,
48,1378,3,535,11767,1,,
483,1133,12,376,11773,1,,
467,868,4,608,11787,1,,
475,992,12,378,11793,1,,
475,1006,6,550,11793,1,,
481,1111,8,604,11800,1,,
385,73,8,616,11807,1,,
420,300,3,599,11811,1,,
420,252,4,599,11811,1,,
420,303,7,608,11811,1,,
320,0,2,376,11819,1,,
320,196,1,376,11819,1,,
410,96,1,500,11842,1,,
410,79,8,507,11842,1,,
323,0,8,577,11844,1,,
361,69,10,617,11856,1,,
408,40,10,507,11858,1,,
408,-1,-1,-999,11858,2,v14_piggyback,6.0,11858,0
471,935,10,127,11860,1,,
359,11,9,507,11873,1,,
354,717,8,529,11887,1,,
2,19,6,529,11898,1,,
443,384,6,535,11899,1,,
312,483,6,568,11910,1,,
469,888,6,535,11916,1,,
159,1595,6,529,11921,1,,
470,915,3,302,11922,1,,
450,539,6,515,11927,1,,
450,-1,-1,-999,11927,2,v14_piggyback,4.0,11927,0
282,20,6,617,11941,1,,
409,70,5,618,11941,1,,
448,487,5,568,11965,1,,
448,-1,-1,-999,11965,2,v14_piggyback,5.0,11965,0
191,1776,3,617,11967,1,,
256,221,4,535,11978,1,,
389,2816,3,550,11986,1,,
283,2,7,612,12002,1,,
452,574,4,568,12005,1,,
289,38,4,535,12010,1,,
129,39,2,302,12020,1,,
129,1,4,612,12020,1,,
166,1639,2,497,12025,1,,
264,923,4,612,12032,1,,
417,217,2,302,12041,1,,
390,208,11,609,12066,1,,
94,1222,8,606,12080,1,,
387,80,10,598,12090,1,,
472,945,2,488,12097,1,,
313,480,10,546,12097,1,,
438,190,7,580,12115,1,,
265,103,10,598,12122,1,,
84,47,12,620,12131,1,,
84,3021,2,620,12131,1,,
315,545,12,465,12134,1,,
420,283,10,302,12139,1,,
420,-1,-1,-999,12139,2,v14_piggyback,3.0,12139,0
464,809,6,465,12145,1,,
78,58,8,547,12151,1,,
78,4,5,547,12151,1,,
152,1560,3,529,12153,1,,
230,1997,2,529,12160,1,,
334,1068,2,507,12166,1,,
410,97,1,613,12172,1,,
339,136,6,609,12178,1,,
339,6,7,547,12178,1,,
339,-1,-1,-999,12178,2,v14_piggyback,6.0,12178,0
285,38,10,547,12195,1,,
42,5,7,620,12212,1,,
481,1111,7,302,12214,1,,
481,-1,-1,-999,12214,2,v14_piggyback,1.0,12214,0
51,1443,2,617,12221,1,,
439,255,7,606,12225,1,,
344,2602,2,302,12227,1,,
50,4,1,618,12236,1,,
297,710,7,547,12238,1,,
358,12,6,598,12244,1,,
358,-1,-1,-999,12244,2,v14_piggyback,6.0,12244,0
453,582,6,547,12250,1,,
409,68,4,598,12273,1,,
52,4,8,586,12283,1,,
423,418,5,609,12298,1,,
421,368,5,459,12303,1,,
471,930,2,376,12310,1,,
419,267,5,609,12312,1,,
140,43,10,614,12316,1,,
312,2435,3,459,12318,1,,
298,54,10,610,12333,1,,
314,480,10,626,12349,1,,
301,124,6,614,12356,1,,
442,363,2,631,12364,1,,
305,212,8,626,12364,1,,
411,98,2,631,12372,1,,
411,-1,-1,-999,12372,2,v14_piggyback,7.0,12372,0
438,249,4,485,12378,1,,
438,237,4,608,12378,1,,
450,539,1,515,12392,1,,
450,525,8,606,12392,1,,
483,1140,5,620,12403,1,,
299,78,12,576,12416,1,,
215,23,7,578,12429,1,,
394,514,2,550,12432,1,,
424,532,4,626,12436,1,,
300,15,9,578,12444,1,,
388,94,4,547,12445,1,,
130,1437,3,606,12453,1,,
44,82,6,578,12455,1,,
410,87,6,459,12466,1,,
410,96,11,635,12466,1,,
384,17,8,578,12469,1,,
384,-1,-1,-999,12469,2,v14_piggyback,4.0,12469,0
229,123,2,620,12483,1,,
0,22,8,633,12486,1,,
458,687,2,535,12490,1,,
415,173,1,535,12508,1,,
415,158,1,606,12508,1,,
349,589,10,623,12510,1,,
359,49,9,635,12525,1,,
387,146,8,639,12525,1,,
128,116,8,639,12539,1,,
429,771,6,623,12542,1,,
409,74,2,550,12546,1,,
416,178,8,476,12556,1,,
313,483,8,635,12570,1,,
439,273,8,476,12584,1,,
302,54,7,528,12584,1,,
214,339,6,641,12596,1,,
486,1184,6,633,12596,1,,
303,26,6,536,12608,1,,
447,482,8,476,12610,1,,
448,487,1,568,12613,1,,
333,2545,2,585,12616,1,,
471,929,6,623,12621,1,,
417,219,1,620,12627,1,,
363,156,8,528,12627,1,,
452,561,12,448,12648,1,,
452,-1,-1,-999,12648,2,v14_piggyback,2.0,12648,0
42,5,5,528,12667,1,,
42,29,4,448,12667,1,,
298,54,3,635,12674,1,,
298,2360,4,624,12674,1,,
438,216,4,609,12675,1,,
449,509,8,448,12681,1,,
412,105,2,579,12682,1,,
481,1107,4,459,12683,1,,
328,649,6,579,12694,1,,
2,37,5,536,12698,1,,
135,1460,4,528,12713,1,,
135,117,5,621,12713,1,,
418,217,8,650,12717,1,,
470,914,5,536,12723,1,,
458,687,4,585,12736,1,,
458,692,8,579,12736,1,,
458,-1,-1,-999,12736,2,v14_piggyback,1.0,12736,0
1,41,3,635,12740,1,,
200,185,4,649,12745,1,,
386,80,6,649,12757,1,,
410,96,3,641,12758,1,,
410,93,8,476,12758,1,,
201,185,10,653,12773,1,,
415,175,7,597,12779,1,,
415,178,7,624,12779,1,,
419,239,6,648,12785,1,,
176,1695,2,597,12788,1,,
444,397,4,448,12795,1,,
358,11,3,641,12796,1,,
444,-1,-1,-999,12796,2,v14_piggyback,1.0,12795,1
204,1848,1,635,12801,1,,
446,446,5,589,12811,1,,
446,-1,-1,-999,12811,2,v14_piggyback,1.0,12811,0
407,40,4,607,12820,1,,
267,2196,3,448,12832,1,,
162,10,7,659,12837,1,,
379,1060,9,653,12838,1,,
405,2880,3,536,12839,1,,
451,541,3,528,12863,1,,
384,2793,2,651,12867,1,,
384,53,6,551,12867,1,,
384,17,6,551,12867,1,,
384,-1,-1,-999,12867,2,v14_piggyback,3.0,12867,0
439,274,7,615,12867,1,,
486,1180,4,222,12873,1,,
475,989,12,651,12893,1,,
106,1300,2,581,12897,1,,
448,491,10,448,12902,1,,
326,510,10,551,12909,1,,
464,820,9,581,12919,1,,
99,1252,3,536,12919,1,,
447,481,6,649,12940,1,,
447,469,6,666,12940,1,,
116,1355,3,528,12947,1,,
417,203,10,551,12956,1,,
441,343,9,632,12966,1,,
465,825,10,551,12973,1,,
465,-1,-1,-999,12973,2,v14_piggyback,1.0,12973,0
335,697,2,536,12981,1,,
418,219,2,643,12986,1,,
180,126,8,551,12990,1,,
180,1719,3,666,12990,1,,
421,303,7,652,12997,1,,
100,24,2,650,13010,1,,
100,1263,11,289,13010,1,,
160,1603,1,643,13013,1,,
383,42,5,289,13025,1,,
383,21,4,666,13025,1,,
153,1567,2,448,13035,1,,
266,103,12,628,13040,1,,
253,221,11,670,13042,1,,
420,300,1,643,13043,1,,
452,577,6,621,13046,1,,
338,6,2,628,13053,1,,
338,109,4,642,13053,1,,
338,-1,-1,-999,13053,2,v14_piggyback,9.0,13053,0
442,353,2,525,13078,1,,
339,244,8,668,13095,1,,
198,113,3,651,13099,1,,
198,317,5,289,13099,1,,
84,62,6,640,13100,1,,
84,3004,3,640,13100,1,,
84,58,6,640,13100,1,,
412,101,5,651,13112,1,,
412,114,3,551,13112,1,,
445,423,8,640,13114,1,,
341,6,8,655,13115,1,,
199,223,1,528,13120,1,,
340,287,7,640,13133,1,,
385,52,7,670,13138,1,,
145,1525,6,640,13144,1,,
169,139,5,640,13155,1,,
458,686,9,651,13155,1,,
159,75,5,642,13159,1,,
254,221,9,662,13178,1,,
242,2058,4,668,13189,1,,
444,395,7,607,13200,1,,
444,390,5,589,13200,1,,
347,551,12,662,13201,1,,
361,60,6,538,13211,1,,
475,1001,8,289,13216,1,,
439,257,11,581,13217,1,,
439,255,8,632,13217,1,,
439,-1,-1,-999,13217,2,v14_piggyback,1.0,13217,0
99,1251,4,642,13223,1,,
417,225,2,666,13229,1,,
417,215,2,670,13229,1,,
417,217,4,676,13229,1,,
417,-1,-1,-999,13230,2,v14_piggyback,2.0,13229,1
446,450,5,289,13244,1,,
446,-1,-1,-999,13244,2,v14_piggyback,1.0,13244,0
441,320,9,643,13251,1,,
441,328,12,628,13251,1,,
441,-1,-1,-999,13251,2,v14_piggyback,1.0,13251,0
2,9,5,551,13258,1,,
43,5,10,678,13263,1,,
248,284,10,669,13265,1,,
484,1158,5,289,13268,1,,
438,190,3,628,13277,1,,
46,1356,8,466,13281,1,,
194,1792,4,669,13287,1,,
256,259,4,676,13291,1,,
273,2232,2,669,13303,1,,
275,2243,2,669,13313,1,,
60,3,8,591,13316,1,,
60,1799,4,591,13316,1,,
60,-1,-1,-999,13316,2,v14_piggyback,1.0,13316,0
180,224,4,662,13320,1,,
413,142,8,591,13330,1,,
136,1467,4,466,13339,1,,
334,2550,2,669,13340,1,,
414,145,4,644,13360,1,,
393,2834,4,591,13369,1,,
483,1146,1,655,13390,1,,
4,28,8,680,13392,1,,
4,3,10,680,13392,1,,
437,179,4,551,13401,1,,
437,-1,-1,-999,13401,2,v14_piggyback,2.0,13401,0
320,0,4,591,13414,1,,
477,1031,8,680,13415,1,,
129,1,3,640,13422,1,,
44,5,4,680,13438,1,,
358,12,12,683,13440,1,,
358,-1,-1,-999,13441,2,v14_piggyback,12.0,13440,1
363,201,3,680,13454,1,,
78,58,9,685,13464,1,,
445,426,12,538,13477,1,,
445,425,10,466,13477,1,,
445,432,5,591,13477,1,,
445,-1,-1,-999,13477,2,v14_piggyback,12.0,13477,0
274,275,12,663,13486,1,,
62,3,4,661,13499,1,,
62,7,6,661,13499,1,,
62,29,10,661,13499,1,,
61,7,11,682,13503,1,,
364,121,8,684,13514,1,,
134,110,4,458,13516,1,,
134,107,9,458,13516,1,,
408,35,10,660,13520,1,,
301,124,8,661,13528,1,,
301,-1,-1,-999,13528,2,v14_piggyback,7.0,13528,0
265,33,8,685,13534,1,,
399,768,7,661,13540,1,,
53,4,8,660,13555,1,,
42,1266,12,688,13570,1,,
400,768,10,559,13570,1,,
438,238,6,672,13575,1,,
304,2389,4,685,13584,1,,
391,313,10,458,13603,1,,
386,94,5,663,13604,1,,
45,5,12,700,13609,1,,
45,63,10,700,13609,1,,
133,1450,3,682,13631,1,,
313,712,9,688,13633,1,,
362,69,7,683,13646,1,,
344,538,9,458,13661,1,,
413,137,5,661,13665,1,,
413,137,8,680,13665,1,,
298,26,10,664,13669,1,,
390,242,12,690,13681,1,,
124,39,2,684,13692,1,,
124,1406,10,700,13692,1,,
460,725,6,458,13697,1,,
439,273,10,661,13708,1,,
439,-1,-1,-999,13708,2,v14_piggyback,1.0,13708,0
77,47,7,690,13718,1,,
448,498,7,684,13727,1,,
238,157,6,690,13730,1,,
103,1282,3,661,13734,1,,
102,1274,3,682,13736,1,,
230,2000,2,682,13749,1,,
216,214,5,458,13749,1,,
446,445,8,661,13757,1,,
446,-1,-1,-999,13757,2,v14_piggyback,1.0,13757,0
264,33,1,691,13779,1,,
432,2998,3,289,13793,1,,
299,124,4,690,13800,1,,
271,230,4,697,13809,1,,
450,521,2,700,13821,1,,
205,1849,3,551,13829,1,,
300,710,12,658,13833,1,,
300,57,10,658,13833,1,,
320,0,2,551,13835,1,,
320,-1,-1,-999,13836,2,v14_piggyback,10.0,13835,1
286,2,11,658,13851,1,,
286,-1,-1,-999,13851,2,v14_piggyback,2.0,13851,0
128,45,4,658,13861,1,,
273,278,6,658,13872,1,,
125,1409,4,690,13880,1,,
364,322,2,700,13881,1,,
131,1,8,491,13886,1,,
359,11,4,690,13889,1,,
212,1891,3,458,13902,1,,
229,118,12,656,13905,1,,
302,15,10,491,13921,1,,
375,951,1,653,13924,1,,
362,172,3,697,13926,1,,
215,83,3,675,13934,1,,
132,1,12,687,13940,1,,
414,137,1,680,13941,1,,
416,159,2,466,13941,1,,
487,1189,3,538,13952,1,,
256,2138,2,683,13959,1,,
448,486,3,681,13980,1,,
433,916,5,508,13990,1,,
437,186,9,491,14004,1,,
434,947,2,703,14014,1,,
322,0,9,671,14029,1,,
200,185,8,692,14030,1,,
464,807,2,458,14032,1,,
445,432,3,591,14041,1,,
0,51,11,636,14046,1,,
61,1855,2,690,14048,1,,
393,2831,4,571,14064,1,,
110,45,9,636,14068,1,,
110,1,6,636,14068,1,,
313,564,8,491,14083,1,,
413,148,11,571,14090,1,,
415,155,8,636,14096,1,,
365,322,4,571,14099,1,,
341,2590,4,571,14108,1,,
323,389,8,636,14110,1,,
450,524,10,687,14126,1,,
290,412,8,698,14131,1,,
438,216,7,695,14139,1,,
438,-1,-1,-999,14139,2,v14_piggyback,3.0,14139,0
338,100,5,698,14150,1,,
435,1137,8,636,14153,1,,
472,3173,3,674,14153,1,,
40,44,8,674,14167,1,,
150,1547,6,491,14182,1,,
455,630,8,674,14183,1,,
339,298,4,694,14195,1,,
385,73,7,674,14198,1,,
385,21,2,674,14198,1,,
385,-1,-1,-999,14198,2,v14_piggyback,2.0,14198,0
1,46,8,707,14212,1,,
439,253,11,571,14213,1,,
439,-1,-1,-999,14213,2,v14_piggyback,3.0,14213,0
248,2094,2,674,14219,1,,
220,240,6,636,14221,1,,
201,144,6,636,14232,1,,
340,298,12,722,14235,1,,
135,89,6,718,14240,1,,
135,147,8,560,14240,1,,
289,229,6,673,14247,1,,
384,31,10,718,14256,1,,
394,528,8,722,14261,1,,
4,28,10,560,14283,1,,
4,22,9,699,14283,1,,
363,121,6,656,14298,1,,
416,161,9,701,14298,1,,
420,302,5,711,14300,1,,
437,164,5,671,14310,1,,
448,487,5,687,14320,1,,
444,397,9,699,14323,1,,
444,395,8,646,14323,1,,
444,-1,-1,-999,14323,2,v14_piggyback,2.0,14323,0
383,21,8,711,14330,1,,
383,-1,-1,-999,14330,2,v14_piggyback,5.0,14330,0
485,1168,5,671,14339,1,,
95,1227,6,711,14341,1,,
170,1660,4,722,14351,1,,
77,58,6,718,14358,1,,
77,9,8,646,14358,1,,
275,2239,4,722,14360,1,,
427,690,4,636,14370,1,,
263,440,4,671,14379,1,,
102,1270,5,590,14389,1,,
75,4,3,658,14400,1,,
75,62,2,715,14400,1,,
131,1439,3,687,14417,1,,
418,241,12,646,14423,1,,
152,16,10,705,14429,1,,
450,521,7,679,14442,1,,
238,157,7,646,14442,1,,
238,95,5,646,14442,1,,
445,432,4,701,14461,1,,
445,416,8,718,14461,1,,
422,414,3,687,14463,1,,
86,347,10,713,14468,1,,
413,145,7,560,14474,1,,
375,2757,2,619,14474,1,,
419,2946,3,658,14483,1,,
466,838,6,560,14485,1,,
273,275,11,738,14498,1,,
446,454,6,718,14500,1,,
446,-1,-1,-999,14500,2,v14_piggyback,1.0,14500,0
44,1279,2,722,14512,1,,
459,702,3,636,14521,1,,
384,17,8,726,14530,1,,
487,3247,2,619,14541,1,,
472,954,6,560,14542,1,,
428,690,8,741,14549,1,,
433,1003,5,646,14552,1,,
290,291,2,636,14556,1,,
385,21,4,611,14592,1,,
385,73,8,720,14592,1,,
431,2993,2,658,14598,1,,
481,3216,4,646,14607,1,,
485,1171,6,505,14610,1,,
200,1825,2,702,14614,1,,
175,1687,2,658,14617,1,,
115,1352,4,560,14623,1,,
76,62,4,611,14626,1,,
430,852,8,720,14640,1,,
390,2817,2,611,14663,1,,
439,280,7,694,14669,1,,
439,274,8,679,14669,1,,
439,257,8,722,14669,1,,
439,265,10,711,14669,1,,
332,805,7,744,14682,1,,
102,1274,2,718,14682,1,,
53,4,8,725,14691,1,,
450,526,6,713,14693,1,,
342,310,8,725,14705,1,,
444,410,7,702,14708,1,,
333,730,11,724,14711,1,,
388,188,12,710,14724,1,,
320,61,10,724,14727,1,,
85,8,2,724,14734,1,,
323,0,8,710,14738,1,,
323,-1,-1,-999,14738,2,v14_piggyback,20.0,14738,0
384,18,2,636,14744,1,,
384,-1,-1,-999,14745,2,v14_piggyback,3.0,14744,1
487,1199,1,674,14745,1,,
77,24,3,721,14753,1,,
263,2175,2,611,14755,1,,
480,1096,4,721,14768,1,,
383,32,2,755,14771,1,,
383,17,8,755,14771,1,,
118,1367,3,735,14776,1,,
459,718,10,611,14788,1,,
137,1475,2,558,14794,1,,
413,143,7,759,14807,1,,
175,1687,4,726,14813,1,,
0,46,8,759,14821,1,,
324,0,4,750,14839,1,,
324,0,12,709,14839,1,,
324,-1,-1,-999,14839,2,v14_piggyback,6.0,14839,0
115,1351,9,592,14843,1,,
408,68,10,753,14855,1,,
485,1171,5,558,14869,1,,
485,-1,-1,-999,14869,2,v14_piggyback,1.0,14869,0
329,649,10,753,14871,1,,
206,1854,3,172,14875,1,,
153,16,9,704,14886,1,,
103,1280,4,172,14888,1,,
103,62,3,172,14888,1,,
439,258,6,699,14900,1,,
473,962,8,704,14900,1,,
458,682,10,709,14916,1,,
385,53,10,771,14927,1,,
315,804,9,704,14932,1,,
425,566,5,704,14942,1,,
412,122,8,630,14945,1,,
325,448,4,716,14951,1,,
268,2201,2,759,14952,1,,
301,54,4,750,14960,1,,
348,651,6,630,14963,1,,
113,177,10,768,14966,1,,
208,1866,2,704,14967,1,,
145,1525,2,658,14987,1,,
2,41,4,768,14996,1,,
467,867,7,768,15008,1,,
404,1013,5,630,15016,1,,
51,88,5,768,15019,1,,
162,14,2,755,15023,1,,
444,391,6,735,15030,1,,
198,81,6,761,15042,1,,
180,166,6,765,15054,1,,
183,1733,2,743,15062,1,,
448,486,2,630,15069,1,,
24,1646,2,750,15072,1,,
480,1095,9,172,15076,1,,
411,102,6,743,15080,1,,
332,2539,1,637,15081,1,,
426,581,4,412,15102,1,,
383,32,8,630,15109,1,,
383,31,5,743,15109,1,,
170,1663,3,762,15109,1,,
170,14,7,693,15109,1,,
379,1055,2,487,15109,1,,
140,50,3,768,15117,1,,
200,144,5,762,15127,1,,
439,257,8,744,15129,1,,
439,273,4,724,15129,1,,
439,-1,-1,-999,15129,2,v14_piggyback,6.0,15129,0
410,96,4,654,15134,1,,
410,98,4,654,15134,1,,
225,25,2,487,15135,1,,
440,299,4,654,15144,1,,
0,41,6,783,15149,1,,
362,119,2,783,15156,1,,
193,228,2,558,15169,1,,
224,23,6,781,15184,1,,
342,310,7,693,15185,1,,
425,555,6,487,15195,1,,
441,315,2,781,15202,1,,
464,3138,2,654,15212,1,,
103,1280,6,91,15213,1,,
487,1189,2,558,15232,1,,
358,12,5,693,15236,1,,
358,-1,-1,-999,15236,2,v14_piggyback,5.0,15236,0
378,1020,2,759,15244,1,,
134,107,4,784,15245,1,,
235,2027,2,645,15252,1,,
139,50,1,645,15257,1,,
409,92,11,733,15262,1,,
216,1912,2,636,15269,1,,
1,51,8,788,15274,1,,
444,396,3,636,15276,1,,
463,790,5,693,15282,1,,
128,89,1,759,15300,1,,
486,1180,6,776,15303,1,,
137,89,7,776,15321,1,,
137,1479,5,776,15321,1,,
112,1335,8,728,15322,1,,
483,3226,1,658,15328,1,,
411,96,2,654,15333,1,,
110,1322,8,787,15336,1,,
217,23,11,787,15353,1,,
132,117,12,792,15361,1,,
412,101,6,787,15365,1,,
398,2853,1,759,15371,1,,
127,1418,5,728,15375,1,,
282,27,10,792,15378,1,,
215,83,5,793,15385,1,,
355,2667,3,736,15388,1,,
355,2662,2,736,15388,1,,
434,1033,5,777,15395,1,,
410,76,12,748,15396,1,,
413,125,8,777,15409,1,,
239,2045,1,748,15412,1,,
435,1030,10,739,15426,1,,
168,139,3,779,15440,1,,
168,1652,8,779,15440,1,,
439,251,4,630,15452,1,,
415,182,7,792,15452,1,,
397,666,4,772,15459,1,,
129,45,10,774,15461,1,,
129,39,8,774,15461,1,,
129,116,7,774,15461,1,,
353,774,8,779,15466,1,,
400,742,2,712,15482,1,,
183,139,4,779,15487,1,,
183,67,10,775,15487,1,,
363,254,4,801,15489,1,,
466,843,9,792,15502,1,,
395,595,10,774,15503,1,,
453,590,6,785,15510,1,,
350,700,8,775,15516,1,,
409,74,4,801,15526,1,,
444,388,7,693,15529,1,,
345,544,10,774,15534,1,,
411,93,7,785,15536,1,,
232,95,4,800,15542,1,,
232,2006,3,800,15542,1,,
476,1019,5,774,15544,1,,
364,201,2,782,15547,1,,
188,1759,2,782,15559,1,,
445,425,8,774,15559,1,,
486,1179,8,736,15564,1,,
468,3153,3,793,15570,1,,
354,2657,4,739,15577,1,,
320,91,4,776,15587,1,,
106,1296,4,788,15601,1,,
437,140,4,774,15607,1,,
463,793,4,730,15610,1,,
58,1712,3,787,15613,1,,
192,104,12,760,15614,1,,
202,1836,2,739,15625,1,,
169,1657,2,760,15626,1,,
144,1514,3,800,15643,1,,
299,57,2,788,15643,1,,
412,111,4,808,15644,1,,
410,87,5,779,15653,1,,
408,1208,8,809,15656,1,,
80,2829,3,775,15661,1,,
407,48,10,764,15670,1,,
280,2270,3,808,15676,1,,
124,1403,2,775,15678,1,,
163,14,10,549,15690,1,,
360,2692,1,792,15695,1,,
93,1217,2,760,15696,1,,
93,-1,-1,-999,15696,2,v14_piggyback,1.0,15696,0
290,291,1,776,15700,1,,
439,257,1,744,15704,1,,
439,253,8,728,15704,1,,
300,78,9,549,15719,1,,
152,1558,1,728,15727,1,,
288,128,10,756,15729,1,,
359,2688,1,739,15732,1,,
301,15,12,731,15741,1,,
453,598,5,573,15754,1,,
453,585,4,549,15754,1,,
54,5,4,815,15755,1,,
54,4,10,815,15755,1,,
321,61,8,803,15758,1,,
452,561,5,815,15763,1,,
432,872,5,815,15771,1,,
221,1945,2,815,15776,1,,
477,1040,5,815,15784,1,,
289,27,9,805,15788,1,,
167,1642,5,751,15792,1,,
401,917,8,795,15803,1,,
468,879,1,625,15815,1,,
98,1247,11,731,15819,1,,
446,436,6,805,15819,1,,
446,-1,-1,-999,15820,2,v14_piggyback,1.0,15819,1
457,668,6,805,15830,1,,
264,440,4,549,15831,1,,
264,923,4,826,15831,1,,
169,1656,2,792,15834,1,,
437,174,4,742,15841,1,,
273,277,8,731,15842,1,,
480,1093,10,731,15862,1,,
467,857,6,831,15864,1,,
363,200,8,731,15881,1,,
363,119,6,817,15881,1,,
271,230,8,749,15892,1,,
408,1059,5,549,15911,1,,
408,40,5,549,15911,1,,
408,35,3,731,15911,1,,
408,-1,-1,-999,15911,2,v14_piggyback,6.0,15911,0
385,55,1,798,15911,1,,
329,2523,2,798,15916,1,,
38,63,11,786,15922,1,,
416,187,8,549,15925,1,,
487,1186,1,798,15925,1,,
419,2945,3,717,15928,1,,
303,54,8,817,15938,1,,
393,367,9,786,15941,1,,
386,72,10,791,15944,1,,
427,696,7,549,15951,1,,
55,4,8,795,15952,1,,
129,1,2,830,15953,1,,
412,122,4,786,15961,1,,
412,-1,-1,-999,15961,2,v14_piggyback,4.0,15961,0
402,917,3,806,15966,1,,
417,187,9,812,15967,1,,
471,938,5,786,15975,1,,
466,845,7,706,16001,1,,
445,426,10,821,16005,1,,
445,-1,-1,-999,16005,2,v14_piggyback,1.0,16005,0
392,316,12,706,16017,1,,
43,5,7,706,16028,1,,
440,299,10,816,16034,1,,
440,-1,-1,-999,16034,2,v14_piggyback,4.0,16034,0
452,561,6,824,16043,1,,
452,561,5,751,16043,1,,
452,-1,-1,-999,16043,2,v14_piggyback,6.0,16043,0
93,1217,7,760,16053,1,,
50,1442,7,749,16066,1,,
457,664,11,822,16075,1,,
457,663,8,798,16075,1,,
457,-1,-1,-999,16075,2,v14_piggyback,4.0,16075,0
387,72,6,826,16080,1,,
460,726,3,816,16081,1,,
459,705,2,816,16086,1,,
410,74,1,801,16087,1,,
410,86,1,817,16087,1,,
410,-1,-1,-999,16087,2,v14_piggyback,1.0,16087,0
468,871,8,795,16093,1,,
411,112,6,549,16098,1,,
292,2327,2,749,16105,1,,
206,1854,4,731,16114,1,,
467,857,10,816,16116,1,,
437,3019,2,830,16131,1,,
437,164,7,821,16131,1,,
437,-1,-1,-999,16131,2,v14_piggyback,3.0,16131,0
420,272,1,731,16132,1,,
390,266,7,802,16140,1,,
74,2364,1,601,16145,1,,
301,152,6,706,16173,1,,
456,656,6,706,16182,1,,
42,1266,8,745,16194,1,,
42,-1,-1,-999,16194,2,v14_piggyback,7.0,16194,0
487,1194,2,830,16195,1,,
76,24,4,706,16201,1,,
77,47,2,846,16206,1,,
346,2619,4,706,16207,1,,
398,2851,3,717,16218,1,,
221,1945,4,717,16227,1,,
334,1068,2,795,16234,1,,
189,166,8,845,16256,1,,
446,436,6,742,16257,1,,
446,446,10,831,16257,1,,
446,-1,-1,-999,16257,2,v14_piggyback,1.0,16257,0
43,1266,4,745,16262,1,,
43,1266,9,850,16262,1,,
471,930,4,749,16266,1,,
54,4,7,845,16279,1,,
326,520,4,845,16288,1,,
421,300,8,835,16319,1,,
405,2882,1,795,16325,1,,
131,1,4,835,16328,1,,
0,51,5,835,16338,1,,
320,0,5,835,16349,1,,
60,7,10,796,16366,1,,
60,3,12,796,16366,1,,
60,-1,-1,-999,16366,2,v14_piggyback,1.0,16366,0
230,123,12,796,16385,1,,
302,152,6,796,16396,1,,
371,596,4,758,16403,1,,
404,1035,10,796,16413,1,,
422,387,6,758,16415,1,,
224,181,6,796,16424,1,,
416,195,3,796,16432,1,,
367,398,10,638,16440,1,,
3,9,7,844,16445,1,,
321,804,10,854,16453,1,,
406,1035,10,638,16454,1,,
438,248,6,796,16456,1,,
225,181,7,844,16469,1,,
474,972,4,638,16469,1,,
409,70,6,844,16480,1,,
426,536,5,638,16484,1,,
456,647,8,689,16514,1,,
423,407,10,854,16519,1,,
423,-1,-1,-999,16519,2,v14_piggyback,1.0,16519,0
44,5,9,861,16523,1,,
368,435,9,747,16529,1,,
322,2488,1,638,16534,1,,
322,-1,-1,-999,16535,2,v14_piggyback,7.0,16534,1
346,2619,2,770,16541,1,,
157,1587,3,773,16558,1,,
440,314,6,817,16570,1,,
365,335,8,767,16577,1,,
463,794,5,854,16580,1,,
389,250,4,854,16590,1,,
323,61,10,810,16593,1,,
370,591,4,627,16599,1,,
366,338,11,847,16611,1,,
366,-1,-1,-999,16611,2,v14_piggyback,1.0,16611,0
152,16,4,843,16614,1,,
39,44,2,627,16621,1,,
445,428,8,861,16632,1,,
421,358,3,854,16643,1,,
443,379,6,844,16644,1,,
10,51,6,820,16657,1,,
10,1957,1,820,16657,1,,
455,635,3,820,16665,1,,
136,130,5,837,16668,1,,
139,43,6,847,16678,1,,
422,407,8,773,16682,1,,
457,663,2,798,16688,1,,
452,561,7,751,16691,1,,
129,39,6,869,16706,1,,
413,2917,2,847,16713,1,,
438,206,4,723,16726,1,,
438,227,6,861,16726,1,,
437,140,4,773,16732,1,,
410,84,9,866,16741,1,,
364,121,8,869,16742,1,,
364,-1,-1,-999,16742,2,v14_piggyback,1.0,16742,0
167,1648,3,686,16756,1,,
167,269,5,686,16756,1,,
479,1081,9,686,16771,1,,
436,1142,5,873,16777,1,,
154,1569,2,869,16792,1,,
154,117,12,686,16792,1,,
367,338,8,686,16806,1,,
434,1065,4,879,16810,1,,
140,170,2,879,16817,1,,
440,282,12,601,16820,1,,
440,-1,-1,-999,16820,2,v14_piggyback,3.0,16820,0
324,0,12,871,16825,1,,
446,442,11,848,16837,1,,
446,-1,-1,-999,16838,2,v14_piggyback,1.0,16837,1
439,268,8,871,16838,1,,
2,51,7,729,16848,1,,
409,76,7,769,16850,1,,
100,1263,8,729,16862,1,,
100,-1,-1,-999,16862,2,v14_piggyback,1.0,16862,0
325,61,11,769,16867,1,,
298,759,2,769,16874,1,,
11,1316,3,337,16882,1,,
417,232,7,778,16893,1,,
386,120,10,769,16898,1,,
0,41,6,778,16927,1,,
163,10,11,870,16932,1,,
92,1215,5,729,16941,1,,
455,625,9,847,16942,1,,
455,-1,-1,-999,16942,2,v14_piggyback,6.0,16942,0
1,22,9,870,16947,1,,
389,208,6,686,16953,1,,
483,1130,2,840,16956,1,,
483,-1,-1,-999,16956,2,v14_piggyback,2.0,16956,0
129,1430,6,778,16985,1,,
437,164,4,879,16993,1,,
437,164,9,729,16993,1,,
437,-1,-1,-999,16993,2,v14_piggyback,4.0,16993,0
320,71,8,889,16993,1,,
320,-1,-1,-999,16993,2,v14_piggyback,4.0,16993,0
84,270,5,840,17003,1,,
308,458,5,840,17013,1,,
159,75,11,876,17020,1,,
460,738,3,840,17021,1,,
299,15,6,686,17023,1,,
52,1472,6,871,17034,1,,
306,393,10,545,17038,1,,
457,660,8,871,17048,1,,
338,244,8,880,17055,1,,
438,190,7,810,17061,1,,
220,240,9,545,17062,1,,
365,335,9,545,17078,1,,
482,1115,6,566,17107,1,,
293,2335,4,545,17129,1,,
384,53,6,870,17134,1,,
481,1112,5,871,17136,1,,
3,3,5,545,17140,1,,
461,761,6,647,17146,1,,
322,0,6,647,17157,1,,
410,84,4,686,17165,1,,
5,3,1,900,17170,1,,
5,28,6,900,17170,1,,
439,257,4,836,17174,1,,
387,120,6,870,17182,1,,
479,1082,4,566,17187,1,,
321,196,7,900,17194,1,,
339,298,6,647,17206,1,,
343,334,10,878,17238,1,,
53,88,8,897,17239,1,,
445,429,2,545,17246,1,,
42,5,4,876,17248,1,,
324,2496,2,854,17253,1,,
346,2618,4,871,17255,1,,
397,643,4,647,17265,1,,
357,952,3,897,17270,1,,
162,14,3,900,17277,1,,
440,292,11,627,17289,1,,
440,-1,-1,-999,17289,2,v14_piggyback,3.0,17289,0
393,2834,2,869,17290,1,,
447,475,3,686,17298,1,,
447,-1,-1,-999,17299,2,v14_piggyback,3.0,17298,1
239,157,3,871,17306,1,,
103,1280,6,825,17319,1,,
103,-1,-1,-999,17319,2,v14_piggyback,5.0,17319,0
216,83,10,887,17321,1,,
442,355,2,880,17340,1,,
412,133,9,887,17343,1,,
174,153,8,887,17361,1,,
288,27,1,878,17367,1,,
274,378,1,870,17379,1,,
215,1909,2,686,17380,1,,
323,91,8,887,17387,1,,
408,68,3,897,17395,1,,
353,2653,2,887,17401,1,,
446,433,4,889,17417,1,,
446,433,10,769,17417,1,,
446,436,9,880,17417,1,,
446,-1,-1,-999,17417,2,v14_piggyback,4.0,17417,0
242,59,2,900,17423,1,,
460,726,2,545,17435,1,,
344,424,10,913,17435,1,,
141,1500,1,869,17441,1,,
455,637,10,870,17448,1,,
289,128,4,906,17450,1,,
410,74,4,838,17457,1,,
410,-1,-1,-999,17457,2,v14_piggyback,4.0,17457,0
482,1113,6,825,17461,1,,
445,428,10,883,17479,1,,
445,-1,-1,-999,17479,2,v14_piggyback,2.0,17479,0
224,83,7,918,17492,1,,
164,14,9,881,17511,1,,
269,2205,1,545,17516,1,,
225,181,5,911,17524,1,,
442,344,12,763,17527,1,,
442,-1,-1,-999,17527,2,v14_piggyback,1.0,17527,0
110,1321,2,911,17530,1,,
136,130,12,916,17551,1,,
358,12,8,916,17565,1,,
358,-1,-1,-999,17565,2,v14_piggyback,8.0,17565,0
463,785,1,916,17570,1,,
450,526,6,927,17571,1,,
265,33,4,891,17581,1,,
180,224,4,727,17588,1,,
384,34,6,927,17592,1,,
243,430,8,895,17602,1,,
173,153,3,895,17610,1,,
281,2271,3,895,17618,1,,
359,979,3,855,17626,1,,
407,56,4,895,17627,1,,
167,1647,1,895,17632,1,,
363,121,1,855,17638,1,,
283,2283,3,622,17644,1,,
460,738,7,927,17675,1,,
408,66,4,622,17684,1,,
129,177,11,915,17693,1,,
385,53,6,903,17698,1,,
443,382,7,915,17706,1,,
443,-1,-1,-999,17706,2,v14_piggyback,1.0,17706,0
339,2579,2,915,17713,1,,
141,1497,4,605,17724,1,,
264,183,10,935,17737,1,,
123,1398,8,884,17750,1,,
440,307,4,769,17761,1,,
440,288,3,892,17761,1,,
440,311,4,622,17761,1,,
86,347,10,884,17767,1,,
448,499,5,896,17771,1,,
128,115,9,886,17782,1,,
455,630,10,757,17788,1,,
133,1452,6,919,17792,1,,
266,162,10,884,17798,1,,
447,460,4,913,17801,1,,
456,654,7,884,17811,1,,
361,60,6,919,17822,1,,
234,131,2,896,17831,1,,
257,296,5,938,17835,1,,
162,10,2,819,17837,1,,
146,1526,7,886,17848,1,,
190,1773,2,896,17852,1,,
383,21,7,884,17861,1,,
103,1280,3,825,17870,1,,
192,113,2,941,17882,1,,
160,75,8,941,17900,1,,
446,441,9,895,17912,1,,
446,-1,-1,-999,17913,2,v14_piggyback,1.0,17912,1
408,40,11,896,17930,1,,
408,-1,-1,-999,17930,2,v14_piggyback,10.0,17930,0
110,1,10,828,17931,1,,
484,1148,7,888,17932,1,,
407,40,1,896,17937,1,,
193,67,8,888,17946,1,,
267,33,4,603,17956,1,,
267,327,3,746,17956,1,,
267,496,10,746,17956,1,,
242,59,10,922,17962,1,,
323,0,8,746,17974,1,,
323,2490,3,948,17974,1,,
323,-1,-1,-999,17974,2,v14_piggyback,7.0,17974,0
261,327,7,804,17975,1,,
485,1167,10,828,17990,1,,
132,117,7,922,17991,1,,
230,118,8,804,17998,1,,
256,306,8,948,18004,1,,
413,138,4,804,18007,1,,
306,366,4,951,18017,1,,
424,519,9,828,18019,1,,
476,1018,5,818,18027,1,,
451,553,2,804,18034,1,,
158,151,6,922,18046,1,,
483,1135,5,746,18049,1,,
437,3022,4,746,18058,1,,
433,3002,2,951,18063,1,,
301,26,10,885,18076,1,,
301,-1,-1,-999,18076,2,v14_piggyback,13.0,18076,0
418,234,4,746,18085,1,,
298,15,6,920,18087,1,,
298,-1,-1,-999,18087,2,v14_piggyback,3.0,18087,0
304,26,11,917,18111,1,,
459,711,4,948,18127,1,,
454,624,3,746,18135,1,,
138,117,9,946,18137,1,,
138,1481,9,946,18137,1,,
442,353,6,780,18143,1,,
442,359,9,727,18143,1,,
442,355,12,895,18143,1,,
442,-1,-1,-999,18143,2,v14_piggyback,2.0,18143,0
229,205,6,885,18149,1,,
447,468,8,886,18149,1,,
190,1769,2,237,18159,1,,
468,883,8,917,18162,1,,
468,-1,-1,-999,18163,2,v14_piggyback,2.0,18162,1
443,380,6,896,18173,1,,
135,1466,3,948,18178,1,,
231,95,10,946,18179,1,,
243,64,6,946,18190,1,,
246,2081,3,603,18191,1,,
1,19,2,938,18198,1,,
369,2730,2,938,18205,1,,
417,222,2,912,18211,1,,
109,1,3,917,18212,1,,
109,45,12,961,18212,1,,
4,9,5,917,18223,1,,
428,2979,2,603,18246,1,,
205,1851,2,603,18253,1,,
432,909,4,929,18257,1,,
445,426,5,922,18260,1,,
314,2445,1,946,18273,1,,
314,545,4,946,18273,1,,
451,558,6,951,18274,1,,
215,83,4,885,18282,1,,
446,450,2,549,18283,1,,
446,-1,-1,-999,18283,2,v14_piggyback,1.0,18283,0
408,40,3,818,18302,1,,
408,-1,-1,-999,18302,2,v14_piggyback,2.0,18302,0
434,3007,2,922,18308,1,,
295,2341,2,938,18317,1,,
416,195,2,877,18324,1,,
358,11,4,920,18336,1,,
470,921,12,936,18357,1,,
433,3005,2,946,18368,1,,
467,863,10,936,18373,1,,
458,687,4,732,18379,1,,
458,691,10,732,18379,1,,
103,1282,2,922,18388,1,,
404,1017,10,714,18389,1,,
366,335,11,856,18410,1,,
366,201,3,714,18410,1,,
366,-1,-1,-999,18411,2,v14_piggyback,1.0,18410,1
447,475,4,819,18415,1,,
455,625,1,847,18421,1,,
367,335,5,926,18428,1,,
367,335,6,910,18428,1,,
247,59,10,732,18431,1,,
247,2088,1,852,18431,1,,
288,20,4,732,18440,1,,
409,68,9,856,18446,1,,
409,70,3,856,18446,1,,
244,59,3,969,18456,1,,
418,226,9,856,18461,1,,
465,825,2,732,18463,1,,
407,66,7,714,18474,1,,
224,339,6,945,18485,1,,
285,2,8,925,18488,1,,
285,-1,-1,-999,18488,2,v14_piggyback,12.0,18488,0
313,652,12,937,18504,1,,
414,148,8,925,18515,1,,
443,370,8,714,18520,1,,
443,375,10,936,18520,1,,
417,226,3,732,18526,1,,
371,596,7,955,18526,1,,
214,286,10,955,18542,1,,
116,1359,4,864,18548,1,,
6,19,5,714,18548,1,,
6,1259,4,974,18548,1,,
229,95,1,955,18555,1,,
359,2686,3,936,18561,1,,
359,2684,4,956,18561,1,,
416,195,1,920,18564,1,,
286,2,9,790,18565,1,,
389,188,5,956,18574,1,,
415,155,9,893,18580,1,,
370,529,8,949,18595,1,,
441,319,8,790,18598,1,,
266,33,6,949,18606,1,,
212,1891,4,714,18626,1,,
483,1133,5,714,18636,1,,
231,25,6,799,18646,1,,
231,95,8,696,18646,1,,
230,321,2,956,18647,1,,
230,95,2,977,18647,1,,
264,103,7,799,18659,1,,
458,699,5,852,18664,1,,
472,949,8,971,18673,1,,
0,28,7,790,18679,1,,
390,247,8,968,18682,1,,
390,199,10,868,18682,1,,
442,349,4,884,18689,1,,
467,864,10,956,18699,1,,
122,1392,2,864,18704,1,,
122,1,4,790,18704,1,,
282,20,4,856,18708,1,,
447,466,6,714,18719,1,,
305,346,9,696,18720,1,,
211,231,10,902,18737,1,,
407,48,5,977,18742,1,,
273,2228,2,893,18751,1,,
388,198,2,864,18758,1,,
448,498,8,902,18760,1,,
448,-1,-1,-999,18760,2,v14_piggyback,3.0,18760,0
284,2286,2,790,18765,1,,
419,241,4,977,18772,1,,
419,-1,-1,-999,18772,2,v14_piggyback,4.0,18772,0
301,57,8,902,18775,1,,
449,515,8,696,18789,1,,
451,552,4,974,18791,1,,
274,275,5,972,18794,1,,
417,197,8,971,18803,1,,
300,78,3,714,18810,1,,
414,155,9,864,18821,1,,
463,785,9,872,18827,1,,
463,-1,-1,-999,18827,2,v14_piggyback,6.0,18827,0
50,1463,3,936,18834,1,,
441,343,3,979,18848,1,,
441,342,12,914,18848,1,,
441,-1,-1,-999,18848,2,v14_piggyback,3.0,18848,0
360,60,1,902,18851,1,,
360,11,7,989,18851,1,,
360,-1,-1,-999,18851,2,v14_piggyback,15.0,18851,0
51,88,2,790,18853,1,,
450,3082,1,972,18856,1,,
182,191,3,856,18865,1,,
363,201,7,964,18870,1,,
370,507,5,696,18876,1,,
370,372,3,982,18876,1,,
331,2536,3,714,18879,1,,
133,703,2,977,18886,1,,
198,81,7,989,18889,1,,
362,69,11,967,18890,1,,
128,45,10,967,18904,1,,
152,1560,3,794,18911,1,,
152,16,4,794,18911,1,,
202,1835,2,714,18919,1,,
459,704,6,902,18928,1,,
418,241,2,867,18936,1,,
418,-1,-1,-999,18936,2,v14_piggyback,1.0,18936,0
292,2330,2,856,18943,1,,
326,459,6,799,18968,1,,
358,979,12,981,18970,1,,
358,-1,-1,-999,18970,2,v14_piggyback,4.0,18970,0
242,193,9,981,18984,1,,
386,120,6,981,18993,1,,
386,-1,-1,-999,18994,2,v14_piggyback,4.0,18993,1
442,3041,4,868,18998,1,,
56,1637,2,856,19004,1,,
415,169,4,794,19006,1,,
420,300,4,989,19014,1,,
55,4,9,953,19022,1,,
387,120,5,981,19025,1,,
229,400,6,872,19026,1,,
320,0,6,953,19034,1,,
320,-1,-1,-999,19034,2,v14_piggyback,5.0,19034,0
52,4,2,794,19059,1,,
52,4,2,872,19059,1,,
322,61,8,950,19059,1,,
241,318,12,807,19071,1,,
140,43,6,973,19079,1,,
451,559,4,994,19102,1,,
183,1732,4,982,19103,1,,
388,132,10,890,19116,1,,
388,132,10,766,19116,1,,
388,146,6,766,19116,1,,
1,30,10,890,19131,1,,
271,2222,3,902,19139,1,,
421,387,3,973,19147,1,,
361,11,7,960,19149,1,,
361,11,5,890,19149,1,,
194,1790,3,807,19167,1,,
194,113,8,766,19167,1,,
410,98,10,986,19168,1,,
411,101,2,950,19174,1,,
359,11,2,986,19181,1,,
338,6,10,807,19183,1,,
338,-1,-1,-999,19183,2,v14_piggyback,5.0,19183,0
448,492,9,794,19190,1,,
449,509,10,807,19199,1,,
449,-1,-1,-999,19199,2,v14_piggyback,4.0,19199,0
339,100,1,714,19200,1,,
450,518,5,794,19200,1,,
343,377,10,890,19215,1,,
486,1183,3,902,19238,1,,
419,241,9,867,19263,1,,
216,23,8,766,19268,1,,
42,82,4,1002,19272,1,,
362,119,8,890,19282,1,,
162,14,2,973,19293,1,,
323,0,12,963,19303,1,,
323,-1,-1,-999,19303,2,v14_piggyback,11.0,19303,0
442,363,11,964,19308,1,,
340,6,1,999,19308,1,,
488,3250,2,989,19312,1,,
363,201,2,799,19325,1,,
371,723,8,766,19334,1,,
372,507,1,696,19352,1,,
463,785,1,872,19357,1,,
474,972,2,814,19364,1,,
341,109,12,984,19367,1,,
40,1216,6,984,19379,1,,
409,2901,2,984,19386,1,,
483,1143,7,890,19397,1,,
140,1493,5,963,19410,1,,
441,328,6,807,19419,1,,
41,1220,9,882,19427,1,,
415,161,6,790,19431,1,,
385,73,6,807,19442,1,,
385,-1,-1,-999,19442,2,v14_piggyback,4.0,19442,0
457,675,7,882,19447,1,,
439,265,4,981,19451,1,,
460,727,5,960,19461,1,,
373,507,9,534,19469,1,,
387,55,4,534,19479,1,,
75,62,6,931,19484,1,,
452,565,10,534,19495,1,,
410,70,3,960,19497,1,,
1,3,2,534,19501,1,,
108,1,1,931,19511,1,,
108,141,10,1011,19511,1,,
339,6,5,534,19523,1,,
358,11,2,890,19532,1,,
358,-1,-1,-999,19532,2,v14_piggyback,2.0,19532,0
158,151,2,967,19541,1,,
285,2,12,667,19542,1,,
260,2158,3,667,19557,1,,
260,411,6,667,19557,1,,
418,239,10,931,19558,1,,
62,1887,2,890,19570,1,,
417,232,12,1021,19576,1,,
199,81,9,943,19593,1,,
488,1203,5,814,19606,1,,
488,1202,12,534,19606,1,,
112,3,8,1014,19618,1,,
112,1332,4,1014,19618,1,,
56,4,8,1011,19619,1,,
183,166,8,976,19632,1,,
183,104,12,976,19632,1,,
57,4,5,1023,19640,1,,
57,3,9,1023,19640,1,,
136,147,5,1011,19650,1,,
467,3152,4,1011,19659,1,,
159,192,10,1014,19664,1,,
284,20,12,957,19666,1,,
284,461,10,976,19666,1,,
284,36,5,976,19666,1,,
284,-1,-1,-999,19666,2,v14_piggyback,20.0,19666,0
416,189,2,1014,19671,1,,
114,1343,2,766,19678,1,,
409,79,10,943,19682,1,,
283,2,4,988,19683,1,,
283,36,8,933,19683,1,,
283,-1,-1,-999,19683,2,v14_piggyback,6.0,19683,0
414,134,5,1014,19689,1,,
414,-1,-1,-999,19689,2,v14_piggyback,3.0,19689,0
190,1772,1,890,19694,1,,
133,1452,4,1023,19708,1,,
386,72,6,1007,19710,1,,
386,80,8,933,19710,1,,
470,921,8,957,19722,1,,
470,-1,-1,-999,19722,2,v14_piggyback,4.0,19722,0
287,2,10,976,19736,1,,
340,304,4,1011,19740,1,,
340,-1,-1,-999,19740,2,v14_piggyback,10.0,19740,0
320,0,9,933,19756,1,,
320,-1,-1,-999,19756,2,v14_piggyback,8.0,19756,0
375,932,4,931,19757,1,,
338,6,10,667,19772,1,,
111,1,5,932,19774,1,,
256,2138,3,943,19781,1,,
449,509,2,807,19783,1,,
440,299,7,957,19794,1,,
383,42,8,932,19797,1,,
297,710,5,932,19807,1,,
381,1058,7,933,19807,1,,
79,4,6,899,19810,1,,
417,189,10,932,19824,1,,
0,46,4,932,19842,1,,
454,615,5,899,19844,1,,
454,-1,-1,-999,19844,2,v14_piggyback,5.0,19844,0
200,165,4,899,19853,1,,
168,1651,3,943,19876,1,,
112,1333,8,1004,19879,1,,
285,27,9,1036,19891,1,,
307,2409,3,1011,19903,1,,
450,518,6,534,19903,1,,
446,437,3,1011,19911,1,,
446,-1,-1,-999,19912,2,v14_piggyback,1.0,19911,1
388,199,6,976,19914,1,,
413,134,4,932,19920,1,,
290,291,2,882,19927,1,,
423,505,4,932,19936,1,,
379,1060,7,928,19945,1,,
141,50,4,932,19945,1,,
474,972,6,667,19969,1,,
488,1209,4,932,19977,1,,
419,246,2,943,19981,1,,
56,4,6,1044,19992,1,,
263,2177,3,976,20004,1,,
400,2862,2,976,20011,1,,
358,11,2,986,20032,1,,
358,-1,-1,-999,20032,2,v14_piggyback,2.0,20032,0
407,56,3,667,20034,1,,
435,1073,3,976,20042,1,,
218,1926,2,976,20053,1,,
445,419,2,899,20054,1,,
114,1344,4,-80,20063,1,,
418,203,8,1038,20077,1,,
398,742,4,1029,20085,1,,
457,665,4,1038,20086,1,,
374,2753,2,943,20091,1,,
182,67,3,932,20094,1,,
297,2354,1,842,20100,1,,
111,270,2,1039,20111,1,,
111,1327,4,553,20111,1,,
93,13,8,1040,20125,1,,
224,286,7,1033,20143,1,,
148,1538,2,976,20150,1,,
135,1465,1,984,20151,1,,
440,290,8,995,20165,1,,
462,769,4,1040,20168,1,,
437,174,11,958,20169,1,,
437,-1,-1,-999,20169,2,v14_piggyback,2.0,20169,0
414,134,2,932,20200,1,,
307,2406,4,930,20201,1,,
413,138,4,667,20214,1,,
460,722,8,907,20215,1,,
409,76,1,1032,20220,1,,
247,2088,2,995,20221,1,,
113,1337,8,958,20229,1,,
343,334,5,907,20239,1,,
128,1,1,907,20245,1,,
171,1667,1,932,20256,1,,
206,207,12,1030,20270,1,,
419,234,11,958,20273,1,,
470,921,2,957,20277,1,,
344,534,8,1045,20296,1,,
241,318,7,1030,20304,1,,
410,79,10,980,20307,1,,
388,199,6,1045,20307,1,,
218,1925,4,526,20313,1,,
129,614,3,1064,20320,1,,
200,149,10,980,20323,1,,
192,67,8,1024,20337,1,,
360,12,5,980,20347,1,,
198,317,9,1053,20362,1,,
469,888,3,980,20370,1,,
335,2555,2,1051,20371,1,,
412,125,2,1051,20377,1,,
421,341,10,985,20382,1,,
398,2851,3,923,20386,1,,
231,118,10,1024,20387,1,,
306,376,9,985,20397,1,,
118,1370,6,1017,20397,1,,
451,546,8,1020,20401,1,,
451,-1,-1,-999,20401,2,v14_piggyback,8.0,20401,0
232,118,7,1013,20421,1,,
440,312,9,1017,20421,1,,
440,-1,-1,-999,20422,2,v14_piggyback,1.0,20421,1
422,399,4,1003,20446,1,,
130,115,8,1067,20448,1,,
462,776,12,980,20451,1,,
462,-1,-1,-999,20451,2,v14_piggyback,2.0,20451,0
454,615,5,899,20458,1,,
230,276,4,1003,20461,1,,
66,1943,4,924,20467,1,,
426,618,4,1067,20468,1,,
411,93,7,1056,20469,1,,
411,97,5,944,20469,1,,
135,1461,4,1028,20477,1,,
488,3250,2,899,20483,1,,
290,404,7,1018,20489,1,,
57,4,10,1059,20511,1,,
133,1452,2,1058,20512,1,,
208,1866,2,1064,20518,1,,
337,2567,2,1005,20527,1,,
337,-1,-1,-999,20527,2,v14_piggyback,4.0,20527,0
450,533,10,1059,20540,1,,
201,144,8,1056,20552,1,,
339,6,7,1056,20565,1,,
414,134,9,909,20566,1,,
414,-1,-1,-999,20566,2,v14_piggyback,9.0,20566,0
446,442,8,1056,20579,1,,
446,-1,-1,-999,20579,2,v14_piggyback,1.0,20579,0
478,1053,6,1056,20590,1,,
226,25,8,1059,20594,1,,
78,2666,4,1056,20599,1,,
136,1473,4,944,20608,1,,
223,1963,2,1059,20610,1,,
223,181,10,1000,20610,1,,
437,186,12,907,20618,1,,
437,-1,-1,-999,20618,2,v14_piggyback,3.0,20618,0
171,1667,1,657,20621,1,,
171,16,6,959,20621,1,,
394,478,4,1068,20627,1,,
424,511,7,1059,20639,1,,
424,493,10,1000,20639,1,,
439,265,4,1056,20646,1,,
323,2493,2,1068,20648,1,,
198,1815,10,1020,20663,1,,
2,28,6,909,20679,1,,
2,30,11,789,20679,1,,
200,223,2,1068,20682,1,,
456,642,8,909,20696,1,,
456,-1,-1,-999,20696,2,v14_piggyback,5.0,20696,0
169,151,10,1077,20700,1,,
169,139,6,600,20700,1,,
4,19,8,1060,20710,1,,
291,412,8,909,20734,1,,
291,211,8,789,20734,1,,
412,108,11,600,20736,1,,
320,91,12,1065,20739,1,,
321,196,8,1031,20754,1,,
321,-1,-1,-999,20754,2,v14_piggyback,6.0,20754,0
480,1092,8,789,20765,1,,
454,606,6,1058,20765,1,,
415,150,7,789,20777,1,,
447,469,7,1079,20778,1,,
5,9,11,1079,20795,1,,
442,354,10,600,20809,1,,
326,510,8,740,20809,1,,
170,1660,4,1026,20820,1,,
170,151,3,1000,20820,1,,
322,0,7,1079,20822,1,,
216,83,10,600,20826,1,,
469,898,6,1059,20835,1,,
452,575,6,600,20837,1,,
105,1294,8,600,20851,1,,
106,1299,7,600,20864,1,,
458,692,5,1077,20874,1,,
477,1044,6,789,20878,1,,
130,1434,5,1005,20901,1,,
416,187,9,1042,20917,1,,
416,-1,-1,-999,20917,2,v14_piggyback,5.0,20917,0
440,311,8,924,20922,1,,
440,288,10,1018,20922,1,,
440,314,6,1059,20922,1,,
440,282,4,909,20922,1,,
440,295,5,909,20922,1,,
440,-1,-1,-999,20922,2,v14_piggyback,2.0,20922,0
478,1052,10,1050,20925,1,,
478,1053,10,959,20925,1,,
358,12,6,1000,20933,1,,
79,58,9,966,20940,1,,
182,1728,4,1079,20940,1,,
450,535,5,1026,20964,1,,
464,815,6,827,20966,1,,
138,1482,4,789,20974,1,,
300,78,4,1018,20983,1,,
417,225,12,1071,20985,1,,
145,1525,4,1081,20993,1,,
52,88,6,1071,21004,1,,
52,9,6,1071,21004,1,,
439,258,6,947,21007,1,,
451,541,3,1026,21008,1,,
320,91,2,924,21021,1,,
0,28,8,1027,21021,1,,
386,120,12,1071,21022,1,,
76,62,5,1027,21031,1,,
389,210,4,827,21044,1,,
389,-1,-1,-999,21044,2,v14_piggyback,1.0,21044,0
367,431,8,966,21049,1,,
454,602,6,1079,21057,1,,
480,1095,9,1081,21065,1,,
412,125,4,1042,21066,1,,
384,32,8,966,21073,1,,
415,159,4,827,21075,1,,
447,460,8,600,21087,1,,
408,40,2,1059,21099,1,,
408,-1,-1,-999,21099,2,v14_piggyback,1.0,21099,0
164,10,7,1071,21108,1,,
70,2155,2,1000,21125,1,,
390,188,6,987,21126,1,,
446,445,11,600,21138,1,,
446,442,6,600,21138,1,,
446,-1,-1,-999,21138,2,v14_piggyback,4.0,21138,0
244,59,4,1031,21149,1,,
385,52,12,1025,21157,1,,
359,2687,2,924,21165,1,,
477,1048,8,947,21166,1,,
462,779,7,1016,21178,1,,
387,168,9,970,21179,1,,
387,80,6,1094,21179,1,,
125,1408,4,1027,21189,1,,
378,1041,2,1016,21208,1,,
305,78,5,970,21212,1,,
305,212,8,1094,21212,1,,
407,56,7,1103,21220,1,,
312,483,8,1025,21226,1,,
322,196,3,1103,21228,1,,
278,2260,1,789,21234,1,,
450,523,4,947,21240,1,,
409,84,8,970,21240,1,,
113,1340,2,1107,21241,1,,
180,160,3,947,21265,1,,
411,112,6,966,21273,1,,
445,426,3,1027,21273,1,,
145,1524,8,1016,21277,1,,
262,2168,2,1107,21286,1,,
461,743,3,740,21311,1,,
128,110,6,966,21321,1,,
332,792,3,1079,21322,1,,
464,812,3,1027,21330,1,,
326,609,2,827,21336,1,,
274,277,7,1055,21339,1,,
472,950,6,1094,21339,1,,
485,1170,6,1071,21355,1,,
245,59,6,1120,21363,1,,
245,157,2,1120,21363,1,,
425,571,4,1071,21371,1,,
459,702,4,1114,21378,1,,
451,558,4,1056,21380,1,,
454,615,2,789,21389,1,,
454,624,4,1016,21389,1,,
337,6,5,966,21393,1,,
455,636,6,1055,21401,1,,
447,475,12,740,21405,1,,
447,463,10,1042,21405,1,,
447,467,7,947,21405,1,,
447,-1,-1,-999,21405,2,v14_piggyback,4.0,21405,0
214,271,4,966,21407,1,,
449,512,2,944,21414,1,,
323,389,6,1061,21416,1,,
273,275,4,1114,21417,1,,
441,343,4,1061,21436,1,,
481,1103,2,600,21441,1,,
190,1769,2,1015,21445,1,,
288,2,1,740,21450,1,,
410,98,6,1091,21455,1,,
407,2891,2,1111,21457,1,,
432,909,3,1097,21465,1,,
72,2206,2,1061,21473,1,,
336,2560,2,944,21493,1,,
409,68,3,1107,21499,1,,
409,-1,-1,-999,21499,2,v14_piggyback,7.0,21499,0
433,990,2,1094,21500,1,,
408,68,7,1107,21512,1,,
440,295,1,740,21513,1,,
452,568,1,1079,21523,1,,
445,425,8,1061,21537,1,,
446,438,10,1094,21545,1,,
446,-1,-1,-999,21545,2,v14_piggyback,1.0,21545,0
411,98,2,1091,21552,1,,
152,1562,1,740,21555,1,,
103,1282,2,1101,21560,1,,
289,38,5,1057,21565,1,,
289,-1,-1,-999,21565,2,v14_piggyback,8.0,21565,0
418,234,12,1092,21582,1,,
418,219,2,1092,21582,1,,
283,2,7,1086,21591,1,,
192,184,8,1121,21596,1,,
417,232,1,1121,21602,1,,
340,6,10,1092,21608,1,,
340,-1,-1,-999,21608,2,v14_piggyback,11.0,21608,0
424,519,3,1121,21610,1,,
341,6,8,1043,21624,1,,
341,-1,-1,-999,21624,2,v14_piggyback,1.0,21624,0
419,239,6,1134,21624,1,,
58,4,12,1109,21631,1,,
58,5,10,1109,21631,1,,
141,1499,2,1101,21632,1,,
162,1616,4,1043,21633,1,,
92,3239,4,1043,21642,1,,
284,2,9,1100,21668,1,,
284,-1,-1,-999,21669,2,v14_piggyback,2.0,21668,1
320,213,1,970,21670,1,,
455,635,12,1015,21677,1,,
157,1586,2,600,21677,1,,
338,202,9,1100,21684,1,,
335,2559,4,996,21700,1,,
400,782,1,1092,21715,1,,
468,877,9,1109,21718,1,,
229,205,4,1043,21723,1,,
256,306,4,921,21725,1,,
389,208,2,996,21730,1,,
427,622,8,1109,21732,1,,
412,106,8,1109,21753,1,,
339,85,11,1054,21774,1,,
410,84,10,1101,21775,1,,
441,320,7,1047,21787,1,,
407,35,5,1043,21788,1,,
364,200,8,1125,21801,1,,
38,41,4,1109,21807,1,,
38,63,9,1140,21807,1,,
408,68,8,1132,21809,1,,
420,285,6,1125,21823,1,,
290,336,10,1054,21823,1,,
447,466,7,970,21842,1,,
140,1493,6,1078,21854,1,,
287,2,9,1054,21858,1,,
431,893,2,1093,21864,1,,
133,117,7,1142,21870,1,,
443,370,8,1054,21883,1,,
443,-1,-1,-999,21883,2,v14_piggyback,7.0,21883,0
401,773,5,1078,21885,1,,
418,232,4,1121,21887,1,,
418,222,10,1043,21887,1,,
268,2200,2,1093,21894,1,,
445,429,3,921,21896,1,,
454,3096,2,1097,21911,1,,
454,-1,-1,-999,21911,2,v14_piggyback,1.0,21911,0
409,70,11,1146,21920,1,,
128,1424,7,1100,21922,1,,
265,103,6,1049,21923,1,,
312,2434,2,1043,21930,1,,
200,260,2,996,21937,1,,
440,288,6,1100,21943,1,,
157,1583,9,921,21948,1,,
455,625,7,996,21950,1,,
199,1821,1,740,21961,1,,
199,317,5,1086,21961,1,,
215,1907,2,1093,21968,1,,
362,172,6,1100,21983,1,,
413,122,5,1089,21994,1,,
419,267,8,1141,21995,1,,
360,49,3,1141,22006,1,,
1,28,5,1098,22007,1,,
258,2148,3,1089,22018,1,,
267,209,8,1141,22020,1,,
395,639,3,1109,22037,1,,
411,101,8,832,22038,1,,
345,544,2,996,22042,1,,
412,122,3,1089,22051,1,,
214,339,6,1136,22053,1,,
266,90,2,1054,22068,1,,
277,2250,4,1147,22074,1,,
136,147,4,1136,22079,1,,
453,586,6,832,22086,1,,
79,58,7,1096,22109,1,,
190,1772,2,832,22116,1,,
420,272,2,1109,22116,1,,
322,389,1,1109,22121,1,,
252,64,8,1122,22127,1,,
269,209,12,1113,22135,1,,
421,300,8,1150,22141,1,,
445,423,2,1100,22145,1,,
108,1310,6,1096,22146,1,,
195,228,9,1131,22156,1,,
410,97,1,1109,22166,1,,
410,-1,-1,-999,22167,2,v14_piggyback,7.0,22166,1
389,188,6,1150,22180,1,,
389,188,10,1131,22180,1,,
389,-1,-1,-999,22180,2,v14_piggyback,17.0,22180,0
130,39,6,1122,22191,1,,
217,83,8,1113,22199,1,,
391,245,9,962,22206,1,,
437,186,8,1113,22210,1,,
447,460,4,1107,22215,1,,
320,196,11,1139,22218,1,,
70,2155,1,1113,22226,1,,
70,7,8,1113,22226,1,,
70,3,2,1123,22226,1,,
390,188,1,1131,22228,1,,
390,210,6,990,22228,1,,
390,-1,-1,-999,22228,2,v14_piggyback,1.0,22228,0
396,619,6,858,22229,1,,
462,767,3,1139,22237,1,,
358,11,8,1113,22238,1,,
358,-1,-1,-999,22238,2,v14_piggyback,8.0,22238,0
120,1380,8,1139,22251,1,,
201,260,8,1164,22252,1,,
218,23,10,1108,22255,1,,
464,801,4,962,22263,1,,
440,307,6,-83,22271,1,,
461,751,2,1139,22279,1,,
102,1271,8,1123,22307,1,,
443,384,8,983,22308,1,,
411,98,8,1147,22319,1,,
180,224,5,1169,22322,1,,
182,104,6,1123,22328,1,,
468,873,4,962,22331,1,,
199,165,4,1113,22335,1,,
412,99,11,1162,22345,1,,
453,586,10,1096,22349,1,,
453,-1,-1,-999,22349,2,v14_piggyback,2.0,22349,0
401,2864,3,1073,22355,1,,
416,2932,3,1150,22379,1,,
165,1634,3,-83,22384,1,,
454,623,10,1122,22395,1,,
454,-1,-1,-999,22396,2,v14_piggyback,1.0,22395,1
2,19,7,1138,22398,1,,
160,1605,3,1131,22403,1,,
478,1056,3,1131,22411,1,,
3,51,9,1115,22414,1,,
445,428,9,832,22426,1,,
425,547,2,-83,22443,1,,
221,240,10,1088,22450,1,,
288,2309,2,1123,22451,1,,
479,3202,2,1147,22455,1,,
227,1984,2,990,22457,1,,
417,195,4,1088,22466,1,,
234,131,10,939,22477,1,,
426,617,2,1113,22488,1,,
441,319,12,939,22494,1,,
441,-1,-1,-999,22494,2,v14_piggyback,2.0,22494,0
130,1434,10,1150,22503,1,,
4,30,9,939,22507,1,,
289,20,8,1173,22517,1,,
289,128,6,1173,22517,1,,
161,75,12,1171,22522,1,,
409,92,4,1173,22524,1,,
153,16,3,939,22528,1,,
424,519,8,939,22540,1,,
217,1922,2,1173,22541,1,,
131,1,8,939,22552,1,,
415,167,10,1157,22558,1,,
443,380,7,1142,22590,1,,
54,1519,2,1173,22595,1,,
461,752,10,1157,22595,1,,
440,311,12,1138,22601,1,,
411,111,2,1180,22605,1,,
419,234,8,1171,22609,1,,
419,-1,-1,-999,22609,2,v14_piggyback,7.0,22609,0
333,2548,2,1139,22618,1,,
42,5,11,1184,22624,1,,
414,154,10,1185,22636,1,,
300,26,1,1116,22641,1,,
109,110,6,1185,22648,1,,
400,742,1,1180,22656,1,,
400,768,3,1178,22656,1,,
298,15,4,1157,22657,1,,
290,229,12,1129,22659,1,,
291,211,8,1192,22673,1,,
299,2366,4,1129,22680,1,,
435,1137,3,1171,22680,1,,
136,1470,3,952,22688,1,,
471,927,3,1185,22696,1,,
399,2859,3,952,22715,1,,
122,1394,2,898,22717,1,,
485,1162,2,898,22721,1,,
104,1283,2,990,22722,1,,
55,1614,4,898,22727,1,,
402,773,10,1066,22737,1,,
458,687,2,1192,22742,1,,
183,1733,3,1066,22746,1,,
384,42,10,1066,22760,1,,
0,37,1,1066,22764,1,,
244,2071,2,1131,22781,1,,
453,586,2,1096,22781,1,,
263,2176,1,1185,22792,1,,
390,266,6,1066,22792,1,,
443,384,8,1159,22804,1,,
443,-1,-1,-999,22804,2,v14_piggyback,6.0,22804,0
153,1567,4,1182,22810,1,,
385,52,1,1150,22812,1,,
383,52,10,1158,22832,1,,
44,5,7,1196,22837,1,,
440,312,10,1178,22846,1,,
440,-1,-1,-999,22846,2,v14_piggyback,2.0,22846,0
292,404,7,677,22847,1,,
344,334,10,874,22860,1,,
386,72,10,1198,22864,1,,
386,-1,-1,-999,22864,2,v14_piggyback,8.0,22864,0
2,41,5,1165,22870,1,,
2,19,6,1165,22870,1,,
362,156,3,1198,22873,1,,
461,751,12,-83,22877,1,,
420,300,1,990,22878,1,,
56,88,8,1165,22894,1,,
56,5,4,1165,22894,1,,
56,4,6,1165,22894,1,,
43,1275,6,1198,22896,1,,
40,29,1,962,22901,1,,
103,1276,11,1165,22909,1,,
301,26,6,677,22918,1,,
388,120,8,1105,22921,1,,
388,127,5,1105,22921,1,,
136,1474,6,1198,22933,1,,
303,57,11,1070,22934,1,,
473,966,1,962,22940,1,,
302,124,8,1063,22945,1,,
441,324,8,677,22957,1,,
464,799,6,1196,22966,1,,
464,-1,-1,-999,22967,2,v14_piggyback,5.0,22966,1
389,245,4,874,22967,1,,
358,12,1,874,22977,1,,
382,17,4,874,22985,1,,
382,-1,-1,-999,22985,2,v14_piggyback,7.0,22985,0
400,768,4,1201,22992,1,,
151,1555,1,874,22995,1,,
391,264,11,1201,23011,1,,
485,1170,6,1080,23014,1,,
387,171,7,1117,23017,1,,
470,912,10,1128,23033,1,,
3,41,8,1048,23040,1,,
384,17,8,874,23046,1,,
471,922,10,952,23049,1,,
204,1847,2,1201,23053,1,,
153,16,6,1048,23059,1,,
4,9,6,1128,23061,1,,
445,417,6,1048,23069,1,,
422,341,7,993,23081,1,,
390,264,9,993,23096,1,,
304,54,4,1117,23096,1,,
244,2070,4,1148,23100,1,,
469,888,5,1148,23109,1,,
5,41,8,1168,23110,1,,
447,460,7,1204,23120,1,,
270,2217,2,1168,23122,1,,
190,1770,4,1165,23130,1,,
264,162,3,1183,23132,1,,
488,3251,3,1048,23136,1,,
385,72,4,1168,23143,1,,
385,-1,-1,-999,23143,2,v14_piggyback,2.0,23143,0
453,593,4,1083,23152,1,,
442,356,6,940,23164,1,,
285,2292,2,677,23169,1,,
326,451,2,1048,23173,1,,
249,2095,2,1048,23179,1,,
421,368,4,1204,23180,1,,
200,144,7,993,23199,1,,
461,761,4,1195,23208,1,,
441,331,8,1148,23218,1,,
441,-1,-1,-999,23218,2,v14_piggyback,1.0,23218,0
458,687,3,993,23218,1,,
389,245,5,1168,23229,1,,
485,1170,8,1048,23229,1,,
485,-1,-1,-999,23229,2,v14_piggyback,2.0,23229,0
440,281,10,874,23235,1,,
182,1727,3,1195,23243,1,,
70,2155,1,1063,23254,1,,
33,2596,2,1083,23258,1,,
33,30,12,1223,23258,1,,
151,1553,5,629,23262,1,,
420,293,6,1218,23274,1,,
470,913,10,940,23274,1,,
135,147,2,1218,23281,1,,
352,2646,2,993,23288,1,,
327,645,2,1137,23289,1,,
473,959,9,1012,23290,1,,
422,2957,2,1063,23307,1,,
471,925,8,1128,23319,1,,
471,922,8,1083,23319,1,,
471,-1,-1,-999,23319,2,v14_piggyback,6.0,23319,0
384,32,8,1219,23333,1,,
384,-1,-1,-999,23333,2,v14_piggyback,2.0,23333,0
445,432,8,587,23347,1,,
227,1984,2,1218,23350,1,,
469,890,2,1149,23351,1,,
472,949,4,940,23351,1,,
472,-1,-1,-999,23351,2,v14_piggyback,3.0,23351,0
464,799,4,1196,23366,1,,
383,32,2,1219,23368,1,,
383,42,8,1226,23368,1,,
329,2526,2,1218,23384,1,,
288,677,7,1217,23387,1,,
244,59,6,587,23398,1,,
358,12,5,587,23410,1,,
414,158,1,993,23417,1,,
443,384,1,1159,23422,1,,
390,236,8,1229,23425,1,,
217,1918,3,1229,23433,1,,
320,0,1,1204,23437,1,,
459,707,12,1212,23439,1,,
459,-1,-1,-999,23439,2,v14_piggyback,3.0,23439,0
282,20,10,1212,23455,1,,
282,-1,-1,-999,23456,2,v14_piggyback,2.0,23455,1
46,5,10,1212,23472,1,,
348,651,8,894,23477,1,,
418,232,5,1046,23484,1,,
418,-1,-1,-999,23484,2,v14_piggyback,2.0,23484,0
126,1413,4,1046,23493,1,,
353,713,10,1035,23495,1,,
290,2318,4,1046,23502,1,,
349,592,7,862,23512,1,,
391,266,6,833,23521,1,,
391,-1,-1,-999,23521,2,v14_piggyback,4.0,23521,0
385,34,7,1229,23533,1,,
421,369,7,1212,23540,1,,
446,450,4,1046,23542,1,,
446,-1,-1,-999,23542,2,v14_piggyback,1.0,23542,0
410,97,4,1212,23556,1,,
2,37,5,833,23558,1,,
417,217,5,833,23571,1,,
458,681,10,1212,23573,1,,
458,-1,-1,-999,23573,2,v14_piggyback,2.0,23573,0
441,325,6,587,23586,1,,
441,328,2,587,23586,1,,
444,394,8,1232,23601,1,,
321,61,8,1200,23605,1,,
408,48,12,1216,23614,1,,
408,-1,-1,-999,23614,2,v14_piggyback,11.0,23614,0
445,428,6,1172,23633,1,,
445,417,8,1175,23633,1,,
445,-1,-1,-999,23634,2,v14_piggyback,4.0,23633,1
113,3,7,1175,23653,1,,
113,1339,6,1175,23653,1,,
383,2791,1,1154,23664,1,,
168,1650,10,1175,23670,1,,
94,1223,6,1191,23678,1,,
283,77,10,1037,23686,1,,
352,580,10,1191,23695,1,,
170,1661,3,1191,23703,1,,
393,316,10,1037,23705,1,,
284,2,9,1170,23718,1,,
162,126,9,1170,23733,1,,
412,125,8,1170,23747,1,,
412,-1,-1,-999,23748,2,v14_piggyback,5.0,23747,1
469,900,10,587,23754,1,,
411,93,2,1232,23766,1,,
411,96,4,1175,23766,1,,
411,-1,-1,-999,23766,2,v14_piggyback,3.0,23766,0
268,33,12,1152,23766,1,,
312,545,6,1175,23777,1,,
128,116,8,1037,23807,1,,
466,847,3,833,23815,1,,
121,1387,4,59,23824,1,,
285,128,6,1133,23834,1,,
285,20,9,1090,23834,1,,
435,1110,7,1037,23837,1,,
413,133,4,587,23847,1,,
382,18,7,1133,23847,1,,
471,929,8,1046,23850,1,,
447,3069,2,1046,23862,1,,
190,1769,2,1046,23871,1,,
407,1132,4,1172,23874,1,,
422,369,3,1212,23895,1,,
126,1415,9,59,23896,1,,
478,1070,4,1212,23904,1,,
116,1359,3,1175,23937,1,,
441,320,9,1175,23958,1,,
444,388,9,1172,23973,1,,
444,-1,-1,-999,23974,2,v14_piggyback,6.0,23973,1
410,93,6,1232,23985,1,,
472,949,4,940,23988,1,,
472,943,10,1046,23988,1,,
288,2,10,1258,23991,1,,
288,36,6,1190,23991,1,,
288,27,8,1190,23991,1,,
460,734,1,1037,23997,1,,
349,2631,4,1152,24010,1,,
349,651,8,1090,24010,1,,
437,3020,2,1258,24029,1,,
437,140,10,1190,24029,1,,
437,-1,-1,-999,24029,2,v14_piggyback,1.0,24029,0
378,982,3,1212,24041,1,,
449,501,11,1090,24046,1,,
449,-1,-1,-999,24046,2,v14_piggyback,1.0,24046,0
384,34,8,1170,24070,1,,
384,18,8,1272,24070,1,,
438,227,8,1190,24084,1,,
439,268,3,1175,24087,1,,
89,8,12,1190,24102,1,,
282,2279,3,1197,24108,1,,
459,705,2,853,24111,1,,
470,914,8,1190,24116,1,,
170,10,6,1152,24131,1,,
170,1663,3,1090,24131,1,,
94,1219,8,1199,24145,1,,
446,437,2,1143,24161,1,,
446,436,10,1216,24161,1,,
446,-1,-1,-999,24161,2,v14_piggyback,1.0,24161,0
418,232,10,1170,24161,1,,
418,-1,-1,-999,24161,2,v14_piggyback,3.0,24161,0
273,2232,2,587,24162,1,,
328,2519,1,1212,24167,1,,
121,1388,5,853,24171,1,,
240,2052,2,1232,24174,1,,
300,2368,1,1175,24207,1,,
300,-1,-1,-999,24207,2,v14_piggyback,8.0,24207,0
129,115,7,1270,24215,1,,
2,41,7,1270,24227,1,,
408,48,1,1179,24233,1,,
408,-1,-1,-999,24233,2,v14_piggyback,1.0,24233,0
485,1170,1,1048,24236,1,,
407,48,1,1179,24238,1,,
441,331,8,1046,24252,1,,
441,-1,-1,-999,24252,2,v14_piggyback,1.0,24252,0
450,531,6,1090,24261,1,,
413,114,5,1152,24272,1,,
486,1174,6,1133,24283,1,,
122,1391,4,1258,24292,1,,
78,7,6,1294,24304,1,,
283,2282,3,1090,24312,1,,
453,588,5,1133,24322,1,,
368,2727,2,1152,24329,1,,
325,448,12,1291,24330,1,,
218,1927,3,1133,24352,1,,
199,81,3,1190,24360,1,,
118,1369,3,1258,24368,1,,
232,123,12,1289,24373,1,,
363,194,10,1249,24401,1,,
409,68,11,1283,24419,1,,
159,1599,7,1289,24429,1,,
312,527,6,1283,24432,1,,
298,15,6,1289,24446,1,,
403,976,9,1283,24447,1,,
105,1289,5,1289,24456,1,,
301,26,8,1250,24471,1,,
0,22,4,1283,24475,1,,
3,3,6,1207,24483,1,,
151,345,2,1249,24500,1,,
151,1555,2,1283,24500,1,,
233,118,12,1207,24501,1,,
364,254,2,1247,24514,1,,
193,1787,4,1283,24523,1,,
42,1266,10,1126,24531,1,,
42,-1,-1,-999,24531,2,v14_piggyback,1.0,24531,0
448,492,4,1207,24540,1,,
448,-1,-1,-999,24540,2,v14_piggyback,1.0,24540,0
192,67,8,1302,24540,1,,
480,1093,2,1298,24547,1,,
319,850,11,1126,24557,1,,
457,3109,2,1302,24560,1,,
282,2277,2,1258,24574,1,,
442,3041,2,1190,24581,1,,
224,286,2,1253,24588,1,,
350,2637,1,1170,24593,1,,
225,286,7,1267,24606,1,,
407,56,2,1246,24611,1,,
407,35,1,1181,24611,1,,
5,9,9,1285,24624,1,,
446,443,1,1199,24639,1,,
446,-1,-1,-999,24639,2,v14_piggyback,1.0,24639,0
229,420,10,1126,24654,1,,
403,2875,3,328,24660,1,,
384,21,2,1285,24660,1,,
445,429,1,1302,24665,1,,
230,205,4,1257,24669,1,,
303,152,4,1233,24678,1,,
387,127,4,1305,24687,1,,
386,53,6,1257,24701,1,,
386,146,2,1257,24701,1,,
141,1499,3,1257,24709,1,,
180,166,7,1202,24710,1,,
459,705,2,1208,24719,1,,
356,2673,4,1202,24719,1,,
10,1917,2,1202,24726,1,,
322,2484,2,1257,24730,1,,
274,2238,2,1233,24737,1,,
466,841,5,1206,24750,1,,
457,664,6,1176,24772,1,,
66,1939,2,1008,24779,1,,
66,-1,-1,-999,24779,2,v14_piggyback,1.0,24779,0
236,2031,1,1008,24784,1,,
58,4,6,1288,24796,1,,
60,7,9,1235,24811,1,,
60,-1,-1,-999,24811,2,v14_piggyback,1.0,24811,0
330,2529,2,1235,24817,1,,
442,364,10,1206,24834,1,,
442,-1,-1,-999,24834,2,v14_piggyback,1.0,24834,0
408,56,5,1246,24835,1,,
408,35,5,1181,24835,1,,
408,-1,-1,-999,24836,2,v14_piggyback,8.0,24835,1
350,2640,2,1095,24840,1,,
161,1607,2,1300,24842,1,,
18,1291,2,1257,24844,1,,
61,1762,2,992,24857,1,,
444,388,1,1172,24858,1,,
462,764,4,1280,24868,1,,
183,104,5,1300,24878,1,,
449,509,8,1280,24892,1,,
129,116,7,1327,24893,1,,
445,428,3,1285,24909,1,,
158,192,12,1280,24911,1,,
454,616,2,1327,24918,1,,
454,-1,-1,-999,24918,2,v14_piggyback,1.0,24918,0
107,1303,2,1327,24924,1,,
441,343,2,1090,24942,1,,
273,297,12,1293,24963,1,,
46,5,10,1293,24980,1,,
440,282,7,1312,24982,1,,
133,1450,3,1309,24988,1,,
320,71,2,1293,24995,1,,
78,58,2,1312,24997,1,,
78,7,6,1312,24997,1,,
321,0,7,1309,25007,1,,
142,43,7,1312,25009,1,,
62,7,4,1264,25024,1,,
298,15,6,1261,25027,1,,
466,853,5,975,25047,1,,
466,842,10,1008,25047,1,,
305,333,2,1264,25056,1,,
272,230,11,1240,25073,1,,
198,317,6,1261,25074,1,,
198,166,10,1261,25074,1,,
53,4,2,1317,25085,1,,
53,88,4,1261,25085,1,,
300,57,9,1265,25090,1,,
50,4,1,1309,25093,1,,
50,9,12,1342,25093,1,,
450,524,6,1261,25097,1,,
450,-1,-1,-999,25097,2,v14_piggyback,6.0,25097,0
268,2203,2,1336,25113,1,,
209,1871,2,1317,25116,1,,
141,1502,4,1231,25121,1,,
141,107,6,1242,25121,1,,
136,1474,8,1240,25142,1,,
164,10,4,1334,25153,1,,
448,489,6,1126,25154,1,,
306,256,4,1334,25162,1,,
274,277,6,1242,25165,1,,
93,13,6,1345,25177,1,,
441,328,10,1323,25178,1,,
314,712,10,1242,25193,1,,
413,145,5,1342,25204,1,,
322,2486,2,1242,25210,1,,
110,1324,12,1227,25213,1,,
307,361,1,1342,25216,1,,
440,312,6,1318,25221,1,,
269,33,10,1227,25229,1,,
200,185,4,1243,25231,1,,
228,1990,2,1278,25236,1,,
479,1079,4,1278,25256,1,,
386,146,8,1236,25270,1,,
386,-1,-1,-999,25270,2,v14_piggyback,3.0,25270,0
342,2595,1,1309,25289,1,,
142,1507,4,1317,25306,1,,
338,298,6,1290,25312,1,,
408,56,4,1300,25315,1,,
408,-1,-1,-999,25316,2,v14_piggyback,2.0,25315,1
443,382,2,1290,25319,1,,
466,842,10,1265,25326,1,,
466,853,2,1336,25326,1,,
466,-1,-1,-999,25326,2,v14_piggyback,4.0,25326,0
340,6,6,1286,25330,1,,
340,-1,-1,-999,25331,2,v14_piggyback,6.0,25330,1
442,362,8,1335,25340,1,,
337,6,5,1310,25343,1,,
439,274,4,1163,25349,1,,
388,120,5,1163,25360,1,,
388,-1,-1,-999,25360,2,v14_piggyback,1.0,25360,0
332,697,11,1239,25360,1,,
265,103,2,1163,25366,1,,
320,0,2,1239,25367,1,,
410,96,9,1239,25382,1,,
471,935,10,1239,25398,1,,
339,6,4,1239,25408,1,,
441,328,6,1278,25414,1,,
441,-1,-1,-999,25414,2,v14_piggyback,5.0,25414,0
367,372,10,1360,25424,1,,
454,616,7,1278,25429,1,,
454,-1,-1,-999,25429,2,v14_piggyback,1.0,25429,0
201,149,7,1214,25456,1,,
201,165,10,1214,25456,1,,
135,107,10,1214,25473,1,,
314,2445,4,1215,25475,1,,
59,1706,2,1214,25479,1,,
457,675,4,1214,25488,1,,
409,76,10,1360,25504,1,,
240,157,10,1214,25505,1,,
450,524,2,1261,25516,1,,
450,531,4,1325,25516,1,,
100,1263,2,1354,25523,1,,
411,96,8,1248,25527,1,,
459,708,7,1214,25536,1,,
249,157,4,1041,25545,1,,
341,6,6,1041,25562,1,,
473,966,2,1041,25578,1,,
479,1075,8,1236,25605,1,,
412,101,8,1346,25609,1,,
414,142,12,1259,25624,1,,
413,135,4,1315,25633,1,,
248,2094,4,1248,25636,1,,
443,382,5,1259,25644,1,,
342,244,9,1153,25651,1,,
326,530,8,1259,25658,1,,
470,919,8,1153,25665,1,,
442,363,10,1228,25674,1,,
239,157,6,1153,25676,1,,
415,150,7,1301,25687,1,,
321,0,5,1153,25690,1,,
321,-1,-1,-999,25690,2,v14_piggyback,5.0,25690,0
439,280,4,1315,25696,1,,
440,3035,2,1345,25697,1,,
219,1928,2,1041,25701,1,,
432,936,5,1314,25732,1,,
230,1999,4,1304,25741,1,,
314,2445,2,1174,25748,1,,
217,23,7,1353,25749,1,,
386,94,6,1215,25767,1,,
386,94,9,1364,25767,1,,
386,-1,-1,-999,25767,2,v14_piggyback,1.0,25767,0
157,65,6,1353,25773,1,,
411,106,2,1153,25792,1,,
411,106,7,1304,25792,1,,
411,101,9,1314,25792,1,,
100,1258,9,1306,25797,1,,
416,169,6,1281,25801,1,,
226,25,5,1380,25802,1,,
450,521,8,1041,25811,1,,
459,715,6,1354,25823,1,,
417,195,9,1262,25825,1,,
387,171,6,1367,25836,1,,
412,125,10,1213,25843,1,,
412,-1,-1,-999,25843,2,v14_piggyback,1.0,25843,0
413,142,2,1248,25850,1,,
388,171,11,1371,25854,1,,
221,240,7,1282,25863,1,,
0,51,2,1282,25869,1,,
418,203,4,1365,25873,1,,
404,978,8,1282,25883,1,,
441,328,1,1278,25901,1,,
219,1934,2,719,25910,1,,
414,148,9,1186,25916,1,,
415,161,10,1348,25917,1,,
445,421,3,1186,25926,1,,
449,515,8,1372,25932,1,,
225,23,7,1186,25938,1,,
332,2539,2,1348,25948,1,,
42,5,8,1237,25966,1,,
42,3,9,1237,25966,1,,
392,266,9,1351,25966,1,,
362,172,9,1237,25981,1,,
419,234,6,1277,25993,1,,
80,58,7,1237,25994,1,,
437,180,8,1277,26007,1,,
408,48,8,1237,26008,1,,
408,-1,-1,-999,26008,2,v14_piggyback,8.0,26008,0
282,20,10,1308,26009,1,,
409,68,5,1384,26018,1,,
1,46,6,1376,26021,1,,
306,361,3,1237,26026,1,,
454,604,8,1237,26040,1,,
454,-1,-1,-999,26040,2,v14_piggyback,1.0,26040,0
481,1102,2,1277,26046,1,,
360,60,6,1297,26051,1,,
180,1721,2,1277,26052,1,,
235,131,10,1375,26067,1,,
268,2204,1,1297,26073,1,,
436,1142,10,1362,26086,1,,
450,524,7,1348,26098,1,,
283,470,4,1313,26103,1,,
283,2,9,1382,26103,1,,
283,-1,-1,-999,26103,2,v14_piggyback,6.0,26103,0
150,1552,12,1145,26119,1,,
411,112,10,1282,26129,1,,
411,102,8,1308,26129,1,,
416,161,2,1348,26136,1,,
416,169,8,1145,26136,1,,
358,49,10,1361,26138,1,,
384,42,5,1351,26139,1,,
384,-1,-1,-999,26139,2,v14_piggyback,1.0,26139,0
418,225,8,1372,26153,1,,
393,352,10,1177,26155,1,,
229,95,5,1351,26166,1,,
413,148,3,1308,26179,1,,
413,145,5,1351,26179,1,,
413,-1,-1,-999,26180,2,v14_piggyback,7.0,26179,1
455,632,4,1376,26193,1,,
141,43,6,1366,26210,1,,
441,324,9,1249,26218,1,,
441,328,8,1298,26218,1,,
394,367,12,1102,26220,1,,
371,650,7,1366,26223,1,,
414,148,5,1308,26230,1,,
386,120,10,1214,26234,1,,
386,-1,-1,-999,26234,2,v14_piggyback,2.0,26234,0
388,80,8,1277,26237,1,,
412,133,6,1277,26249,1,,
466,842,2,1361,26250,1,,
445,419,12,1351,26266,1,,
274,2234,3,1177,26274,1,,
362,60,10,1238,26277,1,,
469,889,8,1238,26292,1,,
437,186,8,1297,26306,1,,
98,1245,7,1238,26320,1,,
164,14,4,1379,26323,1,,
179,1714,2,1238,26327,1,,
385,21,8,1130,26349,1,,
385,42,6,1225,26349,1,,
372,596,12,1292,26356,1,,
39,63,10,1339,26365,1,,
465,821,8,1130,26379,1,,
481,1101,4,1321,26381,1,,
481,1103,8,1145,26381,1,,
415,150,2,1145,26388,1,,
432,893,3,1379,26396,1,,
471,929,2,1145,26413,1,,
471,924,9,1330,26413,1,,
471,-1,-1,-999,26414,2,v14_piggyback,1.0,26413,1
419,235,4,1130,26425,1,,
419,239,6,1225,26425,1,,
284,20,11,1230,26431,1,,
284,-1,-1,-999,26431,2,v14_piggyback,5.0,26431,0
392,326,5,1339,26435,1,,
370,529,10,1330,26447,1,,
3,37,8,1225,26449,1,,
411,112,4,1177,26458,1,,
408,68,3,1384,26461,1,,
408,-1,-1,-999,26461,2,v14_piggyback,3.0,26461,0
188,1758,4,1225,26467,1,,
46,1350,4,834,26470,1,,
488,1205,2,1376,26477,1,,
157,65,6,1330,26479,1,,
454,612,9,1375,26485,1,,
454,-1,-1,-999,26486,2,v14_piggyback,1.0,26485,1
409,79,2,834,26492,1,,
285,77,8,1341,26493,1,,
455,633,6,1130,26506,1,,
487,1191,8,1401,26517,1,,
450,531,12,1127,26524,1,,
450,-1,-1,-999,26524,2,v14_piggyback,5.0,26524,0
378,2766,2,1401,26545,1,,
469,898,5,1401,26556,1,,
371,670,12,1127,26557,1,,
446,446,6,1401,26567,1,,
446,-1,-1,-999,26567,2,v14_piggyback,1.0,26567,0
305,2394,2,1225,26573,1,,
248,284,4,1406,26576,1,,
115,1349,4,1406,26585,1,,
282,2,9,1127,26602,1,,
282,36,8,1412,26602,1,,
414,138,11,1339,26614,1,,
160,1604,3,1406,26616,1,,
230,276,11,1127,26619,1,,
445,429,4,1130,26635,1,,
445,425,10,1225,26635,1,,
420,289,8,1404,26635,1,,
445,-1,-1,-999,26635,2,v14_piggyback,1.0,26635,0
389,245,4,1230,26644,1,,
441,332,6,1225,26647,1,,
388,94,9,1230,26660,1,,
385,2798,2,1307,26672,1,,
385,-1,-1,-999,26672,2,v14_piggyback,5.0,26672,0
98,1249,12,834,26680,1,,
465,828,11,998,26691,1,,
283,2,6,1275,26703,1,,
283,-1,-1,-999,26703,2,v14_piggyback,6.0,26703,0
306,212,3,1409,26708,1,,
130,177,12,1403,26712,1,,
130,115,4,1403,26712,1,,
224,240,4,1275,26712,1,,
479,1075,7,1299,26743,1,,
138,1485,3,1275,26747,1,,
179,1716,6,520,26758,1,,
384,42,9,1299,26758,1,,
128,39,4,1387,26767,1,,
300,57,5,1299,26769,1,,
146,1528,3,1403,26775,1,,
457,662,3,1299,26777,1,,
390,242,10,1326,26797,1,,
487,1194,2,1268,26801,1,,
99,1255,2,1275,26804,1,,
260,2159,2,1387,26829,1,,
399,2857,2,1230,26831,1,,
167,1648,3,1299,26847,1,,
176,1694,1,1403,26853,1,,
169,1654,1,1403,26859,1,,
289,2,10,1373,26892,1,,
315,804,9,1434,26895,1,,
92,24,8,1373,26907,1,,
301,54,10,1434,26912,1,,
444,388,3,1355,26915,1,,
129,1430,3,1434,26920,1,,
412,2914,2,1275,26921,1,,
235,2027,1,1220,26925,1,,
320,0,9,1373,26937,1,,
320,-1,-1,-999,26937,2,v14_piggyback,2.0,26937,0
441,324,6,1434,26942,1,,
441,-1,-1,-999,26942,2,v14_piggyback,6.0,26942,0
100,1260,2,1220,26943,1,,
389,208,4,1355,26963,1,,
408,35,9,1130,26973,1,,
408,48,1,1225,26973,1,,
408,-1,-1,-999,26973,2,v14_piggyback,10.0,26973,0
414,150,5,1145,26973,1,,
414,-1,-1,-999,26973,2,v14_piggyback,4.0,26973,0
256,411,8,1220,26974,1,,
313,613,5,811,26992,1,,
313,527,8,1052,26992,1,,
224,83,1,1391,26999,1,,
419,252,12,1052,27011,1,,
474,985,9,1052,27027,1,,
133,1453,6,1431,27029,1,,
369,452,6,1431,27041,1,,
338,6,6,1429,27044,1,,
338,244,5,1052,27044,1,,
338,-1,-1,-999,27044,2,v14_piggyback,6.0,27044,0
229,400,7,1431,27054,1,,
105,115,7,1429,27064,1,,
60,7,6,1438,27091,1,,
60,-1,-1,-999,27091,2,v14_piggyback,1.0,27091,0
141,107,12,1431,27099,1,,
141,147,10,1431,27099,1,,
141,43,12,1431,27099,1,,
231,276,9,1340,27122,1,,
450,540,9,1404,27127,1,,
413,145,8,1340,27136,1,,
465,825,5,811,27146,1,,
418,232,6,1340,27147,1,,
119,1,5,1340,27157,1,,
158,151,7,1052,27159,1,,
42,5,8,1421,27164,1,,
479,3205,4,1052,27168,1,,
200,144,3,811,27177,1,,
47,5,11,1390,27206,1,,
424,505,6,1421,27218,1,,
483,1145,2,1390,27225,1,,
188,1760,2,1331,27235,1,,
417,215,10,1390,27241,1,,
446,437,11,1406,27244,1,,
446,-1,-1,-999,27244,2,v14_piggyback,1.0,27244,0
211,231,5,1390,27252,1,,
176,192,3,1431,27254,1,,
176,1695,2,1431,27254,1,,
444,3052,3,1438,27263,1,,
444,397,2,1416,27263,1,,
445,426,3,1299,27280,1,,
242,2062,2,1434,27298,1,,
199,165,1,1396,27301,1,,
199,165,4,1461,27301,1,,
386,55,3,1444,27306,1,,
386,-1,-1,-999,27306,2,v14_piggyback,3.0,27306,0
294,2339,2,1462,27319,1,,
2,3,5,1458,27321,1,,
2,30,3,1458,27321,1,,
230,123,2,1444,27328,1,,
419,235,10,1441,27345,1,,
1,19,1,1299,27352,1,,
474,981,2,1112,27364,1,,
474,973,4,1462,27364,1,,
393,2830,2,1340,27381,1,,
291,291,10,1446,27385,1,,
309,2416,1,1299,27391,1,,
119,1374,8,665,27395,1,,
4,37,8,1410,27404,1,,
388,80,7,1450,27408,1,,
388,-1,-1,-999,27408,2,v14_piggyback,3.0,27408,0
151,1554,2,1388,27411,1,,
200,81,4,1450,27424,1,,
420,289,6,1166,27435,1,,
385,72,10,1464,27440,1,,
108,1313,8,1464,27455,1,,
201,1831,8,1381,27459,1,,
201,149,4,1166,27459,1,,
408,40,3,1398,27480,1,,
408,68,7,1401,27480,1,,
408,-1,-1,-999,27481,2,v14_piggyback,9.0,27480,1
5,37,10,1381,27483,1,,
5,30,6,1166,27483,1,,
320,0,5,1166,27493,1,,
305,256,4,1166,27503,1,,
306,256,8,1082,27507,1,,
273,330,6,1082,27519,1,,
360,2692,1,1381,27524,1,,
366,338,5,1082,27529,1,,
366,-1,-1,-999,27529,2,v14_piggyback,1.0,27529,0
483,1145,2,1388,27533,1,,
283,2,8,1082,27555,1,,
387,171,3,1082,27567,1,,
321,0,7,1465,27572,1,,
321,0,8,1437,27572,1,,
407,1151,12,1471,27576,1,,
133,1,6,1471,27587,1,,
323,0,10,1368,27600,1,,
0,22,8,1476,27608,1,,
294,2338,4,1332,27613,1,,
294,2339,2,1118,27613,1,,
294,2337,2,541,27613,1,,
288,20,4,1471,27618,1,,
364,194,12,1435,27632,1,,
272,230,9,1411,27647,1,,
475,1006,5,875,27652,1,,
363,69,7,1356,27660,1,,
363,-1,-1,-999,27660,2,v14_piggyback,4.0,27660,0
445,413,4,1390,27668,1,,
445,428,7,1417,27668,1,,
76,129,4,1435,27669,1,,
434,947,3,1471,27673,1,,
434,3007,1,1483,27673,1,,
265,90,6,1436,27684,1,,
440,305,9,1483,27688,1,,
202,260,11,1417,27710,1,,
433,995,12,1405,27722,1,,
419,267,7,1417,27723,1,,
392,456,4,1417,27732,1,,
111,1,5,1221,27745,1,,
111,1,10,1034,27745,1,,
64,1895,4,1368,27751,1,,
128,141,1,1465,27767,1,,
144,1516,2,1411,27769,1,,
485,1169,2,1417,27774,1,,
119,1375,6,875,27775,1,,
119,1375,12,1476,27775,1,,
119,1,4,1483,27775,1,,
119,-1,-1,-999,27776,2,v14_piggyback,1.0,27775,1
326,459,2,1417,27781,1,,
284,2,11,1221,27793,1,,
365,172,3,1329,27810,1,,
291,2322,1,1417,27814,1,,
361,69,1,1329,27815,1,,
361,-1,-1,-999,27816,2,v14_piggyback,11.0,27815,1
4,19,12,1034,27819,1,,
395,2841,2,1205,27826,1,,
65,1929,2,518,27837,1,,
437,164,5,1359,27844,1,,
387,132,8,1435,27858,1,,
432,931,10,1034,27858,1,,
362,119,2,1205,27864,1,,
273,278,1,1245,27873,1,,
385,55,4,1483,27875,1,,
385,53,6,1034,27875,1,,
397,666,7,1254,27887,1,,
420,283,8,1221,27901,1,,
396,595,6,1457,27913,1,,
332,805,6,1221,27924,1,,
364,69,5,1329,27926,1,,
364,2709,2,1245,27926,1,,
364,254,9,1359,27926,1,,
364,119,1,1205,27926,1,,
360,11,1,1415,27931,1,,
475,1007,10,1254,27941,1,,
436,1142,5,1449,27942,1,,
202,1838,2,1119,27948,1,,
202,1838,3,1244,27948,1,,
54,88,10,1424,27965,1,,
440,311,10,1221,27968,1,,
440,3035,2,1254,27968,1,,
358,11,10,1424,27981,1,,
435,1137,6,1448,27992,1,,
476,1029,10,841,27997,1,,
419,283,9,1019,27999,1,,
64,1895,2,1069,28004,1,,
366,254,11,1415,28009,1,,
366,-1,-1,-999,28009,2,v14_piggyback,1.0,28009,0
203,1839,9,1019,28015,1,,
410,97,4,841,28021,1,,
460,722,4,1448,28025,1,,
460,-1,-1,-999,28025,2,v14_piggyback,2.0,28025,0
231,2004,2,1448,28032,1,,
409,87,8,1482,28035,1,,
409,-1,-1,-999,28035,2,v14_piggyback,4.0,28035,0
472,943,3,965,28044,1,,
384,52,7,1019,28050,1,,
326,2507,2,1241,28051,1,,
383,18,11,1478,28068,1,,
485,1169,8,841,28072,1,,
288,2308,2,965,28079,1,,
408,68,4,875,28081,1,,
408,2895,1,1457,28081,1,,
408,2897,2,1457,28081,1,,
404,1035,4,1405,28112,1,,
473,962,6,1254,28123,1,,
473,-1,-1,-999,28123,2,v14_piggyback,1.0,28123,0
437,1142,2,1449,28130,1,,
437,179,8,1415,28130,1,,
363,69,6,1034,28135,1,,
412,102,11,1287,28148,1,,
348,592,10,1295,28164,1,,
246,64,2,1221,28164,1,,
246,279,3,1034,28164,1,,
282,27,4,1019,28174,1,,
289,20,5,1497,28180,1,,
468,881,10,1287,28181,1,,
362,172,1,965,28185,1,,
449,508,8,797,28195,1,,
480,1095,2,1487,28204,1,,
480,-1,-1,-999,28204,2,v14_piggyback,2.0,28204,0
283,2,8,1287,28209,1,,
283,-1,-1,-999,28209,2,v14_piggyback,20.0,28209,0
199,1819,4,1254,28209,1,,
397,640,6,797,28232,1,,
397,619,10,1287,28232,1,,
356,2670,2,1034,28249,1,,
420,2949,2,1413,28251,1,,
420,300,8,797,28251,1,,
420,-1,-1,-999,28251,2,v14_piggyback,7.0,28251,0
320,213,10,1279,28258,1,,
227,25,7,1279,28270,1,,
360,60,10,797,28283,1,,
360,12,4,1295,28283,1,,
360,11,9,1287,28283,1,,
360,-1,-1,-999,28283,2,v14_piggyback,4.0,28283,0
416,159,7,1287,28296,1,,
467,866,2,875,28296,1,,
286,2,7,1279,28299,1,,
286,-1,-1,-999,28299,2,v14_piggyback,20.0,28299,0
144,1518,6,1287,28307,1,,
154,1572,2,875,28310,1,,
221,23,10,1453,28317,1,,
221,1945,2,1453,28317,1,,
191,1774,2,1221,28320,1,,
476,1011,10,965,28334,1,,
284,2,5,1279,28344,1,,
284,-1,-1,-999,28344,2,v14_piggyback,9.0,28344,0
410,92,2,1487,28358,1,,
410,74,6,1279,28358,1,,
256,221,6,1453,28377,1,,
256,259,6,1508,28377,1,,
257,471,1,875,28380,1,,
242,64,4,1479,28390,1,,
437,186,8,1287,28390,1,,
437,-1,-1,-999,28390,2,v14_piggyback,7.0,28390,0
429,808,6,1276,28409,1,,
418,234,2,1303,28411,1,,
264,183,4,1210,28433,1,,
264,162,10,1210,28433,1,,
349,592,5,1486,28435,1,,
306,361,4,1276,28444,1,,
389,250,11,1210,28451,1,,
442,3042,4,1287,28453,1,,
217,83,8,1210,28465,1,,
417,222,10,1507,28481,1,,
272,2223,3,1287,28481,1,,
56,1643,3,797,28489,1,,
444,397,6,1507,28512,1,,
383,2789,2,1484,28518,1,,
47,1357,5,1210,28525,1,,
323,0,6,1210,28536,1,,
323,-1,-1,-999,28536,2,v14_piggyback,20.0,28536,0
460,722,4,1448,28547,1,,
460,726,3,1413,28547,1,,
460,738,8,1276,28547,1,,
288,2,2,1287,28557,1,,
424,532,2,1287,28564,1,,
459,707,2,1287,28571,1,,
409,74,10,1210,28577,1,,
463,789,3,1508,28585,1,,
384,31,10,860,28593,1,,
153,1567,3,1453,28608,1,,
468,873,10,860,28615,1,,
6,3163,2,1279,28623,1,,
6,19,4,1501,28623,1,,
443,365,4,860,28625,1,,
472,943,2,1370,28637,1,,
472,-1,-1,-999,28637,2,v14_piggyback,1.0,28637,0
467,868,5,1075,28640,1,,
467,3150,4,1303,28640,1,,
419,2945,2,1482,28651,1,,
473,968,9,1402,28655,1,,
416,182,2,1423,28669,1,,
320,0,1,1210,28680,1,,
201,1829,2,1506,28681,1,,
48,1397,2,1295,28683,1,,
440,292,5,1506,28692,1,,
204,1845,2,1256,28699,1,,
49,1368,7,1062,28716,1,,
364,2707,2,1448,28756,1,,
379,2772,3,1124,28759,1,,
264,2180,3,1344,28767,1,,
164,1628,7,1124,28772,1,,
363,172,12,1352,28775,1,,
480,1085,7,1508,28780,1,,
385,32,5,1124,28782,1,,
415,159,6,1352,28787,1,,
398,741,5,1352,28797,1,,
