pod_id,item_id,qty,order_id,processed_time,task_type,trigger,opp_score
243,316,7,-87,43,1,,
220,247,6,-64,53,1,,
220,259,10,-35,53,1,,
220,262,4,-35,53,1,,
0,0,1,-66,60,1,,
0,0,6,-87,60,1,,
0,0,5,-43,60,1,,
23,10,5,-56,63,1,,
23,1297,3,-56,63,1,,
23,3,11,-46,63,1,,
292,440,10,-55,68,1,,
247,327,6,-75,77,1,,
247,327,6,-26,77,1,,
58,46,7,-55,88,1,,
58,46,8,-47,88,1,,
100,78,11,-56,95,1,,
100,89,8,-52,95,1,,
100,84,6,-48,95,1,,
132,129,4,-75,99,1,,
132,117,12,-49,99,1,,
132,125,1,-49,99,1,,
179,186,8,-64,110,1,,
179,2001,2,-64,110,1,,
179,-1,-1,-999,110,2,v13_piggyback,0.3531578947368421
433,904,11,-56,111,1,,
242,314,10,-56,131,1,,
242,310,5,-52,131,1,,
41,19,4,-26,134,1,,
41,1369,12,-49,134,1,,
41,22,11,-98,134,1,,
59,36,6,-57,151,1,,
59,44,10,-58,151,1,,
59,41,4,-35,151,1,,
59,47,6,-35,151,1,,
59,42,5,-18,151,1,,
72,56,10,-56,158,1,,
72,1508,9,-48,158,1,,
302,2617,2,-55,167,1,,
302,462,8,-18,167,1,,
1,0,1,-43,168,1,,
1,8,8,-75,168,1,,
1,6,10,-49,168,1,,
1,5,8,-98,168,1,,
171,182,8,-56,172,1,,
244,316,7,-26,179,1,,
434,909,3,-35,187,1,,
434,903,10,-18,187,1,,
363,642,6,-51,188,1,,
430,890,10,-52,188,1,,
104,95,7,-46,201,1,,
221,247,1,-64,204,1,,
221,247,5,-47,204,1,,
221,262,4,-35,204,1,,
240,308,6,-51,213,1,,
340,570,8,-42,215,1,,
327,536,10,-35,220,1,,
64,48,5,-98,221,1,,
362,640,6,-56,226,1,,
122,114,3,-26,231,1,,
396,760,8,-55,234,1,,
364,648,6,-56,259,1,,
347,593,6,-58,266,1,,
67,1484,4,-98,270,1,,
46,36,5,-56,285,1,,
65,53,7,-58,287,1,,
246,2326,3,-98,291,1,,
38,19,6,-11,307,1,,
38,28,5,-69,307,1,,
105,1650,6,-58,310,1,,
105,-1,-1,-999,310,2,v13_piggyback,0.7022085889570552
488,1213,2,-26,319,1,,
252,338,5,-42,320,1,,
250,2347,1,-49,325,1,,
128,118,4,-42,334,1,,
375,681,6,-47,334,1,,
401,3199,2,-47,344,1,,
401,3199,3,-23,344,1,,
470,1096,5,-52,348,1,,
96,1609,3,-48,356,1,,
96,84,2,-48,356,1,,
348,593,8,-31,358,1,,
43,33,4,-23,375,1,,
66,55,6,-1,386,1,,
66,50,8,-1,386,1,,
270,387,4,-56,393,1,,
174,186,4,-64,400,1,,
117,1705,2,-1,407,1,,
117,106,9,-1,407,1,,
37,27,6,7,411,1,,
408,3239,4,-54,418,1,,
322,520,4,-58,423,1,,
108,101,6,-38,424,1,,
200,222,1,-38,427,1,,
454,1015,4,-56,431,1,,
118,112,2,-27,432,1,,
44,33,5,8,434,1,,
338,562,4,-68,450,1,,
213,248,4,-40,459,1,,
212,247,4,-47,465,1,,
214,248,4,-40,468,1,,
72,55,10,-44,479,1,,
72,61,3,-44,479,1,,
184,2028,3,-35,485,1,,
361,2963,2,-55,492,1,,
203,232,10,-44,494,1,,
32,19,1,-35,507,1,,
47,28,10,-44,510,1,,
47,37,2,-44,510,1,,
71,58,6,-14,529,1,,
71,60,8,-15,529,1,,
335,547,6,-21,540,1,,
335,2813,2,-21,540,1,,
308,481,8,-15,541,1,,
178,192,10,-96,549,1,,
307,478,9,0,554,1,,
296,2581,3,-76,557,1,,
221,263,5,-22,559,1,,
176,187,6,-76,569,1,,
390,3131,3,-56,569,1,,
65,53,12,0,570,1,,
396,3168,1,-76,574,1,,
222,265,4,1,576,1,,
409,796,8,-22,588,1,,
177,191,10,-81,591,1,,
410,801,8,-80,600,1,,
328,540,6,-81,605,1,,
422,854,3,-56,605,1,,
21,14,6,-50,622,1,,
21,16,8,-63,622,1,,
416,823,6,-44,636,1,,
416,809,4,-63,636,1,,
81,1547,2,-54,651,1,,
60,49,9,-63,653,1,,
12,1260,2,-56,655,1,,
67,56,2,-56,679,1,,
315,500,2,-40,687,1,,
17,14,4,-86,696,1,,
17,12,9,5,696,1,,
82,1547,2,-54,703,1,,
82,66,6,-19,703,1,,
223,271,8,0,707,1,,
105,1650,6,-58,708,1,,
105,-1,-1,-999,708,2,v13_piggyback,0.7022085889570552
72,61,6,-50,717,1,,
120,115,8,23,723,1,,
120,1721,1,20,723,1,,
120,-1,-1,-999,723,2,v13_piggyback,0.002290076335877866
45,35,7,0,727,1,,
32,1336,6,-63,736,1,,
2,9,10,20,739,1,,
18,1280,6,-53,745,1,,
212,248,2,-40,749,1,,
140,140,5,-44,754,1,,
85,66,3,-19,754,1,,
22,16,1,-81,756,1,,
22,3,10,23,756,1,,
40,1366,2,-96,769,1,,
40,1367,5,22,769,1,,
110,103,10,22,785,1,,
187,207,4,-81,794,1,,
88,70,6,-2,805,1,,
0,7,2,16,808,1,,
0,4,6,-32,808,1,,
303,472,5,-63,812,1,,
138,137,4,-74,815,1,,
59,1451,4,23,818,1,,
316,498,6,-79,830,1,,
474,1120,3,-96,843,1,,
474,1121,6,-32,843,1,,
83,69,3,-74,853,1,,
229,2241,2,-56,858,1,,
107,96,4,-44,859,1,,
304,2631,2,-79,863,1,,
452,1007,3,-79,868,1,,
106,96,4,-44,872,1,,
133,131,6,-73,878,1,,
243,314,2,-56,882,1,,
463,1063,4,0,889,1,,
250,336,8,-32,897,1,,
39,30,6,32,912,1,,
39,24,5,18,912,1,,
188,209,6,-32,919,1,,
405,787,6,18,922,1,,
137,135,6,-24,931,1,,
248,332,4,25,932,1,,
141,140,1,-44,941,1,,
141,138,6,18,941,1,,
121,116,6,37,944,1,,
251,337,6,32,950,1,,
379,696,5,-24,959,1,,
227,275,10,36,964,1,,
134,120,4,-90,981,1,,
134,132,9,48,981,1,,
241,311,4,18,985,1,,
58,46,11,42,987,1,,
46,36,7,-5,1000,1,,
14,11,6,-90,1003,1,,
14,4,10,-90,1003,1,,
417,809,1,-63,1010,1,,
417,819,2,-89,1010,1,,
318,506,8,-5,1014,1,,
433,903,10,-90,1020,1,,
278,403,3,-96,1022,1,,
128,120,4,-90,1032,1,,
128,117,4,-90,1032,1,,
293,444,10,42,1038,1,,
292,441,5,36,1040,1,,
1,6,6,-5,1050,1,,
78,67,6,36,1051,1,,
483,1175,3,-96,1058,1,,
64,52,3,-53,1066,1,,
147,148,4,36,1069,1,,
147,144,9,14,1069,1,,
256,349,6,14,1078,1,,
382,685,8,-90,1090,1,,
177,191,3,-44,1093,1,,
453,1011,2,-44,1098,1,,
467,1081,6,-5,1100,1,,
478,3669,2,0,1102,1,,
15,11,8,-29,1105,1,,
330,2781,4,-5,1127,1,,
157,1898,1,-44,1129,1,,
0,1,1,-24,1133,1,,
148,148,7,-70,1151,1,,
151,1872,1,18,1155,1,,
55,44,12,51,1159,1,,
55,36,11,51,1159,1,,
76,64,10,64,1168,1,,
468,1081,4,-5,1168,1,,
186,205,4,-5,1177,1,,
152,152,5,9,1186,1,,
2,9,9,64,1195,1,,
447,975,1,-56,1203,1,,
447,977,4,36,1203,1,,
170,181,2,56,1207,1,,
129,122,4,-45,1210,1,,
487,1202,4,51,1223,1,,
289,430,2,51,1233,1,,
236,294,4,36,1235,1,,
236,295,5,64,1235,1,,
92,79,1,23,1242,1,,
92,84,2,10,1242,1,,
111,104,4,-29,1242,1,,
232,2257,3,-45,1248,1,,
265,2421,2,-10,1249,1,,
451,1000,3,-90,1254,1,,
222,2207,3,36,1264,1,,
318,505,10,33,1267,1,,
172,183,2,42,1274,1,,
48,40,4,67,1283,1,,
160,160,8,-4,1285,1,,
192,210,2,36,1291,1,,
293,2563,2,-10,1295,1,,
278,2479,2,-24,1296,1,,
161,152,8,-33,1307,1,,
78,1536,10,14,1307,1,,
153,150,7,11,1318,1,,
349,597,9,11,1331,1,,
453,1010,4,-3,1338,1,,
381,704,7,-13,1348,1,,
96,83,4,6,1360,1,,
237,2281,2,10,1367,1,,
158,163,12,-13,1368,1,,
347,2885,2,-68,1374,1,,
436,925,6,-13,1377,1,,
370,668,1,-56,1379,1,,
434,912,6,6,1379,1,,
0,9,2,-13,1382,1,,
471,1105,2,-29,1402,1,,
282,411,9,-91,1405,1,,
55,1429,7,10,1418,1,,
449,979,12,58,1428,1,,
449,990,8,58,1428,1,,
97,78,6,72,1430,1,,
89,76,7,-91,1443,1,,
348,595,2,-99,1443,1,,
70,59,9,76,1458,1,,
1,2,7,65,1468,1,,
63,51,10,68,1474,1,,
188,211,6,66,1478,1,,
68,57,6,49,1486,1,,
475,1125,6,53,1488,1,,
369,664,12,-72,1491,1,,
406,789,3,-72,1497,1,,
2,6,8,66,1500,1,,
165,174,8,60,1500,1,,
371,657,2,85,1502,1,,
368,657,6,85,1511,1,,
159,164,4,53,1517,1,,
159,162,9,40,1517,1,,
3,3,6,85,1521,1,,
114,107,4,85,1527,1,,
66,54,7,60,1528,1,,
90,77,11,29,1552,1,,
263,367,6,68,1552,1,,
75,63,7,90,1563,1,,
94,75,3,66,1581,1,,
94,1601,10,40,1581,1,,
259,356,10,29,1595,1,,
39,29,12,69,1599,1,,
200,226,6,76,1604,1,,
4,1,8,90,1611,1,,
4,5,4,29,1611,1,,
318,506,5,6,1612,1,,
5,0,11,31,1618,1,,
308,483,5,40,1619,1,,
60,49,11,38,1628,1,,
0,2,7,38,1641,1,,
0,6,2,38,1641,1,,
46,36,9,39,1642,1,,
46,1,9,39,1642,1,,
208,2138,4,29,1643,1,,
208,-1,-1,-999,1643,2,v13_piggyback,0.23470476190476183
370,664,6,49,1650,1,,
255,350,12,39,1659,1,,
164,171,11,38,1665,1,,
158,1906,3,-16,1668,1,,
111,104,8,78,1670,1,,
47,36,4,49,1672,1,,
448,3478,4,72,1679,1,,
180,2005,2,29,1680,1,,
260,356,1,29,1697,1,,
178,181,8,31,1697,1,,
178,193,12,-85,1697,1,,
205,235,10,39,1712,1,,
156,154,7,69,1722,1,,
160,166,8,39,1734,1,,
261,357,10,-8,1734,1,,
78,67,4,38,1744,1,,
322,520,8,31,1752,1,,
68,57,10,93,1760,1,,
1,5,11,-85,1767,1,,
262,358,12,-88,1768,1,,
175,189,1,-13,1771,1,,
358,630,8,93,1772,1,,
416,811,2,-8,1776,1,,
48,34,4,-92,1785,1,,
48,36,5,-92,1785,1,,
36,1354,7,-88,1793,1,,
36,1,5,-88,1793,1,,
342,575,5,-92,1797,1,,
450,993,4,93,1804,1,,
449,989,9,-88,1806,1,,
109,102,6,39,1810,1,,
309,480,8,-88,1818,1,,
69,43,2,-85,1820,1,,
69,58,4,-85,1820,1,,
406,788,5,39,1836,1,,
452,1005,6,-92,1837,1,,
118,112,6,-88,1844,1,,
114,108,4,72,1847,1,,
4,1230,4,31,1850,1,,
102,91,4,68,1858,1,,
318,505,4,65,1858,1,,
234,291,3,38,1865,1,,
28,18,4,-85,1881,1,,
204,232,4,-85,1892,1,,
155,158,3,-88,1898,1,,
74,1516,3,99,1903,1,,
74,-1,-1,-999,1904,2,v13_piggyback,0.0006032171581769275
334,554,4,-85,1906,1,,
110,102,2,76,1907,1,,
439,939,4,-85,1913,1,,
115,1695,4,39,1920,1,,
33,25,1,-7,1922,1,,
351,608,3,78,1929,1,,
176,189,2,49,1931,1,,
338,563,2,-91,1936,1,,
229,2244,3,39,1941,1,,
233,287,6,-17,1949,1,,
106,100,4,106,1953,1,,
310,485,9,75,1966,1,,
284,2517,2,38,1974,1,,
182,198,1,-16,1977,1,,
31,22,6,106,1989,1,,
322,519,10,88,1993,1,,
285,2523,3,106,1997,1,,
133,1783,2,69,1997,1,,
46,36,2,91,2005,1,,
376,678,2,75,2015,1,,
416,826,3,99,2023,1,,
230,281,8,74,2027,1,,
232,286,3,77,2032,1,,
99,1624,2,39,2035,1,,
335,554,2,-85,2046,1,,
180,2007,2,31,2052,1,,
234,288,10,73,2056,1,,
446,3468,2,-85,2058,1,,
352,606,1,111,2058,1,,
450,993,7,-92,2068,1,,
373,678,8,-82,2072,1,,
0,6,5,73,2076,1,,
231,283,4,73,2083,1,,
225,271,5,2,2091,1,,
235,290,5,2,2099,1,,
224,269,7,103,2104,1,,
1,8,11,102,2114,1,,
237,297,7,103,2115,1,,
347,2881,1,47,2118,1,,
32,21,10,89,2126,1,,
297,457,6,103,2128,1,,
279,405,4,89,2136,1,,
238,299,11,-60,2156,1,,
181,197,4,89,2165,1,,
183,197,2,89,2172,1,,
125,120,4,-60,2182,1,,
125,112,6,81,2182,1,,
2,1,8,54,2185,1,,
2,6,3,54,2185,1,,
374,678,10,97,2188,1,,
65,53,6,102,2206,1,,
65,51,10,54,2206,1,,
188,211,8,-60,2212,1,,
280,404,9,13,2218,1,,
280,393,12,57,2218,1,,
333,552,11,-62,2228,1,,
61,49,7,17,2229,1,,
61,46,10,115,2229,1,,
30,20,8,97,2232,1,,
119,114,8,-62,2239,1,,
260,359,11,-94,2244,1,,
284,415,8,111,2246,1,,
3,0,5,121,2247,1,,
219,259,12,43,2260,1,,
34,26,12,57,2272,1,,
34,18,6,-37,2272,1,,
221,265,8,54,2272,1,,
4,7,12,119,2274,1,,
4,1,4,119,2274,1,,
236,292,8,-94,2286,1,,
400,767,3,-37,2289,1,,
400,770,8,83,2289,1,,
316,502,8,84,2298,1,,
292,439,9,57,2304,1,,
156,1894,6,43,2307,1,,
450,995,8,2,2319,1,,
178,168,3,-60,2320,1,,
178,192,6,119,2320,1,,
365,651,8,17,2331,1,,
423,858,7,97,2339,1,,
35,26,8,83,2358,1,,
0,4,12,123,2364,1,,
0,1,11,123,2364,1,,
388,733,5,13,2367,1,,
78,67,10,83,2383,1,,
309,481,6,102,2388,1,,
222,262,2,89,2390,1,,
222,262,2,13,2390,1,,
64,52,10,123,2392,1,,
64,43,12,123,2392,1,,
197,222,6,115,2397,1,,
165,173,5,-37,2400,1,,
302,466,3,-60,2403,1,,
302,468,4,123,2403,1,,
164,170,4,50,2415,1,,
164,173,4,50,2415,1,,
332,549,5,54,2427,1,,
424,855,4,-84,2428,1,,
81,68,10,123,2431,1,,
129,120,4,-60,2440,1,,
69,58,4,-94,2446,1,,
180,194,4,54,2453,1,,
100,89,7,123,2453,1,,
98,87,4,-37,2455,1,,
216,253,6,84,2462,1,,
173,185,7,50,2466,1,,
160,1917,3,-62,2474,1,,
224,265,4,54,2479,1,,
120,113,4,13,2481,1,,
303,466,3,-60,2491,1,,
300,462,8,27,2518,1,,
67,55,8,114,2521,1,,
74,1516,3,80,2524,1,,
74,-1,-1,-999,2524,2,v13_piggyback,0.0006032171581769275
79,67,3,115,2527,1,,
387,730,8,12,2536,1,,
217,251,7,21,2542,1,,
260,358,4,12,2543,1,,
103,92,2,89,2547,1,,
243,316,3,-94,2548,1,,
1,1,6,27,2565,1,,
114,1693,2,97,2571,1,,
360,2958,2,17,2573,1,,
237,299,2,13,2575,1,,
427,873,8,27,2577,1,,
238,300,3,81,2583,1,,
104,94,8,79,2592,1,,
218,254,6,141,2592,1,,
410,805,1,97,2595,1,,
185,2029,2,114,2596,1,,
221,266,6,50,2600,1,,
130,128,4,79,2607,1,,
118,1712,3,121,2609,1,,
119,113,3,121,2625,1,,
418,836,2,141,2628,1,,
131,120,2,-60,2634,1,,
167,1947,2,54,2653,1,,
132,128,10,34,2665,1,,
168,174,6,134,2676,1,,
262,366,2,121,2683,1,,
201,227,5,34,2689,1,,
14,1269,9,95,2702,1,,
88,68,1,123,2707,1,,
224,2216,1,114,2711,1,,
290,2549,2,123,2717,1,,
354,616,6,59,2722,1,,
300,2607,3,144,2725,1,,
473,3631,2,50,2729,1,,
234,291,11,145,2737,1,,
417,831,12,131,2739,1,,
327,536,2,156,2744,1,,
156,159,12,145,2754,1,,
15,11,7,156,2754,1,,
101,90,6,95,2763,1,,
85,73,8,154,2769,1,,
22,17,3,-67,2771,1,,
22,1,6,-67,2771,1,,
22,10,3,-67,2771,1,,
84,72,6,109,2779,1,,
304,466,1,-60,2786,1,,
11,4,10,28,2793,1,,
11,10,12,28,2793,1,,
321,509,3,145,2805,1,,
321,515,5,28,2805,1,,
173,185,4,79,2812,1,,
162,169,6,-67,2813,1,,
192,213,4,154,2821,1,,
139,1809,4,59,2825,1,,
139,129,5,-67,2825,1,,
33,17,10,28,2838,1,,
33,1342,8,28,2838,1,,
45,35,8,155,2845,1,,
34,25,10,157,2855,1,,
256,2374,4,149,2857,1,,
179,2003,2,41,2861,1,,
37,27,12,52,2864,1,,
387,728,7,-65,2867,1,,
46,37,7,28,2880,1,,
163,169,1,-67,2883,1,,
163,169,4,166,2883,1,,
163,157,9,174,2883,1,,
289,2543,4,151,2885,1,,
445,965,5,28,2897,1,,
76,64,8,151,2897,1,,
44,34,10,174,2898,1,,
161,164,7,155,2911,1,,
161,1919,2,166,2911,1,,
75,63,4,149,2912,1,,
258,347,7,120,2922,1,,
306,2642,4,143,2929,1,,
363,2974,4,151,2929,1,,
89,74,6,166,2932,1,,
89,68,10,124,2932,1,,
196,2082,4,120,2936,1,,
202,227,4,34,2944,1,,
31,3,7,124,2957,1,,
31,21,12,124,2957,1,,
244,314,9,71,2957,1,,
151,152,10,124,2971,1,,
277,401,2,145,2973,1,,
277,396,3,71,2973,1,,
259,353,12,128,2989,1,,
156,1897,4,143,2993,1,,
418,836,9,156,3004,1,,
257,353,9,137,3007,1,,
245,318,10,82,3017,1,,
486,1195,10,52,3019,1,,
355,621,3,157,3023,1,,
98,80,2,-67,3030,1,,
98,88,6,174,3030,1,,
300,2604,2,41,3040,1,,
300,459,6,128,3040,1,,
350,604,8,52,3043,1,,
440,948,2,28,3049,1,,
164,173,6,124,3052,1,,
485,1190,12,107,3057,1,,
246,321,7,61,3062,1,,
296,452,6,-67,3066,1,,
288,426,10,107,3071,1,,
59,1449,7,61,3072,1,,
17,1277,5,61,3085,1,,
5,1231,6,137,3094,1,,
67,56,6,124,3097,1,,
472,1107,6,107,3107,1,,
268,381,8,183,3118,1,,
445,965,12,71,3132,1,,
56,31,5,137,3134,1,,
56,1435,6,183,3134,1,,
458,1035,5,-67,3139,1,,
427,876,4,61,3139,1,,
2,3,6,183,3145,1,,
2,1,2,183,3145,1,,
140,136,4,52,3148,1,,
1,0,3,166,3154,1,,
356,616,4,59,3161,1,,
66,53,6,183,3162,1,,
48,40,1,140,3170,1,,
48,30,6,182,3170,1,,
154,156,6,183,3171,1,,
354,618,3,-67,3184,1,,
49,40,5,140,3195,1,,
234,292,4,120,3202,1,,
384,716,3,86,3203,1,,
463,1063,6,-93,3216,1,,
166,176,2,52,3226,1,,
349,591,10,170,3230,1,,
295,450,8,-93,3240,1,,
295,449,1,-93,3240,1,,
65,48,10,170,3244,1,,
253,341,2,156,3244,1,,
106,1654,2,86,3248,1,,
4,0,8,190,3252,1,,
64,50,4,159,3255,1,,
301,461,8,190,3264,1,,
248,331,8,-93,3264,1,,
249,329,12,112,3282,1,,
152,154,7,192,3287,1,,
346,590,3,137,3293,1,,
138,1804,2,165,3299,1,,
224,2219,2,-6,3307,1,,
137,1800,4,116,3309,1,,
18,14,2,165,3315,1,,
269,382,10,-39,3322,1,,
128,118,1,151,3327,1,,
203,227,5,112,3337,1,,
103,93,6,171,3342,1,,
32,23,4,112,3344,1,,
0,3,10,188,3357,1,,
30,20,4,176,3361,1,,
302,464,6,188,3366,1,,
31,22,7,139,3372,1,,
182,200,7,188,3377,1,,
100,1628,3,112,3377,1,,
34,26,8,-20,3380,1,,
34,18,3,-20,3380,1,,
2,7,9,200,3390,1,,
58,48,11,169,3395,1,,
78,67,7,139,3407,1,,
33,18,1,169,3409,1,,
33,22,9,169,3409,1,,
98,87,4,139,3417,1,,
204,227,3,112,3423,1,,
427,874,10,86,3424,1,,
384,713,8,-20,3438,1,,
228,2239,3,188,3440,1,,
336,2821,3,139,3443,1,,
61,49,8,209,3450,1,,
116,1702,2,166,3462,1,,
102,91,9,-20,3463,1,,
1,0,7,179,3468,1,,
380,701,7,-20,3484,1,,
308,480,2,179,3486,1,,
308,483,11,208,3486,1,,
68,57,8,204,3487,1,,
47,36,5,185,3492,1,,
266,376,10,104,3500,1,,
249,2341,1,204,3517,1,,
3,4,8,104,3517,1,,
3,1,4,208,3517,1,,
351,604,2,52,3525,1,,
129,117,10,189,3529,1,,
110,98,9,158,3531,1,,
110,1675,1,158,3531,1,,
378,694,10,189,3544,1,,
265,375,4,208,3546,1,,
265,369,7,-9,3546,1,,
429,887,10,-9,3560,1,,
117,109,11,122,3562,1,,
183,199,10,158,3574,1,,
21,16,11,122,3577,1,,
46,35,9,189,3590,1,,
218,256,10,122,3593,1,,
158,163,5,189,3598,1,,
0,1216,6,104,3599,1,,
0,7,4,101,3599,1,,
0,3,9,214,3599,1,,
395,757,4,-20,3605,1,,
339,2837,2,122,3608,1,,
51,43,2,122,3612,1,,
460,1042,10,104,3613,1,,
103,91,4,209,3634,1,,
121,1724,7,179,3636,1,,
121,111,6,214,3636,1,,
432,900,4,209,3645,1,,
240,306,10,-41,3650,1,,
188,208,4,185,3654,1,,
187,208,4,185,3663,1,,
48,31,6,-41,3665,1,,
48,38,5,136,3665,1,,
49,31,2,-41,3677,1,,
49,38,6,117,3677,1,,
252,343,4,169,3677,1,,
140,1817,3,-20,3690,1,,
26,1310,10,117,3691,1,,
2,8,9,216,3701,1,,
372,674,9,101,3718,1,,
269,2435,3,169,3724,1,,
229,280,8,101,3729,1,,
208,239,8,104,3741,1,,
466,1072,3,171,3742,1,,
23,17,8,223,3744,1,,
23,12,8,223,3744,1,,
306,477,7,101,3752,1,,
220,261,8,223,3760,1,,
220,248,4,24,3760,1,,
337,550,4,216,3761,1,,
337,2827,2,216,3761,1,,
50,39,10,223,3775,1,,
213,2165,3,189,3783,1,,
335,2815,2,104,3787,1,,
335,550,4,216,3787,1,,
300,462,9,218,3787,1,,
416,827,2,-20,3793,1,,
118,107,3,-9,3796,1,,
118,110,3,197,3796,1,,
29,1322,8,24,3799,1,,
128,122,5,179,3804,1,,
378,3063,3,-78,3807,1,,
1,4,8,223,3811,1,,
271,389,5,101,3813,1,,
39,30,5,101,3821,1,,
173,181,5,223,3823,1,,
173,1975,3,223,3823,1,,
423,857,1,189,3824,1,,
354,618,2,159,3847,1,,
98,1618,8,172,3872,1,,
210,243,8,163,3874,1,,
323,524,4,158,3878,1,,
140,1816,2,198,3879,1,,
83,1552,2,205,3883,1,,
379,694,5,104,3887,1,,
327,534,6,-41,3891,1,,
327,535,3,218,3891,1,,
353,614,3,-9,3895,1,,
353,2918,2,101,3895,1,,
333,550,4,216,3902,1,,
82,68,8,207,3916,1,,
342,2853,2,207,3920,1,,
0,4,6,218,3922,1,,
0,1,10,126,3922,1,,
0,1215,8,126,3922,1,,
237,298,6,207,3930,1,,
358,627,3,158,3931,1,,
24,17,8,218,3934,1,,
448,3477,2,104,3935,1,,
64,48,2,214,3947,1,,
89,66,6,223,3955,1,,
89,78,10,126,3955,1,,
85,1563,4,-41,3971,1,,
85,66,3,223,3971,1,,
85,65,5,126,3971,1,,
320,2725,2,214,3981,1,,
320,510,5,202,3981,1,,
199,2096,2,179,3986,1,,
476,1131,12,126,3988,1,,
296,452,6,236,3991,1,,
172,182,9,126,4000,1,,
238,300,11,236,4007,1,,
127,1753,8,218,4012,1,,
236,296,11,168,4022,1,,
116,109,4,24,4024,1,,
116,96,4,126,4024,1,,
163,170,8,206,4034,1,,
398,763,2,-9,4038,1,,
216,252,1,179,4043,1,,
218,248,1,24,4043,1,,
218,257,6,126,4043,1,,
340,568,5,98,4054,1,,
340,570,10,161,4054,1,,
169,180,8,220,4056,1,,
295,447,12,211,4071,1,,
328,538,4,195,4083,1,,
368,661,12,211,4087,1,,
393,3149,2,219,4089,1,,
292,441,5,24,4093,1,,
303,468,12,161,4104,1,,
118,110,7,219,4112,1,,
30,17,7,211,4118,1,,
30,1329,3,211,4118,1,,
120,116,6,195,4122,1,,
32,24,12,213,4134,1,,
192,214,10,212,4140,1,,
74,62,8,206,4146,1,,
59,48,5,126,4148,1,,
190,214,4,126,4156,1,,
334,550,4,-41,4165,1,,
305,466,3,136,4170,1,,
401,774,4,218,4177,1,,
119,115,3,203,4184,1,,
119,107,10,247,4184,1,,
119,112,7,191,4184,1,,
306,466,3,136,4199,1,,
188,205,3,212,4202,1,,
188,210,10,203,4202,1,,
72,61,12,213,4203,1,,
78,66,3,223,4210,1,,
60,48,9,212,4215,1,,
158,163,12,213,4219,1,,
152,153,8,247,4226,1,,
157,161,12,92,4236,1,,
363,643,8,191,4238,1,,
64,52,3,-41,4239,1,,
86,66,6,212,4252,1,,
86,73,4,233,4252,1,,
121,114,12,213,4252,1,,
336,550,3,-41,4256,1,,
146,145,6,233,4262,1,,
43,32,4,206,4267,1,,
43,27,6,92,4267,1,,
2,0,8,251,4268,1,,
251,336,8,168,4278,1,,
286,422,7,92,4289,1,,
394,750,6,253,4296,1,,
170,180,7,161,4299,1,,
0,4,7,250,4302,1,,
126,124,6,247,4315,1,,
51,1412,7,213,4321,1,,
176,190,6,212,4324,1,,
106,99,6,211,4330,1,,
362,641,6,233,4333,1,,
184,203,7,161,4341,1,,
31,1333,2,126,4341,1,,
335,553,5,233,4349,1,,
1,4,10,235,4359,1,,
423,3327,2,136,4363,1,,
427,876,2,155,4368,1,,
289,2544,2,223,4372,1,,
90,79,5,211,4386,1,,
177,190,3,212,4391,1,,
177,188,8,243,4391,1,,
264,370,6,235,4394,1,,
120,1722,4,247,4398,1,,
26,1310,6,235,4404,1,,
379,696,5,213,4412,1,,
147,147,4,125,4417,1,,
216,252,4,161,4420,1,,
305,476,10,251,4436,1,,
227,275,4,98,4446,1,,
411,810,3,247,4448,1,,
200,2099,3,191,4454,1,,
52,43,9,262,4461,1,,
284,416,3,191,4468,1,,
128,119,6,262,4470,1,,
87,66,2,212,4479,1,,
87,73,1,228,4479,1,,
37,27,3,262,4483,1,,
33,25,8,238,4488,1,,
112,1684,3,247,4493,1,,
3,4,6,238,4497,1,,
355,2929,2,250,4511,1,,
442,957,1,223,4517,1,,
341,568,3,98,4518,1,,
301,2613,2,98,4524,1,,
301,459,1,213,4524,1,,
190,214,3,98,4530,1,,
327,537,2,211,4538,1,,
122,96,2,126,4542,1,,
468,1083,2,191,4547,1,,
334,553,2,233,4551,1,,
140,1814,2,205,4561,1,,
443,957,12,-83,4572,1,,
480,1157,2,253,4572,1,,
184,2027,2,247,4577,1,,
0,6,4,260,4579,1,,
105,96,4,267,4589,1,,
129,115,11,260,4594,1,,
352,607,8,249,4606,1,,
243,316,2,213,4613,1,,
353,613,8,270,4617,1,,
210,2149,2,211,4627,1,,
178,191,6,270,4655,1,,
117,1704,2,161,4662,1,,
167,1945,2,270,4663,1,,
414,3271,2,168,4666,1,,
104,95,8,225,4666,1,,
275,395,2,264,4671,1,,
200,2099,3,215,4672,1,,
87,1572,3,92,4678,1,,
116,1700,2,211,4682,1,,
111,104,6,225,4684,1,,
472,1112,10,237,4689,1,,
276,395,2,264,4698,1,,
349,600,12,-12,4705,1,,
198,224,2,264,4711,1,,
374,679,2,98,4722,1,,
103,94,6,259,4725,1,,
134,133,4,230,4732,1,,
450,979,7,-12,4736,1,,
450,993,9,227,4736,1,,
57,45,3,259,4738,1,,
241,312,8,199,4755,1,,
266,375,12,277,4764,1,,
266,374,8,44,4764,1,,
256,346,10,227,4768,1,,
112,105,12,226,4786,1,,
257,348,11,258,4787,1,,
258,347,12,231,4803,1,,
136,134,5,277,4811,1,,
136,131,12,277,4811,1,,
211,241,12,146,4814,1,,
64,50,2,226,4818,1,,
1,7,10,227,4818,1,,
446,969,11,146,4829,1,,
288,420,6,226,4829,1,,
23,1298,6,-12,4839,1,,
23,9,8,276,4839,1,,
58,1441,12,44,4852,1,,
149,148,7,-12,4852,1,,
202,230,9,146,4856,1,,
47,38,10,281,4868,1,,
287,425,7,276,4878,1,,
125,1743,4,199,4881,1,,
125,119,9,232,4881,1,,
125,103,6,232,4881,1,,
480,1155,7,-36,4889,1,,
480,3677,2,225,4889,1,,
128,115,6,-12,4889,1,,
301,465,8,264,4893,1,,
412,811,10,150,4907,1,,
451,996,6,275,4908,1,,
440,942,6,237,4923,1,,
14,11,6,232,4924,1,,
14,11,7,146,4924,1,,
153,155,10,266,4938,1,,
468,1085,3,237,4950,1,,
468,3599,2,276,4950,1,,
373,678,10,266,4952,1,,
39,30,10,246,4959,1,,
18,15,4,232,4969,1,,
18,2,8,279,4969,1,,
130,127,9,44,4972,1,,
421,850,4,44,4979,1,,
300,460,8,232,4980,1,,
135,1794,4,281,4985,1,,
104,1645,4,44,4992,1,,
146,146,8,280,4996,1,,
50,41,9,291,5005,1,,
48,38,4,-12,5007,1,,
113,106,8,146,5012,1,,
259,355,8,280,5019,1,,
46,29,6,294,5022,1,,
46,35,6,294,5022,1,,
119,113,8,150,5028,1,,
109,102,4,230,5029,1,,
22,1294,8,296,5031,1,,
166,176,5,296,5039,1,,
364,2981,2,-12,5057,1,,
221,263,7,232,5059,1,,
118,110,4,294,5069,1,,
324,525,7,266,5069,1,,
28,18,2,-12,5078,1,,
260,356,6,266,5082,1,,
129,123,4,294,5085,1,,
131,127,4,201,5092,1,,
365,648,4,100,5101,1,,
32,1339,6,266,5115,1,,
442,942,2,237,5118,1,,
303,470,2,237,5132,1,,
264,2413,4,201,5135,1,,
231,284,6,150,5141,1,,
149,1860,10,175,5147,1,,
59,1451,6,150,5153,1,,
293,2566,2,281,5156,1,,
394,3156,2,201,5160,1,,
292,439,6,146,5162,1,,
328,536,2,246,5165,1,,
128,125,5,150,5170,1,,
205,235,2,291,5179,1,,
242,315,6,232,5180,1,,
342,575,2,-12,5195,1,,
130,125,5,150,5200,1,,
475,1121,2,276,5202,1,,
408,3242,2,44,5205,1,,
468,1081,2,225,5213,1,,
468,-1,-1,-999,5213,2,v13_piggyback,0.7062200956937799
287,2529,2,-59,5216,1,,
366,651,7,196,5226,1,,
274,384,4,232,5234,1,,
274,2463,1,232,5234,1,,
409,794,7,108,5235,1,,
388,735,5,150,5242,1,,
161,1922,1,100,5245,1,,
367,652,6,265,5256,1,,
185,2031,4,199,5270,1,,
294,440,6,164,5272,1,,
206,236,6,274,5278,1,,
47,1399,6,265,5281,1,,
400,772,4,279,5281,1,,
265,371,10,274,5301,1,,
240,2294,4,274,5308,1,,
82,70,6,164,5309,1,,
482,1168,5,146,5309,1,,
201,228,4,266,5316,1,,
481,1163,4,274,5322,1,,
476,1131,4,146,5323,1,,
39,29,9,164,5323,1,,
139,139,10,286,5337,1,,
65,53,6,229,5340,1,,
113,1688,4,167,5356,1,,
403,782,9,286,5363,1,,
343,579,3,199,5364,1,,
374,3040,4,150,5371,1,,
326,532,3,266,5376,1,,
51,43,8,316,5377,1,,
135,133,8,318,5386,1,,
135,129,9,317,5386,1,,
150,150,6,164,5394,1,,
150,1867,2,310,5394,1,,
125,121,8,320,5405,1,,
292,440,9,248,5413,1,,
2,2,6,317,5415,1,,
249,333,3,146,5421,1,,
106,100,6,320,5429,1,,
3,2,10,287,5434,1,,
381,702,6,320,5443,1,,
88,74,3,232,5449,1,,
161,168,4,320,5458,1,,
38,28,10,287,5460,1,,
38,23,10,287,5460,1,,
293,443,7,229,5474,1,,
293,444,3,304,5474,1,,
0,5,10,293,5478,1,,
270,384,2,232,5478,1,,
325,531,6,-71,5487,1,,
153,154,7,248,5490,1,,
153,120,4,287,5490,1,,
377,3059,1,168,5491,1,,
155,1890,3,293,5497,1,,
447,980,10,242,5504,1,,
67,56,1,266,5505,1,,
474,1119,3,286,5514,1,,
210,241,8,310,5515,1,,
162,168,2,320,5520,1,,
344,578,4,118,5524,1,,
294,444,7,304,5526,1,,
453,1012,1,146,5528,1,,
428,883,7,304,5537,1,,
343,578,12,284,5567,1,,
133,131,6,304,5568,1,,
438,3417,2,284,5571,1,,
439,937,6,30,5581,1,,
468,1081,2,225,5587,1,,
304,470,6,147,5597,1,,
140,141,6,248,5601,1,,
384,700,8,241,5609,1,,
364,647,6,310,5611,1,,
199,2098,2,274,5616,1,,
365,647,6,310,5620,1,,
487,1207,9,241,5631,1,,
2,2,6,326,5642,1,,
17,14,8,333,5646,1,,
93,84,6,287,5651,1,,
154,156,7,147,5658,1,,
154,154,12,147,5658,1,,
315,498,8,333,5663,1,,
367,3000,2,44,5665,1,,
208,238,6,326,5677,1,,
371,670,8,333,5681,1,,
148,150,7,305,5686,1,,
41,1373,6,305,5697,1,,
246,325,6,287,5700,1,,
27,1317,2,152,5700,1,,
27,2,9,302,5700,1,,
314,497,9,152,5713,1,,
250,335,6,287,5720,1,,
311,488,10,302,5727,1,,
61,49,5,242,5731,1,,
33,21,10,331,5734,1,,
267,380,4,287,5747,1,,
34,25,10,306,5748,1,,
14,11,8,312,5755,1,,
232,286,10,298,5770,1,,
230,280,11,336,5785,1,,
203,231,8,340,5789,1,,
101,84,4,305,5792,1,,
101,1630,2,331,5792,1,,
101,86,4,271,5792,1,,
164,172,4,248,5796,1,,
0,5,4,298,5797,1,,
0,8,4,298,5797,1,,
159,1908,3,164,5801,1,,
231,284,9,148,5810,1,,
1,3,10,303,5818,1,,
1,1,10,303,5818,1,,
312,490,4,234,5822,1,,
312,479,4,298,5822,1,,
166,177,4,287,5829,1,,
119,1714,4,287,5839,1,,
104,93,7,312,5840,1,,
39,30,10,331,5844,1,,
39,1,10,271,5844,1,,
289,428,3,310,5845,1,,
4,2,10,184,5879,1,,
4,7,10,343,5879,1,,
382,709,7,333,5879,1,,
343,2858,4,333,5889,1,,
343,577,2,298,5889,1,,
38,28,12,184,5898,1,,
64,44,9,339,5900,1,,
160,161,7,339,5911,1,,
453,1009,9,331,5913,1,,
355,621,6,298,5931,1,,
79,66,6,184,5936,1,,
79,57,10,332,5936,1,,
139,138,6,302,5941,1,,
108,96,4,324,5945,1,,
228,2239,2,287,5949,1,,
324,525,8,331,5955,1,,
324,2748,4,184,5955,1,,
233,2262,2,287,5968,1,,
247,319,2,298,5972,1,,
247,325,4,-25,5972,1,,
165,171,5,331,5973,1,,
165,169,3,303,5973,1,,
165,157,4,332,5973,1,,
337,2823,2,287,5979,1,,
320,479,4,298,5979,1,,
21,1292,10,343,5990,1,,
62,49,6,354,6000,1,,
439,940,1,324,6004,1,,
297,455,10,130,6005,1,,
117,96,2,303,6006,1,,
117,109,8,184,6006,1,,
342,574,6,347,6015,1,,
308,482,10,332,6022,1,,
344,577,6,347,6024,1,,
278,403,2,354,6038,1,,
298,455,10,288,6038,1,,
440,947,2,354,6044,1,,
345,584,10,303,6048,1,,
14,11,3,298,6049,1,,
14,3,4,315,6049,1,,
29,18,9,332,6069,1,,
339,565,12,346,6086,1,,
381,704,5,130,6093,1,,
136,125,4,331,6096,1,,
136,134,5,343,6096,1,,
58,46,10,346,6100,1,,
91,81,3,303,6109,1,,
91,66,6,184,6109,1,,
275,393,11,346,6115,1,,
126,120,4,130,6116,1,,
126,124,2,315,6116,1,,
487,1206,8,331,6121,1,,
289,429,3,339,6127,1,,
408,-1,-1,-999,6127,2,v13_fetch,0.23492625368731554
5,2,8,364,6128,1,,
252,342,6,184,6131,1,,
252,2357,1,343,6131,1,,
374,679,5,347,6136,1,,
425,3337,4,346,6137,1,,
229,279,4,303,6146,1,,
229,273,3,343,6146,1,,
174,1978,3,346,6156,1,,
453,1011,8,184,6170,1,,
382,704,5,130,6180,1,,
270,386,5,321,6185,1,,
300,463,6,271,6186,1,,
130,120,4,130,6188,1,,
214,2169,4,333,6200,1,,
197,221,6,331,6204,1,,
447,978,1,297,6208,1,,
312,2674,4,-25,6212,1,,
318,479,3,298,6218,1,,
474,1124,6,303,6224,1,,
271,386,4,321,6225,1,,
337,2824,3,-97,6231,1,,
82,1549,1,248,6242,1,,
355,620,6,271,6256,1,,
225,2221,2,315,6258,1,,
50,41,9,371,6264,1,,
221,263,6,305,6272,1,,
297,454,9,315,6275,1,,
139,138,5,303,6284,1,,
109,96,1,324,6286,1,,
253,340,6,240,6294,1,,
205,236,6,344,6297,1,,
127,124,10,-100,6299,1,,
69,57,7,-30,6309,1,,
57,44,4,271,6313,1,,
45,34,9,344,6317,1,,
272,385,4,303,6320,1,,
17,1278,10,19,6323,1,,
357,626,4,306,6331,1,,
207,227,5,325,6347,1,,
207,237,4,325,6347,1,,
217,2181,2,333,6347,1,,
124,1739,4,343,6351,1,,
204,227,2,325,6351,1,,
421,3317,3,184,6362,1,,
76,64,8,358,6380,1,,
126,124,12,-30,6386,1,,
274,390,6,-95,6393,1,,
242,312,6,358,6393,1,,
68,56,8,19,6397,1,,
11,10,6,387,6407,1,,
298,454,5,19,6415,1,,
478,3667,4,-30,6422,1,,
206,234,6,368,6436,1,,
206,235,9,368,6436,1,,
140,139,6,359,6437,1,,
72,1510,3,303,6443,1,,
371,672,2,184,6447,1,,
400,769,1,303,6451,1,,
182,200,1,303,6455,1,,
465,3577,3,19,6458,1,,
73,57,6,355,6460,1,,
73,60,12,355,6460,1,,
18,1279,10,142,6472,1,,
74,45,9,257,6475,1,,
74,61,2,257,6475,1,,
192,210,10,368,6504,1,,
192,197,4,257,6504,1,,
192,215,8,257,6504,1,,
222,2210,2,298,6523,1,,
198,207,5,372,6526,1,,
198,222,12,383,6526,1,,
110,103,8,386,6527,1,,
47,36,6,350,6536,1,,
132,126,5,368,6539,1,,
132,120,4,383,6539,1,,
278,403,10,142,6542,1,,
75,1520,4,386,6544,1,,
70,57,8,142,6554,1,,
237,299,11,323,6555,1,,
220,261,5,282,6562,1,,
102,91,5,350,6563,1,,
127,1753,3,389,6568,1,,
261,356,10,323,6569,1,,
319,2718,2,-100,6572,1,,
96,86,5,356,6579,1,,
463,1058,9,368,6581,1,,
33,1,2,386,6590,1,,
33,1341,2,350,6590,1,,
262,362,10,374,6596,1,,
3,0,6,375,6596,1,,
77,60,8,323,6613,1,,
219,258,6,375,6625,1,,
108,1661,2,323,6628,1,,
108,98,6,374,6628,1,,
30,18,10,360,6646,1,,
421,3316,3,348,6652,1,,
208,240,4,350,6659,1,,
345,586,10,283,6660,1,,
462,1056,2,360,6665,1,,
17,14,8,35,6672,1,,
175,188,8,368,6682,1,,
157,160,8,35,6683,1,,
372,3028,2,386,6692,1,,
93,1594,7,355,6693,1,,
158,159,8,300,6695,1,,
207,2135,1,184,6703,1,,
453,1012,7,355,6703,1,,
238,297,6,374,6713,1,,
320,508,8,35,6714,1,,
400,771,12,350,6720,1,,
46,37,6,368,6722,1,,
458,1037,6,268,6730,1,,
300,461,6,355,6732,1,,
226,273,1,343,6738,1,,
403,780,6,368,6750,1,,
159,163,8,399,6770,1,,
420,843,8,402,6776,1,,
82,70,1,343,6780,1,,
104,95,8,222,6782,1,,
160,160,9,222,6795,1,,
77,65,1,391,6804,1,,
21,16,4,358,6807,1,,
0,5,6,35,6808,1,,
0,1216,3,378,6808,1,,
133,120,4,383,6814,1,,
346,587,8,378,6819,1,,
1,4,4,355,6821,1,,
192,215,5,383,6829,1,,
363,644,8,222,6831,1,,
98,87,7,222,6845,1,,
32,24,6,408,6849,1,,
161,165,7,393,6856,1,,
304,474,4,257,6863,1,,
99,88,6,382,6867,1,,
418,833,4,355,6869,1,,
203,231,7,393,6874,1,,
166,1944,4,257,6876,1,,
6,2,6,222,6884,1,,
97,84,6,313,6887,1,,
96,84,4,313,6894,1,,
215,2171,2,313,6898,1,,
134,131,12,392,6901,1,,
29,19,8,377,6913,1,,
29,1,2,377,6913,1,,
440,945,5,377,6921,1,,
197,221,6,222,6925,1,,
319,509,3,358,6933,1,,
126,124,5,377,6934,1,,
43,33,3,383,6939,1,,
127,124,6,283,6942,1,,
283,414,2,323,6943,1,,
138,135,5,378,6958,1,,
226,2227,2,368,6976,1,,
275,393,5,35,6977,1,,
90,80,10,390,6983,1,,
167,178,2,372,6986,1,,
88,74,5,419,6991,1,,
105,93,7,384,6993,1,,
157,162,5,222,7001,1,,
458,1036,10,382,7006,1,,
270,388,4,35,7008,1,,
242,313,5,222,7016,1,,
420,842,7,408,7016,1,,
305,474,1,257,7030,1,,
298,457,4,378,7035,1,,
274,392,8,285,7056,1,,
92,82,7,418,7057,1,,
163,170,8,285,7068,1,,
175,188,4,375,7075,1,,
0,2,5,285,7076,1,,
59,48,3,35,7081,1,,
21,16,4,420,7091,1,,
409,3246,3,390,7103,1,,
282,411,6,416,7104,1,,
282,405,10,290,7104,1,,
32,1336,7,382,7114,1,,
279,406,8,416,7116,1,,
64,51,2,419,7119,1,,
180,194,4,390,7126,1,,
168,178,9,416,7129,1,,
469,1089,3,375,7129,1,,
244,319,4,390,7133,1,,
161,167,12,429,7145,1,,
228,273,3,300,7149,1,,
97,1613,2,345,7154,1,,
2,0,2,366,7164,1,,
2,4,6,366,7164,1,,
2,1,6,366,7164,1,,
152,153,11,426,7171,1,,
1,4,6,416,7181,1,,
1,4,6,290,7181,1,,
230,273,3,300,7182,1,,
227,273,3,300,7188,1,,
166,169,6,366,7197,1,,
166,177,6,429,7197,1,,
393,3154,2,390,7202,1,,
264,2416,2,426,7211,1,,
357,2944,4,290,7214,1,,
357,621,8,366,7214,1,,
43,32,2,375,7220,1,,
254,346,10,429,7228,1,,
439,935,8,381,7233,1,,
134,1789,2,377,7246,1,,
231,273,1,300,7248,1,,
231,282,10,46,7248,1,,
438,3416,2,375,7253,1,,
158,163,9,433,7256,1,,
33,18,9,427,7258,1,,
212,245,6,427,7268,1,,
387,731,4,381,7273,1,,
111,1676,2,366,7275,1,,
111,103,12,410,7275,1,,
259,-1,-1,-999,7275,2,v13_fetch,0.18734567901234567
372,3031,2,357,7290,1,,
80,1542,9,314,7297,1,,
10,1251,7,357,7300,1,,
331,2786,4,87,7307,1,,
157,159,9,410,7310,1,,
214,2166,2,381,7312,1,,
214,245,8,46,7312,1,,
30,20,6,357,7317,1,,
329,540,6,46,7326,1,,
126,1748,9,433,7328,1,,
21,1290,8,309,7328,1,,
326,2761,4,87,7335,1,,
171,1963,2,87,7339,1,,
0,8,8,314,7340,1,,
306,476,8,314,7351,1,,
85,73,6,46,7368,1,,
61,1459,3,429,7370,1,,
61,50,5,429,7370,1,,
330,540,4,46,7375,1,,
141,140,3,46,7381,1,,
152,1876,4,263,7388,1,,
486,1199,2,349,7397,1,,
213,249,8,416,7403,1,,
317,491,2,393,7410,1,,
464,1064,8,314,7415,1,,
332,542,7,319,7426,1,,
328,538,11,352,7438,1,,
81,66,5,352,7447,1,,
443,3446,1,416,7448,1,,
443,941,6,416,7448,1,,
210,243,2,87,7451,1,,
241,310,1,87,7454,1,,
251,337,8,366,7459,1,,
186,205,4,319,7466,1,,
285,419,6,290,7471,1,,
12,1258,6,319,7476,1,,
381,3082,2,349,7496,1,,
142,140,5,366,7498,1,,
476,1133,5,429,7506,1,,
240,302,5,417,7512,1,,
51,1416,7,376,7523,1,,
438,934,6,349,7525,1,,
438,938,6,319,7525,1,,
485,1187,4,405,7526,1,,
436,921,4,290,7532,1,,
331,544,8,295,7537,1,,
442,956,4,388,7539,1,,
297,454,4,376,7545,1,,
329,539,5,398,7555,1,,
376,685,10,353,7581,1,,
10,1251,10,15,7584,1,,
10,1249,10,87,7584,1,,
479,3670,2,393,7585,1,,
263,2409,3,290,7587,1,,
17,14,7,353,7596,1,,
315,498,3,416,7599,1,,
357,2944,1,263,7599,1,,
343,579,1,375,7603,1,,
100,1626,3,429,7609,1,,
163,168,4,353,7611,1,,
448,981,9,458,7620,1,,
164,169,2,366,7621,1,,
330,536,2,330,7625,1,,
138,1804,2,366,7625,1,,
106,1651,3,366,7630,1,,
7,2,12,458,7644,1,,
64,1471,2,366,7646,1,,
1,1,8,454,7662,1,,
320,513,4,454,7669,1,,
224,272,2,405,7672,1,,
12,1258,6,407,7682,1,,
85,1563,4,454,7683,1,,
384,3097,2,454,7688,1,,
355,621,3,415,7691,1,,
243,2309,2,366,7693,1,,
362,2970,2,410,7703,1,,
14,11,10,415,7705,1,,
210,2147,2,425,7717,1,,
210,-1,-1,-999,7717,2,v13_piggyback,0.4758716875871687
61,48,9,415,7718,1,,
89,77,3,451,7723,1,,
209,240,8,436,7733,1,,
466,3581,2,429,7738,1,,
215,250,11,436,7748,1,,
141,140,1,366,7752,1,,
268,381,6,445,7757,1,,
309,480,5,413,7761,1,,
311,479,4,403,7774,1,,
312,2675,1,314,7787,1,,
86,73,8,436,7792,1,,
86,70,8,459,7792,1,,
252,343,8,441,7793,1,,
252,317,6,404,7793,1,,
310,479,4,403,7800,1,,
308,479,2,415,7805,1,,
189,210,6,459,7807,1,,
240,309,6,376,7816,1,,
100,1628,2,455,7819,1,,
4,0,4,445,7823,1,,
255,350,12,441,7830,1,,
139,137,7,438,7846,1,,
233,278,6,441,7847,1,,
233,289,7,463,7847,1,,
155,-1,-1,-999,7848,2,v13_fetch,0.17663934426229508
390,740,5,459,7852,1,,
360,635,4,308,7853,1,,
462,3557,1,445,7857,1,,
15,1,7,441,7875,1,,
15,11,3,404,7875,1,,
15,3,7,256,7875,1,,
221,266,6,438,7884,1,,
51,42,8,463,7887,1,,
212,249,12,328,7900,1,,
235,288,8,256,7904,1,,
217,254,9,440,7906,1,,
216,253,6,444,7915,1,,
190,210,10,307,7918,1,,
270,385,6,404,7919,1,,
320,2724,2,221,7920,1,,
362,2968,2,369,7924,1,,
265,374,8,328,7929,1,,
361,635,6,221,7948,1,,
339,567,6,404,7954,1,,
50,41,4,221,7955,1,,
0,5,9,328,7966,1,,
471,1101,6,256,7973,1,,
31,19,6,328,7984,1,,
309,479,4,403,7987,1,,
309,481,6,441,7987,1,,
309,-1,-1,-999,7987,2,v13_piggyback,0.7073666384419982
224,2218,3,413,8007,1,,
69,58,6,328,8014,1,,
378,694,5,256,8016,1,,
120,114,12,178,8017,1,,
264,2415,4,328,8024,1,,
86,1568,6,55,8038,1,,
8,2,12,472,8039,1,,
48,36,10,178,8040,1,,
308,481,4,441,8046,1,,
107,99,8,467,8050,1,,
406,789,8,178,8052,1,,
109,101,6,328,8059,1,,
376,3050,3,329,8066,1,,
118,111,11,453,8067,1,,
102,1635,3,256,8075,1,,
298,458,8,395,8077,1,,
119,96,4,335,8086,1,,
119,110,10,424,8086,1,,
104,95,4,411,8095,1,,
104,92,9,395,8095,1,,
40,1365,2,463,8099,1,,
286,422,6,395,8121,1,,
220,258,2,463,8124,1,,
91,79,4,385,8133,1,,
91,80,6,385,8133,1,,
189,2049,4,289,8147,1,,
96,77,7,178,8149,1,,
96,86,4,424,8149,1,,
219,259,6,480,8159,1,,
170,181,4,307,8161,1,,
407,788,10,385,8163,1,,
407,-1,-1,-999,8163,2,v13_piggyback,0.23589962931280287
174,187,8,210,8174,1,,
340,567,1,404,8176,1,,
31,1334,8,406,8177,1,,
200,226,4,411,8184,1,,
52,41,9,478,8187,1,,
77,65,4,395,8191,1,,
110,96,4,335,8199,1,,
110,1675,4,385,8199,1,,
487,1206,6,478,8208,1,,
39,29,11,464,8210,1,,
218,257,1,462,8213,1,,
391,3140,3,464,8219,1,,
201,226,9,341,8221,1,,
449,990,6,478,8221,1,,
103,91,12,311,8236,1,,
251,338,6,311,8252,1,,
226,2227,4,487,8256,1,,
267,380,5,385,8269,1,,
212,246,4,395,8270,1,,
47,38,6,485,8278,1,,
221,261,10,261,8292,1,,
414,3273,3,328,8292,1,,
352,607,3,328,8298,1,,
268,374,2,328,8308,1,,
183,200,4,311,8313,1,,
183,202,10,261,8313,1,,
406,788,7,210,8315,1,,
224,270,6,457,8319,1,,
38,28,8,261,8327,1,,
362,635,5,221,8328,1,,
353,596,10,363,8335,1,,
300,462,4,385,8337,1,,
182,199,8,465,8341,1,,
354,612,6,495,8345,1,,
105,92,10,475,8357,1,,
350,602,4,178,8363,1,,
461,1050,4,178,8370,1,,
255,350,9,475,8380,1,,
173,1972,2,483,8417,1,,
310,2663,4,486,8419,1,,
152,-1,-1,-999,8419,2,v13_fetch,0.03183535762483132
109,96,2,335,8421,1,,
104,95,8,476,8423,1,,
104,93,3,334,8423,1,,
118,106,5,486,8434,1,,
118,1711,2,486,8434,1,,
260,358,8,476,8437,1,,
269,377,8,486,8446,1,,
408,796,5,486,8454,1,,
294,446,6,409,8459,1,,
257,317,7,334,8460,1,,
257,349,8,400,8460,1,,
346,587,5,409,8467,1,,
270,383,10,460,8468,1,,
316,474,4,465,8478,1,,
316,496,8,400,8478,1,,
187,207,8,460,8479,1,,
298,458,12,409,8483,1,,
51,42,2,409,8491,1,,
50,1410,3,334,8495,1,,
50,35,7,334,8495,1,,
185,203,10,504,8504,1,,
469,1091,8,475,8509,1,,
78,62,3,486,8516,1,,
78,67,5,460,8516,1,,
261,360,7,334,8526,1,,
103,92,6,509,8559,1,,
103,94,6,509,8559,1,,
161,1921,4,435,8566,1,,
183,197,2,475,8569,1,,
183,201,7,476,8569,1,,
0,1215,10,442,8570,1,,
107,100,5,435,8574,1,,
303,469,6,334,8578,1,,
268,381,6,465,8588,1,,
212,245,12,442,8589,1,,
220,260,6,400,8597,1,,
407,788,3,210,8597,1,,
292,440,8,442,8611,1,,
61,-1,-1,-999,8611,2,v13_fetch,0.012544483985765109
3,1,11,509,8614,1,,
258,349,4,400,8620,1,,
178,192,6,509,8630,1,,
213,246,8,501,8632,1,,
213,244,6,430,8632,1,,
200,2099,4,487,8638,1,,
200,-1,-1,-999,8639,2,v13_piggyback,0.358300395256917
47,38,9,442,8647,1,,
465,1068,3,311,8649,1,,
286,2524,2,256,8671,1,,
4,1228,6,430,8672,1,,
4,7,4,430,8672,1,,
4,5,7,489,8672,1,,
99,87,3,311,8681,1,,
62,46,2,475,8686,1,,
115,101,5,430,8686,1,,
115,1696,3,430,8686,1,,
363,2975,3,486,8687,1,,
425,863,4,435,8694,1,,
482,1173,3,363,8700,1,,
248,326,10,430,8707,1,,
248,329,4,430,8707,1,,
224,272,2,486,8709,1,,
193,216,5,506,8717,1,,
32,1337,2,400,8724,1,,
344,580,6,430,8727,1,,
18,15,7,430,8738,1,,
486,1198,2,334,8745,1,,
84,1555,2,460,8752,1,,
348,2886,2,486,8776,1,,
31,22,8,523,8780,1,,
222,268,6,442,8787,1,,
11,1255,2,523,8791,1,,
106,92,6,501,8796,1,,
6,0,5,522,8798,1,,
272,390,2,523,8803,1,,
12,1259,2,489,8804,1,,
12,2,3,484,8804,1,,
174,1977,2,341,8808,1,,
159,1912,2,261,8818,1,,
50,40,5,501,8837,1,,
419,839,8,461,8860,1,,
182,200,4,489,8868,1,,
160,161,5,437,8870,1,,
336,2820,4,489,8875,1,,
336,-1,-1,-999,8875,2,v13_piggyback,0.7070422535211267
483,1169,8,479,8881,1,,
461,1046,4,26,8882,1,,
192,209,3,461,8887,1,,
117,1707,2,442,8889,1,,
117,108,2,513,8889,1,,
477,3659,2,523,8890,1,,
194,197,1,475,8893,1,,
47,35,3,511,8894,1,,
445,968,6,468,8910,1,,
57,1438,2,261,8911,1,,
57,42,7,525,8911,1,,
190,214,3,511,8920,1,,
190,207,3,511,8920,1,,
253,344,4,489,8938,1,,
347,594,6,468,8947,1,,
407,791,2,430,8951,1,,
331,2788,1,400,8951,1,,
252,343,6,193,8956,1,,
346,2874,3,473,8973,1,,
416,823,8,252,8978,1,,
306,2643,2,442,8986,1,,
9,1,2,482,8993,1,,
9,2,8,482,8993,1,,
439,940,2,430,8995,1,,
115,1698,2,519,9002,1,,
417,830,6,508,9002,1,,
255,350,2,252,9006,1,,
255,339,9,491,9006,1,,
56,40,1,501,9010,1,,
243,2313,1,442,9019,1,,
256,348,12,94,9022,1,,
43,32,8,508,9023,1,,
43,1,8,508,9023,1,,
435,915,4,482,9030,1,,
436,922,7,508,9041,1,,
444,961,10,94,9045,1,,
7,0,5,508,9049,1,,
348,592,8,193,9064,1,,
44,33,10,443,9072,1,,
254,342,2,524,9075,1,,
254,342,6,94,9075,1,,
135,120,4,526,9078,1,,
193,214,3,526,9086,1,,
110,101,6,526,9098,1,,
468,1085,12,365,9107,1,,
117,1705,4,519,9116,1,,
117,103,4,516,9116,1,,
90,76,8,94,9119,1,,
440,941,6,94,9128,1,,
276,2469,4,516,9128,1,,
276,-1,-1,-999,9129,2,v13_piggyback,0.2354761904761904
6,2,6,490,9130,1,,
31,1334,7,491,9138,1,,
137,133,3,534,9148,1,,
137,134,11,110,9148,1,,
485,1187,10,446,9149,1,,
221,264,6,252,9149,1,,
393,752,9,498,9162,1,,
277,398,10,110,9163,1,,
74,1518,6,94,9170,1,,
251,338,6,252,9180,1,,
318,506,7,449,9185,1,,
192,215,8,110,9186,1,,
106,98,8,539,9199,1,,
119,113,5,252,9206,1,,
432,901,9,397,9211,1,,
146,146,7,498,9212,1,,
441,941,5,94,9219,1,,
431,897,9,327,9224,1,,
8,0,5,446,9226,1,,
317,2705,4,491,9233,1,,
392,749,6,471,9250,1,,
100,89,4,490,9257,1,,
32,24,4,193,9259,1,,
212,245,8,327,9264,1,,
47,38,5,365,9267,1,,
336,553,5,498,9275,1,,
444,3456,4,499,9278,1,,
128,117,8,469,9294,1,,
435,914,8,498,9298,1,,
132,130,8,397,9306,1,,
351,606,4,524,9313,1,,
210,243,4,252,9331,1,,
468,3599,3,449,9332,1,,
214,246,12,535,9334,1,,
91,76,3,94,9341,1,,
66,54,3,498,9344,1,,
129,117,9,496,9347,1,,
237,2282,3,94,9347,1,,
157,159,2,508,9349,1,,
252,338,8,327,9358,1,,
408,3238,3,94,9360,1,,
454,3509,2,94,9364,1,,
476,1133,7,535,9369,1,,
476,-1,-1,-999,9369,2,v13_piggyback,0.7098591549295774
440,3429,2,443,9370,1,,
140,141,2,511,9391,1,,
365,650,7,539,9392,1,,
260,355,6,397,9401,1,,
295,450,2,491,9404,1,,
232,273,3,397,9414,1,,
232,281,4,469,9414,1,,
409,795,2,446,9421,1,,
266,2425,3,517,9427,1,,
61,1459,2,490,9431,1,,
470,1099,2,94,9434,1,,
0,6,3,397,9436,1,,
160,157,5,474,9449,1,,
64,51,10,517,9468,1,,
238,295,10,428,9472,1,,
218,256,6,110,9475,1,,
393,3154,1,491,9476,1,,
421,847,5,474,9476,1,,
257,353,4,474,9483,1,,
309,2658,3,516,9483,1,,
281,2498,1,193,9485,1,,
88,74,3,535,9489,1,,
403,778,2,94,9495,1,,
162,1926,3,322,9511,1,,
162,165,8,322,9511,1,,
275,2464,1,468,9533,1,,
233,273,3,397,9538,1,,
267,376,9,322,9548,1,,
366,649,6,448,9550,1,,
141,141,2,133,9559,1,,
174,1980,2,133,9573,1,,
78,1537,2,244,9573,1,,
78,1537,6,105,9573,1,,
78,60,8,244,9573,1,,
83,71,8,543,9580,1,,
379,3069,3,110,9588,1,,
33,1343,7,322,9591,1,,
33,23,6,244,9591,1,,
37,1358,4,543,9597,1,,
249,332,1,110,9605,1,,
249,2342,2,448,9605,1,,
386,726,2,539,9611,1,,
31,16,7,244,9612,1,,
31,22,6,105,9612,1,,
28,18,2,553,9624,1,,
268,377,10,105,9630,1,,
470,1096,3,272,9634,1,,
470,1096,8,133,9634,1,,
470,1095,6,177,9634,1,,
226,273,2,397,9648,1,,
175,188,11,351,9651,1,,
176,187,3,532,9656,1,,
77,65,9,540,9658,1,,
77,62,10,551,9658,1,,
77,59,2,551,9658,1,,
256,317,6,351,9669,1,,
240,2295,4,351,9676,1,,
62,44,3,244,9678,1,,
62,48,8,105,9678,1,,
62,48,4,244,9678,1,,
177,188,10,187,9690,1,,
236,288,5,500,9694,1,,
17,1277,7,322,9696,1,,
17,1281,4,556,9696,1,,
318,506,6,351,9700,1,,
11,10,5,500,9704,1,,
409,800,10,244,9712,1,,
173,184,9,488,9713,1,,
66,53,9,322,9727,1,,
13,10,8,187,9746,1,,
13,2,10,488,9746,1,,
476,1133,4,535,9748,1,,
390,3132,2,500,9755,1,,
180,196,8,554,9758,1,,
269,379,12,255,9760,1,,
320,-1,-1,-999,9760,2,v13_fetch,0.007747933884297519
0,8,8,554,9770,1,,
488,3725,2,397,9778,1,,
19,1277,1,322,9784,1,,
19,13,6,551,9784,1,,
19,2,6,255,9784,1,,
19,9,5,255,9784,1,,
428,880,10,-34,9794,1,,
428,-1,-1,-999,9794,2,v13_piggyback,0.7073593073593073
121,1724,9,551,9797,1,,
250,334,7,-34,9807,1,,
315,500,9,255,9810,1,,
384,719,6,105,9819,1,,
234,289,10,450,9823,1,,
60,1452,5,322,9831,1,,
60,48,3,244,9831,1,,
365,650,12,450,9842,1,,
174,187,10,452,9844,1,,
243,2311,3,-34,9858,1,,
243,312,7,555,9858,1,,
33,25,6,556,9863,1,,
10,2,1,452,9869,1,,
10,2,6,456,9869,1,,
10,4,6,559,9869,1,,
10,3,6,452,9869,1,,
228,278,9,494,9874,1,,
451,999,10,456,9883,1,,
71,1503,6,255,9885,1,,
1,5,2,-34,9890,1,,
1,5,6,555,9890,1,,
287,424,8,452,9895,1,,
167,169,6,244,9901,1,,
47,36,8,452,9907,1,,
480,1154,8,452,9918,1,,
146,144,5,452,9929,1,,
146,1847,2,452,9929,1,,
108,99,6,105,9937,1,,
223,268,6,488,9938,1,,
14,1268,5,244,9945,1,,
40,1367,7,494,9950,1,,
40,-1,-1,-999,9950,2,v13_piggyback,0.7032586558044807
318,506,9,488,9953,1,,
147,147,10,507,9970,1,,
134,133,4,559,9985,1,,
134,126,7,361,9985,1,,
144,144,10,548,9986,1,,
39,28,4,244,9993,1,,
39,29,1,244,9993,1,,
91,79,8,254,10000,1,,
148,150,5,322,10002,1,,
197,221,4,551,10010,1,,
286,2528,4,255,10017,1,,
325,523,4,450,10024,1,,
325,523,8,254,10024,1,,
366,650,5,105,10025,1,,
240,309,6,456,10026,1,,
347,592,5,244,10034,1,,
388,735,7,507,10042,1,,
239,296,2,488,10055,1,,
239,303,9,361,10055,1,,
38,28,7,254,10055,1,,
73,1514,4,105,10058,1,,
73,51,8,571,10058,1,,
367,650,7,555,10068,1,,
301,460,6,488,10073,1,,
322,509,6,422,10079,1,,
242,315,6,507,10091,1,,
294,443,6,559,10096,1,,
43,32,2,452,10111,1,,
43,30,8,361,10111,1,,
32,1337,8,571,10112,1,,
354,2923,3,105,10118,1,,
205,227,5,187,10122,1,,
364,648,5,254,10126,1,,
410,806,3,255,10129,1,,
421,849,6,361,10131,1,,
419,841,3,187,10140,1,,
419,831,2,559,10140,1,,
478,3668,3,551,10146,1,,
234,292,5,361,10148,1,,
29,1325,4,488,10155,1,,
64,48,2,244,10162,1,,
132,1780,4,555,10173,1,,
2,0,2,439,10177,1,,
69,57,2,452,10178,1,,
69,45,2,361,10178,1,,
72,61,9,439,10190,1,,
428,880,2,-34,10192,1,,
428,884,7,422,10192,1,,
448,3475,1,105,10193,1,,
119,114,4,507,10202,1,,
66,54,4,555,10211,1,,
236,296,6,565,10211,1,,
60,1454,2,301,10228,1,,
60,-1,-1,-999,10228,2,v13_piggyback,0.07050659264399725
273,391,3,450,10229,1,,
334,553,1,498,10233,1,,
355,616,4,507,10242,1,,
166,175,4,452,10245,1,,
353,612,4,422,10249,1,,
134,1786,4,255,10253,1,,
389,738,4,361,10260,1,,
154,155,3,254,10265,1,,
424,860,2,422,10270,1,,
314,2684,4,452,10277,1,,
249,327,3,555,10289,1,,
460,1043,4,452,10303,1,,
133,132,10,560,10303,1,,
212,246,4,452,10309,1,,
81,69,2,544,10312,1,,
1,6,2,560,10316,1,,
1,1220,7,560,10316,1,,
250,336,4,452,10316,1,,
224,268,4,488,10324,1,,
159,1909,2,488,10330,1,,
159,157,1,488,10330,1,,
33,25,5,560,10333,1,,
10,1248,3,510,10335,1,,
11,2,7,573,10370,1,,
370,668,8,564,10382,1,,
481,1159,3,361,10384,1,,
51,40,5,573,10398,1,,
51,1416,6,564,10398,1,,
256,317,11,580,10399,1,,
40,1367,1,494,10402,1,,
110,1673,3,452,10408,1,,
349,2897,3,560,10409,1,,
349,599,4,564,10409,1,,
348,596,8,580,10415,1,,
258,354,6,573,10418,1,,
105,97,6,580,10425,1,,
52,40,1,573,10443,1,,
52,39,2,552,10443,1,,
52,31,2,594,10443,1,,
52,1414,3,581,10443,1,,
78,1537,8,588,10447,1,,
78,59,9,588,10447,1,,
334,553,2,488,10454,1,,
357,616,5,580,10456,1,,
463,1063,11,528,10459,1,,
364,648,2,351,10465,1,,
0,9,5,564,10467,1,,
257,352,2,452,10470,1,,
106,97,4,580,10471,1,,
106,88,7,588,10471,1,,
205,236,8,421,10483,1,,
236,2278,2,577,10491,1,,
207,235,7,497,10493,1,,
339,2835,2,452,10499,1,,
31,18,8,574,10505,1,,
418,834,5,528,10506,1,,
298,458,8,574,10516,1,,
273,2455,2,565,10517,1,,
252,341,5,560,10518,1,,
218,257,2,187,10525,1,,
221,266,2,351,10532,1,,
271,389,6,512,10546,1,,
2,1,3,581,10556,1,,
195,219,4,564,10563,1,,
278,403,7,421,10575,1,,
60,1452,10,564,10580,1,,
138,1806,3,581,10586,1,,
450,994,4,574,10592,1,,
202,227,1,187,10592,1,,
196,219,3,588,10597,1,,
370,666,8,528,10598,1,,
307,466,3,581,10604,1,,
356,621,6,497,10607,1,,
123,114,12,563,10609,1,,
237,295,4,512,10616,1,,
465,1067,4,570,10618,1,,
247,327,3,497,10621,1,,
194,217,12,570,10634,1,,
192,2061,2,552,10641,1,,
311,489,7,563,10645,1,,
1,2,2,580,10650,1,,
296,452,2,537,10657,1,,
268,378,6,563,10657,1,,
149,150,2,561,10661,1,,
120,116,9,600,10670,1,,
121,116,8,492,10686,1,,
201,229,8,423,10699,1,,
76,1528,2,564,10707,1,,
340,2840,2,561,10708,1,,
322,521,1,544,10711,1,,
452,1004,8,423,10711,1,,
304,466,2,581,10718,1,,
159,1912,4,492,10728,1,,
159,164,2,423,10728,1,,
338,561,1,560,10735,1,,
441,3435,1,439,10750,1,,
236,295,7,563,10750,1,,
147,146,10,599,10752,1,,
184,2025,2,538,10759,1,,
339,566,6,505,10760,1,,
464,1066,8,598,10763,1,,
116,1702,1,594,10766,1,,
323,518,12,173,10786,1,,
9,0,4,563,10792,1,,
9,1246,1,423,10792,1,,
341,570,10,538,10801,1,,
264,370,6,572,10803,1,,
273,2456,4,173,10807,1,,
193,197,4,545,10814,1,,
418,836,6,423,10816,1,,
66,54,6,572,10816,1,,
47,35,5,600,10824,1,,
88,74,6,572,10825,1,,
279,407,4,512,10836,1,,
174,186,2,583,10854,1,,
174,177,6,583,10854,1,,
136,1798,2,492,10862,1,,
182,197,2,545,10863,1,,
182,200,4,601,10863,1,,
64,52,4,600,10874,1,,
421,846,2,512,10879,1,,
324,2747,4,601,10880,1,,
96,1608,3,492,10884,1,,
227,275,10,533,10889,1,,
430,895,4,434,10895,1,,
168,174,6,613,10899,1,,
212,245,9,533,10914,1,,
306,-1,-1,-999,10914,2,v13_fetch,0.7099037138927098
332,547,10,613,10928,1,,
401,774,10,-77,10932,1,,
97,1612,2,512,10934,1,,
187,209,2,600,10939,1,,
6,1,8,533,10947,1,,
6,0,6,569,10947,1,,
274,391,8,-77,10951,1,,
95,85,4,579,10956,1,,
0,5,9,607,10960,1,,
449,987,7,-77,10962,1,,
452,1003,6,194,10967,1,,
258,2384,2,583,10972,1,,
258,352,4,596,10972,1,,
189,209,8,569,10985,1,,
189,212,9,611,10985,1,,
260,357,10,609,11009,1,,
69,58,6,533,11010,1,,
69,45,9,611,11010,1,,
149,1860,10,609,11023,1,,
138,1806,2,611,11023,1,,
138,129,8,611,11023,1,,
91,80,6,595,11024,1,,
1,7,2,579,11028,1,,
175,1983,1,187,11032,1,,
402,775,8,609,11035,1,,
85,73,8,533,11041,1,,
85,68,5,611,11041,1,,
34,26,9,595,11047,1,,
237,295,1,563,11050,1,,
323,524,6,596,11051,1,,
323,524,6,609,11051,1,,
446,952,7,569,11059,1,,
446,971,6,611,11059,1,,
262,360,10,181,11065,1,,
183,198,1,512,11070,1,,
256,352,8,362,11077,1,,
116,109,7,533,11089,1,,
215,250,6,549,11098,1,,
2,9,2,596,11102,1,,
2,7,6,181,11102,1,,
447,973,6,566,11108,1,,
186,200,4,607,11119,1,,
186,205,4,549,11119,1,,
324,525,10,434,11125,1,,
324,526,6,181,11125,1,,
229,281,6,611,11129,1,,
242,313,6,607,11138,1,,
82,67,8,181,11141,1,,
393,751,6,362,11151,1,,
89,75,4,606,11153,1,,
170,181,4,616,11160,1,,
236,296,8,616,11171,1,,
172,183,6,-77,11177,1,,
338,562,6,578,11185,1,,
32,24,10,626,11186,1,,
0,3,4,621,11192,1,,
21,1290,5,362,11195,1,,
21,3,8,625,11195,1,,
21,-1,-1,-999,11195,2,v13_piggyback,0.7170666666666666
371,671,8,616,11197,1,,
275,397,4,611,11199,1,,
213,247,6,626,11207,1,,
127,1755,3,181,11210,1,,
127,124,8,625,11210,1,,
41,31,3,607,11214,1,,
50,41,12,631,11223,1,,
224,247,1,626,11239,1,,
103,94,6,362,11253,1,,
189,210,3,549,11261,1,,
92,75,11,631,11264,1,,
92,80,5,536,11264,1,,
25,17,10,536,11278,1,,
43,1380,5,181,11279,1,,
251,337,2,533,11287,1,,
382,710,6,362,11291,1,,
423,854,10,536,11292,1,,
433,906,6,181,11300,1,,
356,621,3,569,11301,1,,
230,2247,2,611,11307,1,,
68,1487,5,609,11308,1,,
456,1020,2,611,11311,1,,
333,547,5,609,11317,1,,
244,312,8,550,11323,1,,
401,775,4,609,11324,1,,
261,362,4,362,11330,1,,
479,1145,7,575,11342,1,,
16,13,8,575,11354,1,,
70,59,5,631,11362,1,,
245,318,5,624,11368,1,,
51,41,6,536,11372,1,,
89,78,4,434,11400,1,,
252,338,12,634,11401,1,,
94,84,5,542,11402,1,,
396,3171,4,536,11409,1,,
202,2111,4,181,11409,1,,
256,330,6,597,11411,1,,
296,450,2,634,11415,1,,
253,2360,4,542,11420,1,,
50,1411,11,575,11435,1,,
455,1018,8,597,11436,1,,
65,52,9,644,11442,1,,
236,2277,4,542,11442,1,,
454,1014,11,591,11452,1,,
158,159,10,644,11459,1,,
450,992,9,292,11465,1,,
123,113,4,609,11468,1,,
69,43,3,635,11474,1,,
69,58,6,630,11474,1,,
379,696,4,181,11477,1,,
72,61,10,591,11479,1,,
306,466,3,492,11483,1,,
144,143,3,181,11492,1,,
316,500,6,591,11493,1,,
354,617,2,173,11506,1,,
468,1087,2,362,11512,1,,
17,2,3,608,11516,1,,
17,14,10,447,11516,1,,
386,726,2,596,11516,1,,
452,3500,2,362,11521,1,,
446,967,7,591,11527,1,,
25,1309,9,239,11549,1,,
60,1452,4,132,11556,1,,
160,158,2,628,11557,1,,
146,1844,3,575,11561,1,,
254,340,4,657,11572,1,,
66,52,6,447,11581,1,,
66,55,6,447,11581,1,,
224,265,1,-77,11593,1,,
245,323,9,447,11594,1,,
319,2717,3,132,11601,1,,
73,61,6,608,11628,1,,
94,1600,8,132,11628,1,,
21,1290,1,362,11633,1,,
201,228,6,597,11637,1,,
363,645,10,655,11642,1,,
98,84,6,597,11647,1,,
56,42,4,646,11649,1,,
225,260,4,659,11654,1,,
61,50,5,651,11657,1,,
9,0,3,623,11658,1,,
9,0,5,648,11658,1,,
95,85,3,651,11663,1,,
453,1002,9,658,11667,1,,
341,567,6,162,11668,1,,
366,652,4,646,11670,1,,
358,616,6,447,11677,1,,
368,659,6,647,11709,1,,
454,1015,8,162,11714,1,,
454,1015,8,447,11714,1,,
12,1257,7,658,11722,1,,
371,671,6,162,11724,1,,
290,433,3,597,11735,1,,
290,427,2,591,11735,1,,
10,0,9,647,11735,1,,
445,967,6,658,11745,1,,
99,1624,3,651,11758,1,,
99,84,6,518,11758,1,,
221,263,11,645,11760,1,,
293,442,5,447,11764,1,,
129,1762,2,645,11772,1,,
129,119,6,645,11772,1,,
397,760,8,518,11780,1,,
377,690,5,447,11782,1,,
456,1026,4,292,11789,1,,
100,87,8,432,11792,1,,
8,6,12,645,11797,1,,
8,0,7,645,11797,1,,
473,1115,8,432,11803,1,,
128,115,8,615,11808,1,,
22,1295,5,666,11811,1,,
218,255,4,447,11819,1,,
457,1032,6,432,11821,1,,
11,0,8,592,11824,1,,
471,1104,3,493,11830,1,,
181,190,2,647,11851,1,,
181,190,4,615,11851,1,,
181,2012,2,615,11851,1,,
92,84,4,666,11862,1,,
241,2299,3,518,11868,1,,
207,2135,2,651,11873,1,,
374,680,8,619,11877,1,,
71,1503,8,592,11882,1,,
350,2901,4,597,11884,1,,
485,3713,4,619,11891,1,,
271,389,4,619,11898,1,,
358,2947,2,669,11902,1,,
115,1695,1,615,11907,1,,
115,106,6,541,11907,1,,
333,2798,2,666,11910,1,,
95,84,5,597,11910,1,,
23,1297,3,647,11918,1,,
23,16,4,401,11918,1,,
294,443,3,590,11918,1,,
247,326,8,401,11929,1,,
340,567,2,162,11949,1,,
268,381,1,655,11951,1,,
178,190,6,541,11954,1,,
101,84,2,666,11960,1,,
167,178,6,541,11964,1,,
203,233,1,627,11974,1,,
77,65,1,655,11984,1,,
86,1564,2,447,11989,1,,
443,960,6,541,11994,1,,
83,71,8,642,12007,1,,
58,47,5,592,12007,1,,
355,616,1,447,12019,1,,
394,755,4,615,12023,1,,
309,2659,4,541,12030,1,,
267,374,8,629,12031,1,,
122,114,6,592,12040,1,,
182,198,3,679,12041,1,,
67,54,8,678,12043,1,,
29,1322,1,591,12045,1,,
94,84,1,666,12046,1,,
78,65,10,662,12061,1,,
168,179,6,678,12070,1,,
11,1253,7,541,12076,1,,
32,17,8,679,12086,1,,
272,389,2,679,12090,1,,
121,111,6,629,12101,1,,
21,16,8,576,12102,1,,
418,833,10,662,12115,1,,
444,960,3,541,12120,1,,
48,36,4,670,12130,1,,
349,597,5,576,12131,1,,
487,1204,2,647,12145,1,,
354,618,2,636,12150,1,,
96,76,5,629,12156,1,,
18,0,2,612,12157,1,,
18,15,8,342,12157,1,,
18,9,5,342,12157,1,,
341,571,6,576,12166,1,,
395,755,2,615,12170,1,,
57,45,10,690,12172,1,,
52,40,4,680,12179,1,,
342,2852,3,527,12184,1,,
136,131,10,342,12188,1,,
238,2285,2,647,12193,1,,
388,734,1,592,12201,1,,
219,259,11,694,12205,1,,
276,399,2,658,12210,1,,
347,2880,1,645,12221,1,,
20,0,10,180,12224,1,,
20,1287,4,180,12224,1,,
53,42,7,672,12224,1,,
214,2167,2,672,12234,1,,
0,7,2,576,12244,1,,
0,3,6,694,12244,1,,
377,687,3,662,12256,1,,
475,1125,10,180,12258,1,,
457,1032,8,342,12276,1,,
343,576,6,557,12283,1,,
115,106,6,604,12287,1,,
415,819,5,342,12291,1,,
396,755,3,557,12295,1,,
277,398,12,654,12304,1,,
345,584,6,604,12313,1,,
83,70,4,576,12313,1,,
83,71,4,342,12313,1,,
114,107,6,654,12322,1,,
32,1338,6,650,12325,1,,
32,21,2,180,12325,1,,
111,103,8,664,12334,1,,
158,161,10,682,12337,1,,
297,454,4,604,12340,1,,
21,1287,4,180,12342,1,,
378,690,10,373,12351,1,,
112,104,6,667,12359,1,,
112,105,5,667,12359,1,,
50,41,9,682,12364,1,,
351,605,4,342,12367,1,,
335,558,6,373,12374,1,,
481,1164,4,180,12381,1,,
137,136,9,379,12386,1,,
293,442,3,576,12396,1,,
3,6,10,707,12399,1,,
383,685,11,379,12401,1,,
198,224,3,180,12402,1,,
342,576,8,379,12414,1,,
9,1245,10,639,12416,1,,
9,6,2,639,12416,1,,
12,0,9,379,12427,1,,
298,454,8,412,12428,1,,
2,5,10,337,12441,1,,
242,2304,3,576,12443,1,,
110,102,10,639,12453,1,,
110,99,9,665,12453,1,,
118,1713,10,337,12455,1,,
134,1787,3,180,12456,1,,
78,67,12,698,12476,1,,
341,2849,3,612,12482,1,,
26,1310,5,620,12484,1,,
26,2,9,713,12484,1,,
294,444,6,664,12485,1,,
97,1613,4,707,12495,1,,
97,81,2,707,12495,1,,
247,326,6,412,12504,1,,
24,1300,4,664,12513,1,,
0,1217,8,673,12517,1,,
343,579,12,337,12529,1,,
302,464,5,412,12536,1,,
128,126,7,704,12536,1,,
458,1036,6,665,12545,1,,
107,1656,2,576,12545,1,,
34,21,10,701,12551,1,,
39,28,4,665,12553,1,,
363,2978,2,612,12562,1,,
32,23,11,709,12566,1,,
38,23,2,337,12578,1,,
38,27,6,713,12578,1,,
77,1529,2,342,12583,1,,
94,1597,2,591,12587,1,,
468,3599,4,664,12587,1,,
303,-1,-1,-999,12587,2,v13_fetch,0.7092613009922822
416,819,1,342,12593,1,,
108,90,7,713,12593,1,,
108,100,4,709,12593,1,,
240,306,9,701,12606,1,,
19,15,7,709,12617,1,,
211,2152,4,707,12618,1,,
21,1290,4,654,12625,1,,
21,-1,-1,-999,12625,2,v13_piggyback,0.7045333333333332
10,6,7,713,12627,1,,
129,115,6,379,12637,1,,
50,1410,1,704,12643,1,,
71,59,11,717,12661,1,,
246,324,6,676,12663,1,,
111,1679,3,412,12669,1,,
415,822,2,665,12673,1,,
386,723,6,337,12678,1,,
455,3517,2,412,12678,1,,
119,1715,2,667,12682,1,,
273,2458,4,717,12689,1,,
143,140,2,717,12694,1,,
419,841,6,337,12699,1,,
411,810,6,379,12709,1,,
364,643,6,684,12718,1,,
261,362,6,713,12718,1,,
139,139,6,684,12727,1,,
322,517,4,722,12744,1,,
183,201,6,273,12751,1,,
97,1613,2,676,12755,1,,
446,973,6,713,12757,1,,
392,3148,3,722,12763,1,,
488,1210,6,713,12776,1,,
136,134,4,713,12783,1,,
132,129,9,722,12784,1,,
57,43,8,722,12796,1,,
11,10,4,273,12798,1,,
418,3297,4,527,12810,1,,
173,185,6,674,12814,1,,
131,1773,2,96,12821,1,,
131,128,6,96,12821,1,,
131,117,8,96,12821,1,,
175,186,4,724,12821,1,,
384,716,5,686,12826,1,,
112,101,8,724,12833,1,,
451,998,4,713,12833,1,,
137,136,9,96,12838,1,,
65,1475,4,379,12845,1,,
164,173,12,96,12855,1,,
233,289,4,713,12866,1,,
445,965,4,674,12872,1,,
0,9,8,633,12898,1,,
0,8,6,633,12898,1,,
385,721,3,674,12904,1,,
16,9,9,683,12924,1,,
16,1275,4,683,12924,1,,
258,354,3,337,12925,1,,
274,391,8,96,12931,1,,
383,706,4,620,12932,1,,
207,2133,3,709,12938,1,,
95,76,2,674,12942,1,,
95,85,11,737,12942,1,,
406,790,8,96,12942,1,,
165,172,11,585,12957,1,,
176,184,12,633,12959,1,,
303,466,3,492,12963,1,,
333,2802,3,686,12968,1,,
429,886,8,96,12969,1,,
184,202,10,683,12973,1,,
440,945,3,379,12974,1,,
404,782,12,702,12985,1,,
31,22,6,96,12997,1,,
52,42,7,733,13007,1,,
415,821,9,273,13012,1,,
21,1287,3,180,13013,1,,
479,3672,3,337,13022,1,,
281,410,9,633,13028,1,,
238,2287,2,633,13040,1,,
238,289,6,683,13040,1,,
45,1391,2,713,13042,1,,
392,3145,4,138,13045,1,,
71,1504,2,727,13050,1,,
188,211,8,683,13052,1,,
271,384,4,633,13075,1,,
311,490,3,722,13080,1,,
349,600,6,737,13087,1,,
384,3095,2,696,13099,1,,
51,43,7,633,13104,1,,
243,314,2,96,13107,1,,
215,250,4,737,13111,1,,
324,526,10,661,13113,1,,
46,34,8,745,13124,1,,
278,403,2,585,13129,1,,
175,189,4,753,13130,1,,
43,33,12,661,13148,1,,
160,158,2,683,13154,1,,
39,29,7,753,13159,1,,
75,63,3,661,13167,1,,
16,1276,8,113,13169,1,,
306,474,4,652,13185,1,,
77,64,12,751,13185,1,,
191,2057,3,661,13193,1,,
307,474,4,652,13200,1,,
53,43,9,723,13204,1,,
32,19,10,751,13210,1,,
308,474,4,652,13211,1,,
12,2,6,723,13214,1,,
309,485,5,663,13219,1,,
212,246,4,723,13220,1,,
69,57,7,760,13228,1,,
275,393,7,755,13230,1,,
244,321,4,723,13239,1,,
255,2372,3,695,13251,1,,
108,1665,2,724,13252,1,,
67,53,9,756,13258,1,,
67,55,4,756,13258,1,,
359,2954,4,546,13262,1,,
338,2828,3,546,13273,1,,
280,393,2,695,13277,1,,
425,3337,4,546,13284,1,,
478,1141,10,756,13285,1,,
194,217,1,723,13288,1,,
213,246,2,723,13294,1,,
195,216,5,692,13323,1,,
3,1,8,756,13329,1,,
474,3641,2,751,13333,1,,
106,90,7,763,13345,1,,
106,93,9,763,13345,1,,
210,243,6,743,13350,1,,
176,188,6,756,13356,1,,
109,95,10,675,13368,1,,
109,99,8,675,13368,1,,
66,53,9,712,13369,1,,
448,3475,2,546,13370,1,,
158,1904,2,756,13373,1,,
10,1252,7,763,13379,1,,
408,795,6,681,13386,1,,
60,49,10,706,13390,1,,
373,677,8,675,13391,1,,
35,1352,3,734,13396,1,,
282,2501,4,531,13397,1,,
200,226,1,756,13399,1,,
236,296,4,681,13405,1,,
7,0,6,675,13413,1,,
216,2180,3,763,13418,1,,
351,604,5,675,13427,1,,
177,186,8,734,13429,1,,
157,162,7,186,13435,1,,
43,1380,6,186,13452,1,,
410,796,6,186,13462,1,,
226,274,4,706,13466,1,,
6,1236,6,728,13468,1,,
327,537,5,706,13474,1,,
421,846,5,186,13483,1,,
196,216,1,692,13485,1,,
360,616,6,186,13492,1,,
180,195,2,692,13493,1,,
74,1519,2,763,13500,1,,
404,3217,4,414,13505,1,,
167,1948,1,633,13507,1,,
77,1530,3,754,13512,1,,
478,3667,2,602,13517,1,,
309,481,8,546,13518,1,,
325,528,6,768,13530,1,,
359,630,4,63,13534,1,,
359,630,4,743,13534,1,,
359,616,4,186,13534,1,,
359,-1,-1,-999,13534,2,v13_piggyback,0.7121827411167512
435,913,4,768,13538,1,,
472,3626,1,683,13540,1,,
255,350,6,681,13546,1,,
466,3586,1,763,13549,1,,
174,186,1,734,13551,1,,
118,110,4,186,13570,1,,
280,2491,4,502,13577,1,,
178,191,10,584,13592,1,,
194,217,11,186,13592,1,,
436,913,2,768,13597,1,,
242,313,4,186,13599,1,,
308,482,3,186,13605,1,,
76,64,10,584,13611,1,,
44,33,4,730,13612,1,,
192,214,4,718,13621,1,,
430,894,2,186,13638,1,,
334,555,10,741,13640,1,,
261,359,6,718,13640,1,,
335,558,7,584,13651,1,,
379,699,8,708,13652,1,,
379,-1,-1,-999,13652,2,v13_piggyback,0.7096982758620689
425,863,2,186,13657,1,,
72,61,8,741,13663,1,,
63,51,8,708,13664,1,,
186,203,6,708,13674,1,,
378,695,8,776,13686,1,,
345,585,6,776,13695,1,,
244,318,6,776,13704,1,,
6,1235,11,668,13722,1,,
410,802,8,730,13725,1,,
0,4,10,714,13726,1,,
179,192,5,714,13744,1,,
179,191,8,699,13744,1,,
363,643,9,582,13744,1,,
25,1308,2,186,13753,1,,
25,1,4,787,13753,1,,
75,60,12,714,13760,1,,
180,193,9,582,13766,1,,
29,1326,9,558,13771,1,,
29,1,11,558,13771,1,,
421,846,8,584,13772,1,,
136,1795,4,757,13773,1,,
10,2,5,582,13782,1,,
94,1601,12,558,13788,1,,
246,325,6,741,13792,1,,
246,321,9,781,13792,1,,
268,380,4,582,13799,1,,
77,63,7,781,13813,1,,
77,57,9,725,13813,1,,
245,322,12,558,13814,1,,
39,1,7,582,13824,1,,
39,29,12,582,13824,1,,
336,557,11,781,13828,1,,
440,945,5,782,13833,1,,
14,1,9,781,13854,1,,
14,4,5,725,13854,1,,
14,2,6,725,13854,1,,
169,1958,4,582,13854,1,,
380,699,8,699,13866,1,,
37,27,3,757,13869,1,,
138,136,7,714,13876,1,,
89,77,9,689,13888,1,,
131,117,7,781,13889,1,,
131,1773,2,725,13889,1,,
472,1111,10,691,13902,1,,
1,2,3,776,13922,1,,
1,5,4,729,13922,1,,
1,5,8,742,13922,1,,
425,866,8,782,13927,1,,
405,786,6,781,13934,1,,
43,33,9,558,13935,1,,
442,949,4,796,13939,1,,
327,535,6,414,13943,1,,
69,58,3,582,13948,1,,
331,540,6,584,13952,1,,
441,949,4,796,13956,1,,
40,30,8,742,13959,1,,
40,29,8,742,13959,1,,
111,99,9,742,13974,1,,
326,532,2,787,13979,1,,
359,630,3,743,13985,1,,
208,235,10,742,13990,1,,
351,596,2,714,13993,1,,
351,2905,4,725,13993,1,,
68,55,10,742,14007,1,,
96,81,2,582,14009,1,,
54,42,8,689,14021,1,,
231,278,3,699,14029,1,,
231,283,6,765,14029,1,,
318,505,8,689,14035,1,,
139,134,10,765,14043,1,,
335,556,2,531,14046,1,,
93,80,8,791,14048,1,,
443,949,1,796,14049,1,,
388,3124,4,714,14050,1,,
338,563,2,531,14055,1,,
197,219,4,725,14071,1,,
383,3092,1,186,14074,1,,
433,3389,4,781,14085,1,,
147,145,4,725,14092,1,,
101,90,4,714,14104,1,,
345,585,7,742,14106,1,,
465,3579,4,725,14111,1,,
260,360,7,558,14119,1,,
225,265,8,746,14120,1,,
198,224,6,689,14128,1,,
460,1042,6,742,14137,1,,
276,398,8,746,14152,1,,
342,568,5,791,14157,1,,
228,278,4,812,14161,1,,
439,941,6,746,14170,1,,
380,697,6,689,14171,1,,
70,55,6,746,14180,1,,
224,265,1,746,14183,1,,
251,338,5,729,14187,1,,
300,2606,3,725,14189,1,,
283,412,2,812,14193,1,,
336,555,10,129,14198,1,,
330,540,2,584,14203,1,,
321,515,12,792,14215,1,,
329,539,2,622,14217,1,,
137,120,4,742,14219,1,,
136,120,4,742,14226,1,,
221,266,4,689,14233,1,,
441,953,9,767,14242,1,,
328,539,8,622,14252,1,,
328,-1,-1,-999,14253,2,v13_piggyback,0.7096573208722741
181,2012,3,742,14255,1,,
442,955,9,129,14255,1,,
39,30,5,129,14267,1,,
39,24,3,129,14267,1,,
318,506,5,589,14267,1,,
318,-1,-1,-999,14267,2,v13_piggyback,0.7211267605633802
254,2368,2,699,14281,1,,
256,339,2,804,14287,1,,
112,103,7,792,14299,1,,
23,17,2,742,14303,1,,
23,1299,11,677,14303,1,,
255,2370,2,725,14306,1,,
191,2060,3,791,14309,1,,
2,1224,3,-28,14310,1,,
2,1,5,798,14310,1,,
40,30,3,677,14317,1,,
479,1145,7,-28,14327,1,,
383,711,6,792,14342,1,,
243,317,5,129,14352,1,,
14,2,6,808,14355,1,,
337,2823,2,776,14360,1,,
341,568,2,791,14364,1,,
341,-1,-1,-999,14364,2,v13_piggyback,0.714218009478673
38,1,1,798,14372,1,,
38,28,5,815,14372,1,,
329,539,1,638,14374,1,,
106,99,1,742,14375,1,,
384,718,6,815,14386,1,,
312,492,2,689,14388,1,,
163,1926,4,638,14402,1,,
109,97,2,815,14404,1,,
109,98,11,688,14404,1,,
107,97,6,815,14413,1,,
471,1101,12,688,14430,1,,
283,2506,2,622,14430,1,,
205,2128,3,514,14436,1,,
321,515,7,-28,14441,1,,
321,-1,-1,-999,14441,2,v13_piggyback,0.708980044345898
257,352,10,775,14453,1,,
365,648,8,775,14464,1,,
313,490,7,514,14468,1,,
313,493,4,514,14468,1,,
330,539,3,638,14470,1,,
10,0,2,514,14472,1,,
279,407,8,775,14482,1,,
263,369,4,775,14489,1,,
324,526,6,688,14494,1,,
242,315,4,775,14495,1,,
261,358,8,790,14507,1,,
221,2204,4,677,14516,1,,
58,46,4,798,14519,1,,
91,1588,3,567,14525,1,,
391,745,3,129,14531,1,,
366,649,6,805,14537,1,,
225,2220,3,720,14546,1,,
128,118,8,735,14548,1,,
23,1299,7,514,14559,1,,
104,95,8,735,14574,1,,
191,2057,2,808,14579,1,,
202,230,7,735,14591,1,,
103,1639,2,798,14596,1,,
352,600,6,790,14601,1,,
285,418,2,798,14603,1,,
147,1850,2,815,14611,1,,
200,226,8,806,14615,1,,
328,540,3,584,14618,1,,
403,778,6,735,14627,1,,
277,2476,2,775,14629,1,,
349,2893,1,794,14632,1,,
95,84,1,129,14635,1,,
452,1007,1,129,14647,1,,
197,222,6,832,14654,1,,
254,2366,2,769,14659,1,,
318,505,8,677,14665,1,,
31,1333,5,825,14668,1,,
160,161,1,815,14674,1,,
83,71,4,806,14686,1,,
283,413,8,835,14695,1,,
78,67,8,807,14700,1,,
297,456,3,735,14704,1,,
252,340,10,807,14714,1,,
261,2402,2,794,14718,1,,
77,65,2,530,14725,1,,
275,397,8,825,14730,1,,
184,204,2,832,14731,1,,
37,1357,3,807,14736,1,,
319,504,9,711,14744,1,,
58,1443,2,731,14757,1,,
32,24,9,830,14764,1,,
298,456,7,819,14765,1,,
116,109,8,711,14777,1,,
321,515,3,-28,14780,1,,
321,515,11,567,14780,1,,
227,262,1,819,14785,1,,
227,277,4,711,14785,1,,
216,251,8,716,14792,1,,
341,568,1,791,14794,1,,
341,572,2,819,14794,1,,
444,964,2,716,14797,1,,
253,342,11,758,14808,1,,
146,146,9,716,14809,1,,
96,83,8,716,14821,1,,
96,-1,-1,-999,14821,2,v13_piggyback,0.7161882893226176
300,463,4,711,14833,1,,
15,2,9,817,14839,1,,
285,418,8,530,14841,1,,
256,2378,3,846,14846,1,,
0,7,9,846,14858,1,,
80,64,9,829,14860,1,,
180,195,4,711,14867,1,,
79,67,10,817,14873,1,,
352,2910,2,817,14877,1,,
325,530,2,817,14884,1,,
326,531,12,719,14888,1,,
118,109,7,829,14899,1,,
118,106,7,821,14899,1,,
97,80,8,845,14903,1,,
295,444,9,821,14912,1,,
63,51,8,845,14915,1,,
302,460,8,839,14924,1,,
302,-1,-1,-999,14924,2,v13_piggyback,0.7074226804123711
4,1,6,849,14928,1,,
306,476,8,821,14936,1,,
16,2,8,710,14947,1,,
92,76,8,719,14948,1,,
92,1592,4,719,14948,1,,
13,0,5,809,14955,1,,
164,1934,4,700,14961,1,,
150,120,1,836,14963,1,,
150,148,8,752,14963,1,,
327,2763,3,849,14974,1,,
327,528,11,299,14974,1,,
379,699,8,829,14981,1,,
147,147,8,719,14982,1,,
147,120,4,836,14982,1,,
303,473,10,780,15000,1,,
56,40,3,821,15005,1,,
18,12,10,299,15010,1,,
100,1625,2,845,15017,1,,
100,86,7,719,15017,1,,
100,86,5,748,15017,1,,
100,-1,-1,-999,15017,2,v13_piggyback,0.7154808444096951
48,35,9,299,15028,1,,
259,356,8,748,15031,1,,
142,141,4,845,15041,1,,
142,1827,1,719,15041,1,,
32,1335,8,710,15046,1,,
375,683,9,780,15058,1,,
163,170,8,614,15069,1,,
271,385,8,299,15072,1,,
138,1804,2,819,15074,1,,
140,138,8,837,15076,1,,
148,145,7,710,15083,1,,
297,456,6,614,15088,1,,
37,1356,1,719,15090,1,,
37,18,4,748,15090,1,,
14,11,8,861,15105,1,,
14,4,9,861,15105,1,,
126,124,7,841,15116,1,,
161,167,2,850,15116,1,,
161,152,7,850,15116,1,,
73,1514,4,836,15116,1,,
484,1183,5,719,15127,1,,
233,288,7,614,15127,1,,
0,1218,7,841,15129,1,,
243,314,5,614,15135,1,,
91,76,3,719,15135,1,,
108,97,3,719,15143,1,,
330,2780,2,821,15147,1,,
77,65,2,700,15161,1,,
151,151,2,823,15167,1,,
421,850,6,710,15167,1,,
17,14,5,772,15178,1,,
17,11,2,861,15178,1,,
360,635,2,614,15183,1,,
354,618,2,850,15187,1,,
127,124,6,842,15201,1,,
60,49,4,710,15215,1,,
60,1453,2,842,15215,1,,
96,84,6,129,15215,1,,
96,86,2,748,15215,1,,
486,1201,2,836,15225,1,,
82,70,5,861,15231,1,,
300,2606,2,748,15232,1,,
1,9,6,855,15232,1,,
249,333,2,752,15239,1,,
256,346,2,299,15249,1,,
143,139,3,299,15260,1,,
143,1832,2,772,15260,1,,
299,457,3,299,15266,1,,
152,152,12,855,15268,1,,
433,895,2,299,15271,1,,
362,635,1,614,15272,1,,
362,-1,-1,-999,15272,2,v13_piggyback,0.7073333333333333
104,95,8,865,15273,1,,
90,1583,3,809,15278,1,,
477,1139,1,719,15278,1,,
113,106,1,821,15287,1,,
302,466,3,604,15294,1,,
318,504,8,816,15310,1,,
309,2656,1,829,15314,1,,
270,385,1,299,15321,1,,
465,3579,1,819,15322,1,,
116,109,1,299,15330,1,,
153,152,10,816,15340,1,,
371,671,4,778,15353,1,,
49,36,6,816,15368,1,,
68,1490,6,778,15373,1,,
100,84,5,129,15383,1,,
39,29,10,860,15385,1,,
470,1097,7,747,15390,1,,
403,779,8,869,15396,1,,
484,1185,4,-61,15397,1,,
50,1407,2,778,15404,1,,
32,23,12,777,15413,1,,
42,31,6,747,15434,1,,
257,330,7,860,15438,1,,
257,346,12,860,15438,1,,
295,451,7,869,15449,1,,
44,31,4,872,15451,1,,
158,160,9,813,15458,1,,
335,2810,2,871,15458,1,,
289,430,10,859,15463,1,,
66,54,4,871,15467,1,,
43,31,6,872,15478,1,,
290,434,12,777,15479,1,,
312,492,6,813,15484,1,,
221,264,6,777,15488,1,,
314,493,8,224,15497,1,,
238,302,6,859,15498,1,,
483,1177,6,587,15508,1,,
284,416,7,224,15511,1,,
237,300,4,799,15517,1,,
186,203,6,224,15521,1,,
46,30,2,587,15535,1,,
46,37,9,587,15535,1,,
315,497,6,739,15536,1,,
234,291,7,789,15551,1,,
471,1100,4,789,15558,1,,
233,287,5,816,15563,1,,
301,460,6,747,15573,1,,
65,52,7,762,15574,1,,
318,505,10,813,15587,1,,
55,1432,2,789,15592,1,,
347,592,11,632,15592,1,,
395,3163,4,747,15608,1,,
476,1132,10,632,15608,1,,
481,1164,6,740,15622,1,,
104,1643,3,841,15628,1,,
300,460,3,747,15629,1,,
51,34,4,785,15632,1,,
51,34,6,632,15632,1,,
51,39,6,785,15632,1,,
100,89,6,740,15640,1,,
100,81,2,740,15640,1,,
477,1137,10,778,15648,1,,
190,2051,3,813,15654,1,,
174,187,8,785,15662,1,,
57,1438,1,869,15674,1,,
306,472,5,762,15676,1,,
306,2642,3,785,15676,1,,
306,-1,-1,-999,15676,2,v13_piggyback,0.7094910591471801
41,31,2,747,15686,1,,
264,372,6,587,15687,1,,
451,1001,6,740,15700,1,,
362,635,3,614,15700,1,,
34,26,7,785,15700,1,,
17,14,6,587,15712,1,,
16,12,1,813,15713,1,,
10,1,4,827,15721,1,,
10,1250,2,827,15721,1,,
289,428,5,740,15729,1,,
58,40,5,827,15747,1,,
58,42,8,3,15747,1,,
32,18,10,881,15747,1,,
32,24,6,881,15747,1,,
449,986,7,3,15757,1,,
319,507,11,881,15771,1,,
91,1589,6,785,15772,1,,
446,971,5,785,15785,1,,
28,18,2,881,15788,1,,
28,13,8,862,15788,1,,
263,2408,3,800,15803,1,,
263,366,8,800,15803,1,,
39,30,4,886,15810,1,,
39,24,11,886,15810,1,,
92,81,7,3,15814,1,,
244,320,5,632,15820,1,,
303,471,6,881,15821,1,,
461,1048,6,3,15823,1,,
49,34,3,632,15829,1,,
53,1423,5,886,15832,1,,
60,40,5,827,15842,1,,
60,46,5,800,15842,1,,
475,3644,2,862,15846,1,,
65,1475,4,785,15853,1,,
65,45,3,785,15853,1,,
94,80,9,880,15855,1,,
273,2457,2,862,15871,1,,
365,651,10,875,15890,1,,
4,6,11,803,15895,1,,
476,1127,8,764,15904,1,,
477,1134,4,785,15916,1,,
129,123,12,895,15917,1,,
480,1156,11,803,15917,1,,
47,34,8,900,15928,1,,
31,1,5,875,15929,1,,
31,18,2,875,15929,1,,
128,117,1,470,15932,1,,
108,99,3,800,15934,1,,
108,98,9,874,15934,1,,
132,1778,2,785,15936,1,,
54,40,2,827,15947,1,,
54,40,3,800,15947,1,,
54,34,4,803,15947,1,,
430,894,2,762,15954,1,,
330,543,6,874,15956,1,,
375,683,3,632,15962,1,,
126,122,8,803,15968,1,,
0,5,5,874,15976,1,,
208,239,2,785,15977,1,,
355,620,2,587,15982,1,,
449,987,7,800,15987,1,,
130,119,9,640,15994,1,,
55,40,5,800,15995,1,,
131,125,4,844,16002,1,,
317,500,9,640,16015,1,,
301,2610,2,640,16019,1,,
205,234,9,640,16032,1,,
306,466,3,604,16038,1,,
381,3082,2,762,16048,1,,
40,30,3,640,16050,1,,
76,1526,4,880,16051,1,,
119,111,2,632,16062,1,,
485,1193,5,880,16066,1,,
116,109,4,803,16073,1,,
240,2298,2,785,16076,1,,
65,1473,4,640,16077,1,,
43,1380,1,587,16083,1,,
43,-1,-1,-999,16083,2,v13_piggyback,0.7210175145954962
34,1347,1,732,16087,1,,
241,307,4,827,16091,1,,
206,232,10,870,16094,1,,
309,2657,4,880,16103,1,,
466,1076,1,587,16106,1,,
202,230,10,847,16108,1,,
484,1184,1,843,16110,1,,
251,2353,1,785,16114,1,,
200,225,8,867,16120,1,,
339,564,4,874,16121,1,,
128,1759,2,874,16136,1,,
183,201,3,800,16144,1,,
328,540,3,3,16149,1,,
262,365,2,874,16170,1,,
382,703,1,889,16172,1,,
57,40,2,800,16174,1,,
430,893,3,901,16181,1,,
201,226,4,889,16204,1,,
306,2638,2,800,16205,1,,
475,3645,3,470,16209,1,,
313,2682,2,3,16210,1,,
440,943,2,800,16220,1,,
131,1774,2,640,16224,1,,
436,923,1,847,16231,1,,
247,328,4,912,16237,1,,
381,705,1,826,16240,1,,
157,1900,4,912,16248,1,,
138,120,4,896,16254,1,,
0,4,7,912,16258,1,,
10,1251,2,759,16263,1,,
198,224,5,896,16269,1,,
187,209,2,874,16272,1,,
139,120,2,896,16280,1,,
433,907,8,912,16284,1,,
182,199,6,920,16296,1,,
154,155,7,801,16307,1,,
155,158,4,893,16314,1,,
425,863,3,801,16323,1,,
77,65,2,3,16328,1,,
199,219,4,877,16334,1,,
196,2082,2,800,16336,1,,
174,187,2,801,16343,1,,
444,964,2,3,16345,1,,
462,1048,2,3,16349,1,,
335,556,2,777,16353,1,,
318,2710,2,880,16357,1,,
190,214,12,868,16361,1,,
228,2237,2,800,16361,1,,
337,559,4,887,16374,1,,
106,99,2,800,16380,1,,
338,559,4,887,16390,1,,
159,161,9,927,16396,1,,
217,253,12,868,16406,1,,
336,554,2,868,16411,1,,
367,3001,2,800,16418,1,,
164,172,8,521,16422,1,,
239,304,12,924,16445,1,,
279,408,8,70,16445,1,,
33,21,2,924,16450,1,,
400,771,8,521,16458,1,,
240,309,6,759,16459,1,,
29,19,8,911,16471,1,,
160,166,6,70,16473,1,,
93,1595,7,70,16484,1,,
63,51,7,926,16484,1,,
43,1380,3,587,16488,1,,
307,2647,4,911,16495,1,,
55,44,9,922,16497,1,,
39,29,7,820,16506,1,,
115,1697,2,803,16514,1,,
51,43,6,70,16521,1,,
463,1048,5,926,16523,1,,
19,12,10,820,16528,1,,
245,2323,2,800,16535,1,,
167,176,8,820,16540,1,,
21,12,2,820,16559,1,,
21,16,12,883,16559,1,,
436,920,6,70,16567,1,,
321,2729,3,913,16567,1,,
111,104,6,931,16580,1,,
196,218,3,70,16581,1,,
196,218,3,521,16581,1,,
362,2969,2,931,16585,1,,
227,277,8,883,16587,1,,
456,1023,1,3,16588,1,,
197,218,6,521,16591,1,,
98,88,4,913,16596,1,,
195,218,6,70,16600,1,,
12,1259,2,883,16622,1,,
12,9,4,938,16622,1,,
192,215,6,848,16622,1,,
126,124,6,70,16632,1,,
280,407,12,923,16644,1,,
376,3049,4,521,16647,1,,
331,545,6,521,16656,1,,
40,29,11,935,16660,1,,
92,80,4,903,16663,1,,
198,218,3,521,16679,1,,
45,31,6,923,16681,1,,
45,30,10,923,16681,1,,
244,318,12,923,16697,1,,
360,631,12,919,16699,1,,
309,484,8,919,16710,1,,
16,13,9,923,16717,1,,
16,3,5,932,16717,1,,
259,355,8,919,16722,1,,
415,820,7,888,16734,1,,
289,414,6,932,16744,1,,
289,2544,1,932,16744,1,,
400,771,5,848,16745,1,,
262,366,9,937,16750,1,,
93,1594,5,617,16755,1,,
93,-1,-1,-999,16756,2,v13_piggyback,0.7102803738317757
20,1288,8,888,16756,1,,
129,1764,2,70,16762,1,,
107,88,4,919,16769,1,,
107,92,10,873,16769,1,,
346,588,8,937,16781,1,,
237,298,6,935,16784,1,,
336,559,2,887,16793,1,,
246,318,9,937,16794,1,,
381,703,2,923,16802,1,,
381,3082,3,888,16802,1,,
90,79,3,883,16808,1,,
247,324,10,873,16811,1,,
447,980,8,217,16822,1,,
108,93,8,951,16825,1,,
437,927,4,935,16826,1,,
15,11,4,888,16832,1,,
130,1769,4,919,16834,1,,
231,284,7,217,16835,1,,
128,126,5,948,16844,1,,
248,329,3,217,16850,1,,
35,1353,3,217,16859,1,,
377,687,1,217,16863,1,,
197,221,7,217,16875,1,,
275,393,2,932,16878,1,,
438,932,2,217,16880,1,,
370,3016,3,938,16887,1,,
43,32,4,948,16888,1,,
402,3206,4,919,16903,1,,
229,281,3,771,16918,1,,
204,228,4,873,16921,1,,
110,1675,2,771,16923,1,,
202,2109,2,923,16924,1,,
288,414,2,932,16929,1,,
157,160,6,749,16936,1,,
341,2848,4,937,16939,1,,
101,90,6,936,16948,1,,
228,2239,2,820,16955,1,,
136,133,8,936,16967,1,,
129,118,8,909,16984,1,,
53,1422,1,820,16990,1,,
142,137,4,909,17000,1,,
142,138,7,909,17000,1,,
289,425,9,906,17004,1,,
21,1291,2,926,17004,1,,
135,1792,3,906,17009,1,,
278,2480,4,909,17011,1,,
469,1092,6,909,17020,1,,
1,1223,4,749,17021,1,,
32,23,5,936,17033,1,,
0,3,10,909,17034,1,,
446,3466,2,909,17039,1,,
27,1316,2,477,17039,1,,
35,1352,12,814,17062,1,,
195,219,2,749,17066,1,,
264,372,3,749,17072,1,,
437,3409,4,4,17075,1,,
275,2465,2,864,17083,1,,
246,323,8,749,17084,1,,
227,274,6,970,17107,1,,
150,151,7,955,17110,1,,
23,3,8,685,17115,1,,
23,1298,10,685,17115,1,,
151,152,9,968,17123,1,,
274,392,10,970,17126,1,,
132,125,4,793,17133,1,,
132,129,7,793,17133,1,,
132,119,2,793,17133,1,,
271,389,7,942,17137,1,,
2,6,4,958,17140,1,,
179,2001,4,968,17140,1,,
100,1628,4,970,17144,1,,
96,85,4,942,17151,1,,
313,2679,2,749,17160,1,,
178,189,10,795,17164,1,,
3,9,8,966,17176,1,,
16,13,7,793,17184,1,,
16,10,8,795,17184,1,,
210,243,7,966,17187,1,,
265,370,1,968,17188,1,,
270,2440,2,936,17194,1,,
59,47,6,793,17198,1,,
59,1451,4,793,17198,1,,
54,38,6,793,17210,1,,
54,1426,2,795,17210,1,,
130,127,7,795,17220,1,,
176,186,8,969,17234,1,,
212,241,7,975,17248,1,,
419,838,7,793,17250,1,,
308,2651,1,749,17254,1,,
89,75,10,979,17263,1,,
211,244,6,964,17275,1,,
420,838,10,818,17280,1,,
93,80,7,975,17285,1,,
34,26,6,975,17295,1,,
446,973,7,685,17296,1,,
446,964,4,685,17296,1,,
118,110,7,685,17306,1,,
434,909,6,964,17307,1,,
437,929,10,477,17323,1,,
15,0,10,972,17331,1,,
15,11,9,972,17331,1,,
241,311,6,966,17335,1,,
146,147,8,972,17343,1,,
268,374,5,979,17345,1,,
290,2548,4,793,17350,1,,
151,1868,2,904,17353,1,,
21,16,5,979,17355,1,,
186,205,4,795,17357,1,,
296,2581,4,840,17360,1,,
464,1048,5,975,17366,1,,
150,151,9,940,17372,1,,
213,243,4,940,17380,1,,
178,1996,2,840,17391,1,,
471,1102,3,795,17401,1,,
341,568,4,793,17412,1,,
239,303,3,685,17417,1,,
330,-1,-1,-999,17418,2,v13_fetch,0.710162002945508
43,33,2,818,17422,1,,
155,1888,4,975,17422,1,,
466,1072,9,967,17426,1,,
179,186,8,967,17438,1,,
265,2421,2,547,17443,1,,
286,2525,4,942,17444,1,,
447,973,2,685,17448,1,,
75,1523,3,975,17464,1,,
175,186,2,967,17465,1,,
327,2764,4,970,17476,1,,
352,610,2,793,17483,1,,
199,218,4,970,17486,1,,
270,387,4,967,17487,1,,
93,1594,1,617,17507,1,,
408,796,2,975,17511,1,,
370,3019,2,972,17517,1,,
9,1246,2,975,17523,1,,
174,186,1,969,17532,1,,
238,2289,2,964,17546,1,,
183,2021,1,795,17554,1,,
403,780,6,905,17563,1,,
77,65,2,793,17564,1,,
442,3440,2,975,17568,1,,
86,1565,11,995,17568,1,,
182,197,2,995,17573,1,,
249,2341,2,972,17574,1,,
263,368,8,995,17585,1,,
459,3539,2,905,17585,1,,
83,71,1,933,17587,1,,
113,1686,2,966,17610,1,,
16,13,5,974,17610,1,,
151,1870,4,840,17610,1,,
114,106,2,916,17623,1,,
166,1943,4,987,17625,1,,
248,329,11,974,17633,1,,
111,105,2,987,17637,1,,
84,72,6,987,17647,1,,
184,202,10,974,17649,1,,
178,186,1,969,17653,1,,
385,722,1,987,17674,1,,
17,11,10,988,17683,1,,
168,176,6,671,17684,1,,
100,84,1,964,17684,1,,
169,1958,1,964,17689,1,,
342,-1,-1,-999,17689,2,v13_fetch,0.7087323943661972
341,571,3,988,17692,1,,
88,66,6,671,17704,1,,
88,73,9,738,17704,1,,
405,782,12,947,17718,1,,
488,1213,1,1007,17721,1,,
9,1247,12,892,17735,1,,
167,174,6,738,17743,1,,
20,2,10,1007,17744,1,,
279,405,8,947,17747,1,,
14,0,9,863,17757,1,,
115,107,12,947,17763,1,,
93,84,1,964,17766,1,,
104,1645,6,738,17770,1,,
147,149,7,863,17781,1,,
407,788,9,863,17794,1,,
1,7,6,1012,17800,1,,
170,178,6,660,17810,1,,
87,66,2,671,17820,1,,
87,71,2,1013,17820,1,,
87,73,7,831,17820,1,,
476,3655,2,863,17820,1,,
107,98,10,992,17831,1,,
107,100,6,939,17831,1,,
0,6,6,863,17831,1,,
116,109,9,1013,17833,1,,
110,103,6,660,17841,1,,
406,785,7,831,17843,1,,
406,-1,-1,-999,17843,2,v13_piggyback,0.7139364303178484
384,715,6,856,17852,1,,
145,143,10,983,17854,1,,
386,715,6,856,17862,1,,
361,639,7,983,17865,1,,
2,4,6,939,17879,1,,
144,143,5,934,17880,1,,
323,523,10,367,17887,1,,
311,488,5,1013,17895,1,,
312,493,9,990,17904,1,,
166,174,10,1013,17909,1,,
173,183,8,939,17919,1,,
173,184,6,939,17919,1,,
403,778,8,367,17921,1,,
132,130,8,990,17921,1,,
268,380,8,367,17933,1,,
363,642,5,660,17935,1,,
11,10,8,990,17936,1,,
103,94,7,367,17943,1,,
99,87,6,939,17944,1,,
412,813,6,939,17954,1,,
262,2405,3,660,17968,1,,
488,1214,9,863,17980,1,,
237,298,5,738,17994,1,,
35,1351,6,824,17997,1,,
128,126,7,1011,17999,1,,
413,813,3,693,18008,1,,
413,812,5,649,18008,1,,
437,930,6,990,18014,1,,
450,995,6,824,18020,1,,
474,1120,4,824,18027,1,,
455,1014,6,983,18035,1,,
405,785,5,660,18035,1,,
249,333,4,738,18037,1,,
479,3672,4,671,18044,1,,
248,323,6,990,18044,1,,
55,42,4,738,18050,1,,
332,549,3,671,18056,1,,
330,540,6,3,18069,1,,
447,973,4,856,18072,1,,
314,2686,4,990,18076,1,,
342,568,4,793,18083,1,,
171,1965,2,983,18090,1,,
188,211,3,992,18091,1,,
64,52,3,660,18096,1,,
0,8,3,367,18103,1,,
238,300,8,946,18115,1,,
137,135,2,367,18120,1,,
71,1505,2,660,18121,1,,
234,291,8,946,18131,1,,
114,1692,3,367,18139,1,,
239,301,1,939,18151,1,,
155,157,2,367,18163,1,,
363,644,10,824,18168,1,,
403,3210,3,947,18174,1,,
416,826,9,245,18180,1,,
406,788,3,863,18186,1,,
246,324,5,245,18194,1,,
313,494,11,245,18209,1,,
393,750,2,245,18214,1,,
57,45,7,1014,18215,1,,
57,44,1,998,18215,1,,
126,116,2,831,18216,1,,
49,1404,6,245,18223,1,,
134,133,2,1006,18228,1,,
203,231,12,1021,18240,1,,
128,117,6,1031,18244,1,,
210,241,6,245,18249,1,,
232,286,4,1036,18251,1,,
389,737,8,928,18261,1,,
38,28,7,1030,18264,1,,
192,214,5,914,18270,1,,
233,285,6,1030,18276,1,,
202,230,12,999,18277,1,,
96,86,7,907,18287,1,,
69,55,12,914,18302,1,,
69,54,7,914,18302,1,,
156,158,4,838,18310,1,,
112,99,9,586,18322,1,,
264,2415,2,1016,18322,1,,
193,215,8,838,18334,1,,
32,24,6,1016,18341,1,,
438,935,7,928,18343,1,,
150,151,9,1019,18347,1,,
107,99,1,586,18350,1,,
95,1605,4,1021,18362,1,,
95,83,10,996,18362,1,,
308,480,9,1019,18363,1,,
152,153,7,586,18374,1,,
462,1056,9,996,18375,1,,
247,326,5,586,18382,1,,
186,205,6,907,18384,1,,
310,487,5,907,18392,1,,
31,22,10,1034,18393,1,,
280,2489,1,1034,18397,1,,
70,56,4,996,18404,1,,
344,2865,4,1034,18409,1,,
155,155,12,784,18421,1,,
223,271,4,928,18421,1,,
434,909,3,1022,18424,1,,
375,684,4,996,18431,1,,
4,1,4,1022,18431,1,,
315,499,12,784,18457,1,,
0,4,10,1032,18458,1,,
118,110,5,1037,18466,1,,
224,271,12,915,18485,1,,
214,249,8,1032,18486,1,,
209,238,7,784,18489,1,,
472,1110,5,915,18493,1,,
403,781,7,586,18499,1,,
393,753,11,907,18509,1,,
146,147,9,930,18512,1,,
116,109,2,1040,18526,1,,
268,382,6,1049,18529,1,,
268,377,6,1050,18529,1,,
351,2905,2,1040,18530,1,,
208,239,12,810,18537,1,,
285,417,5,930,18537,1,,
428,3357,3,928,18543,1,,
192,2061,3,1024,18543,1,,
238,301,5,930,18551,1,,
284,417,6,930,18561,1,,
51,43,8,810,18561,1,,
109,102,4,1049,18568,1,,
311,484,7,810,18573,1,,
200,226,4,810,18580,1,,
171,182,2,930,18583,1,,
130,1769,4,810,18591,1,,
389,739,2,996,18598,1,,
111,101,4,1048,18599,1,,
112,96,4,810,18607,1,,
391,3142,2,894,18617,1,,
92,82,2,784,18623,1,,
410,3250,2,894,18626,1,,
350,602,6,894,18639,1,,
96,86,2,996,18642,1,,
434,911,2,989,18651,1,,
434,909,6,1037,18651,1,,
358,627,2,1019,18654,1,,
409,800,4,1009,18658,1,,
267,378,6,1027,18662,1,,
477,1138,11,1046,18667,1,,
392,747,8,1009,18669,1,,
198,224,5,1046,18681,1,,
198,216,5,991,18681,1,,
113,104,7,1046,18691,1,,
175,1984,1,618,18699,1,,
13,1266,7,1046,18702,1,,
403,781,8,1050,18702,1,,
309,486,7,1046,18712,1,,
344,583,7,941,18713,1,,
268,379,8,941,18725,1,,
39,29,8,1035,18737,1,,
359,628,8,1035,18748,1,,
11,1255,1,1001,18750,1,,
11,2,4,773,18750,1,,
165,168,4,1068,18751,1,,
259,349,7,1003,18759,1,,
330,541,2,996,18761,1,,
330,541,3,773,18761,1,,
164,1933,2,1003,18763,1,,
478,1135,6,773,18770,1,,
32,24,10,1003,18779,1,,
40,29,4,1046,18780,1,,
162,168,2,1068,18781,1,,
103,1642,11,703,18795,1,,
170,181,11,1063,18821,1,,
114,101,6,703,18821,1,,
16,0,8,1063,18833,1,,
371,669,7,853,18841,1,,
427,874,7,1063,18843,1,,
221,264,6,1042,18850,1,,
444,960,3,1063,18852,1,,
160,166,12,1042,18866,1,,
426,868,10,956,18867,1,,
22,17,2,1063,18874,1,,
462,1057,4,1046,18879,1,,
41,1370,7,956,18887,1,,
93,76,5,703,18900,1,,
102,91,8,1043,18900,1,,
260,356,3,773,18906,1,,
218,253,6,879,18907,1,,
218,254,10,721,18907,1,,
236,288,4,991,18913,1,,
20,12,6,1047,18917,1,,
20,12,4,1043,18917,1,,
7,1237,3,991,18919,1,,
34,26,3,1042,18923,1,,
34,23,9,721,18923,1,,
239,305,10,721,18938,1,,
21,12,5,1043,18947,1,,
328,536,12,269,18950,1,,
13,8,3,721,18950,1,,
13,0,6,721,18950,1,,
267,379,6,1042,18960,1,,
67,54,10,269,18964,1,,
219,255,3,783,18977,1,,
219,255,9,963,18977,1,,
325,530,10,959,18983,1,,
220,255,1,963,18990,1,,
220,257,8,833,18990,1,,
234,290,10,269,18997,1,,
187,209,5,721,19001,1,,
124,114,7,1071,19004,1,,
409,800,5,618,19012,1,,
286,422,8,959,19017,1,,
0,9,4,1071,19021,1,,
303,469,8,269,19029,1,,
72,61,5,1042,19033,1,,
258,354,4,853,19040,1,,
129,125,5,1084,19057,1,,
29,19,7,959,19058,1,,
368,659,5,853,19060,1,,
295,451,5,1071,19065,1,,
348,596,6,959,19067,1,,
99,87,4,1071,19072,1,,
474,1119,4,269,19079,1,,
119,113,12,1084,19088,1,,
390,738,5,959,19093,1,,
17,10,4,898,19103,1,,
17,2,7,898,19103,1,,
136,134,3,703,19108,1,,
120,113,12,898,19120,1,,
221,263,5,853,19126,1,,
150,151,4,721,19133,1,,
457,1031,10,898,19134,1,,
32,1337,4,879,19140,1,,
433,903,3,269,19141,1,,
213,2161,4,721,19147,1,,
311,489,10,898,19148,1,,
219,2195,3,959,19156,1,,
317,2702,4,721,19159,1,,
477,1136,2,991,19162,1,,
477,1135,1,773,19162,1,,
318,505,4,1042,19166,1,,
339,2834,3,269,19175,1,,
74,60,10,925,19185,1,,
74,59,4,925,19185,1,,
94,75,3,1042,19190,1,,
259,356,2,773,19200,1,,
133,125,5,1084,19201,1,,
264,371,5,898,19210,1,,
351,604,1,721,19217,1,,
487,1205,2,269,19220,1,,
451,3494,2,773,19230,1,,
430,895,3,1084,19231,1,,
113,1688,2,898,19239,1,,
234,2268,2,993,19241,1,,
412,3261,2,245,19253,1,,
111,102,4,1070,19256,1,,
369,660,2,1017,19258,1,,
361,638,2,269,19262,1,,
368,656,6,715,19275,1,,
432,902,4,961,19279,1,,
120,1719,2,802,19281,1,,
120,1722,10,687,19281,1,,
280,2493,1,269,19286,1,,
237,295,1,959,19290,1,,
194,216,1,991,19294,1,,
64,49,5,1002,19305,1,,
352,608,7,1072,19315,1,,
350,596,6,1002,19325,1,,
318,2709,2,952,19329,1,,
123,113,9,653,19333,1,,
271,388,6,653,19342,1,,
277,2476,3,653,19348,1,,
21,2,10,1058,19362,1,,
70,55,6,653,19371,1,,
82,1550,2,653,19376,1,,
249,334,4,973,19378,1,,
133,1784,4,985,19382,1,,
103,92,3,1073,19384,1,,
48,36,4,1073,19391,1,,
270,388,2,653,19393,1,,
433,904,4,653,19399,1,,
281,405,8,973,19403,1,,
353,605,7,1004,19414,1,,
247,2329,3,1073,19414,1,,
78,67,10,1058,19418,1,,
152,154,4,973,19421,1,,
283,412,11,1004,19430,1,,
282,405,2,1073,19450,1,,
50,38,7,1078,19462,1,,
289,430,10,1033,19466,1,,
351,2908,2,1087,19470,1,,
292,440,4,1004,19477,1,,
51,41,12,1041,19479,1,,
288,414,4,917,19484,1,,
19,15,2,1097,19485,1,,
19,15,8,1101,19485,1,,
19,9,7,852,19485,1,,
85,72,6,917,19493,1,,
22,2,12,1083,19495,1,,
284,414,6,917,19503,1,,
53,31,6,1083,19516,1,,
53,38,8,1083,19516,1,,
428,879,4,917,19516,1,,
86,73,5,1045,19524,1,,
285,415,8,1092,19539,1,,
77,51,6,1058,19544,1,,
77,64,8,852,19544,1,,
49,35,10,852,19558,1,,
305,475,6,852,19568,1,,
459,1040,10,1083,19582,1,,
276,400,10,852,19582,1,,
444,962,8,852,19594,1,,
55,31,4,1083,19596,1,,
55,42,6,994,19596,1,,
23,2,6,1098,19606,1,,
280,405,7,1073,19616,1,,
280,405,5,1078,19616,1,,
280,2493,3,1041,19616,1,,
290,435,8,852,19620,1,,
180,195,6,1078,19629,1,,
180,2005,3,994,19629,1,,
303,470,12,997,19638,1,,
114,107,7,1041,19639,1,,
219,256,8,1015,19648,1,,
83,71,6,997,19650,1,,
153,153,8,1041,19651,1,,
237,300,4,1015,19655,1,,
409,795,6,1083,19660,1,,
60,50,6,852,19661,1,,
261,362,5,1083,19668,1,,
283,413,4,1015,19689,1,,
124,114,6,736,19698,1,,
397,755,4,1074,19705,1,,
407,792,5,1015,19713,1,,
32,23,5,1041,19713,1,,
205,234,4,1083,19720,1,,
218,257,3,736,19722,1,,
57,45,10,943,19726,1,,
144,144,6,1121,19733,1,,
351,608,7,1041,19740,1,,
143,142,9,1061,19746,1,,
220,257,4,736,19753,1,,
141,129,6,1113,19762,1,,
281,405,4,1078,19764,1,,
291,434,9,943,19772,1,,
291,435,4,945,19772,1,,
410,804,8,943,19791,1,,
181,196,6,943,19803,1,,
234,292,8,1093,19804,1,,
352,608,3,1041,19810,1,,
128,1761,6,943,19814,1,,
128,-1,-1,-999,19814,2,v13_piggyback,0.7335336538461538
197,223,9,1093,19823,1,,
442,957,10,945,19830,1,,
129,115,10,1053,19847,1,,
285,413,5,1015,19848,1,,
285,418,4,1074,19848,1,,
285,418,7,1015,19848,1,,
262,361,3,1093,19858,1,,
346,586,7,1082,19859,1,,
279,408,6,1116,19868,1,,
120,116,6,1121,19870,1,,
61,49,8,1053,19873,1,,
71,60,4,1116,19875,1,,
178,1997,4,1113,19880,1,,
137,133,6,1053,19885,1,,
5,1,3,1061,19889,1,,
159,1908,3,1078,19893,1,,
395,755,2,1074,19894,1,,
93,84,5,1082,19895,1,,
60,1455,3,1083,19906,1,,
282,2504,1,1113,19909,1,,
153,1882,2,1057,19919,1,,
219,257,2,736,19920,1,,
105,1650,5,1101,19938,1,,
0,9,4,945,19960,1,,
290,433,12,1082,19987,1,,
427,874,3,852,19995,1,,
446,971,8,1122,20002,1,,
78,67,4,1053,20004,1,,
277,395,2,1126,20009,1,,
303,472,3,1053,20011,1,,
288,395,1,1126,20012,1,,
1,4,7,1122,20013,1,,
276,395,2,1126,20018,1,,
344,581,4,1082,20021,1,,
377,689,6,984,20022,1,,
52,1418,6,984,20031,1,,
364,2980,1,984,20039,1,,
364,621,4,984,20039,1,,
154,153,4,890,20042,1,,
442,958,12,1053,20044,1,,
148,1857,2,852,20050,1,,
487,1207,4,890,20050,1,,
16,7,7,984,20058,1,,
16,12,7,984,20058,1,,
328,539,4,890,20058,1,,
275,396,3,984,20076,1,,
278,397,12,890,20077,1,,
301,2612,2,1101,20096,1,,
129,122,3,1089,20106,1,,
50,38,8,1110,20117,1,,
50,34,8,1110,20117,1,,
325,528,10,1089,20121,1,,
155,1892,2,1134,20121,1,,
365,646,2,852,20126,1,,
266,371,10,1111,20135,1,,
355,2931,1,945,20139,1,,
323,522,10,858,20150,1,,
2,5,11,1110,20151,1,,
456,1027,3,858,20159,1,,
92,83,9,1110,20164,1,,
128,1761,2,943,20166,1,,
346,586,3,858,20181,1,,
0,8,12,1141,20188,1,,
0,9,4,1141,20188,1,,
115,1697,4,978,20189,1,,
427,873,8,890,20201,1,,
446,970,10,984,20212,1,,
446,969,8,1111,20212,1,,
72,61,5,902,20215,1,,
340,570,6,1110,20221,1,,
162,1925,1,984,20233,1,,
162,157,7,1110,20233,1,,
43,31,6,1132,20243,1,,
111,97,6,1106,20243,1,,
393,752,3,902,20245,1,,
110,97,6,1106,20253,1,,
438,933,8,1110,20257,1,,
130,123,10,1147,20265,1,,
245,312,7,1110,20270,1,,
131,127,8,1124,20279,1,,
285,418,5,1132,20280,1,,
282,2503,4,984,20289,1,,
357,626,8,1124,20293,1,,
306,2638,4,1110,20299,1,,
106,1651,2,1124,20310,1,,
57,45,8,1149,20324,1,,
184,197,4,1111,20325,1,,
113,105,11,643,20331,1,,
355,622,6,902,20336,1,,
83,71,10,643,20345,1,,
275,2468,3,1134,20354,1,,
380,698,7,643,20356,1,,
283,412,6,643,20365,1,,
126,124,6,643,20374,1,,
316,500,6,643,20384,1,,
143,140,2,1110,20388,1,,
302,468,5,643,20392,1,,
371,3022,2,1110,20394,1,,
346,590,8,978,20404,1,,
5,1,4,643,20411,1,,
140,137,7,1128,20416,1,,
403,779,4,643,20418,1,,
33,25,2,1114,20430,1,,
133,129,4,1145,20441,1,,
138,137,2,1128,20446,1,,
185,197,1,1111,20449,1,,
109,99,1,643,20450,1,,
132,1775,7,1114,20456,1,,
196,2081,3,1145,20459,1,,
198,219,3,1118,20465,1,,
141,137,6,1018,20469,1,,
438,3416,3,1144,20474,1,,
149,145,8,950,20479,1,,
0,7,6,950,20494,1,,
312,492,4,950,20503,1,,
220,2198,2,1109,20522,1,,
220,255,7,1109,20522,1,,
1,5,9,1152,20529,1,,
379,697,6,1018,20531,1,,
197,220,5,1109,20539,1,,
314,496,6,1143,20542,1,,
355,622,12,950,20548,1,,
380,3073,4,910,20552,1,,
128,121,8,1109,20561,1,,
2,4,9,1143,20567,1,,
129,118,4,1123,20577,1,,
129,118,7,960,20577,1,,
219,259,8,1143,20579,1,,
237,297,6,1123,20586,1,,
326,532,4,1109,20593,1,,
256,345,2,1109,20597,1,,
33,1343,10,1118,20614,1,,
302,460,7,1115,20620,1,,
335,557,8,1157,20626,1,,
300,462,4,1067,20627,1,,
417,819,3,960,20632,1,,
3,8,5,1157,20635,1,,
416,819,4,960,20639,1,,
196,220,7,1060,20646,1,,
285,418,6,1060,20655,1,,
224,262,2,811,20671,1,,
4,8,12,1060,20671,1,,
292,440,4,1060,20679,1,,
215,248,4,1155,20685,1,,
234,291,10,1164,20693,1,,
265,370,4,1060,20700,1,,
208,240,1,1060,20703,1,,
311,2667,3,1155,20704,1,,
424,859,6,1162,20713,1,,
212,248,1,1155,20718,1,,
155,154,6,1162,20728,1,,
395,3162,1,1060,20735,1,,
74,1515,11,788,20743,1,,
165,174,4,1162,20749,1,,
214,249,2,1162,20754,1,,
128,1761,4,1115,20755,1,,
393,750,3,1162,20760,1,,
213,249,4,1162,20774,1,,
209,239,8,1164,20775,1,,
0,5,8,1164,20787,1,,
301,464,3,1088,20788,1,,
189,212,4,1162,20789,1,,
232,286,11,1088,20807,1,,
235,286,6,1105,20812,1,,
235,287,10,1052,20812,1,,
233,287,6,788,20816,1,,
261,361,6,1164,20821,1,,
1,4,4,1052,20828,1,,
104,1645,6,1164,20838,1,,
417,830,10,811,20844,1,,
417,830,11,788,20844,1,,
65,52,7,1052,20848,1,,
418,831,4,1052,20855,1,,
413,3268,3,1164,20860,1,,
291,2551,3,1065,20867,1,,
348,596,4,1052,20867,1,,
74,1515,5,1131,20873,1,,
328,2768,3,1164,20884,1,,
236,290,6,1133,20893,1,,
188,211,12,1065,20897,1,,
360,633,2,1077,20901,1,,
327,534,9,1107,20907,1,,
240,308,5,1189,20910,1,,
267,379,2,1052,20911,1,,
190,211,6,1077,20912,1,,
100,89,8,1107,20925,1,,
70,57,10,1189,20926,1,,
410,3249,1,1164,20929,1,,
69,56,10,1169,20964,1,,
69,58,12,770,20964,1,,
411,805,6,1044,20972,1,,
329,536,4,1044,20982,1,,
89,72,8,770,20985,1,,
89,77,8,770,20985,1,,
22,17,2,770,20990,1,,
157,161,4,1044,20991,1,,
266,2425,4,1169,20997,1,,
431,898,6,1174,21007,1,,
238,302,1,1044,21009,1,,
164,171,10,770,21011,1,,
295,451,5,770,21021,1,,
141,1818,1,1044,21024,1,,
230,282,6,1010,21030,1,,
239,303,8,770,21035,1,,
428,879,4,797,21036,1,,
2,1224,4,770,21049,1,,
2,4,4,770,21049,1,,
296,449,2,1185,21056,1,,
187,209,5,1174,21062,1,,
44,1385,2,1169,21062,1,,
427,873,6,797,21063,1,,
43,32,2,1010,21082,1,,
43,30,3,1010,21082,1,,
426,869,4,605,21091,1,,
377,3057,1,1010,21096,1,,
216,248,4,605,21098,1,,
73,55,5,1177,21106,1,,
245,319,4,1197,21109,1,,
68,56,2,1169,21114,1,,
412,808,10,605,21121,1,,
217,248,4,605,21127,1,,
20,15,12,1197,21130,1,,
71,59,5,605,21136,1,,
481,1165,2,1169,21138,1,,
246,319,2,1197,21151,1,,
208,2142,3,605,21151,1,,
431,898,3,1010,21170,1,,
203,233,6,982,21171,1,,
66,52,8,1112,21179,1,,
180,196,6,982,21182,1,,
16,13,2,1112,21184,1,,
410,802,7,797,21193,1,,
352,610,2,605,21200,1,,
284,415,6,1136,21202,1,,
38,28,6,1199,21202,1,,
128,117,2,982,21220,1,,
135,1790,1,605,21223,1,,
21,16,2,605,21228,1,,
39,28,10,1136,21232,1,,
427,867,6,982,21237,1,,
140,1813,4,1136,21238,1,,
212,248,1,605,21252,1,,
32,22,8,1194,21262,1,,
58,47,6,1183,21271,1,,
19,2,6,1194,21281,1,,
223,2212,2,1175,21282,1,,
61,1458,2,1194,21285,1,,
7,1237,2,1183,21290,1,,
111,104,8,1175,21294,1,,
111,-1,-1,-999,21294,2,v13_piggyback,0.7277027027027027
40,30,6,1175,21303,1,,
8,1,6,1170,21312,1,,
213,245,7,986,21313,1,,
163,170,4,986,21319,1,,
6,6,11,1206,21350,1,,
6,7,8,1206,21350,1,,
247,324,8,986,21352,1,,
312,491,4,1170,21359,1,,
5,1,8,1211,21362,1,,
160,1914,4,1170,21366,1,,
422,852,2,1206,21366,1,,
313,491,3,1170,21372,1,,
255,348,6,986,21381,1,,
113,101,6,1170,21381,1,,
388,735,2,986,21404,1,,
338,2832,4,986,21411,1,,
98,1617,4,1170,21417,1,,
114,106,4,986,21418,1,,
427,873,3,1207,21423,1,,
364,2982,1,986,21427,1,,
169,1954,2,1170,21434,1,,
21,1292,6,1205,21436,1,,
246,324,2,986,21441,1,,
424,854,6,1151,21465,1,,
108,100,4,884,21472,1,,
99,88,8,1198,21483,1,,
423,849,9,884,21484,1,,
433,904,8,884,21496,1,,
256,345,9,884,21509,1,,
361,639,3,1025,21510,1,,
109,97,4,1196,21516,1,,
421,3317,3,1025,21518,1,,
128,115,1,1025,21522,1,,
422,853,6,160,21525,1,,
89,75,3,1025,21529,1,,
222,265,3,884,21531,1,,
111,99,7,643,21538,1,,
83,68,4,1195,21547,1,,
100,88,9,1218,21560,1,,
129,126,10,1195,21561,1,,
351,607,3,1195,21567,1,,
183,202,4,1140,21574,1,,
286,422,10,1218,21576,1,,
338,562,3,944,21588,1,,
15,11,8,1218,21592,1,,
72,60,10,1218,21608,1,,
46,37,6,1190,21623,1,,
0,5,12,1212,21627,1,,
217,254,11,1190,21642,1,,
114,107,11,1212,21645,1,,
308,482,5,1190,21652,1,,
10,1251,1,1190,21655,1,,
58,46,6,1161,21656,1,,
182,200,8,1191,21662,1,,
35,21,8,1220,21668,1,,
17,0,10,1161,21681,1,,
39,29,9,1220,21683,1,,
36,1353,2,1127,21690,1,,
241,308,2,1220,21696,1,,
335,558,1,1161,21698,1,,
179,190,6,1201,21700,1,,
1,4,4,1220,21705,1,,
222,2209,4,1005,21715,1,,
83,1554,12,1140,21716,1,,
129,1764,3,1161,21718,1,,
363,2975,4,1193,21723,1,,
5,1,4,1193,21730,1,,
103,94,4,1193,21738,1,,
78,1534,9,1138,21757,1,,
56,43,3,1138,21777,1,,
56,44,11,1138,21777,1,,
75,63,10,1163,21790,1,,
0,9,10,1239,21800,1,,
2,4,2,957,21801,1,,
247,327,10,1138,21805,1,,
183,199,12,1193,21816,1,,
15,1273,8,1161,21819,1,,
302,460,4,1239,21823,1,,
117,1706,4,1239,21830,1,,
104,95,6,1138,21831,1,,
116,109,1,1235,21833,1,,
478,3668,3,1138,21838,1,,
203,231,4,1095,21842,1,,
203,225,8,1095,21842,1,,
105,95,10,1163,21855,1,,
324,524,6,1095,21855,1,,
76,63,2,1095,21859,1,,
308,482,6,1163,21866,1,,
130,122,10,1095,21877,1,,
128,118,6,1163,21877,1,,
55,1429,10,1168,21883,1,,
281,407,4,1095,21885,1,,
77,63,10,897,21899,1,,
131,126,5,897,21914,1,,
131,127,6,897,21914,1,,
47,35,2,1163,21921,1,,
4,6,6,1168,21923,1,,
3,3,8,1095,21925,1,,
295,447,8,1168,21935,1,,
6,5,1,897,21938,1,,
6,3,8,897,21938,1,,
134,125,5,1076,21946,1,,
61,44,6,897,21950,1,,
61,1460,2,897,21950,1,,
261,-1,-1,-999,21950,2,v13_fetch,0.7258411843876177
139,139,10,897,21964,1,,
135,125,5,1076,21968,1,,
415,816,7,1217,21968,1,,
414,817,2,1076,21973,1,,
389,737,7,1076,21983,1,,
262,366,4,1076,21990,1,,
252,341,2,1163,21994,1,,
51,37,8,1217,21995,1,,
51,43,6,1217,21995,1,,
196,219,3,1217,22001,1,,
132,129,11,1217,22016,1,,
303,2623,2,1076,22016,1,,
0,8,2,1217,22026,1,,
335,2812,3,1217,22034,1,,
343,2859,2,1217,22039,1,,
213,241,8,897,22043,1,,
259,2392,2,1217,22045,1,,
478,1143,8,1076,22048,1,,
182,198,1,1150,22053,1,,
157,158,4,897,22058,1,,
464,1065,4,897,22079,1,,
217,2182,1,1076,22080,1,,
284,2513,3,897,22089,1,,
331,2787,1,1076,22093,1,,
200,225,2,897,22094,1,,
71,1505,2,897,22098,1,,
88,71,3,1249,22104,1,,
10,-1,-1,-999,22104,2,v13_fetch,0.7228373702422145
414,3276,4,1150,22121,1,,
55,1430,12,1230,22123,1,,
308,-1,-1,-999,22123,2,v13_fetch,0.7218295218295218
341,571,6,1243,22141,1,,
107,1657,1,1076,22143,1,,
92,-1,-1,-999,22143,2,v13_fetch,0.7214525139664805
415,3280,2,786,22145,1,,
7,1,8,1249,22146,1,,
23,2,6,1243,22155,1,,
340,2844,2,1245,22165,1,,
258,2384,3,1247,22171,1,,
0,9,6,1258,22186,1,,
255,350,4,1247,22187,1,,
261,356,1,773,22191,1,,
262,361,10,1247,22211,1,,
158,163,8,1228,22213,1,,
257,348,1,980,22224,1,,
160,166,6,1184,22225,1,,
435,919,2,1228,22230,1,,
24,2,12,1262,22235,1,,
190,213,2,1184,22249,1,,
394,754,8,1262,22259,1,,
128,123,2,1261,22264,1,,
410,805,6,1262,22268,1,,
94,76,8,1261,22276,1,,
1,4,7,1262,22279,1,,
89,76,1,1261,22280,1,,
157,160,8,1261,22292,1,,
470,1098,2,1158,22293,1,,
341,567,6,1184,22301,1,,
129,121,5,1254,22309,1,,
340,567,2,1184,22330,1,,
231,284,7,1232,22334,1,,
255,348,6,980,22344,1,,
245,314,4,1232,22350,1,,
156,159,5,603,22355,1,,
156,153,4,603,22355,1,,
399,757,4,1066,22363,1,,
399,765,5,1066,22363,1,,
309,485,6,603,22365,1,,
396,757,3,1066,22369,1,,
339,564,5,603,22374,1,,
232,283,6,1066,22378,1,,
401,775,4,603,22380,1,,
262,2404,4,1232,22385,1,,
390,742,2,603,22385,1,,
24,1302,9,1158,22393,1,,
29,1324,4,603,22403,1,,
0,5,9,1273,22406,1,,
435,918,6,603,22415,1,,
10,1251,8,1190,22418,1,,
308,482,1,1163,22419,1,,
147,149,6,1248,22431,1,,
22,12,6,1248,22440,1,,
398,762,11,885,22468,1,,
480,1153,2,885,22472,1,,
74,62,9,1248,22484,1,,
91,81,12,1275,22489,1,,
416,824,6,1248,22493,1,,
103,93,4,885,22496,1,,
92,84,1,1082,22497,1,,
378,693,7,1275,22506,1,,
7,1233,6,1210,22508,1,,
97,1613,2,1255,22513,1,,
97,76,2,1255,22513,1,,
269,380,6,885,22522,1,,
71,57,10,1264,22526,1,,
411,806,4,1227,22529,1,,
6,1,8,1269,22538,1,,
471,1103,4,1269,22545,1,,
8,1233,4,1210,22557,1,,
32,24,4,1227,22558,1,,
327,534,8,1227,22570,1,,
390,740,6,953,22578,1,,
390,743,6,828,22578,1,,
77,65,2,1210,22579,1,,
93,82,8,1227,22583,1,,
202,230,7,1264,22590,1,,
346,585,10,1223,22602,1,,
160,165,6,1223,22611,1,,
43,32,2,1223,22615,1,,
289,430,4,1096,22623,1,,
83,70,5,1223,22631,1,,
0,1219,6,1269,22637,1,,
76,1527,4,1223,22638,1,,
445,961,7,1284,22638,1,,
90,74,4,1223,22665,1,,
90,77,9,1223,22665,1,,
90,75,8,1223,22665,1,,
20,15,8,1284,22669,1,,
20,1,12,1284,22669,1,,
345,583,8,1096,22677,1,,
422,851,6,1231,22679,1,,
10,0,5,1096,22685,1,,
360,636,5,1284,22687,1,,
290,428,3,1171,22690,1,,
419,3301,2,1244,22695,1,,
114,107,10,1062,22698,1,,
126,1750,2,1277,22701,1,,
201,229,7,1120,22711,1,,
11,1250,8,1120,22723,1,,
198,224,10,1062,22737,1,,
256,-1,-1,-999,22737,2,v13_fetch,0.7196284329563812
327,535,8,1231,22742,1,,
430,895,3,1120,22743,1,,
78,67,6,1062,22752,1,,
111,96,3,1272,22757,1,,
288,427,2,1108,22760,1,,
182,190,4,1156,22761,1,,
43,1378,6,1244,22770,1,,
35,21,4,1108,22777,1,,
180,190,6,1156,22786,1,,
33,25,9,1246,22790,1,,
66,52,2,1246,22795,1,,
455,1020,3,1246,22806,1,,
296,444,6,1283,22817,1,,
128,119,6,1283,22826,1,,
126,1750,4,1156,22833,1,,
106,97,2,1257,22836,1,,
106,92,4,1257,22836,1,,
445,960,2,1277,22838,1,,
12,10,2,1257,22842,1,,
108,97,2,1257,22847,1,,
19,0,12,1283,22854,1,,
112,97,6,1257,22856,1,,
223,262,4,1283,22863,1,,
285,2519,2,1283,22869,1,,
107,93,9,1075,22879,1,,
225,262,4,1283,22880,1,,
450,992,6,1020,22885,1,,
114,108,3,1283,22901,1,,
278,403,8,1225,22906,1,,
346,-1,-1,-999,22906,2,v13_fetch,0.7177801724137931
451,996,6,1225,22915,1,,
290,434,7,1075,22927,1,,
67,52,9,1020,22930,1,,
180,194,4,1283,22933,1,,
0,9,2,1225,22934,1,,
43,1382,6,1062,22942,1,,
183,201,8,1038,22946,1,,
276,399,10,1263,22948,1,,
18,1277,5,1075,22951,1,,
216,252,8,1038,22965,1,,
408,794,2,1290,22970,1,,
272,384,4,1173,22980,1,,
241,308,8,1038,22981,1,,
335,557,2,921,22990,1,,
240,306,6,1290,22991,1,,
111,97,2,1038,22995,1,,
224,265,2,1038,23000,1,,
222,265,1,1038,23007,1,,
327,2765,4,1267,23025,1,,
223,265,5,1038,23038,1,,
274,391,8,1200,23039,1,,
120,112,2,1267,23043,1,,
486,1197,2,1307,23045,1,,
273,384,4,1173,23046,1,,
10,0,7,1307,23055,1,,
11,0,4,1307,23062,1,,
150,1866,3,1307,23067,1,,
1,0,1,1307,23071,1,,
147,145,3,1160,23081,1,,
261,356,6,1281,23081,1,,
388,3123,2,1281,23089,1,,
18,1283,6,921,23113,1,,
18,-1,-1,-999,23113,2,v13_piggyback,0.7230042016806723
319,508,10,1298,23127,1,,
272,385,4,1281,23130,1,,
270,385,1,1281,23133,1,,
127,124,2,1298,23139,1,,
151,145,8,1160,23141,1,,
58,46,2,1302,23149,1,,
58,45,5,1302,23149,1,,
42,1374,11,949,23156,1,,
361,638,10,1302,23163,1,,
16,0,4,949,23167,1,,
346,586,10,1223,23174,1,,
241,307,11,1267,23179,1,,
112,105,4,1298,23186,1,,
303,469,2,949,23189,1,,
131,120,2,1302,23193,1,,
14,0,2,949,23196,1,,
288,2535,2,949,23202,1,,
109,100,6,1302,23204,1,,
12,0,3,949,23210,1,,
128,120,4,1302,23214,1,,
273,2458,2,1200,23245,1,,
273,391,4,1200,23245,1,,
273,385,5,1281,23245,1,,
416,-1,-1,-999,23245,2,v13_fetch,0.7173745173745173
289,425,1,1148,23253,1,,
388,3121,2,899,23254,1,,
399,3188,2,1300,23259,1,,
263,2411,2,1148,23263,1,,
83,1554,9,1300,23276,1,,
130,127,11,1265,23290,1,,
130,123,2,1265,23290,1,,
0,7,9,1300,23292,1,,
123,1733,2,1148,23298,1,,
38,1361,4,1316,23302,1,,
287,425,5,1148,23308,1,,
101,90,4,1316,23309,1,,
100,87,6,1270,23318,1,,
387,729,10,520,23320,1,,
70,59,10,1306,23333,1,,
26,17,8,520,23334,1,,
46,31,6,1202,23343,1,,
389,735,7,1202,23354,1,,
3,6,7,1202,23367,1,,
186,2035,2,1234,23368,1,,
119,113,8,520,23381,1,,
99,87,3,1234,23390,1,,
469,1092,8,520,23395,1,,
133,131,4,1202,23404,1,,
228,274,6,1208,23406,1,,
166,177,7,1320,23412,1,,
84,70,5,520,23414,1,,
431,899,10,1208,23425,1,,
47,31,4,1202,23433,1,,
47,30,8,1321,23433,1,,
226,274,2,1208,23436,1,,
304,2631,2,1320,23436,1,,
302,2618,4,520,23442,1,,
128,115,7,1208,23455,1,,
31,1332,4,1320,23457,1,,
318,2710,3,520,23463,1,,
91,69,7,1296,23468,1,,
163,170,5,1322,23474,1,,
85,71,3,1208,23476,1,,
123,1737,2,1208,23482,1,,
224,262,2,1303,23489,1,,
227,262,3,1303,23499,1,,
416,819,5,960,23509,1,,
164,170,10,1203,23511,1,,
137,1799,2,1203,23519,1,,
300,462,8,1028,23531,1,,
473,1115,4,1028,23543,1,,
10,2,6,1028,23552,1,,
207,235,5,976,23560,1,,
440,3427,4,976,23567,1,,
452,1002,7,1028,23578,1,,
235,2272,1,1028,23584,1,,
228,262,4,1303,23588,1,,
231,283,2,1028,23591,1,,
242,315,4,1172,23596,1,,
135,132,11,1312,23597,1,,
135,131,6,1312,23597,1,,
160,158,1,1172,23599,1,,
101,1633,5,976,23603,1,,
0,4,11,1312,23612,1,,
226,262,1,1303,23614,1,,
434,912,2,1312,23617,1,,
232,285,4,1318,23624,1,,
229,276,6,1172,23624,1,,
138,1804,3,1233,23630,1,,
1,5,8,1318,23635,1,,
203,231,5,1274,23638,1,,
161,165,4,1274,23645,1,,
5,6,7,1326,23652,1,,
132,130,6,1326,23664,1,,
407,791,2,1326,23679,1,,
205,234,6,1326,23692,1,,
354,614,4,1334,23699,1,,
440,944,10,1241,23700,1,,
56,1435,9,1130,23708,1,,
318,505,6,976,23710,1,,
204,231,3,1130,23713,1,,
206,236,6,750,23720,1,,
133,131,6,1130,23723,1,,
42,1374,7,1289,23733,1,,
130,127,7,1334,23739,1,,
55,44,4,1251,23740,1,,
242,2307,4,1233,23747,1,,
418,835,8,750,23751,1,,
261,2400,4,1289,23763,1,,
125,1744,10,1104,23778,1,,
58,46,5,1221,23785,1,,
51,38,10,1289,23787,1,,
51,43,4,1289,23787,1,,
353,612,6,1104,23787,1,,
286,417,5,1104,23795,1,,
34,26,6,1104,23804,1,,
306,474,4,1221,23805,1,,
253,2362,2,1221,23810,1,,
50,31,6,1297,23816,1,,
254,344,10,1237,23824,1,,
221,263,8,1252,23825,1,,
143,142,2,954,23826,1,,
305,474,2,1221,23829,1,,
33,25,4,1252,23836,1,,
241,312,1,954,23850,1,,
49,36,8,1166,23863,1,,
270,2440,3,1166,23869,1,,
219,259,5,1229,23881,1,,
193,215,11,1166,23884,1,,
243,312,2,954,23888,1,,
245,312,2,954,23893,1,,
140,120,4,1166,23900,1,,
220,258,8,1344,23902,1,,
141,120,4,1166,23906,1,,
133,1784,3,1221,23910,1,,
139,120,2,1166,23921,1,,
139,135,8,1294,23921,1,,
134,132,7,1288,23921,1,,
414,818,8,1259,23934,1,,
423,855,6,1288,23936,1,,
192,215,9,1135,23937,1,,
351,-1,-1,-999,23937,2,v13_fetch,0.7164556962025316
58,47,4,1294,23950,1,,
424,855,2,1288,23951,1,,
218,253,6,1259,23952,1,,
157,162,6,1288,23960,1,,
142,135,4,1294,23968,1,,
253,2361,2,1135,23973,1,,
234,290,1,1294,23976,1,,
138,135,3,1319,23987,1,,
287,417,6,1023,23991,1,,
235,291,4,1319,23994,1,,
306,475,6,1023,24010,1,,
0,3,2,1319,24012,1,,
307,475,4,1023,24022,1,,
285,417,1,1023,24029,1,,
285,-1,-1,-999,24029,2,v13_piggyback,0.7235145385587863
219,253,4,1259,24041,1,,
152,153,9,1304,24049,1,,
286,417,1,1023,24051,1,,
236,289,5,1349,24055,1,,
476,3654,1,1023,24057,1,,
193,215,3,1135,24076,1,,
153,152,10,1315,24085,1,,
141,141,12,1342,24094,1,,
414,3272,4,1023,24097,1,,
55,44,9,1315,24099,1,,
50,41,9,1342,24107,1,,
18,0,6,1315,24108,1,,
69,58,6,1342,24121,1,,
227,276,6,1342,24131,1,,
1,4,12,1342,24148,1,,
140,135,3,1319,24156,1,,
15,0,2,1324,24157,1,,
435,916,12,1182,24157,1,,
270,383,2,1324,24168,1,,
477,1132,10,1182,24172,1,,
17,0,2,1324,24176,1,,
217,2182,1,1182,24177,1,,
3,0,1,1324,24184,1,,
329,2777,3,1182,24186,1,,
337,553,3,1182,24194,1,,
193,2066,2,1342,24198,1,,
175,187,5,1182,24204,1,,
139,1808,2,1338,24213,1,,
70,57,3,1338,24219,1,,
375,3047,2,1324,24222,1,,
138,133,6,1352,24228,1,,
251,337,4,1352,24235,1,,
172,183,3,1159,24247,1,,
40,1366,2,1317,24251,1,,
373,676,4,1146,24259,1,,
164,1932,2,1352,24261,1,,
351,608,2,1041,24286,1,,
351,608,8,1229,24286,1,,
290,2550,4,1125,24287,1,,
250,319,3,1125,24293,1,,
369,657,6,1051,24296,1,,
434,903,3,1051,24303,1,,
38,28,8,1343,24305,1,,
248,319,4,1125,24312,1,,
249,333,3,1317,24317,1,,
144,142,9,380,24321,1,,
433,-1,-1,-999,24321,2,v13_fetch,0.7249258160237388
132,129,2,1125,24322,1,,
97,1614,4,1051,24336,1,,
281,2497,3,380,24346,1,,
370,657,1,1051,24349,1,,
133,131,6,380,24356,1,,
89,75,6,380,24365,1,,
262,2406,3,380,24371,1,,
173,185,7,380,24381,1,,
157,162,2,1279,24394,1,,
187,206,4,1279,24400,1,,
408,798,7,380,24401,1,,
415,821,6,1099,24404,1,,
279,-1,-1,-999,24404,2,v13_fetch,0.7163895486935866
368,660,4,1279,24407,1,,
113,96,4,380,24410,1,,
102,90,5,1350,24428,1,,
29,19,7,1099,24434,1,,
470,1094,1,1099,24437,1,,
85,73,5,1099,24446,1,,
21,16,3,1364,24452,1,,
165,173,4,1099,24459,1,,
351,604,8,380,24471,1,,
27,17,4,1333,24477,1,,
396,3171,2,45,24481,1,,
396,759,12,45,24481,1,,
33,25,10,45,24495,1,,
226,262,3,45,24508,1,,
226,268,6,45,24508,1,,
0,8,10,45,24523,1,,
268,382,7,45,24534,1,,
383,709,8,929,24540,1,,
173,1974,2,1295,24544,1,,
372,657,6,45,24545,1,,
43,33,5,929,24559,1,,
43,1379,1,929,24559,1,,
348,589,8,45,24559,1,,
149,150,3,929,24565,1,,
302,467,3,929,24570,1,,
252,336,6,45,24571,1,,
250,335,4,929,24577,1,,
158,162,4,45,24580,1,,
28,17,6,1376,24584,1,,
28,1,8,1376,24584,1,,
169,176,8,929,24589,1,,
92,84,5,45,24590,1,,
237,2280,2,929,24593,1,,
275,384,4,45,24599,1,,
22,15,5,1268,24600,1,,
22,16,5,1268,24600,1,,
404,784,7,1376,24610,1,,
273,2457,3,1268,24627,1,,
140,135,1,1268,24633,1,,
141,135,8,1268,24650,1,,
34,26,6,1268,24659,1,,
441,951,4,45,24668,1,,
29,19,9,1374,24672,1,,
470,1099,3,1216,24678,1,,
370,657,3,45,24684,1,,
462,1053,2,1374,24691,1,,
433,903,5,1051,24694,1,,
168,179,11,1039,24696,1,,
160,1917,1,1039,24700,1,,
198,219,3,45,24705,1,,
17,14,2,45,24709,1,,
178,193,1,45,24713,1,,
270,384,1,45,24717,1,,
410,3254,2,45,24722,1,,
27,17,4,918,24733,1,,
303,470,8,1090,24739,1,,
279,405,3,1078,24745,1,,
211,2154,3,918,24754,1,,
159,161,9,1090,24757,1,,
225,272,4,1090,24767,1,,
451,1000,4,918,24770,1,,
204,231,8,1365,24782,1,,
471,1103,3,918,24788,1,,
183,202,3,1389,24794,1,,
19,14,10,1080,24794,1,,
169,179,5,1090,24795,1,,
212,244,2,1389,24798,1,,
88,74,1,1389,24802,1,,
197,221,10,1080,24817,1,,
54,34,6,1000,24828,1,,
54,1425,8,1000,24828,1,,
360,632,8,1080,24829,1,,
182,200,5,1080,24837,1,,
170,169,6,1000,24837,1,,
284,416,7,1080,24847,1,,
302,468,7,1000,24848,1,,
75,1521,2,1379,24852,1,,
48,34,5,1000,24861,1,,
50,41,8,1379,24878,1,,
86,73,7,1395,24879,1,,
470,3611,2,1222,24883,1,,
32,23,5,1000,24886,1,,
83,71,6,1371,24893,1,,
70,1500,4,1402,24896,1,,
163,170,4,1402,24903,1,,
461,1050,7,1379,24913,1,,
69,1495,9,1260,24916,1,,
84,68,10,1260,24936,1,,
84,71,2,1260,24936,1,,
82,68,1,1260,24940,1,,
16,10,2,62,24942,1,,
16,7,6,62,24942,1,,
16,13,6,62,24942,1,,
36,21,8,62,24954,1,,
168,179,10,62,24968,1,,
265,375,7,62,24978,1,,
324,524,7,62,24989,1,,
339,565,10,1382,24993,1,,
119,111,7,62,25000,1,,
63,51,8,1382,25005,1,,
33,1340,3,1382,25011,1,,
467,1079,9,62,25015,1,,
340,564,4,1367,25018,1,,
78,67,6,1382,25027,1,,
172,183,7,62,25028,1,,
441,950,9,1380,25035,1,,
258,355,5,62,25038,1,,
313,479,4,62,25049,1,,
313,492,1,62,25049,1,,
56,43,10,1380,25049,1,,
64,49,8,1102,25052,1,,
51,43,6,1337,25059,1,,
475,3647,4,1102,25059,1,,
60,50,6,62,25060,1,,
13,1264,6,1337,25068,1,,
39,30,5,1094,25076,1,,
380,3075,3,1102,25078,1,,
102,90,6,1337,25086,1,,
308,480,4,1380,25093,1,,
300,461,4,1337,25099,1,,
366,647,5,1094,25113,1,,
18,0,4,62,25113,1,,
398,763,4,1094,25120,1,,
34,25,9,1355,25138,1,,
211,2155,4,62,25138,1,,
137,1801,3,62,25148,1,,
275,394,8,1355,25149,1,,
249,319,4,62,25158,1,,
226,2225,3,1355,25160,1,,
459,3540,3,62,25173,1,,
339,565,7,1102,25174,1,,
333,2800,2,1102,25179,1,,
247,319,2,62,25180,1,,
309,479,2,62,25184,1,,
131,127,4,62,25191,1,,
215,249,10,1181,25193,1,,
144,144,8,1181,25205,1,,
95,1604,2,62,25211,1,,
55,44,5,1181,25213,1,,
32,24,4,1181,25232,1,,
32,22,8,1405,25232,1,,
396,757,1,1366,25257,1,,
362,641,1,1405,25259,1,,
362,621,10,1405,25259,1,,
397,757,4,1366,25265,1,,
76,60,5,1181,25267,1,,
75,63,4,1418,25274,1,,
133,131,7,1366,25276,1,,
5,0,1,1181,25277,1,,
394,754,8,1377,25288,1,,
31,22,4,1412,25288,1,,
398,757,4,1366,25294,1,,
361,631,6,1412,25306,1,,
138,1804,2,1412,25310,1,,
102,1636,12,1094,25311,1,,
276,397,9,127,25318,1,,
58,47,11,127,25333,1,,
18,2,7,1327,25348,1,,
456,1024,10,127,25353,1,,
21,16,3,1393,25359,1,,
453,1012,10,127,25368,1,,
86,72,7,1394,25369,1,,
332,2795,4,1394,25380,1,,
382,708,10,127,25384,1,,
350,2900,3,1311,25394,1,,
221,-1,-1,-999,25394,2,v13_fetch,0.7354838709677419
285,417,6,127,25395,1,,
469,3603,4,127,25405,1,,
17,14,9,1394,25405,1,,
39,29,2,1393,25409,1,,
437,913,4,127,25414,1,,
100,87,2,1311,25415,1,,
32,24,6,1394,25419,1,,
436,913,1,127,25419,1,,
84,71,8,1423,25430,1,,
347,591,12,1310,25448,1,,
49,1393,6,1310,25459,1,,
49,36,2,1310,25459,1,,
0,-1,-1,-999,25459,2,v13_fetch,0.7491326745164003
44,1385,1,1310,25463,1,,
22,15,11,1310,25479,1,,
30,20,9,1433,25485,1,,
409,799,5,1310,25487,1,,
98,88,6,1310,25496,1,,
98,-1,-1,-999,25496,2,v13_piggyback,0.7186585365853658
178,192,8,1433,25497,1,,
303,-1,-1,-999,25497,2,v13_fetch,0.7178610804851158
7,0,1,1416,25505,1,,
43,33,9,1429,25509,1,,
39,1363,7,1327,25517,1,,
20,0,2,1416,25522,1,,
179,192,10,1441,25536,1,,
6,0,1,1416,25539,1,,
18,0,2,1416,25545,1,,
8,1233,2,1378,25572,1,,
220,-1,-1,-999,25573,2,v13_fetch,0.7213068181818182
38,28,10,1406,25573,1,,
447,978,8,1406,25586,1,,
286,-1,-1,-999,25586,2,v13_fetch,0.7159863945578231
138,137,1,1406,25593,1,,
448,976,6,977,25604,1,,
350,-1,-1,-999,25604,2,v13_fetch,0.7151960784313726
6,1233,6,1378,25609,1,,
6,-1,-1,-999,25609,2,v13_piggyback,0.721
276,399,3,977,25610,1,,
288,426,4,1406,25616,1,,
221,262,4,45,25619,1,,
5,3,7,1443,25623,1,,
5,2,3,1443,25623,1,,
1,5,4,1450,25629,1,,
208,238,3,1450,25635,1,,
143,137,7,1406,25636,1,,
49,34,7,1443,25646,1,,
38,27,8,1452,25665,1,,
30,1330,7,1416,25675,1,,
323,2738,4,1414,25683,1,,
287,423,2,1414,25687,1,,
120,116,5,1452,25708,1,,
2,7,7,1452,25720,1,,
322,518,10,1357,25725,1,,
272,388,3,1434,25726,1,,
47,35,4,1434,25732,1,,
114,96,4,1390,25740,1,,
264,371,1,1357,25753,1,,
229,2242,3,1357,25759,1,,
210,241,2,1357,25764,1,,
128,-1,-1,-999,25764,2,v13_fetch,0.7151442307692307
0,0,3,1390,25765,1,,
104,95,6,1357,25783,1,,
5,6,5,1386,25783,1,,
265,368,6,1413,25792,1,,
98,84,3,45,25793,1,,
378,688,8,1439,25803,1,,
42,1,4,1439,25817,1,,
42,1376,6,1439,25817,1,,
377,691,4,1386,25824,1,,
48,38,3,1428,25834,1,,
116,106,8,1400,25835,1,,
303,466,2,492,25840,1,,
446,972,8,1403,25847,1,,
28,1,5,1400,25864,1,,
28,1320,7,1400,25864,1,,
255,350,11,135,25873,1,,
7,6,8,1403,25876,1,,
84,71,3,1403,25881,1,,
410,807,8,135,25898,1,,
77,64,7,135,25909,1,,
276,400,7,135,25919,1,,
305,470,4,1428,25921,1,,
327,534,6,135,25928,1,,
299,456,8,135,25940,1,,
21,16,7,1056,25947,1,,
147,146,6,135,25951,1,,
256,345,6,1056,25957,1,,
352,611,6,135,25961,1,,
310,486,6,135,25972,1,,
457,1029,4,1056,25974,1,,
382,709,5,135,25983,1,,
218,255,3,135,25998,1,,
416,818,3,1056,25999,1,,
289,429,2,1056,26008,1,,
265,2419,2,1292,26010,1,,
0,6,5,1056,26015,1,,
282,2503,2,1056,26020,1,,
133,131,5,1204,26023,1,,
266,370,10,1204,26038,1,,
10,2,6,1204,26047,1,,
31,22,2,135,26048,1,,
5,1,3,1142,26058,1,,
242,315,8,1204,26059,1,,
344,580,2,1056,26062,1,,
257,346,6,1299,26071,1,,
286,417,1,127,26094,1,,
286,421,9,135,26094,1,,
303,466,1,762,26096,1,,
229,281,2,135,26098,1,,
132,130,9,1466,26105,1,,
84,1558,4,1204,26112,1,,
350,604,2,380,26124,1,,
350,604,6,1081,26124,1,,
416,827,6,1388,26134,1,,
1,7,7,1453,26134,1,,
456,1026,7,1187,26145,1,,
134,131,9,1453,26148,1,,
92,82,4,1453,26154,1,,
415,818,11,1187,26160,1,,
457,1029,8,1142,26176,1,,
190,213,6,1187,26188,1,,
0,3,2,1187,26195,1,,
111,99,2,1187,26206,1,,
111,105,4,1187,26206,1,,
143,138,11,761,26211,1,,
153,154,5,1187,26217,1,,
128,1761,2,1115,26223,1,,
223,269,12,761,26228,1,,
265,375,4,1187,26232,1,,
21,16,10,761,26242,1,,
331,2786,2,1187,26246,1,,
166,175,9,761,26255,1,,
173,184,4,761,26269,1,,
173,176,4,1457,26269,1,,
33,25,6,761,26281,1,,
133,131,6,1474,26283,1,,
238,295,2,761,26287,1,,
168,176,6,1474,26292,1,,
237,295,6,761,26299,1,,
157,160,6,1474,26302,1,,
78,1535,2,761,26305,1,,
83,1547,2,761,26312,1,,
85,71,8,1474,26313,1,,
218,2188,3,1474,26319,1,,
102,91,4,761,26321,1,,
286,2527,2,1299,26323,1,,
93,82,10,1454,26333,1,,
453,1009,4,1454,26340,1,,
31,22,4,1471,26347,1,,
189,212,11,1407,26352,1,,
32,24,6,1454,26363,1,,
118,110,2,1187,26369,1,,
366,2994,1,761,26391,1,,
151,150,8,1422,26397,1,,
187,209,11,1460,26399,1,,
154,155,1,1454,26401,1,,
92,82,6,1480,26402,1,,
21,16,5,1422,26409,1,,
122,1728,2,1435,26434,1,,
122,110,4,1435,26434,1,,
0,9,11,1479,26436,1,,
244,318,6,1479,26453,1,,
16,11,10,1336,26456,1,,
331,2787,3,1154,26461,1,,
97,86,3,1485,26463,1,,
128,115,5,1336,26470,1,,
6,0,5,1485,26471,1,,
120,111,12,153,26475,1,,
347,591,8,1336,26481,1,,
147,1848,3,1435,26487,1,,
17,14,8,1493,26489,1,,
15,11,4,1426,26494,1,,
328,539,4,1493,26496,1,,
330,542,7,1336,26504,1,,
71,56,10,153,26511,1,,
87,1572,3,153,26517,1,,
314,497,8,153,26529,1,,
58,47,8,153,26541,1,,
55,44,8,1430,26550,1,,
283,2506,3,1430,26556,1,,
252,341,11,153,26556,1,,
486,1199,2,153,26560,1,,
423,857,2,153,26565,1,,
266,2424,2,153,26569,1,,
18,1279,10,1430,26571,1,,
8,1240,10,1329,26591,1,,
236,-1,-1,-999,26591,2,v13_fetch,0.7393034825870646
322,519,1,153,26594,1,,
98,84,1,153,26598,1,,
275,394,8,1473,26600,1,,
16,11,5,1368,26608,1,,
10,1248,4,1368,26615,1,,
450,993,2,1368,26619,1,,
475,1119,4,1329,26626,1,,
0,1,4,1467,26633,1,,
25,2,7,1473,26635,1,,
5,6,7,1499,26653,1,,
59,46,3,1467,26653,1,,
286,422,4,1467,26660,1,,
458,1036,2,1467,26665,1,,
294,446,3,1224,26671,1,,
17,11,7,153,26671,1,,
214,247,6,1499,26685,1,,
15,1272,1,1271,26688,1,,
15,1271,10,1329,26688,1,,
319,2716,2,1499,26690,1,,
212,247,2,1499,26695,1,,
16,1271,2,1329,26704,1,,
330,539,4,1493,26705,1,,
98,87,6,1476,26714,1,,
106,98,4,1499,26721,1,,
166,175,6,1492,26730,1,,
48,35,6,1492,26740,1,,
227,276,7,1409,26747,1,,
102,90,11,1492,26755,1,,
325,530,6,1409,26761,1,,
34,26,8,1476,26769,1,,
172,183,6,1500,26777,1,,
1,8,7,1409,26785,1,,
1,4,4,1409,26785,1,,
1,5,7,1409,26785,1,,
170,1961,4,1409,26792,1,,
465,1067,4,1409,26799,1,,
410,808,12,278,26816,1,,
49,31,4,1409,26820,1,,
49,27,12,1409,26820,1,,
256,348,10,278,26830,1,,
155,152,5,1409,26831,1,,
155,158,2,1409,26831,1,,
51,31,6,1409,26842,1,,
458,1035,5,1224,26844,1,,
91,1588,3,1409,26850,1,,
295,448,7,278,26854,1,,
136,1795,3,1409,26858,1,,
305,476,2,1409,26865,1,,
53,40,4,1512,26869,1,,
463,1063,12,278,26872,1,,
0,2,10,278,26888,1,,
104,95,10,1512,26895,1,,
71,55,8,278,26902,1,,
249,334,5,278,26912,1,,
35,26,8,1481,26912,1,,
296,444,5,1356,26922,1,,
349,598,10,1481,26927,1,,
375,681,5,278,26933,1,,
2,4,6,1481,26936,1,,
342,576,8,1481,26947,1,,
36,26,8,1325,26959,1,,
252,2354,2,1409,26965,1,,
3,4,7,1325,26970,1,,
236,295,2,761,26980,1,,
103,90,8,1481,26981,1,,
383,3089,2,1409,26984,1,,
105,93,5,1387,26989,1,,
17,11,6,1500,26992,1,,
17,1278,5,278,26992,1,,
403,3210,3,1325,26995,1,,
227,277,4,278,26998,1,,
162,1925,3,1427,27004,1,,
242,311,4,278,27011,1,,
1,9,4,1528,27021,1,,
106,93,3,1387,27026,1,,
243,308,12,1427,27027,1,,
33,1341,2,278,27035,1,,
15,11,5,1415,27050,1,,
15,4,6,1415,27050,1,,
217,254,3,1325,27055,1,,
92,1589,5,1427,27058,1,,
164,168,2,1325,27059,1,,
421,848,2,1325,27064,1,,
290,428,9,1415,27071,1,,
147,149,11,1415,27086,1,,
438,932,2,1325,27090,1,,
354,618,2,1415,27096,1,,
354,611,4,1415,27096,1,,
0,4,2,1438,27097,1,,
474,3638,3,1520,27118,1,,
60,50,2,1520,27129,1,,
183,202,8,338,27130,1,,
130,128,6,1438,27130,1,,
70,1500,2,1325,27140,1,,
93,82,9,338,27144,1,,
34,26,10,338,27159,1,,
371,672,3,1536,27163,1,,
126,124,8,338,27170,1,,
317,2707,4,1438,27170,1,,
73,55,7,338,27188,1,,
69,58,2,1536,27202,1,,
16,11,5,1415,27209,1,,
16,1,10,1534,27209,1,,
61,50,9,1372,27215,1,,
246,324,5,1372,27223,1,,
94,79,10,1534,27223,1,,
219,257,4,1372,27230,1,,
1,9,2,1372,27234,1,,
229,274,6,338,27236,1,,
188,2043,1,1415,27245,1,,
188,211,5,338,27245,1,,
32,23,4,1534,27253,1,,
273,388,4,338,27262,1,,
183,201,7,1372,27267,1,,
220,258,1,1468,27271,1,,
337,554,4,338,27271,1,,
48,1401,8,370,27277,1,,
487,1204,4,338,27280,1,,
476,1132,4,338,27289,1,,
384,717,8,370,27289,1,,
238,302,4,338,27298,1,,
313,492,7,370,27300,1,,
268,379,4,370,27306,1,,
100,89,7,370,27318,1,,
267,379,4,370,27325,1,,
371,3023,3,1510,27330,1,,
49,39,3,1415,27336,1,,
314,497,2,370,27337,1,,
445,961,4,370,27346,1,,
0,0,2,370,27351,1,,
289,428,4,370,27357,1,,
248,2335,3,1537,27370,1,,
2,3,12,1537,27387,1,,
265,-1,-1,-999,27387,2,v13_fetch,0.7347560975609756
38,27,6,1515,27391,1,,
73,1512,4,1370,27398,1,,
83,-1,-1,-999,27398,2,v13_fetch,0.732
142,1825,1,1415,27402,1,,
335,554,2,338,27409,1,,
108,-1,-1,-999,27409,2,v13_fetch,0.7286127167630058
370,664,4,1529,27409,1,,
247,-1,-1,-999,27410,2,v13_fetch,0.7247854077253219
484,3708,2,1415,27417,1,,
68,55,1,338,27424,1,,
268,-1,-1,-999,27424,2,v13_fetch,0.7220067453625632
90,1582,1,338,27429,1,,
230,274,1,338,27434,1,,
239,299,4,1529,27441,1,,
266,375,3,1529,27447,1,,
289,-1,-1,-999,27447,2,v13_fetch,0.7168367346938775
1,7,4,1551,27454,1,,
415,-1,-1,-999,27454,2,v13_fetch,0.7160130718954247
66,52,2,1544,27455,1,,
369,663,5,1447,27462,1,,
67,52,7,1358,27469,1,,
327,534,2,1404,27495,1,,
68,52,4,1404,27503,1,,
64,52,1,1404,27513,1,,
65,52,1,1404,27524,1,,
190,213,7,637,27532,1,,
232,286,12,637,27548,1,,
55,1430,8,637,27560,1,,
0,0,7,637,27571,1,,
8,-1,-1,-999,27571,2,v13_fetch,0.7148211243611584
215,247,6,637,27580,1,,
195,2076,2,1348,27587,1,,
303,473,8,637,27592,1,,
164,172,5,637,27600,1,,
368,655,5,637,27608,1,,
231,284,7,1360,27618,1,,
191,213,4,1459,27622,1,,
401,3198,4,637,27625,1,,
66,52,4,1348,27630,1,,
366,2994,3,637,27631,1,,
265,375,3,1529,27659,1,,
216,247,2,637,27664,1,,
65,1469,3,1431,27673,1,,
423,-1,-1,-999,27673,2,v13_fetch,0.714663143989432
108,99,2,1187,27702,1,,
179,-1,-1,-999,27702,2,v13_fetch,0.713578947368421
367,653,1,1432,27710,1,,
111,101,8,1484,27714,1,,
478,3667,2,637,27716,1,,
83,1547,2,761,27734,1,,
366,647,1,1351,27742,1,,
112,103,9,1541,27753,1,,
115,101,3,1484,27759,1,,
39,30,9,1521,27771,1,,
43,33,6,1541,27781,1,,
379,695,2,1521,27785,1,,
172,183,7,1293,27789,1,,
119,113,3,1548,27793,1,,
29,19,8,1548,27805,1,,
167,174,6,1293,27808,1,,
144,142,5,1293,27816,1,,
0,3,5,1293,27824,1,,
390,744,6,1293,27834,1,,
166,174,1,1293,27839,1,,
140,141,11,1498,27866,1,,
175,188,8,1498,27878,1,,
209,238,5,1498,27886,1,,
477,1137,2,1498,27891,1,,
247,324,1,1372,27894,1,,
348,593,7,1396,27895,1,,
347,2882,2,981,27900,1,,
219,2195,4,981,27907,1,,
387,3114,3,1396,27912,1,,
1,9,1,1396,27918,1,,
386,726,3,1421,27927,1,,
367,647,4,1351,27931,1,,
367,653,6,1293,27931,1,,
97,-1,-1,-999,27931,2,v13_fetch,0.7126470588235294
470,1095,2,1421,27931,1,,
16,11,8,1539,27968,1,,
384,716,10,1539,27982,1,,
119,1714,4,981,27989,1,,
74,62,10,1383,27991,1,,
250,336,5,1482,27999,1,,
289,428,3,370,28000,1,,
160,166,10,1539,28003,1,,
347,593,2,1396,28007,1,,
18,12,9,1383,28012,1,,
251,319,4,1444,28019,1,,
0,1,8,1469,28029,1,,
249,332,9,1383,28037,1,,
217,247,6,1469,28038,1,,
285,414,6,1383,28047,1,,
158,163,4,1469,28048,1,,
436,923,3,1213,28052,1,,
382,707,4,1469,28072,1,,
104,92,3,1469,28089,1,,
290,414,2,1383,28097,1,,
106,92,2,1469,28108,1,,
371,671,5,1456,28113,1,,
274,388,4,1456,28128,1,,
56,1437,2,1129,28134,1,,
14,7,12,394,28135,1,,
14,1269,6,394,28135,1,,
335,2815,3,1456,28135,1,,
105,92,2,1469,28140,1,,
216,247,2,1469,28144,1,,
356,625,7,1456,28152,1,,
156,155,8,394,28163,1,,
156,144,6,394,28163,1,,
278,402,6,1516,28168,1,,
103,92,1,1469,28175,1,,
103,81,7,1556,28175,1,,
55,44,8,1516,28181,1,,
189,208,4,1516,28188,1,,
190,208,4,1516,28195,1,,
9,2,4,1516,28209,1,,
9,1244,6,1516,28209,1,,
201,229,8,394,28209,1,,
390,742,2,1516,28213,1,,
3,2,1,1516,28216,1,,
135,133,1,1516,28220,1,,
433,902,8,394,28226,1,,
383,706,8,1286,28242,1,,
265,2418,1,1516,28250,1,,
104,-1,-1,-999,28251,2,v13_fetch,0.7323607427055703
320,509,6,394,28251,1,,
108,98,9,394,28264,1,,
426,3346,2,396,28265,1,,
436,925,8,1129,28268,1,,
170,181,5,394,28272,1,,
423,3329,2,1129,28277,1,,
325,530,6,394,28281,1,,
235,290,2,394,28286,1,,
23,1299,2,396,28294,1,,
107,92,2,1469,28309,1,,
359,624,1,396,28310,1,,
362,624,1,396,28314,1,,
357,624,1,396,28318,1,,
361,624,1,396,28322,1,,
358,624,1,396,28326,1,,
360,624,1,396,28330,1,,
363,624,1,396,28335,1,,
364,624,1,396,28339,1,,
365,624,1,396,28354,1,,
136,1797,2,1488,28359,1,,
289,428,1,1415,28381,1,,
352,-1,-1,-999,28381,2,v13_fetch,0.7114832535885167
134,1785,1,394,28386,1,,
97,1613,1,1255,28396,1,,
202,225,4,1475,28404,1,,
356,624,1,396,28412,1,,
278,403,12,1488,28413,1,,
278,-1,-1,-999,28413,2,v13_piggyback,0.7166939443535187
266,2418,1,1516,28416,1,,
266,-1,-1,-999,28416,2,v13_piggyback,0.7184931506849315
251,337,2,1213,28422,1,,
201,228,10,1470,28427,1,,
203,228,3,1522,28436,1,,
96,85,4,971,28441,1,,
267,2418,1,1516,28444,1,,
198,224,6,1518,28446,1,,
77,64,6,1399,28457,1,,
204,233,10,1399,28472,1,,
444,964,3,1522,28478,1,,
390,3136,1,1522,28481,1,,
286,421,9,1490,28487,1,,
321,509,6,1490,28496,1,,
315,2694,1,1490,28500,1,,
98,81,2,1490,28515,1,,
98,80,7,1490,28515,1,,
98,87,2,1490,28515,1,,
116,109,8,1553,28523,1,,
78,67,11,466,28528,1,,
63,51,8,1553,28535,1,,
240,306,11,466,28543,1,,
5,1231,9,466,28556,1,,
393,749,11,431,28575,1,,
338,550,4,466,28578,1,,
338,561,6,466,28578,1,,
338,-1,-1,-999,28579,2,v13_piggyback,0.7148665819567979
227,2234,3,1490,28583,1,,
164,171,5,466,28587,1,,
387,731,3,1490,28591,1,,
236,295,8,466,28598,1,,
400,772,4,466,28605,1,,
95,85,11,431,28612,1,,
418,833,6,466,28614,1,,
160,1913,3,466,28620,1,,
336,550,4,466,28627,1,,
339,550,2,466,28632,1,,
87,1571,4,431,28635,1,,
87,59,8,1419,28635,1,,
443,956,9,1446,28659,1,,
166,175,10,431,28662,1,,
175,189,5,1446,28667,1,,
448,982,6,1446,28676,1,,
97,86,10,1419,28679,1,,
394,754,4,1446,28683,1,,
211,244,4,1446,28690,1,,
395,754,6,1464,28709,1,,
155,153,2,431,28709,1,,
155,120,4,1419,28709,1,,
155,1891,2,1419,28709,1,,
155,-1,-1,-999,28710,2,v13_piggyback,0.7122950819672131
309,485,8,1397,28721,1,,
104,1645,4,1464,28728,1,,
242,308,8,1419,28734,1,,
317,500,3,1446,28734,1,,
372,673,3,1278,28740,1,,
220,261,7,431,28747,1,,
0,2,2,1446,28754,1,,
258,353,5,431,28757,1,,
59,1451,5,431,28767,1,,
39,29,4,1419,28777,1,,
425,3341,4,481,28777,1,,
393,752,6,1397,28785,1,,
393,752,6,1278,28785,1,,
12,1259,3,481,28785,1,,
380,-1,-1,-999,28785,2,v13_fetch,0.7112179487179486
124,1742,4,1419,28799,1,,
