pod_id,item_id,qty,order_id,processed_time,task_type,trigger,opp_score,trip_start,trip_duration
170,192,8,-13,55,1,,
170,1662,2,-57,55,1,,
231,205,6,-91,57,1,,
231,2005,4,-77,57,1,,
231,240,7,-7,57,1,,
420,246,8,-88,63,1,,
420,300,5,-75,63,1,,
420,289,4,-30,63,1,,
0,22,10,-77,71,1,,
422,407,10,-14,74,1,,
319,0,10,-77,93,1,,
229,118,8,-38,97,1,,
52,29,12,-30,105,1,,
52,88,11,-33,105,1,,
52,1464,9,-24,105,1,,
340,202,4,-95,113,1,,
340,136,7,-91,113,1,,
340,2581,2,-77,113,1,,
412,111,2,-55,124,1,,
412,99,4,-22,124,1,,
412,99,6,-57,124,1,,
412,99,9,-13,124,1,,
101,270,10,-26,132,1,,
101,1264,2,-7,132,1,,
50,4,6,-75,132,1,,
50,4,8,-88,132,1,,
50,4,6,-18,132,1,,
411,111,4,-38,150,1,,
411,111,8,-84,150,1,,
411,111,8,-55,150,1,,
51,4,4,-18,155,1,,
51,4,12,-37,155,1,,
413,137,7,-96,157,1,,
413,138,11,-7,157,1,,
472,946,10,-50,164,1,,
463,789,10,-77,174,1,,
386,80,2,-14,188,1,,
386,80,8,-38,188,1,,
386,171,8,-57,188,1,,
384,34,9,-100,198,1,,
105,1289,7,-50,198,1,,
108,1314,6,-75,208,1,,
108,1,10,-67,208,1,,
108,1,10,-24,208,1,,
108,3,6,-67,208,1,,
108,8,8,-33,208,1,,
410,98,8,-50,210,1,,
326,520,8,-26,212,1,,
285,211,7,-57,220,1,,
295,439,10,-75,226,1,,
295,2345,2,-18,226,1,,
132,117,6,-50,230,1,,
341,6,6,-75,245,1,,
341,304,6,-75,245,1,,
156,43,6,-26,247,1,,
156,1581,1,-7,247,1,,
356,774,8,-75,259,1,,
390,242,6,-84,269,1,,
273,297,8,-75,273,1,,
389,236,7,-96,285,1,,
370,507,8,-24,286,1,,
481,1112,8,-77,297,1,,
282,2,6,-88,298,1,,
417,226,6,-26,306,1,,
264,183,6,-24,310,1,,
450,533,4,-57,316,1,,
450,3082,2,-57,316,1,,
471,925,7,-77,316,1,,
15,1225,6,-57,326,1,,
438,248,6,-33,327,1,,
385,21,11,-70,334,1,,
274,278,6,-22,337,1,,
407,48,4,-77,352,1,,
440,290,6,-75,359,1,,
275,275,10,-73,368,1,,
293,2335,4,-77,371,1,,
128,1,2,-24,376,1,,
128,115,8,-2,376,1,,
464,813,6,-14,394,1,,
452,575,6,-14,403,1,,
362,172,4,-95,404,1,,
284,2,8,-97,408,1,,
207,1864,4,-94,411,1,,
439,280,5,-14,414,1,,
480,1087,3,-7,417,1,,
299,57,3,-50,426,1,,
427,690,10,-79,431,1,,
44,1288,4,-38,434,1,,
325,448,3,-44,448,1,,
283,77,8,-79,448,1,,
449,500,6,-75,458,1,,
265,33,6,-79,467,1,,
408,48,4,-13,469,1,,
298,54,8,-34,480,1,,
384,31,12,-41,483,1,,
441,340,6,-30,484,1,,
285,2292,4,-26,490,1,,
372,754,3,-94,507,1,,
225,25,4,-33,509,1,,
434,1033,3,-77,513,1,,
350,651,3,-30,515,1,,
446,454,3,-34,523,1,,
313,2438,3,-14,529,1,,
468,878,3,-77,531,1,,
321,0,2,-97,537,1,,
467,860,3,-75,547,1,,
382,17,8,-71,553,1,,
306,408,5,-4,560,1,,
320,0,5,-66,569,1,,
320,0,7,-32,569,1,,
312,527,8,-60,573,1,,
116,1353,2,-77,575,1,,
385,2796,4,-50,589,1,,
407,35,3,12,594,1,,
195,1801,2,-50,599,1,,
438,238,4,-50,610,1,,
322,91,7,-51,616,1,,
193,228,6,21,620,1,,
440,299,4,-97,623,1,,
264,103,6,-66,635,1,,
199,260,4,-87,644,1,,
256,279,3,-35,654,1,,
290,381,2,-32,659,1,,
128,1,11,18,661,1,,
411,99,2,-33,664,1,,
464,816,4,-7,668,1,,
455,628,4,-35,670,1,,
459,702,7,18,679,1,,
388,2812,2,-51,689,1,,
282,2,8,-87,691,1,,
198,317,5,-46,699,1,,
445,429,2,-30,705,1,,
288,2,4,-49,706,1,,
158,1592,2,-75,711,1,,
461,761,9,-46,728,1,,
383,52,11,10,728,1,,
237,2036,4,-49,735,1,,
441,320,2,7,743,1,,
389,264,2,-87,756,1,,
408,35,5,-75,761,1,,
416,175,1,-97,764,1,,
486,1178,10,10,774,1,,
467,862,3,-77,780,1,,
180,104,8,-23,786,1,,
298,15,9,23,799,1,,
432,3000,2,-60,804,1,,
106,1300,2,-23,808,1,,
382,2784,2,-54,812,1,,
431,892,6,-89,818,1,,
299,57,7,-23,819,1,,
430,852,11,-83,835,1,,
468,3154,3,-33,840,1,,
162,14,12,-8,845,1,,
229,321,6,6,854,1,,
437,180,8,-23,859,1,,
446,443,2,-77,859,1,,
417,187,4,-69,870,1,,
407,35,8,-35,872,1,,
132,117,6,-64,882,1,,
478,1056,6,-69,886,1,,
390,236,6,3,898,1,,
409,86,7,-8,902,1,,
391,264,5,-42,906,1,,
58,1700,2,-50,907,1,,
134,130,6,-28,908,1,,
418,225,4,-28,917,1,,
230,276,12,32,928,1,,
353,720,10,20,932,1,,
198,1815,12,-9,944,1,,
305,333,3,32,950,1,,
411,99,7,20,950,1,,
388,199,7,20,961,1,,
410,79,8,26,972,1,,
410,84,7,26,972,1,,
354,774,10,-21,975,1,,
80,2735,1,-14,975,1,,
473,957,11,32,979,1,,
441,324,6,10,992,1,,
415,167,2,32,993,1,,
416,182,6,20,996,1,,
438,248,2,25,1005,1,,
439,3032,2,26,1020,1,,
345,544,10,28,1020,1,,
389,245,9,-64,1021,1,,
389,199,6,-15,1021,1,,
76,129,6,25,1029,1,,
343,424,9,-31,1035,1,,
414,154,9,0,1048,1,,
40,5,8,16,1056,1,,
366,357,6,20,1057,1,,
149,1544,2,16,1060,1,,
413,142,10,-56,1062,1,,
215,1909,2,16,1065,1,,
412,106,6,28,1066,1,,
453,583,6,0,1071,1,,
306,2403,4,-15,1078,1,,
437,179,10,-8,1079,1,,
224,271,7,-25,1091,1,,
75,62,6,0,1092,1,,
417,222,7,20,1107,1,,
204,1847,3,-36,1113,1,,
254,233,4,-21,1119,1,,
180,126,2,-21,1136,1,,
445,432,7,-6,1138,1,,
321,0,8,-1,1142,1,,
446,450,6,-64,1148,1,,
230,1996,4,20,1161,1,,
134,107,2,-36,1166,1,,
59,7,12,-6,1171,1,,
60,7,6,-1,1177,1,,
409,84,6,-15,1180,1,,
332,865,4,-92,1187,1,,
320,61,8,15,1189,1,,
410,79,7,44,1198,1,,
114,3,4,15,1202,1,,
114,39,5,-27,1202,1,,
411,101,10,45,1204,1,,
465,821,12,15,1219,1,,
441,323,8,-89,1227,1,,
469,903,7,-27,1230,1,,
416,175,12,42,1235,1,,
229,123,6,48,1236,1,,
438,237,7,31,1240,1,,
41,29,2,-21,1240,1,,
439,257,7,-25,1251,1,,
200,185,7,-53,1257,1,,
139,50,6,-27,1260,1,,
358,12,8,55,1260,1,,
442,344,4,-15,1272,1,,
453,599,7,55,1284,1,,
319,0,6,-27,1288,1,,
414,138,10,44,1288,1,,
414,137,2,44,1288,1,,
473,959,4,-15,1295,1,,
412,125,9,-36,1298,1,,
432,916,6,65,1301,1,,
223,1963,2,55,1314,1,,
437,1207,10,44,1318,1,,
0,19,6,55,1329,1,,
2,1593,2,65,1339,1,,
359,11,8,-39,1344,1,,
214,286,6,-1,1352,1,,
429,766,11,47,1357,1,,
39,44,10,47,1371,1,,
413,122,4,-92,1378,1,,
256,259,2,0,1383,1,,
360,12,4,53,1383,1,,
137,1475,2,0,1390,1,,
128,1,2,58,1393,1,,
1,28,5,-39,1394,1,,
467,860,2,15,1399,1,,
361,12,10,29,1408,1,,
444,388,2,-27,1426,1,,
409,86,12,-53,1429,1,,
288,36,4,29,1430,1,,
114,1344,4,-74,1433,1,,
362,121,6,61,1440,1,,
465,837,4,65,1440,1,,
364,322,2,-39,1444,1,,
441,342,5,55,1453,1,,
274,2234,2,-6,1454,1,,
439,251,6,65,1459,1,,
410,92,8,2,1469,1,,
363,69,6,22,1476,1,,
453,597,2,68,1488,1,,
8,1308,2,83,1497,1,,
411,102,4,53,1498,1,,
367,392,8,2,1505,1,,
200,1826,2,29,1514,1,,
442,360,8,47,1517,1,,
352,700,6,68,1526,1,,
434,1003,9,60,1539,1,,
202,1837,2,60,1543,1,,
111,1331,2,48,1545,1,,
415,158,2,48,1554,1,,
240,2049,2,-39,1559,1,,
420,300,3,84,1562,1,,
419,283,9,52,1575,1,,
137,1476,6,-72,1577,1,,
183,1733,2,55,1586,1,,
425,550,7,64,1587,1,,
470,912,8,-86,1594,1,,
418,234,10,64,1601,1,,
447,460,5,69,1602,1,,
175,1689,2,64,1605,1,,
417,232,2,76,1610,1,,
180,104,10,73,1621,1,,
128,39,10,85,1627,1,,
306,393,6,64,1630,1,,
139,170,6,73,1631,1,,
424,532,4,-62,1637,1,,
86,347,8,73,1645,1,,
437,140,1,-51,1648,1,,
444,410,3,-48,1656,1,,
444,410,4,84,1656,1,,
444,403,7,-5,1656,1,,
409,79,8,68,1667,1,,
238,157,10,80,1686,1,,
439,280,6,83,1687,1,,
189,1764,2,69,1694,1,,
453,593,4,69,1701,1,,
448,495,6,89,1707,1,,
416,189,6,80,1717,1,,
122,1392,2,89,1722,1,,
207,1861,2,72,1725,1,,
229,420,4,93,1740,1,,
410,87,12,87,1745,1,,
205,1850,2,93,1746,1,,
426,547,6,-78,1747,1,,
289,229,2,-90,1750,1,,
429,808,4,89,1753,1,,
425,536,6,72,1765,1,,
442,355,7,-86,1774,1,,
442,355,11,60,1774,1,,
140,1493,3,8,1779,1,,
264,183,8,87,1786,1,,
151,16,5,86,1788,1,,
224,23,1,87,1789,1,,
368,447,4,8,1795,1,,
320,91,4,87,1808,1,,
6,1259,4,87,1815,1,,
362,2701,1,87,1823,1,,
478,1052,6,41,1832,1,,
460,724,2,86,1833,1,,
455,636,2,8,1842,1,,
234,131,11,41,1847,1,,
214,271,10,78,1855,1,,
446,3064,4,41,1860,1,,
369,372,4,86,1862,1,,
438,238,9,4,1872,1,,
282,36,9,46,1908,1,,
326,609,2,-10,1908,1,,
326,609,8,-52,1908,1,,
105,3,8,4,1909,1,,
105,8,7,4,1909,1,,
105,115,7,4,1909,1,,
430,763,4,41,1920,1,,
430,808,3,4,1920,1,,
439,274,6,8,1927,1,,
439,261,4,78,1927,1,,
447,457,6,91,1930,1,,
447,481,9,-11,1930,1,,
447,3065,2,-90,1930,1,,
454,623,7,4,1935,1,,
283,20,9,62,1943,1,,
437,174,10,89,1949,1,,
474,983,6,-10,1951,1,,
474,980,4,-10,1951,1,,
411,96,8,46,1954,1,,
466,848,2,4,1961,1,,
466,851,6,4,1961,1,,
274,378,6,62,1964,1,,
158,75,6,4,1972,1,,
152,147,8,-52,1981,1,,
152,16,12,105,1981,1,,
413,134,5,4,1985,1,,
265,90,10,-93,1997,1,,
102,1270,8,-52,2004,1,,
102,8,6,105,2004,1,,
409,74,4,4,2011,1,,
85,8,6,62,2020,1,,
85,9,4,107,2020,1,,
85,3,8,-93,2020,1,,
273,275,8,-93,2032,1,,
289,20,4,-52,2035,1,,
289,229,7,-10,2035,1,,
461,751,6,-93,2041,1,,
363,2704,3,81,2045,1,,
407,48,9,-10,2048,1,,
115,1352,10,-93,2055,1,,
199,1823,3,-52,2060,1,,
199,317,6,102,2060,1,,
374,895,3,4,2069,1,,
327,645,8,-17,2072,1,,
59,7,8,100,2074,1,,
59,29,6,100,2074,1,,
151,1556,9,-10,2085,1,,
367,431,7,-10,2095,1,,
76,47,12,120,2112,1,,
412,133,10,110,2119,1,,
412,-1,-1,-999,2119,2,v14_piggyback,2.0,2119,0
458,698,8,-52,2124,1,,
0,1232,3,46,2125,1,,
0,1593,2,-93,2125,1,,
478,1052,7,4,2139,1,,
478,1056,8,4,2139,1,,
408,40,12,37,2140,1,,
1,51,8,117,2141,1,,
1,37,4,97,2141,1,,
446,454,3,81,2145,1,,
77,7,6,97,2151,1,,
257,296,11,5,2160,1,,
472,943,6,90,2172,1,,
454,607,7,19,2173,1,,
136,1467,2,4,2178,1,,
411,99,4,107,2188,1,,
411,99,7,90,2188,1,,
414,134,10,5,2195,1,,
423,479,6,97,2197,1,,
383,21,5,-10,2206,1,,
383,18,6,120,2206,1,,
439,273,3,53,2215,1,,
462,783,8,37,2218,1,,
387,176,4,46,2227,1,,
417,225,4,62,2236,1,,
128,116,2,5,2242,1,,
378,1024,7,-10,2249,1,,
198,81,3,62,2254,1,,
320,71,2,97,2259,1,,
460,739,7,-52,2259,1,,
308,458,2,81,2267,1,,
343,424,6,-10,2273,1,,
442,356,6,120,2283,1,,
229,1992,2,74,2289,1,,
384,31,7,56,2299,1,,
386,168,7,126,2302,1,,
365,335,2,4,2308,1,,
2,30,4,-52,2332,1,,
419,267,2,46,2335,1,,
256,259,4,-52,2339,1,,
299,15,1,4,2342,1,,
422,399,8,54,2347,1,,
453,585,1,29,2347,1,,
298,15,5,-10,2347,1,,
52,1477,2,62,2352,1,,
41,1237,2,54,2356,1,,
450,531,6,105,2357,1,,
420,289,7,134,2367,1,,
418,215,6,134,2377,1,,
129,116,5,129,2396,1,,
466,853,4,134,2396,1,,
454,604,4,97,2403,1,,
469,888,4,105,2408,1,,
312,480,4,129,2409,1,,
421,368,4,-10,2415,1,,
248,2092,1,117,2422,1,,
439,253,10,132,2428,1,,
439,257,2,114,2428,1,,
167,1647,2,129,2435,1,,
423,444,3,-52,2449,1,,
462,762,3,5,2450,1,,
412,99,1,90,2457,1,,
122,1391,1,40,2465,1,,
60,7,4,96,2471,1,,
111,1330,7,96,2483,1,,
429,766,3,102,2489,1,,
242,163,5,-61,2494,1,,
483,1139,3,-10,2494,1,,
468,879,3,105,2500,1,,
157,65,10,-80,2503,1,,
344,473,4,-16,2507,1,,
351,2644,2,102,2512,1,,
413,2918,3,105,2517,1,,
413,-1,-1,-999,2518,2,v14_piggyback,3.0,2517,1
124,1402,2,-61,2538,1,,
285,211,6,-80,2542,1,,
481,1098,6,-80,2556,1,,
201,1832,2,-52,2560,1,,
0,3,9,149,2563,1,,
0,37,5,149,2563,1,,
461,751,2,108,2568,1,,
280,470,10,-98,2572,1,,
444,396,2,86,2573,1,,
86,3058,3,149,2574,1,,
84,270,9,155,2605,1,,
445,429,2,-52,2609,1,,
420,2949,3,147,2613,1,,
453,599,12,96,2621,1,,
454,602,3,-10,2625,1,,
422,402,7,-16,2635,1,,
467,855,8,130,2635,1,,
452,577,4,155,2636,1,,
488,1212,2,155,2641,1,,
274,243,6,151,2655,1,,
274,434,7,130,2655,1,,
466,848,2,149,2658,1,,
182,67,7,-98,2668,1,,
223,1955,2,56,2678,1,,
85,8,6,-98,2682,1,,
210,1880,1,-52,2689,1,,
68,2026,2,130,2694,1,,
68,4,4,113,2694,1,,
446,437,1,37,2697,1,,
442,363,8,113,2708,1,,
179,160,6,130,2726,1,,
455,636,1,37,2727,1,,
241,284,6,-98,2743,1,,
232,2010,6,95,2748,1,,
122,1394,3,108,2748,1,,
486,1181,1,102,2751,1,,
256,221,6,130,2754,1,,
461,750,6,160,2757,1,,
469,903,6,-98,2766,1,,
103,1277,8,24,2769,1,,
224,271,8,115,2769,1,,
129,1,6,24,2778,1,,
465,828,10,24,2792,1,,
380,2775,3,24,2798,1,,
225,83,7,152,2806,1,,
145,1521,5,24,2806,1,,
287,2302,3,24,2812,1,,
320,0,8,101,2818,1,,
439,258,5,96,2824,1,,
134,107,5,150,2836,1,,
135,107,11,169,2837,1,,
454,606,9,95,2851,1,,
427,622,6,101,2864,1,,
267,2197,4,-80,2866,1,,
321,71,4,-80,2875,1,,
168,139,10,166,2891,1,,
413,134,8,67,2897,1,,
413,-1,-1,-999,2897,2,v14_piggyback,3.0,2897,0
414,134,8,142,2909,1,,
264,327,6,158,2911,1,,
488,1204,2,43,2913,1,,
488,1212,2,-63,2913,1,,
415,169,4,148,2919,1,,
462,775,4,-80,2920,1,,
457,675,10,142,2923,1,,
0,22,5,158,2933,1,,
338,100,8,67,2935,1,,
466,840,8,24,2948,1,,
128,39,7,67,2953,1,,
1,46,6,164,2959,1,,
280,2267,4,36,2968,1,,
416,189,4,-40,2973,1,,
416,182,6,98,2973,1,,
283,2,12,-3,2978,1,,
139,170,10,-3,2992,1,,
475,993,4,36,2996,1,,
322,0,4,67,2996,1,,
322,61,12,9,2996,1,,
48,1378,12,-3,3009,1,,
76,47,4,148,3015,1,,
318,2466,3,164,3024,1,,
408,35,10,-3,3029,1,,
2,37,8,125,3037,1,,
116,1358,8,-3,3041,1,,
428,719,5,-3,3049,1,,
370,591,10,98,3053,1,,
422,402,9,9,3068,1,,
60,3,10,174,3069,1,,
60,7,4,174,3069,1,,
179,1716,8,152,3082,1,,
389,250,2,96,3087,1,,
389,236,5,116,3087,1,,
363,254,3,125,3094,1,,
339,109,6,9,3103,1,,
339,85,8,-43,3103,1,,
390,236,6,137,3104,1,,
473,963,8,125,3116,1,,
215,301,6,67,3117,1,,
215,1906,2,9,3117,1,,
454,615,10,40,3117,1,,
483,1133,2,-98,3120,1,,
119,1377,8,-43,3135,1,,
391,266,5,133,3145,1,,
446,445,6,101,3147,1,,
407,1129,6,174,3151,1,,
407,35,8,153,3151,1,,
437,186,6,133,3154,1,,
450,539,6,9,3162,1,,
452,561,8,174,3163,1,,
320,91,6,98,3174,1,,
466,849,8,-3,3181,1,,
393,2832,2,-98,3185,1,,
61,1799,2,165,3201,1,,
61,82,4,178,3201,1,,
457,664,12,-40,3202,1,,
457,667,8,98,3202,1,,
202,1838,2,125,3207,1,,
326,645,5,9,3213,1,,
409,74,2,-98,3216,1,,
300,2368,3,178,3222,1,,
256,306,4,174,3232,1,,
82,2921,3,153,3240,1,,
392,326,11,121,3243,1,,
348,2629,2,178,3245,1,,
135,1466,2,51,3255,1,,
347,551,5,98,3258,1,,
180,1717,2,-3,3265,1,,
165,1635,3,-43,3277,1,,
475,1008,7,125,3289,1,,
344,424,10,138,3292,1,,
458,691,2,96,3293,1,,
231,2003,2,-3,3297,1,,
352,592,4,145,3305,1,,
411,2908,3,-43,3314,1,,
379,2771,1,138,3318,1,,
410,76,10,154,3326,1,,
444,396,1,36,3330,1,,
173,1677,2,167,3342,1,,
178,1708,1,-3,3345,1,,
454,602,10,67,3351,1,,
118,1372,2,9,3355,1,,
473,960,10,116,3356,1,,
345,534,10,170,3370,1,,
299,57,7,193,3371,1,,
40,5,12,189,3386,1,,
442,344,5,176,3395,1,,
401,917,10,175,3403,1,,
327,530,9,189,3407,1,,
440,307,4,193,3410,1,,
409,86,1,167,3413,1,,
409,79,6,199,3413,1,,
421,341,5,170,3415,1,,
437,186,3,199,3419,1,,
452,575,9,187,3425,1,,
298,15,1,210,3428,1,,
163,14,7,189,3435,1,,
202,1836,3,17,3437,1,,
448,487,2,170,3445,1,,
162,126,8,175,3449,1,,
300,15,9,146,3462,1,,
470,3161,1,98,3471,1,,
455,635,2,146,3475,1,,
77,58,8,161,3489,1,,
414,138,7,161,3499,1,,
418,234,4,161,3506,1,,
386,94,3,161,3512,1,,
446,436,3,161,3517,1,,
438,218,1,138,3526,1,,
408,68,10,215,3537,1,,
0,30,8,188,3540,1,,
419,241,9,-68,3541,1,,
410,86,2,142,3547,1,,
198,81,12,196,3554,1,,
458,687,3,67,3558,1,,
301,57,8,204,3565,1,,
78,129,7,-68,3568,1,,
78,58,4,-68,3568,1,,
78,9,10,-68,3568,1,,
484,1152,8,204,3577,1,,
450,525,10,-68,3583,1,,
407,40,7,204,3588,1,,
385,55,8,118,3599,1,,
321,0,8,99,3610,1,,
420,300,7,215,3610,1,,
1,37,6,135,3611,1,,
1,30,9,135,3611,1,,
424,519,8,196,3621,1,,
387,94,6,135,3624,1,,
467,3151,4,135,3646,1,,
76,4,12,99,3646,1,,
76,7,5,99,3646,1,,
76,129,6,99,3646,1,,
388,188,6,-68,3656,1,,
441,328,8,135,3658,1,,
384,18,3,135,3663,1,,
439,280,6,204,3665,1,,
188,1758,3,135,3669,1,,
440,281,6,207,3676,1,,
440,295,5,176,3676,1,,
382,17,3,195,3681,1,,
2,22,9,111,3685,1,,
154,1568,6,-68,3685,1,,
437,174,6,99,3697,1,,
452,568,9,161,3710,1,,
409,76,12,146,3715,1,,
442,349,6,161,3723,1,,
175,1692,1,135,3729,1,,
175,153,7,217,3729,1,,
162,1613,8,17,3735,1,,
163,10,8,225,3741,1,,
418,235,9,220,3748,1,,
383,17,4,186,3769,1,,
457,660,6,196,3772,1,,
348,589,5,220,3774,1,,
448,494,5,122,3784,1,,
419,285,12,111,3789,1,,
438,248,10,99,3792,1,,
408,40,8,118,3801,1,,
229,1995,1,196,3809,1,,
229,420,4,111,3809,1,,
363,254,5,172,3810,1,,
139,170,2,135,3811,1,,
305,212,4,111,3816,1,,
259,2153,3,217,3819,1,,
470,914,3,202,3826,1,,
410,86,9,167,3829,1,,
319,0,4,172,3830,1,,
385,53,3,172,3847,1,,
84,2995,2,135,3848,1,,
425,519,9,168,3849,1,,
450,524,3,99,3857,1,,
454,607,1,135,3873,1,,
76,24,4,104,3888,1,,
377,991,6,168,3895,1,,
157,1583,2,104,3895,1,,
276,461,9,191,3901,1,,
164,126,7,232,3905,1,,
282,2276,3,-68,3907,1,,
460,727,6,104,3912,1,,
261,2162,2,99,3912,1,,
306,346,10,-81,3919,1,,
440,295,6,104,3921,1,,
326,2508,3,99,3937,1,,
19,1361,2,99,3941,1,,
154,1569,2,50,3954,1,,
366,337,10,194,3955,1,,
437,174,2,186,3969,1,,
98,13,5,194,3973,1,,
98,1245,8,194,3973,1,,
283,20,2,223,3976,1,,
426,550,12,228,3987,1,,
482,1119,11,194,3988,1,,
77,129,10,228,4003,1,,
158,65,2,-68,4004,1,,
441,328,9,232,4013,1,,
52,4,12,218,4020,1,,
300,57,8,194,4024,1,,
409,79,2,168,4039,1,,
409,70,6,-81,4039,1,,
180,166,6,218,4042,1,,
487,1193,8,-81,4050,1,,
288,677,6,190,4052,1,,
363,2704,2,191,4056,1,,
107,1304,8,-81,4062,1,,
192,104,2,99,4069,1,,
41,5,4,222,4077,1,,
41,63,4,227,4077,1,,
348,2629,2,219,4078,1,,
425,550,10,194,4080,1,,
320,71,4,228,4095,1,,
320,196,7,227,4095,1,,
358,12,8,227,4107,1,,
454,612,2,178,4108,1,,
312,545,1,224,4117,1,,
284,20,6,-81,4126,1,,
151,16,9,227,4133,1,,
151,50,11,227,4133,1,,
364,254,8,224,4140,1,,
259,233,6,228,4143,1,,
259,2152,1,228,4143,1,,
143,1511,4,168,4145,1,,
139,1490,7,104,4154,1,,
410,92,4,243,4160,1,,
128,45,6,227,4163,1,,
159,151,4,-81,4167,1,,
140,50,7,258,4178,1,,
458,681,2,258,4182,1,,
408,68,5,261,4187,1,,
451,541,4,196,4194,1,,
448,498,6,181,4201,1,,
282,2,6,218,4211,1,,
453,585,4,118,4213,1,,
285,2,4,162,4218,1,,
285,20,12,162,4218,1,,
417,217,6,228,4220,1,,
338,85,3,258,4223,1,,
437,179,9,-81,4226,1,,
437,-1,-1,-999,4227,2,v14_piggyback,1.0,4226,1
460,725,6,177,4234,1,,
457,3109,2,194,4241,1,,
457,660,1,194,4241,1,,
198,317,10,245,4253,1,,
416,189,4,241,4257,1,,
418,222,1,-81,4267,1,,
418,219,2,194,4267,1,,
362,121,11,162,4268,1,,
229,321,12,162,4285,1,,
361,69,10,238,4299,1,,
234,131,3,168,4299,1,,
182,67,4,227,4306,1,,
407,40,2,118,4311,1,,
407,-1,-1,-999,4311,2,v14_piggyback,4.0,4311,0
298,15,4,227,4313,1,,
130,1435,2,194,4316,1,,
358,12,2,214,4318,1,,
352,2649,4,228,4325,1,,
132,1445,2,-81,4332,1,,
339,109,9,245,4334,1,,
339,136,4,265,4334,1,,
184,104,9,163,4338,1,,
386,146,7,163,4348,1,,
359,12,12,88,4350,1,,
110,1323,2,-59,4358,1,,
0,37,9,162,4363,1,,
423,418,6,230,4386,1,,
340,287,10,88,4392,1,,
283,20,8,276,4394,1,,
225,83,1,111,4402,1,,
225,25,8,230,4402,1,,
185,104,4,242,4405,1,,
185,113,5,216,4405,1,,
384,53,10,276,4410,1,,
299,26,5,230,4410,1,,
1,22,8,262,4420,1,,
370,529,8,276,4430,1,,
483,1130,8,216,4437,1,,
215,83,5,233,4444,1,,
449,500,6,163,4462,1,,
408,35,5,218,4471,1,,
320,91,3,162,4472,1,,
451,559,8,-59,4477,1,,
451,553,11,230,4477,1,,
482,1118,2,230,4481,1,,
472,953,6,88,4486,1,,
97,1240,7,238,4496,1,,
363,194,8,180,4504,1,,
387,171,6,238,4506,1,,
311,2426,1,227,4507,1,,
311,256,4,163,4507,1,,
117,1,12,14,4527,1,,
117,1364,5,14,4527,1,,
388,80,3,131,4542,1,,
367,392,4,213,4549,1,,
220,339,6,180,4551,1,,
220,240,10,77,4551,1,,
220,23,2,77,4551,1,,
409,92,6,131,4558,1,,
182,191,9,280,4560,1,,
366,338,10,77,4565,1,,
415,173,4,131,4565,1,,
403,977,3,162,4565,1,,
457,659,4,276,4572,1,,
305,256,2,242,4572,1,,
421,350,10,284,4579,1,,
418,239,2,242,4579,1,,
352,700,3,163,4596,1,,
130,1435,8,-59,4599,1,,
424,2966,2,88,4603,1,,
360,60,8,77,4611,1,,
301,152,7,182,4613,1,,
232,2006,3,131,4617,1,,
452,562,7,247,4627,1,,
487,1193,8,77,4631,1,,
392,326,3,264,4631,1,,
264,33,1,230,4655,1,,
264,183,6,77,4655,1,,
265,2189,2,227,4657,1,,
274,378,3,163,4663,1,,
77,58,7,247,4665,1,,
423,474,3,247,4688,1,,
266,33,5,182,4702,1,,
298,54,7,284,4705,1,,
438,249,2,163,4712,1,,
483,1141,7,182,4714,1,,
385,72,7,180,4718,1,,
456,641,7,14,4730,1,,
449,506,4,264,4732,1,,
449,508,7,131,4732,1,,
449,504,4,131,4732,1,,
97,1241,7,1,4736,1,,
97,58,3,290,4736,1,,
97,24,7,256,4736,1,,
451,543,8,14,4744,1,,
422,387,9,231,4745,1,,
76,24,10,250,4753,1,,
412,122,6,14,4756,1,,
390,266,10,231,4759,1,,
486,1177,2,228,4764,1,,
441,325,6,77,4769,1,,
389,242,6,295,4773,1,,
78,3,2,180,4779,1,,
78,58,3,284,4779,1,,
445,417,3,295,4787,1,,
362,172,11,250,4787,1,,
75,62,12,246,4811,1,,
75,9,6,246,4811,1,,
407,40,5,233,4815,1,,
267,440,8,250,4837,1,,
267,33,12,-76,4837,1,,
203,1839,11,246,4852,1,,
343,473,4,77,4855,1,,
299,54,12,246,4869,1,,
413,114,11,271,4872,1,,
413,-1,-1,-999,4872,2,v14_piggyback,3.0,4872,0
392,462,6,269,4874,1,,
371,596,8,246,4881,1,,
421,308,4,240,4883,1,,
178,1704,2,269,4884,1,,
384,52,10,246,4895,1,,
171,1667,3,77,4906,1,,
332,792,8,-76,4908,1,,
439,268,3,14,4913,1,,
425,566,8,229,4917,1,,
124,1403,3,180,4922,1,,
199,260,10,288,4924,1,,
393,456,10,-47,4931,1,,
444,396,3,77,4942,1,,
396,600,8,-47,4943,1,,
383,17,9,-99,4949,1,,
383,21,8,273,4949,1,,
446,438,5,229,4951,1,,
194,1790,2,77,4956,1,,
41,5,12,287,4967,1,,
42,1266,4,-47,4974,1,,
333,730,9,-99,4976,1,,
388,199,4,229,4981,1,,
394,415,2,14,5000,1,,
395,639,4,279,5010,1,,
358,11,8,-99,5015,1,,
414,135,5,278,5020,1,,
412,114,11,-76,5030,1,,
485,1162,2,77,5040,1,,
451,557,6,246,5045,1,,
451,548,4,-76,5045,1,,
298,2358,2,296,5047,1,,
429,818,2,180,5054,1,,
442,349,9,-99,5061,1,,
386,132,6,246,5070,1,,
410,98,8,273,5082,1,,
458,698,5,246,5090,1,,
445,413,4,291,5090,1,,
445,421,10,269,5090,1,,
445,423,9,229,5090,1,,
407,35,1,218,5094,1,,
465,828,2,77,5094,1,,
462,772,6,250,5101,1,,
477,1036,6,311,5105,1,,
27,1969,2,284,5112,1,,
179,1711,2,180,5119,1,,
138,1483,1,77,5129,1,,
283,2,4,246,5146,1,,
472,3172,4,103,5149,1,,
107,13,4,246,5153,1,,
387,120,12,103,5165,1,,
476,1018,5,103,5174,1,,
439,251,7,103,5184,1,,
385,31,5,277,5192,1,,
468,880,3,277,5198,1,,
396,514,12,311,5201,1,,
224,1967,4,250,5202,1,,
326,510,4,39,5209,1,,
441,343,2,103,5211,1,,
384,53,8,316,5222,1,,
273,330,3,256,5226,1,,
446,436,4,255,5229,1,,
345,2611,3,288,5232,1,,
1,37,10,268,5237,1,,
156,1579,3,246,5244,1,,
447,468,6,39,5246,1,,
160,1602,1,288,5254,1,,
440,295,7,268,5259,1,,
482,1120,3,256,5268,1,,
485,1165,1,27,5271,1,,
248,59,1,182,5291,1,,
450,524,1,-76,5301,1,,
381,1109,11,71,5305,1,,
453,593,1,281,5307,1,,
284,77,4,305,5309,1,,
0,1593,2,314,5319,1,,
367,372,1,246,5333,1,,
95,3,7,314,5341,1,,
95,1230,6,314,5341,1,,
327,645,6,128,5350,1,,
124,1406,3,314,5356,1,,
178,1705,1,-99,5361,1,,
186,1748,10,299,5365,1,,
186,1751,8,239,5365,1,,
443,385,8,-45,5377,1,,
262,2172,4,71,5386,1,,
445,425,8,71,5398,1,,
437,180,6,71,5409,1,,
465,828,6,246,5422,1,,
439,274,8,299,5426,1,,
439,257,2,-45,5426,1,,
271,230,3,325,5428,1,,
477,1031,11,39,5436,1,,
265,183,7,-45,5438,1,,
395,600,6,329,5445,1,,
407,40,5,277,5449,1,,
352,589,2,128,5450,1,,
288,128,10,325,5454,1,,
256,279,1,252,5457,1,,
399,2857,2,128,5457,1,,
382,17,4,239,5458,1,,
472,940,4,246,5472,1,,
52,46,1,299,5476,1,,
52,1491,6,201,5476,1,,
458,695,5,326,5484,1,,
264,90,1,333,5490,1,,
398,716,12,283,5495,1,,
368,357,8,326,5503,1,,
128,141,8,322,5507,1,,
441,332,7,-45,5512,1,,
326,520,8,283,5536,1,,
467,863,2,299,5547,1,,
363,200,8,322,5548,1,,
257,233,11,136,5551,1,,
474,973,8,136,5563,1,,
361,11,3,-12,5570,1,,
447,460,12,281,5574,1,,
447,476,8,329,5574,1,,
366,357,11,272,5578,1,,
360,60,4,315,5581,1,,
266,103,4,283,5588,1,,
466,849,8,272,5590,1,,
0,9,10,334,5600,1,,
155,1577,3,322,5613,1,,
258,471,10,308,5616,1,,
348,678,5,336,5621,1,,
437,164,4,128,5628,1,,
299,15,2,336,5635,1,,
443,385,6,201,5642,1,,
443,385,6,-19,5642,1,,
443,370,10,-12,5642,1,,
443,365,4,201,5642,1,,
267,103,6,310,5642,1,,
267,33,8,310,5642,1,,
443,-1,-1,-999,5642,2,v14_piggyback,2.0,5642,0
449,506,6,136,5651,1,,
199,149,2,283,5666,1,,
282,27,5,136,5669,1,,
282,470,8,236,5669,1,,
469,903,2,283,5672,1,,
289,36,2,304,5676,1,,
289,2,3,304,5676,1,,
391,316,9,236,5693,1,,
391,309,9,143,5693,1,,
465,822,1,203,5698,1,,
312,483,12,270,5700,1,,
114,1343,10,308,5707,1,,
273,278,5,274,5708,1,,
392,352,9,226,5720,1,,
2,30,12,270,5725,1,,
121,1386,4,270,5732,1,,
411,112,1,315,5738,1,,
286,2299,2,248,5743,1,,
412,101,8,143,5743,1,,
412,106,7,143,5743,1,,
298,54,1,270,5751,1,,
285,211,7,143,5754,1,,
364,121,8,310,5765,1,,
288,27,10,270,5766,1,,
473,958,10,270,5780,1,,
256,411,6,226,5789,1,,
467,859,12,307,5797,1,,
409,84,6,310,5812,1,,
224,1965,4,313,5815,1,,
441,323,1,270,5818,1,,
446,454,4,254,5822,1,,
447,468,7,226,5828,1,,
225,301,7,321,5833,1,,
200,165,8,313,5845,1,,
437,164,4,254,5855,1,,
306,361,6,285,5859,1,,
417,225,6,310,5863,1,,
199,144,8,319,5867,1,,
423,444,6,226,5872,1,,
376,846,5,319,5875,1,,
162,10,4,257,5880,1,,
410,70,6,342,5881,1,,
320,61,6,226,5895,1,,
78,58,6,236,5905,1,,
440,288,4,285,5911,1,,
283,2,2,285,5915,1,,
367,2720,2,257,5920,1,,
41,5,2,257,5929,1,,
469,889,10,185,5931,1,,
307,376,5,308,5939,1,,
229,123,6,293,5940,1,,
188,184,6,293,5949,1,,
110,1325,6,236,5954,1,,
439,265,5,288,5962,1,,
158,65,11,302,5974,1,,
411,106,12,248,5976,1,,
411,112,8,254,5976,1,,
466,840,5,226,5981,1,,
425,571,7,302,5986,1,,
10,1957,2,308,5989,1,,
10,19,2,300,5989,1,,
443,385,2,-19,6008,1,,
443,382,8,304,6008,1,,
443,374,7,274,6008,1,,
395,619,10,335,6022,1,,
289,128,5,302,6031,1,,
371,670,3,38,6032,1,,
192,104,4,346,6039,1,,
124,1401,4,272,6042,1,,
311,2428,2,361,6043,1,,
409,74,8,300,6053,1,,
273,243,8,361,6057,1,,
18,1311,2,310,6059,1,,
473,970,4,282,6062,1,,
473,960,8,257,6062,1,,
374,834,7,361,6067,1,,
163,10,2,361,6072,1,,
344,2602,4,38,6079,1,,
441,332,6,257,6081,1,,
86,8,11,351,6088,1,,
412,106,8,351,6100,1,,
412,-1,-1,-999,6100,2,v14_piggyback,3.0,6100,0
453,586,5,302,6106,1,,
115,1348,4,351,6107,1,,
442,364,4,302,6113,1,,
288,20,4,197,6139,1,,
358,2682,3,302,6144,1,,
338,202,10,251,6156,1,,
338,85,12,192,6156,1,,
0,28,9,364,6165,1,,
410,96,9,362,6169,1,,
440,314,2,253,6170,1,,
385,55,2,335,6175,1,,
340,304,8,66,6181,1,,
11,1917,4,253,6185,1,,
361,11,7,13,6192,1,,
361,69,5,13,6192,1,,
384,18,8,66,6193,1,,
191,1776,3,335,6197,1,,
359,49,10,348,6211,1,,
443,384,10,335,6211,1,,
486,1182,8,209,6222,1,,
407,66,12,13,6228,1,,
482,1122,10,209,6236,1,,
386,168,8,192,6240,1,,
1,30,4,209,6255,1,,
1,9,10,317,6255,1,,
411,106,8,364,6273,1,,
474,971,7,66,6273,1,,
286,2,8,355,6283,1,,
162,10,8,348,6285,1,,
242,59,12,317,6289,1,,
233,2013,4,192,6297,1,,
233,123,4,348,6297,1,,
2,46,8,370,6301,1,,
408,56,6,356,6301,1,,
457,667,7,251,6307,1,,
173,153,6,13,6311,1,,
93,13,6,348,6316,1,,
409,76,4,364,6327,1,,
409,87,6,364,6327,1,,
409,92,10,209,6327,1,,
102,13,4,317,6338,1,,
102,1272,3,317,6338,1,,
215,83,2,38,6341,1,,
215,83,4,192,6341,1,,
459,701,6,13,6358,1,,
332,780,6,251,6359,1,,
323,2491,4,370,6359,1,,
161,1606,4,356,6367,1,,
360,49,6,209,6368,1,,
3,28,5,355,6375,1,,
145,1524,5,355,6383,1,,
441,340,5,197,6393,1,,
479,1083,6,348,6398,1,,
410,76,10,251,6422,1,,
410,93,4,192,6422,1,,
322,0,12,324,6422,1,,
410,-1,-1,-999,6422,2,v14_piggyback,2.0,6422,0
387,120,6,348,6431,1,,
318,527,4,355,6432,1,,
269,2207,3,13,6439,1,,
440,314,10,209,6439,1,,
440,295,2,320,6439,1,,
440,-1,-1,-999,6439,2,v14_piggyback,2.0,6439,0
383,32,4,371,6446,1,,
134,1456,4,320,6446,1,,
384,34,5,251,6454,1,,
224,1964,3,317,6462,1,,
452,577,6,251,6463,1,,
424,2966,2,371,6484,1,,
51,4,3,66,6487,1,,
412,111,7,249,6492,1,,
412,106,2,364,6492,1,,
418,241,5,362,6497,1,,
290,2319,3,370,6498,1,,
234,131,2,330,6503,1,,
443,382,8,283,6509,1,,
97,1244,1,318,6511,1,,
451,548,2,317,6512,1,,
306,361,4,362,6515,1,,
191,1776,2,318,6516,1,,
405,2884,3,317,6518,1,,
50,88,6,365,6529,1,,
310,2423,2,209,6568,1,,
189,1766,2,348,6569,1,,
180,224,10,377,6572,1,,
275,2242,1,302,6576,1,,
229,1993,2,66,6586,1,,
409,76,2,251,6599,1,,
409,68,2,192,6599,1,,
169,139,11,381,6611,1,,
102,1270,6,370,6611,1,,
457,660,2,354,6613,1,,
468,879,3,381,6620,1,,
305,212,10,367,6625,1,,
411,105,3,381,6626,1,,
413,133,1,335,6629,1,,
413,-1,-1,-999,6629,2,v14_piggyback,3.0,6629,0
77,47,8,367,6640,1,,
163,10,10,369,6644,1,,
256,233,4,369,6651,1,,
404,1035,10,183,6654,1,,
322,2484,3,348,6654,1,,
253,2120,2,192,6659,1,,
414,135,10,378,6670,1,,
269,2210,2,66,6672,1,,
139,43,1,348,6682,1,,
230,118,6,323,6685,1,,
299,124,10,323,6699,1,,
320,213,3,323,6705,1,,
438,3027,1,390,6729,1,,
455,630,2,184,6735,1,,
300,15,10,350,6741,1,,
408,1208,6,390,6747,1,,
177,1698,2,378,6757,1,,
177,75,12,402,6757,1,,
415,169,12,350,6760,1,,
407,48,6,343,6764,1,,
383,21,3,369,6768,1,,
383,2789,4,369,6768,1,,
450,526,10,401,6776,1,,
2,37,9,378,6781,1,,
449,512,5,343,6782,1,,
231,123,8,350,6788,1,,
412,99,10,197,6795,1,,
264,923,2,381,6810,1,,
264,33,8,402,6810,1,,
451,558,11,327,6813,1,,
451,554,8,323,6813,1,,
128,116,10,385,6815,1,,
397,643,6,385,6825,1,,
301,57,8,401,6825,1,,
471,928,10,349,6827,1,,
56,1659,3,369,6838,1,,
56,9,4,349,6838,1,,
162,10,1,385,6842,1,,
254,383,8,349,6859,1,,
440,307,8,323,6862,1,,
468,882,7,263,6872,1,,
368,338,10,405,6881,1,,
368,447,10,403,6881,1,,
288,2,6,378,6884,1,,
364,322,5,263,6894,1,,
371,723,11,405,6896,1,,
283,128,8,244,6897,1,,
448,494,7,345,6907,1,,
140,43,10,405,6910,1,,
321,91,7,244,6918,1,,
163,126,8,405,6922,1,,
488,1203,7,244,6928,1,,
372,650,8,404,6934,1,,
416,182,7,345,6941,1,,
416,161,2,244,6941,1,,
414,154,9,263,6948,1,,
460,724,4,345,6958,1,,
386,132,6,350,6967,1,,
135,1461,4,263,6973,1,,
86,47,4,403,6977,1,,
86,347,2,393,6977,1,,
86,24,7,393,6977,1,,
411,97,4,378,6980,1,,
457,661,4,349,6987,1,,
408,56,8,393,6989,1,,
181,1726,3,323,6991,1,,
305,346,3,406,7001,1,,
199,223,9,393,7002,1,,
413,145,11,417,7007,1,,
413,-1,-1,-999,7008,2,v14_piggyback,3.0,7007,1
158,151,6,393,7016,1,,
129,39,4,393,7023,1,,
322,2486,4,184,7034,1,,
450,531,6,402,7036,1,,
360,2691,2,323,7040,1,,
432,931,6,417,7046,1,,
254,2126,2,79,7051,1,,
455,636,4,301,7062,1,,
471,925,9,171,7064,1,,
469,886,4,369,7071,1,,
149,1544,2,401,7071,1,,
24,1646,1,323,7080,1,,
300,2369,2,331,7091,1,,
200,165,4,408,7092,1,,
282,2277,2,171,7099,1,,
389,2816,1,323,7103,1,,
440,290,8,385,7103,1,,
291,563,3,404,7119,1,,
229,95,4,393,7127,1,,
207,1862,2,372,7143,1,,
390,247,7,400,7146,1,,
431,893,1,119,7149,1,,
288,2,6,400,7155,1,,
448,497,2,378,7161,1,,
264,496,10,421,7169,1,,
361,11,8,409,7181,1,,
201,81,10,123,7183,1,,
139,43,8,421,7197,1,,
290,412,10,123,7198,1,,
412,2912,3,393,7205,1,,
162,10,4,421,7218,1,,
321,0,1,410,7218,1,,
341,304,5,123,7228,1,,
341,2590,2,123,7228,1,,
286,36,10,421,7232,1,,
1,22,10,418,7242,1,,
470,913,2,408,7249,1,,
40,29,8,427,7254,1,,
92,3245,2,49,7255,1,,
388,198,4,410,7261,1,,
292,563,3,359,7275,1,,
292,291,10,359,7275,1,,
323,61,8,427,7276,1,,
391,245,10,205,7279,1,,
384,32,4,427,7292,1,,
179,294,4,359,7292,1,,
457,667,5,359,7301,1,,
457,-1,-1,-999,7301,2,v14_piggyback,2.0,7301,0
343,538,6,418,7314,1,,
306,366,10,205,7316,1,,
293,563,3,387,7332,1,,
293,336,7,212,7332,1,,
301,78,6,205,7338,1,,
301,152,10,383,7338,1,,
432,887,7,372,7340,1,,
432,901,9,410,7340,1,,
432,892,4,418,7340,1,,
337,6,10,387,7346,1,,
452,577,6,422,7349,1,,
0,46,8,205,7349,1,,
474,983,9,205,7362,1,,
39,44,7,422,7365,1,,
111,1330,6,383,7374,1,,
111,1,2,392,7374,1,,
362,60,1,400,7384,1,,
362,69,6,383,7384,1,,
426,550,8,387,7387,1,,
426,-1,-1,-999,7387,2,v14_piggyback,3.0,7387,0
433,936,4,11,7399,1,,
433,916,12,389,7399,1,,
332,780,12,382,7403,1,,
284,2,6,383,7406,1,,
284,77,10,392,7406,1,,
448,489,7,123,7414,1,,
389,208,10,92,7420,1,,
439,253,10,389,7430,1,,
439,-1,-1,-999,7430,2,v14_piggyback,2.0,7430,0
375,969,7,92,7438,1,,
451,557,6,205,7447,1,,
385,31,6,389,7456,1,,
413,122,6,382,7465,1,,
413,-1,-1,-999,7465,2,v14_piggyback,3.0,7465,0
109,8,5,382,7474,1,,
109,1,1,419,7474,1,,
416,187,4,422,7475,1,,
257,296,3,427,7484,1,,
425,550,3,387,7486,1,,
425,536,5,419,7486,1,,
412,106,9,383,7489,1,,
14,2499,4,11,7496,1,,
113,177,4,382,7504,1,,
324,0,6,92,7515,1,,
205,1852,2,418,7521,1,,
280,278,4,212,7521,1,,
440,292,2,369,7526,1,,
394,528,3,212,7529,1,,
418,2941,3,387,7537,1,,
407,56,4,392,7540,1,,
414,158,2,422,7549,1,,
434,990,8,275,7561,1,,
173,1680,3,419,7571,1,,
408,1151,8,420,7582,1,,
408,1129,6,420,7582,1,,
488,1212,4,394,7589,1,,
182,1728,2,422,7593,1,,
462,769,4,392,7596,1,,
200,1827,3,375,7611,1,,
442,360,4,205,7614,1,,
334,2552,2,33,7614,1,,
444,409,3,383,7644,1,,
432,931,7,420,7655,1,,
201,1830,3,49,7655,1,,
0,28,2,387,7662,1,,
415,155,8,448,7666,1,,
128,1,2,447,7670,1,,
211,1885,2,448,7671,1,,
411,108,9,420,7672,1,,
384,17,2,382,7677,1,,
433,3002,3,33,7677,1,,
258,2148,2,448,7681,1,,
445,426,4,392,7682,1,,
256,587,2,421,7689,1,,
485,1163,10,179,7708,1,,
438,3028,2,419,7715,1,,
315,2449,2,212,7722,1,,
192,104,10,435,7723,1,,
417,232,2,420,7732,1,,
480,1096,8,443,7734,1,,
447,481,2,382,7740,1,,
419,239,7,435,7745,1,,
410,97,7,455,7761,1,,
428,2981,2,200,7783,1,,
59,1755,1,420,7790,1,,
457,667,1,359,7791,1,,
85,8,6,443,7793,1,,
129,115,4,437,7810,1,,
462,769,1,359,7821,1,,
286,2300,2,200,7824,1,,
435,3012,2,437,7828,1,,
440,307,8,435,7832,1,,
440,292,8,443,7832,1,,
440,-1,-1,-999,7832,2,v14_piggyback,2.0,7832,0
182,1729,8,179,7843,1,,
385,42,12,460,7847,1,,
414,158,2,443,7852,1,,
414,143,4,179,7852,1,,
386,55,10,433,7863,1,,
420,263,8,397,7864,1,,
418,239,4,357,7871,1,,
313,712,5,442,7874,1,,
109,1317,2,397,7887,1,,
109,3,9,453,7887,1,,
224,181,10,332,7889,1,,
473,970,10,460,7890,1,,
360,11,6,332,7898,1,,
38,63,11,332,7913,1,,
361,12,10,141,7932,1,,
173,1679,2,397,7941,1,,
173,153,9,453,7941,1,,
126,110,4,433,7942,1,,
126,1,11,391,7942,1,,
126,116,10,391,7942,1,,
429,758,9,141,7948,1,,
421,303,8,391,7954,1,,
449,513,10,453,7955,1,,
39,63,8,141,7961,1,,
485,1173,8,458,7967,1,,
136,147,6,460,7972,1,,
136,1474,7,459,7972,1,,
299,54,8,141,7975,1,,
467,862,10,453,7981,1,,
413,137,5,397,7995,1,,
413,-1,-1,-999,7996,2,v14_piggyback,3.0,7995,1
416,195,8,340,7998,1,,
156,703,4,428,8004,1,,
156,1578,4,411,8004,1,,
445,426,1,423,8012,1,,
445,413,7,412,8012,1,,
447,457,5,460,8020,1,,
447,468,7,459,8020,1,,
447,-1,-1,-999,8020,2,v14_piggyback,1.0,8020,0
459,708,4,397,8026,1,,
417,226,8,433,8032,1,,
216,83,12,338,8043,1,,
446,450,8,428,8044,1,,
444,410,3,458,8049,1,,
443,370,8,459,8056,1,,
363,254,4,340,8065,1,,
363,172,10,395,8065,1,,
425,532,4,433,8066,1,,
425,571,3,391,8066,1,,
292,2328,2,453,8070,1,,
364,200,4,453,8080,1,,
293,569,2,179,8094,1,,
388,120,6,391,8098,1,,
109,1318,9,446,8107,1,,
477,1036,8,338,8109,1,,
437,179,3,179,8112,1,,
422,358,6,411,8116,1,,
301,15,6,340,8119,1,,
418,225,7,332,8129,1,,
323,0,6,141,8138,1,,
52,4,6,391,8143,1,,
458,693,6,141,8152,1,,
410,86,5,391,8156,1,,
455,636,5,395,8160,1,,
438,248,2,179,8165,1,,
438,-1,-1,-999,8165,2,v14_piggyback,2.0,8165,0
412,2915,2,458,8169,1,,
481,1098,5,391,8177,1,,
322,0,2,391,8186,1,,
440,307,3,435,8186,1,,
361,2697,4,340,8189,1,,
439,253,2,389,8203,1,,
147,1532,11,35,8209,1,,
338,100,3,442,8216,1,,
427,683,4,340,8216,1,,
202,1837,2,391,8222,1,,
197,1811,1,368,8230,1,,
387,176,3,451,8239,1,,
290,336,7,445,8242,1,,
445,423,7,395,8252,1,,
445,419,8,237,8252,1,,
199,149,11,464,8257,1,,
86,8,5,454,8262,1,,
465,830,10,237,8266,1,,
42,82,9,337,8276,1,,
324,389,8,237,8283,1,,
294,569,2,454,8290,1,,
417,203,9,35,8296,1,,
337,6,9,337,8305,1,,
467,855,8,446,8313,1,,
467,869,6,368,8313,1,,
43,1266,11,306,8320,1,,
378,1041,8,35,8321,1,,
134,107,7,454,8324,1,,
411,93,3,432,8327,1,,
411,-1,-1,-999,8327,2,v14_piggyback,1.0,8327,0
452,561,8,306,8332,1,,
94,1222,4,338,8333,1,,
463,793,5,380,8347,1,,
339,6,8,306,8365,1,,
360,12,2,141,8365,1,,
424,532,2,480,8371,1,,
437,186,7,391,8375,1,,
458,693,6,35,8387,1,,
135,130,6,480,8389,1,,
200,165,7,306,8395,1,,
412,111,8,454,8401,1,,
441,332,2,237,8401,1,,
323,0,8,303,8412,1,,
128,39,1,477,8419,1,,
340,136,10,488,8435,1,,
446,438,2,480,8441,1,,
93,13,8,303,8444,1,,
93,3,6,309,8444,1,,
285,77,3,488,8452,1,,
285,20,4,488,8452,1,,
445,425,9,474,8459,1,,
445,429,2,309,8459,1,,
413,122,6,464,8461,1,,
413,-1,-1,-999,8461,2,v14_piggyback,3.0,8461,0
409,68,6,488,8470,1,,
418,215,9,309,8480,1,,
201,165,9,488,8483,1,,
475,1010,12,309,8497,1,,
256,411,1,416,8500,1,,
296,2349,2,416,8506,1,,
158,43,1,439,8512,1,,
158,1588,3,337,8512,1,,
146,1526,7,303,8512,1,,
241,284,7,424,8516,1,,
438,248,2,179,8521,1,,
461,748,8,309,8524,1,,
95,13,6,337,8528,1,,
463,796,3,106,8545,1,,
395,639,3,337,8560,1,,
419,272,2,488,8566,1,,
421,329,2,306,8570,1,,
450,535,7,303,8570,1,,
229,400,5,466,8579,1,,
444,394,8,473,8582,1,,
242,2063,2,460,8587,1,,
96,13,4,457,8596,1,,
96,13,6,473,8596,1,,
94,13,8,502,8610,1,,
276,2246,2,306,8611,1,,
134,1456,11,380,8613,1,,
414,148,6,457,8619,1,,
340,2581,2,384,8622,1,,
238,157,8,374,8625,1,,
417,226,6,500,8629,1,,
396,603,6,507,8631,1,,
15,3233,3,309,8645,1,,
15,3,9,501,8645,1,,
460,740,1,306,8651,1,,
468,870,6,484,8654,1,,
341,304,6,473,8654,1,,
418,226,6,500,8663,1,,
250,284,2,478,8672,1,,
250,306,3,501,8672,1,,
456,644,5,457,8680,1,,
273,278,12,438,8683,1,,
438,248,4,416,8689,1,,
446,442,5,477,8717,1,,
446,441,8,424,8717,1,,
119,1373,6,484,8726,1,,
0,28,8,498,8738,1,,
397,570,12,441,8741,1,,
461,751,8,457,8746,1,,
40,29,9,498,8751,1,,
200,1824,4,303,8758,1,,
274,243,12,426,8759,1,,
1,19,6,489,8760,1,,
322,0,2,426,8763,1,,
389,208,4,503,8770,1,,
353,774,8,489,8772,1,,
454,602,2,303,8776,1,,
475,1010,6,489,8781,1,,
181,104,8,503,8782,1,,
445,429,2,457,8785,1,,
394,478,9,503,8795,1,,
304,2389,1,309,8795,1,,
450,517,2,441,8799,1,,
393,472,3,440,8811,1,,
355,774,12,59,8812,1,,
392,456,8,452,8826,1,,
96,1235,10,478,8835,1,,
412,122,9,-85,8845,1,,
77,47,5,512,8846,1,,
417,219,2,487,8847,1,,
2,28,8,-85,8866,1,,
2,51,7,-85,8866,1,,
438,238,4,391,8879,1,,
388,199,9,467,8892,1,,
456,653,9,344,8899,1,,
456,654,11,94,8899,1,,
120,1,6,109,8902,1,,
120,141,6,515,8902,1,,
120,45,9,514,8902,1,,
120,89,8,514,8902,1,,
3,46,3,512,8905,1,,
164,10,6,467,8914,1,,
369,447,11,109,8918,1,,
483,1139,8,467,8926,1,,
439,268,6,463,8929,1,,
338,100,8,-85,8930,1,,
302,152,6,463,8938,1,,
358,11,9,-85,8945,1,,
415,161,8,463,8950,1,,
0,19,6,463,8959,1,,
142,1503,10,514,8961,1,,
87,8,6,463,8968,1,,
308,458,2,341,8978,1,,
446,443,6,484,8983,1,,
446,442,8,498,8983,1,,
285,77,10,479,8992,1,,
153,16,12,465,8995,1,,
107,1304,8,109,8996,1,,
339,287,4,465,9002,1,,
306,393,3,486,9007,1,,
283,77,7,109,9009,1,,
288,20,4,463,9014,1,,
409,74,6,109,9021,1,,
256,411,4,465,9030,1,,
475,993,7,109,9040,1,,
159,269,8,476,9042,1,,
440,281,6,479,9044,1,,
454,624,9,431,9056,1,,
393,352,5,487,9061,1,,
393,352,9,483,9061,1,,
257,259,6,476,9070,1,,
53,4,6,476,9088,1,,
53,44,7,339,9088,1,,
411,112,6,109,9091,1,,
472,942,10,413,9093,1,,
478,1070,6,-85,9100,1,,
61,7,12,234,9122,1,,
54,4,6,509,9122,1,,
54,3,8,509,9122,1,,
363,200,5,-85,9125,1,,
423,474,4,-85,9132,1,,
453,590,10,234,9136,1,,
418,235,10,509,9136,1,,
242,64,5,479,9144,1,,
438,204,10,-85,9146,1,,
289,38,5,413,9152,1,,
448,486,5,234,9160,1,,
268,2202,4,463,9167,1,,
484,1149,6,358,9181,1,,
410,70,10,504,9195,1,,
483,1128,8,341,9198,1,,
483,1146,5,339,9198,1,,
483,1131,8,339,9198,1,,
422,402,4,358,9205,1,,
200,149,10,509,9212,1,,
156,1581,4,-85,9218,1,,
215,23,8,509,9223,1,,
467,856,4,-85,9225,1,,
392,352,6,509,9233,1,,
439,255,4,234,9234,1,,
386,127,3,479,9240,1,,
362,156,4,509,9243,1,,
267,2198,3,463,9254,1,,
267,183,3,450,9254,1,,
258,587,8,527,9255,1,,
223,1960,4,234,9261,1,,
441,328,3,109,9263,1,,
441,-1,-1,-999,9264,2,v14_piggyback,1.0,9263,1
383,17,6,532,9272,1,,
383,34,6,532,9272,1,,
129,1431,3,234,9273,1,,
416,167,2,515,9273,1,,
450,525,2,-85,9284,1,,
55,1614,4,267,9286,1,,
55,4,6,436,9286,1,,
420,302,2,-85,9302,1,,
488,1209,12,436,9302,1,,
201,149,10,436,9316,1,,
454,606,10,526,9320,1,,
53,1501,4,59,9339,1,,
257,2139,4,463,9342,1,,
364,156,10,532,9345,1,,
411,98,6,510,9348,1,,
440,295,6,413,9351,1,,
412,108,6,544,9357,1,,
449,500,3,526,9364,1,,
302,2383,2,312,9369,1,,
452,3090,3,526,9382,1,,
403,964,2,489,9383,1,,
158,192,5,544,9398,1,,
421,293,6,436,9398,1,,
423,402,2,358,9402,1,,
407,66,4,532,9405,1,,
153,1567,2,544,9408,1,,
442,349,5,436,9413,1,,
442,-1,-1,-999,9413,2,v14_piggyback,2.0,9413,0
273,275,2,436,9419,1,,
273,923,2,436,9419,1,,
0,22,1,520,9420,1,,
328,2518,4,436,9426,1,,
410,97,7,544,9443,1,,
204,1848,2,234,9445,1,,
467,860,4,413,9452,1,,
120,1380,4,532,9463,1,,
384,52,3,353,9469,1,,
413,133,8,461,9471,1,,
413,-1,-1,-999,9472,2,v14_piggyback,3.0,9471,1
288,2,3,522,9480,1,,
401,811,8,461,9483,1,,
127,1420,8,461,9495,1,,
2,22,8,557,9509,1,,
408,56,3,471,9509,1,,
450,539,6,544,9515,1,,
443,379,6,461,9528,1,,
488,1214,11,353,9529,1,,
439,257,3,476,9535,1,,
483,1130,6,-85,9537,1,,
382,17,5,495,9543,1,,
261,327,10,414,9548,1,,
414,143,6,513,9559,1,,
1,41,11,549,9563,1,,
265,183,6,549,9572,1,,
192,191,6,414,9582,1,,
449,500,2,529,9587,1,,
275,243,4,461,9587,1,,
133,703,2,353,9613,1,,
193,67,6,556,9616,1,,
457,665,2,562,9617,1,,
454,611,10,339,9640,1,,
445,429,1,532,9643,1,,
241,193,2,527,9648,1,,
412,125,8,562,9653,1,,
441,328,5,109,9661,1,,
383,17,1,495,9664,1,,
338,136,1,552,9666,1,,
452,574,10,522,9668,1,,
452,560,7,557,9668,1,,
385,72,11,494,9683,1,,
229,276,11,518,9686,1,,
299,78,1,-85,9687,1,,
182,67,7,429,9694,1,,
183,67,10,494,9708,1,,
127,1421,12,366,9716,1,,
174,1684,4,555,9719,1,,
153,1566,9,414,9721,1,,
442,349,5,436,9727,1,,
450,533,7,562,9729,1,,
215,83,5,429,9731,1,,
482,3219,2,429,9737,1,,
0,2609,2,429,9749,1,,
205,1850,2,494,9755,1,,
273,230,9,570,9757,1,,
273,275,10,570,9757,1,,
286,2299,2,429,9759,1,,
384,42,10,456,9773,1,,
443,375,12,552,9775,1,,
422,414,4,570,9782,1,,
294,2337,2,570,9789,1,,
386,53,4,567,9791,1,,
290,404,9,564,9804,1,,
164,10,10,567,9805,1,,
389,264,9,542,9818,1,,
387,55,9,542,9844,1,,
387,171,10,542,9844,1,,
441,331,6,554,9861,1,,
441,342,10,570,9861,1,,
410,93,7,542,9861,1,,
410,92,6,543,9861,1,,
184,294,6,517,9862,1,,
184,67,8,497,9862,1,,
200,149,8,542,9873,1,,
162,16,6,456,9880,1,,
162,14,7,497,9880,1,,
230,123,8,542,9887,1,,
201,260,8,517,9892,1,,
282,434,4,505,9898,1,,
282,677,12,505,9898,1,,
388,188,12,543,9906,1,,
242,163,7,505,9911,1,,
47,1357,11,415,9924,1,,
128,115,7,505,9924,1,,
179,294,5,524,9925,1,,
179,10,7,524,9925,1,,
179,126,11,524,9925,1,,
168,139,8,415,9937,1,,
250,59,10,266,9940,1,,
27,19,3,456,9947,1,,
27,30,12,524,9947,1,,
27,1802,2,524,9947,1,,
445,428,7,555,9950,1,,
440,281,10,540,9956,1,,
440,-1,-1,-999,9956,2,v14_piggyback,3.0,9956,0
382,18,10,34,9961,1,,
472,940,8,524,9973,1,,
450,531,8,560,9985,1,,
450,-1,-1,-999,9986,2,v14_piggyback,1.0,9985,1
363,172,9,524,9986,1,,
378,1020,4,505,9998,1,,
378,1047,2,540,9998,1,,
449,513,9,524,9999,1,,
199,223,7,492,10013,1,,
109,1,10,524,10013,1,,
459,721,6,373,10023,1,,
215,23,8,34,10025,1,,
248,157,7,492,10026,1,,
442,354,12,571,10040,1,,
129,110,6,542,10049,1,,
243,59,3,575,10054,1,,
243,59,7,328,10054,1,,
385,53,4,373,10056,1,,
415,154,7,517,10059,1,,
411,96,6,523,10066,1,,
285,2,7,456,10069,1,,
464,810,11,328,10072,1,,
410,86,6,373,10082,1,,
160,1603,4,523,10089,1,,
441,320,4,328,10111,1,,
441,320,11,540,10111,1,,
161,1606,2,542,10121,1,,
161,170,8,592,10121,1,,
443,370,4,571,10129,1,,
412,125,6,524,10130,1,,
480,1090,7,34,10141,1,,
439,268,8,537,10142,1,,
11,2231,4,415,10155,1,,
386,80,6,505,10156,1,,
400,773,6,492,10168,1,,
106,1296,6,456,10175,1,,
438,216,6,575,10186,1,,
475,1004,5,34,10195,1,,
421,341,4,517,10202,1,,
445,416,10,523,10211,1,,
458,682,6,497,10211,1,,
389,208,3,415,10217,1,,
185,1745,3,328,10221,1,,
135,1460,4,517,10223,1,,
46,1329,1,-20,10228,1,,
218,1927,3,266,10229,1,,
451,552,4,456,10237,1,,
320,61,1,575,10246,1,,
109,1318,9,545,10257,1,,
257,2139,3,456,10263,1,,
271,2222,1,537,10274,1,,
310,2423,3,456,10276,1,,
42,44,9,580,10286,1,,
42,5,6,57,10286,1,,
179,1711,4,580,10293,1,,
183,1734,3,198,10293,1,,
152,1561,11,57,10308,1,,
486,1179,9,57,10321,1,,
128,116,2,57,10325,1,,
410,74,10,456,10330,1,,
139,43,9,600,10338,1,,
443,374,6,517,10339,1,,
440,281,1,540,10341,1,,
440,311,6,492,10341,1,,
247,2086,3,524,10345,1,,
323,0,6,578,10347,1,,
442,356,3,524,10351,1,,
205,1853,2,34,10358,1,,
158,50,10,578,10368,1,,
158,151,5,578,10368,1,,
313,652,9,157,10374,1,,
450,531,2,560,10388,1,,
450,539,6,537,10388,1,,
438,238,4,585,10397,1,,
61,7,8,594,10399,1,,
162,126,4,578,10409,1,,
66,1943,1,524,10410,1,,
395,570,8,157,10412,1,,
193,228,6,157,10423,1,,
53,4,12,587,10439,1,,
371,596,11,157,10441,1,,
65,1938,2,159,10442,1,,
165,10,5,597,10448,1,,
355,876,4,536,10449,1,,
291,563,1,429,10452,1,,
270,2216,3,289,10457,1,,
270,162,7,289,10457,1,,
451,541,3,536,10461,1,,
384,32,4,157,10466,1,,
10,1316,1,34,10476,1,,
261,327,8,444,10480,1,,
0,3,8,611,10492,1,,
314,564,8,444,10494,1,,
129,110,8,594,10503,1,,
192,113,4,587,10510,1,,
77,7,8,347,10511,1,,
77,47,5,347,10511,1,,
199,81,6,347,10523,1,,
130,1,10,591,10524,1,,
439,274,5,597,10533,1,,
284,2,4,587,10539,1,,
161,1612,3,496,10545,1,,
386,72,8,347,10547,1,,
458,684,2,580,10564,1,,
324,0,4,347,10566,1,,
324,-1,-1,-999,10567,2,v14_piggyback,2.0,10566,1
443,384,6,57,10573,1,,
194,184,6,610,10574,1,,
194,228,6,589,10574,1,,
440,281,11,157,10589,1,,
479,1071,9,144,10602,1,,
131,614,3,347,10611,1,,
131,89,8,563,10611,1,,
131,45,10,616,10611,1,,
131,1438,2,616,10611,1,,
433,995,10,589,10616,1,,
1,2520,3,289,10627,1,,
1,3,4,444,10627,1,,
54,4,12,563,10634,1,,
54,5,5,563,10634,1,,
421,341,7,444,10640,1,,
78,58,7,589,10652,1,,
135,107,8,616,10654,1,,
135,39,7,619,10654,1,,
420,302,8,144,10666,1,,
387,168,12,563,10671,1,,
459,704,7,289,10679,1,,
472,940,2,613,10684,1,,
442,359,5,536,10689,1,,
442,356,6,616,10689,1,,
385,34,4,289,10692,1,,
385,53,2,539,10692,1,,
106,1301,2,613,10693,1,,
384,17,6,589,10703,1,,
419,289,7,595,10703,1,,
79,24,11,616,10712,1,,
79,58,5,546,10712,1,,
444,388,4,595,10729,1,,
288,27,3,595,10734,1,,
76,82,9,546,10737,1,,
76,129,8,506,10737,1,,
417,217,5,30,10754,1,,
313,2441,3,595,10760,1,,
451,554,8,347,10762,1,,
451,552,9,616,10762,1,,
461,755,12,546,10780,1,,
342,298,4,30,10781,1,,
342,310,12,618,10781,1,,
418,241,4,593,10788,1,,
432,3001,3,444,10790,1,,
432,936,10,622,10790,1,,
409,87,8,506,10795,1,,
290,2319,2,289,10803,1,,
290,336,4,144,10803,1,,
439,261,6,613,10808,1,,
439,251,6,595,10808,1,,
463,796,11,506,10812,1,,
422,341,6,602,10813,1,,
469,886,7,30,10818,1,,
438,238,5,157,10821,1,,
404,1002,8,546,10826,1,,
364,172,6,589,10830,1,,
386,127,7,506,10839,1,,
370,529,6,289,10840,1,,
128,89,5,589,10848,1,,
483,1135,5,289,10856,1,,
99,1255,1,30,10877,1,,
99,47,6,618,10877,1,,
397,666,4,289,10883,1,,
482,1118,6,506,10893,1,,
338,6,3,618,10901,1,,
289,38,4,619,10903,1,,
289,2312,2,546,10903,1,,
481,1102,4,539,10907,1,,
443,373,4,546,10910,1,,
282,36,4,289,10914,1,,
130,1435,6,469,10918,1,,
285,2,6,623,10919,1,,
246,2081,3,593,10924,1,,
444,394,4,30,10931,1,,
472,946,5,30,10939,1,,
405,978,9,533,10945,1,,
384,17,9,563,10958,1,,
384,-1,-1,-999,10958,2,v14_piggyback,4.0,10958,0
417,225,8,618,10961,1,,
414,158,2,30,10966,1,,
132,117,3,546,10971,1,,
369,452,11,633,10971,1,,
410,96,4,602,10981,1,,
247,2088,4,376,10989,1,,
431,2996,3,444,11003,1,,
342,2593,3,235,11005,1,,
87,8,8,645,11016,1,,
430,844,12,576,11022,1,,
52,1491,3,506,11027,1,,
267,209,2,589,11028,1,,
77,129,2,506,11034,1,,
469,886,8,584,11037,1,,
459,702,7,576,11038,1,,
27,1800,3,533,11040,1,,
243,2066,2,289,11043,1,,
483,1141,4,347,11047,1,,
129,1,6,576,11055,1,,
64,1936,2,144,11059,1,,
3,22,9,635,11064,1,,
256,383,9,629,11072,1,,
389,264,8,635,11088,1,,
99,1250,10,75,11091,1,,
339,298,10,641,11105,1,,
409,92,4,629,11109,1,,
390,242,10,628,11127,1,,
224,23,4,635,11134,1,,
340,6,9,649,11137,1,,
225,23,10,621,11150,1,,
470,920,10,641,11152,1,,
128,116,6,468,11161,1,,
257,306,4,625,11166,1,,
413,135,6,641,11170,1,,
413,-1,-1,-999,11170,2,v14_piggyback,3.0,11170,0
443,386,6,651,11176,1,,
120,1381,3,628,11184,1,,
391,208,6,579,11193,1,,
388,146,8,636,11194,1,,
388,168,10,647,11194,1,,
50,1427,3,629,11199,1,,
50,5,12,598,11199,1,,
446,433,7,649,11204,1,,
341,100,11,636,11219,1,,
115,1348,8,598,11220,1,,
115,110,8,598,11220,1,,
226,25,12,653,11233,1,,
363,119,8,70,11238,1,,
363,200,5,70,11238,1,,
481,1099,2,546,11238,1,,
111,1327,6,641,11238,1,,
111,8,8,647,11238,1,,
407,1132,10,70,11254,1,,
407,66,2,70,11254,1,,
70,2140,4,643,11255,1,,
304,2393,2,621,11260,1,,
130,39,6,516,11268,1,,
130,1433,11,528,11268,1,,
130,141,6,528,11268,1,,
104,1286,10,70,11269,1,,
123,45,4,70,11281,1,,
123,1396,4,499,11281,1,,
241,2055,2,347,11282,1,,
392,316,10,598,11296,1,,
342,85,12,574,11304,1,,
364,254,7,499,11312,1,,
364,69,5,140,11312,1,,
389,247,5,643,11314,1,,
314,2446,2,579,11321,1,,
414,135,5,647,11322,1,,
414,145,8,516,11322,1,,
253,587,7,598,11325,1,,
253,411,2,70,11325,1,,
419,246,1,647,11338,1,,
419,241,11,516,11338,1,,
290,336,8,140,11354,1,,
439,261,6,647,11354,1,,
439,274,5,528,11354,1,,
41,29,7,636,11366,1,,
300,54,11,572,11369,1,,
254,587,8,574,11378,1,,
365,322,6,572,11379,1,,
60,7,6,572,11388,1,,
463,794,8,574,11390,1,,
99,1252,4,628,11395,1,,
390,210,8,70,11410,1,,
1,3,10,670,11422,1,,
120,1382,3,643,11428,1,,
443,370,4,625,11429,1,,
443,371,2,140,11429,1,,
443,371,8,70,11429,1,,
443,-1,-1,-999,11429,2,v14_piggyback,2.0,11429,0
411,111,8,70,11441,1,,
412,122,7,528,11450,1,,
62,7,6,70,11450,1,,
140,1492,2,670,11453,1,,
115,1348,8,140,11462,1,,
115,-1,-1,-999,11462,2,v14_piggyback,1.0,11462,0
440,305,7,647,11463,1,,
371,673,7,528,11475,1,,
141,43,6,664,11478,1,,
282,20,6,140,11484,1,,
276,277,5,636,11488,1,,
276,2245,2,620,11488,1,,
163,14,6,499,11496,1,,
306,393,6,598,11505,1,,
134,130,10,668,11508,1,,
413,142,7,70,11526,1,,
413,-1,-1,-999,11526,2,v14_piggyback,3.0,11526,0
464,813,6,528,11530,1,,
302,2380,2,664,11531,1,,
326,530,6,140,11535,1,,
373,2748,2,572,11535,1,,
473,961,6,647,11541,1,,
479,1081,6,598,11552,1,,
437,180,1,579,11571,1,,
366,322,6,516,11576,1,,
142,43,5,647,11587,1,,
447,466,5,574,11597,1,,
147,1534,5,598,11599,1,,
365,2712,3,211,11609,1,,
267,209,4,651,11610,1,,
475,1007,4,528,11612,1,,
372,723,5,620,11622,1,,
410,92,5,629,11638,1,,
197,1813,3,574,11645,1,,
429,818,3,70,11646,1,,
363,220,10,674,11647,1,,
241,2055,3,516,11664,1,,
241,-1,-1,-999,11664,2,v14_piggyback,2.0,11664,0
239,2044,3,598,11670,1,,
101,1265,3,468,11672,1,,
199,144,3,625,11678,1,,
439,255,3,655,11680,1,,
417,217,2,625,11684,1,,
50,1427,2,499,11691,1,,
445,432,5,531,11693,1,,
343,2597,2,140,11713,1,,
384,21,3,531,11722,1,,
415,2928,2,576,11729,1,,
386,94,2,516,11736,1,,
435,1114,4,475,11741,1,,
443,370,2,625,11743,1,,
185,1746,3,574,11743,1,,
436,1142,7,531,11753,1,,
302,2381,2,639,11757,1,,
437,179,9,642,11771,1,,
464,819,5,531,11779,1,,
268,209,4,676,11786,1,,
321,0,1,676,11789,1,,
457,672,2,620,11795,1,,
171,1667,2,528,11801,1,,
298,2360,2,468,11808,1,,
115,1348,4,140,11814,1,,
488,1201,2,528,11815,1,,
264,33,10,644,11819,1,,
174,1685,2,468,11822,1,,
416,173,7,607,11827,1,,
300,57,6,644,11834,1,,
433,965,4,675,11838,1,,
447,457,7,632,11839,1,,
414,155,6,675,11861,1,,
414,-1,-1,-999,11862,2,v14_piggyback,3.0,11861,1
432,931,7,689,11878,1,,
460,738,3,644,11879,1,,
139,1486,1,528,11880,1,,
475,1006,4,70,11887,1,,
274,275,4,689,11896,1,,
401,811,7,678,11916,1,,
322,91,12,666,11919,1,,
413,135,4,647,11924,1,,
413,135,12,468,11924,1,,
413,122,4,528,11924,1,,
413,-1,-1,-999,11924,2,v14_piggyback,3.0,11924,0
366,351,9,634,11932,1,,
482,1113,10,666,11933,1,,
410,96,9,379,11946,1,,
434,1009,10,678,11948,1,,
323,61,12,379,11963,1,,
164,10,4,654,11963,1,,
442,344,12,547,11966,1,,
419,235,4,654,11981,1,,
165,126,4,379,11983,1,,
165,126,11,661,11983,1,,
379,1055,1,654,11996,1,,
391,309,2,675,11997,1,,
391,2822,2,547,11997,1,,
391,313,8,553,11997,1,,
258,296,12,661,11999,1,,
445,426,7,676,12010,1,,
443,386,6,643,12021,1,,
443,3048,2,664,12021,1,,
248,64,8,379,12033,1,,
367,351,9,547,12040,1,,
350,700,8,661,12045,1,,
402,897,10,553,12061,1,,
437,140,7,379,12070,1,,
407,56,8,686,12075,1,,
488,1212,3,683,12077,1,,
488,-1,-1,-999,12077,2,v14_piggyback,1.0,12077,0
289,2,6,379,12079,1,,
160,269,6,693,12088,1,,
411,97,2,675,12092,1,,
411,111,8,553,12092,1,,
411,-1,-1,-999,12092,2,v14_piggyback,1.0,12092,0
464,3139,4,634,12101,1,,
447,467,2,627,12104,1,,
447,476,6,548,12104,1,,
476,1018,5,678,12111,1,,
433,931,3,689,12133,1,,
433,1000,10,634,12133,1,,
360,11,10,631,12133,1,,
360,49,11,559,12133,1,,
460,726,3,547,12148,1,,
298,26,4,379,12152,1,,
448,486,4,379,12159,1,,
154,16,8,631,12169,1,,
154,16,12,559,12169,1,,
154,50,6,559,12169,1,,
417,203,2,547,12176,1,,
269,2209,4,559,12178,1,,
145,345,2,638,12184,1,,
343,377,6,559,12190,1,,
368,398,2,666,12193,1,,
442,349,11,686,12194,1,,
442,-1,-1,-999,12194,2,v14_piggyback,2.0,12194,0
101,1265,2,70,12201,1,,
90,8,8,559,12204,1,,
410,79,4,588,12221,1,,
410,87,7,596,12221,1,,
291,485,3,472,12227,1,,
408,48,4,559,12231,1,,
409,79,4,588,12240,1,,
352,589,12,360,12245,1,,
347,551,10,472,12260,1,,
465,825,2,582,12267,1,,
445,428,4,379,12281,1,,
445,423,4,673,12281,1,,
445,-1,-1,-999,12281,2,v14_piggyback,1.0,12281,0
174,1682,2,472,12295,1,,
444,410,10,590,12299,1,,
444,-1,-1,-999,12300,2,v14_piggyback,2.0,12299,1
393,472,6,682,12310,1,,
88,8,10,590,12316,1,,
100,1260,3,617,12318,1,,
416,189,4,707,12327,1,,
264,103,4,590,12338,1,,
264,90,11,221,12338,1,,
1,3,6,720,12348,1,,
1,41,8,720,12348,1,,
342,304,9,596,12358,1,,
342,310,4,221,12358,1,,
265,103,9,720,12367,1,,
265,33,3,720,12367,1,,
290,412,5,660,12369,1,,
326,451,12,221,12377,1,,
414,142,6,547,12378,1,,
386,171,4,660,12381,1,,
476,1028,9,617,12393,1,,
0,37,6,599,12394,1,,
447,460,8,559,12401,1,,
447,469,8,588,12401,1,,
266,90,4,599,12402,1,,
413,145,8,720,12407,1,,
413,-1,-1,-999,12407,2,v14_piggyback,3.0,12407,0
256,233,4,720,12416,1,,
165,10,10,599,12416,1,,
479,1079,10,221,12427,1,,
457,659,9,671,12433,1,,
257,259,8,671,12446,1,,
462,772,8,481,12454,1,,
448,494,8,612,12471,1,,
448,492,8,582,12471,1,,
448,-1,-1,-999,12471,2,v14_piggyback,2.0,12471,0
292,336,3,599,12481,1,,
407,48,2,599,12486,1,,
415,154,3,559,12494,1,,
415,167,6,221,12494,1,,
175,14,5,677,12505,1,,
175,153,6,677,12505,1,,
481,1101,8,698,12508,1,,
395,621,7,596,12520,1,,
2,46,6,677,12526,1,,
2,41,9,568,12526,1,,
258,306,2,599,12531,1,,
200,185,6,590,12532,1,,
3,28,6,684,12537,1,,
410,76,10,590,12548,1,,
101,1268,9,682,12555,1,,
76,62,6,698,12560,1,,
158,16,12,568,12563,1,,
158,151,3,568,12563,1,,
324,0,5,481,12570,1,,
324,-1,-1,-999,12570,2,v14_piggyback,2.0,12570,0
348,592,6,626,12574,1,,
276,461,4,590,12579,1,,
253,221,12,626,12593,1,,
396,621,8,626,12607,1,,
88,8,10,630,12623,1,,
466,838,12,724,12640,1,,
97,1239,8,687,12644,1,,
417,222,9,568,12656,1,,
420,302,4,559,12656,1,,
468,870,8,630,12658,1,,
442,360,4,559,12669,1,,
445,423,6,673,12671,1,,
445,429,3,568,12671,1,,
459,715,9,667,12673,1,,
52,1491,5,630,12684,1,,
216,23,1,588,12685,1,,
216,1912,3,588,12685,1,,
291,336,9,724,12686,1,,
440,288,8,630,12697,1,,
166,1641,8,577,12700,1,,
443,384,6,677,12712,1,,
461,761,3,588,12718,1,,
384,52,6,677,12729,1,,
384,21,5,577,12729,1,,
444,410,2,590,12739,1,,
444,403,12,481,12739,1,,
369,447,9,568,12744,1,,
426,550,3,596,12747,1,,
325,61,4,677,12756,1,,
325,2504,2,568,12756,1,,
456,642,2,481,12763,1,,
152,1558,4,568,12765,1,,
163,1623,2,596,12770,1,,
62,7,8,743,12776,1,,
138,1482,2,729,12777,1,,
402,2868,2,677,12783,1,,
402,2871,2,577,12783,1,,
252,2112,2,596,12784,1,,
407,40,6,630,12788,1,,
407,-1,-1,-999,12788,2,v14_piggyback,4.0,12788,0
481,1103,6,684,12825,1,,
437,140,2,559,12827,1,,
469,888,5,684,12835,1,,
165,10,5,626,12845,1,,
146,1529,2,221,12848,1,,
457,667,4,630,12854,1,,
105,1289,4,568,12855,1,,
140,43,4,722,12863,1,,
197,1809,4,568,12864,1,,
254,259,4,687,12873,1,,
367,2721,4,577,12883,1,,
450,3080,1,729,12894,1,,
390,2820,3,630,12897,1,,
190,184,8,694,12904,1,,
487,1187,4,626,12906,1,,
408,56,3,568,12923,1,,
425,547,4,630,12924,1,,
442,349,9,729,12925,1,,
459,715,1,631,12932,1,,
42,82,3,577,12935,1,,
466,845,2,577,12949,1,,
448,494,2,612,12960,1,,
293,2335,3,733,12964,1,,
445,421,4,577,12977,1,,
416,159,2,722,12987,1,,
241,284,9,745,13007,1,,
241,-1,-1,-999,13007,2,v14_piggyback,1.0,13007,0
280,2268,4,741,13007,1,,
440,311,1,667,13007,1,,
440,307,9,667,13007,1,,
252,2116,4,565,13015,1,,
424,519,9,605,13023,1,,
89,8,12,745,13025,1,,
299,124,2,667,13029,1,,
325,2502,3,525,13033,1,,
0,19,2,626,13036,1,,
437,140,7,725,13043,1,,
437,180,5,733,13043,1,,
362,172,3,626,13044,1,,
385,73,1,720,13058,1,,
298,26,3,735,13066,1,,
235,205,3,749,13075,1,,
235,131,6,749,13075,1,,
450,523,4,741,13076,1,,
447,3065,3,749,13083,1,,
236,131,7,740,13086,1,,
165,1630,2,396,13089,1,,
190,1771,1,63,13095,1,,
273,277,8,740,13097,1,,
227,25,10,761,13112,1,,
423,474,6,606,13124,1,,
443,382,7,713,13135,1,,
376,932,4,761,13138,1,,
487,1195,9,-29,13139,1,,
293,2333,3,742,13141,1,,
293,-1,-1,-999,13141,2,v14_piggyback,3.0,13141,0
407,40,4,630,13152,1,,
300,78,6,751,13166,1,,
1,30,7,746,13182,1,,
229,95,4,713,13190,1,,
164,14,8,519,13195,1,,
463,794,5,772,13201,1,,
377,975,4,771,13205,1,,
439,274,6,712,13214,1,,
439,-1,-1,-999,13214,2,v14_piggyback,2.0,13214,0
216,23,6,519,13216,1,,
280,2270,4,711,13220,1,,
62,7,3,519,13224,1,,
304,26,4,750,13231,1,,
386,55,8,772,13232,1,,
466,848,2,762,13241,1,,
128,141,4,712,13247,1,,
422,407,4,762,13250,1,,
205,1851,2,691,13275,1,,
465,832,4,772,13279,1,,
395,2842,2,691,13284,1,,
61,1855,4,665,13301,1,,
258,2147,3,712,13314,1,,
421,387,9,691,13334,1,,
182,113,10,776,13338,1,,
130,116,8,757,13348,1,,
413,125,6,776,13349,1,,
413,-1,-1,-999,13350,2,v14_piggyback,3.0,13349,1
129,614,1,765,13358,1,,
129,1,4,748,13358,1,,
437,164,6,519,13361,1,,
199,81,6,709,13367,1,,
449,512,9,679,13376,1,,
450,533,8,712,13383,1,,
133,117,10,558,13384,1,,
158,192,10,776,13392,1,,
299,15,10,778,13400,1,,
388,171,8,757,13401,1,,
424,511,6,679,13403,1,,
24,22,2,758,13409,1,,
24,1646,2,758,13409,1,,
464,820,6,757,13423,1,,
420,293,5,558,13429,1,,
420,293,7,681,13429,1,,
407,56,5,568,13434,1,,
407,35,10,577,13434,1,,
443,370,8,772,13437,1,,
387,168,6,756,13453,1,,
95,8,9,775,13456,1,,
419,2943,4,763,13465,1,,
217,83,6,679,13478,1,,
132,1,10,756,13479,1,,
132,1446,8,756,13479,1,,
131,1,4,681,13489,1,,
131,1,8,706,13489,1,,
305,124,8,558,13505,1,,
305,333,2,706,13505,1,,
463,789,10,766,13517,1,,
463,-1,-1,-999,13517,2,v14_piggyback,1.0,13517,0
479,1077,6,681,13517,1,,
389,176,8,534,13525,1,,
135,1465,6,756,13528,1,,
324,0,7,706,13530,1,,
324,-1,-1,-999,13530,2,v14_piggyback,4.0,13530,0
301,57,4,766,13537,1,,
438,1207,5,558,13544,1,,
170,1663,2,558,13551,1,,
210,231,7,534,13558,1,,
480,1093,8,534,13572,1,,
136,1473,2,700,13575,1,,
136,130,9,685,13575,1,,
241,2057,2,558,13584,1,,
241,-1,-1,-999,13584,2,v14_piggyback,1.0,13584,0
364,2708,4,756,13584,1,,
264,90,8,737,13586,1,,
418,234,6,737,13597,1,,
384,21,9,685,13599,1,,
291,439,2,776,13612,1,,
442,355,2,709,13615,1,,
123,1,8,685,13631,1,,
425,532,4,763,13635,1,,
452,573,2,688,13646,1,,
103,1282,1,558,13651,1,,
292,336,3,779,13664,1,,
398,674,1,681,13667,1,,
137,39,5,719,13687,1,,
137,1480,6,719,13687,1,,
261,2164,2,534,13695,1,,
302,15,9,719,13702,1,,
87,8,6,719,13714,1,,
420,246,12,534,13718,1,,
383,31,7,690,13726,1,,
417,203,9,781,13733,1,,
439,274,4,712,13744,1,,
479,1081,5,688,13746,1,,
414,150,1,691,13751,1,,
407,40,10,775,13753,1,,
407,-1,-1,-999,13753,2,v14_piggyback,2.0,13753,0
365,172,6,700,13756,1,,
306,212,1,614,13757,1,,
400,742,2,399,13764,1,,
477,1045,3,766,13765,1,,
441,331,5,781,13778,1,,
224,1964,3,690,13779,1,,
413,125,5,775,13789,1,,
413,-1,-1,-999,13789,2,v14_piggyback,3.0,13789,0
438,227,3,727,13797,1,,
2,37,2,690,13804,1,,
389,250,4,781,13809,1,,
419,234,2,737,13826,1,,
362,156,10,796,13826,1,,
447,457,4,781,13835,1,,
480,1090,1,790,13852,1,,
472,948,1,710,13854,1,,
280,2267,2,719,13859,1,,
305,346,3,802,13863,1,,
463,795,2,691,13870,1,,
393,472,4,657,13879,1,,
483,3225,2,690,13899,1,,
452,574,5,710,13900,1,,
236,2030,2,82,13903,1,,
0,19,6,798,13912,1,,
376,2758,1,669,13917,1,,
292,2328,2,685,13917,1,,
203,1840,2,705,13922,1,,
440,314,9,696,13923,1,,
10,1917,1,696,13928,1,,
343,2599,2,696,13946,1,,
390,264,5,696,13956,1,,
416,187,6,696,13968,1,,
414,148,4,696,13977,1,,
391,313,12,780,13979,1,,
347,2622,1,775,13982,1,,
288,38,7,780,13990,1,,
477,1049,7,650,13991,1,,
439,251,2,776,13997,1,,
439,258,7,696,13997,1,,
438,3024,2,657,13999,1,,
358,2681,2,816,14008,1,,
289,229,10,815,14011,1,,
415,178,1,786,14011,1,,
415,175,7,774,14011,1,,
78,47,6,815,14020,1,,
286,2,7,755,14031,1,,
282,36,2,769,14039,1,,
313,613,2,581,14044,1,,
441,343,10,672,14044,1,,
441,315,8,696,14044,1,,
472,943,10,657,14057,1,,
230,123,10,812,14060,1,,
359,49,7,581,14075,1,,
3,30,11,820,14081,1,,
360,12,7,820,14091,1,,
452,561,4,669,14098,1,,
452,562,6,705,14098,1,,
452,-1,-1,-999,14098,2,v14_piggyback,2.0,14098,0
234,131,4,820,14098,1,,
479,1076,3,820,14104,1,,
284,27,6,787,14125,1,,
284,20,10,603,14125,1,,
89,7,8,797,14137,1,,
455,633,6,807,14138,1,,
344,534,10,812,14142,1,,
55,4,8,787,14150,1,,
480,1093,5,822,14153,1,,
334,2553,2,822,14160,1,,
361,11,2,807,14160,1,,
391,2822,4,803,14176,1,,
416,175,7,822,14177,1,,
451,548,10,603,14179,1,,
332,792,12,535,14195,1,,
227,339,2,820,14201,1,,
227,25,10,603,14201,1,,
408,48,2,535,14202,1,,
342,2593,3,752,14206,1,,
409,68,4,800,14211,1,,
433,909,5,603,14213,1,,
433,995,3,603,14213,1,,
438,248,6,816,14215,1,,
453,594,8,797,14225,1,,
225,25,6,752,14225,1,,
477,1031,3,752,14236,1,,
358,11,3,807,14247,1,,
484,1155,4,805,14271,1,,
286,211,6,826,14276,1,,
339,100,10,680,14278,1,,
418,241,7,640,14286,1,,
418,-1,-1,-999,14286,2,v14_piggyback,1.0,14286,0
343,377,8,787,14295,1,,
410,84,5,640,14296,1,,
338,136,12,736,14298,1,,
456,638,6,784,14304,1,,
444,391,6,603,14314,1,,
461,3126,3,805,14325,1,,
340,85,8,783,14329,1,,
324,0,4,784,14332,1,,
324,-1,-1,-999,14332,2,v14_piggyback,1.0,14332,0
389,236,8,352,14344,1,,
90,8,6,787,14350,1,,
441,340,6,814,14350,1,,
441,320,3,615,14350,1,,
441,-1,-1,-999,14350,2,v14_piggyback,2.0,14350,0
40,44,7,736,14354,1,,
472,943,4,650,14356,1,,
472,-1,-1,-999,14357,2,v14_piggyback,1.0,14356,1
247,2087,3,805,14358,1,,
230,2000,3,822,14366,1,,
41,44,10,806,14369,1,,
479,1079,10,784,14371,1,,
479,-1,-1,-999,14372,2,v14_piggyback,1.0,14371,1
289,2315,2,800,14399,1,,
359,12,2,603,14402,1,,
446,443,7,806,14421,1,,
480,1091,5,805,14425,1,,
448,499,7,352,14431,1,,
360,60,5,656,14444,1,,
390,236,4,352,14448,1,,
390,188,8,793,14448,1,,
488,1211,2,787,14449,1,,
455,632,7,783,14459,1,,
465,837,7,793,14470,1,,
440,311,4,732,14477,1,,
438,218,10,752,14484,1,,
169,139,6,806,14493,1,,
477,1049,4,603,14498,1,,
453,583,8,430,14516,1,,
484,1150,11,511,14519,1,,
282,36,3,656,14525,1,,
342,2593,3,640,14527,1,,
288,38,7,695,14546,1,,
459,702,6,736,14549,1,,
459,-1,-1,-999,14549,2,v14_piggyback,2.0,14549,0
456,641,8,656,14549,1,,
475,1001,6,783,14558,1,,
468,873,3,656,14559,1,,
444,388,6,783,14571,1,,
444,410,3,806,14571,1,,
264,103,2,732,14584,1,,
287,2,9,754,14590,1,,
367,2719,2,603,14603,1,,
130,1,8,754,14608,1,,
384,34,6,695,14620,1,,
467,863,4,695,14629,1,,
451,548,4,352,14631,1,,
451,-1,-1,-999,14631,2,v14_piggyback,1.0,14631,0
359,11,3,807,14642,1,,
280,470,8,386,14642,1,,
439,255,2,732,14647,1,,
106,1299,4,386,14651,1,,
158,1589,3,386,14659,1,,
256,233,2,752,14674,1,,
418,226,9,819,14675,1,,
338,298,3,806,14679,1,,
448,489,4,804,14686,1,,
463,789,1,766,14701,1,,
466,848,2,806,14708,1,,
324,0,11,732,14721,1,,
324,-1,-1,-999,14722,2,v14_piggyback,8.0,14721,1
352,700,1,732,14727,1,,
296,2350,1,804,14729,1,,
487,1191,6,541,14738,1,,
277,2250,2,541,14745,1,,
299,2363,2,793,14749,1,,
453,579,6,754,14751,1,,
254,2122,1,787,14761,1,,
273,277,8,833,14774,1,,
273,297,6,821,14774,1,,
257,306,7,825,14786,1,,
91,8,9,855,14797,1,,
194,1790,3,825,14799,1,,
441,320,5,615,14806,1,,
437,180,4,825,14814,1,,
437,-1,-1,-999,14814,2,v14_piggyback,2.0,14814,0
265,33,8,795,14830,1,,
258,471,10,858,14832,1,,
268,33,10,777,14834,1,,
291,439,2,857,14836,1,,
266,33,3,821,14839,1,,
484,3227,3,386,14848,1,,
302,57,8,795,14851,1,,
130,1436,6,386,14864,1,,
360,11,3,855,14870,1,,
468,883,6,793,14873,1,,
464,807,9,794,14883,1,,
128,141,2,821,14888,1,,
339,136,8,795,14890,1,,
456,653,9,541,14898,1,,
259,296,11,770,14908,1,,
385,55,8,770,14922,1,,
267,90,4,849,14931,1,,
271,230,11,785,14964,1,,
440,312,4,708,14973,1,,
448,494,11,770,14979,1,,
481,3216,3,708,14981,1,,
371,673,8,760,14983,1,,
188,184,4,770,14986,1,,
458,689,5,785,14991,1,,
438,248,4,770,14992,1,,
438,-1,-1,-999,14993,2,v14_piggyback,2.0,14992,1
420,2947,2,785,14998,1,,
131,110,7,794,15005,1,,
131,89,3,573,15005,1,,
215,181,6,785,15009,1,,
472,943,2,650,15017,1,,
361,60,10,865,15019,1,,
340,85,7,867,15020,1,,
451,548,6,352,15029,1,,
466,853,8,573,15031,1,,
169,1656,2,858,15038,1,,
358,49,10,870,15045,1,,
453,597,10,425,15055,1,,
158,75,10,863,15071,1,,
109,1,9,865,15099,1,,
356,2670,3,795,15102,1,,
389,210,7,573,15109,1,,
230,1997,3,849,15120,1,,
141,43,8,865,15121,1,,
280,2269,3,806,15127,1,,
441,320,9,573,15134,1,,
264,103,6,760,15143,1,,
456,638,6,708,15146,1,,
367,357,7,870,15154,1,,
286,2298,3,770,15157,1,,
427,696,3,770,15162,1,,
159,75,12,813,15165,1,,
324,0,3,849,15172,1,,
324,0,3,770,15172,1,,
324,-1,-1,-999,15172,2,v14_piggyback,3.0,15172,0
447,457,5,813,15176,1,,
447,-1,-1,-999,15176,2,v14_piggyback,1.0,15176,0
385,2798,2,810,15176,1,,
68,1962,2,785,15182,1,,
421,329,6,760,15188,1,,
235,2027,2,770,15207,1,,
2,3,4,869,15208,1,,
2,3,11,871,15208,1,,
440,305,10,785,15213,1,,
326,645,2,856,15220,1,,
337,2565,2,862,15228,1,,
0,9,8,856,15234,1,,
415,155,6,843,15245,1,,
294,2338,3,870,15251,1,,
467,3152,2,770,15253,1,,
464,807,6,760,15261,1,,
327,605,11,609,15282,1,,
454,623,3,871,15291,1,,
460,734,3,573,15297,1,,
418,203,10,828,15299,1,,
416,161,8,880,15306,1,,
170,1660,3,865,15309,1,,
458,698,7,792,15311,1,,
458,-1,-1,-999,15311,2,v14_piggyback,2.0,15311,0
328,510,7,491,15324,1,,
465,822,2,870,15325,1,,
180,224,2,386,15335,1,,
352,694,12,868,15338,1,,
469,896,2,869,15341,1,,
101,1267,4,868,15359,1,,
231,123,9,703,15363,1,,
438,248,4,770,15366,1,,
413,135,2,760,15368,1,,
413,-1,-1,-999,15368,2,v14_piggyback,3.0,15368,0
351,2644,2,867,15371,1,,
89,8,6,768,15393,1,,
89,3,11,768,15393,1,,
329,459,9,703,15395,1,,
192,1782,3,868,15399,1,,
228,1987,1,760,15404,1,,
411,112,9,703,15419,1,,
141,1502,2,398,15425,1,,
186,1749,2,768,15426,1,,
186,67,8,768,15426,1,,
56,4,8,703,15433,1,,
345,465,8,846,15451,1,,
344,2602,1,770,15461,1,,
344,473,9,768,15461,1,,
412,105,8,731,15465,1,,
335,2557,4,768,15468,1,,
440,307,5,703,15475,1,,
475,1006,6,768,15477,1,,
343,334,6,703,15487,1,,
166,10,7,840,15487,1,,
414,148,5,840,15495,1,,
437,180,6,840,15504,1,,
443,385,3,861,15518,1,,
488,1212,3,859,15520,1,,
263,2174,3,703,15526,1,,
447,467,4,871,15527,1,,
167,10,6,789,15533,1,,
326,605,6,883,15542,1,,
291,336,4,789,15543,1,,
404,2879,3,491,15544,1,,
259,2153,2,768,15562,1,,
426,536,10,739,15563,1,,
151,16,2,703,15576,1,,
176,14,10,704,15596,1,,
176,1695,2,704,15596,1,,
356,2673,2,862,15601,1,,
460,725,8,704,15613,1,,
157,65,10,888,15615,1,,
387,146,7,829,15625,1,,
103,1276,10,894,15627,1,,
421,358,2,768,15631,1,,
458,698,3,792,15634,1,,
439,258,2,789,15636,1,,
386,94,10,888,15640,1,,
39,44,2,861,15640,1,,
438,190,2,828,15647,1,,
391,316,5,872,15658,1,,
128,177,7,704,15668,1,,
0,30,6,872,15669,1,,
324,0,10,386,15673,1,,
324,-1,-1,-999,15673,2,v14_piggyback,7.0,15673,0
457,672,3,872,15677,1,,
366,338,4,829,15680,1,,
101,1264,4,844,15683,1,,
101,1269,2,789,15683,1,,
174,1684,2,829,15706,1,,
413,142,6,859,15719,1,,
413,-1,-1,-999,15719,2,v14_piggyback,3.0,15719,0
367,357,4,892,15727,1,,
205,144,6,872,15742,1,,
205,207,8,872,15742,1,,
422,350,2,704,15748,1,,
146,1526,3,872,15750,1,,
437,140,11,739,15753,1,,
256,221,4,704,15755,1,,
177,1702,2,872,15758,1,,
475,1006,6,789,15771,1,,
443,384,8,872,15772,1,,
385,73,11,663,15777,1,,
199,149,3,852,15780,1,,
131,1,6,900,15780,1,,
462,779,2,704,15785,1,,
166,1636,10,883,15794,1,,
290,404,6,900,15795,1,,
105,1289,7,663,15806,1,,
441,331,2,692,15818,1,,
42,5,7,663,15827,1,,
350,2636,2,900,15827,1,,
414,2924,2,829,15857,1,,
151,1553,7,658,15859,1,,
460,734,12,900,15873,1,,
202,149,11,866,15877,1,,
358,2682,1,692,15878,1,,
158,65,4,449,15886,1,,
387,55,8,692,15900,1,,
447,457,1,813,15904,1,,
447,467,10,828,15904,1,,
99,1255,4,449,15913,1,,
43,82,8,891,15915,1,,
458,687,2,866,15919,1,,
439,251,10,894,15925,1,,
439,273,7,692,15925,1,,
439,3032,2,692,15925,1,,
452,568,4,449,15928,1,,
383,34,12,891,15934,1,,
438,249,1,449,15947,1,,
415,154,10,891,15950,1,,
227,1981,1,866,15954,1,,
44,5,5,877,15971,1,,
44,22,9,907,15971,1,,
386,146,11,912,15979,1,,
356,2670,3,890,15985,1,,
434,995,8,891,15985,1,,
216,83,6,899,15991,1,,
183,67,5,912,16000,1,,
320,91,6,899,16001,1,,
320,-1,-1,-999,16001,2,v14_piggyback,7.0,16001,0
411,99,12,482,16004,1,,
283,2285,4,723,16007,1,,
384,21,3,482,16019,1,,
384,42,6,907,16019,1,,
475,989,4,906,16030,1,,
437,164,11,877,16037,1,,
324,0,10,843,16048,1,,
419,246,8,823,16057,1,,
443,374,2,900,16062,1,,
443,385,7,912,16062,1,,
45,1281,6,809,16063,1,,
45,5,8,919,16063,1,,
45,82,4,919,16063,1,,
127,1419,6,899,16069,1,,
97,1241,8,907,16077,1,,
192,67,2,723,16082,1,,
288,128,6,925,16096,1,,
412,101,8,907,16097,1,,
412,102,5,773,16097,1,,
113,177,10,927,16098,1,,
338,244,5,916,16108,1,,
460,739,7,927,16118,1,,
385,72,2,723,16119,1,,
414,135,4,891,16122,1,,
414,154,1,891,16122,1,,
414,145,8,482,16122,1,,
299,124,4,823,16129,1,,
388,171,4,817,16137,1,,
442,364,8,891,16155,1,,
387,72,2,723,16164,1,,
99,1252,9,823,16168,1,,
483,1146,5,877,16182,1,,
447,475,10,899,16185,1,,
440,295,7,877,16195,1,,
289,20,10,914,16200,1,,
189,1767,4,482,16204,1,,
158,1592,8,817,16208,1,,
383,21,4,482,16213,1,,
175,1687,2,930,16219,1,,
305,256,4,919,16223,1,,
356,2668,4,929,16226,1,,
73,29,2,817,16232,1,,
73,2259,2,927,16232,1,,
439,262,4,925,16233,1,,
459,718,3,809,16241,1,,
287,470,6,902,16243,1,,
386,94,5,916,16258,1,,
353,744,12,156,16259,1,,
103,1282,3,809,16269,1,,
177,1702,3,449,16269,1,,
416,173,5,902,16271,1,,
437,179,4,773,16279,1,,
274,275,10,156,16287,1,,
170,139,10,913,16301,1,,
443,370,5,891,16321,1,,
443,-1,-1,-999,16321,2,v14_piggyback,1.0,16321,0
438,216,2,927,16328,1,,
387,80,5,891,16333,1,,
415,159,7,156,16335,1,,
415,161,2,156,16335,1,,
444,388,3,916,16338,1,,
448,491,2,773,16338,1,,
321,213,2,916,16344,1,,
324,0,4,888,16345,1,,
462,775,2,927,16351,1,,
249,2099,2,891,16352,1,,
414,138,3,156,16353,1,,
414,155,10,586,16353,1,,
264,103,2,919,16358,1,,
113,1337,10,646,16373,1,,
72,2257,2,841,16379,1,,
286,20,8,941,16387,1,,
286,20,12,586,16387,1,,
388,94,5,916,16393,1,,
388,127,3,897,16393,1,,
58,4,5,897,16406,1,,
58,1712,2,897,16406,1,,
94,1219,2,877,16417,1,,
102,1271,4,156,16424,1,,
102,129,8,941,16424,1,,
340,2584,2,891,16432,1,,
425,519,10,586,16444,1,,
258,296,7,909,16444,1,,
306,361,10,941,16458,1,,
439,257,9,907,16463,1,,
439,268,5,773,16463,1,,
259,2152,1,942,16465,1,,
10,1957,3,902,16476,1,,
10,3,10,808,16476,1,,
63,7,7,942,16483,1,,
4,30,10,917,16490,1,,
247,2088,2,817,16490,1,,
437,140,4,909,16492,1,,
437,-1,-1,-999,16492,2,v14_piggyback,1.0,16492,0
91,8,8,917,16502,1,,
475,1001,3,913,16514,1,,
475,992,6,941,16514,1,,
398,741,8,156,16526,1,,
367,357,6,744,16527,1,,
282,20,8,808,16538,1,,
128,45,11,945,16539,1,,
348,551,10,744,16544,1,,
75,2494,4,744,16555,1,,
403,976,9,945,16562,1,,
230,321,6,904,16565,1,,
416,159,10,941,16579,1,,
416,187,3,941,16579,1,,
241,284,8,744,16579,1,,
241,-1,-1,-999,16579,2,v14_piggyback,1.0,16579,0
450,521,4,945,16582,1,,
263,440,4,744,16588,1,,
322,389,8,808,16596,1,,
401,839,8,922,16603,1,,
162,126,3,946,16611,1,,
482,1113,7,922,16624,1,,
129,115,3,946,16636,1,,
118,1367,6,928,16642,1,,
118,3,8,928,16642,1,,
130,116,8,943,16650,1,,
485,1167,8,917,16660,1,,
108,45,10,931,16666,1,,
108,13,5,931,16666,1,,
148,1537,6,941,16669,1,,
338,109,8,943,16669,1,,
142,1503,6,913,16678,1,,
399,674,9,928,16681,1,,
149,1542,6,586,16695,1,,
152,16,6,941,16705,1,,
138,1485,8,931,16712,1,,
298,54,2,808,16714,1,,
298,563,4,808,16714,1,,
216,214,6,156,16723,1,,
132,117,3,910,16730,1,,
132,110,12,950,16730,1,,
349,680,7,928,16732,1,,
339,6,12,910,16747,1,,
413,138,6,808,16753,1,,
413,-1,-1,-999,16754,2,v14_piggyback,3.0,16753,1
400,685,7,847,16756,1,,
439,251,4,808,16760,1,,
439,-1,-1,-999,16760,2,v14_piggyback,2.0,16760,0
384,17,7,910,16761,1,,
274,378,5,931,16766,1,,
421,300,9,950,16774,1,,
470,910,4,941,16782,1,,
225,25,1,928,16800,1,,
225,83,5,931,16800,1,,
440,290,7,950,16808,1,,
63,7,4,928,16809,1,,
471,924,4,808,16810,1,,
455,636,4,928,16818,1,,
414,138,8,932,16824,1,,
256,383,6,928,16830,1,,
375,969,6,910,16835,1,,
228,240,1,950,16841,1,,
228,1986,2,932,16841,1,,
244,2072,2,950,16845,1,,
450,526,12,918,16862,1,,
480,1087,2,586,16866,1,,
407,40,1,943,16874,1,,
437,180,9,744,16877,1,,
290,336,1,941,16878,1,,
385,32,2,930,16885,1,,
100,1261,3,931,16885,1,,
446,436,1,156,16887,1,,
466,847,3,904,16893,1,,
108,1314,7,935,16909,1,,
229,1994,2,928,16920,1,,
332,2539,2,847,16935,1,,
485,1161,6,702,16939,1,,
444,394,2,482,16942,1,,
148,1540,4,112,16955,1,,
138,1484,10,893,16965,1,,
132,1449,12,932,16966,1,,
326,2508,2,928,16970,1,,
289,128,6,882,16972,1,,
443,379,1,928,16974,1,,
440,292,11,951,16981,1,,
133,1,6,896,16991,1,,
227,1981,3,896,16996,1,,
131,1444,2,896,17001,1,,
472,946,2,896,17006,1,,
384,53,7,896,17016,1,,
195,1796,4,882,17038,1,,
216,23,9,791,17046,1,,
348,2627,2,896,17050,1,,
34,2782,2,882,17052,1,,
359,2687,2,896,17055,1,,
359,-1,-1,-999,17055,2,v14_piggyback,1.0,17055,0
460,733,8,791,17066,1,,
322,389,10,939,17067,1,,
4,30,10,971,17070,1,,
325,448,12,964,17083,1,,
282,27,10,971,17087,1,,
343,377,5,958,17097,1,,
388,80,12,959,17100,1,,
1,28,8,958,17111,1,,
442,354,9,959,17112,1,,
3,3,9,959,17125,1,,
344,406,8,952,17132,1,,
387,146,9,964,17138,1,,
446,436,8,882,17146,1,,
360,12,7,764,17149,1,,
327,609,10,949,17162,1,,
437,174,8,913,17165,1,,
437,180,4,941,17165,1,,
410,76,6,949,17172,1,,
410,-1,-1,-999,17172,2,v14_piggyback,4.0,17172,0
438,216,8,953,17183,1,,
413,137,6,944,17185,1,,
413,-1,-1,-999,17185,2,v14_piggyback,3.0,17185,0
385,34,12,791,17189,1,,
179,294,9,953,17198,1,,
160,192,8,363,17201,1,,
409,76,2,949,17202,1,,
409,70,9,848,17202,1,,
407,35,4,911,17223,1,,
407,56,3,911,17223,1,,
407,40,3,896,17223,1,,
450,524,7,966,17235,1,,
349,651,8,363,17247,1,,
452,578,6,363,17258,1,,
102,1270,6,363,17267,1,,
102,-1,-1,-999,17268,2,v14_piggyback,1.0,17267,1
288,20,7,953,17276,1,,
326,510,6,791,17279,1,,
300,54,6,953,17288,1,,
133,1453,7,363,17292,1,,
398,674,4,964,17294,1,,
472,945,10,981,17308,1,,
320,71,4,949,17315,1,,
301,54,3,921,17316,1,,
266,33,5,363,17318,1,,
439,251,2,808,17323,1,,
63,1868,3,949,17335,1,,
371,529,9,895,17338,1,,
459,705,3,954,17341,1,,
372,2742,2,921,17345,1,,
374,2751,3,964,17367,1,,
442,355,12,764,17407,1,,
442,364,8,944,17407,1,,
442,-1,-1,-999,17407,2,v14_piggyback,2.0,17407,0
302,15,10,984,17411,1,,
388,94,5,954,17414,1,,
386,55,2,949,17419,1,,
386,-1,-1,-999,17420,2,v14_piggyback,5.0,17419,1
95,1229,5,895,17422,1,,
289,36,2,959,17426,1,,
265,103,8,956,17436,1,,
373,650,8,956,17450,1,,
359,12,1,764,17454,1,,
359,11,6,944,17454,1,,
414,143,5,963,17454,1,,
56,1637,1,953,17462,1,,
56,63,6,996,17462,1,,
387,55,3,949,17462,1,,
440,312,2,896,17465,1,,
440,305,3,363,17465,1,,
440,-1,-1,-999,17465,2,v14_piggyback,2.0,17465,0
416,159,8,977,17478,1,,
314,2445,2,791,17485,1,,
437,179,10,984,17495,1,,
415,155,6,967,17497,1,,
438,249,7,996,17508,1,,
42,5,3,988,17509,1,,
441,323,11,977,17514,1,,
308,458,6,936,17526,1,,
227,1985,3,791,17533,1,,
385,55,2,949,17540,1,,
318,480,6,956,17544,1,,
409,87,2,983,17556,1,,
326,2507,2,764,17580,1,,
92,8,7,956,17582,1,,
328,2518,3,984,17594,1,,
439,251,2,703,17615,1,,
55,1622,2,992,17618,1,,
55,9,11,1001,17618,1,,
291,404,6,994,17623,1,,
199,149,3,937,17631,1,,
461,752,12,887,17635,1,,
206,1856,1,988,17636,1,,
198,81,2,987,17643,1,,
43,5,7,887,17645,1,,
320,0,10,984,17660,1,,
320,-1,-1,-999,17660,2,v14_piggyback,7.0,17660,0
307,393,12,652,17669,1,,
410,74,9,1001,17672,1,,
355,2667,2,956,17677,1,,
102,1270,6,363,17681,1,,
324,0,2,887,17693,1,,
306,366,8,923,17695,1,,
68,1962,2,998,17702,1,,
364,322,12,961,17725,1,,
321,61,8,908,17727,1,,
299,78,8,998,17739,1,,
438,206,10,1011,17741,1,,
414,155,1,967,17745,1,,
120,1384,3,961,17753,1,,
442,364,2,944,17756,1,,
442,344,8,994,17756,1,,
415,159,2,977,17760,1,,
192,113,8,1005,17770,1,,
425,572,10,879,17787,1,,
40,44,8,961,17788,1,,
352,713,5,908,17791,1,,
193,67,9,879,17802,1,,
365,322,6,908,17808,1,,
477,1039,4,1005,17811,1,,
465,835,2,879,17818,1,,
459,714,2,879,17824,1,,
421,302,7,1017,17835,1,,
254,259,8,1000,17849,1,,
254,471,1,1000,17849,1,,
426,547,10,604,17850,1,,
323,389,11,1000,17864,1,,
323,-1,-1,-999,17864,2,v14_piggyback,13.0,17864,0
419,235,4,604,17866,1,,
419,263,6,962,17866,1,,
386,2801,4,984,17871,1,,
318,2464,3,879,17874,1,,
407,40,4,1000,17878,1,,
439,265,7,998,17884,1,,
1,19,5,1000,17886,1,,
413,125,7,993,17887,1,,
413,-1,-1,-999,17887,2,v14_piggyback,3.0,17887,0
340,136,2,1011,17893,1,,
340,2583,2,1000,17893,1,,
132,1,6,1017,17898,1,,
487,1186,2,1001,17908,1,,
214,1904,3,908,17931,1,,
416,169,6,947,17932,1,,
440,305,6,363,17943,1,,
412,125,2,1019,17950,1,,
435,1136,2,908,17951,1,,
418,239,8,934,17957,1,,
388,198,2,1019,17957,1,,
411,101,6,1028,17968,1,,
348,592,6,604,17976,1,,
387,146,4,1016,17978,1,,
64,63,3,604,17988,1,,
64,1895,3,834,17988,1,,
312,480,2,1016,18007,1,,
359,11,3,962,18019,1,,
359,-1,-1,-999,18019,2,v14_piggyback,2.0,18019,0
385,21,1,1000,18022,1,,
151,1557,2,984,18029,1,,
441,3037,4,997,18046,1,,
320,0,6,887,18052,1,,
320,0,10,908,18052,1,,
66,1958,2,993,18052,1,,
66,-1,-1,-999,18053,2,v14_piggyback,2.0,18052,1
424,522,2,834,18059,1,,
229,95,3,818,18067,1,,
446,437,2,997,18073,1,,
465,822,3,947,18074,1,,
396,595,10,901,18083,1,,
414,150,7,838,18099,1,,
436,1088,10,718,18102,1,,
386,55,1,949,18103,1,,
443,385,1,882,18108,1,,
410,93,6,1002,18110,1,,
395,603,1,908,18113,1,,
225,271,6,838,18122,1,,
423,479,7,818,18128,1,,
409,70,5,838,18134,1,,
439,258,8,1019,18164,1,,
407,40,6,1008,18171,1,,
407,-1,-1,-999,18171,2,v14_piggyback,2.0,18171,0
139,50,4,851,18174,1,,
450,539,7,1024,18194,1,,
321,91,7,986,18196,1,,
434,1030,6,851,18208,1,,
338,136,6,864,18212,1,,
387,132,8,986,18221,1,,
90,8,6,864,18224,1,,
153,16,6,986,18233,1,,
435,1110,7,1034,18233,1,,
384,17,7,1035,18246,1,,
384,-1,-1,-999,18247,2,v14_piggyback,5.0,18246,1
348,2628,4,997,18249,1,,
184,67,7,1034,18259,1,,
362,119,7,873,18262,1,,
256,2135,2,1034,18266,1,,
257,233,7,985,18278,1,,
320,91,9,1037,18284,1,,
155,16,5,1035,18289,1,,
413,122,12,962,18296,1,,
413,-1,-1,-999,18296,2,v14_piggyback,3.0,18296,0
114,1343,8,999,18302,1,,
385,32,6,999,18314,1,,
424,505,8,864,18314,1,,
408,68,5,986,18320,1,,
105,1290,3,1030,18322,1,,
358,997,9,1030,18343,1,,
411,105,4,1014,18346,1,,
411,112,4,838,18346,1,,
416,167,6,1030,18355,1,,
423,402,10,838,18362,1,,
446,438,6,1024,18374,1,,
446,442,6,873,18374,1,,
446,-1,-1,-999,18374,2,v14_piggyback,1.0,18374,0
465,826,8,1002,18376,1,,
417,187,6,965,18385,1,,
121,3,12,854,18398,1,,
121,1,6,854,18398,1,,
121,1388,7,854,18398,1,,
275,2239,2,493,18414,1,,
275,434,8,854,18414,1,,
410,70,4,838,18414,1,,
410,79,12,838,18414,1,,
410,76,12,851,18414,1,,
388,146,4,1016,18424,1,,
457,675,8,854,18428,1,,
274,378,4,991,18437,1,,
323,91,8,995,18443,1,,
235,131,5,995,18453,1,,
443,382,3,873,18456,1,,
454,615,9,995,18468,1,,
258,411,6,1042,18477,1,,
400,2860,4,838,18478,1,,
419,285,4,965,18479,1,,
30,2141,2,1030,18488,1,,
30,30,2,1044,18488,1,,
84,270,4,1044,18497,1,,
63,7,6,1042,18500,1,,
214,271,4,851,18507,1,,
56,4,8,1033,18514,1,,
273,243,6,1033,18536,1,,
409,68,3,986,18545,1,,
409,-1,-1,-999,18545,2,v14_piggyback,4.0,18545,0
229,118,8,1033,18550,1,,
0,30,4,1009,18552,1,,
243,2064,2,1044,18558,1,,
421,308,6,1033,18562,1,,
201,1830,2,986,18562,1,,
142,1507,4,1009,18568,1,,
407,35,8,1035,18575,1,,
420,289,3,1009,18578,1,,
424,479,4,965,18596,1,,
415,167,2,508,18610,1,,
394,514,9,1054,18613,1,,
43,1275,6,876,18617,1,,
166,1639,2,1030,18617,1,,
340,109,8,1054,18625,1,,
398,731,2,1032,18629,1,,
338,6,2,1037,18634,1,,
114,1342,8,493,18635,1,,
264,162,5,1054,18645,1,,
210,231,3,1054,18669,1,,
455,636,4,1054,18676,1,,
455,-1,-1,-999,18676,2,v14_piggyback,1.0,18676,0
1,19,8,1053,18678,1,,
299,15,2,876,18685,1,,
163,126,7,1057,18691,1,,
460,722,4,957,18697,1,,
121,1385,4,699,18705,1,,
121,1389,6,876,18705,1,,
465,837,6,993,18719,1,,
3,3,9,1052,18721,1,,
330,2530,1,1030,18724,1,,
323,0,10,1054,18729,1,,
323,-1,-1,-999,18729,2,v14_piggyback,7.0,18729,0
443,384,4,854,18730,1,,
410,74,6,854,18741,1,,
446,450,9,1002,18742,1,,
243,2065,4,721,18759,1,,
2,46,3,1050,18761,1,,
2,28,3,1050,18761,1,,
158,151,4,1010,18772,1,,
4,37,8,1047,18775,1,,
393,352,6,1064,18777,1,,
288,27,2,1047,18781,1,,
326,645,5,898,18796,1,,
204,165,3,898,18815,1,,
204,1845,3,1013,18815,1,,
204,223,6,1013,18815,1,,
392,352,4,1064,18819,1,,
359,12,12,898,18833,1,,
359,-1,-1,-999,18833,2,v14_piggyback,3.0,18833,0
320,61,12,1063,18836,1,,
416,173,8,898,18847,1,,
399,741,10,1061,18857,1,,
5,37,8,728,18865,1,,
164,126,6,1013,18868,1,,
164,16,8,1013,18868,1,,
389,210,10,294,18879,1,,
470,914,8,1013,18882,1,,
423,479,7,830,18882,1,,
452,574,8,728,18891,1,,
123,1395,4,1061,18892,1,,
394,462,6,830,18903,1,,
133,1,10,294,18905,1,,
142,1506,8,508,18914,1,,
321,61,7,830,18916,1,,
321,-1,-1,-999,18916,2,v14_piggyback,5.0,18916,0
353,717,6,1063,18927,1,,
358,49,5,1071,18928,1,,
287,77,8,294,18933,1,,
287,2304,2,837,18933,1,,
287,211,12,878,18933,1,,
128,141,4,1013,18941,1,,
77,58,2,830,18955,1,,
390,210,12,960,18970,1,,
391,242,8,837,18991,1,,
391,247,8,1073,18991,1,,
322,61,4,206,18997,1,,
384,2795,2,1071,19005,1,,
384,31,11,1056,19005,1,,
409,70,6,294,19007,1,,
409,70,6,837,19007,1,,
284,2289,4,206,19019,1,,
43,5,9,878,19020,1,,
138,1483,2,1013,19021,1,,
138,89,8,1056,19021,1,,
159,1600,6,127,19033,1,,
363,220,4,728,19034,1,,
363,220,6,878,19034,1,,
62,1873,4,206,19043,1,,
62,3,7,1027,19043,1,,
443,386,3,127,19046,1,,
443,384,4,127,19046,1,,
362,60,11,1026,19049,1,,
400,768,6,127,19057,1,,
221,1945,1,728,19063,1,,
221,23,8,878,19063,1,,
385,21,5,127,19067,1,,
455,636,2,1054,19071,1,,
455,635,9,860,19071,1,,
455,631,9,957,19071,1,,
417,195,9,878,19076,1,,
450,531,4,832,19077,1,,
302,152,6,1027,19083,1,,
282,38,8,1026,19101,1,,
320,91,5,1027,19111,1,,
486,1177,4,1027,19120,1,,
300,124,6,1085,19132,1,,
140,170,7,1077,19136,1,,
448,494,2,1027,19141,1,,
448,-1,-1,-999,19141,2,v14_piggyback,1.0,19141,0
459,708,8,885,19145,1,,
457,3111,4,898,19148,1,,
323,0,8,294,19157,1,,
432,2998,4,127,19164,1,,
398,685,8,885,19173,1,,
111,1328,10,1036,19179,1,,
470,921,6,832,19186,1,,
470,906,9,127,19186,1,,
325,91,10,1089,19187,1,,
359,12,6,127,19198,1,,
390,264,10,885,19201,1,,
324,71,8,1036,19206,1,,
444,388,6,1059,19209,1,,
444,-1,-1,-999,19210,2,v14_piggyback,1.0,19209,1
411,96,6,728,19214,1,,
411,108,2,1026,19214,1,,
123,1400,8,206,19223,1,,
52,1477,4,1059,19224,1,,
303,57,6,1036,19235,1,,
487,1198,4,1036,19244,1,,
421,369,7,837,19253,1,,
471,3169,4,832,19255,1,,
0,41,6,878,19269,1,,
431,891,2,1065,19283,1,,
425,547,2,1056,19293,1,,
263,2174,6,1073,19300,1,,
103,270,7,1082,19316,1,,
103,1282,3,975,19316,1,,
464,819,7,1026,19317,1,,
204,1846,3,811,19318,1,,
114,39,6,975,19327,1,,
443,380,7,878,19341,1,,
443,3049,4,878,19341,1,,
485,1167,10,975,19344,1,,
186,1747,2,1059,19350,1,,
407,40,6,1026,19350,1,,
126,1413,6,659,19355,1,,
458,698,1,1056,19355,1,,
433,1003,6,975,19367,1,,
415,173,1,898,19372,1,,
461,755,6,1026,19374,1,,
445,417,4,1082,19376,1,,
385,73,3,1082,19384,1,,
460,725,6,878,19392,1,,
460,-1,-1,-999,19392,2,v14_piggyback,2.0,19392,0
452,561,5,1026,19405,1,,
438,206,2,1036,19416,1,,
410,98,4,1092,19417,1,,
441,328,7,1067,19428,1,,
170,139,8,1068,19430,1,,
158,75,2,1082,19434,1,,
442,360,4,878,19459,1,,
171,139,8,1100,19464,1,,
371,670,4,837,19466,1,,
469,900,2,659,19468,1,,
346,2615,3,837,19479,1,,
487,1186,4,975,19486,1,,
192,104,4,889,19488,1,,
338,287,3,1026,19491,1,,
241,193,2,957,19495,1,,
241,-1,-1,-999,19495,2,v14_piggyback,1.0,19495,0
448,497,5,659,19509,1,,
449,502,2,1100,19510,1,,
384,53,2,728,19521,1,,
46,1354,8,889,19524,1,,
194,1790,2,728,19525,1,,
444,401,2,1072,19530,1,,
253,2120,2,830,19538,1,,
159,65,12,1004,19549,1,,
0,41,1,1027,19553,1,,
411,93,10,1004,19565,1,,
1,9,6,1004,19577,1,,
464,813,8,1067,19583,1,,
464,-1,-1,-999,19583,2,v14_piggyback,1.0,19583,0
289,128,6,1004,19590,1,,
103,1280,4,659,19598,1,,
39,63,10,948,19607,1,,
340,6,8,1095,19607,1,,
126,1412,7,799,19611,1,,
322,2485,2,294,19612,1,,
156,1580,2,1073,19623,1,,
100,1258,2,837,19639,1,,
229,400,5,1093,19647,1,,
450,535,2,294,19657,1,,
410,96,10,948,19658,1,,
473,961,12,1074,19677,1,,
135,147,9,1102,19684,1,,
193,1784,1,728,19687,1,,
412,105,8,1074,19697,1,,
226,25,4,1098,19701,1,,
451,557,4,1102,19708,1,,
443,379,6,1059,19709,1,,
460,725,1,878,19712,1,,
469,884,2,989,19722,1,,
472,946,1,648,19728,1,,
306,2405,3,648,19736,1,,
456,638,6,1004,19738,1,,
478,1056,6,1004,19747,1,,
478,-1,-1,-999,19747,2,v14_piggyback,1.0,19747,0
139,50,5,948,19755,1,,
79,58,8,1108,19759,1,,
378,2768,4,1108,19768,1,,
360,11,1,948,19768,1,,
360,60,3,948,19768,1,,
379,1047,2,824,19775,1,,
298,26,2,1108,19785,1,,
384,17,12,948,19799,1,,
384,-1,-1,-999,19799,2,v14_piggyback,3.0,19799,0
140,170,6,1117,19802,1,,
2,3,2,1120,19804,1,,
320,71,9,1117,19815,1,,
305,256,8,1124,19822,1,,
359,11,2,948,19823,1,,
411,111,12,1031,19831,1,,
159,192,8,1126,19842,1,,
444,388,9,294,19844,1,,
301,54,5,1117,19852,1,,
291,439,6,1080,19854,1,,
458,692,2,1087,19865,1,,
302,54,11,1113,19867,1,,
361,60,1,948,19869,1,,
303,152,2,1031,19883,1,,
303,57,10,1031,19883,1,,
450,518,10,1031,19901,1,,
167,126,9,1130,19914,1,,
385,34,4,1121,19929,1,,
166,126,10,1031,19931,1,,
339,100,8,1118,19935,1,,
473,957,9,1051,19942,1,,
473,-1,-1,-999,19942,2,v14_piggyback,1.0,19942,0
439,262,8,1031,19945,1,,
289,229,1,1025,19953,1,,
289,2,10,1025,19953,1,,
456,647,4,905,19958,1,,
55,4,6,1118,19965,1,,
451,559,12,1031,19977,1,,
380,1047,9,1025,19980,1,,
117,1364,7,1113,19992,1,,
290,229,7,1025,19992,1,,
358,49,5,1099,19993,1,,
360,49,2,1099,20000,1,,
410,93,4,1099,20009,1,,
472,950,12,1126,20011,1,,
76,82,8,1115,20042,1,,
76,3,6,1115,20042,1,,
76,9,2,1115,20042,1,,
76,24,6,1115,20042,1,,
126,1413,8,648,20056,1,,
409,70,4,1025,20071,1,,
409,68,5,1115,20071,1,,
452,568,6,1130,20083,1,,
362,60,4,920,20084,1,,
98,1248,4,1115,20086,1,,
98,24,5,1115,20086,1,,
465,3144,4,738,20092,1,,
129,39,6,1115,20097,1,,
418,239,4,1117,20101,1,,
440,288,12,1075,20104,1,,
392,462,8,1097,20115,1,,
386,53,8,1075,20121,1,,
444,401,3,738,20124,1,,
438,3028,3,738,20131,1,,
453,588,8,920,20135,1,,
450,525,7,1128,20148,1,,
450,517,2,738,20148,1,,
466,838,7,1075,20148,1,,
466,-1,-1,-999,20148,2,v14_piggyback,1.0,20148,0
157,1585,6,1115,20151,1,,
411,97,4,1097,20157,1,,
388,146,6,1043,20162,1,,
239,2045,4,1124,20163,1,,
461,745,2,1097,20169,1,,
478,1056,4,1004,20174,1,,
273,2230,2,1117,20188,1,,
469,884,2,824,20210,1,,
417,222,4,1105,20216,1,,
349,2631,2,1126,20223,1,,
457,659,2,1115,20230,1,,
445,417,8,1133,20230,1,,
387,176,9,1131,20245,1,,
92,8,10,1132,20246,1,,
338,244,1,1115,20252,1,,
363,254,4,1043,20255,1,,
347,551,2,1101,20262,1,,
416,197,8,955,20277,1,,
451,554,7,1097,20289,1,,
230,118,8,955,20303,1,,
410,97,4,1115,20304,1,,
288,77,9,1110,20309,1,,
249,2098,1,738,20311,1,,
249,284,2,1105,20311,1,,
473,970,9,1025,20319,1,,
358,997,4,1105,20320,1,,
98,1248,1,566,20325,1,,
433,967,2,1105,20327,1,,
152,1558,2,1129,20336,1,,
364,121,7,726,20343,1,,
165,1635,2,1110,20350,1,,
415,167,10,874,20364,1,,
207,1860,8,874,20379,1,,
386,132,10,1133,20380,1,,
386,120,11,1110,20380,1,,
134,1455,1,1129,20381,1,,
441,325,5,726,20390,1,,
391,236,6,874,20390,1,,
438,237,9,955,20405,1,,
440,292,10,1058,20406,1,,
455,630,5,726,20417,1,,
341,6,12,538,20421,1,,
389,247,10,1084,20422,1,,
412,105,4,726,20426,1,,
131,1441,8,462,20441,1,,
362,69,10,1149,20451,1,,
411,97,11,538,20456,1,,
444,405,6,1074,20463,1,,
312,545,10,538,20470,1,,
166,10,8,538,20482,1,,
461,748,12,1105,20487,1,,
461,-1,-1,-999,20488,2,v14_piggyback,1.0,20487,1
413,133,11,1116,20491,1,,
413,-1,-1,-999,20492,2,v14_piggyback,3.0,20491,1
180,224,8,1116,20505,1,,
445,428,12,874,20506,1,,
160,75,10,973,20508,1,,
160,50,10,973,20508,1,,
313,735,4,1136,20515,1,,
44,3,5,973,20523,1,,
44,1298,6,973,20523,1,,
332,706,8,1134,20533,1,,
45,1279,12,1062,20540,1,,
267,209,2,1134,20540,1,,
385,53,6,1116,20553,1,,
321,91,10,973,20566,1,,
321,0,10,1062,20566,1,,
321,-1,-1,-999,20566,2,v14_piggyback,7.0,20566,0
201,185,8,1116,20567,1,,
242,59,3,874,20568,1,,
162,10,2,1134,20575,1,,
161,75,10,1139,20580,1,,
418,222,2,1105,20583,1,,
266,103,8,973,20593,1,,
414,148,7,1070,20599,1,,
301,54,5,1116,20610,1,,
415,173,8,1136,20614,1,,
435,1136,2,1084,20621,1,,
298,1042,7,1143,20628,1,,
323,0,8,1103,20637,1,,
129,116,4,1149,20642,1,,
464,813,1,1067,20642,1,,
432,936,3,1149,20653,1,,
395,570,6,538,20663,1,,
441,328,6,1137,20673,1,,
411,105,5,726,20693,1,,
341,244,6,462,20698,1,,
341,2587,3,462,20698,1,,
440,288,4,1111,20706,1,,
440,-1,-1,-999,20706,2,v14_piggyback,3.0,20706,0
427,690,6,973,20708,1,,
401,823,3,1070,20713,1,,
463,791,6,1139,20717,1,,
438,227,11,1134,20725,1,,
299,78,6,462,20726,1,,
338,85,1,1031,20731,1,,
473,958,6,462,20749,1,,
130,1435,4,1139,20759,1,,
130,-1,-1,-999,20759,2,v14_piggyback,1.0,20759,0
265,183,4,1045,20762,1,,
445,421,8,726,20765,1,,
198,1814,4,462,20767,1,,
243,2065,2,1111,20771,1,,
179,160,4,1045,20772,1,,
390,208,5,973,20778,1,,
159,75,7,1173,20784,1,,
367,398,4,973,20797,1,,
93,8,5,1173,20805,1,,
76,62,12,1170,20824,1,,
354,720,12,1127,20825,1,,
206,1858,2,1070,20832,1,,
457,3109,3,1129,20842,1,,
260,296,12,1109,20842,1,,
236,131,10,1127,20848,1,,
242,64,4,1109,20851,1,,
392,313,10,1109,20868,1,,
428,627,3,886,20880,1,,
393,316,8,881,20889,1,,
413,148,4,1070,20895,1,,
413,148,12,1111,20895,1,,
413,-1,-1,-999,20895,2,v14_piggyback,3.0,20895,0
352,700,6,1083,20907,1,,
129,1428,4,1029,20916,1,,
362,2700,2,538,20917,1,,
266,90,5,881,20920,1,,
266,103,8,124,20920,1,,
418,203,8,1146,20930,1,,
418,-1,-1,-999,20930,2,v14_piggyback,1.0,20930,0
152,1562,2,1123,20934,1,,
464,816,2,1103,20940,1,,
350,700,10,1146,20946,1,,
251,2106,2,538,20947,1,,
319,2471,3,1123,20955,1,,
229,123,6,1125,20957,1,,
359,12,8,881,20964,1,,
359,-1,-1,-999,20964,2,v14_piggyback,5.0,20964,0
128,1,1,1176,20967,1,,
268,33,9,1174,20977,1,,
254,2123,4,1083,20979,1,,
321,0,2,1103,20986,1,,
241,284,9,124,20990,1,,
241,-1,-1,-999,20990,2,v14_piggyback,1.0,20990,0
131,39,6,1186,20996,1,,
250,284,6,259,21022,1,,
338,6,12,124,21034,1,,
338,109,2,124,21034,1,,
338,-1,-1,-999,21034,2,v14_piggyback,5.0,21034,0
391,242,7,259,21034,1,,
160,50,6,124,21053,1,,
160,269,3,1160,21053,1,,
240,2048,2,259,21073,1,,
240,276,4,259,21073,1,,
269,209,6,1160,21076,1,,
269,33,9,1015,21076,1,,
298,2360,2,1127,21077,1,,
105,1289,2,1146,21085,1,,
105,-1,-1,-999,21085,2,v14_piggyback,1.0,21085,0
4,41,4,881,21089,1,,
4,3,4,1160,21089,1,,
439,265,6,881,21103,1,,
439,268,2,1015,21103,1,,
440,288,4,1111,21105,1,,
440,292,9,1146,21105,1,,
469,889,10,1114,21105,1,,
469,-1,-1,-999,21106,2,v14_piggyback,2.0,21105,1
297,2353,4,550,21114,1,,
367,435,8,124,21120,1,,
220,1935,2,1125,21130,1,,
463,785,8,1015,21136,1,,
224,181,8,1189,21151,1,,
224,301,6,1189,21151,1,,
448,491,4,1189,21160,1,,
484,1159,3,259,21172,1,,
445,425,4,1189,21178,1,,
390,264,5,1185,21182,1,,
204,1848,3,881,21193,1,,
204,81,4,1174,21193,1,,
130,1435,7,1139,21197,1,,
130,110,2,259,21197,1,,
282,677,6,124,21213,1,,
230,95,12,1168,21216,1,,
437,164,6,124,21224,1,,
384,52,5,1168,21239,1,,
384,21,10,1107,21239,1,,
340,6,3,259,21256,1,,
340,244,8,1168,21256,1,,
256,233,7,1196,21265,1,,
287,20,6,1168,21273,1,,
287,211,4,1168,21273,1,,
420,293,5,124,21287,1,,
465,826,9,801,21293,1,,
361,49,6,1160,21298,1,,
438,227,5,881,21309,1,,
438,-1,-1,-999,21309,2,v14_piggyback,1.0,21309,0
198,317,5,801,21310,1,,
198,67,5,831,21310,1,,
321,0,7,1176,21317,1,,
321,0,7,259,21317,1,,
321,-1,-1,-999,21317,2,v14_piggyback,13.0,21317,0
457,667,5,124,21319,1,,
94,13,9,801,21325,1,,
389,264,1,1185,21332,1,,
389,188,8,1107,21332,1,,
0,1297,4,1138,21334,1,,
1,28,6,801,21340,1,,
1,9,3,831,21340,1,,
235,131,3,1107,21347,1,,
235,95,6,1119,21347,1,,
418,226,9,1045,21370,1,,
2,51,3,1157,21384,1,,
2,41,8,1184,21384,1,,
435,3014,4,1046,21389,1,,
476,1015,8,1119,21391,1,,
128,1426,3,1160,21399,1,,
411,93,6,801,21399,1,,
411,112,3,831,21399,1,,
254,2124,3,550,21414,1,,
254,488,6,831,21414,1,,
129,116,7,1168,21415,1,,
363,194,8,801,21428,1,,
185,67,9,1184,21443,1,,
386,53,6,1119,21445,1,,
231,118,6,1201,21458,1,,
3,28,6,1179,21464,1,,
3,19,8,1171,21464,1,,
353,2652,4,1107,21467,1,,
407,35,4,1107,21483,1,,
407,-1,-1,-999,21483,2,v14_piggyback,1.0,21483,0
419,246,3,124,21487,1,,
392,313,5,1119,21493,1,,
267,209,4,1199,21496,1,,
445,413,10,801,21511,1,,
4,41,10,1199,21513,1,,
391,264,3,1185,21520,1,,
440,311,7,124,21525,1,,
217,23,6,831,21527,1,,
429,818,3,1015,21533,1,,
246,2082,3,1114,21547,1,,
5,19,8,1178,21547,1,,
291,439,6,801,21549,1,,
420,283,5,1178,21567,1,,
448,495,6,1196,21567,1,,
486,1181,2,259,21571,1,,
393,449,2,124,21589,1,,
449,512,6,831,21592,1,,
449,-1,-1,-999,21592,2,v14_piggyback,2.0,21592,0
171,1665,2,1168,21609,1,,
120,1380,3,1076,21611,1,,
6,3,12,1213,21630,1,,
338,6,2,259,21633,1,,
354,2660,2,1160,21637,1,,
57,4,5,1184,21638,1,,
368,447,4,801,21647,1,,
394,478,4,801,21660,1,,
469,889,2,1114,21663,1,,
2,30,3,1088,21668,1,,
130,1,6,1214,21674,1,,
450,525,1,1213,21675,1,,
475,999,4,831,21677,1,,
125,1408,1,1185,21680,1,,
400,2863,4,968,21686,1,,
163,14,5,1217,21690,1,,
128,1426,2,1119,21697,1,,
386,55,6,1156,21711,1,,
412,112,3,831,21729,1,,
410,96,3,1218,21740,1,,
352,2650,2,1211,21747,1,,
419,267,7,1076,21760,1,,
425,547,3,1157,21767,1,,
440,312,6,1212,21774,1,,
199,317,2,801,21789,1,,
3,9,4,1223,21793,1,,
3,41,8,1223,21793,1,,
411,98,2,1171,21796,1,,
411,-1,-1,-999,21796,2,v14_piggyback,3.0,21796,0
452,573,2,1219,21800,1,,
321,0,5,259,21801,1,,
321,0,11,1114,21801,1,,
321,-1,-1,-999,21801,2,v14_piggyback,13.0,21801,0
129,1,4,1218,21809,1,,
413,134,2,1211,21816,1,,
413,-1,-1,-999,21816,2,v14_piggyback,3.0,21816,0
135,147,1,801,21819,1,,
451,542,5,1200,21826,1,,
443,385,2,1141,21826,1,,
426,572,11,1141,21844,1,,
420,289,4,1200,21844,1,,
420,263,8,1200,21844,1,,
396,2843,2,1088,21851,1,,
414,134,8,1091,21859,1,,
415,175,6,1141,21862,1,,
319,850,10,1166,21892,1,,
102,1270,1,1088,21896,1,,
471,924,8,1166,21906,1,,
215,271,9,1227,21921,1,,
464,813,5,1227,21931,1,,
4,3,10,1227,21948,1,,
387,80,7,788,21960,1,,
475,992,8,968,21962,1,,
159,151,4,1166,21969,1,,
131,141,1,1166,21975,1,,
442,356,4,1200,21982,1,,
449,512,4,831,21983,1,,
472,953,8,788,21989,1,,
439,273,4,1091,21991,1,,
450,523,10,1166,22005,1,,
410,97,8,1211,22010,1,,
410,97,4,1219,22010,1,,
412,99,6,1198,22010,1,,
388,2811,3,1224,22019,1,,
456,655,4,1206,22020,1,,
62,7,3,1091,22027,1,,
458,695,4,1140,22036,1,,
93,8,10,1224,22042,1,,
392,266,2,1200,22064,1,,
405,2880,2,1055,22071,1,,
440,299,2,1198,22080,1,,
409,76,6,1190,22084,1,,
95,13,6,1202,22092,1,,
163,1619,4,1227,22094,1,,
163,192,4,1169,22094,1,,
163,345,5,1235,22094,1,,
452,577,8,1200,22107,1,,
96,8,2,624,22109,1,,
96,1235,9,624,22109,1,,
487,3247,2,1202,22116,1,,
476,1016,9,835,22123,1,,
463,793,8,530,22130,1,,
386,80,6,835,22135,1,,
391,210,9,624,22145,1,,
453,583,6,788,22146,1,,
453,-1,-1,-999,22147,2,v14_piggyback,1.0,22146,1
414,150,8,1206,22156,1,,
461,761,6,530,22161,1,,
125,1411,11,208,22164,1,,
153,1566,6,1169,22175,1,,
77,24,6,1246,22177,1,,
0,41,4,788,22185,1,,
217,1921,2,835,22191,1,,
239,2046,3,788,22199,1,,
447,468,4,530,22205,1,,
140,147,4,1163,22220,1,,
140,43,6,1163,22220,1,,
321,0,1,1114,22226,1,,
442,359,11,1055,22230,1,,
442,362,7,1140,22230,1,,
318,2465,3,1246,22240,1,,
411,97,5,1219,22248,1,,
411,112,6,1200,22248,1,,
215,1910,1,1190,22253,1,,
404,1002,6,1150,22264,1,,
449,513,7,624,22265,1,,
449,503,8,530,22265,1,,
410,86,4,1246,22272,1,,
458,682,3,1190,22272,1,,
135,1460,1,1167,22276,1,,
413,145,4,1150,22281,1,,
413,-1,-1,-999,22282,2,v14_piggyback,3.0,22281,1
409,68,5,1205,22297,1,,
438,249,8,1163,22301,1,,
312,545,7,1249,22305,1,,
412,133,9,1219,22321,1,,
440,292,7,1235,22327,1,,
440,-1,-1,-999,22327,2,v14_piggyback,2.0,22327,0
6,1259,3,747,22346,1,,
6,9,9,1250,22346,1,,
42,22,3,1163,22359,1,,
42,5,4,1163,22359,1,,
447,466,4,1203,22365,1,,
3,46,12,1260,22387,1,,
3,37,8,1260,22387,1,,
386,127,7,1151,22399,1,,
452,578,8,1163,22401,1,,
416,167,5,1225,22409,1,,
476,1018,10,747,22417,1,,
476,-1,-1,-999,22417,2,v14_piggyback,1.0,22417,0
415,169,4,1177,22419,1,,
321,0,4,968,22421,1,,
321,-1,-1,-999,22422,2,v14_piggyback,2.0,22421,1
425,566,4,1151,22428,1,,
460,725,8,1250,22431,1,,
384,34,10,1252,22435,1,,
488,1206,8,1260,22445,1,,
307,361,3,1230,22456,1,,
307,376,12,1252,22456,1,,
235,131,2,1163,22460,1,,
235,25,7,1260,22460,1,,
301,15,8,1252,22467,1,,
130,1433,4,747,22469,1,,
153,1563,2,1230,22474,1,,
168,1649,2,1230,22481,1,,
168,65,2,1252,22481,1,,
257,296,5,1252,22489,1,,
214,1903,2,1252,22496,1,,
414,137,8,1247,22513,1,,
385,53,5,1233,22520,1,,
340,304,7,1247,22527,1,,
424,522,8,1247,22542,1,,
423,444,4,1094,22565,1,,
423,418,10,1094,22565,1,,
40,29,3,1260,22565,1,,
4,37,4,1247,22574,1,,
313,735,4,1260,22575,1,,
383,32,2,1241,22576,1,,
383,18,8,1241,22576,1,,
422,407,5,1165,22584,1,,
104,1284,3,1260,22586,1,,
480,1091,7,1220,22589,1,,
163,1624,4,1163,22595,1,,
419,272,4,747,22604,1,,
409,79,11,1244,22616,1,,
409,68,6,1225,22616,1,,
409,87,6,1151,22616,1,,
409,-1,-1,-999,22616,2,v14_piggyback,5.0,22616,0
450,533,3,1163,22617,1,,
458,682,6,1151,22627,1,,
127,1421,7,1237,22640,1,,
461,743,4,1241,22655,1,,
411,101,2,1225,22666,1,,
369,357,6,1261,22670,1,,
297,2352,2,1247,22673,1,,
410,87,6,1252,22684,1,,
79,58,7,1261,22689,1,,
79,129,5,1261,22689,1,,
192,1779,2,608,22691,1,,
453,583,2,788,22696,1,,
367,372,2,1154,22698,1,,
288,27,2,1233,22705,1,,
281,277,6,1261,22707,1,,
471,935,3,1241,22719,1,,
488,1205,3,1153,22721,1,,
384,53,4,1233,22742,1,,
384,52,11,1220,22742,1,,
320,71,2,1241,22748,1,,
415,150,6,1237,22751,1,,
386,53,2,1233,22755,1,,
416,169,8,1177,22765,1,,
413,122,8,1225,22779,1,,
413,-1,-1,-999,22780,2,v14_piggyback,3.0,22779,1
438,238,2,1165,22786,1,,
424,493,2,747,22787,1,,
168,1650,6,608,22792,1,,
444,396,2,1233,22801,1,,
309,2416,2,1247,22802,1,,
280,297,4,1270,22804,1,,
170,1662,2,1270,22817,1,,
440,292,1,1235,22826,1,,
470,910,6,1158,22838,1,,
366,337,10,1273,22845,1,,
130,1,7,1158,22856,1,,
338,109,2,1273,22858,1,,
211,1884,1,1169,22861,1,,
127,1420,5,976,22867,1,,
50,1443,2,1273,22878,1,,
414,134,7,1283,22879,1,,
340,109,6,1277,22889,1,,
486,1180,5,1158,22890,1,,
481,3218,2,1158,22899,1,,
480,1096,9,970,22904,1,,
480,1086,9,1154,22904,1,,
339,244,12,1253,22908,1,,
411,99,3,1198,22912,1,,
476,1018,1,747,22917,1,,
453,588,1,1252,22917,1,,
385,52,1,1220,22923,1,,
159,65,4,1289,22936,1,,
427,719,7,1253,22942,1,,
182,153,4,1159,22943,1,,
182,191,4,1285,22943,1,,
306,346,9,1159,22965,1,,
274,278,4,1122,22974,1,,
129,115,8,1193,22979,1,,
287,2,8,1282,22989,1,,
287,-1,-1,-999,22989,2,v14_piggyback,2.0,22989,0
412,133,5,1253,22990,1,,
457,658,2,1122,22995,1,,
184,160,6,1193,22998,1,,
184,191,6,1147,22998,1,,
51,88,5,1268,23011,1,,
51,3,11,1192,23011,1,,
423,477,7,1193,23020,1,,
423,402,8,753,23020,1,,
423,-1,-1,-999,23020,2,v14_piggyback,4.0,23020,0
307,366,11,1192,23026,1,,
415,178,8,1158,23034,1,,
415,-1,-1,-999,23034,2,v14_piggyback,3.0,23034,0
452,561,7,1268,23037,1,,
136,107,10,1172,23050,1,,
242,64,9,1192,23052,1,,
242,59,2,1192,23052,1,,
428,696,10,1192,23067,1,,
108,8,7,1215,23072,1,,
108,45,8,1215,23072,1,,
52,1464,9,767,23079,1,,
289,36,11,1286,23082,1,,
289,20,6,1018,23082,1,,
112,1335,12,1147,23091,1,,
305,57,6,1192,23096,1,,
305,256,6,-65,23096,1,,
130,115,8,1018,23096,1,,
348,694,8,-65,23107,1,,
370,537,3,1159,23111,1,,
370,452,10,1215,23111,1,,
429,756,10,1018,23116,1,,
463,791,11,1215,23128,1,,
284,20,2,1018,23130,1,,
284,27,6,1207,23130,1,,
170,1662,4,1286,23139,1,,
445,419,5,-65,23147,1,,
168,126,5,1243,23160,1,,
168,126,8,1207,23160,1,,
241,318,8,-65,23169,1,,
241,-1,-1,-999,23169,2,v14_piggyback,1.0,23169,0
275,277,10,1204,23176,1,,
486,1183,12,753,23189,1,,
359,997,10,1204,23192,1,,
183,191,9,1172,23204,1,,
411,102,8,1018,23206,1,,
158,1592,8,1207,23220,1,,
476,1014,7,1253,23221,1,,
414,134,1,1159,23225,1,,
414,143,6,1285,23225,1,,
414,2924,2,1147,23225,1,,
414,155,5,753,23225,1,,
439,262,8,1193,23239,1,,
439,-1,-1,-999,23239,2,v14_piggyback,2.0,23239,0
399,2857,4,1192,23244,1,,
480,1090,8,1122,23247,1,,
480,1093,7,1282,23247,1,,
480,-1,-1,-999,23247,2,v14_piggyback,1.0,23247,0
338,6,8,753,23254,1,,
338,-1,-1,-999,23254,2,v14_piggyback,2.0,23254,0
151,1555,3,1192,23259,1,,
389,242,6,1285,23266,1,,
458,684,4,-65,23266,1,,
417,215,3,1253,23272,1,,
452,574,8,-65,23290,1,,
452,-1,-1,-999,23290,2,v14_piggyback,2.0,23290,0
483,1134,3,1253,23308,1,,
274,275,6,1172,23314,1,,
441,3039,3,-65,23314,1,,
413,134,5,1159,23324,1,,
413,-1,-1,-999,23324,2,v14_piggyback,3.0,23324,0
470,905,6,1207,23342,1,,
301,78,4,1266,23345,1,,
457,668,6,1018,23354,1,,
111,1326,6,1207,23365,1,,
193,228,3,1192,23374,1,,
412,112,10,1304,23382,1,,
166,10,3,1215,23383,1,,
354,2659,3,1215,23391,1,,
432,909,5,1204,23392,1,,
145,1524,4,1304,23401,1,,
348,2627,4,1288,23403,1,,
108,1314,2,767,23408,1,,
463,789,10,1266,23416,1,,
290,229,4,1243,23430,1,,
307,2409,4,1018,23448,1,,
6,1259,2,139,23455,1,,
442,364,4,1243,23465,1,,
398,742,2,1258,23466,1,,
339,2579,2,767,23471,1,,
225,1971,2,1159,23473,1,,
467,857,2,1159,23486,1,,
385,2796,1,1273,23500,1,,
449,503,4,1312,23512,1,,
415,155,4,753,23513,1,,
86,3056,3,1069,23522,1,,
364,322,1,1194,23523,1,,
96,13,10,1312,23530,1,,
215,271,8,1316,23536,1,,
441,319,7,1269,23544,1,,
359,11,7,1159,23549,1,,
359,-1,-1,-999,23549,2,v14_piggyback,1.0,23549,0
298,26,8,1272,23563,1,,
147,1534,2,1215,23569,1,,
288,211,3,1312,23572,1,,
418,239,6,974,23576,1,,
392,2825,2,1018,23579,1,,
392,309,1,1312,23579,1,,
168,1651,2,139,23587,1,,
399,666,6,974,23592,1,,
285,2293,3,974,23598,1,,
175,1692,2,974,23604,1,,
267,2197,1,1266,23614,1,,
319,2472,2,1272,23624,1,,
95,1226,1,1018,23630,1,,
95,24,6,1297,23630,1,,
409,79,6,1330,23632,1,,
331,2537,2,1207,23635,1,,
444,388,2,1243,23644,1,,
437,3019,2,1204,23648,1,,
78,129,9,1330,23652,1,,
78,3,5,1330,23652,1,,
78,4,1,1330,23652,1,,
439,262,2,1069,23662,1,,
439,262,4,1193,23662,1,,
480,1093,1,1282,23697,1,,
135,147,8,1022,23703,1,,
135,116,10,1310,23703,1,,
361,49,10,1195,23703,1,,
467,862,6,1069,23717,1,,
410,70,7,1022,23722,1,,
410,87,7,1310,23722,1,,
84,2944,1,1256,23739,1,,
419,235,8,1022,23741,1,,
419,239,6,1275,23741,1,,
186,1750,3,1298,23748,1,,
282,38,10,1022,23756,1,,
466,851,8,1195,23762,1,,
104,1287,2,1175,23762,1,,
326,459,5,1175,23773,1,,
420,267,11,1145,23773,1,,
136,147,8,1195,23776,1,,
120,89,7,1322,23786,1,,
387,94,6,1278,23787,1,,
386,55,4,1298,23797,1,,
243,64,8,1145,23800,1,,
80,58,5,1294,23802,1,,
80,88,5,1112,23802,1,,
215,1907,2,1278,23803,1,,
457,668,3,1142,23811,1,,
353,746,8,1022,23814,1,,
477,1032,5,1112,23820,1,,
242,163,8,1197,23828,1,,
404,2879,3,1086,23836,1,,
199,1822,4,1294,23845,1,,
18,1311,2,1142,23854,1,,
18,46,4,1216,23854,1,,
0,1593,4,1112,23855,1,,
287,20,6,1145,23864,1,,
1,51,6,1293,23876,1,,
402,944,8,1306,23891,1,,
2,19,5,1284,23891,1,,
348,651,6,1145,23896,1,,
447,457,6,1022,23906,1,,
81,88,8,1325,23907,1,,
445,426,6,1022,23916,1,,
442,364,8,1306,23918,1,,
185,67,3,1284,23919,1,,
185,67,8,1152,23919,1,,
463,789,5,1275,23925,1,,
463,-1,-1,-999,23925,2,v14_piggyback,1.0,23925,0
320,196,4,1330,23932,1,,
407,66,4,1284,23934,1,,
407,1117,5,1152,23934,1,,
409,74,6,1145,23941,1,,
384,21,6,1325,23942,1,,
384,-1,-1,-999,23942,2,v14_piggyback,5.0,23942,0
439,274,9,1142,23950,1,,
444,410,7,1112,23952,1,,
419,263,6,1197,23954,1,,
343,310,7,1152,23962,1,,
3,1297,4,1152,23971,1,,
200,81,5,1325,23976,1,,
467,866,6,1216,23983,1,,
437,186,4,1256,23989,1,,
440,314,4,1022,23995,1,,
466,845,11,1298,24001,1,,
477,1038,8,1086,24013,1,,
344,538,8,1317,24015,1,,
41,1237,3,1275,24028,1,,
385,21,3,1325,24033,1,,
170,16,1,1145,24045,1,,
170,1661,2,1197,24045,1,,
188,184,8,1348,24045,1,,
95,1228,6,1317,24063,1,,
260,2159,4,1152,24073,1,,
459,701,2,1293,24076,1,,
175,1689,2,1022,24077,1,,
235,2027,2,1325,24080,1,,
441,328,3,753,24081,1,,
441,-1,-1,-999,24081,2,v14_piggyback,1.0,24081,0
338,6,3,1322,24082,1,,
452,574,2,-65,24092,1,,
229,95,3,1284,24094,1,,
177,1698,2,1330,24096,1,,
429,2985,2,1112,24097,1,,
76,47,2,1310,24102,1,,
297,2354,1,1293,24112,1,,
230,118,1,1310,24154,1,,
407,35,4,1232,24171,1,,
430,800,3,1357,24173,1,,
308,2413,2,1142,24178,1,,
449,515,2,1284,24184,1,,
199,1823,2,1216,24191,1,,
444,390,8,1356,24194,1,,
341,6,2,1327,24195,1,,
231,118,7,1315,24204,1,,
77,62,8,1355,24205,1,,
42,82,5,1327,24211,1,,
183,1735,2,1232,24211,1,,
232,276,6,1303,24214,1,,
337,6,1,1327,24214,1,,
200,1825,3,884,24220,1,,
298,26,2,1315,24224,1,,
259,296,6,1302,24238,1,,
159,151,8,1350,24242,1,,
159,192,2,1327,24242,1,,
463,789,1,1275,24250,1,,
388,176,6,716,24267,1,,
220,240,10,1340,24276,1,,
201,81,9,716,24280,1,,
332,805,9,1144,24289,1,,
160,192,8,1340,24300,1,,
353,700,5,716,24309,1,,
43,82,8,1353,24312,1,,
368,372,10,1313,24326,1,,
431,831,12,714,24326,1,,
233,123,4,716,24333,1,,
367,398,8,1336,24338,1,,
78,24,10,1349,24340,1,,
122,45,2,714,24342,1,,
122,1,2,714,24342,1,,
122,1391,2,714,24342,1,,
440,282,6,714,24352,1,,
2,9,8,1388,24354,1,,
384,21,1,1152,24360,1,,
485,1167,2,1349,24367,1,,
485,-1,-1,-999,24367,2,v14_piggyback,1.0,24367,0
169,1655,2,1349,24373,1,,
217,23,7,1336,24378,1,,
313,735,6,1388,24385,1,,
267,2199,4,716,24397,1,,
301,54,6,1340,24410,1,,
260,296,8,1311,24411,1,,
260,488,10,1311,24411,1,,
202,149,4,714,24413,1,,
407,35,9,1355,24426,1,,
407,-1,-1,-999,24426,2,v14_piggyback,2.0,24426,0
449,500,8,1344,24439,1,,
264,496,9,1341,24445,1,,
411,105,7,1311,24452,1,,
51,88,6,1340,24453,1,,
268,103,8,1370,24457,1,,
415,150,6,1394,24462,1,,
18,1253,4,1236,24467,1,,
18,28,5,1236,24467,1,,
318,2463,4,1144,24479,1,,
318,2464,2,1340,24479,1,,
441,323,8,714,24483,1,,
444,403,2,1357,24491,1,,
444,401,3,714,24491,1,,
305,333,2,1313,24494,1,,
259,2156,2,714,24498,1,,
139,50,5,1394,24501,1,,
432,2999,3,716,24508,1,,
451,549,4,1340,24510,1,,
429,802,3,716,24514,1,,
52,1464,2,1372,24519,1,,
437,164,5,1372,24529,1,,
412,114,1,714,24561,1,,
454,607,2,1336,24562,1,,
465,836,1,714,24566,1,,
365,322,7,1236,24575,1,,
338,6,1,1327,24589,1,,
205,207,2,1394,24598,1,,
410,93,6,1236,24600,1,,
435,3014,2,1311,24607,1,,
167,10,10,1371,24624,1,,
440,282,10,1382,24626,1,,
384,21,3,1325,24637,1,,
384,2793,4,1303,24637,1,,
30,2431,4,1371,24645,1,,
30,46,4,1371,24645,1,,
30,30,6,1371,24645,1,,
383,42,6,1400,24658,1,,
383,31,10,1400,24658,1,,
171,14,1,1311,24662,1,,
171,1666,2,1311,24662,1,,
171,10,8,1392,24662,1,,
419,267,3,1265,24664,1,,
431,891,4,1265,24671,1,,
409,2899,4,1371,24671,1,,
51,1464,7,1372,24675,1,,
452,567,4,1371,24681,1,,
420,267,4,1360,24682,1,,
450,525,3,1360,24688,1,,
3,37,3,1365,24694,1,,
3,41,5,1090,24694,1,,
127,1417,1,1265,24694,1,,
436,3017,3,1365,24702,1,,
256,306,7,1090,24715,1,,
99,1250,8,701,24724,1,,
442,363,3,839,24730,1,,
485,1170,3,839,24737,1,,
421,303,11,1379,24745,1,,
451,553,4,1279,24747,1,,
50,1442,8,701,24770,1,,
128,110,8,1307,24775,1,,
139,1487,6,1374,24779,1,,
339,85,1,701,24783,1,,
74,2364,2,701,24787,1,,
257,488,10,1307,24804,1,,
2,9,6,1318,24808,1,,
2,51,5,1318,24808,1,,
441,328,7,753,24809,1,,
437,180,3,1236,24817,1,,
437,-1,-1,-999,24817,2,v14_piggyback,2.0,24817,0
418,234,10,1048,24818,1,,
411,93,2,1236,24824,1,,
384,34,8,1048,24831,1,,
438,248,3,1090,24832,1,,
321,91,12,1318,24833,1,,
223,1956,2,1048,24845,1,,
223,23,8,1048,24845,1,,
417,225,2,1361,24854,1,,
417,215,4,1404,24854,1,,
63,7,2,1090,24860,1,,
5,3,12,1415,24884,1,,
386,168,3,1404,24886,1,,
448,495,3,1415,24892,1,,
291,2325,3,1048,24892,1,,
454,624,11,1079,24899,1,,
454,608,6,839,24899,1,,
454,-1,-1,-999,24899,2,v14_piggyback,1.0,24899,0
382,18,10,1040,24909,1,,
443,375,2,1323,24909,1,,
140,170,1,1415,24921,1,,
231,2001,2,1347,24928,1,,
416,195,12,1319,24930,1,,
348,680,2,1090,24935,1,,
342,85,8,1320,24941,1,,
86,7,5,1318,24954,1,,
86,8,4,1420,24954,1,,
439,255,8,1040,24965,1,,
439,273,4,1410,24965,1,,
205,1850,3,701,24974,1,,
205,1853,12,1318,24974,1,,
4,28,5,1431,24982,1,,
383,18,2,1040,24985,1,,
383,42,10,1410,24985,1,,
457,660,8,1318,24994,1,,
322,71,8,1402,25006,1,,
322,-1,-1,-999,25007,2,v14_piggyback,7.0,25006,1
442,359,5,1402,25017,1,,
442,-1,-1,-999,25017,2,v14_piggyback,2.0,25017,0
409,74,8,1090,25027,1,,
409,-1,-1,-999,25027,2,v14_piggyback,2.0,25027,0
306,408,9,1040,25028,1,,
160,75,5,1318,25043,1,,
95,1227,8,1410,25045,1,,
229,276,4,1406,25045,1,,
451,553,9,1318,25058,1,,
485,1167,3,1349,25058,1,,
421,303,1,1307,25063,1,,
421,329,2,1324,25063,1,,
421,293,10,1040,25063,1,,
6,1259,4,1410,25076,1,,
418,217,6,1367,25084,1,,
387,80,5,1319,25084,1,,
414,154,10,1381,25099,1,,
89,8,2,1420,25107,1,,
89,7,8,1021,25107,1,,
89,129,8,1021,25107,1,,
89,347,6,1358,25107,1,,
438,216,8,1367,25112,1,,
415,161,8,1410,25113,1,,
323,91,4,1320,25117,1,,
410,79,4,1424,25126,1,,
420,303,4,1307,25129,1,,
460,740,4,1040,25144,1,,
164,1625,2,1048,25164,1,,
448,499,8,1323,25179,1,,
448,487,8,1323,25179,1,,
476,1015,12,1021,25186,1,,
443,385,11,1347,25197,1,,
437,180,2,1236,25204,1,,
433,3006,2,1324,25211,1,,
321,0,10,1320,25211,1,,
321,71,7,1021,25211,1,,
230,400,6,1430,25225,1,,
3,37,9,1021,25226,1,,
179,1716,2,1381,25227,1,,
470,921,8,1358,25240,1,,
207,1861,2,1320,25258,1,,
207,81,9,1021,25258,1,,
455,625,8,1300,25261,1,,
419,289,6,1021,25269,1,,
384,53,7,701,25282,1,,
450,535,7,1300,25283,1,,
288,27,1,1040,25286,1,,
256,2133,2,1292,25292,1,,
445,427,6,1021,25293,1,,
307,361,1,1381,25297,1,,
231,205,5,1021,25304,1,,
457,668,7,1410,25308,1,,
283,36,9,1397,25321,1,,
251,59,4,1320,25323,1,,
232,118,7,845,25328,1,,
466,845,4,1320,25333,1,,
177,1701,1,1300,25333,1,,
265,90,4,845,25345,1,,
101,1267,10,1229,25356,1,,
393,313,10,1332,25362,1,,
418,225,4,1361,25363,1,,
460,724,9,1229,25376,1,,
53,1477,3,845,25384,1,,
420,303,10,1021,25384,1,,
86,3,8,1450,25391,1,,
86,347,2,1450,25391,1,,
407,56,6,1332,25403,1,,
407,35,3,1407,25403,1,,
274,297,7,1450,25419,1,,
408,66,10,1443,25419,1,,
442,359,3,1402,25421,1,,
442,354,11,1021,25421,1,,
444,396,3,1450,25426,1,,
225,1974,2,1450,25431,1,,
0,46,9,1417,25437,1,,
413,135,10,1443,25447,1,,
413,-1,-1,-999,25447,2,v14_piggyback,3.0,25447,0
415,155,6,1021,25448,1,,
243,163,9,1417,25463,1,,
443,370,10,1332,25464,1,,
343,473,8,1326,25477,1,,
279,297,10,1386,25479,1,,
123,1400,4,1318,25486,1,,
448,491,10,1300,25492,1,,
228,1988,3,1021,25494,1,,
109,1315,5,1366,25499,1,,
109,3,10,1366,25499,1,,
409,79,3,1424,25510,1,,
409,70,8,1430,25510,1,,
371,650,8,1426,25511,1,,
416,169,6,1326,25518,1,,
285,27,11,1366,25526,1,,
38,63,9,1332,25530,1,,
396,2846,3,1318,25537,1,,
392,367,8,1407,25544,1,,
292,2330,3,1021,25545,1,,
275,243,7,1366,25551,1,,
306,376,7,1332,25557,1,,
394,367,6,1366,25565,1,,
437,180,7,1430,25570,1,,
288,38,6,1426,25575,1,,
445,417,5,1339,25576,1,,
445,-1,-1,-999,25576,2,v14_piggyback,1.0,25576,0
472,943,6,1366,25598,1,,
438,249,7,1300,25600,1,,
438,-1,-1,-999,25600,2,v14_piggyback,1.0,25600,0
338,6,4,1407,25609,1,,
338,-1,-1,-999,25609,2,v14_piggyback,3.0,25609,0
370,537,6,1333,25612,1,,
455,637,5,845,25620,1,,
348,551,6,1386,25624,1,,
397,640,7,1384,25630,1,,
289,38,7,1413,25635,1,,
110,1,8,1413,25653,1,,
110,13,6,1413,25653,1,,
415,155,6,1417,25654,1,,
415,169,6,1326,25654,1,,
415,-1,-1,-999,25654,2,v14_piggyback,3.0,25654,0
190,1770,2,1320,25658,1,,
308,376,7,1418,25660,1,,
459,715,5,1242,25662,1,,
72,2173,2,1431,25663,1,,
117,1364,3,845,25668,1,,
442,363,4,1418,25678,1,,
101,1264,4,972,25686,1,,
180,166,11,1457,25687,1,,
225,1973,4,1242,25693,1,,
393,462,7,1354,25699,1,,
93,13,4,1457,25715,1,,
193,1787,2,1332,25718,1,,
384,34,2,1407,25731,1,,
470,912,4,1413,25739,1,,
181,14,5,1395,25764,1,,
181,166,12,1395,25764,1,,
202,1834,4,1366,25766,1,,
321,0,4,1395,25771,1,,
414,158,4,1413,25778,1,,
372,507,4,1337,25779,1,,
366,351,3,1413,25787,1,,
64,1929,1,1337,25795,1,,
283,27,8,1460,25804,1,,
419,283,10,1231,25805,1,,
177,1698,2,1292,25812,1,,
0,51,6,1460,25814,1,,
475,992,6,1395,25815,1,,
475,-1,-1,-999,25816,2,v14_piggyback,1.0,25815,1
111,1,5,1245,25825,1,,
340,100,10,1455,25829,1,,
388,176,6,1245,25836,1,,
392,313,5,1455,25839,1,,
305,346,8,1231,25854,1,,
413,142,8,1395,25879,1,,
413,-1,-1,-999,25879,2,v14_piggyback,3.0,25879,0
455,628,7,1231,25883,1,,
462,764,9,569,25894,1,,
40,44,2,1245,25899,1,,
300,57,6,1419,25903,1,,
343,534,5,1377,25904,1,,
363,254,4,1245,25906,1,,
192,1781,4,1419,25918,1,,
57,4,10,1187,25920,1,,
457,662,2,1354,25926,1,,
386,168,10,1456,25941,1,,
474,980,6,1187,25942,1,,
110,1322,10,551,25956,1,,
262,327,8,1187,25956,1,,
425,547,2,1455,25959,1,,
418,234,5,1456,25964,1,,
479,1079,2,1393,25966,1,,
369,452,6,569,25977,1,,
420,303,2,1366,25989,1,,
19,1361,2,1395,25997,1,,
19,30,2,569,25997,1,,
287,20,4,1466,26011,1,,
287,27,8,1466,26011,1,,
438,190,5,1457,26014,1,,
394,528,4,1466,26025,1,,
393,313,4,1455,26027,1,,
272,2224,2,1466,26029,1,,
321,71,4,569,26031,1,,
387,171,4,1466,26045,1,,
202,1835,2,1354,26045,1,,
193,1786,4,1337,26052,1,,
388,171,5,1466,26073,1,,
414,142,8,1187,26075,1,,
437,3019,2,1361,26078,1,,
392,455,10,1488,26081,1,,
200,149,2,1460,26085,1,,
286,2,5,1390,26097,1,,
286,-1,-1,-999,26097,2,v14_piggyback,9.0,26097,0
245,2076,4,1395,26109,1,,
0,41,1,1465,26117,1,,
376,951,3,1049,26117,1,,
56,1671,4,569,26118,1,,
192,1780,3,1393,26127,1,,
192,-1,-1,-999,26127,2,v14_piggyback,1.0,26127,0
300,2369,3,1238,26135,1,,
285,2,3,1390,26135,1,,
411,106,4,569,26136,1,,
415,169,10,1337,26153,1,,
283,2,2,1390,26154,1,,
283,677,6,1487,26154,1,,
445,417,4,1384,26162,1,,
199,81,6,1487,26166,1,,
10,1917,4,978,26187,1,,
475,992,3,1395,26189,1,,
475,1001,7,1411,26189,1,,
475,998,9,1377,26189,1,,
98,1245,10,1487,26197,1,,
284,2,2,1479,26202,1,,
454,612,1,978,26219,1,,
44,5,7,1478,26220,1,,
3,51,7,1228,26247,1,,
273,330,5,1228,26255,1,,
438,204,9,1418,26260,1,,
438,248,11,1354,26260,1,,
194,191,2,978,26267,1,,
97,13,11,1496,26270,1,,
272,2223,2,1444,26279,1,,
479,1075,4,1446,26290,1,,
479,1078,12,1049,26290,1,,
287,2,8,1479,26293,1,,
287,-1,-1,-999,26293,2,v14_piggyback,3.0,26293,0
338,85,1,1453,26296,1,,
465,3142,3,1359,26304,1,,
439,261,9,1468,26308,1,,
5,30,12,1494,26314,1,,
353,737,2,1180,26323,1,,
389,250,5,1494,26325,1,,
4,9,8,1468,26333,1,,
447,476,4,1494,26334,1,,
459,702,2,1180,26334,1,,
183,191,8,1492,26347,1,,
452,560,10,1492,26364,1,,
386,171,7,1468,26370,1,,
93,1218,11,1106,26375,1,,
288,2,1,1180,26381,1,,
289,2,1,1180,26386,1,,
302,57,4,1492,26401,1,,
282,20,6,1409,26407,1,,
66,1943,4,1106,26407,1,,
66,9,6,1106,26407,1,,
66,-1,-1,-999,26407,2,v14_piggyback,2.0,26407,0
354,746,8,1106,26421,1,,
322,0,7,1409,26431,1,,
322,-1,-1,-999,26431,2,v14_piggyback,2.0,26431,0
359,12,6,1106,26433,1,,
395,556,4,1409,26440,1,,
67,1958,3,1104,26457,1,,
67,7,6,1477,26457,1,,
67,88,8,1396,26457,1,,
67,-1,-1,-999,26458,2,v14_piggyback,3.0,26457,1
443,384,8,1445,26475,1,,
443,-1,-1,-999,26475,2,v14_piggyback,2.0,26475,0
454,623,8,1453,26481,1,,
454,612,7,1492,26481,1,,
415,155,10,1180,26483,1,,
415,178,8,1346,26483,1,,
286,2,8,1468,26491,1,,
286,20,2,1409,26491,1,,
286,-1,-1,-999,26491,2,v14_piggyback,5.0,26491,0
171,139,8,1486,26495,1,,
396,603,10,715,26507,1,,
161,75,4,1510,26511,1,,
161,192,6,1451,26511,1,,
21,1550,3,1409,26515,1,,
390,199,8,1512,26525,1,,
475,1010,11,1359,26530,1,,
461,748,11,1267,26533,1,,
391,266,2,1454,26541,1,,
391,250,5,1454,26541,1,,
391,2823,3,1451,26541,1,,
446,438,8,715,26547,1,,
351,700,12,1396,26549,1,,
437,186,9,1451,26556,1,,
366,351,6,1486,26568,1,,
97,1242,8,1228,26576,1,,
141,43,3,1497,26594,1,,
2,19,8,1440,26599,1,,
384,42,2,1454,26605,1,,
441,328,2,1454,26618,1,,
338,6,11,1346,26644,1,,
338,-1,-1,-999,26644,2,v14_piggyback,6.0,26644,0
139,1488,8,1440,26658,1,,
439,251,10,1409,26670,1,,
439,273,10,715,26670,1,,
439,262,10,1445,26670,1,,
439,-1,-1,-999,26670,2,v14_piggyback,2.0,26670,0
445,421,8,1106,26672,1,,
361,997,2,1440,26683,1,,
361,49,4,1346,26683,1,,
386,171,1,1295,26684,1,,
386,80,7,715,26684,1,,
389,210,3,1448,26689,1,,
389,-1,-1,-999,26689,2,v14_piggyback,3.0,26689,0
288,20,5,1267,26694,1,,
449,515,8,1396,26697,1,,
321,0,2,1295,26705,1,,
321,61,4,1267,26705,1,,
321,-1,-1,-999,26706,2,v14_piggyback,6.0,26705,1
342,2595,4,1440,26706,1,,
462,772,6,715,26717,1,,
462,-1,-1,-999,26717,2,v14_piggyback,1.0,26717,0
359,49,8,1346,26720,1,,
364,200,4,715,26735,1,,
287,2,10,1180,26737,1,,
306,393,5,734,26743,1,,
285,20,4,1267,26744,1,,
470,915,3,1267,26772,1,,
275,378,3,734,26774,1,,
258,233,9,1507,26788,1,,
254,2127,1,734,26791,1,,
419,246,2,1267,26809,1,,
454,608,8,1451,26817,1,,
283,36,7,1524,26824,1,,
180,166,2,1267,26835,1,,
391,210,7,1448,26847,1,,
391,264,6,1291,26847,1,,
114,1343,2,1295,26856,1,,
114,-1,-1,-999,26856,2,v14_piggyback,2.0,26856,0
276,434,5,1505,26860,1,,
465,837,3,1106,26875,1,,
465,-1,-1,-999,26875,2,v14_piggyback,2.0,26875,0
390,245,11,1515,26876,1,,
75,62,2,1440,26885,1,,
75,9,2,1516,26885,1,,
274,434,8,1515,26890,1,,
468,874,2,1477,26893,1,,
200,185,2,1106,26901,1,,
199,165,10,1505,26907,1,,
441,331,6,1396,26913,1,,
384,21,4,734,26933,1,,
446,454,12,1373,26943,1,,
141,1499,4,715,26952,1,,
322,0,9,1295,26967,1,,
453,598,1,1466,26972,1,,
443,384,4,1445,26999,1,,
326,530,2,1321,26999,1,,
142,1504,1,1228,27005,1,,
360,1138,2,1321,27006,1,,
256,488,4,1473,27007,1,,
451,559,4,1515,27018,1,,
451,-1,-1,-999,27018,2,v14_piggyback,1.0,27018,0
277,297,7,1526,27030,1,,
230,1999,1,1409,27031,1,,
231,321,6,1526,27042,1,,
362,156,3,1503,27052,1,,
198,228,11,1503,27070,1,,
228,25,9,1408,27076,1,,
467,856,8,1503,27084,1,,
41,29,4,1503,27093,1,,
128,177,12,1537,27094,1,,
109,1320,10,1280,27107,1,,
368,2726,2,1503,27108,1,,
5,9,6,940,27142,1,,
5,41,8,940,27142,1,,
232,321,9,1280,27148,1,,
232,276,10,1280,27148,1,,
413,135,2,1503,27159,1,,
413,122,9,1530,27159,1,,
413,-1,-1,-999,27160,2,v14_piggyback,3.0,27159,1
454,607,9,1505,27163,1,,
0,41,8,1530,27173,1,,
3,30,8,1408,27177,1,,
133,117,8,1528,27189,1,,
219,339,8,1287,27191,1,,
370,591,10,940,27199,1,,
390,188,10,1280,27208,1,,
229,25,11,1182,27216,1,,
439,262,1,1445,27222,1,,
476,1019,8,1280,27239,1,,
143,43,12,1461,27240,1,,
468,882,6,1471,27246,1,,
468,874,9,1321,27246,1,,
367,398,8,1280,27253,1,,
409,76,8,1182,27254,1,,
134,107,4,1182,27263,1,,
384,21,8,940,27272,1,,
384,53,3,1530,27272,1,,
384,-1,-1,-999,27272,2,v14_piggyback,5.0,27272,0
446,438,5,1182,27274,1,,
437,140,3,734,27288,1,,
78,47,6,1280,27300,1,,
326,645,8,940,27307,1,,
197,1812,6,1408,27311,1,,
441,315,11,940,27324,1,,
416,197,6,940,27336,1,,
363,156,3,1530,27344,1,,
185,1746,3,1495,27352,1,,
338,298,3,1515,27358,1,,
369,372,2,1495,27358,1,,
462,772,2,715,27370,1,,
440,290,2,1287,27374,1,,
95,13,8,1542,27384,1,,
299,78,2,1280,27391,1,,
114,1343,5,1295,27394,1,,
459,707,2,1473,27399,1,,
307,361,5,1542,27405,1,,
56,1643,2,1287,27418,1,,
94,8,7,1290,27419,1,,
347,2623,2,1287,27427,1,,
487,1199,1,1473,27435,1,,
449,515,10,1290,27436,1,,
449,-1,-1,-999,27436,2,v14_piggyback,1.0,27436,0
465,837,6,1106,27448,1,,
140,50,10,1290,27452,1,,
123,1,8,1299,27470,1,,
275,275,10,1521,27482,1,,
385,52,8,1299,27484,1,,
127,1421,1,1287,27489,1,,
127,-1,-1,-999,27490,2,v14_piggyback,1.0,27489,1
359,49,8,1299,27498,1,,
359,-1,-1,-999,27498,2,v14_piggyback,8.0,27498,0
472,954,5,1299,27508,1,,
439,262,1,1526,27517,1,,
117,1362,4,1290,27525,1,,
117,39,6,1521,27525,1,,
184,191,11,1164,27528,1,,
476,1019,5,1481,27535,1,,
48,29,6,1164,27550,1,,
48,1383,8,1164,27550,1,,
368,338,9,1521,27550,1,,
451,559,2,1515,27555,1,,
366,357,3,1299,27558,1,,
367,357,1,1299,27563,1,,
437,140,7,1549,27568,1,,
383,32,7,1164,27576,1,,
137,147,12,1452,27581,1,,
453,598,9,1164,27592,1,,
344,377,8,1383,27593,1,,
409,79,5,1546,27601,1,,
409,79,8,1481,27601,1,,
409,-1,-1,-999,27601,2,v14_piggyback,4.0,27601,0
164,1626,3,1383,27628,1,,
386,127,8,1480,27630,1,,
462,3131,2,1383,27639,1,,
410,92,9,1559,27645,1,,
407,40,8,1559,27659,1,,
129,177,5,1164,27664,1,,
421,329,8,1452,27673,1,,
220,1942,4,1164,27673,1,,
220,-1,-1,-999,27674,2,v14_piggyback,1.0,27673,1
384,53,6,1408,27675,1,,
384,21,2,1408,27675,1,,
276,378,8,1452,27687,1,,
300,124,5,1164,27690,1,,
446,450,7,1521,27700,1,,
446,-1,-1,-999,27700,2,v14_piggyback,2.0,27700,0
465,837,10,1532,27706,1,,
465,-1,-1,-999,27706,2,v14_piggyback,2.0,27706,0
487,1187,2,1281,27709,1,,
347,2621,3,1342,27714,1,,
444,388,5,1452,27720,1,,
444,-1,-1,-999,27721,2,v14_piggyback,2.0,27720,1
338,100,6,1096,27724,1,,
270,2216,3,1096,27740,1,,
32,2436,2,1164,27751,1,,
438,1207,6,1096,27752,1,,
264,162,4,1559,27765,1,,
4,37,4,1550,27774,1,,
321,0,4,1290,27777,1,,
321,-1,-1,-999,27777,2,v14_piggyback,1.0,27777,0
145,345,10,1571,27788,1,,
322,0,7,1251,27789,1,,
451,559,4,1503,27803,1,,
345,377,11,1039,27812,1,,
390,266,6,1039,27824,1,,
449,504,6,1521,27826,1,,
453,597,4,1378,27837,1,,
453,590,11,1342,27837,1,,
265,162,8,1039,27838,1,,
464,810,7,1251,27846,1,,
479,1077,6,1039,27849,1,,
291,439,4,1251,27868,1,,
248,430,3,1480,27876,1,,
410,70,5,1480,27886,1,,
419,272,4,1039,27886,1,,
462,769,2,1440,27892,1,,
462,772,10,1342,27892,1,,
435,1114,2,1251,27895,1,,
418,239,7,1522,27899,1,,
343,310,6,1522,27920,1,,
441,320,3,1570,27934,1,,
155,1577,2,1570,27945,1,,
104,1287,6,759,27957,1,,
299,15,5,1574,27966,1,,
384,21,1,940,27971,1,,
127,1421,6,1287,27980,1,,
385,42,7,1574,27984,1,,
389,245,4,759,27989,1,,
470,3164,3,1574,27992,1,,
288,27,2,1574,27998,1,,
288,-1,-1,-999,27999,2,v14_piggyback,3.0,27998,1
226,25,3,1574,28006,1,,
0,51,7,1023,28029,1,,
463,791,4,1533,28039,1,,
243,64,9,292,28039,1,,
243,430,8,1469,28039,1,,
445,429,3,1533,28047,1,,
160,43,3,759,28048,1,,
160,65,12,1474,28048,1,,
476,1014,10,292,28056,1,,
438,216,5,1039,28074,1,,
409,79,4,1481,28077,1,,
409,70,4,1480,28077,1,,
409,92,6,1570,28077,1,,
19,1361,2,1522,28081,1,,
302,2380,2,1433,28086,1,,
302,26,8,1433,28086,1,,
264,162,4,759,28090,1,,
451,559,8,1182,28091,1,,
287,2304,2,759,28096,1,,
434,1065,8,292,28105,1,,
323,91,8,292,28119,1,,
420,303,4,292,28128,1,,
420,-1,-1,-999,28128,2,v14_piggyback,3.0,28128,0
265,2189,4,1500,28130,1,,
199,317,2,759,28137,1,,
152,1558,4,292,28137,1,,
338,6,6,1469,28149,1,,
338,-1,-1,-999,28149,2,v14_piggyback,1.0,28149,0
187,1756,2,1039,28157,1,,
214,271,5,1433,28171,1,,
214,286,8,1414,28171,1,,
442,344,2,1469,28175,1,,
462,762,9,1560,28197,1,,
462,772,4,1096,28197,1,,
462,-1,-1,-999,28197,2,v14_piggyback,1.0,28197,0
446,450,2,1521,28204,1,,
446,446,8,1251,28204,1,,
357,952,8,1414,28208,1,,
441,328,1,1500,28222,1,,
453,598,10,1574,28224,1,,
453,-1,-1,-999,28224,2,v14_piggyback,1.0,28224,0
286,2,6,1576,28233,1,,
161,65,7,1023,28239,1,,
161,50,2,1433,28239,1,,
449,513,8,1574,28253,1,,
292,2329,1,1576,28264,1,,
303,54,7,1399,28266,1,,
215,301,12,1255,28284,1,,
127,1420,12,1474,28294,1,,
423,418,7,1023,28297,1,,
148,1538,4,1449,28307,1,,
148,345,9,1449,28307,1,,
454,602,4,1412,28308,1,,
97,1239,8,1255,28311,1,,
419,267,6,1449,28318,1,,
271,230,6,1399,28323,1,,
110,1,11,1412,28326,1,,
433,990,5,1485,28329,1,,
445,432,8,1023,28336,1,,
326,510,8,1535,28345,1,,
384,21,7,1535,28360,1,,
321,0,4,1251,28375,1,,
321,-1,-1,-999,28375,2,v14_piggyback,1.0,28375,0
181,166,6,1565,28375,1,,
181,104,11,1565,28375,1,,
128,110,5,1535,28388,1,,
111,347,4,1565,28395,1,,
111,1,9,1565,28395,1,,
434,1003,9,1535,28403,1,,
412,102,4,1527,28419,1,,
428,690,10,1066,28425,1,,
152,1561,9,1343,28435,1,,
152,-1,-1,-999,28435,2,v14_piggyback,1.0,28435,0
463,785,8,1023,28439,1,,
341,109,11,1565,28442,1,,
411,93,3,1485,28442,1,,
341,-1,-1,-999,28443,2,v14_piggyback,2.0,28442,1
450,521,6,1433,28451,1,,
187,1753,12,1412,28461,1,,
409,70,10,1433,28471,1,,
409,86,3,1414,28471,1,,
409,-1,-1,-999,28471,2,v14_piggyback,2.0,28471,0
359,12,11,1572,28478,1,,
359,-1,-1,-999,28478,2,v14_piggyback,2.0,28478,0
371,591,6,1255,28482,1,,
446,433,4,1023,28491,1,,
427,683,10,1437,28494,1,,
129,1431,4,1399,28501,1,,
416,2932,2,1449,28501,1,,
195,1794,3,1023,28516,1,,
136,116,8,1572,28518,1,,
136,107,8,1536,28518,1,,
18,1291,3,1255,28530,1,,
443,374,11,1536,28535,1,,
441,324,8,1565,28549,1,,
458,698,3,1414,28554,1,,
421,350,2,1449,28556,1,,
214,286,2,1449,28571,1,,
52,1471,3,1433,28579,1,,
182,113,8,1536,28581,1,,
355,876,2,1449,28593,1,,
420,303,1,292,28599,1,,
454,615,7,1066,28617,1,,
454,602,8,1305,28617,1,,
338,6,7,1255,28623,1,,
445,428,5,292,28628,1,,
483,3223,3,1511,28636,1,,
449,508,8,1305,28637,1,,
462,776,5,1521,28647,1,,
419,263,2,1511,28653,1,,
471,937,8,1565,28662,1,,
414,150,2,1255,28685,1,,
226,1976,2,1255,28692,1,,
453,598,2,1574,28700,1,,
424,477,12,1296,28705,1,,
115,1349,3,1255,28708,1,,
465,837,2,1532,28715,1,,
444,388,7,1066,28717,1,,
423,479,7,1536,28730,1,,
270,2213,1,1414,28736,1,,
469,896,7,1305,28743,1,,
339,85,6,1305,28768,1,,
339,-1,-1,-999,28768,2,v14_piggyback,4.0,28768,0
448,495,7,1041,28770,1,,
448,-1,-1,-999,28770,2,v14_piggyback,2.0,28770,0
41,1237,3,1041,28777,1,,
428,622,8,1536,28782,1,,
321,0,5,1533,28788,1,,
321,-1,-1,-999,28788,2,v14_piggyback,2.0,28788,0
415,173,6,1472,28793,1,,
437,140,6,1470,28797,1,,
437,-1,-1,-999,28798,2,v14_piggyback,2.0,28797,1
