pod_id,item_id,qty,order_id,processed_time,task_type,trigger,opp_score,trip_start,trip_duration
391,316,8,-76,63,1,,
50,4,6,-8,66,1,,
50,4,7,-98,66,1,,
50,4,7,-26,66,1,,
0,37,8,-97,74,1,,
0,37,9,-36,74,1,,
0,46,11,-97,74,1,,
110,1324,8,-90,74,1,,
128,110,4,-63,85,1,,
128,110,4,-22,85,1,,
128,110,6,-98,85,1,,
421,350,8,-99,86,1,,
246,318,8,-92,90,1,,
246,279,4,-97,90,1,,
215,214,8,-76,98,1,,
432,931,10,-86,108,1,,
51,4,3,-26,117,1,,
51,9,8,-55,117,1,,
51,9,12,-100,117,1,,
51,44,2,-33,117,1,,
481,1111,8,-90,123,1,,
467,863,6,-63,127,1,,
415,169,2,-86,129,1,,
415,169,6,-7,129,1,,
415,169,6,-3,129,1,,
439,274,12,-88,139,1,,
427,627,2,-26,140,1,,
427,696,7,-22,140,1,,
409,86,7,-96,150,1,,
117,39,4,-86,151,1,,
117,1364,6,-4,151,1,,
117,1,4,-97,151,1,,
386,127,9,-100,155,1,,
384,18,7,-55,168,1,,
414,155,10,-4,173,1,,
414,150,5,-21,173,1,,
407,35,5,-22,178,1,,
452,575,7,-90,182,1,,
416,182,10,-92,189,1,,
264,162,4,-63,199,1,,
410,97,10,-21,206,1,,
279,243,1,-94,210,1,,
279,2265,4,-84,210,1,,
207,1861,4,-22,213,1,,
295,291,4,-90,217,1,,
348,680,10,-4,222,1,,
438,204,5,-99,225,1,,
144,1517,9,-97,244,1,,
338,287,4,-98,251,1,,
258,2149,4,-78,252,1,,
129,89,4,-68,261,1,,
184,1737,3,-76,264,1,,
301,152,8,-92,264,1,,
475,998,4,-33,271,1,,
320,91,6,-92,280,1,,
404,1002,9,-92,295,1,,
1,41,2,-96,305,1,,
107,1303,2,-22,305,1,,
265,103,2,-99,310,1,,
279,-1,-1,-999,321,2,v14_piggyback,4.0,210,111
99,1250,6,-36,329,1,,
482,1123,2,-78,332,1,,
334,1068,2,-45,335,1,,
411,98,10,-32,347,1,,
198,81,8,-10,347,1,,
0,22,7,-75,350,1,,
415,159,4,-55,354,1,,
157,1586,2,-4,358,1,,
157,107,5,-32,358,1,,
444,396,2,-99,360,1,,
299,124,7,-40,368,1,,
321,91,4,-69,375,1,,
234,2017,3,-17,383,1,,
311,2426,2,-97,388,1,,
391,2824,1,-17,390,1,,
412,102,6,-93,401,1,,
266,162,10,-17,415,1,,
128,1,12,7,422,1,,
386,127,6,-70,433,1,,
130,89,6,-58,442,1,,
133,703,3,5,454,1,,
211,1886,4,-58,458,1,,
92,3239,2,-97,458,1,,
389,242,6,1,462,1,,
2,28,2,12,472,1,,
360,12,4,-27,473,1,,
385,55,4,-65,478,1,,
179,160,3,-65,484,1,,
162,14,2,-37,488,1,,
131,1,12,-27,491,1,,
85,8,6,-70,497,1,,
158,75,10,-34,512,1,,
390,188,7,2,514,1,,
361,49,11,-91,527,1,,
129,614,2,-65,530,1,,
362,69,6,-15,537,1,,
198,1817,4,-25,544,1,,
404,1017,8,-73,548,1,,
86,347,5,-15,549,1,,
388,199,8,-24,560,1,,
482,1126,8,-83,572,1,,
411,101,12,-27,575,1,,
411,111,8,-30,575,1,,
224,1966,2,-67,584,1,,
413,114,7,-30,586,1,,
443,375,4,-67,602,1,,
76,129,9,14,606,1,,
76,3,6,14,606,1,,
444,388,5,-6,610,1,,
288,38,4,-30,612,1,,
159,75,4,-5,620,1,,
410,97,10,14,626,1,,
391,236,8,-73,639,1,,
298,15,6,3,649,1,,
173,10,9,-80,650,1,,
173,153,7,-80,650,1,,
449,516,4,-80,657,1,,
320,0,8,3,660,1,,
51,82,7,16,665,1,,
419,272,2,20,674,1,,
363,119,9,-62,686,1,,
128,1,4,20,686,1,,
174,153,8,-39,698,1,,
389,264,5,3,706,1,,
130,1,6,-48,708,1,,
77,129,11,-62,710,1,,
387,127,6,-39,717,1,,
299,15,10,15,721,1,,
221,1948,2,-62,723,1,,
221,23,6,23,723,1,,
152,170,6,8,734,1,,
152,16,6,8,734,1,,
118,1371,2,-39,738,1,,
412,125,8,-46,738,1,,
409,92,6,23,747,1,,
274,378,10,8,752,1,,
446,446,10,-11,753,1,,
300,26,10,0,783,1,,
0,28,10,-9,785,1,,
131,1438,3,-43,796,1,,
131,1439,4,23,796,1,,
484,1147,7,-11,798,1,,
129,1,4,-11,805,1,,
388,176,4,-62,807,1,,
388,120,4,-46,807,1,,
142,1506,5,0,813,1,,
162,10,6,14,817,1,,
273,209,8,-41,833,1,,
273,275,8,13,833,1,,
443,385,8,-79,838,1,,
443,373,11,3,838,1,,
476,1015,5,0,846,1,,
158,1594,8,-35,857,1,,
411,97,1,14,860,1,,
411,93,8,-9,860,1,,
411,93,11,23,860,1,,
482,1121,8,-67,867,1,,
482,1121,8,-11,867,1,,
478,1053,6,14,869,1,,
479,1082,10,8,871,1,,
417,222,2,22,875,1,,
135,1461,4,-48,882,1,,
449,504,6,-9,885,1,,
305,333,3,-11,886,1,,
305,124,11,-54,886,1,,
408,56,2,8,889,1,,
141,1499,2,8,896,1,,
454,607,8,-54,906,1,,
347,2623,2,-48,917,1,,
423,474,4,16,921,1,,
275,297,2,22,921,1,,
456,655,5,-62,929,1,,
345,544,11,36,945,1,,
298,54,4,14,961,1,,
391,2824,2,-11,961,1,,
391,250,6,-54,961,1,,
352,694,2,23,965,1,,
422,414,6,-38,974,1,,
468,882,4,-11,984,1,,
461,745,4,-46,987,1,,
392,326,4,-38,994,1,,
441,324,7,-54,995,1,,
288,2307,2,-9,999,1,,
229,1995,3,-54,1009,1,,
152,1561,4,-11,1016,1,,
199,1822,4,11,1021,1,,
469,902,3,-54,1024,1,,
197,1813,3,-11,1033,1,,
404,2878,2,-79,1046,1,,
407,35,10,19,1054,1,,
407,56,6,11,1054,1,,
247,2085,2,-30,1059,1,,
321,61,9,39,1067,1,,
418,225,2,39,1072,1,,
446,3063,2,27,1075,1,,
182,191,8,39,1083,1,,
115,1348,2,-30,1091,1,,
437,140,8,39,1095,1,,
393,456,6,41,1100,1,,
57,1681,3,19,1101,1,,
394,326,7,25,1114,1,,
183,166,4,-64,1116,1,,
183,191,7,-64,1116,1,,
350,2640,1,25,1117,1,,
81,24,8,-64,1127,1,,
419,246,6,25,1130,1,,
411,108,8,-64,1139,1,,
454,604,8,-77,1147,1,,
210,231,4,-64,1151,1,,
210,149,4,48,1151,1,,
451,543,8,51,1156,1,,
468,879,4,10,1161,1,,
468,871,6,-16,1161,1,,
420,263,5,51,1167,1,,
113,177,8,24,1179,1,,
408,35,7,-64,1192,1,,
421,300,9,-44,1192,1,,
32,2436,2,-85,1195,1,,
438,1207,5,56,1200,1,,
412,105,8,51,1204,1,,
479,1076,4,6,1207,1,,
367,398,6,-64,1216,1,,
256,587,4,-82,1216,1,,
392,415,6,51,1216,1,,
469,903,6,40,1226,1,,
470,913,4,48,1234,1,,
319,0,9,-56,1242,1,,
362,119,12,-82,1246,1,,
264,923,2,-82,1251,1,,
135,147,6,60,1255,1,,
197,1813,3,-72,1259,1,,
0,9,2,33,1288,1,,
0,3,12,33,1288,1,,
0,22,5,33,1288,1,,
265,33,8,38,1299,1,,
407,66,9,33,1302,1,,
348,680,8,-56,1312,1,,
200,185,8,-2,1313,1,,
1,46,4,47,1315,1,,
42,82,8,-56,1324,1,,
300,2368,2,46,1326,1,,
300,57,7,-2,1326,1,,
395,639,6,33,1335,1,,
266,183,10,47,1346,1,,
266,33,9,59,1346,1,,
286,2298,4,-64,1347,1,,
286,2,4,33,1347,1,,
39,37,5,24,1350,1,,
39,44,7,-18,1350,1,,
39,22,8,-18,1350,1,,
461,753,6,33,1359,1,,
114,177,10,59,1360,1,,
409,79,10,59,1374,1,,
393,309,7,-56,1375,1,,
393,352,12,-18,1375,1,,
386,120,1,47,1378,1,,
394,455,4,56,1379,1,,
441,340,4,33,1395,1,,
411,102,4,24,1407,1,,
411,99,9,60,1407,1,,
411,108,12,-56,1407,1,,
439,253,10,-18,1421,1,,
406,2890,4,33,1422,1,,
358,49,3,33,1431,1,,
478,1056,7,-56,1432,1,,
454,604,6,-85,1432,1,,
454,602,9,-82,1432,1,,
451,558,7,-89,1449,1,,
451,559,6,60,1449,1,,
312,527,8,62,1453,1,,
192,1780,2,24,1461,1,,
192,160,4,-56,1461,1,,
179,294,6,62,1462,1,,
468,882,4,28,1469,1,,
202,228,2,51,1470,1,,
202,1836,4,24,1470,1,,
469,886,8,33,1477,1,,
462,765,6,60,1480,1,,
438,190,6,33,1487,1,,
387,168,7,71,1488,1,,
366,337,6,54,1498,1,,
313,545,5,-56,1506,1,,
437,164,8,71,1509,1,,
479,1084,8,33,1512,1,,
134,1457,3,-56,1516,1,,
282,38,3,55,1518,1,,
100,1261,5,54,1518,1,,
345,544,3,46,1532,1,,
449,515,3,60,1539,1,,
170,1660,3,33,1540,1,,
51,4,3,33,1565,1,,
320,2475,2,71,1565,1,,
320,1104,8,-13,1565,1,,
426,617,4,71,1575,1,,
413,137,2,-56,1590,1,,
403,2873,2,33,1591,1,,
417,217,10,73,1599,1,,
319,1104,2,-64,1616,1,,
419,272,2,-56,1617,1,,
412,112,2,21,1626,1,,
367,431,8,-47,1628,1,,
321,0,8,73,1631,1,,
321,91,6,58,1631,1,,
444,409,2,-56,1641,1,,
115,1351,11,45,1647,1,,
441,342,1,37,1660,1,,
441,342,8,-74,1660,1,,
85,8,6,-13,1662,1,,
85,270,4,-13,1662,1,,
446,436,6,-47,1665,1,,
197,1811,2,-62,1670,1,,
439,3032,4,33,1670,1,,
143,1511,2,-47,1675,1,,
104,1286,3,-47,1680,1,,
385,55,9,73,1681,1,,
385,31,5,58,1681,1,,
224,23,2,-18,1689,1,,
450,524,10,75,1695,1,,
333,2547,2,21,1701,1,,
229,321,1,-2,1704,1,,
368,338,10,45,1727,1,,
480,1085,2,-18,1733,1,,
230,95,10,65,1736,1,,
157,65,8,45,1739,1,,
398,2851,1,-2,1749,1,,
331,688,8,73,1750,1,,
231,400,5,4,1767,1,,
437,174,10,54,1770,1,,
437,3022,4,75,1770,1,,
462,775,9,-47,1774,1,,
449,3076,2,-2,1782,1,,
438,237,8,58,1783,1,,
139,43,6,68,1785,1,,
387,127,7,81,1794,1,,
413,142,4,4,1797,1,,
256,2135,2,4,1805,1,,
488,1204,2,51,1807,1,,
235,2027,2,68,1812,1,,
326,510,4,87,1830,1,,
334,1068,4,53,1831,1,,
250,2104,1,-44,1834,1,,
225,240,9,30,1842,1,,
392,326,6,81,1856,1,,
397,643,8,84,1861,1,,
352,592,4,58,1867,1,,
242,64,12,94,1871,1,,
384,31,7,84,1871,1,,
209,1871,3,81,1879,1,,
447,464,8,94,1883,1,,
124,1403,3,-13,1891,1,,
110,1323,3,94,1893,1,,
446,442,7,53,1904,1,,
226,25,12,89,1905,1,,
454,604,3,-13,1915,1,,
332,865,9,35,1925,1,,
439,251,8,-60,1931,1,,
439,261,8,4,1931,1,,
439,255,4,84,1931,1,,
425,536,5,82,1943,1,,
128,45,8,88,1944,1,,
476,1022,10,89,1945,1,,
416,173,8,98,1955,1,,
426,584,2,58,1959,1,,
386,72,12,90,1976,1,,
412,122,10,-81,1990,1,,
438,216,12,98,2004,1,,
486,1184,8,35,2005,1,,
448,497,11,90,2005,1,,
399,742,2,58,2009,1,,
433,947,2,54,2013,1,,
385,53,12,-81,2022,1,,
51,4,7,104,2024,1,,
166,1641,10,-81,2036,1,,
109,1319,10,18,2038,1,,
148,1538,2,45,2044,1,,
42,82,10,-81,2050,1,,
93,13,11,104,2053,1,,
417,215,4,30,2072,1,,
449,500,3,81,2074,1,,
40,30,4,18,2075,1,,
40,5,12,-61,2075,1,,
415,159,6,50,2084,1,,
402,944,10,-61,2089,1,,
374,778,4,30,2091,1,,
410,93,8,-61,2101,1,,
244,2072,2,98,2104,1,,
419,246,7,88,2111,1,,
193,1786,1,45,2125,1,,
289,2312,3,-61,2127,1,,
289,36,4,-61,2127,1,,
289,20,4,43,2127,1,,
0,19,8,95,2138,1,,
460,3120,2,-81,2142,1,,
414,155,10,49,2144,1,,
207,1863,1,35,2151,1,,
207,207,6,104,2151,1,,
120,1381,8,52,2156,1,,
416,161,4,79,2173,1,,
413,114,6,105,2180,1,,
242,163,7,18,2184,1,,
76,47,4,52,2187,1,,
142,1504,2,90,2192,1,,
338,6,6,44,2194,1,,
234,2018,3,101,2197,1,,
337,6,5,103,2204,1,,
231,2005,2,93,2207,1,,
339,136,6,88,2213,1,,
257,2144,1,89,2214,1,,
447,460,6,35,2236,1,,
340,6,8,-71,2241,1,,
386,146,4,18,2243,1,,
326,2509,2,-71,2246,1,,
462,779,4,95,2250,1,,
341,287,8,74,2257,1,,
152,1559,4,43,2269,1,,
441,343,4,74,2271,1,,
412,122,8,114,2276,1,,
435,3013,2,114,2287,1,,
264,90,4,-61,2288,1,,
342,100,2,120,2296,1,,
427,683,1,120,2304,1,,
410,93,11,43,2310,1,,
417,197,5,101,2311,1,,
428,627,2,26,2320,1,,
445,429,2,18,2333,1,,
460,727,10,52,2337,1,,
290,229,2,95,2348,1,,
415,2929,3,104,2354,1,,
52,4,9,115,2356,1,,
235,2024,2,95,2365,1,,
261,327,6,115,2366,1,,
429,728,10,-23,2371,1,,
162,345,10,108,2391,1,,
162,14,4,108,2391,1,,
416,161,7,103,2400,1,,
288,2,7,91,2404,1,,
370,529,3,67,2406,1,,
265,103,10,124,2419,1,,
470,910,11,67,2422,1,,
282,2,9,108,2423,1,,
291,336,6,64,2433,1,,
256,2134,1,24,2436,1,,
418,232,4,91,2442,1,,
418,203,10,17,2442,1,,
431,2993,2,67,2446,1,,
160,1604,1,43,2457,1,,
159,75,11,96,2457,1,,
371,507,8,-14,2463,1,,
446,442,8,17,2469,1,,
338,109,7,67,2473,1,,
468,873,7,131,2480,1,,
362,2699,2,131,2496,1,,
480,1089,10,-49,2504,1,,
299,57,12,17,2509,1,,
326,530,6,-49,2513,1,,
158,43,12,131,2526,1,,
158,75,10,131,2526,1,,
322,389,12,125,2530,1,,
463,790,6,131,2536,1,,
372,507,8,-49,2541,1,,
298,26,7,70,2545,1,,
441,331,2,18,2545,1,,
360,60,10,83,2559,1,,
402,944,6,17,2563,1,,
358,11,5,57,2567,1,,
440,299,8,-51,2574,1,,
415,167,8,17,2586,1,,
427,2977,2,-19,2590,1,,
427,679,10,-49,2590,1,,
242,64,6,108,2595,1,,
357,952,3,-49,2596,1,,
419,239,6,116,2605,1,,
277,2253,2,-49,2607,1,,
361,69,7,92,2610,1,,
300,26,5,-51,2613,1,,
320,213,4,134,2621,1,,
320,0,6,117,2621,1,,
33,2479,4,17,2622,1,,
106,1296,10,92,2641,1,,
278,2254,2,125,2644,1,,
339,100,7,-52,2652,1,,
445,419,5,108,2656,1,,
273,297,10,77,2661,1,,
413,148,7,-52,2663,1,,
428,736,4,108,2667,1,,
166,1636,6,-52,2672,1,,
340,244,4,115,2679,1,,
414,135,7,-1,2683,1,,
269,2208,3,-51,2685,1,,
369,452,6,-1,2692,1,,
366,357,9,97,2708,1,,
155,1575,3,96,2731,1,,
441,3040,2,67,2734,1,,
483,1130,6,92,2741,1,,
463,798,7,70,2741,1,,
432,931,3,96,2752,1,,
321,804,7,119,2753,1,,
52,1477,3,135,2761,1,,
52,46,4,135,2761,1,,
52,88,6,140,2761,1,,
409,92,1,146,2766,1,,
130,1436,8,135,2779,1,,
130,141,5,140,2779,1,,
315,804,8,146,2782,1,,
169,1657,3,145,2789,1,,
21,1505,1,96,2789,1,,
21,30,10,141,2789,1,,
205,1850,3,115,2795,1,,
115,13,8,135,2796,1,,
115,1352,4,135,2796,1,,
391,309,2,17,2800,1,,
305,333,2,-51,2804,1,,
50,1442,2,108,2818,1,,
322,0,4,129,2824,1,,
322,0,8,145,2824,1,,
180,104,10,155,2839,1,,
415,155,2,49,2851,1,,
384,42,11,135,2852,1,,
0,28,4,155,2862,1,,
0,51,2,-95,2862,1,,
225,25,2,108,2865,1,,
449,515,11,135,2868,1,,
450,526,7,155,2873,1,,
284,38,8,140,2879,1,,
374,846,4,129,2882,1,,
430,833,6,97,2889,1,,
106,1295,8,34,2900,1,,
461,761,2,70,2906,1,,
454,610,2,91,2910,1,,
413,137,10,135,2914,1,,
179,160,8,86,2916,1,,
453,582,5,-1,2923,1,,
210,1879,2,96,2929,1,,
477,1039,5,-52,2942,1,,
58,1713,11,128,2950,1,,
334,2552,2,108,2958,1,,
139,50,4,92,2963,1,,
94,1222,1,70,2970,1,,
414,154,9,155,2993,1,,
441,328,8,-52,2994,1,,
227,1985,4,-52,3001,1,,
390,245,10,132,3002,1,,
416,182,8,128,3004,1,,
391,264,4,72,3009,1,,
46,82,8,137,3016,1,,
389,245,10,144,3023,1,,
458,695,6,85,3027,1,,
190,1773,2,72,3027,1,,
392,266,1,72,3031,1,,
431,892,6,86,3036,1,,
299,124,6,86,3045,1,,
435,1073,4,128,3052,1,,
74,2398,2,131,3054,1,,
273,277,3,-52,3060,1,,
398,2851,2,92,3073,1,,
103,1282,4,-95,3076,1,,
128,89,2,149,3091,1,,
409,92,4,155,3097,1,,
229,123,2,99,3109,1,,
343,2598,2,-52,3109,1,,
59,1700,2,85,3112,1,,
281,2274,2,99,3114,1,,
90,3206,2,140,3114,1,,
444,391,6,102,3125,1,,
213,1900,1,135,3131,1,,
264,33,3,99,3142,1,,
293,2335,3,126,3148,1,,
454,607,4,121,3155,1,,
450,525,6,-95,3161,1,,
252,2115,2,155,3165,1,,
453,579,11,107,3170,1,,
437,186,1,155,3178,1,,
290,381,10,143,3185,1,,
477,1039,6,143,3195,1,,
129,1,4,153,3204,1,,
289,38,8,171,3214,1,,
289,229,6,171,3214,1,,
485,1167,2,86,3216,1,,
427,683,7,171,3224,1,,
418,225,8,157,3231,1,,
344,377,4,157,3238,1,,
458,693,6,150,3250,1,,
417,203,12,158,3254,1,,
103,1282,2,-12,3257,1,,
419,235,2,158,3259,1,,
389,264,9,99,3264,1,,
389,242,5,102,3264,1,,
358,11,7,158,3269,1,,
481,1101,2,157,3274,1,,
416,189,1,110,3275,1,,
426,584,10,172,3279,1,,
446,443,12,139,3290,1,,
408,66,12,151,3307,1,,
428,719,10,178,3309,1,,
363,201,4,178,3316,1,,
411,99,2,143,3321,1,,
199,223,4,139,3322,1,,
199,81,7,151,3322,1,,
441,342,8,96,3332,1,,
375,969,6,172,3342,1,,
414,150,4,170,3351,1,,
265,496,1,167,3354,1,,
474,974,6,167,3364,1,,
415,167,6,167,3373,1,,
451,557,10,123,3386,1,,
439,261,9,170,3386,1,,
413,122,10,151,3388,1,,
405,2884,3,168,3392,1,,
117,1362,3,168,3398,1,,
387,176,8,123,3398,1,,
447,469,5,166,3406,1,,
447,468,8,174,3406,1,,
409,68,9,168,3411,1,,
444,403,10,143,3412,1,,
454,608,2,126,3416,1,,
94,1224,9,-31,3419,1,,
359,12,8,166,3434,1,,
485,1165,2,66,3437,1,,
485,1173,7,9,3437,1,,
485,1171,6,110,3437,1,,
384,17,4,139,3461,1,,
384,21,2,166,3461,1,,
108,1313,9,106,3473,1,,
337,6,8,166,3473,1,,
407,35,5,-31,3481,1,,
386,55,6,142,3483,1,,
385,73,10,182,3488,1,,
453,599,4,158,3490,1,,
362,172,7,163,3499,1,,
420,289,6,139,3499,1,,
486,1174,3,123,3505,1,,
372,754,11,189,3520,1,,
481,1100,6,151,3529,1,,
360,60,8,189,3532,1,,
390,210,4,174,3537,1,,
128,177,7,193,3540,1,,
458,695,4,170,3547,1,,
361,69,10,175,3547,1,,
239,2045,2,168,3551,1,,
383,21,11,184,3563,1,,
414,154,9,168,3568,1,,
389,247,2,142,3573,1,,
408,40,7,123,3573,1,,
466,838,4,193,3579,1,,
426,617,4,166,3590,1,,
415,155,8,168,3591,1,,
451,554,7,-31,3611,1,,
248,2093,4,164,3612,1,,
450,533,3,157,3617,1,,
379,2773,2,168,3630,1,,
363,119,8,164,3637,1,,
477,1048,2,175,3642,1,,
454,607,4,-1,3651,1,,
439,274,8,142,3656,1,,
439,280,6,106,3656,1,,
435,1114,3,151,3657,1,,
163,1624,2,174,3662,1,,
388,132,6,194,3670,1,,
388,188,4,147,3670,1,,
409,68,7,174,3676,1,,
445,423,7,194,3681,1,,
467,862,2,139,3682,1,,
410,93,1,174,3696,1,,
421,303,5,136,3710,1,,
384,42,6,154,3715,1,,
384,17,10,152,3715,1,,
141,1497,1,174,3722,1,,
447,468,11,152,3730,1,,
320,71,6,-87,3735,1,,
382,17,12,111,3755,1,,
459,715,6,-87,3762,1,,
439,-1,-1,-999,3768,2,v14_piggyback,1.0,3656,112
411,98,8,111,3775,1,,
411,111,5,152,3775,1,,
478,1063,6,-87,3778,1,,
264,103,7,152,3788,1,,
397,669,7,80,3789,1,,
282,2,4,147,3796,1,,
93,1217,6,111,3799,1,,
306,366,1,168,3804,1,,
306,333,4,147,3804,1,,
408,35,2,-31,3818,1,,
440,307,12,188,3818,1,,
466,842,6,-87,3823,1,,
410,-1,-1,-999,3830,2,v14_piggyback,1.0,3696,134
387,127,6,80,3832,1,,
407,56,4,152,3836,1,,
407,56,7,188,3836,1,,
422,369,9,165,3836,1,,
424,511,10,203,3852,1,,
419,252,4,196,3862,1,,
259,296,7,188,3865,1,,
412,108,9,183,3881,1,,
136,1474,2,152,3882,1,,
136,1467,9,192,3882,1,,
153,1566,12,196,3883,1,,
442,363,8,195,3894,1,,
353,737,9,183,3896,1,,
229,400,8,196,3906,1,,
395,570,8,183,3919,1,,
273,243,5,152,3919,1,,
135,147,4,195,3924,1,,
477,1038,6,80,3929,1,,
421,387,9,180,3949,1,,
298,54,4,194,3958,1,,
467,863,8,-66,3960,1,,
483,1128,6,111,3964,1,,
445,429,4,198,3965,1,,
385,72,4,164,3983,1,,
417,232,3,198,3984,1,,
409,1151,10,196,3988,1,,
409,76,11,196,3988,1,,
454,3096,3,198,4008,1,,
429,808,4,29,4019,1,,
447,469,12,133,4022,1,,
447,482,11,203,4022,1,,
447,463,8,192,4022,1,,
460,725,1,154,4026,1,,
300,15,12,176,4028,1,,
459,702,8,196,4032,1,,
182,1728,4,152,4033,1,,
230,95,6,186,4037,1,,
433,967,4,154,4042,1,,
224,240,8,213,4044,1,,
485,3238,2,164,4049,1,,
411,102,9,186,4050,1,,
410,93,5,174,4066,1,,
410,74,4,213,4066,1,,
231,276,10,197,4079,1,,
420,300,6,213,4084,1,,
446,441,6,186,4086,1,,
274,277,8,197,4090,1,,
431,907,4,186,4093,1,,
438,218,7,213,4101,1,,
463,797,7,197,4101,1,,
232,321,11,221,4120,1,,
107,1304,5,213,4123,1,,
382,18,6,221,4129,1,,
273,243,7,227,4134,1,,
440,292,4,196,4134,1,,
225,286,3,190,4141,1,,
441,319,11,221,4145,1,,
40,29,8,169,4153,1,,
442,353,9,29,4166,1,,
439,274,3,142,4167,1,,
407,66,6,169,4178,1,,
483,1141,9,197,4179,1,,
338,244,2,198,4183,1,,
449,508,2,147,4189,1,,
339,287,5,231,4197,1,,
308,458,8,205,4213,1,,
275,277,8,63,4225,1,,
390,2820,3,213,4231,1,,
180,224,5,169,4239,1,,
157,65,1,63,4248,1,,
157,16,12,187,4248,1,,
452,573,6,63,4258,1,,
256,221,1,194,4261,1,,
188,1760,2,63,4270,1,,
188,153,7,159,4270,1,,
153,1567,2,78,4273,1,,
0,9,1,186,4278,1,,
134,130,10,209,4284,1,,
229,1995,1,213,4284,1,,
1,19,7,204,4296,1,,
459,701,6,80,4296,1,,
41,5,11,209,4300,1,,
2,46,8,185,4310,1,,
485,1171,5,212,4317,1,,
485,1163,8,205,4317,1,,
285,211,8,185,4322,1,,
282,2,6,223,4332,1,,
413,138,2,209,4341,1,,
413,138,7,187,4341,1,,
413,138,9,-20,4341,1,,
391,264,10,219,4346,1,,
257,221,10,243,4352,1,,
438,190,4,200,4353,1,,
447,482,6,205,4355,1,,
447,475,4,159,4355,1,,
450,518,9,222,4365,1,,
242,163,7,243,4376,1,,
463,795,8,169,4384,1,,
42,5,5,243,4384,1,,
43,1243,12,162,4401,1,,
120,1,6,159,4402,1,,
120,89,5,-20,4402,1,,
241,284,10,229,4415,1,,
363,200,9,209,4424,1,,
363,201,2,-20,4424,1,,
422,402,6,162,4424,1,,
394,478,10,220,4439,1,,
199,165,11,-20,4440,1,,
440,299,12,169,4449,1,,
414,148,11,218,4455,1,,
3,51,6,219,4461,1,,
449,503,3,212,4470,1,,
449,500,8,187,4470,1,,
451,552,11,-20,4486,1,,
124,1406,4,219,4486,1,,
124,115,8,235,4486,1,,
243,157,11,245,4495,1,,
243,59,8,245,4495,1,,
128,1424,10,217,4512,1,,
128,45,10,217,4512,1,,
421,308,8,220,4517,1,,
247,64,10,209,4522,1,,
361,60,6,217,4531,1,,
361,12,8,217,4531,1,,
410,93,10,63,4537,1,,
4,19,10,-20,4551,1,,
283,2,10,235,4552,1,,
283,128,6,217,4552,1,,
103,3,10,112,4554,1,,
103,1280,10,112,4554,1,,
440,-1,-1,-999,4558,2,v14_piggyback,1.0,4449,109
415,150,6,235,4561,1,,
173,126,6,218,4565,1,,
173,1679,4,218,4565,1,,
425,547,4,217,4568,1,,
229,95,6,245,4573,1,,
229,205,8,112,4573,1,,
311,346,7,159,4578,1,,
311,2430,2,209,4578,1,,
338,1068,4,185,4578,1,,
338,85,2,219,4578,1,,
51,4,7,112,4590,1,,
51,3,4,130,4590,1,,
469,902,6,179,4609,1,,
469,885,8,112,4609,1,,
18,1253,10,201,4612,1,,
18,41,12,201,4612,1,,
18,46,4,201,4612,1,,
429,808,8,201,4623,1,,
353,746,12,112,4626,1,,
389,250,6,112,4640,1,,
389,199,4,112,4640,1,,
476,1016,6,63,4650,1,,
476,1021,2,-20,4650,1,,
393,326,11,112,4655,1,,
438,218,8,-20,4661,1,,
339,109,6,201,4665,1,,
339,6,6,238,4665,1,,
442,360,10,130,4669,1,,
463,788,10,187,4675,1,,
471,938,11,112,4685,1,,
160,75,6,201,4685,1,,
384,32,7,218,4686,1,,
398,716,6,-20,4695,1,,
264,33,8,238,4697,1,,
413,142,10,217,4711,1,,
452,576,6,-20,4721,1,,
449,513,10,222,4727,1,,
443,386,5,209,4729,1,,
466,851,6,201,4729,1,,
461,750,6,205,4739,1,,
462,775,10,112,4741,1,,
337,6,6,159,4748,1,,
385,31,2,185,4757,1,,
385,2796,2,201,4757,1,,
446,441,5,187,4757,1,,
220,240,4,185,4764,1,,
50,1442,6,244,4765,1,,
382,18,6,112,4787,1,,
382,1109,3,112,4787,1,,
477,1036,9,112,4800,1,,
383,52,4,234,4800,1,,
0,19,2,179,4807,1,,
0,28,2,130,4807,1,,
362,172,4,201,4807,1,,
411,101,4,-20,4812,1,,
402,2868,4,220,4814,1,,
340,287,8,261,4819,1,,
427,627,3,-20,4825,1,,
128,1424,3,216,4825,1,,
277,2249,3,162,4838,1,,
387,176,3,185,4840,1,,
469,888,8,130,4862,1,,
406,1117,3,130,4869,1,,
218,1925,3,159,4869,1,,
273,330,3,201,4874,1,,
199,149,4,245,4876,1,,
488,1212,2,-20,4877,1,,
256,279,2,185,4879,1,,
198,1818,3,218,4888,1,,
265,496,6,246,4899,1,,
225,1970,2,-20,4900,1,,
423,444,2,187,4912,1,,
188,184,9,255,4924,1,,
391,2823,2,249,4929,1,,
80,2745,2,209,4933,1,,
457,663,2,-20,4938,1,,
471,937,6,205,4947,1,,
463,788,5,162,4949,1,,
465,822,2,159,4952,1,,
242,2062,2,201,4955,1,,
299,124,2,238,4959,1,,
78,2711,2,244,4962,1,,
263,440,6,208,4987,1,,
163,10,9,258,4989,1,,
334,2552,2,212,4992,1,,
464,3138,2,112,4994,1,,
386,72,2,112,4998,1,,
162,1617,2,112,5003,1,,
85,3025,2,238,5009,1,,
389,264,6,266,5018,1,,
443,370,10,265,5019,1,,
86,8,11,266,5039,1,,
409,2901,2,112,5042,1,,
438,227,6,257,5048,1,,
305,256,2,220,5049,1,,
87,3066,1,61,5052,1,,
282,2276,2,112,5056,1,,
192,113,6,287,5066,1,,
59,7,11,289,5081,1,,
247,59,10,76,5087,1,,
247,2087,1,76,5087,1,,
243,59,8,257,5099,1,,
130,45,6,268,5110,1,,
437,180,10,76,5113,1,,
129,45,10,277,5124,1,,
290,412,3,268,5130,1,,
467,860,2,268,5134,1,,
288,128,6,289,5137,1,,
265,2184,2,148,5138,1,,
488,1204,2,268,5143,1,,
390,245,2,268,5148,1,,
224,339,8,254,5159,1,,
300,57,8,76,5164,1,,
391,264,6,254,5169,1,,
164,75,12,239,5172,1,,
164,14,6,239,5172,1,,
471,938,5,160,5191,1,,
471,925,10,277,5191,1,,
415,169,4,76,5192,1,,
415,182,3,76,5192,1,,
367,398,10,161,5197,1,,
343,424,6,239,5206,1,,
88,8,8,293,5212,1,,
440,295,8,76,5223,1,,
486,1179,8,161,5227,1,,
465,827,11,138,5232,1,,
358,11,5,76,5234,1,,
358,876,2,76,5234,1,,
444,405,7,239,5237,1,,
76,129,5,239,5247,1,,
237,2033,3,76,5259,1,,
237,95,3,293,5259,1,,
237,95,4,290,5259,1,,
408,35,6,294,5268,1,,
384,53,4,275,5273,1,,
303,2385,4,239,5280,1,,
438,248,10,76,5282,1,,
162,1618,10,161,5294,1,,
389,2815,2,263,5299,1,,
389,210,10,294,5299,1,,
306,408,9,253,5307,1,,
385,52,11,280,5309,1,,
168,1652,7,290,5309,1,,
283,2,6,283,5318,1,,
225,83,9,274,5320,1,,
392,266,8,253,5332,1,,
443,373,7,148,5342,1,,
437,140,10,283,5352,1,,
193,1785,3,215,5355,1,,
96,1231,9,274,5355,1,,
382,18,5,254,5363,1,,
128,89,5,280,5368,1,,
390,264,6,254,5380,1,,
390,245,6,274,5380,1,,
93,13,8,279,5391,1,,
483,1139,6,76,5416,1,,
446,453,3,275,5421,1,,
215,23,10,306,5422,1,,
215,181,10,276,5422,1,,
215,339,4,276,5422,1,,
107,1303,4,294,5422,1,,
478,1056,2,239,5433,1,,
104,1284,10,276,5436,1,,
480,1087,2,239,5437,1,,
340,2583,2,280,5441,1,,
305,333,4,76,5441,1,,
233,2013,2,292,5445,1,,
469,889,7,276,5447,1,,
416,159,6,290,5452,1,,
407,56,3,269,5463,1,,
161,1612,1,130,5471,1,,
243,2065,4,290,5474,1,,
343,2601,4,292,5481,1,,
129,45,2,315,5495,1,,
307,212,6,314,5499,1,,
448,495,2,294,5503,1,,
408,56,3,269,5509,1,,
444,403,3,273,5519,1,,
444,401,4,215,5519,1,,
383,2788,4,298,5530,1,,
237,2037,4,113,5534,1,,
52,4,6,298,5539,1,,
59,7,2,306,5544,1,,
486,1177,5,274,5552,1,,
384,52,2,76,5555,1,,
229,1994,1,297,5555,1,,
362,121,2,76,5562,1,,
445,432,12,228,5572,1,,
350,2640,2,298,5577,1,,
224,23,2,284,5580,1,,
385,31,10,282,5591,1,,
485,1171,8,282,5602,1,,
460,739,9,319,5608,1,,
221,1948,1,293,5612,1,,
76,24,8,228,5614,1,,
151,16,12,319,5624,1,,
386,55,7,228,5625,1,,
338,244,12,284,5640,1,,
425,547,2,322,5641,1,,
132,117,10,288,5654,1,,
339,6,12,318,5671,1,,
465,825,1,302,5681,1,,
458,699,6,318,5688,1,,
198,81,8,310,5693,1,,
363,172,2,318,5695,1,,
290,412,1,191,5700,1,,
364,69,8,251,5705,1,,
382,17,7,228,5708,1,,
366,194,4,247,5709,1,,
469,884,5,297,5720,1,,
426,547,12,302,5726,1,,
152,16,4,324,5727,1,,
387,94,3,316,5729,1,,
77,47,7,251,5737,1,,
408,48,3,228,5742,1,,
326,459,8,302,5751,1,,
164,192,2,320,5759,1,,
164,1627,4,316,5759,1,,
407,48,9,251,5766,1,,
140,1492,3,324,5774,1,,
448,497,9,317,5781,1,,
189,1765,2,324,5783,1,,
156,1578,9,232,5791,1,,
243,64,10,270,5797,1,,
162,10,6,232,5800,1,,
340,85,6,232,5828,1,,
340,109,8,242,5828,1,,
384,34,10,322,5828,1,,
384,53,7,310,5828,1,,
360,60,1,324,5831,1,,
233,2011,2,276,5832,1,,
160,75,10,242,5846,1,,
55,1519,3,331,5852,1,,
342,298,8,331,5863,1,,
446,433,8,242,5878,1,,
486,1181,11,181,5883,1,,
274,378,7,313,5885,1,,
448,-1,-1,-999,5890,2,v14_piggyback,1.0,5781,109
414,138,3,313,5891,1,,
417,215,6,242,5893,1,,
365,2713,2,313,5895,1,,
344,304,5,313,5903,1,,
422,368,9,270,5905,1,,
422,414,6,181,5905,1,,
60,7,9,181,5921,1,,
40,29,5,232,5921,1,,
38,63,6,271,5930,1,,
474,980,8,214,5935,1,,
273,330,6,271,5939,1,,
327,609,8,214,5949,1,,
469,889,7,320,5955,1,,
214,339,9,270,5964,1,,
438,190,5,232,5978,1,,
349,2631,2,228,5989,1,,
439,268,6,271,5992,1,,
423,407,11,312,5993,1,,
33,2620,2,242,5994,1,,
215,1907,2,100,6003,1,,
412,133,6,270,6014,1,,
412,101,8,291,6014,1,,
458,699,4,267,6014,1,,
320,0,2,271,6019,1,,
408,48,5,232,6021,1,,
395,2842,2,271,6024,1,,
452,562,6,278,6033,1,,
409,84,7,181,6035,1,,
326,2507,2,318,6038,1,,
321,0,3,295,6044,1,,
392,455,12,296,6054,1,,
112,1334,2,271,6055,1,,
394,478,8,312,6068,1,,
338,6,11,211,6086,1,,
1,46,12,341,6086,1,,
339,298,3,341,6093,1,,
140,1494,2,69,6102,1,,
420,300,10,211,6114,1,,
404,2876,1,181,6132,1,,
404,976,10,296,6132,1,,
446,433,10,250,6142,1,,
446,443,8,233,6142,1,,
225,271,4,291,6146,1,,
225,25,4,211,6146,1,,
151,1557,2,191,6149,1,,
2,37,9,307,6155,1,,
424,477,7,211,6158,1,,
368,398,7,118,6170,1,,
58,1706,4,312,6173,1,,
58,46,5,296,6173,1,,
129,1432,3,330,6176,1,,
144,1515,6,181,6185,1,,
216,83,5,118,6193,1,,
216,231,6,118,6193,1,,
159,1596,6,296,6204,1,,
411,99,6,118,6205,1,,
439,258,6,278,6212,1,,
0,30,8,118,6219,1,,
427,696,9,256,6225,1,,
224,23,6,330,6230,1,,
322,61,5,256,6244,1,,
247,163,9,118,6245,1,,
446,-1,-1,-999,6250,2,v14_piggyback,1.0,6142,108
323,61,3,240,6253,1,,
359,11,6,296,6256,1,,
442,348,8,305,6259,1,,
428,719,5,224,6261,1,,
410,87,6,354,6267,1,,
454,602,4,325,6272,1,,
449,508,8,118,6273,1,,
340,244,4,256,6279,1,,
320,91,3,325,6285,1,,
456,657,6,211,6300,1,,
416,195,7,300,6309,1,,
384,52,4,312,6319,1,,
87,8,10,361,6329,1,,
412,108,7,211,6330,1,,
256,233,5,214,6338,1,,
415,161,9,264,6341,1,,
199,260,4,291,6345,1,,
95,1227,4,181,6352,1,,
130,141,4,305,6360,1,,
130,45,10,357,6360,1,,
364,322,4,181,6364,1,,
131,45,3,181,6370,1,,
420,246,6,305,6383,1,,
420,293,8,357,6383,1,,
441,331,3,211,6388,1,,
243,163,10,357,6399,1,,
397,669,8,264,6401,1,,
105,1289,7,305,6412,1,,
452,565,8,264,6413,1,,
209,1877,3,361,6421,1,,
215,83,4,305,6422,1,,
215,23,1,305,6422,1,,
408,35,5,307,6433,1,,
453,579,4,364,6436,1,,
341,287,1,210,6445,1,,
341,6,6,367,6445,1,,
447,481,6,118,6456,1,,
200,81,8,281,6457,1,,
421,293,6,367,6468,1,,
439,253,8,361,6474,1,,
439,262,4,300,6474,1,,
282,20,10,368,6478,1,,
440,305,6,281,6484,1,,
273,278,4,357,6491,1,,
85,8,6,368,6494,1,,
442,364,4,240,6499,1,,
411,105,5,305,6501,1,,
363,201,5,353,6503,1,,
274,330,4,281,6512,1,,
365,322,2,368,6527,1,,
365,172,11,377,6527,1,,
371,723,7,377,6538,1,,
408,-1,-1,-999,6547,2,v14_piggyback,3.0,6433,114
328,649,8,334,6550,1,,
454,611,2,364,6550,1,,
368,447,8,334,6561,1,,
432,3000,3,214,6567,1,,
133,1451,4,32,6568,1,,
438,249,4,321,6570,1,,
419,289,2,334,6578,1,,
419,283,5,334,6578,1,,
216,1911,4,210,6581,1,,
418,241,9,373,6591,1,,
446,443,1,233,6594,1,,
446,443,3,305,6594,1,,
446,436,3,367,6594,1,,
482,1119,3,32,6599,1,,
448,497,2,317,6601,1,,
444,397,2,32,6604,1,,
449,513,7,367,6607,1,,
411,-1,-1,-999,6610,2,v14_piggyback,2.0,6501,109
356,2668,3,305,6627,1,,
201,1830,2,32,6633,1,,
93,1218,2,118,6634,1,,
320,71,1,305,6646,1,,
130,1433,12,31,6674,1,,
417,215,6,272,6676,1,,
452,578,4,281,6681,1,,
455,632,4,31,6688,1,,
412,108,4,368,6689,1,,
262,2172,2,334,6694,1,,
481,1105,5,272,6702,1,,
453,586,6,348,6703,1,,
453,579,5,304,6703,1,,
153,1564,3,304,6709,1,,
447,482,3,31,6715,1,,
299,78,10,332,6719,1,,
110,1321,3,332,6725,1,,
281,278,3,272,6731,1,,
440,290,6,371,6733,1,,
440,282,8,31,6733,1,,
416,195,8,332,6742,1,,
442,355,7,32,6752,1,,
408,35,7,307,6762,1,,
353,720,1,311,6767,1,,
185,1742,2,332,6778,1,,
321,196,4,379,6787,1,,
266,2190,2,31,6799,1,,
459,721,6,379,6799,1,,
454,606,6,388,6810,1,,
453,-1,-1,-999,6815,2,v14_piggyback,1.0,6703,112
128,110,2,392,6816,1,,
168,139,2,344,6821,1,,
456,638,10,388,6827,1,,
409,68,4,388,6836,1,,
410,87,2,304,6846,1,,
343,334,6,363,6849,1,,
482,1118,6,304,6858,1,,
446,446,8,385,6863,1,,
444,405,9,31,6871,1,,
344,334,4,349,6873,1,,
447,-1,-1,-999,6877,2,v14_piggyback,1.0,6715,162
264,33,4,369,6891,1,,
298,15,9,366,6892,1,,
478,1056,2,332,6894,1,,
418,203,6,395,6905,1,,
411,108,6,368,6917,1,,
411,99,3,389,6917,1,,
417,197,5,395,6926,1,,
0,3,7,358,6932,1,,
378,2769,4,393,6932,1,,
463,793,4,386,6939,1,,
412,99,10,393,6946,1,,
319,2470,2,181,6951,1,,
243,64,5,358,6958,1,,
265,33,11,358,6974,1,,
455,629,6,308,6994,1,,
455,631,5,303,6994,1,,
430,844,12,337,6996,1,,
408,68,8,393,6999,1,,
384,34,2,403,7004,1,,
392,456,6,358,7006,1,,
345,534,9,337,7011,1,,
440,314,4,368,7016,1,,
442,364,11,386,7023,1,,
229,118,7,340,7024,1,,
305,256,6,340,7035,1,,
385,34,7,378,7037,1,,
439,255,8,340,7049,1,,
258,2149,4,366,7069,1,,
1,3,5,391,7076,1,,
453,579,2,304,7083,1,,
230,205,11,338,7086,1,,
133,39,3,366,7097,1,,
133,703,2,337,7097,1,,
459,708,10,388,7113,1,,
244,163,11,391,7120,1,,
24,1608,3,340,7127,1,,
24,30,5,355,7127,1,,
388,127,12,260,7127,1,,
403,976,6,402,7137,1,,
376,969,6,352,7146,1,,
456,654,9,366,7149,1,,
456,646,6,340,7149,1,,
273,243,3,352,7152,1,,
313,712,10,260,7166,1,,
129,1429,2,403,7171,1,,
447,482,3,31,7176,1,,
314,545,12,206,7187,1,,
393,455,12,350,7200,1,,
411,112,10,403,7201,1,,
264,103,12,350,7218,1,,
446,436,12,366,7223,1,,
446,450,4,340,7223,1,,
410,74,2,378,7235,1,,
242,430,9,401,7243,1,,
242,193,8,350,7243,1,,
308,458,6,409,7244,1,,
409,70,7,363,7252,1,,
418,215,6,401,7255,1,,
437,174,4,350,7264,1,,
415,173,6,338,7267,1,,
357,2677,2,402,7274,1,,
306,212,6,355,7276,1,,
450,518,8,342,7278,1,,
482,1121,4,355,7283,1,,
108,1313,6,338,7292,1,,
265,2185,2,347,7297,1,,
265,183,10,207,7297,1,,
198,1814,4,338,7301,1,,
486,1184,7,342,7309,1,,
358,12,4,337,7320,1,,
307,366,5,414,7322,1,,
307,408,2,414,7322,1,,
440,288,9,402,7323,1,,
343,2601,4,356,7327,1,,
383,34,12,394,7341,1,,
195,1795,3,366,7343,1,,
397,2849,1,403,7350,1,,
344,473,2,260,7360,1,,
453,590,6,363,7363,1,,
453,594,6,356,7363,1,,
312,480,6,202,7375,1,,
443,365,10,202,7389,1,,
482,-1,-1,-999,7390,2,v14_piggyback,1.0,7283,107
131,1439,4,202,7396,1,,
442,354,5,202,7408,1,,
371,507,10,394,7410,1,,
371,723,7,417,7410,1,,
342,310,10,259,7422,1,,
449,500,2,338,7427,1,,
76,4,6,394,7429,1,,
76,24,8,417,7429,1,,
393,2832,3,337,7434,1,,
109,1,10,207,7444,1,,
101,1269,7,259,7445,1,,
101,13,10,259,7445,1,,
325,2504,2,388,7457,1,,
447,457,10,342,7463,1,,
447,467,4,414,7463,1,,
338,109,11,421,7468,1,,
314,2446,2,388,7476,1,,
410,87,7,202,7479,1,,
1,28,9,394,7479,1,,
408,68,2,388,7487,1,,
72,2211,3,394,7499,1,,
72,4,5,343,7499,1,,
72,3,6,423,7499,1,,
111,1331,1,340,7501,1,,
144,1514,1,340,7505,1,,
372,596,12,398,7515,1,,
411,102,4,394,7530,1,,
411,108,6,398,7530,1,,
0,9,7,398,7540,1,,
134,107,10,404,7549,1,,
385,34,9,417,7553,1,,
129,141,4,259,7553,1,,
129,1,9,426,7553,1,,
135,147,8,416,7561,1,,
264,90,8,394,7565,1,,
265,923,2,404,7573,1,,
419,241,6,426,7574,1,,
419,234,9,426,7574,1,,
438,237,5,426,7582,1,,
274,434,7,404,7588,1,,
2,1232,4,259,7589,1,,
214,286,5,259,7598,1,,
225,25,6,236,7606,1,,
243,64,3,207,7607,1,,
243,163,4,394,7607,1,,
418,241,5,259,7608,1,,
173,1680,4,259,7617,1,,
469,898,5,259,7627,1,,
443,374,7,404,7631,1,,
443,375,2,236,7631,1,,
421,358,6,398,7642,1,,
308,2413,4,309,7649,1,,
451,554,4,346,7649,1,,
420,293,12,405,7658,1,,
388,146,5,207,7668,1,,
388,198,1,423,7668,1,,
482,1121,2,355,7687,1,,
3,51,11,428,7693,1,,
93,1217,6,207,7703,1,,
442,363,4,259,7709,1,,
442,363,8,430,7709,1,,
360,49,8,380,7709,1,,
447,457,6,356,7719,1,,
387,72,7,431,7722,1,,
358,1012,3,236,7724,1,,
435,1073,4,423,7729,1,,
424,519,5,207,7738,1,,
423,477,9,428,7742,1,,
111,1330,10,404,7750,1,,
111,1327,10,236,7750,1,,
446,433,5,394,7758,1,,
416,187,12,410,7762,1,,
343,377,4,398,7765,1,,
452,578,4,398,7772,1,,
130,1434,10,410,7776,1,,
299,124,3,207,7778,1,,
411,93,8,410,7788,1,,
135,1465,3,346,7789,1,,
101,1264,5,384,7796,1,,
417,203,7,433,7807,1,,
442,-1,-1,-999,7816,2,v14_piggyback,1.0,7709,107
456,654,3,342,7827,1,,
143,1513,4,259,7829,1,,
427,622,6,428,7841,1,,
204,1845,3,394,7841,1,,
298,54,11,415,7857,1,,
225,1975,3,346,7857,1,,
132,1,10,434,7865,1,,
313,712,6,370,7870,1,,
471,933,5,370,7883,1,,
451,553,11,226,7901,1,,
451,541,2,335,7901,1,,
100,1262,2,423,7904,1,,
172,1672,2,384,7908,1,,
359,11,9,370,7914,1,,
361,49,9,424,7917,1,,
419,252,6,439,7923,1,,
386,171,10,439,7937,1,,
344,465,5,424,7939,1,,
344,377,9,424,7939,1,,
443,382,8,336,7945,1,,
443,370,8,259,7945,1,,
443,379,7,430,7945,1,,
388,168,8,326,7949,1,,
39,44,8,424,7951,1,,
397,2850,2,428,7952,1,,
358,49,2,424,7957,1,,
128,116,4,439,7961,1,,
128,1,4,326,7961,1,,
464,809,6,424,7976,1,,
387,127,1,437,7977,1,,
387,132,10,383,7977,1,,
229,205,6,424,7986,1,,
420,246,10,437,7991,1,,
482,1113,3,207,7997,1,,
115,1351,8,374,8009,1,,
300,57,2,374,8020,1,,
147,1532,3,374,8030,1,,
162,10,8,374,8044,1,,
414,137,9,422,8054,1,,
442,363,2,430,8059,1,,
360,49,8,301,8066,1,,
445,428,3,374,8067,1,,
428,758,10,437,8070,1,,
424,532,1,374,8073,1,,
436,1144,1,374,8085,1,,
437,174,6,326,8100,1,,
437,1188,7,438,8100,1,,
299,26,7,301,8101,1,,
413,135,12,376,8117,1,,
455,633,6,252,8120,1,,
455,632,9,252,8120,1,,
129,39,10,448,8127,1,,
30,2077,1,301,8131,1,,
30,46,6,422,8131,1,,
30,19,3,376,8131,1,,
403,976,7,326,8138,1,,
403,824,7,252,8138,1,,
486,1185,8,422,8143,1,,
421,302,9,345,8152,1,,
438,237,6,422,8153,1,,
422,308,9,413,8167,1,,
415,182,7,376,8174,1,,
466,838,4,444,8174,1,,
395,2839,2,437,8185,1,,
395,478,9,345,8185,1,,
130,1,12,432,8193,1,,
215,23,9,177,8195,1,,
439,273,9,345,8200,1,,
467,859,6,301,8204,1,,
437,-1,-1,-999,8207,2,v14_piggyback,1.0,8100,107
451,542,8,345,8214,1,,
469,886,8,383,8228,1,,
388,127,7,437,8240,1,,
386,171,6,301,8246,1,,
443,365,6,374,8247,1,,
475,999,8,177,8258,1,,
463,797,5,452,8260,1,,
50,88,4,432,8279,1,,
50,1442,8,432,8279,1,,
18,1253,6,177,8285,1,,
2,46,10,452,8295,1,,
434,1065,7,383,8298,1,,
84,270,5,452,8305,1,,
159,1600,6,345,8309,1,,
414,137,11,177,8312,1,,
147,1533,3,-28,8313,1,,
349,680,6,437,8321,1,,
464,801,6,177,8321,1,,
225,1975,4,452,8322,1,,
445,429,2,443,8335,1,,
445,419,2,372,8335,1,,
445,425,3,444,8335,1,,
442,353,4,207,8339,1,,
442,348,2,398,8339,1,,
273,277,3,452,8343,1,,
413,122,10,177,8353,1,,
100,1261,6,422,8363,1,,
229,400,5,438,8369,1,,
447,469,6,439,8383,1,,
230,123,6,301,8384,1,,
126,1413,6,301,8405,1,,
358,49,6,326,8406,1,,
169,1655,2,452,8407,1,,
392,456,2,452,8415,1,,
438,238,8,177,8418,1,,
418,239,5,438,8422,1,,
243,2064,4,252,8431,1,,
0,22,3,252,8439,1,,
421,369,6,448,8450,1,,
437,174,4,326,8457,1,,
437,186,7,252,8457,1,,
128,1425,5,177,8458,1,,
415,154,9,432,8466,1,,
343,2599,3,252,8472,1,,
1,19,6,458,8477,1,,
384,32,4,177,8480,1,,
395,478,5,301,8488,1,,
422,368,8,462,8497,1,,
105,1294,4,376,8500,1,,
466,842,4,345,8506,1,,
179,160,5,301,8510,1,,
271,230,6,442,8519,1,,
271,230,10,425,8519,1,,
161,75,9,453,8521,1,,
416,161,9,459,8538,1,,
3,37,4,457,8539,1,,
145,345,6,425,8547,1,,
404,1026,4,177,8548,1,,
411,112,3,376,8553,1,,
173,1677,4,177,8562,1,,
339,244,8,459,8566,1,,
167,1644,2,398,8567,1,,
393,449,2,394,8575,1,,
213,1898,2,459,8575,1,,
213,260,4,425,8575,1,,
386,2801,3,457,8581,1,,
443,371,4,425,8599,1,,
387,146,12,464,8609,1,,
242,2059,2,422,8611,1,,
445,429,3,464,8617,1,,
134,107,6,468,8623,1,,
40,44,12,464,8636,1,,
353,2653,3,326,8644,1,,
267,183,11,339,8661,1,,
320,196,5,472,8668,1,,
264,496,5,468,8669,1,,
424,511,1,359,8676,1,,
338,100,6,467,8678,1,,
215,271,2,345,8680,1,,
215,83,4,464,8680,1,,
198,1818,2,438,8687,1,,
279,2262,2,207,8692,1,,
398,671,2,453,8693,1,,
199,223,12,460,8695,1,,
363,254,1,413,8702,1,,
388,94,3,467,8709,1,,
388,146,7,339,8709,1,,
326,459,1,326,8714,1,,
437,179,8,459,8722,1,,
319,0,7,449,8723,1,,
76,129,2,425,8743,1,,
76,4,5,339,8743,1,,
163,10,7,481,8744,1,,
225,25,2,449,8749,1,,
260,2158,2,449,8753,1,,
362,69,5,449,8764,1,,
343,473,6,339,8764,1,,
321,61,3,481,8769,1,,
322,850,4,478,8789,1,,
279,-1,-1,-999,8803,2,v14_piggyback,4.0,8692,111
365,335,11,476,8804,1,,
256,279,2,241,8806,1,,
407,48,5,339,8819,1,,
138,1481,11,173,8824,1,,
136,147,5,479,8828,1,,
465,822,3,460,8836,1,,
445,417,7,472,8849,1,,
469,898,4,339,8852,1,,
399,747,9,241,8863,1,,
389,188,7,447,8863,1,,
164,10,11,173,8866,1,,
442,364,8,285,8875,1,,
443,375,12,339,8879,1,,
267,2197,3,362,8885,1,,
180,166,10,399,8896,1,,
180,10,5,285,8896,1,,
320,71,8,446,8909,1,,
320,61,9,411,8909,1,,
457,667,9,399,8916,1,,
457,668,6,285,8916,1,,
137,147,4,492,8926,1,,
461,745,8,456,8928,1,,
415,161,3,459,8932,1,,
77,58,8,446,8932,1,,
77,58,8,411,8932,1,,
411,105,6,285,8940,1,,
327,645,6,285,8951,1,,
253,411,10,446,8952,1,,
253,471,5,411,8952,1,,
408,48,10,446,8966,1,,
412,101,10,450,8968,1,,
459,705,2,460,8968,1,,
114,1345,3,447,8974,1,,
24,1598,8,122,8981,1,,
414,135,10,411,8985,1,,
414,148,4,411,8985,1,,
334,1068,3,446,9000,1,,
334,894,8,411,9000,1,,
125,1408,2,425,9006,1,,
252,193,7,476,9013,1,,
252,2112,2,446,9013,1,,
456,648,10,446,9027,1,,
476,1025,6,399,9031,1,,
462,777,2,339,9038,1,,
387,171,8,481,9039,1,,
215,83,8,173,9051,1,,
416,167,6,390,9058,1,,
199,260,7,173,9068,1,,
117,1364,10,390,9073,1,,
296,2350,2,477,9076,1,,
362,156,6,285,9082,1,,
138,1481,6,446,9084,1,,
386,120,5,499,9090,1,,
445,432,6,411,9094,1,,
452,574,5,451,9098,1,,
407,48,4,450,9105,1,,
163,10,4,499,9112,1,,
256,279,3,407,9113,1,,
465,835,5,446,9125,1,,
442,348,7,390,9127,1,,
288,2,7,407,9132,1,,
457,662,6,122,9137,1,,
137,1480,3,-29,9144,1,,
451,554,4,446,9149,1,,
289,38,8,400,9164,1,,
289,20,6,400,9164,1,,
284,2,11,387,9185,1,,
284,20,4,387,9185,1,,
454,606,4,478,9188,1,,
444,396,2,400,9189,1,,
393,352,1,173,9195,1,,
393,2834,3,411,9195,1,,
338,136,8,387,9201,1,,
401,2867,4,478,9205,1,,
78,24,7,387,9211,1,,
290,128,10,512,9225,1,,
411,105,8,451,9225,1,,
411,111,8,456,9225,1,,
332,780,4,399,9232,1,,
255,2129,2,285,9237,1,,
376,932,2,387,9237,1,,
376,982,6,512,9237,1,,
459,708,10,411,9240,1,,
373,2747,4,285,9257,1,,
285,2,2,285,9265,1,,
125,1411,6,476,9268,1,,
253,2121,2,285,9273,1,,
462,3130,2,477,9276,1,,
462,779,7,407,9276,1,,
114,1344,9,173,9281,1,,
358,12,2,446,9291,1,,
437,140,4,449,9298,1,,
303,2386,2,390,9304,1,,
48,1397,3,446,9306,1,,
53,4,6,465,9320,1,,
370,507,12,397,9320,1,,
298,26,7,493,9331,1,,
409,76,2,493,9336,1,,
299,78,4,465,9344,1,,
372,754,8,486,9347,1,,
459,-1,-1,-999,9351,2,v14_piggyback,1.0,9240,111
40,29,7,509,9355,1,,
199,1823,3,502,9363,1,,
386,146,3,509,9366,1,,
471,929,6,387,9375,1,,
445,427,6,502,9384,1,,
279,2263,2,-50,9397,1,,
454,624,6,387,9399,1,,
383,17,12,485,9415,1,,
440,314,2,411,9421,1,,
363,201,2,387,9423,1,,
135,107,9,501,9424,1,,
443,370,2,387,9427,1,,
407,1208,11,501,9440,1,,
49,1383,4,503,9441,1,,
384,53,6,491,9448,1,,
438,216,8,501,9451,1,,
465,837,10,488,9465,1,,
385,32,4,507,9469,1,,
385,34,4,328,9469,1,,
385,21,6,328,9469,1,,
385,72,1,328,9469,1,,
42,63,4,486,9470,1,,
42,1243,10,262,9470,1,,
477,1039,4,488,9474,1,,
200,144,6,501,9479,1,,
367,431,6,505,9488,1,,
139,1489,10,230,9499,1,,
43,1275,1,397,9503,1,,
43,5,6,526,9503,1,,
410,84,2,488,9505,1,,
279,-1,-1,-999,9514,2,v14_piggyback,4.0,9397,117
312,480,8,230,9519,1,,
1,3,10,328,9520,1,,
288,27,4,262,9521,1,,
434,1065,4,501,9528,1,,
418,241,3,501,9538,1,,
289,229,6,328,9541,1,,
289,38,4,328,9541,1,,
162,126,11,523,9562,1,,
382,1172,7,230,9563,1,,
44,1275,2,299,9571,1,,
443,-1,-1,-999,9576,2,v14_piggyback,1.0,9427,149
112,1334,6,511,9578,1,,
414,150,10,328,9591,1,,
113,1,5,523,9604,1,,
113,177,4,523,9604,1,,
453,579,6,230,9610,1,,
421,308,8,328,9616,1,,
84,270,10,466,9627,1,,
459,718,5,482,9631,1,,
459,707,6,328,9631,1,,
437,180,9,505,9636,1,,
438,-1,-1,-999,9638,2,v14_piggyback,1.0,9451,187
313,564,7,396,9639,1,,
40,5,8,523,9642,1,,
445,425,10,230,9660,1,,
466,842,4,469,9671,1,,
383,17,8,328,9677,1,,
383,34,3,328,9677,1,,
383,18,6,328,9677,1,,
383,1172,10,528,9677,1,,
366,351,8,469,9684,1,,
431,907,8,328,9689,1,,
479,1083,2,501,9689,1,,
317,2459,1,469,9692,1,,
272,2225,2,489,9697,1,,
422,329,12,487,9705,1,,
419,241,2,489,9707,1,,
440,311,7,440,9709,1,,
440,311,8,230,9709,1,,
440,295,10,503,9709,1,,
440,281,12,488,9709,1,,
465,835,6,454,9731,1,,
465,830,9,396,9731,1,,
242,430,5,230,9744,1,,
163,14,8,225,9746,1,,
163,65,9,225,9746,1,,
338,202,10,487,9749,1,,
341,2588,4,511,9753,1,,
439,274,8,328,9760,1,,
435,1030,12,225,9764,1,,
408,48,6,396,9765,1,,
454,611,8,528,9772,1,,
271,230,2,225,9777,1,,
271,183,7,225,9777,1,,
488,1204,2,396,9786,1,,
339,85,10,496,9791,1,,
386,171,1,396,9802,1,,
449,503,7,328,9811,1,,
446,450,7,507,9822,1,,
407,48,1,396,9829,1,,
425,571,6,528,9831,1,,
441,319,6,528,9849,1,,
453,593,12,511,9849,1,,
377,991,6,523,9858,1,,
340,85,9,520,9864,1,,
62,1873,2,429,9865,1,,
62,88,12,510,9865,1,,
135,107,5,328,9874,1,,
112,1334,6,396,9876,1,,
408,-1,-1,-999,9878,2,v14_piggyback,2.0,9765,113
384,17,4,328,9886,1,,
168,192,8,496,9899,1,,
168,139,9,420,9899,1,,
168,65,9,420,9899,1,,
298,26,4,485,9918,1,,
456,653,9,225,9924,1,,
456,642,10,540,9924,1,,
466,845,4,328,9925,1,,
459,708,2,285,9941,1,,
459,718,10,225,9941,1,,
103,1277,9,418,9941,1,,
265,90,10,510,9963,1,,
265,440,5,538,9963,1,,
438,206,7,408,9971,1,,
288,38,2,328,9979,1,,
342,304,12,510,9982,1,,
113,1338,2,495,9984,1,,
159,269,11,548,9989,1,,
384,-1,-1,-999,9994,2,v14_piggyback,1.0,9886,108
387,72,6,408,10003,1,,
387,171,2,548,10003,1,,
41,29,10,420,10009,1,,
41,5,9,420,10009,1,,
106,1301,3,408,10023,1,,
106,115,10,548,10023,1,,
440,290,6,328,10028,1,,
482,1125,6,408,10034,1,,
86,347,7,420,10034,1,,
86,3,11,540,10034,1,,
282,20,5,418,10045,1,,
439,258,10,441,10047,1,,
439,258,4,506,10047,1,,
452,567,12,420,10053,1,,
412,133,5,418,10060,1,,
418,2939,2,225,10071,1,,
418,239,9,225,10071,1,,
131,1,6,549,10077,1,,
240,2050,2,225,10086,1,,
240,131,7,225,10086,1,,
408,68,4,528,10091,1,,
461,753,5,418,10100,1,,
392,352,8,540,10102,1,,
341,6,12,408,10118,1,,
283,128,9,557,10124,1,,
450,539,8,420,10125,1,,
446,441,8,475,10132,1,,
413,145,8,540,10139,1,,
377,2762,4,248,10140,1,,
139,50,2,557,10147,1,,
439,-1,-1,-999,10154,2,v14_piggyback,1.0,10047,107
411,99,8,557,10161,1,,
407,40,10,418,10168,1,,
407,40,10,475,10168,1,,
444,391,6,225,10183,1,,
94,13,5,554,10186,1,,
128,116,8,524,10192,1,,
421,329,6,420,10195,1,,
389,208,5,225,10205,1,,
476,1019,8,524,10212,1,,
103,1280,7,365,10215,1,,
256,221,6,524,10223,1,,
458,691,4,408,10228,1,,
459,702,7,408,10241,1,,
299,26,4,225,10243,1,,
384,17,4,225,10253,1,,
383,31,7,529,10253,1,,
438,248,7,548,10256,1,,
433,947,1,429,10262,1,,
433,1000,3,225,10262,1,,
320,804,3,418,10264,1,,
144,1515,6,527,10270,1,,
331,688,5,420,10272,1,,
242,59,4,520,10273,1,,
319,0,4,420,10285,1,,
54,1519,2,548,10301,1,,
326,609,10,553,10303,1,,
435,3013,2,396,10308,1,,
452,567,7,514,10315,1,,
452,568,3,559,10315,1,,
452,565,3,455,10315,1,,
412,111,10,527,10324,1,,
412,99,4,529,10324,1,,
385,52,9,553,10339,1,,
386,55,3,225,10341,1,,
447,475,9,553,10354,1,,
229,118,4,531,10357,1,,
408,40,1,475,10363,1,,
461,751,8,225,10369,1,,
140,43,8,567,10382,1,,
388,188,3,473,10383,1,,
451,541,3,225,10394,1,,
415,159,8,567,10396,1,,
365,335,3,225,10399,1,,
230,123,7,550,10409,1,,
145,1524,6,558,10421,1,,
429,763,8,109,10423,1,,
183,1736,3,225,10428,1,,
387,171,6,558,10432,1,,
306,2403,2,540,10437,1,,
439,258,8,506,10437,1,,
411,105,2,540,10453,1,,
88,8,12,561,10453,1,,
2,19,10,561,10470,1,,
199,1819,2,225,10474,1,,
0,9,2,558,10476,1,,
404,1013,8,109,10481,1,,
136,107,10,585,10493,1,,
158,1594,7,109,10494,1,,
182,113,10,541,10507,1,,
363,220,5,576,10510,1,,
363,69,6,562,10510,1,,
384,52,3,553,10512,1,,
384,18,8,550,10512,1,,
442,348,7,109,10525,1,,
133,1454,2,558,10527,1,,
133,39,8,576,10527,1,,
362,119,6,575,10530,1,,
466,851,7,585,10540,1,,
201,149,9,544,10543,1,,
479,1075,7,109,10547,1,,
200,144,9,575,10556,1,,
364,69,4,546,10561,1,,
364,69,8,571,10561,1,,
412,105,1,540,10564,1,,
412,112,4,580,10564,1,,
15,1225,6,109,10568,1,,
383,34,4,541,10578,1,,
413,133,6,568,10580,1,,
441,340,12,571,10585,1,,
172,1670,4,553,10605,1,,
172,65,8,552,10605,1,,
103,1282,4,473,10608,1,,
216,23,5,544,10617,1,,
290,412,6,550,10626,1,,
1,9,6,571,10627,1,,
442,-1,-1,-999,10637,2,v14_piggyback,1.0,10525,112
408,40,6,553,10638,1,,
451,548,9,580,10647,1,,
288,2,3,561,10651,1,,
134,130,2,575,10652,1,,
295,229,12,551,10657,1,,
388,2811,3,562,10660,1,,
294,2339,2,561,10666,1,,
338,6,2,575,10668,1,,
433,947,2,561,10671,1,,
202,185,6,583,10677,1,,
168,1653,2,553,10684,1,,
168,14,8,551,10684,1,,
474,987,2,571,10690,1,,
411,93,5,579,10695,1,,
322,389,6,109,10711,1,,
183,1735,2,199,10712,1,,
457,659,6,553,10723,1,,
224,214,2,566,10730,1,,
434,1003,10,573,10735,1,,
439,262,9,109,10738,1,,
415,155,5,109,10749,1,,
76,3,6,596,10749,1,,
76,47,4,596,10749,1,,
460,739,2,558,10753,1,,
352,589,9,578,10777,1,,
237,2035,4,573,10781,1,,
449,509,6,461,10786,1,,
132,1446,4,527,10790,1,,
458,689,5,527,10801,1,,
426,601,12,461,10803,1,,
464,816,5,596,10811,1,,
291,229,12,536,10820,1,,
342,310,1,596,10826,1,,
427,719,6,578,10830,1,,
437,186,10,536,10836,1,,
281,2275,2,553,10849,1,,
281,461,5,536,10849,1,,
441,340,2,516,10852,1,,
425,536,9,597,10852,1,,
416,159,4,594,10858,1,,
229,95,4,600,10862,1,,
424,522,10,582,10872,1,,
363,194,6,597,10882,1,,
444,394,6,555,10883,1,,
451,548,6,578,10891,1,,
417,195,8,480,10904,1,,
478,1053,9,539,10910,1,,
418,225,8,587,10916,1,,
230,400,11,539,10926,1,,
99,1250,4,555,10928,1,,
442,348,3,109,10939,1,,
442,344,2,555,10939,1,,
410,92,12,539,10942,1,,
200,185,4,109,10948,1,,
158,151,7,539,10953,1,,
448,489,8,595,10954,1,,
106,1299,8,587,10965,1,,
105,1293,9,532,10965,1,,
474,983,6,360,10975,1,,
134,107,3,109,10979,1,,
386,120,2,529,10990,1,,
409,79,7,572,10994,1,,
384,53,3,543,11002,1,,
459,715,6,461,11003,1,,
429,771,6,461,11012,1,,
88,3182,2,539,11013,1,,
428,719,5,595,11038,1,,
415,178,12,593,11050,1,,
449,506,8,480,11052,1,,
170,14,1,555,11058,1,,
170,1663,2,543,11058,1,,
368,2724,4,595,11059,1,,
464,807,4,516,11060,1,,
464,815,6,556,11060,1,,
393,2832,2,550,11065,1,,
452,568,6,577,11069,1,,
454,612,6,614,11078,1,,
338,2572,4,583,11080,1,,
385,32,10,593,11086,1,,
385,73,4,530,11086,1,,
438,218,4,597,11087,1,,
427,719,4,595,11094,1,,
159,192,5,614,11105,1,,
437,179,12,555,11109,1,,
436,1144,2,532,11110,1,,
439,255,4,595,11122,1,,
162,14,11,607,11129,1,,
458,689,2,539,11133,1,,
297,2352,2,480,11138,1,,
433,1009,3,530,11142,1,,
433,1009,4,593,11142,1,,
340,6,7,436,11166,1,,
233,2012,1,532,11175,1,,
444,410,6,543,11188,1,,
410,70,5,582,11194,1,,
404,1017,8,436,11202,1,,
419,283,10,599,11204,1,,
448,484,9,533,11207,1,,
299,15,6,436,11211,1,,
392,326,6,530,11216,1,,
50,88,6,610,11216,1,,
437,-1,-1,-999,11218,2,v14_piggyback,1.0,11109,109
105,1294,6,577,11220,1,,
342,310,6,610,11226,1,,
420,303,8,564,11230,1,,
309,2417,1,610,11239,1,,
285,2291,4,530,11252,1,,
409,2899,4,532,11258,1,,
409,79,3,532,11258,1,,
409,86,8,436,11258,1,,
384,17,8,564,11267,1,,
405,1002,6,381,11267,1,,
476,1029,5,599,11277,1,,
411,108,4,329,11295,1,,
450,540,5,436,11303,1,,
199,1820,2,607,11304,1,,
273,297,7,329,11305,1,,
428,620,9,329,11318,1,,
298,15,4,570,11320,1,,
416,169,7,619,11329,1,,
464,819,11,436,11335,1,,
266,33,10,628,11342,1,,
358,49,4,534,11342,1,,
119,1375,11,534,11358,1,,
449,501,3,556,11363,1,,
438,238,4,613,11365,1,,
438,249,10,610,11365,1,,
438,206,11,329,11365,1,,
286,2,10,628,11370,1,,
385,72,3,436,11373,1,,
41,29,8,591,11377,1,,
201,144,6,628,11386,1,,
201,165,4,628,11386,1,,
412,102,6,535,11398,1,,
412,111,10,602,11398,1,,
411,-1,-1,-999,11403,2,v14_piggyback,2.0,11295,108
77,58,2,593,11413,1,,
338,109,1,628,11418,1,,
337,697,10,535,11425,1,,
337,6,1,604,11425,1,,
122,110,7,631,11427,1,,
122,1390,2,631,11427,1,,
122,1,7,631,11427,1,,
395,621,2,628,11433,1,,
415,155,3,381,11433,1,,
417,203,1,329,11439,1,,
417,187,9,604,11439,1,,
108,1314,9,604,11458,1,,
410,76,4,543,11469,1,,
139,50,6,591,11481,1,,
139,43,3,602,11481,1,,
437,179,5,532,11483,1,,
462,765,8,634,11483,1,,
242,2062,2,381,11490,1,,
200,223,12,636,11502,1,,
433,3005,4,631,11503,1,,
412,-1,-1,-999,11507,2,v14_piggyback,2.0,11398,109
386,146,7,535,11508,1,,
400,773,10,522,11519,1,,
448,486,10,619,11526,1,,
408,48,2,436,11528,1,,
429,736,7,535,11539,1,,
420,289,7,623,11539,1,,
420,303,6,636,11539,1,,
249,2098,3,586,11547,1,,
249,157,6,586,11547,1,,
338,-1,-1,-999,11569,2,v14_piggyback,1.0,11418,151
450,535,2,615,11574,1,,
450,531,8,534,11574,1,,
241,2053,1,436,11577,1,,
274,278,6,619,11583,1,,
0,51,4,636,11589,1,,
384,32,4,636,11598,1,,
145,345,6,601,11607,1,,
193,228,6,634,11610,1,,
132,117,8,625,11611,1,,
417,-1,-1,-999,11631,2,v14_piggyback,2.0,11439,192
460,733,4,522,11634,1,,
255,221,6,601,11636,1,,
247,318,6,591,11642,1,,
340,6,5,604,11652,1,,
421,302,6,641,11664,1,,
438,190,4,436,11667,1,,
411,108,5,329,11667,1,,
411,111,2,602,11667,1,,
168,139,4,602,11680,1,,
398,671,4,608,11683,1,,
418,203,4,329,11691,1,,
244,64,3,601,11696,1,,
299,78,4,602,11701,1,,
128,115,3,601,11704,1,,
470,913,4,636,11712,1,,
410,79,7,532,11714,1,,
476,1018,4,628,11721,1,,
129,177,7,651,11725,1,,
1,28,4,630,11731,1,,
320,71,4,535,11740,1,,
439,255,3,634,11754,1,,
449,515,4,610,11759,1,,
135,107,6,627,11764,1,,
215,214,4,329,11773,1,,
101,1264,8,646,11775,1,,
87,8,6,653,11797,1,,
87,3,10,653,11797,1,,
473,970,4,602,11801,1,,
462,781,10,522,11805,1,,
321,61,3,652,11807,1,,
466,848,2,634,11812,1,,
426,618,3,329,11817,1,,
141,1500,2,636,11818,1,,
305,256,11,653,11821,1,,
305,152,7,653,11821,1,,
422,368,3,620,11826,1,,
110,1323,3,619,11830,1,,
384,34,6,627,11838,1,,
384,31,6,653,11838,1,,
338,6,5,604,11849,1,,
423,402,8,504,11851,1,,
391,316,10,611,11852,1,,
446,450,6,504,11866,1,,
408,56,8,601,11869,1,,
408,40,5,653,11869,1,,
306,2401,2,504,11873,1,,
298,26,1,648,11879,1,,
417,203,1,329,11884,1,,
229,95,8,653,11893,1,,
86,347,7,654,11914,1,,
339,6,2,635,11925,1,,
421,368,6,620,11927,1,,
118,1367,5,635,11938,1,,
389,210,7,515,11942,1,,
389,208,10,588,11942,1,,
341,6,2,635,11943,1,,
470,905,10,327,11943,1,,
254,233,7,611,11953,1,,
264,2179,2,508,11959,1,,
322,2486,1,627,11961,1,,
322,0,4,653,11961,1,,
468,870,6,629,11963,1,,
410,96,6,646,11970,1,,
439,261,2,329,11970,1,,
371,673,8,588,11982,1,,
420,303,6,517,11999,1,,
267,33,6,565,12001,1,,
206,1856,4,611,12013,1,,
479,1077,9,621,12014,1,,
109,270,4,517,12032,1,,
109,1320,8,517,12032,1,,
231,95,5,637,12041,1,,
483,1139,4,653,12043,1,,
366,338,9,658,12048,1,,
340,287,6,637,12053,1,,
367,335,9,621,12063,1,,
180,160,11,609,12068,1,,
350,2638,3,611,12074,1,,
307,393,7,658,12081,1,,
165,10,11,649,12083,1,,
422,358,4,646,12086,1,,
71,2173,3,653,12092,1,,
440,314,11,471,12096,1,,
377,991,9,609,12100,1,,
319,613,6,658,12106,1,,
128,177,6,609,12110,1,,
106,1296,7,609,12120,1,,
401,839,8,471,12133,1,,
401,773,5,657,12133,1,,
38,22,2,653,12137,1,,
38,63,6,669,12137,1,,
449,509,4,470,12144,1,,
418,234,6,649,12146,1,,
174,1682,2,621,12149,1,,
174,75,10,638,12149,1,,
347,551,10,470,12158,1,,
265,103,6,609,12160,1,,
325,2502,2,601,12163,1,,
465,837,5,658,12164,1,,
465,821,6,638,12164,1,,
413,135,8,470,12195,1,,
388,120,7,471,12199,1,,
388,198,3,657,12199,1,,
232,95,6,609,12200,1,,
232,25,9,644,12200,1,,
232,276,4,644,12200,1,,
200,1825,4,642,12202,1,,
320,196,6,642,12211,1,,
412,112,8,638,12213,1,,
412,125,2,638,12213,1,,
233,95,10,673,12214,1,,
421,350,4,629,12227,1,,
421,303,5,517,12227,1,,
264,90,2,627,12228,1,,
160,269,7,657,12238,1,,
419,252,8,673,12252,1,,
468,877,8,435,12266,1,,
301,15,9,644,12269,1,,
305,346,7,638,12277,1,,
467,856,8,644,12281,1,,
414,135,2,470,12295,1,,
414,143,7,569,12295,1,,
1,28,7,680,12306,1,,
413,-1,-1,-999,12306,2,v14_piggyback,1.0,12195,111
367,392,7,471,12315,1,,
283,77,6,644,12320,1,,
392,352,5,569,12321,1,,
453,598,6,657,12324,1,,
321,71,4,483,12328,1,,
201,223,5,649,12329,1,,
442,349,6,621,12335,1,,
176,1694,4,644,12336,1,,
149,1543,10,483,12342,1,,
374,834,6,644,12345,1,,
261,2164,2,483,12346,1,,
464,801,5,644,12353,1,,
361,60,2,609,12367,1,,
66,1958,4,658,12376,1,,
486,1182,4,638,12391,1,,
137,1476,2,653,12395,1,,
137,117,11,667,12395,1,,
444,405,4,667,12407,1,,
424,532,4,657,12408,1,,
323,2493,4,517,12415,1,,
449,506,5,642,12417,1,,
313,2439,2,653,12422,1,,
110,1323,2,508,12434,1,,
179,1710,2,627,12436,1,,
154,1569,2,658,12441,1,,
107,1305,2,649,12445,1,,
466,3148,2,535,12450,1,,
338,6,2,635,12457,1,,
39,63,9,688,12461,1,,
375,846,4,638,12468,1,,
244,2071,2,637,12472,1,,
416,182,2,658,12472,1,,
66,-1,-1,-999,12484,2,v14_piggyback,4.0,12376,108
422,350,11,695,12494,1,,
438,204,2,517,12498,1,,
324,0,11,525,12510,1,,
415,169,2,660,12514,1,,
256,221,10,695,12524,1,,
446,436,1,621,12525,1,,
444,-1,-1,-999,12546,2,v14_piggyback,1.0,12407,139
413,134,12,483,12550,1,,
413,114,1,667,12550,1,,
128,115,6,689,12551,1,,
405,1017,9,525,12563,1,,
299,26,6,678,12568,1,,
384,32,4,525,12572,1,,
301,2374,1,-59,12572,1,,
486,3241,2,500,12575,1,,
161,75,7,525,12583,1,,
320,0,4,695,12592,1,,
339,136,11,693,12593,1,,
404,994,6,682,12604,1,,
300,15,8,612,12614,1,,
321,0,9,682,12619,1,,
432,892,6,693,12623,1,,
239,2047,3,693,12629,1,,
359,49,2,698,12630,1,,
359,49,4,695,12630,1,,
447,463,8,612,12641,1,,
446,-1,-1,-999,12641,2,v14_piggyback,1.0,12525,116
62,1873,1,693,12644,1,,
2,3,8,694,12656,1,,
412,122,2,671,12663,1,,
40,44,5,697,12665,1,,
154,1570,2,592,12667,1,,
411,108,10,700,12686,1,,
449,503,6,525,12689,1,,
409,92,1,700,12692,1,,
408,56,7,700,12706,1,,
416,169,3,660,12715,1,,
264,90,4,682,12725,1,,
391,309,4,698,12748,1,,
229,276,12,708,12751,1,,
386,94,2,695,12755,1,,
438,3028,3,696,12755,1,,
438,216,10,671,12755,1,,
173,153,1,650,12758,1,,
198,81,2,525,12761,1,,
425,547,8,694,12763,1,,
451,542,2,682,12768,1,,
383,34,1,650,12773,1,,
381,1109,4,698,12777,1,,
481,1101,2,682,12786,1,,
483,1134,8,650,12788,1,,
123,1,12,679,12794,1,,
123,1399,3,679,12794,1,,
338,100,10,679,12808,1,,
408,-1,-1,-999,12814,2,v14_piggyback,1.0,12706,108
357,2677,2,525,12820,1,,
384,34,10,650,12821,1,,
218,1927,2,525,12838,1,,
379,2771,2,483,12845,1,,
392,352,6,708,12850,1,,
212,1894,5,706,12858,1,,
437,140,7,708,12869,1,,
219,1932,2,709,12879,1,,
383,-1,-1,-999,12881,2,v14_piggyback,3.0,12773,108
426,555,8,679,12890,1,,
385,53,5,709,12896,1,,
463,789,5,612,12900,1,,
322,0,1,682,12904,1,,
388,188,9,683,12910,1,,
230,321,6,711,12912,1,,
0,51,4,706,12921,1,,
472,943,1,627,12926,1,,
214,286,5,683,12929,1,,
214,339,9,674,12929,1,,
447,475,6,694,12933,1,,
412,102,10,650,12943,1,,
353,814,10,560,12947,1,,
217,1916,1,569,12953,1,,
446,436,8,621,12955,1,,
362,172,8,674,12973,1,,
444,405,1,667,12978,1,,
411,111,4,679,12983,1,,
458,695,1,682,12987,1,,
42,44,8,672,12991,1,,
42,5,5,672,12991,1,,
415,161,8,672,13003,1,,
352,713,8,624,13003,1,,
224,214,3,624,13009,1,,
162,75,12,672,13027,1,,
321,71,4,713,13030,1,,
465,829,4,679,13032,1,,
484,1159,4,694,13039,1,,
438,190,8,674,13040,1,,
413,145,2,708,13043,1,,
323,0,4,705,13049,1,,
301,2372,3,664,13049,1,,
449,504,7,713,13067,1,,
112,1332,4,674,13072,1,,
112,1,4,672,13072,1,,
279,2265,3,612,13078,1,,
455,629,7,672,13083,1,,
123,1395,2,-42,13097,1,,
376,932,2,729,13108,1,,
53,4,6,730,13112,1,,
394,528,4,674,13115,1,,
76,24,2,679,13117,1,,
415,-1,-1,-999,13118,2,v14_piggyback,2.0,13003,115
39,44,1,711,13120,1,,
319,899,8,730,13127,1,,
158,192,6,722,13137,1,,
183,1734,1,708,13146,1,,
215,83,4,717,13156,1,,
370,591,7,617,13163,1,,
54,4,8,727,13176,1,,
421,308,2,674,13181,1,,
279,-1,-1,-999,13185,2,v14_piggyback,7.0,13078,107
412,102,6,729,13189,1,,
366,201,4,727,13191,1,,
366,337,6,716,13191,1,,
398,742,2,674,13203,1,,
6,1259,2,674,13210,1,,
368,431,8,732,13215,1,,
0,9,5,617,13224,1,,
411,111,8,672,13229,1,,
458,681,8,617,13235,1,,
140,1494,4,732,13242,1,,
446,446,10,683,13246,1,,
408,35,2,675,13251,1,,
393,326,8,732,13254,1,,
192,160,8,741,13257,1,,
392,316,9,684,13267,1,,
193,113,11,723,13273,1,,
124,1403,2,674,13276,1,,
38,37,4,677,13284,1,,
38,63,4,677,13284,1,,
383,34,1,650,13287,1,,
273,330,10,677,13299,1,,
455,634,10,617,13310,1,,
363,194,10,677,13315,1,,
386,132,6,684,13335,1,,
413,142,1,677,13336,1,,
413,122,6,746,13336,1,,
413,122,7,677,13336,1,,
394,2838,2,351,13341,1,,
182,113,8,726,13350,1,,
234,131,9,731,13364,1,,
2,19,8,726,13364,1,,
131,614,2,716,13371,1,,
131,1444,2,684,13371,1,,
108,3,6,724,13374,1,,
108,347,6,724,13374,1,,
108,1,10,724,13374,1,,
284,2,6,703,13379,1,,
284,77,3,666,13379,1,,
238,157,5,684,13383,1,,
299,54,6,633,13384,1,,
384,18,3,684,13389,1,,
285,211,8,726,13393,1,,
451,558,6,724,13393,1,,
1,2609,3,733,13394,1,,
215,1906,2,692,13400,1,,
415,158,2,661,13407,1,,
415,154,6,661,13407,1,,
385,31,3,633,13408,1,,
416,197,2,732,13418,1,,
300,54,8,750,13443,1,,
201,1833,3,617,13444,1,,
398,731,2,617,13449,1,,
466,3146,2,617,13461,1,,
358,12,2,633,13483,1,,
44,1298,12,710,13488,1,,
302,15,5,720,13493,1,,
301,26,6,749,13505,1,,
282,20,4,661,13509,1,,
282,36,10,659,13509,1,,
290,291,3,749,13513,1,,
408,35,4,716,13524,1,,
449,508,1,617,13528,1,,
183,104,6,661,13528,1,,
183,67,6,710,13528,1,,
303,15,8,742,13535,1,,
185,1742,2,716,13540,1,,
112,110,4,726,13544,1,,
112,1336,6,659,13544,1,,
455,634,4,731,13548,1,,
383,31,5,633,13553,1,,
463,796,10,670,13561,1,,
293,569,1,731,13573,1,,
466,-1,-1,-999,13579,2,v14_piggyback,2.0,13461,118
287,2,10,598,13591,1,,
287,38,12,670,13591,1,,
177,1699,4,742,13601,1,,
448,486,6,659,13603,1,,
446,442,2,718,13604,1,,
113,1340,2,633,13606,1,,
353,737,8,598,13617,1,,
199,144,8,718,13630,1,,
442,349,9,590,13632,1,,
121,1385,3,670,13646,1,,
121,110,5,590,13646,1,,
216,1912,2,518,13652,1,,
359,12,12,685,13657,1,,
404,1013,1,730,13657,1,,
407,1151,7,598,13658,1,,
245,2079,2,518,13665,1,,
461,751,8,685,13669,1,,
411,2910,1,624,13673,1,,
432,887,9,685,13682,1,,
384,31,5,685,13690,1,,
360,49,4,668,13702,1,,
238,2042,4,633,13711,1,,
173,1676,4,606,13718,1,,
398,2851,3,518,13722,1,,
246,163,10,738,13736,1,,
412,112,7,691,13737,1,,
403,944,10,747,13750,1,,
415,161,8,710,13751,1,,
0,19,3,668,13754,1,,
358,49,4,668,13761,1,,
131,1440,6,590,13763,1,,
272,230,9,747,13770,1,,
264,183,8,707,13782,1,,
240,2048,3,590,13790,1,,
240,205,6,739,13790,1,,
361,60,7,747,13792,1,,
383,18,5,760,13797,1,,
133,1453,2,668,13801,1,,
416,178,5,704,13803,1,,
416,173,2,704,13803,1,,
74,44,5,590,13816,1,,
74,2364,2,704,13816,1,,
455,632,7,545,13816,1,,
439,261,7,704,13828,1,,
302,2379,2,542,13831,1,,
174,153,6,704,13840,1,,
217,23,4,747,13848,1,,
362,60,4,686,13855,1,,
213,1900,2,720,13863,1,,
448,490,7,598,13864,1,,
448,484,9,691,13864,1,,
400,685,1,668,13866,1,,
465,830,10,686,13873,1,,
463,784,6,590,13875,1,,
323,0,6,691,13886,1,,
364,121,12,756,13889,1,,
461,748,8,606,13889,1,,
129,1,2,406,13900,1,,
129,89,5,765,13900,1,,
361,-1,-1,-999,13904,2,v14_piggyback,2.0,13792,112
199,149,4,406,13923,1,,
363,119,3,735,13933,1,,
363,60,10,762,13933,1,,
292,2327,3,406,13942,1,,
440,311,5,765,13950,1,,
58,1700,4,756,13953,1,,
58,5,9,735,13953,1,,
442,344,8,704,13955,1,,
467,856,4,670,13963,1,,
455,-1,-1,-999,13966,2,v14_piggyback,1.0,13816,150
76,3,7,762,13969,1,,
76,47,5,762,13969,1,,
169,1657,3,406,13980,1,,
124,1404,4,704,13993,1,,
359,49,12,756,13998,1,,
384,42,2,406,14002,1,,
412,111,8,739,14008,1,,
164,10,8,735,14010,1,,
162,75,7,776,14012,1,,
358,12,2,598,14015,1,,
415,175,4,760,14022,1,,
151,1555,3,710,14024,1,,
419,272,2,659,14033,1,,
301,26,9,762,14037,1,,
423,422,8,756,14048,1,,
331,688,1,590,14058,1,,
440,-1,-1,-999,14058,2,v14_piggyback,1.0,13950,108
160,1603,2,776,14068,1,,
160,269,8,781,14068,1,,
365,119,7,735,14074,1,,
411,102,1,704,14077,1,,
315,2450,3,707,14084,1,,
315,480,4,762,14084,1,,
338,109,6,773,14094,1,,
385,32,4,779,14097,1,,
42,29,8,773,14105,1,,
326,459,7,728,14110,1,,
343,534,11,766,14121,1,,
0,28,4,756,14128,1,,
128,39,8,766,14132,1,,
339,85,9,778,14137,1,,
43,1238,2,779,14138,1,,
129,45,4,756,14144,1,,
303,2385,1,622,14146,1,,
417,219,3,747,14155,1,,
368,335,1,766,14162,1,,
448,492,3,781,14169,1,,
168,1651,4,748,14188,1,,
410,98,9,778,14201,1,,
219,1928,3,735,14203,1,,
420,283,4,748,14208,1,,
340,109,10,780,14210,1,,
442,364,8,545,14215,1,,
327,510,8,702,14220,1,,
422,407,9,745,14228,1,,
416,159,7,719,14231,1,,
384,18,3,762,14236,1,,
252,2116,3,747,14242,1,,
109,1320,10,759,14245,1,,
344,473,6,780,14253,1,,
425,2969,1,747,14255,1,,
439,258,8,719,14256,1,,
275,2240,3,748,14262,1,,
97,1240,11,754,14268,1,,
39,63,10,763,14285,1,,
473,968,10,752,14299,1,,
242,59,5,782,14299,1,,
432,893,2,782,14304,1,,
468,3154,1,718,14307,1,,
299,57,6,754,14312,1,,
424,519,7,743,14320,1,,
387,72,7,745,14323,1,,
470,920,12,785,14339,1,,
134,1457,6,743,14351,1,,
90,3207,1,780,14352,1,,
90,24,8,751,14352,1,,
383,17,5,743,14359,1,,
439,-1,-1,-999,14363,2,v14_piggyback,1.0,14256,107
338,202,10,785,14366,1,,
411,102,7,778,14371,1,,
440,311,3,765,14375,1,,
440,3033,3,766,14375,1,,
131,45,6,752,14380,1,,
409,74,6,759,14390,1,,
61,1855,4,616,14391,1,,
61,29,4,616,14391,1,,
273,275,6,719,14399,1,,
93,13,1,785,14400,1,,
93,1218,8,785,14400,1,,
93,3,10,761,14400,1,,
421,302,5,719,14410,1,,
53,4,8,701,14437,1,,
53,5,10,581,14437,1,,
408,1132,3,745,14440,1,,
408,48,7,761,14440,1,,
443,385,5,719,14450,1,,
427,696,4,785,14452,1,,
427,683,4,761,14452,1,,
388,188,4,616,14453,1,,
388,132,8,701,14453,1,,
164,65,5,780,14464,1,,
164,1625,2,785,14464,1,,
410,74,9,701,14466,1,,
420,263,4,719,14468,1,,
420,302,5,719,14468,1,,
259,2152,4,751,14473,1,,
77,24,8,581,14478,1,,
448,486,4,702,14483,1,,
322,2486,2,763,14490,1,,
458,691,4,785,14497,1,,
389,188,2,616,14504,1,,
389,176,11,786,14504,1,,
389,250,6,786,14504,1,,
335,2558,4,745,14504,1,,
384,52,2,763,14504,1,,
454,3096,1,743,14525,1,,
454,624,4,786,14525,1,,
454,608,11,786,14525,1,,
239,2044,2,752,14527,1,,
27,1919,2,743,14534,1,,
27,46,4,791,14534,1,,
457,658,8,581,14546,1,,
339,287,4,792,14561,1,,
385,72,2,745,14566,1,,
432,3000,2,761,14571,1,,
52,46,6,786,14572,1,,
52,63,6,786,14572,1,,
52,1477,3,786,14572,1,,
473,970,12,763,14582,1,,
448,-1,-1,-999,14592,2,v14_piggyback,1.0,14483,109
272,230,9,786,14595,1,,
439,257,7,687,14602,1,,
439,261,6,763,14602,1,,
371,723,2,574,14609,1,,
383,34,10,616,14620,1,,
383,17,1,786,14620,1,,
430,831,10,734,14624,1,,
173,1677,1,687,14630,1,,
417,219,3,786,14631,1,,
417,219,4,791,14631,1,,
157,65,7,734,14635,1,,
437,174,6,786,14646,1,,
454,-1,-1,-999,14654,2,v14_piggyback,1.0,14525,129
445,413,6,581,14655,1,,
116,1360,7,647,14658,1,,
94,13,2,785,14661,1,,
94,129,5,734,14661,1,,
452,573,2,780,14665,1,,
409,86,5,786,14668,1,,
180,224,6,753,14669,1,,
257,221,5,783,14680,1,,
158,192,4,753,14688,1,,
86,8,8,802,14692,1,,
410,79,8,786,14705,1,,
410,86,4,786,14705,1,,
28,1800,1,761,14709,1,,
443,385,5,574,14710,1,,
443,370,10,647,14710,1,,
363,200,6,753,14722,1,,
283,77,5,786,14723,1,,
136,107,4,616,14730,1,,
441,320,4,753,14737,1,,
159,75,4,712,14753,1,,
323,0,4,494,14755,1,,
129,1432,4,701,14768,1,,
303,152,2,786,14779,1,,
303,2385,1,786,14779,1,,
402,2871,3,799,14780,1,,
384,31,5,753,14794,1,,
448,484,6,747,14798,1,,
1,3,3,809,14802,1,,
181,224,6,799,14806,1,,
225,25,6,715,14808,1,,
248,2093,3,581,14813,1,,
473,955,4,753,14815,1,,
364,254,5,715,14822,1,,
383,34,5,761,14829,1,,
400,786,10,419,14837,1,,
419,285,7,681,14840,1,,
338,136,10,419,14853,1,,
324,0,8,681,14858,1,,
385,55,2,786,14866,1,,
305,212,6,681,14868,1,,
78,58,3,681,14873,1,,
307,366,7,796,14894,1,,
450,523,7,419,14898,1,,
384,-1,-1,-999,14903,2,v14_piggyback,3.0,14794,109
306,212,11,725,14909,1,,
426,601,7,419,14916,1,,
437,179,6,715,14927,1,,
437,179,5,712,14927,1,,
94,1223,5,490,14928,1,,
94,1219,9,494,14928,1,,
257,296,2,581,14931,1,,
33,2608,3,725,14934,1,,
475,998,9,736,14957,1,,
452,576,2,807,14960,1,,
398,741,10,789,14964,1,,
216,181,7,736,14975,1,,
216,23,6,812,14975,1,,
109,110,5,811,14982,1,,
109,8,6,811,14982,1,,
290,412,4,790,14984,1,,
290,291,9,789,14984,1,,
413,134,6,736,14996,1,,
413,114,10,812,14996,1,,
412,111,4,419,14999,1,,
412,114,5,790,14999,1,,
300,78,8,736,15008,1,,
365,220,6,419,15019,1,,
365,119,7,789,15019,1,,
139,43,8,812,15022,1,,
467,868,5,811,15023,1,,
460,732,6,736,15034,1,,
214,271,9,789,15034,1,,
437,-1,-1,-999,15038,2,v14_piggyback,1.0,14927,111
446,450,6,736,15045,1,,
441,332,6,643,15046,1,,
410,79,5,748,15056,1,,
387,55,5,736,15058,1,,
190,1770,2,796,15077,1,,
354,737,8,537,15089,1,,
414,138,4,419,15090,1,,
33,-1,-1,-999,15100,2,v14_piggyback,3.0,14934,166
381,1109,5,419,15100,1,,
442,356,8,537,15101,1,,
451,557,8,769,15121,1,,
388,171,7,537,15124,1,,
100,1261,9,805,15137,1,,
2,28,7,816,15147,1,,
217,181,12,656,15155,1,,
466,840,3,793,15159,1,,
353,787,9,805,15160,1,,
410,-1,-1,-999,15165,2,v14_piggyback,2.0,15056,109
10,1957,2,789,15166,1,,
142,1506,9,427,15173,1,,
423,422,5,736,15177,1,,
423,407,9,656,15177,1,,
425,571,7,656,15189,1,,
450,521,10,790,15195,1,,
97,1240,7,427,15198,1,,
97,3,6,818,15198,1,,
338,100,6,656,15201,1,,
332,894,2,793,15202,1,,
322,0,2,419,15208,1,,
339,287,7,816,15211,1,,
1,9,5,656,15211,1,,
448,486,2,702,15215,1,,
383,42,6,736,15230,1,,
407,66,4,656,15239,1,,
452,574,1,811,15243,1,,
452,578,10,537,15243,1,,
100,-1,-1,-999,15245,2,v14_piggyback,1.0,15137,108
439,258,2,799,15246,1,,
384,17,4,824,15259,1,,
294,2337,3,736,15271,1,,
413,122,3,793,15274,1,,
401,2866,3,824,15283,1,,
412,122,9,793,15289,1,,
466,-1,-1,-999,15307,2,v14_piggyback,2.0,15159,148
442,349,5,806,15308,1,,
467,856,8,427,15322,1,,
453,594,5,805,15332,1,,
200,185,6,806,15344,1,,
381,2781,2,655,15352,1,,
437,179,3,712,15352,1,,
388,171,7,816,15358,1,,
388,198,1,805,15358,1,,
479,1072,8,806,15371,1,,
414,138,11,656,15372,1,,
410,79,1,748,15373,1,,
179,1711,2,787,15379,1,,
305,212,4,805,15381,1,,
183,113,3,656,15387,1,,
199,144,7,770,15389,1,,
361,69,5,427,15391,1,,
408,35,4,770,15398,1,,
201,165,2,581,15400,1,,
333,697,5,770,15409,1,,
232,2009,2,769,15417,1,,
441,319,3,806,15420,1,,
442,-1,-1,-999,15427,2,v14_piggyback,1.0,15308,119
449,513,3,805,15430,1,,
234,131,2,736,15437,1,,
161,1612,4,690,15463,1,,
198,317,6,808,15475,1,,
224,83,4,690,15487,1,,
322,2487,3,736,15488,1,,
440,292,6,721,15489,1,,
467,-1,-1,-999,15490,2,v14_piggyback,1.0,15322,168
168,1653,1,656,15492,1,,
252,2116,2,474,15497,1,,
439,253,6,770,15505,1,,
174,1683,1,656,15509,1,,
343,424,9,829,15520,1,,
450,526,9,721,15522,1,,
96,1233,4,808,15529,1,,
384,34,5,761,15533,1,,
413,125,6,816,15545,1,,
441,-1,-1,-999,15552,2,v14_piggyback,1.0,15420,132
97,1241,8,806,15558,1,,
412,133,4,656,15559,1,,
412,133,6,787,15559,1,,
412,125,8,769,15559,1,,
306,346,5,721,15576,1,,
228,1987,2,816,15583,1,,
422,407,1,656,15586,1,,
180,224,8,829,15601,1,,
449,-1,-1,-999,15614,2,v14_piggyback,1.0,15430,184
359,49,2,803,15618,1,,
93,8,8,412,15633,1,,
93,1217,7,412,15633,1,,
93,129,8,800,15633,1,,
234,2021,2,519,15641,1,,
264,162,2,803,15646,1,,
411,105,1,836,15648,1,,
457,662,12,412,15652,1,,
50,1443,2,818,15654,1,,
293,569,3,837,15657,1,,
100,1261,1,805,15659,1,,
211,1886,3,412,15674,1,,
211,185,12,800,15674,1,,
244,64,6,837,15686,1,,
340,136,12,412,15693,1,,
302,26,10,845,15700,1,,
344,406,4,412,15710,1,,
344,424,7,800,15710,1,,
231,205,10,845,15714,1,,
417,217,7,412,15733,1,,
417,203,8,412,15733,1,,
442,349,3,806,15734,1,,
442,363,7,721,15734,1,,
361,49,8,803,15749,1,,
410,70,8,412,15750,1,,
410,79,3,412,15750,1,,
163,14,7,849,15753,1,,
288,211,6,815,15762,1,,
360,11,6,826,15765,1,,
168,1649,2,814,15767,1,,
418,232,5,772,15769,1,,
418,222,7,772,15769,1,,
323,0,6,826,15779,1,,
485,1162,4,826,15788,1,,
439,257,7,721,15801,1,,
167,14,6,412,15804,1,,
167,16,4,772,15804,1,,
167,16,4,839,15804,1,,
167,10,10,839,15804,1,,
167,1644,2,839,15804,1,,
480,1085,8,375,15815,1,,
105,1294,10,772,15820,1,,
229,321,8,788,15822,1,,
357,952,8,375,15835,1,,
412,101,10,815,15836,1,,
395,2839,4,788,15843,1,,
96,1235,9,690,15853,1,,
96,1231,9,412,15853,1,,
96,24,6,772,15853,1,,
452,562,2,788,15863,1,,
449,513,3,805,15869,1,,
449,501,8,721,15869,1,,
306,256,10,839,15870,1,,
408,40,6,788,15873,1,,
423,479,10,800,15886,1,,
323,-1,-1,-999,15888,2,v14_piggyback,5.0,15779,109
443,386,5,375,15890,1,,
460,729,11,848,15903,1,,
441,319,7,806,15905,1,,
2,28,7,412,15906,1,,
411,98,7,772,15922,1,,
159,269,9,848,15929,1,,
483,1135,7,412,15935,1,,
167,-1,-1,-999,15950,2,v14_piggyback,1.0,15804,146
419,246,7,834,15954,1,,
432,909,9,848,15963,1,,
364,200,6,772,15965,1,,
112,1334,4,375,15971,1,,
440,295,7,854,15989,1,,
396,478,7,825,15999,1,,
320,213,6,834,16004,1,,
465,822,3,829,16011,1,,
465,821,2,412,16011,1,,
105,-1,-1,-999,16012,2,v14_piggyback,1.0,15820,192
235,2022,2,826,16015,1,,
286,211,5,834,16025,1,,
475,992,5,772,16028,1,,
454,612,4,825,16033,1,,
442,354,4,826,16034,1,,
326,609,4,412,16037,1,,
353,744,2,834,16045,1,,
375,778,4,412,16050,1,,
473,960,4,854,16052,1,,
205,1850,2,639,16055,1,,
274,330,4,825,16061,1,,
201,1833,3,854,16066,1,,
439,280,6,412,16095,1,,
352,2646,2,412,16105,1,,
352,589,2,772,16105,1,,
420,246,1,834,16109,1,,
420,289,3,840,16109,1,,
420,267,10,774,16109,1,,
381,2779,3,286,16113,1,,
106,8,6,774,16126,1,,
106,1301,4,774,16126,1,,
376,934,9,605,16127,1,,
417,187,9,605,16139,1,,
480,1085,10,639,16142,1,,
168,1651,2,835,16144,1,,
454,-1,-1,-999,16145,2,v14_piggyback,1.0,16033,112
411,105,9,854,16166,1,,
256,279,2,412,16168,1,,
451,541,2,772,16175,1,,
479,1071,2,846,16181,1,,
408,56,11,842,16182,1,,
453,593,2,846,16192,1,,
449,501,2,656,16193,1,,
449,516,6,815,16193,1,,
443,384,7,834,16202,1,,
443,385,6,834,16202,1,,
443,373,10,774,16202,1,,
452,577,6,848,16202,1,,
369,452,9,774,16217,1,,
385,73,4,774,16226,1,,
315,2449,2,690,16227,1,,
460,733,6,605,16230,1,,
323,0,7,774,16239,1,,
188,184,6,774,16251,1,,
480,-1,-1,-999,16256,2,v14_piggyback,1.0,16142,114
483,1133,10,821,16257,1,,
483,1139,8,846,16257,1,,
333,2546,1,323,16261,1,,
391,2824,1,412,16264,1,,
193,228,10,870,16267,1,,
440,314,4,835,16280,1,,
283,2,4,855,16288,1,,
485,1170,2,825,16291,1,,
180,160,4,850,16298,1,,
336,2563,2,854,16304,1,,
465,836,4,841,16307,1,,
427,601,4,855,16307,1,,
443,-1,-1,-999,16319,2,v14_piggyback,1.0,16202,117
338,6,1,605,16333,1,,
257,411,10,841,16345,1,,
128,39,9,841,16358,1,,
387,132,1,841,16361,1,,
158,1594,3,774,16363,1,,
478,1061,7,876,16366,1,,
450,526,4,823,16373,1,,
386,73,5,873,16373,1,,
454,623,12,605,16389,1,,
256,2138,2,777,16394,1,,
439,262,8,375,16395,1,,
2,3,5,823,16397,1,,
384,53,8,865,16409,1,,
361,49,8,823,16409,1,,
0,41,10,864,16423,1,,
408,66,4,375,16427,1,,
388,120,1,874,16429,1,,
305,212,2,375,16434,1,,
129,110,8,864,16449,1,,
476,1029,10,881,16451,1,,
452,568,2,375,16457,1,,
41,44,8,881,16463,1,,
392,313,5,872,16472,1,,
383,17,3,843,16479,1,,
450,-1,-1,-999,16484,2,v14_piggyback,1.0,16373,111
457,664,10,881,16486,1,,
334,865,12,881,16502,1,,
409,87,8,864,16509,1,,
417,232,4,872,16509,1,,
446,433,8,744,16514,1,,
1,19,7,860,16519,1,,
130,1434,4,872,16523,1,,
480,1089,12,855,16534,1,,
454,-1,-1,-999,16546,2,v14_piggyback,1.0,16389,157
449,509,8,876,16549,1,,
393,449,4,820,16551,1,,
390,264,7,744,16557,1,,
447,467,7,740,16562,1,,
443,380,6,772,16574,1,,
486,1183,6,864,16581,1,,
387,80,6,881,16586,1,,
387,176,3,890,16586,1,,
364,194,5,831,16591,1,,
474,973,8,869,16601,1,,
361,-1,-1,-999,16608,2,v14_piggyback,4.0,16409,199
266,103,6,878,16613,1,,
267,103,7,869,16626,1,,
184,1737,4,860,16626,1,,
353,2653,3,740,16634,1,,
394,2835,4,737,16637,1,,
485,1170,4,864,16643,1,,
419,241,5,878,16647,1,,
144,1516,3,878,16658,1,,
144,50,2,737,16658,1,,
416,167,2,871,16659,1,,
416,195,5,863,16659,1,,
418,225,2,852,16673,1,,
418,234,8,852,16673,1,,
0,46,2,898,16673,1,,
439,258,12,744,16676,1,,
410,96,5,852,16681,1,,
478,1061,10,626,16690,1,,
350,580,4,881,16700,1,,
192,1783,1,881,16703,1,,
113,1340,4,863,16714,1,,
450,526,4,823,16728,1,,
450,521,10,864,16728,1,,
450,539,3,831,16728,1,,
408,40,10,878,16731,1,,
433,947,2,823,16734,1,,
417,195,1,863,16739,1,,
417,225,7,852,16739,1,,
289,36,2,872,16744,1,,
395,514,7,884,16757,1,,
82,2881,2,740,16760,1,,
285,27,5,893,16766,1,,
285,2,12,904,16766,1,,
139,170,3,894,16775,1,,
139,130,6,867,16775,1,,
457,659,8,871,16778,1,,
452,576,4,744,16791,1,,
287,2,10,877,16792,1,,
481,1102,2,744,16805,1,,
454,604,12,823,16807,1,,
256,587,2,744,16822,1,,
449,508,10,740,16823,1,,
479,1083,2,864,16830,1,,
477,1045,2,740,16837,1,,
408,-1,-1,-999,16840,2,v14_piggyback,2.0,16731,109
440,311,2,795,16849,1,,
50,88,7,907,16855,1,,
128,116,6,877,16861,1,,
474,986,11,737,16867,1,,
1,30,6,913,16867,1,,
94,13,1,904,16873,1,,
94,270,7,877,16873,1,,
361,49,4,823,16876,1,,
396,570,7,891,16879,1,,
348,694,8,893,16885,1,,
317,480,2,878,16886,1,,
78,58,10,909,16898,1,,
165,10,5,904,16907,1,,
210,1881,7,891,16907,1,,
454,-1,-1,-999,16921,2,v14_piggyback,1.0,16807,114
184,1737,2,853,16927,1,,
169,139,6,882,16938,1,,
464,815,2,893,16940,1,,
413,143,1,909,16943,1,,
221,1945,2,867,16946,1,,
478,1064,10,912,16968,1,,
288,2,1,877,16974,1,,
288,77,2,919,16974,1,,
182,191,10,879,16975,1,,
290,677,4,912,16981,1,,
60,7,8,900,16989,1,,
358,49,1,902,16994,1,,
439,261,1,864,17000,1,,
74,2395,2,886,17000,1,,
74,82,11,886,17000,1,,
27,1802,3,912,17011,1,,
247,59,7,887,17015,1,,
216,83,10,879,17018,1,,
161,269,6,879,17033,1,,
181,14,7,887,17037,1,,
181,224,7,887,17037,1,,
0,19,2,887,17044,1,,
421,358,2,912,17050,1,,
367,435,3,887,17052,1,,
183,166,12,886,17058,1,,
40,63,7,896,17074,1,,
40,9,4,832,17074,1,,
451,543,12,906,17078,1,,
201,144,8,886,17090,1,,
201,223,4,832,17090,1,,
2,9,8,906,17092,1,,
289,36,8,910,17099,1,,
157,43,8,896,17106,1,,
157,1586,3,896,17106,1,,
166,10,12,906,17110,1,,
136,1470,4,899,17115,1,,
474,987,6,882,17126,1,,
474,986,9,896,17126,1,,
156,1581,2,910,17129,1,,
42,5,8,921,17138,1,,
42,3,5,921,17138,1,,
389,245,8,910,17140,1,,
417,189,11,896,17142,1,,
417,225,1,844,17142,1,,
152,1558,3,910,17146,1,,
420,283,6,801,17155,1,,
215,286,12,928,17159,1,,
387,176,6,926,17165,1,,
465,826,4,926,17191,1,,
451,-1,-1,-999,17191,2,v14_piggyback,1.0,17078,113
481,1101,10,882,17195,1,,
413,137,10,912,17205,1,,
361,49,6,902,17218,1,,
361,12,11,645,17218,1,,
464,816,11,822,17227,1,,
464,801,6,768,17227,1,,
449,513,10,645,17235,1,,
475,1008,9,928,17236,1,,
401,897,8,832,17248,1,,
323,0,9,563,17250,1,,
237,2033,4,801,17252,1,,
474,-1,-1,-999,17253,2,v14_piggyback,1.0,17126,127
273,230,8,928,17259,1,,
452,578,2,921,17266,1,,
452,575,8,645,17266,1,,
415,154,6,896,17269,1,,
375,969,9,921,17281,1,,
458,689,6,879,17287,1,,
439,255,12,887,17307,1,,
439,274,6,906,17307,1,,
363,220,6,886,17312,1,,
422,329,8,906,17321,1,,
421,293,3,899,17328,1,,
421,329,4,801,17328,1,,
395,556,4,896,17329,1,,
455,632,8,563,17335,1,,
137,107,5,844,17337,1,,
196,1803,3,844,17344,1,,
267,33,8,921,17348,1,,
388,127,1,934,17356,1,,
285,2292,2,886,17360,1,,
392,367,7,645,17361,1,,
323,-1,-1,-999,17363,2,v14_piggyback,5.0,17250,113
386,73,8,924,17370,1,,
469,896,8,498,17375,1,,
443,386,6,934,17379,1,,
487,3247,3,886,17379,1,,
152,1562,3,382,17385,1,,
166,1641,4,237,17395,1,,
166,1640,9,498,17395,1,,
78,58,4,857,17414,1,,
452,-1,-1,-999,17425,2,v14_piggyback,1.0,17266,159
446,454,7,857,17425,1,,
141,1499,2,911,17430,1,,
414,150,1,911,17433,1,,
134,1458,2,882,17445,1,,
199,1819,2,844,17449,1,,
396,478,7,911,17453,1,,
261,327,6,933,17462,1,,
431,858,6,645,17480,1,,
53,1501,4,463,17484,1,,
415,150,3,911,17487,1,,
361,49,6,563,17492,1,,
85,270,6,943,17502,1,,
85,9,7,943,17502,1,,
180,104,5,645,17502,1,,
418,2939,2,463,17507,1,,
365,335,6,645,17514,1,,
417,222,5,943,17515,1,,
55,4,8,940,17517,1,,
55,4,11,640,17517,1,,
442,363,5,943,17523,1,,
447,463,6,645,17525,1,,
384,52,4,645,17542,1,,
358,2679,1,878,17545,1,,
404,2877,4,645,17553,1,,
474,986,1,896,17555,1,,
437,140,4,640,17558,1,,
437,164,9,640,17558,1,,
107,1303,4,906,17567,1,,
421,329,2,906,17575,1,,
43,5,7,954,17597,1,,
361,-1,-1,-999,17605,2,v14_piggyback,5.0,17492,113
408,56,9,640,17608,1,,
416,189,10,954,17611,1,,
461,750,9,640,17621,1,,
105,13,8,950,17646,1,,
105,115,5,946,17646,1,,
75,62,12,895,17651,1,,
443,382,8,914,17666,1,,
443,382,8,911,17666,1,,
443,385,10,857,17666,1,,
443,374,10,640,17666,1,,
403,944,9,952,17675,1,,
93,58,9,965,17676,1,,
163,75,6,640,17676,1,,
133,1450,2,906,17682,1,,
267,2196,4,857,17685,1,,
458,695,6,895,17685,1,,
315,652,2,895,17690,1,,
386,127,3,934,17693,1,,
340,304,5,965,17698,1,,
487,1194,2,942,17700,1,,
452,578,4,921,17701,1,,
452,565,8,563,17701,1,,
354,737,5,895,17706,1,,
332,792,2,563,17709,1,,
478,1053,2,887,17726,1,,
264,183,9,861,17735,1,,
385,55,5,861,17745,1,,
326,605,2,861,17752,1,,
322,0,1,563,17769,1,,
443,-1,-1,-999,17775,2,v14_piggyback,1.0,17666,109
412,108,2,965,17777,1,,
465,822,2,861,17782,1,,
415,182,5,883,17801,1,,
132,1,10,918,17806,1,,
361,49,2,563,17811,1,,
442,355,11,895,17816,1,,
436,1142,2,861,17825,1,,
193,1785,1,977,17830,1,,
312,483,11,714,17832,1,,
386,-1,-1,-999,17838,2,v14_piggyback,1.0,17693,145
129,45,4,977,17842,1,,
437,164,6,942,17843,1,,
353,717,10,714,17846,1,,
408,56,3,906,17851,1,,
179,1716,7,714,17856,1,,
418,234,6,969,17865,1,,
162,126,6,975,17873,1,,
451,552,5,973,17878,1,,
268,33,8,937,17887,1,,
413,114,5,969,17889,1,,
108,1,10,973,17893,1,,
461,757,4,714,17899,1,,
421,329,5,861,17903,1,,
52,4,5,714,17914,1,,
379,1060,8,880,17918,1,,
416,159,3,975,17920,1,,
416,175,8,966,17920,1,,
105,1293,5,973,17926,1,,
446,450,3,969,17932,1,,
282,38,8,966,17934,1,,
75,62,6,941,17946,1,,
439,253,3,937,17963,1,,
487,1187,10,463,17978,1,,
487,1189,12,943,17978,1,,
269,33,7,966,17983,1,,
195,1797,3,941,17984,1,,
183,1733,3,937,17991,1,,
435,1073,4,813,18000,1,,
51,5,7,986,18002,1,,
51,1464,12,521,18002,1,,
483,1128,6,521,18012,1,,
464,801,1,861,18014,1,,
458,684,2,941,18017,1,,
423,505,12,979,18033,1,,
156,1580,2,714,18036,1,,
412,114,6,969,18047,1,,
315,2449,1,903,18050,1,,
133,117,6,979,18051,1,,
133,45,7,897,18051,1,,
288,36,9,983,18056,1,,
478,1061,3,958,18057,1,,
367,2721,3,941,18062,1,,
430,2992,3,983,18064,1,,
443,374,10,897,18076,1,,
448,497,2,983,18078,1,,
199,149,10,897,18093,1,,
408,68,6,915,18104,1,,
368,435,10,979,18107,1,,
415,159,2,975,18130,1,,
307,256,11,935,18141,1,,
111,1326,8,676,18152,1,,
111,1,10,676,18152,1,,
461,749,6,861,18153,1,,
426,618,1,966,18159,1,,
413,137,6,982,18162,1,,
108,1307,8,880,18168,1,,
478,-1,-1,-999,18168,2,v14_piggyback,1.0,18057,111
303,57,3,676,18181,1,,
303,26,11,676,18181,1,,
446,438,3,937,18186,1,,
323,0,8,676,18192,1,,
268,2204,3,755,18194,1,,
439,261,1,993,18202,1,,
105,1290,9,941,18203,1,,
54,5,7,676,18205,1,,
54,4,1,676,18205,1,,
48,1368,2,897,18216,1,,
48,29,5,897,18216,1,,
314,527,6,676,18218,1,,
314,2447,2,676,18218,1,,
139,170,6,961,18230,1,,
180,166,6,935,18248,1,,
324,2500,2,961,18252,1,,
324,0,1,889,18252,1,,
324,61,12,953,18252,1,,
440,305,6,897,18265,1,,
479,1082,10,953,18268,1,,
413,-1,-1,-999,18272,2,v14_piggyback,6.0,18162,110
326,459,4,935,18273,1,,
279,2264,2,941,18279,1,,
41,44,8,932,18282,1,,
129,116,5,935,18286,1,,
224,181,6,948,18290,1,,
238,205,3,889,18297,1,,
238,95,6,827,18297,1,,
411,99,2,941,18307,1,,
416,175,2,1006,18312,1,,
416,178,4,1006,18312,1,,
168,139,2,1006,18319,1,,
467,856,7,1017,18331,1,,
159,1597,2,979,18336,1,,
195,1796,1,584,18339,1,,
408,68,6,993,18343,1,,
288,36,6,1017,18354,1,,
324,-1,-1,-999,18361,2,v14_piggyback,7.0,18252,109
412,114,8,676,18365,1,,
412,122,5,953,18365,1,,
289,2,9,974,18391,1,,
415,155,9,676,18396,1,,
431,907,8,978,18402,1,,
106,1296,3,1009,18410,1,,
106,47,8,1009,18410,1,,
455,629,8,953,18410,1,,
167,10,12,974,18419,1,,
144,1518,7,932,18423,1,,
479,-1,-1,-999,18423,2,v14_piggyback,1.0,18268,155
151,16,6,1009,18428,1,,
285,2,6,1010,18432,1,,
478,1061,3,958,18434,1,,
323,0,5,889,18453,1,,
323,0,3,827,18453,1,,
461,760,8,948,18456,1,,
461,755,10,1017,18456,1,,
425,536,6,932,18464,1,,
386,146,5,961,18475,1,,
332,894,1,1009,18481,1,,
279,-1,-1,-999,18485,2,v14_piggyback,4.0,18279,206
407,48,1,985,18487,1,,
133,1,5,889,18495,1,,
274,2236,4,827,18505,1,,
61,7,8,996,18506,1,,
310,2425,1,1009,18509,1,,
77,47,8,1022,18521,1,,
470,905,6,978,18539,1,,
30,2077,4,827,18543,1,,
106,-1,-1,-999,18548,2,v14_piggyback,1.0,18410,138
300,26,4,953,18553,1,,
338,6,8,960,18556,1,,
181,104,8,1013,18565,1,,
275,297,10,960,18571,1,,
457,675,7,957,18587,1,,
44,5,9,1016,18590,1,,
44,3,8,947,18590,1,,
417,225,4,978,18594,1,,
214,301,5,978,18602,1,,
147,1534,12,1016,18609,1,,
167,-1,-1,-999,18610,2,v14_piggyback,1.0,18419,191
413,137,4,982,18614,1,,
413,122,5,953,18614,1,,
467,864,8,978,18618,1,,
241,284,10,947,18628,1,,
324,0,5,827,18635,1,,
312,527,4,960,18635,1,,
128,39,3,974,18647,1,,
93,1218,4,932,18647,1,,
408,68,4,953,18657,1,,
288,2308,3,957,18664,1,,
338,-1,-1,-999,18672,2,v14_piggyback,6.0,18556,116
242,318,7,992,18673,1,,
383,18,8,1016,18687,1,,
479,1082,2,953,18688,1,,
479,1077,6,955,18688,1,,
122,1393,7,981,18695,1,,
122,45,3,981,18695,1,,
455,625,4,956,18698,1,,
0,41,6,1016,18703,1,,
426,536,3,932,18709,1,,
419,272,3,961,18717,1,,
444,396,3,953,18729,1,,
442,344,7,1013,18729,1,,
264,2179,2,961,18736,1,,
89,8,6,1016,18741,1,,
447,468,6,1016,18759,1,,
408,-1,-1,-999,18766,2,v14_piggyback,3.0,18657,109
286,211,6,981,18770,1,,
286,470,3,981,18770,1,,
2,51,9,1002,18784,1,,
470,910,9,960,18790,1,,
171,1667,2,961,18793,1,,
384,32,6,1002,18796,1,,
106,1296,6,1010,18801,1,,
267,33,4,996,18811,1,,
448,487,6,962,18813,1,,
465,836,6,981,18824,1,,
418,226,4,1013,18827,1,,
289,20,10,1036,18841,1,,
420,285,11,951,18846,1,,
363,194,4,947,18849,1,,
301,26,2,981,18851,1,,
301,26,3,960,18851,1,,
457,661,8,962,18868,1,,
411,101,4,1013,18878,1,,
320,213,9,1041,18883,1,,
205,207,1,889,18884,1,,
351,2645,3,947,18884,1,,
446,438,5,981,18894,1,,
470,-1,-1,-999,18901,2,v14_piggyback,1.0,18790,111
474,984,2,1016,18902,1,,
129,110,9,1041,18909,1,,
383,31,8,1000,18914,1,,
437,3020,2,1016,18919,1,,
146,1530,3,974,18927,1,,
146,345,2,1041,18927,1,,
202,144,8,1015,18929,1,,
282,36,6,1041,18942,1,,
419,289,7,929,18949,1,,
264,2182,4,1033,18958,1,,
385,21,3,1040,18964,1,,
197,1810,3,974,18979,1,,
480,1091,6,1040,18980,1,,
444,394,4,925,18991,1,,
444,405,10,828,18991,1,,
410,98,9,945,18993,1,,
167,1647,3,618,18995,1,,
384,2792,2,1000,19003,1,,
384,42,4,945,19003,1,,
408,35,8,960,19009,1,,
352,676,7,945,19013,1,,
413,137,5,1036,19019,1,,
300,2371,3,981,19027,1,,
348,589,10,1040,19027,1,,
420,302,6,945,19037,1,,
210,1881,6,945,19046,1,,
476,1016,5,1038,19053,1,,
183,113,6,1038,19064,1,,
418,241,3,1028,19076,1,,
448,492,5,947,19080,1,,
96,1231,2,960,19096,1,,
409,70,8,994,19101,1,,
167,-1,-1,-999,19104,2,v14_piggyback,1.0,18995,109
415,155,3,1036,19104,1,,
400,674,6,930,19113,1,,
427,679,9,1004,19128,1,,
411,96,8,1052,19128,1,,
470,910,1,960,19130,1,,
338,6,2,1041,19136,1,,
422,308,10,856,19145,1,,
416,175,1,856,19150,1,,
117,1365,4,945,19159,1,,
398,747,6,856,19162,1,,
339,298,12,1051,19169,1,,
106,1296,2,1009,19175,1,,
399,669,8,819,19176,1,,
418,-1,-1,-999,19185,2,v14_piggyback,3.0,19076,109
397,666,8,847,19205,1,,
435,1073,2,994,19205,1,,
146,1530,2,804,19211,1,,
412,111,4,938,19221,1,,
450,518,8,1051,19235,1,,
419,241,7,1028,19239,1,,
419,285,5,930,19239,1,,
419,289,7,1004,19239,1,,
96,-1,-1,-999,19247,2,v14_piggyback,1.0,19096,151
414,142,11,1051,19253,1,,
444,390,9,804,19254,1,,
482,1121,6,1044,19264,1,,
202,1837,3,1010,19272,1,,
3,3,9,1050,19278,1,,
330,2528,4,990,19281,1,,
423,505,3,1050,19284,1,,
408,48,4,985,19291,1,,
256,306,8,1050,19302,1,,
213,1896,3,1051,19307,1,,
411,-1,-1,-999,19309,2,v14_piggyback,1.0,19128,181
420,267,6,938,19312,1,,
458,695,3,1050,19317,1,,
326,645,11,1064,19324,1,,
424,477,8,997,19329,1,,
407,66,1,1044,19330,1,,
341,109,9,999,19345,1,,
140,43,10,1063,19355,1,,
327,451,8,999,19359,1,,
105,1292,12,1067,19360,1,,
105,8,11,1067,19360,1,,
417,203,6,1067,19374,1,,
417,219,4,513,19374,1,,
224,1964,4,1063,19378,1,,
330,-1,-1,-999,19390,2,v14_piggyback,2.0,19281,109
393,352,6,1026,19399,1,,
433,965,10,917,19409,1,,
215,214,8,1026,19413,1,,
265,90,8,999,19415,1,,
79,58,9,513,19422,1,,
204,1844,4,1026,19423,1,,
397,2848,3,885,19431,1,,
399,2855,2,859,19437,1,,
72,2173,2,1026,19444,1,,
418,241,1,1028,19449,1,,
462,769,3,999,19452,1,,
458,-1,-1,-999,19452,2,v14_piggyback,1.0,19317,135
51,88,6,1027,19484,1,,
51,63,10,1027,19484,1,,
51,44,9,1069,19484,1,,
19,1253,5,1067,19492,1,,
19,46,3,917,19492,1,,
217,83,9,1042,19499,1,,
450,523,12,931,19502,1,,
450,518,4,990,19502,1,,
390,264,7,513,19518,1,,
390,208,7,1047,19518,1,,
390,245,2,1047,19518,1,,
328,605,11,1073,19520,1,,
471,935,9,1047,19531,1,,
96,1231,8,960,19534,1,,
400,731,2,1064,19540,1,,
324,0,10,1047,19545,1,,
422,414,1,775,19548,1,,
72,-1,-1,-999,19553,2,v14_piggyback,2.0,19444,109
440,290,8,1042,19556,1,,
392,367,9,1067,19560,1,,
423,479,9,1067,19575,1,,
408,66,6,1044,19589,1,,
465,836,5,1042,19589,1,,
411,111,8,938,19601,1,,
411,112,10,1050,19601,1,,
80,2722,3,1042,19607,1,,
80,4,4,1075,19607,1,,
1,41,8,1047,19615,1,,
483,1131,4,1027,19624,1,,
394,415,8,1047,19629,1,,
390,-1,-1,-999,19629,2,v14_piggyback,4.0,19518,111
44,1298,4,1069,19636,1,,
395,621,4,1042,19646,1,,
417,232,12,917,19657,1,,
417,225,8,1047,19657,1,,
218,231,10,970,19670,1,,
218,83,7,970,19670,1,,
363,254,8,513,19671,1,,
458,684,8,999,19686,1,,
305,2400,2,1069,19690,1,,
305,78,11,1082,19690,1,,
324,-1,-1,-999,19691,2,v14_piggyback,6.0,19545,146
321,91,7,1054,19704,1,,
321,213,6,1054,19704,1,,
77,7,4,1082,19715,1,,
77,3,8,1082,19715,1,,
77,129,5,1082,19715,1,,
421,350,8,1054,19715,1,,
462,764,11,775,19730,1,,
456,657,7,513,19733,1,,
183,113,6,1054,19740,1,,
219,23,10,1082,19743,1,,
219,23,10,892,19743,1,,
391,245,6,1047,19745,1,,
168,1652,6,923,19752,1,,
475,993,6,923,19761,1,,
447,457,4,970,19762,1,,
447,467,8,892,19762,1,,
338,287,6,1067,19780,1,,
415,161,6,1083,19787,1,,
445,419,5,1047,19790,1,,
450,517,11,1082,19799,1,,
322,61,2,1074,19800,1,,
322,71,7,1083,19800,1,,
274,297,6,513,19802,1,,
448,484,8,964,19812,1,,
216,23,6,1047,19814,1,,
416,175,6,1072,19831,1,,
416,167,8,1072,19831,1,,
345,2614,2,1069,19834,1,,
345,424,8,1082,19834,1,,
474,986,5,513,19838,1,,
440,312,8,1020,19848,1,,
413,137,6,892,19860,1,,
408,56,7,513,19864,1,,
414,148,4,1047,19873,1,,
447,-1,-1,-999,19873,2,v14_piggyback,1.0,19762,111
343,377,8,1011,19873,1,,
249,2099,2,997,19883,1,,
249,59,3,917,19883,1,,
3,28,4,970,19888,1,,
3,19,4,1082,19888,1,,
124,1402,10,1072,19890,1,,
429,766,4,917,19893,1,,
449,508,6,1082,19899,1,,
469,886,4,970,19908,1,,
411,111,8,923,19911,1,,
386,55,5,970,19924,1,,
162,1616,4,1083,19934,1,,
162,65,8,1003,19934,1,,
422,414,7,923,19945,1,,
117,1364,4,484,19953,1,,
104,1283,4,892,19955,1,,
413,-1,-1,-999,19969,2,v14_piggyback,1.0,19860,109
94,1224,10,1003,19983,1,,
165,1630,3,970,19988,1,,
458,695,5,1050,19995,1,,
458,699,8,917,19995,1,,
412,106,7,1003,19996,1,,
484,1148,7,959,20007,1,,
282,38,3,917,20013,1,,
42,5,2,1086,20017,1,,
410,86,3,1050,20021,1,,
462,764,9,964,20025,1,,
462,779,4,959,20025,1,,
449,-1,-1,-999,20031,2,v14_piggyback,1.0,19899,132
475,1010,5,987,20037,1,,
158,65,6,1098,20038,1,,
384,53,6,1003,20050,1,,
172,1672,3,1067,20051,1,,
198,81,2,1072,20061,1,,
198,166,4,1072,20061,1,,
445,417,4,1069,20070,1,,
387,168,4,1048,20089,1,,
411,-1,-1,-999,20093,2,v14_piggyback,3.0,19911,182
215,1908,3,917,20094,1,,
224,23,2,892,20102,1,,
160,1601,2,1050,20118,1,,
440,281,6,1098,20121,1,,
313,2438,2,970,20121,1,,
465,3144,3,917,20126,1,,
388,168,7,1092,20149,1,,
390,264,2,513,20153,1,,
469,-1,-1,-999,20155,2,v14_piggyback,1.0,19908,247
305,212,2,997,20160,1,,
128,177,4,1003,20161,1,,
208,1869,1,970,20169,1,,
442,3045,2,892,20177,1,,
447,457,3,970,20185,1,,
422,407,1,1042,20191,1,,
434,3010,1,1042,20196,1,,
441,324,4,1003,20203,1,,
117,-1,-1,-999,20217,2,v14_piggyback,1.0,19953,264
10,1316,3,1054,20219,1,,
10,3,6,1104,20219,1,,
179,1715,2,1050,20220,1,,
199,81,4,1072,20228,1,,
200,260,9,1101,20245,1,,
214,1901,3,1104,20253,1,,
474,984,3,1003,20261,1,,
429,2986,1,758,20265,1,,
235,2024,3,1072,20269,1,,
389,198,2,1008,20269,1,,
462,-1,-1,-999,20279,2,v14_piggyback,1.0,20025,254
412,108,2,1082,20279,1,,
481,1102,2,964,20280,1,,
449,515,6,1072,20304,1,,
475,1008,8,1082,20306,1,,
411,111,3,923,20313,1,,
428,736,4,797,20314,1,,
445,428,12,987,20333,1,,
483,1128,2,1098,20334,1,,
256,233,5,1081,20338,1,,
472,943,5,797,20343,1,,
427,679,1,927,20349,1,,
453,598,7,1062,20351,1,,
469,888,4,1067,20358,1,,
356,2668,2,1062,20365,1,,
257,471,10,1114,20389,1,,
305,2397,2,1091,20393,1,,
477,1034,2,923,20394,1,,
180,166,2,1081,20396,1,,
312,545,4,1081,20405,1,,
375,2755,1,1054,20408,1,,
132,1447,4,920,20412,1,,
64,1933,2,1081,20412,1,,
183,1735,3,1114,20420,1,,
117,1364,4,484,20427,1,,
417,226,7,1076,20443,1,,
229,123,10,1032,20465,1,,
229,118,4,1032,20465,1,,
412,108,12,1115,20471,1,,
456,655,4,1019,20474,1,,
474,983,4,1078,20483,1,,
283,2282,4,1029,20484,1,,
447,476,6,1062,20495,1,,
481,1106,9,1019,20501,1,,
462,776,10,797,20503,1,,
43,5,4,1029,20505,1,,
442,349,8,1053,20517,1,,
389,2815,2,1012,20519,1,,
449,504,5,1019,20520,1,,
410,97,3,1103,20525,1,,
186,1749,2,1103,20532,1,,
409,92,8,1053,20546,1,,
428,679,3,927,20562,1,,
428,679,7,1053,20562,1,,
177,1698,2,1029,20565,1,,
453,597,8,1081,20579,1,,
95,1230,1,976,20584,1,,
256,279,2,1029,20586,1,,
469,896,8,920,20590,1,,
469,903,11,1076,20590,1,,
281,2275,1,1114,20591,1,,
154,1570,2,976,20598,1,,
313,545,5,1053,20601,1,,
361,2697,1,1053,20610,1,,
361,49,3,1053,20610,1,,
458,681,1,976,20614,1,,
164,14,8,1122,20620,1,,
445,427,10,797,20626,1,,
476,1021,4,1053,20636,1,,
135,1466,2,1122,20638,1,,
76,47,6,1119,20643,1,,
89,8,8,1127,20657,1,,
421,358,6,1127,20668,1,,
109,1319,8,1132,20671,1,,
417,195,5,1103,20679,1,,
388,176,6,1132,20683,1,,
257,296,3,1090,20685,1,,
456,648,7,976,20692,1,,
1,22,8,1132,20697,1,,
324,2496,2,1053,20715,1,,
332,805,8,1132,20716,1,,
158,151,8,1096,20732,1,,
224,214,6,1120,20734,1,,
365,2712,2,663,20744,1,,
77,62,5,1120,20752,1,,
77,3,7,1120,20752,1,,
360,12,6,998,20753,1,,
410,92,3,1053,20759,1,,
266,90,7,1120,20765,1,,
449,508,2,1082,20772,1,,
449,516,7,1081,20772,1,,
163,126,8,1120,20779,1,,
359,11,5,1057,20783,1,,
134,130,6,1139,20783,1,,
408,68,5,1096,20794,1,,
474,973,5,1089,20796,1,,
442,349,5,1090,20805,1,,
462,764,1,964,20810,1,,
462,776,2,1098,20810,1,,
386,132,6,1058,20814,1,,
267,90,8,1058,20831,1,,
358,11,3,1057,20836,1,,
95,1230,8,757,20842,1,,
391,309,9,901,20851,1,,
377,895,4,901,20857,1,,
238,157,8,1135,20863,1,,
242,284,6,1125,20874,1,,
112,1336,2,1139,20875,1,,
361,12,11,901,20881,1,,
78,129,4,1125,20883,1,,
477,1036,5,1096,20885,1,,
441,325,8,1095,20902,1,,
385,53,3,1108,20910,1,,
442,-1,-1,-999,20917,2,v14_piggyback,1.0,20805,112
364,172,2,1138,20931,1,,
364,200,6,1095,20931,1,,
241,318,10,949,20933,1,,
447,460,2,1058,20937,1,,
257,2139,4,901,20938,1,,
56,1643,3,888,20944,1,,
473,966,2,1096,20944,1,,
223,339,6,949,20947,1,,
223,1956,2,949,20947,1,,
384,53,2,1108,20951,1,,
469,903,5,949,20958,1,,
382,18,3,1147,20977,1,,
347,2621,2,1108,20994,1,,
456,641,7,1120,20996,1,,
52,29,7,1106,21003,1,,
52,9,7,1153,21003,1,,
52,1477,2,1153,21003,1,,
320,91,2,1125,21004,1,,
59,7,5,1148,21014,1,,
426,536,8,1070,21014,1,,
151,16,2,1070,21019,1,,
383,18,3,1147,21029,1,,
2,9,10,1151,21031,1,,
137,107,12,1106,21035,1,,
226,83,6,810,21052,1,,
226,25,1,810,21052,1,,
226,301,7,810,21052,1,,
410,92,10,901,21060,1,,
469,-1,-1,-999,21070,2,v14_piggyback,1.0,20958,112
386,53,1,1108,21071,1,,
340,304,11,1106,21076,1,,
413,143,10,810,21076,1,,
413,138,2,991,21076,1,,
413,137,4,991,21076,1,,
256,233,4,1153,21083,1,,
344,424,6,1018,21090,1,,
61,7,10,810,21095,1,,
61,29,2,991,21095,1,,
267,2197,2,1080,21097,1,,
446,450,2,1018,21115,1,,
441,331,10,888,21118,1,,
441,315,10,1070,21118,1,,
464,806,2,901,21125,1,,
385,32,2,1007,21131,1,,
481,1103,12,1035,21144,1,,
442,3044,1,1068,21157,1,,
414,135,1,1007,21163,1,,
452,578,10,1077,21163,1,,
42,44,10,1035,21173,1,,
374,778,8,1007,21177,1,,
368,398,10,810,21180,1,,
428,758,2,1077,21195,1,,
428,756,7,810,21195,1,,
163,1620,2,1007,21208,1,,
484,1160,8,1035,21208,1,,
478,1066,10,1151,21211,1,,
129,177,9,1035,21221,1,,
244,64,3,1077,21227,1,,
244,2071,2,810,21227,1,,
244,318,1,810,21227,1,,
244,430,4,991,21227,1,,
459,718,5,1107,21229,1,,
384,18,4,1147,21236,1,,
384,34,6,1118,21236,1,,
384,32,10,1007,21236,1,,
181,1724,8,810,21241,1,,
363,254,8,1035,21250,1,,
421,303,5,1151,21259,1,,
420,300,4,1107,21260,1,,
473,968,7,1153,21271,1,,
230,400,9,810,21274,1,,
449,500,2,1106,21278,1,,
99,1252,12,939,21281,1,,
460,732,8,810,21288,1,,
383,52,10,939,21297,1,,
476,1029,5,810,21300,1,,
302,2379,4,810,21310,1,,
447,482,8,939,21319,1,,
272,2226,2,1035,21324,1,,
272,183,2,1158,21324,1,,
200,81,11,916,21335,1,,
475,1004,11,1158,21341,1,,
459,-1,-1,-999,21343,2,v14_piggyback,1.0,21229,114
440,281,7,916,21345,1,,
105,1293,2,916,21358,1,,
105,8,7,916,21358,1,,
446,437,6,1156,21378,1,,
446,453,9,916,21378,1,,
126,177,6,1164,21383,1,,
126,141,11,1158,21383,1,,
126,1,8,1158,21383,1,,
126,116,8,1158,21383,1,,
451,554,2,1035,21387,1,,
189,184,6,1117,21388,1,,
413,135,7,1007,21398,1,,
464,819,9,1107,21400,1,,
469,903,1,949,21403,1,,
469,885,8,1077,21403,1,,
469,884,8,810,21403,1,,
393,367,4,916,21405,1,,
476,-1,-1,-999,21409,2,v14_piggyback,1.0,21300,109
320,61,3,810,21411,1,,
445,427,4,810,21420,1,,
301,2374,2,901,21420,1,,
379,1055,2,1107,21432,1,,
452,574,6,995,21434,1,,
182,104,8,1169,21440,1,,
474,981,4,991,21443,1,,
428,2983,2,663,21445,1,,
186,1747,3,810,21451,1,,
478,1050,10,1137,21467,1,,
415,2926,2,1035,21478,1,,
462,779,6,1181,21482,1,,
421,300,2,1107,21487,1,,
486,3241,2,991,21493,1,,
168,1649,2,916,21493,1,,
473,957,7,1158,21497,1,,
273,2230,2,1077,21507,1,,
371,723,2,1099,21510,1,,
464,-1,-1,-999,21511,2,v14_piggyback,1.0,21400,111
111,1327,1,1099,21514,1,,
338,85,2,949,21527,1,,
392,462,8,1180,21527,1,,
459,718,4,1107,21537,1,,
444,401,2,916,21557,1,,
130,110,6,1167,21566,1,,
391,309,3,1161,21572,1,,
445,-1,-1,-999,21574,2,v14_piggyback,1.0,21420,154
440,307,4,1099,21579,1,,
147,1535,2,810,21585,1,,
126,1415,6,-57,21586,1,,
166,10,5,1150,21587,1,,
115,1348,1,810,21591,1,,
441,315,4,1171,21596,1,,
397,2847,2,1171,21612,1,,
476,1029,7,810,21620,1,,
288,27,6,1034,21621,1,,
413,135,2,1110,21627,1,,
189,1764,2,445,21627,1,,
133,1,7,1171,21631,1,,
158,192,8,1184,21643,1,,
416,173,6,1034,21650,1,,
224,1965,2,1184,21662,1,,
398,643,5,1034,21663,1,,
420,302,4,1065,21670,1,,
400,716,9,1152,21680,1,,
470,913,10,1094,21686,1,,
428,2983,2,1178,21692,1,,
452,560,6,1181,21698,1,,
471,937,2,1065,21705,1,,
289,77,5,1157,21709,1,,
220,240,8,1190,21713,1,,
366,338,4,1065,21714,1,,
467,857,4,1190,21730,1,,
187,1756,3,1100,21731,1,,
388,176,10,1109,21747,1,,
184,113,11,1131,21749,1,,
421,300,8,1149,21753,1,,
44,5,5,1190,21756,1,,
472,946,10,1109,21770,1,,
420,-1,-1,-999,21782,2,v14_piggyback,1.0,21670,112
217,83,10,1109,21784,1,,
148,1537,5,1131,21790,1,,
286,2,6,1105,21795,1,,
464,819,1,1107,21799,1,,
3,46,7,1109,21811,1,,
3,3,10,1088,21811,1,,
440,292,8,1131,21813,1,,
106,1300,4,1157,21815,1,,
181,104,8,1159,21822,1,,
338,6,4,1136,21823,1,,
389,176,2,1109,21838,1,,
389,188,9,1088,21838,1,,
218,23,6,1088,21863,1,,
218,286,6,1182,21863,1,,
299,15,4,1014,21864,1,,
413,122,4,1152,21871,1,,
445,427,4,810,21873,1,,
179,1715,3,1109,21876,1,,
179,126,6,1200,21876,1,,
256,411,3,1172,21877,1,,
450,517,5,1121,21884,1,,
283,36,6,1172,21887,1,,
449,502,9,1182,21891,1,,
264,2180,3,1174,21893,1,,
282,38,6,1159,21900,1,,
300,54,11,1121,21909,1,,
452,574,8,1065,21927,1,,
471,929,5,1100,21937,1,,
123,1398,4,1121,21946,1,,
320,61,6,1159,21951,1,,
361,60,4,1201,21952,1,,
120,1380,6,1088,21964,1,,
362,60,6,1088,21973,1,,
394,352,6,989,21976,1,,
104,1286,6,1088,21983,1,,
257,587,10,1201,21990,1,,
458,687,2,1145,21997,1,,
360,11,10,989,22004,1,,
472,945,8,1159,22008,1,,
386,94,5,1166,22014,1,,
265,183,10,1087,22018,1,,
113,1341,4,1166,22021,1,,
461,745,8,989,22030,1,,
128,614,2,1168,22034,1,,
420,302,6,1109,22039,1,,
467,3151,4,1046,22049,1,,
148,1540,8,1014,22051,1,,
411,108,2,1166,22056,1,,
437,179,4,1159,22056,1,,
290,412,3,1088,22062,1,,
464,813,11,1174,22084,1,,
464,812,7,989,22084,1,,
130,89,12,1205,22091,1,,
389,247,3,1182,22094,1,,
431,872,7,1128,22103,1,,
106,1299,6,1123,22112,1,,
440,282,8,1121,22113,1,,
291,485,5,1128,22121,1,,
444,409,3,1190,22129,1,,
422,407,2,1088,22133,1,,
413,122,8,1094,22135,1,,
461,-1,-1,-999,22141,2,v14_piggyback,1.0,22030,111
450,540,9,1166,22149,1,,
443,375,3,1159,22155,1,,
408,56,6,1205,22167,1,,
408,48,7,1177,22167,1,,
384,34,5,1173,22173,1,,
62,7,6,1205,22176,1,,
383,17,6,1186,22182,1,,
398,2853,2,1088,22189,1,,
410,96,2,1200,22193,1,,
264,2181,4,989,22204,1,,
288,36,4,1205,22209,1,,
292,412,2,1024,22218,1,,
462,775,3,1128,22219,1,,
337,2567,2,1024,22225,1,,
180,1719,2,1166,22228,1,,
124,1401,1,1182,22231,1,,
361,11,4,1168,22241,1,,
361,11,12,1128,22241,1,,
139,43,3,1128,22247,1,,
480,3214,3,1128,22255,1,,
368,2726,4,1205,22257,1,,
287,211,8,1146,22269,1,,
386,127,8,1205,22269,1,,
366,351,8,1189,22281,1,,
384,-1,-1,-999,22287,2,v14_piggyback,3.0,22173,114
465,821,11,1189,22296,1,,
411,96,3,1212,22299,1,,
412,133,2,1087,22300,1,,
412,99,8,1175,22300,1,,
458,695,7,1177,22307,1,,
293,336,9,1175,22315,1,,
399,747,4,1133,22319,1,,
399,669,4,1133,22319,1,,
375,975,8,1146,22329,1,,
415,182,4,1133,22336,1,,
363,201,6,1142,22345,1,,
40,63,5,1208,22353,1,,
421,308,2,1133,22359,1,,
130,1436,6,1189,22362,1,,
425,566,4,1133,22365,1,,
413,148,10,1087,22374,1,,
463,794,10,944,22379,1,,
290,291,6,944,22389,1,,
373,770,10,699,22396,1,,
338,287,4,1142,22397,1,,
145,1524,8,662,22410,1,,
408,56,3,1194,22416,1,,
408,35,8,1142,22416,1,,
128,110,3,944,22416,1,,
440,295,9,1087,22419,1,,
355,2663,3,662,22428,1,,
453,588,9,699,22438,1,,
450,525,10,1189,22449,1,,
450,526,4,1203,22449,1,,
461,745,2,989,22456,1,,
461,752,7,1128,22456,1,,
421,-1,-1,-999,22466,2,v14_piggyback,1.0,22359,107
464,816,7,1173,22468,1,,
0,30,11,1198,22473,1,,
283,36,7,1175,22481,1,,
83,7,12,1179,22482,1,,
364,201,9,1203,22486,1,,
367,351,8,699,22495,1,,
383,32,7,1198,22496,1,,
403,2874,4,1175,22504,1,,
339,109,7,1203,22507,1,,
95,1229,8,1179,22514,1,,
219,286,6,1198,22520,1,,
408,-1,-1,-999,22528,2,v14_piggyback,5.0,22416,112
263,440,3,1146,22529,1,,
54,4,7,1219,22531,1,,
462,777,6,1189,22551,1,,
445,432,7,1219,22558,1,,
388,2810,3,1203,22579,1,,
340,244,7,1179,22579,1,,
384,34,4,1173,22587,1,,
440,-1,-1,-999,22590,2,v14_piggyback,1.0,22419,171
386,53,2,1208,22593,1,,
278,2256,3,1175,22595,1,,
244,2070,3,1128,22603,1,,
415,169,2,662,22603,1,,
415,150,10,1179,22603,1,,
77,47,2,1189,22607,1,,
124,1402,7,662,22614,1,,
413,114,2,1177,22622,1,,
413,135,4,1177,22622,1,,
411,105,6,1133,22623,1,,
380,2774,3,662,22629,1,,
343,534,3,944,22635,1,,
39,44,1,1128,22641,1,,
327,2515,2,817,22653,1,,
437,174,1,1168,22656,1,,
205,165,2,1142,22669,1,,
205,207,4,1224,22669,1,,
145,1522,2,817,22679,1,,
145,1524,6,798,22679,1,,
421,368,3,1142,22683,1,,
422,308,1,1133,22690,1,,
128,1422,4,1203,22693,1,,
401,803,10,1102,22693,1,,
383,52,3,798,22698,1,,
344,406,1,1168,22699,1,,
336,2564,2,1203,22707,1,,
427,622,8,1222,22711,1,,
410,98,7,1222,22721,1,,
455,629,1,1208,22725,1,,
152,16,10,1217,22752,1,,
245,64,10,963,22753,1,,
154,1569,2,1203,22756,1,,
433,995,8,1112,22767,1,,
445,429,2,1145,22771,1,,
402,811,12,1112,22786,1,,
145,-1,-1,-999,22787,2,v14_piggyback,1.0,22679,108
329,2525,1,1222,22788,1,,
352,678,2,1222,22794,1,,
442,348,10,1112,22802,1,,
199,165,8,1236,22809,1,,
1,9,6,1112,22813,1,,
309,2416,4,1112,22822,1,,
386,127,4,1133,22825,1,,
386,55,6,1204,22825,1,,
384,18,7,1208,22829,1,,
235,2025,2,1112,22829,1,,
415,159,4,1142,22836,1,,
428,756,12,1204,22842,1,,
307,212,7,1191,22842,1,,
440,282,2,1167,22846,1,,
367,398,1,662,22857,1,,
385,21,9,1204,22871,1,,
45,5,10,1204,22885,1,,
129,141,5,1221,22890,1,,
412,125,6,1204,22895,1,,
306,256,4,1213,22899,1,,
423,402,6,1116,22905,1,,
308,361,6,1221,22911,1,,
455,631,11,1226,22924,1,,
455,632,4,1030,22924,1,,
461,757,8,866,22925,1,,
303,2388,3,1216,22930,1,,
325,448,6,1204,22930,1,,
140,1494,2,1199,22934,1,,
383,52,3,1216,22941,1,,
480,1095,5,866,22942,1,,
427,719,10,1204,22945,1,,
428,-1,-1,-999,22949,2,v14_piggyback,3.0,22842,107
128,1424,7,1179,22955,1,,
133,117,7,866,22961,1,,
301,57,12,1199,22965,1,,
437,180,4,1112,22970,1,,
448,495,5,1116,22989,1,,
445,432,9,1211,23009,1,,
413,133,10,1234,23026,1,,
368,2727,2,1221,23026,1,,
416,173,4,1234,23035,1,,
130,110,8,1242,23040,1,,
271,230,1,1234,23043,1,,
43,82,5,1237,23059,1,,
128,-1,-1,-999,23063,2,v14_piggyback,1.0,22955,108
442,348,6,1230,23067,1,,
442,364,12,866,23067,1,,
244,64,5,1116,23067,1,,
384,52,4,1240,23068,1,,
384,52,7,1216,23068,1,,
395,621,2,1242,23073,1,,
4,3,12,1246,23084,1,,
440,295,1,1087,23090,1,,
421,308,4,1133,23094,1,,
415,173,4,1234,23099,1,,
411,112,4,980,23103,1,,
386,120,4,1116,23103,1,,
364,194,4,1204,23112,1,,
277,2250,4,980,23115,1,,
445,-1,-1,-999,23125,2,v14_piggyback,1.0,23009,116
46,5,10,1176,23126,1,,
46,29,8,1252,23126,1,,
129,1430,12,866,23134,1,,
145,1524,3,798,23135,1,,
458,3115,3,1204,23146,1,,
334,2551,2,980,23170,1,,
320,196,6,1176,23181,1,,
442,-1,-1,-999,23187,2,v14_piggyback,1.0,23067,120
468,879,3,1116,23193,1,,
392,313,1,1116,23198,1,,
143,130,10,1176,23200,1,,
143,1510,2,1252,23200,1,,
469,885,5,1176,23210,1,,
461,751,12,980,23211,1,,
383,31,3,1112,23220,1,,
264,90,2,1204,23227,1,,
140,1493,12,1176,23229,1,,
131,39,6,1253,23231,1,,
449,3075,2,1176,23241,1,,
449,516,4,1252,23241,1,,
358,979,10,1253,23247,1,,
182,104,2,1176,23250,1,,
182,113,2,1252,23250,1,,
234,131,1,1268,23250,1,,
455,629,7,967,23263,1,,
318,480,4,1253,23274,1,,
413,114,7,1240,23280,1,,
413,148,4,1176,23280,1,,
128,1424,1,1179,23285,1,,
42,29,4,1235,23290,1,,
359,979,12,1266,23300,1,,
394,455,10,1266,23316,1,,
385,42,10,1266,23333,1,,
383,-1,-1,-999,23333,2,v14_piggyback,3.0,23220,113
384,53,8,1176,23335,1,,
384,18,8,1252,23335,1,,
384,34,2,1252,23335,1,,
290,381,8,1266,23347,1,,
245,131,8,1021,23353,1,,
47,3,6,1188,23356,1,,
47,1350,8,1251,23356,1,,
43,1243,8,1253,23361,1,,
488,1209,4,1021,23363,1,,
446,443,5,1021,23373,1,,
415,154,4,1252,23392,1,,
455,-1,-1,-999,23395,2,v14_piggyback,1.0,23263,132
133,1,6,1021,23398,1,,
440,282,6,980,23402,1,,
440,288,9,1253,23402,1,,
322,91,7,1251,23405,1,,
475,992,6,1021,23410,1,,
291,336,6,1264,23414,1,,
458,699,8,1021,23424,1,,
437,179,6,1264,23425,1,,
411,98,3,1222,23432,1,,
320,2475,2,1187,23439,1,,
124,1,5,1251,23451,1,,
379,1069,4,1251,23460,1,,
167,10,5,1187,23462,1,,
314,712,5,1214,23466,1,,
469,889,11,1188,23477,1,,
232,2008,2,1251,23484,1,,
438,248,6,1266,23488,1,,
468,873,8,936,23490,1,,
256,411,2,1188,23496,1,,
457,665,2,1251,23506,1,,
376,895,4,1264,23508,1,,
421,329,4,1266,23522,1,,
234,2018,2,1154,23535,1,,
458,-1,-1,-999,23536,2,v14_piggyback,1.0,23424,112
414,134,4,1253,23540,1,,
343,424,3,1266,23548,1,,
442,348,2,1230,23555,1,,
321,71,10,1265,23557,1,,
110,1321,2,1266,23562,1,,
364,201,5,1265,23573,1,,
167,-1,-1,-999,23598,2,v14_piggyback,1.0,23462,136
128,1424,6,1188,23602,1,,
290,336,8,1285,23607,1,,
154,130,2,1265,23613,1,,
154,1569,2,1265,23613,1,,
384,31,2,1112,23613,1,,
383,31,9,1021,23619,1,,
383,18,7,1271,23619,1,,
465,826,2,1188,23620,1,,
385,21,2,1187,23628,1,,
415,159,6,699,23629,1,,
415,161,2,1214,23629,1,,
386,72,3,1284,23636,1,,
446,454,6,1261,23654,1,,
446,450,5,1228,23654,1,,
87,3068,2,1176,23658,1,,
475,1001,8,1187,23668,1,,
411,108,9,1176,23674,1,,
455,629,3,967,23682,1,,
424,422,11,1262,23685,1,,
58,1700,2,1188,23688,1,,
454,615,2,1253,23696,1,,
445,432,1,1211,23711,1,,
427,683,8,1262,23717,1,,
468,882,10,1271,23733,1,,
415,-1,-1,-999,23743,2,v14_piggyback,4.0,23629,114
322,196,11,1296,23744,1,,
231,123,11,1262,23751,1,,
469,3160,2,1279,23755,1,,
109,1,7,1267,23755,1,,
1,37,5,1262,23761,1,,
186,1747,3,1291,23763,1,,
458,699,2,1021,23768,1,,
444,391,6,1267,23775,1,,
88,347,10,1291,23791,1,,
133,1450,3,1291,23799,1,,
446,-1,-1,-999,23805,2,v14_piggyback,1.0,23654,151
323,61,7,1289,23817,1,,
443,379,6,1276,23824,1,,
0,46,7,1289,23829,1,,
413,135,3,1303,23836,1,,
77,24,10,1276,23840,1,,
239,2044,3,1303,23850,1,,
440,314,9,1286,23855,1,,
199,149,2,1263,23857,1,,
202,1834,4,1303,23866,1,,
414,154,2,1252,23867,1,,
454,-1,-1,-999,23867,2,v14_piggyback,1.0,23696,171
173,153,11,1286,23873,1,,
43,82,8,1270,23881,1,,
430,802,2,1286,23890,1,,
430,2988,4,1111,23890,1,,
482,1116,4,1270,23894,1,,
200,149,7,1185,23909,1,,
306,408,10,1277,23910,1,,
384,53,2,1300,23916,1,,
439,268,9,1045,23926,1,,
475,989,8,1303,23930,1,,
273,278,4,1270,23935,1,,
165,14,12,1280,23940,1,,
413,-1,-1,-999,23945,2,v14_piggyback,2.0,23836,109
189,184,8,1197,23946,1,,
432,907,11,1298,23955,1,,
128,1,6,1280,23965,1,,
161,1606,2,1185,23972,1,,
161,345,2,1197,23972,1,,
2,41,2,1298,23974,1,,
2,51,10,1093,23974,1,,
386,53,11,1306,23991,1,,
327,389,6,1298,23993,1,,
327,459,6,1163,23993,1,,
324,0,9,1241,24012,1,,
455,626,8,1280,24026,1,,
182,67,8,905,24030,1,,
416,175,3,1286,24034,1,,
289,211,8,1093,24041,1,,
289,2,4,1093,24041,1,,
395,603,3,1286,24042,1,,
383,32,6,905,24043,1,,
446,450,6,1228,24054,1,,
415,161,7,1214,24056,1,,
415,175,1,1286,24056,1,,
410,97,4,1045,24062,1,,
410,76,5,1093,24062,1,,
410,76,5,922,24062,1,,
110,1,8,1241,24070,1,,
320,91,4,1310,24079,1,,
307,376,8,1045,24082,1,,
307,256,5,922,24082,1,,
203,185,2,905,24097,1,,
203,144,11,1312,24097,1,,
449,508,9,1093,24102,1,,
459,704,8,905,24111,1,,
443,386,6,1241,24114,1,,
331,530,8,922,24118,1,,
364,201,5,905,24124,1,,
454,611,4,1025,24128,1,,
454,623,4,1267,24128,1,,
392,326,4,905,24135,1,,
166,1636,8,1093,24143,1,,
308,212,10,1260,24160,1,,
173,1680,10,1111,24173,1,,
274,277,8,1093,24174,1,,
413,135,5,1303,24174,1,,
466,840,4,1197,24185,1,,
60,1762,2,1298,24187,1,,
60,5,6,1093,24187,1,,
414,142,4,905,24194,1,,
393,472,6,1304,24204,1,,
439,273,10,1163,24204,1,,
384,34,8,922,24218,1,,
430,808,10,988,24221,1,,
394,514,8,764,24237,1,,
394,415,2,764,24237,1,,
183,191,10,988,24237,1,,
454,-1,-1,-999,24242,2,v14_piggyback,1.0,24128,114
198,317,7,922,24243,1,,
215,181,4,1312,24246,1,,
429,771,3,767,24254,1,,
362,121,7,984,24259,1,,
438,190,4,764,24281,1,,
455,625,6,1277,24287,1,,
455,636,10,1277,24287,1,,
442,353,6,1093,24296,1,,
428,756,9,764,24301,1,,
431,2997,4,922,24303,1,,
466,-1,-1,-999,24304,2,v14_piggyback,2.0,24185,119
110,1324,6,767,24312,1,,
408,48,8,764,24326,1,,
170,1661,2,922,24331,1,,
293,2335,3,764,24334,1,,
291,439,6,1272,24346,1,,
165,10,3,905,24351,1,,
43,82,6,1328,24358,1,,
415,178,8,984,24365,1,,
167,10,6,1272,24372,1,,
99,1255,2,1045,24372,1,,
449,3076,3,988,24373,1,,
162,14,2,1328,24376,1,,
91,3231,3,984,24381,1,,
443,384,6,764,24383,1,,
438,-1,-1,-999,24394,2,v14_piggyback,1.0,24281,113
459,709,12,988,24400,1,,
352,592,4,1238,24403,1,,
284,2287,2,1163,24407,1,,
203,1842,10,1140,24426,1,,
203,144,2,984,24426,1,,
203,81,6,1337,24426,1,,
410,96,4,1302,24436,1,,
214,271,6,1337,24438,1,,
199,144,4,1340,24458,1,,
426,536,2,1005,24472,1,,
50,1443,3,1338,24472,1,,
129,1431,2,838,24479,1,,
167,-1,-1,-999,24486,2,v14_piggyback,1.0,24372,114
454,624,8,764,24493,1,,
392,309,3,988,24493,1,,
110,1325,4,922,24495,1,,
215,1907,2,767,24499,1,,
170,1664,3,868,24506,1,,
78,47,10,1338,24509,1,,
455,628,6,905,24521,1,,
321,71,2,1330,24522,1,,
466,840,6,830,24533,1,,
398,741,6,1330,24539,1,,
416,167,2,1337,24550,1,,
408,35,8,1272,24553,1,,
408,56,6,1302,24553,1,,
408,48,6,1238,24553,1,,
112,1332,1,1238,24558,1,,
445,416,11,1341,24561,1,,
153,16,7,1330,24572,1,,
419,263,2,984,24578,1,,
53,1472,2,984,24585,1,,
128,1,10,1341,24586,1,,
99,1250,6,1293,24595,1,,
141,43,6,1341,24604,1,,
454,-1,-1,-999,24610,2,v14_piggyback,1.0,24493,117
51,1442,4,1341,24611,1,,
231,2003,2,905,24623,1,,
371,650,8,1341,24623,1,,
193,228,4,1354,24632,1,,
227,25,10,1313,24648,1,,
415,154,6,1252,24652,1,,
217,23,10,1358,24671,1,,
466,-1,-1,-999,24672,2,v14_piggyback,2.0,24533,139
443,382,1,1093,24676,1,,
40,63,8,1313,24685,1,,
438,190,3,764,24686,1,,
438,204,8,838,24686,1,,
438,216,7,1005,24686,1,,
370,537,9,1307,24694,1,,
411,101,4,1352,24698,1,,
39,1216,10,1278,24701,1,,
41,1220,6,1358,24713,1,,
111,1,10,1352,24715,1,,
394,326,6,1313,24724,1,,
76,62,7,1215,24728,1,,
408,-1,-1,-999,24734,2,v14_piggyback,1.0,24553,181
42,29,8,1364,24750,1,,
42,19,10,1364,24750,1,,
448,484,2,1215,24753,1,,
368,447,8,1316,24760,1,,
275,2242,2,1316,24764,1,,
386,146,5,1278,24770,1,,
129,89,7,1316,24775,1,,
369,431,10,1273,24789,1,,
154,16,7,1366,24799,1,,
153,1567,2,794,24804,1,,
338,100,8,1364,24804,1,,
128,1424,7,1363,24814,1,,
339,244,8,1346,24818,1,,
110,1321,2,1366,24819,1,,
96,1236,5,1313,24828,1,,
274,275,12,1371,24835,1,,
215,339,4,1278,24841,1,,
215,181,3,1355,24841,1,,
218,83,11,1250,24847,1,,
209,1875,3,1313,24849,1,,
449,500,2,1358,24856,1,,
424,522,3,1366,24856,1,,
448,-1,-1,-999,24866,2,v14_piggyback,1.0,24753,113
52,88,11,1249,24875,1,,
52,9,9,1332,24875,1,,
410,79,9,1332,24890,1,,
425,511,5,1343,24905,1,,
441,340,9,1249,24906,1,,
384,42,3,1332,24913,1,,
415,154,3,1215,24921,1,,
471,928,6,1249,24933,1,,
295,2342,2,1355,24934,1,,
472,954,4,1250,24942,1,,
456,656,1,1358,24947,1,,
385,1197,4,1365,24951,1,,
419,272,1,1364,24953,1,,
454,624,2,905,24960,1,,
437,164,1,1338,24966,1,,
438,249,10,1215,24967,1,,
291,485,6,1331,24968,1,,
408,40,9,1316,24981,1,,
111,1326,7,1269,24989,1,,
443,375,3,1316,24991,1,,
443,384,4,1316,24991,1,,
411,2908,4,1366,24998,1,,
447,463,1,1358,25005,1,,
392,455,8,1066,25010,1,,
396,640,5,1331,25025,1,,
442,362,8,1066,25037,1,,
315,2450,3,1250,25053,1,,
429,818,12,1066,25053,1,,
129,177,2,1250,25060,1,,
128,1423,8,1331,25065,1,,
454,-1,-1,-999,25069,2,v14_piggyback,1.0,24960,109
418,239,10,1361,25069,1,,
436,1144,2,1332,25074,1,,
338,6,10,1066,25079,1,,
413,114,7,1361,25082,1,,
75,62,2,1365,25087,1,,
342,2595,2,1361,25089,1,,
89,8,6,1384,25109,1,,
448,495,9,1273,25111,1,,
417,232,1,1097,25114,1,,
310,2425,2,1250,25118,1,,
437,-1,-1,-999,25131,2,v14_piggyback,1.0,24966,165
389,188,2,1384,25134,1,,
360,12,6,1384,25146,1,,
416,187,8,1373,25150,1,,
345,473,4,1373,25159,1,,
324,0,7,1066,25173,1,,
344,310,8,1379,25177,1,,
184,191,5,1373,25188,1,,
339,202,9,1245,25192,1,,
385,2800,4,1384,25192,1,,
338,-1,-1,-999,25193,2,v14_piggyback,6.0,25079,114
439,257,4,1347,25201,1,,
321,213,8,1335,25206,1,,
450,3080,2,1347,25208,1,,
147,116,5,1319,25212,1,,
147,1531,8,1319,25212,1,,
224,83,1,1347,25217,1,,
3,28,8,1335,25218,1,,
44,63,5,1319,25231,1,,
44,1279,6,1319,25231,1,,
408,66,11,1066,25236,1,,
358,979,10,1319,25248,1,,
411,102,10,1066,25260,1,,
411,99,6,1066,25260,1,,
79,58,7,1319,25262,1,,
440,288,7,1335,25273,1,,
447,460,5,1351,25274,1,,
324,-1,-1,-999,25280,2,v14_piggyback,7.0,25173,107
289,2,7,1370,25285,1,,
414,148,1,1347,25288,1,,
453,594,6,1245,25296,1,,
135,130,6,1377,25300,1,,
341,304,12,1039,25326,1,,
87,347,6,1377,25326,1,,
87,7,12,1376,25326,1,,
340,136,6,1335,25327,1,,
274,297,4,1376,25335,1,,
478,3198,4,1319,25344,1,,
454,624,2,1379,25345,1,,
454,608,8,1039,25345,1,,
442,364,12,1368,25346,1,,
448,484,1,1215,25371,1,,
448,494,7,1348,25371,1,,
448,494,11,1250,25371,1,,
418,241,6,1220,25380,1,,
418,232,10,1097,25380,1,,
440,-1,-1,-999,25382,2,v14_piggyback,1.0,25273,109
1,22,6,1376,25383,1,,
342,202,10,1134,25390,1,,
413,148,5,1347,25400,1,,
413,122,8,1039,25400,1,,
273,277,5,1378,25404,1,,
451,552,10,1134,25408,1,,
409,84,5,1039,25410,1,,
0,51,3,1362,25423,1,,
0,22,5,1134,25423,1,,
221,240,10,1039,25426,1,,
128,614,4,1039,25435,1,,
299,2363,2,1039,25442,1,,
289,-1,-1,-999,25444,2,v14_piggyback,4.0,25285,159
437,164,2,1338,25451,1,,
450,531,8,1134,25455,1,,
259,2156,2,1319,25460,1,,
439,262,8,1134,25470,1,,
468,878,7,1134,25483,1,,
383,18,2,1395,25489,1,,
256,587,4,1370,25492,1,,
393,455,2,1066,25499,1,,
454,-1,-1,-999,25506,2,v14_piggyback,1.0,25345,161
54,4,3,1134,25507,1,,
410,87,8,1395,25528,1,,
324,0,11,1376,25540,1,,
258,296,8,1329,25554,1,,
19,1361,1,1329,25559,1,,
411,96,2,1134,25559,1,,
390,264,10,1084,25564,1,,
139,1486,2,1134,25566,1,,
167,1644,1,1039,25573,1,,
441,332,9,1160,25579,1,,
439,-1,-1,-999,25579,2,v14_piggyback,1.0,25470,109
384,52,5,1329,25590,1,,
438,238,6,1398,25601,1,,
257,383,7,1231,25624,1,,
257,471,9,1160,25624,1,,
166,269,8,1084,25626,1,,
166,14,10,1413,25626,1,,
298,759,5,1160,25635,1,,
123,1398,3,1084,25641,1,,
123,1,6,1390,25641,1,,
321,213,4,1160,25644,1,,
324,-1,-1,-999,25653,2,v14_piggyback,2.0,25540,113
279,2263,4,1398,25653,1,,
436,1142,10,1084,25657,1,,
440,288,3,1335,25663,1,,
440,282,6,1370,25663,1,,
284,2,2,1370,25670,1,,
95,1228,2,1245,25676,1,,
417,215,7,1413,25677,1,,
201,1830,2,1066,25683,1,,
301,54,3,1287,25685,1,,
478,1064,8,1039,25699,1,,
260,259,4,1415,25704,1,,
488,1212,1,1362,25706,1,,
300,124,8,1297,25713,1,,
415,161,2,1369,25714,1,,
167,-1,-1,-999,25715,2,v14_piggyback,2.0,25573,142
409,76,6,1390,25738,1,,
105,47,3,1287,25759,1,,
105,115,6,1418,25759,1,,
338,6,1,1066,25766,1,,
273,277,6,1386,25768,1,,
279,-1,-1,-999,25777,2,v14_piggyback,4.0,25653,124
302,26,5,1386,25778,1,,
181,1722,5,1297,25781,1,,
221,1949,4,1381,25795,1,,
221,271,4,1418,25795,1,,
383,17,11,1398,25795,1,,
445,413,4,1231,25805,1,,
386,171,6,1388,25816,1,,
475,993,4,1427,25826,1,,
384,21,5,1388,25836,1,,
289,36,5,1424,25841,1,,
441,319,6,1196,25847,1,,
404,978,3,1231,25855,1,,
468,3156,2,1084,25858,1,,
324,0,1,1066,25858,1,,
324,0,10,1134,25858,1,,
387,132,9,1427,25870,1,,
288,128,10,1414,25875,1,,
139,1486,2,1233,25881,1,,
360,11,3,1206,25882,1,,
130,1434,6,1206,25896,1,,
221,-1,-1,-999,25904,2,v14_piggyback,3.0,25795,109
179,294,10,1247,25912,1,,
102,1272,3,1360,25917,1,,
1,51,9,1429,25917,1,,
464,801,6,1247,25924,1,,
410,84,8,1360,25931,1,,
361,11,4,1247,25933,1,,
408,66,4,1247,25942,1,,
281,2271,3,1247,25959,1,,
283,38,12,1393,25960,1,,
324,-1,-1,-999,25967,2,v14_piggyback,2.0,25858,109
385,73,2,1429,25969,1,,
415,175,9,1360,25975,1,,
351,2645,3,1427,25977,1,,
488,1205,3,1382,25983,1,,
128,45,7,1393,25996,1,,
364,194,1,1398,26015,1,,
478,1054,12,1206,26025,1,,
360,-1,-1,-999,26029,2,v14_piggyback,4.0,25882,147
161,269,11,1124,26043,1,,
437,180,2,1386,26047,1,,
386,73,6,1429,26058,1,,
280,470,4,1218,26064,1,,
280,243,10,1207,26064,1,,
78,47,10,1436,26070,1,,
348,592,10,1254,26075,1,,
352,592,7,1308,26088,1,,
134,117,12,1436,26089,1,,
130,-1,-1,-999,26092,2,v14_piggyback,1.0,25896,196
76,2540,2,1308,26094,1,,
379,2770,2,1254,26102,1,,
165,1633,7,1207,26112,1,,
165,345,4,1294,26112,1,,
456,647,8,1254,26116,1,,
42,1257,12,1333,26116,1,,
420,293,11,1207,26130,1,,
43,22,9,1422,26141,1,,
43,29,4,1349,26141,1,,
43,19,4,1349,26141,1,,
362,119,2,1218,26149,1,,
362,60,10,1207,26149,1,,
408,-1,-1,-999,26154,2,v14_piggyback,2.0,25942,212
94,24,6,1195,26158,1,,
94,13,4,1195,26158,1,,
459,714,8,1207,26163,1,,
289,2,10,1349,26175,1,,
441,324,5,1432,26181,1,,
79,24,11,1349,26193,1,,
460,740,8,1124,26205,1,,
419,239,7,1441,26218,1,,
410,86,9,1422,26223,1,,
365,322,6,1443,26230,1,,
395,595,6,1124,26230,1,,
36,3046,2,1441,26240,1,,
36,30,2,1441,26240,1,,
444,388,5,632,26240,1,,
472,941,8,1195,26242,1,,
363,60,2,1254,26247,1,,
56,4,8,1396,26256,1,,
464,816,7,1124,26257,1,,
179,1710,4,1283,26267,1,,
385,72,10,632,26278,1,,
283,20,4,1124,26290,1,,
137,1479,9,1202,26293,1,,
62,5,8,1440,26298,1,,
62,7,4,1440,26298,1,,
384,17,8,1325,26307,1,,
284,128,4,1202,26316,1,,
439,265,10,1440,26321,1,,
128,1423,8,1436,26335,1,,
338,85,12,1417,26339,1,,
339,202,4,1207,26355,1,,
276,461,10,1417,26356,1,,
227,25,8,1422,26361,1,,
471,926,4,1294,26364,1,,
413,145,6,1396,26372,1,,
229,118,4,1124,26374,1,,
2,41,12,1417,26374,1,,
130,1434,4,1206,26383,1,,
102,1271,8,1333,26386,1,,
258,411,4,1440,26395,1,,
456,638,8,1417,26405,1,,
256,279,2,1294,26405,1,,
408,66,3,1396,26411,1,,
408,40,6,1396,26411,1,,
63,1868,3,1218,26416,1,,
457,659,5,1349,26421,1,,
441,320,6,632,26429,1,,
441,320,10,1202,26429,1,,
390,245,4,1349,26445,1,,
417,2936,2,1294,26448,1,,
224,240,3,1202,26463,1,,
460,738,4,1422,26483,1,,
444,410,10,1325,26487,1,,
265,90,2,1283,26493,1,,
440,288,2,1441,26502,1,,
334,2554,2,1207,26509,1,,
360,11,1,1247,26515,1,,
110,1,4,1422,26517,1,,
410,96,2,1448,26522,1,,
135,130,12,1407,26529,1,,
452,578,2,1195,26530,1,,
441,-1,-1,-999,26542,2,v14_piggyback,1.0,26429,113
418,234,7,1407,26542,1,,
436,1144,1,1422,26543,1,,
111,1328,8,1407,26556,1,,
352,589,2,632,26563,1,,
137,1475,4,1460,26572,1,,
128,115,9,1472,26576,1,,
179,1710,4,632,26581,1,,
175,1689,3,1225,26582,1,,
97,1240,2,632,26588,1,,
230,118,4,1225,26589,1,,
214,1902,1,1349,26598,1,,
413,148,6,1428,26608,1,,
338,6,5,1407,26613,1,,
338,6,8,1442,26613,1,,
264,162,8,1311,26617,1,,
468,3153,2,1407,26622,1,,
259,2153,2,1311,26635,1,,
122,1394,4,1323,26644,1,,
452,-1,-1,-999,26652,2,v14_piggyback,1.0,26530,122
408,56,8,1441,26658,1,,
283,2283,2,1202,26664,1,,
102,1274,4,1417,26674,1,,
139,1488,7,1471,26681,1,,
420,246,12,1323,26700,1,,
256,2135,1,1458,26705,1,,
97,-1,-1,-999,26714,2,v14_piggyback,1.0,26588,126
129,115,7,1471,26718,1,,
460,738,11,1367,26719,1,,
419,285,6,1463,26730,1,,
386,72,1,632,26733,1,,
409,76,1,1409,26735,1,,
439,253,10,1406,26738,1,,
94,13,4,1475,26743,1,,
417,203,1,1467,26748,1,,
421,300,10,1409,26751,1,,
231,118,12,1464,26759,1,,
418,203,9,1467,26763,1,,
414,142,5,1406,26767,1,,
230,1996,3,1314,26774,1,,
230,1997,1,1305,26774,1,,
338,-1,-1,-999,26776,2,v14_piggyback,4.0,26613,163
441,320,8,1461,26786,1,,
360,11,6,1323,26787,1,,
232,321,4,1466,26806,1,,
413,142,5,1406,26820,1,,
229,276,6,1461,26830,1,,
5,3,9,1454,26831,1,,
409,-1,-1,-999,26847,2,v14_piggyback,2.0,26735,112
446,437,11,1031,26859,1,,
408,66,6,632,26860,1,,
472,939,10,1454,26876,1,,
452,578,6,1195,26883,1,,
452,561,11,1225,26883,1,,
462,765,6,1223,26887,1,,
481,1103,3,1059,26889,1,,
478,1057,6,1477,26891,1,,
461,752,4,1059,26896,1,,
416,169,7,1031,26900,1,,
68,2108,3,1059,26906,1,,
68,4,4,1059,26906,1,,
410,76,6,1409,26911,1,,
440,282,5,1419,26922,1,,
438,216,5,1437,26931,1,,
364,322,6,1463,26933,1,,
306,361,5,1223,26943,1,,
387,55,11,1437,26949,1,,
97,1240,8,632,26963,1,,
51,88,12,1447,26970,1,,
51,44,4,1447,26970,1,,
420,289,9,1031,26971,1,,
420,302,10,1223,26971,1,,
340,202,10,1447,26984,1,,
135,614,3,1447,27001,1,,
135,117,9,1487,27001,1,,
411,101,6,1447,27010,1,,
386,72,9,1466,27014,1,,
307,376,5,1447,27018,1,,
361,60,4,1031,27019,1,,
232,2008,2,1481,27027,1,,
305,759,4,1031,27031,1,,
305,333,2,1485,27031,1,,
53,88,11,1490,27033,1,,
398,671,3,1223,27040,1,,
338,100,8,1494,27045,1,,
418,203,4,1469,27049,1,,
418,241,6,1477,27049,1,,
413,148,4,1471,27050,1,,
441,324,6,1487,27054,1,,
360,11,6,1031,27062,1,,
408,56,8,1437,27069,1,,
454,611,5,1494,27073,1,,
487,1186,2,1321,27079,1,,
308,376,4,1345,27094,1,,
282,677,2,1031,27100,1,,
421,329,3,1447,27104,1,,
472,3172,4,1031,27114,1,,
361,-1,-1,-999,27128,2,v14_piggyback,2.0,27019,109
438,238,2,1480,27129,1,,
461,750,12,1326,27131,1,,
452,578,7,1059,27141,1,,
242,2062,4,1282,27143,1,,
419,272,3,1282,27151,1,,
423,2960,2,1487,27152,1,,
52,1471,2,1492,27164,1,,
462,765,8,1321,27165,1,,
458,691,2,1463,27175,1,,
167,1647,2,1447,27176,1,,
444,390,5,771,27185,1,,
413,-1,-1,-999,27191,2,v14_piggyback,1.0,27050,141
322,2486,2,1345,27194,1,,
477,1045,7,771,27198,1,,
411,102,2,1492,27200,1,,
238,157,5,1446,27201,1,,
443,380,6,1394,27223,1,,
200,165,2,1345,27238,1,,
454,-1,-1,-999,27253,2,v14_piggyback,1.0,27073,180
384,18,1,1031,27260,1,,
216,214,2,1487,27260,1,,
418,225,3,1494,27266,1,,
166,10,3,1446,27268,1,,
122,1391,2,1463,27274,1,,
379,2770,2,1487,27281,1,,
338,6,5,1408,27282,1,,
301,57,5,1394,27292,1,,
474,3179,1,1031,27295,1,,
400,741,3,1408,27300,1,,
321,196,9,1497,27304,1,,
409,76,1,1409,27307,1,,
408,-1,-1,-999,27315,2,v14_piggyback,2.0,27069,246
360,49,3,1490,27321,1,,
422,341,10,1491,27325,1,,
323,71,4,1438,27336,1,,
467,868,5,1438,27351,1,,
256,279,4,1491,27367,1,,
421,302,2,1223,27374,1,,
327,530,7,1387,27376,1,,
167,-1,-1,-999,27376,2,v14_piggyback,1.0,27176,200
326,645,2,1497,27387,1,,
438,206,10,1474,27390,1,,
438,238,8,771,27390,1,,
328,451,5,1402,27397,1,,
264,33,1,1447,27405,1,,
443,380,10,1408,27406,1,,
184,191,9,1514,27414,1,,
411,98,6,1438,27419,1,,
78,24,5,1514,27424,1,,
477,1034,2,1383,27426,1,,
477,1040,5,1275,27426,1,,
477,1038,6,1394,27426,1,,
482,1116,4,1402,27426,1,,
257,383,6,1501,27436,1,,
463,790,10,1486,27450,1,,
79,129,8,1501,27450,1,,
168,1653,3,1486,27462,1,,
128,45,8,1514,27464,1,,
3,9,8,1301,27478,1,,
262,327,10,1486,27490,1,,
484,1148,7,1501,27490,1,,
467,859,5,1324,27505,1,,
419,263,9,1509,27505,1,,
438,-1,-1,-999,27506,2,v14_piggyback,1.0,27390,116
449,513,3,1421,27511,1,,
372,2743,4,1421,27521,1,,
109,110,9,1509,27524,1,,
408,56,1,1437,27525,1,,
422,2957,2,1391,27541,1,,
422,350,9,1514,27541,1,,
353,717,8,1479,27559,1,,
80,4,8,1509,27560,1,,
80,47,4,1505,27560,1,,
300,124,3,1465,27567,1,,
443,-1,-1,-999,27568,2,v14_piggyback,1.0,27406,162
18,1291,2,1421,27569,1,,
413,145,2,1421,27577,1,,
354,774,9,1465,27582,1,,
459,701,7,1504,27595,1,,
420,283,8,1505,27599,1,,
469,3158,4,1520,27614,1,,
384,21,7,1456,27627,1,,
371,673,7,1520,27641,1,,
324,0,10,1317,27643,1,,
378,2768,2,1520,27646,1,,
182,67,6,1456,27658,1,,
452,562,10,1506,27660,1,,
482,1113,8,1404,27666,1,,
406,1059,6,1506,27671,1,,
442,353,6,1317,27683,1,,
112,1335,8,1389,27684,1,,
163,126,6,1506,27694,1,,
355,717,6,1356,27706,1,,
463,785,6,1281,27712,1,,
463,794,9,1421,27712,1,,
386,132,5,1301,27715,1,,
362,2700,3,1389,27717,1,,
455,636,6,1301,27726,1,,
411,96,7,1509,27739,1,,
130,1,11,1518,27741,1,,
409,92,7,1301,27752,1,,
429,766,11,1518,27756,1,,
324,-1,-1,-999,27760,2,v14_piggyback,1.0,27643,117
477,1040,5,1504,27761,1,,
347,551,5,1509,27762,1,,
306,361,4,1501,27771,1,,
168,1652,6,1457,27774,1,,
110,1,4,1505,27780,1,,
405,2883,3,1317,27783,1,,
405,1017,11,1165,27783,1,,
438,248,5,1301,27791,1,,
215,1910,3,1506,27802,1,,
439,273,4,1317,27812,1,,
448,3073,2,1509,27833,1,,
431,852,6,1523,27840,1,,
157,65,2,1450,27845,1,,
408,56,8,1317,27853,1,,
413,148,10,1389,27855,1,,
479,1077,6,1453,27864,1,,
180,1719,3,1509,27864,1,,
443,370,8,1479,27867,1,,
430,818,4,1499,27875,1,,
466,3148,3,1453,27880,1,,
378,2766,3,858,27886,1,,
421,350,1,1514,27890,1,,
353,717,2,1453,27891,1,,
455,631,7,1453,27901,1,,
485,1173,7,1533,27919,1,,
130,1434,6,1350,27920,1,,
318,2463,1,1456,27925,1,,
383,34,10,1255,27934,1,,
138,107,10,1495,27946,1,,
129,115,10,1255,27948,1,,
449,508,2,1456,27953,1,,
112,1,6,1532,27964,1,,
45,5,7,851,27976,1,,
384,42,12,1511,27985,1,,
466,-1,-1,-999,27988,2,v14_piggyback,2.0,27880,108
438,216,8,1465,27990,1,,
128,116,9,1540,27998,1,,
212,1894,8,1527,28004,1,,
429,800,8,1255,28010,1,,
314,712,6,1519,28019,1,,
355,717,10,1527,28020,1,,
465,832,8,1255,28021,1,,
354,814,1,851,28026,1,,
470,906,6,851,28038,1,,
245,64,8,1255,28043,1,,
322,213,6,1532,28049,1,,
439,251,6,1533,28060,1,,
364,119,6,1255,28064,1,,
437,180,11,1529,28064,1,,
201,185,11,1405,28078,1,,
136,130,8,1529,28086,1,,
471,938,4,1455,28095,1,,
384,-1,-1,-999,28096,2,v14_piggyback,2.0,27985,111
390,210,10,1405,28101,1,,
387,2808,4,1255,28104,1,,
408,48,9,1471,28109,1,,
408,35,3,1505,28109,1,,
413,122,12,1453,28123,1,,
472,940,7,1488,28130,1,,
289,2,4,1400,28139,1,,
242,284,12,1537,28150,1,,
450,533,12,1400,28160,1,,
440,281,5,1537,28160,1,,
455,625,8,1450,28174,1,,
443,374,10,851,28176,1,,
383,18,5,1488,28184,1,,
448,486,7,851,28191,1,,
137,147,4,1488,28193,1,,
391,245,5,1544,28200,1,,
449,501,3,1543,28201,1,,
44,1281,7,1405,28204,1,,
471,-1,-1,-999,28209,2,v14_piggyback,1.0,28095,114
428,736,7,1544,28213,1,,
107,1304,5,1405,28215,1,,
327,2511,3,1511,28221,1,,
167,10,5,968,28228,1,,
167,1642,5,968,28228,1,,
161,1612,3,1544,28244,1,,
388,199,8,1508,28252,1,,
482,1115,4,1405,28261,1,,
294,2338,3,1508,28269,1,,
409,68,2,1537,28271,1,,
289,-1,-1,-999,28272,2,v14_piggyback,4.0,28139,133
274,330,2,1507,28276,1,,
465,822,3,1510,28284,1,,
386,94,8,1551,28308,1,,
447,457,10,968,28311,1,,
442,359,4,1551,28317,1,,
427,622,6,1445,28323,1,,
389,199,3,1551,28336,1,,
167,-1,-1,-999,28337,2,v14_piggyback,1.0,28228,109
384,34,8,1455,28337,1,,
338,202,4,968,28338,1,,
338,6,5,1359,28338,1,,
338,244,7,1403,28338,1,,
451,541,2,1455,28344,1,,
426,617,3,1397,28351,1,,
250,59,8,968,28357,1,,
250,2102,4,1359,28357,1,,
344,406,10,1416,28376,1,,
184,104,5,968,28376,1,,
184,113,6,1403,28376,1,,
184,153,2,1403,28376,1,,
479,1076,2,1292,28381,1,,
358,2681,2,1537,28388,1,,
408,56,2,1525,28392,1,,
408,56,5,1532,28392,1,,
437,140,12,1400,28395,1,,
445,427,10,1359,28411,1,,
448,486,8,1507,28412,1,,
390,242,8,1416,28424,1,,
244,163,9,1403,28426,1,,
288,2,1,1537,28438,1,,
460,733,9,1403,28442,1,,
428,622,6,1445,28450,1,,
470,905,4,1405,28452,1,,
128,116,1,1511,28455,1,,
410,92,3,1416,28458,1,,
183,104,11,1542,28459,1,,
362,121,2,1434,28474,1,,
365,322,12,1517,28478,1,,
419,272,1,1551,28486,1,,
409,92,1,1416,28495,1,,
341,202,11,1517,28495,1,,
454,624,2,1551,28500,1,,
408,-1,-1,-999,28503,2,v14_piggyback,2.0,28392,111
471,938,2,1455,28526,1,,
449,506,8,968,28527,1,,
449,502,8,968,28527,1,,
416,178,10,1528,28540,1,,
30,3,6,968,28541,1,,
30,2077,2,1517,28541,1,,
426,536,7,1353,28551,1,,
289,229,6,1359,28556,1,,
451,546,7,1434,28561,1,,
300,124,7,1426,28572,1,,
130,177,8,1433,28573,1,,
332,697,6,1542,28573,1,,
359,1138,9,1433,28586,1,,
145,1520,6,1433,28596,1,,
454,-1,-1,-999,28611,2,v14_piggyback,1.0,28500,111
1,30,12,1526,28611,1,,
477,1038,8,1426,28612,1,,
361,69,5,1426,28620,1,,
486,1184,5,1542,28622,1,,
268,33,7,1549,28628,1,,
3,28,8,1210,28631,1,,
141,43,8,1210,28643,1,,
401,803,6,1327,28644,1,,
58,4,8,1526,28648,1,,
303,26,8,1210,28657,1,,
447,482,5,1359,28659,1,,
399,768,7,1430,28665,1,,
445,419,6,1531,28670,1,,
426,-1,-1,-999,28673,2,v14_piggyback,2.0,28551,122
80,58,6,1549,28674,1,,
230,205,6,1210,28681,1,,
230,118,10,1113,28681,1,,
411,93,10,1113,28705,1,,
353,787,4,1359,28714,1,,
302,15,8,1113,28733,1,,
302,57,10,1342,28733,1,,
364,119,5,1433,28734,1,,
477,-1,-1,-999,28735,2,v14_piggyback,1.0,28612,123
438,190,4,1517,28739,1,,
459,711,8,1113,28747,1,,
446,441,5,1433,28757,1,,
250,2103,4,333,28758,1,,
384,17,2,1403,28765,1,,
439,251,8,1342,28766,1,,
439,274,4,1484,28766,1,,
471,937,6,1528,28767,1,,
400,773,4,1548,28774,1,,
169,1654,2,968,28778,1,,
418,235,2,1526,28785,1,,
340,85,3,1433,28788,1,,
462,776,3,1548,28795,1,,
338,298,12,1342,28797,1,,
486,-1,-1,-999,28797,2,v14_piggyback,1.0,28622,175
