order_id,order_dum,order_type,item,qty,facing,due_date,station,pod_id,status,finish_time,date,time_gen
0,0,1,100,11,-1,99999,-1,-1,-3,-1,1,60
1,1,1,513,7,-1,99999,-1,-1,-3,-1,1,60
2,1,1,349,10,-1,99999,-1,-1,-3,-1,1,60
3,2,1,27,8,-1,99999,-1,-1,-3,-1,1,60
4,2,1,1403,3,-1,99999,-1,-1,-3,-1,1,60
5,2,1,979,4,-1,99999,-1,-1,-3,-1,1,60
6,2,1,539,6,-1,99999,-1,-1,-3,-1,1,60
7,2,1,213,6,-1,99999,-1,-1,-3,-1,1,60
8,2,1,1117,8,-1,99999,-1,-1,-3,-1,1,60
9,3,1,108,9,-1,99999,-1,-1,-3,-1,1,60
10,3,1,148,8,-1,99999,-1,-1,-3,-1,1,60
11,4,1,22,6,-1,99999,-1,-1,-3,-1,1,60
12,4,1,323,8,-1,99999,-1,-1,-3,-1,1,60
13,5,1,183,6,-1,99999,-1,-1,-3,-1,1,120
14,5,1,41,5,-1,99999,-1,-1,-3,-1,1,120
15,5,1,678,10,-1,99999,-1,-1,-3,-1,1,120
16,5,1,371,8,-1,99999,-1,-1,-3,-1,1,120
17,5,1,545,6,-1,99999,-1,-1,-3,-1,1,120
18,5,1,650,9,-1,99999,-1,-1,-3,-1,1,120
19,6,1,27,5,-1,99999,-1,-1,-3,-1,1,120
20,7,1,609,5,-1,99999,-1,-1,-3,-1,1,120
21,8,1,2038,1,-1,99999,-1,-1,-3,-1,1,120
22,8,1,2958,2,-1,99999,-1,-1,-3,-1,1,120
23,9,1,2003,4,-1,99999,-1,-1,-3,-1,1,180
24,9,1,846,9,-1,99999,-1,-1,-3,-1,1,180
25,9,1,714,8,-1,99999,-1,-1,-3,-1,1,180
26,9,1,182,10,-1,99999,-1,-1,-3,-1,1,180
27,9,1,1027,10,-1,99999,-1,-1,-3,-1,1,180
28,9,1,2,12,-1,99999,-1,-1,-3,-1,1,180
29,10,1,411,4,-1,99999,-1,-1,-3,-1,1,180
30,11,1,51,6,-1,99999,-1,-1,-3,-1,1,180
31,12,1,261,2,-1,99999,-1,-1,-3,-1,1,180
32,12,1,12,5,-1,99999,-1,-1,-3,-1,1,180
33,12,1,492,3,-1,99999,-1,-1,-3,-1,1,180
34,13,1,713,5,-1,99999,-1,-1,-3,-1,1,180
35,13,1,59,6,-1,99999,-1,-1,-3,-1,1,180
36,13,1,1,4,-1,99999,-1,-1,-3,-1,1,180
37,13,1,94,2,-1,99999,-1,-1,-3,-1,1,180
38,14,1,733,4,-1,99999,-1,-1,-3,-1,1,180
39,15,1,88,6,-1,99999,-1,-1,-3,-1,1,240
40,16,1,12,6,-1,99999,-1,-1,-3,-1,1,240
41,16,1,58,8,-1,99999,-1,-1,-3,-1,1,240
42,17,1,441,4,-1,99999,-1,-1,-3,-1,1,300
43,17,1,1275,8,-1,99999,-1,-1,-3,-1,1,300
44,17,1,28,3,-1,99999,-1,-1,-3,-1,1,300
45,17,1,2768,4,-1,99999,-1,-1,-3,-1,1,300
46,17,1,142,8,-1,99999,-1,-1,-3,-1,1,300
47,17,1,1256,8,-1,99999,-1,-1,-3,-1,1,300
48,17,1,1865,1,-1,99999,-1,-1,-3,-1,1,300
49,17,1,126,6,-1,99999,-1,-1,-3,-1,1,300
50,17,1,154,5,-1,99999,-1,-1,-3,-1,1,300
51,17,1,373,8,-1,99999,-1,-1,-3,-1,1,300
52,17,1,219,2,-1,99999,-1,-1,-3,-1,1,300
53,18,1,248,8,-1,99999,-1,-1,-3,-1,1,300
54,19,1,2079,3,-1,99999,-1,-1,-3,-1,1,300
55,19,1,348,6,-1,99999,-1,-1,-3,-1,1,300
56,19,1,391,8,-1,99999,-1,-1,-3,-1,1,300
57,19,1,937,7,-1,99999,-1,-1,-3,-1,1,300
58,19,1,36,4,-1,99999,-1,-1,-3,-1,1,300
59,19,1,93,8,-1,99999,-1,-1,-3,-1,1,300
60,20,1,53,10,-1,99999,-1,-1,-3,-1,1,300
61,20,1,2040,2,-1,99999,-1,-1,-3,-1,1,300
62,21,1,233,10,-1,99999,-1,-1,-3,-1,1,300
63,21,1,782,6,-1,99999,-1,-1,-3,-1,1,300
64,21,1,445,2,-1,99999,-1,-1,-3,-1,1,300
65,21,1,118,7,-1,99999,-1,-1,-3,-1,1,300
66,21,1,44,2,-1,99999,-1,-1,-3,-1,1,300
67,22,1,186,2,-1,99999,-1,-1,-3,-1,1,360
68,23,1,17,4,-1,99999,-1,-1,-3,-1,1,360
69,23,1,1260,3,-1,99999,-1,-1,-3,-1,1,360
70,23,1,516,4,-1,99999,-1,-1,-3,-1,1,360
71,24,1,160,6,-1,99999,-1,-1,-3,-1,1,360
72,25,1,56,6,-1,99999,-1,-1,-3,-1,1,420
73,25,1,491,5,-1,99999,-1,-1,-3,-1,1,420
74,25,1,341,4,-1,99999,-1,-1,-3,-1,1,420
75,25,1,9,4,-1,99999,-1,-1,-3,-1,1,420
76,26,1,215,5,-1,99999,-1,-1,-3,-1,1,420
77,27,1,270,10,-1,99999,-1,-1,-3,-1,1,420
78,27,1,1786,2,-1,99999,-1,-1,-3,-1,1,420
79,27,1,1318,7,-1,99999,-1,-1,-3,-1,1,420
80,28,1,1506,5,-1,99999,-1,-1,-3,-1,1,540
81,28,1,100,2,-1,99999,-1,-1,-3,-1,1,540
82,28,1,2164,2,-1,99999,-1,-1,-3,-1,1,540
83,29,1,1945,3,-1,99999,-1,-1,-3,-1,1,540
84,29,1,115,6,-1,99999,-1,-1,-3,-1,1,540
85,29,1,2704,3,-1,99999,-1,-1,-3,-1,1,540
86,30,1,286,3,-1,99999,-1,-1,-3,-1,1,540
87,30,1,305,4,-1,99999,-1,-1,-3,-1,1,540
88,30,1,591,5,-1,99999,-1,-1,-3,-1,1,540
89,31,1,312,9,-1,99999,-1,-1,-3,-1,1,540
90,31,1,1,10,-1,99999,-1,-1,-3,-1,1,540
91,31,1,433,6,-1,99999,-1,-1,-3,-1,1,540
92,31,1,2033,4,-1,99999,-1,-1,-3,-1,1,540
93,31,1,10,8,-1,99999,-1,-1,-3,-1,1,540
94,32,1,1115,10,-1,99999,-1,-1,-3,-1,1,600
95,32,1,483,11,-1,99999,-1,-1,-3,-1,1,600
96,32,1,398,5,-1,99999,-1,-1,-3,-1,1,600
97,32,1,992,1,-1,99999,-1,-1,-3,-1,1,600
98,32,1,115,8,-1,99999,-1,-1,-3,-1,1,600
99,33,1,0,7,-1,99999,-1,-1,-3,-1,1,600
100,34,1,158,3,-1,99999,-1,-1,-3,-1,1,600
101,34,1,83,6,-1,99999,-1,-1,-3,-1,1,600
102,34,1,1827,2,-1,99999,-1,-1,-3,-1,1,600
103,35,1,3129,2,-1,99999,-1,-1,-3,-1,1,600
104,36,1,1017,8,-1,99999,-1,-1,-3,-1,1,660
105,36,1,288,7,-1,99999,-1,-1,-3,-1,1,660
106,37,1,4,7,-1,99999,-1,-1,-3,-1,1,660
107,38,1,3083,2,-1,99999,-1,-1,-3,-1,1,660
108,39,1,13,7,-1,99999,-1,-1,-3,-1,1,660
109,39,1,2167,2,-1,99999,-1,-1,-3,-1,1,660
110,39,1,586,3,-1,99999,-1,-1,-3,-1,1,660
111,40,1,62,4,-1,99999,-1,-1,-3,-1,1,660
112,40,1,776,6,-1,99999,-1,-1,-3,-1,1,660
113,41,1,250,4,-1,99999,-1,-1,-3,-1,1,660
114,41,1,1483,3,-1,99999,-1,-1,-3,-1,1,660
115,41,1,96,8,-1,99999,-1,-1,-3,-1,1,660
116,41,1,423,6,-1,99999,-1,-1,-3,-1,1,660
117,41,1,25,8,-1,99999,-1,-1,-3,-1,1,660
118,41,1,169,9,-1,99999,-1,-1,-3,-1,1,660
119,41,1,44,8,-1,99999,-1,-1,-3,-1,1,660
120,42,1,388,4,-1,99999,-1,-1,-3,-1,1,720
121,43,1,1365,1,-1,99999,-1,-1,-3,-1,1,720
122,44,1,268,7,-1,99999,-1,-1,-3,-1,1,720
123,44,1,399,2,-1,99999,-1,-1,-3,-1,1,720
124,44,1,45,7,-1,99999,-1,-1,-3,-1,1,720
125,44,1,290,6,-1,99999,-1,-1,-3,-1,1,720
126,44,1,613,9,-1,99999,-1,-1,-3,-1,1,720
127,45,1,1675,2,-1,99999,-1,-1,-3,-1,1,780
128,45,1,9,9,-1,99999,-1,-1,-3,-1,1,780
129,45,1,50,9,-1,99999,-1,-1,-3,-1,1,780
130,45,1,1261,10,-1,99999,-1,-1,-3,-1,1,780
131,46,1,1430,9,-1,99999,-1,-1,-3,-1,1,780
132,46,1,576,6,-1,99999,-1,-1,-3,-1,1,780
133,47,1,14,5,-1,99999,-1,-1,-3,-1,1,840
134,47,1,100,4,-1,99999,-1,-1,-3,-1,1,840
135,47,1,272,2,-1,99999,-1,-1,-3,-1,1,840
136,47,1,163,2,-1,99999,-1,-1,-3,-1,1,840
137,47,1,4,4,-1,99999,-1,-1,-3,-1,1,840
138,47,1,1345,5,-1,99999,-1,-1,-3,-1,1,840
139,47,1,1649,3,-1,99999,-1,-1,-3,-1,1,840
140,47,1,442,8,-1,99999,-1,-1,-3,-1,1,840
141,47,1,2266,4,-1,99999,-1,-1,-3,-1,1,840
142,48,1,790,1,-1,99999,-1,-1,-3,-1,1,840
143,48,1,166,7,-1,99999,-1,-1,-3,-1,1,840
144,49,1,639,4,-1,99999,-1,-1,-3,-1,1,840
145,49,1,296,2,-1,99999,-1,-1,-3,-1,1,840
146,49,1,72,7,-1,99999,-1,-1,-3,-1,1,840
147,49,1,680,6,-1,99999,-1,-1,-3,-1,1,840
148,49,1,426,8,-1,99999,-1,-1,-3,-1,1,840
149,49,1,1082,3,-1,99999,-1,-1,-3,-1,1,840
150,49,1,7,7,-1,99999,-1,-1,-3,-1,1,840
151,49,1,1107,6,-1,99999,-1,-1,-3,-1,1,840
152,49,1,954,10,-1,99999,-1,-1,-3,-1,1,840
153,49,1,32,2,-1,99999,-1,-1,-3,-1,1,840
154,50,1,33,10,-1,99999,-1,-1,-3,-1,1,900
155,50,1,8,8,-1,99999,-1,-1,-3,-1,1,900
156,51,1,1711,1,-1,99999,-1,-1,-3,-1,1,900
157,52,1,1282,2,-1,99999,-1,-1,-3,-1,1,900
158,52,1,63,5,-1,99999,-1,-1,-3,-1,1,900
159,53,1,46,5,-1,99999,-1,-1,-3,-1,1,900
160,53,1,227,6,-1,99999,-1,-1,-3,-1,1,900
161,53,1,1969,3,-1,99999,-1,-1,-3,-1,1,900
162,53,1,21,7,-1,99999,-1,-1,-3,-1,1,900
163,54,1,15,5,-1,99999,-1,-1,-3,-1,1,960
164,55,1,2,3,-1,99999,-1,-1,-3,-1,1,960
165,55,1,738,12,-1,99999,-1,-1,-3,-1,1,960
166,55,1,18,2,-1,99999,-1,-1,-3,-1,1,960
167,56,1,1553,8,-1,99999,-1,-1,-3,-1,1,960
168,57,1,32,10,-1,99999,-1,-1,-3,-1,1,1020
169,57,1,1330,10,-1,99999,-1,-1,-3,-1,1,1020
170,57,1,3207,2,-1,99999,-1,-1,-3,-1,1,1020
171,57,1,279,3,-1,99999,-1,-1,-3,-1,1,1020
172,58,1,328,8,-1,99999,-1,-1,-3,-1,1,1020
173,58,1,462,7,-1,99999,-1,-1,-3,-1,1,1020
174,58,1,513,6,-1,99999,-1,-1,-3,-1,1,1020
175,59,1,875,7,-1,99999,-1,-1,-3,-1,1,1020
176,60,1,186,4,-1,99999,-1,-1,-3,-1,1,1020
177,60,1,198,3,-1,99999,-1,-1,-3,-1,1,1020
178,60,1,349,4,-1,99999,-1,-1,-3,-1,1,1020
179,60,1,313,5,-1,99999,-1,-1,-3,-1,1,1020
180,60,1,2842,2,-1,99999,-1,-1,-3,-1,1,1020
181,60,1,928,2,-1,99999,-1,-1,-3,-1,1,1020
182,60,1,993,6,-1,99999,-1,-1,-3,-1,1,1020
183,61,1,89,2,-1,99999,-1,-1,-3,-1,1,1080
184,62,1,23,6,-1,99999,-1,-1,-3,-1,1,1080
185,63,1,35,11,-1,99999,-1,-1,-3,-1,1,1140
186,63,1,1230,6,-1,99999,-1,-1,-3,-1,1,1140
187,63,1,1472,7,-1,99999,-1,-1,-3,-1,1,1140
188,63,1,27,7,-1,99999,-1,-1,-3,-1,1,1140
189,63,1,10,7,-1,99999,-1,-1,-3,-1,1,1140
190,63,1,198,3,-1,99999,-1,-1,-3,-1,1,1140
191,63,1,746,6,-1,99999,-1,-1,-3,-1,1,1140
192,63,1,266,8,-1,99999,-1,-1,-3,-1,1,1140
193,63,1,74,12,-1,99999,-1,-1,-3,-1,1,1140
194,64,1,3075,4,-1,99999,-1,-1,-3,-1,1,1140
195,65,1,274,3,-1,99999,-1,-1,-3,-1,1,1200
196,65,1,594,4,-1,99999,-1,-1,-3,-1,1,1200
197,65,1,382,11,-1,99999,-1,-1,-3,-1,1,1200
198,65,1,476,9,-1,99999,-1,-1,-3,-1,1,1200
199,65,1,911,6,-1,99999,-1,-1,-3,-1,1,1200
200,65,1,1200,6,-1,99999,-1,-1,-3,-1,1,1200
201,65,1,42,7,-1,99999,-1,-1,-3,-1,1,1200
202,65,1,32,5,-1,99999,-1,-1,-3,-1,1,1200
203,65,1,750,3,-1,99999,-1,-1,-3,-1,1,1200
204,65,1,142,11,-1,99999,-1,-1,-3,-1,1,1200
205,65,1,740,11,-1,99999,-1,-1,-3,-1,1,1200
206,65,1,202,2,-1,99999,-1,-1,-3,-1,1,1200
207,65,1,1221,8,-1,99999,-1,-1,-3,-1,1,1200
208,66,1,351,11,-1,99999,-1,-1,-3,-1,1,1200
209,67,1,2049,2,-1,99999,-1,-1,-3,-1,1,1260
210,67,1,1863,3,-1,99999,-1,-1,-3,-1,1,1260
211,67,1,1657,3,-1,99999,-1,-1,-3,-1,1,1260
212,67,1,77,8,-1,99999,-1,-1,-3,-1,1,1260
213,67,1,852,12,-1,99999,-1,-1,-3,-1,1,1260
214,67,1,2451,3,-1,99999,-1,-1,-3,-1,1,1260
215,68,1,421,3,-1,99999,-1,-1,-3,-1,1,1260
216,69,1,129,6,-1,99999,-1,-1,-3,-1,1,1260
217,70,1,2021,2,-1,99999,-1,-1,-3,-1,1,1320
218,71,1,90,4,-1,99999,-1,-1,-3,-1,1,1320
219,71,1,49,4,-1,99999,-1,-1,-3,-1,1,1320
220,71,1,322,4,-1,99999,-1,-1,-3,-1,1,1320
221,71,1,162,8,-1,99999,-1,-1,-3,-1,1,1320
222,71,1,1298,5,-1,99999,-1,-1,-3,-1,1,1320
223,71,1,48,3,-1,99999,-1,-1,-3,-1,1,1320
224,71,1,334,5,-1,99999,-1,-1,-3,-1,1,1320
225,71,1,28,12,-1,99999,-1,-1,-3,-1,1,1320
226,71,1,270,7,-1,99999,-1,-1,-3,-1,1,1320
227,72,1,2164,3,-1,99999,-1,-1,-3,-1,1,1320
228,72,1,26,6,-1,99999,-1,-1,-3,-1,1,1320
229,72,1,302,7,-1,99999,-1,-1,-3,-1,1,1320
230,72,1,164,12,-1,99999,-1,-1,-3,-1,1,1320
231,72,1,3069,2,-1,99999,-1,-1,-3,-1,1,1320
232,72,1,1512,7,-1,99999,-1,-1,-3,-1,1,1320
233,73,1,2677,1,-1,99999,-1,-1,-3,-1,1,1320
234,73,1,1807,2,-1,99999,-1,-1,-3,-1,1,1320
235,73,1,2687,2,-1,99999,-1,-1,-3,-1,1,1320
236,73,1,31,10,-1,99999,-1,-1,-3,-1,1,1320
237,73,1,159,6,-1,99999,-1,-1,-3,-1,1,1320
238,74,1,17,6,-1,99999,-1,-1,-3,-1,1,1320
239,74,1,80,5,-1,99999,-1,-1,-3,-1,1,1320
240,75,1,12,3,-1,99999,-1,-1,-3,-1,1,1320
241,75,1,80,2,-1,99999,-1,-1,-3,-1,1,1320
242,75,1,495,4,-1,99999,-1,-1,-3,-1,1,1320
243,75,1,921,9,-1,99999,-1,-1,-3,-1,1,1320
244,75,1,24,6,-1,99999,-1,-1,-3,-1,1,1320
245,75,1,3178,2,-1,99999,-1,-1,-3,-1,1,1320
246,75,1,7,8,-1,99999,-1,-1,-3,-1,1,1320
247,76,1,753,2,-1,99999,-1,-1,-3,-1,1,1380
248,77,1,1639,3,-1,99999,-1,-1,-3,-1,1,1380
249,78,1,1689,4,-1,99999,-1,-1,-3,-1,1,1380
250,78,1,1484,2,-1,99999,-1,-1,-3,-1,1,1380
251,78,1,2187,2,-1,99999,-1,-1,-3,-1,1,1380
252,78,1,44,4,-1,99999,-1,-1,-3,-1,1,1380
253,78,1,441,2,-1,99999,-1,-1,-3,-1,1,1380
254,78,1,349,10,-1,99999,-1,-1,-3,-1,1,1380
255,78,1,67,2,-1,99999,-1,-1,-3,-1,1,1380
256,79,1,363,6,-1,99999,-1,-1,-3,-1,1,1380
257,79,1,53,2,-1,99999,-1,-1,-3,-1,1,1380
258,79,1,0,10,-1,99999,-1,-1,-3,-1,1,1380
259,79,1,1743,2,-1,99999,-1,-1,-3,-1,1,1380
260,79,1,389,8,-1,99999,-1,-1,-3,-1,1,1380
261,79,1,1852,2,-1,99999,-1,-1,-3,-1,1,1380
262,79,1,149,6,-1,99999,-1,-1,-3,-1,1,1380
263,80,1,989,6,-1,99999,-1,-1,-3,-1,1,1380
264,81,1,269,4,-1,99999,-1,-1,-3,-1,1,1380
265,81,1,2603,1,-1,99999,-1,-1,-3,-1,1,1380
266,81,1,16,10,-1,99999,-1,-1,-3,-1,1,1380
267,82,1,216,10,-1,99999,-1,-1,-3,-1,1,1440
268,82,1,60,1,-1,99999,-1,-1,-3,-1,1,1440
269,82,1,662,10,-1,99999,-1,-1,-3,-1,1,1440
270,82,1,561,6,-1,99999,-1,-1,-3,-1,1,1440
271,82,1,54,2,-1,99999,-1,-1,-3,-1,1,1440
272,83,1,806,3,-1,99999,-1,-1,-3,-1,1,1440
273,84,1,1072,7,-1,99999,-1,-1,-3,-1,1,1500
274,85,1,247,9,-1,99999,-1,-1,-3,-1,1,1560
275,85,1,2999,2,-1,99999,-1,-1,-3,-1,1,1560
276,86,1,530,7,-1,99999,-1,-1,-3,-1,1,1560
277,86,1,105,6,-1,99999,-1,-1,-3,-1,1,1560
278,87,1,505,7,-1,99999,-1,-1,-3,-1,1,1560
279,87,1,1115,6,-1,99999,-1,-1,-3,-1,1,1560
280,87,1,301,2,-1,99999,-1,-1,-3,-1,1,1560
281,87,1,27,10,-1,99999,-1,-1,-3,-1,1,1560
282,88,1,444,6,-1,99999,-1,-1,-3,-1,1,1560
283,88,1,1408,2,-1,99999,-1,-1,-3,-1,1,1560
284,89,1,111,6,-1,99999,-1,-1,-3,-1,1,1560
285,89,1,5,12,-1,99999,-1,-1,-3,-1,1,1560
286,89,1,123,2,-1,99999,-1,-1,-3,-1,1,1560
287,89,1,36,8,-1,99999,-1,-1,-3,-1,1,1560
288,90,1,1816,2,-1,99999,-1,-1,-3,-1,1,1620
289,91,1,624,2,-1,99999,-1,-1,-3,-1,1,1620
290,92,1,151,6,-1,99999,-1,-1,-3,-1,1,1620
291,92,1,67,10,-1,99999,-1,-1,-3,-1,1,1620
292,93,1,188,7,-1,99999,-1,-1,-3,-1,1,1620
293,93,1,401,3,-1,99999,-1,-1,-3,-1,1,1620
294,93,1,1048,6,-1,99999,-1,-1,-3,-1,1,1620
295,93,1,46,10,-1,99999,-1,-1,-3,-1,1,1620
296,93,1,1142,6,-1,99999,-1,-1,-3,-1,1,1620
297,93,1,179,6,-1,99999,-1,-1,-3,-1,1,1620
298,93,1,137,10,-1,99999,-1,-1,-3,-1,1,1620
299,93,1,41,4,-1,99999,-1,-1,-3,-1,1,1620
300,93,1,10,8,-1,99999,-1,-1,-3,-1,1,1620
301,93,1,589,2,-1,99999,-1,-1,-3,-1,1,1620
302,93,1,62,6,-1,99999,-1,-1,-3,-1,1,1620
303,93,1,121,11,-1,99999,-1,-1,-3,-1,1,1620
304,94,1,627,2,-1,99999,-1,-1,-3,-1,1,1620
305,94,1,2049,3,-1,99999,-1,-1,-3,-1,1,1620
306,94,1,158,2,-1,99999,-1,-1,-3,-1,1,1620
307,95,1,1674,4,-1,99999,-1,-1,-3,-1,1,1680
308,95,1,172,1,-1,99999,-1,-1,-3,-1,1,1680
309,96,1,229,7,-1,99999,-1,-1,-3,-1,1,1740
310,96,1,608,3,-1,99999,-1,-1,-3,-1,1,1740
311,96,1,630,3,-1,99999,-1,-1,-3,-1,1,1740
312,97,1,0,6,-1,99999,-1,-1,-3,-1,1,1740
313,97,1,1988,3,-1,99999,-1,-1,-3,-1,1,1740
314,97,1,3201,2,-1,99999,-1,-1,-3,-1,1,1740
315,98,1,631,7,-1,99999,-1,-1,-3,-1,1,1740
316,98,1,10,4,-1,99999,-1,-1,-3,-1,1,1740
317,99,1,313,6,-1,99999,-1,-1,-3,-1,1,1740
318,100,1,1723,2,-1,99999,-1,-1,-3,-1,1,1800
319,100,1,675,6,-1,99999,-1,-1,-3,-1,1,1800
320,101,1,791,8,-1,99999,-1,-1,-3,-1,1,1800
321,102,1,305,7,-1,99999,-1,-1,-3,-1,1,1800
322,102,1,2471,4,-1,99999,-1,-1,-3,-1,1,1800
323,102,1,769,2,-1,99999,-1,-1,-3,-1,1,1800
324,102,1,150,7,-1,99999,-1,-1,-3,-1,1,1800
325,102,1,92,6,-1,99999,-1,-1,-3,-1,1,1800
326,102,1,55,4,-1,99999,-1,-1,-3,-1,1,1800
327,102,1,327,7,-1,99999,-1,-1,-3,-1,1,1800
328,103,1,893,4,-1,99999,-1,-1,-3,-1,1,1800
329,103,1,155,2,-1,99999,-1,-1,-3,-1,1,1800
330,104,1,300,8,-1,99999,-1,-1,-3,-1,1,1800
331,104,1,361,10,-1,99999,-1,-1,-3,-1,1,1800
332,104,1,866,10,-1,99999,-1,-1,-3,-1,1,1800
333,104,1,1124,6,-1,99999,-1,-1,-3,-1,1,1800
334,104,1,94,11,-1,99999,-1,-1,-3,-1,1,1800
335,104,1,1980,2,-1,99999,-1,-1,-3,-1,1,1800
336,104,1,2927,2,-1,99999,-1,-1,-3,-1,1,1800
337,104,1,184,9,-1,99999,-1,-1,-3,-1,1,1800
338,104,1,226,11,-1,99999,-1,-1,-3,-1,1,1800
339,105,1,56,7,-1,99999,-1,-1,-3,-1,1,1800
340,106,1,386,10,-1,99999,-1,-1,-3,-1,1,1920
341,106,1,225,6,-1,99999,-1,-1,-3,-1,1,1920
342,107,1,106,8,-1,99999,-1,-1,-3,-1,1,1920
343,107,1,2520,1,-1,99999,-1,-1,-3,-1,1,1920
344,108,1,821,8,-1,99999,-1,-1,-3,-1,1,1980
345,109,1,873,4,-1,99999,-1,-1,-3,-1,1,1980
346,109,1,32,8,-1,99999,-1,-1,-3,-1,1,1980
347,109,1,758,2,-1,99999,-1,-1,-3,-1,1,1980
348,110,1,301,6,-1,99999,-1,-1,-3,-1,1,1980
349,110,1,90,4,-1,99999,-1,-1,-3,-1,1,1980
350,111,1,18,9,-1,99999,-1,-1,-3,-1,1,1980
351,111,1,584,2,-1,99999,-1,-1,-3,-1,1,1980
352,112,1,443,10,-1,99999,-1,-1,-3,-1,1,1980
353,112,1,285,3,-1,99999,-1,-1,-3,-1,1,1980
354,112,1,168,10,-1,99999,-1,-1,-3,-1,1,1980
355,112,1,4,4,-1,99999,-1,-1,-3,-1,1,1980
356,113,1,1219,6,-1,99999,-1,-1,-3,-1,1,2040
357,113,1,555,9,-1,99999,-1,-1,-3,-1,1,2040
358,114,1,1172,2,-1,99999,-1,-1,-3,-1,1,2040
359,114,1,1858,3,-1,99999,-1,-1,-3,-1,1,2040
360,114,1,424,6,-1,99999,-1,-1,-3,-1,1,2040
361,114,1,67,5,-1,99999,-1,-1,-3,-1,1,2040
362,114,1,1215,10,-1,99999,-1,-1,-3,-1,1,2040
363,115,1,657,10,-1,99999,-1,-1,-3,-1,1,2040
364,115,1,179,8,-1,99999,-1,-1,-3,-1,1,2040
365,115,1,43,6,-1,99999,-1,-1,-3,-1,1,2040
366,115,1,306,4,-1,99999,-1,-1,-3,-1,1,2040
367,115,1,37,8,-1,99999,-1,-1,-3,-1,1,2040
368,115,1,121,8,-1,99999,-1,-1,-3,-1,1,2040
369,115,1,275,6,-1,99999,-1,-1,-3,-1,1,2040
370,116,1,779,4,-1,99999,-1,-1,-3,-1,1,2040
371,117,1,3078,2,-1,99999,-1,-1,-3,-1,1,2040
372,117,1,305,11,-1,99999,-1,-1,-3,-1,1,2040
373,117,1,29,8,-1,99999,-1,-1,-3,-1,1,2040
374,117,1,339,10,-1,99999,-1,-1,-3,-1,1,2040
375,118,1,1,3,-1,99999,-1,-1,-3,-1,1,2040
376,119,1,168,8,-1,99999,-1,-1,-3,-1,1,2040
377,120,1,166,10,-1,99999,-1,-1,-3,-1,1,2100
378,120,1,126,8,-1,99999,-1,-1,-3,-1,1,2100
379,120,1,367,2,-1,99999,-1,-1,-3,-1,1,2100
380,120,1,43,4,-1,99999,-1,-1,-3,-1,1,2100
381,120,1,669,4,-1,99999,-1,-1,-3,-1,1,2100
382,120,1,211,1,-1,99999,-1,-1,-3,-1,1,2100
383,120,1,267,8,-1,99999,-1,-1,-3,-1,1,2100
384,121,1,696,4,-1,99999,-1,-1,-3,-1,1,2100
385,121,1,1273,7,-1,99999,-1,-1,-3,-1,1,2100
386,121,1,2385,4,-1,99999,-1,-1,-3,-1,1,2100
387,121,1,272,4,-1,99999,-1,-1,-3,-1,1,2100
388,121,1,438,10,-1,99999,-1,-1,-3,-1,1,2100
389,121,1,1877,2,-1,99999,-1,-1,-3,-1,1,2100
390,122,1,983,9,-1,99999,-1,-1,-3,-1,1,2160
391,122,1,933,10,-1,99999,-1,-1,-3,-1,1,2160
392,122,1,1253,8,-1,99999,-1,-1,-3,-1,1,2160
393,122,1,708,9,-1,99999,-1,-1,-3,-1,1,2160
394,123,1,2747,2,-1,99999,-1,-1,-3,-1,1,2160
395,123,1,225,7,-1,99999,-1,-1,-3,-1,1,2160
396,124,1,88,9,-1,99999,-1,-1,-3,-1,1,2220
397,124,1,106,5,-1,99999,-1,-1,-3,-1,1,2220
398,124,1,1611,3,-1,99999,-1,-1,-3,-1,1,2220
399,124,1,121,6,-1,99999,-1,-1,-3,-1,1,2220
400,124,1,2362,3,-1,99999,-1,-1,-3,-1,1,2220
401,124,1,318,4,-1,99999,-1,-1,-3,-1,1,2220
402,125,1,303,8,-1,99999,-1,-1,-3,-1,1,2220
403,126,1,1915,3,-1,99999,-1,-1,-3,-1,1,2280
404,126,1,67,8,-1,99999,-1,-1,-3,-1,1,2280
405,126,1,407,10,-1,99999,-1,-1,-3,-1,1,2280
406,126,1,1619,4,-1,99999,-1,-1,-3,-1,1,2280
407,126,1,17,7,-1,99999,-1,-1,-3,-1,1,2280
408,126,1,249,1,-1,99999,-1,-1,-3,-1,1,2280
409,127,1,101,6,-1,99999,-1,-1,-3,-1,1,2280
410,128,1,899,10,-1,99999,-1,-1,-3,-1,1,2280
411,129,1,174,6,-1,99999,-1,-1,-3,-1,1,2280
412,129,1,17,10,-1,99999,-1,-1,-3,-1,1,2280
413,130,1,341,12,-1,99999,-1,-1,-3,-1,1,2280
414,131,1,283,4,-1,99999,-1,-1,-3,-1,1,2340
415,131,1,654,8,-1,99999,-1,-1,-3,-1,1,2340
416,131,1,34,2,-1,99999,-1,-1,-3,-1,1,2340
417,131,1,39,3,-1,99999,-1,-1,-3,-1,1,2340
418,132,1,1180,12,-1,99999,-1,-1,-3,-1,1,2340
419,133,1,549,2,-1,99999,-1,-1,-3,-1,1,2340
420,133,1,1526,8,-1,99999,-1,-1,-3,-1,1,2340
421,134,1,609,3,-1,99999,-1,-1,-3,-1,1,2400
422,134,1,114,10,-1,99999,-1,-1,-3,-1,1,2400
423,134,1,291,5,-1,99999,-1,-1,-3,-1,1,2400
424,134,1,311,7,-1,99999,-1,-1,-3,-1,1,2400
425,135,1,258,11,-1,99999,-1,-1,-3,-1,1,2400
426,135,1,214,2,-1,99999,-1,-1,-3,-1,1,2400
427,135,1,1511,4,-1,99999,-1,-1,-3,-1,1,2400
428,135,1,516,5,-1,99999,-1,-1,-3,-1,1,2400
429,135,1,2233,2,-1,99999,-1,-1,-3,-1,1,2400
430,135,1,1095,3,-1,99999,-1,-1,-3,-1,1,2400
431,136,1,627,4,-1,99999,-1,-1,-3,-1,1,2400
432,137,1,228,11,-1,99999,-1,-1,-3,-1,1,2400
433,137,1,1684,4,-1,99999,-1,-1,-3,-1,1,2400
434,137,1,2243,1,-1,99999,-1,-1,-3,-1,1,2400
435,137,1,519,6,-1,99999,-1,-1,-3,-1,1,2400
436,137,1,994,9,-1,99999,-1,-1,-3,-1,1,2400
437,138,1,1037,10,-1,99999,-1,-1,-3,-1,1,2520
438,139,1,676,9,-1,99999,-1,-1,-3,-1,1,2520
439,139,1,937,7,-1,99999,-1,-1,-3,-1,1,2520
440,139,1,2055,2,-1,99999,-1,-1,-3,-1,1,2520
441,140,1,144,11,-1,99999,-1,-1,-3,-1,1,2520
442,141,1,405,3,-1,99999,-1,-1,-3,-1,1,2520
443,141,1,31,5,-1,99999,-1,-1,-3,-1,1,2520
444,141,1,272,3,-1,99999,-1,-1,-3,-1,1,2520
445,141,1,77,4,-1,99999,-1,-1,-3,-1,1,2520
446,141,1,651,10,-1,99999,-1,-1,-3,-1,1,2520
447,141,1,149,10,-1,99999,-1,-1,-3,-1,1,2520
448,142,1,8,8,-1,99999,-1,-1,-3,-1,1,2520
449,142,1,894,6,-1,99999,-1,-1,-3,-1,1,2520
450,142,1,747,10,-1,99999,-1,-1,-3,-1,1,2520
451,142,1,188,6,-1,99999,-1,-1,-3,-1,1,2520
452,142,1,62,8,-1,99999,-1,-1,-3,-1,1,2520
453,142,1,328,4,-1,99999,-1,-1,-3,-1,1,2520
454,142,1,194,6,-1,99999,-1,-1,-3,-1,1,2520
455,142,1,53,8,-1,99999,-1,-1,-3,-1,1,2520
456,143,1,353,10,-1,99999,-1,-1,-3,-1,1,2580
457,143,1,67,8,-1,99999,-1,-1,-3,-1,1,2580
458,144,1,603,5,-1,99999,-1,-1,-3,-1,1,2580
459,144,1,214,2,-1,99999,-1,-1,-3,-1,1,2580
460,145,1,2749,2,-1,99999,-1,-1,-3,-1,1,2640
461,146,1,746,4,-1,99999,-1,-1,-3,-1,1,2640
462,147,1,1476,10,-1,99999,-1,-1,-3,-1,1,2640
463,147,1,1614,4,-1,99999,-1,-1,-3,-1,1,2640
464,148,1,1510,2,-1,99999,-1,-1,-3,-1,1,2700
465,149,1,1295,6,-1,99999,-1,-1,-3,-1,1,2700
466,149,1,185,8,-1,99999,-1,-1,-3,-1,1,2700
467,150,1,2069,2,-1,99999,-1,-1,-3,-1,1,2700
468,150,1,615,10,-1,99999,-1,-1,-3,-1,1,2700
469,150,1,1547,9,-1,99999,-1,-1,-3,-1,1,2700
470,151,1,8,8,-1,99999,-1,-1,-3,-1,1,2700
471,151,1,294,8,-1,99999,-1,-1,-3,-1,1,2700
472,152,1,94,8,-1,99999,-1,-1,-3,-1,1,2700
473,153,1,131,4,-1,99999,-1,-1,-3,-1,1,2700
474,154,1,4,4,-1,99999,-1,-1,-3,-1,1,2760
475,154,1,297,6,-1,99999,-1,-1,-3,-1,1,2760
476,154,1,765,4,-1,99999,-1,-1,-3,-1,1,2760
477,155,1,166,11,-1,99999,-1,-1,-3,-1,1,2760
478,155,1,2,4,-1,99999,-1,-1,-3,-1,1,2760
479,156,1,227,8,-1,99999,-1,-1,-3,-1,1,2760
480,156,1,127,8,-1,99999,-1,-1,-3,-1,1,2760
481,156,1,79,12,-1,99999,-1,-1,-3,-1,1,2760
482,156,1,259,6,-1,99999,-1,-1,-3,-1,1,2760
483,156,1,1041,7,-1,99999,-1,-1,-3,-1,1,2760
484,157,1,282,8,-1,99999,-1,-1,-3,-1,1,2760
485,157,1,2852,3,-1,99999,-1,-1,-3,-1,1,2760
486,158,1,160,7,-1,99999,-1,-1,-3,-1,1,2760
487,158,1,68,8,-1,99999,-1,-1,-3,-1,1,2760
488,158,1,263,8,-1,99999,-1,-1,-3,-1,1,2760
489,158,1,41,6,-1,99999,-1,-1,-3,-1,1,2760
490,158,1,2699,2,-1,99999,-1,-1,-3,-1,1,2760
491,159,1,243,6,-1,99999,-1,-1,-3,-1,1,2820
492,159,1,0,3,-1,99999,-1,-1,-3,-1,1,2820
493,159,1,866,7,-1,99999,-1,-1,-3,-1,1,2820
494,159,1,1,5,-1,99999,-1,-1,-3,-1,1,2820
495,159,1,665,4,-1,99999,-1,-1,-3,-1,1,2820
496,159,1,505,8,-1,99999,-1,-1,-3,-1,1,2820
497,159,1,18,6,-1,99999,-1,-1,-3,-1,1,2820
498,159,1,959,6,-1,99999,-1,-1,-3,-1,1,2820
499,159,1,127,10,-1,99999,-1,-1,-3,-1,1,2820
500,159,1,649,2,-1,99999,-1,-1,-3,-1,1,2820
501,160,1,84,8,-1,99999,-1,-1,-3,-1,1,2820
502,160,1,15,10,-1,99999,-1,-1,-3,-1,1,2820
503,160,1,462,1,-1,99999,-1,-1,-3,-1,1,2820
504,160,1,848,3,-1,99999,-1,-1,-3,-1,1,2820
505,160,1,23,6,-1,99999,-1,-1,-3,-1,1,2820
506,160,1,1280,3,-1,99999,-1,-1,-3,-1,1,2820
507,160,1,3126,2,-1,99999,-1,-1,-3,-1,1,2820
508,160,1,81,6,-1,99999,-1,-1,-3,-1,1,2820
509,160,1,2477,3,-1,99999,-1,-1,-3,-1,1,2820
510,160,1,1788,1,-1,99999,-1,-1,-3,-1,1,2820
511,160,1,2140,3,-1,99999,-1,-1,-3,-1,1,2820
512,160,1,148,4,-1,99999,-1,-1,-3,-1,1,2820
513,160,1,634,6,-1,99999,-1,-1,-3,-1,1,2820
514,160,1,233,2,-1,99999,-1,-1,-3,-1,1,2820
515,160,1,26,3,-1,99999,-1,-1,-3,-1,1,2820
516,161,1,171,8,-1,99999,-1,-1,-3,-1,1,2820
517,162,1,37,5,-1,99999,-1,-1,-3,-1,1,2820
518,163,1,612,4,-1,99999,-1,-1,-3,-1,1,2820
519,164,1,970,12,-1,99999,-1,-1,-3,-1,1,2880
520,165,1,166,6,-1,99999,-1,-1,-3,-1,1,2880
521,166,1,133,9,-1,99999,-1,-1,-3,-1,1,2940
522,167,1,1152,9,-1,99999,-1,-1,-3,-1,1,2940
523,168,1,985,8,-1,99999,-1,-1,-3,-1,1,3000
524,168,1,69,9,-1,99999,-1,-1,-3,-1,1,3000
525,168,1,422,10,-1,99999,-1,-1,-3,-1,1,3000
526,168,1,67,12,-1,99999,-1,-1,-3,-1,1,3000
527,168,1,0,8,-1,99999,-1,-1,-3,-1,1,3000
528,168,1,167,3,-1,99999,-1,-1,-3,-1,1,3000
529,168,1,9,5,-1,99999,-1,-1,-3,-1,1,3000
530,169,1,240,5,-1,99999,-1,-1,-3,-1,1,3060
531,169,1,199,6,-1,99999,-1,-1,-3,-1,1,3060
532,169,1,132,7,-1,99999,-1,-1,-3,-1,1,3060
533,170,1,41,9,-1,99999,-1,-1,-3,-1,1,3060
534,171,1,6,12,-1,99999,-1,-1,-3,-1,1,3120
535,172,1,804,2,-1,99999,-1,-1,-3,-1,1,3120
536,173,1,405,5,-1,99999,-1,-1,-3,-1,1,3120
537,174,1,1336,4,-1,99999,-1,-1,-3,-1,1,3120
538,174,1,20,10,-1,99999,-1,-1,-3,-1,1,3120
539,174,1,42,7,-1,99999,-1,-1,-3,-1,1,3120
540,174,1,84,2,-1,99999,-1,-1,-3,-1,1,3120
541,174,1,25,7,-1,99999,-1,-1,-3,-1,1,3120
542,174,1,310,9,-1,99999,-1,-1,-3,-1,1,3120
543,174,1,1226,8,-1,99999,-1,-1,-3,-1,1,3120
544,174,1,43,1,-1,99999,-1,-1,-3,-1,1,3120
545,175,1,236,2,-1,99999,-1,-1,-3,-1,1,3180
546,175,1,3162,2,-1,99999,-1,-1,-3,-1,1,3180
547,175,1,249,12,-1,99999,-1,-1,-3,-1,1,3180
548,175,1,537,9,-1,99999,-1,-1,-3,-1,1,3180
549,175,1,266,2,-1,99999,-1,-1,-3,-1,1,3180
550,175,1,2965,1,-1,99999,-1,-1,-3,-1,1,3180
551,175,1,60,10,-1,99999,-1,-1,-3,-1,1,3180
552,175,1,174,8,-1,99999,-1,-1,-3,-1,1,3180
553,175,1,116,6,-1,99999,-1,-1,-3,-1,1,3180
554,175,1,84,8,-1,99999,-1,-1,-3,-1,1,3180
555,176,1,1915,2,-1,99999,-1,-1,-3,-1,1,3180
556,177,1,483,5,-1,99999,-1,-1,-3,-1,1,3180
557,177,1,61,6,-1,99999,-1,-1,-3,-1,1,3180
558,178,1,69,10,-1,99999,-1,-1,-3,-1,1,3240
559,178,1,95,7,-1,99999,-1,-1,-3,-1,1,3240
560,178,1,603,11,-1,99999,-1,-1,-3,-1,1,3240
561,179,1,2986,3,-1,99999,-1,-1,-3,-1,1,3240
562,179,1,109,5,-1,99999,-1,-1,-3,-1,1,3240
563,179,1,147,2,-1,99999,-1,-1,-3,-1,1,3240
564,179,1,2273,4,-1,99999,-1,-1,-3,-1,1,3240
565,179,1,576,6,-1,99999,-1,-1,-3,-1,1,3240
566,179,1,61,8,-1,99999,-1,-1,-3,-1,1,3240
567,179,1,575,10,-1,99999,-1,-1,-3,-1,1,3240
568,180,1,1149,10,-1,99999,-1,-1,-3,-1,1,3240
569,181,1,1102,2,-1,99999,-1,-1,-3,-1,1,3240
570,182,1,1948,4,-1,99999,-1,-1,-3,-1,1,3240
571,182,1,377,10,-1,99999,-1,-1,-3,-1,1,3240
572,182,1,9,1,-1,99999,-1,-1,-3,-1,1,3240
573,182,1,370,10,-1,99999,-1,-1,-3,-1,1,3240
574,182,1,353,4,-1,99999,-1,-1,-3,-1,1,3240
575,182,1,532,3,-1,99999,-1,-1,-3,-1,1,3240
576,182,1,293,10,-1,99999,-1,-1,-3,-1,1,3240
577,183,1,1316,3,-1,99999,-1,-1,-3,-1,1,3300
578,183,1,352,8,-1,99999,-1,-1,-3,-1,1,3300
579,184,1,105,4,-1,99999,-1,-1,-3,-1,1,3300
580,185,1,250,6,-1,99999,-1,-1,-3,-1,1,3300
581,185,1,43,1,-1,99999,-1,-1,-3,-1,1,3300
582,185,1,315,5,-1,99999,-1,-1,-3,-1,1,3300
583,185,1,739,3,-1,99999,-1,-1,-3,-1,1,3300
584,185,1,962,4,-1,99999,-1,-1,-3,-1,1,3300
585,185,1,190,4,-1,99999,-1,-1,-3,-1,1,3300
586,186,1,1852,3,-1,99999,-1,-1,-3,-1,1,3360
587,186,1,145,12,-1,99999,-1,-1,-3,-1,1,3360
588,186,1,121,10,-1,99999,-1,-1,-3,-1,1,3360
589,186,1,59,6,-1,99999,-1,-1,-3,-1,1,3360
590,186,1,480,3,-1,99999,-1,-1,-3,-1,1,3360
591,186,1,1168,6,-1,99999,-1,-1,-3,-1,1,3360
592,186,1,49,6,-1,99999,-1,-1,-3,-1,1,3360
593,187,1,186,3,-1,99999,-1,-1,-3,-1,1,3360
594,187,1,3,4,-1,99999,-1,-1,-3,-1,1,3360
595,187,1,315,5,-1,99999,-1,-1,-3,-1,1,3360
596,187,1,468,8,-1,99999,-1,-1,-3,-1,1,3360
597,188,1,1244,7,-1,99999,-1,-1,-3,-1,1,3360
598,189,1,9,12,-1,99999,-1,-1,-3,-1,1,3360
599,189,1,2010,6,-1,99999,-1,-1,-3,-1,1,3360
600,189,1,65,2,-1,99999,-1,-1,-3,-1,1,3360
601,189,1,1,6,-1,99999,-1,-1,-3,-1,1,3360
602,190,1,1295,4,-1,99999,-1,-1,-3,-1,1,3420
603,191,1,86,4,-1,99999,-1,-1,-3,-1,1,3420
604,191,1,2664,4,-1,99999,-1,-1,-3,-1,1,3420
605,191,1,115,2,-1,99999,-1,-1,-3,-1,1,3420
606,192,1,418,2,-1,99999,-1,-1,-3,-1,1,3480
607,193,1,222,8,-1,99999,-1,-1,-3,-1,1,3480
608,194,1,77,9,-1,99999,-1,-1,-3,-1,1,3540
609,194,1,440,1,-1,99999,-1,-1,-3,-1,1,3540
610,194,1,348,4,-1,99999,-1,-1,-3,-1,1,3540
611,194,1,159,6,-1,99999,-1,-1,-3,-1,1,3540
612,194,1,2,8,-1,99999,-1,-1,-3,-1,1,3540
613,194,1,300,8,-1,99999,-1,-1,-3,-1,1,3540
614,194,1,1754,2,-1,99999,-1,-1,-3,-1,1,3540
615,194,1,1347,3,-1,99999,-1,-1,-3,-1,1,3540
616,194,1,544,12,-1,99999,-1,-1,-3,-1,1,3540
617,194,1,376,10,-1,99999,-1,-1,-3,-1,1,3540
618,194,1,331,12,-1,99999,-1,-1,-3,-1,1,3540
619,194,1,4,7,-1,99999,-1,-1,-3,-1,1,3540
620,194,1,52,6,-1,99999,-1,-1,-3,-1,1,3540
621,194,1,83,4,-1,99999,-1,-1,-3,-1,1,3540
622,194,1,853,7,-1,99999,-1,-1,-3,-1,1,3540
623,194,1,119,8,-1,99999,-1,-1,-3,-1,1,3540
624,194,1,149,8,-1,99999,-1,-1,-3,-1,1,3540
625,194,1,90,10,-1,99999,-1,-1,-3,-1,1,3540
626,194,1,705,3,-1,99999,-1,-1,-3,-1,1,3540
627,194,1,311,11,-1,99999,-1,-1,-3,-1,1,3540
628,194,1,1125,7,-1,99999,-1,-1,-3,-1,1,3540
629,194,1,22,7,-1,99999,-1,-1,-3,-1,1,3540
630,194,1,258,8,-1,99999,-1,-1,-3,-1,1,3540
631,194,1,829,2,-1,99999,-1,-1,-3,-1,1,3540
632,194,1,1192,2,-1,99999,-1,-1,-3,-1,1,3540
633,195,1,2061,4,-1,99999,-1,-1,-3,-1,1,3540
634,196,1,42,3,-1,99999,-1,-1,-3,-1,1,3540
635,196,1,130,6,-1,99999,-1,-1,-3,-1,1,3540
636,196,1,149,4,-1,99999,-1,-1,-3,-1,1,3540
637,196,1,34,3,-1,99999,-1,-1,-3,-1,1,3540
638,197,1,289,8,-1,99999,-1,-1,-3,-1,1,3540
639,197,1,318,7,-1,99999,-1,-1,-3,-1,1,3540
640,198,1,156,6,-1,99999,-1,-1,-3,-1,1,3540
641,198,1,571,8,-1,99999,-1,-1,-3,-1,1,3540
642,198,1,970,3,-1,99999,-1,-1,-3,-1,1,3540
643,199,1,245,6,-1,99999,-1,-1,-3,-1,1,3540
644,200,1,88,4,-1,99999,-1,-1,-3,-1,1,3540
645,201,1,1000,10,-1,99999,-1,-1,-3,-1,1,3540
646,202,1,60,6,-1,99999,-1,-1,-3,-1,1,3540
647,202,1,932,3,-1,99999,-1,-1,-3,-1,1,3540
648,203,1,684,8,-1,99999,-1,-1,-3,-1,1,3540
649,203,1,49,10,-1,99999,-1,-1,-3,-1,1,3540
650,203,1,238,7,-1,99999,-1,-1,-3,-1,1,3540
651,203,1,792,5,-1,99999,-1,-1,-3,-1,1,3540
652,203,1,265,8,-1,99999,-1,-1,-3,-1,1,3540
653,203,1,56,5,-1,99999,-1,-1,-3,-1,1,3540
654,203,1,1,12,-1,99999,-1,-1,-3,-1,1,3540
655,204,1,2,7,-1,99999,-1,-1,-3,-1,1,3600
656,204,1,53,5,-1,99999,-1,-1,-3,-1,1,3600
657,205,1,1367,10,-1,99999,-1,-1,-3,-1,1,3600
658,206,1,399,6,-1,99999,-1,-1,-3,-1,1,3600
659,207,1,726,2,-1,99999,-1,-1,-3,-1,1,3600
660,207,1,8,11,-1,99999,-1,-1,-3,-1,1,3600
661,208,1,169,4,-1,99999,-1,-1,-3,-1,1,3660
662,208,1,826,8,-1,99999,-1,-1,-3,-1,1,3660
663,208,1,352,9,-1,99999,-1,-1,-3,-1,1,3660
664,208,1,37,6,-1,99999,-1,-1,-3,-1,1,3660
665,209,1,991,6,-1,99999,-1,-1,-3,-1,1,3660
666,209,1,2183,2,-1,99999,-1,-1,-3,-1,1,3660
667,210,1,746,4,-1,99999,-1,-1,-3,-1,1,3660
668,210,1,86,6,-1,99999,-1,-1,-3,-1,1,3660
669,211,1,119,5,-1,99999,-1,-1,-3,-1,1,3660
670,211,1,1009,12,-1,99999,-1,-1,-3,-1,1,3660
671,211,1,264,10,-1,99999,-1,-1,-3,-1,1,3660
672,212,1,69,6,-1,99999,-1,-1,-3,-1,1,3660
673,213,1,25,1,-1,99999,-1,-1,-3,-1,1,3660
674,213,1,137,2,-1,99999,-1,-1,-3,-1,1,3660
675,213,1,330,5,-1,99999,-1,-1,-3,-1,1,3660
676,213,1,419,4,-1,99999,-1,-1,-3,-1,1,3660
677,213,1,122,9,-1,99999,-1,-1,-3,-1,1,3660
678,213,1,4,4,-1,99999,-1,-1,-3,-1,1,3660
679,213,1,1874,2,-1,99999,-1,-1,-3,-1,1,3660
680,214,1,984,2,-1,99999,-1,-1,-3,-1,1,3660
681,214,1,419,3,-1,99999,-1,-1,-3,-1,1,3660
682,214,1,2587,3,-1,99999,-1,-1,-3,-1,1,3660
683,214,1,272,2,-1,99999,-1,-1,-3,-1,1,3660
684,214,1,1572,6,-1,99999,-1,-1,-3,-1,1,3660
685,214,1,90,6,-1,99999,-1,-1,-3,-1,1,3660
686,214,1,515,9,-1,99999,-1,-1,-3,-1,1,3660
687,214,1,2007,4,-1,99999,-1,-1,-3,-1,1,3660
688,215,1,212,5,-1,99999,-1,-1,-3,-1,1,3720
689,215,1,869,9,-1,99999,-1,-1,-3,-1,1,3720
690,215,1,15,5,-1,99999,-1,-1,-3,-1,1,3720
691,215,1,1116,8,-1,99999,-1,-1,-3,-1,1,3720
692,215,1,860,2,-1,99999,-1,-1,-3,-1,1,3720
693,215,1,79,4,-1,99999,-1,-1,-3,-1,1,3720
694,215,1,32,6,-1,99999,-1,-1,-3,-1,1,3720
695,215,1,1200,4,-1,99999,-1,-1,-3,-1,1,3720
696,216,1,716,10,-1,99999,-1,-1,-3,-1,1,3720
697,217,1,281,6,-1,99999,-1,-1,-3,-1,1,3720
698,217,1,40,11,-1,99999,-1,-1,-3,-1,1,3720
699,217,1,109,6,-1,99999,-1,-1,-3,-1,1,3720
700,217,1,1007,10,-1,99999,-1,-1,-3,-1,1,3720
701,217,1,216,6,-1,99999,-1,-1,-3,-1,1,3720
702,217,1,199,8,-1,99999,-1,-1,-3,-1,1,3720
703,217,1,405,5,-1,99999,-1,-1,-3,-1,1,3720
704,217,1,4,8,-1,99999,-1,-1,-3,-1,1,3720
705,217,1,1302,10,-1,99999,-1,-1,-3,-1,1,3720
706,218,1,5,1,-1,99999,-1,-1,-3,-1,1,3720
707,218,1,145,7,-1,99999,-1,-1,-3,-1,1,3720
708,219,1,3116,4,-1,99999,-1,-1,-3,-1,1,3720
709,219,1,141,2,-1,99999,-1,-1,-3,-1,1,3720
710,220,1,1482,4,-1,99999,-1,-1,-3,-1,1,3720
711,220,1,1,4,-1,99999,-1,-1,-3,-1,1,3720
712,220,1,2660,2,-1,99999,-1,-1,-3,-1,1,3720
713,221,1,587,10,-1,99999,-1,-1,-3,-1,1,3780
714,221,1,586,8,-1,99999,-1,-1,-3,-1,1,3780
715,221,1,683,6,-1,99999,-1,-1,-3,-1,1,3780
716,221,1,536,6,-1,99999,-1,-1,-3,-1,1,3780
717,222,1,2146,2,-1,99999,-1,-1,-3,-1,1,3780
718,222,1,108,10,-1,99999,-1,-1,-3,-1,1,3780
719,223,1,976,2,-1,99999,-1,-1,-3,-1,1,3780
720,223,1,83,12,-1,99999,-1,-1,-3,-1,1,3780
721,223,1,2792,2,-1,99999,-1,-1,-3,-1,1,3780
722,224,1,288,8,-1,99999,-1,-1,-3,-1,1,3840
723,224,1,649,4,-1,99999,-1,-1,-3,-1,1,3840
724,225,1,215,10,-1,99999,-1,-1,-3,-1,1,3840
725,226,1,56,8,-1,99999,-1,-1,-3,-1,1,3840
726,226,1,76,5,-1,99999,-1,-1,-3,-1,1,3840
727,227,1,256,6,-1,99999,-1,-1,-3,-1,1,3900
728,227,1,24,8,-1,99999,-1,-1,-3,-1,1,3900
729,227,1,79,4,-1,99999,-1,-1,-3,-1,1,3900
730,227,1,1033,4,-1,99999,-1,-1,-3,-1,1,3900
731,228,1,2051,2,-1,99999,-1,-1,-3,-1,1,3900
732,228,1,5,8,-1,99999,-1,-1,-3,-1,1,3900
733,228,1,252,9,-1,99999,-1,-1,-3,-1,1,3900
734,229,1,1001,11,-1,99999,-1,-1,-3,-1,1,3900
735,230,1,820,3,-1,99999,-1,-1,-3,-1,1,3900
736,230,1,1385,7,-1,99999,-1,-1,-3,-1,1,3900
737,230,1,1073,3,-1,99999,-1,-1,-3,-1,1,3900
738,230,1,28,6,-1,99999,-1,-1,-3,-1,1,3900
739,231,1,495,4,-1,99999,-1,-1,-3,-1,1,3960
740,231,1,13,8,-1,99999,-1,-1,-3,-1,1,3960
741,231,1,1582,9,-1,99999,-1,-1,-3,-1,1,3960
742,232,1,341,12,-1,99999,-1,-1,-3,-1,1,3960
743,233,1,2652,2,-1,99999,-1,-1,-3,-1,1,4020
744,233,1,91,6,-1,99999,-1,-1,-3,-1,1,4020
745,234,1,1301,2,-1,99999,-1,-1,-3,-1,1,4020
746,235,1,8,2,-1,99999,-1,-1,-3,-1,1,4020
747,235,1,311,8,-1,99999,-1,-1,-3,-1,1,4020
748,236,1,31,9,-1,99999,-1,-1,-3,-1,1,4080
749,236,1,1151,10,-1,99999,-1,-1,-3,-1,1,4080
750,236,1,1059,6,-1,99999,-1,-1,-3,-1,1,4080
751,236,1,691,3,-1,99999,-1,-1,-3,-1,1,4080
752,236,1,652,10,-1,99999,-1,-1,-3,-1,1,4080
753,237,1,229,8,-1,99999,-1,-1,-3,-1,1,4080
754,237,1,624,2,-1,99999,-1,-1,-3,-1,1,4080
755,237,1,1608,1,-1,99999,-1,-1,-3,-1,1,4080
756,238,1,318,6,-1,99999,-1,-1,-3,-1,1,4080
757,238,1,25,6,-1,99999,-1,-1,-3,-1,1,4080
758,239,1,822,2,-1,99999,-1,-1,-3,-1,1,4080
759,239,1,34,4,-1,99999,-1,-1,-3,-1,1,4080
760,239,1,159,9,-1,99999,-1,-1,-3,-1,1,4080
761,239,1,355,11,-1,99999,-1,-1,-3,-1,1,4080
762,239,1,436,4,-1,99999,-1,-1,-3,-1,1,4080
763,240,1,1116,11,-1,99999,-1,-1,-3,-1,1,4080
764,240,1,3145,2,-1,99999,-1,-1,-3,-1,1,4080
765,240,1,124,9,-1,99999,-1,-1,-3,-1,1,4080
766,240,1,7,5,-1,99999,-1,-1,-3,-1,1,4080
767,240,1,619,8,-1,99999,-1,-1,-3,-1,1,4080
768,240,1,5,3,-1,99999,-1,-1,-3,-1,1,4080
769,240,1,174,5,-1,99999,-1,-1,-3,-1,1,4080
770,241,1,273,8,-1,99999,-1,-1,-3,-1,1,4080
771,242,1,2912,4,-1,99999,-1,-1,-3,-1,1,4140
772,243,1,172,6,-1,99999,-1,-1,-3,-1,1,4140
773,244,1,333,2,-1,99999,-1,-1,-3,-1,1,4140
774,244,1,114,9,-1,99999,-1,-1,-3,-1,1,4140
775,244,1,157,6,-1,99999,-1,-1,-3,-1,1,4140
776,245,1,1435,8,-1,99999,-1,-1,-3,-1,1,4200
777,245,1,292,2,-1,99999,-1,-1,-3,-1,1,4200
778,245,1,311,6,-1,99999,-1,-1,-3,-1,1,4200
779,245,1,11,7,-1,99999,-1,-1,-3,-1,1,4200
780,246,1,37,4,-1,99999,-1,-1,-3,-1,1,4200
781,246,1,493,4,-1,99999,-1,-1,-3,-1,1,4200
782,247,1,2135,2,-1,99999,-1,-1,-3,-1,1,4200
783,247,1,50,7,-1,99999,-1,-1,-3,-1,1,4200
784,247,1,194,9,-1,99999,-1,-1,-3,-1,1,4200
785,248,1,72,5,-1,99999,-1,-1,-3,-1,1,4200
786,248,1,674,10,-1,99999,-1,-1,-3,-1,1,4200
787,249,1,58,8,-1,99999,-1,-1,-3,-1,1,4200
788,249,1,190,7,-1,99999,-1,-1,-3,-1,1,4200
789,249,1,701,4,-1,99999,-1,-1,-3,-1,1,4200
790,249,1,655,6,-1,99999,-1,-1,-3,-1,1,4200
791,250,1,265,8,-1,99999,-1,-1,-3,-1,1,4200
792,250,1,1292,8,-1,99999,-1,-1,-3,-1,1,4200
793,251,1,2199,2,-1,99999,-1,-1,-3,-1,1,4260
794,252,1,290,4,-1,99999,-1,-1,-3,-1,1,4260
795,253,1,898,4,-1,99999,-1,-1,-3,-1,1,4260
796,253,1,113,8,-1,99999,-1,-1,-3,-1,1,4260
797,254,1,2319,4,-1,99999,-1,-1,-3,-1,1,4260
798,254,1,813,4,-1,99999,-1,-1,-3,-1,1,4260
799,254,1,911,6,-1,99999,-1,-1,-3,-1,1,4260
800,254,1,642,3,-1,99999,-1,-1,-3,-1,1,4260
801,255,1,294,7,-1,99999,-1,-1,-3,-1,1,4260
802,255,1,279,2,-1,99999,-1,-1,-3,-1,1,4260
803,255,1,716,12,-1,99999,-1,-1,-3,-1,1,4260
804,255,1,1473,4,-1,99999,-1,-1,-3,-1,1,4260
805,255,1,161,8,-1,99999,-1,-1,-3,-1,1,4260
806,255,1,34,1,-1,99999,-1,-1,-3,-1,1,4260
807,256,1,328,6,-1,99999,-1,-1,-3,-1,1,4320
808,256,1,1945,3,-1,99999,-1,-1,-3,-1,1,4320
809,256,1,0,3,-1,99999,-1,-1,-3,-1,1,4320
810,257,1,394,11,-1,99999,-1,-1,-3,-1,1,4320
811,258,1,173,9,-1,99999,-1,-1,-3,-1,1,4320
812,259,1,624,8,-1,99999,-1,-1,-3,-1,1,4320
813,260,1,1625,2,-1,99999,-1,-1,-3,-1,1,4380
814,261,1,9,4,-1,99999,-1,-1,-3,-1,1,4380
815,262,1,25,7,-1,99999,-1,-1,-3,-1,1,4380
816,262,1,267,8,-1,99999,-1,-1,-3,-1,1,4380
817,262,1,66,6,-1,99999,-1,-1,-3,-1,1,4380
818,262,1,3,4,-1,99999,-1,-1,-3,-1,1,4380
819,262,1,1057,3,-1,99999,-1,-1,-3,-1,1,4380
820,263,1,68,6,-1,99999,-1,-1,-3,-1,1,4380
821,263,1,30,5,-1,99999,-1,-1,-3,-1,1,4380
822,263,1,373,10,-1,99999,-1,-1,-3,-1,1,4380
823,263,1,501,8,-1,99999,-1,-1,-3,-1,1,4380
824,264,1,625,7,-1,99999,-1,-1,-3,-1,1,4380
825,264,1,272,2,-1,99999,-1,-1,-3,-1,1,4380
826,264,1,163,6,-1,99999,-1,-1,-3,-1,1,4380
827,265,1,68,7,-1,99999,-1,-1,-3,-1,1,4440
828,265,1,2591,2,-1,99999,-1,-1,-3,-1,1,4440
829,265,1,67,2,-1,99999,-1,-1,-3,-1,1,4440
830,265,1,469,8,-1,99999,-1,-1,-3,-1,1,4440
831,266,1,61,3,-1,99999,-1,-1,-3,-1,1,4440
832,266,1,354,10,-1,99999,-1,-1,-3,-1,1,4440
833,267,1,300,4,-1,99999,-1,-1,-3,-1,1,4440
834,267,1,2090,2,-1,99999,-1,-1,-3,-1,1,4440
835,267,1,53,5,-1,99999,-1,-1,-3,-1,1,4440
836,267,1,280,8,-1,99999,-1,-1,-3,-1,1,4440
837,267,1,38,10,-1,99999,-1,-1,-3,-1,1,4440
838,268,1,2183,4,-1,99999,-1,-1,-3,-1,1,4500
839,268,1,11,8,-1,99999,-1,-1,-3,-1,1,4500
840,268,1,25,4,-1,99999,-1,-1,-3,-1,1,4500
841,268,1,861,2,-1,99999,-1,-1,-3,-1,1,4500
842,268,1,1788,1,-1,99999,-1,-1,-3,-1,1,4500
843,269,1,90,6,-1,99999,-1,-1,-3,-1,1,4500
844,269,1,2,10,-1,99999,-1,-1,-3,-1,1,4500
845,269,1,10,6,-1,99999,-1,-1,-3,-1,1,4500
846,269,1,870,5,-1,99999,-1,-1,-3,-1,1,4500
847,269,1,0,2,-1,99999,-1,-1,-3,-1,1,4500
848,270,1,1,10,-1,99999,-1,-1,-3,-1,1,4500
849,270,1,2703,2,-1,99999,-1,-1,-3,-1,1,4500
850,271,1,1187,4,-1,99999,-1,-1,-3,-1,1,4500
851,271,1,314,2,-1,99999,-1,-1,-3,-1,1,4500
852,272,1,626,10,-1,99999,-1,-1,-3,-1,1,4560
853,272,1,582,10,-1,99999,-1,-1,-3,-1,1,4560
854,272,1,1440,2,-1,99999,-1,-1,-3,-1,1,4560
855,273,1,219,2,-1,99999,-1,-1,-3,-1,1,4560
856,273,1,1586,4,-1,99999,-1,-1,-3,-1,1,4560
857,273,1,1050,6,-1,99999,-1,-1,-3,-1,1,4560
858,273,1,201,8,-1,99999,-1,-1,-3,-1,1,4560
859,273,1,724,6,-1,99999,-1,-1,-3,-1,1,4560
860,273,1,75,8,-1,99999,-1,-1,-3,-1,1,4560
861,274,1,0,12,-1,99999,-1,-1,-3,-1,1,4620
862,274,1,1917,2,-1,99999,-1,-1,-3,-1,1,4620
863,274,1,52,6,-1,99999,-1,-1,-3,-1,1,4620
864,274,1,3035,2,-1,99999,-1,-1,-3,-1,1,4620
865,274,1,470,4,-1,99999,-1,-1,-3,-1,1,4620
866,275,1,1786,4,-1,99999,-1,-1,-3,-1,1,4620
867,275,1,428,4,-1,99999,-1,-1,-3,-1,1,4620
868,275,1,617,2,-1,99999,-1,-1,-3,-1,1,4620
869,275,1,185,6,-1,99999,-1,-1,-3,-1,1,4620
870,275,1,275,10,-1,99999,-1,-1,-3,-1,1,4620
871,276,1,587,7,-1,99999,-1,-1,-3,-1,1,4620
872,277,1,321,10,-1,99999,-1,-1,-3,-1,1,4680
873,277,1,169,9,-1,99999,-1,-1,-3,-1,1,4680
874,277,1,2486,2,-1,99999,-1,-1,-3,-1,1,4680
875,278,1,8,6,-1,99999,-1,-1,-3,-1,1,4740
876,278,1,2341,4,-1,99999,-1,-1,-3,-1,1,4740
877,278,1,512,6,-1,99999,-1,-1,-3,-1,1,4740
878,279,1,244,5,-1,99999,-1,-1,-3,-1,1,4740
879,279,1,10,4,-1,99999,-1,-1,-3,-1,1,4740
880,280,1,1451,7,-1,99999,-1,-1,-3,-1,1,4740
881,280,1,571,8,-1,99999,-1,-1,-3,-1,1,4740
882,280,1,35,5,-1,99999,-1,-1,-3,-1,1,4740
883,281,1,92,6,-1,99999,-1,-1,-3,-1,1,4740
884,282,1,107,9,-1,99999,-1,-1,-3,-1,1,4740
885,282,1,182,6,-1,99999,-1,-1,-3,-1,1,4740
886,282,1,2010,11,-1,99999,-1,-1,-3,-1,1,4740
887,282,1,21,8,-1,99999,-1,-1,-3,-1,1,4740
888,283,1,432,6,-1,99999,-1,-1,-3,-1,1,4800
889,283,1,305,8,-1,99999,-1,-1,-3,-1,1,4800
890,284,1,1013,8,-1,99999,-1,-1,-3,-1,1,4800
891,284,1,738,8,-1,99999,-1,-1,-3,-1,1,4800
892,284,1,1638,1,-1,99999,-1,-1,-3,-1,1,4800
893,284,1,8,6,-1,99999,-1,-1,-3,-1,1,4800
894,284,1,310,9,-1,99999,-1,-1,-3,-1,1,4800
895,284,1,45,6,-1,99999,-1,-1,-3,-1,1,4800
896,284,1,1550,1,-1,99999,-1,-1,-3,-1,1,4800
897,285,1,1791,2,-1,99999,-1,-1,-3,-1,1,4800
898,285,1,2203,3,-1,99999,-1,-1,-3,-1,1,4800
899,285,1,490,4,-1,99999,-1,-1,-3,-1,1,4800
900,285,1,2064,3,-1,99999,-1,-1,-3,-1,1,4800
901,286,1,117,7,-1,99999,-1,-1,-3,-1,1,4800
902,286,1,523,3,-1,99999,-1,-1,-3,-1,1,4800
903,287,1,385,6,-1,99999,-1,-1,-3,-1,1,4800
904,287,1,1084,2,-1,99999,-1,-1,-3,-1,1,4800
905,287,1,64,2,-1,99999,-1,-1,-3,-1,1,4800
906,287,1,2328,3,-1,99999,-1,-1,-3,-1,1,4800
907,287,1,461,7,-1,99999,-1,-1,-3,-1,1,4800
908,287,1,256,12,-1,99999,-1,-1,-3,-1,1,4800
909,288,1,183,3,-1,99999,-1,-1,-3,-1,1,4800
910,289,1,707,6,-1,99999,-1,-1,-3,-1,1,4800
911,289,1,1173,6,-1,99999,-1,-1,-3,-1,1,4800
912,289,1,522,8,-1,99999,-1,-1,-3,-1,1,4800
913,290,1,3179,3,-1,99999,-1,-1,-3,-1,1,4860
914,291,1,1784,2,-1,99999,-1,-1,-3,-1,1,4920
915,291,1,40,6,-1,99999,-1,-1,-3,-1,1,4920
916,291,1,334,4,-1,99999,-1,-1,-3,-1,1,4920
917,291,1,1370,8,-1,99999,-1,-1,-3,-1,1,4920
918,291,1,69,4,-1,99999,-1,-1,-3,-1,1,4920
919,291,1,1337,7,-1,99999,-1,-1,-3,-1,1,4920
920,291,1,469,6,-1,99999,-1,-1,-3,-1,1,4920
921,291,1,82,6,-1,99999,-1,-1,-3,-1,1,4920
922,291,1,138,4,-1,99999,-1,-1,-3,-1,1,4920
923,291,1,77,6,-1,99999,-1,-1,-3,-1,1,4920
924,291,1,704,2,-1,99999,-1,-1,-3,-1,1,4920
925,292,1,1490,3,-1,99999,-1,-1,-3,-1,1,4920
926,292,1,673,4,-1,99999,-1,-1,-3,-1,1,4920
927,292,1,195,7,-1,99999,-1,-1,-3,-1,1,4920
928,292,1,628,7,-1,99999,-1,-1,-3,-1,1,4920
929,292,1,510,7,-1,99999,-1,-1,-3,-1,1,4920
930,292,1,90,12,-1,99999,-1,-1,-3,-1,1,4920
931,292,1,476,4,-1,99999,-1,-1,-3,-1,1,4920
932,293,1,637,12,-1,99999,-1,-1,-3,-1,1,4920
933,293,1,1113,11,-1,99999,-1,-1,-3,-1,1,4920
934,293,1,875,6,-1,99999,-1,-1,-3,-1,1,4920
935,293,1,238,4,-1,99999,-1,-1,-3,-1,1,4920
936,293,1,143,8,-1,99999,-1,-1,-3,-1,1,4920
937,293,1,87,12,-1,99999,-1,-1,-3,-1,1,4920
938,293,1,174,7,-1,99999,-1,-1,-3,-1,1,4920
939,294,1,327,6,-1,99999,-1,-1,-3,-1,1,4920
940,294,1,1069,6,-1,99999,-1,-1,-3,-1,1,4920
941,295,1,100,10,-1,99999,-1,-1,-3,-1,1,4920
942,295,1,81,10,-1,99999,-1,-1,-3,-1,1,4920
943,295,1,101,11,-1,99999,-1,-1,-3,-1,1,4920
944,295,1,348,7,-1,99999,-1,-1,-3,-1,1,4920
945,295,1,48,6,-1,99999,-1,-1,-3,-1,1,4920
946,296,1,2316,2,-1,99999,-1,-1,-3,-1,1,4980
947,296,1,3,4,-1,99999,-1,-1,-3,-1,1,4980
948,296,1,87,4,-1,99999,-1,-1,-3,-1,1,4980
949,297,1,878,6,-1,99999,-1,-1,-3,-1,1,4980
950,297,1,1129,3,-1,99999,-1,-1,-3,-1,1,4980
951,297,1,2283,2,-1,99999,-1,-1,-3,-1,1,4980
952,297,1,329,9,-1,99999,-1,-1,-3,-1,1,4980
953,297,1,3116,4,-1,99999,-1,-1,-3,-1,1,4980
954,297,1,235,12,-1,99999,-1,-1,-3,-1,1,4980
955,297,1,133,2,-1,99999,-1,-1,-3,-1,1,4980
956,298,1,61,8,-1,99999,-1,-1,-3,-1,1,4980
957,298,1,1485,8,-1,99999,-1,-1,-3,-1,1,4980
958,298,1,388,7,-1,99999,-1,-1,-3,-1,1,4980
959,298,1,10,6,-1,99999,-1,-1,-3,-1,1,4980
960,298,1,1932,3,-1,99999,-1,-1,-3,-1,1,4980
961,298,1,1203,12,-1,99999,-1,-1,-3,-1,1,4980
962,298,1,1873,4,-1,99999,-1,-1,-3,-1,1,4980
963,298,1,84,10,-1,99999,-1,-1,-3,-1,1,4980
964,298,1,79,7,-1,99999,-1,-1,-3,-1,1,4980
965,298,1,1584,2,-1,99999,-1,-1,-3,-1,1,4980
966,298,1,199,3,-1,99999,-1,-1,-3,-1,1,4980
967,298,1,195,6,-1,99999,-1,-1,-3,-1,1,4980
968,298,1,1282,2,-1,99999,-1,-1,-3,-1,1,4980
969,299,1,1862,4,-1,99999,-1,-1,-3,-1,1,4980
970,299,1,906,7,-1,99999,-1,-1,-3,-1,1,4980
971,299,1,278,9,-1,99999,-1,-1,-3,-1,1,4980
972,300,1,33,11,-1,99999,-1,-1,-3,-1,1,4980
973,301,1,78,8,-1,99999,-1,-1,-3,-1,1,4980
974,301,1,667,7,-1,99999,-1,-1,-3,-1,1,4980
975,301,1,237,6,-1,99999,-1,-1,-3,-1,1,4980
976,301,1,2614,2,-1,99999,-1,-1,-3,-1,1,4980
977,301,1,39,9,-1,99999,-1,-1,-3,-1,1,4980
978,301,1,1494,3,-1,99999,-1,-1,-3,-1,1,4980
979,301,1,758,5,-1,99999,-1,-1,-3,-1,1,4980
980,301,1,399,8,-1,99999,-1,-1,-3,-1,1,4980
981,301,1,1510,3,-1,99999,-1,-1,-3,-1,1,4980
982,302,1,977,3,-1,99999,-1,-1,-3,-1,1,5040
983,303,1,153,6,-1,99999,-1,-1,-3,-1,1,5040
984,303,1,2736,2,-1,99999,-1,-1,-3,-1,1,5040
985,303,1,247,6,-1,99999,-1,-1,-3,-1,1,5040
986,304,1,1667,3,-1,99999,-1,-1,-3,-1,1,5040
987,305,1,2297,3,-1,99999,-1,-1,-3,-1,1,5040
988,305,1,3038,3,-1,99999,-1,-1,-3,-1,1,5040
989,305,1,2,6,-1,99999,-1,-1,-3,-1,1,5040
990,305,1,523,8,-1,99999,-1,-1,-3,-1,1,5040
991,306,1,169,5,-1,99999,-1,-1,-3,-1,1,5040
992,306,1,1682,2,-1,99999,-1,-1,-3,-1,1,5040
993,306,1,5,5,-1,99999,-1,-1,-3,-1,1,5040
994,307,1,243,7,-1,99999,-1,-1,-3,-1,1,5100
995,307,1,251,11,-1,99999,-1,-1,-3,-1,1,5100
996,307,1,259,5,-1,99999,-1,-1,-3,-1,1,5100
997,307,1,2,3,-1,99999,-1,-1,-3,-1,1,5100
998,307,1,297,5,-1,99999,-1,-1,-3,-1,1,5100
999,307,1,92,10,-1,99999,-1,-1,-3,-1,1,5100
1000,307,1,894,10,-1,99999,-1,-1,-3,-1,1,5100
1001,308,1,141,4,-1,99999,-1,-1,-3,-1,1,5160
1002,308,1,147,5,-1,99999,-1,-1,-3,-1,1,5160
1003,308,1,1830,4,-1,99999,-1,-1,-3,-1,1,5160
1004,308,1,694,5,-1,99999,-1,-1,-3,-1,1,5160
1005,308,1,277,6,-1,99999,-1,-1,-3,-1,1,5160
1006,308,1,42,3,-1,99999,-1,-1,-3,-1,1,5160
1007,308,1,162,9,-1,99999,-1,-1,-3,-1,1,5160
1008,309,1,304,4,-1,99999,-1,-1,-3,-1,1,5160
1009,309,1,4,2,-1,99999,-1,-1,-3,-1,1,5160
1010,309,1,11,6,-1,99999,-1,-1,-3,-1,1,5160
1011,309,1,122,9,-1,99999,-1,-1,-3,-1,1,5160
1012,310,1,1118,9,-1,99999,-1,-1,-3,-1,1,5160
1013,310,1,415,5,-1,99999,-1,-1,-3,-1,1,5160
1014,310,1,675,7,-1,99999,-1,-1,-3,-1,1,5160
1015,310,1,156,4,-1,99999,-1,-1,-3,-1,1,5160
1016,310,1,187,6,-1,99999,-1,-1,-3,-1,1,5160
1017,311,1,380,7,-1,99999,-1,-1,-3,-1,1,5220
1018,311,1,2271,2,-1,99999,-1,-1,-3,-1,1,5220
1019,312,1,354,7,-1,99999,-1,-1,-3,-1,1,5220
1020,312,1,2876,3,-1,99999,-1,-1,-3,-1,1,5220
1021,312,1,10,6,-1,99999,-1,-1,-3,-1,1,5220
1022,312,1,194,2,-1,99999,-1,-1,-3,-1,1,5220
1023,313,1,406,4,-1,99999,-1,-1,-3,-1,1,5220
1024,314,1,3063,2,-1,99999,-1,-1,-3,-1,1,5220
1025,314,1,1417,3,-1,99999,-1,-1,-3,-1,1,5220
1026,314,1,1819,3,-1,99999,-1,-1,-3,-1,1,5220
1027,314,1,3133,2,-1,99999,-1,-1,-3,-1,1,5220
1028,314,1,965,2,-1,99999,-1,-1,-3,-1,1,5220
1029,315,1,108,6,-1,99999,-1,-1,-3,-1,1,5220
1030,316,1,1187,6,-1,99999,-1,-1,-3,-1,1,5280
1031,316,1,207,4,-1,99999,-1,-1,-3,-1,1,5280
1032,316,1,1522,1,-1,99999,-1,-1,-3,-1,1,5280
1033,317,1,568,6,-1,99999,-1,-1,-3,-1,1,5280
1034,318,1,46,6,-1,99999,-1,-1,-3,-1,1,5280
1035,318,1,504,6,-1,99999,-1,-1,-3,-1,1,5280
1036,318,1,534,2,-1,99999,-1,-1,-3,-1,1,5280
1037,318,1,6,8,-1,99999,-1,-1,-3,-1,1,5280
1038,319,1,1285,8,-1,99999,-1,-1,-3,-1,1,5280
1039,319,1,438,8,-1,99999,-1,-1,-3,-1,1,5280
1040,319,1,197,5,-1,99999,-1,-1,-3,-1,1,5280
1041,319,1,1661,3,-1,99999,-1,-1,-3,-1,1,5280
1042,319,1,7,6,-1,99999,-1,-1,-3,-1,1,5280
1043,319,1,329,4,-1,99999,-1,-1,-3,-1,1,5280
1044,319,1,0,2,-1,99999,-1,-1,-3,-1,1,5280
1045,319,1,72,2,-1,99999,-1,-1,-3,-1,1,5280
1046,320,1,481,5,-1,99999,-1,-1,-3,-1,1,5280
1047,320,1,104,9,-1,99999,-1,-1,-3,-1,1,5280
1048,320,1,279,3,-1,99999,-1,-1,-3,-1,1,5280
1049,321,1,65,3,-1,99999,-1,-1,-3,-1,1,5280
1050,321,1,878,8,-1,99999,-1,-1,-3,-1,1,5280
1051,321,1,189,9,-1,99999,-1,-1,-3,-1,1,5280
1052,321,1,895,1,-1,99999,-1,-1,-3,-1,1,5280
1053,321,1,556,2,-1,99999,-1,-1,-3,-1,1,5280
1054,321,1,1491,8,-1,99999,-1,-1,-3,-1,1,5280
1055,322,1,167,7,-1,99999,-1,-1,-3,-1,1,5280
1056,323,1,97,6,-1,99999,-1,-1,-3,-1,1,5340
1057,324,1,873,4,-1,99999,-1,-1,-3,-1,1,5340
1058,324,1,27,10,-1,99999,-1,-1,-3,-1,1,5340
1059,325,1,58,8,-1,99999,-1,-1,-3,-1,1,5340
1060,325,1,1221,6,-1,99999,-1,-1,-3,-1,1,5340
1061,326,1,232,8,-1,99999,-1,-1,-3,-1,1,5400
1062,326,1,95,2,-1,99999,-1,-1,-3,-1,1,5400
1063,326,1,15,5,-1,99999,-1,-1,-3,-1,1,5400
1064,326,1,121,6,-1,99999,-1,-1,-3,-1,1,5400
1065,326,1,46,6,-1,99999,-1,-1,-3,-1,1,5400
1066,326,1,129,4,-1,99999,-1,-1,-3,-1,1,5400
1067,327,1,593,7,-1,99999,-1,-1,-3,-1,1,5400
1068,327,1,1551,2,-1,99999,-1,-1,-3,-1,1,5400
1069,327,1,104,5,-1,99999,-1,-1,-3,-1,1,5400
1070,327,1,47,2,-1,99999,-1,-1,-3,-1,1,5400
1071,327,1,232,8,-1,99999,-1,-1,-3,-1,1,5400
1072,327,1,15,8,-1,99999,-1,-1,-3,-1,1,5400
1073,327,1,972,8,-1,99999,-1,-1,-3,-1,1,5400
1074,328,1,347,5,-1,99999,-1,-1,-3,-1,1,5460
1075,329,1,65,6,-1,99999,-1,-1,-3,-1,1,5460
1076,330,1,77,6,-1,99999,-1,-1,-3,-1,1,5460
1077,330,1,364,10,-1,99999,-1,-1,-3,-1,1,5460
1078,330,1,70,9,-1,99999,-1,-1,-3,-1,1,5460
1079,330,1,65,1,-1,99999,-1,-1,-3,-1,1,5460
1080,331,1,723,6,-1,99999,-1,-1,-3,-1,1,5460
1081,331,1,206,10,-1,99999,-1,-1,-3,-1,1,5460
1082,332,1,2217,2,-1,99999,-1,-1,-3,-1,1,5520
1083,333,1,621,10,-1,99999,-1,-1,-3,-1,1,5520
1084,333,1,1150,5,-1,99999,-1,-1,-3,-1,1,5520
1085,334,1,422,3,-1,99999,-1,-1,-3,-1,1,5580
1086,334,1,1670,2,-1,99999,-1,-1,-3,-1,1,5580
1087,334,1,316,4,-1,99999,-1,-1,-3,-1,1,5580
1088,335,1,408,4,-1,99999,-1,-1,-3,-1,1,5580
1089,335,1,201,2,-1,99999,-1,-1,-3,-1,1,5580
1090,336,1,510,6,-1,99999,-1,-1,-3,-1,1,5580
1091,336,1,77,11,-1,99999,-1,-1,-3,-1,1,5580
1092,336,1,310,12,-1,99999,-1,-1,-3,-1,1,5580
1093,336,1,779,7,-1,99999,-1,-1,-3,-1,1,5580
1094,336,1,1081,8,-1,99999,-1,-1,-3,-1,1,5580
1095,337,1,228,11,-1,99999,-1,-1,-3,-1,1,5640
1096,337,1,1520,4,-1,99999,-1,-1,-3,-1,1,5640
1097,338,1,100,5,-1,99999,-1,-1,-3,-1,1,5640
1098,338,1,265,5,-1,99999,-1,-1,-3,-1,1,5640
1099,338,1,1387,2,-1,99999,-1,-1,-3,-1,1,5640
1100,338,1,448,8,-1,99999,-1,-1,-3,-1,1,5640
1101,338,1,856,10,-1,99999,-1,-1,-3,-1,1,5640
1102,338,1,788,5,-1,99999,-1,-1,-3,-1,1,5640
1103,338,1,30,10,-1,99999,-1,-1,-3,-1,1,5640
1104,338,1,2254,2,-1,99999,-1,-1,-3,-1,1,5640
1105,338,1,1096,4,-1,99999,-1,-1,-3,-1,1,5640
1106,338,1,180,10,-1,99999,-1,-1,-3,-1,1,5640
1107,338,1,8,8,-1,99999,-1,-1,-3,-1,1,5640
1108,338,1,391,10,-1,99999,-1,-1,-3,-1,1,5640
1109,338,1,367,3,-1,99999,-1,-1,-3,-1,1,5640
1110,338,1,2702,2,-1,99999,-1,-1,-3,-1,1,5640
1111,339,1,2392,2,-1,99999,-1,-1,-3,-1,1,5700
1112,340,1,1301,2,-1,99999,-1,-1,-3,-1,1,5700
1113,340,1,1585,8,-1,99999,-1,-1,-3,-1,1,5700
1114,340,1,208,4,-1,99999,-1,-1,-3,-1,1,5700
1115,341,1,440,4,-1,99999,-1,-1,-3,-1,1,5700
1116,342,1,216,7,-1,99999,-1,-1,-3,-1,1,5700
1117,343,1,1,8,-1,99999,-1,-1,-3,-1,1,5700
1118,344,1,1907,2,-1,99999,-1,-1,-3,-1,1,5760
1119,344,1,822,3,-1,99999,-1,-1,-3,-1,1,5760
1120,344,1,196,10,-1,99999,-1,-1,-3,-1,1,5760
1121,344,1,166,6,-1,99999,-1,-1,-3,-1,1,5760
1122,344,1,274,1,-1,99999,-1,-1,-3,-1,1,5760
1123,344,1,1000,4,-1,99999,-1,-1,-3,-1,1,5760
1124,345,1,1427,2,-1,99999,-1,-1,-3,-1,1,5760
1125,345,1,1790,2,-1,99999,-1,-1,-3,-1,1,5760
1126,345,1,429,2,-1,99999,-1,-1,-3,-1,1,5760
1127,345,1,19,7,-1,99999,-1,-1,-3,-1,1,5760
1128,345,1,204,7,-1,99999,-1,-1,-3,-1,1,5760
1129,346,1,458,7,-1,99999,-1,-1,-3,-1,1,5760
1130,346,1,31,4,-1,99999,-1,-1,-3,-1,1,5760
1131,346,1,40,7,-1,99999,-1,-1,-3,-1,1,5760
1132,346,1,298,8,-1,99999,-1,-1,-3,-1,1,5760
1133,346,1,282,7,-1,99999,-1,-1,-3,-1,1,5760
1134,346,1,408,11,-1,99999,-1,-1,-3,-1,1,5760
1135,346,1,898,9,-1,99999,-1,-1,-3,-1,1,5760
1136,346,1,1410,8,-1,99999,-1,-1,-3,-1,1,5760
1137,346,1,2605,4,-1,99999,-1,-1,-3,-1,1,5760
1138,347,1,64,11,-1,99999,-1,-1,-3,-1,1,5760
1139,347,1,206,8,-1,99999,-1,-1,-3,-1,1,5760
1140,347,1,147,10,-1,99999,-1,-1,-3,-1,1,5760
1141,348,1,562,8,-1,99999,-1,-1,-3,-1,1,5820
1142,348,1,2,8,-1,99999,-1,-1,-3,-1,1,5820
1143,348,1,58,8,-1,99999,-1,-1,-3,-1,1,5820
1144,348,1,401,2,-1,99999,-1,-1,-3,-1,1,5820
1145,349,1,472,9,-1,99999,-1,-1,-3,-1,1,5820
1146,349,1,938,11,-1,99999,-1,-1,-3,-1,1,5820
1147,349,1,1590,4,-1,99999,-1,-1,-3,-1,1,5820
1148,349,1,323,8,-1,99999,-1,-1,-3,-1,1,5820
1149,350,1,219,4,-1,99999,-1,-1,-3,-1,1,5820
1150,350,1,2012,3,-1,99999,-1,-1,-3,-1,1,5820
1151,350,1,6,12,-1,99999,-1,-1,-3,-1,1,5820
1152,350,1,337,10,-1,99999,-1,-1,-3,-1,1,5820
1153,350,1,1313,6,-1,99999,-1,-1,-3,-1,1,5820
1154,350,1,2393,3,-1,99999,-1,-1,-3,-1,1,5820
1155,350,1,33,8,-1,99999,-1,-1,-3,-1,1,5820
1156,351,1,282,10,-1,99999,-1,-1,-3,-1,1,5820
1157,352,1,4,4,-1,99999,-1,-1,-3,-1,1,5820
1158,352,1,345,8,-1,99999,-1,-1,-3,-1,1,5820
1159,352,1,51,6,-1,99999,-1,-1,-3,-1,1,5820
1160,352,1,1,6,-1,99999,-1,-1,-3,-1,1,5820
1161,353,1,4,4,-1,99999,-1,-1,-3,-1,1,5880
1162,353,1,269,6,-1,99999,-1,-1,-3,-1,1,5880
1163,353,1,253,6,-1,99999,-1,-1,-3,-1,1,5880
1164,353,1,98,3,-1,99999,-1,-1,-3,-1,1,5880
1165,353,1,1046,6,-1,99999,-1,-1,-3,-1,1,5880
1166,353,1,1601,4,-1,99999,-1,-1,-3,-1,1,5880
1167,354,1,1,3,-1,99999,-1,-1,-3,-1,1,5880
1168,354,1,98,5,-1,99999,-1,-1,-3,-1,1,5880
1169,355,1,75,5,-1,99999,-1,-1,-3,-1,1,5940
1170,355,1,1838,2,-1,99999,-1,-1,-3,-1,1,5940
1171,356,1,67,10,-1,99999,-1,-1,-3,-1,1,5940
1172,357,1,880,4,-1,99999,-1,-1,-3,-1,1,5940
1173,357,1,85,10,-1,99999,-1,-1,-3,-1,1,5940
1174,358,1,268,6,-1,99999,-1,-1,-3,-1,1,5940
1175,359,1,51,2,-1,99999,-1,-1,-3,-1,1,5940
1176,359,1,86,3,-1,99999,-1,-1,-3,-1,1,5940
1177,359,1,2424,1,-1,99999,-1,-1,-3,-1,1,5940
1178,359,1,150,8,-1,99999,-1,-1,-3,-1,1,5940
1179,359,1,2215,2,-1,99999,-1,-1,-3,-1,1,5940
1180,359,1,303,2,-1,99999,-1,-1,-3,-1,1,5940
1181,360,1,9,11,-1,99999,-1,-1,-3,-1,1,5940
1182,360,1,434,4,-1,99999,-1,-1,-3,-1,1,5940
1183,360,1,1331,4,-1,99999,-1,-1,-3,-1,1,5940
1184,360,1,155,6,-1,99999,-1,-1,-3,-1,1,5940
1185,360,1,253,11,-1,99999,-1,-1,-3,-1,1,5940
1186,360,1,324,6,-1,99999,-1,-1,-3,-1,1,5940
1187,361,1,691,8,-1,99999,-1,-1,-3,-1,1,5940
1188,362,1,1166,4,-1,99999,-1,-1,-3,-1,1,6000
1189,363,1,268,6,-1,99999,-1,-1,-3,-1,1,6000
1190,363,1,609,8,-1,99999,-1,-1,-3,-1,1,6000
1191,363,1,518,1,-1,99999,-1,-1,-3,-1,1,6000
1192,363,1,106,9,-1,99999,-1,-1,-3,-1,1,6000
1193,364,1,314,4,-1,99999,-1,-1,-3,-1,1,6000
1194,365,1,920,7,-1,99999,-1,-1,-3,-1,1,6000
1195,365,1,23,12,-1,99999,-1,-1,-3,-1,1,6000
1196,366,1,554,4,-1,99999,-1,-1,-3,-1,1,6060
1197,366,1,15,6,-1,99999,-1,-1,-3,-1,1,6060
1198,366,1,199,6,-1,99999,-1,-1,-3,-1,1,6060
1199,367,1,4,10,-1,99999,-1,-1,-3,-1,1,6060
1200,368,1,906,7,-1,99999,-1,-1,-3,-1,1,6060
1201,368,1,160,10,-1,99999,-1,-1,-3,-1,1,6060
1202,368,1,754,1,-1,99999,-1,-1,-3,-1,1,6060
1203,368,1,1456,12,-1,99999,-1,-1,-3,-1,1,6060
1204,368,1,406,4,-1,99999,-1,-1,-3,-1,1,6060
1205,369,1,171,8,-1,99999,-1,-1,-3,-1,1,6060
1206,369,1,390,8,-1,99999,-1,-1,-3,-1,1,6060
1207,370,1,93,8,-1,99999,-1,-1,-3,-1,1,6120
1208,370,1,53,10,-1,99999,-1,-1,-3,-1,1,6120
1209,370,1,2819,3,-1,99999,-1,-1,-3,-1,1,6120
1210,370,1,345,6,-1,99999,-1,-1,-3,-1,1,6120
1211,370,1,553,10,-1,99999,-1,-1,-3,-1,1,6120
1212,370,1,55,5,-1,99999,-1,-1,-3,-1,1,6120
1213,370,1,1281,6,-1,99999,-1,-1,-3,-1,1,6120
1214,370,1,497,5,-1,99999,-1,-1,-3,-1,1,6120
1215,370,1,1623,1,-1,99999,-1,-1,-3,-1,1,6120
1216,370,1,45,4,-1,99999,-1,-1,-3,-1,1,6120
1217,371,1,1422,1,-1,99999,-1,-1,-3,-1,1,6120
1218,371,1,1183,7,-1,99999,-1,-1,-3,-1,1,6120
1219,371,1,1996,2,-1,99999,-1,-1,-3,-1,1,6120
1220,372,1,633,8,-1,99999,-1,-1,-3,-1,1,6120
1221,373,1,87,6,-1,99999,-1,-1,-3,-1,1,6180
1222,373,1,38,10,-1,99999,-1,-1,-3,-1,1,6180
1223,373,1,910,4,-1,99999,-1,-1,-3,-1,1,6180
1224,374,1,345,9,-1,99999,-1,-1,-3,-1,1,6180
1225,375,1,104,8,-1,99999,-1,-1,-3,-1,1,6180
1226,376,1,340,4,-1,99999,-1,-1,-3,-1,1,6180
1227,377,1,309,7,-1,99999,-1,-1,-3,-1,1,6240
1228,378,1,210,6,-1,99999,-1,-1,-3,-1,1,6240
1229,378,1,282,8,-1,99999,-1,-1,-3,-1,1,6240
1230,378,1,97,6,-1,99999,-1,-1,-3,-1,1,6240
1231,378,1,1221,7,-1,99999,-1,-1,-3,-1,1,6240
1232,379,1,68,6,-1,99999,-1,-1,-3,-1,1,6240
1233,379,1,251,6,-1,99999,-1,-1,-3,-1,1,6240
1234,379,1,5,3,-1,99999,-1,-1,-3,-1,1,6240
1235,379,1,7,4,-1,99999,-1,-1,-3,-1,1,6240
1236,379,1,1068,2,-1,99999,-1,-1,-3,-1,1,6240
1237,380,1,2101,4,-1,99999,-1,-1,-3,-1,1,6300
1238,380,1,419,5,-1,99999,-1,-1,-3,-1,1,6300
1239,380,1,407,8,-1,99999,-1,-1,-3,-1,1,6300
1240,380,1,3,7,-1,99999,-1,-1,-3,-1,1,6300
1241,380,1,515,12,-1,99999,-1,-1,-3,-1,1,6300
1242,381,1,128,2,-1,99999,-1,-1,-3,-1,1,6300
1243,381,1,262,5,-1,99999,-1,-1,-3,-1,1,6300
1244,381,1,2822,4,-1,99999,-1,-1,-3,-1,1,6300
1245,381,1,1020,2,-1,99999,-1,-1,-3,-1,1,6300
1246,381,1,228,2,-1,99999,-1,-1,-3,-1,1,6300
1247,381,1,569,3,-1,99999,-1,-1,-3,-1,1,6300
1248,381,1,3,6,-1,99999,-1,-1,-3,-1,1,6300
1249,381,1,36,9,-1,99999,-1,-1,-3,-1,1,6300
1250,381,1,142,5,-1,99999,-1,-1,-3,-1,1,6300
1251,381,1,660,6,-1,99999,-1,-1,-3,-1,1,6300
1252,381,1,42,11,-1,99999,-1,-1,-3,-1,1,6300
1253,382,1,33,8,-1,99999,-1,-1,-3,-1,1,6300
1254,382,1,634,12,-1,99999,-1,-1,-3,-1,1,6300
1255,382,1,1097,8,-1,99999,-1,-1,-3,-1,1,6300
1256,382,1,134,8,-1,99999,-1,-1,-3,-1,1,6300
1257,382,1,656,4,-1,99999,-1,-1,-3,-1,1,6300
1258,382,1,1415,7,-1,99999,-1,-1,-3,-1,1,6300
1259,383,1,647,2,-1,99999,-1,-1,-3,-1,1,6360
1260,384,1,1291,3,-1,99999,-1,-1,-3,-1,1,6360
1261,384,1,26,8,-1,99999,-1,-1,-3,-1,1,6360
1262,385,1,73,4,-1,99999,-1,-1,-3,-1,1,6360
1263,385,1,12,8,-1,99999,-1,-1,-3,-1,1,6360
1264,385,1,2480,3,-1,99999,-1,-1,-3,-1,1,6360
1265,385,1,20,4,-1,99999,-1,-1,-3,-1,1,6360
1266,385,1,964,2,-1,99999,-1,-1,-3,-1,1,6360
1267,385,1,11,10,-1,99999,-1,-1,-3,-1,1,6360
1268,385,1,433,10,-1,99999,-1,-1,-3,-1,1,6360
1269,385,1,493,8,-1,99999,-1,-1,-3,-1,1,6360
1270,385,1,68,8,-1,99999,-1,-1,-3,-1,1,6360
1271,385,1,2456,2,-1,99999,-1,-1,-3,-1,1,6360
1272,385,1,472,5,-1,99999,-1,-1,-3,-1,1,6360
1273,385,1,3083,3,-1,99999,-1,-1,-3,-1,1,6360
1274,385,1,9,10,-1,99999,-1,-1,-3,-1,1,6360
1275,385,1,99,3,-1,99999,-1,-1,-3,-1,1,6360
1276,386,1,2261,2,-1,99999,-1,-1,-3,-1,1,6420
1277,387,1,442,7,-1,99999,-1,-1,-3,-1,1,6420
1278,387,1,546,8,-1,99999,-1,-1,-3,-1,1,6420
1279,387,1,48,8,-1,99999,-1,-1,-3,-1,1,6420
1280,388,1,136,6,-1,99999,-1,-1,-3,-1,1,6420
1281,388,1,18,6,-1,99999,-1,-1,-3,-1,1,6420
1282,389,1,2997,4,-1,99999,-1,-1,-3,-1,1,6420
1283,390,1,2343,2,-1,99999,-1,-1,-3,-1,1,6480
1284,390,1,657,4,-1,99999,-1,-1,-3,-1,1,6480
1285,390,1,3,8,-1,99999,-1,-1,-3,-1,1,6480
1286,390,1,283,9,-1,99999,-1,-1,-3,-1,1,6480
1287,390,1,1509,6,-1,99999,-1,-1,-3,-1,1,6480
1288,390,1,79,7,-1,99999,-1,-1,-3,-1,1,6480
1289,390,1,273,12,-1,99999,-1,-1,-3,-1,1,6480
1290,391,1,3049,3,-1,99999,-1,-1,-3,-1,1,6480
1291,391,1,301,10,-1,99999,-1,-1,-3,-1,1,6480
1292,391,1,172,12,-1,99999,-1,-1,-3,-1,1,6480
1293,392,1,1963,4,-1,99999,-1,-1,-3,-1,1,6480
1294,392,1,931,6,-1,99999,-1,-1,-3,-1,1,6480
1295,392,1,1076,2,-1,99999,-1,-1,-3,-1,1,6480
1296,392,1,538,8,-1,99999,-1,-1,-3,-1,1,6480
1297,392,1,1465,9,-1,99999,-1,-1,-3,-1,1,6480
1298,392,1,1926,2,-1,99999,-1,-1,-3,-1,1,6480
1299,392,1,557,4,-1,99999,-1,-1,-3,-1,1,6480
1300,393,1,11,10,-1,99999,-1,-1,-3,-1,1,6540
1301,393,1,21,10,-1,99999,-1,-1,-3,-1,1,6540
1302,393,1,768,10,-1,99999,-1,-1,-3,-1,1,6540
1303,393,1,446,5,-1,99999,-1,-1,-3,-1,1,6540
1304,393,1,305,8,-1,99999,-1,-1,-3,-1,1,6540
1305,393,1,645,10,-1,99999,-1,-1,-3,-1,1,6540
1306,394,1,1441,5,-1,99999,-1,-1,-3,-1,1,6540
1307,394,1,117,3,-1,99999,-1,-1,-3,-1,1,6540
1308,394,1,98,7,-1,99999,-1,-1,-3,-1,1,6540
1309,394,1,1305,8,-1,99999,-1,-1,-3,-1,1,6540
1310,395,1,2291,4,-1,99999,-1,-1,-3,-1,1,6600
1311,395,1,489,4,-1,99999,-1,-1,-3,-1,1,6600
1312,395,1,88,12,-1,99999,-1,-1,-3,-1,1,6600
1313,395,1,1981,4,-1,99999,-1,-1,-3,-1,1,6600
1314,395,1,1050,4,-1,99999,-1,-1,-3,-1,1,6600
1315,395,1,684,8,-1,99999,-1,-1,-3,-1,1,6600
1316,395,1,564,8,-1,99999,-1,-1,-3,-1,1,6600
1317,396,1,34,5,-1,99999,-1,-1,-3,-1,1,6600
1318,396,1,130,10,-1,99999,-1,-1,-3,-1,1,6600
1319,397,1,148,11,-1,99999,-1,-1,-3,-1,1,6600
1320,397,1,143,10,-1,99999,-1,-1,-3,-1,1,6600
1321,397,1,287,4,-1,99999,-1,-1,-3,-1,1,6600
1322,397,1,2129,2,-1,99999,-1,-1,-3,-1,1,6600
1323,397,1,70,10,-1,99999,-1,-1,-3,-1,1,6600
1324,397,1,80,8,-1,99999,-1,-1,-3,-1,1,6600
1325,397,1,196,5,-1,99999,-1,-1,-3,-1,1,6600
1326,397,1,10,12,-1,99999,-1,-1,-3,-1,1,6600
1327,397,1,948,2,-1,99999,-1,-1,-3,-1,1,6600
1328,397,1,69,4,-1,99999,-1,-1,-3,-1,1,6600
1329,398,1,293,6,-1,99999,-1,-1,-3,-1,1,6600
1330,398,1,9,8,-1,99999,-1,-1,-3,-1,1,6600
1331,399,1,78,11,-1,99999,-1,-1,-3,-1,1,6600
1332,399,1,93,7,-1,99999,-1,-1,-3,-1,1,6600
1333,400,1,2,2,-1,99999,-1,-1,-3,-1,1,6600
1334,400,1,1079,4,-1,99999,-1,-1,-3,-1,1,6600
1335,400,1,1392,4,-1,99999,-1,-1,-3,-1,1,6600
1336,400,1,126,8,-1,99999,-1,-1,-3,-1,1,6600
1337,401,1,3096,2,-1,99999,-1,-1,-3,-1,1,6600
1338,401,1,392,8,-1,99999,-1,-1,-3,-1,1,6600
1339,401,1,1256,2,-1,99999,-1,-1,-3,-1,1,6600
1340,401,1,3218,3,-1,99999,-1,-1,-3,-1,1,6600
1341,401,1,2957,2,-1,99999,-1,-1,-3,-1,1,6600
1342,401,1,445,8,-1,99999,-1,-1,-3,-1,1,6600
1343,402,1,47,7,-1,99999,-1,-1,-3,-1,1,6600
1344,402,1,4,3,-1,99999,-1,-1,-3,-1,1,6600
1345,402,1,104,6,-1,99999,-1,-1,-3,-1,1,6600
1346,402,1,307,7,-1,99999,-1,-1,-3,-1,1,6600
1347,402,1,10,6,-1,99999,-1,-1,-3,-1,1,6600
1348,403,1,103,8,-1,99999,-1,-1,-3,-1,1,6660
1349,403,1,1708,3,-1,99999,-1,-1,-3,-1,1,6660
1350,403,1,41,1,-1,99999,-1,-1,-3,-1,1,6660
1351,404,1,35,6,-1,99999,-1,-1,-3,-1,1,6660
1352,404,1,0,8,-1,99999,-1,-1,-3,-1,1,6660
1353,404,1,542,8,-1,99999,-1,-1,-3,-1,1,6660
1354,404,1,321,8,-1,99999,-1,-1,-3,-1,1,6660
1355,405,1,999,1,-1,99999,-1,-1,-3,-1,1,6660
1356,405,1,39,8,-1,99999,-1,-1,-3,-1,1,6660
1357,405,1,178,6,-1,99999,-1,-1,-3,-1,1,6660
1358,405,1,9,10,-1,99999,-1,-1,-3,-1,1,6660
1359,405,1,509,5,-1,99999,-1,-1,-3,-1,1,6660
1360,406,1,59,8,-1,99999,-1,-1,-3,-1,1,6660
1361,406,1,25,8,-1,99999,-1,-1,-3,-1,1,6660
1362,406,1,246,8,-1,99999,-1,-1,-3,-1,1,6660
1363,407,1,614,4,-1,99999,-1,-1,-3,-1,1,6720
1364,407,1,2151,2,-1,99999,-1,-1,-3,-1,1,6720
1365,408,1,1580,2,-1,99999,-1,-1,-3,-1,1,6720
1366,408,1,366,12,-1,99999,-1,-1,-3,-1,1,6720
1367,408,1,200,4,-1,99999,-1,-1,-3,-1,1,6720
1368,408,1,101,8,-1,99999,-1,-1,-3,-1,1,6720
1369,408,1,215,7,-1,99999,-1,-1,-3,-1,1,6720
1370,408,1,1810,2,-1,99999,-1,-1,-3,-1,1,6720
1371,409,1,49,4,-1,99999,-1,-1,-3,-1,1,6720
1372,409,1,119,11,-1,99999,-1,-1,-3,-1,1,6720
1373,410,1,301,6,-1,99999,-1,-1,-3,-1,1,6720
1374,410,1,1065,2,-1,99999,-1,-1,-3,-1,1,6720
1375,410,1,261,9,-1,99999,-1,-1,-3,-1,1,6720
1376,411,1,128,4,-1,99999,-1,-1,-3,-1,1,6720
1377,411,1,303,8,-1,99999,-1,-1,-3,-1,1,6720
1378,411,1,397,4,-1,99999,-1,-1,-3,-1,1,6720
1379,412,1,66,3,-1,99999,-1,-1,-3,-1,1,6780
1380,412,1,312,4,-1,99999,-1,-1,-3,-1,1,6780
1381,412,1,173,8,-1,99999,-1,-1,-3,-1,1,6780
1382,412,1,16,8,-1,99999,-1,-1,-3,-1,1,6780
1383,413,1,945,8,-1,99999,-1,-1,-3,-1,1,6780
1384,413,1,85,10,-1,99999,-1,-1,-3,-1,1,6780
1385,414,1,678,5,-1,99999,-1,-1,-3,-1,1,6780
1386,415,1,294,10,-1,99999,-1,-1,-3,-1,1,6840
1387,415,1,1902,3,-1,99999,-1,-1,-3,-1,1,6840
1388,415,1,161,2,-1,99999,-1,-1,-3,-1,1,6840
1389,415,1,8,6,-1,99999,-1,-1,-3,-1,1,6840
1390,415,1,157,12,-1,99999,-1,-1,-3,-1,1,6840
1391,415,1,1404,4,-1,99999,-1,-1,-3,-1,1,6840
1392,415,1,89,12,-1,99999,-1,-1,-3,-1,1,6840
1393,415,1,22,5,-1,99999,-1,-1,-3,-1,1,6840
1394,415,1,269,8,-1,99999,-1,-1,-3,-1,1,6840
1395,415,1,184,6,-1,99999,-1,-1,-3,-1,1,6840
1396,415,1,990,4,-1,99999,-1,-1,-3,-1,1,6840
1397,416,1,20,2,-1,99999,-1,-1,-3,-1,1,6840
1398,416,1,40,10,-1,99999,-1,-1,-3,-1,1,6840
1399,417,1,16,8,-1,99999,-1,-1,-3,-1,1,6900
1400,418,1,2435,3,-1,99999,-1,-1,-3,-1,1,6960
1401,419,1,585,6,-1,99999,-1,-1,-3,-1,1,6960
1402,420,1,1028,6,-1,99999,-1,-1,-3,-1,1,6960
1403,420,1,953,2,-1,99999,-1,-1,-3,-1,1,6960
1404,420,1,1766,3,-1,99999,-1,-1,-3,-1,1,6960
1405,421,1,334,3,-1,99999,-1,-1,-3,-1,1,6960
1406,421,1,85,12,-1,99999,-1,-1,-3,-1,1,6960
1407,422,1,81,6,-1,99999,-1,-1,-3,-1,1,6960
1408,422,1,230,10,-1,99999,-1,-1,-3,-1,1,6960
1409,422,1,90,2,-1,99999,-1,-1,-3,-1,1,6960
1410,422,1,63,4,-1,99999,-1,-1,-3,-1,1,6960
1411,422,1,101,6,-1,99999,-1,-1,-3,-1,1,6960
1412,422,1,789,5,-1,99999,-1,-1,-3,-1,1,6960
1413,422,1,1834,2,-1,99999,-1,-1,-3,-1,1,6960
1414,423,1,0,4,-1,99999,-1,-1,-3,-1,1,6960
1415,423,1,604,6,-1,99999,-1,-1,-3,-1,1,6960
1416,423,1,680,8,-1,99999,-1,-1,-3,-1,1,6960
1417,423,1,145,11,-1,99999,-1,-1,-3,-1,1,6960
1418,424,1,402,5,-1,99999,-1,-1,-3,-1,1,7020
1419,424,1,282,4,-1,99999,-1,-1,-3,-1,1,7020
1420,425,1,232,5,-1,99999,-1,-1,-3,-1,1,7020
1421,426,1,300,5,-1,99999,-1,-1,-3,-1,1,7080
1422,427,1,70,6,-1,99999,-1,-1,-3,-1,1,7080
1423,428,1,200,8,-1,99999,-1,-1,-3,-1,1,7080
1424,428,1,69,3,-1,99999,-1,-1,-3,-1,1,7080
1425,428,1,274,7,-1,99999,-1,-1,-3,-1,1,7080
1426,428,1,162,8,-1,99999,-1,-1,-3,-1,1,7080
1427,428,1,4,8,-1,99999,-1,-1,-3,-1,1,7080
1428,428,1,354,10,-1,99999,-1,-1,-3,-1,1,7080
1429,428,1,1750,2,-1,99999,-1,-1,-3,-1,1,7080
1430,428,1,35,9,-1,99999,-1,-1,-3,-1,1,7080
1431,429,1,26,8,-1,99999,-1,-1,-3,-1,1,7140
1432,430,1,290,6,-1,99999,-1,-1,-3,-1,1,7140
1433,430,1,2792,3,-1,99999,-1,-1,-3,-1,1,7140
1434,430,1,25,5,-1,99999,-1,-1,-3,-1,1,7140
1435,430,1,335,6,-1,99999,-1,-1,-3,-1,1,7140
1436,430,1,65,10,-1,99999,-1,-1,-3,-1,1,7140
1437,431,1,11,7,-1,99999,-1,-1,-3,-1,1,7200
1438,431,1,109,3,-1,99999,-1,-1,-3,-1,1,7200
1439,432,1,2545,2,-1,99999,-1,-1,-3,-1,1,7200
1440,433,1,3083,3,-1,99999,-1,-1,-3,-1,1,7200
1441,433,1,1,6,-1,99999,-1,-1,-3,-1,1,7200
1442,434,1,47,11,-1,99999,-1,-1,-3,-1,1,7260
1443,434,1,115,5,-1,99999,-1,-1,-3,-1,1,7260
1444,435,1,1376,9,-1,99999,-1,-1,-3,-1,1,7260
1445,436,1,57,4,-1,99999,-1,-1,-3,-1,1,7260
1446,436,1,1384,2,-1,99999,-1,-1,-3,-1,1,7260
1447,437,1,441,6,-1,99999,-1,-1,-3,-1,1,7320
1448,437,1,68,4,-1,99999,-1,-1,-3,-1,1,7320
1449,438,1,2,1,-1,99999,-1,-1,-3,-1,1,7320
1450,438,1,1803,3,-1,99999,-1,-1,-3,-1,1,7320
1451,439,1,684,9,-1,99999,-1,-1,-3,-1,1,7320
1452,439,1,224,7,-1,99999,-1,-1,-3,-1,1,7320
1453,439,1,457,6,-1,99999,-1,-1,-3,-1,1,7320
1454,439,1,102,12,-1,99999,-1,-1,-3,-1,1,7320
1455,439,1,873,2,-1,99999,-1,-1,-3,-1,1,7320
1456,439,1,620,8,-1,99999,-1,-1,-3,-1,1,7320
1457,440,1,751,6,-1,99999,-1,-1,-3,-1,1,7320
1458,440,1,132,12,-1,99999,-1,-1,-3,-1,1,7320
1459,440,1,775,9,-1,99999,-1,-1,-3,-1,1,7320
1460,440,1,105,6,-1,99999,-1,-1,-3,-1,1,7320
1461,441,1,1453,12,-1,99999,-1,-1,-3,-1,1,7320
1462,441,1,198,2,-1,99999,-1,-1,-3,-1,1,7320
1463,441,1,3087,4,-1,99999,-1,-1,-3,-1,1,7320
1464,442,1,37,3,-1,99999,-1,-1,-3,-1,1,7320
1465,443,1,833,3,-1,99999,-1,-1,-3,-1,1,7320
1466,444,1,405,10,-1,99999,-1,-1,-3,-1,1,7320
1467,444,1,1420,8,-1,99999,-1,-1,-3,-1,1,7320
1468,444,1,4,10,-1,99999,-1,-1,-3,-1,1,7320
1469,444,1,239,8,-1,99999,-1,-1,-3,-1,1,7320
1470,445,1,2004,2,-1,99999,-1,-1,-3,-1,1,7380
1471,445,1,2313,3,-1,99999,-1,-1,-3,-1,1,7380
1472,445,1,78,6,-1,99999,-1,-1,-3,-1,1,7380
1473,445,1,49,2,-1,99999,-1,-1,-3,-1,1,7380
1474,445,1,72,8,-1,99999,-1,-1,-3,-1,1,7380
1475,446,1,1827,4,-1,99999,-1,-1,-3,-1,1,7380
1476,447,1,244,8,-1,99999,-1,-1,-3,-1,1,7380
1477,447,1,2131,2,-1,99999,-1,-1,-3,-1,1,7380
1478,447,1,1265,1,-1,99999,-1,-1,-3,-1,1,7380
1479,447,1,443,7,-1,99999,-1,-1,-3,-1,1,7380
1480,447,1,41,10,-1,99999,-1,-1,-3,-1,1,7380
1481,447,1,62,6,-1,99999,-1,-1,-3,-1,1,7380
1482,447,1,46,10,-1,99999,-1,-1,-3,-1,1,7380
1483,447,1,1756,3,-1,99999,-1,-1,-3,-1,1,7380
1484,447,1,101,10,-1,99999,-1,-1,-3,-1,1,7380
1485,447,1,145,6,-1,99999,-1,-1,-3,-1,1,7380
1486,447,1,2484,2,-1,99999,-1,-1,-3,-1,1,7380
1487,448,1,246,2,-1,99999,-1,-1,-3,-1,1,7440
1488,449,1,61,9,-1,99999,-1,-1,-3,-1,1,7440
1489,450,1,2081,4,-1,99999,-1,-1,-3,-1,1,7500
1490,450,1,57,3,-1,99999,-1,-1,-3,-1,1,7500
1491,450,1,1221,3,-1,99999,-1,-1,-3,-1,1,7500
1492,450,1,395,3,-1,99999,-1,-1,-3,-1,1,7500
1493,450,1,31,10,-1,99999,-1,-1,-3,-1,1,7500
1494,450,1,1775,2,-1,99999,-1,-1,-3,-1,1,7500
1495,450,1,139,8,-1,99999,-1,-1,-3,-1,1,7500
1496,450,1,173,2,-1,99999,-1,-1,-3,-1,1,7500
1497,450,1,1617,5,-1,99999,-1,-1,-3,-1,1,7500
1498,450,1,538,4,-1,99999,-1,-1,-3,-1,1,7500
1499,450,1,1851,2,-1,99999,-1,-1,-3,-1,1,7500
1500,450,1,2100,3,-1,99999,-1,-1,-3,-1,1,7500
1501,450,1,455,4,-1,99999,-1,-1,-3,-1,1,7500
1502,450,1,276,7,-1,99999,-1,-1,-3,-1,1,7500
1503,451,1,1814,3,-1,99999,-1,-1,-3,-1,1,7560
1504,452,1,23,9,-1,99999,-1,-1,-3,-1,1,7620
1505,452,1,389,8,-1,99999,-1,-1,-3,-1,1,7620
1506,452,1,704,6,-1,99999,-1,-1,-3,-1,1,7620
1507,452,1,127,1,-1,99999,-1,-1,-3,-1,1,7620
1508,452,1,887,10,-1,99999,-1,-1,-3,-1,1,7620
1509,452,1,1,6,-1,99999,-1,-1,-3,-1,1,7620
1510,452,1,33,8,-1,99999,-1,-1,-3,-1,1,7620
1511,452,1,1983,2,-1,99999,-1,-1,-3,-1,1,7620
1512,452,1,300,3,-1,99999,-1,-1,-3,-1,1,7620
1513,453,1,46,8,-1,99999,-1,-1,-3,-1,1,7620
1514,453,1,929,7,-1,99999,-1,-1,-3,-1,1,7620
1515,453,1,330,6,-1,99999,-1,-1,-3,-1,1,7620
1516,453,1,196,3,-1,99999,-1,-1,-3,-1,1,7620
1517,454,1,251,10,-1,99999,-1,-1,-3,-1,1,7620
1518,454,1,564,9,-1,99999,-1,-1,-3,-1,1,7620
1519,454,1,723,3,-1,99999,-1,-1,-3,-1,1,7620
1520,455,1,2850,3,-1,99999,-1,-1,-3,-1,1,7620
1521,455,1,835,7,-1,99999,-1,-1,-3,-1,1,7620
1522,455,1,3163,2,-1,99999,-1,-1,-3,-1,1,7620
1523,455,1,78,6,-1,99999,-1,-1,-3,-1,1,7620
1524,455,1,407,7,-1,99999,-1,-1,-3,-1,1,7620
1525,456,1,1033,4,-1,99999,-1,-1,-3,-1,1,7680
1526,456,1,18,3,-1,99999,-1,-1,-3,-1,1,7680
1527,456,1,781,8,-1,99999,-1,-1,-3,-1,1,7680
1528,457,1,1281,4,-1,99999,-1,-1,-3,-1,1,7680
1529,457,1,70,8,-1,99999,-1,-1,-3,-1,1,7680
1530,457,1,3001,2,-1,99999,-1,-1,-3,-1,1,7680
1531,457,1,2373,2,-1,99999,-1,-1,-3,-1,1,7680
1532,458,1,11,3,-1,99999,-1,-1,-3,-1,1,7680
1533,459,1,627,3,-1,99999,-1,-1,-3,-1,1,7740
1534,460,1,40,3,-1,99999,-1,-1,-3,-1,1,7740
1535,460,1,196,8,-1,99999,-1,-1,-3,-1,1,7740
1536,461,1,3,11,-1,99999,-1,-1,-3,-1,1,7740
1537,461,1,144,4,-1,99999,-1,-1,-3,-1,1,7740
1538,462,1,975,7,-1,99999,-1,-1,-3,-1,1,7740
1539,463,1,428,2,-1,99999,-1,-1,-3,-1,1,7740
1540,463,1,1270,7,-1,99999,-1,-1,-3,-1,1,7740
1541,464,1,1570,4,-1,99999,-1,-1,-3,-1,1,7860
1542,464,1,113,7,-1,99999,-1,-1,-3,-1,1,7860
1543,464,1,83,10,-1,99999,-1,-1,-3,-1,1,7860
1544,464,1,2432,1,-1,99999,-1,-1,-3,-1,1,7860
1545,465,1,290,4,-1,99999,-1,-1,-3,-1,1,7860
1546,466,1,569,2,-1,99999,-1,-1,-3,-1,1,7860
1547,466,1,64,12,-1,99999,-1,-1,-3,-1,1,7860
1548,466,1,221,4,-1,99999,-1,-1,-3,-1,1,7860
1549,467,1,912,10,-1,99999,-1,-1,-3,-1,1,7920
1550,467,1,76,8,-1,99999,-1,-1,-3,-1,1,7920
1551,467,1,345,6,-1,99999,-1,-1,-3,-1,1,7920
1552,467,1,14,10,-1,99999,-1,-1,-3,-1,1,7920
1553,467,1,228,1,-1,99999,-1,-1,-3,-1,1,7920
1554,467,1,25,7,-1,99999,-1,-1,-3,-1,1,7920
1555,467,1,9,7,-1,99999,-1,-1,-3,-1,1,7920
1556,468,1,103,4,-1,99999,-1,-1,-3,-1,1,7920
1557,468,1,131,5,-1,99999,-1,-1,-3,-1,1,7920
1558,468,1,494,6,-1,99999,-1,-1,-3,-1,1,7920
1559,469,1,72,4,-1,99999,-1,-1,-3,-1,1,7920
1560,469,1,1706,3,-1,99999,-1,-1,-3,-1,1,7920
1561,469,1,581,12,-1,99999,-1,-1,-3,-1,1,7920
1562,470,1,200,4,-1,99999,-1,-1,-3,-1,1,7980
1563,471,1,81,8,-1,99999,-1,-1,-3,-1,1,7980
1564,471,1,106,4,-1,99999,-1,-1,-3,-1,1,7980
1565,471,1,48,10,-1,99999,-1,-1,-3,-1,1,7980
1566,471,1,564,5,-1,99999,-1,-1,-3,-1,1,7980
1567,471,1,457,12,-1,99999,-1,-1,-3,-1,1,7980
1568,471,1,2491,3,-1,99999,-1,-1,-3,-1,1,7980
1569,472,1,598,8,-1,99999,-1,-1,-3,-1,1,7980
1570,473,1,180,10,-1,99999,-1,-1,-3,-1,1,7980
1571,474,1,336,10,-1,99999,-1,-1,-3,-1,1,7980
1572,474,1,107,7,-1,99999,-1,-1,-3,-1,1,7980
1573,474,1,359,6,-1,99999,-1,-1,-3,-1,1,7980
1574,475,1,2892,2,-1,99999,-1,-1,-3,-1,1,7980
1575,475,1,1061,10,-1,99999,-1,-1,-3,-1,1,7980
1576,475,1,26,3,-1,99999,-1,-1,-3,-1,1,7980
1577,475,1,911,12,-1,99999,-1,-1,-3,-1,1,7980
1578,475,1,259,11,-1,99999,-1,-1,-3,-1,1,7980
1579,475,1,93,5,-1,99999,-1,-1,-3,-1,1,7980
1580,475,1,462,10,-1,99999,-1,-1,-3,-1,1,7980
1581,475,1,2228,4,-1,99999,-1,-1,-3,-1,1,7980
1582,476,1,10,9,-1,99999,-1,-1,-3,-1,1,7980
1583,477,1,182,6,-1,99999,-1,-1,-3,-1,1,8040
1584,478,1,410,4,-1,99999,-1,-1,-3,-1,1,8040
1585,478,1,44,3,-1,99999,-1,-1,-3,-1,1,8040
1586,479,1,372,6,-1,99999,-1,-1,-3,-1,1,8040
1587,480,1,1332,2,-1,99999,-1,-1,-3,-1,1,8040
1588,480,1,1403,3,-1,99999,-1,-1,-3,-1,1,8040
1589,480,1,1,8,-1,99999,-1,-1,-3,-1,1,8040
1590,481,1,177,2,-1,99999,-1,-1,-3,-1,1,8040
1591,481,1,256,8,-1,99999,-1,-1,-3,-1,1,8040
1592,481,1,2346,1,-1,99999,-1,-1,-3,-1,1,8040
1593,482,1,501,3,-1,99999,-1,-1,-3,-1,1,8040
1594,482,1,419,3,-1,99999,-1,-1,-3,-1,1,8040
1595,482,1,74,9,-1,99999,-1,-1,-3,-1,1,8040
1596,482,1,120,2,-1,99999,-1,-1,-3,-1,1,8040
1597,483,1,12,8,-1,99999,-1,-1,-3,-1,1,8100
1598,483,1,261,5,-1,99999,-1,-1,-3,-1,1,8100
1599,483,1,2012,2,-1,99999,-1,-1,-3,-1,1,8100
1600,484,1,799,6,-1,99999,-1,-1,-3,-1,1,8100
1601,484,1,2232,3,-1,99999,-1,-1,-3,-1,1,8100
1602,484,1,778,6,-1,99999,-1,-1,-3,-1,1,8100
1603,485,1,39,4,-1,99999,-1,-1,-3,-1,1,8100
1604,486,1,82,7,-1,99999,-1,-1,-3,-1,1,8160
1605,486,1,27,7,-1,99999,-1,-1,-3,-1,1,8160
1606,486,1,54,3,-1,99999,-1,-1,-3,-1,1,8160
1607,486,1,2243,2,-1,99999,-1,-1,-3,-1,1,8160
1608,487,1,728,11,-1,99999,-1,-1,-3,-1,1,8160
1609,487,1,792,4,-1,99999,-1,-1,-3,-1,1,8160
1610,487,1,660,4,-1,99999,-1,-1,-3,-1,1,8160
1611,488,1,2551,4,-1,99999,-1,-1,-3,-1,1,8160
1612,488,1,292,6,-1,99999,-1,-1,-3,-1,1,8160
1613,488,1,76,8,-1,99999,-1,-1,-3,-1,1,8160
1614,488,1,260,6,-1,99999,-1,-1,-3,-1,1,8160
1615,488,1,165,3,-1,99999,-1,-1,-3,-1,1,8160
1616,489,1,2,8,-1,99999,-1,-1,-3,-1,1,8220
1617,489,1,831,9,-1,99999,-1,-1,-3,-1,1,8220
1618,489,1,2062,2,-1,99999,-1,-1,-3,-1,1,8220
1619,489,1,229,6,-1,99999,-1,-1,-3,-1,1,8220
1620,489,1,66,8,-1,99999,-1,-1,-3,-1,1,8220
1621,490,1,1008,8,-1,99999,-1,-1,-3,-1,1,8220
1622,490,1,1453,11,-1,99999,-1,-1,-3,-1,1,8220
1623,491,1,1,7,-1,99999,-1,-1,-3,-1,1,8280
1624,491,1,379,4,-1,99999,-1,-1,-3,-1,1,8280
1625,491,1,973,4,-1,99999,-1,-1,-3,-1,1,8280
1626,491,1,190,8,-1,99999,-1,-1,-3,-1,1,8280
1627,491,1,859,4,-1,99999,-1,-1,-3,-1,1,8280
1628,492,1,104,2,-1,99999,-1,-1,-3,-1,1,8280
1629,492,1,555,6,-1,99999,-1,-1,-3,-1,1,8280
1630,492,1,520,5,-1,99999,-1,-1,-3,-1,1,8280
1631,492,1,2643,1,-1,99999,-1,-1,-3,-1,1,8280
1632,492,1,128,11,-1,99999,-1,-1,-3,-1,1,8280
1633,492,1,496,9,-1,99999,-1,-1,-3,-1,1,8280
1634,492,1,1231,6,-1,99999,-1,-1,-3,-1,1,8280
1635,492,1,1789,1,-1,99999,-1,-1,-3,-1,1,8280
1636,492,1,25,7,-1,99999,-1,-1,-3,-1,1,8280
1637,493,1,88,8,-1,99999,-1,-1,-3,-1,1,8280
1638,494,1,180,6,-1,99999,-1,-1,-3,-1,1,8280
1639,495,1,1,5,-1,99999,-1,-1,-3,-1,1,8280
1640,496,1,262,3,-1,99999,-1,-1,-3,-1,1,8280
1641,496,1,3058,3,-1,99999,-1,-1,-3,-1,1,8280
1642,496,1,10,4,-1,99999,-1,-1,-3,-1,1,8280
1643,497,1,176,11,-1,99999,-1,-1,-3,-1,1,8340
1644,497,1,1153,2,-1,99999,-1,-1,-3,-1,1,8340
1645,498,1,2249,4,-1,99999,-1,-1,-3,-1,1,8400
1646,498,1,2299,2,-1,99999,-1,-1,-3,-1,1,8400
1647,498,1,131,2,-1,99999,-1,-1,-3,-1,1,8400
1648,499,1,984,2,-1,99999,-1,-1,-3,-1,1,8400
1649,499,1,287,6,-1,99999,-1,-1,-3,-1,1,8400
1650,500,1,88,1,-1,99999,-1,-1,-3,-1,1,8400
1651,500,1,419,4,-1,99999,-1,-1,-3,-1,1,8400
1652,500,1,1308,4,-1,99999,-1,-1,-3,-1,1,8400
1653,501,1,358,11,-1,99999,-1,-1,-3,-1,1,8400
1654,501,1,685,10,-1,99999,-1,-1,-3,-1,1,8400
1655,502,1,422,10,-1,99999,-1,-1,-3,-1,1,8400
1656,502,1,155,6,-1,99999,-1,-1,-3,-1,1,8400
1657,502,1,108,8,-1,99999,-1,-1,-3,-1,1,8400
1658,502,1,228,8,-1,99999,-1,-1,-3,-1,1,8400
1659,502,1,1231,9,-1,99999,-1,-1,-3,-1,1,8400
1660,502,1,1737,2,-1,99999,-1,-1,-3,-1,1,8400
1661,502,1,339,6,-1,99999,-1,-1,-3,-1,1,8400
1662,502,1,1189,9,-1,99999,-1,-1,-3,-1,1,8400
1663,502,1,808,11,-1,99999,-1,-1,-3,-1,1,8400
1664,502,1,173,9,-1,99999,-1,-1,-3,-1,1,8400
1665,502,1,499,2,-1,99999,-1,-1,-3,-1,1,8400
1666,502,1,265,1,-1,99999,-1,-1,-3,-1,1,8400
1667,502,1,1375,10,-1,99999,-1,-1,-3,-1,1,8400
1668,502,1,141,10,-1,99999,-1,-1,-3,-1,1,8400
1669,503,1,938,12,-1,99999,-1,-1,-3,-1,1,8460
1670,503,1,668,8,-1,99999,-1,-1,-3,-1,1,8460
1671,503,1,26,6,-1,99999,-1,-1,-3,-1,1,8460
1672,503,1,862,5,-1,99999,-1,-1,-3,-1,1,8460
1673,503,1,334,7,-1,99999,-1,-1,-3,-1,1,8460
1674,504,1,28,4,-1,99999,-1,-1,-3,-1,1,8460
1675,505,1,535,7,-1,99999,-1,-1,-3,-1,1,8460
1676,505,1,56,12,-1,99999,-1,-1,-3,-1,1,8460
1677,506,1,207,6,-1,99999,-1,-1,-3,-1,1,8520
1678,507,1,2237,2,-1,99999,-1,-1,-3,-1,1,8520
1679,508,1,2250,3,-1,99999,-1,-1,-3,-1,1,8520
1680,508,1,179,10,-1,99999,-1,-1,-3,-1,1,8520
1681,508,1,1732,2,-1,99999,-1,-1,-3,-1,1,8520
1682,508,1,220,8,-1,99999,-1,-1,-3,-1,1,8520
1683,509,1,43,2,-1,99999,-1,-1,-3,-1,1,8520
1684,510,1,120,4,-1,99999,-1,-1,-3,-1,1,8520
1685,510,1,571,3,-1,99999,-1,-1,-3,-1,1,8520
1686,510,1,1328,6,-1,99999,-1,-1,-3,-1,1,8520
1687,511,1,1417,4,-1,99999,-1,-1,-3,-1,1,8580
1688,511,1,61,4,-1,99999,-1,-1,-3,-1,1,8580
1689,511,1,83,6,-1,99999,-1,-1,-3,-1,1,8580
1690,511,1,271,8,-1,99999,-1,-1,-3,-1,1,8580
1691,512,1,3,7,-1,99999,-1,-1,-3,-1,1,8580
1692,512,1,793,4,-1,99999,-1,-1,-3,-1,1,8580
1693,512,1,3016,2,-1,99999,-1,-1,-3,-1,1,8580
1694,512,1,729,10,-1,99999,-1,-1,-3,-1,1,8580
1695,513,1,2783,2,-1,99999,-1,-1,-3,-1,1,8580
1696,513,1,3,3,-1,99999,-1,-1,-3,-1,1,8580
1697,513,1,1154,5,-1,99999,-1,-1,-3,-1,1,8580
1698,513,1,15,10,-1,99999,-1,-1,-3,-1,1,8580
1699,513,1,496,3,-1,99999,-1,-1,-3,-1,1,8580
1700,513,1,101,5,-1,99999,-1,-1,-3,-1,1,8580
1701,513,1,196,7,-1,99999,-1,-1,-3,-1,1,8580
1702,513,1,25,8,-1,99999,-1,-1,-3,-1,1,8580
1703,514,1,39,11,-1,99999,-1,-1,-3,-1,1,8640
1704,515,1,50,6,-1,99999,-1,-1,-3,-1,1,8640
1705,515,1,9,5,-1,99999,-1,-1,-3,-1,1,8640
1706,515,1,1854,3,-1,99999,-1,-1,-3,-1,1,8640
1707,515,1,2650,2,-1,99999,-1,-1,-3,-1,1,8640
1708,515,1,752,6,-1,99999,-1,-1,-3,-1,1,8640
1709,515,1,199,7,-1,99999,-1,-1,-3,-1,1,8640
1710,516,1,590,2,-1,99999,-1,-1,-3,-1,1,8640
1711,516,1,192,10,-1,99999,-1,-1,-3,-1,1,8640
1712,516,1,143,4,-1,99999,-1,-1,-3,-1,1,8640
1713,516,1,94,8,-1,99999,-1,-1,-3,-1,1,8640
1714,517,1,2,2,-1,99999,-1,-1,-3,-1,1,8640
1715,517,1,9,12,-1,99999,-1,-1,-3,-1,1,8640
1716,517,1,239,9,-1,99999,-1,-1,-3,-1,1,8640
1717,518,1,594,6,-1,99999,-1,-1,-3,-1,1,8640
1718,518,1,111,1,-1,99999,-1,-1,-3,-1,1,8640
1719,518,1,1563,4,-1,99999,-1,-1,-3,-1,1,8640
1720,518,1,1130,8,-1,99999,-1,-1,-3,-1,1,8640
1721,519,1,1091,4,-1,99999,-1,-1,-3,-1,1,8700
1722,519,1,109,5,-1,99999,-1,-1,-3,-1,1,8700
1723,519,1,5,8,-1,99999,-1,-1,-3,-1,1,8700
1724,519,1,57,11,-1,99999,-1,-1,-3,-1,1,8700
1725,519,1,46,3,-1,99999,-1,-1,-3,-1,1,8700
1726,519,1,683,5,-1,99999,-1,-1,-3,-1,1,8700
1727,519,1,6,2,-1,99999,-1,-1,-3,-1,1,8700
1728,519,1,309,2,-1,99999,-1,-1,-3,-1,1,8700
1729,519,1,236,9,-1,99999,-1,-1,-3,-1,1,8700
1730,519,1,200,10,-1,99999,-1,-1,-3,-1,1,8700
1731,520,1,573,10,-1,99999,-1,-1,-3,-1,1,8700
1732,520,1,1472,6,-1,99999,-1,-1,-3,-1,1,8700
1733,521,1,492,6,-1,99999,-1,-1,-3,-1,1,8700
1734,521,1,148,7,-1,99999,-1,-1,-3,-1,1,8700
1735,521,1,12,4,-1,99999,-1,-1,-3,-1,1,8700
1736,522,1,581,8,-1,99999,-1,-1,-3,-1,1,8700
1737,522,1,310,6,-1,99999,-1,-1,-3,-1,1,8700
1738,523,1,653,8,-1,99999,-1,-1,-3,-1,1,8700
1739,524,1,192,6,-1,99999,-1,-1,-3,-1,1,8700
1740,524,1,414,8,-1,99999,-1,-1,-3,-1,1,8700
1741,525,1,330,8,-1,99999,-1,-1,-3,-1,1,8760
1742,525,1,2000,2,-1,99999,-1,-1,-3,-1,1,8760
1743,525,1,1638,1,-1,99999,-1,-1,-3,-1,1,8760
1744,525,1,184,9,-1,99999,-1,-1,-3,-1,1,8760
1745,526,1,38,9,-1,99999,-1,-1,-3,-1,1,8760
1746,527,1,1863,3,-1,99999,-1,-1,-3,-1,1,8760
1747,528,1,313,2,-1,99999,-1,-1,-3,-1,1,8760
1748,528,1,954,3,-1,99999,-1,-1,-3,-1,1,8760
1749,528,1,645,7,-1,99999,-1,-1,-3,-1,1,8760
1750,529,1,13,3,-1,99999,-1,-1,-3,-1,1,8760
1751,529,1,1002,10,-1,99999,-1,-1,-3,-1,1,8760
1752,529,1,2931,4,-1,99999,-1,-1,-3,-1,1,8760
1753,530,1,195,7,-1,99999,-1,-1,-3,-1,1,8820
1754,531,1,1494,2,-1,99999,-1,-1,-3,-1,1,8820
1755,532,1,60,5,-1,99999,-1,-1,-3,-1,1,8820
1756,532,1,996,6,-1,99999,-1,-1,-3,-1,1,8820
1757,532,1,1370,6,-1,99999,-1,-1,-3,-1,1,8820
1758,532,1,186,9,-1,99999,-1,-1,-3,-1,1,8820
1759,532,1,1698,1,-1,99999,-1,-1,-3,-1,1,8820
1760,532,1,151,9,-1,99999,-1,-1,-3,-1,1,8820
1761,532,1,226,8,-1,99999,-1,-1,-3,-1,1,8820
1762,532,1,197,3,-1,99999,-1,-1,-3,-1,1,8820
1763,532,1,66,10,-1,99999,-1,-1,-3,-1,1,8820
1764,532,1,25,7,-1,99999,-1,-1,-3,-1,1,8820
1765,532,1,1496,3,-1,99999,-1,-1,-3,-1,1,8820
1766,532,1,619,2,-1,99999,-1,-1,-3,-1,1,8820
1767,532,1,57,9,-1,99999,-1,-1,-3,-1,1,8820
1768,532,1,15,5,-1,99999,-1,-1,-3,-1,1,8820
1769,532,1,2346,2,-1,99999,-1,-1,-3,-1,1,8820
1770,532,1,353,6,-1,99999,-1,-1,-3,-1,1,8820
1771,532,1,195,6,-1,99999,-1,-1,-3,-1,1,8820
1772,532,1,397,12,-1,99999,-1,-1,-3,-1,1,8820
1773,532,1,390,8,-1,99999,-1,-1,-3,-1,1,8820
1774,533,1,590,6,-1,99999,-1,-1,-3,-1,1,8820
1775,533,1,2973,2,-1,99999,-1,-1,-3,-1,1,8820
1776,533,1,1217,8,-1,99999,-1,-1,-3,-1,1,8820
1777,533,1,1410,6,-1,99999,-1,-1,-3,-1,1,8820
1778,533,1,1320,8,-1,99999,-1,-1,-3,-1,1,8820
1779,533,1,551,8,-1,99999,-1,-1,-3,-1,1,8820
1780,533,1,180,12,-1,99999,-1,-1,-3,-1,1,8820
1781,533,1,696,1,-1,99999,-1,-1,-3,-1,1,8820
1782,534,1,521,7,-1,99999,-1,-1,-3,-1,1,8820
1783,534,1,517,7,-1,99999,-1,-1,-3,-1,1,8820
1784,534,1,567,5,-1,99999,-1,-1,-3,-1,1,8820
1785,535,1,281,12,-1,99999,-1,-1,-3,-1,1,8880
1786,535,1,912,9,-1,99999,-1,-1,-3,-1,1,8880
1787,536,1,827,6,-1,99999,-1,-1,-3,-1,1,8880
1788,537,1,109,8,-1,99999,-1,-1,-3,-1,1,8880
1789,538,1,126,8,-1,99999,-1,-1,-3,-1,1,8880
1790,539,1,17,7,-1,99999,-1,-1,-3,-1,1,8880
1791,539,1,529,11,-1,99999,-1,-1,-3,-1,1,8880
1792,540,1,873,12,-1,99999,-1,-1,-3,-1,1,8940
1793,540,1,48,6,-1,99999,-1,-1,-3,-1,1,8940
1794,540,1,859,3,-1,99999,-1,-1,-3,-1,1,8940
1795,540,1,240,7,-1,99999,-1,-1,-3,-1,1,8940
1796,540,1,63,2,-1,99999,-1,-1,-3,-1,1,8940
1797,541,1,553,6,-1,99999,-1,-1,-3,-1,1,9000
1798,541,1,1515,6,-1,99999,-1,-1,-3,-1,1,9000
1799,541,1,55,9,-1,99999,-1,-1,-3,-1,1,9000
1800,541,1,1763,4,-1,99999,-1,-1,-3,-1,1,9000
1801,541,1,1461,2,-1,99999,-1,-1,-3,-1,1,9000
1802,542,1,356,6,-1,99999,-1,-1,-3,-1,1,9000
1803,542,1,894,6,-1,99999,-1,-1,-3,-1,1,9000
1804,542,1,2756,4,-1,99999,-1,-1,-3,-1,1,9000
1805,542,1,387,5,-1,99999,-1,-1,-3,-1,1,9000
1806,542,1,1062,6,-1,99999,-1,-1,-3,-1,1,9000
1807,542,1,1709,2,-1,99999,-1,-1,-3,-1,1,9000
1808,542,1,43,1,-1,99999,-1,-1,-3,-1,1,9000
1809,542,1,72,4,-1,99999,-1,-1,-3,-1,1,9000
1810,542,1,1040,10,-1,99999,-1,-1,-3,-1,1,9000
1811,543,1,303,4,-1,99999,-1,-1,-3,-1,1,9000
1812,543,1,834,8,-1,99999,-1,-1,-3,-1,1,9000
1813,543,1,849,5,-1,99999,-1,-1,-3,-1,1,9000
1814,543,1,309,2,-1,99999,-1,-1,-3,-1,1,9000
1815,543,1,333,1,-1,99999,-1,-1,-3,-1,1,9000
1816,544,1,849,6,-1,99999,-1,-1,-3,-1,1,9060
1817,544,1,8,8,-1,99999,-1,-1,-3,-1,1,9060
1818,545,1,1247,3,-1,99999,-1,-1,-3,-1,1,9060
1819,545,1,349,4,-1,99999,-1,-1,-3,-1,1,9060
1820,545,1,433,2,-1,99999,-1,-1,-3,-1,1,9060
1821,546,1,211,12,-1,99999,-1,-1,-3,-1,1,9120
1822,547,1,221,9,-1,99999,-1,-1,-3,-1,1,9120
1823,547,1,992,8,-1,99999,-1,-1,-3,-1,1,9120
1824,547,1,10,1,-1,99999,-1,-1,-3,-1,1,9120
1825,547,1,1021,4,-1,99999,-1,-1,-3,-1,1,9120
1826,547,1,16,6,-1,99999,-1,-1,-3,-1,1,9120
1827,547,1,1,6,-1,99999,-1,-1,-3,-1,1,9120
1828,547,1,12,8,-1,99999,-1,-1,-3,-1,1,9120
1829,548,1,69,3,-1,99999,-1,-1,-3,-1,1,9120
1830,548,1,530,7,-1,99999,-1,-1,-3,-1,1,9120
1831,548,1,281,4,-1,99999,-1,-1,-3,-1,1,9120
1832,548,1,2492,4,-1,99999,-1,-1,-3,-1,1,9120
1833,548,1,159,7,-1,99999,-1,-1,-3,-1,1,9120
1834,548,1,8,10,-1,99999,-1,-1,-3,-1,1,9120
1835,548,1,676,3,-1,99999,-1,-1,-3,-1,1,9120
1836,549,1,8,4,-1,99999,-1,-1,-3,-1,1,9120
1837,549,1,25,6,-1,99999,-1,-1,-3,-1,1,9120
1838,549,1,699,10,-1,99999,-1,-1,-3,-1,1,9120
1839,549,1,1852,2,-1,99999,-1,-1,-3,-1,1,9120
1840,549,1,84,8,-1,99999,-1,-1,-3,-1,1,9120
1841,549,1,314,6,-1,99999,-1,-1,-3,-1,1,9120
1842,549,1,16,8,-1,99999,-1,-1,-3,-1,1,9120
1843,549,1,104,10,-1,99999,-1,-1,-3,-1,1,9120
1844,549,1,1470,2,-1,99999,-1,-1,-3,-1,1,9120
1845,549,1,251,5,-1,99999,-1,-1,-3,-1,1,9120
1846,549,1,1052,4,-1,99999,-1,-1,-3,-1,1,9120
1847,549,1,1816,4,-1,99999,-1,-1,-3,-1,1,9120
1848,549,1,32,3,-1,99999,-1,-1,-3,-1,1,9120
1849,550,1,180,8,-1,99999,-1,-1,-3,-1,1,9120
1850,550,1,844,9,-1,99999,-1,-1,-3,-1,1,9120
1851,550,1,1448,2,-1,99999,-1,-1,-3,-1,1,9120
1852,550,1,125,5,-1,99999,-1,-1,-3,-1,1,9120
1853,550,1,1724,10,-1,99999,-1,-1,-3,-1,1,9120
1854,551,1,1692,3,-1,99999,-1,-1,-3,-1,1,9180
1855,551,1,549,7,-1,99999,-1,-1,-3,-1,1,9180
1856,551,1,39,4,-1,99999,-1,-1,-3,-1,1,9180
1857,552,1,183,8,-1,99999,-1,-1,-3,-1,1,9180
1858,553,1,1325,6,-1,99999,-1,-1,-3,-1,1,9240
1859,553,1,360,6,-1,99999,-1,-1,-3,-1,1,9240
1860,554,1,672,2,-1,99999,-1,-1,-3,-1,1,9240
1861,554,1,2072,2,-1,99999,-1,-1,-3,-1,1,9240
1862,555,1,706,9,-1,99999,-1,-1,-3,-1,1,9300
1863,555,1,1767,10,-1,99999,-1,-1,-3,-1,1,9300
1864,556,1,799,11,-1,99999,-1,-1,-3,-1,1,9300
1865,556,1,2141,4,-1,99999,-1,-1,-3,-1,1,9300
1866,556,1,240,8,-1,99999,-1,-1,-3,-1,1,9300
1867,556,1,40,2,-1,99999,-1,-1,-3,-1,1,9300
1868,557,1,488,9,-1,99999,-1,-1,-3,-1,1,9300
1869,557,1,977,8,-1,99999,-1,-1,-3,-1,1,9300
1870,558,1,167,4,-1,99999,-1,-1,-3,-1,1,9300
1871,558,1,364,10,-1,99999,-1,-1,-3,-1,1,9300
1872,558,1,163,7,-1,99999,-1,-1,-3,-1,1,9300
1873,558,1,199,6,-1,99999,-1,-1,-3,-1,1,9300
1874,558,1,2000,2,-1,99999,-1,-1,-3,-1,1,9300
1875,558,1,1018,4,-1,99999,-1,-1,-3,-1,1,9300
1876,558,1,390,3,-1,99999,-1,-1,-3,-1,1,9300
1877,558,1,563,4,-1,99999,-1,-1,-3,-1,1,9300
1878,558,1,2541,2,-1,99999,-1,-1,-3,-1,1,9300
1879,558,1,57,4,-1,99999,-1,-1,-3,-1,1,9300
1880,558,1,436,2,-1,99999,-1,-1,-3,-1,1,9300
1881,559,1,129,7,-1,99999,-1,-1,-3,-1,1,9360
1882,559,1,33,11,-1,99999,-1,-1,-3,-1,1,9360
1883,559,1,1942,4,-1,99999,-1,-1,-3,-1,1,9360
1884,559,1,202,11,-1,99999,-1,-1,-3,-1,1,9360
1885,559,1,377,10,-1,99999,-1,-1,-3,-1,1,9360
1886,559,1,3249,3,-1,99999,-1,-1,-3,-1,1,9360
1887,560,1,74,6,-1,99999,-1,-1,-3,-1,1,9360
1888,561,1,1737,1,-1,99999,-1,-1,-3,-1,1,9360
1889,561,1,157,9,-1,99999,-1,-1,-3,-1,1,9360
1890,561,1,37,11,-1,99999,-1,-1,-3,-1,1,9360
1891,561,1,3048,4,-1,99999,-1,-1,-3,-1,1,9360
1892,561,1,494,10,-1,99999,-1,-1,-3,-1,1,9360
1893,561,1,439,6,-1,99999,-1,-1,-3,-1,1,9360
1894,561,1,788,3,-1,99999,-1,-1,-3,-1,1,9360
1895,561,1,831,10,-1,99999,-1,-1,-3,-1,1,9360
1896,562,1,207,10,-1,99999,-1,-1,-3,-1,1,9360
1897,562,1,5,10,-1,99999,-1,-1,-3,-1,1,9360
1898,563,1,19,2,-1,99999,-1,-1,-3,-1,1,9420
1899,563,1,1338,10,-1,99999,-1,-1,-3,-1,1,9420
1900,563,1,944,2,-1,99999,-1,-1,-3,-1,1,9420
1901,563,1,1228,2,-1,99999,-1,-1,-3,-1,1,9420
1902,564,1,240,4,-1,99999,-1,-1,-3,-1,1,9420
1903,564,1,2135,2,-1,99999,-1,-1,-3,-1,1,9420
1904,564,1,6,5,-1,99999,-1,-1,-3,-1,1,9420
1905,564,1,88,8,-1,99999,-1,-1,-3,-1,1,9420
1906,564,1,678,4,-1,99999,-1,-1,-3,-1,1,9420
1907,564,1,1312,2,-1,99999,-1,-1,-3,-1,1,9420
1908,565,1,238,5,-1,99999,-1,-1,-3,-1,1,9420
1909,565,1,10,6,-1,99999,-1,-1,-3,-1,1,9420
1910,565,1,1033,7,-1,99999,-1,-1,-3,-1,1,9420
1911,565,1,1371,9,-1,99999,-1,-1,-3,-1,1,9420
1912,566,1,1011,10,-1,99999,-1,-1,-3,-1,1,9420
1913,566,1,123,6,-1,99999,-1,-1,-3,-1,1,9420
1914,566,1,2458,3,-1,99999,-1,-1,-3,-1,1,9420
1915,567,1,68,8,-1,99999,-1,-1,-3,-1,1,9420
1916,567,1,10,6,-1,99999,-1,-1,-3,-1,1,9420
1917,567,1,410,4,-1,99999,-1,-1,-3,-1,1,9420
1918,568,1,1170,6,-1,99999,-1,-1,-3,-1,1,9420
1919,569,1,116,3,-1,99999,-1,-1,-3,-1,1,9420
1920,569,1,1928,2,-1,99999,-1,-1,-3,-1,1,9420
1921,569,1,604,4,-1,99999,-1,-1,-3,-1,1,9420
1922,570,1,97,7,-1,99999,-1,-1,-3,-1,1,9420
1923,570,1,37,12,-1,99999,-1,-1,-3,-1,1,9420
1924,571,1,2322,2,-1,99999,-1,-1,-3,-1,1,9480
1925,571,1,627,2,-1,99999,-1,-1,-3,-1,1,9480
1926,571,1,2393,1,-1,99999,-1,-1,-3,-1,1,9480
1927,571,1,7,10,-1,99999,-1,-1,-3,-1,1,9480
1928,571,1,9,5,-1,99999,-1,-1,-3,-1,1,9480
1929,571,1,2073,2,-1,99999,-1,-1,-3,-1,1,9480
1930,571,1,29,6,-1,99999,-1,-1,-3,-1,1,9480
1931,571,1,155,5,-1,99999,-1,-1,-3,-1,1,9480
1932,571,1,876,4,-1,99999,-1,-1,-3,-1,1,9480
1933,572,1,222,6,-1,99999,-1,-1,-3,-1,1,9540
1934,573,1,46,7,-1,99999,-1,-1,-3,-1,1,9540
1935,573,1,29,5,-1,99999,-1,-1,-3,-1,1,9540
1936,573,1,113,11,-1,99999,-1,-1,-3,-1,1,9540
1937,573,1,1207,4,-1,99999,-1,-1,-3,-1,1,9540
1938,573,1,1494,2,-1,99999,-1,-1,-3,-1,1,9540
1939,573,1,652,5,-1,99999,-1,-1,-3,-1,1,9540
1940,573,1,41,8,-1,99999,-1,-1,-3,-1,1,9540
1941,573,1,2837,1,-1,99999,-1,-1,-3,-1,1,9540
1942,573,1,134,7,-1,99999,-1,-1,-3,-1,1,9540
1943,573,1,167,11,-1,99999,-1,-1,-3,-1,1,9540
1944,573,1,276,10,-1,99999,-1,-1,-3,-1,1,9540
1945,573,1,800,4,-1,99999,-1,-1,-3,-1,1,9540
1946,573,1,48,8,-1,99999,-1,-1,-3,-1,1,9540
1947,573,1,71,7,-1,99999,-1,-1,-3,-1,1,9540
1948,574,1,12,3,-1,99999,-1,-1,-3,-1,1,9540
1949,574,1,38,2,-1,99999,-1,-1,-3,-1,1,9540
1950,575,1,1550,3,-1,99999,-1,-1,-3,-1,1,9600
1951,575,1,3143,3,-1,99999,-1,-1,-3,-1,1,9600
1952,575,1,250,4,-1,99999,-1,-1,-3,-1,1,9600
1953,576,1,97,2,-1,99999,-1,-1,-3,-1,1,9660
1954,577,1,109,12,-1,99999,-1,-1,-3,-1,1,9660
1955,577,1,2664,4,-1,99999,-1,-1,-3,-1,1,9660
1956,577,1,469,8,-1,99999,-1,-1,-3,-1,1,9660
1957,577,1,465,6,-1,99999,-1,-1,-3,-1,1,9660
1958,577,1,159,9,-1,99999,-1,-1,-3,-1,1,9660
1959,577,1,3101,2,-1,99999,-1,-1,-3,-1,1,9660
1960,577,1,233,11,-1,99999,-1,-1,-3,-1,1,9660
1961,578,1,367,3,-1,99999,-1,-1,-3,-1,1,9660
1962,579,1,20,8,-1,99999,-1,-1,-3,-1,1,9660
1963,579,1,41,4,-1,99999,-1,-1,-3,-1,1,9660
1964,579,1,404,5,-1,99999,-1,-1,-3,-1,1,9660
1965,580,1,1761,6,-1,99999,-1,-1,-3,-1,1,9660
1966,580,1,573,9,-1,99999,-1,-1,-3,-1,1,9660
1967,580,1,49,10,-1,99999,-1,-1,-3,-1,1,9660
1968,581,1,472,7,-1,99999,-1,-1,-3,-1,1,9660
1969,582,1,1563,2,-1,99999,-1,-1,-3,-1,1,9660
1970,582,1,424,4,-1,99999,-1,-1,-3,-1,1,9660
1971,582,1,3180,2,-1,99999,-1,-1,-3,-1,1,9660
1972,582,1,1,1,-1,99999,-1,-1,-3,-1,1,9660
1973,583,1,1725,2,-1,99999,-1,-1,-3,-1,1,9720
1974,583,1,1595,9,-1,99999,-1,-1,-3,-1,1,9720
1975,584,1,421,4,-1,99999,-1,-1,-3,-1,1,9720
1976,584,1,20,4,-1,99999,-1,-1,-3,-1,1,9720
1977,584,1,97,10,-1,99999,-1,-1,-3,-1,1,9720
1978,585,1,504,2,-1,99999,-1,-1,-3,-1,1,9720
1979,585,1,614,2,-1,99999,-1,-1,-3,-1,1,9720
1980,585,1,487,5,-1,99999,-1,-1,-3,-1,1,9720
1981,585,1,41,4,-1,99999,-1,-1,-3,-1,1,9720
1982,585,1,7,2,-1,99999,-1,-1,-3,-1,1,9720
1983,586,1,369,1,-1,99999,-1,-1,-3,-1,1,9780
1984,586,1,283,3,-1,99999,-1,-1,-3,-1,1,9780
1985,586,1,142,6,-1,99999,-1,-1,-3,-1,1,9780
1986,586,1,2455,2,-1,99999,-1,-1,-3,-1,1,9780
1987,586,1,510,4,-1,99999,-1,-1,-3,-1,1,9780
1988,586,1,642,4,-1,99999,-1,-1,-3,-1,1,9780
1989,586,1,406,8,-1,99999,-1,-1,-3,-1,1,9780
1990,586,1,723,9,-1,99999,-1,-1,-3,-1,1,9780
1991,586,1,396,4,-1,99999,-1,-1,-3,-1,1,9780
1992,587,1,244,4,-1,99999,-1,-1,-3,-1,1,9780
1993,587,1,2832,3,-1,99999,-1,-1,-3,-1,1,9780
1994,588,1,1,4,-1,99999,-1,-1,-3,-1,1,9840
1995,589,1,27,4,-1,99999,-1,-1,-3,-1,1,9840
1996,589,1,685,6,-1,99999,-1,-1,-3,-1,1,9840
1997,589,1,261,5,-1,99999,-1,-1,-3,-1,1,9840
1998,590,1,263,5,-1,99999,-1,-1,-3,-1,1,9840
1999,590,1,2555,3,-1,99999,-1,-1,-3,-1,1,9840
2000,590,1,1055,4,-1,99999,-1,-1,-3,-1,1,9840
2001,590,1,634,6,-1,99999,-1,-1,-3,-1,1,9840
2002,590,1,1,5,-1,99999,-1,-1,-3,-1,1,9840
2003,590,1,183,4,-1,99999,-1,-1,-3,-1,1,9840
2004,591,1,10,6,-1,99999,-1,-1,-3,-1,1,9840
2005,591,1,640,6,-1,99999,-1,-1,-3,-1,1,9840
2006,591,1,559,8,-1,99999,-1,-1,-3,-1,1,9840
2007,592,1,518,8,-1,99999,-1,-1,-3,-1,1,9900
2008,592,1,34,5,-1,99999,-1,-1,-3,-1,1,9900
2009,592,1,272,2,-1,99999,-1,-1,-3,-1,1,9900
2010,592,1,2239,4,-1,99999,-1,-1,-3,-1,1,9900
2011,593,1,731,2,-1,99999,-1,-1,-3,-1,1,9900
2012,594,1,68,7,-1,99999,-1,-1,-3,-1,1,9900
2013,595,1,85,8,-1,99999,-1,-1,-3,-1,1,9900
2014,596,1,342,5,-1,99999,-1,-1,-3,-1,1,9960
2015,597,1,1064,6,-1,99999,-1,-1,-3,-1,1,9960
2016,597,1,0,2,-1,99999,-1,-1,-3,-1,1,9960
2017,597,1,542,2,-1,99999,-1,-1,-3,-1,1,9960
2018,597,1,180,6,-1,99999,-1,-1,-3,-1,1,9960
2019,597,1,2224,2,-1,99999,-1,-1,-3,-1,1,9960
2020,598,1,889,6,-1,99999,-1,-1,-3,-1,1,9960
2021,599,1,1058,8,-1,99999,-1,-1,-3,-1,1,10020
2022,599,1,123,6,-1,99999,-1,-1,-3,-1,1,10020
2023,599,1,965,8,-1,99999,-1,-1,-3,-1,1,10020
2024,600,1,1773,2,-1,99999,-1,-1,-3,-1,1,10020
2025,600,1,94,8,-1,99999,-1,-1,-3,-1,1,10020
2026,600,1,1317,2,-1,99999,-1,-1,-3,-1,1,10020
2027,600,1,269,6,-1,99999,-1,-1,-3,-1,1,10020
2028,601,1,1080,8,-1,99999,-1,-1,-3,-1,1,10020
2029,601,1,465,1,-1,99999,-1,-1,-3,-1,1,10020
2030,601,1,210,6,-1,99999,-1,-1,-3,-1,1,10020
2031,601,1,1242,8,-1,99999,-1,-1,-3,-1,1,10020
2032,601,1,2384,2,-1,99999,-1,-1,-3,-1,1,10020
2033,601,1,1260,4,-1,99999,-1,-1,-3,-1,1,10020
2034,601,1,1716,12,-1,99999,-1,-1,-3,-1,1,10020
2035,601,1,892,9,-1,99999,-1,-1,-3,-1,1,10020
2036,601,1,264,9,-1,99999,-1,-1,-3,-1,1,10020
2037,602,1,1202,6,-1,99999,-1,-1,-3,-1,1,10020
2038,603,1,16,6,-1,99999,-1,-1,-3,-1,1,10080
2039,603,1,15,2,-1,99999,-1,-1,-3,-1,1,10080
2040,604,1,56,7,-1,99999,-1,-1,-3,-1,1,10080
2041,605,1,450,8,-1,99999,-1,-1,-3,-1,1,10080
2042,605,1,1143,5,-1,99999,-1,-1,-3,-1,1,10080
2043,605,1,55,3,-1,99999,-1,-1,-3,-1,1,10080
2044,605,1,314,2,-1,99999,-1,-1,-3,-1,1,10080
2045,605,1,490,8,-1,99999,-1,-1,-3,-1,1,10080
2046,605,1,200,2,-1,99999,-1,-1,-3,-1,1,10080
2047,605,1,4,8,-1,99999,-1,-1,-3,-1,1,10080
2048,606,1,195,3,-1,99999,-1,-1,-3,-1,1,10080
2049,607,1,323,8,-1,99999,-1,-1,-3,-1,1,10080
2050,607,1,1653,2,-1,99999,-1,-1,-3,-1,1,10080
2051,607,1,1812,4,-1,99999,-1,-1,-3,-1,1,10080
2052,608,1,220,8,-1,99999,-1,-1,-3,-1,1,10140
2053,608,1,1224,10,-1,99999,-1,-1,-3,-1,1,10140
2054,608,1,128,5,-1,99999,-1,-1,-3,-1,1,10140
2055,609,1,339,12,-1,99999,-1,-1,-3,-1,1,10140
2056,609,1,369,2,-1,99999,-1,-1,-3,-1,1,10140
2057,609,1,281,10,-1,99999,-1,-1,-3,-1,1,10140
2058,609,1,1954,10,-1,99999,-1,-1,-3,-1,1,10140
2059,610,1,54,10,-1,99999,-1,-1,-3,-1,1,10200
2060,610,1,1567,2,-1,99999,-1,-1,-3,-1,1,10200
2061,610,1,326,7,-1,99999,-1,-1,-3,-1,1,10200
2062,610,1,1649,2,-1,99999,-1,-1,-3,-1,1,10200
2063,610,1,874,9,-1,99999,-1,-1,-3,-1,1,10200
2064,611,1,764,3,-1,99999,-1,-1,-3,-1,1,10200
2065,611,1,887,10,-1,99999,-1,-1,-3,-1,1,10200
2066,611,1,180,12,-1,99999,-1,-1,-3,-1,1,10200
2067,612,1,2898,4,-1,99999,-1,-1,-3,-1,1,10200
2068,612,1,622,10,-1,99999,-1,-1,-3,-1,1,10200
2069,612,1,218,7,-1,99999,-1,-1,-3,-1,1,10200
2070,613,1,94,2,-1,99999,-1,-1,-3,-1,1,10200
2071,614,1,1692,2,-1,99999,-1,-1,-3,-1,1,10200
2072,614,1,966,2,-1,99999,-1,-1,-3,-1,1,10200
2073,614,1,1444,4,-1,99999,-1,-1,-3,-1,1,10200
2074,614,1,558,6,-1,99999,-1,-1,-3,-1,1,10200
2075,614,1,447,7,-1,99999,-1,-1,-3,-1,1,10200
2076,615,1,90,1,-1,99999,-1,-1,-3,-1,1,10260
2077,615,1,179,4,-1,99999,-1,-1,-3,-1,1,10260
2078,615,1,23,10,-1,99999,-1,-1,-3,-1,1,10260
2079,615,1,890,8,-1,99999,-1,-1,-3,-1,1,10260
2080,616,1,237,8,-1,99999,-1,-1,-3,-1,1,10260
2081,616,1,296,10,-1,99999,-1,-1,-3,-1,1,10260
2082,616,1,720,7,-1,99999,-1,-1,-3,-1,1,10260
2083,617,1,390,5,-1,99999,-1,-1,-3,-1,1,10260
2084,617,1,436,6,-1,99999,-1,-1,-3,-1,1,10260
2085,618,1,1534,10,-1,99999,-1,-1,-3,-1,1,10260
2086,618,1,339,12,-1,99999,-1,-1,-3,-1,1,10260
2087,618,1,117,4,-1,99999,-1,-1,-3,-1,1,10260
2088,619,1,420,8,-1,99999,-1,-1,-3,-1,1,10260
2089,619,1,55,12,-1,99999,-1,-1,-3,-1,1,10260
2090,619,1,3008,3,-1,99999,-1,-1,-3,-1,1,10260
2091,619,1,1,6,-1,99999,-1,-1,-3,-1,1,10260
2092,619,1,602,6,-1,99999,-1,-1,-3,-1,1,10260
2093,619,1,106,8,-1,99999,-1,-1,-3,-1,1,10260
2094,619,1,421,7,-1,99999,-1,-1,-3,-1,1,10260
2095,620,1,24,6,-1,99999,-1,-1,-3,-1,1,10260
2096,620,1,408,8,-1,99999,-1,-1,-3,-1,1,10260
2097,621,1,263,6,-1,99999,-1,-1,-3,-1,1,10260
2098,621,1,1156,2,-1,99999,-1,-1,-3,-1,1,10260
2099,621,1,184,10,-1,99999,-1,-1,-3,-1,1,10260
2100,621,1,463,5,-1,99999,-1,-1,-3,-1,1,10260
2101,621,1,1208,6,-1,99999,-1,-1,-3,-1,1,10260
2102,621,1,822,1,-1,99999,-1,-1,-3,-1,1,10260
2103,621,1,542,5,-1,99999,-1,-1,-3,-1,1,10260
2104,622,1,57,10,-1,99999,-1,-1,-3,-1,1,10320
2105,622,1,1058,9,-1,99999,-1,-1,-3,-1,1,10320
2106,622,1,3003,2,-1,99999,-1,-1,-3,-1,1,10320
2107,622,1,2751,3,-1,99999,-1,-1,-3,-1,1,10320
2108,622,1,1306,2,-1,99999,-1,-1,-3,-1,1,10320
2109,623,1,236,10,-1,99999,-1,-1,-3,-1,1,10320
2110,624,1,188,10,-1,99999,-1,-1,-3,-1,1,10320
2111,625,1,1823,3,-1,99999,-1,-1,-3,-1,1,10380
2112,625,1,529,8,-1,99999,-1,-1,-3,-1,1,10380
2113,625,1,2808,2,-1,99999,-1,-1,-3,-1,1,10380
2114,625,1,169,5,-1,99999,-1,-1,-3,-1,1,10380
2115,625,1,1259,2,-1,99999,-1,-1,-3,-1,1,10380
2116,625,1,3101,3,-1,99999,-1,-1,-3,-1,1,10380
2117,625,1,45,5,-1,99999,-1,-1,-3,-1,1,10380
2118,625,1,352,7,-1,99999,-1,-1,-3,-1,1,10380
2119,625,1,2429,2,-1,99999,-1,-1,-3,-1,1,10380
2120,625,1,415,4,-1,99999,-1,-1,-3,-1,1,10380
2121,626,1,1027,4,-1,99999,-1,-1,-3,-1,1,10380
2122,627,1,118,4,-1,99999,-1,-1,-3,-1,1,10380
2123,627,1,2321,2,-1,99999,-1,-1,-3,-1,1,10380
2124,627,1,1086,2,-1,99999,-1,-1,-3,-1,1,10380
2125,627,1,667,6,-1,99999,-1,-1,-3,-1,1,10380
2126,627,1,163,3,-1,99999,-1,-1,-3,-1,1,10380
2127,627,1,222,3,-1,99999,-1,-1,-3,-1,1,10380
2128,627,1,141,8,-1,99999,-1,-1,-3,-1,1,10380
2129,628,1,1846,2,-1,99999,-1,-1,-3,-1,1,10380
2130,628,1,441,7,-1,99999,-1,-1,-3,-1,1,10380
2131,628,1,490,4,-1,99999,-1,-1,-3,-1,1,10380
2132,629,1,832,4,-1,99999,-1,-1,-3,-1,1,10380
2133,629,1,1748,9,-1,99999,-1,-1,-3,-1,1,10380
2134,630,1,20,5,-1,99999,-1,-1,-3,-1,1,10380
2135,631,1,280,6,-1,99999,-1,-1,-3,-1,1,10440
2136,631,1,42,6,-1,99999,-1,-1,-3,-1,1,10440
2137,631,1,2270,4,-1,99999,-1,-1,-3,-1,1,10440
2138,631,1,1386,2,-1,99999,-1,-1,-3,-1,1,10440
2139,632,1,1138,8,-1,99999,-1,-1,-3,-1,1,10440
2140,632,1,394,3,-1,99999,-1,-1,-3,-1,1,10440
2141,632,1,189,2,-1,99999,-1,-1,-3,-1,1,10440
2142,632,1,163,4,-1,99999,-1,-1,-3,-1,1,10440
2143,632,1,746,6,-1,99999,-1,-1,-3,-1,1,10440
2144,633,1,218,4,-1,99999,-1,-1,-3,-1,1,10440
2145,633,1,403,6,-1,99999,-1,-1,-3,-1,1,10440
2146,633,1,83,7,-1,99999,-1,-1,-3,-1,1,10440
2147,633,1,981,2,-1,99999,-1,-1,-3,-1,1,10440
2148,633,1,442,9,-1,99999,-1,-1,-3,-1,1,10440
2149,633,1,871,7,-1,99999,-1,-1,-3,-1,1,10440
2150,633,1,43,8,-1,99999,-1,-1,-3,-1,1,10440
2151,633,1,291,11,-1,99999,-1,-1,-3,-1,1,10440
2152,633,1,103,10,-1,99999,-1,-1,-3,-1,1,10440
2153,633,1,1,8,-1,99999,-1,-1,-3,-1,1,10440
2154,633,1,65,6,-1,99999,-1,-1,-3,-1,1,10440
2155,633,1,22,4,-1,99999,-1,-1,-3,-1,1,10440
2156,633,1,136,3,-1,99999,-1,-1,-3,-1,1,10440
2157,633,1,828,3,-1,99999,-1,-1,-3,-1,1,10440
2158,634,1,11,12,-1,99999,-1,-1,-3,-1,1,10440
2159,634,1,179,4,-1,99999,-1,-1,-3,-1,1,10440
2160,635,1,671,11,-1,99999,-1,-1,-3,-1,1,10440
2161,635,1,141,11,-1,99999,-1,-1,-3,-1,1,10440
2162,635,1,31,7,-1,99999,-1,-1,-3,-1,1,10440
2163,635,1,2182,1,-1,99999,-1,-1,-3,-1,1,10440
2164,635,1,1544,2,-1,99999,-1,-1,-3,-1,1,10440
2165,635,1,694,2,-1,99999,-1,-1,-3,-1,1,10440
2166,635,1,518,7,-1,99999,-1,-1,-3,-1,1,10440
2167,635,1,1186,2,-1,99999,-1,-1,-3,-1,1,10440
2168,635,1,644,7,-1,99999,-1,-1,-3,-1,1,10440
2169,635,1,1522,2,-1,99999,-1,-1,-3,-1,1,10440
2170,636,1,2476,2,-1,99999,-1,-1,-3,-1,1,10500
2171,636,1,1574,8,-1,99999,-1,-1,-3,-1,1,10500
2172,636,1,374,5,-1,99999,-1,-1,-3,-1,1,10500
2173,636,1,280,4,-1,99999,-1,-1,-3,-1,1,10500
2174,636,1,708,4,-1,99999,-1,-1,-3,-1,1,10500
2175,636,1,2406,3,-1,99999,-1,-1,-3,-1,1,10500
2176,636,1,691,5,-1,99999,-1,-1,-3,-1,1,10500
2177,636,1,119,4,-1,99999,-1,-1,-3,-1,1,10500
2178,636,1,1671,3,-1,99999,-1,-1,-3,-1,1,10500
2179,636,1,859,11,-1,99999,-1,-1,-3,-1,1,10500
2180,637,1,1714,2,-1,99999,-1,-1,-3,-1,1,10620
2181,638,1,423,6,-1,99999,-1,-1,-3,-1,1,10620
2182,638,1,28,6,-1,99999,-1,-1,-3,-1,1,10620
2183,638,1,1564,3,-1,99999,-1,-1,-3,-1,1,10620
2184,638,1,550,7,-1,99999,-1,-1,-3,-1,1,10620
2185,638,1,577,2,-1,99999,-1,-1,-3,-1,1,10620
2186,638,1,1125,8,-1,99999,-1,-1,-3,-1,1,10620
2187,639,1,2507,3,-1,99999,-1,-1,-3,-1,1,10620
2188,639,1,122,12,-1,99999,-1,-1,-3,-1,1,10620
2189,639,1,259,4,-1,99999,-1,-1,-3,-1,1,10620
2190,639,1,807,8,-1,99999,-1,-1,-3,-1,1,10620
2191,639,1,1790,2,-1,99999,-1,-1,-3,-1,1,10620
2192,639,1,508,8,-1,99999,-1,-1,-3,-1,1,10620
2193,640,1,140,8,-1,99999,-1,-1,-3,-1,1,10620
2194,640,1,253,5,-1,99999,-1,-1,-3,-1,1,10620
2195,640,1,552,12,-1,99999,-1,-1,-3,-1,1,10620
2196,640,1,256,9,-1,99999,-1,-1,-3,-1,1,10620
2197,641,1,165,7,-1,99999,-1,-1,-3,-1,1,10620
2198,641,1,502,6,-1,99999,-1,-1,-3,-1,1,10620
2199,641,1,1542,7,-1,99999,-1,-1,-3,-1,1,10620
2200,642,1,1638,4,-1,99999,-1,-1,-3,-1,1,10620
2201,642,1,164,4,-1,99999,-1,-1,-3,-1,1,10620
2202,642,1,664,10,-1,99999,-1,-1,-3,-1,1,10620
2203,642,1,645,8,-1,99999,-1,-1,-3,-1,1,10620
2204,642,1,311,3,-1,99999,-1,-1,-3,-1,1,10620
2205,642,1,120,8,-1,99999,-1,-1,-3,-1,1,10620
2206,642,1,1256,4,-1,99999,-1,-1,-3,-1,1,10620
2207,643,1,1661,3,-1,99999,-1,-1,-3,-1,1,10680
2208,643,1,660,8,-1,99999,-1,-1,-3,-1,1,10680
2209,644,1,27,10,-1,99999,-1,-1,-3,-1,1,10680
2210,644,1,194,6,-1,99999,-1,-1,-3,-1,1,10680
2211,645,1,469,10,-1,99999,-1,-1,-3,-1,1,10680
2212,646,1,4,12,-1,99999,-1,-1,-3,-1,1,10680
2213,646,1,74,3,-1,99999,-1,-1,-3,-1,1,10680
2214,646,1,2972,2,-1,99999,-1,-1,-3,-1,1,10680
2215,646,1,729,4,-1,99999,-1,-1,-3,-1,1,10680
2216,647,1,476,5,-1,99999,-1,-1,-3,-1,1,10680
2217,647,1,272,4,-1,99999,-1,-1,-3,-1,1,10680
2218,647,1,1071,11,-1,99999,-1,-1,-3,-1,1,10680
2219,647,1,154,10,-1,99999,-1,-1,-3,-1,1,10680
2220,647,1,128,6,-1,99999,-1,-1,-3,-1,1,10680
2221,648,1,0,8,-1,99999,-1,-1,-3,-1,1,10680
2222,649,1,2073,3,-1,99999,-1,-1,-3,-1,1,10680
2223,650,1,11,4,-1,99999,-1,-1,-3,-1,1,10740
2224,650,1,1696,1,-1,99999,-1,-1,-3,-1,1,10740
2225,650,1,483,5,-1,99999,-1,-1,-3,-1,1,10740
2226,651,1,377,10,-1,99999,-1,-1,-3,-1,1,10800
2227,651,1,1168,12,-1,99999,-1,-1,-3,-1,1,10800
2228,651,1,292,6,-1,99999,-1,-1,-3,-1,1,10800
2229,652,1,1222,6,-1,99999,-1,-1,-3,-1,1,10800
2230,652,1,3151,2,-1,99999,-1,-1,-3,-1,1,10800
2231,653,1,247,7,-1,99999,-1,-1,-3,-1,1,10800
2232,653,1,2951,1,-1,99999,-1,-1,-3,-1,1,10800
2233,653,1,33,12,-1,99999,-1,-1,-3,-1,1,10800
2234,654,1,160,9,-1,99999,-1,-1,-3,-1,1,10860
2235,655,1,132,7,-1,99999,-1,-1,-3,-1,1,10860
2236,655,1,221,12,-1,99999,-1,-1,-3,-1,1,10860
2237,655,1,23,2,-1,99999,-1,-1,-3,-1,1,10860
2238,656,1,1514,3,-1,99999,-1,-1,-3,-1,1,10860
2239,656,1,295,7,-1,99999,-1,-1,-3,-1,1,10860
2240,656,1,943,5,-1,99999,-1,-1,-3,-1,1,10860
2241,656,1,1801,2,-1,99999,-1,-1,-3,-1,1,10860
2242,656,1,494,12,-1,99999,-1,-1,-3,-1,1,10860
2243,656,1,9,4,-1,99999,-1,-1,-3,-1,1,10860
2244,657,1,2775,3,-1,99999,-1,-1,-3,-1,1,10860
2245,657,1,60,10,-1,99999,-1,-1,-3,-1,1,10860
2246,657,1,0,9,-1,99999,-1,-1,-3,-1,1,10860
2247,657,1,318,10,-1,99999,-1,-1,-3,-1,1,10860
2248,658,1,25,4,-1,99999,-1,-1,-3,-1,1,10860
2249,658,1,209,8,-1,99999,-1,-1,-3,-1,1,10860
2250,658,1,2640,2,-1,99999,-1,-1,-3,-1,1,10860
2251,658,1,136,9,-1,99999,-1,-1,-3,-1,1,10860
2252,658,1,3,6,-1,99999,-1,-1,-3,-1,1,10860
2253,658,1,6,9,-1,99999,-1,-1,-3,-1,1,10860
2254,658,1,1444,2,-1,99999,-1,-1,-3,-1,1,10860
2255,658,1,1651,3,-1,99999,-1,-1,-3,-1,1,10860
2256,659,1,155,7,-1,99999,-1,-1,-3,-1,1,10920
2257,660,1,44,4,-1,99999,-1,-1,-3,-1,1,10920
2258,660,1,1085,6,-1,99999,-1,-1,-3,-1,1,10920
2259,661,1,402,6,-1,99999,-1,-1,-3,-1,1,10920
2260,661,1,124,6,-1,99999,-1,-1,-3,-1,1,10920
2261,662,1,427,5,-1,99999,-1,-1,-3,-1,1,10920
2262,662,1,269,6,-1,99999,-1,-1,-3,-1,1,10920
2263,663,1,2,10,-1,99999,-1,-1,-3,-1,1,10980
2264,663,1,1132,10,-1,99999,-1,-1,-3,-1,1,10980
2265,663,1,965,10,-1,99999,-1,-1,-3,-1,1,10980
2266,664,1,43,4,-1,99999,-1,-1,-3,-1,1,10980
2267,664,1,555,5,-1,99999,-1,-1,-3,-1,1,10980
2268,664,1,105,1,-1,99999,-1,-1,-3,-1,1,10980
2269,664,1,584,4,-1,99999,-1,-1,-3,-1,1,10980
2270,664,1,365,10,-1,99999,-1,-1,-3,-1,1,10980
2271,664,1,179,8,-1,99999,-1,-1,-3,-1,1,10980
2272,664,1,1359,3,-1,99999,-1,-1,-3,-1,1,10980
2273,665,1,537,8,-1,99999,-1,-1,-3,-1,1,10980
2274,666,1,134,5,-1,99999,-1,-1,-3,-1,1,10980
2275,666,1,634,3,-1,99999,-1,-1,-3,-1,1,10980
2276,666,1,261,8,-1,99999,-1,-1,-3,-1,1,10980
2277,666,1,1894,4,-1,99999,-1,-1,-3,-1,1,10980
2278,667,1,113,6,-1,99999,-1,-1,-3,-1,1,10980
2279,667,1,1424,1,-1,99999,-1,-1,-3,-1,1,10980
2280,668,1,957,2,-1,99999,-1,-1,-3,-1,1,10980
2281,669,1,42,6,-1,99999,-1,-1,-3,-1,1,10980
2282,669,1,3157,4,-1,99999,-1,-1,-3,-1,1,10980
2283,670,1,1416,2,-1,99999,-1,-1,-3,-1,1,11040
2284,670,1,206,11,-1,99999,-1,-1,-3,-1,1,11040
2285,671,1,282,10,-1,99999,-1,-1,-3,-1,1,11040
2286,672,1,93,2,-1,99999,-1,-1,-3,-1,1,11040
2287,672,1,120,9,-1,99999,-1,-1,-3,-1,1,11040
2288,673,1,1979,2,-1,99999,-1,-1,-3,-1,1,11040
2289,673,1,1527,8,-1,99999,-1,-1,-3,-1,1,11040
2290,673,1,24,4,-1,99999,-1,-1,-3,-1,1,11040
2291,674,1,2654,3,-1,99999,-1,-1,-3,-1,1,11100
2292,674,1,157,6,-1,99999,-1,-1,-3,-1,1,11100
2293,674,1,226,7,-1,99999,-1,-1,-3,-1,1,11100
2294,675,1,1437,2,-1,99999,-1,-1,-3,-1,1,11100
2295,675,1,4,12,-1,99999,-1,-1,-3,-1,1,11100
2296,675,1,192,9,-1,99999,-1,-1,-3,-1,1,11100
2297,675,1,20,10,-1,99999,-1,-1,-3,-1,1,11100
2298,675,1,153,4,-1,99999,-1,-1,-3,-1,1,11100
2299,675,1,1402,6,-1,99999,-1,-1,-3,-1,1,11100
2300,675,1,220,2,-1,99999,-1,-1,-3,-1,1,11100
2301,675,1,2925,1,-1,99999,-1,-1,-3,-1,1,11100
2302,675,1,575,6,-1,99999,-1,-1,-3,-1,1,11100
2303,675,1,215,6,-1,99999,-1,-1,-3,-1,1,11100
2304,675,1,75,7,-1,99999,-1,-1,-3,-1,1,11100
2305,675,1,495,4,-1,99999,-1,-1,-3,-1,1,11100
2306,675,1,164,8,-1,99999,-1,-1,-3,-1,1,11100
2307,675,1,6,2,-1,99999,-1,-1,-3,-1,1,11100
2308,676,1,1387,1,-1,99999,-1,-1,-3,-1,1,11100
2309,676,1,2322,4,-1,99999,-1,-1,-3,-1,1,11100
2310,676,1,196,8,-1,99999,-1,-1,-3,-1,1,11100
2311,676,1,289,8,-1,99999,-1,-1,-3,-1,1,11100
2312,676,1,461,6,-1,99999,-1,-1,-3,-1,1,11100
2313,676,1,84,3,-1,99999,-1,-1,-3,-1,1,11100
2314,676,1,1311,3,-1,99999,-1,-1,-3,-1,1,11100
2315,676,1,73,6,-1,99999,-1,-1,-3,-1,1,11100
2316,676,1,240,4,-1,99999,-1,-1,-3,-1,1,11100
2317,676,1,112,10,-1,99999,-1,-1,-3,-1,1,11100
2318,677,1,1644,1,-1,99999,-1,-1,-3,-1,1,11100
2319,678,1,38,5,-1,99999,-1,-1,-3,-1,1,11160
2320,678,1,92,8,-1,99999,-1,-1,-3,-1,1,11160
2321,679,1,1472,4,-1,99999,-1,-1,-3,-1,1,11160
2322,680,1,281,7,-1,99999,-1,-1,-3,-1,1,11160
2323,680,1,719,7,-1,99999,-1,-1,-3,-1,1,11160
2324,680,1,1249,3,-1,99999,-1,-1,-3,-1,1,11160
2325,680,1,962,11,-1,99999,-1,-1,-3,-1,1,11160
2326,680,1,1291,4,-1,99999,-1,-1,-3,-1,1,11160
2327,680,1,2,4,-1,99999,-1,-1,-3,-1,1,11160
2328,681,1,63,2,-1,99999,-1,-1,-3,-1,1,11220
2329,681,1,224,8,-1,99999,-1,-1,-3,-1,1,11220
2330,681,1,2499,2,-1,99999,-1,-1,-3,-1,1,11220
2331,682,1,155,6,-1,99999,-1,-1,-3,-1,1,11220
2332,682,1,361,12,-1,99999,-1,-1,-3,-1,1,11220
2333,682,1,204,10,-1,99999,-1,-1,-3,-1,1,11220
2334,683,1,873,6,-1,99999,-1,-1,-3,-1,1,11220
2335,683,1,1397,2,-1,99999,-1,-1,-3,-1,1,11220
2336,683,1,77,12,-1,99999,-1,-1,-3,-1,1,11220
2337,683,1,1079,10,-1,99999,-1,-1,-3,-1,1,11220
2338,684,1,29,8,-1,99999,-1,-1,-3,-1,1,11220
2339,684,1,103,5,-1,99999,-1,-1,-3,-1,1,11220
2340,684,1,5,2,-1,99999,-1,-1,-3,-1,1,11220
2341,684,1,555,7,-1,99999,-1,-1,-3,-1,1,11220
2342,684,1,697,8,-1,99999,-1,-1,-3,-1,1,11220
2343,684,1,32,6,-1,99999,-1,-1,-3,-1,1,11220
2344,685,1,2545,3,-1,99999,-1,-1,-3,-1,1,11220
2345,685,1,69,7,-1,99999,-1,-1,-3,-1,1,11220
2346,685,1,2504,3,-1,99999,-1,-1,-3,-1,1,11220
2347,685,1,1043,2,-1,99999,-1,-1,-3,-1,1,11220
2348,686,1,226,6,-1,99999,-1,-1,-3,-1,1,11280
2349,686,1,873,9,-1,99999,-1,-1,-3,-1,1,11280
2350,687,1,57,10,-1,99999,-1,-1,-3,-1,1,11280
2351,688,1,459,6,-1,99999,-1,-1,-3,-1,1,11280
2352,689,1,487,6,-1,99999,-1,-1,-3,-1,1,11280
2353,689,1,2414,1,-1,99999,-1,-1,-3,-1,1,11280
2354,689,1,198,3,-1,99999,-1,-1,-3,-1,1,11280
2355,689,1,141,9,-1,99999,-1,-1,-3,-1,1,11280
2356,690,1,63,1,-1,99999,-1,-1,-3,-1,1,11340
2357,691,1,456,10,-1,99999,-1,-1,-3,-1,1,11340
2358,691,1,516,4,-1,99999,-1,-1,-3,-1,1,11340
2359,691,1,1539,2,-1,99999,-1,-1,-3,-1,1,11340
2360,691,1,1508,6,-1,99999,-1,-1,-3,-1,1,11340
2361,691,1,2518,4,-1,99999,-1,-1,-3,-1,1,11340
2362,691,1,658,6,-1,99999,-1,-1,-3,-1,1,11340
2363,691,1,429,4,-1,99999,-1,-1,-3,-1,1,11340
2364,691,1,1220,8,-1,99999,-1,-1,-3,-1,1,11340
2365,692,1,547,7,-1,99999,-1,-1,-3,-1,1,11340
2366,693,1,91,4,-1,99999,-1,-1,-3,-1,1,11340
2367,693,1,8,2,-1,99999,-1,-1,-3,-1,1,11340
2368,694,1,221,4,-1,99999,-1,-1,-3,-1,1,11340
2369,694,1,14,9,-1,99999,-1,-1,-3,-1,1,11340
2370,694,1,167,8,-1,99999,-1,-1,-3,-1,1,11340
2371,694,1,458,6,-1,99999,-1,-1,-3,-1,1,11340
2372,694,1,906,8,-1,99999,-1,-1,-3,-1,1,11340
2373,694,1,234,11,-1,99999,-1,-1,-3,-1,1,11340
2374,694,1,280,7,-1,99999,-1,-1,-3,-1,1,11340
2375,694,1,1919,4,-1,99999,-1,-1,-3,-1,1,11340
2376,694,1,1831,6,-1,99999,-1,-1,-3,-1,1,11340
2377,694,1,578,8,-1,99999,-1,-1,-3,-1,1,11340
2378,694,1,290,8,-1,99999,-1,-1,-3,-1,1,11340
2379,695,1,144,2,-1,99999,-1,-1,-3,-1,1,11340
2380,695,1,1829,3,-1,99999,-1,-1,-3,-1,1,11340
2381,695,1,1480,3,-1,99999,-1,-1,-3,-1,1,11340
2382,696,1,214,5,-1,99999,-1,-1,-3,-1,1,11340
2383,696,1,497,8,-1,99999,-1,-1,-3,-1,1,11340
2384,696,1,231,4,-1,99999,-1,-1,-3,-1,1,11340
2385,696,1,721,6,-1,99999,-1,-1,-3,-1,1,11340
2386,696,1,1881,6,-1,99999,-1,-1,-3,-1,1,11340
2387,697,1,15,4,-1,99999,-1,-1,-3,-1,1,11400
2388,697,1,76,10,-1,99999,-1,-1,-3,-1,1,11400
2389,697,1,1785,4,-1,99999,-1,-1,-3,-1,1,11400
2390,697,1,135,9,-1,99999,-1,-1,-3,-1,1,11400
2391,698,1,753,8,-1,99999,-1,-1,-3,-1,1,11400
2392,699,1,31,11,-1,99999,-1,-1,-3,-1,1,11460
2393,699,1,1790,4,-1,99999,-1,-1,-3,-1,1,11460
2394,699,1,307,8,-1,99999,-1,-1,-3,-1,1,11460
2395,699,1,290,8,-1,99999,-1,-1,-3,-1,1,11460
2396,699,1,1415,10,-1,99999,-1,-1,-3,-1,1,11460
2397,699,1,181,6,-1,99999,-1,-1,-3,-1,1,11460
2398,700,1,497,8,-1,99999,-1,-1,-3,-1,1,11460
2399,700,1,46,4,-1,99999,-1,-1,-3,-1,1,11460
2400,700,1,1606,2,-1,99999,-1,-1,-3,-1,1,11460
2401,700,1,49,4,-1,99999,-1,-1,-3,-1,1,11460
2402,701,1,814,7,-1,99999,-1,-1,-3,-1,1,11460
2403,701,1,526,5,-1,99999,-1,-1,-3,-1,1,11460
2404,701,1,3,3,-1,99999,-1,-1,-3,-1,1,11460
2405,701,1,83,2,-1,99999,-1,-1,-3,-1,1,11460
2406,701,1,84,7,-1,99999,-1,-1,-3,-1,1,11460
2407,701,1,1034,1,-1,99999,-1,-1,-3,-1,1,11460
2408,701,1,583,9,-1,99999,-1,-1,-3,-1,1,11460
2409,701,1,497,5,-1,99999,-1,-1,-3,-1,1,11460
2410,702,1,151,6,-1,99999,-1,-1,-3,-1,1,11520
2411,702,1,52,6,-1,99999,-1,-1,-3,-1,1,11520
2412,703,1,373,4,-1,99999,-1,-1,-3,-1,1,11520
2413,703,1,1170,8,-1,99999,-1,-1,-3,-1,1,11520
2414,703,1,370,6,-1,99999,-1,-1,-3,-1,1,11520
2415,703,1,314,4,-1,99999,-1,-1,-3,-1,1,11520
2416,703,1,257,12,-1,99999,-1,-1,-3,-1,1,11520
2417,704,1,300,8,-1,99999,-1,-1,-3,-1,1,11520
2418,704,1,107,12,-1,99999,-1,-1,-3,-1,1,11520
2419,704,1,2067,2,-1,99999,-1,-1,-3,-1,1,11520
2420,704,1,7,6,-1,99999,-1,-1,-3,-1,1,11520
2421,705,1,160,11,-1,99999,-1,-1,-3,-1,1,11520
2422,706,1,2942,2,-1,99999,-1,-1,-3,-1,1,11520
2423,707,1,76,8,-1,99999,-1,-1,-3,-1,1,11580
2424,707,1,1578,6,-1,99999,-1,-1,-3,-1,1,11580
2425,707,1,1543,6,-1,99999,-1,-1,-3,-1,1,11580
2426,708,1,2033,2,-1,99999,-1,-1,-3,-1,1,11580
2427,709,1,883,4,-1,99999,-1,-1,-3,-1,1,11640
2428,710,1,635,4,-1,99999,-1,-1,-3,-1,1,11640
2429,711,1,29,5,-1,99999,-1,-1,-3,-1,1,11640
2430,711,1,1455,2,-1,99999,-1,-1,-3,-1,1,11640
2431,711,1,1208,6,-1,99999,-1,-1,-3,-1,1,11640
2432,711,1,103,8,-1,99999,-1,-1,-3,-1,1,11640
2433,711,1,107,12,-1,99999,-1,-1,-3,-1,1,11640
2434,712,1,99,12,-1,99999,-1,-1,-3,-1,1,11640
2435,712,1,23,5,-1,99999,-1,-1,-3,-1,1,11640
2436,712,1,935,8,-1,99999,-1,-1,-3,-1,1,11640
2437,712,1,1085,6,-1,99999,-1,-1,-3,-1,1,11640
2438,712,1,203,5,-1,99999,-1,-1,-3,-1,1,11640
2439,712,1,79,11,-1,99999,-1,-1,-3,-1,1,11640
2440,712,1,122,8,-1,99999,-1,-1,-3,-1,1,11640
2441,713,1,143,4,-1,99999,-1,-1,-3,-1,1,11700
2442,713,1,1093,8,-1,99999,-1,-1,-3,-1,1,11700
2443,714,1,1829,3,-1,99999,-1,-1,-3,-1,1,11700
2444,714,1,53,8,-1,99999,-1,-1,-3,-1,1,11700
2445,715,1,72,8,-1,99999,-1,-1,-3,-1,1,11700
2446,715,1,487,1,-1,99999,-1,-1,-3,-1,1,11700
2447,715,1,565,2,-1,99999,-1,-1,-3,-1,1,11700
2448,716,1,2423,3,-1,99999,-1,-1,-3,-1,1,11700
2449,717,1,119,8,-1,99999,-1,-1,-3,-1,1,11700
2450,717,1,457,4,-1,99999,-1,-1,-3,-1,1,11700
2451,717,1,170,2,-1,99999,-1,-1,-3,-1,1,11700
2452,718,1,13,8,-1,99999,-1,-1,-3,-1,1,11760
2453,718,1,0,11,-1,99999,-1,-1,-3,-1,1,11760
2454,718,1,201,4,-1,99999,-1,-1,-3,-1,1,11760
2455,718,1,259,2,-1,99999,-1,-1,-3,-1,1,11760
2456,718,1,779,6,-1,99999,-1,-1,-3,-1,1,11760
2457,718,1,120,6,-1,99999,-1,-1,-3,-1,1,11760
2458,718,1,1273,2,-1,99999,-1,-1,-3,-1,1,11760
2459,718,1,272,2,-1,99999,-1,-1,-3,-1,1,11760
2460,718,1,146,10,-1,99999,-1,-1,-3,-1,1,11760
2461,718,1,535,12,-1,99999,-1,-1,-3,-1,1,11760
2462,719,1,975,2,-1,99999,-1,-1,-3,-1,1,11760
2463,720,1,809,4,-1,99999,-1,-1,-3,-1,1,11760
2464,721,1,1414,4,-1,99999,-1,-1,-3,-1,1,11760
2465,721,1,245,8,-1,99999,-1,-1,-3,-1,1,11760
2466,721,1,750,5,-1,99999,-1,-1,-3,-1,1,11760
2467,721,1,499,8,-1,99999,-1,-1,-3,-1,1,11760
2468,721,1,1901,3,-1,99999,-1,-1,-3,-1,1,11760
2469,721,1,1398,12,-1,99999,-1,-1,-3,-1,1,11760
2470,721,1,1991,3,-1,99999,-1,-1,-3,-1,1,11760
2471,722,1,176,10,-1,99999,-1,-1,-3,-1,1,11820
2472,723,1,626,10,-1,99999,-1,-1,-3,-1,1,11820
2473,724,1,56,11,-1,99999,-1,-1,-3,-1,1,11820
2474,725,1,2584,2,-1,99999,-1,-1,-3,-1,1,11820
2475,725,1,655,8,-1,99999,-1,-1,-3,-1,1,11820
2476,725,1,532,4,-1,99999,-1,-1,-3,-1,1,11820
2477,725,1,37,3,-1,99999,-1,-1,-3,-1,1,11820
2478,725,1,1266,6,-1,99999,-1,-1,-3,-1,1,11820
2479,725,1,288,7,-1,99999,-1,-1,-3,-1,1,11820
2480,725,1,496,10,-1,99999,-1,-1,-3,-1,1,11820
2481,726,1,847,7,-1,99999,-1,-1,-3,-1,1,11820
2482,726,1,798,5,-1,99999,-1,-1,-3,-1,1,11820
2483,726,1,27,6,-1,99999,-1,-1,-3,-1,1,11820
2484,726,1,638,8,-1,99999,-1,-1,-3,-1,1,11820
2485,727,1,111,11,-1,99999,-1,-1,-3,-1,1,11880
2486,728,1,1335,8,-1,99999,-1,-1,-3,-1,1,11880
2487,728,1,210,10,-1,99999,-1,-1,-3,-1,1,11880
2488,729,1,126,8,-1,99999,-1,-1,-3,-1,1,11880
2489,729,1,15,6,-1,99999,-1,-1,-3,-1,1,11880
2490,729,1,47,9,-1,99999,-1,-1,-3,-1,1,11880
2491,729,1,163,10,-1,99999,-1,-1,-3,-1,1,11880
2492,730,1,1147,6,-1,99999,-1,-1,-3,-1,1,11940
2493,731,1,137,10,-1,99999,-1,-1,-3,-1,1,11940
2494,731,1,15,11,-1,99999,-1,-1,-3,-1,1,11940
2495,731,1,443,6,-1,99999,-1,-1,-3,-1,1,11940
2496,732,1,159,7,-1,99999,-1,-1,-3,-1,1,11940
2497,732,1,1282,4,-1,99999,-1,-1,-3,-1,1,11940
2498,732,1,1263,8,-1,99999,-1,-1,-3,-1,1,11940
2499,733,1,24,12,-1,99999,-1,-1,-3,-1,1,11940
2500,734,1,1408,2,-1,99999,-1,-1,-3,-1,1,12000
2501,734,1,395,4,-1,99999,-1,-1,-3,-1,1,12000
2502,735,1,1925,3,-1,99999,-1,-1,-3,-1,1,12000
2503,735,1,30,3,-1,99999,-1,-1,-3,-1,1,12000
2504,736,1,892,6,-1,99999,-1,-1,-3,-1,1,12060
2505,737,1,9,10,-1,99999,-1,-1,-3,-1,1,12060
2506,737,1,984,2,-1,99999,-1,-1,-3,-1,1,12060
2507,737,1,1828,2,-1,99999,-1,-1,-3,-1,1,12060
2508,738,1,1783,1,-1,99999,-1,-1,-3,-1,1,12060
2509,738,1,1210,2,-1,99999,-1,-1,-3,-1,1,12060
2510,738,1,238,7,-1,99999,-1,-1,-3,-1,1,12060
2511,738,1,14,7,-1,99999,-1,-1,-3,-1,1,12060
2512,738,1,49,12,-1,99999,-1,-1,-3,-1,1,12060
2513,738,1,1165,2,-1,99999,-1,-1,-3,-1,1,12060
2514,738,1,2399,2,-1,99999,-1,-1,-3,-1,1,12060
2515,739,1,815,5,-1,99999,-1,-1,-3,-1,1,12060
2516,740,1,357,8,-1,99999,-1,-1,-3,-1,1,12120
2517,740,1,237,5,-1,99999,-1,-1,-3,-1,1,12120
2518,740,1,784,7,-1,99999,-1,-1,-3,-1,1,12120
2519,740,1,394,4,-1,99999,-1,-1,-3,-1,1,12120
2520,740,1,608,8,-1,99999,-1,-1,-3,-1,1,12120
2521,741,1,70,7,-1,99999,-1,-1,-3,-1,1,12180
2522,741,1,273,8,-1,99999,-1,-1,-3,-1,1,12180
2523,741,1,1174,1,-1,99999,-1,-1,-3,-1,1,12180
2524,742,1,115,6,-1,99999,-1,-1,-3,-1,1,12180
2525,743,1,240,2,-1,99999,-1,-1,-3,-1,1,12180
2526,743,1,161,5,-1,99999,-1,-1,-3,-1,1,12180
2527,744,1,221,6,-1,99999,-1,-1,-3,-1,1,12180
2528,744,1,1764,2,-1,99999,-1,-1,-3,-1,1,12180
2529,744,1,77,7,-1,99999,-1,-1,-3,-1,1,12180
2530,744,1,1272,2,-1,99999,-1,-1,-3,-1,1,12180
2531,744,1,992,6,-1,99999,-1,-1,-3,-1,1,12180
2532,744,1,182,9,-1,99999,-1,-1,-3,-1,1,12180
2533,745,1,147,12,-1,99999,-1,-1,-3,-1,1,12240
2534,746,1,45,9,-1,99999,-1,-1,-3,-1,1,12240
2535,747,1,646,4,-1,99999,-1,-1,-3,-1,1,12240
2536,748,1,950,12,-1,99999,-1,-1,-3,-1,1,12240
2537,748,1,21,6,-1,99999,-1,-1,-3,-1,1,12240
2538,749,1,197,8,-1,99999,-1,-1,-3,-1,1,12240
2539,749,1,5,2,-1,99999,-1,-1,-3,-1,1,12240
2540,750,1,216,9,-1,99999,-1,-1,-3,-1,1,12240
2541,751,1,82,8,-1,99999,-1,-1,-3,-1,1,12240
2542,752,1,2638,2,-1,99999,-1,-1,-3,-1,1,12300
2543,753,1,22,5,-1,99999,-1,-1,-3,-1,1,12300
2544,753,1,675,4,-1,99999,-1,-1,-3,-1,1,12300
2545,753,1,1383,10,-1,99999,-1,-1,-3,-1,1,12300
2546,753,1,1081,3,-1,99999,-1,-1,-3,-1,1,12300
2547,753,1,82,6,-1,99999,-1,-1,-3,-1,1,12300
2548,753,1,2953,2,-1,99999,-1,-1,-3,-1,1,12300
2549,753,1,196,3,-1,99999,-1,-1,-3,-1,1,12300
2550,754,1,240,6,-1,99999,-1,-1,-3,-1,1,12300
2551,754,1,235,6,-1,99999,-1,-1,-3,-1,1,12300
2552,755,1,219,3,-1,99999,-1,-1,-3,-1,1,12300
2553,755,1,342,9,-1,99999,-1,-1,-3,-1,1,12300
2554,755,1,213,5,-1,99999,-1,-1,-3,-1,1,12300
2555,756,1,43,6,-1,99999,-1,-1,-3,-1,1,12360
2556,756,1,145,4,-1,99999,-1,-1,-3,-1,1,12360
2557,756,1,199,9,-1,99999,-1,-1,-3,-1,1,12360
2558,756,1,348,10,-1,99999,-1,-1,-3,-1,1,12360
2559,756,1,1547,12,-1,99999,-1,-1,-3,-1,1,12360
2560,756,1,84,8,-1,99999,-1,-1,-3,-1,1,12360
2561,757,1,29,4,-1,99999,-1,-1,-3,-1,1,12360
2562,757,1,2996,4,-1,99999,-1,-1,-3,-1,1,12360
2563,757,1,2249,2,-1,99999,-1,-1,-3,-1,1,12360
2564,757,1,37,10,-1,99999,-1,-1,-3,-1,1,12360
2565,757,1,399,6,-1,99999,-1,-1,-3,-1,1,12360
2566,757,1,1549,1,-1,99999,-1,-1,-3,-1,1,12360
2567,757,1,86,2,-1,99999,-1,-1,-3,-1,1,12360
2568,757,1,1034,2,-1,99999,-1,-1,-3,-1,1,12360
2569,757,1,20,2,-1,99999,-1,-1,-3,-1,1,12360
2570,757,1,134,3,-1,99999,-1,-1,-3,-1,1,12360
2571,758,1,160,8,-1,99999,-1,-1,-3,-1,1,12420
2572,758,1,276,5,-1,99999,-1,-1,-3,-1,1,12420
2573,758,1,336,5,-1,99999,-1,-1,-3,-1,1,12420
2574,758,1,736,5,-1,99999,-1,-1,-3,-1,1,12420
2575,758,1,1677,2,-1,99999,-1,-1,-3,-1,1,12420
2576,758,1,510,2,-1,99999,-1,-1,-3,-1,1,12420
2577,759,1,1682,2,-1,99999,-1,-1,-3,-1,1,12420
2578,759,1,241,12,-1,99999,-1,-1,-3,-1,1,12420
2579,760,1,787,2,-1,99999,-1,-1,-3,-1,1,12420
2580,760,1,200,8,-1,99999,-1,-1,-3,-1,1,12420
2581,760,1,843,8,-1,99999,-1,-1,-3,-1,1,12420
2582,760,1,521,4,-1,99999,-1,-1,-3,-1,1,12420
2583,760,1,206,4,-1,99999,-1,-1,-3,-1,1,12420
2584,760,1,655,6,-1,99999,-1,-1,-3,-1,1,12420
2585,761,1,1978,2,-1,99999,-1,-1,-3,-1,1,12420
2586,762,1,1201,2,-1,99999,-1,-1,-3,-1,1,12420
2587,762,1,439,9,-1,99999,-1,-1,-3,-1,1,12420
2588,762,1,203,8,-1,99999,-1,-1,-3,-1,1,12420
2589,762,1,201,3,-1,99999,-1,-1,-3,-1,1,12420
2590,762,1,37,10,-1,99999,-1,-1,-3,-1,1,12420
2591,762,1,916,7,-1,99999,-1,-1,-3,-1,1,12420
2592,762,1,1642,12,-1,99999,-1,-1,-3,-1,1,12420
2593,762,1,139,9,-1,99999,-1,-1,-3,-1,1,12420
2594,763,1,127,8,-1,99999,-1,-1,-3,-1,1,12480
2595,763,1,25,4,-1,99999,-1,-1,-3,-1,1,12480
2596,764,1,379,4,-1,99999,-1,-1,-3,-1,1,12480
2597,764,1,909,12,-1,99999,-1,-1,-3,-1,1,12480
2598,764,1,60,6,-1,99999,-1,-1,-3,-1,1,12480
2599,765,1,23,4,-1,99999,-1,-1,-3,-1,1,12480
2600,766,1,288,9,-1,99999,-1,-1,-3,-1,1,12480
2601,766,1,535,6,-1,99999,-1,-1,-3,-1,1,12480
2602,767,1,66,2,-1,99999,-1,-1,-3,-1,1,12480
2603,767,1,90,4,-1,99999,-1,-1,-3,-1,1,12480
2604,768,1,67,8,-1,99999,-1,-1,-3,-1,1,12480
2605,768,1,1291,3,-1,99999,-1,-1,-3,-1,1,12480
2606,769,1,32,7,-1,99999,-1,-1,-3,-1,1,12480
2607,769,1,932,4,-1,99999,-1,-1,-3,-1,1,12480
2608,770,1,255,4,-1,99999,-1,-1,-3,-1,1,12480
2609,770,1,873,7,-1,99999,-1,-1,-3,-1,1,12480
2610,770,1,681,12,-1,99999,-1,-1,-3,-1,1,12480
2611,771,1,0,10,-1,99999,-1,-1,-3,-1,1,12480
2612,771,1,896,9,-1,99999,-1,-1,-3,-1,1,12480
2613,771,1,112,7,-1,99999,-1,-1,-3,-1,1,12480
2614,772,1,15,8,-1,99999,-1,-1,-3,-1,1,12540
2615,772,1,310,5,-1,99999,-1,-1,-3,-1,1,12540
2616,772,1,199,9,-1,99999,-1,-1,-3,-1,1,12540
2617,772,1,496,8,-1,99999,-1,-1,-3,-1,1,12540
2618,772,1,1021,4,-1,99999,-1,-1,-3,-1,1,12540
2619,773,1,933,9,-1,99999,-1,-1,-3,-1,1,12540
2620,774,1,165,8,-1,99999,-1,-1,-3,-1,1,12540
2621,775,1,1152,4,-1,99999,-1,-1,-3,-1,1,12540
2622,776,1,375,10,-1,99999,-1,-1,-3,-1,1,12600
2623,777,1,70,8,-1,99999,-1,-1,-3,-1,1,12600
2624,777,1,410,8,-1,99999,-1,-1,-3,-1,1,12600
2625,778,1,982,10,-1,99999,-1,-1,-3,-1,1,12600
2626,778,1,167,2,-1,99999,-1,-1,-3,-1,1,12600
2627,778,1,247,8,-1,99999,-1,-1,-3,-1,1,12600
2628,778,1,1776,3,-1,99999,-1,-1,-3,-1,1,12600
2629,779,1,212,3,-1,99999,-1,-1,-3,-1,1,12660
2630,779,1,322,12,-1,99999,-1,-1,-3,-1,1,12660
2631,780,1,1087,2,-1,99999,-1,-1,-3,-1,1,12660
2632,780,1,39,11,-1,99999,-1,-1,-3,-1,1,12660
2633,780,1,138,9,-1,99999,-1,-1,-3,-1,1,12660
2634,781,1,223,6,-1,99999,-1,-1,-3,-1,1,12720
2635,781,1,546,8,-1,99999,-1,-1,-3,-1,1,12720
2636,781,1,162,7,-1,99999,-1,-1,-3,-1,1,12720
2637,781,1,37,9,-1,99999,-1,-1,-3,-1,1,12720
2638,781,1,383,12,-1,99999,-1,-1,-3,-1,1,12720
2639,781,1,1395,4,-1,99999,-1,-1,-3,-1,1,12720
2640,781,1,335,6,-1,99999,-1,-1,-3,-1,1,12720
2641,781,1,42,7,-1,99999,-1,-1,-3,-1,1,12720
2642,781,1,92,9,-1,99999,-1,-1,-3,-1,1,12720
2643,782,1,473,7,-1,99999,-1,-1,-3,-1,1,12720
2644,782,1,452,11,-1,99999,-1,-1,-3,-1,1,12720
2645,783,1,1312,3,-1,99999,-1,-1,-3,-1,1,12780
2646,784,1,358,10,-1,99999,-1,-1,-3,-1,1,12780
2647,785,1,1424,4,-1,99999,-1,-1,-3,-1,1,12780
2648,786,1,147,6,-1,99999,-1,-1,-3,-1,1,12780
2649,786,1,20,2,-1,99999,-1,-1,-3,-1,1,12780
2650,786,1,220,8,-1,99999,-1,-1,-3,-1,1,12780
2651,786,1,347,4,-1,99999,-1,-1,-3,-1,1,12780
2652,787,1,3,7,-1,99999,-1,-1,-3,-1,1,12840
2653,788,1,643,4,-1,99999,-1,-1,-3,-1,1,12840
2654,788,1,92,3,-1,99999,-1,-1,-3,-1,1,12840
2655,788,1,4,12,-1,99999,-1,-1,-3,-1,1,12840
2656,788,1,1462,4,-1,99999,-1,-1,-3,-1,1,12840
2657,788,1,1201,3,-1,99999,-1,-1,-3,-1,1,12840
2658,788,1,313,10,-1,99999,-1,-1,-3,-1,1,12840
2659,789,1,696,10,-1,99999,-1,-1,-3,-1,1,12900
2660,790,1,146,7,-1,99999,-1,-1,-3,-1,1,12900
2661,790,1,82,10,-1,99999,-1,-1,-3,-1,1,12900
2662,791,1,766,6,-1,99999,-1,-1,-3,-1,1,12900
2663,791,1,336,3,-1,99999,-1,-1,-3,-1,1,12900
2664,792,1,1272,4,-1,99999,-1,-1,-3,-1,1,12960
2665,792,1,0,2,-1,99999,-1,-1,-3,-1,1,12960
2666,792,1,46,8,-1,99999,-1,-1,-3,-1,1,12960
2667,793,1,1388,12,-1,99999,-1,-1,-3,-1,1,13020
2668,793,1,793,6,-1,99999,-1,-1,-3,-1,1,13020
2669,793,1,1489,6,-1,99999,-1,-1,-3,-1,1,13020
2670,793,1,9,6,-1,99999,-1,-1,-3,-1,1,13020
2671,793,1,137,9,-1,99999,-1,-1,-3,-1,1,13020
2672,793,1,1875,2,-1,99999,-1,-1,-3,-1,1,13020
2673,793,1,73,9,-1,99999,-1,-1,-3,-1,1,13020
2674,793,1,75,6,-1,99999,-1,-1,-3,-1,1,13020
2675,793,1,101,9,-1,99999,-1,-1,-3,-1,1,13020
2676,793,1,302,5,-1,99999,-1,-1,-3,-1,1,13020
2677,793,1,557,4,-1,99999,-1,-1,-3,-1,1,13020
2678,793,1,178,6,-1,99999,-1,-1,-3,-1,1,13020
2679,793,1,187,2,-1,99999,-1,-1,-3,-1,1,13020
2680,794,1,364,6,-1,99999,-1,-1,-3,-1,1,13020
2681,795,1,127,12,-1,99999,-1,-1,-3,-1,1,13080
2682,795,1,660,6,-1,99999,-1,-1,-3,-1,1,13080
2683,795,1,120,4,-1,99999,-1,-1,-3,-1,1,13080
2684,795,1,2638,4,-1,99999,-1,-1,-3,-1,1,13080
2685,795,1,1061,4,-1,99999,-1,-1,-3,-1,1,13080
2686,795,1,676,6,-1,99999,-1,-1,-3,-1,1,13080
2687,795,1,636,5,-1,99999,-1,-1,-3,-1,1,13080
2688,795,1,79,11,-1,99999,-1,-1,-3,-1,1,13080
2689,796,1,570,8,-1,99999,-1,-1,-3,-1,1,13080
2690,797,1,892,2,-1,99999,-1,-1,-3,-1,1,13080
2691,797,1,239,8,-1,99999,-1,-1,-3,-1,1,13080
2692,797,1,266,12,-1,99999,-1,-1,-3,-1,1,13080
2693,797,1,32,12,-1,99999,-1,-1,-3,-1,1,13080
2694,797,1,72,4,-1,99999,-1,-1,-3,-1,1,13080
2695,798,1,167,3,-1,99999,-1,-1,-3,-1,1,13080
2696,799,1,305,10,-1,99999,-1,-1,-3,-1,1,13080
2697,799,1,1139,8,-1,99999,-1,-1,-3,-1,1,13080
2698,800,1,937,1,-1,99999,-1,-1,-3,-1,1,13080
2699,801,1,4,9,-1,99999,-1,-1,-3,-1,1,13080
2700,801,1,409,2,-1,99999,-1,-1,-3,-1,1,13080
2701,801,1,193,8,-1,99999,-1,-1,-3,-1,1,13080
2702,801,1,1163,11,-1,99999,-1,-1,-3,-1,1,13080
2703,802,1,319,8,-1,99999,-1,-1,-3,-1,1,13080
2704,803,1,400,4,-1,99999,-1,-1,-3,-1,1,13080
2705,804,1,184,8,-1,99999,-1,-1,-3,-1,1,13080
2706,805,1,308,7,-1,99999,-1,-1,-3,-1,1,13080
2707,805,1,538,6,-1,99999,-1,-1,-3,-1,1,13080
2708,805,1,158,3,-1,99999,-1,-1,-3,-1,1,13080
2709,805,1,172,6,-1,99999,-1,-1,-3,-1,1,13080
2710,805,1,379,10,-1,99999,-1,-1,-3,-1,1,13080
2711,806,1,466,2,-1,99999,-1,-1,-3,-1,1,13140
2712,807,1,263,7,-1,99999,-1,-1,-3,-1,1,13140
2713,807,1,29,10,-1,99999,-1,-1,-3,-1,1,13140
2714,807,1,237,7,-1,99999,-1,-1,-3,-1,1,13140
2715,807,1,2946,2,-1,99999,-1,-1,-3,-1,1,13140
2716,807,1,109,6,-1,99999,-1,-1,-3,-1,1,13140
2717,808,1,346,5,-1,99999,-1,-1,-3,-1,1,13140
2718,809,1,791,6,-1,99999,-1,-1,-3,-1,1,13140
2719,809,1,1189,8,-1,99999,-1,-1,-3,-1,1,13140
2720,810,1,1090,11,-1,99999,-1,-1,-3,-1,1,13140
2721,810,1,109,4,-1,99999,-1,-1,-3,-1,1,13140
2722,810,1,90,2,-1,99999,-1,-1,-3,-1,1,13140
2723,810,1,123,4,-1,99999,-1,-1,-3,-1,1,13140
2724,810,1,207,8,-1,99999,-1,-1,-3,-1,1,13140
2725,810,1,2020,4,-1,99999,-1,-1,-3,-1,1,13140
2726,811,1,197,12,-1,99999,-1,-1,-3,-1,1,13260
2727,811,1,13,6,-1,99999,-1,-1,-3,-1,1,13260
2728,811,1,217,12,-1,99999,-1,-1,-3,-1,1,13260
2729,811,1,256,12,-1,99999,-1,-1,-3,-1,1,13260
2730,811,1,34,8,-1,99999,-1,-1,-3,-1,1,13260
2731,812,1,6,5,-1,99999,-1,-1,-3,-1,1,13260
2732,813,1,222,3,-1,99999,-1,-1,-3,-1,1,13320
2733,813,1,506,9,-1,99999,-1,-1,-3,-1,1,13320
2734,814,1,395,4,-1,99999,-1,-1,-3,-1,1,13320
2735,814,1,931,8,-1,99999,-1,-1,-3,-1,1,13320
2736,815,1,805,5,-1,99999,-1,-1,-3,-1,1,13320
2737,816,1,2569,2,-1,99999,-1,-1,-3,-1,1,13320
2738,816,1,1605,5,-1,99999,-1,-1,-3,-1,1,13320
2739,816,1,232,7,-1,99999,-1,-1,-3,-1,1,13320
2740,816,1,47,6,-1,99999,-1,-1,-3,-1,1,13320
2741,816,1,76,2,-1,99999,-1,-1,-3,-1,1,13320
2742,816,1,1849,2,-1,99999,-1,-1,-3,-1,1,13320
2743,816,1,214,7,-1,99999,-1,-1,-3,-1,1,13320
2744,816,1,279,2,-1,99999,-1,-1,-3,-1,1,13320
2745,817,1,344,7,-1,99999,-1,-1,-3,-1,1,13320
2746,818,1,106,9,-1,99999,-1,-1,-3,-1,1,13380
2747,818,1,469,8,-1,99999,-1,-1,-3,-1,1,13380
2748,818,1,1362,8,-1,99999,-1,-1,-3,-1,1,13380
2749,819,1,926,2,-1,99999,-1,-1,-3,-1,1,13380
2750,819,1,55,4,-1,99999,-1,-1,-3,-1,1,13380
2751,819,1,1132,6,-1,99999,-1,-1,-3,-1,1,13380
2752,820,1,1995,2,-1,99999,-1,-1,-3,-1,1,13380
2753,820,1,2597,1,-1,99999,-1,-1,-3,-1,1,13380
2754,820,1,1066,4,-1,99999,-1,-1,-3,-1,1,13380
2755,820,1,176,3,-1,99999,-1,-1,-3,-1,1,13380
2756,821,1,1374,8,-1,99999,-1,-1,-3,-1,1,13380
2757,821,1,139,11,-1,99999,-1,-1,-3,-1,1,13380
2758,821,1,154,8,-1,99999,-1,-1,-3,-1,1,13380
2759,822,1,658,8,-1,99999,-1,-1,-3,-1,1,13440
2760,822,1,2333,3,-1,99999,-1,-1,-3,-1,1,13440
2761,823,1,2233,3,-1,99999,-1,-1,-3,-1,1,13440
2762,823,1,772,2,-1,99999,-1,-1,-3,-1,1,13440
2763,823,1,20,2,-1,99999,-1,-1,-3,-1,1,13440
2764,823,1,1744,11,-1,99999,-1,-1,-3,-1,1,13440
2765,823,1,751,8,-1,99999,-1,-1,-3,-1,1,13440
2766,823,1,63,6,-1,99999,-1,-1,-3,-1,1,13440
2767,823,1,1711,4,-1,99999,-1,-1,-3,-1,1,13440
2768,824,1,63,8,-1,99999,-1,-1,-3,-1,1,13500
2769,824,1,61,10,-1,99999,-1,-1,-3,-1,1,13500
2770,824,1,808,7,-1,99999,-1,-1,-3,-1,1,13500
2771,824,1,225,2,-1,99999,-1,-1,-3,-1,1,13500
2772,824,1,57,12,-1,99999,-1,-1,-3,-1,1,13500
2773,824,1,104,9,-1,99999,-1,-1,-3,-1,1,13500
2774,824,1,16,5,-1,99999,-1,-1,-3,-1,1,13500
2775,824,1,949,8,-1,99999,-1,-1,-3,-1,1,13500
2776,825,1,49,10,-1,99999,-1,-1,-3,-1,1,13500
2777,826,1,691,5,-1,99999,-1,-1,-3,-1,1,13500
2778,826,1,55,12,-1,99999,-1,-1,-3,-1,1,13500
2779,826,1,399,4,-1,99999,-1,-1,-3,-1,1,13500
2780,826,1,1781,2,-1,99999,-1,-1,-3,-1,1,13500
2781,826,1,341,8,-1,99999,-1,-1,-3,-1,1,13500
2782,826,1,278,8,-1,99999,-1,-1,-3,-1,1,13500
2783,826,1,262,8,-1,99999,-1,-1,-3,-1,1,13500
2784,826,1,120,6,-1,99999,-1,-1,-3,-1,1,13500
2785,826,1,1363,6,-1,99999,-1,-1,-3,-1,1,13500
2786,826,1,557,6,-1,99999,-1,-1,-3,-1,1,13500
2787,826,1,555,4,-1,99999,-1,-1,-3,-1,1,13500
2788,826,1,0,8,-1,99999,-1,-1,-3,-1,1,13500
2789,827,1,2426,4,-1,99999,-1,-1,-3,-1,1,13500
2790,828,1,166,11,-1,99999,-1,-1,-3,-1,1,13560
2791,828,1,365,5,-1,99999,-1,-1,-3,-1,1,13560
2792,828,1,205,6,-1,99999,-1,-1,-3,-1,1,13560
2793,828,1,2793,2,-1,99999,-1,-1,-3,-1,1,13560
2794,828,1,57,9,-1,99999,-1,-1,-3,-1,1,13560
2795,828,1,790,2,-1,99999,-1,-1,-3,-1,1,13560
2796,829,1,732,4,-1,99999,-1,-1,-3,-1,1,13620
2797,829,1,1438,3,-1,99999,-1,-1,-3,-1,1,13620
2798,829,1,12,9,-1,99999,-1,-1,-3,-1,1,13620
2799,829,1,263,2,-1,99999,-1,-1,-3,-1,1,13620
2800,829,1,29,10,-1,99999,-1,-1,-3,-1,1,13620
2801,829,1,0,3,-1,99999,-1,-1,-3,-1,1,13620
2802,829,1,1371,10,-1,99999,-1,-1,-3,-1,1,13620
2803,829,1,618,1,-1,99999,-1,-1,-3,-1,1,13620
2804,829,1,20,5,-1,99999,-1,-1,-3,-1,1,13620
2805,829,1,10,10,-1,99999,-1,-1,-3,-1,1,13620
2806,830,1,97,11,-1,99999,-1,-1,-3,-1,1,13620
2807,830,1,9,4,-1,99999,-1,-1,-3,-1,1,13620
2808,830,1,357,10,-1,99999,-1,-1,-3,-1,1,13620
2809,830,1,361,6,-1,99999,-1,-1,-3,-1,1,13620
2810,830,1,1045,2,-1,99999,-1,-1,-3,-1,1,13620
2811,830,1,120,11,-1,99999,-1,-1,-3,-1,1,13620
2812,831,1,204,10,-1,99999,-1,-1,-3,-1,1,13620
2813,831,1,1858,3,-1,99999,-1,-1,-3,-1,1,13620
2814,831,1,265,8,-1,99999,-1,-1,-3,-1,1,13620
2815,832,1,2695,3,-1,99999,-1,-1,-3,-1,1,13620
2816,832,1,65,8,-1,99999,-1,-1,-3,-1,1,13620
2817,832,1,818,6,-1,99999,-1,-1,-3,-1,1,13620
2818,832,1,470,5,-1,99999,-1,-1,-3,-1,1,13620
2819,832,1,1250,8,-1,99999,-1,-1,-3,-1,1,13620
2820,833,1,188,8,-1,99999,-1,-1,-3,-1,1,13620
2821,833,1,470,8,-1,99999,-1,-1,-3,-1,1,13620
2822,833,1,146,8,-1,99999,-1,-1,-3,-1,1,13620
2823,834,1,2575,4,-1,99999,-1,-1,-3,-1,1,13680
2824,834,1,1,10,-1,99999,-1,-1,-3,-1,1,13680
2825,834,1,180,6,-1,99999,-1,-1,-3,-1,1,13680
2826,834,1,78,6,-1,99999,-1,-1,-3,-1,1,13680
2827,834,1,73,1,-1,99999,-1,-1,-3,-1,1,13680
2828,834,1,2,7,-1,99999,-1,-1,-3,-1,1,13680
2829,834,1,49,6,-1,99999,-1,-1,-3,-1,1,13680
2830,834,1,0,7,-1,99999,-1,-1,-3,-1,1,13680
2831,835,1,1517,6,-1,99999,-1,-1,-3,-1,1,13680
2832,835,1,17,6,-1,99999,-1,-1,-3,-1,1,13680
2833,835,1,514,10,-1,99999,-1,-1,-3,-1,1,13680
2834,836,1,616,2,-1,99999,-1,-1,-3,-1,1,13680
2835,837,1,1956,3,-1,99999,-1,-1,-3,-1,1,13680
2836,837,1,1949,3,-1,99999,-1,-1,-3,-1,1,13680
2837,837,1,1726,2,-1,99999,-1,-1,-3,-1,1,13680
2838,837,1,770,6,-1,99999,-1,-1,-3,-1,1,13680
2839,837,1,1368,4,-1,99999,-1,-1,-3,-1,1,13680
2840,837,1,466,5,-1,99999,-1,-1,-3,-1,1,13680
2841,837,1,1183,6,-1,99999,-1,-1,-3,-1,1,13680
2842,838,1,958,9,-1,99999,-1,-1,-3,-1,1,13680
2843,839,1,218,4,-1,99999,-1,-1,-3,-1,1,13680
2844,840,1,468,8,-1,99999,-1,-1,-3,-1,1,13680
2845,841,1,310,7,-1,99999,-1,-1,-3,-1,1,13680
2846,842,1,22,10,-1,99999,-1,-1,-3,-1,1,13740
2847,843,1,2285,2,-1,99999,-1,-1,-3,-1,1,13740
2848,843,1,95,8,-1,99999,-1,-1,-3,-1,1,13740
2849,843,1,9,9,-1,99999,-1,-1,-3,-1,1,13740
2850,844,1,895,2,-1,99999,-1,-1,-3,-1,1,13740
2851,844,1,66,6,-1,99999,-1,-1,-3,-1,1,13740
2852,844,1,229,7,-1,99999,-1,-1,-3,-1,1,13740
2853,845,1,5,3,-1,99999,-1,-1,-3,-1,1,13740
2854,845,1,96,9,-1,99999,-1,-1,-3,-1,1,13740
2855,845,1,513,4,-1,99999,-1,-1,-3,-1,1,13740
2856,846,1,273,7,-1,99999,-1,-1,-3,-1,1,13800
2857,846,1,1658,5,-1,99999,-1,-1,-3,-1,1,13800
2858,846,1,170,4,-1,99999,-1,-1,-3,-1,1,13800
2859,847,1,81,4,-1,99999,-1,-1,-3,-1,1,13800
2860,847,1,28,9,-1,99999,-1,-1,-3,-1,1,13800
2861,847,1,426,4,-1,99999,-1,-1,-3,-1,1,13800
2862,848,1,0,11,-1,99999,-1,-1,-3,-1,1,13800
2863,848,1,1476,8,-1,99999,-1,-1,-3,-1,1,13800
2864,848,1,319,8,-1,99999,-1,-1,-3,-1,1,13800
2865,848,1,1505,3,-1,99999,-1,-1,-3,-1,1,13800
2866,849,1,189,9,-1,99999,-1,-1,-3,-1,1,13800
2867,850,1,268,5,-1,99999,-1,-1,-3,-1,1,13800
2868,850,1,1992,4,-1,99999,-1,-1,-3,-1,1,13800
2869,851,1,287,7,-1,99999,-1,-1,-3,-1,1,13860
2870,852,1,3071,2,-1,99999,-1,-1,-3,-1,1,13860
2871,852,1,1010,4,-1,99999,-1,-1,-3,-1,1,13860
2872,853,1,3,6,-1,99999,-1,-1,-3,-1,1,13860
2873,853,1,231,10,-1,99999,-1,-1,-3,-1,1,13860
2874,854,1,1175,8,-1,99999,-1,-1,-3,-1,1,13860
2875,854,1,1757,8,-1,99999,-1,-1,-3,-1,1,13860
2876,854,1,20,6,-1,99999,-1,-1,-3,-1,1,13860
2877,855,1,2,4,-1,99999,-1,-1,-3,-1,1,13920
2878,855,1,889,4,-1,99999,-1,-1,-3,-1,1,13920
2879,855,1,20,3,-1,99999,-1,-1,-3,-1,1,13920
2880,856,1,912,5,-1,99999,-1,-1,-3,-1,1,13920
2881,856,1,125,10,-1,99999,-1,-1,-3,-1,1,13920
2882,857,1,1106,10,-1,99999,-1,-1,-3,-1,1,13920
2883,857,1,85,6,-1,99999,-1,-1,-3,-1,1,13920
2884,858,1,1306,4,-1,99999,-1,-1,-3,-1,1,13920
2885,858,1,63,4,-1,99999,-1,-1,-3,-1,1,13920
2886,858,1,235,8,-1,99999,-1,-1,-3,-1,1,13920
2887,859,1,440,8,-1,99999,-1,-1,-3,-1,1,13920
2888,860,1,40,4,-1,99999,-1,-1,-3,-1,1,13980
2889,860,1,2186,2,-1,99999,-1,-1,-3,-1,1,13980
2890,860,1,1980,4,-1,99999,-1,-1,-3,-1,1,13980
2891,860,1,92,3,-1,99999,-1,-1,-3,-1,1,13980
2892,860,1,183,6,-1,99999,-1,-1,-3,-1,1,13980
2893,861,1,269,10,-1,99999,-1,-1,-3,-1,1,14040
2894,861,1,303,11,-1,99999,-1,-1,-3,-1,1,14040
2895,861,1,237,7,-1,99999,-1,-1,-3,-1,1,14040
2896,861,1,1206,3,-1,99999,-1,-1,-3,-1,1,14040
2897,861,1,214,6,-1,99999,-1,-1,-3,-1,1,14040
2898,861,1,12,6,-1,99999,-1,-1,-3,-1,1,14040
2899,861,1,244,10,-1,99999,-1,-1,-3,-1,1,14040
2900,862,1,248,5,-1,99999,-1,-1,-3,-1,1,14040
2901,862,1,89,7,-1,99999,-1,-1,-3,-1,1,14040
2902,863,1,332,9,-1,99999,-1,-1,-3,-1,1,14040
2903,863,1,2335,4,-1,99999,-1,-1,-3,-1,1,14040
2904,864,1,354,8,-1,99999,-1,-1,-3,-1,1,14100
2905,864,1,42,10,-1,99999,-1,-1,-3,-1,1,14100
2906,864,1,118,7,-1,99999,-1,-1,-3,-1,1,14100
2907,864,1,1592,10,-1,99999,-1,-1,-3,-1,1,14100
2908,865,1,609,4,-1,99999,-1,-1,-3,-1,1,14100
2909,865,1,211,7,-1,99999,-1,-1,-3,-1,1,14100
2910,866,1,44,10,-1,99999,-1,-1,-3,-1,1,14160
2911,866,1,629,6,-1,99999,-1,-1,-3,-1,1,14160
2912,866,1,1905,4,-1,99999,-1,-1,-3,-1,1,14160
2913,867,1,135,4,-1,99999,-1,-1,-3,-1,1,14160
2914,867,1,172,3,-1,99999,-1,-1,-3,-1,1,14160
2915,867,1,440,6,-1,99999,-1,-1,-3,-1,1,14160
2916,867,1,517,9,-1,99999,-1,-1,-3,-1,1,14160
2917,867,1,1175,6,-1,99999,-1,-1,-3,-1,1,14160
2918,867,1,113,2,-1,99999,-1,-1,-3,-1,1,14160
2919,868,1,58,9,-1,99999,-1,-1,-3,-1,1,14160
2920,868,1,356,8,-1,99999,-1,-1,-3,-1,1,14160
2921,868,1,734,8,-1,99999,-1,-1,-3,-1,1,14160
2922,869,1,39,3,-1,99999,-1,-1,-3,-1,1,14160
2923,870,1,1,8,-1,99999,-1,-1,-3,-1,1,14220
2924,870,1,1163,6,-1,99999,-1,-1,-3,-1,1,14220
2925,870,1,1328,8,-1,99999,-1,-1,-3,-1,1,14220
2926,871,1,270,10,-1,99999,-1,-1,-3,-1,1,14220
2927,871,1,307,6,-1,99999,-1,-1,-3,-1,1,14220
2928,871,1,1292,7,-1,99999,-1,-1,-3,-1,1,14220
2929,871,1,259,10,-1,99999,-1,-1,-3,-1,1,14220
2930,871,1,1723,2,-1,99999,-1,-1,-3,-1,1,14220
2931,872,1,32,12,-1,99999,-1,-1,-3,-1,1,14220
2932,872,1,110,2,-1,99999,-1,-1,-3,-1,1,14220
2933,873,1,22,9,-1,99999,-1,-1,-3,-1,1,14220
2934,873,1,654,6,-1,99999,-1,-1,-3,-1,1,14220
2935,874,1,768,12,-1,99999,-1,-1,-3,-1,1,14280
2936,874,1,1851,2,-1,99999,-1,-1,-3,-1,1,14280
2937,874,1,346,10,-1,99999,-1,-1,-3,-1,1,14280
2938,874,1,0,8,-1,99999,-1,-1,-3,-1,1,14280
2939,874,1,4,3,-1,99999,-1,-1,-3,-1,1,14280
2940,874,1,1217,5,-1,99999,-1,-1,-3,-1,1,14280
2941,874,1,1502,1,-1,99999,-1,-1,-3,-1,1,14280
2942,875,1,302,10,-1,99999,-1,-1,-3,-1,1,14280
2943,876,1,729,6,-1,99999,-1,-1,-3,-1,1,14280
2944,876,1,33,5,-1,99999,-1,-1,-3,-1,1,14280
2945,876,1,397,6,-1,99999,-1,-1,-3,-1,1,14280
2946,877,1,419,8,-1,99999,-1,-1,-3,-1,1,14280
2947,877,1,253,8,-1,99999,-1,-1,-3,-1,1,14280
2948,877,1,325,8,-1,99999,-1,-1,-3,-1,1,14280
2949,877,1,349,10,-1,99999,-1,-1,-3,-1,1,14280
2950,877,1,27,2,-1,99999,-1,-1,-3,-1,1,14280
2951,878,1,143,6,-1,99999,-1,-1,-3,-1,1,14280
2952,878,1,1433,6,-1,99999,-1,-1,-3,-1,1,14280
2953,878,1,315,8,-1,99999,-1,-1,-3,-1,1,14280
2954,878,1,391,10,-1,99999,-1,-1,-3,-1,1,14280
2955,878,1,2341,4,-1,99999,-1,-1,-3,-1,1,14280
2956,878,1,23,3,-1,99999,-1,-1,-3,-1,1,14280
2957,879,1,2,7,-1,99999,-1,-1,-3,-1,1,14280
2958,879,1,183,6,-1,99999,-1,-1,-3,-1,1,14280
2959,879,1,57,7,-1,99999,-1,-1,-3,-1,1,14280
2960,879,1,38,6,-1,99999,-1,-1,-3,-1,1,14280
2961,879,1,151,12,-1,99999,-1,-1,-3,-1,1,14280
2962,879,1,509,8,-1,99999,-1,-1,-3,-1,1,14280
2963,879,1,44,10,-1,99999,-1,-1,-3,-1,1,14280
2964,880,1,61,3,-1,99999,-1,-1,-3,-1,1,14280
2965,881,1,2,7,-1,99999,-1,-1,-3,-1,1,14280
2966,881,1,469,4,-1,99999,-1,-1,-3,-1,1,14280
2967,881,1,991,5,-1,99999,-1,-1,-3,-1,1,14280
2968,881,1,425,7,-1,99999,-1,-1,-3,-1,1,14280
2969,881,1,343,3,-1,99999,-1,-1,-3,-1,1,14280
2970,881,1,186,4,-1,99999,-1,-1,-3,-1,1,14280
2971,881,1,242,3,-1,99999,-1,-1,-3,-1,1,14280
2972,881,1,317,8,-1,99999,-1,-1,-3,-1,1,14280
2973,882,1,213,8,-1,99999,-1,-1,-3,-1,1,14340
2974,883,1,2181,3,-1,99999,-1,-1,-3,-1,1,14340
2975,883,1,22,12,-1,99999,-1,-1,-3,-1,1,14340
2976,883,1,1490,10,-1,99999,-1,-1,-3,-1,1,14340
2977,883,1,921,4,-1,99999,-1,-1,-3,-1,1,14340
2978,883,1,27,7,-1,99999,-1,-1,-3,-1,1,14340
2979,883,1,218,6,-1,99999,-1,-1,-3,-1,1,14340
2980,883,1,2504,4,-1,99999,-1,-1,-3,-1,1,14340
2981,884,1,1734,2,-1,99999,-1,-1,-3,-1,1,14400
2982,884,1,1588,4,-1,99999,-1,-1,-3,-1,1,14400
2983,884,1,534,6,-1,99999,-1,-1,-3,-1,1,14400
2984,884,1,197,9,-1,99999,-1,-1,-3,-1,1,14400
2985,884,1,524,8,-1,99999,-1,-1,-3,-1,1,14400
2986,884,1,120,8,-1,99999,-1,-1,-3,-1,1,14400
2987,885,1,637,8,-1,99999,-1,-1,-3,-1,1,14400
2988,886,1,106,4,-1,99999,-1,-1,-3,-1,1,14400
2989,887,1,90,2,-1,99999,-1,-1,-3,-1,1,14460
2990,888,1,2496,4,-1,99999,-1,-1,-3,-1,1,14460
2991,888,1,489,9,-1,99999,-1,-1,-3,-1,1,14460
2992,889,1,32,4,-1,99999,-1,-1,-3,-1,1,14460
2993,889,1,101,6,-1,99999,-1,-1,-3,-1,1,14460
2994,889,1,783,8,-1,99999,-1,-1,-3,-1,1,14460
2995,889,1,309,10,-1,99999,-1,-1,-3,-1,1,14460
2996,890,1,3193,2,-1,99999,-1,-1,-3,-1,1,14520
2997,890,1,34,11,-1,99999,-1,-1,-3,-1,1,14520
2998,890,1,8,4,-1,99999,-1,-1,-3,-1,1,14520
2999,890,1,814,4,-1,99999,-1,-1,-3,-1,1,14520
3000,891,1,1250,4,-1,99999,-1,-1,-3,-1,1,14520
3001,892,1,84,6,-1,99999,-1,-1,-3,-1,1,14580
3002,893,1,294,8,-1,99999,-1,-1,-3,-1,1,14580
3003,893,1,2630,2,-1,99999,-1,-1,-3,-1,1,14580
3004,893,1,295,2,-1,99999,-1,-1,-3,-1,1,14580
3005,894,1,971,10,-1,99999,-1,-1,-3,-1,1,14580
3006,894,1,590,8,-1,99999,-1,-1,-3,-1,1,14580
3007,895,1,244,6,-1,99999,-1,-1,-3,-1,1,14580
3008,895,1,248,4,-1,99999,-1,-1,-3,-1,1,14580
3009,895,1,1064,4,-1,99999,-1,-1,-3,-1,1,14580
3010,896,1,70,10,-1,99999,-1,-1,-3,-1,1,14580
3011,896,1,479,10,-1,99999,-1,-1,-3,-1,1,14580
3012,897,1,38,7,-1,99999,-1,-1,-3,-1,1,14580
3013,897,1,47,6,-1,99999,-1,-1,-3,-1,1,14580
3014,897,1,118,10,-1,99999,-1,-1,-3,-1,1,14580
3015,897,1,295,10,-1,99999,-1,-1,-3,-1,1,14580
3016,897,1,1000,8,-1,99999,-1,-1,-3,-1,1,14580
3017,897,1,216,5,-1,99999,-1,-1,-3,-1,1,14580
3018,898,1,178,10,-1,99999,-1,-1,-3,-1,1,14580
3019,898,1,1032,10,-1,99999,-1,-1,-3,-1,1,14580
3020,899,1,163,11,-1,99999,-1,-1,-3,-1,1,14580
3021,899,1,2983,2,-1,99999,-1,-1,-3,-1,1,14580
3022,899,1,1,4,-1,99999,-1,-1,-3,-1,1,14580
3023,900,1,201,8,-1,99999,-1,-1,-3,-1,1,14640
3024,900,1,329,3,-1,99999,-1,-1,-3,-1,1,14640
3025,900,1,9,4,-1,99999,-1,-1,-3,-1,1,14640
3026,901,1,479,9,-1,99999,-1,-1,-3,-1,1,14640
3027,901,1,538,10,-1,99999,-1,-1,-3,-1,1,14640
3028,902,1,377,12,-1,99999,-1,-1,-3,-1,1,14640
3029,902,1,126,11,-1,99999,-1,-1,-3,-1,1,14640
3030,903,1,325,2,-1,99999,-1,-1,-3,-1,1,14700
3031,903,1,99,4,-1,99999,-1,-1,-3,-1,1,14700
3032,903,1,686,4,-1,99999,-1,-1,-3,-1,1,14700
3033,903,1,1821,8,-1,99999,-1,-1,-3,-1,1,14700
3034,904,1,2799,1,-1,99999,-1,-1,-3,-1,1,14700
3035,905,1,2563,4,-1,99999,-1,-1,-3,-1,1,14700
3036,905,1,625,4,-1,99999,-1,-1,-3,-1,1,14700
3037,905,1,1728,3,-1,99999,-1,-1,-3,-1,1,14700
3038,905,1,3168,1,-1,99999,-1,-1,-3,-1,1,14700
3039,905,1,521,2,-1,99999,-1,-1,-3,-1,1,14700
3040,905,1,92,4,-1,99999,-1,-1,-3,-1,1,14700
3041,905,1,2172,2,-1,99999,-1,-1,-3,-1,1,14700
3042,905,1,893,3,-1,99999,-1,-1,-3,-1,1,14700
3043,906,1,3114,2,-1,99999,-1,-1,-3,-1,1,14700
3044,907,1,113,5,-1,99999,-1,-1,-3,-1,1,14700
3045,907,1,109,8,-1,99999,-1,-1,-3,-1,1,14700
3046,907,1,1812,4,-1,99999,-1,-1,-3,-1,1,14700
3047,907,1,682,10,-1,99999,-1,-1,-3,-1,1,14700
3048,908,1,2,12,-1,99999,-1,-1,-3,-1,1,14760
3049,908,1,620,2,-1,99999,-1,-1,-3,-1,1,14760
3050,909,1,254,7,-1,99999,-1,-1,-3,-1,1,14760
3051,910,1,1607,3,-1,99999,-1,-1,-3,-1,1,14760
3052,910,1,197,10,-1,99999,-1,-1,-3,-1,1,14760
3053,910,1,929,6,-1,99999,-1,-1,-3,-1,1,14760
3054,910,1,148,11,-1,99999,-1,-1,-3,-1,1,14760
3055,910,1,87,6,-1,99999,-1,-1,-3,-1,1,14760
3056,910,1,542,10,-1,99999,-1,-1,-3,-1,1,14760
3057,910,1,1999,4,-1,99999,-1,-1,-3,-1,1,14760
3058,910,1,23,6,-1,99999,-1,-1,-3,-1,1,14760
3059,910,1,896,9,-1,99999,-1,-1,-3,-1,1,14760
3060,910,1,2528,2,-1,99999,-1,-1,-3,-1,1,14760
3061,910,1,546,9,-1,99999,-1,-1,-3,-1,1,14760
3062,911,1,35,3,-1,99999,-1,-1,-3,-1,1,14760
3063,911,1,305,8,-1,99999,-1,-1,-3,-1,1,14760
3064,912,1,18,12,-1,99999,-1,-1,-3,-1,1,14760
3065,913,1,136,10,-1,99999,-1,-1,-3,-1,1,14820
3066,914,1,1164,6,-1,99999,-1,-1,-3,-1,1,14820
3067,915,1,609,3,-1,99999,-1,-1,-3,-1,1,14820
3068,915,1,88,7,-1,99999,-1,-1,-3,-1,1,14820
3069,915,1,2087,3,-1,99999,-1,-1,-3,-1,1,14820
3070,915,1,248,2,-1,99999,-1,-1,-3,-1,1,14820
3071,916,1,167,5,-1,99999,-1,-1,-3,-1,1,14820
3072,917,1,14,6,-1,99999,-1,-1,-3,-1,1,14880
3073,917,1,2098,4,-1,99999,-1,-1,-3,-1,1,14880
3074,917,1,649,4,-1,99999,-1,-1,-3,-1,1,14880
3075,917,1,510,3,-1,99999,-1,-1,-3,-1,1,14880
3076,917,1,2937,2,-1,99999,-1,-1,-3,-1,1,14880
3077,917,1,1646,4,-1,99999,-1,-1,-3,-1,1,14880
3078,918,1,302,10,-1,99999,-1,-1,-3,-1,1,14880
3079,918,1,67,6,-1,99999,-1,-1,-3,-1,1,14880
3080,918,1,66,2,-1,99999,-1,-1,-3,-1,1,14880
3081,918,1,1316,4,-1,99999,-1,-1,-3,-1,1,14880
3082,918,1,78,2,-1,99999,-1,-1,-3,-1,1,14880
3083,918,1,487,6,-1,99999,-1,-1,-3,-1,1,14880
3084,918,1,470,7,-1,99999,-1,-1,-3,-1,1,14880
3085,919,1,28,10,-1,99999,-1,-1,-3,-1,1,14880
3086,919,1,1725,2,-1,99999,-1,-1,-3,-1,1,14880
3087,920,1,2676,1,-1,99999,-1,-1,-3,-1,1,14880
3088,921,1,145,5,-1,99999,-1,-1,-3,-1,1,14880
3089,921,1,2,2,-1,99999,-1,-1,-3,-1,1,14880
3090,922,1,281,9,-1,99999,-1,-1,-3,-1,1,14880
3091,923,1,274,7,-1,99999,-1,-1,-3,-1,1,14940
3092,923,1,116,5,-1,99999,-1,-1,-3,-1,1,14940
3093,923,1,2564,4,-1,99999,-1,-1,-3,-1,1,14940
3094,924,1,321,2,-1,99999,-1,-1,-3,-1,1,14940
3095,924,1,67,6,-1,99999,-1,-1,-3,-1,1,14940
3096,924,1,457,10,-1,99999,-1,-1,-3,-1,1,14940
3097,925,1,499,6,-1,99999,-1,-1,-3,-1,1,14940
3098,926,1,1212,4,-1,99999,-1,-1,-3,-1,1,14940
3099,926,1,1444,2,-1,99999,-1,-1,-3,-1,1,14940
3100,926,1,588,1,-1,99999,-1,-1,-3,-1,1,14940
3101,926,1,346,6,-1,99999,-1,-1,-3,-1,1,14940
3102,927,1,53,5,-1,99999,-1,-1,-3,-1,1,14940
3103,927,1,386,4,-1,99999,-1,-1,-3,-1,1,14940
3104,927,1,1609,3,-1,99999,-1,-1,-3,-1,1,14940
3105,928,1,1964,2,-1,99999,-1,-1,-3,-1,1,15000
3106,928,1,1208,4,-1,99999,-1,-1,-3,-1,1,15000
3107,928,1,2404,4,-1,99999,-1,-1,-3,-1,1,15000
3108,928,1,279,4,-1,99999,-1,-1,-3,-1,1,15000
3109,928,1,474,3,-1,99999,-1,-1,-3,-1,1,15000
3110,928,1,1662,2,-1,99999,-1,-1,-3,-1,1,15000
3111,928,1,42,6,-1,99999,-1,-1,-3,-1,1,15000
3112,929,1,97,4,-1,99999,-1,-1,-3,-1,1,15060
3113,930,1,257,1,-1,99999,-1,-1,-3,-1,1,15060
3114,930,1,249,5,-1,99999,-1,-1,-3,-1,1,15060
3115,930,1,503,5,-1,99999,-1,-1,-3,-1,1,15060
3116,930,1,667,4,-1,99999,-1,-1,-3,-1,1,15060
3117,931,1,1326,4,-1,99999,-1,-1,-3,-1,1,15120
3118,932,1,2015,2,-1,99999,-1,-1,-3,-1,1,15120
3119,932,1,2,7,-1,99999,-1,-1,-3,-1,1,15120
3120,933,1,958,9,-1,99999,-1,-1,-3,-1,1,15120
3121,933,1,23,6,-1,99999,-1,-1,-3,-1,1,15120
3122,933,1,586,1,-1,99999,-1,-1,-3,-1,1,15120
3123,933,1,25,4,-1,99999,-1,-1,-3,-1,1,15120
3124,933,1,1620,1,-1,99999,-1,-1,-3,-1,1,15120
3125,933,1,35,1,-1,99999,-1,-1,-3,-1,1,15120
3126,933,1,190,5,-1,99999,-1,-1,-3,-1,1,15120
3127,933,1,9,6,-1,99999,-1,-1,-3,-1,1,15120
3128,933,1,69,4,-1,99999,-1,-1,-3,-1,1,15120
3129,933,1,175,10,-1,99999,-1,-1,-3,-1,1,15120
3130,933,1,2116,4,-1,99999,-1,-1,-3,-1,1,15120
3131,933,1,481,4,-1,99999,-1,-1,-3,-1,1,15120
3132,933,1,3,8,-1,99999,-1,-1,-3,-1,1,15120
3133,933,1,552,6,-1,99999,-1,-1,-3,-1,1,15120
3134,934,1,358,3,-1,99999,-1,-1,-3,-1,1,15120
3135,934,1,1225,4,-1,99999,-1,-1,-3,-1,1,15120
3136,935,1,1412,1,-1,99999,-1,-1,-3,-1,1,15120
3137,936,1,1012,6,-1,99999,-1,-1,-3,-1,1,15120
3138,936,1,104,6,-1,99999,-1,-1,-3,-1,1,15120
3139,936,1,2003,2,-1,99999,-1,-1,-3,-1,1,15120
3140,937,1,364,8,-1,99999,-1,-1,-3,-1,1,15120
3141,938,1,173,10,-1,99999,-1,-1,-3,-1,1,15120
3142,938,1,517,6,-1,99999,-1,-1,-3,-1,1,15120
3143,939,1,21,12,-1,99999,-1,-1,-3,-1,1,15180
3144,939,1,921,10,-1,99999,-1,-1,-3,-1,1,15180
3145,939,1,304,10,-1,99999,-1,-1,-3,-1,1,15180
3146,939,1,238,6,-1,99999,-1,-1,-3,-1,1,15180
3147,939,1,631,8,-1,99999,-1,-1,-3,-1,1,15180
3148,939,1,39,6,-1,99999,-1,-1,-3,-1,1,15180
3149,939,1,67,8,-1,99999,-1,-1,-3,-1,1,15180
3150,939,1,346,9,-1,99999,-1,-1,-3,-1,1,15180
3151,940,1,464,4,-1,99999,-1,-1,-3,-1,1,15180
3152,940,1,967,6,-1,99999,-1,-1,-3,-1,1,15180
3153,940,1,60,2,-1,99999,-1,-1,-3,-1,1,15180
3154,940,1,856,6,-1,99999,-1,-1,-3,-1,1,15180
3155,940,1,152,6,-1,99999,-1,-1,-3,-1,1,15180
3156,940,1,487,10,-1,99999,-1,-1,-3,-1,1,15180
3157,940,1,436,10,-1,99999,-1,-1,-3,-1,1,15180
3158,941,1,51,8,-1,99999,-1,-1,-3,-1,1,15180
3159,941,1,1540,7,-1,99999,-1,-1,-3,-1,1,15180
3160,942,1,687,2,-1,99999,-1,-1,-3,-1,1,15180
3161,942,1,2006,4,-1,99999,-1,-1,-3,-1,1,15180
3162,943,1,1669,4,-1,99999,-1,-1,-3,-1,1,15240
3163,943,1,287,2,-1,99999,-1,-1,-3,-1,1,15240
3164,943,1,1224,4,-1,99999,-1,-1,-3,-1,1,15240
3165,944,1,79,9,-1,99999,-1,-1,-3,-1,1,15240
3166,944,1,275,7,-1,99999,-1,-1,-3,-1,1,15240
3167,944,1,157,11,-1,99999,-1,-1,-3,-1,1,15240
3168,945,1,1019,5,-1,99999,-1,-1,-3,-1,1,15240
3169,945,1,1053,11,-1,99999,-1,-1,-3,-1,1,15240
3170,945,1,1018,4,-1,99999,-1,-1,-3,-1,1,15240
3171,945,1,1881,7,-1,99999,-1,-1,-3,-1,1,15240
3172,945,1,352,6,-1,99999,-1,-1,-3,-1,1,15240
3173,945,1,240,10,-1,99999,-1,-1,-3,-1,1,15240
3174,945,1,779,6,-1,99999,-1,-1,-3,-1,1,15240
3175,946,1,325,7,-1,99999,-1,-1,-3,-1,1,15300
3176,946,1,402,10,-1,99999,-1,-1,-3,-1,1,15300
3177,947,1,29,10,-1,99999,-1,-1,-3,-1,1,15300
3178,947,1,25,8,-1,99999,-1,-1,-3,-1,1,15300
3179,947,1,318,8,-1,99999,-1,-1,-3,-1,1,15300
3180,947,1,13,8,-1,99999,-1,-1,-3,-1,1,15300
3181,947,1,615,6,-1,99999,-1,-1,-3,-1,1,15300
3182,947,1,0,5,-1,99999,-1,-1,-3,-1,1,15300
3183,947,1,42,10,-1,99999,-1,-1,-3,-1,1,15300
3184,947,1,113,6,-1,99999,-1,-1,-3,-1,1,15300
3185,947,1,776,12,-1,99999,-1,-1,-3,-1,1,15300
3186,947,1,849,10,-1,99999,-1,-1,-3,-1,1,15300
3187,947,1,230,4,-1,99999,-1,-1,-3,-1,1,15300
3188,947,1,64,8,-1,99999,-1,-1,-3,-1,1,15300
3189,947,1,463,7,-1,99999,-1,-1,-3,-1,1,15300
3190,947,1,1404,12,-1,99999,-1,-1,-3,-1,1,15300
3191,948,1,301,4,-1,99999,-1,-1,-3,-1,1,15300
3192,948,1,1370,7,-1,99999,-1,-1,-3,-1,1,15300
3193,949,1,8,5,-1,99999,-1,-1,-3,-1,1,15300
3194,950,1,423,8,-1,99999,-1,-1,-3,-1,1,15300
3195,950,1,798,12,-1,99999,-1,-1,-3,-1,1,15300
3196,950,1,52,6,-1,99999,-1,-1,-3,-1,1,15300
3197,951,1,165,6,-1,99999,-1,-1,-3,-1,1,15360
3198,952,1,175,10,-1,99999,-1,-1,-3,-1,1,15360
3199,952,1,296,10,-1,99999,-1,-1,-3,-1,1,15360
3200,953,1,48,7,-1,99999,-1,-1,-3,-1,1,15360
3201,953,1,634,7,-1,99999,-1,-1,-3,-1,1,15360
3202,953,1,677,8,-1,99999,-1,-1,-3,-1,1,15360
3203,953,1,1475,2,-1,99999,-1,-1,-3,-1,1,15360
3204,953,1,171,6,-1,99999,-1,-1,-3,-1,1,15360
3205,954,1,1514,2,-1,99999,-1,-1,-3,-1,1,15420
3206,955,1,118,4,-1,99999,-1,-1,-3,-1,1,15480
3207,955,1,206,3,-1,99999,-1,-1,-3,-1,1,15480
3208,955,1,2571,4,-1,99999,-1,-1,-3,-1,1,15480
3209,956,1,333,2,-1,99999,-1,-1,-3,-1,1,15480
3210,957,1,223,4,-1,99999,-1,-1,-3,-1,1,15480
3211,957,1,16,4,-1,99999,-1,-1,-3,-1,1,15480
3212,957,1,126,11,-1,99999,-1,-1,-3,-1,1,15480
3213,957,1,3,3,-1,99999,-1,-1,-3,-1,1,15480
3214,958,1,191,12,-1,99999,-1,-1,-3,-1,1,15480
3215,958,1,82,7,-1,99999,-1,-1,-3,-1,1,15480
3216,958,1,167,2,-1,99999,-1,-1,-3,-1,1,15480
3217,959,1,308,4,-1,99999,-1,-1,-3,-1,1,15540
3218,959,1,23,10,-1,99999,-1,-1,-3,-1,1,15540
3219,960,1,1296,6,-1,99999,-1,-1,-3,-1,1,15540
3220,960,1,346,11,-1,99999,-1,-1,-3,-1,1,15540
3221,960,1,692,2,-1,99999,-1,-1,-3,-1,1,15540
3222,960,1,316,2,-1,99999,-1,-1,-3,-1,1,15540
3223,960,1,640,6,-1,99999,-1,-1,-3,-1,1,15540
3224,960,1,2738,2,-1,99999,-1,-1,-3,-1,1,15540
3225,960,1,289,10,-1,99999,-1,-1,-3,-1,1,15540
3226,961,1,218,4,-1,99999,-1,-1,-3,-1,1,15540
3227,961,1,1602,3,-1,99999,-1,-1,-3,-1,1,15540
3228,961,1,7,9,-1,99999,-1,-1,-3,-1,1,15540
3229,962,1,307,4,-1,99999,-1,-1,-3,-1,1,15600
3230,963,1,283,9,-1,99999,-1,-1,-3,-1,1,15600
3231,964,1,762,9,-1,99999,-1,-1,-3,-1,1,15720
3232,964,1,21,7,-1,99999,-1,-1,-3,-1,1,15720
3233,964,1,510,9,-1,99999,-1,-1,-3,-1,1,15720
3234,964,1,184,10,-1,99999,-1,-1,-3,-1,1,15720
3235,964,1,541,3,-1,99999,-1,-1,-3,-1,1,15720
3236,964,1,176,10,-1,99999,-1,-1,-3,-1,1,15720
3237,964,1,39,10,-1,99999,-1,-1,-3,-1,1,15720
3238,965,1,2601,2,-1,99999,-1,-1,-3,-1,1,15720
3239,966,1,568,6,-1,99999,-1,-1,-3,-1,1,15720
3240,966,1,184,8,-1,99999,-1,-1,-3,-1,1,15720
3241,966,1,1690,2,-1,99999,-1,-1,-3,-1,1,15720
3242,966,1,320,3,-1,99999,-1,-1,-3,-1,1,15720
3243,966,1,256,6,-1,99999,-1,-1,-3,-1,1,15720
3244,966,1,36,12,-1,99999,-1,-1,-3,-1,1,15720
3245,967,1,37,5,-1,99999,-1,-1,-3,-1,1,15720
3246,967,1,87,2,-1,99999,-1,-1,-3,-1,1,15720
3247,967,1,228,6,-1,99999,-1,-1,-3,-1,1,15720
3248,967,1,81,5,-1,99999,-1,-1,-3,-1,1,15720
3249,968,1,2,6,-1,99999,-1,-1,-3,-1,1,15780
3250,968,1,950,8,-1,99999,-1,-1,-3,-1,1,15780
3251,969,1,229,6,-1,99999,-1,-1,-3,-1,1,15780
3252,969,1,1395,1,-1,99999,-1,-1,-3,-1,1,15780
3253,970,1,2,10,-1,99999,-1,-1,-3,-1,1,15780
3254,970,1,247,6,-1,99999,-1,-1,-3,-1,1,15780
3255,971,1,2245,4,-1,99999,-1,-1,-3,-1,1,15780
3256,972,1,26,6,-1,99999,-1,-1,-3,-1,1,15780
3257,972,1,557,4,-1,99999,-1,-1,-3,-1,1,15780
3258,973,1,383,6,-1,99999,-1,-1,-3,-1,1,15840
3259,973,1,1919,4,-1,99999,-1,-1,-3,-1,1,15840
3260,973,1,1167,6,-1,99999,-1,-1,-3,-1,1,15840
3261,973,1,2671,2,-1,99999,-1,-1,-3,-1,1,15840
3262,973,1,642,7,-1,99999,-1,-1,-3,-1,1,15840
3263,973,1,1622,2,-1,99999,-1,-1,-3,-1,1,15840
3264,973,1,1170,9,-1,99999,-1,-1,-3,-1,1,15840
3265,973,1,917,6,-1,99999,-1,-1,-3,-1,1,15840
3266,973,1,225,10,-1,99999,-1,-1,-3,-1,1,15840
3267,974,1,1926,1,-1,99999,-1,-1,-3,-1,1,15840
3268,974,1,272,4,-1,99999,-1,-1,-3,-1,1,15840
3269,975,1,14,11,-1,99999,-1,-1,-3,-1,1,15840
3270,975,1,8,9,-1,99999,-1,-1,-3,-1,1,15840
3271,975,1,201,7,-1,99999,-1,-1,-3,-1,1,15840
3272,975,1,112,10,-1,99999,-1,-1,-3,-1,1,15840
3273,976,1,641,10,-1,99999,-1,-1,-3,-1,1,15840
3274,977,1,8,12,-1,99999,-1,-1,-3,-1,1,15900
3275,978,1,758,4,-1,99999,-1,-1,-3,-1,1,15900
3276,979,1,33,2,-1,99999,-1,-1,-3,-1,1,15960
3277,979,1,120,7,-1,99999,-1,-1,-3,-1,1,15960
3278,979,1,1771,2,-1,99999,-1,-1,-3,-1,1,15960
3279,979,1,1503,4,-1,99999,-1,-1,-3,-1,1,15960
3280,980,1,442,12,-1,99999,-1,-1,-3,-1,1,15960
3281,981,1,242,4,-1,99999,-1,-1,-3,-1,1,15960
3282,981,1,3100,3,-1,99999,-1,-1,-3,-1,1,15960
3283,982,1,939,6,-1,99999,-1,-1,-3,-1,1,15960
3284,982,1,762,5,-1,99999,-1,-1,-3,-1,1,15960
3285,982,1,1020,2,-1,99999,-1,-1,-3,-1,1,15960
3286,983,1,1825,4,-1,99999,-1,-1,-3,-1,1,16020
3287,983,1,3,8,-1,99999,-1,-1,-3,-1,1,16020
3288,983,1,35,2,-1,99999,-1,-1,-3,-1,1,16020
3289,984,1,30,2,-1,99999,-1,-1,-3,-1,1,16020
3290,985,1,2360,2,-1,99999,-1,-1,-3,-1,1,16020
3291,985,1,57,8,-1,99999,-1,-1,-3,-1,1,16020
3292,986,1,295,8,-1,99999,-1,-1,-3,-1,1,16020
3293,986,1,351,11,-1,99999,-1,-1,-3,-1,1,16020
3294,987,1,1617,10,-1,99999,-1,-1,-3,-1,1,16020
3295,987,1,391,2,-1,99999,-1,-1,-3,-1,1,16020
3296,987,1,282,4,-1,99999,-1,-1,-3,-1,1,16020
3297,987,1,10,1,-1,99999,-1,-1,-3,-1,1,16020
3298,987,1,1916,1,-1,99999,-1,-1,-3,-1,1,16020
3299,987,1,230,11,-1,99999,-1,-1,-3,-1,1,16020
3300,987,1,139,8,-1,99999,-1,-1,-3,-1,1,16020
3301,987,1,245,6,-1,99999,-1,-1,-3,-1,1,16020
3302,988,1,469,5,-1,99999,-1,-1,-3,-1,1,16020
3303,988,1,1742,2,-1,99999,-1,-1,-3,-1,1,16020
3304,988,1,123,4,-1,99999,-1,-1,-3,-1,1,16020
3305,988,1,38,8,-1,99999,-1,-1,-3,-1,1,16020
3306,988,1,89,12,-1,99999,-1,-1,-3,-1,1,16020
3307,988,1,936,3,-1,99999,-1,-1,-3,-1,1,16020
3308,989,1,2099,2,-1,99999,-1,-1,-3,-1,1,16020
3309,989,1,391,6,-1,99999,-1,-1,-3,-1,1,16020
3310,989,1,1347,1,-1,99999,-1,-1,-3,-1,1,16020
3311,990,1,619,6,-1,99999,-1,-1,-3,-1,1,16080
3312,990,1,0,8,-1,99999,-1,-1,-3,-1,1,16080
3313,991,1,188,7,-1,99999,-1,-1,-3,-1,1,16080
3314,991,1,113,8,-1,99999,-1,-1,-3,-1,1,16080
3315,992,1,1401,2,-1,99999,-1,-1,-3,-1,1,16080
3316,993,1,439,8,-1,99999,-1,-1,-3,-1,1,16080
3317,993,1,172,10,-1,99999,-1,-1,-3,-1,1,16080
3318,993,1,1690,2,-1,99999,-1,-1,-3,-1,1,16080
3319,994,1,287,6,-1,99999,-1,-1,-3,-1,1,16080
3320,994,1,82,8,-1,99999,-1,-1,-3,-1,1,16080
3321,994,1,102,8,-1,99999,-1,-1,-3,-1,1,16080
3322,995,1,216,4,-1,99999,-1,-1,-3,-1,1,16140
3323,995,1,1005,6,-1,99999,-1,-1,-3,-1,1,16140
3324,995,1,2198,4,-1,99999,-1,-1,-3,-1,1,16140
3325,995,1,2754,3,-1,99999,-1,-1,-3,-1,1,16140
3326,995,1,387,12,-1,99999,-1,-1,-3,-1,1,16140
3327,996,1,2138,2,-1,99999,-1,-1,-3,-1,1,16140
3328,996,1,249,3,-1,99999,-1,-1,-3,-1,1,16140
3329,997,1,86,8,-1,99999,-1,-1,-3,-1,1,16200
3330,997,1,53,12,-1,99999,-1,-1,-3,-1,1,16200
3331,997,1,2015,2,-1,99999,-1,-1,-3,-1,1,16200
3332,997,1,1078,6,-1,99999,-1,-1,-3,-1,1,16200
3333,997,1,0,7,-1,99999,-1,-1,-3,-1,1,16200
3334,997,1,46,8,-1,99999,-1,-1,-3,-1,1,16200
3335,998,1,1054,4,-1,99999,-1,-1,-3,-1,1,16200
3336,998,1,49,8,-1,99999,-1,-1,-3,-1,1,16200
3337,999,1,617,2,-1,99999,-1,-1,-3,-1,1,16200
3338,999,1,1627,4,-1,99999,-1,-1,-3,-1,1,16200
3339,1000,1,1103,3,-1,99999,-1,-1,-3,-1,1,16200
3340,1001,1,24,4,-1,99999,-1,-1,-3,-1,1,16200
3341,1001,1,139,6,-1,99999,-1,-1,-3,-1,1,16200
3342,1001,1,2839,4,-1,99999,-1,-1,-3,-1,1,16200
3343,1001,1,3,1,-1,99999,-1,-1,-3,-1,1,16200
3344,1002,1,222,8,-1,99999,-1,-1,-3,-1,1,16200
3345,1003,1,584,6,-1,99999,-1,-1,-3,-1,1,16200
3346,1004,1,171,5,-1,99999,-1,-1,-3,-1,1,16200
3347,1004,1,2087,2,-1,99999,-1,-1,-3,-1,1,16200
3348,1004,1,371,6,-1,99999,-1,-1,-3,-1,1,16200
3349,1004,1,178,4,-1,99999,-1,-1,-3,-1,1,16200
3350,1004,1,520,6,-1,99999,-1,-1,-3,-1,1,16200
3351,1004,1,1081,9,-1,99999,-1,-1,-3,-1,1,16200
3352,1005,1,245,4,-1,99999,-1,-1,-3,-1,1,16260
3353,1005,1,20,9,-1,99999,-1,-1,-3,-1,1,16260
3354,1005,1,645,2,-1,99999,-1,-1,-3,-1,1,16260
3355,1006,1,11,9,-1,99999,-1,-1,-3,-1,1,16260
3356,1006,1,1606,1,-1,99999,-1,-1,-3,-1,1,16260
3357,1006,1,504,5,-1,99999,-1,-1,-3,-1,1,16260
3358,1007,1,1193,5,-1,99999,-1,-1,-3,-1,1,16320
3359,1007,1,123,2,-1,99999,-1,-1,-3,-1,1,16320
3360,1007,1,2972,3,-1,99999,-1,-1,-3,-1,1,16320
3361,1007,1,150,3,-1,99999,-1,-1,-3,-1,1,16320
3362,1007,1,2827,2,-1,99999,-1,-1,-3,-1,1,16320
3363,1008,1,112,5,-1,99999,-1,-1,-3,-1,1,16320
3364,1008,1,508,11,-1,99999,-1,-1,-3,-1,1,16320
3365,1008,1,2,1,-1,99999,-1,-1,-3,-1,1,16320
3366,1008,1,567,5,-1,99999,-1,-1,-3,-1,1,16320
3367,1008,1,446,6,-1,99999,-1,-1,-3,-1,1,16320
3368,1009,1,20,6,-1,99999,-1,-1,-3,-1,1,16320
3369,1009,1,21,8,-1,99999,-1,-1,-3,-1,1,16320
3370,1009,1,2200,2,-1,99999,-1,-1,-3,-1,1,16320
3371,1009,1,15,9,-1,99999,-1,-1,-3,-1,1,16320
3372,1010,1,331,9,-1,99999,-1,-1,-3,-1,1,16320
3373,1010,1,1038,1,-1,99999,-1,-1,-3,-1,1,16320
3374,1010,1,91,6,-1,99999,-1,-1,-3,-1,1,16320
3375,1010,1,113,4,-1,99999,-1,-1,-3,-1,1,16320
3376,1010,1,95,5,-1,99999,-1,-1,-3,-1,1,16320
3377,1010,1,467,10,-1,99999,-1,-1,-3,-1,1,16320
3378,1011,1,1833,3,-1,99999,-1,-1,-3,-1,1,16320
3379,1011,1,389,8,-1,99999,-1,-1,-3,-1,1,16320
3380,1011,1,3031,4,-1,99999,-1,-1,-3,-1,1,16320
3381,1011,1,546,6,-1,99999,-1,-1,-3,-1,1,16320
3382,1012,1,638,7,-1,99999,-1,-1,-3,-1,1,16320
3383,1013,1,96,11,-1,99999,-1,-1,-3,-1,1,16380
3384,1013,1,1265,2,-1,99999,-1,-1,-3,-1,1,16380
3385,1014,1,354,10,-1,99999,-1,-1,-3,-1,1,16380
3386,1015,1,2,7,-1,99999,-1,-1,-3,-1,1,16380
3387,1016,1,226,4,-1,99999,-1,-1,-3,-1,1,16380
3388,1017,1,140,6,-1,99999,-1,-1,-3,-1,1,16440
3389,1018,1,389,6,-1,99999,-1,-1,-3,-1,1,16440
3390,1018,1,1035,6,-1,99999,-1,-1,-3,-1,1,16440
3391,1019,1,3,8,-1,99999,-1,-1,-3,-1,1,16440
3392,1019,1,250,6,-1,99999,-1,-1,-3,-1,1,16440
3393,1019,1,1722,10,-1,99999,-1,-1,-3,-1,1,16440
3394,1019,1,101,8,-1,99999,-1,-1,-3,-1,1,16440
3395,1020,1,274,8,-1,99999,-1,-1,-3,-1,1,16500
3396,1020,1,1362,6,-1,99999,-1,-1,-3,-1,1,16500
3397,1020,1,1167,5,-1,99999,-1,-1,-3,-1,1,16500
3398,1020,1,716,7,-1,99999,-1,-1,-3,-1,1,16500
3399,1020,1,2481,2,-1,99999,-1,-1,-3,-1,1,16500
3400,1021,1,550,4,-1,99999,-1,-1,-3,-1,1,16500
3401,1021,1,1220,10,-1,99999,-1,-1,-3,-1,1,16500
3402,1021,1,1578,9,-1,99999,-1,-1,-3,-1,1,16500
3403,1021,1,281,2,-1,99999,-1,-1,-3,-1,1,16500
3404,1021,1,1613,10,-1,99999,-1,-1,-3,-1,1,16500
3405,1021,1,5,6,-1,99999,-1,-1,-3,-1,1,16500
3406,1021,1,263,8,-1,99999,-1,-1,-3,-1,1,16500
3407,1021,1,42,8,-1,99999,-1,-1,-3,-1,1,16500
3408,1021,1,1,2,-1,99999,-1,-1,-3,-1,1,16500
3409,1021,1,0,8,-1,99999,-1,-1,-3,-1,1,16500
3410,1021,1,85,12,-1,99999,-1,-1,-3,-1,1,16500
3411,1021,1,410,6,-1,99999,-1,-1,-3,-1,1,16500
3412,1021,1,1576,6,-1,99999,-1,-1,-3,-1,1,16500
3413,1021,1,41,9,-1,99999,-1,-1,-3,-1,1,16500
3414,1022,1,668,10,-1,99999,-1,-1,-3,-1,1,16500
3415,1023,1,73,3,-1,99999,-1,-1,-3,-1,1,16560
3416,1023,1,120,3,-1,99999,-1,-1,-3,-1,1,16560
3417,1023,1,199,4,-1,99999,-1,-1,-3,-1,1,16560
3418,1024,1,272,2,-1,99999,-1,-1,-3,-1,1,16560
3419,1024,1,1076,2,-1,99999,-1,-1,-3,-1,1,16560
3420,1024,1,58,6,-1,99999,-1,-1,-3,-1,1,16560
3421,1025,1,63,4,-1,99999,-1,-1,-3,-1,1,16560
3422,1025,1,847,2,-1,99999,-1,-1,-3,-1,1,16560
3423,1025,1,2521,3,-1,99999,-1,-1,-3,-1,1,16560
3424,1025,1,692,3,-1,99999,-1,-1,-3,-1,1,16560
3425,1025,1,45,1,-1,99999,-1,-1,-3,-1,1,16560
3426,1026,1,826,1,-1,99999,-1,-1,-3,-1,1,16620
3427,1026,1,2767,3,-1,99999,-1,-1,-3,-1,1,16620
3428,1026,1,37,12,-1,99999,-1,-1,-3,-1,1,16620
3429,1026,1,289,2,-1,99999,-1,-1,-3,-1,1,16620
3430,1026,1,209,2,-1,99999,-1,-1,-3,-1,1,16620
3431,1027,1,929,5,-1,99999,-1,-1,-3,-1,1,16620
3432,1027,1,337,12,-1,99999,-1,-1,-3,-1,1,16620
3433,1027,1,51,7,-1,99999,-1,-1,-3,-1,1,16620
3434,1027,1,582,5,-1,99999,-1,-1,-3,-1,1,16620
3435,1027,1,3016,4,-1,99999,-1,-1,-3,-1,1,16620
3436,1028,1,1323,2,-1,99999,-1,-1,-3,-1,1,16620
3437,1028,1,435,8,-1,99999,-1,-1,-3,-1,1,16620
3438,1028,1,18,2,-1,99999,-1,-1,-3,-1,1,16620
3439,1028,1,430,4,-1,99999,-1,-1,-3,-1,1,16620
3440,1028,1,10,9,-1,99999,-1,-1,-3,-1,1,16620
3441,1028,1,784,6,-1,99999,-1,-1,-3,-1,1,16620
3442,1028,1,112,4,-1,99999,-1,-1,-3,-1,1,16620
3443,1028,1,493,12,-1,99999,-1,-1,-3,-1,1,16620
3444,1028,1,100,8,-1,99999,-1,-1,-3,-1,1,16620
3445,1028,1,1857,3,-1,99999,-1,-1,-3,-1,1,16620
3446,1028,1,1975,1,-1,99999,-1,-1,-3,-1,1,16620
3447,1028,1,1725,2,-1,99999,-1,-1,-3,-1,1,16620
3448,1029,1,130,4,-1,99999,-1,-1,-3,-1,1,16680
3449,1029,1,1764,2,-1,99999,-1,-1,-3,-1,1,16680
3450,1030,1,229,9,-1,99999,-1,-1,-3,-1,1,16680
3451,1030,1,80,4,-1,99999,-1,-1,-3,-1,1,16680
3452,1030,1,2485,2,-1,99999,-1,-1,-3,-1,1,16680
3453,1030,1,14,6,-1,99999,-1,-1,-3,-1,1,16680
3454,1030,1,404,8,-1,99999,-1,-1,-3,-1,1,16680
3455,1030,1,206,10,-1,99999,-1,-1,-3,-1,1,16680
3456,1030,1,1187,1,-1,99999,-1,-1,-3,-1,1,16680
3457,1030,1,2441,2,-1,99999,-1,-1,-3,-1,1,16680
3458,1031,1,913,10,-1,99999,-1,-1,-3,-1,1,16680
3459,1031,1,2356,3,-1,99999,-1,-1,-3,-1,1,16680
3460,1032,1,33,10,-1,99999,-1,-1,-3,-1,1,16680
3461,1032,1,287,4,-1,99999,-1,-1,-3,-1,1,16680
3462,1032,1,247,5,-1,99999,-1,-1,-3,-1,1,16680
3463,1033,1,281,7,-1,99999,-1,-1,-3,-1,1,16740
3464,1034,1,20,8,-1,99999,-1,-1,-3,-1,1,16740
3465,1034,1,225,9,-1,99999,-1,-1,-3,-1,1,16740
3466,1034,1,366,4,-1,99999,-1,-1,-3,-1,1,16740
3467,1034,1,55,10,-1,99999,-1,-1,-3,-1,1,16740
3468,1034,1,1148,6,-1,99999,-1,-1,-3,-1,1,16740
3469,1034,1,2905,2,-1,99999,-1,-1,-3,-1,1,16740
3470,1034,1,3155,2,-1,99999,-1,-1,-3,-1,1,16740
3471,1034,1,157,2,-1,99999,-1,-1,-3,-1,1,16740
3472,1035,1,357,4,-1,99999,-1,-1,-3,-1,1,16740
3473,1035,1,468,8,-1,99999,-1,-1,-3,-1,1,16740
3474,1036,1,13,3,-1,99999,-1,-1,-3,-1,1,16740
3475,1036,1,1189,3,-1,99999,-1,-1,-3,-1,1,16740
3476,1036,1,1469,3,-1,99999,-1,-1,-3,-1,1,16740
3477,1036,1,2093,2,-1,99999,-1,-1,-3,-1,1,16740
3478,1036,1,507,12,-1,99999,-1,-1,-3,-1,1,16740
3479,1036,1,151,2,-1,99999,-1,-1,-3,-1,1,16740
3480,1036,1,131,5,-1,99999,-1,-1,-3,-1,1,16740
3481,1036,1,1249,6,-1,99999,-1,-1,-3,-1,1,16740
3482,1036,1,6,6,-1,99999,-1,-1,-3,-1,1,16740
3483,1036,1,1363,6,-1,99999,-1,-1,-3,-1,1,16740
3484,1036,1,582,8,-1,99999,-1,-1,-3,-1,1,16740
3485,1036,1,111,2,-1,99999,-1,-1,-3,-1,1,16740
3486,1037,1,649,10,-1,99999,-1,-1,-3,-1,1,16740
3487,1037,1,103,2,-1,99999,-1,-1,-3,-1,1,16740
3488,1037,1,299,7,-1,99999,-1,-1,-3,-1,1,16740
3489,1037,1,147,12,-1,99999,-1,-1,-3,-1,1,16740
3490,1037,1,62,6,-1,99999,-1,-1,-3,-1,1,16740
3491,1038,1,2887,3,-1,99999,-1,-1,-3,-1,1,16800
3492,1038,1,310,10,-1,99999,-1,-1,-3,-1,1,16800
3493,1039,1,871,2,-1,99999,-1,-1,-3,-1,1,16800
3494,1040,1,2897,4,-1,99999,-1,-1,-3,-1,1,16800
3495,1040,1,197,4,-1,99999,-1,-1,-3,-1,1,16800
3496,1041,1,349,10,-1,99999,-1,-1,-3,-1,1,16860
3497,1042,1,2891,4,-1,99999,-1,-1,-3,-1,1,16860
3498,1043,1,660,4,-1,99999,-1,-1,-3,-1,1,16860
3499,1044,1,43,5,-1,99999,-1,-1,-3,-1,1,16860
3500,1044,1,1075,10,-1,99999,-1,-1,-3,-1,1,16860
3501,1045,1,81,7,-1,99999,-1,-1,-3,-1,1,16860
3502,1045,1,507,4,-1,99999,-1,-1,-3,-1,1,16860
3503,1045,1,2593,3,-1,99999,-1,-1,-3,-1,1,16860
3504,1046,1,96,4,-1,99999,-1,-1,-3,-1,1,16860
3505,1046,1,62,4,-1,99999,-1,-1,-3,-1,1,16860
3506,1047,1,2532,3,-1,99999,-1,-1,-3,-1,1,16860
3507,1048,1,229,8,-1,99999,-1,-1,-3,-1,1,16920
3508,1048,1,3014,4,-1,99999,-1,-1,-3,-1,1,16920
3509,1048,1,100,4,-1,99999,-1,-1,-3,-1,1,16920
3510,1049,1,712,7,-1,99999,-1,-1,-3,-1,1,16920
3511,1049,1,95,3,-1,99999,-1,-1,-3,-1,1,16920
3512,1049,1,66,6,-1,99999,-1,-1,-3,-1,1,16920
3513,1049,1,244,1,-1,99999,-1,-1,-3,-1,1,16920
3514,1049,1,136,6,-1,99999,-1,-1,-3,-1,1,16920
3515,1050,1,944,4,-1,99999,-1,-1,-3,-1,1,16980
3516,1051,1,26,3,-1,99999,-1,-1,-3,-1,1,16980
3517,1052,1,935,6,-1,99999,-1,-1,-3,-1,1,16980
3518,1052,1,10,10,-1,99999,-1,-1,-3,-1,1,16980
3519,1052,1,106,6,-1,99999,-1,-1,-3,-1,1,16980
3520,1052,1,64,5,-1,99999,-1,-1,-3,-1,1,16980
3521,1052,1,1885,3,-1,99999,-1,-1,-3,-1,1,16980
3522,1053,1,1265,3,-1,99999,-1,-1,-3,-1,1,17040
3523,1053,1,382,8,-1,99999,-1,-1,-3,-1,1,17040
3524,1053,1,59,4,-1,99999,-1,-1,-3,-1,1,17040
3525,1053,1,1516,2,-1,99999,-1,-1,-3,-1,1,17040
3526,1053,1,15,8,-1,99999,-1,-1,-3,-1,1,17040
3527,1053,1,30,8,-1,99999,-1,-1,-3,-1,1,17040
3528,1053,1,172,2,-1,99999,-1,-1,-3,-1,1,17040
3529,1053,1,0,4,-1,99999,-1,-1,-3,-1,1,17040
3530,1054,1,284,9,-1,99999,-1,-1,-3,-1,1,17040
3531,1055,1,887,11,-1,99999,-1,-1,-3,-1,1,17040
3532,1055,1,676,8,-1,99999,-1,-1,-3,-1,1,17040
3533,1055,1,786,8,-1,99999,-1,-1,-3,-1,1,17040
3534,1056,1,275,4,-1,99999,-1,-1,-3,-1,1,17100
3535,1056,1,426,12,-1,99999,-1,-1,-3,-1,1,17100
3536,1056,1,40,1,-1,99999,-1,-1,-3,-1,1,17100
3537,1056,1,233,4,-1,99999,-1,-1,-3,-1,1,17100
3538,1056,1,114,8,-1,99999,-1,-1,-3,-1,1,17100
3539,1056,1,10,10,-1,99999,-1,-1,-3,-1,1,17100
3540,1056,1,362,6,-1,99999,-1,-1,-3,-1,1,17100
3541,1056,1,380,3,-1,99999,-1,-1,-3,-1,1,17100
3542,1057,1,121,6,-1,99999,-1,-1,-3,-1,1,17100
3543,1057,1,2034,4,-1,99999,-1,-1,-3,-1,1,17100
3544,1057,1,179,11,-1,99999,-1,-1,-3,-1,1,17100
3545,1057,1,141,6,-1,99999,-1,-1,-3,-1,1,17100
3546,1057,1,437,9,-1,99999,-1,-1,-3,-1,1,17100
3547,1057,1,146,8,-1,99999,-1,-1,-3,-1,1,17100
3548,1057,1,116,1,-1,99999,-1,-1,-3,-1,1,17100
3549,1057,1,1884,4,-1,99999,-1,-1,-3,-1,1,17100
3550,1057,1,906,2,-1,99999,-1,-1,-3,-1,1,17100
3551,1058,1,535,8,-1,99999,-1,-1,-3,-1,1,17160
3552,1058,1,25,10,-1,99999,-1,-1,-3,-1,1,17160
3553,1058,1,344,10,-1,99999,-1,-1,-3,-1,1,17160
3554,1058,1,1879,2,-1,99999,-1,-1,-3,-1,1,17160
3555,1058,1,976,7,-1,99999,-1,-1,-3,-1,1,17160
3556,1058,1,895,2,-1,99999,-1,-1,-3,-1,1,17160
3557,1058,1,213,7,-1,99999,-1,-1,-3,-1,1,17160
3558,1058,1,539,8,-1,99999,-1,-1,-3,-1,1,17160
3559,1059,1,278,4,-1,99999,-1,-1,-3,-1,1,17160
3560,1059,1,123,4,-1,99999,-1,-1,-3,-1,1,17160
3561,1059,1,1690,4,-1,99999,-1,-1,-3,-1,1,17160
3562,1059,1,659,4,-1,99999,-1,-1,-3,-1,1,17160
3563,1059,1,270,2,-1,99999,-1,-1,-3,-1,1,17160
3564,1059,1,130,8,-1,99999,-1,-1,-3,-1,1,17160
3565,1059,1,656,6,-1,99999,-1,-1,-3,-1,1,17160
3566,1059,1,502,8,-1,99999,-1,-1,-3,-1,1,17160
3567,1059,1,1794,4,-1,99999,-1,-1,-3,-1,1,17160
3568,1059,1,64,2,-1,99999,-1,-1,-3,-1,1,17160
3569,1059,1,752,9,-1,99999,-1,-1,-3,-1,1,17160
3570,1059,1,221,12,-1,99999,-1,-1,-3,-1,1,17160
3571,1060,1,258,4,-1,99999,-1,-1,-3,-1,1,17160
3572,1060,1,21,4,-1,99999,-1,-1,-3,-1,1,17160
3573,1060,1,58,2,-1,99999,-1,-1,-3,-1,1,17160
3574,1060,1,335,7,-1,99999,-1,-1,-3,-1,1,17160
3575,1060,1,312,5,-1,99999,-1,-1,-3,-1,1,17160
3576,1060,1,1656,1,-1,99999,-1,-1,-3,-1,1,17160
3577,1060,1,238,10,-1,99999,-1,-1,-3,-1,1,17160
3578,1060,1,2619,3,-1,99999,-1,-1,-3,-1,1,17160
3579,1061,1,267,5,-1,99999,-1,-1,-3,-1,1,17160
3580,1061,1,1608,2,-1,99999,-1,-1,-3,-1,1,17160
3581,1061,1,1552,4,-1,99999,-1,-1,-3,-1,1,17160
3582,1061,1,2079,3,-1,99999,-1,-1,-3,-1,1,17160
3583,1061,1,1253,6,-1,99999,-1,-1,-3,-1,1,17160
3584,1061,1,6,6,-1,99999,-1,-1,-3,-1,1,17160
3585,1061,1,2,11,-1,99999,-1,-1,-3,-1,1,17160
3586,1062,1,2558,1,-1,99999,-1,-1,-3,-1,1,17160
3587,1062,1,19,12,-1,99999,-1,-1,-3,-1,1,17160
3588,1062,1,60,1,-1,99999,-1,-1,-3,-1,1,17160
3589,1062,1,172,6,-1,99999,-1,-1,-3,-1,1,17160
3590,1063,1,532,3,-1,99999,-1,-1,-3,-1,1,17160
3591,1063,1,553,7,-1,99999,-1,-1,-3,-1,1,17160
3592,1063,1,566,9,-1,99999,-1,-1,-3,-1,1,17160
3593,1064,1,104,5,-1,99999,-1,-1,-3,-1,1,17160
3594,1065,1,946,6,-1,99999,-1,-1,-3,-1,1,17220
3595,1065,1,131,4,-1,99999,-1,-1,-3,-1,1,17220
3596,1066,1,156,6,-1,99999,-1,-1,-3,-1,1,17280
3597,1066,1,266,7,-1,99999,-1,-1,-3,-1,1,17280
3598,1066,1,1371,10,-1,99999,-1,-1,-3,-1,1,17280
3599,1066,1,779,10,-1,99999,-1,-1,-3,-1,1,17280
3600,1066,1,205,5,-1,99999,-1,-1,-3,-1,1,17280
3601,1067,1,277,6,-1,99999,-1,-1,-3,-1,1,17280
3602,1068,1,130,12,-1,99999,-1,-1,-3,-1,1,17280
3603,1069,1,5,6,-1,99999,-1,-1,-3,-1,1,17340
3604,1069,1,258,4,-1,99999,-1,-1,-3,-1,1,17340
3605,1069,1,462,10,-1,99999,-1,-1,-3,-1,1,17340
3606,1069,1,1089,6,-1,99999,-1,-1,-3,-1,1,17340
3607,1069,1,1045,8,-1,99999,-1,-1,-3,-1,1,17340
3608,1070,1,957,4,-1,99999,-1,-1,-3,-1,1,17340
3609,1070,1,2500,3,-1,99999,-1,-1,-3,-1,1,17340
3610,1071,1,1320,7,-1,99999,-1,-1,-3,-1,1,17340
3611,1071,1,99,3,-1,99999,-1,-1,-3,-1,1,17340
3612,1071,1,1712,1,-1,99999,-1,-1,-3,-1,1,17340
3613,1071,1,1441,5,-1,99999,-1,-1,-3,-1,1,17340
3614,1072,1,104,8,-1,99999,-1,-1,-3,-1,1,17340
3615,1073,1,279,3,-1,99999,-1,-1,-3,-1,1,17340
3616,1074,1,155,7,-1,99999,-1,-1,-3,-1,1,17400
3617,1074,1,415,8,-1,99999,-1,-1,-3,-1,1,17400
3618,1074,1,350,6,-1,99999,-1,-1,-3,-1,1,17400
3619,1075,1,1968,3,-1,99999,-1,-1,-3,-1,1,17400
3620,1075,1,484,9,-1,99999,-1,-1,-3,-1,1,17400
3621,1076,1,76,12,-1,99999,-1,-1,-3,-1,1,17400
3622,1076,1,1426,2,-1,99999,-1,-1,-3,-1,1,17400
3623,1076,1,1551,4,-1,99999,-1,-1,-3,-1,1,17400
3624,1076,1,136,8,-1,99999,-1,-1,-3,-1,1,17400
3625,1076,1,2698,3,-1,99999,-1,-1,-3,-1,1,17400
3626,1076,1,1155,6,-1,99999,-1,-1,-3,-1,1,17400
3627,1077,1,2583,3,-1,99999,-1,-1,-3,-1,1,17400
3628,1078,1,760,4,-1,99999,-1,-1,-3,-1,1,17460
3629,1079,1,257,8,-1,99999,-1,-1,-3,-1,1,17460
3630,1079,1,1070,9,-1,99999,-1,-1,-3,-1,1,17460
3631,1079,1,1507,6,-1,99999,-1,-1,-3,-1,1,17460
3632,1080,1,1748,10,-1,99999,-1,-1,-3,-1,1,17460
3633,1080,1,177,6,-1,99999,-1,-1,-3,-1,1,17460
3634,1080,1,136,4,-1,99999,-1,-1,-3,-1,1,17460
3635,1080,1,1483,2,-1,99999,-1,-1,-3,-1,1,17460
3636,1080,1,406,12,-1,99999,-1,-1,-3,-1,1,17460
3637,1080,1,104,2,-1,99999,-1,-1,-3,-1,1,17460
3638,1080,1,320,2,-1,99999,-1,-1,-3,-1,1,17460
3639,1080,1,191,3,-1,99999,-1,-1,-3,-1,1,17460
3640,1080,1,369,5,-1,99999,-1,-1,-3,-1,1,17460
3641,1081,1,6,10,-1,99999,-1,-1,-3,-1,1,17460
3642,1081,1,13,10,-1,99999,-1,-1,-3,-1,1,17460
3643,1081,1,1460,3,-1,99999,-1,-1,-3,-1,1,17460
3644,1081,1,233,10,-1,99999,-1,-1,-3,-1,1,17460
3645,1081,1,1740,2,-1,99999,-1,-1,-3,-1,1,17460
3646,1081,1,61,3,-1,99999,-1,-1,-3,-1,1,17460
3647,1082,1,748,5,-1,99999,-1,-1,-3,-1,1,17460
3648,1082,1,699,10,-1,99999,-1,-1,-3,-1,1,17460
3649,1083,1,1870,2,-1,99999,-1,-1,-3,-1,1,17460
3650,1083,1,1282,2,-1,99999,-1,-1,-3,-1,1,17460
3651,1083,1,1363,8,-1,99999,-1,-1,-3,-1,1,17460
3652,1083,1,258,5,-1,99999,-1,-1,-3,-1,1,17460
3653,1083,1,113,10,-1,99999,-1,-1,-3,-1,1,17460
3654,1084,1,667,11,-1,99999,-1,-1,-3,-1,1,17460
3655,1084,1,111,6,-1,99999,-1,-1,-3,-1,1,17460
3656,1084,1,381,5,-1,99999,-1,-1,-3,-1,1,17460
3657,1084,1,78,9,-1,99999,-1,-1,-3,-1,1,17460
3658,1085,1,17,9,-1,99999,-1,-1,-3,-1,1,17460
3659,1086,1,345,2,-1,99999,-1,-1,-3,-1,1,17460
3660,1086,1,1510,4,-1,99999,-1,-1,-3,-1,1,17460
3661,1086,1,4,6,-1,99999,-1,-1,-3,-1,1,17460
3662,1086,1,16,4,-1,99999,-1,-1,-3,-1,1,17460
3663,1087,1,76,6,-1,99999,-1,-1,-3,-1,1,17460
3664,1088,1,422,1,-1,99999,-1,-1,-3,-1,1,17520
3665,1088,1,335,4,-1,99999,-1,-1,-3,-1,1,17520
3666,1088,1,96,6,-1,99999,-1,-1,-3,-1,1,17520
3667,1088,1,93,2,-1,99999,-1,-1,-3,-1,1,17520
3668,1088,1,26,8,-1,99999,-1,-1,-3,-1,1,17520
3669,1088,1,392,4,-1,99999,-1,-1,-3,-1,1,17520
3670,1088,1,34,6,-1,99999,-1,-1,-3,-1,1,17520
3671,1088,1,252,8,-1,99999,-1,-1,-3,-1,1,17520
3672,1088,1,489,10,-1,99999,-1,-1,-3,-1,1,17520
3673,1088,1,348,8,-1,99999,-1,-1,-3,-1,1,17520
3674,1088,1,214,3,-1,99999,-1,-1,-3,-1,1,17520
3675,1088,1,685,4,-1,99999,-1,-1,-3,-1,1,17520
3676,1089,1,284,2,-1,99999,-1,-1,-3,-1,1,17520
3677,1089,1,143,10,-1,99999,-1,-1,-3,-1,1,17520
3678,1089,1,430,6,-1,99999,-1,-1,-3,-1,1,17520
3679,1089,1,21,3,-1,99999,-1,-1,-3,-1,1,17520
3680,1089,1,2957,2,-1,99999,-1,-1,-3,-1,1,17520
3681,1089,1,276,9,-1,99999,-1,-1,-3,-1,1,17520
3682,1089,1,61,4,-1,99999,-1,-1,-3,-1,1,17520
3683,1089,1,92,8,-1,99999,-1,-1,-3,-1,1,17520
3684,1089,1,256,2,-1,99999,-1,-1,-3,-1,1,17520
3685,1089,1,376,10,-1,99999,-1,-1,-3,-1,1,17520
3686,1089,1,2013,4,-1,99999,-1,-1,-3,-1,1,17520
3687,1089,1,302,4,-1,99999,-1,-1,-3,-1,1,17520
3688,1089,1,193,2,-1,99999,-1,-1,-3,-1,1,17520
3689,1090,1,107,7,-1,99999,-1,-1,-3,-1,1,17520
3690,1090,1,198,2,-1,99999,-1,-1,-3,-1,1,17520
3691,1090,1,351,12,-1,99999,-1,-1,-3,-1,1,17520
3692,1090,1,301,8,-1,99999,-1,-1,-3,-1,1,17520
3693,1091,1,1294,9,-1,99999,-1,-1,-3,-1,1,17580
3694,1092,1,835,4,-1,99999,-1,-1,-3,-1,1,17580
3695,1093,1,713,7,-1,99999,-1,-1,-3,-1,1,17640
3696,1094,1,1000,6,-1,99999,-1,-1,-3,-1,1,17640
3697,1094,1,880,6,-1,99999,-1,-1,-3,-1,1,17640
3698,1095,1,50,8,-1,99999,-1,-1,-3,-1,1,17700
3699,1095,1,35,8,-1,99999,-1,-1,-3,-1,1,17700
3700,1095,1,602,4,-1,99999,-1,-1,-3,-1,1,17700
3701,1095,1,93,8,-1,99999,-1,-1,-3,-1,1,17700
3702,1095,1,556,2,-1,99999,-1,-1,-3,-1,1,17700
3703,1096,1,439,10,-1,99999,-1,-1,-3,-1,1,17700
3704,1096,1,682,9,-1,99999,-1,-1,-3,-1,1,17700
3705,1097,1,89,5,-1,99999,-1,-1,-3,-1,1,17700
3706,1097,1,2188,2,-1,99999,-1,-1,-3,-1,1,17700
3707,1097,1,412,1,-1,99999,-1,-1,-3,-1,1,17700
3708,1098,1,2841,2,-1,99999,-1,-1,-3,-1,1,17760
3709,1098,1,41,1,-1,99999,-1,-1,-3,-1,1,17760
3710,1098,1,462,6,-1,99999,-1,-1,-3,-1,1,17760
3711,1099,1,210,8,-1,99999,-1,-1,-3,-1,1,17820
3712,1099,1,1902,4,-1,99999,-1,-1,-3,-1,1,17820
3713,1099,1,394,9,-1,99999,-1,-1,-3,-1,1,17820
3714,1099,1,718,6,-1,99999,-1,-1,-3,-1,1,17820
3715,1099,1,1322,10,-1,99999,-1,-1,-3,-1,1,17820
3716,1099,1,311,10,-1,99999,-1,-1,-3,-1,1,17820
3717,1100,1,468,8,-1,99999,-1,-1,-3,-1,1,17820
3718,1101,1,107,5,-1,99999,-1,-1,-3,-1,1,17820
3719,1102,1,48,6,-1,99999,-1,-1,-3,-1,1,17880
3720,1102,1,23,5,-1,99999,-1,-1,-3,-1,1,17880
3721,1102,1,0,1,-1,99999,-1,-1,-3,-1,1,17880
3722,1102,1,83,9,-1,99999,-1,-1,-3,-1,1,17880
3723,1103,1,1237,2,-1,99999,-1,-1,-3,-1,1,17940
3724,1104,1,570,4,-1,99999,-1,-1,-3,-1,1,17940
3725,1104,1,1636,11,-1,99999,-1,-1,-3,-1,1,17940
3726,1105,1,61,2,-1,99999,-1,-1,-3,-1,1,17940
3727,1106,1,116,8,-1,99999,-1,-1,-3,-1,1,18000
3728,1106,1,1600,7,-1,99999,-1,-1,-3,-1,1,18000
3729,1106,1,214,5,-1,99999,-1,-1,-3,-1,1,18000
3730,1106,1,2016,4,-1,99999,-1,-1,-3,-1,1,18000
3731,1106,1,423,6,-1,99999,-1,-1,-3,-1,1,18000
3732,1106,1,53,10,-1,99999,-1,-1,-3,-1,1,18000
3733,1107,1,496,3,-1,99999,-1,-1,-3,-1,1,18000
3734,1107,1,149,2,-1,99999,-1,-1,-3,-1,1,18000
3735,1108,1,77,4,-1,99999,-1,-1,-3,-1,1,18000
3736,1108,1,2766,3,-1,99999,-1,-1,-3,-1,1,18000
3737,1108,1,82,8,-1,99999,-1,-1,-3,-1,1,18000
3738,1108,1,1381,2,-1,99999,-1,-1,-3,-1,1,18000
3739,1108,1,68,6,-1,99999,-1,-1,-3,-1,1,18000
3740,1108,1,97,5,-1,99999,-1,-1,-3,-1,1,18000
3741,1108,1,264,7,-1,99999,-1,-1,-3,-1,1,18000
3742,1108,1,344,5,-1,99999,-1,-1,-3,-1,1,18000
3743,1109,1,809,6,-1,99999,-1,-1,-3,-1,1,18060
3744,1109,1,1,6,-1,99999,-1,-1,-3,-1,1,18060
3745,1109,1,660,5,-1,99999,-1,-1,-3,-1,1,18060
3746,1110,1,85,6,-1,99999,-1,-1,-3,-1,1,18060
3747,1111,1,61,8,-1,99999,-1,-1,-3,-1,1,18120
3748,1112,1,661,6,-1,99999,-1,-1,-3,-1,1,18120
3749,1113,1,54,5,-1,99999,-1,-1,-3,-1,1,18120
3750,1113,1,2489,3,-1,99999,-1,-1,-3,-1,1,18120
3751,1113,1,134,5,-1,99999,-1,-1,-3,-1,1,18120
3752,1114,1,203,11,-1,99999,-1,-1,-3,-1,1,18120
3753,1114,1,1372,2,-1,99999,-1,-1,-3,-1,1,18120
3754,1115,1,2,7,-1,99999,-1,-1,-3,-1,1,18120
3755,1115,1,148,4,-1,99999,-1,-1,-3,-1,1,18120
3756,1115,1,8,6,-1,99999,-1,-1,-3,-1,1,18120
3757,1115,1,133,10,-1,99999,-1,-1,-3,-1,1,18120
3758,1116,1,39,7,-1,99999,-1,-1,-3,-1,1,18180
3759,1117,1,787,4,-1,99999,-1,-1,-3,-1,1,18180
3760,1117,1,5,3,-1,99999,-1,-1,-3,-1,1,18180
3761,1117,1,53,6,-1,99999,-1,-1,-3,-1,1,18180
3762,1117,1,328,2,-1,99999,-1,-1,-3,-1,1,18180
3763,1117,1,631,10,-1,99999,-1,-1,-3,-1,1,18180
3764,1118,1,12,3,-1,99999,-1,-1,-3,-1,1,18240
3765,1119,1,670,4,-1,99999,-1,-1,-3,-1,1,18240
3766,1120,1,284,8,-1,99999,-1,-1,-3,-1,1,18240
3767,1121,1,30,7,-1,99999,-1,-1,-3,-1,1,18360
3768,1122,1,39,5,-1,99999,-1,-1,-3,-1,1,18360
3769,1123,1,16,12,-1,99999,-1,-1,-3,-1,1,18360
3770,1124,1,2077,2,-1,99999,-1,-1,-3,-1,1,18360
3771,1125,1,2424,3,-1,99999,-1,-1,-3,-1,1,18420
3772,1126,1,598,4,-1,99999,-1,-1,-3,-1,1,18420
3773,1126,1,53,5,-1,99999,-1,-1,-3,-1,1,18420
3774,1126,1,5,5,-1,99999,-1,-1,-3,-1,1,18420
3775,1126,1,1782,2,-1,99999,-1,-1,-3,-1,1,18420
3776,1127,1,372,4,-1,99999,-1,-1,-3,-1,1,18480
3777,1127,1,54,12,-1,99999,-1,-1,-3,-1,1,18480
3778,1127,1,85,5,-1,99999,-1,-1,-3,-1,1,18480
3779,1127,1,2875,2,-1,99999,-1,-1,-3,-1,1,18480
3780,1127,1,1010,9,-1,99999,-1,-1,-3,-1,1,18480
3781,1127,1,53,7,-1,99999,-1,-1,-3,-1,1,18480
3782,1127,1,361,8,-1,99999,-1,-1,-3,-1,1,18480
3783,1127,1,3049,3,-1,99999,-1,-1,-3,-1,1,18480
3784,1127,1,37,3,-1,99999,-1,-1,-3,-1,1,18480
3785,1128,1,1345,4,-1,99999,-1,-1,-3,-1,1,18480
3786,1128,1,2144,4,-1,99999,-1,-1,-3,-1,1,18480
3787,1128,1,1053,10,-1,99999,-1,-1,-3,-1,1,18480
3788,1128,1,36,9,-1,99999,-1,-1,-3,-1,1,18480
3789,1128,1,212,7,-1,99999,-1,-1,-3,-1,1,18480
3790,1128,1,13,9,-1,99999,-1,-1,-3,-1,1,18480
3791,1128,1,242,10,-1,99999,-1,-1,-3,-1,1,18480
3792,1128,1,380,2,-1,99999,-1,-1,-3,-1,1,18480
3793,1128,1,2,10,-1,99999,-1,-1,-3,-1,1,18480
3794,1128,1,8,4,-1,99999,-1,-1,-3,-1,1,18480
3795,1128,1,660,3,-1,99999,-1,-1,-3,-1,1,18480
3796,1128,1,1,3,-1,99999,-1,-1,-3,-1,1,18480
3797,1128,1,356,10,-1,99999,-1,-1,-3,-1,1,18480
3798,1128,1,2238,2,-1,99999,-1,-1,-3,-1,1,18480
3799,1128,1,1693,1,-1,99999,-1,-1,-3,-1,1,18480
3800,1129,1,114,7,-1,99999,-1,-1,-3,-1,1,18480
3801,1129,1,337,8,-1,99999,-1,-1,-3,-1,1,18480
3802,1129,1,2249,4,-1,99999,-1,-1,-3,-1,1,18480
3803,1129,1,11,8,-1,99999,-1,-1,-3,-1,1,18480
3804,1129,1,233,5,-1,99999,-1,-1,-3,-1,1,18480
3805,1129,1,47,3,-1,99999,-1,-1,-3,-1,1,18480
3806,1130,1,871,4,-1,99999,-1,-1,-3,-1,1,18480
3807,1130,1,37,11,-1,99999,-1,-1,-3,-1,1,18480
3808,1131,1,32,8,-1,99999,-1,-1,-3,-1,1,18540
3809,1132,1,1126,6,-1,99999,-1,-1,-3,-1,1,18540
3810,1133,1,485,10,-1,99999,-1,-1,-3,-1,1,18540
3811,1133,1,69,3,-1,99999,-1,-1,-3,-1,1,18540
3812,1133,1,2,2,-1,99999,-1,-1,-3,-1,1,18540
3813,1133,1,3007,4,-1,99999,-1,-1,-3,-1,1,18540
3814,1133,1,330,7,-1,99999,-1,-1,-3,-1,1,18540
3815,1133,1,25,6,-1,99999,-1,-1,-3,-1,1,18540
3816,1133,1,1584,2,-1,99999,-1,-1,-3,-1,1,18540
3817,1133,1,1052,7,-1,99999,-1,-1,-3,-1,1,18540
3818,1134,1,524,5,-1,99999,-1,-1,-3,-1,1,18540
3819,1135,1,628,6,-1,99999,-1,-1,-3,-1,1,18600
3820,1135,1,1362,1,-1,99999,-1,-1,-3,-1,1,18600
3821,1136,1,288,5,-1,99999,-1,-1,-3,-1,1,18600
3822,1136,1,154,12,-1,99999,-1,-1,-3,-1,1,18600
3823,1136,1,34,6,-1,99999,-1,-1,-3,-1,1,18600
3824,1136,1,2691,4,-1,99999,-1,-1,-3,-1,1,18600
3825,1137,1,0,4,-1,99999,-1,-1,-3,-1,1,18600
3826,1138,1,3,6,-1,99999,-1,-1,-3,-1,1,18660
3827,1138,1,600,12,-1,99999,-1,-1,-3,-1,1,18660
3828,1138,1,336,5,-1,99999,-1,-1,-3,-1,1,18660
3829,1138,1,261,12,-1,99999,-1,-1,-3,-1,1,18660
3830,1138,1,1365,2,-1,99999,-1,-1,-3,-1,1,18660
3831,1138,1,633,7,-1,99999,-1,-1,-3,-1,1,18660
3832,1138,1,511,12,-1,99999,-1,-1,-3,-1,1,18660
3833,1138,1,1086,12,-1,99999,-1,-1,-3,-1,1,18660
3834,1139,1,244,8,-1,99999,-1,-1,-3,-1,1,18660
3835,1140,1,99,6,-1,99999,-1,-1,-3,-1,1,18660
3836,1140,1,1456,1,-1,99999,-1,-1,-3,-1,1,18660
3837,1140,1,923,3,-1,99999,-1,-1,-3,-1,1,18660
3838,1140,1,2245,3,-1,99999,-1,-1,-3,-1,1,18660
3839,1141,1,463,2,-1,99999,-1,-1,-3,-1,1,18720
3840,1141,1,462,12,-1,99999,-1,-1,-3,-1,1,18720
3841,1142,1,433,10,-1,99999,-1,-1,-3,-1,1,18720
3842,1142,1,350,7,-1,99999,-1,-1,-3,-1,1,18720
3843,1142,1,231,10,-1,99999,-1,-1,-3,-1,1,18720
3844,1142,1,654,8,-1,99999,-1,-1,-3,-1,1,18720
3845,1142,1,2084,4,-1,99999,-1,-1,-3,-1,1,18720
3846,1142,1,638,11,-1,99999,-1,-1,-3,-1,1,18720
3847,1142,1,3009,1,-1,99999,-1,-1,-3,-1,1,18720
3848,1142,1,9,10,-1,99999,-1,-1,-3,-1,1,18720
3849,1143,1,1716,4,-1,99999,-1,-1,-3,-1,1,18720
3850,1144,1,1216,8,-1,99999,-1,-1,-3,-1,1,18780
3851,1145,1,273,8,-1,99999,-1,-1,-3,-1,1,18780
3852,1146,1,591,12,-1,99999,-1,-1,-3,-1,1,18780
3853,1147,1,78,4,-1,99999,-1,-1,-3,-1,1,18780
3854,1147,1,495,8,-1,99999,-1,-1,-3,-1,1,18780
3855,1147,1,278,11,-1,99999,-1,-1,-3,-1,1,18780
3856,1147,1,171,3,-1,99999,-1,-1,-3,-1,1,18780
3857,1147,1,261,6,-1,99999,-1,-1,-3,-1,1,18780
3858,1147,1,133,5,-1,99999,-1,-1,-3,-1,1,18780
3859,1148,1,100,4,-1,99999,-1,-1,-3,-1,1,18780
3860,1148,1,1064,5,-1,99999,-1,-1,-3,-1,1,18780
3861,1148,1,305,12,-1,99999,-1,-1,-3,-1,1,18780
3862,1149,1,1423,11,-1,99999,-1,-1,-3,-1,1,18840
3863,1150,1,1881,3,-1,99999,-1,-1,-3,-1,1,18840
3864,1150,1,1585,4,-1,99999,-1,-1,-3,-1,1,18840
3865,1150,1,241,3,-1,99999,-1,-1,-3,-1,1,18840
3866,1150,1,2,7,-1,99999,-1,-1,-3,-1,1,18840
3867,1150,1,1730,2,-1,99999,-1,-1,-3,-1,1,18840
3868,1150,1,469,8,-1,99999,-1,-1,-3,-1,1,18840
3869,1150,1,550,4,-1,99999,-1,-1,-3,-1,1,18840
3870,1150,1,10,10,-1,99999,-1,-1,-3,-1,1,18840
3871,1150,1,13,8,-1,99999,-1,-1,-3,-1,1,18840
3872,1151,1,17,6,-1,99999,-1,-1,-3,-1,1,18840
3873,1152,1,1458,2,-1,99999,-1,-1,-3,-1,1,18900
3874,1152,1,1438,2,-1,99999,-1,-1,-3,-1,1,18900
3875,1152,1,415,8,-1,99999,-1,-1,-3,-1,1,18900
3876,1152,1,1179,4,-1,99999,-1,-1,-3,-1,1,18900
3877,1152,1,179,8,-1,99999,-1,-1,-3,-1,1,18900
3878,1153,1,817,4,-1,99999,-1,-1,-3,-1,1,18900
3879,1153,1,835,5,-1,99999,-1,-1,-3,-1,1,18900
3880,1153,1,322,8,-1,99999,-1,-1,-3,-1,1,18900
3881,1154,1,338,9,-1,99999,-1,-1,-3,-1,1,18960
3882,1154,1,1654,3,-1,99999,-1,-1,-3,-1,1,18960
3883,1154,1,319,11,-1,99999,-1,-1,-3,-1,1,18960
3884,1154,1,152,8,-1,99999,-1,-1,-3,-1,1,18960
3885,1154,1,415,6,-1,99999,-1,-1,-3,-1,1,18960
3886,1155,1,80,4,-1,99999,-1,-1,-3,-1,1,18960
3887,1155,1,176,6,-1,99999,-1,-1,-3,-1,1,18960
3888,1156,1,1073,2,-1,99999,-1,-1,-3,-1,1,18960
3889,1156,1,71,4,-1,99999,-1,-1,-3,-1,1,18960
3890,1156,1,32,4,-1,99999,-1,-1,-3,-1,1,18960
3891,1157,1,7,11,-1,99999,-1,-1,-3,-1,1,19020
3892,1158,1,67,1,-1,99999,-1,-1,-3,-1,1,19020
3893,1159,1,1947,4,-1,99999,-1,-1,-3,-1,1,19020
3894,1160,1,249,9,-1,99999,-1,-1,-3,-1,1,19080
3895,1161,1,444,12,-1,99999,-1,-1,-3,-1,1,19080
3896,1161,1,42,4,-1,99999,-1,-1,-3,-1,1,19080
3897,1162,1,164,12,-1,99999,-1,-1,-3,-1,1,19140
3898,1162,1,1876,4,-1,99999,-1,-1,-3,-1,1,19140
3899,1163,1,591,6,-1,99999,-1,-1,-3,-1,1,19140
3900,1163,1,4,8,-1,99999,-1,-1,-3,-1,1,19140
3901,1163,1,2,6,-1,99999,-1,-1,-3,-1,1,19140
3902,1163,1,300,9,-1,99999,-1,-1,-3,-1,1,19140
3903,1163,1,715,7,-1,99999,-1,-1,-3,-1,1,19140
3904,1163,1,1266,8,-1,99999,-1,-1,-3,-1,1,19140
3905,1164,1,1771,3,-1,99999,-1,-1,-3,-1,1,19200
3906,1165,1,1892,1,-1,99999,-1,-1,-3,-1,1,19260
3907,1166,1,1028,8,-1,99999,-1,-1,-3,-1,1,19260
3908,1166,1,25,8,-1,99999,-1,-1,-3,-1,1,19260
3909,1166,1,389,10,-1,99999,-1,-1,-3,-1,1,19260
3910,1167,1,399,10,-1,99999,-1,-1,-3,-1,1,19260
3911,1167,1,297,5,-1,99999,-1,-1,-3,-1,1,19260
3912,1167,1,112,11,-1,99999,-1,-1,-3,-1,1,19260
3913,1167,1,685,1,-1,99999,-1,-1,-3,-1,1,19260
3914,1167,1,206,1,-1,99999,-1,-1,-3,-1,1,19260
3915,1167,1,1656,4,-1,99999,-1,-1,-3,-1,1,19260
3916,1168,1,1316,2,-1,99999,-1,-1,-3,-1,1,19320
3917,1168,1,909,4,-1,99999,-1,-1,-3,-1,1,19320
3918,1168,1,4,12,-1,99999,-1,-1,-3,-1,1,19320
3919,1169,1,632,8,-1,99999,-1,-1,-3,-1,1,19320
3920,1169,1,156,4,-1,99999,-1,-1,-3,-1,1,19320
3921,1169,1,261,10,-1,99999,-1,-1,-3,-1,1,19320
3922,1169,1,750,6,-1,99999,-1,-1,-3,-1,1,19320
3923,1170,1,50,8,-1,99999,-1,-1,-3,-1,1,19320
3924,1170,1,1928,2,-1,99999,-1,-1,-3,-1,1,19320
3925,1170,1,55,10,-1,99999,-1,-1,-3,-1,1,19320
3926,1171,1,57,8,-1,99999,-1,-1,-3,-1,1,19320
3927,1172,1,24,7,-1,99999,-1,-1,-3,-1,1,19320
3928,1173,1,534,8,-1,99999,-1,-1,-3,-1,1,19320
3929,1173,1,1598,11,-1,99999,-1,-1,-3,-1,1,19320
3930,1173,1,9,12,-1,99999,-1,-1,-3,-1,1,19320
3931,1173,1,39,7,-1,99999,-1,-1,-3,-1,1,19320
3932,1173,1,872,7,-1,99999,-1,-1,-3,-1,1,19320
3933,1174,1,1329,3,-1,99999,-1,-1,-3,-1,1,19320
3934,1175,1,335,8,-1,99999,-1,-1,-3,-1,1,19320
3935,1176,1,1745,1,-1,99999,-1,-1,-3,-1,1,19320
3936,1177,1,30,3,-1,99999,-1,-1,-3,-1,1,19380
3937,1177,1,1808,4,-1,99999,-1,-1,-3,-1,1,19380
3938,1177,1,662,5,-1,99999,-1,-1,-3,-1,1,19380
3939,1178,1,13,6,-1,99999,-1,-1,-3,-1,1,19440
3940,1178,1,813,7,-1,99999,-1,-1,-3,-1,1,19440
3941,1179,1,1474,8,-1,99999,-1,-1,-3,-1,1,19440
3942,1180,1,745,12,-1,99999,-1,-1,-3,-1,1,19440
3943,1180,1,3,8,-1,99999,-1,-1,-3,-1,1,19440
3944,1181,1,24,4,-1,99999,-1,-1,-3,-1,1,19500
3945,1182,1,10,10,-1,99999,-1,-1,-3,-1,1,19500
3946,1183,1,2371,3,-1,99999,-1,-1,-3,-1,1,19560
3947,1183,1,476,2,-1,99999,-1,-1,-3,-1,1,19560
3948,1184,1,116,7,-1,99999,-1,-1,-3,-1,1,19560
3949,1184,1,305,3,-1,99999,-1,-1,-3,-1,1,19560
3950,1184,1,264,6,-1,99999,-1,-1,-3,-1,1,19560
3951,1184,1,0,4,-1,99999,-1,-1,-3,-1,1,19560
3952,1184,1,1207,10,-1,99999,-1,-1,-3,-1,1,19560
3953,1185,1,1271,11,-1,99999,-1,-1,-3,-1,1,19560
3954,1185,1,1809,2,-1,99999,-1,-1,-3,-1,1,19560
3955,1186,1,1708,4,-1,99999,-1,-1,-3,-1,1,19560
3956,1187,1,2904,2,-1,99999,-1,-1,-3,-1,1,19560
3957,1188,1,459,6,-1,99999,-1,-1,-3,-1,1,19620
3958,1188,1,51,6,-1,99999,-1,-1,-3,-1,1,19620
3959,1188,1,2105,2,-1,99999,-1,-1,-3,-1,1,19620
3960,1188,1,245,10,-1,99999,-1,-1,-3,-1,1,19620
3961,1189,1,18,4,-1,99999,-1,-1,-3,-1,1,19620
3962,1189,1,201,8,-1,99999,-1,-1,-3,-1,1,19620
3963,1190,1,30,4,-1,99999,-1,-1,-3,-1,1,19620
3964,1190,1,287,10,-1,99999,-1,-1,-3,-1,1,19620
3965,1190,1,159,6,-1,99999,-1,-1,-3,-1,1,19620
3966,1190,1,70,3,-1,99999,-1,-1,-3,-1,1,19620
3967,1191,1,773,7,-1,99999,-1,-1,-3,-1,1,19620
3968,1192,1,131,4,-1,99999,-1,-1,-3,-1,1,19620
3969,1193,1,365,4,-1,99999,-1,-1,-3,-1,1,19680
3970,1193,1,336,4,-1,99999,-1,-1,-3,-1,1,19680
3971,1193,1,1479,10,-1,99999,-1,-1,-3,-1,1,19680
3972,1193,1,196,6,-1,99999,-1,-1,-3,-1,1,19680
3973,1193,1,2164,2,-1,99999,-1,-1,-3,-1,1,19680
3974,1193,1,23,2,-1,99999,-1,-1,-3,-1,1,19680
3975,1193,1,639,10,-1,99999,-1,-1,-3,-1,1,19680
3976,1193,1,1835,2,-1,99999,-1,-1,-3,-1,1,19680
3977,1193,1,122,9,-1,99999,-1,-1,-3,-1,1,19680
3978,1193,1,1346,12,-1,99999,-1,-1,-3,-1,1,19680
3979,1194,1,2966,4,-1,99999,-1,-1,-3,-1,1,19740
3980,1194,1,600,4,-1,99999,-1,-1,-3,-1,1,19740
3981,1194,1,62,12,-1,99999,-1,-1,-3,-1,1,19740
3982,1194,1,93,11,-1,99999,-1,-1,-3,-1,1,19740
3983,1194,1,194,6,-1,99999,-1,-1,-3,-1,1,19740
3984,1194,1,1030,3,-1,99999,-1,-1,-3,-1,1,19740
3985,1194,1,24,6,-1,99999,-1,-1,-3,-1,1,19740
3986,1194,1,637,12,-1,99999,-1,-1,-3,-1,1,19740
3987,1194,1,71,4,-1,99999,-1,-1,-3,-1,1,19740
3988,1194,1,759,7,-1,99999,-1,-1,-3,-1,1,19740
3989,1194,1,97,2,-1,99999,-1,-1,-3,-1,1,19740
3990,1194,1,91,8,-1,99999,-1,-1,-3,-1,1,19740
3991,1194,1,42,10,-1,99999,-1,-1,-3,-1,1,19740
3992,1195,1,122,8,-1,99999,-1,-1,-3,-1,1,19740
3993,1195,1,119,11,-1,99999,-1,-1,-3,-1,1,19740
3994,1195,1,391,7,-1,99999,-1,-1,-3,-1,1,19740
3995,1195,1,19,8,-1,99999,-1,-1,-3,-1,1,19740
3996,1195,1,103,4,-1,99999,-1,-1,-3,-1,1,19740
3997,1196,1,409,2,-1,99999,-1,-1,-3,-1,1,19740
3998,1196,1,126,10,-1,99999,-1,-1,-3,-1,1,19740
3999,1196,1,2,11,-1,99999,-1,-1,-3,-1,1,19740
4000,1197,1,942,5,-1,99999,-1,-1,-3,-1,1,19740
4001,1197,1,1817,2,-1,99999,-1,-1,-3,-1,1,19740
4002,1197,1,0,6,-1,99999,-1,-1,-3,-1,1,19740
4003,1197,1,9,2,-1,99999,-1,-1,-3,-1,1,19740
4004,1197,1,1789,4,-1,99999,-1,-1,-3,-1,1,19740
4005,1197,1,520,10,-1,99999,-1,-1,-3,-1,1,19740
4006,1197,1,678,5,-1,99999,-1,-1,-3,-1,1,19740
4007,1197,1,381,4,-1,99999,-1,-1,-3,-1,1,19740
4008,1197,1,147,7,-1,99999,-1,-1,-3,-1,1,19740
4009,1197,1,770,7,-1,99999,-1,-1,-3,-1,1,19740
4010,1197,1,1040,4,-1,99999,-1,-1,-3,-1,1,19740
4011,1198,1,214,8,-1,99999,-1,-1,-3,-1,1,19740
4012,1198,1,1384,3,-1,99999,-1,-1,-3,-1,1,19740
4013,1199,1,12,7,-1,99999,-1,-1,-3,-1,1,19800
4014,1199,1,1677,1,-1,99999,-1,-1,-3,-1,1,19800
4015,1199,1,335,6,-1,99999,-1,-1,-3,-1,1,19800
4016,1199,1,278,3,-1,99999,-1,-1,-3,-1,1,19800
4017,1199,1,63,8,-1,99999,-1,-1,-3,-1,1,19800
4018,1199,1,366,9,-1,99999,-1,-1,-3,-1,1,19800
4019,1199,1,611,7,-1,99999,-1,-1,-3,-1,1,19800
4020,1199,1,148,6,-1,99999,-1,-1,-3,-1,1,19800
4021,1199,1,720,6,-1,99999,-1,-1,-3,-1,1,19800
4022,1199,1,42,7,-1,99999,-1,-1,-3,-1,1,19800
4023,1199,1,7,3,-1,99999,-1,-1,-3,-1,1,19800
4024,1200,1,393,10,-1,99999,-1,-1,-3,-1,1,19800
4025,1200,1,1930,4,-1,99999,-1,-1,-3,-1,1,19800
4026,1201,1,261,11,-1,99999,-1,-1,-3,-1,1,19800
4027,1201,1,331,7,-1,99999,-1,-1,-3,-1,1,19800
4028,1201,1,172,2,-1,99999,-1,-1,-3,-1,1,19800
4029,1201,1,1705,4,-1,99999,-1,-1,-3,-1,1,19800
4030,1201,1,2768,1,-1,99999,-1,-1,-3,-1,1,19800
4031,1202,1,119,2,-1,99999,-1,-1,-3,-1,1,19800
4032,1202,1,1820,3,-1,99999,-1,-1,-3,-1,1,19800
4033,1203,1,1170,6,-1,99999,-1,-1,-3,-1,1,19800
4034,1204,1,226,9,-1,99999,-1,-1,-3,-1,1,19800
4035,1204,1,1804,4,-1,99999,-1,-1,-3,-1,1,19800
4036,1204,1,160,11,-1,99999,-1,-1,-3,-1,1,19800
4037,1205,1,527,6,-1,99999,-1,-1,-3,-1,1,19920
4038,1205,1,365,6,-1,99999,-1,-1,-3,-1,1,19920
4039,1206,1,232,5,-1,99999,-1,-1,-3,-1,1,19920
4040,1207,1,77,5,-1,99999,-1,-1,-3,-1,1,19920
4041,1207,1,76,3,-1,99999,-1,-1,-3,-1,1,19920
4042,1207,1,1333,8,-1,99999,-1,-1,-3,-1,1,19920
4043,1207,1,182,7,-1,99999,-1,-1,-3,-1,1,19920
4044,1207,1,1,10,-1,99999,-1,-1,-3,-1,1,19920
4045,1208,1,77,9,-1,99999,-1,-1,-3,-1,1,19920
4046,1208,1,1167,10,-1,99999,-1,-1,-3,-1,1,19920
4047,1208,1,39,10,-1,99999,-1,-1,-3,-1,1,19920
4048,1208,1,1,7,-1,99999,-1,-1,-3,-1,1,19920
4049,1208,1,636,4,-1,99999,-1,-1,-3,-1,1,19920
4050,1209,1,1846,3,-1,99999,-1,-1,-3,-1,1,19980
4051,1209,1,1,1,-1,99999,-1,-1,-3,-1,1,19980
4052,1209,1,2349,2,-1,99999,-1,-1,-3,-1,1,19980
4053,1209,1,332,8,-1,99999,-1,-1,-3,-1,1,19980
4054,1209,1,803,6,-1,99999,-1,-1,-3,-1,1,19980
4055,1209,1,1511,3,-1,99999,-1,-1,-3,-1,1,19980
4056,1210,1,538,4,-1,99999,-1,-1,-3,-1,1,20040
4057,1210,1,1890,4,-1,99999,-1,-1,-3,-1,1,20040
4058,1210,1,974,4,-1,99999,-1,-1,-3,-1,1,20040
4059,1211,1,3,10,-1,99999,-1,-1,-3,-1,1,20040
4060,1211,1,1123,2,-1,99999,-1,-1,-3,-1,1,20040
4061,1211,1,341,4,-1,99999,-1,-1,-3,-1,1,20040
4062,1211,1,27,6,-1,99999,-1,-1,-3,-1,1,20040
4063,1212,1,2879,2,-1,99999,-1,-1,-3,-1,1,20040
4064,1213,1,18,4,-1,99999,-1,-1,-3,-1,1,20040
4065,1214,1,800,5,-1,99999,-1,-1,-3,-1,1,20040
4066,1215,1,548,8,-1,99999,-1,-1,-3,-1,1,20040
4067,1215,1,1429,1,-1,99999,-1,-1,-3,-1,1,20040
4068,1216,1,481,9,-1,99999,-1,-1,-3,-1,1,20040
4069,1217,1,838,11,-1,99999,-1,-1,-3,-1,1,20040
4070,1217,1,2969,3,-1,99999,-1,-1,-3,-1,1,20040
4071,1218,1,131,8,-1,99999,-1,-1,-3,-1,1,20100
4072,1218,1,3240,4,-1,99999,-1,-1,-3,-1,1,20100
4073,1218,1,68,4,-1,99999,-1,-1,-3,-1,1,20100
4074,1218,1,1250,7,-1,99999,-1,-1,-3,-1,1,20100
4075,1218,1,644,10,-1,99999,-1,-1,-3,-1,1,20100
4076,1219,1,2277,2,-1,99999,-1,-1,-3,-1,1,20100
4077,1219,1,29,7,-1,99999,-1,-1,-3,-1,1,20100
4078,1220,1,26,5,-1,99999,-1,-1,-3,-1,1,20100
4079,1220,1,761,6,-1,99999,-1,-1,-3,-1,1,20100
4080,1220,1,29,12,-1,99999,-1,-1,-3,-1,1,20100
4081,1220,1,9,8,-1,99999,-1,-1,-3,-1,1,20100
4082,1220,1,17,6,-1,99999,-1,-1,-3,-1,1,20100
4083,1221,1,2054,2,-1,99999,-1,-1,-3,-1,1,20100
4084,1221,1,1718,3,-1,99999,-1,-1,-3,-1,1,20100
4085,1221,1,1346,2,-1,99999,-1,-1,-3,-1,1,20100
4086,1221,1,27,6,-1,99999,-1,-1,-3,-1,1,20100
4087,1221,1,1301,2,-1,99999,-1,-1,-3,-1,1,20100
4088,1221,1,587,6,-1,99999,-1,-1,-3,-1,1,20100
4089,1221,1,0,6,-1,99999,-1,-1,-3,-1,1,20100
4090,1222,1,34,9,-1,99999,-1,-1,-3,-1,1,20160
4091,1223,1,470,7,-1,99999,-1,-1,-3,-1,1,20160
4092,1224,1,866,8,-1,99999,-1,-1,-3,-1,1,20160
4093,1224,1,702,5,-1,99999,-1,-1,-3,-1,1,20160
4094,1224,1,92,7,-1,99999,-1,-1,-3,-1,1,20160
4095,1224,1,229,7,-1,99999,-1,-1,-3,-1,1,20160
4096,1225,1,90,12,-1,99999,-1,-1,-3,-1,1,20160
4097,1225,1,22,8,-1,99999,-1,-1,-3,-1,1,20160
4098,1225,1,181,6,-1,99999,-1,-1,-3,-1,1,20160
4099,1225,1,110,5,-1,99999,-1,-1,-3,-1,1,20160
4100,1225,1,471,10,-1,99999,-1,-1,-3,-1,1,20160
4101,1225,1,1578,4,-1,99999,-1,-1,-3,-1,1,20160
4102,1226,1,948,1,-1,99999,-1,-1,-3,-1,1,20220
4103,1226,1,606,5,-1,99999,-1,-1,-3,-1,1,20220
4104,1226,1,407,4,-1,99999,-1,-1,-3,-1,1,20220
4105,1226,1,960,7,-1,99999,-1,-1,-3,-1,1,20220
4106,1226,1,848,2,-1,99999,-1,-1,-3,-1,1,20220
4107,1227,1,2776,2,-1,99999,-1,-1,-3,-1,1,20220
4108,1227,1,74,7,-1,99999,-1,-1,-3,-1,1,20220
4109,1227,1,223,2,-1,99999,-1,-1,-3,-1,1,20220
4110,1228,1,1007,5,-1,99999,-1,-1,-3,-1,1,20220
4111,1229,1,162,5,-1,99999,-1,-1,-3,-1,1,20280
4112,1229,1,236,6,-1,99999,-1,-1,-3,-1,1,20280
4113,1229,1,269,2,-1,99999,-1,-1,-3,-1,1,20280
4114,1230,1,1542,3,-1,99999,-1,-1,-3,-1,1,20340
4115,1230,1,0,6,-1,99999,-1,-1,-3,-1,1,20340
4116,1230,1,556,3,-1,99999,-1,-1,-3,-1,1,20340
4117,1230,1,420,4,-1,99999,-1,-1,-3,-1,1,20340
4118,1230,1,1418,3,-1,99999,-1,-1,-3,-1,1,20340
4119,1231,1,1136,2,-1,99999,-1,-1,-3,-1,1,20340
4120,1231,1,0,2,-1,99999,-1,-1,-3,-1,1,20340
4121,1231,1,882,8,-1,99999,-1,-1,-3,-1,1,20340
4122,1232,1,384,6,-1,99999,-1,-1,-3,-1,1,20400
4123,1233,1,360,1,-1,99999,-1,-1,-3,-1,1,20400
4124,1233,1,645,7,-1,99999,-1,-1,-3,-1,1,20400
4125,1234,1,296,10,-1,99999,-1,-1,-3,-1,1,20460
4126,1234,1,568,5,-1,99999,-1,-1,-3,-1,1,20460
4127,1235,1,2525,2,-1,99999,-1,-1,-3,-1,1,20460
4128,1235,1,408,7,-1,99999,-1,-1,-3,-1,1,20460
4129,1235,1,1620,2,-1,99999,-1,-1,-3,-1,1,20460
4130,1235,1,1134,5,-1,99999,-1,-1,-3,-1,1,20460
4131,1235,1,797,8,-1,99999,-1,-1,-3,-1,1,20460
4132,1235,1,5,8,-1,99999,-1,-1,-3,-1,1,20460
4133,1236,1,1810,1,-1,99999,-1,-1,-3,-1,1,20460
4134,1236,1,72,10,-1,99999,-1,-1,-3,-1,1,20460
4135,1236,1,51,5,-1,99999,-1,-1,-3,-1,1,20460
4136,1236,1,21,8,-1,99999,-1,-1,-3,-1,1,20460
4137,1236,1,42,6,-1,99999,-1,-1,-3,-1,1,20460
4138,1236,1,2145,4,-1,99999,-1,-1,-3,-1,1,20460
4139,1236,1,14,5,-1,99999,-1,-1,-3,-1,1,20460
4140,1237,1,204,5,-1,99999,-1,-1,-3,-1,1,20520
4141,1237,1,76,3,-1,99999,-1,-1,-3,-1,1,20520
4142,1238,1,128,5,-1,99999,-1,-1,-3,-1,1,20520
4143,1239,1,539,2,-1,99999,-1,-1,-3,-1,1,20520
4144,1240,1,136,6,-1,99999,-1,-1,-3,-1,1,20520
4145,1240,1,145,3,-1,99999,-1,-1,-3,-1,1,20520
4146,1240,1,120,4,-1,99999,-1,-1,-3,-1,1,20520
4147,1241,1,1330,4,-1,99999,-1,-1,-3,-1,1,20520
4148,1241,1,317,2,-1,99999,-1,-1,-3,-1,1,20520
4149,1241,1,2812,3,-1,99999,-1,-1,-3,-1,1,20520
4150,1241,1,678,2,-1,99999,-1,-1,-3,-1,1,20520
4151,1242,1,101,6,-1,99999,-1,-1,-3,-1,1,20520
4152,1242,1,178,4,-1,99999,-1,-1,-3,-1,1,20520
4153,1242,1,108,2,-1,99999,-1,-1,-3,-1,1,20520
4154,1243,1,1,2,-1,99999,-1,-1,-3,-1,1,20580
4155,1243,1,940,11,-1,99999,-1,-1,-3,-1,1,20580
4156,1243,1,24,4,-1,99999,-1,-1,-3,-1,1,20580
4157,1243,1,2699,2,-1,99999,-1,-1,-3,-1,1,20580
4158,1243,1,863,6,-1,99999,-1,-1,-3,-1,1,20580
4159,1243,1,1029,9,-1,99999,-1,-1,-3,-1,1,20580
4160,1243,1,37,5,-1,99999,-1,-1,-3,-1,1,20580
4161,1243,1,21,8,-1,99999,-1,-1,-3,-1,1,20580
4162,1243,1,3158,4,-1,99999,-1,-1,-3,-1,1,20580
4163,1243,1,61,9,-1,99999,-1,-1,-3,-1,1,20580
4164,1243,1,74,4,-1,99999,-1,-1,-3,-1,1,20580
4165,1243,1,953,10,-1,99999,-1,-1,-3,-1,1,20580
4166,1243,1,883,4,-1,99999,-1,-1,-3,-1,1,20580
4167,1243,1,1825,2,-1,99999,-1,-1,-3,-1,1,20580
4168,1243,1,620,6,-1,99999,-1,-1,-3,-1,1,20580
4169,1243,1,78,4,-1,99999,-1,-1,-3,-1,1,20580
4170,1243,1,340,8,-1,99999,-1,-1,-3,-1,1,20580
4171,1244,1,2676,4,-1,99999,-1,-1,-3,-1,1,20640
4172,1245,1,706,8,-1,99999,-1,-1,-3,-1,1,20640
4173,1245,1,1577,2,-1,99999,-1,-1,-3,-1,1,20640
4174,1246,1,809,10,-1,99999,-1,-1,-3,-1,1,20640
4175,1246,1,149,6,-1,99999,-1,-1,-3,-1,1,20640
4176,1247,1,306,4,-1,99999,-1,-1,-3,-1,1,20700
4177,1247,1,323,10,-1,99999,-1,-1,-3,-1,1,20700
4178,1248,1,82,11,-1,99999,-1,-1,-3,-1,1,20700
4179,1249,1,331,1,-1,99999,-1,-1,-3,-1,1,20700
4180,1250,1,119,10,-1,99999,-1,-1,-3,-1,1,20760
4181,1250,1,46,8,-1,99999,-1,-1,-3,-1,1,20760
4182,1251,1,386,6,-1,99999,-1,-1,-3,-1,1,20760
4183,1251,1,344,4,-1,99999,-1,-1,-3,-1,1,20760
4184,1252,1,2110,2,-1,99999,-1,-1,-3,-1,1,20820
4185,1252,1,15,12,-1,99999,-1,-1,-3,-1,1,20820
4186,1252,1,508,6,-1,99999,-1,-1,-3,-1,1,20820
4187,1252,1,760,10,-1,99999,-1,-1,-3,-1,1,20820
4188,1252,1,174,6,-1,99999,-1,-1,-3,-1,1,20820
4189,1253,1,117,5,-1,99999,-1,-1,-3,-1,1,20820
4190,1253,1,165,4,-1,99999,-1,-1,-3,-1,1,20820
4191,1253,1,1142,6,-1,99999,-1,-1,-3,-1,1,20820
4192,1253,1,78,12,-1,99999,-1,-1,-3,-1,1,20820
4193,1253,1,16,4,-1,99999,-1,-1,-3,-1,1,20820
4194,1253,1,100,8,-1,99999,-1,-1,-3,-1,1,20820
4195,1253,1,360,6,-1,99999,-1,-1,-3,-1,1,20820
4196,1253,1,657,9,-1,99999,-1,-1,-3,-1,1,20820
4197,1253,1,1110,7,-1,99999,-1,-1,-3,-1,1,20820
4198,1254,1,1375,7,-1,99999,-1,-1,-3,-1,1,20820
4199,1254,1,413,6,-1,99999,-1,-1,-3,-1,1,20820
4200,1254,1,153,8,-1,99999,-1,-1,-3,-1,1,20820
4201,1254,1,132,6,-1,99999,-1,-1,-3,-1,1,20820
4202,1254,1,606,6,-1,99999,-1,-1,-3,-1,1,20820
4203,1254,1,128,8,-1,99999,-1,-1,-3,-1,1,20820
4204,1254,1,480,6,-1,99999,-1,-1,-3,-1,1,20820
4205,1254,1,111,5,-1,99999,-1,-1,-3,-1,1,20820
4206,1254,1,2166,2,-1,99999,-1,-1,-3,-1,1,20820
4207,1255,1,190,6,-1,99999,-1,-1,-3,-1,1,20820
4208,1256,1,1174,3,-1,99999,-1,-1,-3,-1,1,20820
4209,1256,1,413,4,-1,99999,-1,-1,-3,-1,1,20820
4210,1256,1,171,9,-1,99999,-1,-1,-3,-1,1,20820
4211,1256,1,1142,5,-1,99999,-1,-1,-3,-1,1,20820
4212,1256,1,1633,11,-1,99999,-1,-1,-3,-1,1,20820
4213,1256,1,1184,6,-1,99999,-1,-1,-3,-1,1,20820
4214,1256,1,235,8,-1,99999,-1,-1,-3,-1,1,20820
4215,1256,1,725,7,-1,99999,-1,-1,-3,-1,1,20820
4216,1257,1,208,4,-1,99999,-1,-1,-3,-1,1,20880
4217,1257,1,1685,2,-1,99999,-1,-1,-3,-1,1,20880
4218,1257,1,88,8,-1,99999,-1,-1,-3,-1,1,20880
4219,1257,1,1662,2,-1,99999,-1,-1,-3,-1,1,20880
4220,1257,1,63,3,-1,99999,-1,-1,-3,-1,1,20880
4221,1258,1,533,12,-1,99999,-1,-1,-3,-1,1,20880
4222,1258,1,216,2,-1,99999,-1,-1,-3,-1,1,20880
4223,1258,1,13,7,-1,99999,-1,-1,-3,-1,1,20880
4224,1258,1,1227,6,-1,99999,-1,-1,-3,-1,1,20880
4225,1259,1,1518,6,-1,99999,-1,-1,-3,-1,1,20880
4226,1259,1,4,2,-1,99999,-1,-1,-3,-1,1,20880
4227,1259,1,218,9,-1,99999,-1,-1,-3,-1,1,20880
4228,1259,1,2928,4,-1,99999,-1,-1,-3,-1,1,20880
4229,1259,1,385,12,-1,99999,-1,-1,-3,-1,1,20880
4230,1259,1,783,4,-1,99999,-1,-1,-3,-1,1,20880
4231,1259,1,63,5,-1,99999,-1,-1,-3,-1,1,20880
4232,1260,1,0,10,-1,99999,-1,-1,-3,-1,1,20880
4233,1261,1,33,7,-1,99999,-1,-1,-3,-1,1,21000
4234,1261,1,122,7,-1,99999,-1,-1,-3,-1,1,21000
4235,1261,1,180,12,-1,99999,-1,-1,-3,-1,1,21000
4236,1262,1,216,8,-1,99999,-1,-1,-3,-1,1,21000
4237,1262,1,12,8,-1,99999,-1,-1,-3,-1,1,21000
4238,1262,1,898,6,-1,99999,-1,-1,-3,-1,1,21000
4239,1263,1,211,2,-1,99999,-1,-1,-3,-1,1,21000
4240,1263,1,197,5,-1,99999,-1,-1,-3,-1,1,21000
4241,1263,1,1111,4,-1,99999,-1,-1,-3,-1,1,21000
4242,1264,1,46,10,-1,99999,-1,-1,-3,-1,1,21060
4243,1265,1,98,8,-1,99999,-1,-1,-3,-1,1,21060
4244,1265,1,1556,8,-1,99999,-1,-1,-3,-1,1,21060
4245,1265,1,63,6,-1,99999,-1,-1,-3,-1,1,21060
4246,1266,1,48,6,-1,99999,-1,-1,-3,-1,1,21060
4247,1267,1,424,7,-1,99999,-1,-1,-3,-1,1,21060
4248,1267,1,171,3,-1,99999,-1,-1,-3,-1,1,21060
4249,1267,1,421,10,-1,99999,-1,-1,-3,-1,1,21060
4250,1268,1,240,4,-1,99999,-1,-1,-3,-1,1,21060
4251,1269,1,172,2,-1,99999,-1,-1,-3,-1,1,21120
4252,1269,1,187,9,-1,99999,-1,-1,-3,-1,1,21120
4253,1270,1,1,9,-1,99999,-1,-1,-3,-1,1,21120
4254,1270,1,157,7,-1,99999,-1,-1,-3,-1,1,21120
4255,1271,1,220,5,-1,99999,-1,-1,-3,-1,1,21120
4256,1271,1,6,7,-1,99999,-1,-1,-3,-1,1,21120
4257,1272,1,2066,4,-1,99999,-1,-1,-3,-1,1,21120
4258,1273,1,1683,3,-1,99999,-1,-1,-3,-1,1,21120
4259,1274,1,166,9,-1,99999,-1,-1,-3,-1,1,21180
4260,1274,1,441,6,-1,99999,-1,-1,-3,-1,1,21180
4261,1274,1,27,4,-1,99999,-1,-1,-3,-1,1,21180
4262,1274,1,298,5,-1,99999,-1,-1,-3,-1,1,21180
4263,1275,1,5,10,-1,99999,-1,-1,-3,-1,1,21180
4264,1275,1,928,2,-1,99999,-1,-1,-3,-1,1,21180
4265,1275,1,238,11,-1,99999,-1,-1,-3,-1,1,21180
4266,1275,1,288,6,-1,99999,-1,-1,-3,-1,1,21180
4267,1275,1,1,11,-1,99999,-1,-1,-3,-1,1,21180
4268,1276,1,2439,2,-1,99999,-1,-1,-3,-1,1,21180
4269,1276,1,128,4,-1,99999,-1,-1,-3,-1,1,21180
4270,1276,1,241,6,-1,99999,-1,-1,-3,-1,1,21180
4271,1276,1,972,9,-1,99999,-1,-1,-3,-1,1,21180
4272,1276,1,334,4,-1,99999,-1,-1,-3,-1,1,21180
4273,1276,1,756,9,-1,99999,-1,-1,-3,-1,1,21180
4274,1276,1,65,5,-1,99999,-1,-1,-3,-1,1,21180
4275,1276,1,363,8,-1,99999,-1,-1,-3,-1,1,21180
4276,1276,1,420,6,-1,99999,-1,-1,-3,-1,1,21180
4277,1276,1,1925,4,-1,99999,-1,-1,-3,-1,1,21180
4278,1277,1,34,10,-1,99999,-1,-1,-3,-1,1,21240
4279,1277,1,621,8,-1,99999,-1,-1,-3,-1,1,21240
4280,1277,1,126,5,-1,99999,-1,-1,-3,-1,1,21240
4281,1278,1,738,4,-1,99999,-1,-1,-3,-1,1,21240
4282,1278,1,113,4,-1,99999,-1,-1,-3,-1,1,21240
4283,1278,1,36,7,-1,99999,-1,-1,-3,-1,1,21240
4284,1279,1,1518,12,-1,99999,-1,-1,-3,-1,1,21240
4285,1279,1,1141,5,-1,99999,-1,-1,-3,-1,1,21240
4286,1279,1,946,2,-1,99999,-1,-1,-3,-1,1,21240
4287,1280,1,72,10,-1,99999,-1,-1,-3,-1,1,21240
4288,1281,1,90,2,-1,99999,-1,-1,-3,-1,1,21300
4289,1281,1,493,6,-1,99999,-1,-1,-3,-1,1,21300
4290,1281,1,316,5,-1,99999,-1,-1,-3,-1,1,21300
4291,1281,1,153,8,-1,99999,-1,-1,-3,-1,1,21300
4292,1282,1,174,5,-1,99999,-1,-1,-3,-1,1,21300
4293,1282,1,522,6,-1,99999,-1,-1,-3,-1,1,21300
4294,1282,1,689,7,-1,99999,-1,-1,-3,-1,1,21300
4295,1283,1,101,6,-1,99999,-1,-1,-3,-1,1,21360
4296,1283,1,139,12,-1,99999,-1,-1,-3,-1,1,21360
4297,1284,1,132,7,-1,99999,-1,-1,-3,-1,1,21360
4298,1284,1,1953,1,-1,99999,-1,-1,-3,-1,1,21360
4299,1285,1,1631,3,-1,99999,-1,-1,-3,-1,1,21420
4300,1286,1,2111,4,-1,99999,-1,-1,-3,-1,1,21420
4301,1286,1,5,2,-1,99999,-1,-1,-3,-1,1,21420
4302,1286,1,153,8,-1,99999,-1,-1,-3,-1,1,21420
4303,1286,1,2635,2,-1,99999,-1,-1,-3,-1,1,21420
4304,1286,1,2410,2,-1,99999,-1,-1,-3,-1,1,21420
4305,1286,1,2202,2,-1,99999,-1,-1,-3,-1,1,21420
4306,1286,1,1162,2,-1,99999,-1,-1,-3,-1,1,21420
4307,1286,1,46,6,-1,99999,-1,-1,-3,-1,1,21420
4308,1286,1,2227,2,-1,99999,-1,-1,-3,-1,1,21420
4309,1286,1,116,6,-1,99999,-1,-1,-3,-1,1,21420
4310,1286,1,296,6,-1,99999,-1,-1,-3,-1,1,21420
4311,1286,1,133,2,-1,99999,-1,-1,-3,-1,1,21420
4312,1287,1,858,4,-1,99999,-1,-1,-3,-1,1,21480
4313,1288,1,788,10,-1,99999,-1,-1,-3,-1,1,21480
4314,1289,1,6,8,-1,99999,-1,-1,-3,-1,1,21480
4315,1289,1,113,6,-1,99999,-1,-1,-3,-1,1,21480
4316,1290,1,453,7,-1,99999,-1,-1,-3,-1,1,21480
4317,1290,1,382,6,-1,99999,-1,-1,-3,-1,1,21480
4318,1290,1,3,6,-1,99999,-1,-1,-3,-1,1,21480
4319,1290,1,787,6,-1,99999,-1,-1,-3,-1,1,21480
4320,1291,1,58,8,-1,99999,-1,-1,-3,-1,1,21480
4321,1291,1,37,8,-1,99999,-1,-1,-3,-1,1,21480
4322,1292,1,146,4,-1,99999,-1,-1,-3,-1,1,21480
4323,1292,1,346,4,-1,99999,-1,-1,-3,-1,1,21480
4324,1293,1,204,5,-1,99999,-1,-1,-3,-1,1,21480
4325,1293,1,440,4,-1,99999,-1,-1,-3,-1,1,21480
4326,1294,1,671,12,-1,99999,-1,-1,-3,-1,1,21540
4327,1294,1,43,6,-1,99999,-1,-1,-3,-1,1,21540
4328,1294,1,51,6,-1,99999,-1,-1,-3,-1,1,21540
4329,1294,1,232,8,-1,99999,-1,-1,-3,-1,1,21540
4330,1294,1,388,8,-1,99999,-1,-1,-3,-1,1,21540
4331,1295,1,15,9,-1,99999,-1,-1,-3,-1,1,21540
4332,1295,1,210,4,-1,99999,-1,-1,-3,-1,1,21540
4333,1296,1,872,2,-1,99999,-1,-1,-3,-1,1,21540
4334,1297,1,9,4,-1,99999,-1,-1,-3,-1,1,21540
4335,1297,1,352,5,-1,99999,-1,-1,-3,-1,1,21540
4336,1297,1,50,11,-1,99999,-1,-1,-3,-1,1,21540
4337,1297,1,106,8,-1,99999,-1,-1,-3,-1,1,21540
4338,1298,1,875,10,-1,99999,-1,-1,-3,-1,1,21600
4339,1299,1,2,10,-1,99999,-1,-1,-3,-1,1,21600
4340,1299,1,156,6,-1,99999,-1,-1,-3,-1,1,21600
4341,1300,1,1929,3,-1,99999,-1,-1,-3,-1,1,21660
4342,1300,1,10,5,-1,99999,-1,-1,-3,-1,1,21660
4343,1300,1,2040,1,-1,99999,-1,-1,-3,-1,1,21660
4344,1300,1,114,10,-1,99999,-1,-1,-3,-1,1,21660
4345,1301,1,204,8,-1,99999,-1,-1,-3,-1,1,21720
4346,1301,1,140,10,-1,99999,-1,-1,-3,-1,1,21720
4347,1301,1,1006,9,-1,99999,-1,-1,-3,-1,1,21720
4348,1301,1,40,12,-1,99999,-1,-1,-3,-1,1,21720
4349,1302,1,2601,2,-1,99999,-1,-1,-3,-1,1,21720
4350,1303,1,141,8,-1,99999,-1,-1,-3,-1,1,21780
4351,1303,1,503,12,-1,99999,-1,-1,-3,-1,1,21780
4352,1303,1,352,2,-1,99999,-1,-1,-3,-1,1,21780
4353,1303,1,2432,2,-1,99999,-1,-1,-3,-1,1,21780
4354,1303,1,645,8,-1,99999,-1,-1,-3,-1,1,21780
4355,1303,1,307,3,-1,99999,-1,-1,-3,-1,1,21780
4356,1303,1,28,6,-1,99999,-1,-1,-3,-1,1,21780
4357,1303,1,167,8,-1,99999,-1,-1,-3,-1,1,21780
4358,1303,1,26,10,-1,99999,-1,-1,-3,-1,1,21780
4359,1304,1,351,10,-1,99999,-1,-1,-3,-1,1,21780
4360,1305,1,343,9,-1,99999,-1,-1,-3,-1,1,21780
4361,1305,1,657,1,-1,99999,-1,-1,-3,-1,1,21780
4362,1305,1,690,4,-1,99999,-1,-1,-3,-1,1,21780
4363,1305,1,56,3,-1,99999,-1,-1,-3,-1,1,21780
4364,1305,1,863,4,-1,99999,-1,-1,-3,-1,1,21780
4365,1305,1,10,6,-1,99999,-1,-1,-3,-1,1,21780
4366,1305,1,20,9,-1,99999,-1,-1,-3,-1,1,21780
4367,1305,1,771,10,-1,99999,-1,-1,-3,-1,1,21780
4368,1305,1,1252,7,-1,99999,-1,-1,-3,-1,1,21780
4369,1305,1,18,6,-1,99999,-1,-1,-3,-1,1,21780
4370,1306,1,2177,2,-1,99999,-1,-1,-3,-1,1,21780
4371,1307,1,82,6,-1,99999,-1,-1,-3,-1,1,21780
4372,1307,1,2069,2,-1,99999,-1,-1,-3,-1,1,21780
4373,1308,1,146,8,-1,99999,-1,-1,-3,-1,1,21780
4374,1308,1,73,12,-1,99999,-1,-1,-3,-1,1,21780
4375,1308,1,36,12,-1,99999,-1,-1,-3,-1,1,21780
4376,1308,1,1371,5,-1,99999,-1,-1,-3,-1,1,21780
4377,1308,1,645,7,-1,99999,-1,-1,-3,-1,1,21780
4378,1308,1,70,8,-1,99999,-1,-1,-3,-1,1,21780
4379,1308,1,74,10,-1,99999,-1,-1,-3,-1,1,21780
4380,1308,1,30,8,-1,99999,-1,-1,-3,-1,1,21780
4381,1308,1,138,6,-1,99999,-1,-1,-3,-1,1,21780
4382,1308,1,81,1,-1,99999,-1,-1,-3,-1,1,21780
4383,1308,1,506,5,-1,99999,-1,-1,-3,-1,1,21780
4384,1308,1,3,3,-1,99999,-1,-1,-3,-1,1,21780
4385,1308,1,1926,2,-1,99999,-1,-1,-3,-1,1,21780
4386,1309,1,157,8,-1,99999,-1,-1,-3,-1,1,21840
4387,1309,1,298,8,-1,99999,-1,-1,-3,-1,1,21840
4388,1309,1,907,9,-1,99999,-1,-1,-3,-1,1,21840
4389,1309,1,88,11,-1,99999,-1,-1,-3,-1,1,21840
4390,1309,1,323,6,-1,99999,-1,-1,-3,-1,1,21840
4391,1309,1,145,5,-1,99999,-1,-1,-3,-1,1,21840
4392,1309,1,875,6,-1,99999,-1,-1,-3,-1,1,21840
4393,1310,1,141,8,-1,99999,-1,-1,-3,-1,1,21840
4394,1311,1,250,9,-1,99999,-1,-1,-3,-1,1,21840
4395,1311,1,89,12,-1,99999,-1,-1,-3,-1,1,21840
4396,1311,1,112,5,-1,99999,-1,-1,-3,-1,1,21840
4397,1312,1,808,6,-1,99999,-1,-1,-3,-1,1,21840
4398,1312,1,2917,2,-1,99999,-1,-1,-3,-1,1,21840
4399,1312,1,163,8,-1,99999,-1,-1,-3,-1,1,21840
4400,1312,1,648,8,-1,99999,-1,-1,-3,-1,1,21840
4401,1313,1,1188,12,-1,99999,-1,-1,-3,-1,1,21840
4402,1313,1,599,7,-1,99999,-1,-1,-3,-1,1,21840
4403,1313,1,51,6,-1,99999,-1,-1,-3,-1,1,21840
4404,1313,1,205,9,-1,99999,-1,-1,-3,-1,1,21840
4405,1314,1,1028,6,-1,99999,-1,-1,-3,-1,1,21900
4406,1315,1,1703,2,-1,99999,-1,-1,-3,-1,1,21900
4407,1315,1,739,2,-1,99999,-1,-1,-3,-1,1,21900
4408,1316,1,0,9,-1,99999,-1,-1,-3,-1,1,21960
4409,1316,1,298,10,-1,99999,-1,-1,-3,-1,1,21960
4410,1316,1,71,10,-1,99999,-1,-1,-3,-1,1,21960
4411,1317,1,1869,2,-1,99999,-1,-1,-3,-1,1,21960
4412,1317,1,2428,2,-1,99999,-1,-1,-3,-1,1,21960
4413,1318,1,78,8,-1,99999,-1,-1,-3,-1,1,22020
4414,1318,1,1562,2,-1,99999,-1,-1,-3,-1,1,22020
4415,1319,1,261,4,-1,99999,-1,-1,-3,-1,1,22020
4416,1319,1,344,9,-1,99999,-1,-1,-3,-1,1,22020
4417,1320,1,668,6,-1,99999,-1,-1,-3,-1,1,22080
4418,1320,1,570,8,-1,99999,-1,-1,-3,-1,1,22080
4419,1320,1,927,1,-1,99999,-1,-1,-3,-1,1,22080
4420,1320,1,0,1,-1,99999,-1,-1,-3,-1,1,22080
4421,1321,1,1,1,-1,99999,-1,-1,-3,-1,1,22080
4422,1322,1,231,10,-1,99999,-1,-1,-3,-1,1,22140
4423,1322,1,246,7,-1,99999,-1,-1,-3,-1,1,22140
4424,1322,1,3,9,-1,99999,-1,-1,-3,-1,1,22140
4425,1322,1,274,10,-1,99999,-1,-1,-3,-1,1,22140
4426,1323,1,356,6,-1,99999,-1,-1,-3,-1,1,22140
4427,1323,1,108,8,-1,99999,-1,-1,-3,-1,1,22140
4428,1323,1,68,2,-1,99999,-1,-1,-3,-1,1,22140
4429,1323,1,2462,1,-1,99999,-1,-1,-3,-1,1,22140
4430,1323,1,2977,3,-1,99999,-1,-1,-3,-1,1,22140
4431,1324,1,533,4,-1,99999,-1,-1,-3,-1,1,22140
4432,1325,1,554,6,-1,99999,-1,-1,-3,-1,1,22140
4433,1325,1,41,4,-1,99999,-1,-1,-3,-1,1,22140
4434,1326,1,856,4,-1,99999,-1,-1,-3,-1,1,22200
4435,1326,1,93,11,-1,99999,-1,-1,-3,-1,1,22200
4436,1326,1,323,6,-1,99999,-1,-1,-3,-1,1,22200
4437,1326,1,5,4,-1,99999,-1,-1,-3,-1,1,22200
4438,1326,1,286,10,-1,99999,-1,-1,-3,-1,1,22200
4439,1326,1,142,6,-1,99999,-1,-1,-3,-1,1,22200
4440,1327,1,1884,3,-1,99999,-1,-1,-3,-1,1,22200
4441,1327,1,2449,4,-1,99999,-1,-1,-3,-1,1,22200
4442,1327,1,662,8,-1,99999,-1,-1,-3,-1,1,22200
4443,1327,1,598,2,-1,99999,-1,-1,-3,-1,1,22200
4444,1327,1,2293,2,-1,99999,-1,-1,-3,-1,1,22200
4445,1327,1,837,5,-1,99999,-1,-1,-3,-1,1,22200
4446,1327,1,701,5,-1,99999,-1,-1,-3,-1,1,22200
4447,1327,1,2511,1,-1,99999,-1,-1,-3,-1,1,22200
4448,1327,1,1395,3,-1,99999,-1,-1,-3,-1,1,22200
4449,1327,1,12,2,-1,99999,-1,-1,-3,-1,1,22200
4450,1328,1,85,11,-1,99999,-1,-1,-3,-1,1,22200
4451,1329,1,17,8,-1,99999,-1,-1,-3,-1,1,22200
4452,1329,1,335,9,-1,99999,-1,-1,-3,-1,1,22200
4453,1329,1,2502,3,-1,99999,-1,-1,-3,-1,1,22200
4454,1329,1,90,8,-1,99999,-1,-1,-3,-1,1,22200
4455,1330,1,132,12,-1,99999,-1,-1,-3,-1,1,22260
4456,1330,1,246,10,-1,99999,-1,-1,-3,-1,1,22260
4457,1330,1,394,10,-1,99999,-1,-1,-3,-1,1,22260
4458,1330,1,1588,2,-1,99999,-1,-1,-3,-1,1,22260
4459,1330,1,612,5,-1,99999,-1,-1,-3,-1,1,22260
4460,1330,1,2780,3,-1,99999,-1,-1,-3,-1,1,22260
4461,1331,1,319,1,-1,99999,-1,-1,-3,-1,1,22260
4462,1331,1,57,3,-1,99999,-1,-1,-3,-1,1,22260
4463,1332,1,2139,4,-1,99999,-1,-1,-3,-1,1,22260
4464,1332,1,25,2,-1,99999,-1,-1,-3,-1,1,22260
4465,1332,1,58,12,-1,99999,-1,-1,-3,-1,1,22260
4466,1332,1,250,4,-1,99999,-1,-1,-3,-1,1,22260
4467,1332,1,717,3,-1,99999,-1,-1,-3,-1,1,22260
4468,1333,1,703,1,-1,99999,-1,-1,-3,-1,1,22260
4469,1333,1,1053,9,-1,99999,-1,-1,-3,-1,1,22260
4470,1333,1,2314,1,-1,99999,-1,-1,-3,-1,1,22260
4471,1334,1,1847,4,-1,99999,-1,-1,-3,-1,1,22260
4472,1334,1,1489,10,-1,99999,-1,-1,-3,-1,1,22260
4473,1334,1,977,11,-1,99999,-1,-1,-3,-1,1,22260
4474,1335,1,227,6,-1,99999,-1,-1,-3,-1,1,22320
4475,1335,1,428,11,-1,99999,-1,-1,-3,-1,1,22320
4476,1335,1,776,9,-1,99999,-1,-1,-3,-1,1,22320
4477,1335,1,16,5,-1,99999,-1,-1,-3,-1,1,22320
4478,1335,1,118,4,-1,99999,-1,-1,-3,-1,1,22320
4479,1336,1,2868,2,-1,99999,-1,-1,-3,-1,1,22380
4480,1336,1,122,6,-1,99999,-1,-1,-3,-1,1,22380
4481,1336,1,829,3,-1,99999,-1,-1,-3,-1,1,22380
4482,1336,1,912,7,-1,99999,-1,-1,-3,-1,1,22380
4483,1337,1,419,10,-1,99999,-1,-1,-3,-1,1,22380
4484,1337,1,72,6,-1,99999,-1,-1,-3,-1,1,22380
4485,1337,1,514,5,-1,99999,-1,-1,-3,-1,1,22380
4486,1338,1,93,8,-1,99999,-1,-1,-3,-1,1,22380
4487,1338,1,349,10,-1,99999,-1,-1,-3,-1,1,22380
4488,1339,1,898,4,-1,99999,-1,-1,-3,-1,1,22380
4489,1340,1,202,9,-1,99999,-1,-1,-3,-1,1,22380
4490,1341,1,390,5,-1,99999,-1,-1,-3,-1,1,22380
4491,1341,1,165,10,-1,99999,-1,-1,-3,-1,1,22380
4492,1342,1,364,10,-1,99999,-1,-1,-3,-1,1,22380
4493,1342,1,50,8,-1,99999,-1,-1,-3,-1,1,22380
4494,1343,1,15,12,-1,99999,-1,-1,-3,-1,1,22440
4495,1343,1,44,10,-1,99999,-1,-1,-3,-1,1,22440
4496,1343,1,1617,6,-1,99999,-1,-1,-3,-1,1,22440
4497,1344,1,470,6,-1,99999,-1,-1,-3,-1,1,22500
4498,1344,1,335,6,-1,99999,-1,-1,-3,-1,1,22500
4499,1344,1,1533,12,-1,99999,-1,-1,-3,-1,1,22500
4500,1344,1,570,8,-1,99999,-1,-1,-3,-1,1,22500
4501,1344,1,261,12,-1,99999,-1,-1,-3,-1,1,22500
4502,1344,1,1841,4,-1,99999,-1,-1,-3,-1,1,22500
4503,1345,1,3,5,-1,99999,-1,-1,-3,-1,1,22560
4504,1346,1,172,8,-1,99999,-1,-1,-3,-1,1,22560
4505,1346,1,24,3,-1,99999,-1,-1,-3,-1,1,22560
4506,1347,1,2067,3,-1,99999,-1,-1,-3,-1,1,22560
4507,1348,1,1743,4,-1,99999,-1,-1,-3,-1,1,22560
4508,1348,1,2950,2,-1,99999,-1,-1,-3,-1,1,22560
4509,1348,1,1278,8,-1,99999,-1,-1,-3,-1,1,22560
4510,1348,1,11,3,-1,99999,-1,-1,-3,-1,1,22560
4511,1348,1,1567,2,-1,99999,-1,-1,-3,-1,1,22560
4512,1348,1,4,6,-1,99999,-1,-1,-3,-1,1,22560
4513,1348,1,237,3,-1,99999,-1,-1,-3,-1,1,22560
4514,1348,1,1676,3,-1,99999,-1,-1,-3,-1,1,22560
4515,1348,1,1327,4,-1,99999,-1,-1,-3,-1,1,22560
4516,1348,1,662,4,-1,99999,-1,-1,-3,-1,1,22560
4517,1348,1,813,4,-1,99999,-1,-1,-3,-1,1,22560
4518,1348,1,863,8,-1,99999,-1,-1,-3,-1,1,22560
4519,1349,1,94,2,-1,99999,-1,-1,-3,-1,1,22620
4520,1349,1,357,7,-1,99999,-1,-1,-3,-1,1,22620
4521,1349,1,1773,4,-1,99999,-1,-1,-3,-1,1,22620
4522,1350,1,159,3,-1,99999,-1,-1,-3,-1,1,22620
4523,1350,1,394,4,-1,99999,-1,-1,-3,-1,1,22620
4524,1351,1,65,6,-1,99999,-1,-1,-3,-1,1,22620
4525,1351,1,53,8,-1,99999,-1,-1,-3,-1,1,22620
4526,1351,1,8,6,-1,99999,-1,-1,-3,-1,1,22620
4527,1351,1,355,8,-1,99999,-1,-1,-3,-1,1,22620
4528,1351,1,1684,4,-1,99999,-1,-1,-3,-1,1,22620
4529,1352,1,4,7,-1,99999,-1,-1,-3,-1,1,22620
4530,1352,1,260,7,-1,99999,-1,-1,-3,-1,1,22620
4531,1353,1,309,7,-1,99999,-1,-1,-3,-1,1,22620
4532,1353,1,1462,3,-1,99999,-1,-1,-3,-1,1,22620
4533,1353,1,289,5,-1,99999,-1,-1,-3,-1,1,22620
4534,1353,1,350,8,-1,99999,-1,-1,-3,-1,1,22620
4535,1353,1,2563,2,-1,99999,-1,-1,-3,-1,1,22620
4536,1353,1,2439,4,-1,99999,-1,-1,-3,-1,1,22620
4537,1353,1,5,4,-1,99999,-1,-1,-3,-1,1,22620
4538,1353,1,92,5,-1,99999,-1,-1,-3,-1,1,22620
4539,1354,1,229,8,-1,99999,-1,-1,-3,-1,1,22620
4540,1355,1,166,4,-1,99999,-1,-1,-3,-1,1,22620
4541,1355,1,587,12,-1,99999,-1,-1,-3,-1,1,22620
4542,1355,1,231,1,-1,99999,-1,-1,-3,-1,1,22620
4543,1355,1,650,6,-1,99999,-1,-1,-3,-1,1,22620
4544,1355,1,300,6,-1,99999,-1,-1,-3,-1,1,22620
4545,1355,1,1665,4,-1,99999,-1,-1,-3,-1,1,22620
4546,1355,1,162,7,-1,99999,-1,-1,-3,-1,1,22620
4547,1356,1,1005,10,-1,99999,-1,-1,-3,-1,1,22680
4548,1356,1,2635,3,-1,99999,-1,-1,-3,-1,1,22680
4549,1356,1,1767,6,-1,99999,-1,-1,-3,-1,1,22680
4550,1356,1,73,9,-1,99999,-1,-1,-3,-1,1,22680
4551,1356,1,324,4,-1,99999,-1,-1,-3,-1,1,22680
4552,1356,1,23,3,-1,99999,-1,-1,-3,-1,1,22680
4553,1357,1,1467,3,-1,99999,-1,-1,-3,-1,1,22680
4554,1358,1,412,1,-1,99999,-1,-1,-3,-1,1,22680
4555,1358,1,113,4,-1,99999,-1,-1,-3,-1,1,22680
4556,1359,1,272,3,-1,99999,-1,-1,-3,-1,1,22680
4557,1360,1,253,9,-1,99999,-1,-1,-3,-1,1,22740
4558,1360,1,59,4,-1,99999,-1,-1,-3,-1,1,22740
4559,1361,1,373,6,-1,99999,-1,-1,-3,-1,1,22740
4560,1361,1,706,10,-1,99999,-1,-1,-3,-1,1,22740
4561,1361,1,222,6,-1,99999,-1,-1,-3,-1,1,22740
4562,1361,1,2516,2,-1,99999,-1,-1,-3,-1,1,22740
4563,1362,1,462,10,-1,99999,-1,-1,-3,-1,1,22740
4564,1362,1,74,5,-1,99999,-1,-1,-3,-1,1,22740
4565,1363,1,1774,2,-1,99999,-1,-1,-3,-1,1,22740
4566,1363,1,421,7,-1,99999,-1,-1,-3,-1,1,22740
4567,1363,1,772,6,-1,99999,-1,-1,-3,-1,1,22740
4568,1364,1,215,9,-1,99999,-1,-1,-3,-1,1,22800
4569,1365,1,175,4,-1,99999,-1,-1,-3,-1,1,22800
4570,1365,1,78,9,-1,99999,-1,-1,-3,-1,1,22800
4571,1365,1,1546,2,-1,99999,-1,-1,-3,-1,1,22800
4572,1365,1,2175,3,-1,99999,-1,-1,-3,-1,1,22800
4573,1366,1,610,1,-1,99999,-1,-1,-3,-1,1,22800
4574,1366,1,808,2,-1,99999,-1,-1,-3,-1,1,22800
4575,1366,1,205,5,-1,99999,-1,-1,-3,-1,1,22800
4576,1366,1,114,5,-1,99999,-1,-1,-3,-1,1,22800
4577,1367,1,490,4,-1,99999,-1,-1,-3,-1,1,22860
4578,1367,1,533,12,-1,99999,-1,-1,-3,-1,1,22860
4579,1367,1,50,10,-1,99999,-1,-1,-3,-1,1,22860
4580,1368,1,37,5,-1,99999,-1,-1,-3,-1,1,22920
4581,1368,1,7,2,-1,99999,-1,-1,-3,-1,1,22920
4582,1369,1,172,4,-1,99999,-1,-1,-3,-1,1,22920
4583,1369,1,23,6,-1,99999,-1,-1,-3,-1,1,22920
4584,1369,1,321,4,-1,99999,-1,-1,-3,-1,1,22920
4585,1369,1,12,12,-1,99999,-1,-1,-3,-1,1,22920
4586,1369,1,907,6,-1,99999,-1,-1,-3,-1,1,22920
4587,1369,1,1029,2,-1,99999,-1,-1,-3,-1,1,22920
4588,1370,1,937,6,-1,99999,-1,-1,-3,-1,1,22920
4589,1370,1,40,7,-1,99999,-1,-1,-3,-1,1,22920
4590,1370,1,367,6,-1,99999,-1,-1,-3,-1,1,22920
4591,1370,1,638,8,-1,99999,-1,-1,-3,-1,1,22920
4592,1370,1,435,2,-1,99999,-1,-1,-3,-1,1,22920
4593,1370,1,97,8,-1,99999,-1,-1,-3,-1,1,22920
4594,1370,1,1126,7,-1,99999,-1,-1,-3,-1,1,22920
4595,1370,1,417,5,-1,99999,-1,-1,-3,-1,1,22920
4596,1370,1,208,2,-1,99999,-1,-1,-3,-1,1,22920
4597,1370,1,31,11,-1,99999,-1,-1,-3,-1,1,22920
4598,1370,1,68,2,-1,99999,-1,-1,-3,-1,1,22920
4599,1371,1,44,5,-1,99999,-1,-1,-3,-1,1,22980
4600,1372,1,184,3,-1,99999,-1,-1,-3,-1,1,22980
4601,1372,1,2227,2,-1,99999,-1,-1,-3,-1,1,22980
4602,1372,1,2160,4,-1,99999,-1,-1,-3,-1,1,22980
4603,1372,1,2,6,-1,99999,-1,-1,-3,-1,1,22980
4604,1372,1,716,4,-1,99999,-1,-1,-3,-1,1,22980
4605,1372,1,642,6,-1,99999,-1,-1,-3,-1,1,22980
4606,1372,1,0,7,-1,99999,-1,-1,-3,-1,1,22980
4607,1373,1,3223,3,-1,99999,-1,-1,-3,-1,1,22980
4608,1374,1,2870,1,-1,99999,-1,-1,-3,-1,1,23040
4609,1374,1,335,8,-1,99999,-1,-1,-3,-1,1,23040
4610,1374,1,27,4,-1,99999,-1,-1,-3,-1,1,23040
4611,1374,1,1769,4,-1,99999,-1,-1,-3,-1,1,23040
4612,1375,1,455,5,-1,99999,-1,-1,-3,-1,1,23040
4613,1376,1,859,2,-1,99999,-1,-1,-3,-1,1,23040
4614,1376,1,596,9,-1,99999,-1,-1,-3,-1,1,23040
4615,1377,1,116,8,-1,99999,-1,-1,-3,-1,1,23040
4616,1378,1,85,5,-1,99999,-1,-1,-3,-1,1,23100
4617,1378,1,164,4,-1,99999,-1,-1,-3,-1,1,23100
4618,1379,1,1908,2,-1,99999,-1,-1,-3,-1,1,23100
4619,1380,1,103,9,-1,99999,-1,-1,-3,-1,1,23100
4620,1380,1,504,8,-1,99999,-1,-1,-3,-1,1,23100
4621,1380,1,333,2,-1,99999,-1,-1,-3,-1,1,23100
4622,1381,1,1209,4,-1,99999,-1,-1,-3,-1,1,23160
4623,1382,1,2156,4,-1,99999,-1,-1,-3,-1,1,23160
4624,1382,1,771,10,-1,99999,-1,-1,-3,-1,1,23160
4625,1383,1,527,6,-1,99999,-1,-1,-3,-1,1,23160
4626,1383,1,410,4,-1,99999,-1,-1,-3,-1,1,23160
4627,1383,1,10,4,-1,99999,-1,-1,-3,-1,1,23160
4628,1383,1,937,11,-1,99999,-1,-1,-3,-1,1,23160
4629,1383,1,70,10,-1,99999,-1,-1,-3,-1,1,23160
4630,1383,1,816,5,-1,99999,-1,-1,-3,-1,1,23160
4631,1383,1,1712,3,-1,99999,-1,-1,-3,-1,1,23160
4632,1384,1,206,10,-1,99999,-1,-1,-3,-1,1,23160
4633,1384,1,1822,4,-1,99999,-1,-1,-3,-1,1,23160
4634,1384,1,345,10,-1,99999,-1,-1,-3,-1,1,23160
4635,1384,1,366,8,-1,99999,-1,-1,-3,-1,1,23160
4636,1384,1,1642,4,-1,99999,-1,-1,-3,-1,1,23160
4637,1384,1,411,11,-1,99999,-1,-1,-3,-1,1,23160
4638,1384,1,24,7,-1,99999,-1,-1,-3,-1,1,23160
4639,1384,1,624,8,-1,99999,-1,-1,-3,-1,1,23160
4640,1384,1,541,4,-1,99999,-1,-1,-3,-1,1,23160
4641,1385,1,260,5,-1,99999,-1,-1,-3,-1,1,23160
4642,1385,1,225,4,-1,99999,-1,-1,-3,-1,1,23160
4643,1385,1,362,6,-1,99999,-1,-1,-3,-1,1,23160
4644,1385,1,70,5,-1,99999,-1,-1,-3,-1,1,23160
4645,1385,1,104,6,-1,99999,-1,-1,-3,-1,1,23160
4646,1385,1,636,6,-1,99999,-1,-1,-3,-1,1,23160
4647,1386,1,1435,9,-1,99999,-1,-1,-3,-1,1,23220
4648,1386,1,433,4,-1,99999,-1,-1,-3,-1,1,23220
4649,1387,1,44,6,-1,99999,-1,-1,-3,-1,1,23220
4650,1388,1,2375,3,-1,99999,-1,-1,-3,-1,1,23220
4651,1388,1,302,8,-1,99999,-1,-1,-3,-1,1,23220
4652,1389,1,247,3,-1,99999,-1,-1,-3,-1,1,23220
4653,1389,1,1495,8,-1,99999,-1,-1,-3,-1,1,23220
4654,1389,1,229,8,-1,99999,-1,-1,-3,-1,1,23220
4655,1389,1,79,4,-1,99999,-1,-1,-3,-1,1,23220
4656,1389,1,215,10,-1,99999,-1,-1,-3,-1,1,23220
4657,1389,1,4,7,-1,99999,-1,-1,-3,-1,1,23220
4658,1389,1,170,9,-1,99999,-1,-1,-3,-1,1,23220
4659,1389,1,210,4,-1,99999,-1,-1,-3,-1,1,23220
4660,1390,1,72,6,-1,99999,-1,-1,-3,-1,1,23220
4661,1390,1,1102,2,-1,99999,-1,-1,-3,-1,1,23220
4662,1390,1,95,8,-1,99999,-1,-1,-3,-1,1,23220
4663,1390,1,277,6,-1,99999,-1,-1,-3,-1,1,23220
4664,1391,1,2380,4,-1,99999,-1,-1,-3,-1,1,23220
4665,1391,1,2637,1,-1,99999,-1,-1,-3,-1,1,23220
4666,1392,1,1306,2,-1,99999,-1,-1,-3,-1,1,23280
4667,1393,1,434,10,-1,99999,-1,-1,-3,-1,1,23280
4668,1393,1,411,2,-1,99999,-1,-1,-3,-1,1,23280
4669,1393,1,34,7,-1,99999,-1,-1,-3,-1,1,23280
4670,1393,1,130,9,-1,99999,-1,-1,-3,-1,1,23280
4671,1393,1,542,5,-1,99999,-1,-1,-3,-1,1,23280
4672,1394,1,148,6,-1,99999,-1,-1,-3,-1,1,23280
4673,1394,1,101,6,-1,99999,-1,-1,-3,-1,1,23280
4674,1394,1,4,7,-1,99999,-1,-1,-3,-1,1,23280
4675,1394,1,33,11,-1,99999,-1,-1,-3,-1,1,23280
4676,1395,1,48,8,-1,99999,-1,-1,-3,-1,1,23280
4677,1395,1,26,7,-1,99999,-1,-1,-3,-1,1,23280
4678,1396,1,566,4,-1,99999,-1,-1,-3,-1,1,23280
4679,1396,1,397,10,-1,99999,-1,-1,-3,-1,1,23280
4680,1396,1,941,8,-1,99999,-1,-1,-3,-1,1,23280
4681,1397,1,272,1,-1,99999,-1,-1,-3,-1,1,23280
4682,1398,1,12,8,-1,99999,-1,-1,-3,-1,1,23340
4683,1399,1,13,10,-1,99999,-1,-1,-3,-1,1,23340
4684,1400,1,546,4,-1,99999,-1,-1,-3,-1,1,23340
4685,1400,1,711,4,-1,99999,-1,-1,-3,-1,1,23340
4686,1401,1,531,12,-1,99999,-1,-1,-3,-1,1,23340
4687,1401,1,3,5,-1,99999,-1,-1,-3,-1,1,23340
4688,1402,1,242,1,-1,99999,-1,-1,-3,-1,1,23340
4689,1402,1,1186,1,-1,99999,-1,-1,-3,-1,1,23340
4690,1402,1,274,2,-1,99999,-1,-1,-3,-1,1,23340
4691,1402,1,1307,6,-1,99999,-1,-1,-3,-1,1,23340
4692,1402,1,681,8,-1,99999,-1,-1,-3,-1,1,23340
4693,1402,1,1,7,-1,99999,-1,-1,-3,-1,1,23340
4694,1402,1,766,4,-1,99999,-1,-1,-3,-1,1,23340
4695,1402,1,398,5,-1,99999,-1,-1,-3,-1,1,23340
4696,1402,1,31,7,-1,99999,-1,-1,-3,-1,1,23340
4697,1403,1,243,3,-1,99999,-1,-1,-3,-1,1,23400
4698,1403,1,447,6,-1,99999,-1,-1,-3,-1,1,23400
4699,1404,1,393,7,-1,99999,-1,-1,-3,-1,1,23400
4700,1404,1,1405,3,-1,99999,-1,-1,-3,-1,1,23400
4701,1404,1,3094,1,-1,99999,-1,-1,-3,-1,1,23400
4702,1405,1,20,5,-1,99999,-1,-1,-3,-1,1,23400
4703,1405,1,1112,6,-1,99999,-1,-1,-3,-1,1,23400
4704,1405,1,1440,8,-1,99999,-1,-1,-3,-1,1,23400
4705,1406,1,0,8,-1,99999,-1,-1,-3,-1,1,23400
4706,1407,1,324,5,-1,99999,-1,-1,-3,-1,1,23460
4707,1407,1,2040,2,-1,99999,-1,-1,-3,-1,1,23460
4708,1408,1,129,6,-1,99999,-1,-1,-3,-1,1,23460
4709,1408,1,137,6,-1,99999,-1,-1,-3,-1,1,23460
4710,1409,1,242,6,-1,99999,-1,-1,-3,-1,1,23460
4711,1409,1,80,9,-1,99999,-1,-1,-3,-1,1,23460
4712,1409,1,126,5,-1,99999,-1,-1,-3,-1,1,23460
4713,1409,1,96,6,-1,99999,-1,-1,-3,-1,1,23460
4714,1410,1,381,7,-1,99999,-1,-1,-3,-1,1,23460
4715,1411,1,571,10,-1,99999,-1,-1,-3,-1,1,23460
4716,1411,1,1734,2,-1,99999,-1,-1,-3,-1,1,23460
4717,1412,1,990,2,-1,99999,-1,-1,-3,-1,1,23460
4718,1412,1,2802,2,-1,99999,-1,-1,-3,-1,1,23460
4719,1412,1,277,7,-1,99999,-1,-1,-3,-1,1,23460
4720,1412,1,2629,2,-1,99999,-1,-1,-3,-1,1,23460
4721,1412,1,242,6,-1,99999,-1,-1,-3,-1,1,23460
4722,1412,1,52,6,-1,99999,-1,-1,-3,-1,1,23460
4723,1412,1,267,2,-1,99999,-1,-1,-3,-1,1,23460
4724,1412,1,213,5,-1,99999,-1,-1,-3,-1,1,23460
4725,1412,1,47,4,-1,99999,-1,-1,-3,-1,1,23460
4726,1413,1,498,8,-1,99999,-1,-1,-3,-1,1,23520
4727,1414,1,5,4,-1,99999,-1,-1,-3,-1,1,23520
4728,1414,1,30,8,-1,99999,-1,-1,-3,-1,1,23520
4729,1414,1,1888,2,-1,99999,-1,-1,-3,-1,1,23520
4730,1415,1,336,6,-1,99999,-1,-1,-3,-1,1,23520
4731,1415,1,67,6,-1,99999,-1,-1,-3,-1,1,23520
4732,1415,1,4,6,-1,99999,-1,-1,-3,-1,1,23520
4733,1416,1,110,2,-1,99999,-1,-1,-3,-1,1,23580
4734,1416,1,31,8,-1,99999,-1,-1,-3,-1,1,23580
4735,1416,1,21,6,-1,99999,-1,-1,-3,-1,1,23580
4736,1416,1,2711,2,-1,99999,-1,-1,-3,-1,1,23580
4737,1416,1,55,4,-1,99999,-1,-1,-3,-1,1,23580
4738,1416,1,1750,4,-1,99999,-1,-1,-3,-1,1,23580
4739,1416,1,905,10,-1,99999,-1,-1,-3,-1,1,23580
4740,1416,1,1313,4,-1,99999,-1,-1,-3,-1,1,23580
4741,1416,1,1285,5,-1,99999,-1,-1,-3,-1,1,23580
4742,1417,1,110,7,-1,99999,-1,-1,-3,-1,1,23580
4743,1417,1,8,2,-1,99999,-1,-1,-3,-1,1,23580
4744,1418,1,1652,10,-1,99999,-1,-1,-3,-1,1,23580
4745,1418,1,857,4,-1,99999,-1,-1,-3,-1,1,23580
4746,1418,1,220,7,-1,99999,-1,-1,-3,-1,1,23580
4747,1419,1,9,4,-1,99999,-1,-1,-3,-1,1,23700
4748,1419,1,266,8,-1,99999,-1,-1,-3,-1,1,23700
4749,1419,1,780,7,-1,99999,-1,-1,-3,-1,1,23700
4750,1420,1,12,4,-1,99999,-1,-1,-3,-1,1,23700
4751,1420,1,367,5,-1,99999,-1,-1,-3,-1,1,23700
4752,1420,1,2725,2,-1,99999,-1,-1,-3,-1,1,23700
4753,1420,1,343,5,-1,99999,-1,-1,-3,-1,1,23700
4754,1421,1,43,6,-1,99999,-1,-1,-3,-1,1,23760
4755,1421,1,292,7,-1,99999,-1,-1,-3,-1,1,23760
4756,1421,1,165,2,-1,99999,-1,-1,-3,-1,1,23760
4757,1421,1,484,10,-1,99999,-1,-1,-3,-1,1,23760
4758,1422,1,1488,10,-1,99999,-1,-1,-3,-1,1,23760
4759,1422,1,495,8,-1,99999,-1,-1,-3,-1,1,23760
4760,1423,1,205,6,-1,99999,-1,-1,-3,-1,1,23760
4761,1424,1,63,6,-1,99999,-1,-1,-3,-1,1,23760
4762,1425,1,794,2,-1,99999,-1,-1,-3,-1,1,23760
4763,1425,1,25,5,-1,99999,-1,-1,-3,-1,1,23760
4764,1426,1,1407,8,-1,99999,-1,-1,-3,-1,1,23820
4765,1426,1,82,11,-1,99999,-1,-1,-3,-1,1,23820
4766,1426,1,1419,10,-1,99999,-1,-1,-3,-1,1,23820
4767,1426,1,84,1,-1,99999,-1,-1,-3,-1,1,23820
4768,1426,1,6,4,-1,99999,-1,-1,-3,-1,1,23820
4769,1426,1,1409,3,-1,99999,-1,-1,-3,-1,1,23820
4770,1426,1,150,8,-1,99999,-1,-1,-3,-1,1,23820
4771,1426,1,145,12,-1,99999,-1,-1,-3,-1,1,23820
4772,1426,1,226,7,-1,99999,-1,-1,-3,-1,1,23820
4773,1426,1,699,3,-1,99999,-1,-1,-3,-1,1,23820
4774,1427,1,505,2,-1,99999,-1,-1,-3,-1,1,23820
4775,1427,1,245,12,-1,99999,-1,-1,-3,-1,1,23820
4776,1428,1,65,6,-1,99999,-1,-1,-3,-1,1,23880
4777,1429,1,1251,3,-1,99999,-1,-1,-3,-1,1,23880
4778,1429,1,465,6,-1,99999,-1,-1,-3,-1,1,23880
4779,1429,1,487,6,-1,99999,-1,-1,-3,-1,1,23880
4780,1429,1,598,5,-1,99999,-1,-1,-3,-1,1,23880
4781,1429,1,271,7,-1,99999,-1,-1,-3,-1,1,23880
4782,1429,1,1292,5,-1,99999,-1,-1,-3,-1,1,23880
4783,1429,1,1645,4,-1,99999,-1,-1,-3,-1,1,23880
4784,1429,1,609,4,-1,99999,-1,-1,-3,-1,1,23880
4785,1429,1,1460,3,-1,99999,-1,-1,-3,-1,1,23880
4786,1429,1,175,2,-1,99999,-1,-1,-3,-1,1,23880
4787,1429,1,315,6,-1,99999,-1,-1,-3,-1,1,23880
4788,1429,1,379,8,-1,99999,-1,-1,-3,-1,1,23880
4789,1429,1,5,2,-1,99999,-1,-1,-3,-1,1,23880
4790,1429,1,1389,9,-1,99999,-1,-1,-3,-1,1,23880
4791,1429,1,1241,8,-1,99999,-1,-1,-3,-1,1,23880
4792,1429,1,1,2,-1,99999,-1,-1,-3,-1,1,23880
4793,1429,1,336,8,-1,99999,-1,-1,-3,-1,1,23880
4794,1429,1,18,6,-1,99999,-1,-1,-3,-1,1,23880
4795,1429,1,1439,2,-1,99999,-1,-1,-3,-1,1,23880
4796,1429,1,2047,4,-1,99999,-1,-1,-3,-1,1,23880
4797,1430,1,0,4,-1,99999,-1,-1,-3,-1,1,23880
4798,1430,1,187,12,-1,99999,-1,-1,-3,-1,1,23880
4799,1430,1,65,11,-1,99999,-1,-1,-3,-1,1,23880
4800,1430,1,3240,2,-1,99999,-1,-1,-3,-1,1,23880
4801,1430,1,381,8,-1,99999,-1,-1,-3,-1,1,23880
4802,1430,1,189,12,-1,99999,-1,-1,-3,-1,1,23880
4803,1430,1,1,10,-1,99999,-1,-1,-3,-1,1,23880
4804,1430,1,573,8,-1,99999,-1,-1,-3,-1,1,23880
4805,1430,1,2,3,-1,99999,-1,-1,-3,-1,1,23880
4806,1430,1,252,4,-1,99999,-1,-1,-3,-1,1,23880
4807,1430,1,15,2,-1,99999,-1,-1,-3,-1,1,23880
4808,1430,1,2618,2,-1,99999,-1,-1,-3,-1,1,23880
4809,1431,1,887,6,-1,99999,-1,-1,-3,-1,1,23880
4810,1431,1,2599,4,-1,99999,-1,-1,-3,-1,1,23880
4811,1431,1,147,4,-1,99999,-1,-1,-3,-1,1,23880
4812,1432,1,120,8,-1,99999,-1,-1,-3,-1,1,23880
4813,1432,1,317,8,-1,99999,-1,-1,-3,-1,1,23880
4814,1433,1,50,10,-1,99999,-1,-1,-3,-1,1,23940
4815,1433,1,1531,7,-1,99999,-1,-1,-3,-1,1,23940
4816,1433,1,2528,4,-1,99999,-1,-1,-3,-1,1,23940
4817,1433,1,67,5,-1,99999,-1,-1,-3,-1,1,23940
4818,1433,1,515,4,-1,99999,-1,-1,-3,-1,1,23940
4819,1433,1,72,4,-1,99999,-1,-1,-3,-1,1,23940
4820,1433,1,142,3,-1,99999,-1,-1,-3,-1,1,23940
4821,1433,1,2824,1,-1,99999,-1,-1,-3,-1,1,23940
4822,1433,1,2645,2,-1,99999,-1,-1,-3,-1,1,23940
4823,1433,1,336,1,-1,99999,-1,-1,-3,-1,1,23940
4824,1433,1,68,4,-1,99999,-1,-1,-3,-1,1,23940
4825,1433,1,766,6,-1,99999,-1,-1,-3,-1,1,23940
4826,1433,1,249,3,-1,99999,-1,-1,-3,-1,1,23940
4827,1433,1,477,6,-1,99999,-1,-1,-3,-1,1,23940
4828,1434,1,28,6,-1,99999,-1,-1,-3,-1,1,23940
4829,1434,1,295,6,-1,99999,-1,-1,-3,-1,1,23940
4830,1434,1,1675,1,-1,99999,-1,-1,-3,-1,1,23940
4831,1434,1,393,10,-1,99999,-1,-1,-3,-1,1,23940
4832,1435,1,714,10,-1,99999,-1,-1,-3,-1,1,23940
4833,1435,1,3179,4,-1,99999,-1,-1,-3,-1,1,23940
4834,1435,1,805,4,-1,99999,-1,-1,-3,-1,1,23940
4835,1435,1,853,4,-1,99999,-1,-1,-3,-1,1,23940
4836,1435,1,15,6,-1,99999,-1,-1,-3,-1,1,23940
4837,1435,1,37,7,-1,99999,-1,-1,-3,-1,1,23940
4838,1435,1,681,4,-1,99999,-1,-1,-3,-1,1,23940
4839,1435,1,5,12,-1,99999,-1,-1,-3,-1,1,23940
4840,1435,1,2265,3,-1,99999,-1,-1,-3,-1,1,23940
4841,1436,1,80,8,-1,99999,-1,-1,-3,-1,1,23940
4842,1437,1,579,2,-1,99999,-1,-1,-3,-1,1,24000
4843,1437,1,293,8,-1,99999,-1,-1,-3,-1,1,24000
4844,1438,1,223,6,-1,99999,-1,-1,-3,-1,1,24000
4845,1439,1,1092,7,-1,99999,-1,-1,-3,-1,1,24000
4846,1439,1,738,6,-1,99999,-1,-1,-3,-1,1,24000
4847,1439,1,49,6,-1,99999,-1,-1,-3,-1,1,24000
4848,1439,1,3,3,-1,99999,-1,-1,-3,-1,1,24000
4849,1439,1,267,4,-1,99999,-1,-1,-3,-1,1,24000
4850,1439,1,51,4,-1,99999,-1,-1,-3,-1,1,24000
4851,1439,1,2854,2,-1,99999,-1,-1,-3,-1,1,24000
4852,1440,1,579,2,-1,99999,-1,-1,-3,-1,1,24000
4853,1440,1,194,2,-1,99999,-1,-1,-3,-1,1,24000
4854,1441,1,218,11,-1,99999,-1,-1,-3,-1,1,24060
4855,1441,1,131,6,-1,99999,-1,-1,-3,-1,1,24060
4856,1441,1,814,9,-1,99999,-1,-1,-3,-1,1,24060
4857,1441,1,3,8,-1,99999,-1,-1,-3,-1,1,24060
4858,1442,1,1694,2,-1,99999,-1,-1,-3,-1,1,24180
4859,1442,1,212,10,-1,99999,-1,-1,-3,-1,1,24180
4860,1442,1,30,6,-1,99999,-1,-1,-3,-1,1,24180
4861,1442,1,907,5,-1,99999,-1,-1,-3,-1,1,24180
4862,1442,1,53,4,-1,99999,-1,-1,-3,-1,1,24180
4863,1442,1,2170,4,-1,99999,-1,-1,-3,-1,1,24180
4864,1443,1,22,3,-1,99999,-1,-1,-3,-1,1,24180
4865,1443,1,3090,4,-1,99999,-1,-1,-3,-1,1,24180
4866,1443,1,1316,2,-1,99999,-1,-1,-3,-1,1,24180
4867,1443,1,362,10,-1,99999,-1,-1,-3,-1,1,24180
4868,1443,1,1601,4,-1,99999,-1,-1,-3,-1,1,24180
4869,1443,1,317,12,-1,99999,-1,-1,-3,-1,1,24180
4870,1443,1,250,10,-1,99999,-1,-1,-3,-1,1,24180
4871,1443,1,1210,8,-1,99999,-1,-1,-3,-1,1,24180
4872,1443,1,2299,2,-1,99999,-1,-1,-3,-1,1,24180
4873,1443,1,810,4,-1,99999,-1,-1,-3,-1,1,24180
4874,1443,1,433,5,-1,99999,-1,-1,-3,-1,1,24180
4875,1443,1,109,3,-1,99999,-1,-1,-3,-1,1,24180
4876,1443,1,1763,2,-1,99999,-1,-1,-3,-1,1,24180
4877,1443,1,285,4,-1,99999,-1,-1,-3,-1,1,24180
4878,1443,1,125,7,-1,99999,-1,-1,-3,-1,1,24180
4879,1444,1,2416,2,-1,99999,-1,-1,-3,-1,1,24240
4880,1444,1,881,2,-1,99999,-1,-1,-3,-1,1,24240
4881,1444,1,72,11,-1,99999,-1,-1,-3,-1,1,24240
4882,1444,1,167,7,-1,99999,-1,-1,-3,-1,1,24240
4883,1445,1,1,8,-1,99999,-1,-1,-3,-1,1,24240
4884,1445,1,130,12,-1,99999,-1,-1,-3,-1,1,24240
4885,1445,1,456,5,-1,99999,-1,-1,-3,-1,1,24240
4886,1445,1,103,6,-1,99999,-1,-1,-3,-1,1,24240
4887,1445,1,115,12,-1,99999,-1,-1,-3,-1,1,24240
4888,1445,1,453,2,-1,99999,-1,-1,-3,-1,1,24240
4889,1445,1,30,10,-1,99999,-1,-1,-3,-1,1,24240
4890,1445,1,1133,8,-1,99999,-1,-1,-3,-1,1,24240
4891,1445,1,9,7,-1,99999,-1,-1,-3,-1,1,24240
4892,1445,1,1391,3,-1,99999,-1,-1,-3,-1,1,24240
4893,1445,1,979,6,-1,99999,-1,-1,-3,-1,1,24240
4894,1446,1,226,8,-1,99999,-1,-1,-3,-1,1,24240
4895,1447,1,66,9,-1,99999,-1,-1,-3,-1,1,24240
4896,1448,1,619,6,-1,99999,-1,-1,-3,-1,1,24240
4897,1448,1,1304,12,-1,99999,-1,-1,-3,-1,1,24240
4898,1448,1,598,3,-1,99999,-1,-1,-3,-1,1,24240
4899,1448,1,122,5,-1,99999,-1,-1,-3,-1,1,24240
4900,1448,1,2,6,-1,99999,-1,-1,-3,-1,1,24240
4901,1449,1,203,10,-1,99999,-1,-1,-3,-1,1,24240
4902,1449,1,97,3,-1,99999,-1,-1,-3,-1,1,24240
4903,1450,1,3106,3,-1,99999,-1,-1,-3,-1,1,24300
4904,1450,1,268,3,-1,99999,-1,-1,-3,-1,1,24300
4905,1450,1,1764,2,-1,99999,-1,-1,-3,-1,1,24300
4906,1450,1,733,4,-1,99999,-1,-1,-3,-1,1,24300
4907,1451,1,153,6,-1,99999,-1,-1,-3,-1,1,24300
4908,1451,1,84,6,-1,99999,-1,-1,-3,-1,1,24300
4909,1451,1,13,8,-1,99999,-1,-1,-3,-1,1,24300
4910,1451,1,67,7,-1,99999,-1,-1,-3,-1,1,24300
4911,1451,1,896,6,-1,99999,-1,-1,-3,-1,1,24300
4912,1451,1,1627,3,-1,99999,-1,-1,-3,-1,1,24300
4913,1451,1,111,8,-1,99999,-1,-1,-3,-1,1,24300
4914,1451,1,564,8,-1,99999,-1,-1,-3,-1,1,24300
4915,1452,1,719,12,-1,99999,-1,-1,-3,-1,1,24300
4916,1452,1,120,2,-1,99999,-1,-1,-3,-1,1,24300
4917,1452,1,1706,3,-1,99999,-1,-1,-3,-1,1,24300
4918,1453,1,151,3,-1,99999,-1,-1,-3,-1,1,24360
4919,1453,1,227,4,-1,99999,-1,-1,-3,-1,1,24360
4920,1453,1,1865,3,-1,99999,-1,-1,-3,-1,1,24360
4921,1453,1,1488,3,-1,99999,-1,-1,-3,-1,1,24360
4922,1454,1,199,10,-1,99999,-1,-1,-3,-1,1,24360
4923,1455,1,996,8,-1,99999,-1,-1,-3,-1,1,24360
4924,1455,1,1784,4,-1,99999,-1,-1,-3,-1,1,24360
4925,1455,1,186,2,-1,99999,-1,-1,-3,-1,1,24360
4926,1455,1,2111,2,-1,99999,-1,-1,-3,-1,1,24360
4927,1455,1,180,7,-1,99999,-1,-1,-3,-1,1,24360
4928,1455,1,23,10,-1,99999,-1,-1,-3,-1,1,24360
4929,1455,1,29,9,-1,99999,-1,-1,-3,-1,1,24360
4930,1456,1,100,2,-1,99999,-1,-1,-3,-1,1,24360
4931,1456,1,1158,3,-1,99999,-1,-1,-3,-1,1,24360
4932,1457,1,23,6,-1,99999,-1,-1,-3,-1,1,24420
4933,1457,1,541,4,-1,99999,-1,-1,-3,-1,1,24420
4934,1457,1,1189,2,-1,99999,-1,-1,-3,-1,1,24420
4935,1457,1,39,10,-1,99999,-1,-1,-3,-1,1,24420
4936,1458,1,888,2,-1,99999,-1,-1,-3,-1,1,24420
4937,1458,1,135,7,-1,99999,-1,-1,-3,-1,1,24420
4938,1458,1,6,7,-1,99999,-1,-1,-3,-1,1,24420
4939,1459,1,2652,3,-1,99999,-1,-1,-3,-1,1,24420
4940,1459,1,147,8,-1,99999,-1,-1,-3,-1,1,24420
4941,1459,1,847,8,-1,99999,-1,-1,-3,-1,1,24420
4942,1459,1,456,6,-1,99999,-1,-1,-3,-1,1,24420
4943,1459,1,103,3,-1,99999,-1,-1,-3,-1,1,24420
4944,1460,1,210,4,-1,99999,-1,-1,-3,-1,1,24420
4945,1460,1,186,4,-1,99999,-1,-1,-3,-1,1,24420
4946,1460,1,940,4,-1,99999,-1,-1,-3,-1,1,24420
4947,1460,1,787,8,-1,99999,-1,-1,-3,-1,1,24420
4948,1460,1,126,11,-1,99999,-1,-1,-3,-1,1,24420
4949,1460,1,1668,4,-1,99999,-1,-1,-3,-1,1,24420
4950,1460,1,54,8,-1,99999,-1,-1,-3,-1,1,24420
4951,1460,1,226,6,-1,99999,-1,-1,-3,-1,1,24420
4952,1460,1,1448,2,-1,99999,-1,-1,-3,-1,1,24420
4953,1461,1,42,12,-1,99999,-1,-1,-3,-1,1,24420
4954,1461,1,1436,6,-1,99999,-1,-1,-3,-1,1,24420
4955,1461,1,549,6,-1,99999,-1,-1,-3,-1,1,24420
4956,1461,1,456,10,-1,99999,-1,-1,-3,-1,1,24420
4957,1462,1,439,3,-1,99999,-1,-1,-3,-1,1,24420
4958,1462,1,210,11,-1,99999,-1,-1,-3,-1,1,24420
4959,1463,1,70,4,-1,99999,-1,-1,-3,-1,1,24420
4960,1463,1,92,8,-1,99999,-1,-1,-3,-1,1,24420
4961,1463,1,337,4,-1,99999,-1,-1,-3,-1,1,24420
4962,1463,1,2332,4,-1,99999,-1,-1,-3,-1,1,24420
4963,1464,1,45,8,-1,99999,-1,-1,-3,-1,1,24480
4964,1465,1,948,2,-1,99999,-1,-1,-3,-1,1,24480
4965,1466,1,243,4,-1,99999,-1,-1,-3,-1,1,24540
4966,1466,1,155,10,-1,99999,-1,-1,-3,-1,1,24540
4967,1467,1,89,3,-1,99999,-1,-1,-3,-1,1,24540
4968,1467,1,93,12,-1,99999,-1,-1,-3,-1,1,24540
4969,1467,1,1015,7,-1,99999,-1,-1,-3,-1,1,24540
4970,1468,1,10,6,-1,99999,-1,-1,-3,-1,1,24540
4971,1468,1,2242,3,-1,99999,-1,-1,-3,-1,1,24540
4972,1468,1,217,3,-1,99999,-1,-1,-3,-1,1,24540
4973,1468,1,616,8,-1,99999,-1,-1,-3,-1,1,24540
4974,1468,1,724,4,-1,99999,-1,-1,-3,-1,1,24540
4975,1468,1,77,11,-1,99999,-1,-1,-3,-1,1,24540
4976,1468,1,1367,2,-1,99999,-1,-1,-3,-1,1,24540
4977,1468,1,263,8,-1,99999,-1,-1,-3,-1,1,24540
4978,1468,1,393,7,-1,99999,-1,-1,-3,-1,1,24540
4979,1468,1,234,6,-1,99999,-1,-1,-3,-1,1,24540
4980,1468,1,641,4,-1,99999,-1,-1,-3,-1,1,24540
4981,1469,1,817,6,-1,99999,-1,-1,-3,-1,1,24540
4982,1469,1,146,12,-1,99999,-1,-1,-3,-1,1,24540
4983,1469,1,74,4,-1,99999,-1,-1,-3,-1,1,24540
4984,1469,1,14,5,-1,99999,-1,-1,-3,-1,1,24540
4985,1470,1,9,4,-1,99999,-1,-1,-3,-1,1,24600
4986,1470,1,24,6,-1,99999,-1,-1,-3,-1,1,24600
4987,1470,1,219,2,-1,99999,-1,-1,-3,-1,1,24600
4988,1470,1,4,10,-1,99999,-1,-1,-3,-1,1,24600
4989,1471,1,904,8,-1,99999,-1,-1,-3,-1,1,24600
4990,1472,1,1955,4,-1,99999,-1,-1,-3,-1,1,24600
4991,1472,1,112,6,-1,99999,-1,-1,-3,-1,1,24600
4992,1472,1,326,2,-1,99999,-1,-1,-3,-1,1,24600
4993,1472,1,579,3,-1,99999,-1,-1,-3,-1,1,24600
4994,1472,1,36,2,-1,99999,-1,-1,-3,-1,1,24600
4995,1472,1,29,12,-1,99999,-1,-1,-3,-1,1,24600
4996,1473,1,2444,2,-1,99999,-1,-1,-3,-1,1,24600
4997,1474,1,86,12,-1,99999,-1,-1,-3,-1,1,24600
4998,1474,1,817,8,-1,99999,-1,-1,-3,-1,1,24600
4999,1474,1,80,8,-1,99999,-1,-1,-3,-1,1,24600
5000,1475,1,284,12,-1,99999,-1,-1,-3,-1,1,24600
5001,1476,1,336,8,-1,99999,-1,-1,-3,-1,1,24660
5002,1476,1,175,7,-1,99999,-1,-1,-3,-1,1,24660
5003,1477,1,2122,4,-1,99999,-1,-1,-3,-1,1,24660
5004,1477,1,1639,2,-1,99999,-1,-1,-3,-1,1,24660
5005,1478,1,194,8,-1,99999,-1,-1,-3,-1,1,24660
5006,1478,1,13,6,-1,99999,-1,-1,-3,-1,1,24660
5007,1478,1,6,4,-1,99999,-1,-1,-3,-1,1,24660
5008,1479,1,1453,6,-1,99999,-1,-1,-3,-1,1,24660
5009,1479,1,3185,3,-1,99999,-1,-1,-3,-1,1,24660
5010,1480,1,496,8,-1,99999,-1,-1,-3,-1,1,24720
5011,1480,1,1337,3,-1,99999,-1,-1,-3,-1,1,24720
5012,1480,1,2078,3,-1,99999,-1,-1,-3,-1,1,24720
5013,1480,1,622,10,-1,99999,-1,-1,-3,-1,1,24720
5014,1480,1,64,8,-1,99999,-1,-1,-3,-1,1,24720
5015,1480,1,358,6,-1,99999,-1,-1,-3,-1,1,24720
5016,1480,1,45,9,-1,99999,-1,-1,-3,-1,1,24720
5017,1481,1,104,1,-1,99999,-1,-1,-3,-1,1,24720
5018,1481,1,1994,2,-1,99999,-1,-1,-3,-1,1,24720
5019,1481,1,240,6,-1,99999,-1,-1,-3,-1,1,24720
5020,1482,1,162,6,-1,99999,-1,-1,-3,-1,1,24720
5021,1482,1,90,4,-1,99999,-1,-1,-3,-1,1,24720
5022,1483,1,11,6,-1,99999,-1,-1,-3,-1,1,24720
5023,1483,1,1035,2,-1,99999,-1,-1,-3,-1,1,24720
5024,1483,1,670,7,-1,99999,-1,-1,-3,-1,1,24720
5025,1483,1,62,2,-1,99999,-1,-1,-3,-1,1,24720
5026,1483,1,1288,6,-1,99999,-1,-1,-3,-1,1,24720
5027,1483,1,1170,9,-1,99999,-1,-1,-3,-1,1,24720
5028,1483,1,32,4,-1,99999,-1,-1,-3,-1,1,24720
5029,1483,1,67,7,-1,99999,-1,-1,-3,-1,1,24720
5030,1483,1,37,12,-1,99999,-1,-1,-3,-1,1,24720
5031,1483,1,568,3,-1,99999,-1,-1,-3,-1,1,24720
5032,1484,1,2256,2,-1,99999,-1,-1,-3,-1,1,24780
5033,1484,1,65,4,-1,99999,-1,-1,-3,-1,1,24780
5034,1484,1,276,6,-1,99999,-1,-1,-3,-1,1,24780
5035,1484,1,11,6,-1,99999,-1,-1,-3,-1,1,24780
5036,1484,1,177,9,-1,99999,-1,-1,-3,-1,1,24780
5037,1485,1,1479,10,-1,99999,-1,-1,-3,-1,1,24780
5038,1485,1,193,4,-1,99999,-1,-1,-3,-1,1,24780
5039,1485,1,3,10,-1,99999,-1,-1,-3,-1,1,24780
5040,1485,1,566,5,-1,99999,-1,-1,-3,-1,1,24780
5041,1485,1,132,8,-1,99999,-1,-1,-3,-1,1,24780
5042,1485,1,195,9,-1,99999,-1,-1,-3,-1,1,24780
5043,1486,1,1042,11,-1,99999,-1,-1,-3,-1,1,24780
5044,1486,1,729,6,-1,99999,-1,-1,-3,-1,1,24780
5045,1487,1,40,10,-1,99999,-1,-1,-3,-1,1,24780
5046,1487,1,495,10,-1,99999,-1,-1,-3,-1,1,24780
5047,1487,1,1747,2,-1,99999,-1,-1,-3,-1,1,24780
5048,1487,1,2461,2,-1,99999,-1,-1,-3,-1,1,24780
5049,1488,1,44,6,-1,99999,-1,-1,-3,-1,1,24780
5050,1488,1,493,7,-1,99999,-1,-1,-3,-1,1,24780
5051,1488,1,40,8,-1,99999,-1,-1,-3,-1,1,24780
5052,1489,1,496,6,-1,99999,-1,-1,-3,-1,1,24840
5053,1489,1,105,2,-1,99999,-1,-1,-3,-1,1,24840
5054,1490,1,975,5,-1,99999,-1,-1,-3,-1,1,24840
5055,1491,1,70,11,-1,99999,-1,-1,-3,-1,1,24840
5056,1491,1,3,10,-1,99999,-1,-1,-3,-1,1,24840
5057,1491,1,829,3,-1,99999,-1,-1,-3,-1,1,24840
5058,1491,1,111,3,-1,99999,-1,-1,-3,-1,1,24840
5059,1492,1,206,8,-1,99999,-1,-1,-3,-1,1,24840
5060,1492,1,1454,4,-1,99999,-1,-1,-3,-1,1,24840
5061,1492,1,19,2,-1,99999,-1,-1,-3,-1,1,24840
5062,1492,1,2,8,-1,99999,-1,-1,-3,-1,1,24840
5063,1492,1,202,6,-1,99999,-1,-1,-3,-1,1,24840
5064,1493,1,464,11,-1,99999,-1,-1,-3,-1,1,24840
5065,1493,1,1375,6,-1,99999,-1,-1,-3,-1,1,24840
5066,1493,1,588,6,-1,99999,-1,-1,-3,-1,1,24840
5067,1493,1,22,10,-1,99999,-1,-1,-3,-1,1,24840
5068,1494,1,52,3,-1,99999,-1,-1,-3,-1,1,24840
5069,1495,1,249,11,-1,99999,-1,-1,-3,-1,1,24900
5070,1495,1,1720,4,-1,99999,-1,-1,-3,-1,1,24900
5071,1496,1,741,4,-1,99999,-1,-1,-3,-1,1,24900
5072,1496,1,151,4,-1,99999,-1,-1,-3,-1,1,24900
5073,1496,1,2759,4,-1,99999,-1,-1,-3,-1,1,24900
5074,1496,1,183,10,-1,99999,-1,-1,-3,-1,1,24900
5075,1497,1,281,6,-1,99999,-1,-1,-3,-1,1,24900
5076,1498,1,229,7,-1,99999,-1,-1,-3,-1,1,24900
5077,1498,1,66,1,-1,99999,-1,-1,-3,-1,1,24900
5078,1498,1,223,6,-1,99999,-1,-1,-3,-1,1,24900
5079,1499,1,75,9,-1,99999,-1,-1,-3,-1,1,24960
5080,1499,1,83,10,-1,99999,-1,-1,-3,-1,1,24960
5081,1500,1,74,9,-1,99999,-1,-1,-3,-1,1,24960
5082,1501,1,1795,4,-1,99999,-1,-1,-3,-1,1,24960
5083,1502,1,20,4,-1,99999,-1,-1,-3,-1,1,25020
5084,1502,1,1648,3,-1,99999,-1,-1,-3,-1,1,25020
5085,1502,1,1185,8,-1,99999,-1,-1,-3,-1,1,25020
5086,1502,1,213,5,-1,99999,-1,-1,-3,-1,1,25020
5087,1502,1,2502,3,-1,99999,-1,-1,-3,-1,1,25020
5088,1502,1,428,9,-1,99999,-1,-1,-3,-1,1,25020
5089,1502,1,382,8,-1,99999,-1,-1,-3,-1,1,25020
5090,1502,1,106,5,-1,99999,-1,-1,-3,-1,1,25020
5091,1502,1,2,6,-1,99999,-1,-1,-3,-1,1,25020
5092,1502,1,1093,8,-1,99999,-1,-1,-3,-1,1,25020
5093,1502,1,169,10,-1,99999,-1,-1,-3,-1,1,25020
5094,1502,1,49,10,-1,99999,-1,-1,-3,-1,1,25020
5095,1502,1,10,5,-1,99999,-1,-1,-3,-1,1,25020
5096,1502,1,37,9,-1,99999,-1,-1,-3,-1,1,25020
5097,1502,1,46,9,-1,99999,-1,-1,-3,-1,1,25020
5098,1502,1,1421,10,-1,99999,-1,-1,-3,-1,1,25020
5099,1502,1,209,7,-1,99999,-1,-1,-3,-1,1,25020
5100,1502,1,111,6,-1,99999,-1,-1,-3,-1,1,25020
5101,1502,1,119,2,-1,99999,-1,-1,-3,-1,1,25020
5102,1502,1,631,8,-1,99999,-1,-1,-3,-1,1,25020
5103,1502,1,314,8,-1,99999,-1,-1,-3,-1,1,25020
5104,1502,1,338,2,-1,99999,-1,-1,-3,-1,1,25020
5105,1502,1,461,3,-1,99999,-1,-1,-3,-1,1,25020
5106,1503,1,53,7,-1,99999,-1,-1,-3,-1,1,25020
5107,1503,1,522,4,-1,99999,-1,-1,-3,-1,1,25020
5108,1504,1,116,7,-1,99999,-1,-1,-3,-1,1,25020
5109,1505,1,119,6,-1,99999,-1,-1,-3,-1,1,25020
5110,1505,1,265,2,-1,99999,-1,-1,-3,-1,1,25020
5111,1505,1,1485,3,-1,99999,-1,-1,-3,-1,1,25020
5112,1505,1,63,10,-1,99999,-1,-1,-3,-1,1,25020
5113,1505,1,13,9,-1,99999,-1,-1,-3,-1,1,25020
5114,1505,1,154,10,-1,99999,-1,-1,-3,-1,1,25020
5115,1505,1,344,10,-1,99999,-1,-1,-3,-1,1,25020
5116,1505,1,184,6,-1,99999,-1,-1,-3,-1,1,25020
5117,1506,1,153,6,-1,99999,-1,-1,-3,-1,1,25020
5118,1507,1,0,6,-1,99999,-1,-1,-3,-1,1,25080
5119,1508,1,202,12,-1,99999,-1,-1,-3,-1,1,25080
5120,1509,1,6,6,-1,99999,-1,-1,-3,-1,1,25080
5121,1509,1,564,10,-1,99999,-1,-1,-3,-1,1,25080
5122,1509,1,136,2,-1,99999,-1,-1,-3,-1,1,25080
5123,1509,1,91,10,-1,99999,-1,-1,-3,-1,1,25080
5124,1509,1,199,7,-1,99999,-1,-1,-3,-1,1,25080
5125,1509,1,2377,3,-1,99999,-1,-1,-3,-1,1,25080
5126,1509,1,4,9,-1,99999,-1,-1,-3,-1,1,25080
5127,1510,1,250,4,-1,99999,-1,-1,-3,-1,1,25080
5128,1510,1,160,5,-1,99999,-1,-1,-3,-1,1,25080
5129,1510,1,62,11,-1,99999,-1,-1,-3,-1,1,25080
5130,1511,1,431,8,-1,99999,-1,-1,-3,-1,1,25080
5131,1511,1,119,5,-1,99999,-1,-1,-3,-1,1,25080
5132,1512,1,34,5,-1,99999,-1,-1,-3,-1,1,25140
5133,1513,1,196,3,-1,99999,-1,-1,-3,-1,1,25140
5134,1514,1,625,3,-1,99999,-1,-1,-3,-1,1,25140
5135,1514,1,55,5,-1,99999,-1,-1,-3,-1,1,25140
5136,1514,1,1804,4,-1,99999,-1,-1,-3,-1,1,25140
5137,1514,1,341,3,-1,99999,-1,-1,-3,-1,1,25140
5138,1515,1,1797,4,-1,99999,-1,-1,-3,-1,1,25140
5139,1515,1,2779,2,-1,99999,-1,-1,-3,-1,1,25140
5140,1515,1,1669,2,-1,99999,-1,-1,-3,-1,1,25140
5141,1515,1,96,6,-1,99999,-1,-1,-3,-1,1,25140
5142,1515,1,136,10,-1,99999,-1,-1,-3,-1,1,25140
5143,1516,1,45,4,-1,99999,-1,-1,-3,-1,1,25200
5144,1516,1,467,8,-1,99999,-1,-1,-3,-1,1,25200
5145,1516,1,94,9,-1,99999,-1,-1,-3,-1,1,25200
5146,1516,1,56,7,-1,99999,-1,-1,-3,-1,1,25200
5147,1517,1,42,4,-1,99999,-1,-1,-3,-1,1,25200
5148,1518,1,13,6,-1,99999,-1,-1,-3,-1,1,25200
5149,1519,1,1772,3,-1,99999,-1,-1,-3,-1,1,25260
5150,1519,1,598,6,-1,99999,-1,-1,-3,-1,1,25260
5151,1520,1,102,6,-1,99999,-1,-1,-3,-1,1,25260
5152,1520,1,624,4,-1,99999,-1,-1,-3,-1,1,25260
5153,1520,1,609,9,-1,99999,-1,-1,-3,-1,1,25260
5154,1521,1,1755,2,-1,99999,-1,-1,-3,-1,1,25320
5155,1521,1,76,6,-1,99999,-1,-1,-3,-1,1,25320
5156,1521,1,451,3,-1,99999,-1,-1,-3,-1,1,25320
5157,1521,1,231,4,-1,99999,-1,-1,-3,-1,1,25320
5158,1521,1,6,2,-1,99999,-1,-1,-3,-1,1,25320
5159,1521,1,144,9,-1,99999,-1,-1,-3,-1,1,25320
5160,1521,1,1165,1,-1,99999,-1,-1,-3,-1,1,25320
5161,1521,1,653,6,-1,99999,-1,-1,-3,-1,1,25320
5162,1522,1,322,7,-1,99999,-1,-1,-3,-1,1,25320
5163,1522,1,26,4,-1,99999,-1,-1,-3,-1,1,25320
5164,1522,1,481,12,-1,99999,-1,-1,-3,-1,1,25320
5165,1522,1,1671,1,-1,99999,-1,-1,-3,-1,1,25320
5166,1522,1,1111,3,-1,99999,-1,-1,-3,-1,1,25320
5167,1522,1,60,7,-1,99999,-1,-1,-3,-1,1,25320
5168,1522,1,701,10,-1,99999,-1,-1,-3,-1,1,25320
5169,1522,1,302,6,-1,99999,-1,-1,-3,-1,1,25320
5170,1522,1,1708,2,-1,99999,-1,-1,-3,-1,1,25320
5171,1523,1,363,8,-1,99999,-1,-1,-3,-1,1,25320
5172,1524,1,2083,3,-1,99999,-1,-1,-3,-1,1,25380
5173,1525,1,574,7,-1,99999,-1,-1,-3,-1,1,25380
5174,1525,1,494,5,-1,99999,-1,-1,-3,-1,1,25380
5175,1526,1,194,11,-1,99999,-1,-1,-3,-1,1,25380
5176,1526,1,1001,8,-1,99999,-1,-1,-3,-1,1,25380
5177,1526,1,591,7,-1,99999,-1,-1,-3,-1,1,25380
5178,1527,1,189,10,-1,99999,-1,-1,-3,-1,1,25380
5179,1527,1,1133,3,-1,99999,-1,-1,-3,-1,1,25380
5180,1527,1,97,6,-1,99999,-1,-1,-3,-1,1,25380
5181,1527,1,7,8,-1,99999,-1,-1,-3,-1,1,25380
5182,1528,1,1101,8,-1,99999,-1,-1,-3,-1,1,25380
5183,1528,1,129,2,-1,99999,-1,-1,-3,-1,1,25380
5184,1528,1,55,11,-1,99999,-1,-1,-3,-1,1,25380
5185,1529,1,423,6,-1,99999,-1,-1,-3,-1,1,25440
5186,1530,1,262,6,-1,99999,-1,-1,-3,-1,1,25440
5187,1530,1,56,10,-1,99999,-1,-1,-3,-1,1,25440
5188,1530,1,1064,6,-1,99999,-1,-1,-3,-1,1,25440
5189,1530,1,217,2,-1,99999,-1,-1,-3,-1,1,25440
5190,1531,1,3,2,-1,99999,-1,-1,-3,-1,1,25440
5191,1532,1,226,8,-1,99999,-1,-1,-3,-1,1,25500
5192,1532,1,189,12,-1,99999,-1,-1,-3,-1,1,25500
5193,1532,1,394,9,-1,99999,-1,-1,-3,-1,1,25500
5194,1533,1,3,7,-1,99999,-1,-1,-3,-1,1,25500
5195,1533,1,50,9,-1,99999,-1,-1,-3,-1,1,25500
5196,1533,1,2669,4,-1,99999,-1,-1,-3,-1,1,25500
5197,1533,1,1394,5,-1,99999,-1,-1,-3,-1,1,25500
5198,1533,1,2921,2,-1,99999,-1,-1,-3,-1,1,25500
5199,1534,1,2074,2,-1,99999,-1,-1,-3,-1,1,25560
5200,1534,1,655,4,-1,99999,-1,-1,-3,-1,1,25560
5201,1534,1,45,6,-1,99999,-1,-1,-3,-1,1,25560
5202,1534,1,28,8,-1,99999,-1,-1,-3,-1,1,25560
5203,1535,1,324,1,-1,99999,-1,-1,-3,-1,1,25560
5204,1535,1,166,4,-1,99999,-1,-1,-3,-1,1,25560
5205,1536,1,2100,1,-1,99999,-1,-1,-3,-1,1,25560
5206,1537,1,95,2,-1,99999,-1,-1,-3,-1,1,25560
5207,1537,1,1948,1,-1,99999,-1,-1,-3,-1,1,25560
5208,1537,1,397,4,-1,99999,-1,-1,-3,-1,1,25560
5209,1537,1,2249,2,-1,99999,-1,-1,-3,-1,1,25560
5210,1538,1,792,6,-1,99999,-1,-1,-3,-1,1,25560
5211,1539,1,974,7,-1,99999,-1,-1,-3,-1,1,25560
5212,1540,1,1416,4,-1,99999,-1,-1,-3,-1,1,25620
5213,1540,1,249,11,-1,99999,-1,-1,-3,-1,1,25620
5214,1541,1,1677,4,-1,99999,-1,-1,-3,-1,1,25620
5215,1541,1,1040,6,-1,99999,-1,-1,-3,-1,1,25620
5216,1541,1,332,2,-1,99999,-1,-1,-3,-1,1,25620
5217,1541,1,313,2,-1,99999,-1,-1,-3,-1,1,25620
5218,1541,1,261,6,-1,99999,-1,-1,-3,-1,1,25620
5219,1541,1,329,2,-1,99999,-1,-1,-3,-1,1,25620
5220,1541,1,13,12,-1,99999,-1,-1,-3,-1,1,25620
5221,1541,1,2348,4,-1,99999,-1,-1,-3,-1,1,25620
5222,1541,1,1407,4,-1,99999,-1,-1,-3,-1,1,25620
5223,1542,1,505,8,-1,99999,-1,-1,-3,-1,1,25680
5224,1542,1,1096,6,-1,99999,-1,-1,-3,-1,1,25680
5225,1542,1,71,2,-1,99999,-1,-1,-3,-1,1,25680
5226,1542,1,28,10,-1,99999,-1,-1,-3,-1,1,25680
5227,1542,1,389,3,-1,99999,-1,-1,-3,-1,1,25680
5228,1542,1,403,8,-1,99999,-1,-1,-3,-1,1,25680
5229,1543,1,769,3,-1,99999,-1,-1,-3,-1,1,25680
5230,1543,1,793,6,-1,99999,-1,-1,-3,-1,1,25680
5231,1544,1,173,7,-1,99999,-1,-1,-3,-1,1,25680
5232,1545,1,648,7,-1,99999,-1,-1,-3,-1,1,25740
5233,1545,1,1120,4,-1,99999,-1,-1,-3,-1,1,25740
5234,1546,1,110,9,-1,99999,-1,-1,-3,-1,1,25740
5235,1546,1,96,11,-1,99999,-1,-1,-3,-1,1,25740
5236,1546,1,1871,4,-1,99999,-1,-1,-3,-1,1,25740
5237,1547,1,909,6,-1,99999,-1,-1,-3,-1,1,25740
5238,1547,1,250,9,-1,99999,-1,-1,-3,-1,1,25740
5239,1548,1,488,10,-1,99999,-1,-1,-3,-1,1,25740
5240,1549,1,502,5,-1,99999,-1,-1,-3,-1,1,25740
5241,1549,1,238,10,-1,99999,-1,-1,-3,-1,1,25740
5242,1550,1,1535,1,-1,99999,-1,-1,-3,-1,1,25740
5243,1550,1,104,11,-1,99999,-1,-1,-3,-1,1,25740
5244,1550,1,12,8,-1,99999,-1,-1,-3,-1,1,25740
5245,1551,1,608,5,-1,99999,-1,-1,-3,-1,1,25800
5246,1551,1,1721,4,-1,99999,-1,-1,-3,-1,1,25800
5247,1551,1,1731,2,-1,99999,-1,-1,-3,-1,1,25800
5248,1552,1,577,7,-1,99999,-1,-1,-3,-1,1,25800
5249,1552,1,2143,1,-1,99999,-1,-1,-3,-1,1,25800
5250,1552,1,698,6,-1,99999,-1,-1,-3,-1,1,25800
5251,1552,1,475,5,-1,99999,-1,-1,-3,-1,1,25800
5252,1553,1,767,2,-1,99999,-1,-1,-3,-1,1,25860
5253,1554,1,2069,3,-1,99999,-1,-1,-3,-1,1,25860
5254,1555,1,126,7,-1,99999,-1,-1,-3,-1,1,25860
5255,1555,1,43,4,-1,99999,-1,-1,-3,-1,1,25860
5256,1555,1,316,5,-1,99999,-1,-1,-3,-1,1,25860
5257,1556,1,584,4,-1,99999,-1,-1,-3,-1,1,25860
5258,1556,1,321,6,-1,99999,-1,-1,-3,-1,1,25860
5259,1556,1,1746,2,-1,99999,-1,-1,-3,-1,1,25860
5260,1556,1,813,6,-1,99999,-1,-1,-3,-1,1,25860
5261,1556,1,11,4,-1,99999,-1,-1,-3,-1,1,25860
5262,1556,1,280,8,-1,99999,-1,-1,-3,-1,1,25860
5263,1556,1,245,6,-1,99999,-1,-1,-3,-1,1,25860
5264,1557,1,2645,2,-1,99999,-1,-1,-3,-1,1,25860
5265,1558,1,1301,1,-1,99999,-1,-1,-3,-1,1,25860
5266,1559,1,4,5,-1,99999,-1,-1,-3,-1,1,25920
5267,1559,1,97,6,-1,99999,-1,-1,-3,-1,1,25920
5268,1559,1,187,8,-1,99999,-1,-1,-3,-1,1,25920
5269,1559,1,1975,4,-1,99999,-1,-1,-3,-1,1,25920
5270,1559,1,8,7,-1,99999,-1,-1,-3,-1,1,25920
5271,1559,1,787,8,-1,99999,-1,-1,-3,-1,1,25920
5272,1559,1,314,8,-1,99999,-1,-1,-3,-1,1,25920
5273,1560,1,103,7,-1,99999,-1,-1,-3,-1,1,25920
5274,1561,1,1218,4,-1,99999,-1,-1,-3,-1,1,25980
5275,1561,1,347,2,-1,99999,-1,-1,-3,-1,1,25980
5276,1561,1,3134,4,-1,99999,-1,-1,-3,-1,1,25980
5277,1562,1,17,8,-1,99999,-1,-1,-3,-1,1,25980
5278,1562,1,1868,2,-1,99999,-1,-1,-3,-1,1,25980
5279,1562,1,39,5,-1,99999,-1,-1,-3,-1,1,25980
5280,1562,1,132,6,-1,99999,-1,-1,-3,-1,1,25980
5281,1563,1,764,9,-1,99999,-1,-1,-3,-1,1,26040
5282,1564,1,3235,2,-1,99999,-1,-1,-3,-1,1,26100
5283,1564,1,119,4,-1,99999,-1,-1,-3,-1,1,26100
5284,1564,1,695,10,-1,99999,-1,-1,-3,-1,1,26100
5285,1565,1,5,11,-1,99999,-1,-1,-3,-1,1,26100
5286,1565,1,1073,2,-1,99999,-1,-1,-3,-1,1,26100
5287,1565,1,46,10,-1,99999,-1,-1,-3,-1,1,26100
5288,1566,1,13,5,-1,99999,-1,-1,-3,-1,1,26100
5289,1566,1,182,8,-1,99999,-1,-1,-3,-1,1,26100
5290,1566,1,38,5,-1,99999,-1,-1,-3,-1,1,26100
5291,1566,1,4,10,-1,99999,-1,-1,-3,-1,1,26100
5292,1566,1,636,9,-1,99999,-1,-1,-3,-1,1,26100
5293,1567,1,1104,10,-1,99999,-1,-1,-3,-1,1,26100
5294,1568,1,529,7,-1,99999,-1,-1,-3,-1,1,26100
5295,1568,1,104,11,-1,99999,-1,-1,-3,-1,1,26100
5296,1569,1,96,8,-1,99999,-1,-1,-3,-1,1,26100
5297,1569,1,1226,6,-1,99999,-1,-1,-3,-1,1,26100
5298,1569,1,682,6,-1,99999,-1,-1,-3,-1,1,26100
5299,1570,1,4,8,-1,99999,-1,-1,-3,-1,1,26100
5300,1571,1,69,4,-1,99999,-1,-1,-3,-1,1,26160
5301,1572,1,363,4,-1,99999,-1,-1,-3,-1,1,26160
5302,1573,1,270,6,-1,99999,-1,-1,-3,-1,1,26160
5303,1573,1,1737,2,-1,99999,-1,-1,-3,-1,1,26160
5304,1573,1,402,6,-1,99999,-1,-1,-3,-1,1,26160
5305,1574,1,310,8,-1,99999,-1,-1,-3,-1,1,26160
5306,1575,1,1008,2,-1,99999,-1,-1,-3,-1,1,26160
5307,1575,1,1227,7,-1,99999,-1,-1,-3,-1,1,26160
5308,1575,1,73,6,-1,99999,-1,-1,-3,-1,1,26160
5309,1576,1,851,12,-1,99999,-1,-1,-3,-1,1,26160
5310,1576,1,1287,9,-1,99999,-1,-1,-3,-1,1,26160
5311,1577,1,1165,2,-1,99999,-1,-1,-3,-1,1,26220
5312,1577,1,630,9,-1,99999,-1,-1,-3,-1,1,26220
5313,1577,1,999,8,-1,99999,-1,-1,-3,-1,1,26220
5314,1577,1,365,6,-1,99999,-1,-1,-3,-1,1,26220
5315,1577,1,324,10,-1,99999,-1,-1,-3,-1,1,26220
5316,1577,1,1010,5,-1,99999,-1,-1,-3,-1,1,26220
5317,1577,1,147,4,-1,99999,-1,-1,-3,-1,1,26220
5318,1577,1,1576,3,-1,99999,-1,-1,-3,-1,1,26220
5319,1578,1,40,7,-1,99999,-1,-1,-3,-1,1,26220
5320,1578,1,285,2,-1,99999,-1,-1,-3,-1,1,26220
5321,1579,1,119,1,-1,99999,-1,-1,-3,-1,1,26220
5322,1579,1,355,12,-1,99999,-1,-1,-3,-1,1,26220
5323,1579,1,82,12,-1,99999,-1,-1,-3,-1,1,26220
5324,1579,1,87,10,-1,99999,-1,-1,-3,-1,1,26220
5325,1579,1,17,6,-1,99999,-1,-1,-3,-1,1,26220
5326,1579,1,7,4,-1,99999,-1,-1,-3,-1,1,26220
5327,1579,1,79,5,-1,99999,-1,-1,-3,-1,1,26220
5328,1580,1,202,9,-1,99999,-1,-1,-3,-1,1,26220
5329,1580,1,2180,3,-1,99999,-1,-1,-3,-1,1,26220
5330,1580,1,489,6,-1,99999,-1,-1,-3,-1,1,26220
5331,1580,1,617,2,-1,99999,-1,-1,-3,-1,1,26220
5332,1580,1,424,9,-1,99999,-1,-1,-3,-1,1,26220
5333,1580,1,451,4,-1,99999,-1,-1,-3,-1,1,26220
5334,1581,1,0,8,-1,99999,-1,-1,-3,-1,1,26220
5335,1582,1,631,9,-1,99999,-1,-1,-3,-1,1,26280
5336,1582,1,1757,8,-1,99999,-1,-1,-3,-1,1,26280
5337,1582,1,14,6,-1,99999,-1,-1,-3,-1,1,26280
5338,1582,1,139,4,-1,99999,-1,-1,-3,-1,1,26280
5339,1583,1,2852,4,-1,99999,-1,-1,-3,-1,1,26340
5340,1583,1,1829,1,-1,99999,-1,-1,-3,-1,1,26340
5341,1583,1,1484,12,-1,99999,-1,-1,-3,-1,1,26340
5342,1583,1,356,6,-1,99999,-1,-1,-3,-1,1,26340
5343,1583,1,142,3,-1,99999,-1,-1,-3,-1,1,26340
5344,1584,1,70,5,-1,99999,-1,-1,-3,-1,1,26340
5345,1584,1,405,1,-1,99999,-1,-1,-3,-1,1,26340
5346,1585,1,32,5,-1,99999,-1,-1,-3,-1,1,26340
5347,1585,1,161,8,-1,99999,-1,-1,-3,-1,1,26340
5348,1586,1,1771,3,-1,99999,-1,-1,-3,-1,1,26340
5349,1586,1,1,8,-1,99999,-1,-1,-3,-1,1,26340
5350,1586,1,378,8,-1,99999,-1,-1,-3,-1,1,26340
5351,1586,1,1477,2,-1,99999,-1,-1,-3,-1,1,26340
5352,1586,1,288,6,-1,99999,-1,-1,-3,-1,1,26340
5353,1586,1,562,9,-1,99999,-1,-1,-3,-1,1,26340
5354,1587,1,1341,2,-1,99999,-1,-1,-3,-1,1,26340
5355,1587,1,2026,2,-1,99999,-1,-1,-3,-1,1,26340
5356,1587,1,119,7,-1,99999,-1,-1,-3,-1,1,26340
5357,1587,1,347,10,-1,99999,-1,-1,-3,-1,1,26340
5358,1587,1,2085,2,-1,99999,-1,-1,-3,-1,1,26340
5359,1588,1,82,3,-1,99999,-1,-1,-3,-1,1,26400
5360,1588,1,339,1,-1,99999,-1,-1,-3,-1,1,26400
5361,1589,1,156,6,-1,99999,-1,-1,-3,-1,1,26400
5362,1589,1,883,8,-1,99999,-1,-1,-3,-1,1,26400
5363,1589,1,931,7,-1,99999,-1,-1,-3,-1,1,26400
5364,1589,1,3,8,-1,99999,-1,-1,-3,-1,1,26400
5365,1589,1,565,4,-1,99999,-1,-1,-3,-1,1,26400
5366,1590,1,178,6,-1,99999,-1,-1,-3,-1,1,26460
5367,1590,1,1925,2,-1,99999,-1,-1,-3,-1,1,26460
5368,1591,1,1316,1,-1,99999,-1,-1,-3,-1,1,26460
5369,1591,1,1878,2,-1,99999,-1,-1,-3,-1,1,26460
5370,1591,1,869,10,-1,99999,-1,-1,-3,-1,1,26460
5371,1591,1,146,5,-1,99999,-1,-1,-3,-1,1,26460
5372,1591,1,33,9,-1,99999,-1,-1,-3,-1,1,26460
5373,1592,1,48,3,-1,99999,-1,-1,-3,-1,1,26460
5374,1593,1,319,3,-1,99999,-1,-1,-3,-1,1,26460
5375,1593,1,1373,6,-1,99999,-1,-1,-3,-1,1,26460
