pod_id,item_id,qty,order_id,processed_time,task_type,trigger,opp_score,trip_start,trip_duration
342,310,8,-90,38,1,,
347,551,8,-92,61,1,,
50,3,2,-87,71,1,,
50,3,3,-56,71,1,,
50,3,7,-65,71,1,,
50,5,2,-60,71,1,,
50,9,6,-56,71,1,,
50,88,6,-56,71,1,,
179,151,3,-52,71,1,,
179,160,8,-74,71,1,,
179,14,10,-14,71,1,,
135,147,10,-99,83,1,,
135,130,7,-90,83,1,,
162,10,8,-58,95,1,,
162,10,10,-23,95,1,,
443,365,12,-76,99,1,,
42,5,7,-50,100,1,,
42,29,5,-89,100,1,,
42,82,11,-20,100,1,,
456,644,11,-60,116,1,,
466,853,12,-99,116,1,,
383,17,6,-21,116,1,,
383,34,10,-74,116,1,,
465,828,7,-80,127,1,,
425,536,11,-60,132,1,,
407,1208,8,-93,138,1,,
385,72,8,-81,139,1,,
385,72,9,-21,139,1,,
290,677,7,-60,154,1,,
290,336,8,-56,154,1,,
447,460,4,-21,163,1,,
447,460,12,-23,163,1,,
389,247,6,-87,182,1,,
389,247,7,-84,182,1,,
389,247,7,-60,182,1,,
242,59,8,-21,187,1,,
242,157,9,-14,187,1,,
210,231,6,-99,190,1,,
367,392,5,-82,198,1,,
362,156,12,-56,201,1,,
319,0,12,-74,206,1,,
110,1325,10,-84,217,1,,
273,330,10,-14,222,1,,
442,3044,4,-100,223,1,,
430,844,9,-20,232,1,,
163,126,3,-92,233,1,,
340,304,10,-58,241,1,,
320,61,8,-84,246,1,,
423,422,10,-21,259,1,,
215,1910,2,-60,265,1,,
215,301,6,-56,265,1,,
0,51,3,-92,272,1,,
437,180,9,-14,274,1,,
326,520,7,-60,278,1,,
488,1209,4,-99,283,1,,
361,2694,3,-100,298,1,,
426,571,3,-99,305,1,,
358,49,7,-65,322,1,,
1,37,8,-74,323,1,,
283,2281,2,-99,328,1,,
472,943,8,-21,335,1,,
183,1735,2,-99,346,1,,
413,145,8,-21,346,1,,
289,229,10,-5,349,1,,
474,972,7,-56,360,1,,
158,192,7,-63,361,1,,
2,30,6,-47,370,1,,
370,591,7,-74,372,1,,
438,206,6,-56,373,1,,
422,308,2,-56,382,1,,
422,402,4,-89,382,1,,
386,132,6,-14,384,1,,
359,12,12,-4,394,1,,
187,1757,2,-99,398,1,,
384,21,4,-56,416,1,,
43,1275,6,-52,417,1,,
444,395,2,-92,422,1,,
199,165,2,-24,431,1,,
439,274,6,-84,435,1,,
417,222,4,-60,442,1,,
96,1231,2,-23,449,1,,
447,482,3,-8,460,1,,
387,120,4,-39,480,1,,
94,1222,4,-87,480,1,,
442,364,10,-28,485,1,,
450,535,2,-84,485,1,,
362,121,2,-93,489,1,,
349,2635,2,-65,489,1,,
168,139,1,-41,500,1,,
3,28,4,-39,504,1,,
390,247,1,-60,507,1,,
213,1899,2,-14,508,1,,
338,298,1,-4,518,1,,
440,305,2,-60,519,1,,
207,1864,2,-21,521,1,,
267,2196,1,-57,530,1,,
416,159,4,-51,536,1,,
305,2399,1,-57,541,1,,
40,29,3,-51,554,1,,
40,30,10,-51,554,1,,
200,144,6,-51,564,1,,
100,1260,2,-54,568,1,,
413,135,4,-6,578,1,,
360,60,7,-6,589,1,,
438,249,5,-77,590,1,,
438,237,5,-66,590,1,,
272,2226,2,2,595,1,,
433,1003,8,-66,604,1,,
229,321,8,-42,606,1,,
388,127,9,9,625,1,,
139,43,3,-70,639,1,,
414,143,6,2,641,1,,
386,146,12,-79,642,1,,
128,116,5,-12,647,1,,
361,1037,8,-42,653,1,,
415,175,8,-67,654,1,,
230,276,4,-32,660,1,,
389,264,8,-70,669,1,,
264,33,6,-36,669,1,,
410,97,3,-51,670,1,,
410,84,9,-79,670,1,,
470,921,9,-70,682,1,,
464,806,1,-30,685,1,,
409,70,6,4,688,1,,
129,1,2,0,692,1,,
447,467,6,-54,697,1,,
257,296,8,-26,716,1,,
408,66,1,0,716,1,,
442,356,6,6,732,1,,
442,349,5,-57,732,1,,
394,514,4,-51,743,1,,
363,194,4,-36,748,1,,
358,11,6,-79,752,1,,
242,163,2,-36,752,1,,
49,1405,3,-67,758,1,,
170,1664,4,-67,765,1,,
265,90,6,11,768,1,,
201,185,3,-79,771,1,,
248,284,6,33,794,1,,
157,1584,3,11,800,1,,
440,305,8,-41,805,1,,
440,281,6,13,805,1,,
440,281,12,-66,805,1,,
387,73,7,29,815,1,,
192,1779,1,-79,819,1,,
140,116,8,33,823,1,,
140,43,10,33,823,1,,
390,250,10,23,829,1,,
385,73,4,23,836,1,,
139,1487,6,9,837,1,,
364,194,11,34,838,1,,
452,562,4,-18,843,1,,
130,116,8,-73,850,1,,
407,35,7,33,860,1,,
359,1037,5,25,865,1,,
0,3,7,25,876,1,,
229,95,3,25,882,1,,
291,439,8,26,884,1,,
472,939,6,34,885,1,,
193,67,4,30,889,1,,
141,50,8,26,905,1,,
384,32,5,26,913,1,,
470,914,8,-30,925,1,,
408,66,6,-18,934,1,,
1,28,9,17,940,1,,
128,177,3,-62,941,1,,
128,45,8,-53,941,1,,
119,1373,5,-75,949,1,,
179,294,6,-1,950,1,,
466,849,6,-53,959,1,,
442,353,4,-21,960,1,,
456,648,4,-73,972,1,,
365,194,4,-62,979,1,,
264,90,5,-1,979,1,,
277,2253,4,-62,986,1,,
409,68,4,-43,986,1,,
131,45,10,-7,998,1,,
382,18,8,-13,1010,1,,
298,2360,3,25,1012,1,,
438,216,4,11,1022,1,,
108,1,9,28,1022,1,,
424,2966,1,-40,1040,1,,
455,634,9,-7,1045,1,,
129,116,8,43,1057,1,,
299,54,10,-15,1058,1,,
443,373,3,-75,1060,1,,
2,19,8,28,1068,1,,
98,1247,6,-35,1077,1,,
439,274,6,43,1077,1,,
407,35,1,-79,1092,1,,
480,1094,2,-15,1098,1,,
452,577,10,26,1104,1,,
452,567,8,18,1104,1,,
423,444,11,42,1114,1,,
291,404,3,18,1116,1,,
291,2324,2,-7,1116,1,,
417,226,5,28,1125,1,,
162,126,12,47,1133,1,,
483,1135,8,8,1151,1,,
387,2807,2,-35,1151,1,,
0,19,12,52,1156,1,,
187,1754,4,52,1163,1,,
472,949,8,-40,1165,1,,
39,44,1,47,1166,1,,
410,93,9,-69,1189,1,,
410,96,8,-69,1189,1,,
273,243,6,49,1199,1,,
107,1306,2,-69,1203,1,,
173,153,11,10,1209,1,,
408,35,9,-13,1212,1,,
261,2167,2,10,1214,1,,
411,93,10,-59,1218,1,,
450,535,4,-13,1221,1,,
414,154,8,10,1225,1,,
300,26,8,-85,1237,1,,
1,9,8,-59,1238,1,,
457,658,4,18,1246,1,,
211,1888,4,43,1256,1,,
456,655,10,-35,1259,1,,
409,84,4,-13,1272,1,,
256,233,6,41,1273,1,,
466,840,8,-59,1285,1,,
274,378,10,-88,1287,1,,
393,472,2,18,1299,1,,
443,380,6,-69,1306,1,,
443,370,10,-59,1306,1,,
419,267,4,55,1309,1,,
438,218,7,-69,1317,1,,
455,629,5,8,1317,1,,
179,1716,4,21,1317,1,,
179,160,6,-88,1317,1,,
326,520,5,-85,1325,1,,
449,500,10,37,1341,1,,
199,144,10,39,1347,1,,
418,232,1,48,1351,1,,
439,273,10,32,1371,1,,
407,40,8,-75,1376,1,,
459,711,9,39,1382,1,,
2,9,9,37,1389,1,,
483,1128,4,48,1390,1,,
480,1091,6,-88,1391,1,,
433,990,7,37,1400,1,,
3,37,6,39,1406,1,,
413,137,7,39,1416,1,,
412,99,6,50,1424,1,,
412,105,2,37,1424,1,,
388,198,2,41,1428,1,,
388,199,2,-85,1428,1,,
388,94,4,39,1428,1,,
0,51,6,68,1435,1,,
440,299,7,54,1439,1,,
384,18,6,-98,1445,1,,
273,275,6,39,1449,1,,
181,1723,2,1,1453,1,,
408,35,9,37,1458,1,,
467,856,7,1,1467,1,,
257,383,6,37,1467,1,,
110,1322,8,22,1484,1,,
198,81,5,37,1494,1,,
457,675,7,56,1494,1,,
368,2726,3,22,1500,1,,
414,155,3,-88,1509,1,,
414,158,3,39,1509,1,,
128,45,8,70,1512,1,,
290,381,6,37,1512,1,,
40,29,2,22,1516,1,,
472,953,1,70,1519,1,,
286,2299,2,39,1533,1,,
286,2,4,-38,1533,1,,
104,270,8,62,1535,1,,
385,32,8,58,1539,1,,
200,223,5,-38,1542,1,,
225,25,8,62,1550,1,,
162,14,6,54,1559,1,,
366,338,6,78,1560,1,,
443,384,10,37,1565,1,,
443,374,10,37,1565,1,,
441,323,3,36,1574,1,,
449,504,12,-98,1581,1,,
482,1119,4,54,1584,1,,
382,17,6,53,1591,1,,
407,40,10,39,1602,1,,
439,253,7,-88,1613,1,,
456,642,3,-83,1616,1,,
426,618,3,-88,1619,1,,
425,550,5,66,1627,1,,
258,296,2,36,1631,1,,
319,0,6,71,1633,1,,
412,122,4,-2,1643,1,,
318,545,4,62,1655,1,,
386,73,5,71,1657,1,,
386,55,12,71,1657,1,,
321,2480,2,-38,1662,1,,
480,1095,6,71,1666,1,,
227,1984,3,-83,1672,1,,
483,1128,10,1,1674,1,,
184,1740,2,-59,1676,1,,
187,1754,2,-61,1689,1,,
467,855,10,-2,1692,1,,
152,1562,1,-45,1695,1,,
420,303,2,-38,1701,1,,
224,23,8,-45,1707,1,,
129,1,3,31,1713,1,,
189,1764,2,-45,1717,1,,
228,1986,2,37,1737,1,,
228,240,10,69,1737,1,,
201,185,2,79,1738,1,,
139,50,3,79,1750,1,,
411,106,12,79,1767,1,,
182,113,7,87,1773,1,,
289,2,8,-86,1773,1,,
288,2,1,72,1776,1,,
98,1245,8,69,1784,1,,
479,3205,3,87,1790,1,,
290,128,10,-27,1791,1,,
88,3182,2,-61,1795,1,,
475,1008,8,-27,1804,1,,
421,300,10,-94,1818,1,,
460,722,5,-86,1826,1,,
449,508,10,-61,1834,1,,
193,228,11,-49,1834,1,,
244,284,8,80,1845,1,,
192,160,8,88,1847,1,,
247,193,2,-61,1850,1,,
450,518,3,-27,1852,1,,
456,647,1,-85,1856,1,,
104,1284,5,31,1871,1,,
338,6,10,-91,1885,1,,
412,101,8,-94,1891,1,,
140,43,10,-49,1896,1,,
140,170,8,-29,1896,1,,
183,113,12,-91,1902,1,,
102,1273,10,-16,1915,1,,
77,58,5,16,1918,1,,
77,3,6,16,1918,1,,
77,24,5,16,1918,1,,
422,308,7,92,1921,1,,
339,136,6,-46,1937,1,,
339,85,10,-46,1937,1,,
439,251,7,55,1938,1,,
439,261,8,22,1938,1,,
78,7,6,80,1951,1,,
78,2666,4,-46,1951,1,,
385,73,4,-49,1960,1,,
385,55,12,16,1960,1,,
369,452,2,87,1965,1,,
369,338,8,-78,1965,1,,
384,32,8,57,1974,1,,
282,20,8,-78,1983,1,,
420,303,10,-29,1990,1,,
387,146,9,-46,1995,1,,
280,470,8,7,1998,1,,
288,2309,3,3,2004,1,,
134,110,4,-49,2008,1,,
134,107,8,-3,2008,1,,
225,25,6,7,2013,1,,
411,99,5,7,2021,1,,
378,1047,10,-49,2025,1,,
340,287,8,-78,2036,1,,
423,414,7,57,2038,1,,
409,74,6,-91,2046,1,,
358,1037,9,98,2048,1,,
415,173,8,-3,2052,1,,
320,0,8,44,2059,1,,
360,11,3,44,2065,1,,
484,1147,6,-91,2079,1,,
445,413,8,98,2100,1,,
449,500,7,-16,2107,1,,
461,751,7,45,2111,1,,
421,368,4,16,2114,1,,
421,293,8,89,2114,1,,
440,314,5,80,2116,1,,
450,523,8,88,2123,1,,
469,888,5,-46,2124,1,,
412,101,6,44,2134,1,,
442,355,5,16,2135,1,,
442,356,11,89,2135,1,,
460,725,10,16,2149,1,,
75,62,3,-78,2157,1,,
262,2172,2,-78,2162,1,,
162,14,3,-46,2167,1,,
441,343,10,103,2176,1,,
321,61,7,-97,2184,1,,
416,167,9,103,2189,1,,
42,82,8,97,2197,1,,
383,42,8,94,2201,1,,
268,2200,2,-78,2202,1,,
422,2957,2,38,2205,1,,
217,1922,4,16,2212,1,,
217,181,3,94,2212,1,,
425,581,6,94,2222,1,,
305,2396,2,-91,2225,1,,
128,177,1,53,2231,1,,
388,176,6,94,2233,1,,
458,687,1,-78,2235,1,,
306,346,2,95,2243,1,,
188,184,6,16,2245,1,,
44,1279,6,16,2256,1,,
443,370,1,-61,2260,1,,
299,78,4,83,2267,1,,
411,111,10,16,2294,1,,
411,108,4,-29,2294,1,,
445,413,10,45,2296,1,,
439,280,5,-96,2304,1,,
338,2570,2,-96,2308,1,,
413,122,5,-96,2316,1,,
154,1572,3,-96,2322,1,,
233,420,1,-96,2329,1,,
233,2012,3,-96,2329,1,,
264,183,5,89,2334,1,,
292,2328,1,-91,2343,1,,
229,95,8,64,2346,1,,
40,5,6,86,2362,1,,
461,743,9,-19,2368,1,,
461,752,6,100,2368,1,,
437,179,4,-3,2369,1,,
449,512,1,-96,2374,1,,
253,2119,3,89,2379,1,,
451,559,3,57,2385,1,,
475,1001,4,-29,2392,1,,
421,368,12,106,2392,1,,
289,229,10,86,2393,1,,
481,1103,8,86,2404,1,,
482,1123,3,-31,2410,1,,
419,283,2,89,2415,1,,
469,898,8,-97,2418,1,,
459,715,2,-29,2419,1,,
386,80,3,-31,2420,1,,
265,33,2,-71,2424,1,,
339,136,2,94,2460,1,,
41,29,12,111,2461,1,,
441,343,6,61,2470,1,,
254,2124,1,16,2477,1,,
418,2941,4,5,2477,1,,
139,50,8,113,2492,1,,
75,7,2,61,2495,1,,
75,62,10,-34,2495,1,,
75,29,1,-37,2495,1,,
11,2231,1,-49,2496,1,,
477,1040,8,85,2503,1,,
320,61,5,113,2512,1,,
285,2,11,-34,2517,1,,
285,211,6,-34,2517,1,,
411,105,2,-96,2525,1,,
0,19,4,85,2532,1,,
445,423,10,85,2546,1,,
387,73,8,-34,2547,1,,
387,171,7,109,2547,1,,
261,327,8,117,2558,1,,
163,10,10,118,2560,1,,
443,380,5,-34,2565,1,,
443,380,8,61,2565,1,,
412,105,7,118,2589,1,,
412,102,9,93,2589,1,,
415,169,8,101,2592,1,,
273,243,10,109,2598,1,,
416,187,4,117,2599,1,,
171,1669,2,77,2605,1,,
171,10,10,77,2605,1,,
396,640,8,101,2610,1,,
410,76,1,108,2614,1,,
474,980,12,-34,2615,1,,
479,1078,11,119,2621,1,,
409,70,9,101,2627,1,,
296,2347,2,109,2628,1,,
296,404,7,124,2628,1,,
437,164,6,-71,2636,1,,
164,10,5,93,2640,1,,
164,65,7,27,2640,1,,
394,528,8,76,2648,1,,
467,857,4,91,2655,1,,
282,38,6,-37,2661,1,,
282,2,4,-37,2661,1,,
448,495,12,27,2671,1,,
482,1121,10,5,2677,1,,
440,299,9,-9,2679,1,,
481,1107,9,-31,2690,1,,
386,72,10,124,2704,1,,
298,15,10,119,2715,1,,
436,1142,9,-9,2727,1,,
2,28,8,119,2727,1,,
486,1184,9,-34,2735,1,,
358,11,10,27,2741,1,,
459,721,6,-9,2741,1,,
75,29,6,109,2752,1,,
75,62,6,109,2752,1,,
469,898,9,77,2754,1,,
1,37,8,-37,2763,1,,
168,1653,3,63,2764,1,,
389,236,10,93,2768,1,,
170,1664,2,59,2771,1,,
438,237,8,-34,2775,1,,
411,108,7,27,2788,1,,
411,102,8,133,2788,1,,
441,332,8,-34,2790,1,,
305,212,2,91,2798,1,,
163,1621,10,119,2802,1,,
390,210,8,90,2814,1,,
451,557,8,-34,2814,1,,
102,1272,1,118,2823,1,,
102,47,5,77,2823,1,,
449,503,6,-31,2828,1,,
457,664,7,120,2837,1,,
385,42,4,120,2853,1,,
385,31,8,136,2853,1,,
415,169,5,27,2857,1,,
384,32,6,122,2863,1,,
410,74,8,91,2878,1,,
326,459,5,-37,2894,1,,
387,94,6,136,2896,1,,
387,55,7,130,2896,1,,
109,1317,4,-34,2904,1,,
109,115,2,-34,2904,1,,
423,422,6,136,2905,1,,
266,2191,4,130,2912,1,,
448,486,10,-68,2914,1,,
115,1347,3,109,2914,1,,
115,115,4,125,2914,1,,
444,397,5,77,2922,1,,
58,1706,2,-37,2931,1,,
58,4,10,145,2931,1,,
409,74,4,27,2932,1,,
409,1132,3,27,2932,1,,
348,680,5,-34,2939,1,,
425,550,4,93,2939,1,,
424,477,12,115,2943,1,,
98,1245,6,145,2950,1,,
360,60,5,-37,2960,1,,
188,1760,4,77,2979,1,,
353,746,4,133,2986,1,,
367,435,4,61,2990,1,,
420,283,4,77,2993,1,,
440,282,10,63,2996,1,,
440,292,9,59,2996,1,,
440,295,7,122,2996,1,,
416,161,5,115,3004,1,,
124,1404,3,130,3010,1,,
407,66,4,109,3014,1,,
192,1779,2,109,3018,1,,
266,-1,-1,-999,3023,2,v14_piggyback,2.0,2912,111
411,97,4,148,3037,1,,
112,1335,2,136,3042,1,,
150,1551,1,91,3050,1,,
476,1014,12,-64,3055,1,,
487,1194,3,-37,3059,1,,
370,529,1,59,3066,1,,
180,160,7,-64,3073,1,,
180,139,6,110,3073,1,,
408,56,2,104,3077,1,,
299,57,7,-95,3087,1,,
401,811,12,110,3089,1,,
393,2830,2,111,3092,1,,
291,2322,2,77,3094,1,,
102,1273,10,-64,3113,1,,
102,8,4,-64,3113,1,,
359,2688,2,109,3121,1,,
359,11,12,-95,3121,1,,
410,70,12,-64,3129,1,,
415,175,10,-64,3143,1,,
77,58,8,-10,3148,1,,
486,1174,8,-64,3155,1,,
85,8,10,156,3163,1,,
448,499,8,138,3166,1,,
74,5,6,-95,3174,1,,
74,2364,2,-10,3174,1,,
59,7,8,147,3186,1,,
236,2028,2,128,3186,1,,
166,126,6,132,3188,1,,
166,1640,10,132,3188,1,,
300,124,6,-10,3195,1,,
338,202,8,128,3198,1,,
425,519,12,110,3205,1,,
378,1024,5,151,3206,1,,
102,-1,-1,-999,3221,2,v14_piggyback,1.0,3113,108
128,39,2,128,3226,1,,
128,39,5,151,3226,1,,
128,1,8,128,3226,1,,
442,355,6,147,3235,1,,
210,231,2,128,3238,1,,
210,260,6,128,3238,1,,
230,95,10,131,3255,1,,
461,761,6,-10,3263,1,,
139,43,7,159,3267,1,,
420,300,7,135,3270,1,,
367,392,11,14,3285,1,,
124,1401,5,-95,3301,1,,
409,84,12,96,3304,1,,
290,229,6,-64,3310,1,,
112,1335,8,-95,3313,1,,
379,1047,6,-64,3320,1,,
234,95,8,96,3322,1,,
234,131,4,158,3322,1,,
0,9,10,166,3327,1,,
451,548,7,-64,3330,1,,
462,764,11,14,3340,1,,
438,218,4,135,3340,1,,
1,28,10,65,3341,1,,
384,42,6,-64,3349,1,,
283,38,4,147,3360,1,,
283,128,5,65,3360,1,,
447,469,5,135,3362,1,,
129,1,3,-64,3368,1,,
440,292,9,166,3380,1,,
284,128,10,143,3388,1,,
214,286,8,65,3392,1,,
326,451,12,158,3400,1,,
465,837,6,65,3401,1,,
358,12,3,135,3409,1,,
340,2582,3,-64,3432,1,,
140,130,3,96,3435,1,,
140,170,8,158,3435,1,,
460,729,9,14,3448,1,,
43,1275,6,65,3451,1,,
411,108,9,158,3461,1,,
50,4,5,65,3464,1,,
194,1789,2,132,3472,1,,
404,1026,10,96,3475,1,,
330,2532,2,93,3478,1,,
442,359,4,129,3478,1,,
442,344,6,121,3478,1,,
395,603,3,166,3484,1,,
366,335,10,177,3489,1,,
418,2939,2,-10,3497,1,,
365,194,12,105,3505,1,,
298,759,2,121,3507,1,,
243,2064,2,93,3517,1,,
338,6,6,96,3517,1,,
338,298,2,14,3517,1,,
396,603,2,93,3525,1,,
128,141,7,158,3527,1,,
461,750,7,158,3538,1,,
237,2033,2,27,3540,1,,
443,385,6,96,3547,1,,
280,2268,2,77,3552,1,,
444,391,2,-64,3566,1,,
417,226,6,187,3570,1,,
452,568,1,93,3577,1,,
51,4,5,187,3578,1,,
320,196,2,-10,3583,1,,
171,1668,2,-10,3587,1,,
429,817,2,121,3598,1,,
438,206,7,173,3613,1,,
462,772,7,-17,3618,1,,
462,783,10,158,3618,1,,
274,243,6,137,3625,1,,
104,1287,6,96,3630,1,,
242,163,6,163,3639,1,,
100,1262,6,96,3639,1,,
187,1756,2,156,3651,1,,
98,1246,2,137,3654,1,,
386,127,9,167,3667,1,,
173,153,5,165,3668,1,,
407,35,5,128,3671,1,,
388,199,4,14,3678,1,,
416,189,8,181,3679,1,,
283,2284,2,93,3680,1,,
419,263,5,158,3686,1,,
261,221,1,-95,3687,1,,
261,2164,4,181,3687,1,,
156,1578,4,105,3693,1,,
442,355,2,27,3705,1,,
321,91,1,194,3709,1,,
322,0,4,158,3731,1,,
288,20,8,193,3733,1,,
423,477,2,158,3735,1,,
348,589,4,14,3742,1,,
413,143,1,77,3749,1,,
180,1721,1,168,3749,1,,
440,314,4,158,3749,1,,
257,296,8,155,3763,1,,
298,26,4,155,3770,1,,
1,19,11,140,3801,1,,
463,795,4,140,3808,1,,
210,1878,2,158,3812,1,,
273,275,12,150,3812,1,,
387,168,6,168,3817,1,,
445,432,12,141,3831,1,,
425,536,2,14,3832,1,,
403,977,2,46,3836,1,,
0,37,6,185,3844,1,,
0,51,7,185,3844,1,,
452,3089,2,137,3845,1,,
452,575,7,165,3845,1,,
417,189,7,167,3855,1,,
414,134,8,141,3859,1,,
343,473,11,150,3876,1,,
243,2066,2,141,3883,1,,
214,1905,2,96,3888,1,,
206,1856,2,141,3890,1,,
438,238,6,96,3901,1,,
385,55,5,185,3906,1,,
188,184,10,-72,3906,1,,
95,1226,2,177,3907,1,,
279,2264,2,128,3914,1,,
422,402,6,188,3927,1,,
282,36,9,-72,3936,1,,
282,2,8,184,3936,1,,
44,1275,12,146,3937,1,,
44,46,6,195,3937,1,,
378,2767,2,96,3938,1,,
389,176,8,184,3950,1,,
39,44,5,191,3955,1,,
39,28,8,191,3955,1,,
441,328,2,158,3959,1,,
215,181,8,191,3970,1,,
155,1576,8,82,3973,1,,
102,1270,1,-17,3974,1,,
386,127,11,140,3985,1,,
449,513,7,195,3996,1,,
442,353,2,14,3999,1,,
391,309,6,184,4007,1,,
384,34,8,146,4008,1,,
320,0,10,195,4028,1,,
448,484,7,196,4035,1,,
437,186,6,191,4037,1,,
315,804,8,-72,4041,1,,
400,742,1,158,4054,1,,
264,183,9,153,4055,1,,
201,1831,7,195,4065,1,,
2,30,10,205,4066,1,,
2,28,4,81,4066,1,,
399,685,6,196,4092,1,,
109,110,3,81,4092,1,,
109,141,9,-25,4092,1,,
109,8,8,-55,4092,1,,
274,378,9,212,4104,1,,
412,106,10,170,4119,1,,
283,2,6,153,4120,1,,
407,2894,2,196,4123,1,,
390,198,3,82,4126,1,,
390,2819,4,205,4126,1,,
390,188,8,81,4126,1,,
390,247,12,81,4126,1,,
193,67,10,205,4144,1,,
193,1785,3,-25,4144,1,,
229,321,5,191,4147,1,,
76,24,5,185,4155,1,,
467,867,8,212,4160,1,,
438,206,7,195,4171,1,,
142,170,6,205,4171,1,,
142,50,4,81,4171,1,,
142,50,10,-25,4171,1,,
170,1660,3,152,4179,1,,
170,192,9,152,4179,1,,
162,126,4,191,4186,1,,
154,1571,9,-55,4194,1,,
154,16,6,-55,4194,1,,
408,1117,6,170,4197,1,,
408,66,7,152,4197,1,,
0,30,4,153,4198,1,,
326,520,3,205,4214,1,,
326,389,6,81,4214,1,,
326,448,4,-25,4214,1,,
337,6,4,204,4214,1,,
230,1998,3,152,4216,1,,
230,420,11,218,4216,1,,
284,38,5,-25,4232,1,,
284,128,7,-25,4232,1,,
158,151,11,218,4244,1,,
215,214,3,139,4245,1,,
475,993,10,-25,4248,1,,
382,17,4,153,4254,1,,
86,8,11,152,4260,1,,
367,2719,3,195,4262,1,,
389,210,10,-25,4265,1,,
438,-1,-1,-999,4278,2,v14_piggyback,1.0,4171,107
358,49,9,81,4280,1,,
411,99,8,202,4281,1,,
411,102,7,221,4281,1,,
469,900,8,81,4305,1,,
417,222,2,204,4306,1,,
464,3138,2,139,4310,1,,
418,225,6,170,4311,1,,
418,226,4,152,4311,1,,
448,494,9,152,4329,1,,
391,309,9,-55,4329,1,,
413,142,4,-72,4340,1,,
413,137,2,176,4340,1,,
441,331,8,170,4340,1,,
44,1279,7,152,4351,1,,
387,127,1,140,4351,1,,
347,544,4,-72,4359,1,,
347,2622,2,81,4359,1,,
282,27,7,152,4364,1,,
282,20,2,218,4364,1,,
420,300,6,-25,4368,1,,
190,1772,2,146,4370,1,,
229,321,7,201,4382,1,,
1,46,4,-25,4382,1,,
463,795,2,209,4385,1,,
59,7,6,192,4391,1,,
455,632,6,-55,4392,1,,
274,278,2,-25,4400,1,,
274,275,3,-55,4400,1,,
135,1462,1,14,4400,1,,
135,1465,5,152,4400,1,,
461,748,7,152,4411,1,,
298,26,4,-25,4411,1,,
388,127,5,222,4431,1,,
165,1634,2,222,4436,1,,
242,163,8,222,4447,1,,
60,1755,2,222,4452,1,,
444,410,6,152,4462,1,,
50,4,2,223,4470,1,,
438,206,4,195,4477,1,,
234,131,4,-72,4477,1,,
184,1740,3,-55,4483,1,,
464,815,12,209,4493,1,,
358,49,3,162,4493,1,,
0,46,8,216,4498,1,,
122,1391,2,223,4498,1,,
451,558,5,218,4506,1,,
299,26,4,170,4513,1,,
134,1459,2,-55,4515,1,,
377,2764,3,-72,4522,1,,
421,293,2,152,4525,1,,
421,369,1,218,4525,1,,
61,7,3,214,4531,1,,
128,1,2,179,4541,1,,
128,89,4,172,4541,1,,
374,895,4,142,4542,1,,
417,232,7,222,4552,1,,
395,556,2,-55,4558,1,,
52,44,8,217,4566,1,,
52,1491,6,217,4566,1,,
467,855,3,152,4572,1,,
418,219,2,-55,4575,1,,
448,495,4,176,4584,1,,
414,155,8,231,4590,1,,
470,906,6,217,4608,1,,
224,240,2,162,4609,1,,
338,85,6,172,4614,1,,
190,1769,1,40,4617,1,,
420,293,10,231,4630,1,,
251,2109,2,205,4631,1,,
172,1670,2,205,4637,1,,
463,791,8,222,4645,1,,
183,1735,2,162,4647,1,,
261,327,6,231,4654,1,,
339,136,12,243,4662,1,,
423,477,8,210,4674,1,,
424,532,1,162,4674,1,,
292,2327,4,171,4676,1,,
192,160,3,210,4680,1,,
408,48,2,219,4696,1,,
229,95,3,239,4697,1,,
439,262,3,217,4706,1,,
193,224,3,245,4708,1,,
438,227,6,233,4717,1,,
451,552,2,184,4726,1,,
444,391,7,217,4727,1,,
444,401,3,171,4727,1,,
290,381,4,224,4734,1,,
419,283,8,208,4746,1,,
225,286,4,238,4749,1,,
464,801,8,172,4750,1,,
343,2601,3,217,4752,1,,
384,18,3,157,4758,1,,
427,620,5,157,4772,1,,
321,0,5,226,4772,1,,
256,471,2,203,4777,1,,
454,624,3,152,4783,1,,
194,1791,2,231,4787,1,,
0,1232,2,217,4792,1,,
437,1196,10,226,4800,1,,
411,105,1,226,4804,1,,
417,203,8,250,4817,1,,
448,498,6,217,4826,1,,
158,75,5,250,4828,1,,
320,196,4,246,4832,1,,
70,2140,2,171,4846,1,,
383,17,12,250,4847,1,,
40,29,6,112,4858,1,,
241,193,4,250,4859,1,,
139,43,10,230,4875,1,,
322,0,10,112,4882,1,,
420,246,5,238,4883,1,,
195,228,5,112,4890,1,,
435,1067,2,217,4895,1,,
341,2587,2,216,4906,1,,
149,1542,2,206,4908,1,,
424,444,7,219,4915,1,,
423,493,9,239,4922,1,,
463,784,6,245,4924,1,,
323,0,7,242,4935,1,,
136,147,12,258,4937,1,,
77,58,4,258,4944,1,,
438,238,8,112,4946,1,,
141,1498,2,208,4949,1,,
444,401,2,-25,4950,1,,
444,394,8,250,4950,1,,
451,553,4,157,4957,1,,
344,534,4,258,4958,1,,
243,163,7,260,4961,1,,
243,318,4,260,4961,1,,
359,11,8,254,4973,1,,
242,59,12,259,4978,1,,
1,3,9,254,4986,1,,
470,918,6,260,4987,1,,
59,7,6,255,4996,1,,
427,2978,4,51,4998,1,,
346,2616,4,255,5003,1,,
437,179,8,228,5019,1,,
437,179,8,260,5019,1,,
422,407,12,247,5025,1,,
453,585,4,242,5026,1,,
2,51,10,249,5029,1,,
446,445,10,247,5039,1,,
394,478,4,242,5049,1,,
244,64,7,247,5050,1,,
164,1629,4,-33,5057,1,,
362,156,2,-33,5061,1,,
3,51,7,178,5062,1,,
140,1493,4,112,5079,1,,
158,192,6,263,5081,1,,
479,1072,3,-33,5087,1,,
338,287,2,-33,5092,1,,
439,257,11,35,5105,1,,
450,517,11,35,5120,1,,
358,12,11,60,5121,1,,
358,952,6,60,5121,1,,
437,-1,-1,-999,5130,2,v14_piggyback,1.0,5019,111
416,161,10,248,5138,1,,
476,1018,12,60,5138,1,,
264,103,4,249,5154,1,,
264,327,8,60,5154,1,,
251,59,10,35,5155,1,,
265,33,8,225,5166,1,,
320,196,10,35,5170,1,,
363,121,11,169,5172,1,,
429,817,6,178,5175,1,,
128,1,5,35,5178,1,,
384,34,6,60,5185,1,,
282,2,8,268,5189,1,,
438,248,12,254,5203,1,,
444,409,2,246,5209,1,,
444,396,3,35,5209,1,,
418,234,5,257,5211,1,,
451,559,4,60,5218,1,,
174,1686,4,255,5225,1,,
425,566,12,211,5225,1,,
283,77,9,266,5234,1,,
339,109,8,198,5237,1,,
129,141,8,266,5245,1,,
332,792,8,198,5249,1,,
134,130,4,35,5259,1,,
364,119,8,211,5261,1,,
360,11,3,257,5264,1,,
468,877,4,112,5266,1,,
221,1944,4,112,5284,1,,
198,1817,2,169,5291,1,,
198,67,5,268,5291,1,,
372,754,3,60,5309,1,,
446,433,9,-33,5316,1,,
446,454,10,268,5316,1,,
453,598,12,248,5319,1,,
296,2348,2,60,5326,1,,
0,41,6,268,5326,1,,
0,37,1,234,5326,1,,
274,434,6,211,5335,1,,
233,2015,2,35,5340,1,,
422,402,6,198,5345,1,,
439,280,8,235,5352,1,,
333,865,6,234,5354,1,,
454,608,2,183,5356,1,,
183,1732,3,35,5358,1,,
466,849,6,198,5363,1,,
64,1892,3,235,5363,1,,
428,736,6,213,5367,1,,
417,203,4,279,5374,1,,
471,935,1,60,5377,1,,
412,122,8,227,5389,1,,
158,75,7,227,5407,1,,
245,2079,2,227,5412,1,,
200,1825,3,169,5440,1,,
440,311,5,211,5449,1,,
381,2780,2,242,5450,1,,
427,620,7,227,5452,1,,
467,860,2,259,5460,1,,
420,2948,4,206,5460,1,,
435,3012,2,263,5470,1,,
418,232,10,227,5470,1,,
282,2277,3,259,5471,1,,
272,2223,2,169,5474,1,,
409,87,2,266,5483,1,,
445,419,2,248,5492,1,,
223,1956,1,227,5493,1,,
472,948,1,112,5494,1,,
229,1991,2,198,5504,1,,
444,405,3,257,5516,1,,
221,1948,2,149,5530,1,,
275,434,10,278,5540,1,,
224,181,10,271,5542,1,,
338,287,6,278,5551,1,,
410,79,10,286,5551,1,,
151,16,4,278,5558,1,,
468,879,2,116,5563,1,,
199,165,2,237,5567,1,,
453,583,11,178,5593,1,,
215,83,6,241,5593,1,,
215,1910,2,241,5593,1,,
19,1361,2,241,5603,1,,
19,37,4,241,5603,1,,
389,264,8,277,5606,1,,
446,437,2,116,5607,1,,
425,581,7,281,5613,1,,
455,635,6,99,5616,1,,
362,156,6,241,5623,1,,
371,673,8,99,5628,1,,
216,23,7,277,5651,1,,
216,339,9,99,5651,1,,
397,621,6,144,5654,1,,
397,669,12,144,5654,1,,
466,848,3,116,5660,1,,
439,274,6,227,5663,1,,
487,1189,5,99,5673,1,,
288,27,3,99,5681,1,,
201,260,10,144,5687,1,,
321,0,6,144,5707,1,,
321,0,6,262,5707,1,,
50,1442,11,-44,5709,1,,
50,9,10,-44,5709,1,,
259,2151,2,277,5715,1,,
423,479,8,272,5718,1,,
411,93,7,281,5719,1,,
387,55,5,283,5735,1,,
387,55,6,-44,5735,1,,
419,285,11,229,5736,1,,
162,1618,5,256,5741,1,,
305,256,8,294,5746,1,,
470,918,8,229,5771,1,,
451,558,4,301,5776,1,,
409,74,10,241,5776,1,,
409,86,6,-44,5776,1,,
315,804,8,229,5783,1,,
51,4,9,283,5789,1,,
463,796,7,144,5794,1,,
368,447,9,303,5810,1,,
417,215,10,114,5810,1,,
313,480,5,220,5813,1,,
313,735,9,261,5813,1,,
172,151,8,283,5825,1,,
172,1673,2,114,5825,1,,
453,583,7,99,5825,1,,
197,1809,2,303,5830,1,,
298,54,1,277,5833,1,,
410,74,8,262,5833,1,,
445,426,12,294,5844,1,,
320,196,4,303,5845,1,,
468,877,11,144,5849,1,,
246,59,8,294,5860,1,,
246,279,2,114,5860,1,,
216,1915,2,19,5875,1,,
474,972,10,114,5876,1,,
466,854,10,262,5886,1,,
139,50,6,272,5895,1,,
439,268,5,301,5897,1,,
303,2386,3,281,5908,1,,
303,124,6,186,5908,1,,
322,61,10,308,5909,1,,
455,633,10,256,5911,1,,
446,454,3,255,5918,1,,
99,1251,6,229,5918,1,,
372,2741,2,262,5923,1,,
292,2330,2,272,5928,1,,
480,1085,2,261,5941,1,,
124,1401,4,241,5947,1,,
124,89,1,114,5947,1,,
124,1,3,114,5947,1,,
457,664,9,186,5960,1,,
411,93,1,99,5968,1,,
343,424,7,114,5970,1,,
452,565,7,114,5985,1,,
76,24,8,273,5987,1,,
173,1677,1,211,5991,1,,
442,348,8,-44,5996,1,,
464,809,7,-44,6007,1,,
1,51,6,300,6016,1,,
214,339,6,114,6026,1,,
395,570,7,307,6028,1,,
259,2153,3,306,6034,1,,
237,2037,2,307,6038,1,,
371,591,7,273,6044,1,,
182,191,5,186,6058,1,,
225,25,6,313,6059,1,,
425,550,6,114,6069,1,,
412,106,10,307,6073,1,,
299,26,5,274,6081,1,,
93,13,10,315,6085,1,,
174,153,2,307,6085,1,,
298,2360,3,287,6091,1,,
479,1075,5,294,6093,1,,
229,123,7,320,6102,1,,
164,151,10,321,6113,1,,
164,1626,10,321,6113,1,,
101,1265,4,320,6114,1,,
291,291,6,315,6123,1,,
478,1063,8,315,6134,1,,
389,242,5,321,6142,1,,
55,63,4,114,6148,1,,
376,982,4,241,6155,1,,
435,1065,8,84,6164,1,,
435,1088,8,84,6164,1,,
306,393,3,114,6179,1,,
447,476,12,84,6180,1,,
254,2127,3,114,6185,1,,
272,2225,4,267,6191,1,,
465,835,12,73,6197,1,,
382,17,10,324,6209,1,,
290,336,9,314,6210,1,,
230,321,4,323,6211,1,,
231,123,5,269,6219,1,,
408,40,9,84,6222,1,,
441,331,2,241,6223,1,,
300,15,4,267,6229,1,,
411,101,5,114,6231,1,,
384,1197,2,281,6236,1,,
193,1785,3,267,6236,1,,
450,521,8,84,6249,1,,
318,2465,2,274,6259,1,,
247,193,4,269,6262,1,,
198,1818,2,267,6269,1,,
198,184,5,317,6269,1,,
85,8,8,84,6280,1,,
264,90,9,304,6282,1,,
385,53,8,333,6293,1,,
353,744,8,236,6294,1,,
438,218,4,304,6301,1,,
439,268,2,306,6310,1,,
299,2366,4,84,6314,1,,
299,124,6,73,6314,1,,
443,386,6,84,6324,1,,
390,245,6,73,6333,1,,
259,2151,2,-44,6339,1,,
138,1482,1,283,6343,1,,
478,1053,7,84,6343,1,,
179,294,8,236,6349,1,,
436,1144,1,241,6349,1,,
410,84,7,314,6354,1,,
261,327,6,236,6359,1,,
463,784,6,314,6363,1,,
366,338,6,73,6372,1,,
180,224,6,335,6378,1,,
482,1115,4,273,6379,1,,
265,33,4,314,6386,1,,
134,130,9,329,6402,1,,
440,292,2,236,6407,1,,
209,1871,4,314,6412,1,,
447,481,5,114,6420,1,,
290,2318,1,267,6424,1,,
231,2001,2,154,6435,1,,
411,106,2,307,6438,1,,
161,1609,2,318,6442,1,,
472,941,4,321,6445,1,,
441,324,12,269,6456,1,,
446,436,4,318,6461,1,,
407,66,4,292,6467,1,,
163,10,4,343,6467,1,,
473,955,9,-48,6469,1,,
241,2054,2,315,6471,1,,
314,2443,2,84,6479,1,,
51,1464,8,334,6485,1,,
337,6,4,334,6492,1,,
414,158,2,292,6500,1,,
440,-1,-1,-999,6518,2,v14_piggyback,1.0,6407,111
38,63,12,336,6526,1,,
38,41,6,336,6526,1,,
387,176,1,314,6537,1,,
388,176,2,339,6543,1,,
39,37,6,328,6547,1,,
39,3,4,328,6547,1,,
39,63,6,328,6547,1,,
408,48,5,270,6551,1,,
174,1685,2,334,6551,1,,
261,2162,3,298,6553,1,,
257,2139,4,270,6564,1,,
475,1007,10,328,6566,1,,
0,30,10,332,6599,1,,
256,233,6,330,6600,1,,
451,542,4,330,6607,1,,
268,162,4,328,6609,1,,
268,2204,2,291,6609,1,,
413,142,10,264,6612,1,,
454,612,6,332,6618,1,,
291,336,8,330,6620,1,,
418,241,8,264,6624,1,,
76,47,5,337,6628,1,,
353,2656,2,330,6632,1,,
332,697,4,189,6633,1,,
332,792,7,276,6633,1,,
416,173,8,264,6636,1,,
447,466,4,182,6654,1,,
283,36,12,290,6657,1,,
464,816,8,290,6669,1,,
415,161,8,347,6680,1,,
128,110,9,276,6680,1,,
463,794,8,290,6680,1,,
275,2243,4,338,6687,1,,
129,1,5,290,6689,1,,
354,720,8,290,6701,1,,
419,239,11,20,6708,1,,
412,122,8,276,6736,1,,
420,263,8,302,6742,1,,
130,1,4,284,6743,1,,
440,292,6,236,6750,1,,
440,295,9,295,6750,1,,
440,288,6,318,6750,1,,
483,1133,6,276,6752,1,,
156,1578,5,189,6760,1,,
108,45,3,302,6761,1,,
108,8,11,331,6761,1,,
441,325,5,332,6772,1,,
441,343,3,291,6772,1,,
96,1233,4,189,6778,1,,
132,117,3,20,6780,1,,
132,1,11,342,6780,1,,
224,23,4,332,6785,1,,
106,1295,11,20,6795,1,,
280,2268,4,284,6802,1,,
280,470,8,123,6802,1,,
446,453,7,330,6802,1,,
446,450,6,297,6802,1,,
408,1208,4,20,6811,1,,
408,40,7,20,6811,1,,
465,821,6,297,6811,1,,
486,1181,7,123,6812,1,,
131,1,5,297,6819,1,,
320,71,5,331,6826,1,,
320,61,6,342,6826,1,,
77,62,3,297,6826,1,,
133,110,5,123,6827,1,,
395,621,7,20,6847,1,,
450,524,5,123,6862,1,,
451,542,6,337,6866,1,,
161,1609,2,12,6870,1,,
120,39,11,252,6881,1,,
120,89,9,252,6881,1,,
120,1,5,252,6881,1,,
273,277,12,252,6898,1,,
464,819,12,297,6898,1,,
139,170,10,361,6912,1,,
105,270,6,252,6915,1,,
105,1294,7,252,6915,1,,
447,469,8,-48,6924,1,,
447,457,7,334,6924,1,,
462,781,7,288,6926,1,,
348,589,10,252,6929,1,,
375,2756,4,332,6931,1,,
165,1631,3,344,6937,1,,
165,192,4,359,6937,1,,
415,169,5,338,6945,1,,
415,161,6,252,6945,1,,
474,984,3,291,6945,1,,
393,472,10,288,6952,1,,
362,121,1,282,6956,1,,
362,997,6,282,6956,1,,
360,12,4,302,6959,1,,
360,11,6,252,6959,1,,
272,2226,3,123,6962,1,,
283,2,5,282,6970,1,,
440,281,8,252,6971,1,,
321,61,2,123,6974,1,,
427,690,7,252,6999,1,,
365,335,8,252,7012,1,,
392,326,9,322,7013,1,,
441,325,11,123,7021,1,,
384,17,6,359,7025,1,,
128,45,4,282,7028,1,,
442,354,5,342,7041,1,,
361,69,6,374,7050,1,,
349,589,5,275,7052,1,,
483,1141,4,288,7052,1,,
131,1440,10,344,7068,1,,
423,474,8,374,7075,1,,
437,164,4,288,7079,1,,
467,863,4,342,7087,1,,
446,441,10,288,7095,1,,
243,59,5,252,7096,1,,
120,1379,6,-22,7105,1,,
450,523,10,282,7111,1,,
343,538,4,252,7112,1,,
383,34,10,280,7112,1,,
409,84,4,288,7121,1,,
424,477,7,350,7141,1,,
385,52,8,340,7145,1,,
385,31,9,360,7145,1,,
422,399,7,312,7152,1,,
464,810,4,288,7155,1,,
426,601,12,356,7160,1,,
129,1,3,360,7167,1,,
322,196,5,312,7174,1,,
173,153,3,20,7181,1,,
481,1098,6,312,7187,1,,
229,95,4,252,7188,1,,
487,1200,4,20,7195,1,,
439,255,6,312,7196,1,,
475,998,5,312,7204,1,,
363,220,3,356,7208,1,,
100,1263,8,102,7211,1,,
445,423,3,252,7219,1,,
358,12,5,358,7230,1,,
409,-1,-1,-999,7234,2,v14_piggyback,1.0,7121,113
466,848,4,374,7237,1,,
451,553,4,123,7244,1,,
320,71,2,352,7250,1,,
224,1968,4,123,7252,1,,
471,927,4,102,7260,1,,
201,1833,2,302,7266,1,,
201,144,5,362,7266,1,,
145,130,2,373,7273,1,,
145,1521,5,363,7273,1,,
99,1255,3,359,7287,1,,
410,84,3,288,7298,1,,
198,81,4,369,7303,1,,
384,34,2,280,7310,1,,
384,31,5,102,7310,1,,
292,2330,2,362,7314,1,,
106,1300,2,291,7318,1,,
106,115,2,358,7318,1,,
190,1773,2,280,7319,1,,
289,2,6,362,7324,1,,
415,173,2,282,7331,1,,
263,2176,2,302,7331,1,,
179,160,2,312,7335,1,,
140,1494,2,356,7350,1,,
382,18,11,387,7362,1,,
119,13,11,389,7380,1,,
230,1998,2,282,7380,1,,
242,64,1,389,7385,1,,
378,1020,2,358,7387,1,,
389,250,1,20,7391,1,,
383,31,7,312,7401,1,,
448,3072,1,252,7411,1,,
464,815,6,102,7414,1,,
461,752,2,350,7414,1,,
413,122,1,276,7426,1,,
40,29,7,351,7455,1,,
390,208,8,396,7458,1,,
58,1700,2,312,7460,1,,
64,1933,1,358,7463,1,,
182,67,11,380,7467,1,,
182,166,6,380,7467,1,,
256,259,3,385,7474,1,,
445,426,3,288,7475,1,,
141,107,5,380,7491,1,,
141,43,4,380,7491,1,,
419,252,4,341,7493,1,,
132,1445,4,371,7494,1,,
409,70,9,363,7506,1,,
391,266,10,341,7508,1,,
312,2437,3,384,7520,1,,
447,460,4,380,7527,1,,
447,467,10,285,7527,1,,
440,305,6,341,7530,1,,
416,178,4,371,7535,1,,
412,108,8,285,7541,1,,
420,285,10,384,7544,1,,
384,18,8,415,7549,1,,
439,280,7,285,7553,1,,
203,1843,2,415,7553,1,,
385,52,6,285,7564,1,,
386,168,6,285,7581,1,,
306,361,6,365,7591,1,,
387,72,7,405,7594,1,,
404,1017,8,353,7598,1,,
482,1126,1,365,7600,1,,
363,254,11,355,7613,1,,
158,192,4,285,7618,1,,
158,43,12,404,7618,1,,
340,2582,2,401,7621,1,,
0,46,8,394,7625,1,,
414,138,9,353,7638,1,,
447,-1,-1,-999,7643,2,v14_piggyback,1.0,7527,116
451,542,9,395,7648,1,,
265,90,11,353,7653,1,,
421,293,6,401,7664,1,,
200,185,10,353,7667,1,,
388,168,10,404,7677,1,,
45,1312,2,310,7681,1,,
45,9,2,310,7681,1,,
45,5,6,355,7681,1,,
130,1,6,285,7688,1,,
413,138,8,310,7693,1,,
1,3,1,377,7698,1,,
423,414,6,380,7703,1,,
423,505,2,311,7703,1,,
439,-1,-1,-999,7705,2,v14_piggyback,1.0,7553,152
326,459,12,207,7711,1,,
438,190,9,377,7726,1,,
433,990,6,311,7733,1,,
441,323,4,285,7745,1,,
441,331,2,400,7745,1,,
461,745,5,404,7756,1,,
394,514,7,355,7763,1,,
445,421,9,319,7771,1,,
445,417,8,362,7771,1,,
305,346,6,310,7772,1,,
427,679,4,285,7773,1,,
440,314,10,395,7785,1,,
282,27,4,404,7786,1,,
198,81,6,355,7787,1,,
432,907,7,-11,7799,1,,
306,366,4,285,7810,1,,
337,6,6,394,7812,1,,
431,893,4,285,7820,1,,
367,435,6,207,7822,1,,
464,820,2,364,7822,1,,
465,832,5,207,7833,1,,
482,1122,8,376,7838,1,,
384,31,4,207,7840,1,,
360,60,4,391,7851,1,,
451,546,12,377,7863,1,,
397,2848,3,417,7869,1,,
428,758,4,207,7871,1,,
386,146,6,311,7878,1,,
414,145,12,207,7888,1,,
409,86,3,311,7899,1,,
147,1531,4,394,7904,1,,
439,255,2,400,7909,1,,
368,398,3,418,7924,1,,
447,460,5,380,7932,1,,
447,464,7,409,7932,1,,
447,476,4,402,7932,1,,
392,352,3,403,7934,1,,
398,643,8,367,7936,1,,
321,61,3,311,7940,1,,
134,1458,2,402,7947,1,,
438,237,8,399,7957,1,,
438,190,8,364,7957,1,,
135,130,8,433,7962,1,,
437,140,6,416,7966,1,,
383,17,2,416,7971,1,,
200,1826,2,380,7972,1,,
200,1828,3,402,7972,1,,
338,85,1,416,7974,1,,
77,24,9,416,7988,1,,
369,392,8,200,7990,1,,
0,37,6,433,7992,1,,
412,114,3,207,7996,1,,
445,423,2,417,8000,1,,
445,425,6,417,8000,1,,
328,2521,2,429,8005,1,,
160,1602,2,394,8016,1,,
472,939,10,127,8023,1,,
79,7,6,127,8035,1,,
128,1,5,445,8047,1,,
461,743,6,386,8047,1,,
312,480,9,445,8063,1,,
413,133,7,441,8063,1,,
316,2456,2,429,8068,1,,
485,1161,2,310,8082,1,,
414,137,7,450,8092,1,,
182,139,5,436,8103,1,,
182,67,8,379,8103,1,,
129,1428,2,435,8104,1,,
198,317,5,127,8113,1,,
440,288,5,127,8124,1,,
384,17,8,416,8124,1,,
384,18,3,429,8124,1,,
459,721,11,422,8139,1,,
470,910,10,379,8140,1,,
327,459,12,422,8156,1,,
415,150,8,440,8161,1,,
183,67,11,430,8161,1,,
183,153,3,430,8161,1,,
439,274,4,310,8168,1,,
130,1435,10,15,8170,1,,
1,22,6,436,8172,1,,
435,1088,8,379,8186,1,,
438,227,3,428,8197,1,,
438,204,10,416,8197,1,,
438,249,8,15,8197,1,,
200,1828,2,207,8200,1,,
447,460,9,127,8201,1,,
95,1227,10,215,8211,1,,
453,579,8,430,8216,1,,
385,42,6,215,8220,1,,
339,85,2,440,8226,1,,
463,788,6,15,8232,1,,
340,85,3,455,8245,1,,
412,102,8,422,8252,1,,
201,185,8,379,8253,1,,
184,67,7,425,8269,1,,
3,28,12,423,8269,1,,
383,18,7,429,8272,1,,
454,3097,4,215,8279,1,,
2,51,9,456,8285,1,,
298,54,8,423,8297,1,,
338,85,7,423,8307,1,,
465,836,6,425,8319,1,,
0,3,3,458,8325,1,,
0,9,10,458,8325,1,,
131,1,4,430,8328,1,,
461,752,4,15,8344,1,,
445,419,12,285,8347,1,,
320,91,12,458,8352,1,,
485,1170,4,422,8359,1,,
416,169,4,127,8361,1,,
444,410,10,458,8366,1,,
306,376,3,215,8369,1,,
229,123,4,430,8370,1,,
413,143,8,435,8377,1,,
374,895,2,380,8393,1,,
459,707,12,174,8399,1,,
392,313,7,463,8401,1,,
414,158,2,425,8403,1,,
391,316,12,447,8416,1,,
411,101,11,438,8440,1,,
411,111,7,447,8440,1,,
438,238,2,433,8446,1,,
389,2816,1,285,8449,1,,
108,45,2,458,8449,1,,
108,3,10,463,8449,1,,
53,1501,3,215,8460,1,,
53,5,8,438,8460,1,,
437,140,4,447,8467,1,,
386,80,6,447,8476,1,,
417,197,9,461,8480,1,,
4,3,12,477,8488,1,,
4,19,7,477,8488,1,,
409,84,3,445,8506,1,,
1,30,10,471,8507,1,,
453,597,8,375,8514,1,,
95,1229,8,447,8518,1,,
441,3037,2,463,8525,1,,
441,342,10,477,8525,1,,
454,624,10,447,8532,1,,
299,26,9,477,8540,1,,
465,822,3,429,8546,1,,
439,274,6,423,8561,1,,
439,280,8,477,8561,1,,
440,281,2,445,8564,1,,
419,239,9,479,8572,1,,
282,20,7,471,8573,1,,
418,217,1,354,8575,1,,
432,901,4,468,8583,1,,
338,100,2,463,8586,1,,
338,109,5,471,8586,1,,
288,36,6,479,8592,1,,
410,76,6,458,8600,1,,
410,87,2,477,8600,1,,
420,285,8,468,8604,1,,
385,55,3,488,8611,1,,
199,144,6,458,8612,1,,
421,303,8,454,8620,1,,
126,1412,6,471,8623,1,,
459,701,9,438,8624,1,,
107,1305,4,414,8633,1,,
445,421,3,15,8635,1,,
390,208,2,443,8643,1,,
387,55,2,488,8662,1,,
193,228,7,414,8665,1,,
461,760,9,265,8677,1,,
444,405,6,420,8678,1,,
444,388,8,453,8678,1,,
172,1673,4,477,8691,1,,
117,115,7,75,8699,1,,
117,1365,2,75,8699,1,,
117,39,4,75,8699,1,,
414,142,6,463,8702,1,,
386,55,2,488,8713,1,,
108,1309,3,477,8723,1,,
289,27,3,421,8729,1,,
284,36,12,75,8732,1,,
411,106,3,423,8754,1,,
388,146,10,493,8755,1,,
388,198,3,493,8755,1,,
114,39,7,491,8756,1,,
114,13,7,486,8756,1,,
365,119,1,458,8760,1,,
365,2713,2,453,8760,1,,
360,11,6,493,8764,1,,
130,1,6,493,8773,1,,
442,3041,2,458,8773,1,,
422,341,12,75,8780,1,,
480,1087,1,471,8780,1,,
322,0,6,490,8783,1,,
177,1702,2,414,8794,1,,
177,10,8,75,8794,1,,
409,70,7,448,8800,1,,
419,272,2,453,8801,1,,
448,498,9,75,8813,1,,
448,484,5,486,8813,1,,
440,307,12,482,8816,1,,
410,70,1,448,8827,1,,
410,86,6,490,8827,1,,
161,1612,2,265,8831,1,,
161,192,12,480,8831,1,,
412,111,8,486,8843,1,,
361,11,4,482,8846,1,,
361,60,8,492,8846,1,,
437,186,6,482,8856,1,,
427,719,10,486,8857,1,,
242,64,8,459,8867,1,,
432,893,3,265,8870,1,,
432,916,6,486,8870,1,,
353,774,9,397,8873,1,,
418,239,2,479,8886,1,,
418,239,6,414,8886,1,,
131,1,5,397,8892,1,,
387,146,8,459,8894,1,,
387,73,2,349,8894,1,,
420,303,4,414,8903,1,,
420,303,4,265,8903,1,,
420,252,4,486,8903,1,,
1,46,10,472,8907,1,,
464,820,8,75,8914,1,,
40,5,9,397,8924,1,,
290,381,7,75,8929,1,,
199,149,4,459,8937,1,,
199,184,4,349,8937,1,,
363,194,4,397,8942,1,,
363,201,9,472,8942,1,,
39,63,12,487,8965,1,,
39,3,4,487,8965,1,,
421,303,7,265,8970,1,,
323,0,4,459,8972,1,,
323,1104,12,412,8972,1,,
282,27,6,349,8981,1,,
135,147,6,472,8990,1,,
135,89,11,474,8990,1,,
298,54,7,349,8992,1,,
411,97,11,486,9007,1,,
364,69,5,473,9014,1,,
364,119,4,473,9014,1,,
364,201,7,434,9014,1,,
402,944,8,412,9016,1,,
461,761,7,486,9024,1,,
299,15,8,412,9028,1,,
458,682,12,474,9032,1,,
454,616,7,491,9034,1,,
130,115,4,349,9051,1,,
130,1435,10,349,9051,1,,
483,1130,7,487,9058,1,,
483,1135,11,469,9058,1,,
50,4,6,486,9064,1,,
401,861,8,253,9070,1,,
164,1626,6,494,9073,1,,
4,51,6,474,9078,1,,
4,28,7,427,9078,1,,
187,1757,6,349,9079,1,,
183,67,6,494,9082,1,,
103,1276,8,412,9091,1,,
442,344,9,397,9098,1,,
182,113,6,357,9105,1,,
182,139,5,406,9105,1,,
38,63,6,469,9108,1,,
415,167,8,472,9119,1,,
397,2850,4,75,9124,1,,
397,570,10,357,9124,1,,
392,455,6,473,9131,1,,
125,1410,4,412,9136,1,,
418,241,6,469,9140,1,,
3,51,8,357,9149,1,,
437,164,9,459,9149,1,,
422,358,6,472,9149,1,,
361,69,5,349,9158,1,,
130,-1,-1,-999,9159,2,v14_piggyback,1.0,9051,108
230,123,6,265,9163,1,,
230,95,4,357,9163,1,,
153,1566,4,370,9177,1,,
132,117,2,357,9189,1,,
132,177,5,357,9189,1,,
403,811,6,406,9199,1,,
283,77,5,397,9199,1,,
440,312,3,370,9203,1,,
433,995,5,487,9208,1,,
456,641,3,412,9209,1,,
371,723,7,406,9222,1,,
231,95,3,349,9227,1,,
197,1813,2,349,9235,1,,
420,252,2,357,9251,1,,
420,302,4,406,9251,1,,
388,199,4,427,9252,1,,
450,535,2,492,9255,1,,
342,310,2,459,9260,1,,
438,216,4,397,9263,1,,
395,619,10,510,9268,1,,
101,1265,4,427,9271,1,,
429,763,6,406,9279,1,,
131,1439,2,482,9280,1,,
155,1574,1,490,9305,1,,
114,39,11,512,9305,1,,
396,2846,3,427,9307,1,,
454,606,10,357,9320,1,,
366,357,2,474,9323,1,,
157,1583,2,469,9328,1,,
347,334,2,473,9332,1,,
2,37,9,512,9334,1,,
128,141,2,473,9337,1,,
445,419,6,486,9344,1,,
367,357,10,299,9351,1,,
420,-1,-1,-999,9362,2,v14_piggyback,2.0,9251,111
129,39,4,516,9380,1,,
129,116,6,516,9380,1,,
130,1435,1,349,9384,1,,
343,334,5,357,9386,1,,
416,169,4,299,9387,1,,
415,173,4,244,9393,1,,
463,790,6,486,9399,1,,
486,1180,6,265,9409,1,,
478,1064,12,368,9413,1,,
277,2253,1,349,9416,1,,
348,592,5,75,9428,1,,
421,303,5,368,9428,1,,
469,898,3,368,9436,1,,
408,40,4,75,9452,1,,
445,-1,-1,-999,9455,2,v14_piggyback,1.0,9344,111
417,187,10,516,9464,1,,
439,273,8,520,9475,1,,
95,1227,4,75,9485,1,,
112,8,12,518,9488,1,,
112,1335,6,518,9488,1,,
455,632,4,75,9497,1,,
413,143,7,520,9498,1,,
413,135,10,503,9498,1,,
414,158,4,368,9505,1,,
423,444,3,357,9506,1,,
140,50,8,437,9508,1,,
353,746,8,516,9519,1,,
456,646,1,464,9520,1,,
456,646,8,244,9520,1,,
148,1537,3,510,9524,1,,
39,3212,3,518,9525,1,,
468,3156,3,357,9530,1,,
389,242,7,449,9542,1,,
469,-1,-1,-999,9543,2,v14_piggyback,1.0,9436,107
138,1483,2,520,9553,1,,
138,39,4,451,9553,1,,
138,147,10,451,9553,1,,
411,112,5,437,9557,1,,
411,98,6,449,9557,1,,
424,418,5,424,9563,1,,
76,129,3,516,9572,1,,
76,9,8,449,9572,1,,
86,7,6,381,9589,1,,
86,8,6,381,9589,1,,
481,1107,2,75,9599,1,,
264,162,4,437,9602,1,,
264,33,5,381,9602,1,,
151,16,6,520,9613,1,,
265,103,11,465,9617,1,,
407,66,6,523,9621,1,,
425,566,2,75,9625,1,,
451,553,10,451,9629,1,,
39,-1,-1,-999,9634,2,v14_piggyback,2.0,9525,109
488,1205,2,406,9642,1,,
85,24,6,451,9642,1,,
416,197,8,449,9653,1,,
437,174,9,503,9657,1,,
130,1436,9,368,9673,1,,
480,1095,6,451,9684,1,,
394,2835,2,480,9692,1,,
215,23,4,381,9694,1,,
50,1443,2,357,9696,1,,
415,161,6,368,9696,1,,
468,-1,-1,-999,9696,2,v14_piggyback,1.0,9530,166
462,767,2,75,9700,1,,
118,1367,4,437,9727,1,,
325,2501,3,437,9734,1,,
420,303,5,368,9736,1,,
458,689,5,506,9746,1,,
154,1569,2,75,9754,1,,
361,69,3,516,9767,1,,
313,2439,2,406,9770,1,,
439,262,6,495,9774,1,,
439,280,6,451,9774,1,,
439,274,6,506,9774,1,,
439,3031,1,506,9774,1,,
445,419,2,486,9777,1,,
433,3003,3,381,9780,1,,
408,35,2,470,9784,1,,
77,62,3,484,9789,1,,
77,9,6,484,9789,1,,
415,-1,-1,-999,9805,2,v14_piggyback,2.0,9696,109
426,618,2,381,9812,1,,
253,2119,3,449,9818,1,,
409,84,9,484,9822,1,,
455,634,7,449,9828,1,,
413,145,2,465,9833,1,,
440,292,2,518,9840,1,,
134,130,6,528,9847,1,,
392,326,6,521,9859,1,,
423,505,6,520,9866,1,,
214,339,4,451,9876,1,,
214,231,1,484,9876,1,,
439,-1,-1,-999,9885,2,v14_piggyback,1.0,9774,111
479,1080,2,518,9887,1,,
441,343,1,449,9890,1,,
416,161,5,368,9893,1,,
393,352,11,489,9904,1,,
393,313,8,489,9904,1,,
457,665,4,484,9910,1,,
256,471,8,372,9918,1,,
469,898,5,368,9921,1,,
407,35,4,470,9927,1,,
412,114,5,530,9931,1,,
274,2237,1,427,9935,1,,
135,107,4,489,9937,1,,
488,1212,1,407,9942,1,,
358,11,3,528,9942,1,,
465,828,4,503,9958,1,,
394,367,10,372,9960,1,,
411,112,2,388,9975,1,,
141,1500,3,372,9980,1,,
60,7,4,538,9991,1,,
384,31,4,388,9993,1,,
441,-1,-1,-999,10000,2,v14_piggyback,1.0,9890,110
321,850,8,507,10004,1,,
460,3122,3,506,10013,1,,
362,121,10,505,10021,1,,
284,2286,2,530,10034,1,,
61,7,8,432,10035,1,,
154,1571,2,381,10039,1,,
450,518,2,503,10052,1,,
443,380,1,434,10063,1,,
388,198,1,368,10065,1,,
201,1830,2,520,10071,1,,
288,77,5,535,10072,1,,
41,5,8,545,10072,1,,
200,185,4,537,10079,1,,
234,2020,2,484,10080,1,,
415,161,1,368,10086,1,,
438,238,1,368,10104,1,,
439,280,10,489,10113,1,,
175,1689,1,506,10116,1,,
314,480,6,507,10127,1,,
314,2447,2,432,10127,1,,
199,149,10,554,10128,1,,
305,212,8,485,10141,1,,
411,112,9,537,10143,1,,
440,295,6,554,10153,1,,
343,538,5,507,10165,1,,
343,310,6,517,10165,1,,
443,-1,-1,-999,10173,2,v14_piggyback,1.0,10063,110
408,56,8,432,10179,1,,
417,225,10,517,10195,1,,
286,2,10,504,10206,1,,
312,483,10,517,10212,1,,
386,80,11,543,10215,1,,
409,74,9,539,10223,1,,
323,196,4,505,10232,1,,
323,0,9,553,10232,1,,
459,707,8,504,10237,1,,
465,822,2,543,10241,1,,
391,313,7,507,10248,1,,
391,247,3,517,10248,1,,
192,184,7,539,10249,1,,
176,1693,2,504,10260,1,,
176,1696,3,504,10260,1,,
387,168,12,508,10260,1,,
469,896,8,432,10262,1,,
388,80,2,540,10278,1,,
441,343,11,449,10288,1,,
441,340,9,388,10288,1,,
162,14,10,562,10296,1,,
0,1232,3,432,10306,1,,
0,37,3,545,10306,1,,
118,110,10,526,10312,1,,
118,1369,6,526,10312,1,,
361,60,10,562,10318,1,,
161,75,8,526,10328,1,,
161,1612,2,526,10328,1,,
458,699,9,562,10334,1,,
459,-1,-1,-999,10346,2,v14_piggyback,1.0,10237,109
456,648,7,540,10346,1,,
137,1478,7,562,10359,1,,
416,195,12,457,10367,1,,
234,2019,3,550,10367,1,,
483,1131,10,526,10369,1,,
395,2840,4,562,10376,1,,
1,30,8,526,10383,1,,
128,115,8,566,10399,1,,
166,14,4,517,10402,1,,
166,10,11,457,10402,1,,
166,1640,2,457,10402,1,,
476,1025,10,457,10418,1,,
429,818,4,539,10434,1,,
455,630,11,457,10436,1,,
466,853,7,457,10448,1,,
443,380,11,434,10453,1,,
135,39,11,559,10453,1,,
135,107,5,559,10453,1,,
114,39,2,505,10464,1,,
114,3,7,457,10464,1,,
438,238,5,522,10465,1,,
438,249,3,540,10465,1,,
392,455,5,457,10474,1,,
257,233,10,559,10479,1,,
482,1113,6,505,10485,1,,
386,94,6,562,10490,1,,
439,265,5,485,10496,1,,
229,420,6,559,10502,1,,
409,84,4,457,10505,1,,
408,2895,2,540,10507,1,,
130,1,2,558,10509,1,,
130,1,9,569,10509,1,,
130,89,5,569,10509,1,,
118,1372,2,251,10516,1,,
440,295,1,569,10522,1,,
441,340,4,508,10529,1,,
159,1597,4,507,10530,1,,
415,167,10,568,10547,1,,
233,2014,4,507,10556,1,,
275,378,12,579,10565,1,,
256,221,3,507,10570,1,,
438,-1,-1,-999,10572,2,v14_piggyback,1.0,10465,107
459,707,1,504,10574,1,,
459,711,9,526,10574,1,,
394,478,2,439,10591,1,,
297,2353,3,583,10605,1,,
267,209,8,439,10605,1,,
384,52,3,507,10615,1,,
444,403,6,439,10617,1,,
387,72,9,583,10621,1,,
199,149,3,553,10623,1,,
458,687,3,485,10631,1,,
443,386,10,584,10633,1,,
409,-1,-1,-999,10635,2,v14_piggyback,1.0,10505,130
309,2419,3,457,10639,1,,
291,563,4,533,10644,1,,
140,50,6,572,10651,1,,
452,573,10,444,10658,1,,
238,2041,3,432,10672,1,,
274,243,8,444,10677,1,,
397,666,4,444,10689,1,,
304,2391,3,572,10696,1,,
440,-1,-1,-999,10697,2,v14_piggyback,1.0,10522,175
102,1272,2,444,10704,1,,
389,208,5,589,10727,1,,
466,848,4,326,10728,1,,
191,1774,3,457,10728,1,,
264,103,9,573,10743,1,,
343,465,9,593,10745,1,,
439,274,2,506,10748,1,,
224,181,7,573,10756,1,,
127,1419,1,593,10758,1,,
127,89,6,593,10758,1,,
385,53,6,593,10770,1,,
265,296,9,527,10778,1,,
265,33,6,398,10778,1,,
395,478,8,589,10792,1,,
437,164,3,398,10800,1,,
441,325,11,579,10806,1,,
128,89,2,527,10806,1,,
415,161,3,548,10811,1,,
344,334,10,592,10812,1,,
459,707,10,439,10823,1,,
233,2014,3,398,10831,1,,
367,398,6,527,10842,1,,
1,9,8,498,10842,1,,
1,46,2,498,10842,1,,
1,19,6,498,10842,1,,
383,32,10,546,10844,1,,
368,398,6,594,10854,1,,
285,211,12,498,10859,1,,
487,1186,2,572,10863,1,,
305,2399,2,572,10870,1,,
284,2,11,563,10874,1,,
460,729,4,496,10879,1,,
384,34,4,496,10888,1,,
417,217,7,498,10892,1,,
273,278,10,498,10906,1,,
437,-1,-1,-999,10909,2,v14_piggyback,1.0,10800,109
0,19,4,525,10910,1,,
447,481,8,498,10917,1,,
107,47,4,498,10927,1,,
107,1303,2,498,10927,1,,
438,190,6,498,10936,1,,
250,2100,2,398,10940,1,,
133,1,11,602,10969,1,,
243,59,7,408,10971,1,,
2,41,8,605,10975,1,,
446,446,4,525,10979,1,,
440,295,3,569,10979,1,,
452,574,3,496,10987,1,,
363,201,6,498,10990,1,,
102,1271,7,326,11003,1,,
102,62,2,605,11003,1,,
191,1777,4,585,11006,1,,
170,1660,2,547,11013,1,,
385,34,6,496,11016,1,,
385,32,8,565,11016,1,,
267,2197,2,393,11020,1,,
241,193,10,585,11036,1,,
298,54,3,525,11038,1,,
288,20,8,601,11046,1,,
412,125,10,541,11053,1,,
397,666,7,541,11065,1,,
413,143,1,585,11071,1,,
439,251,5,498,11074,1,,
338,244,8,557,11088,1,,
445,417,4,601,11097,1,,
234,2018,2,600,11107,1,,
234,95,4,590,11107,1,,
60,7,11,565,11112,1,,
60,9,6,199,11112,1,,
329,2524,1,605,11116,1,,
299,15,5,199,11122,1,,
395,2841,3,498,11128,1,,
161,1610,2,590,11134,1,,
96,1233,10,199,11139,1,,
444,403,2,444,11145,1,,
388,188,2,525,11145,1,,
179,1710,1,498,11155,1,,
41,5,7,586,11158,1,,
218,1926,4,199,11167,1,,
411,99,7,557,11175,1,,
460,724,12,199,11186,1,,
414,142,7,611,11188,1,,
437,164,2,398,11206,1,,
437,180,9,547,11206,1,,
487,1193,10,525,11213,1,,
42,29,4,612,11222,1,,
452,562,4,345,11223,1,,
415,155,12,529,11225,1,,
128,39,5,519,11232,1,,
333,792,6,541,11236,1,,
102,1270,4,600,11245,1,,
153,1565,6,557,11248,1,,
446,454,7,411,11250,1,,
359,49,7,529,11261,1,,
438,216,11,590,11261,1,,
419,263,4,529,11270,1,,
360,1012,2,598,11286,1,,
418,235,11,534,11288,1,,
176,1694,4,571,11294,1,,
416,195,5,534,11298,1,,
465,828,9,588,11301,1,,
466,843,9,571,11307,1,,
63,7,6,529,11309,1,,
43,5,8,588,11313,1,,
103,1280,8,571,11319,1,,
149,1546,3,519,11329,1,,
445,426,9,616,11336,1,,
26,1632,6,497,11345,1,,
288,2,4,497,11352,1,,
446,-1,-1,-999,11361,2,v14_piggyback,1.0,11250,111
406,2889,3,519,11362,1,,
363,2703,2,586,11366,1,,
413,122,10,614,11378,1,,
412,99,1,557,11387,1,,
412,102,3,529,11387,1,,
263,2178,2,525,11390,1,,
444,390,8,598,11392,1,,
464,806,2,199,11399,1,,
411,102,4,529,11409,1,,
411,106,3,534,11409,1,,
411,105,7,580,11409,1,,
432,3000,2,612,11409,1,,
465,-1,-1,-999,11423,2,v14_piggyback,1.0,11301,122
96,1234,12,519,11425,1,,
414,150,6,534,11433,1,,
361,49,8,309,11433,1,,
375,2755,2,199,11433,1,,
229,1995,1,517,11436,1,,
52,4,8,628,11447,1,,
459,711,5,580,11455,1,,
3,30,7,309,11463,1,,
3,37,4,621,11463,1,,
417,215,10,580,11469,1,,
242,64,2,541,11474,1,,
241,157,4,621,11476,1,,
241,2055,3,621,11476,1,,
241,193,2,609,11476,1,,
386,72,7,621,11486,1,,
317,2458,2,541,11487,1,,
412,-1,-1,-999,11497,2,v14_piggyback,3.0,11387,110
97,1242,2,529,11501,1,,
437,174,8,498,11508,1,,
338,202,1,525,11515,1,,
262,327,5,627,11524,1,,
438,204,11,571,11525,1,,
289,20,7,609,11535,1,,
399,768,6,581,11547,1,,
359,49,8,621,11547,1,,
256,221,10,581,11561,1,,
4,9,12,641,11563,1,,
249,284,10,619,11565,1,,
249,157,10,619,11565,1,,
445,421,8,611,11585,1,,
445,413,7,534,11585,1,,
442,349,4,309,11587,1,,
442,356,3,309,11587,1,,
388,198,4,581,11587,1,,
446,454,5,411,11596,1,,
400,731,2,452,11600,1,,
87,62,8,619,11606,1,,
87,8,8,619,11606,1,,
2,19,8,638,11619,1,,
33,2620,2,619,11623,1,,
33,9,10,481,11623,1,,
401,768,12,501,11630,1,,
475,992,4,621,11632,1,,
475,993,5,638,11632,1,,
48,1397,3,581,11638,1,,
221,83,7,619,11641,1,,
221,1947,3,619,11641,1,,
398,666,10,467,11654,1,,
98,1246,2,570,11657,1,,
98,13,10,570,11657,1,,
103,1278,8,497,11658,1,,
175,1687,3,641,11664,1,,
450,524,8,570,11669,1,,
387,120,10,635,11671,1,,
409,70,9,481,11682,1,,
448,498,2,309,11683,1,,
326,510,9,481,11695,1,,
442,-1,-1,-999,11699,2,v14_piggyback,1.0,11587,112
419,235,11,502,11710,1,,
101,1264,1,609,11721,1,,
243,64,6,481,11729,1,,
243,59,8,514,11729,1,,
49,1397,1,431,11733,1,,
463,794,9,431,11747,1,,
447,463,8,476,11757,1,,
110,1323,1,309,11766,1,,
437,164,8,476,11771,1,,
367,322,8,619,11775,1,,
367,435,4,623,11775,1,,
383,18,8,467,11785,1,,
412,106,4,570,11794,1,,
412,106,6,534,11794,1,,
412,122,4,570,11794,1,,
353,744,6,635,11796,1,,
361,11,8,316,11801,1,,
104,1286,6,467,11808,1,,
102,1272,1,481,11810,1,,
102,24,10,502,11810,1,,
352,713,5,544,11818,1,,
382,2785,1,587,11821,1,,
413,125,11,623,11825,1,,
116,1,4,501,11830,1,,
116,1355,2,501,11830,1,,
453,585,4,635,11839,1,,
425,572,7,316,11841,1,,
0,30,6,316,11850,1,,
312,483,7,570,11862,1,,
446,436,8,467,11865,1,,
446,443,10,476,11865,1,,
199,144,4,501,11874,1,,
339,6,9,514,11875,1,,
389,236,6,502,11898,1,,
385,52,3,574,11899,1,,
385,34,12,346,11899,1,,
383,-1,-1,-999,11899,2,v14_piggyback,1.0,11785,114
432,936,5,619,11906,1,,
234,118,7,574,11909,1,,
128,110,6,623,11916,1,,
100,13,4,574,11925,1,,
100,1258,7,346,11925,1,,
420,272,2,635,11927,1,,
410,76,6,514,11927,1,,
221,271,4,570,11939,1,,
221,1944,4,514,11939,1,,
231,420,6,626,11945,1,,
231,420,9,346,11945,1,,
284,77,7,346,11956,1,,
338,100,11,662,11968,1,,
338,1068,2,662,11968,1,,
138,1482,2,467,11975,1,,
448,492,9,574,11976,1,,
448,484,6,574,11976,1,,
11,2060,2,467,11984,1,,
411,112,2,574,11986,1,,
411,101,4,574,11986,1,,
442,355,6,467,11995,1,,
162,1615,4,570,12009,1,,
463,789,1,587,12028,1,,
463,789,12,316,12028,1,,
463,794,3,316,12028,1,,
98,1245,4,591,12032,1,,
98,3,3,662,12032,1,,
277,2253,2,544,12037,1,,
436,1188,6,574,12038,1,,
180,104,3,623,12038,1,,
412,102,4,627,12047,1,,
475,1005,6,500,12047,1,,
346,2615,4,481,12053,1,,
287,2303,2,581,12053,1,,
361,11,8,346,12059,1,,
273,330,4,660,12063,1,,
419,246,6,596,12077,1,,
472,941,3,619,12087,1,,
421,293,4,596,12094,1,,
309,2416,1,596,12104,1,,
438,206,5,346,12110,1,,
445,429,3,502,12112,1,,
384,42,4,626,12117,1,,
449,504,2,570,12123,1,,
463,-1,-1,-999,12136,2,v14_piggyback,1.0,12028,108
447,3065,3,502,12146,1,,
129,116,4,666,12163,1,,
383,18,12,574,12168,1,,
363,220,2,623,12169,1,,
426,2972,3,346,12173,1,,
283,2281,2,619,12179,1,,
465,821,4,626,12180,1,,
446,443,2,514,12184,1,,
325,2501,3,626,12191,1,,
420,293,6,596,12197,1,,
361,-1,-1,-999,12198,2,v14_piggyback,2.0,12059,139
482,3219,3,346,12214,1,,
116,1353,4,348,12217,1,,
128,1423,2,467,12224,1,,
344,473,11,652,12230,1,,
448,491,6,481,12239,1,,
385,42,2,652,12245,1,,
422,308,6,555,12247,1,,
388,146,10,642,12253,1,,
312,376,5,659,12264,1,,
360,60,4,642,12265,1,,
121,1386,2,659,12276,1,,
121,1,4,659,12276,1,,
110,1323,3,346,12277,1,,
442,348,4,570,12279,1,,
439,280,6,659,12290,1,,
292,2328,4,536,12299,1,,
387,176,11,634,12301,1,,
161,1607,1,619,12321,1,,
322,389,10,634,12323,1,,
440,282,3,646,12328,1,,
27,1919,1,514,12335,1,,
421,329,10,536,12353,1,,
158,75,6,639,12365,1,,
158,43,8,639,12365,1,,
471,935,6,551,12365,1,,
453,586,9,634,12367,1,,
141,43,8,643,12377,1,,
130,39,1,574,12381,1,,
130,110,3,634,12381,1,,
130,89,4,634,12381,1,,
384,21,2,643,12381,1,,
288,2,8,639,12397,1,,
412,101,7,574,12403,1,,
439,-1,-1,-999,12403,2,v14_piggyback,1.0,12290,113
115,1352,5,639,12405,1,,
429,771,3,551,12407,1,,
475,989,6,642,12414,1,,
438,218,5,567,12421,1,,
419,2945,4,642,12428,1,,
443,379,4,551,12431,1,,
449,500,3,378,12434,1,,
383,42,8,642,12443,1,,
454,611,5,639,12454,1,,
28,1919,4,651,12461,1,,
447,468,6,642,12464,1,,
417,219,2,551,12486,1,,
482,1125,2,567,12493,1,,
136,147,8,630,12497,1,,
211,1886,2,574,12502,1,,
420,302,8,567,12507,1,,
463,794,2,316,12511,1,,
460,726,2,567,12514,1,,
0,3,3,687,12527,1,,
392,326,1,634,12533,1,,
456,647,4,630,12535,1,,
422,341,8,551,12539,1,,
449,-1,-1,-999,12541,2,v14_piggyback,1.0,12434,107
413,137,4,630,12542,1,,
382,18,1,674,12545,1,,
93,13,8,689,12554,1,,
440,292,9,674,12561,1,,
379,1058,7,682,12574,1,,
87,8,4,688,12582,1,,
442,356,6,309,12595,1,,
442,355,8,431,12595,1,,
453,579,8,687,12611,1,,
430,817,1,626,12617,1,,
10,1917,3,689,12620,1,,
274,378,1,574,12635,1,,
438,204,5,640,12636,1,,
421,341,3,551,12644,1,,
382,-1,-1,-999,12658,2,v14_piggyback,4.0,12545,113
77,47,9,681,12661,1,,
77,3,9,681,12661,1,,
76,24,2,673,12668,1,,
439,280,2,659,12674,1,,
439,262,10,646,12674,1,,
439,261,6,551,12674,1,,
1,46,3,681,12676,1,,
443,370,4,633,12683,1,,
388,2811,4,681,12685,1,,
383,18,4,674,12692,1,,
355,876,3,681,12693,1,,
393,455,8,648,12705,1,,
454,615,9,632,12708,1,,
105,1290,3,648,12713,1,,
351,2642,2,232,12720,1,,
3,19,8,700,12729,1,,
426,584,6,232,12732,1,,
378,1047,9,556,12733,1,,
450,518,3,232,12740,1,,
438,-1,-1,-999,12749,2,v14_piggyback,1.0,12636,113
338,109,6,700,12751,1,,
211,1886,3,655,12765,1,,
368,357,2,577,12769,1,,
199,165,6,683,12780,1,,
134,1456,4,595,12785,1,,
449,500,4,378,12789,1,,
194,228,8,629,12798,1,,
453,583,2,651,12808,1,,
392,309,7,703,12823,1,,
78,129,8,703,12837,1,,
389,176,10,705,12840,1,,
264,33,8,622,12841,1,,
429,818,2,629,12844,1,,
369,435,10,653,12856,1,,
135,107,6,564,12860,1,,
135,39,6,622,12860,1,,
458,691,1,653,12862,1,,
434,1027,5,696,12870,1,,
224,83,3,564,12878,1,,
333,2547,2,613,12887,1,,
398,731,4,564,12887,1,,
188,1760,3,696,12895,1,,
205,1849,3,622,12903,1,,
453,-1,-1,-999,12917,2,v14_piggyback,1.0,12808,109
215,83,10,701,12919,1,,
0,3,5,701,12930,1,,
366,338,8,636,12933,1,,
384,42,4,175,12955,1,,
174,1684,2,613,12963,1,,
180,224,5,702,12966,1,,
170,1664,3,636,12979,1,,
348,580,10,175,12982,1,,
151,16,4,703,12991,1,,
159,192,10,686,12995,1,,
426,2972,3,695,12999,1,,
265,103,8,656,13014,1,,
437,180,6,686,13017,1,,
105,1294,9,232,13022,1,,
105,1293,2,703,13022,1,,
367,357,6,704,13028,1,,
21,1505,2,702,13029,1,,
184,67,12,656,13033,1,,
150,1551,8,650,13043,1,,
332,894,11,686,13046,1,,
430,818,10,650,13059,1,,
438,204,7,640,13062,1,,
22,1523,2,296,13072,1,,
22,30,5,650,13072,1,,
326,530,5,656,13073,1,,
449,500,7,577,13073,1,,
449,504,12,613,13073,1,,
428,736,3,656,13081,1,,
61,7,7,650,13085,1,,
454,616,8,693,13087,1,,
443,386,4,696,13090,1,,
185,1744,10,707,13103,1,,
427,696,10,710,13129,1,,
178,1704,2,564,13136,1,,
414,154,4,704,13145,1,,
120,1382,4,650,13150,1,,
429,728,9,603,13151,1,,
157,65,6,707,13156,1,,
435,1033,10,710,13167,1,,
270,2213,2,686,13168,1,,
270,209,2,686,13168,1,,
382,18,3,674,13175,1,,
453,583,1,651,13180,1,,
412,101,4,692,13187,1,,
476,3189,1,686,13187,1,,
365,335,10,680,13209,1,,
52,4,10,729,13226,1,,
452,578,6,603,13232,1,,
149,1542,6,680,13237,1,,
410,96,7,603,13245,1,,
76,47,6,680,13263,1,,
76,82,12,680,13263,1,,
437,174,7,693,13265,1,,
306,393,11,708,13276,1,,
3,19,6,685,13280,1,,
3,51,5,727,13280,1,,
145,1525,10,293,13284,1,,
145,50,4,293,13284,1,,
282,2276,4,710,13288,1,,
132,117,7,727,13293,1,,
423,402,7,390,13294,1,,
229,1992,4,293,13301,1,,
128,39,7,728,13306,1,,
409,87,8,708,13312,1,,
460,734,10,727,13322,1,,
387,80,1,727,13335,1,,
387,120,6,728,13335,1,,
276,461,11,720,13337,1,,
230,123,5,671,13337,1,,
226,25,10,657,13351,1,,
312,361,12,724,13360,1,,
430,763,8,692,13365,1,,
141,1498,2,656,13367,1,,
424,422,4,724,13376,1,,
305,256,5,657,13381,1,,
471,926,2,657,13385,1,,
374,846,4,724,13385,1,,
421,350,8,721,13397,1,,
371,670,11,644,13403,1,,
109,110,9,722,13420,1,,
422,402,4,618,13420,1,,
408,48,7,618,13433,1,,
412,106,6,727,13438,1,,
412,111,5,727,13438,1,,
274,330,7,644,13438,1,,
363,156,7,685,13450,1,,
324,0,7,442,13455,1,,
476,1022,10,390,13455,1,,
401,839,5,727,13461,1,,
201,1831,9,734,13481,1,,
168,139,6,644,13482,1,,
364,201,9,722,13483,1,,
321,0,3,715,13490,1,,
299,569,4,680,13503,1,,
299,78,5,722,13503,1,,
453,597,8,293,13514,1,,
386,94,9,722,13518,1,,
407,56,6,734,13524,1,,
366,254,6,721,13534,1,,
1,9,4,732,13537,1,,
271,2220,3,644,13546,1,,
412,-1,-1,-999,13547,2,v14_piggyback,2.0,13438,109
365,220,12,739,13556,1,,
452,3087,3,442,13556,1,,
123,1,10,676,13565,1,,
439,257,6,722,13568,1,,
108,1314,8,684,13576,1,,
426,601,4,692,13577,1,,
423,505,10,442,13585,1,,
369,452,10,743,13602,1,,
2,46,5,721,13605,1,,
442,3044,3,724,13610,1,,
320,0,1,715,13616,1,,
320,0,1,667,13616,1,,
231,95,10,676,13619,1,,
233,2012,2,442,13628,1,,
367,338,9,676,13633,1,,
204,1845,2,743,13639,1,,
150,1548,3,663,13639,1,,
178,1709,2,721,13646,1,,
431,872,4,722,13650,1,,
454,612,3,692,13667,1,,
404,2876,2,644,13678,1,,
440,288,11,691,13679,1,,
319,0,2,667,13695,1,,
109,1,8,691,13701,1,,
109,13,9,691,13701,1,,
101,47,8,664,13706,1,,
101,1267,4,664,13706,1,,
229,95,2,685,13711,1,,
471,935,9,721,13714,1,,
324,0,10,599,13716,1,,
176,1693,4,664,13726,1,,
132,1,8,751,13726,1,,
320,-1,-1,-999,13729,2,v14_piggyback,4.0,13616,113
225,1975,2,680,13735,1,,
102,1272,4,691,13746,1,,
102,3,11,755,13746,1,,
185,67,8,691,13758,1,,
412,108,5,724,13770,1,,
407,48,10,684,13772,1,,
223,181,10,664,13774,1,,
152,1558,4,664,13781,1,,
453,586,6,676,13781,1,,
361,11,6,625,13802,1,,
297,710,4,625,13811,1,,
276,461,6,751,13817,1,,
321,61,8,625,13825,1,,
423,402,4,618,13830,1,,
439,273,2,595,13833,1,,
411,111,3,625,13841,1,,
159,75,7,760,13854,1,,
359,2685,2,751,13856,1,,
363,69,4,760,13861,1,,
291,485,10,733,13862,1,,
291,404,4,733,13862,1,,
441,343,5,578,13869,1,,
362,60,12,698,13881,1,,
364,172,2,578,13881,1,,
364,200,7,712,13881,1,,
224,23,6,578,13891,1,,
410,98,10,658,13902,1,,
409,76,2,755,13908,1,,
339,85,7,712,13914,1,,
270,2214,2,606,13924,1,,
62,7,10,658,13926,1,,
478,1054,4,699,13930,1,,
341,85,12,706,13946,1,,
322,196,6,658,13951,1,,
322,213,10,631,13951,1,,
274,275,8,753,13957,1,,
340,6,8,699,13958,1,,
481,1102,1,721,13961,1,,
448,498,2,699,13964,1,,
482,1120,2,753,13966,1,,
441,-1,-1,-999,13976,2,v14_piggyback,1.0,13869,107
300,2367,1,752,13977,1,,
298,15,6,740,13987,1,,
320,0,9,698,13992,1,,
456,657,2,712,14002,1,,
420,303,8,709,14014,1,,
286,211,8,758,14023,1,,
301,15,12,709,14034,1,,
216,83,7,631,14036,1,,
128,141,8,767,14048,1,,
415,159,8,631,14049,1,,
431,901,4,758,14059,1,,
342,100,10,768,14062,1,,
102,3,6,631,14073,1,,
102,1272,2,631,14073,1,,
338,100,7,767,14073,1,,
360,12,8,631,14087,1,,
365,2713,2,699,14087,1,,
354,2661,2,768,14091,1,,
429,763,8,515,14091,1,,
210,1878,4,658,14096,1,,
438,206,4,758,14105,1,,
443,365,8,768,14108,1,,
419,267,12,754,14115,1,,
209,1874,2,699,14121,1,,
439,280,4,751,14122,1,,
150,1551,6,754,14131,1,,
410,70,7,712,14136,1,,
409,74,9,753,14147,1,,
324,0,3,761,14150,1,,
285,2292,2,631,14155,1,,
449,500,1,706,14168,1,,
412,106,1,727,14172,1,,
151,16,1,761,14187,1,,
183,113,5,754,14191,1,,
183,1734,2,515,14191,1,,
183,153,8,524,14191,1,,
454,608,2,733,14195,1,,
349,651,9,766,14204,1,,
348,678,10,524,14218,1,,
441,343,5,578,14219,1,,
441,320,6,712,14219,1,,
341,2590,2,631,14225,1,,
446,443,8,524,14229,1,,
180,294,9,744,14242,1,,
320,0,6,761,14244,1,,
473,966,1,698,14248,1,,
464,819,2,515,14254,1,,
464,812,6,524,14254,1,,
450,539,1,745,14256,1,,
324,-1,-1,-999,14261,2,v14_piggyback,6.0,14150,111
420,283,8,515,14266,1,,
286,36,12,478,14273,1,,
411,97,5,778,14283,1,,
481,3216,1,631,14286,1,,
421,341,8,744,14300,1,,
199,260,9,785,14304,1,,
199,184,6,785,14304,1,,
287,2,11,731,14312,1,,
105,1292,12,779,14316,1,,
3,30,8,780,14320,1,,
440,281,5,524,14331,1,,
440,312,3,608,14331,1,,
446,-1,-1,-999,14340,2,v14_piggyback,1.0,14229,111
127,1419,9,608,14344,1,,
485,1165,4,669,14348,1,,
437,164,4,669,14365,1,,
386,171,10,478,14371,1,,
131,1,6,669,14374,1,,
410,97,1,778,14378,1,,
453,593,10,731,14385,1,,
2,9,7,781,14389,1,,
299,54,7,524,14392,1,,
243,163,7,731,14396,1,,
238,157,5,669,14397,1,,
439,258,3,714,14403,1,,
472,943,8,608,14415,1,,
388,120,6,792,14434,1,,
409,84,5,524,14435,1,,
409,79,9,608,14435,1,,
449,506,10,780,14436,1,,
470,911,6,478,14443,1,,
24,51,2,524,14444,1,,
24,1646,4,788,14444,1,,
244,163,6,711,14452,1,,
443,375,6,515,14453,1,,
182,1729,5,478,14461,1,,
445,428,5,478,14469,1,,
50,4,4,515,14473,1,,
248,193,4,738,14476,1,,
422,308,5,608,14481,1,,
291,563,4,524,14492,1,,
339,100,4,478,14506,1,,
320,71,4,779,14509,1,,
441,331,9,669,14529,1,,
473,963,12,478,14531,1,,
353,2653,1,804,14533,1,,
352,2647,2,779,14536,1,,
192,1783,2,478,14536,1,,
481,1101,6,515,14551,1,,
229,420,8,647,14552,1,,
247,430,8,796,14555,1,,
474,983,2,478,14560,1,,
350,700,9,647,14572,1,,
354,787,5,777,14580,1,,
458,687,2,647,14588,1,,
440,290,10,779,14588,1,,
446,445,6,788,14597,1,,
163,1624,2,647,14604,1,,
437,186,5,754,14609,1,,
411,96,7,647,14617,1,,
232,2008,2,744,14624,1,,
382,18,7,647,14628,1,,
133,1,8,800,14640,1,,
410,97,2,789,14644,1,,
204,1845,2,524,14644,1,,
202,185,8,783,14653,1,,
210,1879,4,697,14660,1,,
336,2562,2,744,14668,1,,
456,656,9,697,14673,1,,
288,2,6,810,14682,1,,
158,151,4,814,14688,1,,
449,516,7,515,14689,1,,
409,87,10,745,14697,1,,
439,253,2,515,14700,1,,
413,138,6,783,14706,1,,
238,2042,1,735,14707,1,,
412,111,1,625,14711,1,,
184,1738,2,608,14717,1,,
284,2288,3,796,14718,1,,
482,1127,1,752,14724,1,,
174,1682,1,697,14727,1,,
159,269,10,817,14744,1,,
445,416,3,764,14748,1,,
445,432,12,697,14748,1,,
441,332,6,804,14754,1,,
423,402,1,625,14757,1,,
33,2596,3,723,14758,1,,
230,400,11,817,14779,1,,
447,469,6,817,14789,1,,
442,355,2,817,14793,1,,
1,51,12,776,14803,1,,
54,1611,3,723,14809,1,,
258,296,6,818,14814,1,,
4,30,9,806,14822,1,,
390,264,8,818,14833,1,,
232,2010,11,723,14838,1,,
343,334,6,818,14842,1,,
78,24,7,794,14848,1,,
410,87,1,745,14851,1,,
251,2106,1,811,14858,1,,
391,264,9,799,14864,1,,
414,145,2,818,14878,1,,
202,1838,2,661,14878,1,,
2,3,10,828,14886,1,,
2,46,8,828,14886,1,,
468,880,6,690,14889,1,,
463,794,8,748,14898,1,,
60,1798,3,690,14899,1,,
442,-1,-1,-999,14904,2,v14_piggyback,1.0,14793,111
409,70,1,712,14908,1,,
409,79,8,800,14908,1,,
5,30,12,748,14914,1,,
389,208,9,746,14921,1,,
125,1407,6,819,14927,1,,
231,276,7,748,14936,1,,
231,321,9,798,14936,1,,
449,503,6,697,14946,1,,
368,392,12,466,14959,1,,
200,144,12,819,14963,1,,
299,124,6,819,14972,1,,
447,463,10,818,14978,1,,
0,22,6,819,14981,1,,
344,406,8,749,14990,1,,
226,25,10,466,14993,1,,
162,1616,4,746,14997,1,,
468,-1,-1,-999,15001,2,v14_piggyback,1.0,14889,112
443,380,5,798,15007,1,,
443,373,5,466,15007,1,,
300,57,10,815,15009,1,,
300,124,11,815,15009,1,,
445,428,4,804,15013,1,,
392,316,7,466,15017,1,,
439,258,7,794,15028,1,,
345,424,6,820,15037,1,,
479,1075,10,815,15039,1,,
400,731,2,762,15047,1,,
215,301,6,803,15056,1,,
215,23,8,820,15056,1,,
451,554,7,654,15057,1,,
412,106,8,690,15068,1,,
370,529,9,769,15069,1,,
410,97,5,818,15083,1,,
361,69,5,791,15102,1,,
429,808,8,769,15108,1,,
343,473,6,604,15111,1,,
443,-1,-1,-999,15114,2,v14_piggyback,1.0,15007,107
413,2919,4,811,15116,1,,
390,208,8,791,15123,1,,
230,95,5,769,15125,1,,
266,33,4,815,15127,1,,
76,2543,2,791,15131,1,,
76,7,3,604,15131,1,,
393,456,6,769,15135,1,,
201,149,4,654,15143,1,,
442,355,6,817,15147,1,,
283,27,4,798,15155,1,,
94,1219,4,604,15156,1,,
483,3226,3,654,15162,1,,
99,1251,9,765,15187,1,,
293,569,2,829,15192,1,,
1,22,1,791,15197,1,,
179,139,2,820,15199,1,,
179,294,2,769,15199,1,,
347,538,2,819,15206,1,,
117,1363,4,604,15206,1,,
450,533,3,466,15207,1,,
411,102,1,654,15218,1,,
134,1458,3,798,15218,1,,
87,8,8,825,15227,1,,
389,210,3,466,15234,1,,
235,2022,2,825,15234,1,,
266,-1,-1,-999,15238,2,v14_piggyback,2.0,15127,111
455,630,4,748,15241,1,,
468,870,6,624,15244,1,,
284,2,9,838,15255,1,,
412,102,5,654,15265,1,,
421,350,2,798,15268,1,,
289,2,2,838,15273,1,,
445,421,8,690,15277,1,,
360,49,12,827,15284,1,,
324,0,11,827,15299,1,,
255,2129,2,798,15307,1,,
227,25,4,845,15308,1,,
368,2727,2,827,15321,1,,
487,1187,6,741,15323,1,,
162,1618,8,762,15338,1,,
391,313,7,741,15343,1,,
443,380,7,798,15347,1,,
443,385,6,773,15347,1,,
124,1401,1,825,15349,1,,
451,554,8,765,15355,1,,
468,-1,-1,-999,15360,2,v14_piggyback,1.0,15244,116
413,125,9,741,15368,1,,
374,2753,3,795,15372,1,,
224,240,5,741,15378,1,,
409,84,4,840,15387,1,,
320,91,10,795,15389,1,,
97,1239,8,856,15401,1,,
321,213,9,824,15411,1,,
445,-1,-1,-999,15422,2,v14_piggyback,1.0,15277,145
361,60,10,844,15433,1,,
410,92,8,856,15444,1,,
422,329,10,843,15447,1,,
288,77,4,844,15454,1,,
58,1712,2,841,15458,1,,
94,1221,8,582,15461,1,,
94,1222,6,549,15461,1,,
94,1224,6,825,15461,1,,
482,1125,5,841,15466,1,,
248,2090,3,824,15473,1,,
366,357,11,694,15481,1,,
455,625,7,736,15483,1,,
324,-1,-1,-999,15484,2,v14_piggyback,1.0,15299,185
441,320,1,841,15486,1,,
293,2333,4,840,15490,1,,
359,12,7,841,15497,1,,
303,2388,2,841,15502,1,,
421,2953,3,805,15508,1,,
88,8,4,862,15514,1,,
414,142,4,856,15519,1,,
414,138,5,771,15519,1,,
414,148,12,771,15519,1,,
290,229,6,852,15527,1,,
129,141,11,852,15542,1,,
298,26,12,190,15550,1,,
89,8,10,694,15560,1,,
247,2089,3,164,15563,1,,
247,64,10,164,15563,1,,
305,256,4,852,15570,1,,
371,596,10,771,15583,1,,
293,-1,-1,-999,15603,2,v14_piggyback,4.0,15490,113
227,25,9,637,15607,1,,
401,917,7,771,15617,1,,
401,786,9,850,15617,1,,
442,363,9,164,15623,1,,
457,662,7,694,15630,1,,
291,291,11,164,15639,1,,
363,200,9,190,15644,1,,
412,125,3,741,15645,1,,
412,108,6,857,15645,1,,
15,51,2,164,15653,1,,
15,1225,8,637,15653,1,,
255,2131,4,597,15660,1,,
255,259,7,772,15660,1,,
296,2350,3,694,15664,1,,
296,336,9,850,15664,1,,
222,83,6,869,15674,1,,
222,23,4,869,15674,1,,
409,79,3,859,15676,1,,
409,92,4,694,15676,1,,
306,346,8,694,15690,1,,
42,19,3,849,15698,1,,
42,46,4,849,15698,1,,
42,5,12,869,15698,1,,
410,79,2,859,15706,1,,
410,79,8,694,15706,1,,
16,1225,8,392,15707,1,,
16,28,10,860,15707,1,,
16,37,6,790,15707,1,,
95,24,10,772,15713,1,,
364,254,10,869,15727,1,,
343,406,7,771,15729,1,,
132,45,6,164,15735,1,,
132,117,8,790,15735,1,,
132,141,7,790,15735,1,,
43,1266,8,772,15738,1,,
40,5,4,874,15752,1,,
40,22,6,831,15752,1,,
391,250,5,190,15765,1,,
391,313,4,190,15765,1,,
138,117,2,790,15769,1,,
138,1485,10,668,15769,1,,
447,481,8,190,15777,1,,
215,181,10,327,15790,1,,
215,271,6,327,15790,1,,
409,-1,-1,-999,15793,2,v14_piggyback,2.0,15676,117
394,478,2,850,15797,1,,
450,539,10,831,15801,1,,
140,1495,10,327,15804,1,,
425,547,4,741,15806,1,,
307,393,8,327,15816,1,,
308,393,11,833,15831,1,,
476,1023,2,840,15838,1,,
339,6,4,772,15839,1,,
339,6,6,831,15839,1,,
437,186,2,694,15845,1,,
452,575,6,164,15847,1,,
452,573,6,833,15847,1,,
320,71,8,637,15859,1,,
110,1321,2,850,15863,1,,
432,931,8,327,15871,1,,
185,67,10,759,15877,1,,
426,555,6,809,15878,1,,
444,403,8,327,15882,1,,
385,72,2,809,15885,1,,
447,-1,-1,-999,15888,2,v14_piggyback,1.0,15777,111
256,306,8,831,15898,1,,
387,72,4,809,15907,1,,
441,342,7,869,15908,1,,
457,658,8,410,15921,1,,
358,979,7,772,15930,1,,
395,570,6,759,15941,1,,
291,336,4,881,15947,1,,
291,336,7,790,15947,1,,
348,694,6,869,15950,1,,
418,241,6,759,15960,1,,
107,1304,6,831,15969,1,,
134,107,10,881,15970,1,,
242,64,6,637,15981,1,,
182,113,4,846,15983,1,,
41,29,5,759,15992,1,,
350,700,6,637,15992,1,,
129,1,4,668,15999,1,,
216,214,5,881,16007,1,,
456,641,8,483,16021,1,,
409,92,4,881,16026,1,,
488,1214,4,190,16028,1,,
127,115,7,483,16048,1,,
127,1421,12,483,16048,1,,
407,35,3,164,16052,1,,
450,540,12,759,16058,1,,
384,21,6,871,16059,1,,
217,83,8,884,16064,1,,
163,10,3,790,16069,1,,
290,291,9,483,16074,1,,
411,105,3,164,16075,1,,
139,170,7,483,16087,1,,
417,219,3,842,16089,1,,
435,3014,3,772,16101,1,,
130,39,10,887,16103,1,,
396,595,7,887,16116,1,,
292,381,6,871,16127,1,,
473,955,2,831,16137,1,,
32,2141,2,772,16142,1,,
446,450,6,446,16142,1,,
446,441,3,446,16142,1,,
136,107,6,834,16154,1,,
407,-1,-1,-999,16160,2,v14_piggyback,3.0,16052,108
392,415,7,873,16166,1,,
467,862,10,812,16167,1,,
427,2976,3,164,16169,1,,
444,405,8,858,16181,1,,
338,298,9,812,16184,1,,
202,1836,2,164,16188,1,,
439,274,2,842,16189,1,,
447,481,2,190,16193,1,,
298,2359,2,872,16198,1,,
386,168,5,821,16200,1,,
209,207,7,839,16216,1,,
209,1877,4,839,16216,1,,
164,126,7,821,16226,1,,
160,75,4,863,16235,1,,
229,118,8,446,16244,1,,
227,25,7,885,16249,1,,
227,83,10,885,16249,1,,
182,1729,12,812,16252,1,,
469,890,8,446,16265,1,,
2,46,6,894,16271,1,,
291,229,8,446,16277,1,,
217,1918,4,560,16283,1,,
127,1420,4,885,16294,1,,
288,27,1,426,16302,1,,
429,771,6,890,16304,1,,
430,831,6,446,16313,1,,
437,140,6,483,16322,1,,
395,619,6,873,16331,1,,
141,43,1,832,16335,1,,
393,462,7,446,16342,1,,
475,992,6,834,16351,1,,
457,659,7,801,16354,1,,
408,1117,8,513,16355,1,,
408,66,4,513,16355,1,,
425,581,5,483,16359,1,,
435,3012,3,812,16361,1,,
135,130,5,446,16367,1,,
163,14,12,801,16371,1,,
458,692,8,513,16375,1,,
440,307,7,801,16383,1,,
383,34,6,801,16393,1,,
158,1594,7,513,16403,1,,
180,166,6,513,16413,1,,
113,1338,5,801,16417,1,,
444,390,5,894,16428,1,,
283,2,6,816,16435,1,,
283,2,3,883,16435,1,,
283,38,8,883,16435,1,,
449,503,5,871,16444,1,,
407,35,5,164,16452,1,,
339,109,6,513,16452,1,,
339,100,6,816,16452,1,,
443,385,5,446,16452,1,,
467,868,4,426,16473,1,,
467,868,4,513,16473,1,,
467,866,8,513,16473,1,,
387,2806,4,774,16474,1,,
447,475,2,884,16475,1,,
389,242,4,483,16485,1,,
143,50,11,816,16489,1,,
127,1418,8,871,16498,1,,
4,19,8,816,16500,1,,
385,2800,4,877,16505,1,,
277,2251,4,871,16512,1,,
79,24,4,890,16530,1,,
6,30,9,888,16530,1,,
448,487,4,871,16537,1,,
326,2509,4,834,16544,1,,
366,351,6,888,16552,1,,
366,201,10,797,16552,1,,
183,1736,4,836,16557,1,,
408,66,2,909,16561,1,,
199,223,4,446,16562,1,,
348,651,8,797,16564,1,,
164,10,6,816,16576,1,,
164,269,3,888,16576,1,,
111,1330,4,446,16583,1,,
285,2,7,883,16587,1,,
440,311,8,911,16588,1,,
445,413,3,483,16589,1,,
141,50,9,797,16600,1,,
460,740,8,882,16605,1,,
460,729,5,882,16605,1,,
320,213,2,475,16609,1,,
320,2477,4,888,16609,1,,
459,701,7,816,16620,1,,
113,1338,8,665,16648,1,,
113,1341,4,160,16648,1,,
273,330,2,882,16652,1,,
379,1069,4,383,16659,1,,
375,951,2,383,16664,1,,
282,38,7,922,16667,1,,
408,-1,-1,-999,16669,2,v14_piggyback,3.0,16561,108
53,4,10,880,16672,1,,
407,35,6,775,16686,1,,
407,35,5,836,16686,1,,
407,66,6,909,16686,1,,
444,394,6,873,16687,1,,
420,293,1,383,16690,1,,
97,1241,2,383,16695,1,,
451,541,2,475,16708,1,,
451,549,4,888,16708,1,,
78,58,9,910,16710,1,,
398,742,2,871,16717,1,,
104,1286,6,513,16727,1,,
159,75,4,730,16727,1,,
424,532,2,730,16732,1,,
481,1098,2,446,16736,1,,
251,306,4,883,16753,1,,
251,2109,2,797,16753,1,,
198,81,5,927,16765,1,,
443,374,4,883,16779,1,,
160,151,12,927,16781,1,,
343,334,5,922,16787,1,,
471,935,4,927,16788,1,,
306,393,3,883,16793,1,,
271,230,7,930,16798,1,,
50,88,8,900,16800,1,,
447,460,5,863,16801,1,,
438,204,7,930,16811,1,,
182,1731,3,475,16817,1,,
416,197,6,930,16823,1,,
99,1254,2,513,16832,1,,
440,290,8,882,16840,1,,
264,90,4,895,16847,1,,
486,3241,2,475,16848,1,,
59,1700,2,513,16853,1,,
460,733,4,383,16871,1,,
445,417,2,882,16876,1,,
51,1442,12,916,16876,1,,
471,-1,-1,-999,16899,2,v14_piggyback,1.0,16788,111
111,1328,12,730,16901,1,,
415,175,8,879,16901,1,,
415,173,11,737,16901,1,,
347,2624,2,927,16905,1,,
459,715,6,737,16910,1,,
430,831,5,900,16918,1,,
423,418,5,737,16918,1,,
242,64,2,900,16922,1,,
0,41,3,737,16924,1,,
439,258,2,871,16927,1,,
307,408,7,886,16931,1,,
2,28,6,918,16940,1,,
216,181,12,928,16947,1,,
225,1970,2,886,16952,1,,
477,1032,2,927,16965,1,,
479,1077,2,446,16987,1,,
128,115,2,879,16987,1,,
217,23,11,943,17009,1,,
467,860,2,737,17009,1,,
324,0,6,928,17018,1,,
457,665,1,873,17023,1,,
453,582,2,719,17027,1,,
470,913,6,928,17027,1,,
165,1631,4,928,17034,1,,
233,2011,3,807,17040,1,,
223,1956,2,719,17044,1,,
444,388,4,513,17047,1,,
398,685,4,289,17050,1,,
366,335,10,904,17060,1,,
359,2686,4,289,17067,1,,
96,1236,5,607,17069,1,,
438,190,10,786,17074,1,,
283,2283,3,672,17077,1,,
320,0,1,289,17078,1,,
384,52,8,904,17086,1,,
210,231,8,904,17098,1,,
367,431,6,854,17107,1,,
147,1531,5,717,17122,1,,
281,2275,3,325,17123,1,,
290,412,3,325,17129,1,,
390,264,6,717,17132,1,,
156,1580,3,325,17135,1,,
416,178,6,886,17140,1,,
463,797,1,816,17157,1,,
487,1186,1,816,17163,1,,
133,117,6,931,17165,1,,
370,529,2,943,17168,1,,
410,98,5,855,17176,1,,
111,1328,8,918,17177,1,,
320,-1,-1,-999,17189,2,v14_piggyback,7.0,17078,111
459,714,5,719,17192,1,,
477,3195,2,645,17194,1,,
477,1048,9,325,17194,1,,
447,475,5,855,17197,1,,
471,935,2,927,17199,1,,
445,425,5,854,17200,1,,
386,72,3,855,17203,1,,
191,1777,2,325,17206,1,,
389,245,10,934,17214,1,,
286,2298,3,855,17221,1,,
411,96,4,904,17221,1,,
409,87,10,950,17237,1,,
181,104,6,950,17269,1,,
391,266,4,913,17269,1,,
479,1080,7,289,17274,1,,
180,166,3,951,17282,1,,
324,0,8,807,17283,1,,
324,0,2,672,17283,1,,
467,856,6,854,17285,1,,
111,-1,-1,-999,17288,2,v14_piggyback,1.0,17177,111
195,1797,4,904,17292,1,,
439,273,2,289,17294,1,,
420,272,1,879,17299,1,,
420,303,3,904,17299,1,,
455,636,4,904,17306,1,,
170,1662,4,875,17308,1,,
438,206,6,717,17315,1,,
285,2293,3,854,17322,1,,
423,474,4,875,17326,1,,
474,972,3,902,17343,1,,
429,818,4,950,17343,1,,
429,736,6,965,17343,1,,
386,-1,-1,-999,17350,2,v14_piggyback,2.0,17203,147
321,71,12,969,17359,1,,
69,2125,6,902,17372,1,,
390,242,10,944,17383,1,,
322,71,8,965,17386,1,,
129,39,6,902,17389,1,,
72,2257,4,875,17399,1,,
72,7,4,965,17399,1,,
156,1582,10,511,17406,1,,
157,16,2,904,17413,1,,
324,-1,-1,-999,17413,2,v14_piggyback,7.0,17283,130
456,641,6,944,17423,1,,
39,63,11,955,17423,1,,
463,784,9,855,17434,1,,
273,297,12,726,17442,1,,
287,2,2,944,17447,1,,
410,86,11,875,17459,1,,
410,92,8,969,17459,1,,
5,19,11,726,17460,1,,
256,471,5,969,17467,1,,
420,-1,-1,-999,17475,2,v14_piggyback,2.0,17299,176
3,9,9,939,17475,1,,
392,266,12,906,17485,1,,
320,0,7,672,17489,1,,
320,0,9,607,17489,1,,
73,2206,2,853,17510,1,,
164,14,9,726,17512,1,,
274,278,4,906,17513,1,,
312,2435,2,904,17517,1,,
384,31,5,906,17526,1,,
51,88,10,972,17528,1,,
394,514,2,906,17532,1,,
474,-1,-1,-999,17537,2,v14_piggyback,1.0,17343,194
440,290,2,906,17541,1,,
190,191,8,726,17547,1,,
190,1772,4,972,17547,1,,
385,72,1,855,17551,1,,
395,478,12,942,17564,1,,
337,2566,4,932,17569,1,,
393,326,1,855,17575,1,,
447,457,9,726,17579,1,,
326,530,9,939,17595,1,,
39,-1,-1,-999,17599,2,v14_piggyback,2.0,17423,176
382,1172,7,932,17604,1,,
439,253,7,902,17628,1,,
423,444,3,942,17630,1,,
299,124,1,904,17637,1,,
340,6,12,826,17641,1,,
383,32,8,726,17642,1,,
386,72,2,855,17648,1,,
330,451,6,808,17658,1,,
330,2530,4,808,17658,1,,
440,-1,-1,-999,17661,2,v14_piggyback,1.0,17541,120
126,1416,12,787,17667,1,,
290,2316,1,879,17671,1,,
291,229,5,967,17682,1,,
396,621,7,939,17690,1,,
266,33,6,726,17702,1,,
321,91,7,787,17714,1,,
389,208,5,726,17720,1,,
289,2,2,826,17721,1,,
456,638,4,933,17731,1,,
456,656,6,906,17731,1,,
456,648,4,906,17731,1,,
420,303,1,904,17735,1,,
124,1401,4,726,17742,1,,
341,85,7,793,17744,1,,
341,136,9,960,17744,1,,
139,50,3,726,17754,1,,
408,35,1,836,17760,1,,
137,1479,12,793,17763,1,,
437,140,1,904,17766,1,,
371,650,3,726,17770,1,,
274,2235,3,893,17775,1,,
333,894,10,74,17779,1,,
460,733,8,960,17798,1,,
474,972,2,902,17801,1,,
266,-1,-1,-999,17815,2,v14_piggyback,2.0,17702,113
394,326,4,74,17817,1,,
394,326,10,787,17817,1,,
105,1293,2,972,17819,1,,
320,213,4,813,17832,1,,
320,850,7,813,17832,1,,
111,1328,1,918,17850,1,,
111,347,6,976,17850,1,,
324,0,1,289,17856,1,,
267,33,9,813,17860,1,,
275,330,7,991,17879,1,,
434,1027,8,813,17879,1,,
407,66,10,865,17893,1,,
76,62,8,960,17899,1,,
447,482,8,973,17901,1,,
440,290,4,906,17906,1,,
386,72,8,74,17917,1,,
386,72,6,826,17917,1,,
446,436,9,865,17921,1,,
413,135,6,74,17927,1,,
268,33,12,953,17929,1,,
406,1117,11,1006,17939,1,,
244,2069,2,1006,17945,1,,
262,327,5,962,17953,1,,
438,190,6,74,17955,1,,
229,118,5,1006,17955,1,,
468,883,4,1006,17964,1,,
442,364,5,74,17968,1,,
141,1498,2,962,17973,1,,
449,516,4,889,17977,1,,
416,2931,4,74,17994,1,,
242,193,12,978,17996,1,,
404,994,12,870,18014,1,,
321,196,12,1004,18018,1,,
241,284,4,74,18022,1,,
208,1865,1,1004,18023,1,,
417,232,4,74,18029,1,,
386,-1,-1,-999,18032,2,v14_piggyback,3.0,17917,115
486,1182,4,787,18041,1,,
392,455,7,1004,18049,1,,
474,3181,4,969,18065,1,,
199,81,9,975,18075,1,,
199,228,9,975,18075,1,,
169,1655,3,813,18080,1,,
264,2182,4,975,18084,1,,
456,647,8,865,18090,1,,
438,-1,-1,-999,18094,2,v14_piggyback,1.0,17955,139
420,267,6,1002,18096,1,,
267,2197,3,979,18104,1,,
312,527,8,998,18110,1,,
290,412,6,978,18120,1,,
331,2535,2,870,18132,1,,
331,459,5,532,18132,1,,
289,2,2,1001,18134,1,,
410,86,3,813,18144,1,,
393,313,8,997,18148,1,,
393,316,6,419,18148,1,,
419,246,5,870,18152,1,,
468,-1,-1,-999,18156,2,v14_piggyback,1.0,17964,192
205,144,6,998,18171,1,,
205,207,11,997,18171,1,,
412,108,5,995,18175,1,,
233,2011,2,826,18180,1,,
287,2,7,419,18187,1,,
287,20,4,419,18187,1,,
403,964,3,532,18190,1,,
467,3152,2,826,18194,1,,
384,1172,4,984,18199,1,,
56,1643,2,787,18201,1,,
282,36,10,1010,18217,1,,
305,333,2,995,18221,1,,
302,78,6,998,18231,1,,
302,2381,4,419,18231,1,,
437,140,2,908,18233,1,,
289,-1,-1,-999,18241,2,v14_piggyback,1.0,18134,107
408,66,2,865,18241,1,,
266,33,10,997,18245,1,,
386,72,5,826,18246,1,,
387,80,7,1003,18268,1,,
313,483,10,997,18273,1,,
313,545,11,1015,18273,1,,
449,515,10,995,18274,1,,
162,126,4,1014,18276,1,,
46,1350,8,997,18284,1,,
388,176,12,990,18295,1,,
208,1867,4,938,18297,1,,
208,81,5,419,18297,1,,
412,-1,-1,-999,18303,2,v14_piggyback,2.0,18175,128
363,194,6,923,18311,1,,
389,188,5,892,18319,1,,
466,847,5,892,18329,1,,
169,1655,2,134,18333,1,,
95,1229,8,997,18336,1,,
463,788,6,963,18343,1,,
214,271,8,419,18348,1,,
414,143,4,949,18352,1,,
266,-1,-1,-999,18365,2,v14_piggyback,2.0,18245,120
420,293,8,998,18368,1,,
420,285,7,419,18368,1,,
413,114,10,963,18369,1,,
195,1795,3,923,18375,1,,
299,124,7,907,18379,1,,
47,1354,10,670,18393,1,,
180,224,9,1007,18394,1,,
298,2360,4,925,18395,1,,
396,619,7,998,18404,1,,
382,17,3,925,18421,1,,
451,3084,2,923,18425,1,,
362,60,8,1025,18436,1,,
364,156,6,1030,18446,1,,
468,880,11,889,18453,1,,
166,1641,2,923,18461,1,,
166,192,9,901,18461,1,,
383,17,4,1025,18462,1,,
369,452,8,575,18476,1,,
447,482,7,1002,18480,1,,
324,0,6,901,18486,1,,
385,42,8,575,18490,1,,
256,233,7,575,18503,1,,
3,46,8,987,18503,1,,
3,3,8,987,18503,1,,
140,50,6,1026,18513,1,,
307,393,7,419,18516,1,,
162,1613,7,923,18523,1,,
164,10,6,989,18533,1,,
367,398,5,419,18536,1,,
367,335,8,987,18536,1,,
316,483,5,901,18541,1,,
438,190,8,987,18550,1,,
468,-1,-1,-999,18565,2,v14_piggyback,1.0,18453,112
168,139,8,959,18567,1,,
168,75,12,959,18567,1,,
349,589,7,419,18567,1,,
412,108,6,995,18575,1,,
412,101,8,984,18575,1,,
412,102,6,949,18575,1,,
76,62,6,1018,18579,1,,
361,69,6,419,18592,1,,
437,186,9,963,18594,1,,
437,3019,3,925,18594,1,,
398,731,4,907,18601,1,,
384,42,3,575,18602,1,,
416,159,5,997,18611,1,,
414,135,9,575,18624,1,,
286,2,4,1018,18626,1,,
308,458,10,959,18627,1,,
377,2762,3,575,18632,1,,
0,28,8,959,18638,1,,
386,127,2,575,18644,1,,
466,843,8,923,18650,1,,
188,1758,1,901,18662,1,,
188,67,4,959,18662,1,,
188,1760,3,1031,18662,1,,
147,1534,6,926,18669,1,,
419,283,4,1024,18679,1,,
413,133,6,1024,18697,1,,
448,495,4,997,18702,1,,
437,-1,-1,-999,18706,2,v14_piggyback,1.0,18594,112
487,1200,4,1024,18706,1,,
451,549,7,901,18707,1,,
451,554,4,1031,18707,1,,
383,34,7,997,18712,1,,
388,168,4,1024,18715,1,,
363,69,8,959,18720,1,,
1,3,9,1043,18725,1,,
166,1640,8,67,18731,1,,
324,0,9,1026,18745,1,,
360,11,2,905,18751,1,,
42,1266,6,989,18755,1,,
233,2013,3,997,18756,1,,
456,642,2,419,18761,1,,
325,448,6,959,18764,1,,
417,219,2,901,18772,1,,
417,217,3,1031,18772,1,,
160,1603,3,907,18785,1,,
374,834,2,1043,18809,1,,
443,386,12,713,18813,1,,
448,-1,-1,-999,18815,2,v14_piggyback,1.0,18702,113
234,2018,2,419,18827,1,,
452,576,10,954,18833,1,,
277,2251,2,419,18839,1,,
126,1414,2,670,18850,1,,
136,1474,5,959,18850,1,,
115,39,11,1036,18851,1,,
385,2797,4,959,18862,1,,
420,285,9,713,18866,1,,
264,183,4,959,18872,1,,
166,-1,-1,-999,18878,2,v14_piggyback,1.0,18731,147
361,69,4,1053,18881,1,,
384,52,8,1036,18887,1,,
384,17,6,713,18887,1,,
358,11,1,905,18906,1,,
412,99,5,926,18908,1,,
412,106,9,713,18908,1,,
396,640,6,713,18919,1,,
195,1795,3,959,18929,1,,
418,235,6,954,18931,1,,
337,2568,1,419,18931,1,,
328,2518,1,987,18937,1,,
324,-1,-1,-999,18940,2,v14_piggyback,7.0,18745,195
231,2001,4,1036,18940,1,,
72,2173,2,959,18946,1,,
327,459,4,1035,18949,1,,
437,174,4,959,18956,1,,
433,967,3,713,18957,1,,
451,559,3,419,18969,1,,
51,4,6,1055,18978,1,,
344,2605,1,1030,18984,1,,
414,158,1,924,18989,1,,
276,2247,1,1043,18994,1,,
163,126,4,1022,19006,1,,
413,133,3,905,19014,1,,
52,88,12,868,19018,1,,
394,2838,2,575,19028,1,,
130,141,10,1022,19028,1,,
415,173,2,713,19035,1,,
338,6,2,1022,19043,1,,
448,495,7,997,19061,1,,
214,301,1,750,19065,1,,
417,232,9,924,19076,1,,
443,380,8,1035,19079,1,,
403,977,5,750,19080,1,,
449,501,2,954,19086,1,,
134,39,8,1054,19092,1,,
355,2667,2,713,19093,1,,
343,538,7,956,19105,1,,
360,12,8,868,19119,1,,
419,285,1,713,19124,1,,
199,223,7,1034,19129,1,,
39,44,1,954,19131,1,,
361,11,6,905,19139,1,,
111,1326,6,868,19141,1,,
318,2467,3,1062,19144,1,,
459,702,6,956,19153,1,,
387,80,11,1056,19173,1,,
200,81,6,1047,19176,1,,
420,252,8,1058,19178,1,,
269,2210,4,868,19185,1,,
136,130,7,1058,19191,1,,
388,198,4,868,19195,1,,
412,101,4,1018,19200,1,,
389,210,4,1058,19200,1,,
324,0,2,750,19210,1,,
166,1640,4,67,19211,1,,
194,228,4,1073,19218,1,,
360,-1,-1,-999,19228,2,v14_piggyback,1.0,19119,109
439,257,7,1066,19230,1,,
184,113,8,1066,19242,1,,
435,1067,2,1034,19247,1,,
0,37,2,1054,19251,1,,
401,917,2,1074,19261,1,,
448,498,9,750,19266,1,,
437,186,3,963,19272,1,,
437,180,10,1024,19272,1,,
39,-1,-1,-999,19290,2,v14_piggyback,2.0,19131,159
3,46,12,1079,19291,1,,
1,41,6,1048,19302,1,,
418,219,3,1062,19310,1,,
382,17,1,713,19316,1,,
345,2614,2,1063,19323,1,,
414,138,2,1074,19323,1,,
413,114,9,1067,19324,1,,
390,245,2,1063,19330,1,,
386,171,6,1061,19335,1,,
142,50,6,1067,19338,1,,
358,12,1,868,19341,1,,
359,12,1,868,19346,1,,
408,66,6,1061,19358,1,,
2,3,6,1067,19362,1,,
53,4,10,946,19376,1,,
361,11,2,1073,19381,1,,
344,534,8,952,19386,1,,
391,210,9,1064,19390,1,,
441,342,1,952,19392,1,,
255,2132,2,920,19398,1,,
459,702,5,1069,19402,1,,
453,583,6,946,19407,1,,
387,168,2,952,19417,1,,
99,1251,5,1064,19423,1,,
256,259,11,1045,19434,1,,
343,406,10,1012,19449,1,,
324,0,5,1067,19453,1,,
324,0,6,946,19453,1,,
324,0,3,1050,19453,1,,
139,1486,4,983,19471,1,,
388,168,4,952,19486,1,,
388,94,8,1012,19486,1,,
457,661,6,996,19488,1,,
51,88,10,1087,19489,1,,
338,136,8,996,19501,1,,
439,265,9,1067,19506,1,,
30,2431,4,1012,19522,1,,
30,19,4,1038,19522,1,,
78,62,10,996,19532,1,,
78,3,12,1080,19532,1,,
129,45,8,1012,19536,1,,
99,-1,-1,-999,19540,2,v14_piggyback,1.0,19423,117
438,190,8,1021,19546,1,,
0,28,6,1093,19548,1,,
448,491,8,946,19548,1,,
88,8,10,1011,19562,1,,
463,796,8,1012,19563,1,,
184,1737,2,920,19573,1,,
229,123,5,1012,19576,1,,
412,102,10,1011,19579,1,,
389,236,4,1021,19592,1,,
389,264,4,823,19592,1,,
409,68,3,1012,19598,1,,
324,-1,-1,-999,19602,2,v14_piggyback,7.0,19453,149
284,470,2,823,19610,1,,
284,38,5,1011,19610,1,,
284,2287,4,1089,19610,1,,
418,232,1,924,19616,1,,
313,564,6,1092,19625,1,,
461,745,10,937,19626,1,,
289,2,7,1092,19636,1,,
360,12,2,868,19637,1,,
316,2456,2,1045,19640,1,,
390,236,2,1021,19642,1,,
390,264,3,823,19642,1,,
390,266,5,1089,19642,1,,
440,281,8,823,19657,1,,
408,35,6,952,19658,1,,
438,-1,-1,-999,19664,2,v14_piggyback,1.0,19546,118
181,1724,4,988,19674,1,,
437,1207,7,823,19688,1,,
453,579,10,983,19688,1,,
441,343,5,957,19697,1,,
441,332,5,1038,19697,1,,
417,217,7,988,19699,1,,
288,27,8,988,19710,1,,
395,528,6,823,19718,1,,
117,1365,3,988,19718,1,,
412,-1,-1,-999,19726,2,v14_piggyback,2.0,19579,147
419,252,5,988,19727,1,,
148,1539,4,823,19742,1,,
56,88,6,823,19753,1,,
108,1,8,914,19755,1,,
108,3,6,914,19755,1,,
42,1238,4,1102,19768,1,,
416,189,10,891,19770,1,,
155,1575,4,1080,19772,1,,
363,60,7,716,19779,1,,
464,813,8,716,19791,1,,
413,122,4,1089,19792,1,,
150,1552,4,1089,19802,1,,
463,796,4,1093,19807,1,,
463,793,4,1046,19807,1,,
305,212,4,1080,19817,1,,
456,3104,3,716,19822,1,,
382,18,4,996,19829,1,,
415,159,9,914,19833,1,,
415,173,3,914,19833,1,,
465,825,4,1089,19844,1,,
408,35,9,716,19845,1,,
448,484,12,988,19849,1,,
266,2191,3,823,19852,1,,
364,200,8,1071,19857,1,,
207,149,12,914,19866,1,,
248,59,3,996,19881,1,,
397,640,12,914,19882,1,,
485,1161,12,878,19885,1,,
406,1059,6,878,19895,1,,
418,226,10,891,19906,1,,
418,234,8,914,19906,1,,
362,69,10,878,19909,1,,
466,847,10,914,19920,1,,
484,1148,5,878,19923,1,,
438,237,6,937,19929,1,,
183,1734,3,1080,19937,1,,
382,-1,-1,-999,19938,2,v14_piggyback,2.0,19829,109
181,1724,11,1040,19944,1,,
181,14,7,1097,19944,1,,
441,319,5,823,19947,1,,
445,413,9,891,19957,1,,
468,878,8,1097,19969,1,,
417,187,8,1111,19980,1,,
324,0,7,1050,19991,1,,
449,509,2,937,19993,1,,
266,-1,-1,-999,20000,2,v14_piggyback,5.0,19852,148
241,2054,2,1011,20005,1,,
404,978,8,1101,20011,1,,
113,1338,2,1021,20011,1,,
412,101,4,716,20020,1,,
337,6,4,878,20029,1,,
99,1251,1,1064,20033,1,,
316,2457,4,1038,20039,1,,
191,1777,2,1080,20040,1,,
408,-1,-1,-999,20062,2,v14_piggyback,3.0,19845,217
328,459,7,891,20065,1,,
456,654,7,1042,20065,1,,
234,131,8,1083,20073,1,,
306,376,6,914,20074,1,,
460,727,7,1107,20078,1,,
76,62,6,1125,20107,1,,
102,1271,6,891,20110,1,,
363,69,8,1028,20115,1,,
447,467,6,891,20119,1,,
468,-1,-1,-999,20124,2,v14_piggyback,1.0,19969,155
442,356,6,914,20132,1,,
341,6,6,1028,20132,1,,
413,137,4,1125,20147,1,,
424,511,6,1028,20156,1,,
338,136,5,914,20161,1,,
96,1233,3,1028,20164,1,,
207,1862,4,649,20168,1,,
62,7,6,1117,20174,1,,
321,2480,4,1028,20179,1,,
298,2360,3,1097,20180,1,,
416,173,3,914,20185,1,,
445,425,2,1080,20196,1,,
63,1876,2,1037,20203,1,,
327,530,9,1122,20205,1,,
440,292,3,1110,20211,1,,
437,174,8,1100,20221,1,,
271,2218,3,1110,20222,1,,
215,23,3,1005,20231,1,,
215,301,4,1005,20231,1,,
272,230,7,899,20235,1,,
423,418,10,1005,20245,1,,
322,389,7,1100,20256,1,,
324,0,7,462,20265,1,,
324,91,8,935,20265,1,,
74,5,11,499,20275,1,,
74,2395,3,499,20275,1,,
362,69,3,1028,20283,1,,
362,119,10,462,20283,1,,
321,-1,-1,-999,20289,2,v14_piggyback,5.0,20179,110
457,662,9,499,20290,1,,
94,13,4,1100,20293,1,,
161,1612,2,914,20298,1,,
4,46,4,1005,20299,1,,
4,28,8,935,20299,1,,
364,322,6,899,20302,1,,
158,151,3,1127,20307,1,,
412,106,8,1107,20316,1,,
412,133,4,1134,20316,1,,
99,1251,10,899,20322,1,,
188,1760,2,988,20329,1,,
451,552,11,462,20331,1,,
468,875,6,1088,20338,1,,
360,60,4,462,20347,1,,
360,1037,7,1134,20347,1,,
123,1399,5,462,20364,1,,
123,1396,3,462,20364,1,,
460,732,8,462,20376,1,,
289,2,7,462,20387,1,,
408,35,9,499,20387,1,,
250,59,9,919,20392,1,,
145,345,4,1115,20403,1,,
446,441,10,1052,20403,1,,
370,452,4,919,20410,1,,
422,350,2,1122,20417,1,,
300,26,11,1057,20421,1,,
102,1272,2,919,20424,1,,
270,2212,2,499,20435,1,,
270,162,6,1135,20435,1,,
441,324,6,1102,20440,1,,
363,121,7,1139,20449,1,,
468,-1,-1,-999,20449,2,v14_piggyback,1.0,20338,111
424,444,12,462,20457,1,,
256,259,6,1057,20461,1,,
54,4,6,1057,20473,1,,
341,6,2,462,20474,1,,
341,6,6,935,20474,1,,
437,140,11,919,20483,1,,
440,288,7,1052,20511,1,,
440,288,9,499,20511,1,,
440,292,10,1057,20511,1,,
289,-1,-1,-999,20512,2,v14_piggyback,3.0,20387,125
409,86,4,986,20524,1,,
409,79,5,986,20524,1,,
445,417,8,1110,20525,1,,
267,2199,3,1057,20533,1,,
229,205,6,462,20536,1,,
367,372,8,1128,20541,1,,
443,374,6,1139,20544,1,,
455,630,5,935,20547,1,,
371,591,6,1128,20552,1,,
458,698,5,1134,20557,1,,
421,358,4,966,20561,1,,
149,1542,4,1152,20579,1,,
149,43,7,1152,20579,1,,
361,49,8,921,20593,1,,
457,3108,3,1131,20598,1,,
466,847,5,935,20602,1,,
383,31,6,1128,20607,1,,
387,176,4,462,20611,1,,
440,-1,-1,-999,20620,2,v14_piggyback,1.0,20511,109
76,47,5,935,20621,1,,
448,489,4,861,20630,1,,
451,552,7,986,20634,1,,
347,2624,2,1139,20648,1,,
45,1312,8,861,20652,1,,
368,335,5,1113,20662,1,,
241,318,1,921,20670,1,,
241,2056,2,921,20670,1,,
135,1466,2,1135,20672,1,,
455,-1,-1,-999,20683,2,v14_piggyback,1.0,20547,136
18,1291,2,899,20695,1,,
423,493,3,986,20696,1,,
423,474,8,1154,20696,1,,
422,369,8,921,20703,1,,
417,225,4,993,20705,1,,
344,377,3,1106,20708,1,,
441,328,4,1146,20714,1,,
442,354,2,610,20717,1,,
360,12,4,986,20724,1,,
19,1253,6,610,20736,1,,
466,-1,-1,-999,20745,2,v14_piggyback,1.0,20602,143
111,1331,3,935,20767,1,,
231,95,2,1142,20774,1,,
468,881,4,1134,20776,1,,
370,537,3,861,20782,1,,
437,164,7,861,20795,1,,
5,28,10,1158,20801,1,,
66,1958,2,1120,20802,1,,
240,2049,2,1158,20805,1,,
451,-1,-1,-999,20807,2,v14_piggyback,1.0,20634,173
288,36,1,1158,20815,1,,
409,84,10,993,20815,1,,
4,1232,4,1142,20819,1,,
4,46,7,1142,20819,1,,
182,1727,2,1158,20823,1,,
289,2,4,986,20825,1,,
134,1458,2,462,20847,1,,
298,759,2,462,20854,1,,
177,1699,2,462,20860,1,,
0,22,8,1132,20866,1,,
417,-1,-1,-999,20869,2,v14_piggyback,1.0,20705,164
129,39,6,1156,20880,1,,
450,533,9,1132,20881,1,,
416,187,8,971,20894,1,,
440,288,2,499,20898,1,,
480,1089,2,1132,20908,1,,
418,232,7,971,20919,1,,
424,474,1,1154,20922,1,,
468,-1,-1,-999,20931,2,v14_piggyback,1.0,20776,155
458,687,2,921,20932,1,,
448,489,4,1120,20944,1,,
310,2423,2,935,20948,1,,
415,158,2,1152,20951,1,,
6,30,8,1172,20954,1,,
157,65,6,1157,20964,1,,
136,107,4,1171,20973,1,,
320,61,7,971,20978,1,,
455,630,5,935,20983,1,,
408,35,1,716,20988,1,,
66,-1,-1,-999,20993,2,v14_piggyback,2.0,20802,191
368,2727,1,867,20999,1,,
135,1465,4,999,20999,1,,
476,1023,2,1044,21009,1,,
281,2271,2,1147,21011,1,,
447,482,2,861,21016,1,,
442,354,10,971,21033,1,,
442,360,7,971,21033,1,,
425,532,2,971,21038,1,,
264,103,4,971,21045,1,,
283,20,8,1118,21059,1,,
406,1059,10,1118,21076,1,,
259,2156,2,1147,21076,1,,
376,951,2,1049,21080,1,,
275,378,6,1103,21085,1,,
306,361,12,1118,21094,1,,
466,847,1,935,21100,1,,
416,178,6,1147,21103,1,,
417,215,7,1163,21113,1,,
407,40,10,1170,21116,1,,
360,49,6,1180,21120,1,,
413,142,2,1170,21123,1,,
447,-1,-1,-999,21129,2,v14_piggyback,1.0,21016,113
452,576,8,968,21136,1,,
321,61,8,929,21141,1,,
361,11,2,968,21143,1,,
411,112,1,1059,21148,1,,
440,312,7,1118,21153,1,,
402,944,12,1180,21167,1,,
418,215,8,929,21174,1,,
485,1167,12,1032,21177,1,,
482,1115,6,1059,21185,1,,
374,834,10,1032,21193,1,,
480,1091,11,1044,21202,1,,
404,994,4,1032,21202,1,,
223,1955,3,980,21210,1,,
415,178,9,1170,21220,1,,
415,2927,2,1032,21220,1,,
458,693,6,1049,21222,1,,
128,177,5,929,21223,1,,
254,2127,3,980,21230,1,,
143,50,4,929,21230,1,,
426,550,6,958,21240,1,,
98,1247,4,1033,21246,1,,
386,171,8,1121,21257,1,,
425,2970,2,1078,21258,1,,
425,572,6,1033,21258,1,,
461,757,4,929,21265,1,,
258,2149,2,929,21277,1,,
388,120,8,1178,21277,1,,
408,56,9,1059,21287,1,,
403,944,6,1121,21288,1,,
88,3191,3,1121,21297,1,,
448,3071,2,929,21308,1,,
376,2758,1,945,21309,1,,
439,274,8,1178,21313,1,,
184,1740,1,929,21321,1,,
451,3084,2,971,21327,1,,
300,2369,3,1178,21343,1,,
416,182,8,1180,21343,1,,
476,1021,4,1059,21353,1,,
397,2848,1,958,21367,1,,
447,482,2,861,21369,1,,
447,469,8,1059,21369,1,,
455,632,2,1171,21378,1,,
360,11,6,968,21387,1,,
407,2891,1,1148,21396,1,,
407,48,4,1121,21396,1,,
407,40,6,1178,21396,1,,
421,329,10,1129,21409,1,,
422,329,1,1129,21414,1,,
440,292,12,1032,21415,1,,
88,-1,-1,-999,21417,2,v14_piggyback,1.0,21297,120
384,21,1,1121,21420,1,,
438,204,8,1129,21428,1,,
458,687,2,1181,21435,1,,
480,1096,12,1118,21442,1,,
396,619,10,1116,21449,1,,
257,471,10,1129,21451,1,,
98,1247,5,1000,21460,1,,
98,1248,2,1065,21460,1,,
306,408,9,1162,21466,1,,
474,980,4,1116,21467,1,,
408,40,2,1178,21476,1,,
123,1395,4,1162,21481,1,,
461,752,8,1105,21485,1,,
90,8,11,1173,21510,1,,
420,283,9,1173,21523,1,,
454,607,4,936,21526,1,,
419,263,4,1119,21530,1,,
286,2298,3,1162,21539,1,,
286,211,4,936,21539,1,,
146,1529,4,1144,21545,1,,
447,467,4,971,21557,1,,
439,258,8,1124,21559,1,,
289,2311,2,1119,21562,1,,
392,313,6,898,21562,1,,
463,793,2,1144,21565,1,,
338,298,6,1166,21574,1,,
445,423,4,1144,21574,1,,
451,552,1,986,21580,1,,
416,159,8,1162,21588,1,,
461,-1,-1,-999,21597,2,v14_piggyback,1.0,21485,112
75,2494,4,898,21607,1,,
75,3,8,1203,21607,1,,
285,20,3,1166,21617,1,,
285,2,2,1166,21617,1,,
383,34,3,835,21626,1,,
231,95,5,1202,21626,1,,
129,45,4,1166,21626,1,,
411,98,10,835,21642,1,,
273,278,4,1182,21647,1,,
385,34,2,835,21648,1,,
339,287,6,1184,21649,1,,
63,7,5,1182,21665,1,,
63,7,6,1202,21665,1,,
439,-1,-1,-999,21669,2,v14_piggyback,1.0,21559,110
115,1349,4,835,21676,1,,
466,843,4,1182,21678,1,,
157,65,4,835,21685,1,,
459,704,4,1166,21699,1,,
43,5,9,1194,21703,1,,
326,510,2,936,21710,1,,
438,249,6,1169,21711,1,,
229,400,8,1175,21715,1,,
384,52,1,1169,21731,1,,
384,31,2,1169,21731,1,,
383,-1,-1,-999,21735,2,v14_piggyback,3.0,21626,109
471,3166,4,1175,21738,1,,
465,827,1,1175,21742,1,,
426,618,2,1169,21743,1,,
288,2,1,1166,21744,1,,
4,46,6,1174,21752,1,,
146,1529,3,961,21753,1,,
414,135,3,1174,21757,1,,
480,1085,8,980,21763,1,,
454,604,5,1185,21789,1,,
454,612,9,898,21789,1,,
454,623,4,1166,21789,1,,
224,286,3,985,21793,1,,
286,2,2,1166,21796,1,,
158,65,6,1206,21807,1,,
53,88,10,1151,21812,1,,
382,1197,2,1206,21819,1,,
320,213,10,1151,21832,1,,
238,2042,2,1174,21838,1,,
461,752,3,1105,21848,1,,
130,45,10,1199,21849,1,,
445,427,4,1176,21850,1,,
445,413,4,1085,21850,1,,
5,46,5,1216,21856,1,,
385,52,3,1169,21861,1,,
385,31,3,1169,21861,1,,
441,320,9,1199,21864,1,,
415,150,5,1215,21876,1,,
439,258,2,1124,21878,1,,
97,1239,11,1029,21882,1,,
225,83,10,1019,21891,1,,
199,165,6,1199,21893,1,,
475,999,3,1019,21896,1,,
39,44,5,1029,21904,1,,
451,542,12,835,21904,1,,
286,-1,-1,-999,21912,2,v14_piggyback,2.0,21796,116
131,141,9,1126,21922,1,,
10,1316,4,1126,21943,1,,
10,46,11,1126,21943,1,,
448,498,2,1215,21947,1,,
289,2,4,1166,21958,1,,
416,182,9,1126,21964,1,,
321,0,9,1219,21969,1,,
445,-1,-1,-999,21974,2,v14_piggyback,1.0,21850,124
412,114,7,1126,21980,1,,
480,1097,8,1144,22004,1,,
89,8,10,1167,22012,1,,
383,34,1,835,22026,1,,
383,52,5,1169,22026,1,,
383,31,3,1169,22026,1,,
383,18,6,1219,22026,1,,
410,87,10,1155,22029,1,,
471,927,4,985,22030,1,,
471,937,3,1221,22030,1,,
39,-1,-1,-999,22036,2,v14_piggyback,2.0,21904,132
429,800,6,1126,22039,1,,
442,363,6,1068,22039,1,,
324,0,2,1167,22049,1,,
324,61,11,1209,22049,1,,
290,291,6,1068,22051,1,,
409,87,5,1068,22062,1,,
457,659,11,1209,22066,1,,
454,624,6,985,22077,1,,
454,602,9,1215,22077,1,,
118,1367,10,1209,22082,1,,
390,208,2,1068,22092,1,,
6,28,10,1209,22099,1,,
306,376,8,679,22101,1,,
479,1078,9,896,22112,1,,
200,260,8,1155,22112,1,,
198,317,4,896,22123,1,,
7,1308,2,896,22129,1,,
220,1942,2,896,22136,1,,
449,512,8,679,22137,1,,
229,118,7,1155,22147,1,,
465,828,6,985,22156,1,,
109,1,5,1223,22157,1,,
221,240,4,1221,22163,1,,
420,302,4,679,22170,1,,
286,2,4,1126,22179,1,,
169,1657,4,1151,22183,1,,
169,126,6,1200,22183,1,,
475,1004,6,679,22189,1,,
166,1640,6,1209,22195,1,,
438,237,4,936,22204,1,,
439,274,8,1068,22213,1,,
439,262,5,1068,22213,1,,
470,910,4,1167,22213,1,,
384,42,3,1019,22214,1,,
479,-1,-1,-999,22221,2,v14_piggyback,1.0,22112,109
0,41,8,1220,22227,1,,
412,99,2,1225,22238,1,,
412,111,10,679,22238,1,,
408,68,11,1220,22244,1,,
382,18,4,1167,22253,1,,
300,2369,2,1209,22262,1,,
488,1209,8,1190,22268,1,,
447,482,4,936,22273,1,,
359,49,3,1167,22281,1,,
383,42,5,1019,22282,1,,
383,34,6,1126,22282,1,,
186,67,8,1190,22282,1,,
15,1225,3,679,22288,1,,
421,341,6,1196,22294,1,,
442,360,6,896,22306,1,,
403,977,1,1225,22312,1,,
445,413,6,1085,22317,1,,
48,1397,2,1167,22333,1,,
413,133,4,1237,22352,1,,
409,86,10,1196,22362,1,,
409,74,10,1212,22362,1,,
473,960,7,1104,22363,1,,
152,1558,4,1104,22370,1,,
321,0,4,1211,22371,1,,
411,105,1,1104,22373,1,,
441,320,2,1029,22377,1,,
386,127,5,1212,22381,1,,
358,1012,7,1238,22390,1,,
449,516,8,1137,22396,1,,
49,1397,2,1201,22400,1,,
49,1383,3,1091,22400,1,,
479,1077,9,1196,22407,1,,
63,1873,1,1212,22419,1,,
289,2315,2,1068,22426,1,,
3,3,10,1245,22427,1,,
136,107,8,1191,22436,1,,
412,102,7,1190,22439,1,,
439,265,6,936,22446,1,,
353,717,7,1191,22447,1,,
259,2152,1,1167,22451,1,,
414,143,6,1191,22465,1,,
408,40,4,1212,22476,1,,
351,700,8,917,22476,1,,
321,-1,-1,-999,22482,2,v14_piggyback,4.0,22371,111
415,161,6,1191,22486,1,,
322,71,4,1249,22493,1,,
348,2626,3,917,22503,1,,
348,651,10,1096,22503,1,,
382,18,6,1104,22513,1,,
387,132,4,1213,22513,1,,
300,2368,4,1227,22518,1,,
1,41,5,1099,22521,1,,
114,1345,6,1191,22530,1,,
248,157,8,1244,22532,1,,
383,34,9,896,22533,1,,
135,107,4,1253,22562,1,,
343,377,7,1244,22567,1,,
456,656,5,1099,22570,1,,
449,500,4,1220,22575,1,,
444,403,4,1244,22576,1,,
375,951,2,1098,22583,1,,
409,79,2,1098,22589,1,,
339,298,6,1251,22590,1,,
425,566,5,678,22600,1,,
344,406,4,1179,22602,1,,
438,204,8,678,22614,1,,
410,76,7,1241,22615,1,,
186,67,4,1191,22625,1,,
469,900,9,1149,22629,1,,
411,105,6,678,22640,1,,
299,57,4,1191,22642,1,,
383,-1,-1,-999,22645,2,v14_piggyback,3.0,22533,112
128,89,4,1232,22645,1,,
443,384,5,678,22651,1,,
473,955,3,1191,22662,1,,
364,194,9,1189,22675,1,,
412,133,6,1237,22693,1,,
132,1445,2,1027,22698,1,,
407,48,8,1149,22699,1,,
439,280,10,1244,22706,1,,
451,557,6,1250,22707,1,,
456,-1,-1,-999,22707,2,v14_piggyback,1.0,22570,137
408,40,9,678,22714,1,,
129,115,5,1250,22727,1,,
470,918,3,1250,22746,1,,
414,158,2,1076,22747,1,,
448,498,2,1076,22754,1,,
417,203,7,1149,22764,1,,
180,104,4,1208,22765,1,,
180,153,10,1208,22765,1,,
449,-1,-1,-999,22769,2,v14_piggyback,1.0,22575,194
251,318,7,1208,22779,1,,
437,140,5,1208,22787,1,,
362,69,7,1070,22790,1,,
147,1532,4,1208,22794,1,,
416,197,6,1039,22802,1,,
363,220,6,1183,22813,1,,
269,2205,4,1248,22821,1,,
471,937,6,1070,22825,1,,
444,-1,-1,-999,22831,2,v14_piggyback,1.0,22576,255
464,799,5,1039,22835,1,,
409,76,3,1241,22841,1,,
409,76,6,1234,22841,1,,
409,87,1,1232,22841,1,,
365,201,2,1208,22846,1,,
410,87,7,1232,22871,1,,
410,97,6,1076,22871,1,,
385,32,4,1189,22874,1,,
275,275,12,1009,22876,1,,
130,1434,4,678,22884,1,,
438,-1,-1,-999,22893,2,v14_piggyback,1.0,22614,279
137,147,10,1258,22894,1,,
443,373,8,1039,22898,1,,
383,34,2,896,22908,1,,
383,32,3,1189,22908,1,,
274,278,12,1258,22911,1,,
264,162,3,1207,22930,1,,
440,292,4,1189,22947,1,,
451,559,3,1076,22954,1,,
407,-1,-1,-999,22955,2,v14_piggyback,1.0,22699,256
386,94,7,1009,22957,1,,
412,125,7,1251,22962,1,,
412,105,2,678,22962,1,,
78,24,7,1258,22971,1,,
456,656,7,1099,22984,1,,
54,4,5,1270,22994,1,,
0,2520,2,1009,23001,1,,
155,1573,3,1070,23004,1,,
448,495,8,1248,23008,1,,
379,2771,3,1039,23012,1,,
437,-1,-1,-999,23017,2,v14_piggyback,1.0,22787,230
470,914,12,1009,23019,1,,
361,69,1,1070,23025,1,,
135,1462,2,1027,23026,1,,
417,197,2,1039,23032,1,,
380,1047,3,1051,23040,1,,
487,1199,2,1090,23044,1,,
467,862,9,1090,23065,1,,
352,694,8,1259,23079,1,,
409,-1,-1,-999,23079,2,v14_piggyback,2.0,22841,238
184,104,2,1258,23082,1,,
436,1188,2,1009,23089,1,,
471,926,2,1090,23091,1,,
439,255,1,1147,23120,1,,
360,12,10,1226,23121,1,,
132,1449,1,1258,23131,1,,
444,397,6,992,23131,1,,
444,397,8,1098,23131,1,,
443,380,1,1090,23137,1,,
418,222,11,1256,23139,1,,
440,-1,-1,-999,23141,2,v14_piggyback,1.0,22947,194
438,227,8,1149,23161,1,,
438,190,7,1070,23161,1,,
195,228,10,677,23164,1,,
141,170,8,1256,23175,1,,
153,1566,7,677,23177,1,,
415,182,7,1256,23188,1,,
477,1038,6,677,23189,1,,
386,127,7,1228,23196,1,,
386,72,8,1228,23196,1,,
470,-1,-1,-999,23203,2,v14_piggyback,1.0,23019,184
384,21,6,974,23205,1,,
383,42,6,1208,23207,1,,
60,7,4,1228,23216,1,,
125,1411,1,677,23221,1,,
111,1331,4,1228,23226,1,,
412,108,6,1159,23232,1,,
446,441,3,1159,23241,1,,
247,2086,3,1228,23264,1,,
443,-1,-1,-999,23266,2,v14_piggyback,1.0,23137,129
98,1245,2,974,23275,1,,
451,548,3,1259,23281,1,,
451,557,8,677,23281,1,,
392,462,4,1224,23284,1,,
3,9,10,1278,23292,1,,
448,494,7,1090,23294,1,,
128,614,2,1228,23299,1,,
79,24,10,1224,23301,1,,
285,2291,2,1228,23306,1,,
437,140,2,1208,23322,1,,
467,867,10,1264,23325,1,,
182,191,4,1278,23334,1,,
321,0,7,1280,23353,1,,
446,-1,-1,-999,23356,2,v14_piggyback,1.0,23241,115
409,87,3,1232,23361,1,,
1,41,6,1268,23361,1,,
417,226,10,1159,23369,1,,
417,232,11,974,23369,1,,
416,175,6,1280,23372,1,,
444,403,10,677,23388,1,,
99,1251,5,1265,23389,1,,
99,8,8,1265,23389,1,,
219,1930,3,1268,23399,1,,
440,314,3,1265,23401,1,,
440,314,4,974,23401,1,,
439,258,2,1262,23411,1,,
64,7,6,1290,23413,1,,
98,-1,-1,-999,23418,2,v14_piggyback,1.0,23275,143
438,190,3,1009,23419,1,,
153,1565,6,948,23425,1,,
201,144,6,1282,23435,1,,
201,165,9,837,23435,1,,
151,16,4,1295,23449,1,,
52,9,6,1282,23457,1,,
52,88,8,837,23457,1,,
477,1049,4,1041,23458,1,,
486,1184,4,1282,23466,1,,
412,102,6,1264,23470,1,,
266,33,11,837,23483,1,,
353,787,2,837,23490,1,,
443,380,7,1090,23493,1,,
99,-1,-1,-999,23498,2,v14_piggyback,1.0,23389,109
169,139,6,1294,23500,1,,
110,1,9,837,23505,1,,
344,2602,3,1290,23513,1,,
433,1003,4,1294,23527,1,,
448,498,2,1265,23538,1,,
434,965,2,1252,23544,1,,
244,59,10,1077,23546,1,,
157,1586,2,1294,23551,1,,
0,41,2,1077,23553,1,,
182,1728,2,1222,23558,1,,
287,77,7,1077,23566,1,,
446,441,4,1159,23575,1,,
446,3064,4,1193,23575,1,,
235,131,7,1287,23579,1,,
416,187,6,1282,23589,1,,
416,187,2,837,23589,1,,
266,-1,-1,-999,23592,2,v14_piggyback,2.0,23483,109
159,192,9,1218,23595,1,,
409,70,12,1280,23598,1,,
411,112,1,1218,23598,1,,
417,187,5,837,23605,1,,
417,232,5,837,23605,1,,
462,764,8,1273,23610,1,,
444,403,6,1228,23624,1,,
229,205,10,1301,23625,1,,
410,92,4,1300,23639,1,,
454,607,6,1301,23648,1,,
302,2383,2,1193,23648,1,,
243,64,9,1279,23661,1,,
467,867,2,837,23664,1,,
439,251,8,1300,23673,1,,
98,1245,6,974,23681,1,,
418,232,1,837,23687,1,,
424,505,10,1299,23687,1,,
153,1565,2,837,23693,1,,
417,-1,-1,-999,23714,2,v14_piggyback,2.0,23605,109
41,5,2,561,23715,1,,
301,26,12,1109,23720,1,,
383,32,2,837,23726,1,,
456,642,5,1307,23733,1,,
99,1251,3,1265,23740,1,,
1,22,8,1307,23745,1,,
340,304,8,1307,23757,1,,
477,1048,10,1077,23760,1,,
412,112,3,1218,23765,1,,
412,105,2,1273,23765,1,,
283,38,3,1301,23772,1,,
283,77,5,1299,23772,1,,
444,-1,-1,-999,23777,2,v14_piggyback,1.0,23624,153
161,151,9,941,23777,1,,
303,124,7,941,23792,1,,
366,194,8,1279,23798,1,,
425,511,6,1263,23808,1,,
367,351,6,941,23817,1,,
298,759,6,1266,23817,1,,
157,1585,8,1273,23829,1,,
467,-1,-1,-999,23839,2,v14_piggyback,1.0,23664,175
448,498,1,561,23844,1,,
347,551,2,941,23850,1,,
438,218,8,1297,23853,1,,
368,351,8,1192,23855,1,,
88,47,6,1297,23864,1,,
110,1,11,1192,23870,1,,
409,92,5,1300,23878,1,,
230,321,6,1246,23888,1,,
455,637,6,1192,23897,1,,
418,-1,-1,-999,23901,2,v14_piggyback,2.0,23687,214
410,98,5,1192,23905,1,,
291,439,8,1123,23914,1,,
291,336,1,1123,23914,1,,
394,514,4,1279,23920,1,,
415,178,4,1297,23923,1,,
199,81,6,1266,23935,1,,
200,149,4,848,23944,1,,
462,781,2,620,23947,1,,
462,783,10,561,23947,1,,
181,1722,4,848,23953,1,,
421,358,5,1314,23958,1,,
229,420,6,1325,23961,1,,
371,670,4,848,23962,1,,
448,-1,-1,-999,23963,2,v14_piggyback,1.0,23844,119
302,26,7,1314,23971,1,,
201,165,10,1269,23979,1,,
457,658,4,1297,23988,1,,
439,274,5,1314,23996,1,,
214,185,4,1192,23999,1,,
214,301,6,1236,23999,1,,
159,75,3,1314,24008,1,,
88,-1,-1,-999,24025,2,v14_piggyback,1.0,23864,161
332,894,4,1314,24031,1,,
465,830,10,1236,24033,1,,
319,2469,3,1314,24060,1,,
231,205,6,1236,24061,1,,
486,1175,3,1283,24070,1,,
129,45,7,1236,24077,1,,
443,365,7,1292,24079,1,,
410,-1,-1,-999,24087,2,v14_piggyback,2.0,23905,182
383,31,3,1123,24097,1,,
333,865,12,1292,24097,1,,
286,2297,3,1334,24105,1,,
444,403,5,1228,24115,1,,
398,747,8,1243,24118,1,,
417,232,3,837,24122,1,,
417,203,8,1297,24122,1,,
417,217,6,848,24122,1,,
202,185,3,1177,24124,1,,
411,98,4,1192,24131,1,,
163,14,4,1246,24138,1,,
438,206,7,1323,24139,1,,
467,867,2,837,24149,1,,
462,-1,-1,-999,24149,2,v14_piggyback,1.0,23947,202
400,786,4,1236,24150,1,,
418,239,5,1246,24161,1,,
188,1759,2,1017,24183,1,,
299,57,5,1281,24187,1,,
179,1711,4,1281,24196,1,,
412,105,2,1123,24201,1,,
409,76,4,917,24208,1,,
445,426,6,1197,24217,1,,
455,629,9,1281,24222,1,,
230,1999,2,1072,24224,1,,
396,2843,2,1177,24241,1,,
439,262,6,1324,24244,1,,
439,255,6,1334,24244,1,,
211,1883,2,1197,24248,1,,
448,498,7,561,24257,1,,
376,2759,2,1236,24261,1,,
354,814,2,1322,24262,1,,
353,720,12,1277,24275,1,,
484,1155,8,1277,24289,1,,
164,14,11,1277,24307,1,,
212,231,11,1254,24315,1,,
203,144,10,822,24318,1,,
2,37,6,1277,24319,1,,
486,1179,8,1017,24332,1,,
383,18,8,1277,24333,1,,
343,377,8,1254,24338,1,,
367,372,10,1306,24348,1,,
399,716,6,1306,24360,1,,
266,33,9,1271,24361,1,,
199,1822,3,1254,24367,1,,
269,2205,3,1254,24372,1,,
361,12,8,822,24374,1,,
444,409,1,1192,24387,1,,
355,717,12,822,24392,1,,
370,507,7,1349,24405,1,,
479,1072,5,1306,24415,1,,
443,375,10,1281,24417,1,,
443,386,9,1277,24417,1,,
356,774,6,1310,24429,1,,
372,591,11,1276,24433,1,,
363,156,11,1327,24441,1,,
410,92,7,1277,24441,1,,
435,1110,5,1354,24446,1,,
163,1621,10,1197,24455,1,,
118,1367,6,1277,24455,1,,
128,115,6,1333,24467,1,,
267,33,9,1331,24468,1,,
266,-1,-1,-999,24472,2,v14_piggyback,2.0,24361,111
250,2104,3,1345,24484,1,,
364,69,5,1277,24498,1,,
202,144,10,1327,24510,1,,
412,102,3,1333,24513,1,,
413,143,2,1354,24515,1,,
3,41,4,1331,24517,1,,
257,233,3,1086,24521,1,,
353,2656,4,1086,24530,1,,
182,1728,2,1281,24542,1,,
438,227,8,1322,24546,1,,
438,218,2,822,24546,1,,
438,249,12,1306,24546,1,,
420,302,1,1197,24552,1,,
434,1065,4,1328,24555,1,,
462,783,2,561,24555,1,,
118,-1,-1,-999,24564,2,v14_piggyback,1.0,24455,109
249,318,5,1336,24581,1,,
470,919,2,1327,24586,1,,
288,2309,2,1328,24589,1,,
116,1360,2,1336,24590,1,,
409,70,2,1328,24596,1,,
124,1,8,1240,24607,1,,
163,-1,-1,-999,24627,2,v14_piggyback,1.0,24455,172
256,488,6,1337,24635,1,,
361,12,8,1349,24645,1,,
383,32,11,1333,24663,1,,
433,1009,12,180,24664,1,,
444,397,8,1327,24671,1,,
164,1627,4,1086,24672,1,,
441,324,9,180,24679,1,,
483,1139,4,1240,24687,1,,
412,-1,-1,-999,24689,2,v14_piggyback,2.0,24513,176
4,51,12,180,24698,1,,
349,2631,2,1292,24698,1,,
360,60,6,1240,24702,1,,
273,278,2,1240,24708,1,,
313,545,9,180,24713,1,,
460,3122,4,1240,24717,1,,
445,428,8,180,24727,1,,
363,2704,2,1345,24732,1,,
159,1597,1,1334,24744,1,,
458,686,7,180,24748,1,,
438,-1,-1,-999,24751,2,v14_piggyback,1.0,24546,205
258,488,3,1377,24761,1,,
274,297,4,1353,24774,1,,
452,578,4,1363,24786,1,,
442,353,7,180,24787,1,,
259,296,5,1380,24796,1,,
364,322,1,1336,24796,1,,
361,-1,-1,-999,24813,2,v14_piggyback,1.0,24645,168
362,121,6,1380,24818,1,,
435,1033,10,180,24818,1,,
418,241,6,180,24830,1,,
249,2098,2,864,24832,1,,
105,1289,6,180,24847,1,,
391,208,3,1343,24853,1,,
224,83,8,1368,24855,1,,
479,1071,6,1354,24859,1,,
256,2135,2,1240,24860,1,,
160,1605,11,1343,24871,1,,
383,-1,-1,-999,24875,2,v14_piggyback,3.0,24663,212
352,592,8,1343,24885,1,,
437,174,8,1275,24893,1,,
470,911,4,1365,24894,1,,
275,277,8,1275,24905,1,,
390,236,8,1365,24908,1,,
412,102,4,1279,24912,1,,
441,340,9,1319,24922,1,,
441,331,7,1233,24922,1,,
161,192,6,576,24922,1,,
360,11,10,1368,24926,1,,
135,1461,7,576,24934,1,,
313,2439,4,1210,24967,1,,
460,739,7,1205,24971,1,,
289,2,4,1373,24978,1,,
159,1595,10,1363,24985,1,,
438,227,2,1322,24991,1,,
438,249,2,1313,24991,1,,
476,1019,5,576,24995,1,,
62,1868,2,1373,24995,1,,
312,2432,4,977,25005,1,,
449,509,4,1373,25007,1,,
442,355,10,1313,25007,1,,
64,7,4,1392,25014,1,,
170,1660,2,1382,25019,1,,
348,589,4,977,25026,1,,
348,592,10,1329,25026,1,,
441,-1,-1,-999,25035,2,v14_piggyback,2.0,24922,113
321,0,4,977,25035,1,,
428,758,6,1329,25051,1,,
374,778,4,977,25061,1,,
391,210,9,977,25076,1,,
39,63,10,1330,25084,1,,
386,146,7,1371,25087,1,,
189,1768,10,1329,25092,1,,
320,850,8,1355,25106,1,,
44,5,7,1389,25112,1,,
157,1587,3,977,25114,1,,
442,-1,-1,-999,25119,2,v14_piggyback,1.0,25007,112
437,179,6,1304,25129,1,,
437,174,6,1373,25129,1,,
0,22,5,1393,25137,1,,
125,110,6,1305,25141,1,,
125,1410,6,1305,25141,1,,
469,889,6,1389,25146,1,,
317,2461,3,1344,25149,1,,
364,322,3,1389,25152,1,,
412,101,4,1332,25159,1,,
384,53,6,1344,25170,1,,
220,1935,2,1305,25179,1,,
321,-1,-1,-999,25181,2,v14_piggyback,2.0,25035,146
470,914,6,576,25184,1,,
253,2118,3,977,25192,1,,
387,94,11,1305,25201,1,,
400,671,6,1303,25213,1,,
224,286,8,1403,25215,1,,
460,733,7,1373,25224,1,,
445,429,3,1363,25228,1,,
427,627,1,1242,25234,1,,
371,2737,2,1329,25241,1,,
39,-1,-1,-999,25243,2,v14_piggyback,2.0,25084,159
438,227,5,1382,25247,1,,
441,331,1,1233,25252,1,,
458,699,3,1272,25262,1,,
401,786,4,1272,25269,1,,
137,107,12,1335,25276,1,,
449,508,3,1303,25282,1,,
408,68,7,1335,25309,1,,
387,-1,-1,-999,25310,2,v14_piggyback,3.0,25201,109
338,2572,3,1272,25311,1,,
386,72,3,1384,25312,1,,
315,2452,2,1272,25316,1,,
265,2189,4,1335,25323,1,,
323,2493,3,1255,25325,1,,
353,2654,1,1335,25329,1,,
228,1986,2,1338,25332,1,,
65,7,11,1335,25347,1,,
361,2694,1,1272,25360,1,,
272,2224,2,1407,25363,1,,
442,359,9,1371,25378,1,,
202,1834,2,1285,25385,1,,
388,80,4,1407,25394,1,,
312,2433,4,1338,25396,1,,
178,1709,2,1285,25401,1,,
225,83,4,1285,25410,1,,
352,700,10,1401,25416,1,,
287,470,11,1387,25434,1,,
469,885,11,1303,25436,1,,
288,2308,1,1401,25440,1,,
163,14,4,1412,25450,1,,
467,864,8,1395,25461,1,,
215,286,11,1395,25476,1,,
216,301,6,1408,25488,1,,
216,339,5,1408,25488,1,,
412,102,6,1333,25488,1,,
412,108,4,1372,25488,1,,
412,125,4,1335,25488,1,,
412,99,5,1317,25488,1,,
320,196,12,1395,25492,1,,
201,144,8,1410,25502,1,,
458,3115,4,1255,25508,1,,
458,684,6,1338,25508,1,,
44,44,7,1317,25511,1,,
44,5,8,1361,25511,1,,
229,276,4,1395,25515,1,,
214,339,5,1410,25517,1,,
214,271,4,1348,25517,1,,
341,304,8,1361,25524,1,,
470,919,8,1408,25531,1,,
0,46,4,1339,25534,1,,
468,874,4,1339,25543,1,,
266,90,5,1317,25553,1,,
107,1304,6,1408,25554,1,,
449,504,6,1272,25558,1,,
449,512,10,1395,25558,1,,
456,642,4,1317,25562,1,,
170,16,2,1410,25564,1,,
170,1661,3,1408,25564,1,,
138,1482,3,1361,25575,1,,
416,167,5,1348,25583,1,,
256,2135,2,1361,25603,1,,
80,24,8,1400,25606,1,,
80,3,8,1400,25606,1,,
228,1990,2,460,25608,1,,
299,15,5,1410,25617,1,,
442,344,2,1240,25624,1,,
109,1,6,1400,25628,1,,
301,759,12,1357,25638,1,,
467,857,2,1406,25638,1,,
452,560,6,1396,25640,1,,
468,-1,-1,-999,25652,2,v14_piggyback,1.0,25543,109
473,962,7,1396,25653,1,,
444,397,8,1284,25666,1,,
302,15,4,1359,25675,1,,
302,15,8,1418,25675,1,,
302,152,7,1369,25675,1,,
443,365,5,1410,25678,1,,
483,1141,8,747,25680,1,,
300,124,2,1339,25682,1,,
257,488,6,747,25689,1,,
112,1333,9,747,25707,1,,
111,110,2,1369,25709,1,,
111,1,8,1369,25709,1,,
435,1073,4,1284,25714,1,,
266,-1,-1,-999,25714,2,v14_piggyback,2.0,25553,161
338,109,4,747,25721,1,,
297,2355,2,747,25725,1,,
3,37,8,1418,25733,1,,
268,2202,4,1390,25747,1,,
102,58,4,1340,25756,1,,
136,130,6,1369,25762,1,,
298,15,4,1396,25765,1,,
216,23,6,1357,25774,1,,
113,3,7,1315,25778,1,,
113,1,12,1386,25778,1,,
444,-1,-1,-999,25782,2,v14_piggyback,1.0,25666,116
222,23,2,1390,25782,1,,
222,1953,2,1396,25782,1,,
2,41,4,1415,25788,1,,
454,623,4,1359,25797,1,,
305,346,4,1340,25807,1,,
344,334,6,1369,25809,1,,
306,212,1,1341,25813,1,,
340,136,8,1315,25816,1,,
340,85,3,1386,25816,1,,
470,913,6,1396,25824,1,,
387,72,1,1384,25830,1,,
114,110,6,1195,25855,1,,
114,45,4,1391,25855,1,,
114,1,8,1391,25855,1,,
352,700,3,1410,25856,1,,
394,472,10,1315,25869,1,,
442,355,10,1410,25873,1,,
439,253,1,1396,25876,1,,
416,173,9,1284,25886,1,,
416,182,3,1428,25886,1,,
115,1,10,1443,25896,1,,
291,563,2,1315,25899,1,,
291,381,7,1428,25899,1,,
468,880,3,1423,25904,1,,
372,2743,4,1195,25917,1,,
372,591,9,1391,25917,1,,
66,1946,4,1391,25930,1,,
66,88,5,1391,25930,1,,
110,13,9,1188,25939,1,,
110,110,9,1188,25939,1,,
405,994,9,1386,25945,1,,
389,176,2,1425,25951,1,,
116,1,6,1440,25952,1,,
440,295,9,1428,25960,1,,
417,232,8,1188,25966,1,,
96,1234,8,1386,25974,1,,
102,1271,3,1267,25978,1,,
102,1270,12,1429,25978,1,,
438,204,10,1188,25982,1,,
156,1581,1,1425,25985,1,,
443,373,8,1315,25988,1,,
461,751,8,1188,25996,1,,
416,-1,-1,-999,25997,2,v14_piggyback,2.0,25886,111
120,1381,5,1188,26007,1,,
362,172,8,1188,26020,1,,
266,33,2,1448,26029,1,,
84,24,2,1188,26029,1,,
84,3021,2,982,26029,1,,
237,2036,2,982,26036,1,,
216,1912,1,1390,26038,1,,
288,20,2,1430,26043,1,,
387,176,4,1425,26055,1,,
468,-1,-1,-999,26059,2,v14_piggyback,1.0,25904,155
412,101,6,1275,26063,1,,
78,58,6,1444,26065,1,,
415,182,5,1428,26074,1,,
470,911,7,1448,26080,1,,
467,867,6,1284,26085,1,,
441,325,5,1444,26106,1,,
442,353,7,1284,26109,1,,
442,353,9,747,26109,1,,
86,62,6,1447,26110,1,,
86,347,6,1447,26110,1,,
66,-1,-1,-999,26121,2,v14_piggyback,2.0,25930,191
189,1765,3,1444,26125,1,,
464,807,5,1315,26125,1,,
395,556,4,1391,26138,1,,
132,110,4,1447,26156,1,,
132,1447,5,1350,26156,1,,
413,142,4,1386,26175,1,,
207,1864,2,1188,26178,1,,
207,149,8,1447,26178,1,,
96,-1,-1,-999,26183,2,v14_piggyback,1.0,25974,209
343,2601,1,1284,26184,1,,
343,334,3,1315,26184,1,,
383,52,7,1447,26190,1,,
113,1339,4,1428,26193,1,,
165,10,3,1379,26202,1,,
165,1635,3,1379,26202,1,,
410,97,10,782,26202,1,,
407,48,7,1350,26215,1,,
143,50,4,1315,26216,1,,
465,825,11,1160,26217,1,,
458,698,8,782,26229,1,,
239,2043,3,1391,26243,1,,
417,197,8,1367,26245,1,,
266,-1,-1,-999,26245,2,v14_piggyback,2.0,26029,216
235,131,6,1379,26256,1,,
156,1579,7,1430,26268,1,,
1,22,4,1447,26271,1,,
340,136,8,1160,26280,1,,
386,146,6,782,26289,1,,
461,750,3,1394,26293,1,,
461,752,12,1350,26293,1,,
232,95,9,1459,26294,1,,
409,79,4,1456,26296,1,,
414,134,3,1160,26302,1,,
439,258,4,1367,26302,1,,
442,-1,-1,-999,26307,2,v14_piggyback,1.0,26109,198
370,591,3,1391,26314,1,,
387,72,11,1160,26330,1,,
387,168,2,1433,26330,1,,
185,1746,2,1315,26334,1,,
182,1729,3,1195,26341,1,,
457,667,2,1160,26342,1,,
334,1068,2,1315,26348,1,,
468,883,10,1188,26355,1,,
120,1382,6,982,26365,1,,
418,232,12,1399,26374,1,,
440,288,4,1367,26376,1,,
484,1150,3,1350,26381,1,,
142,1504,2,1391,26382,1,,
168,1653,1,1188,26393,1,,
464,820,10,1138,26398,1,,
441,323,10,1160,26410,1,,
96,1234,3,1386,26424,1,,
470,912,11,782,26427,1,,
470,915,1,1437,26427,1,,
360,2690,2,1379,26434,1,,
390,247,6,1399,26440,1,,
444,409,1,1361,26444,1,,
189,1768,8,1231,26451,1,,
182,-1,-1,-999,26454,2,v14_piggyback,1.0,26341,113
388,94,6,1466,26461,1,,
332,730,4,1402,26463,1,,
158,65,9,1435,26467,1,,
465,836,7,1433,26471,1,,
192,184,6,1435,26477,1,,
419,241,6,1417,26481,1,,
391,208,5,1435,26485,1,,
113,1337,6,782,26491,1,,
237,2037,2,1437,26496,1,,
462,783,2,1437,26501,1,,
468,-1,-1,-999,26517,2,v14_piggyback,1.0,26355,162
383,32,2,1402,26521,1,,
389,208,1,1460,26524,1,,
185,1743,3,1383,26537,1,,
385,21,10,1471,26553,1,,
387,176,11,1399,26561,1,,
5,28,7,1431,26563,1,,
414,142,3,1386,26574,1,,
159,65,9,1457,26576,1,,
464,-1,-1,-999,26579,2,v14_piggyback,1.0,26398,181
39,63,5,1457,26585,1,,
478,1066,8,1136,26588,1,,
193,191,4,1460,26592,1,,
334,2550,3,1326,26604,1,,
6,37,5,1439,26631,1,,
6,28,8,1424,26631,1,,
439,251,8,1160,26634,1,,
321,0,2,1136,26635,1,,
388,-1,-1,-999,26641,2,v14_piggyback,2.0,26461,180
418,241,10,1479,26647,1,,
440,311,12,1435,26649,1,,
420,267,9,1397,26666,1,,
42,22,5,1439,26667,1,,
42,29,6,1439,26667,1,,
194,113,7,1472,26679,1,,
480,1085,8,1439,26681,1,,
417,225,6,1397,26691,1,,
390,236,10,1439,26697,1,,
414,-1,-1,-999,26703,2,v14_piggyback,2.0,26574,129
430,833,10,1257,26707,1,,
43,1243,8,1356,26711,1,,
182,1729,7,1195,26711,1,,
265,90,3,1397,26715,1,,
416,189,7,1257,26728,1,,
444,397,8,1462,26746,1,,
386,168,8,1257,26752,1,,
386,73,9,1467,26752,1,,
423,479,6,1467,26764,1,,
39,-1,-1,-999,26765,2,v14_piggyback,2.0,26585,180
488,1205,3,1482,26772,1,,
391,208,6,1460,26783,1,,
391,210,2,1438,26783,1,,
415,155,7,1482,26789,1,,
446,453,6,1467,26801,1,,
144,1518,7,1438,26804,1,,
464,801,12,1136,26808,1,,
4,3,5,1438,26814,1,,
367,338,4,1424,26823,1,,
321,0,10,1296,26826,1,,
439,-1,-1,-999,26827,2,v14_piggyback,1.0,26634,193
208,1869,2,1257,26829,1,,
389,210,3,1438,26831,1,,
419,241,2,1479,26838,1,,
478,1063,3,851,26847,1,,
478,1057,11,1168,26847,1,,
477,1038,2,1441,26862,1,,
7,30,11,1483,26863,1,,
427,2977,2,1450,26870,1,,
388,176,4,1472,26872,1,,
298,2360,3,1424,26878,1,,
5,51,6,1453,26890,1,,
462,765,1,1472,26890,1,,
383,2788,1,1479,26902,1,,
451,554,5,1352,26911,1,,
199,223,8,1480,26916,1,,
471,922,5,1453,26916,1,,
100,1261,3,1352,26925,1,,
321,-1,-1,-999,26939,2,v14_piggyback,3.0,26826,113
416,161,8,1441,26946,1,,
133,1451,3,1442,26950,1,,
114,1345,2,1480,26952,1,,
390,210,5,1438,26955,1,,
390,198,2,509,26955,1,,
68,2026,2,1186,26959,1,,
488,3253,2,1308,26965,1,,
488,1210,7,1352,26965,1,,
414,142,1,1386,26971,1,,
368,337,6,1358,26982,1,,
368,398,6,1388,26982,1,,
368,2727,2,1388,26982,1,,
320,71,2,1442,26988,1,,
261,2165,4,509,26989,1,,
206,1859,2,1442,27004,1,,
256,279,1,1442,27010,1,,
444,409,4,1450,27023,1,,
193,1784,4,509,27030,1,,
439,251,2,1160,27033,1,,
69,2111,4,1020,27046,1,,
443,371,4,1388,27052,1,,
464,801,2,1441,27052,1,,
94,3,8,1499,27061,1,,
94,13,8,1498,27061,1,,
431,893,3,1358,27066,1,,
364,121,5,1499,27071,1,,
367,2723,3,509,27072,1,,
200,149,3,1388,27078,1,,
208,1869,3,1186,27088,1,,
195,1794,2,1453,27092,1,,
216,83,6,1498,27095,1,,
201,185,3,1498,27106,1,,
324,2496,2,1358,27109,1,,
67,1959,3,107,27109,1,,
66,1958,2,1217,27116,1,,
451,541,2,1376,27125,1,,
451,559,8,1442,27125,1,,
338,2571,2,1358,27130,1,,
43,82,6,1506,27136,1,,
437,174,2,1506,27143,1,,
197,1809,2,1450,27151,1,,
366,254,10,1478,27166,1,,
366,2717,4,1478,27166,1,,
262,2171,2,1438,27174,1,,
189,184,10,1478,27182,1,,
447,464,1,1483,27182,1,,
266,103,6,1502,27196,1,,
414,135,9,1437,27207,1,,
386,120,8,1494,27210,1,,
134,39,4,1469,27216,1,,
2,22,2,1469,27223,1,,
442,349,8,1478,27224,1,,
66,-1,-1,-999,27225,2,v14_piggyback,4.0,27116,109
261,2166,4,1150,27226,1,,
62,7,4,1469,27232,1,,
180,104,8,1502,27238,1,,
130,39,8,1507,27246,1,,
141,50,2,1289,27253,1,,
101,1267,6,1235,27264,1,,
339,109,6,1500,27268,1,,
341,6,6,1478,27279,1,,
338,-1,-1,-999,27287,2,v14_piggyback,1.0,27130,157
111,1,8,1516,27302,1,,
200,1827,3,1235,27308,1,,
267,103,11,1153,27316,1,,
42,29,5,1485,27324,1,,
214,286,6,1494,27327,1,,
299,54,2,876,27328,1,,
383,32,5,1478,27338,1,,
437,-1,-1,-999,27349,2,v14_piggyback,1.0,27143,206
94,13,4,1485,27356,1,,
94,8,10,1508,27356,1,,
340,109,7,1510,27356,1,,
377,991,7,1461,27362,1,,
480,1096,8,1508,27370,1,,
77,24,6,1461,27371,1,,
402,2871,3,1508,27378,1,,
227,1981,1,1461,27380,1,,
216,83,6,1510,27387,1,,
43,1243,5,1520,27400,1,,
418,2940,2,1153,27410,1,,
418,232,4,1153,27410,1,,
266,-1,-1,-999,27411,2,v14_piggyback,2.0,27196,215
301,26,2,1520,27417,1,,
321,0,4,1498,27419,1,,
417,232,4,1153,27428,1,,
345,334,10,1426,27433,1,,
254,2123,3,1485,27447,1,,
414,2923,2,1438,27450,1,,
133,1451,2,1413,27460,1,,
302,152,9,1274,27462,1,,
378,991,8,1426,27476,1,,
455,633,4,1492,27478,1,,
480,-1,-1,-999,27479,2,v14_piggyback,1.0,27370,109
128,89,7,1432,27479,1,,
445,423,8,1274,27493,1,,
442,349,6,1510,27494,1,,
101,1264,4,1487,27507,1,,
101,1267,7,912,27507,1,,
101,1269,8,876,27507,1,,
379,1041,9,1318,27520,1,,
268,103,7,1432,27524,1,,
422,350,12,1414,27538,1,,
418,-1,-1,-999,27541,2,v14_piggyback,3.0,27410,131
130,1436,7,1289,27543,1,,
130,1,5,1274,27543,1,,
421,350,3,1492,27546,1,,
412,125,5,1449,27563,1,,
380,1020,3,1411,27566,1,,
129,89,5,1449,27574,1,,
256,221,6,1432,27577,1,,
413,138,6,1274,27589,1,,
437,174,4,1506,27598,1,,
383,42,10,1153,27606,1,,
383,32,9,1492,27606,1,,
224,1964,4,1509,27615,1,,
264,162,11,1531,27616,1,,
5,3,8,1501,27616,1,,
441,343,3,1449,27623,1,,
457,664,4,1432,27625,1,,
288,38,6,1501,27625,1,,
449,506,4,1449,27632,1,,
227,1985,4,915,27632,1,,
415,158,2,1289,27640,1,,
417,226,7,1501,27653,1,,
246,279,2,1529,27661,1,,
376,2761,3,1492,27671,1,,
173,1679,1,1432,27677,1,,
266,33,9,1540,27686,1,,
4,37,8,1535,27688,1,,
242,430,4,1535,27705,1,,
383,-1,-1,-999,27719,2,v14_piggyback,3.0,27606,113
327,451,12,1534,27722,1,,
244,318,7,1504,27735,1,,
244,59,2,1455,27735,1,,
456,653,8,1434,27738,1,,
480,1096,1,1508,27740,1,,
414,138,2,1274,27754,1,,
285,27,8,1455,27760,1,,
285,36,11,1534,27760,1,,
159,151,6,1523,27766,1,,
452,561,2,1492,27766,1,,
6,37,7,1548,27770,1,,
457,-1,-1,-999,27781,2,v14_piggyback,1.0,27625,156
328,530,9,1473,27783,1,,
442,356,11,1449,27784,1,,
157,65,2,1519,27791,1,,
479,1076,4,1321,27800,1,,
462,762,5,1534,27811,1,,
245,64,11,1552,27813,1,,
421,358,10,1540,27816,1,,
437,180,6,1321,27828,1,,
129,1430,6,1509,27839,1,,
266,-1,-1,-999,27843,2,v14_piggyback,2.0,27686,157
83,2886,4,1455,27851,1,,
144,50,8,1511,27853,1,,
386,168,3,1549,27866,1,,
102,1272,2,1512,27866,1,,
102,58,7,1543,27866,1,,
418,219,3,1534,27872,1,,
160,151,5,1549,27876,1,,
402,839,8,1458,27895,1,,
360,60,3,1518,27895,1,,
401,917,4,1543,27902,1,,
112,1,6,1518,27907,1,,
5,19,8,1558,27922,1,,
250,193,12,1518,27926,1,,
398,674,9,1458,27935,1,,
230,2000,2,1536,27941,1,,
449,506,11,1434,27943,1,,
449,512,6,1321,27943,1,,
361,11,6,1458,27945,1,,
133,45,7,1551,27954,1,,
133,1453,2,1551,27954,1,,
409,92,6,1511,27954,1,,
426,617,2,1434,27961,1,,
114,1,10,1536,27968,1,,
418,-1,-1,-999,27981,2,v14_piggyback,2.0,27872,109
417,225,9,1551,27981,1,,
321,0,5,1536,27989,1,,
383,32,10,1519,28005,1,,
383,34,8,1321,28005,1,,
7,51,8,1515,28020,1,,
399,747,8,1204,28032,1,,
456,656,9,1321,28034,1,,
488,3251,1,1558,28045,1,,
488,1203,9,1515,28045,1,,
410,79,7,1557,28046,1,,
171,1666,4,1311,28056,1,,
449,-1,-1,-999,28056,2,v14_piggyback,1.0,27943,113
466,847,3,1560,28071,1,,
322,213,9,1551,28073,1,,
283,38,2,1458,28075,1,,
283,27,6,1451,28075,1,,
46,5,4,1551,28089,1,,
46,1350,8,1528,28089,1,,
4,37,12,1095,28091,1,,
407,35,9,1560,28092,1,,
236,2029,2,1311,28099,1,,
462,779,9,1512,28104,1,,
312,545,8,1566,28113,1,,
443,379,9,1095,28117,1,,
119,1,6,1567,28128,1,,
119,1,8,1528,28128,1,,
424,511,8,1551,28139,1,,
456,-1,-1,-999,28147,2,v14_piggyback,1.0,28034,113
437,164,5,1528,28147,1,,
416,197,4,1528,28154,1,,
59,1755,4,1288,28161,1,,
266,33,8,1537,28163,1,,
129,1430,8,1311,28167,1,,
360,952,6,1095,28179,1,,
360,49,6,1537,28179,1,,
392,313,7,1537,28190,1,,
346,2617,4,763,28199,1,,
441,343,12,1095,28206,1,,
409,84,11,1566,28225,1,,
418,239,4,1515,28227,1,,
418,239,9,1458,28227,1,,
362,119,6,1547,28228,1,,
363,254,4,1528,28235,1,,
479,1078,8,1560,28239,1,,
287,2304,3,1551,28241,1,,
244,2070,2,1311,28245,1,,
361,11,6,1095,28248,1,,
361,11,4,1451,28248,1,,
396,640,6,1204,28257,1,,
306,408,8,1546,28259,1,,
417,215,2,763,28260,1,,
229,205,2,763,28264,1,,
248,193,5,1571,28269,1,,
266,-1,-1,-999,28270,2,v14_piggyback,2.0,28163,107
419,272,4,1546,28279,1,,
408,48,4,1546,28288,1,,
488,1210,12,1204,28314,1,,
364,119,6,1558,28328,1,,
360,-1,-1,-999,28332,2,v14_piggyback,5.0,28179,153
457,664,2,1432,28341,1,,
195,1795,1,763,28344,1,,
368,372,6,1095,28346,1,,
440,307,2,1567,28349,1,,
426,617,2,1571,28354,1,,
286,2298,1,1546,28360,1,,
449,516,8,1560,28374,1,,
119,1377,5,1288,28376,1,,
351,2642,1,763,28379,1,,
466,854,5,1537,28380,1,,
442,355,2,1516,28384,1,,
462,762,6,1537,28391,1,,
418,-1,-1,-999,28395,2,v14_piggyback,2.0,28227,168
236,2030,2,675,28402,1,,
412,125,4,1204,28404,1,,
415,2926,4,1204,28420,1,,
446,433,4,1451,28429,1,,
220,240,11,1569,28438,1,,
202,144,4,1204,28438,1,,
307,212,8,1421,28440,1,,
451,554,5,1505,28446,1,,
151,1554,6,1421,28452,1,,
142,43,10,1293,28476,1,,
437,179,8,1569,28478,1,,
483,1130,2,1512,28485,1,,
483,1139,2,1095,28485,1,,
338,6,8,1293,28490,1,,
226,1979,3,1537,28493,1,,
108,1,1,1505,28495,1,,
108,3,3,1505,28495,1,,
321,0,7,1293,28503,1,,
441,332,6,1537,28505,1,,
348,680,7,1446,28508,1,,
369,372,4,1541,28514,1,,
479,3205,4,1565,28517,1,,
112,1,8,1556,28520,1,,
244,59,4,1421,28526,1,,
393,313,3,1537,28545,1,,
456,657,7,1556,28547,1,,
488,1214,10,1293,28555,1,,
289,2,4,1446,28563,1,,
289,20,8,1291,28563,1,,
457,660,10,1505,28578,1,,
395,600,8,1486,28584,1,,
444,403,11,1503,28593,1,,
396,570,12,1532,28603,1,,
360,11,4,1451,28613,1,,
321,-1,-1,-999,28616,2,v14_piggyback,7.0,28503,113
282,2280,2,1515,28620,1,,
118,1372,3,1204,28628,1,,
427,2976,1,1364,28634,1,,
283,20,6,1532,28635,1,,
217,23,8,1291,28640,1,,
323,2491,2,1095,28640,1,,
232,2006,2,1095,28647,1,,
407,40,6,1291,28650,1,,
449,509,10,1293,28656,1,,
290,229,8,1465,28662,1,,
412,101,6,1486,28668,1,,
322,196,6,1532,28679,1,,
264,496,5,1554,28690,1,,
152,16,4,1505,28693,1,,
30,2141,4,1486,28699,1,,
284,20,6,1517,28700,1,,
445,419,6,1556,28702,1,,
366,351,8,1517,28714,1,,
362,119,4,1561,28715,1,,
428,627,4,1446,28732,1,,
386,55,3,1517,28737,1,,
437,140,6,1556,28755,1,,
437,164,8,1503,28755,1,,
437,164,3,1291,28755,1,,
5,46,4,1570,28755,1,,
256,411,8,1577,28762,1,,
451,558,3,1532,28763,1,,
50,1427,4,1291,28767,1,,
175,1689,2,1421,28770,1,,
412,-1,-1,-999,28781,2,v14_piggyback,3.0,28668,113
387,132,8,1577,28785,1,,
387,73,5,1572,28785,1,,
473,958,2,1570,28785,1,,
306,2402,4,1291,28797,1,,
