pod_id,item_id,qty,order_id,processed_time,task_type,trigger,opp_score,trip_start,trip_duration
0,22,7,-97,40,1,,
392,456,8,-47,51,1,,
392,462,10,-47,51,1,,
94,1221,8,-86,73,1,,
48,1378,11,-62,76,1,,
48,44,8,-77,76,1,,
300,2367,3,-99,79,1,,
300,26,4,-90,79,1,,
300,78,8,-32,79,1,,
282,2,6,-84,82,1,,
362,121,6,-78,92,1,,
416,167,4,-98,99,1,,
338,298,6,-90,99,1,,
338,298,8,-71,99,1,,
486,1180,8,-94,110,1,,
474,985,6,-98,120,1,,
118,13,12,-100,120,1,,
118,1370,11,-47,120,1,,
118,3,9,-47,120,1,,
118,115,3,-47,120,1,,
410,70,2,-23,124,1,,
410,79,4,-43,124,1,,
410,84,9,-83,124,1,,
386,80,2,-48,138,1,,
386,80,10,-80,138,1,,
384,18,2,-90,151,1,,
384,18,8,-32,151,1,,
384,18,10,-13,151,1,,
387,168,2,-30,161,1,,
387,132,7,-47,161,1,,
387,146,6,-93,161,1,,
418,235,4,-84,178,1,,
388,94,7,-71,180,1,,
388,127,10,-23,180,1,,
388,199,4,-43,180,1,,
385,21,2,-100,192,1,,
385,53,4,-62,192,1,,
385,53,7,-100,192,1,,
385,31,8,-62,192,1,,
385,55,1,-77,192,1,,
133,1454,2,-78,204,1,,
415,169,11,-62,209,1,,
68,2111,3,-82,218,1,,
391,2823,4,-100,225,1,,
391,245,6,-93,225,1,,
409,70,6,-99,229,1,,
409,70,8,-90,229,1,,
409,70,6,-23,229,1,,
409,74,11,-71,229,1,,
409,1208,6,-13,229,1,,
428,758,10,-100,242,1,,
440,292,10,-32,245,1,,
383,2791,2,-78,246,1,,
343,2597,2,-88,253,1,,
437,179,4,-93,258,1,,
437,186,6,-77,258,1,,
397,669,11,-83,263,1,,
158,43,3,-93,275,1,,
158,75,6,-62,275,1,,
456,653,8,-71,277,1,,
422,402,6,-93,288,1,,
358,1012,8,-13,291,1,,
471,930,9,-93,303,1,,
332,805,7,-13,303,1,,
288,27,11,-39,308,1,,
421,341,4,-23,312,1,,
215,1907,2,-82,313,1,,
38,63,6,-54,332,1,,
272,2226,4,-23,334,1,,
200,1828,4,-71,341,1,,
417,232,8,-6,343,1,,
198,81,6,-80,350,1,,
390,210,9,-74,363,1,,
199,149,8,-3,372,1,,
418,2941,2,-59,387,1,,
461,745,6,-80,388,1,,
359,12,10,-50,389,1,,
416,197,2,-75,393,1,,
444,396,4,-13,396,1,,
229,205,2,-28,403,1,,
389,264,7,1,409,1,,
389,250,9,1,409,1,,
362,156,11,-20,421,1,,
410,79,11,-93,429,1,,
410,98,4,-77,429,1,,
395,603,7,-20,431,1,,
384,17,6,-93,439,1,,
363,119,6,0,446,1,,
360,1012,4,-30,448,1,,
360,12,2,-93,448,1,,
344,377,5,-62,456,1,,
111,1328,5,-62,464,1,,
261,2167,4,-62,471,1,,
289,2,8,15,472,1,,
440,307,10,-17,478,1,,
409,86,5,-17,486,1,,
0,28,10,-36,495,1,,
250,2104,4,-36,502,1,,
472,940,4,-30,502,1,,
290,211,5,-36,510,1,,
361,69,9,-60,520,1,,
247,163,6,-68,530,1,,
247,59,9,-68,530,1,,
388,198,4,-60,533,1,,
296,2347,2,-36,534,1,,
241,318,8,-29,546,1,,
396,640,1,-77,559,1,,
443,380,4,-60,560,1,,
1,30,4,-50,567,1,,
298,2360,3,-93,571,1,,
456,3103,4,-93,577,1,,
438,206,4,-17,585,1,,
283,128,9,21,591,1,,
134,1459,3,-71,607,1,,
453,586,8,-9,614,1,,
430,831,2,-13,614,1,,
108,1310,7,-31,614,1,,
108,3,11,9,614,1,,
417,219,4,-93,621,1,,
2,41,6,-68,632,1,,
2,30,7,-31,632,1,,
461,753,8,-5,637,1,,
386,127,5,20,640,1,,
246,2081,1,-93,641,1,,
449,503,11,9,647,1,,
311,333,2,-3,650,1,,
19,1361,1,-80,654,1,,
139,170,6,-68,657,1,,
229,1992,2,-100,661,1,,
299,15,10,-14,676,1,,
370,591,6,21,689,1,,
465,822,2,-13,691,1,,
180,1719,2,-50,705,1,,
418,222,6,-28,713,1,,
437,174,4,15,720,1,,
174,1685,2,-68,724,1,,
312,527,1,0,729,1,,
262,2172,4,-68,731,1,,
341,2589,2,0,735,1,,
355,876,2,-36,742,1,,
111,1326,10,-9,750,1,,
111,8,6,-34,750,1,,
308,458,3,-66,756,1,,
371,650,6,-14,759,1,,
3,28,12,25,776,1,,
163,10,8,-69,784,1,,
99,1255,1,-37,788,1,,
184,1738,4,-34,796,1,,
162,14,8,-37,800,1,,
483,1135,11,25,811,1,,
460,738,5,-69,812,1,,
141,170,11,-10,813,1,,
140,1492,3,-14,817,1,,
256,383,9,-10,826,1,,
297,710,8,36,829,1,,
173,153,12,-40,834,1,,
353,744,9,4,839,1,,
368,447,8,12,840,1,,
181,104,10,-11,848,1,,
417,225,7,-34,851,1,,
384,52,4,4,861,1,,
128,1,7,24,861,1,,
449,509,5,-52,869,1,,
247,279,2,4,874,1,,
453,597,5,-95,883,1,,
385,31,4,-95,890,1,,
0,3,11,39,893,1,,
422,402,9,-40,906,1,,
420,300,4,-95,911,1,,
427,620,8,-11,924,1,,
443,374,4,-95,932,1,,
150,1552,5,-16,939,1,,
129,1,10,-45,945,1,,
1,3,5,-16,957,1,,
1,51,8,-24,957,1,,
408,56,8,-45,962,1,,
389,208,4,-24,969,1,,
389,208,4,-70,969,1,,
412,122,4,31,971,1,,
130,1,11,43,977,1,,
437,174,9,-95,984,1,,
93,58,6,-24,985,1,,
93,13,6,-73,985,1,,
447,482,7,43,988,1,,
264,183,5,43,996,1,,
407,35,8,-70,997,1,,
355,876,3,43,1002,1,,
282,20,6,-73,1006,1,,
448,492,3,38,1009,1,,
439,261,6,50,1017,1,,
248,2093,2,43,1022,1,,
455,636,6,-70,1033,1,,
161,1609,2,-95,1037,1,,
411,101,5,37,1059,1,,
151,1555,2,-38,1064,1,,
460,734,8,-70,1066,1,,
42,82,7,-87,1081,1,,
419,267,2,19,1088,1,,
419,246,4,-38,1088,1,,
265,162,2,50,1092,1,,
265,103,6,46,1092,1,,
464,810,1,4,1094,1,,
181,1726,3,-16,1101,1,,
181,139,3,-73,1101,1,,
229,400,8,56,1117,1,,
85,8,5,55,1125,1,,
449,504,8,38,1129,1,,
449,501,5,-81,1129,1,,
449,503,6,31,1129,1,,
466,838,2,-81,1134,1,,
484,1150,5,46,1137,1,,
180,104,10,56,1139,1,,
450,521,3,-21,1145,1,,
416,187,4,37,1148,1,,
397,643,4,39,1159,1,,
0,37,4,-70,1166,1,,
438,216,3,46,1171,1,,
40,5,4,44,1177,1,,
128,1422,3,-15,1183,1,,
412,2912,2,-53,1186,1,,
148,1538,2,46,1188,1,,
326,451,2,-73,1194,1,,
452,577,2,43,1199,1,,
420,303,3,-73,1203,1,,
414,138,3,-24,1224,1,,
328,649,6,53,1237,1,,
161,1609,2,-64,1241,1,,
407,56,8,-21,1252,1,,
408,35,5,40,1255,1,,
408,35,10,43,1255,1,,
408,66,6,50,1255,1,,
182,294,6,-64,1259,1,,
182,191,7,-64,1259,1,,
129,1,2,-64,1266,1,,
411,105,5,46,1272,1,,
411,101,7,-87,1272,1,,
467,855,2,-64,1272,1,,
388,198,2,-64,1279,1,,
1,28,6,7,1288,1,,
386,94,9,48,1294,1,,
275,2241,4,48,1303,1,,
439,253,8,-70,1304,1,,
2,30,7,-79,1316,1,,
273,243,9,2,1322,1,,
133,1453,12,7,1337,1,,
469,900,11,2,1339,1,,
130,89,4,69,1344,1,,
118,1370,9,-79,1350,1,,
413,138,6,7,1363,1,,
413,138,8,69,1363,1,,
410,98,12,-79,1367,1,,
181,224,4,65,1370,1,,
255,2128,4,-79,1373,1,,
281,2273,4,65,1377,1,,
430,831,6,-79,1383,1,,
445,429,2,-24,1393,1,,
409,86,9,32,1400,1,,
259,2156,1,-24,1405,1,,
139,50,11,61,1415,1,,
282,38,6,61,1425,1,,
151,16,7,73,1430,1,,
264,183,4,61,1431,1,,
446,454,1,39,1434,1,,
466,853,10,-38,1442,1,,
466,838,8,53,1442,1,,
326,645,10,30,1445,1,,
118,-1,-1,-999,1457,2,v14_piggyback,1.0,1350,107
123,39,6,59,1460,1,,
123,1400,2,2,1460,1,,
123,110,5,16,1460,1,,
412,112,8,-64,1471,1,,
438,238,4,-64,1482,1,,
438,237,3,16,1482,1,,
168,139,4,2,1489,1,,
458,687,4,16,1496,1,,
271,90,8,30,1501,1,,
271,90,9,79,1501,1,,
271,230,3,79,1501,1,,
464,815,7,-64,1506,1,,
338,202,6,33,1516,1,,
288,77,3,59,1522,1,,
414,145,10,79,1527,1,,
339,136,12,52,1538,1,,
407,35,11,7,1540,1,,
407,48,8,73,1540,1,,
411,106,4,-21,1546,1,,
199,144,8,22,1556,1,,
439,253,10,65,1561,1,,
357,2675,2,-57,1566,1,,
0,19,7,66,1567,1,,
165,1630,4,-57,1575,1,,
485,1169,6,52,1577,1,,
421,368,10,66,1581,1,,
364,322,8,-57,1588,1,,
470,914,5,30,1597,1,,
422,407,10,-57,1603,1,,
477,1040,4,61,1615,1,,
140,43,10,17,1627,1,,
410,79,5,22,1630,1,,
388,198,2,-76,1634,1,,
365,172,11,17,1645,1,,
320,61,8,76,1659,1,,
178,1709,2,52,1664,1,,
178,10,8,84,1664,1,,
115,1349,2,-79,1666,1,,
462,767,2,30,1677,1,,
234,131,6,17,1681,1,,
469,904,6,33,1685,1,,
358,12,6,84,1694,1,,
440,311,2,84,1698,1,,
484,1159,2,16,1703,1,,
463,788,2,59,1707,1,,
409,79,1,22,1712,1,,
409,79,12,30,1712,1,,
438,227,5,84,1721,1,,
362,119,11,-35,1721,1,,
413,145,2,52,1726,1,,
340,136,10,-35,1735,1,,
412,99,12,-79,1742,1,,
319,0,6,-26,1754,1,,
319,0,8,-61,1754,1,,
386,132,4,95,1758,1,,
139,1486,3,64,1764,1,,
451,541,1,30,1772,1,,
143,1512,5,76,1774,1,,
143,43,5,-26,1774,1,,
360,60,10,77,1788,1,,
419,285,10,-26,1802,1,,
337,6,8,-26,1814,1,,
128,1,12,67,1816,1,,
477,1032,10,83,1830,1,,
439,280,12,76,1830,1,,
291,439,5,67,1838,1,,
118,1370,2,-79,1843,1,,
411,112,11,-57,1845,1,,
384,34,8,67,1854,1,,
283,77,7,-35,1856,1,,
359,12,5,62,1858,1,,
470,920,10,-76,1869,1,,
361,11,1,97,1869,1,,
410,76,10,76,1882,1,,
259,2154,5,41,1890,1,,
215,214,12,-72,1892,1,,
109,13,12,102,1892,1,,
109,110,6,102,1892,1,,
458,698,8,-72,1904,1,,
414,138,6,-72,1913,1,,
256,221,7,-72,1924,1,,
151,1556,5,17,1931,1,,
58,1713,6,-72,1933,1,,
424,422,4,-72,1942,1,,
429,763,3,93,1948,1,,
462,767,4,67,1950,1,,
182,67,5,-35,1961,1,,
450,517,11,-96,1966,1,,
40,9,10,93,1971,1,,
40,5,3,93,1971,1,,
305,256,5,-8,1974,1,,
446,437,5,-57,1981,1,,
306,346,11,-96,1989,1,,
299,2361,4,17,1989,1,,
389,264,4,17,2002,1,,
440,290,4,75,2007,1,,
440,312,4,29,2007,1,,
385,52,4,-26,2010,1,,
129,45,8,23,2025,1,,
235,2025,4,-61,2030,1,,
485,1162,3,67,2031,1,,
240,2049,4,-26,2043,1,,
222,1953,3,-8,2043,1,,
222,23,6,23,2043,1,,
451,549,5,-8,2051,1,,
243,2064,4,77,2052,1,,
220,240,5,80,2059,1,,
412,111,8,-72,2064,1,,
412,133,9,-72,2064,1,,
460,734,9,101,2069,1,,
261,383,12,101,2085,1,,
425,511,8,6,2092,1,,
425,519,4,5,2092,1,,
358,876,2,17,2100,1,,
358,11,7,81,2100,1,,
162,10,10,-27,2102,1,,
418,235,2,5,2126,1,,
320,0,7,81,2127,1,,
216,83,8,-27,2128,1,,
216,23,12,-27,2128,1,,
437,180,4,23,2135,1,,
361,2696,3,-42,2138,1,,
452,562,9,-27,2148,1,,
426,581,8,74,2150,1,,
240,-1,-1,-999,2152,2,v14_piggyback,1.0,2043,109
383,42,8,81,2156,1,,
439,262,8,30,2160,1,,
398,674,7,27,2166,1,,
386,55,7,27,2177,1,,
387,146,12,82,2191,1,,
130,1435,7,-27,2199,1,,
273,330,8,82,2203,1,,
419,239,7,27,2209,1,,
199,165,11,82,2218,1,,
453,585,6,81,2228,1,,
417,217,9,85,2231,1,,
414,135,6,-27,2231,1,,
413,125,8,82,2242,1,,
0,37,2,82,2247,1,,
227,1982,1,101,2256,1,,
227,25,4,115,2256,1,,
450,533,12,23,2262,1,,
450,523,12,-27,2262,1,,
289,2315,4,-27,2269,1,,
388,168,11,8,2271,1,,
163,14,9,119,2281,1,,
370,507,8,8,2286,1,,
1,3,8,47,2290,1,,
399,671,6,8,2295,1,,
359,11,8,47,2302,1,,
215,214,8,111,2304,1,,
479,1072,6,8,2305,1,,
131,1,11,118,2317,1,,
471,929,4,-27,2320,1,,
416,195,11,118,2333,1,,
229,123,8,119,2335,1,,
77,58,4,27,2336,1,,
77,3,1,8,2336,1,,
319,850,4,111,2342,1,,
358,11,5,27,2344,1,,
118,1371,3,23,2351,1,,
162,126,12,126,2370,1,,
338,100,3,101,2381,1,,
415,182,11,122,2385,1,,
472,940,3,115,2387,1,,
425,555,9,82,2398,1,,
216,231,1,81,2409,1,,
216,83,3,10,2409,1,,
271,230,8,47,2410,1,,
457,3109,4,10,2416,1,,
455,626,6,47,2420,1,,
445,429,3,67,2424,1,,
384,21,2,115,2428,1,,
409,79,3,-96,2430,1,,
352,700,2,119,2434,1,,
200,149,6,71,2449,1,,
411,105,5,71,2457,1,,
441,331,2,10,2461,1,,
423,422,5,47,2468,1,,
300,2370,2,102,2473,1,,
443,365,5,47,2476,1,,
419,283,2,-27,2477,1,,
168,1649,2,-26,2486,1,,
478,1053,2,-26,2494,1,,
40,5,4,71,2517,1,,
451,558,3,6,2524,1,,
127,1417,2,8,2526,1,,
18,1256,2,-27,2528,1,,
348,580,6,125,2537,1,,
128,177,2,128,2541,1,,
0,41,1,-61,2546,1,,
382,17,2,-96,2546,1,,
154,1569,1,103,2550,1,,
38,63,9,-91,2559,1,,
410,92,7,105,2562,1,,
452,577,6,106,2576,1,,
417,203,6,57,2578,1,,
448,484,5,91,2583,1,,
408,68,9,106,2592,1,,
408,40,3,106,2592,1,,
422,407,10,132,2593,1,,
323,2490,2,57,2597,1,,
407,40,12,100,2609,1,,
449,513,10,57,2611,1,,
444,409,3,-91,2617,1,,
453,598,2,85,2625,1,,
411,96,8,125,2634,1,,
441,325,10,-91,2639,1,,
1,3,5,138,2646,1,,
197,1809,2,138,2652,1,,
319,0,6,138,2662,1,,
443,373,12,57,2664,1,,
481,1106,2,138,2667,1,,
320,71,7,133,2675,1,,
179,294,8,127,2681,1,,
273,243,4,133,2682,1,,
151,16,11,107,2683,1,,
50,88,4,107,2691,1,,
392,367,7,107,2701,1,,
487,1192,4,107,2721,1,,
106,1301,3,107,2727,1,,
162,10,5,123,2728,1,,
10,1957,4,127,2735,1,,
423,407,2,132,2741,1,,
442,344,4,123,2749,1,,
127,115,8,-89,2751,1,,
127,1421,10,112,2751,1,,
129,1428,1,112,2765,1,,
129,89,9,150,2765,1,,
409,68,10,-89,2779,1,,
448,487,5,90,2784,1,,
448,495,11,54,2784,1,,
470,906,8,-89,2791,1,,
401,897,6,-41,2799,1,,
337,6,4,104,2806,1,,
340,2582,2,-41,2811,1,,
410,97,6,107,2814,1,,
410,96,12,107,2814,1,,
420,300,2,-41,2815,1,,
338,109,8,96,2830,1,,
338,287,3,96,2830,1,,
98,1247,7,-19,2833,1,,
488,1213,2,-41,2835,1,,
408,35,5,87,2839,1,,
408,56,10,116,2839,1,,
408,2897,2,107,2839,1,,
139,43,4,-19,2852,1,,
444,395,4,28,2863,1,,
444,391,8,92,2863,1,,
102,1272,2,-19,2866,1,,
452,574,10,96,2877,1,,
163,10,2,-19,2879,1,,
264,33,2,104,2881,1,,
265,103,9,136,2895,1,,
441,332,5,-55,2907,1,,
441,332,8,91,2907,1,,
441,340,8,103,2907,1,,
197,191,4,-89,2915,1,,
197,1809,4,112,2915,1,,
76,24,7,99,2927,1,,
76,7,8,99,2927,1,,
350,589,6,112,2928,1,,
350,2639,3,150,2928,1,,
0,28,8,124,2939,1,,
417,226,11,99,2942,1,,
51,5,4,112,2942,1,,
51,4,6,-56,2942,1,,
408,-1,-1,-999,2946,2,v14_piggyback,2.0,2839,107
132,117,10,99,2956,1,,
313,712,5,150,2958,1,,
313,527,6,-56,2958,1,,
447,475,3,99,2962,1,,
117,1364,3,112,2976,1,,
117,1,8,145,2976,1,,
42,82,6,155,2979,1,,
42,29,6,155,2979,1,,
41,1237,3,146,2984,1,,
439,262,7,145,2989,1,,
400,782,6,-56,3000,1,,
332,805,8,124,3009,1,,
482,1118,7,-89,3021,1,,
389,208,6,96,3023,1,,
164,10,7,136,3033,1,,
179,1716,7,116,3034,1,,
442,355,5,-19,3036,1,,
414,138,5,136,3044,1,,
414,158,2,124,3044,1,,
150,1551,6,-89,3045,1,,
290,381,2,124,3053,1,,
290,211,4,124,3053,1,,
424,519,6,96,3062,1,,
133,117,2,157,3069,1,,
466,840,6,150,3073,1,,
282,2,11,149,3078,1,,
224,240,1,155,3083,1,,
291,381,11,63,3101,1,,
445,429,4,98,3116,1,,
292,439,12,135,3117,1,,
266,103,4,124,3133,1,,
266,183,6,149,3133,1,,
59,7,7,88,3135,1,,
452,578,10,112,3141,1,,
1,41,3,88,3141,1,,
441,320,9,-41,3145,1,,
225,301,2,143,3145,1,,
262,2168,3,72,3151,1,,
369,2729,2,143,3156,1,,
384,21,4,-89,3160,1,,
467,856,8,88,3168,1,,
451,542,3,116,3168,1,,
338,202,4,145,3177,1,,
75,62,4,150,3186,1,,
385,73,4,154,3195,1,,
76,62,4,167,3195,1,,
398,685,7,63,3205,1,,
439,258,8,131,3214,1,,
46,46,4,149,3217,1,,
46,1329,2,63,3217,1,,
417,215,2,-89,3221,1,,
486,1175,7,63,3228,1,,
408,35,4,87,3249,1,,
178,153,6,63,3259,1,,
366,351,12,147,3263,1,,
18,1311,2,112,3263,1,,
277,2253,3,124,3268,1,,
132,117,8,170,3275,1,,
259,306,4,124,3278,1,,
259,2151,2,135,3278,1,,
454,604,3,135,3284,1,,
320,61,2,96,3288,1,,
415,173,2,136,3293,1,,
358,12,2,-89,3302,1,,
41,5,12,141,3305,1,,
458,686,11,141,3320,1,,
321,61,6,-4,3329,1,,
435,1088,2,-89,3333,1,,
485,1169,2,63,3333,1,,
363,201,9,141,3354,1,,
133,1454,3,72,3377,1,,
133,39,8,176,3377,1,,
133,89,7,176,3377,1,,
168,139,3,-4,3391,1,,
445,432,10,154,3398,1,,
1,28,12,174,3408,1,,
121,1389,2,124,3410,1,,
465,830,8,141,3412,1,,
359,49,8,171,3422,1,,
305,256,1,96,3427,1,,
332,894,10,176,3428,1,,
129,1,8,179,3436,1,,
474,973,7,147,3441,1,,
434,1065,4,89,3445,1,,
386,94,1,112,3450,1,,
407,40,7,-1,3454,1,,
447,482,1,63,3454,1,,
406,1117,8,179,3464,1,,
452,575,7,170,3466,1,,
388,146,8,49,3478,1,,
288,36,5,172,3492,1,,
484,1156,9,-85,3493,1,,
338,109,7,49,3506,1,,
486,1185,9,60,3509,1,,
408,35,3,136,3514,1,,
467,862,6,98,3518,1,,
158,65,6,172,3540,1,,
390,266,6,3,3542,1,,
387,132,4,141,3549,1,,
110,1322,6,49,3553,1,,
273,330,6,147,3558,1,,
454,624,10,-4,3566,1,,
458,692,6,-1,3568,1,,
441,323,7,94,3577,1,,
339,136,8,158,3579,1,,
415,161,11,-92,3589,1,,
413,145,6,174,3591,1,,
94,1223,7,-92,3600,1,,
341,136,11,109,3609,1,,
409,76,6,-92,3610,1,,
289,2,10,190,3611,1,,
438,216,10,109,3625,1,,
142,1507,4,-1,3627,1,,
465,836,4,-1,3638,1,,
417,217,5,163,3643,1,,
417,226,6,163,3643,1,,
1,46,8,109,3657,1,,
371,650,11,185,3658,1,,
214,286,9,163,3672,1,,
0,2609,3,176,3676,1,,
159,75,4,187,3677,1,,
361,69,8,109,3686,1,,
40,5,2,191,3691,1,,
414,143,7,109,3698,1,,
407,66,5,190,3701,1,,
407,35,1,185,3701,1,,
419,252,3,191,3706,1,,
389,176,8,163,3712,1,,
420,293,6,187,3716,1,,
321,2482,3,3,3717,1,,
410,74,2,151,3732,1,,
410,92,9,160,3732,1,,
408,35,9,185,3747,1,,
2,30,6,198,3749,1,,
480,1092,8,160,3760,1,,
158,1592,10,94,3761,1,,
386,80,6,158,3762,1,,
386,94,8,163,3762,1,,
486,1184,4,172,3770,1,,
440,292,7,163,3773,1,,
133,1451,4,163,3780,1,,
372,670,6,200,3783,1,,
458,684,9,3,3791,1,,
458,689,10,-92,3791,1,,
458,681,5,-92,3791,1,,
239,2047,3,141,3797,1,,
392,456,2,-92,3801,1,,
268,2200,2,3,3806,1,,
179,1710,4,163,3813,1,,
409,79,2,191,3828,1,,
454,604,10,163,3841,1,,
411,96,6,181,3847,1,,
437,179,4,109,3848,1,,
216,339,4,183,3854,1,,
456,646,4,49,3861,1,,
438,249,4,163,3870,1,,
413,135,3,176,3873,1,,
471,927,3,163,3875,1,,
192,104,2,3,3879,1,,
358,2682,4,-85,3882,1,,
423,418,4,196,3889,1,,
139,50,2,196,3894,1,,
412,105,12,202,3904,1,,
337,2569,4,208,3906,1,,
410,97,8,169,3916,1,,
424,422,4,182,3917,1,,
425,581,2,163,3928,1,,
95,1230,4,169,3928,1,,
95,3,5,169,3928,1,,
407,1208,10,208,3931,1,,
472,945,2,169,3933,1,,
0,22,8,121,3950,1,,
371,596,7,121,3975,1,,
193,228,5,121,3983,1,,
85,8,2,201,3984,1,,
382,2783,2,169,3988,1,,
397,669,2,163,3994,1,,
453,582,11,121,3998,1,,
480,1096,6,109,4003,1,,
439,253,2,174,4008,1,,
1,19,10,203,4016,1,,
486,1174,6,158,4017,1,,
419,272,2,3,4025,1,,
427,627,1,112,4026,1,,
214,286,10,203,4031,1,,
59,7,10,214,4039,1,,
177,1699,4,42,4054,1,,
384,21,8,214,4056,1,,
294,2337,1,174,4057,1,,
403,976,8,14,4068,1,,
395,603,6,42,4076,1,,
75,62,6,14,4085,1,,
398,666,5,165,4088,1,,
307,2410,2,42,4093,1,,
387,94,8,211,4094,1,,
199,260,10,177,4108,1,,
343,473,7,68,4116,1,,
439,-1,-1,-999,4117,2,v14_piggyback,1.0,4008,109
130,1,6,177,4117,1,,
76,129,7,68,4130,1,,
305,256,4,177,4139,1,,
471,928,11,168,4142,1,,
168,139,5,68,4145,1,,
386,120,9,215,4153,1,,
312,545,6,177,4162,1,,
344,473,9,206,4163,1,,
188,184,5,14,4171,1,,
413,114,7,208,4173,1,,
337,6,5,211,4181,1,,
120,1382,10,188,4185,1,,
429,817,3,177,4186,1,,
396,621,6,216,4191,1,,
409,2900,3,195,4200,1,,
393,472,9,26,4209,1,,
320,0,6,206,4211,1,,
320,61,8,222,4211,1,,
0,41,7,26,4219,1,,
128,141,6,204,4226,1,,
134,1456,6,26,4231,1,,
363,2705,1,216,4239,1,,
440,305,8,26,4251,1,,
60,7,8,206,4260,1,,
397,595,8,110,4263,1,,
417,219,2,215,4280,1,,
402,811,8,188,4280,1,,
402,944,7,-49,4280,1,,
288,38,3,204,4290,1,,
246,2080,2,110,4292,1,,
108,115,8,222,4296,1,,
108,1309,3,-49,4296,1,,
252,2115,2,121,4304,1,,
298,15,6,206,4314,1,,
486,1176,3,204,4314,1,,
358,49,8,110,4315,1,,
321,0,8,-49,4328,1,,
1,37,6,206,4339,1,,
234,420,11,180,4349,1,,
345,534,6,-49,4351,1,,
282,20,11,193,4355,1,,
466,841,8,153,4360,1,,
456,642,5,-49,4361,1,,
299,54,8,193,4366,1,,
215,286,5,188,4371,1,,
471,938,8,-49,4397,1,,
300,26,8,194,4404,1,,
188,1761,6,188,4408,1,,
425,571,4,193,4411,1,,
439,253,10,174,4416,1,,
44,1281,6,217,4420,1,,
394,472,10,180,4430,1,,
359,11,12,117,4436,1,,
408,40,10,164,4450,1,,
180,224,9,117,4461,1,,
290,412,4,68,4461,1,,
362,172,8,180,4462,1,,
133,39,4,153,4476,1,,
133,1453,6,164,4476,1,,
181,166,12,230,4477,1,,
99,1255,4,188,4488,1,,
131,39,6,117,4489,1,,
131,1438,2,230,4489,1,,
242,59,6,153,4494,1,,
242,64,7,164,4494,1,,
217,83,9,161,4504,1,,
481,1112,9,180,4507,1,,
166,1640,7,161,4526,1,,
50,4,10,227,4534,1,,
50,82,9,-63,4534,1,,
440,282,5,130,4535,1,,
440,281,8,144,4535,1,,
440,288,9,110,4535,1,,
301,54,6,161,4536,1,,
458,681,9,178,4548,1,,
302,78,10,219,4550,1,,
418,241,10,227,4554,1,,
418,226,5,227,4554,1,,
413,143,7,164,4558,1,,
460,732,12,219,4566,1,,
363,172,8,164,4570,1,,
343,406,6,217,4574,1,,
343,473,9,-63,4574,1,,
264,103,9,219,4579,1,,
170,1660,3,193,4590,1,,
170,14,9,227,4590,1,,
453,597,9,219,4593,1,,
39,44,9,219,4606,1,,
364,156,5,117,4609,1,,
364,119,6,227,4609,1,,
466,853,10,178,4614,1,,
339,85,8,219,4622,1,,
278,277,8,227,4626,1,,
278,2255,4,-63,4626,1,,
486,1174,10,117,4640,1,,
469,884,7,178,4644,1,,
384,42,6,180,4654,1,,
234,95,3,193,4654,1,,
234,131,7,-63,4654,1,,
283,2,5,217,4668,1,,
283,2,5,227,4668,1,,
215,83,6,219,4669,1,,
455,632,4,164,4678,1,,
144,1518,9,-63,4681,1,,
425,571,9,227,4693,1,,
439,265,4,178,4696,1,,
95,8,7,219,4700,1,,
410,97,4,178,4707,1,,
282,38,6,178,4716,1,,
466,-1,-1,-999,4721,2,v14_piggyback,1.0,4614,107
473,970,6,161,4722,1,,
177,1702,1,68,4731,1,,
177,14,4,219,4731,1,,
15,1225,8,117,4732,1,,
451,559,5,219,4741,1,,
94,13,7,245,4750,1,,
94,1219,4,140,4750,1,,
409,87,8,230,4762,1,,
415,167,10,140,4764,1,,
440,305,6,219,4766,1,,
365,172,2,231,4781,1,,
365,119,10,245,4781,1,,
431,887,4,-49,4789,1,,
358,12,8,227,4790,1,,
162,126,6,140,4790,1,,
147,1534,4,219,4798,1,,
438,238,3,219,4820,1,,
214,271,8,117,4822,1,,
142,1508,5,140,4831,1,,
461,748,6,227,4832,1,,
481,1106,5,164,4840,1,,
2,28,6,248,4841,1,,
389,2814,3,14,4843,1,,
472,940,4,166,4851,1,,
418,226,8,-63,4853,1,,
412,2913,2,142,4855,1,,
97,1244,7,117,4869,1,,
268,2200,2,230,4876,1,,
268,923,2,-63,4876,1,,
128,45,4,245,4877,1,,
482,1121,4,-63,4882,1,,
284,27,4,234,4886,1,,
419,272,2,188,4896,1,,
450,524,5,-63,4907,1,,
460,729,4,178,4910,1,,
54,1519,4,140,4923,1,,
170,1661,4,45,4929,1,,
432,893,2,-67,4939,1,,
455,632,11,140,4942,1,,
439,268,8,234,4954,1,,
411,111,6,244,4955,1,,
332,805,4,140,4961,1,,
473,963,2,227,4969,1,,
410,86,7,140,4973,1,,
386,171,3,227,4975,1,,
420,2949,3,164,4980,1,,
144,1515,4,58,4981,1,,
390,245,8,253,4984,1,,
394,528,3,230,4987,1,,
254,2127,2,240,5010,1,,
440,305,6,140,5014,1,,
413,122,3,140,5023,1,,
75,62,7,238,5031,1,,
438,204,4,258,5039,1,,
430,2992,3,153,5039,1,,
264,162,7,273,5042,1,,
472,946,8,240,5052,1,,
179,294,2,233,5059,1,,
261,2166,2,153,5063,1,,
18,1311,2,180,5080,1,,
169,139,9,239,5083,1,,
72,2186,2,180,5084,1,,
412,102,1,230,5087,1,,
162,10,5,246,5095,1,,
338,136,2,178,5102,1,,
288,27,1,246,5106,1,,
256,471,12,278,5109,1,,
403,964,2,278,5113,1,,
320,0,3,246,5117,1,,
286,2299,2,278,5118,1,,
440,-1,-1,-999,5122,2,v14_piggyback,1.0,5014,108
139,43,1,278,5123,1,,
414,135,10,247,5138,1,,
271,2222,1,278,5152,1,,
198,81,4,229,5160,1,,
429,800,8,247,5160,1,,
442,363,1,231,5165,1,,
158,151,12,263,5169,1,,
422,358,6,263,5201,1,,
199,81,8,223,5207,1,,
339,298,7,199,5221,1,,
287,2,10,285,5222,1,,
439,253,2,250,5225,1,,
421,369,11,274,5227,1,,
411,97,6,233,5231,1,,
384,42,4,192,5235,1,,
385,21,9,254,5250,1,,
430,817,8,266,5252,1,,
254,2122,2,108,5257,1,,
254,233,8,218,5257,1,,
383,42,3,266,5258,1,,
469,885,5,263,5259,1,,
84,270,5,266,5268,1,,
84,7,2,266,5268,1,,
413,135,7,274,5270,1,,
21,1505,2,229,5271,1,,
21,28,8,218,5271,1,,
50,88,8,280,5280,1,,
152,16,7,184,5280,1,,
322,71,5,265,5288,1,,
416,167,6,280,5296,1,,
348,680,9,184,5301,1,,
321,0,12,268,5313,1,,
200,144,7,218,5318,1,,
349,678,6,205,5336,1,,
438,206,5,260,5345,1,,
438,248,11,229,5345,1,,
438,249,5,285,5345,1,,
51,88,8,289,5347,1,,
0,37,3,285,5351,1,,
228,1987,2,284,5355,1,,
1,46,3,284,5361,1,,
2,3,8,268,5363,1,,
96,1236,2,229,5366,1,,
463,794,2,285,5370,1,,
414,138,6,184,5377,1,,
366,357,8,281,5383,1,,
326,530,5,184,5389,1,,
415,178,8,268,5395,1,,
422,358,7,192,5399,1,,
340,202,1,280,5407,1,,
340,109,7,268,5407,1,,
409,76,8,257,5411,1,,
478,1061,8,224,5426,1,,
410,98,4,184,5444,1,,
3,1297,4,224,5446,1,,
364,322,4,265,5450,1,,
441,319,11,271,5451,1,,
114,1343,7,275,5461,1,,
224,23,10,271,5465,1,,
278,2260,3,184,5467,1,,
439,253,8,266,5475,1,,
425,555,6,257,5477,1,,
412,2912,3,268,5481,1,,
128,1424,2,281,5485,1,,
210,231,8,264,5497,1,,
362,172,7,261,5501,1,,
413,138,4,184,5503,1,,
312,480,6,282,5507,1,,
393,472,5,282,5515,1,,
59,7,2,282,5519,1,,
288,2307,3,257,5523,1,,
416,182,8,261,5532,1,,
153,1563,2,289,5537,1,,
306,393,2,300,5548,1,,
93,13,5,300,5556,1,,
363,69,4,252,5583,1,,
439,-1,-1,-999,5585,2,v14_piggyback,1.0,5475,110
440,305,1,140,5587,1,,
131,1,8,298,5590,1,,
149,1544,2,289,5595,1,,
98,1248,3,192,5602,1,,
41,5,8,300,5602,1,,
173,153,2,275,5606,1,,
234,131,2,184,5614,1,,
414,150,12,281,5614,1,,
225,1971,2,-44,5618,1,,
479,1071,2,265,5622,1,,
307,376,10,298,5622,1,,
365,119,9,301,5638,1,,
463,788,4,137,5643,1,,
463,793,8,282,5643,1,,
361,69,3,299,5653,1,,
129,45,9,307,5662,1,,
410,74,8,275,5664,1,,
360,12,10,309,5668,1,,
18,1311,1,275,5670,1,,
448,497,4,302,5685,1,,
114,1342,4,-44,5692,1,,
366,194,8,302,5697,1,,
42,5,9,310,5701,1,,
364,69,5,299,5705,1,,
76,24,7,292,5711,1,,
395,619,9,310,5724,1,,
352,680,4,292,5731,1,,
228,1986,4,13,5738,1,,
441,343,6,310,5757,1,,
412,122,9,293,5757,1,,
101,1267,10,35,5760,1,,
384,52,2,314,5764,1,,
229,123,2,312,5764,1,,
136,1467,7,314,5776,1,,
163,65,6,293,5788,1,,
163,126,12,293,5788,1,,
408,40,4,292,5790,1,,
472,939,2,293,5792,1,,
439,280,1,192,5795,1,,
457,660,4,292,5797,1,,
77,24,6,314,5806,1,,
440,292,8,35,5821,1,,
437,180,2,300,5824,1,,
230,95,11,276,5828,1,,
226,25,6,243,5833,1,,
128,115,11,317,5843,1,,
443,375,8,276,5855,1,,
348,678,9,162,5859,1,,
466,842,9,317,5868,1,,
382,1109,9,296,5870,1,,
299,124,7,317,5881,1,,
385,21,8,297,5881,1,,
386,55,6,290,5891,1,,
414,155,2,296,5895,1,,
156,1579,8,162,5899,1,,
298,15,6,242,5905,1,,
396,639,6,139,5908,1,,
471,922,6,243,5922,1,,
217,1922,2,242,5924,1,,
474,988,5,139,5930,1,,
448,489,6,35,5935,1,,
301,26,10,259,5945,1,,
478,1056,2,317,5959,1,,
478,1054,4,259,5959,1,,
320,71,10,-22,5968,1,,
339,298,9,305,5973,1,,
231,95,5,259,5978,1,,
231,420,9,-33,5978,1,,
407,48,9,236,5981,1,,
136,1474,6,86,5982,1,,
352,589,7,-22,5991,1,,
215,181,10,324,5993,1,,
476,1022,7,-22,6002,1,,
387,168,7,305,6002,1,,
399,2859,4,162,6009,1,,
101,1267,7,212,6013,1,,
384,2794,3,306,6018,1,,
444,388,5,139,6023,1,,
419,267,8,-33,6029,1,,
48,1378,6,-33,6039,1,,
451,542,5,-33,6051,1,,
314,2446,4,-22,6065,1,,
182,113,5,259,6068,1,,
230,1998,2,-7,6073,1,,
133,117,11,159,6082,1,,
324,0,8,311,6093,1,,
322,0,6,324,6094,1,,
321,71,6,159,6103,1,,
323,71,9,322,6115,1,,
466,840,7,236,6117,1,,
434,3007,3,286,6118,1,,
229,321,8,159,6127,1,,
469,900,2,334,6147,1,,
437,140,4,139,6151,1,,
437,140,8,318,6151,1,,
437,186,6,243,6151,1,,
437,180,8,-22,6151,1,,
386,53,10,159,6154,1,,
279,2264,3,-22,6157,1,,
420,289,3,236,6162,1,,
132,45,8,269,6168,1,,
132,1445,2,269,6168,1,,
225,25,12,334,6171,1,,
471,933,6,236,6171,1,,
388,168,2,-22,6178,1,,
256,233,1,334,6189,1,,
217,1916,3,-22,6191,1,,
269,2210,2,291,6203,1,,
456,657,10,269,6205,1,,
445,432,2,-22,6209,1,,
427,719,6,159,6217,1,,
427,618,2,269,6217,1,,
232,240,12,114,6236,1,,
232,2007,2,114,6236,1,,
307,2408,2,292,6236,1,,
448,499,11,276,6239,1,,
488,1209,11,279,6251,1,,
478,1054,9,-33,6252,1,,
476,1016,4,291,6261,1,,
257,233,7,11,6263,1,,
50,1427,2,11,6278,1,,
50,44,9,213,6278,1,,
312,483,5,11,6287,1,,
387,171,8,333,6290,1,,
387,72,7,328,6290,1,,
416,195,7,11,6297,1,,
410,97,1,236,6300,1,,
486,1177,10,114,6304,1,,
51,4,10,232,6311,1,,
418,234,6,333,6314,1,,
413,137,10,232,6325,1,,
461,760,8,114,6325,1,,
458,691,9,232,6338,1,,
446,445,12,272,6352,1,,
444,391,6,159,6357,1,,
229,25,8,232,6362,1,,
274,378,8,315,6363,1,,
322,0,8,279,6369,1,,
264,183,9,272,6376,1,,
462,775,9,213,6376,1,,
442,348,6,328,6378,1,,
464,806,3,315,6382,1,,
279,2264,2,186,6400,1,,
121,1388,6,156,6409,1,,
338,287,4,269,6415,1,,
415,167,4,311,6424,1,,
139,1487,4,114,6432,1,,
469,884,12,213,6442,1,,
2,3,12,249,6446,1,,
482,1122,8,249,6457,1,,
422,414,4,114,6458,1,,
463,797,10,341,6469,1,,
439,255,2,249,6472,1,,
439,261,8,332,6472,1,,
215,1910,4,213,6483,1,,
215,23,6,341,6483,1,,
273,277,10,249,6486,1,,
427,696,4,279,6492,1,,
401,2865,2,232,6497,1,,
401,773,8,341,6497,1,,
445,426,10,228,6500,1,,
465,832,4,328,6501,1,,
118,13,4,232,6510,1,,
118,1371,5,344,6510,1,,
437,164,2,78,6517,1,,
414,134,8,341,6522,1,,
417,189,8,341,6533,1,,
339,109,8,232,6545,1,,
486,1180,7,332,6553,1,,
451,541,2,286,6556,1,,
451,552,5,286,6556,1,,
75,62,2,159,6560,1,,
75,3,1,159,6560,1,,
430,833,3,159,6566,1,,
157,1583,8,249,6575,1,,
309,393,6,232,6578,1,,
309,2417,2,344,6578,1,,
365,335,8,341,6589,1,,
461,751,6,78,6592,1,,
453,586,4,235,6594,1,,
453,579,10,235,6594,1,,
143,1511,2,78,6596,1,,
377,991,11,287,6609,1,,
458,684,7,316,6614,1,,
440,311,1,269,6625,1,,
446,445,6,156,6628,1,,
446,441,8,332,6628,1,,
378,991,10,-58,6642,1,,
444,397,6,249,6652,1,,
322,0,6,11,6663,1,,
0,19,9,287,6664,1,,
140,1494,3,348,6673,1,,
454,604,6,235,6674,1,,
283,2,5,341,6679,1,,
478,1057,8,287,6685,1,,
474,983,6,232,6695,1,,
338,244,6,249,6697,1,,
133,1451,4,232,6707,1,,
80,4,10,-25,6711,1,,
416,2931,3,232,6726,1,,
468,882,12,-25,6730,1,,
198,81,6,-25,6739,1,,
462,776,5,344,6746,1,,
476,1011,3,11,6752,1,,
361,12,10,-25,6756,1,,
445,421,12,235,6759,1,,
447,475,4,232,6765,1,,
288,20,5,-25,6766,1,,
273,243,5,340,6768,1,,
482,1120,1,333,6772,1,,
161,1609,2,-25,6778,1,,
451,546,6,340,6790,1,,
465,826,4,213,6793,1,,
276,2247,3,232,6799,1,,
363,194,2,358,6803,1,,
437,174,7,348,6807,1,,
384,17,4,340,6813,1,,
284,2,8,313,6833,1,,
204,1845,4,332,6833,1,,
486,1180,5,232,6839,1,,
442,344,4,228,6845,1,,
340,136,7,288,6855,1,,
446,454,1,269,6858,1,,
327,459,5,365,6864,1,,
326,2509,1,249,6867,1,,
378,1020,2,316,6867,1,,
438,227,2,344,6878,1,,
440,305,10,336,6879,1,,
467,860,1,341,6884,1,,
413,138,2,316,6900,1,,
199,81,10,321,6914,1,,
437,-1,-1,-999,6914,2,v14_piggyback,1.0,6807,107
468,871,10,152,6921,1,,
376,975,6,321,6925,1,,
385,42,8,366,6929,1,,
10,1316,4,366,6936,1,,
289,38,4,329,6937,1,,
234,2018,2,329,6941,1,,
445,429,1,114,6957,1,,
200,144,6,319,6962,1,,
0,3,8,375,6974,1,,
276,-1,-1,-999,6977,2,v14_piggyback,1.0,6799,178
118,1367,7,256,6981,1,,
135,1461,10,319,6997,1,,
462,775,5,375,6999,1,,
229,400,8,350,7005,1,,
471,924,4,319,7006,1,,
383,34,6,375,7008,1,,
432,893,4,34,7012,1,,
155,1573,2,375,7015,1,,
2,19,12,363,7032,1,,
486,-1,-1,-999,7039,2,v14_piggyback,1.0,6839,200
290,229,12,267,7054,1,,
1,46,8,377,7055,1,,
465,3142,4,267,7061,1,,
198,81,4,256,7068,1,,
312,483,2,319,7076,1,,
475,993,6,267,7078,1,,
382,18,11,303,7083,1,,
353,737,3,267,7083,1,,
386,73,1,375,7086,1,,
413,-1,-1,-999,7100,2,v14_piggyback,2.0,6900,200
125,1408,2,295,7110,1,,
125,1,4,295,7110,1,,
125,115,6,295,7110,1,,
446,437,8,232,7121,1,,
210,231,9,362,7124,1,,
311,408,9,346,7136,1,,
163,1619,2,338,7143,1,,
282,36,6,362,7151,1,,
282,38,4,304,7151,1,,
453,583,4,338,7152,1,,
444,388,10,304,7165,1,,
420,285,12,295,7165,1,,
205,207,7,304,7176,1,,
384,42,10,295,7180,1,,
162,14,11,342,7182,1,,
230,118,8,368,7188,1,,
323,0,8,295,7192,1,,
40,1220,6,303,7201,1,,
433,936,12,134,7204,1,,
409,92,2,338,7208,1,,
449,508,6,377,7210,1,,
182,67,7,303,7221,1,,
186,1750,2,335,7222,1,,
186,294,10,134,7222,1,,
118,1367,10,338,7224,1,,
273,297,1,346,7230,1,,
421,302,8,384,7232,1,,
389,236,8,368,7253,1,,
486,1180,1,232,7258,1,,
383,18,6,295,7260,1,,
383,42,2,295,7260,1,,
450,539,8,134,7265,1,,
159,269,12,383,7287,1,,
473,968,5,303,7291,1,,
2,28,6,304,7297,1,,
340,2584,4,175,7299,1,,
372,754,11,387,7305,1,,
378,1024,5,295,7307,1,,
410,86,7,134,7308,1,,
387,80,4,134,7315,1,,
416,169,6,383,7329,1,,
199,144,9,393,7329,1,,
413,138,2,316,7336,1,,
164,10,8,387,7349,1,,
331,2537,1,383,7358,1,,
439,262,3,295,7363,1,,
468,3154,4,34,7365,1,,
482,3221,4,332,7370,1,,
157,65,4,304,7372,1,,
444,409,3,335,7387,1,,
444,410,5,368,7387,1,,
444,401,3,368,7387,1,,
392,449,2,377,7390,1,,
369,452,10,361,7400,1,,
446,436,10,295,7404,1,,
256,587,3,134,7406,1,,
288,2,2,363,7413,1,,
363,254,4,368,7416,1,,
470,906,7,361,7422,1,,
414,2925,2,295,7424,1,,
398,731,3,304,7427,1,,
484,1150,4,197,7442,1,,
114,1345,7,373,7455,1,,
197,1813,2,267,7456,1,,
129,115,10,380,7471,1,,
289,36,8,391,7478,1,,
191,1776,2,134,7483,1,,
409,84,5,363,7486,1,,
447,466,2,295,7491,1,,
250,163,5,373,7496,1,,
250,163,8,380,7496,1,,
449,513,6,148,7500,1,,
452,560,7,392,7507,1,,
259,2152,4,391,7513,1,,
438,204,6,380,7517,1,,
333,2547,3,391,7532,1,,
415,159,8,392,7539,1,,
437,174,1,348,7542,1,,
242,163,5,372,7545,1,,
487,1199,3,373,7555,1,,
384,17,8,51,7558,1,,
238,157,10,294,7559,1,,
112,1336,2,356,7568,1,,
112,347,5,356,7568,1,,
241,284,6,323,7580,1,,
364,254,11,326,7582,1,,
443,386,8,294,7590,1,,
416,167,8,51,7593,1,,
229,95,8,388,7604,1,,
367,392,6,356,7605,1,,
442,360,10,326,7611,1,,
284,2,6,294,7613,1,,
174,1684,2,294,7618,1,,
312,480,6,356,7627,1,,
240,2052,2,380,7648,1,,
95,1230,8,326,7652,1,,
320,2473,1,295,7657,1,,
362,60,5,51,7668,1,,
362,156,6,411,7668,1,,
414,158,3,337,7677,1,,
468,3155,2,384,7681,1,,
470,920,6,197,7686,1,,
470,910,8,373,7686,1,,
365,335,6,210,7687,1,,
365,322,8,347,7687,1,,
417,195,2,373,7690,1,,
440,282,10,418,7696,1,,
446,450,3,372,7696,1,,
444,397,7,392,7705,1,,
444,405,6,392,7705,1,,
288,77,9,418,7710,1,,
459,702,8,51,7722,1,,
291,485,11,359,7726,1,,
438,216,6,356,7729,1,,
452,561,3,51,7735,1,,
452,561,6,326,7735,1,,
449,515,8,294,7738,1,,
437,179,8,51,7763,1,,
168,139,6,359,7763,1,,
454,611,6,345,7770,1,,
479,1083,7,347,7777,1,,
306,361,4,345,7777,1,,
410,70,4,418,7785,1,,
173,153,6,210,7786,1,,
487,1198,9,356,7790,1,,
415,167,3,408,7815,1,,
415,167,3,416,7815,1,,
416,189,1,363,7818,1,,
463,785,6,51,7824,1,,
290,404,3,407,7831,1,,
261,327,6,326,7833,1,,
112,1332,2,209,7834,1,,
299,57,10,349,7853,1,,
447,467,5,396,7856,1,,
271,2218,1,388,7856,1,,
135,147,5,392,7857,1,,
99,1254,4,396,7876,1,,
99,58,3,396,7876,1,,
314,2445,2,396,7881,1,,
442,349,9,210,7886,1,,
264,90,6,357,7888,1,,
264,33,8,357,7888,1,,
170,1663,2,374,7890,1,,
220,240,3,210,7897,1,,
220,214,2,416,7897,1,,
104,1283,8,349,7904,1,,
441,342,4,408,7907,1,,
313,712,6,374,7909,1,,
214,1901,4,392,7921,1,,
266,103,9,349,7922,1,,
300,124,10,412,7936,1,,
194,1789,3,51,7938,1,,
438,227,9,396,7944,1,,
158,75,8,349,7947,1,,
440,305,9,359,7960,1,,
384,52,11,433,7961,1,,
459,718,10,416,7972,1,,
258,2150,2,408,7976,1,,
85,8,11,433,7976,1,,
136,147,11,427,7989,1,,
445,425,11,433,8006,1,,
298,15,8,353,8007,1,,
446,436,2,51,8009,1,,
360,12,8,424,8023,1,,
418,235,6,353,8026,1,,
418,239,7,330,8026,1,,
454,615,10,400,8033,1,,
454,615,10,367,8033,1,,
437,140,7,419,8039,1,,
112,1333,4,433,8039,1,,
301,15,8,330,8052,1,,
457,668,10,417,8053,1,,
215,271,10,424,8053,1,,
76,129,9,417,8066,1,,
440,-1,-1,-999,8069,2,v14_piggyback,1.0,7960,109
416,167,2,416,8072,1,,
137,116,4,353,8076,1,,
137,147,11,401,8076,1,,
474,980,8,424,8084,1,,
413,135,4,417,8091,1,,
476,1022,12,401,8092,1,,
461,3124,2,416,8096,1,,
386,127,7,401,8103,1,,
408,48,6,357,8112,1,,
422,2957,2,392,8113,1,,
3,3,6,442,8136,1,,
454,-1,-1,-999,8144,2,v14_piggyback,1.0,8033,111
297,710,9,442,8152,1,,
284,2,6,357,8166,1,,
1,19,8,421,8168,1,,
361,11,5,385,8169,1,,
194,1790,2,308,8173,1,,
419,235,6,421,8177,1,,
385,72,4,443,8181,1,,
409,84,4,421,8184,1,,
464,820,2,442,8188,1,,
40,5,6,357,8190,1,,
358,49,3,389,8195,1,,
264,103,4,401,8200,1,,
416,-1,-1,-999,8206,2,v14_piggyback,2.0,8072,134
420,302,4,357,8218,1,,
200,81,4,422,8221,1,,
97,1242,8,-2,8233,1,,
417,197,8,453,8234,1,,
189,1766,3,427,8235,1,,
341,2588,3,443,8243,1,,
445,417,3,390,8247,1,,
445,432,6,417,8247,1,,
437,174,10,424,8255,1,,
418,203,4,339,8266,1,,
335,2556,4,-2,8271,1,,
182,67,7,432,8279,1,,
338,6,5,339,8286,1,,
338,109,3,339,8286,1,,
112,1336,6,442,8291,1,,
440,305,2,359,8292,1,,
158,192,6,432,8311,1,,
0,51,2,432,8315,1,,
370,591,3,339,8320,1,,
191,1778,2,349,8331,1,,
404,1026,4,-2,8337,1,,
474,981,6,394,8341,1,,
137,1475,2,421,8341,1,,
454,615,2,367,8348,1,,
224,181,5,457,8356,1,,
213,1896,1,330,8356,1,,
459,718,10,-18,8370,1,,
359,12,4,438,8375,1,,
359,1012,9,438,8375,1,,
215,23,6,441,8379,1,,
419,272,2,422,8385,1,,
473,960,5,441,8387,1,,
457,665,4,457,8394,1,,
371,537,12,438,8402,1,,
179,160,4,448,8416,1,,
390,245,6,255,8420,1,,
409,79,2,422,8426,1,,
93,13,8,414,8428,1,,
201,144,12,414,8444,1,,
361,12,5,360,8446,1,,
361,49,10,241,8446,1,,
391,264,6,320,8448,1,,
1,22,3,441,8454,1,,
405,1035,9,360,8470,1,,
405,1002,9,241,8470,1,,
420,283,7,339,8471,1,,
273,330,5,414,8480,1,,
459,-1,-1,-999,8482,2,v14_piggyback,1.0,8370,112
148,1536,5,414,8488,1,,
443,370,8,241,8489,1,,
443,385,6,241,8489,1,,
200,1824,4,-2,8498,1,,
163,10,5,414,8499,1,,
214,271,5,414,8507,1,,
464,809,7,-2,8511,1,,
437,179,10,457,8512,1,,
386,120,4,241,8520,1,,
442,348,8,462,8524,1,,
204,1844,4,241,8539,1,,
416,167,3,416,8544,1,,
409,-1,-1,-999,8544,2,v14_piggyback,2.0,8426,118
212,1894,9,449,8554,1,,
178,1705,3,454,8563,1,,
384,53,4,449,8565,1,,
441,3040,4,381,8575,1,,
474,980,6,-2,8577,1,,
417,195,10,465,8583,1,,
388,146,3,255,8589,1,,
368,2725,4,448,8594,1,,
338,100,4,438,8601,1,,
463,793,3,241,8602,1,,
444,396,1,448,8605,1,,
362,2699,2,414,8613,1,,
457,3109,2,441,8618,1,,
389,176,3,355,8626,1,,
473,961,12,-18,8644,1,,
387,94,2,449,8669,1,,
165,16,10,426,8676,1,,
165,10,12,426,8676,1,,
131,1438,3,371,8677,1,,
367,351,10,426,8690,1,,
305,333,2,241,8690,1,,
288,2,6,435,8696,1,,
443,382,4,431,8702,1,,
93,1217,10,327,8704,1,,
0,30,6,426,8720,1,,
0,19,3,426,8720,1,,
459,704,8,255,8720,1,,
459,709,10,462,8720,1,,
201,1831,6,381,8731,1,,
415,173,8,435,8736,1,,
280,2266,3,435,8742,1,,
148,1536,12,454,8753,1,,
289,20,10,459,8758,1,,
386,80,2,371,8760,1,,
232,2007,1,469,8767,1,,
478,1057,6,426,8772,1,,
409,79,1,422,8773,1,,
447,463,10,459,8775,1,,
128,141,8,469,8792,1,,
2,51,10,472,8797,1,,
451,559,8,423,8800,1,,
212,1894,11,-12,8810,1,,
1,22,5,469,8820,1,,
442,359,6,426,8821,1,,
416,197,5,435,8822,1,,
416,175,10,423,8822,1,,
333,805,4,426,8828,1,,
299,15,5,420,8840,1,,
300,15,10,425,8865,1,,
229,95,5,434,8874,1,,
418,225,4,420,8876,1,,
417,189,10,425,8882,1,,
388,80,6,371,8886,1,,
57,1681,3,426,8889,1,,
414,158,2,434,8892,1,,
413,148,6,423,8893,1,,
360,11,10,473,8909,1,,
348,580,7,425,8909,1,,
76,24,2,467,8922,1,,
76,4,6,483,8922,1,,
3,22,6,473,8925,1,,
3,30,4,444,8925,1,,
347,377,6,437,8926,1,,
347,551,3,378,8926,1,,
301,15,2,483,8926,1,,
212,-1,-1,-999,8927,2,v14_piggyback,1.0,8810,117
50,4,6,478,8943,1,,
298,26,12,437,8944,1,,
4,28,8,483,8955,1,,
441,315,6,437,8956,1,,
472,941,6,475,8988,1,,
39,63,10,487,9001,1,,
225,25,8,444,9002,1,,
116,1355,2,270,9006,1,,
116,13,6,437,9006,1,,
439,3032,2,426,9008,1,,
449,502,6,473,9014,1,,
343,424,5,475,9016,1,,
126,1413,9,120,9038,1,,
126,1,8,120,9038,1,,
385,52,7,487,9044,1,,
385,72,2,487,9044,1,,
382,18,9,484,9047,1,,
323,0,8,444,9052,1,,
340,304,10,484,9064,1,,
478,1063,12,420,9065,1,,
200,185,8,473,9066,1,,
433,965,4,487,9072,1,,
442,362,4,420,9079,1,,
321,61,12,456,9085,1,,
77,47,10,487,9093,1,,
302,78,10,120,9101,1,,
24,1632,4,378,9104,1,,
315,804,10,120,9117,1,,
451,558,5,415,9122,1,,
60,7,4,500,9130,1,,
280,2266,4,270,9140,1,,
389,199,10,120,9142,1,,
214,301,8,120,9156,1,,
0,30,12,505,9166,1,,
411,108,4,437,9168,1,,
446,446,7,120,9168,1,,
479,1083,8,429,9181,1,,
2,46,4,490,9194,1,,
78,129,11,429,9196,1,,
413,137,8,437,9200,1,,
304,2393,4,429,9203,1,,
255,2132,2,426,9207,1,,
185,1745,4,270,9209,1,,
386,120,4,473,9217,1,,
480,1095,4,378,9225,1,,
414,143,4,473,9226,1,,
439,280,7,429,9237,1,,
278,2255,2,484,9240,1,,
38,63,2,484,9247,1,,
253,2120,2,429,9250,1,,
362,119,4,444,9257,1,,
157,65,2,425,9265,1,,
449,504,9,120,9279,1,,
415,158,1,454,9282,1,,
274,378,10,509,9282,1,,
330,2531,3,452,9288,1,,
382,2784,2,420,9304,1,,
437,164,4,120,9307,1,,
126,1416,7,226,9318,1,,
358,49,2,437,9319,1,,
391,316,2,452,9328,1,,
291,2324,3,456,9332,1,,
318,564,4,497,9339,1,,
128,177,8,480,9342,1,,
443,374,3,120,9345,1,,
385,2797,3,120,9353,1,,
412,102,6,439,9359,1,,
444,396,2,439,9366,1,,
302,2379,3,509,9382,1,,
290,291,5,491,9385,1,,
359,2687,2,504,9388,1,,
348,2628,2,456,9390,1,,
401,2866,2,480,9392,1,,
383,1074,2,440,9417,1,,
479,1077,7,452,9419,1,,
479,1084,8,480,9419,1,,
292,412,10,496,9419,1,,
306,2403,2,270,9422,1,,
288,2,1,439,9425,1,,
98,62,2,504,9431,1,,
98,1249,6,480,9431,1,,
305,212,8,488,9438,1,,
447,466,7,485,9444,1,,
285,2,5,494,9454,1,,
485,1163,10,508,9466,1,,
416,187,6,492,9469,1,,
475,999,6,496,9474,1,,
427,696,7,277,9476,1,,
379,1062,10,277,9491,1,,
246,2084,2,120,9496,1,,
246,59,7,405,9496,1,,
312,361,10,492,9497,1,,
124,1,6,485,9505,1,,
124,3,2,508,9505,1,,
124,1403,2,277,9505,1,,
273,278,6,492,9519,1,,
249,59,8,514,9521,1,,
454,612,6,508,9524,1,,
3,3,4,405,9528,1,,
477,1032,6,277,9533,1,,
195,1796,4,405,9535,1,,
375,2755,3,514,9541,1,,
199,1823,2,226,9545,1,,
286,2,6,517,9551,1,,
293,291,3,405,9551,1,,
421,341,6,517,9567,1,,
242,163,12,464,9570,1,,
382,17,9,485,9576,1,,
409,74,9,477,9580,1,,
338,6,9,464,9592,1,,
410,87,9,507,9593,1,,
360,60,6,277,9596,1,,
443,382,5,496,9608,1,,
443,375,7,405,9608,1,,
385,52,8,477,9609,1,,
251,59,1,485,9611,1,,
251,64,1,508,9611,1,,
251,284,4,277,9611,1,,
232,2009,2,496,9635,1,,
428,620,5,446,9637,1,,
400,782,6,251,9640,1,,
326,520,5,277,9647,1,,
391,309,6,251,9650,1,,
467,869,5,277,9655,1,,
470,918,8,507,9662,1,,
211,1888,3,485,9664,1,,
185,1745,2,496,9668,1,,
442,344,6,251,9671,1,,
300,2371,2,496,9672,1,,
39,63,5,477,9679,1,,
412,133,2,120,9689,1,,
447,476,11,508,9700,1,,
98,1247,8,485,9712,1,,
235,131,6,516,9713,1,,
235,321,7,516,9713,1,,
408,68,4,251,9715,1,,
301,152,5,516,9721,1,,
172,1673,1,456,9725,1,,
124,1402,6,225,9736,1,,
124,1402,10,113,9736,1,,
440,314,3,516,9739,1,,
309,2417,2,446,9741,1,,
449,512,4,492,9742,1,,
477,1031,6,369,9750,1,,
423,407,4,482,9752,1,,
444,401,4,482,9761,1,,
411,108,9,524,9784,1,,
386,55,3,482,9786,1,,
0,46,8,524,9796,1,,
409,70,9,251,9806,1,,
446,437,3,251,9812,1,,
479,1081,7,513,9818,1,,
2,46,4,543,9819,1,,
77,47,2,529,9826,1,,
290,336,2,513,9827,1,,
200,1824,1,330,9830,1,,
414,154,4,513,9836,1,,
76,24,3,517,9836,1,,
280,2266,2,477,9854,1,,
229,118,12,510,9866,1,,
322,2485,1,530,9868,1,,
209,1871,2,251,9875,1,,
3,46,9,325,9879,1,,
470,912,5,526,9886,1,,
324,2495,2,513,9897,1,,
324,61,11,325,9897,1,,
126,1415,8,537,9902,1,,
126,1,11,537,9902,1,,
412,102,10,325,9911,1,,
60,3,10,531,9923,1,,
60,7,5,533,9923,1,,
487,1195,9,325,9924,1,,
308,2411,2,251,9930,1,,
68,1962,2,524,9935,1,,
68,7,6,510,9935,1,,
199,223,10,530,9938,1,,
125,1408,2,494,9938,1,,
160,1602,4,531,9951,1,,
447,468,1,494,9961,1,,
438,206,7,531,9963,1,,
132,1,8,520,9976,1,,
140,89,2,531,9980,1,,
140,50,10,489,9980,1,,
115,1351,3,533,9988,1,,
413,143,6,520,9995,1,,
82,2921,4,540,9997,1,,
440,288,5,513,9998,1,,
440,305,11,513,9998,1,,
440,295,1,325,9998,1,,
362,69,9,548,10008,1,,
408,48,8,510,10010,1,,
320,0,4,445,10018,1,,
363,194,5,520,10026,1,,
410,74,5,520,10036,1,,
364,254,2,498,10047,1,,
364,194,6,541,10047,1,,
323,0,4,445,10051,1,,
109,13,4,540,10058,1,,
109,1315,6,552,10058,1,,
116,1353,4,325,10058,1,,
415,154,4,546,10071,1,,
451,559,3,325,10076,1,,
288,2306,4,541,10077,1,,
201,144,4,540,10077,1,,
201,184,10,549,10077,1,,
445,421,8,549,10089,1,,
87,3068,3,542,10105,1,,
87,3,5,542,10105,1,,
290,2316,2,325,10114,1,,
324,0,2,445,10118,1,,
166,1640,2,325,10129,1,,
157,65,8,560,10133,1,,
463,789,8,554,10146,1,,
407,48,2,501,10153,1,,
339,6,7,489,10154,1,,
339,85,9,553,10154,1,,
209,1872,3,376,10157,1,,
209,260,5,542,10157,1,,
230,420,8,560,10166,1,,
86,47,8,554,10171,1,,
133,117,6,553,10176,1,,
471,928,2,542,10183,1,,
471,929,6,542,10183,1,,
183,67,2,533,10184,1,,
437,186,7,554,10194,1,,
445,-1,-1,-999,10196,2,v14_piggyback,1.0,10089,107
282,27,2,489,10196,1,,
442,362,2,540,10203,1,,
473,966,2,513,10207,1,,
265,183,6,525,10214,1,,
438,218,9,552,10219,1,,
452,567,7,450,10219,1,,
322,61,6,450,10236,1,,
447,476,9,542,10238,1,,
447,482,9,554,10238,1,,
435,1073,3,450,10241,1,,
340,6,7,542,10249,1,,
439,274,5,556,10257,1,,
421,387,1,513,10264,1,,
42,5,3,450,10272,1,,
362,172,1,325,10275,1,,
227,1982,2,489,10281,1,,
434,1065,4,386,10283,1,,
317,2460,2,533,10292,1,,
242,2062,1,479,10292,1,,
478,3199,4,554,10295,1,,
163,1620,4,554,10304,1,,
264,90,5,468,10316,1,,
324,0,9,450,10319,1,,
463,789,4,567,10338,1,,
440,299,4,542,10345,1,,
322,-1,-1,-999,10347,2,v14_piggyback,6.0,10236,111
326,510,1,523,10348,1,,
313,735,8,576,10363,1,,
389,208,3,554,10372,1,,
130,1,2,556,10376,1,,
312,545,9,574,10378,1,,
3,3,4,568,10388,1,,
339,2580,4,397,10397,1,,
471,933,10,525,10400,1,,
50,88,5,574,10407,1,,
173,1676,2,525,10408,1,,
447,-1,-1,-999,10409,2,v14_piggyback,1.0,10238,171
209,1875,2,489,10414,1,,
452,3088,2,502,10417,1,,
445,421,3,549,10423,1,,
320,71,1,581,10432,1,,
306,361,2,542,10439,1,,
466,853,2,541,10443,1,,
390,264,7,406,10444,1,,
442,344,2,523,10457,1,,
243,59,7,406,10471,1,,
243,193,6,406,10471,1,,
358,49,3,406,10477,1,,
61,7,4,406,10484,1,,
416,187,4,406,10492,1,,
363,119,2,406,10497,1,,
40,29,6,563,10506,1,,
415,175,9,585,10519,1,,
193,1786,1,498,10520,1,,
392,352,12,409,10525,1,,
414,150,4,582,10526,1,,
425,522,10,460,10542,1,,
424,519,1,542,10546,1,,
440,311,6,583,10555,1,,
43,5,12,409,10556,1,,
227,1984,4,568,10565,1,,
130,1435,8,410,10567,1,,
411,98,5,409,10576,1,,
234,2020,2,521,10585,1,,
139,50,7,409,10588,1,,
393,456,5,430,10598,1,,
60,82,8,579,10600,1,,
60,1804,3,579,10600,1,,
134,117,11,586,10616,1,,
244,163,8,579,10620,1,,
364,119,8,590,10632,1,,
289,229,6,586,10633,1,,
289,38,5,586,10633,1,,
212,1894,8,463,10638,1,,
412,108,8,593,10647,1,,
423,505,9,521,10651,1,,
466,853,4,398,10658,1,,
192,67,6,463,10667,1,,
409,92,8,579,10668,1,,
339,109,6,579,10677,1,,
42,5,6,586,10678,1,,
42,9,8,403,10678,1,,
42,19,8,403,10678,1,,
438,249,4,579,10684,1,,
378,1024,6,590,10693,1,,
180,1717,3,585,10699,1,,
322,2486,2,406,10703,1,,
476,1018,11,237,10705,1,,
226,25,12,403,10706,1,,
226,23,8,595,10706,1,,
230,95,9,237,10726,1,,
401,811,6,539,10727,1,,
182,191,9,544,10741,1,,
394,472,10,586,10760,1,,
387,55,7,566,10762,1,,
387,127,6,474,10762,1,,
332,894,2,539,10777,1,,
332,730,9,528,10777,1,,
333,706,9,544,10778,1,,
419,263,10,403,10783,1,,
424,511,10,237,10799,1,,
424,474,6,566,10799,1,,
300,15,2,409,10801,1,,
300,57,12,591,10801,1,,
402,897,10,528,10809,1,,
434,1027,2,471,10813,1,,
421,387,10,403,10816,1,,
115,3,1,544,10822,1,,
115,177,6,566,10822,1,,
115,1351,10,566,10822,1,,
415,150,6,539,10824,1,,
440,288,9,403,10828,1,,
386,94,2,536,10835,1,,
386,73,8,571,10835,1,,
112,45,3,403,10844,1,,
112,1333,6,403,10844,1,,
112,1,2,591,10844,1,,
334,730,9,474,10852,1,,
442,355,8,409,10855,1,,
483,1131,2,590,10864,1,,
370,537,9,566,10865,1,,
413,114,8,403,10867,1,,
126,1416,7,566,10876,1,,
340,304,8,403,10879,1,,
400,773,12,262,10884,1,,
391,316,8,551,10891,1,,
231,118,10,262,10898,1,,
398,741,12,428,10914,1,,
455,636,7,544,10915,1,,
423,407,4,539,10921,1,,
94,13,6,573,10927,1,,
352,651,9,262,10934,1,,
319,850,7,566,10938,1,,
220,240,8,591,10939,1,,
418,226,6,262,10943,1,,
388,94,7,536,10948,1,,
420,302,7,559,10958,1,,
256,221,6,566,10959,1,,
437,179,1,237,10969,1,,
437,179,1,474,10969,1,,
437,180,4,237,10969,1,,
476,1028,8,586,10972,1,,
457,675,6,551,10981,1,,
229,118,8,609,10996,1,,
433,965,5,262,11004,1,,
452,576,6,403,11005,1,,
438,206,4,539,11011,1,,
441,343,6,566,11015,1,,
387,80,3,551,11019,1,,
387,127,2,559,11019,1,,
285,211,5,403,11031,1,,
353,700,6,564,11042,1,,
383,17,4,586,11043,1,,
383,18,4,570,11043,1,,
339,109,6,237,11054,1,,
98,1246,4,591,11054,1,,
396,640,10,604,11056,1,,
134,117,4,591,11063,1,,
368,447,6,588,11063,1,,
461,753,6,566,11073,1,,
411,97,4,403,11078,1,,
437,-1,-1,-999,11078,2,v14_piggyback,1.0,10969,109
440,3036,2,566,11084,1,,
440,288,6,566,11084,1,,
271,230,4,604,11094,1,,
249,2098,2,237,11096,1,,
249,64,4,544,11096,1,,
39,44,9,604,11110,1,,
412,122,5,566,11113,1,,
267,209,7,600,11120,1,,
52,4,6,600,11129,1,,
438,-1,-1,-999,11140,2,v14_piggyback,1.0,11011,129
248,2092,1,262,11142,1,,
417,226,3,403,11150,1,,
176,1695,1,600,11152,1,,
439,251,4,591,11161,1,,
273,277,3,588,11161,1,,
298,26,4,474,11176,1,,
388,94,6,570,11181,1,,
257,296,3,610,11182,1,,
354,2659,2,551,11185,1,,
419,267,4,237,11190,1,,
362,2701,3,403,11191,1,,
440,-1,-1,-999,11202,2,v14_piggyback,1.0,11084,118
165,10,8,610,11203,1,,
375,934,2,570,11203,1,,
242,59,12,608,11219,1,,
256,259,5,599,11229,1,,
427,696,3,571,11240,1,,
476,3190,1,262,11244,1,,
120,1382,3,237,11253,1,,
379,2771,2,403,11254,1,,
224,1966,2,610,11262,1,,
417,-1,-1,-999,11264,2,v14_piggyback,2.0,11150,114
460,738,1,593,11268,1,,
387,94,1,570,11272,1,,
418,226,1,403,11277,1,,
130,1437,2,566,11278,1,,
46,1329,2,237,11282,1,,
420,246,6,619,11296,1,,
50,1443,2,237,11305,1,,
310,2423,1,600,11322,1,,
299,54,12,589,11325,1,,
441,343,7,618,11327,1,,
437,179,3,474,11331,1,,
363,69,6,618,11336,1,,
322,0,1,618,11340,1,,
451,543,4,589,11345,1,,
426,584,10,578,11360,1,,
440,295,2,579,11364,1,,
51,4,3,607,11371,1,,
364,156,8,578,11371,1,,
439,262,5,618,11378,1,,
439,262,9,547,11378,1,,
459,715,6,589,11380,1,,
354,2661,3,615,11384,1,,
306,393,4,607,11385,1,,
298,54,3,534,11390,1,,
384,31,6,578,11390,1,,
256,2134,2,447,11394,1,,
408,1151,4,558,11406,1,,
264,33,7,602,11416,1,,
398,731,2,619,11421,1,,
407,48,1,534,11432,1,,
300,57,6,622,11446,1,,
463,784,3,589,11457,1,,
469,885,3,382,11461,1,,
224,1967,3,538,11467,1,,
383,21,4,577,11470,1,,
338,244,3,578,11476,1,,
221,1947,2,566,11481,1,,
337,2569,2,382,11483,1,,
257,221,7,382,11493,1,,
227,1983,1,237,11503,1,,
446,445,2,382,11503,1,,
181,1726,1,566,11507,1,,
477,1034,2,578,11523,1,,
441,340,8,518,11526,1,,
441,340,4,602,11526,1,,
441,331,8,558,11526,1,,
427,679,6,499,11535,1,,
127,1417,2,573,11539,1,,
447,476,6,499,11545,1,,
455,626,5,379,11553,1,,
77,24,10,628,11558,1,,
290,336,5,503,11561,1,,
61,7,6,436,11573,1,,
464,799,8,503,11576,1,,
293,569,4,499,11585,1,,
444,395,9,436,11586,1,,
161,1609,2,436,11591,1,,
481,1105,4,499,11594,1,,
440,299,9,620,11612,1,,
440,290,4,614,11612,1,,
446,-1,-1,-999,11614,2,v14_piggyback,1.0,11503,111
451,543,5,578,11616,1,,
439,273,3,628,11618,1,,
388,188,2,623,11620,1,,
327,520,6,575,11637,1,,
408,48,6,534,11648,1,,
408,56,7,499,11648,1,,
408,66,8,503,11648,1,,
326,530,2,503,11655,1,,
384,21,6,623,11656,1,,
265,162,3,379,11663,1,,
385,21,1,623,11673,1,,
432,931,5,511,11675,1,,
441,-1,-1,-999,11677,2,v14_piggyback,1.0,11526,151
383,21,1,623,11677,1,,
44,5,10,511,11689,1,,
152,16,6,511,11698,1,,
386,73,10,632,11700,1,,
469,896,7,364,11709,1,,
325,448,10,532,11713,1,,
462,777,5,511,11717,1,,
114,1343,6,632,11723,1,,
389,210,8,629,11735,1,,
0,41,10,629,11749,1,,
267,103,8,532,11754,1,,
408,-1,-1,-999,11758,2,v14_piggyback,3.0,11648,110
127,1417,2,628,11760,1,,
387,171,6,629,11763,1,,
387,127,4,629,11763,1,,
133,1450,3,511,11765,1,,
361,12,5,532,11783,1,,
304,2390,2,503,11790,1,,
299,57,7,557,11792,1,,
413,138,2,503,11799,1,,
464,820,7,557,11813,1,,
455,631,8,503,11813,1,,
183,1734,2,470,11820,1,,
181,1724,8,575,11824,1,,
444,403,9,511,11826,1,,
338,298,2,499,11827,1,,
450,523,3,557,11832,1,,
454,615,8,605,11839,1,,
282,36,7,605,11850,1,,
94,13,7,629,11860,1,,
421,329,6,629,11872,1,,
440,295,3,606,11873,1,,
440,290,2,470,11873,1,,
358,12,1,532,11878,1,,
346,310,4,629,11879,1,,
414,145,4,644,11888,1,,
361,-1,-1,-999,11894,2,v14_piggyback,1.0,11783,111
366,351,6,629,11899,1,,
384,31,9,605,11911,1,,
411,98,4,605,11918,1,,
446,445,9,382,11939,1,,
446,443,12,628,11939,1,,
446,441,6,436,11939,1,,
390,236,11,656,11944,1,,
441,340,6,602,11946,1,,
371,670,3,629,11950,1,,
475,1008,4,651,11955,1,,
439,262,3,511,11959,1,,
439,265,12,557,11959,1,,
408,48,1,534,11961,1,,
152,1559,4,413,11966,1,,
306,366,5,651,11971,1,,
340,85,6,651,11983,1,,
327,2513,2,550,11990,1,,
84,270,10,666,12004,1,,
464,820,8,470,12006,1,,
424,532,2,629,12008,1,,
417,226,2,666,12013,1,,
387,80,4,621,12022,1,,
308,2415,2,605,12027,1,,
450,531,2,404,12029,1,,
307,361,6,637,12034,1,,
454,606,2,627,12036,1,,
454,610,4,656,12036,1,,
288,20,5,621,12044,1,,
289,38,6,657,12056,1,,
440,288,5,566,12061,1,,
440,290,10,622,12061,1,,
139,43,10,630,12064,1,,
439,-1,-1,-999,12070,2,v14_piggyback,1.0,11959,111
107,1304,12,630,12089,1,,
199,260,8,220,12103,1,,
267,103,9,630,12118,1,,
234,2019,4,630,12127,1,,
291,229,10,669,12138,1,,
114,1342,7,220,12139,1,,
484,1154,4,633,12143,1,,
426,2971,2,648,12144,1,,
128,89,8,650,12153,1,,
283,38,5,648,12155,1,,
425,511,4,633,12156,1,,
263,440,11,641,12171,1,,
285,36,10,658,12171,1,,
201,1832,2,650,12178,1,,
312,361,2,648,12178,1,,
421,358,4,633,12180,1,,
441,331,5,621,12188,1,,
93,1217,10,641,12194,1,,
284,36,10,616,12204,1,,
451,548,12,343,12222,1,,
282,20,3,633,12228,1,,
326,510,9,658,12236,1,,
445,427,10,343,12244,1,,
408,35,8,220,12244,1,,
408,48,4,650,12244,1,,
478,1066,6,343,12253,1,,
200,165,6,343,12262,1,,
485,1164,4,343,12269,1,,
456,648,10,402,12270,1,,
52,4,12,173,12286,1,,
455,626,9,402,12290,1,,
229,321,7,641,12300,1,,
93,-1,-1,-999,12307,2,v14_piggyback,1.0,12194,113
339,244,12,672,12309,1,,
422,329,8,173,12311,1,,
422,368,5,173,12311,1,,
450,535,6,664,12328,1,,
450,539,8,220,12328,1,,
450,523,5,220,12328,1,,
424,522,10,343,12332,1,,
327,645,8,402,12335,1,,
327,609,10,676,12335,1,,
107,1305,9,129,12343,1,,
338,244,8,676,12349,1,,
257,296,7,649,12355,1,,
142,1507,8,173,12358,1,,
419,263,8,672,12363,1,,
386,168,6,641,12367,1,,
418,239,10,636,12380,1,,
455,-1,-1,-999,12399,2,v14_piggyback,1.0,12290,109
484,1155,4,476,12402,1,,
484,1155,6,343,12402,1,,
420,263,8,636,12406,1,,
420,283,10,646,12406,1,,
340,202,8,173,12414,1,,
130,1,1,672,12418,1,,
130,39,5,672,12418,1,,
443,385,7,173,12424,1,,
457,662,9,646,12435,1,,
454,604,8,673,12436,1,,
425,572,6,173,12447,1,,
441,343,10,658,12451,1,,
3,3,4,686,12453,1,,
463,793,6,677,12457,1,,
450,-1,-1,-999,12461,2,v14_piggyback,1.0,12328,133
264,90,6,173,12466,1,,
429,817,6,173,12476,1,,
205,207,6,658,12479,1,,
152,16,4,686,12482,1,,
445,432,7,677,12487,1,,
93,1217,1,641,12493,1,,
285,2,6,672,12497,1,,
414,150,4,658,12512,1,,
414,137,2,658,12512,1,,
76,62,7,597,12518,1,,
482,1118,8,597,12532,1,,
456,655,9,672,12534,1,,
51,88,6,663,12544,1,,
478,1066,6,562,12544,1,,
478,1063,8,173,12544,1,,
339,6,6,636,12550,1,,
440,305,5,633,12552,1,,
331,2536,4,495,12563,1,,
322,2485,3,495,12571,1,,
316,2454,4,495,12580,1,,
383,18,8,696,12584,1,,
415,150,2,658,12597,1,,
64,88,9,495,12599,1,,
64,1895,3,495,12599,1,,
198,1818,4,173,12615,1,,
416,169,12,612,12617,1,,
404,1013,4,173,12622,1,,
386,2804,3,679,12625,1,,
307,2409,4,667,12626,1,,
345,544,5,676,12636,1,,
367,351,10,674,12637,1,,
478,-1,-1,-999,12651,2,v14_piggyback,1.0,12544,107
465,837,10,674,12657,1,,
457,658,4,495,12658,1,,
288,2,2,612,12662,1,,
324,0,1,655,12669,1,,
162,192,2,612,12670,1,,
162,126,1,612,12670,1,,
323,61,8,674,12671,1,,
192,184,2,658,12676,1,,
472,950,4,173,12680,1,,
421,2953,3,678,12688,1,,
180,166,3,674,12696,1,,
320,196,12,645,12708,1,,
383,-1,-1,-999,12713,2,v14_piggyback,2.0,12584,129
453,582,2,616,12742,1,,
321,91,9,642,12746,1,,
348,676,8,642,12758,1,,
363,156,3,659,12763,1,,
362,2700,2,616,12770,1,,
229,205,9,645,12772,1,,
296,2346,2,173,12773,1,,
40,63,7,692,12782,1,,
482,1126,7,495,12793,1,,
290,229,8,694,12794,1,,
361,60,12,681,12795,1,,
455,626,1,402,12801,1,,
265,183,5,645,12807,1,,
420,302,5,692,12816,1,,
440,282,8,696,12820,1,,
440,295,10,674,12820,1,,
338,85,5,693,12823,1,,
322,0,9,655,12829,1,,
282,2277,1,527,12830,1,,
365,335,6,598,12831,1,,
448,497,4,598,12841,1,,
470,910,2,343,12853,1,,
481,1099,2,173,12868,1,,
364,156,7,647,12872,1,,
163,345,6,283,12876,1,,
163,14,6,283,12876,1,,
372,2742,1,696,12888,1,,
340,85,8,283,12899,1,,
419,267,6,647,12903,1,,
479,1081,8,283,12919,1,,
0,22,5,709,12920,1,,
266,33,7,283,12929,1,,
385,55,4,645,12930,1,,
449,509,6,283,12939,1,,
450,523,4,220,12944,1,,
472,940,8,635,12949,1,,
395,595,8,639,12950,1,,
93,13,5,704,12952,1,,
408,35,3,692,12958,1,,
397,666,8,515,12962,1,,
219,1930,2,647,12962,1,,
112,1332,3,647,12968,1,,
362,156,1,647,12971,1,,
453,594,7,527,12987,1,,
453,582,6,283,12987,1,,
438,237,6,695,12997,1,,
164,151,8,515,13008,1,,
164,14,8,690,13008,1,,
224,23,5,661,13015,1,,
369,452,3,695,13016,1,,
396,621,9,690,13021,1,,
370,447,11,569,13031,1,,
136,1467,4,283,13037,1,,
136,39,8,690,13037,1,,
18,1256,5,569,13039,1,,
368,338,1,714,13043,1,,
420,283,3,569,13052,1,,
443,380,1,704,13060,1,,
455,629,1,693,13067,1,,
455,636,12,693,13067,1,,
19,1253,12,512,13069,1,,
108,1309,8,690,13079,1,,
132,1,8,716,13089,1,,
320,899,7,690,13090,1,,
448,494,12,545,13097,1,,
448,487,7,624,13097,1,,
448,491,2,675,13097,1,,
445,425,7,512,13107,1,,
458,681,5,512,13115,1,,
463,788,6,515,13118,1,,
199,223,6,680,13132,1,,
419,283,3,569,13133,1,,
358,11,4,283,13146,1,,
109,1,12,719,13153,1,,
383,42,4,719,13160,1,,
421,302,4,283,13162,1,,
134,107,4,715,13169,1,,
133,1,12,680,13176,1,,
47,1357,4,719,13183,1,,
301,152,9,654,13192,1,,
200,149,9,719,13196,1,,
449,3076,2,717,13200,1,,
418,235,5,643,13200,1,,
278,2254,1,283,13205,1,,
278,230,8,654,13205,1,,
309,2416,3,680,13206,1,,
43,5,5,708,13214,1,,
408,35,7,690,13215,1,,
413,148,8,643,13223,1,,
145,345,6,654,13227,1,,
412,125,9,685,13237,1,,
95,13,5,727,13238,1,,
388,198,1,643,13246,1,,
446,453,1,685,13251,1,,
284,2287,3,643,13258,1,,
385,42,12,725,13260,1,,
479,1079,4,702,13270,1,,
416,159,4,725,13285,1,,
443,382,9,716,13310,1,,
410,93,12,701,13316,1,,
408,-1,-1,-999,13322,2,v14_piggyback,1.0,13215,107
389,242,2,719,13330,1,,
420,300,9,731,13338,1,,
478,1051,3,725,13339,1,,
411,105,6,713,13345,1,,
411,106,10,726,13345,1,,
411,106,6,683,13345,1,,
298,54,8,653,13353,1,,
409,84,9,671,13357,1,,
455,633,4,654,13360,1,,
187,1752,3,654,13366,1,,
469,898,10,726,13372,1,,
445,416,8,702,13380,1,,
167,1647,1,680,13382,1,,
387,168,8,713,13390,1,,
387,176,6,726,13390,1,,
462,769,2,719,13393,1,,
230,321,8,683,13402,1,,
474,974,6,594,13407,1,,
154,1572,8,720,13409,1,,
383,2789,3,658,13415,1,,
391,245,11,720,13430,1,,
384,32,8,710,13438,1,,
451,543,8,683,13439,1,,
133,1450,2,717,13440,1,,
483,1133,7,710,13463,1,,
291,2325,2,726,13465,1,,
291,211,6,722,13465,1,,
108,1,5,713,13473,1,,
183,224,2,594,13474,1,,
183,67,3,455,13474,1,,
123,1395,2,682,13484,1,,
139,170,8,455,13488,1,,
93,24,2,726,13489,1,,
93,13,10,722,13489,1,,
458,691,6,703,13499,1,,
363,201,6,682,13500,1,,
95,1229,8,594,13507,1,,
95,8,2,710,13507,1,,
338,202,10,742,13513,1,,
392,316,12,682,13525,1,,
77,58,12,742,13529,1,,
118,1370,8,721,13542,1,,
443,384,10,720,13544,1,,
443,375,4,682,13544,1,,
438,249,6,722,13550,1,,
420,267,2,647,13554,1,,
386,53,10,662,13556,1,,
382,17,7,745,13567,1,,
397,666,5,742,13577,1,,
256,306,7,745,13578,1,,
414,134,4,732,13585,1,,
362,121,6,722,13588,1,,
364,194,8,732,13597,1,,
445,428,6,643,13604,1,,
422,414,9,662,13606,1,,
464,815,8,665,13609,1,,
469,888,9,722,13619,1,,
440,307,8,662,13622,1,,
154,1570,2,399,13624,1,,
154,1568,8,665,13624,1,,
243,163,4,665,13631,1,,
0,28,2,726,13640,1,,
0,41,2,742,13640,1,,
371,596,7,662,13656,1,,
241,284,11,698,13662,1,,
452,577,4,722,13664,1,,
147,1534,6,207,13666,1,,
352,592,3,732,13668,1,,
242,193,7,729,13704,1,,
483,1140,2,662,13705,1,,
483,1140,11,455,13705,1,,
483,1128,8,207,13705,1,,
248,2090,4,742,13712,1,,
412,106,4,683,13725,1,,
42,5,2,729,13729,1,,
181,104,9,611,13731,1,,
181,10,11,697,13731,1,,
480,1087,2,671,13736,1,,
180,224,6,721,13740,1,,
485,1168,11,354,13742,1,,
179,1711,2,726,13745,1,,
351,589,9,596,13755,1,,
69,4,12,611,13762,1,,
69,2125,5,697,13762,1,,
453,582,1,722,13765,1,,
153,117,5,596,13769,1,,
153,16,5,734,13769,1,,
322,0,8,734,13780,1,,
387,127,7,611,13785,1,,
387,176,10,697,13785,1,,
388,188,8,354,13792,1,,
135,147,12,697,13801,1,,
456,641,7,354,13802,1,,
413,138,6,596,13812,1,,
285,38,12,697,13818,1,,
408,68,5,613,13826,1,,
461,761,6,744,13831,1,,
372,596,10,611,13833,1,,
438,238,6,729,13837,1,,
435,1088,5,596,13839,1,,
444,405,8,611,13848,1,,
158,151,4,613,13858,1,,
383,18,8,697,13868,1,,
305,333,1,713,13874,1,,
453,-1,-1,-999,13877,2,v14_piggyback,1.0,13765,112
466,849,7,697,13882,1,,
301,152,5,746,13883,1,,
464,807,11,354,13889,1,,
437,186,6,755,13892,1,,
50,1443,3,748,13916,1,,
367,372,7,611,13917,1,,
443,371,1,748,13919,1,,
122,1390,6,207,13926,1,,
436,1088,7,352,13936,1,,
436,1088,9,506,13936,1,,
81,2858,4,748,13938,1,,
322,-1,-1,-999,13940,2,v14_piggyback,5.0,13780,160
445,416,5,352,13944,1,,
0,51,5,697,13965,1,,
449,513,4,352,13965,1,,
53,4,7,768,13966,1,,
196,1805,2,354,13970,1,,
415,182,5,611,13976,1,,
290,291,10,768,13980,1,,
288,36,2,744,13984,1,,
306,212,4,768,13987,1,,
167,1647,2,506,13989,1,,
419,283,5,745,13994,1,,
291,336,5,761,14003,1,,
384,53,3,744,14004,1,,
480,1095,10,613,14009,1,,
462,764,4,506,14011,1,,
412,122,2,744,14016,1,,
427,627,2,506,14020,1,,
458,691,5,207,14024,1,,
283,27,3,768,14039,1,,
283,128,10,757,14039,1,,
320,804,4,697,14042,1,,
333,2547,2,654,14048,1,,
358,49,4,455,14057,1,,
408,48,12,748,14060,1,,
449,-1,-1,-999,14077,2,v14_piggyback,1.0,13965,112
307,393,8,757,14089,1,,
307,152,10,711,14089,1,,
383,42,8,755,14093,1,,
413,122,8,744,14095,1,,
464,820,3,455,14098,1,,
106,1299,11,775,14104,1,,
471,925,7,711,14115,1,,
436,3017,3,-46,14118,1,,
443,374,3,665,14124,1,,
145,345,9,757,14128,1,,
466,843,5,761,14130,1,,
453,582,6,722,14137,1,,
458,-1,-1,-999,14139,2,v14_piggyback,1.0,14024,115
385,34,12,684,14142,1,,
437,3020,1,744,14145,1,,
266,90,6,757,14146,1,,
411,108,6,757,14156,1,,
158,1589,12,684,14170,1,,
199,149,7,684,14181,1,,
40,1216,5,711,14183,1,,
416,167,4,684,14195,1,,
464,-1,-1,-999,14208,2,v14_piggyback,1.0,14098,110
386,132,8,684,14211,1,,
105,1292,4,757,14216,1,,
105,13,5,787,14216,1,,
257,221,3,773,14220,1,,
415,161,9,741,14224,1,,
256,259,2,767,14230,1,,
459,714,6,684,14233,1,,
421,341,7,747,14241,1,,
332,894,8,737,14242,1,,
305,212,6,747,14251,1,,
389,245,12,763,14258,1,,
166,10,7,788,14269,1,,
412,112,12,684,14269,1,,
326,510,5,786,14274,1,,
153,16,9,789,14282,1,,
258,488,5,788,14290,1,,
265,183,8,786,14291,1,,
408,48,6,611,14299,1,,
202,1838,4,747,14300,1,,
343,424,2,789,14304,1,,
95,13,8,700,14310,1,,
200,81,6,700,14331,1,,
481,1099,2,747,14333,1,,
407,66,10,790,14335,1,,
462,781,9,684,14344,1,,
299,124,4,733,14347,1,,
383,18,10,763,14349,1,,
290,336,12,754,14360,1,,
432,931,5,733,14368,1,,
150,1549,2,747,14372,1,,
198,317,12,754,14377,1,,
264,440,10,723,14389,1,,
426,584,6,790,14393,1,,
168,1652,5,741,14396,1,,
168,75,9,754,14396,1,,
212,1889,9,798,14406,1,,
408,-1,-1,-999,14407,2,v14_piggyback,1.0,14299,108
437,179,12,700,14412,1,,
413,142,6,754,14422,1,,
443,384,8,775,14429,1,,
443,373,4,786,14429,1,,
443,385,6,723,14429,1,,
468,873,7,754,14432,1,,
184,1740,4,707,14439,1,,
453,597,8,747,14453,1,,
416,182,12,707,14455,1,,
446,446,9,723,14466,1,,
383,-1,-1,-999,14469,2,v14_piggyback,2.0,14349,120
206,207,12,724,14477,1,,
466,853,6,790,14490,1,,
392,456,6,751,14496,1,,
402,2870,3,700,14501,1,,
441,332,5,752,14504,1,,
313,613,9,783,14506,1,,
300,26,6,752,14514,1,,
387,94,4,790,14515,1,,
384,53,7,724,14527,1,,
419,239,6,783,14539,1,,
449,513,3,352,14543,1,,
326,451,4,751,14544,1,,
318,2465,3,724,14547,1,,
351,2642,1,683,14555,1,,
224,23,4,783,14556,1,,
130,1433,2,754,14566,1,,
467,866,6,802,14575,1,,
317,2460,3,752,14578,1,,
344,424,3,707,14579,1,,
440,295,3,752,14583,1,,
469,3158,2,707,14583,1,,
418,239,3,802,14600,1,,
280,2268,2,451,14605,1,,
299,15,4,811,14617,1,,
407,56,3,764,14624,1,,
358,11,4,771,14635,1,,
175,1687,3,771,14641,1,,
408,48,3,596,14642,1,,
408,48,3,754,14642,1,,
408,35,7,684,14642,1,,
247,2086,2,684,14647,1,,
192,224,2,451,14660,1,,
464,810,2,767,14675,1,,
170,1663,2,811,14675,1,,
383,18,2,738,14680,1,,
184,1741,10,451,14686,1,,
388,80,2,782,14686,1,,
446,446,10,771,14701,1,,
134,1455,2,802,14704,1,,
418,-1,-1,-999,14710,2,v14_piggyback,1.0,14600,110
108,45,12,760,14719,1,,
108,347,9,760,14719,1,,
340,6,8,760,14731,1,,
417,203,10,784,14733,1,,
441,331,5,706,14745,1,,
441,325,12,738,14745,1,,
243,59,9,772,14751,1,,
242,64,3,760,14757,1,,
154,16,10,799,14759,1,,
419,239,6,802,14762,1,,
419,241,8,705,14762,1,,
40,44,10,799,14773,1,,
164,1629,3,705,14774,1,,
264,103,2,705,14780,1,,
0,46,10,806,14788,1,,
409,76,3,806,14793,1,,
423,422,8,809,14802,1,,
424,422,2,760,14806,1,,
200,185,8,822,14818,1,,
410,74,4,780,14824,1,,
251,163,8,822,14830,1,,
245,2078,4,795,14831,1,,
105,8,5,820,14840,1,,
105,115,2,817,14840,1,,
2,46,8,795,14843,1,,
322,0,8,820,14852,1,,
117,1365,3,776,14852,1,,
376,982,9,718,14879,1,,
486,1176,8,634,14880,1,,
94,1222,4,634,14888,1,,
41,29,8,718,14891,1,,
267,2199,1,795,14894,1,,
396,640,8,728,14903,1,,
383,18,4,817,14912,1,,
416,178,3,728,14915,1,,
446,454,6,764,14927,1,,
408,35,11,798,14944,1,,
375,975,9,640,14947,1,,
288,20,3,728,14952,1,,
204,1847,2,634,14955,1,,
389,250,10,818,14961,1,,
384,1197,2,756,14970,1,,
391,313,4,718,14972,1,,
96,1231,8,728,14978,1,,
96,13,10,728,14978,1,,
188,184,8,778,14987,1,,
417,187,6,824,14989,1,,
385,34,8,749,14997,1,,
418,226,5,810,14999,1,,
468,873,7,778,15004,1,,
128,1423,6,812,15013,1,,
441,320,9,705,15015,1,,
1,22,8,762,15028,1,,
1,41,11,762,15028,1,,
363,121,5,818,15036,1,,
488,1202,8,466,15043,1,,
437,140,10,762,15050,1,,
164,1626,8,776,15052,1,,
408,-1,-1,-999,15053,2,v14_piggyback,1.0,14944,109
409,76,6,718,15068,1,,
409,70,7,749,15068,1,,
114,1344,6,778,15074,1,,
114,3,6,827,15074,1,,
235,131,6,749,15081,1,,
275,378,6,466,15084,1,,
412,106,6,827,15099,1,,
483,1131,4,762,15105,1,,
105,1294,7,634,15110,1,,
229,95,7,808,15117,1,,
49,1405,4,827,15117,1,,
86,8,9,831,15130,1,,
328,2517,1,634,15148,1,,
328,510,2,778,15148,1,,
352,678,8,831,15148,1,,
322,0,4,728,15158,1,,
389,2813,3,812,15160,1,,
414,148,6,808,15164,1,,
414,155,6,781,15164,1,,
117,1362,3,18,15166,1,,
482,1127,6,834,15177,1,,
383,31,9,781,15177,1,,
361,2697,2,762,15186,1,,
361,60,4,781,15186,1,,
285,2,8,834,15191,1,,
486,1180,12,756,15198,1,,
486,1178,9,466,15198,1,,
202,1834,4,831,15200,1,,
487,1191,5,781,15205,1,,
384,52,3,778,15210,1,,
384,31,5,812,15210,1,,
416,182,2,778,15214,1,,
78,24,11,825,15230,1,,
78,9,10,825,15230,1,,
385,52,1,778,15230,1,,
385,31,3,812,15230,1,,
377,2764,4,762,15247,1,,
52,63,12,712,15250,1,,
52,1471,1,712,15250,1,,
411,108,1,801,15251,1,,
360,11,6,774,15257,1,,
485,1167,4,749,15264,1,,
85,270,11,670,15276,1,,
175,1687,3,70,15277,1,,
381,2780,4,774,15283,1,,
477,1043,5,805,15284,1,,
412,108,5,801,15296,1,,
470,918,10,670,15299,1,,
470,906,5,584,15299,1,,
390,247,2,774,15306,1,,
462,765,7,836,15313,1,,
408,48,6,781,15315,1,,
288,38,6,805,15324,1,,
418,241,11,712,15338,1,,
289,20,5,836,15341,1,,
441,324,8,831,15360,1,,
441,340,7,712,15360,1,,
245,2075,3,841,15362,1,,
484,1159,2,836,15374,1,,
483,1134,3,774,15375,1,,
53,4,10,670,15376,1,,
427,2978,2,749,15384,1,,
143,1509,11,794,15388,1,,
265,2185,2,718,15389,1,,
388,127,9,825,15392,1,,
470,-1,-1,-999,15410,2,v14_piggyback,1.0,15299,111
44,22,8,670,15414,1,,
44,5,7,840,15414,1,,
453,594,8,461,15419,1,,
383,52,4,778,15426,1,,
450,526,9,670,15429,1,,
415,169,4,461,15437,1,,
50,4,3,461,15443,1,,
482,1122,10,584,15446,1,,
346,2616,2,762,15456,1,,
41,1237,1,779,15459,1,,
409,68,5,584,15461,1,,
409,70,4,840,15461,1,,
407,66,2,841,15468,1,,
412,-1,-1,-999,15472,2,v14_piggyback,2.0,15296,176
182,113,6,840,15477,1,,
182,1728,2,840,15477,1,,
411,112,7,461,15488,1,,
411,112,2,805,15488,1,,
218,1923,3,712,15492,1,,
218,301,6,670,15492,1,,
327,2511,2,836,15493,1,,
144,1514,2,461,15497,1,,
223,1963,2,461,15503,1,,
452,560,7,712,15506,1,,
2,22,12,626,15513,1,,
266,90,6,835,15522,1,,
286,2,11,626,15538,1,,
160,1604,1,461,15547,1,,
341,6,8,626,15549,1,,
387,120,6,826,15558,1,,
413,145,7,626,15560,1,,
443,375,1,461,15566,1,,
417,232,6,840,15567,1,,
414,142,9,668,15573,1,,
283,20,8,852,15586,1,,
408,48,6,728,15601,1,,
408,66,6,584,15601,1,,
114,1342,4,626,15601,1,,
114,115,6,852,15601,1,,
484,1152,12,794,15603,1,,
484,1150,5,461,15603,1,,
360,11,3,825,15606,1,,
388,2810,1,836,15611,1,,
322,61,4,670,15613,1,,
143,1511,2,565,15616,1,,
140,50,4,832,15625,1,,
287,2,8,853,15631,1,,
435,3013,3,712,15637,1,,
470,906,7,584,15648,1,,
442,360,6,668,15653,1,,
442,363,3,800,15653,1,,
453,598,3,828,15657,1,,
383,21,8,712,15660,1,,
147,1535,3,670,15667,1,,
24,30,6,668,15673,1,,
24,1608,2,800,15673,1,,
412,112,10,805,15675,1,,
443,-1,-1,-999,15677,2,v14_piggyback,1.0,15566,111
446,433,3,728,15705,1,,
433,965,8,668,15715,1,,
184,1739,2,825,15717,1,,
410,70,1,840,15722,1,,
410,76,2,847,15722,1,,
411,102,6,853,15724,1,,
101,8,6,853,15736,1,,
101,1265,2,800,15736,1,,
452,561,6,777,15742,1,,
444,397,6,852,15758,1,,
282,27,7,800,15778,1,,
282,470,8,856,15778,1,,
141,50,10,625,15780,1,,
345,2607,2,670,15781,1,,
439,257,6,668,15788,1,,
409,68,6,625,15789,1,,
448,499,6,800,15797,1,,
387,80,6,625,15806,1,,
413,143,2,800,15811,1,,
413,125,8,800,15811,1,,
86,8,4,625,15812,1,,
322,0,5,847,15820,1,,
385,72,6,857,15822,1,,
467,868,12,625,15838,1,,
362,121,4,617,15838,1,,
482,1115,6,668,15843,1,,
138,1484,4,617,15845,1,,
445,427,6,625,15851,1,,
340,109,6,853,15852,1,,
61,7,10,846,15867,1,,
100,1261,7,221,15875,1,,
158,65,11,796,15885,1,,
475,998,5,800,15897,1,,
438,190,3,221,15912,1,,
367,337,12,796,15914,1,,
367,372,9,796,15914,1,,
394,456,9,770,15924,1,,
322,-1,-1,-999,15928,2,v14_piggyback,4.0,15820,108
392,367,5,221,15932,1,,
128,39,4,221,15939,1,,
87,8,7,796,15942,1,,
87,24,12,861,15942,1,,
442,362,12,791,15948,1,,
129,39,4,842,15955,1,,
393,313,8,838,15957,1,,
227,25,3,852,15966,1,,
472,941,10,785,15972,1,,
453,579,6,800,15976,1,,
443,375,10,461,15977,1,,
436,1188,3,800,15981,1,,
400,2863,2,856,15998,1,,
139,147,10,870,16004,1,,
452,560,6,800,16008,1,,
471,924,8,829,16008,1,,
51,88,6,829,16018,1,,
389,245,6,829,16027,1,,
395,472,7,859,16034,1,,
388,132,6,829,16036,1,,
383,18,2,856,16044,1,,
385,31,4,796,16048,1,,
291,336,12,859,16051,1,,
282,27,4,829,16055,1,,
215,286,8,638,16055,1,,
96,1231,6,870,16060,1,,
414,148,6,638,16069,1,,
180,104,6,859,16069,1,,
412,105,6,796,16081,1,,
159,1599,4,838,16087,1,,
440,305,6,796,16090,1,,
488,1210,5,638,16104,1,,
446,442,4,625,16112,1,,
452,-1,-1,-999,16115,2,v14_piggyback,1.0,16008,107
396,595,6,486,16120,1,,
112,1334,4,486,16127,1,,
363,220,4,625,16128,1,,
438,238,8,785,16142,1,,
438,206,3,486,16142,1,,
470,910,4,486,16149,1,,
207,207,10,535,16160,1,,
45,5,10,872,16170,1,,
437,174,12,535,16176,1,,
299,57,3,486,16177,1,,
454,604,6,833,16186,1,,
409,74,5,638,16194,1,,
243,59,4,829,16194,1,,
100,1260,2,845,16196,1,,
0,51,2,829,16199,1,,
394,478,6,535,16204,1,,
198,1818,3,872,16207,1,,
453,597,2,625,16211,1,,
443,375,10,870,16226,1,,
361,11,6,833,16237,1,,
202,1834,2,625,16237,1,,
467,862,2,796,16243,1,,
276,2247,4,638,16246,1,,
171,1668,4,535,16255,1,,
411,99,2,875,16256,1,,
439,265,4,743,16268,1,,
410,87,2,486,16272,1,,
477,1045,4,833,16286,1,,
109,1317,2,870,16287,1,,
417,222,1,859,16291,1,,
388,80,4,833,16304,1,,
153,1566,6,843,16317,1,,
255,2132,2,625,16319,1,,
465,821,1,625,16323,1,,
133,1,7,843,16328,1,,
443,-1,-1,-999,16333,2,v14_piggyback,1.0,16226,107
412,112,6,863,16338,1,,
438,237,4,856,16346,1,,
452,565,8,617,16348,1,,
452,567,7,221,16348,1,,
462,762,11,869,16363,1,,
488,1202,9,833,16365,1,,
421,368,5,843,16372,1,,
442,348,3,638,16373,1,,
207,1863,2,-65,16382,1,,
413,133,6,869,16383,1,,
225,23,6,884,16388,1,,
276,-1,-1,-999,16395,2,v14_piggyback,2.0,16246,149
398,741,7,884,16399,1,,
118,1372,3,535,16401,1,,
322,0,6,874,16417,1,,
199,165,8,876,16417,1,,
466,845,4,874,16436,1,,
470,920,11,869,16439,1,,
215,181,5,874,16444,1,,
447,460,1,833,16445,1,,
134,130,2,874,16449,1,,
132,117,1,535,16459,1,,
216,181,7,819,16460,1,,
448,498,9,819,16484,1,,
200,144,6,892,16490,1,,
243,2065,4,833,16493,1,,
410,96,8,874,16503,1,,
429,818,9,458,16505,1,,
418,241,5,830,16511,1,,
386,168,6,458,16516,1,,
112,1333,10,873,16525,1,,
445,421,8,735,16530,1,,
113,1341,2,687,16531,1,,
460,722,6,735,16541,1,,
99,1254,2,687,16543,1,,
408,35,6,458,16553,1,,
417,217,5,869,16565,1,,
87,8,10,896,16573,1,,
412,108,11,884,16579,1,,
454,612,5,819,16587,1,,
443,382,7,843,16592,1,,
416,187,2,896,16595,1,,
453,590,5,221,16602,1,,
135,130,4,819,16607,1,,
452,560,4,800,16608,1,,
437,179,5,458,16613,1,,
419,235,8,873,16618,1,,
392,462,2,830,16623,1,,
442,364,1,884,16630,1,,
442,362,2,830,16630,1,,
276,2246,2,819,16634,1,,
413,122,8,876,16636,1,,
413,137,4,458,16636,1,,
112,-1,-1,-999,16636,2,v14_piggyback,1.0,16525,111
458,699,4,819,16642,1,,
108,1,10,887,16649,1,,
185,1746,4,887,16669,1,,
441,325,3,887,16683,1,,
470,919,12,735,16693,1,,
227,25,8,887,16697,1,,
132,1448,2,792,16704,1,,
305,256,1,887,16720,1,,
421,358,4,458,16720,1,,
448,499,3,759,16722,1,,
448,494,6,830,16722,1,,
437,-1,-1,-999,16724,2,v14_piggyback,1.0,16613,111
128,141,5,895,16741,1,,
384,34,3,876,16749,1,,
447,469,10,687,16750,1,,
215,1909,2,813,16757,1,,
183,67,4,895,16759,1,,
113,1341,3,-51,16764,1,,
386,127,3,864,16767,1,,
445,419,8,895,16780,1,,
442,-1,-1,-999,16786,2,v14_piggyback,1.0,16630,156
321,2480,2,869,16787,1,,
431,858,4,885,16794,1,,
200,165,8,900,16802,1,,
221,1947,2,735,16805,1,,
221,23,9,561,16805,1,,
228,25,6,885,16812,1,,
443,384,11,866,16832,1,,
420,263,11,561,16832,1,,
420,302,4,561,16832,1,,
201,81,8,898,16845,1,,
416,167,4,879,16846,1,,
448,-1,-1,-999,16848,2,v14_piggyback,1.0,16722,126
112,1333,1,873,16861,1,,
168,139,2,885,16867,1,,
324,2496,4,885,16876,1,,
438,190,9,898,16880,1,,
458,699,6,900,16891,1,,
413,142,4,561,16891,1,,
413,135,7,561,16891,1,,
154,16,8,914,16899,1,,
440,307,7,898,16904,1,,
197,1812,9,561,16907,1,,
470,915,2,874,16911,1,,
409,1151,6,914,16915,1,,
409,68,4,914,16915,1,,
464,820,6,561,16925,1,,
164,14,6,911,16926,1,,
408,35,6,807,16937,1,,
322,71,6,807,16949,1,,
193,228,8,910,16970,1,,
193,104,6,910,16970,1,,
179,126,11,877,16970,1,,
179,160,8,877,16970,1,,
179,10,4,877,16970,1,,
394,478,4,561,16979,1,,
418,232,6,877,16991,1,,
418,235,8,877,16991,1,,
77,58,3,561,16994,1,,
77,88,6,894,16994,1,,
134,1456,4,877,17015,1,,
134,107,12,587,17015,1,,
78,4,8,910,17017,1,,
78,24,8,902,17017,1,,
448,499,3,759,17033,1,,
437,186,8,911,17039,1,,
437,140,8,587,17039,1,,
447,467,8,807,17039,1,,
1,30,6,902,17050,1,,
441,324,8,331,17060,1,,
441,328,6,587,17060,1,,
469,886,4,854,17064,1,,
443,365,8,561,17076,1,,
424,505,7,850,17077,1,,
442,362,2,830,17083,1,,
449,508,10,837,17089,1,,
449,516,11,837,17089,1,,
404,2879,3,823,17091,1,,
185,191,6,902,17093,1,,
485,1169,6,823,17103,1,,
228,1990,4,519,17109,1,,
228,286,9,331,17109,1,,
4,3,7,823,17118,1,,
305,346,12,877,17128,1,,
79,24,5,904,17129,1,,
2,19,7,904,17141,1,,
271,2218,4,561,17144,1,,
238,118,1,587,17144,1,,
238,157,2,837,17144,1,,
238,131,7,899,17144,1,,
229,205,4,910,17150,1,,
149,1541,7,837,17163,1,,
149,107,5,891,17163,1,,
455,633,4,904,17163,1,,
420,267,4,803,17182,1,,
276,461,10,587,17182,1,,
440,307,1,888,17193,1,,
440,314,10,854,17193,1,,
440,314,10,850,17193,1,,
486,1175,4,894,17193,1,,
383,42,10,587,17198,1,,
385,55,3,561,17199,1,,
419,241,10,587,17215,1,,
464,815,12,894,17216,1,,
427,2976,3,910,17221,1,,
5,3,3,923,17231,1,,
322,0,10,899,17241,1,,
160,1602,2,561,17245,1,,
430,852,3,902,17259,1,,
421,302,2,561,17264,1,,
102,58,8,587,17271,1,,
416,197,2,587,17285,1,,
416,182,6,587,17285,1,,
448,498,8,823,17290,1,,
448,499,8,823,17290,1,,
478,1061,8,877,17299,1,,
354,717,6,753,17303,1,,
483,1135,8,331,17313,1,,
228,1990,4,910,17313,1,,
440,-1,-1,-999,17313,2,v14_piggyback,1.0,17193,120
353,814,1,923,17316,1,,
363,194,2,910,17318,1,,
441,324,4,910,17324,1,,
437,186,7,837,17326,1,,
449,512,11,899,17343,1,,
346,2618,2,735,17355,1,,
459,718,7,587,17356,1,,
355,774,10,691,17371,1,,
451,554,7,891,17375,1,,
322,-1,-1,-999,17375,2,v14_piggyback,3.0,17241,134
54,1614,2,561,17385,1,,
3,30,11,945,17388,1,,
467,866,3,793,17397,1,,
104,1284,4,945,17406,1,,
474,3180,2,902,17410,1,,
356,744,10,793,17422,1,,
139,43,2,793,17429,1,,
444,405,2,910,17431,1,,
319,2470,2,793,17436,1,,
441,-1,-1,-999,17437,2,v14_piggyback,1.0,17324,113
119,1374,7,587,17446,1,,
462,781,5,331,17457,1,,
455,626,1,807,17464,1,,
230,118,6,891,17468,1,,
365,156,7,891,17481,1,,
259,2154,1,894,17481,1,,
135,107,8,946,17483,1,,
447,476,5,750,17491,1,,
421,302,5,936,17500,1,,
468,883,4,331,17500,1,,
332,865,6,946,17504,1,,
252,2116,4,911,17512,1,,
215,1906,4,911,17521,1,,
439,265,4,946,17525,1,,
42,82,7,933,17528,1,,
440,314,1,850,17531,1,,
420,2947,3,750,17531,1,,
437,179,1,458,17531,1,,
299,124,6,933,17541,1,,
415,182,3,587,17544,1,,
300,78,5,943,17575,1,,
219,1932,3,587,17577,1,,
459,711,2,793,17584,1,,
256,383,11,948,17597,1,,
441,323,4,899,17601,1,,
129,1431,2,943,17602,1,,
104,1283,6,555,17604,1,,
104,1285,7,688,17604,1,,
421,-1,-1,-999,17610,2,v14_piggyback,1.0,17500,110
298,54,8,940,17613,1,,
61,1855,3,891,17618,1,,
451,548,8,750,17630,1,,
145,1524,10,948,17635,1,,
429,2984,2,899,17639,1,,
263,259,10,903,17652,1,,
467,859,4,331,17657,1,,
467,860,2,837,17657,1,,
456,655,2,331,17662,1,,
420,-1,-1,-999,17672,2,v14_piggyback,1.0,17531,141
70,2140,2,587,17690,1,,
302,15,12,880,17691,1,,
302,124,6,880,17691,1,,
301,54,10,954,17708,1,,
402,944,2,891,17717,1,,
443,379,6,950,17721,1,,
205,1849,1,950,17727,1,,
141,50,9,954,17733,1,,
141,43,8,880,17733,1,,
415,-1,-1,-999,17734,2,v14_piggyback,1.0,17544,190
200,81,10,939,17743,1,,
442,356,5,939,17753,1,,
410,93,4,954,17754,1,,
410,70,10,880,17754,1,,
149,1543,2,730,17759,1,,
201,185,4,917,17763,1,,
340,2582,2,911,17766,1,,
435,3014,2,587,17773,1,,
383,21,7,903,17773,1,,
383,21,5,880,17773,1,,
428,756,2,917,17779,1,,
455,635,3,917,17788,1,,
411,101,8,880,17789,1,,
411,93,2,908,17789,1,,
451,-1,-1,-999,17796,2,v14_piggyback,1.0,17630,166
183,1736,2,891,17822,1,,
439,273,5,905,17823,1,,
439,257,9,688,17823,1,,
416,197,8,954,17825,1,,
239,2045,3,740,17829,1,,
79,7,1,880,17840,1,,
79,7,6,909,17840,1,,
79,2722,2,926,17840,1,,
440,282,9,950,17842,1,,
452,561,8,926,17854,1,,
62,7,11,951,17873,1,,
421,2954,2,945,17881,1,,
192,191,10,953,17884,1,,
473,966,2,899,17891,1,,
383,-1,-1,-999,17894,2,v14_piggyback,3.0,17773,121
476,1015,2,750,17898,1,,
384,32,9,909,17898,1,,
168,1649,1,911,17903,1,,
317,2460,2,587,17910,1,,
145,1525,10,903,17914,1,,
398,2854,3,868,17928,1,,
420,263,4,880,17932,1,,
420,300,5,926,17932,1,,
268,103,8,868,17940,1,,
456,641,3,797,17944,1,,
370,591,10,868,17954,1,,
480,1097,9,951,17954,1,,
411,-1,-1,-999,17956,2,v14_piggyback,2.0,17789,167
412,112,4,932,17963,1,,
163,126,6,932,17975,1,,
3,46,6,909,17982,1,,
338,136,9,897,17988,1,,
128,177,6,903,17993,1,,
273,278,8,969,18000,1,,
279,2262,4,868,18007,1,,
409,84,6,926,18007,1,,
112,270,9,897,18020,1,,
146,345,5,965,18025,1,,
146,43,5,965,18025,1,,
457,658,6,909,18035,1,,
230,205,6,897,18043,1,,
453,582,6,903,18053,1,,
451,548,2,750,18063,1,,
164,1628,6,954,18065,1,,
440,307,10,868,18068,1,,
440,295,9,897,18068,1,,
368,398,2,967,18073,1,,
158,75,4,978,18078,1,,
441,331,4,954,18080,1,,
322,389,4,924,18094,1,,
439,258,6,740,18096,1,,
439,253,12,868,18096,1,,
487,1187,12,924,18113,1,,
376,932,3,963,18122,1,,
282,378,6,631,18125,1,,
199,149,4,903,18126,1,,
352,592,4,909,18135,1,,
433,990,8,631,18139,1,,
180,1717,4,924,18148,1,,
383,21,7,880,18152,1,,
383,18,3,942,18152,1,,
130,45,9,963,18153,1,,
260,2157,3,631,18161,1,,
348,694,12,935,18191,1,,
165,14,5,981,18191,1,,
21,1469,1,924,18196,1,,
420,263,8,766,18205,1,,
366,335,7,955,18205,1,,
425,536,2,955,18210,1,,
456,644,7,631,18223,1,,
363,121,4,909,18232,1,,
411,99,6,909,18243,1,,
365,194,10,858,18249,1,,
249,2095,4,909,18253,1,,
2,22,8,974,18254,1,,
476,3192,4,926,18262,1,,
48,1383,10,858,18263,1,,
288,128,4,858,18270,1,,
426,617,2,942,18271,1,,
457,675,4,955,18282,1,,
18,1256,4,858,18289,1,,
323,2491,4,821,18304,1,,
409,68,5,964,18314,1,,
407,66,3,921,18320,1,,
412,111,2,965,18324,1,,
408,48,2,858,18325,1,,
421,303,11,984,18332,1,,
22,1550,3,821,18335,1,,
451,542,7,924,18351,1,,
389,210,10,934,18352,1,,
486,1182,2,903,18359,1,,
322,0,9,631,18366,1,,
283,2,5,979,18373,1,,
414,158,2,992,18396,1,,
391,309,8,916,18401,1,,
368,2726,3,867,18402,1,,
439,257,5,916,18412,1,,
299,78,12,992,18415,1,,
433,3005,4,919,18421,1,,
282,2,3,979,18426,1,,
0,9,5,916,18431,1,,
413,134,11,986,18432,1,,
425,572,4,912,18433,1,,
404,978,5,986,18443,1,,
422,341,10,986,18459,1,,
286,2,3,979,18472,1,,
417,222,9,986,18475,1,,
54,4,6,987,18475,1,,
54,9,11,987,18475,1,,
181,1723,3,928,18482,1,,
40,44,9,970,18485,1,,
174,1686,1,970,18488,1,,
250,2103,4,986,18491,1,,
418,215,4,987,18498,1,,
411,112,1,932,18517,1,,
411,111,6,916,18517,1,,
324,61,7,970,18517,1,,
439,-1,-1,-999,18527,2,v14_piggyback,1.0,18412,115
43,82,6,999,18528,1,,
287,20,12,983,18551,1,,
115,1347,2,983,18556,1,,
128,45,3,1006,18574,1,,
406,1017,6,881,18574,1,,
406,1046,12,881,18574,1,,
4,19,1,689,18582,1,,
4,46,8,689,18582,1,,
4,1593,4,689,18582,1,,
405,978,9,991,18589,1,,
408,68,1,964,18595,1,,
408,66,6,921,18595,1,,
358,1037,4,991,18599,1,,
369,2728,4,689,18601,1,,
369,337,8,689,18601,1,,
248,64,9,881,18614,1,,
470,920,9,977,18616,1,,
446,433,6,881,18629,1,,
324,-1,-1,-999,18630,2,v14_piggyback,1.0,18517,113
289,77,11,997,18641,1,,
412,105,5,992,18643,1,,
55,46,5,977,18644,1,,
55,63,9,944,18644,1,,
55,4,6,944,18644,1,,
322,0,5,983,18649,1,,
410,84,3,987,18657,1,,
410,93,4,689,18657,1,,
458,693,8,997,18661,1,,
367,398,4,991,18665,1,,
182,224,7,944,18669,1,,
415,173,7,689,18682,1,,
299,2363,2,998,18688,1,,
299,26,2,991,18688,1,,
110,1,12,976,18697,1,,
76,47,6,990,18706,1,,
190,1769,3,991,18709,1,,
442,3042,2,976,18709,1,,
464,799,3,881,18715,1,,
77,47,7,976,18722,1,,
470,-1,-1,-999,18725,2,v14_piggyback,1.0,18616,109
79,24,4,1023,18748,1,,
244,284,10,1015,18749,1,,
244,59,7,1015,18749,1,,
485,1164,2,1023,18766,1,,
418,217,6,928,18772,1,,
418,215,11,991,18772,1,,
413,138,6,998,18781,1,,
417,203,8,977,18789,1,,
417,225,5,990,18789,1,,
411,96,12,934,18797,1,,
443,386,6,944,18800,1,,
78,58,4,1015,18804,1,,
414,135,4,1026,18811,1,,
404,1026,6,990,18812,1,,
192,1780,3,1015,18817,1,,
353,774,4,977,18821,1,,
288,2,9,1021,18833,1,,
416,161,12,996,18840,1,,
4,3,5,1021,18841,1,,
472,950,4,944,18849,1,,
395,556,3,1015,18851,1,,
440,305,4,689,18858,1,,
285,2,1,1021,18858,1,,
24,1598,1,987,18866,1,,
24,46,2,990,18866,1,,
454,616,8,878,18873,1,,
215,83,3,1021,18879,1,,
258,2150,3,999,18893,1,,
134,130,3,987,18903,1,,
158,192,2,1026,18907,1,,
458,691,12,976,18908,1,,
383,31,3,990,18920,1,,
283,36,9,878,18921,1,,
192,-1,-1,-999,18924,2,v14_piggyback,1.0,18817,107
250,2102,3,871,18932,1,,
193,1785,2,991,18939,1,,
442,356,11,994,18951,1,,
442,349,12,1021,18951,1,,
60,1798,2,889,18958,1,,
450,517,1,881,18961,1,,
95,3,6,960,18969,1,,
95,13,7,960,18969,1,,
128,45,4,1030,18970,1,,
435,1110,9,960,18982,1,,
288,-1,-1,-999,18986,2,v14_piggyback,6.0,18833,153
413,142,3,990,18988,1,,
52,88,10,972,18992,1,,
52,9,6,972,18992,1,,
418,2938,4,990,18997,1,,
110,1322,8,351,19001,1,,
110,1322,6,370,19001,1,,
460,740,2,689,19004,1,,
129,89,10,972,19006,1,,
468,874,8,972,19018,1,,
3,19,6,960,19026,1,,
338,85,10,972,19032,1,,
109,1320,6,972,19042,1,,
462,769,2,987,19047,1,,
229,123,5,960,19055,1,,
438,227,4,1011,19056,1,,
204,1846,2,960,19059,1,,
470,920,1,977,19084,1,,
360,11,1,999,19089,1,,
440,281,9,1021,19094,1,,
339,6,6,1003,19100,1,,
274,2237,3,960,19100,1,,
439,257,1,916,19116,1,,
110,-1,-1,-999,19117,2,v14_piggyback,1.0,19001,116
382,17,2,1016,19117,1,,
384,17,2,1016,19122,1,,
180,294,12,1036,19127,1,,
275,330,8,1016,19133,1,,
383,42,6,1011,19144,1,,
175,1689,4,1003,19145,1,,
175,153,9,922,19145,1,,
267,209,7,922,19155,1,,
39,63,5,922,19163,1,,
359,49,6,922,19173,1,,
88,8,10,1027,19184,1,,
115,1347,2,1003,19184,1,,
115,1,6,1036,19184,1,,
158,192,6,1049,19194,1,,
4,19,11,1027,19202,1,,
135,107,10,1017,19206,1,,
450,524,5,889,19220,1,,
450,535,9,1030,19220,1,,
452,577,3,1027,19225,1,,
234,131,3,922,19226,1,,
419,2942,2,1036,19232,1,,
419,235,1,922,19232,1,,
95,1226,4,1000,19234,1,,
343,424,6,1008,19240,1,,
403,976,8,1027,19248,1,,
128,115,6,1050,19251,1,,
265,33,4,1027,19258,1,,
130,110,4,1017,19261,1,,
344,377,11,1022,19284,1,,
385,31,1,1030,19291,1,,
163,1623,2,1027,19299,1,,
345,538,7,1046,19299,1,,
438,3028,2,1002,19306,1,,
401,824,4,980,19315,1,,
245,2076,2,1046,19315,1,,
413,135,1,1026,19319,1,,
160,1603,2,1027,19322,1,,
444,401,2,1027,19328,1,,
324,0,10,975,19336,1,,
388,132,12,925,19350,1,,
387,55,5,1040,19358,1,,
204,1845,1,901,19360,1,,
439,274,8,1037,19361,1,,
439,274,9,1017,19361,1,,
110,1322,4,370,19369,1,,
306,408,6,975,19373,1,,
417,215,2,975,19383,1,,
383,17,5,1016,19398,1,,
383,52,6,1027,19398,1,,
425,2967,4,925,19407,1,,
384,53,6,1056,19417,1,,
322,0,4,1056,19424,1,,
88,8,10,913,19431,1,,
416,189,10,941,19447,1,,
264,440,4,913,19447,1,,
264,162,6,913,19447,1,,
199,260,2,975,19451,1,,
386,168,7,913,19460,1,,
403,2873,2,736,19467,1,,
415,167,12,989,19468,1,,
256,259,2,961,19479,1,,
414,154,11,1051,19483,1,,
418,217,2,1012,19485,1,,
442,344,9,941,19496,1,,
401,2867,3,922,19499,1,,
326,459,9,941,19509,1,,
257,221,8,1061,19510,1,,
79,24,6,1035,19514,1,,
385,53,6,1056,19520,1,,
438,218,12,975,19525,1,,
451,554,6,1035,19529,1,,
130,1433,8,1008,19537,1,,
52,4,2,1053,19549,1,,
307,346,9,816,19550,1,,
100,24,8,920,19566,1,,
100,1263,4,959,19566,1,,
386,-1,-1,-999,19573,2,v14_piggyback,3.0,19460,113
324,2500,3,941,19579,1,,
324,91,6,920,19579,1,,
263,440,8,1013,19584,1,,
447,482,8,1039,19585,1,,
84,270,2,1039,19592,1,,
4,46,9,1063,19599,1,,
387,94,5,961,19609,1,,
437,180,6,1063,19615,1,,
464,820,8,1039,19622,1,,
439,274,3,1036,19628,1,,
455,635,6,1013,19633,1,,
413,135,4,1039,19635,1,,
417,215,8,941,19643,1,,
409,92,8,816,19655,1,,
86,347,6,1013,19655,1,,
383,52,2,881,19664,1,,
383,31,7,1030,19664,1,,
383,34,12,1039,19664,1,,
198,317,8,816,19667,1,,
465,827,7,1055,19668,1,,
484,1148,8,1047,19682,1,,
415,182,11,920,19686,1,,
153,16,6,989,19696,1,,
301,57,10,1041,19710,1,,
114,39,2,1073,19713,1,,
114,141,10,1073,19713,1,,
196,1805,2,1013,19713,1,,
76,62,6,1055,19725,1,,
189,1764,3,995,19727,1,,
411,97,6,816,19731,1,,
439,-1,-1,-999,19736,2,v14_piggyback,1.0,19628,108
418,226,2,1063,19738,1,,
306,366,5,1041,19747,1,,
348,580,4,920,19749,1,,
321,71,10,1080,19755,1,,
412,111,12,1074,19766,1,,
139,1486,3,941,19771,1,,
385,55,2,1035,19779,1,,
438,204,11,816,19787,1,,
386,94,2,961,19787,1,,
326,609,3,959,19792,1,,
464,820,6,1043,19810,1,,
54,4,8,1080,19812,1,,
347,406,2,1047,19818,1,,
191,191,3,1004,19824,1,,
191,1775,7,1004,19824,1,,
256,411,2,1080,19825,1,,
264,496,2,1073,19839,1,,
404,994,2,1055,19841,1,,
447,460,10,995,19849,1,,
447,457,9,1041,19849,1,,
142,1504,2,941,19855,1,,
388,80,8,1004,19861,1,,
338,136,8,1032,19872,1,,
443,385,2,1063,19875,1,,
479,3203,2,1047,19882,1,,
242,908,1,1004,19883,1,,
242,64,6,1004,19883,1,,
391,309,4,1082,19887,1,,
409,74,6,930,19898,1,,
299,26,5,1004,19899,1,,
451,548,5,1004,19913,1,,
464,-1,-1,-999,19918,2,v14_piggyback,1.0,19810,108
383,52,6,1063,19920,1,,
410,74,1,930,19926,1,,
410,97,1,1082,19926,1,,
387,127,1,1012,19927,1,,
77,2514,2,920,19934,1,,
210,1880,4,1004,19941,1,,
467,864,2,1073,19948,1,,
465,835,11,1047,19948,1,,
411,97,4,1082,19961,1,,
0,51,4,1004,19974,1,,
360,49,4,1057,19982,1,,
225,23,2,816,19984,1,,
312,376,4,1004,19998,1,,
368,398,2,959,19998,1,,
409,-1,-1,-999,20006,2,v14_piggyback,3.0,19898,108
386,127,4,1012,20017,1,,
438,249,8,1004,20023,1,,
439,280,2,1013,20026,1,,
439,262,4,1057,20026,1,,
201,165,9,1070,20040,1,,
359,49,6,1085,20051,1,,
376,2760,4,1093,20055,1,,
385,55,8,1095,20063,1,,
452,578,4,1060,20065,1,,
159,75,9,1085,20076,1,,
182,1727,3,1086,20076,1,,
447,464,7,816,20080,1,,
361,12,4,1095,20082,1,,
300,78,4,1093,20083,1,,
338,2570,2,920,20085,1,,
456,642,2,1086,20088,1,,
443,375,10,1057,20107,1,,
273,277,2,1004,20110,1,,
197,1813,4,918,20120,1,,
419,289,3,918,20126,1,,
412,111,6,1099,20138,1,,
179,1715,2,1032,20144,1,,
383,21,6,958,20149,1,,
383,21,7,1085,20149,1,,
427,627,4,1099,20165,1,,
451,542,8,1081,20172,1,,
451,543,10,1086,20172,1,,
444,388,5,1007,20173,1,,
385,-1,-1,-999,20174,2,v14_piggyback,3.0,20063,111
387,80,2,1004,20178,1,,
265,90,12,958,20185,1,,
226,23,7,1007,20192,1,,
411,111,2,1099,20197,1,,
195,1796,2,1007,20201,1,,
271,230,5,1107,20208,1,,
475,993,10,949,20211,1,,
467,857,6,1094,20229,1,,
266,162,9,949,20235,1,,
386,94,6,1032,20238,1,,
386,94,8,1060,20238,1,,
465,821,6,816,20241,1,,
390,2819,4,949,20242,1,,
409,74,2,930,20247,1,,
420,289,7,958,20253,1,,
96,13,8,1071,20275,1,,
160,192,8,949,20276,1,,
444,-1,-1,-999,20280,2,v14_piggyback,1.0,20173,107
410,86,4,1085,20285,1,,
410,86,2,1095,20285,1,,
447,463,3,1013,20291,1,,
439,274,7,1036,20292,1,,
439,273,5,1032,20292,1,,
389,242,12,1103,20307,1,,
428,683,4,949,20314,1,,
456,644,8,1071,20315,1,,
300,2371,2,1095,20324,1,,
408,48,6,1112,20328,1,,
408,35,3,1112,20328,1,,
2,41,8,1112,20340,1,,
443,371,6,918,20342,1,,
179,1715,3,1071,20354,1,,
388,120,6,1112,20366,1,,
407,56,9,982,20373,1,,
419,285,6,1103,20375,1,,
174,1682,3,982,20392,1,,
89,8,8,1104,20394,1,,
89,8,12,1112,20394,1,,
385,21,6,982,20404,1,,
149,1544,2,949,20407,1,,
193,1786,2,982,20410,1,,
86,347,8,973,20415,1,,
86,3,6,973,20415,1,,
387,73,4,1113,20419,1,,
461,749,6,1113,20431,1,,
361,12,11,973,20432,1,,
408,-1,-1,-999,20435,2,v14_piggyback,3.0,20328,107
283,20,10,769,20447,1,,
62,5,5,973,20451,1,,
62,7,7,1058,20451,1,,
383,52,6,769,20459,1,,
473,960,2,949,20464,1,,
440,312,9,769,20474,1,,
255,2129,2,918,20474,1,,
326,451,8,769,20488,1,,
388,-1,-1,-999,20498,2,v14_piggyback,3.0,20366,132
321,71,1,958,20500,1,,
467,864,8,1097,20502,1,,
409,86,5,1095,20510,1,,
67,1959,4,815,20521,1,,
54,4,4,1111,20523,1,,
54,82,10,1109,20523,1,,
343,465,5,815,20529,1,,
386,94,4,958,20536,1,,
109,45,12,1058,20541,1,,
166,269,4,1058,20560,1,,
166,10,8,1058,20560,1,,
390,242,4,815,20561,1,,
411,112,1,973,20577,1,,
411,93,9,1058,20577,1,,
410,84,5,982,20583,1,,
410,76,8,982,20583,1,,
360,49,12,1058,20595,1,,
147,1533,4,769,20596,1,,
129,116,3,1029,20607,1,,
301,78,9,1105,20610,1,,
434,3010,3,1029,20613,1,,
439,261,3,941,20616,1,,
40,63,7,1105,20623,1,,
454,602,10,1029,20635,1,,
239,2045,4,769,20638,1,,
362,60,8,1033,20640,1,,
315,2448,3,769,20646,1,,
52,3,6,1033,20657,1,,
52,88,5,395,20657,1,,
211,231,7,1058,20670,1,,
385,21,8,1113,20674,1,,
385,52,2,769,20674,1,,
385,72,9,769,20674,1,,
132,1,2,769,20680,1,,
444,388,11,395,20688,1,,
341,6,11,952,20692,1,,
231,95,8,1116,20695,1,,
231,420,1,1116,20695,1,,
288,27,1,1054,20701,1,,
435,1027,9,1068,20705,1,,
461,743,6,769,20713,1,,
415,173,12,952,20722,1,,
408,68,5,952,20739,1,,
408,68,8,1029,20739,1,,
195,1797,1,844,20749,1,,
423,474,10,1119,20753,1,,
53,4,3,1116,20761,1,,
122,1392,2,395,20764,1,,
122,141,9,1128,20764,1,,
204,149,8,1068,20765,1,,
473,963,10,815,20779,1,,
361,952,2,395,20784,1,,
361,69,11,1127,20784,1,,
442,359,6,952,20788,1,,
388,127,10,973,20805,1,,
388,199,4,973,20805,1,,
343,406,6,1119,20811,1,,
409,76,2,982,20815,1,,
430,771,8,1117,20820,1,,
484,1149,6,952,20826,1,,
383,17,7,1058,20832,1,,
235,131,8,1131,20838,1,,
429,802,6,1033,20844,1,,
389,247,5,952,20848,1,,
267,209,6,973,20855,1,,
439,274,5,1116,20857,1,,
390,2818,2,1116,20862,1,,
228,25,6,973,20876,1,,
438,237,10,1100,20888,1,,
436,1124,5,952,20897,1,,
167,1642,5,1033,20899,1,,
454,604,6,973,20911,1,,
55,5,2,1100,20913,1,,
55,4,7,1100,20913,1,,
289,2,2,1100,20918,1,,
391,264,4,1127,20920,1,,
451,546,4,952,20924,1,,
288,2,3,1068,20930,1,,
232,118,9,1102,20931,1,,
148,1537,2,1068,20935,1,,
247,2088,4,952,20944,1,,
287,2,2,1100,20946,1,,
287,77,9,580,20946,1,,
50,88,3,952,20950,1,,
302,54,7,1102,20966,1,,
302,57,8,1062,20966,1,,
385,21,1,1085,20978,1,,
218,1923,1,1029,20982,1,,
413,125,6,580,20985,1,,
413,134,8,1062,20985,1,,
265,33,10,1139,20988,1,,
408,35,9,1077,21003,1,,
438,-1,-1,-999,21006,2,v14_piggyback,1.0,20888,118
284,20,10,1062,21011,1,,
284,128,6,968,21011,1,,
414,145,4,1058,21012,1,,
415,182,8,1121,21033,1,,
338,85,4,973,21043,1,,
214,301,12,1121,21049,1,,
418,234,3,1058,21055,1,,
388,94,5,958,21057,1,,
437,186,2,1077,21064,1,,
454,-1,-1,-999,21068,2,v14_piggyback,1.0,20911,157
294,2336,2,1033,21070,1,,
122,1391,1,1116,21074,1,,
122,1393,9,580,21074,1,,
122,1,8,1018,21074,1,,
420,263,4,1121,21075,1,,
164,1627,2,1033,21081,1,,
439,273,8,580,21095,1,,
439,255,8,1018,21095,1,,
267,162,11,1136,21114,1,,
409,86,10,580,21121,1,,
409,68,10,1062,21121,1,,
300,124,2,1033,21121,1,,
430,2988,2,1045,21128,1,,
355,876,2,1106,21132,1,,
299,569,2,580,21136,1,,
299,26,9,968,21136,1,,
415,-1,-1,-999,21144,2,v14_piggyback,1.0,21033,111
383,17,8,580,21155,1,,
383,42,6,968,21155,1,,
451,554,2,1133,21157,1,,
252,2112,2,1154,21170,1,,
488,1209,8,1018,21174,1,,
272,2226,2,1106,21176,1,,
475,1008,8,968,21187,1,,
417,232,6,1136,21192,1,,
353,737,5,1024,21194,1,,
461,743,10,1100,21203,1,,
98,1245,8,580,21217,1,,
386,72,3,1155,21217,1,,
290,412,4,1136,21231,1,,
288,2,6,1100,21232,1,,
288,20,3,1018,21232,1,,
440,292,6,1090,21236,1,,
441,325,1,1090,21240,1,,
143,1512,4,1062,21241,1,,
301,124,5,1166,21245,1,,
264,496,6,1090,21249,1,,
462,3129,2,1117,21254,1,,
462,3128,2,1136,21254,1,,
414,158,3,1106,21255,1,,
383,-1,-1,-999,21262,2,v14_piggyback,4.0,21155,107
385,52,5,1139,21264,1,,
134,107,1,1045,21270,1,,
182,104,8,1132,21301,1,,
247,2086,4,968,21306,1,,
247,279,1,1153,21306,1,,
40,29,1,1117,21313,1,,
454,615,8,952,21325,1,,
476,1021,1,973,21327,1,,
380,2777,4,1062,21330,1,,
349,2632,3,968,21338,1,,
438,237,2,1100,21357,1,,
439,251,4,1033,21358,1,,
130,1434,6,1084,21371,1,,
56,1659,2,580,21374,1,,
195,1795,2,1102,21380,1,,
266,33,11,1084,21387,1,,
348,2630,2,1062,21387,1,,
471,926,2,1102,21394,1,,
420,267,10,1106,21400,1,,
119,1375,2,580,21401,1,,
477,1031,6,1084,21410,1,,
451,558,8,1154,21421,1,,
128,39,6,1175,21431,1,,
470,906,3,1084,21436,1,,
169,139,1,580,21437,1,,
76,2578,2,1084,21441,1,,
123,1396,2,1102,21444,1,,
349,-1,-1,-999,21452,2,v14_piggyback,1.0,21338,114
326,605,6,1092,21455,1,,
409,84,5,1092,21466,1,,
426,572,12,1092,21484,1,,
3,22,10,1092,21501,1,,
160,75,9,1142,21516,1,,
440,282,9,1132,21518,1,,
440,290,9,1084,21518,1,,
80,24,10,1143,21532,1,,
441,342,10,1132,21534,1,,
288,2,6,1090,21543,1,,
103,270,8,1142,21546,1,,
352,589,8,1168,21553,1,,
444,388,1,1007,21559,1,,
459,714,9,1143,21561,1,,
439,255,6,1084,21565,1,,
143,1511,3,1138,21567,1,,
92,3245,4,1092,21570,1,,
383,17,1,580,21572,1,,
254,2124,2,1168,21579,1,,
408,68,4,1134,21583,1,,
408,68,3,1142,21583,1,,
213,1900,2,522,21589,1,,
130,45,10,1182,21592,1,,
385,52,4,1155,21597,1,,
385,21,4,1092,21597,1,,
289,77,5,1182,21603,1,,
420,263,3,1182,21628,1,,
420,289,10,1186,21628,1,,
477,1045,8,1125,21639,1,,
445,427,2,1182,21648,1,,
201,81,8,1098,21648,1,,
288,-1,-1,-999,21654,2,v14_piggyback,5.0,21543,111
301,2377,4,1151,21657,1,,
478,1056,9,1098,21661,1,,
419,263,2,1182,21664,1,,
415,175,6,1134,21677,1,,
169,1655,2,481,21690,1,,
454,604,1,973,21693,1,,
454,608,9,1092,21693,1,,
413,142,6,1142,21705,1,,
227,25,4,1142,21714,1,,
205,1853,5,1126,21721,1,,
174,153,5,1172,21723,1,,
45,5,6,1143,21725,1,,
192,1782,2,1151,21732,1,,
409,68,3,1142,21733,1,,
165,14,8,1126,21733,1,,
462,783,3,1092,21741,1,,
224,1966,2,1005,21748,1,,
163,10,5,1028,21749,1,,
420,-1,-1,-999,21751,2,v14_piggyback,2.0,21628,123
436,1157,10,1146,21771,1,,
129,45,2,1110,21772,1,,
153,1563,2,1143,21780,1,,
443,386,6,1174,21782,1,,
146,1528,3,1110,21788,1,,
418,225,6,1174,21797,1,,
113,1340,2,1005,21797,1,,
417,195,9,1152,21810,1,,
439,258,2,1153,21820,1,,
41,63,12,1183,21843,1,,
167,10,6,1146,21845,1,,
459,711,8,1177,21855,1,,
300,15,7,1146,21858,1,,
385,42,7,1098,21861,1,,
101,1268,4,1115,21867,1,,
254,2123,4,522,21868,1,,
293,569,4,1075,21876,1,,
348,680,7,1184,21882,1,,
124,141,8,1183,21882,1,,
124,1401,2,1183,21882,1,,
181,224,7,1115,21889,1,,
216,214,12,1195,21899,1,,
478,1066,10,1152,21909,1,,
44,1288,8,739,21910,1,,
363,156,8,1115,21917,1,,
363,220,12,1115,21917,1,,
477,1034,4,1092,21917,1,,
383,42,7,1184,21924,1,,
383,34,3,1202,21924,1,,
392,415,6,1195,21932,1,,
445,428,9,1151,21935,1,,
445,421,2,1115,21935,1,,
275,378,4,1114,21943,1,,
291,2324,2,1143,21948,1,,
346,377,8,1161,21948,1,,
457,660,8,1161,21962,1,,
364,201,6,1161,21974,1,,
78,58,5,1161,21985,1,,
395,619,2,1184,21985,1,,
173,1677,1,1143,21987,1,,
46,1329,4,1184,21992,1,,
207,1862,2,739,21993,1,,
357,2678,3,1184,21999,1,,
242,64,3,1184,22015,1,,
143,1513,2,1098,22020,1,,
439,261,9,1092,22036,1,,
439,255,2,1005,22036,1,,
155,16,4,1161,22036,1,,
418,219,4,1110,22040,1,,
418,203,10,1184,22040,1,,
200,260,9,1198,22049,1,,
432,892,10,1145,22054,1,,
381,2779,4,1028,22055,1,,
340,85,4,1161,22065,1,,
128,116,10,1145,22068,1,,
129,110,6,1198,22071,1,,
436,1157,4,1115,22073,1,,
345,544,10,1145,22082,1,,
217,271,11,1179,22099,1,,
181,1723,4,1025,22101,1,,
358,12,2,1146,22110,1,,
459,711,6,1114,22111,1,,
459,705,2,1198,22111,1,,
448,489,6,1179,22120,1,,
415,169,4,1198,22127,1,,
477,1038,8,1028,22137,1,,
47,1354,6,814,22138,1,,
47,44,12,1170,22138,1,,
296,2348,2,1148,22142,1,,
365,322,5,1148,22150,1,,
306,2401,2,1075,22154,1,,
429,763,12,938,22155,1,,
256,279,2,1179,22158,1,,
353,737,9,938,22170,1,,
417,226,8,938,22182,1,,
409,2899,2,1075,22182,1,,
201,165,2,1167,22183,1,,
320,213,4,1198,22189,1,,
102,1273,6,938,22191,1,,
416,175,9,1167,22202,1,,
371,2738,2,1025,22222,1,,
321,91,7,1162,22226,1,,
290,404,10,1149,22229,1,,
473,3175,1,1170,22238,1,,
473,959,4,938,22238,1,,
277,2250,2,957,22238,1,,
277,297,3,1162,22238,1,,
443,385,2,1028,22241,1,,
352,713,6,1216,22247,1,,
348,2628,1,1197,22260,1,,
348,678,8,1149,22260,1,,
463,794,3,962,22266,1,,
372,673,4,929,22269,1,,
264,2180,1,1146,22272,1,,
232,95,8,1211,22273,1,,
232,205,1,1211,22273,1,,
373,596,7,907,22291,1,,
449,504,2,907,22296,1,,
315,2452,3,962,22298,1,,
403,977,1,929,22299,1,,
115,39,6,1211,22303,1,,
115,1351,3,1149,22303,1,,
338,2571,2,1088,22320,1,,
274,278,9,1213,22326,1,,
383,17,2,1167,22331,1,,
283,77,5,1201,22334,1,,
471,924,4,1211,22354,1,,
298,26,4,1170,22361,1,,
448,494,4,1078,22366,1,,
448,486,10,957,22366,1,,
448,484,8,962,22366,1,,
484,1150,5,1149,22369,1,,
301,15,2,1156,22371,1,,
268,209,8,1212,22377,1,,
327,2513,1,1156,22385,1,,
415,161,5,1214,22386,1,,
385,2798,4,1214,22392,1,,
153,1563,4,1149,22396,1,,
446,436,4,1170,22405,1,,
303,15,12,1199,22417,1,,
451,546,2,938,22420,1,,
469,885,6,1173,22427,1,,
436,3018,3,1199,22432,1,,
441,3037,2,1059,22437,1,,
441,325,4,1059,22437,1,,
187,1753,5,849,22439,1,,
455,635,6,1199,22441,1,,
300,2371,4,1059,22444,1,,
201,149,6,1135,22455,1,,
195,1801,3,849,22458,1,,
195,67,10,1210,22458,1,,
59,7,1,1199,22460,1,,
386,146,4,849,22465,1,,
313,545,11,1059,22467,1,,
443,380,10,1199,22475,1,,
302,54,9,1159,22489,1,,
27,1800,3,1210,22499,1,,
421,368,5,1135,22503,1,,
421,308,5,1159,22503,1,,
422,368,4,1217,22504,1,,
163,14,5,1147,22524,1,,
0,37,6,1207,22525,1,,
224,214,9,1217,22537,1,,
199,1823,2,1170,22543,1,,
228,25,4,1147,22544,1,,
435,3014,2,814,22547,1,,
459,704,2,1210,22558,1,,
312,527,12,988,22560,1,,
462,762,6,1159,22560,1,,
160,75,6,1215,22573,1,,
288,2,4,1019,22590,1,,
288,2,8,988,22590,1,,
484,1147,10,849,22595,1,,
458,698,4,1042,22602,1,,
449,501,6,1088,22605,1,,
449,500,9,1156,22605,1,,
449,512,7,1173,22605,1,,
385,53,3,1238,22608,1,,
285,20,12,1200,22612,1,,
211,231,6,1159,22615,1,,
446,436,8,1238,22620,1,,
433,995,10,988,22626,1,,
444,397,4,988,22633,1,,
250,2100,3,1042,22639,1,,
441,340,6,1147,22643,1,,
469,898,7,1108,22659,1,,
469,902,8,1135,22659,1,,
368,372,10,1122,22660,1,,
451,3084,3,1215,22661,1,,
451,559,7,988,22661,1,,
408,48,1,1210,22670,1,,
305,256,8,1118,22671,1,,
420,302,3,1118,22677,1,,
370,398,7,1157,22681,1,,
454,606,3,1215,22686,1,,
434,967,4,1188,22692,1,,
288,-1,-1,-999,22697,2,v14_piggyback,2.0,22590,107
369,398,11,1218,22729,1,,
421,369,2,814,22734,1,,
422,368,8,1220,22739,1,,
422,308,10,1019,22739,1,,
422,341,10,988,22739,1,,
424,532,3,1217,22745,1,,
459,701,7,1042,22746,1,,
363,2702,2,1217,22749,1,,
187,1752,1,1122,22749,1,,
388,188,2,1200,22754,1,,
389,264,4,1187,22768,1,,
307,212,10,1083,22786,1,,
307,212,10,1222,22786,1,,
419,246,7,1001,22796,1,,
173,1680,7,1001,22807,1,,
238,2039,2,1220,22815,1,,
367,431,7,931,22823,1,,
4,22,8,1083,22831,1,,
4,22,10,1222,22831,1,,
479,1078,9,931,22836,1,,
167,10,6,1244,22843,1,,
440,290,5,931,22844,1,,
452,565,7,1222,22855,1,,
458,682,10,1122,22858,1,,
192,67,4,931,22865,1,,
56,1622,3,1204,22871,1,,
212,231,6,1083,22871,1,,
212,185,4,1222,22871,1,,
324,0,6,1001,22883,1,,
166,14,9,1235,22898,1,,
453,599,8,947,22899,1,,
386,171,10,882,22906,1,,
409,84,5,1001,22908,1,,
322,0,2,882,22912,1,,
410,87,9,1076,22926,1,,
442,362,9,882,22932,1,,
478,1052,12,1009,22946,1,,
454,624,8,1204,22946,1,,
408,56,8,1187,22958,1,,
428,736,8,882,22960,1,,
179,294,10,1009,22972,1,,
5,3,8,1253,22974,1,,
423,422,7,882,22987,1,,
443,374,12,1229,22988,1,,
420,289,8,1076,22995,1,,
324,-1,-1,-999,22996,2,v14_piggyback,3.0,22883,113
427,690,7,1158,22999,1,,
415,154,10,1009,23002,1,,
6,3,9,1254,23014,1,,
446,442,7,1083,23026,1,,
320,91,10,1203,23035,1,,
429,2986,4,1076,23036,1,,
476,1018,9,1229,23039,1,,
465,829,4,1083,23045,1,,
459,705,4,931,23056,1,,
459,709,9,947,23056,1,,
450,531,3,1257,23062,1,,
236,131,7,947,23067,1,,
204,185,8,1009,23079,1,,
128,614,2,1222,23080,1,,
439,262,8,1009,23090,1,,
321,71,2,1237,23092,1,,
290,2317,2,1083,23100,1,,
291,485,7,1203,23113,1,,
213,1900,2,1235,23126,1,,
440,307,8,1009,23127,1,,
440,292,11,1229,23127,1,,
453,597,5,1076,23136,1,,
479,1071,8,1160,23139,1,,
361,12,1,1001,23142,1,,
338,6,6,1203,23143,1,,
476,-1,-1,-999,23146,2,v14_piggyback,1.0,23039,107
260,2157,4,1079,23148,1,,
444,409,2,1158,23151,1,,
444,401,1,1203,23151,1,,
363,194,6,1253,23163,1,,
409,92,6,1009,23163,1,,
442,356,4,1239,23172,1,,
387,2807,2,1203,23193,1,,
428,719,8,1076,23205,1,,
411,93,2,882,23206,1,,
175,1692,4,1009,23210,1,,
392,415,2,1158,23212,1,,
126,1412,2,1229,23215,1,,
60,7,1,1009,23218,1,,
215,1908,2,882,23229,1,,
153,1564,1,1171,23237,1,,
412,105,8,1227,23243,1,,
288,20,5,1171,23246,1,,
53,88,9,1266,23249,1,,
467,860,4,1206,23266,1,,
120,89,10,1247,23269,1,,
120,1,5,1247,23269,1,,
324,0,5,882,23280,1,,
283,38,10,1278,23280,1,,
442,-1,-1,-999,23284,2,v14_piggyback,1.0,23172,112
360,49,4,1282,23287,1,,
408,66,4,1204,23295,1,,
394,528,9,1243,23303,1,,
439,273,7,1228,23314,1,,
448,490,4,1252,23324,1,,
129,110,10,1243,23328,1,,
216,23,4,1284,23329,1,,
421,341,2,988,23336,1,,
409,87,3,1076,23347,1,,
409,76,5,1257,23347,1,,
424,422,2,882,23351,1,,
453,586,10,1079,23352,1,,
138,1483,2,1276,23357,1,,
176,1695,2,1158,23357,1,,
476,1018,1,1229,23367,1,,
455,632,2,882,23382,1,,
485,1166,1,1276,23390,1,,
283,-1,-1,-999,23393,2,v14_piggyback,8.0,23280,113
444,3051,3,1122,23402,1,,
367,2721,2,1276,23413,1,,
289,38,1,882,23414,1,,
361,11,10,1171,23418,1,,
361,49,4,1282,23418,1,,
368,372,8,1279,23425,1,,
441,320,4,1087,23436,1,,
411,99,12,1180,23438,1,,
170,1664,2,1190,23445,1,,
360,-1,-1,-999,23455,2,v14_piggyback,1.0,23287,168
322,61,3,1087,23462,1,,
288,2,7,1252,23474,1,,
288,2,11,1206,23474,1,,
418,219,2,1290,23486,1,,
290,77,12,1267,23491,1,,
324,0,12,1242,23496,1,,
451,546,2,1087,23502,1,,
454,623,5,1263,23506,1,,
385,52,9,1267,23509,1,,
483,1146,4,1124,23515,1,,
439,-1,-1,-999,23517,2,v14_piggyback,1.0,23314,203
327,451,10,971,23527,1,,
397,669,6,1233,23532,1,,
284,38,10,971,23541,1,,
4,3,4,1124,23542,1,,
291,291,8,971,23555,1,,
417,203,2,1232,23562,1,,
145,1520,6,971,23567,1,,
425,522,6,1233,23575,1,,
155,16,4,1293,23576,1,,
322,-1,-1,-999,23579,2,v14_piggyback,4.0,23462,117
387,55,2,1286,23587,1,,
300,54,7,971,23588,1,,
392,455,5,1233,23590,1,,
386,55,7,1293,23601,1,,
453,599,7,1276,23611,1,,
485,1173,6,1087,23622,1,,
5,3,5,1233,23624,1,,
301,124,8,1271,23627,1,,
409,68,4,1286,23629,1,,
444,394,6,1087,23645,1,,
456,642,1,1286,23648,1,,
426,571,10,1241,23649,1,,
441,328,10,1256,23678,1,,
441,342,10,1290,23678,1,,
156,16,8,937,23678,1,,
476,1011,5,1279,23686,1,,
126,39,6,1292,23696,1,,
126,1413,6,1294,23696,1,,
360,11,10,1233,23701,1,,
324,0,3,1276,23710,1,,
140,117,8,1292,23721,1,,
140,170,9,1294,23721,1,,
411,93,8,1190,23727,1,,
411,97,10,1263,23727,1,,
442,354,8,937,23739,1,,
418,203,3,1232,23740,1,,
303,26,4,1294,23740,1,,
303,54,8,1144,23740,1,,
451,558,1,1232,23747,1,,
51,1464,4,1261,23748,1,,
364,201,12,1144,23758,1,,
398,640,2,1176,23760,1,,
398,640,4,937,23760,1,,
474,986,3,1241,23773,1,,
326,609,6,1260,23775,1,,
326,451,4,1144,23775,1,,
441,-1,-1,-999,23785,2,v14_piggyback,1.0,23678,107
445,427,2,971,23788,1,,
445,428,5,1294,23788,1,,
454,606,9,1233,23788,1,,
340,109,6,1292,23799,1,,
109,3,3,1294,23823,1,,
109,110,2,1144,23823,1,,
287,2301,2,1233,23831,1,,
393,326,3,1271,23835,1,,
393,326,3,1294,23835,1,,
419,241,2,937,23838,1,,
414,134,6,1144,23846,1,,
411,-1,-1,-999,23847,2,v14_piggyback,3.0,23727,120
322,0,7,1229,23856,1,,
425,581,5,1261,23869,1,,
405,2882,2,1124,23876,1,,
133,1452,10,1236,23886,1,,
225,23,2,1272,23893,1,,
283,20,5,1292,23893,1,,
320,213,6,1236,23904,1,,
445,-1,-1,-999,23909,2,v14_piggyback,2.0,23788,121
457,663,5,1031,23914,1,,
200,165,2,1270,23927,1,,
456,653,11,1272,23932,1,,
244,59,4,971,23942,1,,
142,1507,8,1031,23946,1,,
413,138,4,1293,23951,1,,
463,793,3,1296,23961,1,,
136,107,9,1281,23961,1,,
233,2015,2,1144,23969,1,,
414,-1,-1,-999,23971,2,v14_piggyback,2.0,23846,125
465,837,6,1281,23972,1,,
46,5,8,1296,23976,1,,
174,1684,4,1281,23987,1,,
157,1584,2,1144,23989,1,,
482,1115,7,1129,24000,1,,
458,695,10,1274,24006,1,,
388,198,1,1293,24011,1,,
140,170,8,1312,24029,1,,
474,981,10,1270,24029,1,,
468,877,8,1283,24043,1,,
333,894,1,1260,24047,1,,
142,-1,-1,-999,24056,2,v14_piggyback,1.0,23946,110
420,289,8,1274,24063,1,,
420,302,5,1274,24063,1,,
418,241,4,937,24073,1,,
181,1722,8,1283,24086,1,,
93,13,4,1281,24095,1,,
412,106,4,1274,24096,1,,
441,342,10,1286,24111,1,,
411,97,10,1124,24112,1,,
413,-1,-1,-999,24118,2,v14_piggyback,2.0,23951,167
4,3,3,1274,24120,1,,
322,0,10,1031,24127,1,,
476,1023,2,1281,24134,1,,
283,2282,2,1236,24158,1,,
445,427,4,971,24161,1,,
445,428,2,1294,24161,1,,
442,344,3,1261,24166,1,,
414,138,6,1293,24172,1,,
90,8,8,1264,24172,1,,
355,2664,2,1274,24180,1,,
463,-1,-1,-999,24180,2,v14_piggyback,2.0,23961,219
457,672,3,1223,24180,1,,
157,1586,2,1169,24181,1,,
338,100,2,1258,24188,1,,
456,646,1,1192,24208,1,,
155,16,6,1318,24232,1,,
418,-1,-1,-999,24243,2,v14_piggyback,3.0,24073,170
465,826,6,1258,24243,1,,
482,1126,12,1014,24243,1,,
383,18,3,1318,24251,1,,
142,1507,2,1031,24259,1,,
295,2342,4,1320,24262,1,,
159,75,4,1150,24282,1,,
53,88,6,1329,24289,1,,
413,135,8,1221,24290,1,,
273,330,1,1234,24295,1,,
266,183,6,1245,24302,1,,
322,-1,-1,-999,24305,2,v14_piggyback,4.0,24127,178
77,129,5,1234,24305,1,,
412,99,12,1192,24309,1,,
385,55,6,1245,24314,1,,
264,103,2,1249,24320,1,,
411,99,12,1150,24328,1,,
56,4,11,1275,24333,1,,
450,523,10,1275,24349,1,,
449,512,2,1275,24356,1,,
339,298,1,1275,24372,1,,
141,1500,4,1181,24373,1,,
260,2157,2,1275,24379,1,,
414,2923,2,1275,24386,1,,
463,793,1,1296,24391,1,,
463,784,6,1283,24391,1,,
445,423,12,1258,24397,1,,
442,354,9,1320,24406,1,,
456,655,6,1332,24418,1,,
457,672,1,1233,24423,1,,
326,459,10,1311,24427,1,,
272,103,7,1311,24440,1,,
256,306,8,1250,24443,1,,
242,284,8,1311,24454,1,,
0,9,8,915,24457,1,,
182,113,4,1311,24464,1,,
449,-1,-1,-999,24465,2,v14_piggyback,1.0,24356,109
129,116,6,1311,24475,1,,
257,259,8,915,24476,1,,
257,233,4,1189,24476,1,,
418,241,1,937,24489,1,,
323,389,8,1321,24489,1,,
486,1183,8,915,24490,1,,
383,52,8,1304,24503,1,,
21,1550,4,1189,24508,1,,
21,3,7,1089,24508,1,,
465,836,6,1245,24514,1,,
417,215,10,1219,24525,1,,
421,350,8,1069,24535,1,,
267,33,7,1219,24543,1,,
194,1792,2,1219,24559,1,,
169,139,4,1219,24568,1,,
398,685,2,1219,24576,1,,
446,437,8,1089,24577,1,,
231,95,3,1219,24584,1,,
437,179,10,1089,24593,1,,
274,243,6,1089,24605,1,,
133,1452,6,1089,24616,1,,
322,0,6,937,24620,1,,
412,133,4,1181,24620,1,,
412,133,8,1245,24620,1,,
443,382,1,915,24632,1,,
443,385,9,1089,24632,1,,
305,346,8,1288,24634,1,,
230,400,8,1289,24642,1,,
230,25,7,1291,24642,1,,
461,751,8,1289,24656,1,,
445,425,10,1311,24663,1,,
445,427,10,1069,24663,1,,
450,518,6,1317,24663,1,,
450,523,6,1250,24663,1,,
450,521,10,1089,24663,1,,
447,468,9,1291,24671,1,,
419,235,5,1069,24673,1,,
438,1207,8,1269,24677,1,,
448,492,6,915,24688,1,,
128,39,4,1069,24698,1,,
482,1121,5,927,24699,1,,
411,106,4,1288,24707,1,,
409,70,4,1321,24717,1,,
442,363,9,1336,24717,1,,
479,1081,5,915,24719,1,,
363,194,2,1069,24733,1,,
339,202,5,915,24740,1,,
232,118,2,1311,24740,1,,
418,215,1,1219,24740,1,,
410,92,4,1338,24749,1,,
129,1432,2,1288,24756,1,,
156,1580,1,915,24757,1,,
440,312,4,915,24771,1,,
450,-1,-1,-999,24772,2,v14_piggyback,1.0,24663,109
364,121,9,1331,24783,1,,
465,826,6,1129,24783,1,,
84,3004,2,1089,24790,1,,
408,48,6,1326,24793,1,,
383,17,4,1137,24827,1,,
135,1466,4,1331,24828,1,,
111,1,10,1354,24830,1,,
420,289,2,1357,24832,1,,
479,-1,-1,-999,24834,2,v14_piggyback,1.0,24719,115
395,556,2,1321,24846,1,,
44,1298,10,1137,24846,1,,
110,1,10,1326,24847,1,,
327,451,5,1287,24869,1,,
40,63,6,1345,24887,1,,
112,1,12,1287,24888,1,,
443,385,3,1327,24895,1,,
441,340,8,1287,24902,1,,
376,2758,1,1069,24907,1,,
470,911,5,1287,24913,1,,
5,22,10,1327,24919,1,,
461,745,6,1164,24924,1,,
230,1999,2,1020,24931,1,,
438,190,12,1137,24937,1,,
97,13,6,1313,24942,1,,
447,475,4,1311,24944,1,,
411,98,2,1189,24944,1,,
409,92,6,1338,24953,1,,
455,632,4,1322,24954,1,,
338,100,8,1313,24956,1,,
43,5,1,1322,24959,1,,
363,200,7,906,24980,1,,
180,224,2,1313,24981,1,,
450,523,4,1250,24992,1,,
365,220,9,1273,24993,1,,
446,441,10,1330,25007,1,,
396,619,10,906,25021,1,,
339,100,10,1346,25031,1,,
341,109,6,906,25032,1,,
341,6,1,906,25032,1,,
340,6,5,906,25040,1,,
364,121,6,1330,25049,1,,
337,6,3,906,25055,1,,
480,1096,4,1346,25056,1,,
479,1081,2,915,25067,1,,
326,530,6,1346,25068,1,,
338,-1,-1,-999,25068,2,v14_piggyback,5.0,24956,112
465,837,4,1313,25077,1,,
113,1,12,1298,25089,1,,
453,593,3,1298,25106,1,,
453,594,9,1120,25106,1,,
408,66,8,1342,25111,1,,
335,2557,4,1358,25113,1,,
148,1539,3,1346,25119,1,,
42,1266,10,1324,25130,1,,
135,117,7,1342,25132,1,,
200,260,2,1324,25137,1,,
283,2,6,1310,25150,1,,
283,2,6,1251,25150,1,,
152,1559,6,1324,25151,1,,
397,619,10,1120,25156,1,,
412,125,2,1324,25158,1,,
441,325,8,1313,25164,1,,
466,840,8,1120,25168,1,,
470,918,7,1285,25177,1,,
129,177,10,1230,25182,1,,
465,-1,-1,-999,25190,2,v14_piggyback,1.0,25077,113
418,203,7,1342,25190,1,,
409,76,11,1298,25206,1,,
411,112,7,1322,25221,1,,
411,101,8,1370,25221,1,,
95,1228,6,1370,25233,1,,
381,1020,2,1370,25240,1,,
424,422,8,1230,25243,1,,
413,143,1,1370,25245,1,,
447,460,9,1123,25249,1,,
447,466,8,1326,25249,1,,
455,628,7,1335,25265,1,,
455,626,6,1358,25265,1,,
392,309,6,1230,25265,1,,
446,453,5,1360,25273,1,,
361,69,4,1120,25280,1,,
242,2061,4,1230,25289,1,,
201,149,4,1342,25292,1,,
285,211,4,1230,25298,1,,
358,2683,2,1310,25304,1,,
1,51,10,1295,25306,1,,
349,678,6,1342,25316,1,,
194,228,10,1295,25320,1,,
291,2324,2,1251,25323,1,,
357,952,3,1316,25331,1,,
389,2813,3,1298,25332,1,,
414,143,8,1295,25351,1,,
447,-1,-1,-999,25360,2,v14_piggyback,1.0,25249,111
274,330,6,1295,25361,1,,
62,1887,2,1313,25367,1,,
453,599,5,1337,25369,1,,
453,593,8,1230,25369,1,,
450,533,6,1372,25375,1,,
408,40,5,1310,25379,1,,
366,338,5,1295,25384,1,,
319,2471,3,1298,25393,1,,
139,43,2,1120,25409,1,,
416,195,4,1385,25414,1,,
421,368,1,1313,25417,1,,
419,2945,2,1230,25418,1,,
265,33,4,1295,25422,1,,
424,-1,-1,-999,25423,2,v14_piggyback,3.0,25243,180
152,1560,2,1295,25426,1,,
200,1824,2,1383,25435,1,,
352,676,10,1388,25438,1,,
415,178,5,1356,25460,1,,
440,3036,2,1230,25466,1,,
465,837,3,1313,25467,1,,
465,832,10,1342,25467,1,,
465,825,5,1251,25467,1,,
338,6,2,906,25482,1,,
190,184,8,1319,25482,1,,
453,-1,-1,-999,25485,2,v14_piggyback,1.0,25369,116
375,932,1,1120,25497,1,,
388,188,1,1353,25501,1,,
365,322,4,1356,25510,1,,
365,201,8,1314,25510,1,,
444,401,3,1319,25521,1,,
455,632,6,1295,25526,1,,
455,633,4,1385,25526,1,,
128,614,3,1319,25529,1,,
94,1222,2,1319,25536,1,,
411,111,1,906,25539,1,,
140,43,2,1319,25543,1,,
267,183,9,1314,25546,1,,
283,2,7,1314,25557,1,,
446,433,9,1383,25566,1,,
273,297,8,1314,25568,1,,
284,27,9,1404,25581,1,,
274,2236,1,1230,25585,1,,
467,863,8,1305,25588,1,,
99,1250,6,1382,25590,1,,
441,323,4,1314,25614,1,,
293,2334,4,1314,25621,1,,
447,460,3,1123,25623,1,,
447,481,4,1319,25623,1,,
292,2327,4,1314,25628,1,,
308,2415,3,1356,25634,1,,
183,1732,3,1165,25649,1,,
449,508,8,1299,25651,1,,
218,207,2,1165,25657,1,,
142,50,7,1299,25663,1,,
283,-1,-1,-999,25664,2,v14_piggyback,7.0,25557,107
453,599,3,1337,25668,1,,
386,132,4,1165,25675,1,,
180,166,6,1038,25675,1,,
415,182,4,1382,25690,1,,
125,1407,10,1038,25691,1,,
129,45,1,1314,25698,1,,
301,15,6,1299,25703,1,,
134,117,3,1038,25711,1,,
442,354,3,1038,25729,1,,
306,256,8,1389,25737,1,,
335,2557,1,1280,25749,1,,
388,94,6,1165,25751,1,,
376,934,2,1299,25753,1,,
465,829,9,1120,25776,1,,
465,825,10,1165,25776,1,,
444,391,8,1364,25777,1,,
444,388,4,1299,25777,1,,
444,388,4,1305,25777,1,,
421,387,6,1390,25786,1,,
128,1425,5,1038,25793,1,,
227,23,11,1390,25802,1,,
447,463,8,1299,25813,1,,
225,23,8,1368,25816,1,,
54,4,2,1303,25820,1,,
99,1251,4,1193,25830,1,,
411,97,8,1165,25830,1,,
442,-1,-1,-999,25838,2,v14_piggyback,2.0,25729,109
446,453,4,1406,25839,1,,
292,2326,2,1165,25846,1,,
437,179,5,1375,25856,1,,
305,212,6,1303,25859,1,,
423,477,6,1101,25859,1,,
131,45,5,1101,25870,1,,
288,211,10,1375,25875,1,,
183,1733,1,1064,25880,1,,
307,256,12,1373,25887,1,,
449,501,8,1352,25890,1,,
449,504,12,1362,25890,1,,
289,2313,3,1363,25893,1,,
444,-1,-1,-999,25900,2,v14_piggyback,1.0,25777,123
125,1409,3,652,25906,1,,
287,2304,2,1255,25930,1,,
424,477,4,1363,25938,1,,
141,1497,1,1363,25942,1,,
2,41,6,1306,25943,1,,
2,46,4,1306,25943,1,,
412,133,8,1255,25947,1,,
149,1541,8,1306,25957,1,,
129,116,8,1096,25963,1,,
366,357,7,1096,25977,1,,
414,148,7,1427,25980,1,,
4,28,12,1394,25983,1,,
98,1245,10,1096,25991,1,,
413,125,6,1419,25991,1,,
447,457,8,1306,25997,1,,
103,1277,8,1096,26003,1,,
197,1809,3,1306,26005,1,,
446,445,4,1324,26023,1,,
5,22,8,1421,26028,1,,
99,1251,12,1101,26040,1,,
283,77,7,1378,26041,1,,
225,1973,4,1255,26050,1,,
442,354,3,1038,26056,1,,
45,5,4,1378,26059,1,,
411,93,6,1295,26071,1,,
411,93,9,1356,26071,1,,
6,30,10,1431,26087,1,,
6,19,10,1431,26087,1,,
364,194,4,1403,26092,1,,
483,1130,2,1378,26094,1,,
114,1,11,1432,26097,1,,
114,3,10,1334,26097,1,,
423,493,2,1096,26100,1,,
216,1914,2,1433,26104,1,,
165,14,7,1334,26110,1,,
276,461,10,1379,26110,1,,
437,140,9,1255,26125,1,,
201,1833,2,1432,26127,1,,
201,228,9,1334,26127,1,,
131,1440,5,1226,26130,1,,
419,252,6,1431,26137,1,,
417,217,3,1432,26142,1,,
417,226,6,1334,26142,1,,
385,31,5,1334,26157,1,,
385,55,4,1262,26157,1,,
424,479,12,1433,26164,1,,
444,388,4,1305,26174,1,,
444,410,6,1303,26174,1,,
256,411,5,1422,26181,1,,
159,65,8,1262,26188,1,,
412,114,7,1422,26208,1,,
457,663,4,1379,26217,1,,
161,75,12,1440,26221,1,,
415,155,4,189,26227,1,,
288,2,2,1348,26234,1,,
414,142,4,1435,26234,1,,
78,58,6,1262,26235,1,,
78,4,2,1424,26235,1,,
425,519,6,189,26244,1,,
257,306,7,1262,26248,1,,
86,347,2,189,26248,1,,
246,279,2,1350,26252,1,,
400,2862,2,1348,26259,1,,
480,1092,8,189,26260,1,,
217,214,9,1392,26273,1,,
447,457,12,1334,26280,1,,
447,468,8,1262,26280,1,,
413,137,8,1450,26292,1,,
242,284,4,1451,26299,1,,
63,7,12,1415,26308,1,,
129,115,8,1392,26320,1,,
442,355,8,1262,26323,1,,
386,73,6,1424,26342,1,,
386,72,6,1371,26342,1,,
387,132,4,1340,26344,1,,
443,374,6,1334,26354,1,,
54,88,7,1392,26356,1,,
54,82,10,1297,26356,1,,
401,782,11,1412,26359,1,,
451,549,4,1440,26363,1,,
360,49,4,1334,26372,1,,
94,1222,7,1450,26377,1,,
94,24,9,851,26377,1,,
256,259,6,1452,26378,1,,
174,153,6,1442,26384,1,,
243,163,6,1340,26390,1,,
447,-1,-1,-999,26390,2,v14_piggyback,1.0,26280,110
482,1125,7,1262,26396,1,,
363,2705,3,1340,26400,1,,
362,69,8,1452,26412,1,,
284,2287,2,1452,26417,1,,
476,1029,4,1371,26421,1,,
411,108,9,1435,26432,1,,
411,97,2,1392,26432,1,,
193,1784,3,1262,26446,1,,
412,114,10,1297,26451,1,,
412,122,4,851,26451,1,,
301,2374,3,1442,26456,1,,
478,1061,9,1347,26465,1,,
440,292,3,1392,26465,1,,
440,305,7,851,26465,1,,
457,667,4,1430,26472,1,,
201,1831,10,189,26479,1,,
467,855,7,1297,26490,1,,
479,1078,8,1415,26501,1,,
390,199,4,1347,26508,1,,
390,242,8,1417,26508,1,,
137,1476,6,1392,26520,1,,
459,702,10,1361,26523,1,,
413,125,6,1262,26524,1,,
470,914,3,1440,26532,1,,
162,1617,7,1392,26533,1,,
355,2665,2,1432,26539,1,,
400,741,6,1347,26544,1,,
411,-1,-1,-999,26544,2,v14_piggyback,2.0,26432,112
379,1062,7,1297,26546,1,,
456,642,2,1361,26548,1,,
453,583,2,1334,26568,1,,
480,1092,2,1411,26576,1,,
480,1095,6,1450,26576,1,,
203,1843,1,1334,26584,1,,
414,154,6,851,26595,1,,
440,-1,-1,-999,26606,2,v14_piggyback,1.0,26465,141
451,546,8,1442,26608,1,,
277,461,9,1468,26615,1,,
389,242,2,1416,26620,1,,
136,107,10,1464,26626,1,,
450,524,6,1392,26638,1,,
468,880,8,1323,26642,1,,
455,633,5,1297,26649,1,,
476,1028,5,1468,26650,1,,
391,245,3,1476,26656,1,,
447,460,10,1443,26662,1,,
431,831,9,1476,26669,1,,
322,0,4,851,26674,1,,
480,-1,-1,-999,26685,2,v14_piggyback,1.0,26576,109
138,107,6,1462,26686,1,,
457,675,5,1361,26687,1,,
457,660,3,1323,26687,1,,
421,329,4,851,26695,1,,
18,1291,2,1460,26697,1,,
484,1156,4,1462,26707,1,,
467,860,4,1323,26719,1,,
285,36,8,1301,26734,1,,
460,725,3,851,26738,1,,
0,51,7,1301,26745,1,,
389,-1,-1,-999,26747,2,v14_piggyback,1.0,26620,127
383,18,8,1425,26757,1,,
1,41,4,1481,26763,1,,
390,245,5,1476,26766,1,,
216,1912,3,1392,26767,1,,
445,421,3,1386,26772,1,,
203,1843,4,1191,26778,1,,
268,209,2,1481,26786,1,,
139,1489,8,1456,26793,1,,
139,89,10,1456,26793,1,,
456,656,6,1301,26795,1,,
459,718,10,1417,26800,1,,
459,702,8,1323,26800,1,,
219,1928,3,851,26823,1,,
219,23,6,1380,26823,1,,
219,301,11,1380,26823,1,,
453,583,11,1301,26827,1,,
453,590,7,1425,26827,1,,
356,876,2,1481,26832,1,,
411,97,6,1392,26834,1,,
261,327,7,1465,26842,1,,
413,138,6,1465,26851,1,,
98,1246,2,1456,26853,1,,
98,62,10,1380,26853,1,,
199,223,2,1480,26859,1,,
385,31,11,1091,26865,1,,
224,286,5,1465,26867,1,,
230,321,11,1380,26871,1,,
46,5,10,1465,26881,1,,
420,293,6,1380,26883,1,,
440,292,5,1392,26893,1,,
43,82,8,1480,26897,1,,
469,896,5,1380,26911,1,,
42,1266,6,1398,26920,1,,
5,28,11,1393,26921,1,,
409,76,2,1297,26925,1,,
409,74,6,1380,26925,1,,
447,475,6,1450,26937,1,,
451,549,6,1460,26938,1,,
363,121,8,1091,26950,1,,
322,0,10,1393,26964,1,,
386,73,3,1380,26971,1,,
387,55,6,1474,26973,1,,
215,301,4,1091,26980,1,,
468,871,7,1091,26991,1,,
291,2323,4,1393,26997,1,,
460,729,5,1380,27004,1,,
47,1354,8,1402,27007,1,,
47,1329,2,1367,27007,1,,
281,275,3,1380,27012,1,,
248,2090,3,1402,27013,1,,
217,23,8,1426,27014,1,,
283,2,2,1367,27017,1,,
409,-1,-1,-999,27034,2,v14_piggyback,2.0,26925,109
169,1654,2,1392,27036,1,,
445,427,6,1423,27042,1,,
445,421,12,1465,27042,1,,
456,3103,2,1386,27046,1,,
292,291,11,1458,27057,1,,
419,285,4,1479,27064,1,,
285,2294,2,851,27075,1,,
313,735,4,1479,27084,1,,
158,1592,8,1475,27090,1,,
121,1385,2,1462,27091,1,,
392,455,2,1475,27094,1,,
80,24,8,1458,27094,1,,
322,-1,-1,-999,27096,2,v14_piggyback,7.0,26964,132
208,1870,2,1392,27098,1,,
242,908,4,1475,27101,1,,
453,599,8,1091,27106,1,,
420,285,3,1479,27114,1,,
383,18,2,1475,27118,1,,
314,652,5,1454,27124,1,,
364,69,7,1485,27124,1,,
109,110,6,1485,27138,1,,
264,923,4,1458,27145,1,,
353,717,6,1426,27155,1,,
445,-1,-1,-999,27159,2,v14_piggyback,1.0,27042,117
486,1185,3,1426,27165,1,,
486,1185,4,1091,27165,1,,
262,2170,1,1415,27171,1,,
262,259,3,1454,27171,1,,
422,414,4,1493,27172,1,,
408,40,5,1426,27180,1,,
289,2314,3,1497,27192,1,,
395,639,9,699,27201,1,,
140,43,2,1454,27210,1,,
306,393,6,699,27217,1,,
451,553,10,1474,27228,1,,
244,59,7,699,27231,1,,
108,45,6,1467,27240,1,,
468,874,9,1493,27243,1,,
409,76,2,1297,27249,1,,
307,256,6,1483,27249,1,,
283,2,6,1466,27268,1,,
283,2,8,1475,27268,1,,
201,149,10,1498,27272,1,,
128,177,1,1491,27279,1,,
128,1423,6,1446,27279,1,,
386,55,2,1474,27283,1,,
386,120,2,1493,27283,1,,
447,457,6,1498,27284,1,,
328,2521,2,699,27286,1,,
40,29,5,1498,27294,1,,
155,16,6,1446,27297,1,,
471,937,4,1493,27304,1,,
455,635,5,1407,27305,1,,
289,-1,-1,-999,27305,2,v14_piggyback,6.0,27192,113
488,1212,1,1297,27310,1,,
396,570,2,1491,27334,1,,
396,639,4,1467,27334,1,,
473,955,8,890,27342,1,,
456,654,10,699,27353,1,,
476,1023,3,1455,27357,1,,
311,2429,2,1426,27361,1,,
481,1103,11,890,27367,1,,
404,1017,2,1091,27375,1,,
389,208,2,1458,27379,1,,
420,263,4,1454,27386,1,,
420,267,8,1407,27386,1,,
243,430,4,1474,27386,1,,
232,2007,3,1485,27392,1,,
440,288,2,1493,27396,1,,
322,0,2,1393,27413,1,,
455,-1,-1,-999,27416,2,v14_piggyback,1.0,27305,111
442,360,4,1467,27418,1,,
408,40,3,890,27422,1,,
47,5,4,1467,27427,1,,
1,30,5,890,27433,1,,
383,21,6,699,27439,1,,
313,2439,3,1497,27441,1,,
200,165,4,1467,27452,1,,
360,60,4,1446,27461,1,,
409,68,12,1486,27472,1,,
199,1823,2,1474,27475,1,,
450,517,11,1453,27487,1,,
202,185,2,1485,27488,1,,
407,40,1,1410,27499,1,,
240,2051,2,1474,27506,1,,
6,9,6,1453,27506,1,,
6,22,6,1453,27506,1,,
388,94,8,1457,27520,1,,
447,482,8,890,27529,1,,
447,481,2,890,27529,1,,
402,944,6,1482,27535,1,,
233,95,6,1396,27545,1,,
342,2592,4,1453,27546,1,,
342,100,9,1490,27546,1,,
473,960,2,1501,27553,1,,
390,236,5,1500,27558,1,,
2,9,9,1490,27561,1,,
368,357,6,1505,27568,1,,
417,225,4,1453,27570,1,,
418,217,7,1503,27578,1,,
391,247,9,1505,27591,1,,
481,1108,2,1225,27597,1,,
229,25,10,1503,27605,1,,
455,635,4,1407,27616,1,,
404,1002,6,1490,27620,1,,
364,322,6,1513,27629,1,,
388,-1,-1,-999,27633,2,v14_piggyback,2.0,27520,113
155,1574,9,1457,27637,1,,
446,450,7,1516,27642,1,,
408,40,3,1410,27650,1,,
386,132,8,1333,27652,1,,
266,2190,4,1457,27661,1,,
469,896,8,1397,27663,1,,
361,12,4,1516,27667,1,,
333,2547,4,1467,27671,1,,
359,12,1,1516,27681,1,,
224,214,2,1516,27694,1,,
366,338,10,1499,27699,1,,
314,613,3,1397,27704,1,,
216,214,7,1333,27706,1,,
358,12,1,1516,27710,1,,
136,147,5,1333,27716,1,,
211,231,6,1524,27723,1,,
338,85,4,1494,27725,1,,
166,1641,7,1499,27743,1,,
463,3132,4,1490,27754,1,,
300,54,12,1351,27760,1,,
392,266,4,1333,27763,1,,
447,457,10,1516,27766,1,,
469,-1,-1,-999,27771,2,v14_piggyback,1.0,27663,108
159,192,8,1528,27771,1,,
282,36,4,1387,27780,1,,
156,16,9,1351,27784,1,,
97,13,10,1437,27798,1,,
473,963,7,1513,27806,1,,
427,696,6,1528,27810,1,,
221,240,7,1509,27821,1,,
64,1936,3,1351,27823,1,,
64,3,6,1534,27823,1,,
417,232,6,1490,27829,1,,
417,195,3,1333,27829,1,,
5,3,3,1333,27837,1,,
99,1252,4,1351,27839,1,,
99,8,7,1351,27839,1,,
164,75,8,1448,27844,1,,
164,14,4,1448,27844,1,,
480,1090,7,1509,27857,1,,
169,139,6,1509,27868,1,,
261,2167,2,1483,27871,1,,
387,146,2,1540,27878,1,,
464,812,5,1163,27886,1,,
388,127,5,1387,27889,1,,
418,235,9,1397,27893,1,,
418,217,10,1397,27893,1,,
454,624,2,1490,27895,1,,
446,445,7,1487,27899,1,,
414,158,3,1528,27906,1,,
414,158,4,1437,27906,1,,
423,493,8,1448,27913,1,,
424,477,6,1534,27919,1,,
441,332,2,1457,27927,1,,
277,297,2,1333,27936,1,,
277,461,2,1539,27936,1,,
301,124,6,1510,27960,1,,
411,99,4,1448,27963,1,,
408,35,4,1448,27972,1,,
487,1187,6,1437,27972,1,,
321,2483,3,1448,27980,1,,
312,361,4,1510,27981,1,,
463,796,12,1387,27984,1,,
484,1154,6,1437,27993,1,,
448,487,6,1499,28004,1,,
446,-1,-1,-999,28008,2,v14_piggyback,1.0,27899,109
469,903,7,1333,28010,1,,
447,476,6,1448,28011,1,,
440,299,4,1534,28013,1,,
481,1102,2,985,28018,1,,
366,2716,3,1534,28021,1,,
258,2149,2,1437,28028,1,,
217,214,2,1163,28030,1,,
283,128,9,1549,28045,1,,
103,1282,2,1487,28052,1,,
224,286,9,1549,28067,1,,
456,647,6,1384,28081,1,,
256,221,2,1545,28087,1,,
464,812,6,1224,28088,1,,
360,12,2,1516,28100,1,,
473,958,1,1493,28113,1,,
257,259,10,1489,28121,1,,
209,1874,1,1528,28123,1,,
172,1672,1,1534,28130,1,,
129,39,8,1550,28135,1,,
113,1340,2,1489,28142,1,,
320,213,4,1508,28147,1,,
388,94,7,1384,28155,1,,
159,65,10,1508,28161,1,,
273,277,2,1489,28161,1,,
116,1353,3,1489,28169,1,,
404,1026,6,1508,28170,1,,
450,525,4,1508,28177,1,,
313,527,9,1547,28190,1,,
441,323,8,1420,28193,1,,
441,315,8,1384,28193,1,,
268,209,8,1533,28206,1,,
412,125,8,1449,28216,1,,
367,322,8,1547,28221,1,,
81,24,6,1449,28227,1,,
413,114,10,1470,28231,1,,
167,10,6,1449,28239,1,,
201,81,4,1508,28243,1,,
136,1473,3,1449,28247,1,,
321,2483,2,1530,28262,1,,
438,204,10,1470,28272,1,,
469,888,5,1351,28274,1,,
469,900,4,1437,28274,1,,
255,488,10,1438,28282,1,,
275,378,6,1538,28290,1,,
456,638,7,1545,28295,1,,
456,657,10,1489,28295,1,,
274,243,8,1438,28296,1,,
86,8,7,1533,28305,1,,
161,345,10,1391,28314,1,,
161,1609,2,1391,28314,1,,
397,640,5,1343,28320,1,,
304,15,12,1492,28324,1,,
135,117,8,1438,28328,1,,
326,510,4,1538,28333,1,,
415,178,10,1438,28344,1,,
63,7,8,1343,28346,1,,
258,2147,3,1231,28353,1,,
248,2093,2,1533,28353,1,,
484,1155,1,1508,28357,1,,
124,1,5,1438,28358,1,,
124,1403,3,1438,28358,1,,
289,2,4,1533,28369,1,,
159,1596,5,1492,28388,1,,
388,94,6,1533,28389,1,,
389,247,3,1538,28394,1,,
155,1575,3,1519,28395,1,,
446,446,2,1528,28398,1,,
445,413,4,1343,28401,1,,
456,-1,-1,-999,28409,2,v14_piggyback,1.0,28295,114
360,12,8,1438,28422,1,,
360,12,10,1449,28422,1,,
441,320,12,1470,28429,1,,
441,342,6,1343,28429,1,,
416,167,6,1546,28432,1,,
416,175,1,1473,28432,1,,
302,15,8,1418,28433,1,,
291,229,10,865,28443,1,,
450,523,8,1538,28445,1,,
331,2537,1,1533,28446,1,,
130,115,6,1391,28458,1,,
414,150,8,1391,28470,1,,
477,1039,11,1374,28485,1,,
303,15,4,1418,28496,1,,
303,15,4,1328,28496,1,,
303,78,10,1527,28496,1,,
257,306,8,1374,28497,1,,
386,127,9,765,28505,1,,
460,739,5,1391,28506,1,,
322,0,8,1527,28508,1,,
487,1200,4,1391,28513,1,,
245,59,5,1527,28516,1,,
370,452,9,765,28527,1,,
439,262,8,1434,28527,1,,
360,-1,-1,-999,28529,2,v14_piggyback,5.0,28422,107
413,125,4,1438,28530,1,,
413,133,8,1391,28530,1,,
384,32,2,1418,28532,1,,
167,1642,4,1512,28540,1,,
157,50,5,765,28540,1,,
157,65,4,765,28540,1,,
390,188,3,1391,28571,1,,
246,59,10,1434,28573,1,,
427,719,8,765,28575,1,,
304,15,8,1328,28589,1,,
302,-1,-1,-999,28591,2,v14_piggyback,5.0,28433,158
471,935,8,765,28609,1,,
475,1010,8,1072,28611,1,,
338,6,6,865,28623,1,,
339,244,4,1529,28630,1,,
417,187,5,1072,28633,1,,
139,170,3,1374,28643,1,,
289,2,6,765,28649,1,,
289,2,8,865,28649,1,,
283,2,3,1438,28651,1,,
461,743,4,865,28656,1,,
451,552,6,1461,28665,1,,
465,830,6,1434,28666,1,,
106,1300,2,1374,28666,1,,
445,419,7,1531,28680,1,,
446,433,10,1072,28680,1,,
255,2130,2,1391,28684,1,,
444,405,3,1391,28690,1,,
455,634,6,1461,28690,1,,
416,189,8,1520,28692,1,,
472,945,2,1374,28700,1,,
312,483,2,1391,28709,1,,
477,1038,4,1302,28717,1,,
450,521,6,1434,28723,1,,
434,3010,2,1449,28723,1,,
146,1526,10,1463,28737,1,,
388,94,4,1072,28744,1,,
447,467,1,1302,28746,1,,
411,97,2,1328,28752,1,,
411,97,3,1520,28752,1,,
289,-1,-1,-999,28760,2,v14_piggyback,7.0,28649,111
385,55,4,1461,28764,1,,
173,1680,3,1529,28774,1,,
322,0,6,1072,28775,1,,
322,899,1,1520,28775,1,,
426,584,4,1461,28795,1,,
439,258,4,1341,28797,1,,
439,253,4,1377,28797,1,,
