pod_id,item_id,qty,order_id,processed_time,task_type,trigger,opp_score,trip_start,trip_duration
170,192,8,-13,55,1,,
170,1662,2,-57,55,1,,
231,205,6,-91,57,1,,
231,2005,4,-77,57,1,,
231,240,7,-7,57,1,,
420,246,8,-88,63,1,,
420,300,5,-75,63,1,,
420,289,4,-30,63,1,,
0,22,10,-77,71,1,,
422,407,10,-14,74,1,,
319,0,10,-77,93,1,,
229,118,8,-38,97,1,,
52,29,12,-30,105,1,,
52,88,11,-33,105,1,,
52,1464,9,-24,105,1,,
340,202,4,-95,113,1,,
340,136,7,-91,113,1,,
340,2581,2,-77,113,1,,
412,111,2,-55,124,1,,
412,99,4,-22,124,1,,
412,99,6,-57,124,1,,
412,99,9,-13,124,1,,
101,270,10,-26,132,1,,
101,1264,2,-7,132,1,,
50,4,6,-75,132,1,,
50,4,8,-88,132,1,,
50,4,6,-18,132,1,,
411,111,4,-38,150,1,,
411,111,8,-84,150,1,,
411,111,8,-55,150,1,,
51,4,4,-18,155,1,,
51,4,12,-37,155,1,,
413,137,7,-96,157,1,,
413,138,11,-7,157,1,,
472,946,10,-50,164,1,,
463,789,10,-77,174,1,,
386,80,2,-14,188,1,,
386,80,8,-38,188,1,,
386,171,8,-57,188,1,,
384,34,9,-100,198,1,,
105,1289,7,-50,198,1,,
108,1314,6,-75,208,1,,
108,1,10,-67,208,1,,
108,1,10,-24,208,1,,
108,3,6,-67,208,1,,
108,8,8,-33,208,1,,
410,98,8,-50,210,1,,
326,520,8,-26,212,1,,
285,211,7,-57,220,1,,
295,439,10,-75,226,1,,
295,2345,2,-18,226,1,,
132,117,6,-50,230,1,,
341,6,6,-75,245,1,,
341,304,6,-75,245,1,,
156,43,6,-26,247,1,,
156,1581,1,-7,247,1,,
356,774,8,-75,259,1,,
390,242,6,-84,269,1,,
273,297,8,-75,273,1,,
389,236,7,-96,285,1,,
370,507,8,-24,286,1,,
481,1112,8,-77,297,1,,
282,2,6,-88,298,1,,
417,226,6,-26,306,1,,
264,183,6,-24,310,1,,
450,533,4,-57,316,1,,
450,3082,2,-57,316,1,,
471,925,7,-77,316,1,,
15,1225,6,-57,326,1,,
438,248,6,-33,327,1,,
385,21,11,-70,334,1,,
274,278,6,-22,337,1,,
407,48,4,-77,352,1,,
440,290,6,-75,359,1,,
275,275,10,-73,368,1,,
293,2335,4,-77,371,1,,
128,1,2,-24,376,1,,
128,115,8,-2,376,1,,
464,813,6,-14,394,1,,
452,575,6,-14,403,1,,
362,172,4,-95,404,1,,
284,2,8,-97,408,1,,
207,1864,4,-94,411,1,,
439,280,5,-14,414,1,,
480,1087,3,-7,417,1,,
299,57,3,-50,426,1,,
427,690,10,-79,431,1,,
44,1288,4,-38,434,1,,
325,448,3,-44,448,1,,
283,77,8,-79,448,1,,
449,500,6,-75,458,1,,
265,33,6,-79,467,1,,
408,48,4,-13,469,1,,
298,54,8,-34,480,1,,
384,31,12,-41,483,1,,
441,340,6,-30,484,1,,
285,2292,4,-26,490,1,,
372,754,3,-94,507,1,,
225,25,4,-33,509,1,,
434,1033,3,-77,513,1,,
350,651,3,-30,515,1,,
446,454,3,-34,523,1,,
313,2438,3,-14,529,1,,
468,878,3,-77,531,1,,
321,0,2,-97,537,1,,
467,860,3,-75,547,1,,
382,17,8,-71,553,1,,
306,408,5,-4,560,1,,
320,0,5,-66,569,1,,
320,0,7,-32,569,1,,
312,527,8,-60,573,1,,
116,1353,2,-77,575,1,,
385,2796,4,-50,589,1,,
407,35,3,12,594,1,,
195,1801,2,-50,599,1,,
438,238,4,-50,610,1,,
322,91,7,-51,616,1,,
193,228,6,21,620,1,,
440,299,4,-97,623,1,,
264,103,6,-66,635,1,,
199,260,4,-87,644,1,,
256,279,3,-35,654,1,,
290,381,2,-32,659,1,,
128,1,11,18,661,1,,
411,99,2,-33,664,1,,
464,816,4,-7,668,1,,
455,628,4,-35,670,1,,
459,702,7,18,679,1,,
388,2812,2,-51,689,1,,
282,2,8,-87,691,1,,
198,317,5,-46,699,1,,
445,429,2,-30,705,1,,
288,2,4,-49,706,1,,
158,1592,2,-75,711,1,,
461,761,9,-46,728,1,,
383,52,11,10,728,1,,
237,2036,4,-49,735,1,,
441,320,2,7,743,1,,
389,264,2,-87,756,1,,
408,35,5,-75,761,1,,
416,175,1,-97,764,1,,
486,1178,10,10,774,1,,
467,862,3,-77,780,1,,
180,104,8,-23,786,1,,
298,15,9,23,799,1,,
432,3000,2,-60,804,1,,
106,1300,2,-23,808,1,,
382,2784,2,-54,812,1,,
431,892,6,-89,818,1,,
299,57,7,-23,819,1,,
430,852,11,-83,835,1,,
468,3154,3,-33,840,1,,
162,14,12,-8,845,1,,
229,321,6,6,854,1,,
437,180,8,-23,859,1,,
446,443,2,-77,859,1,,
417,187,4,-69,870,1,,
407,35,8,-35,872,1,,
132,117,6,-64,882,1,,
478,1056,6,-69,886,1,,
390,236,6,3,898,1,,
409,86,7,-8,902,1,,
391,264,5,-42,906,1,,
58,1700,2,-50,907,1,,
134,130,6,-28,908,1,,
418,225,4,-28,917,1,,
230,276,12,32,928,1,,
353,720,10,20,932,1,,
198,1815,12,-9,944,1,,
305,333,3,32,950,1,,
411,99,7,20,950,1,,
388,199,7,20,961,1,,
410,79,8,26,972,1,,
410,84,7,26,972,1,,
354,774,10,-21,975,1,,
80,2735,1,-14,975,1,,
473,957,11,32,979,1,,
441,324,6,10,992,1,,
415,167,2,32,993,1,,
416,182,6,20,996,1,,
438,248,2,25,1005,1,,
439,3032,2,26,1020,1,,
345,544,10,28,1020,1,,
389,245,9,-64,1021,1,,
389,199,6,-15,1021,1,,
76,129,6,25,1029,1,,
343,424,9,-31,1035,1,,
414,154,9,0,1048,1,,
40,5,8,16,1056,1,,
366,357,6,20,1057,1,,
149,1544,2,16,1060,1,,
413,142,10,-56,1062,1,,
215,1909,2,16,1065,1,,
412,106,6,28,1066,1,,
453,583,6,0,1071,1,,
306,2403,4,-15,1078,1,,
437,179,10,-8,1079,1,,
224,271,7,-25,1091,1,,
75,62,6,0,1092,1,,
417,222,7,20,1107,1,,
204,1847,3,-36,1113,1,,
254,233,4,-21,1119,1,,
180,126,2,-21,1136,1,,
445,432,7,-6,1138,1,,
321,0,8,-1,1142,1,,
446,450,6,-64,1148,1,,
230,1996,4,20,1161,1,,
134,107,2,-36,1166,1,,
59,7,12,-6,1171,1,,
60,7,6,-1,1177,1,,
409,84,6,-15,1180,1,,
332,865,4,-92,1187,1,,
320,61,8,15,1189,1,,
410,79,7,44,1198,1,,
114,3,4,15,1202,1,,
114,39,5,-27,1202,1,,
411,101,10,45,1204,1,,
465,821,12,15,1219,1,,
441,323,8,-89,1227,1,,
469,903,7,-27,1230,1,,
416,175,12,42,1235,1,,
229,123,6,48,1236,1,,
438,237,7,31,1240,1,,
41,29,2,-21,1240,1,,
439,257,7,-25,1251,1,,
200,185,7,-53,1257,1,,
139,50,6,-27,1260,1,,
358,12,8,55,1260,1,,
442,344,4,-15,1272,1,,
453,599,7,55,1284,1,,
319,0,6,-27,1288,1,,
414,138,10,44,1288,1,,
414,137,2,44,1288,1,,
473,959,4,-15,1295,1,,
412,125,9,-36,1298,1,,
432,916,6,65,1301,1,,
223,1963,2,55,1314,1,,
437,1207,10,44,1318,1,,
0,19,6,55,1329,1,,
2,1593,2,65,1339,1,,
359,11,8,-39,1344,1,,
214,286,6,-1,1352,1,,
429,766,11,47,1357,1,,
39,44,10,47,1371,1,,
413,122,4,-92,1378,1,,
256,259,2,0,1383,1,,
360,12,4,53,1383,1,,
137,1475,2,0,1390,1,,
128,1,2,58,1393,1,,
1,28,5,-39,1394,1,,
467,860,2,15,1399,1,,
361,12,10,29,1408,1,,
444,388,2,-27,1426,1,,
409,86,12,-53,1429,1,,
288,36,4,29,1430,1,,
114,1344,4,-74,1433,1,,
362,121,6,61,1440,1,,
465,837,4,65,1440,1,,
364,322,2,-39,1444,1,,
441,342,5,55,1453,1,,
274,2234,2,-6,1454,1,,
439,251,6,65,1459,1,,
410,92,8,2,1469,1,,
363,69,6,22,1476,1,,
453,597,2,68,1488,1,,
8,1308,2,83,1497,1,,
411,102,4,53,1498,1,,
367,392,8,2,1505,1,,
200,1826,2,29,1514,1,,
442,360,8,47,1517,1,,
352,700,6,68,1526,1,,
434,1003,9,60,1539,1,,
202,1837,2,60,1543,1,,
111,1331,2,48,1545,1,,
415,158,2,48,1554,1,,
240,2049,2,-39,1559,1,,
420,300,3,84,1562,1,,
419,283,9,52,1575,1,,
137,1476,6,-72,1577,1,,
183,1733,2,55,1586,1,,
425,550,7,64,1587,1,,
470,912,8,-86,1594,1,,
418,234,10,64,1601,1,,
447,460,5,69,1602,1,,
175,1689,2,64,1605,1,,
417,232,2,76,1610,1,,
180,104,10,73,1621,1,,
128,39,10,85,1627,1,,
306,393,6,64,1630,1,,
139,170,6,73,1631,1,,
424,532,4,-62,1637,1,,
86,347,8,73,1645,1,,
437,140,1,-51,1648,1,,
444,410,3,-48,1656,1,,
444,410,4,84,1656,1,,
444,403,7,-5,1656,1,,
409,79,8,68,1667,1,,
238,157,10,80,1686,1,,
439,280,6,83,1687,1,,
189,1764,2,69,1694,1,,
453,593,4,69,1701,1,,
448,495,6,89,1707,1,,
416,189,6,80,1717,1,,
122,1392,2,89,1722,1,,
207,1861,2,72,1725,1,,
229,420,4,93,1740,1,,
410,87,12,87,1745,1,,
205,1850,2,93,1746,1,,
426,547,6,-78,1747,1,,
289,229,2,-90,1750,1,,
429,808,4,89,1753,1,,
425,536,6,72,1765,1,,
442,355,7,-86,1774,1,,
442,355,11,60,1774,1,,
442,-1,-1,-999,1774,2,v14_piggyback,4.0,1774,0
140,1493,3,8,1779,1,,
264,183,8,87,1785,1,,
151,16,5,86,1788,1,,
224,23,1,87,1789,1,,
368,447,4,8,1795,1,,
320,91,4,87,1808,1,,
6,1259,4,87,1815,1,,
362,2701,1,87,1823,1,,
478,1052,6,41,1832,1,,
460,724,2,86,1833,1,,
455,636,2,8,1842,1,,
234,131,11,41,1847,1,,
214,271,10,78,1855,1,,
446,3064,4,41,1859,1,,
369,372,4,86,1862,1,,
438,238,9,4,1872,1,,
438,-1,-1,-999,1872,2,v14_piggyback,1.0,1872,0
326,609,2,-10,1903,1,,
326,609,8,-52,1903,1,,
282,36,9,46,1908,1,,
105,3,8,4,1909,1,,
105,8,7,4,1909,1,,
105,115,7,4,1909,1,,
430,763,4,41,1919,1,,
430,808,3,4,1919,1,,
447,457,6,91,1931,1,,
447,481,9,-11,1931,1,,
447,3065,2,-90,1931,1,,
466,848,2,4,1931,1,,
466,851,6,4,1931,1,,
454,623,7,4,1941,1,,
283,20,9,62,1944,1,,
474,983,6,-10,1945,1,,
474,980,4,-10,1945,1,,
411,96,8,46,1955,1,,
437,174,10,89,1955,1,,
439,274,6,8,1959,1,,
439,261,4,78,1959,1,,
158,75,6,4,1965,1,,
413,134,5,4,1974,1,,
152,147,8,-52,1988,1,,
152,16,12,105,1988,1,,
265,90,10,-93,2004,1,,
289,20,4,-52,2014,1,,
289,229,7,-10,2014,1,,
273,275,8,-93,2018,1,,
409,74,4,4,2032,1,,
102,1270,8,-52,2033,1,,
102,8,6,105,2033,1,,
85,8,6,62,2042,1,,
85,9,4,107,2042,1,,
85,3,8,-93,2042,1,,
363,2704,3,81,2051,1,,
274,378,6,62,2051,1,,
199,1823,3,-52,2064,1,,
199,317,6,102,2064,1,,
59,7,8,100,2072,1,,
59,29,6,100,2072,1,,
327,645,8,-17,2076,1,,
374,895,3,4,2079,1,,
461,751,6,-93,2084,1,,
151,1556,9,-10,2088,1,,
136,1467,2,4,2091,1,,
458,698,8,-52,2100,1,,
115,1352,10,-93,2100,1,,
407,48,9,-10,2113,1,,
478,1052,7,4,2119,1,,
478,1056,8,4,2119,1,,
367,431,7,-10,2123,1,,
412,133,10,110,2139,1,,
412,-1,-1,-999,2139,2,v14_piggyback,10.0,2139,0
76,47,12,120,2140,1,,
446,454,3,81,2145,1,,
308,458,2,81,2149,1,,
0,1232,3,46,2151,1,,
0,1593,2,-93,2151,1,,
384,18,6,120,2166,1,,
378,1024,7,-10,2168,1,,
257,296,11,5,2174,1,,
1,51,8,117,2191,1,,
462,762,3,5,2193,1,,
408,40,10,118,2194,1,,
408,40,10,37,2194,1,,
414,134,10,5,2217,1,,
385,21,5,-10,2220,1,,
385,55,8,118,2220,1,,
460,739,7,-52,2231,1,,
454,607,7,19,2232,1,,
411,99,4,107,2233,1,,
411,99,7,90,2233,1,,
343,424,6,-10,2240,1,,
442,356,6,120,2250,1,,
472,943,6,90,2261,1,,
417,225,4,62,2271,1,,
450,531,6,105,2274,1,,
387,176,4,46,2280,1,,
439,273,3,53,2281,1,,
383,31,7,56,2284,1,,
128,116,2,5,2285,1,,
386,168,7,126,2292,1,,
229,1992,2,74,2295,1,,
298,15,5,-10,2297,1,,
198,81,3,62,2317,1,,
365,335,2,4,2320,1,,
2,30,4,-52,2325,1,,
256,259,4,-52,2337,1,,
421,368,4,-10,2352,1,,
419,267,2,46,2367,1,,
469,888,4,105,2368,1,,
453,585,1,29,2373,1,,
420,289,7,134,2380,1,,
299,15,1,4,2387,1,,
418,215,6,134,2392,1,,
466,853,4,134,2401,1,,
423,444,3,-52,2403,1,,
111,1330,7,96,2405,1,,
429,766,3,102,2413,1,,
60,7,4,96,2418,1,,
52,1477,2,62,2433,1,,
52,4,4,113,2433,1,,
468,879,3,105,2439,1,,
389,250,2,96,2447,1,,
441,343,2,103,2450,1,,
458,691,2,96,2455,1,,
483,1139,3,-10,2462,1,,
388,120,12,103,2469,1,,
248,2092,1,117,2474,1,,
454,602,3,-10,2480,1,,
476,1018,5,103,2484,1,,
392,266,5,133,2485,1,,
437,186,6,133,2495,1,,
462,783,8,37,2498,1,,
242,163,5,-61,2502,1,,
390,236,6,137,2504,1,,
393,326,11,121,2519,1,,
201,1832,2,-52,2526,1,,
351,2644,2,102,2531,1,,
413,2918,3,105,2539,1,,
413,-1,-1,-999,2539,2,v14_piggyback,3.0,2539,0
439,257,2,114,2542,1,,
439,253,10,132,2542,1,,
439,258,5,96,2542,1,,
442,363,8,113,2554,1,,
407,40,2,37,2555,1,,
394,456,10,-47,2556,1,,
124,1402,2,-61,2574,1,,
444,396,2,86,2579,1,,
445,429,2,-52,2583,1,,
396,600,8,-47,2593,1,,
472,3172,4,103,2595,1,,
391,208,10,92,2609,1,,
412,99,1,90,2609,1,,
375,969,7,92,2620,1,,
320,0,6,92,2629,1,,
0,3,9,149,2630,1,,
0,37,5,149,2630,1,,
453,585,4,118,2631,1,,
223,1955,2,56,2640,1,,
1,37,6,135,2653,1,,
1,30,9,135,2653,1,,
210,1880,1,-52,2656,1,,
42,1266,4,-47,2659,1,,
386,94,6,135,2664,1,,
467,3151,4,135,2674,1,,
352,592,4,145,2675,1,,
2,22,5,158,2696,1,,
411,101,8,143,2696,1,,
411,106,7,143,2696,1,,
455,636,1,37,2704,1,,
285,211,7,143,2709,1,,
261,327,6,158,2710,1,,
441,328,8,135,2728,1,,
224,271,8,115,2737,1,,
256,233,11,136,2741,1,,
486,1181,1,102,2760,1,,
446,437,1,37,2764,1,,
419,285,12,111,2768,1,,
225,83,7,152,2776,1,,
473,960,10,116,2782,1,,
368,447,11,109,2793,1,,
179,1716,8,152,2794,1,,
3,37,8,125,2804,1,,
3,22,9,111,2804,1,,
438,204,10,-85,2811,1,,
474,973,8,136,2816,1,,
475,1008,7,125,2827,1,,
427,622,6,101,2830,1,,
4,28,8,-85,2833,1,,
4,51,7,-85,2833,1,,
389,236,5,116,2835,1,,
321,0,8,101,2842,1,,
449,506,6,136,2844,1,,
358,11,9,-85,2848,1,,
8,1259,2,139,2859,1,,
392,309,9,143,2863,1,,
168,139,10,166,2873,1,,
157,65,10,-80,2887,1,,
283,77,7,109,2893,1,,
77,129,7,-68,2893,1,,
77,58,4,-68,2893,1,,
77,9,10,-68,2893,1,,
412,112,6,109,2915,1,,
412,122,9,-85,2915,1,,
288,211,6,-80,2927,1,,
338,100,8,-85,2929,1,,
107,1304,8,109,2943,1,,
439,251,7,103,2956,1,,
60,3,10,174,2957,1,,
60,7,4,174,2957,1,,
134,107,5,150,2963,1,,
134,107,11,169,2963,1,,
0,46,6,164,2968,1,,
481,1098,6,-80,2973,1,,
453,599,12,96,2974,1,,
453,-1,-1,-999,2974,2,v14_piggyback,4.0,2974,0
418,241,9,-68,2987,1,,
285,2,4,162,2994,1,,
285,20,12,162,2994,1,,
450,525,10,-68,3001,1,,
229,321,12,162,3011,1,,
282,27,5,136,3012,1,,
282,2276,3,-68,3012,1,,
362,121,11,162,3026,1,,
473,963,8,125,3037,1,,
388,188,6,-68,3047,1,,
441,328,8,109,3051,1,,
441,-1,-1,-999,3052,2,v14_piggyback,1.0,3051,1
1,37,9,162,3054,1,,
406,1129,6,174,3056,1,,
109,1,6,109,3063,1,,
452,561,8,174,3068,1,,
156,170,2,135,3074,1,,
156,1581,4,-85,3074,1,,
320,71,4,-80,3075,1,,
320,91,3,162,3075,1,,
154,1568,6,-68,3080,1,,
256,306,4,174,3095,1,,
485,1166,9,173,3107,1,,
475,993,7,109,3119,1,,
167,1647,2,129,3121,1,,
167,16,8,173,3121,1,,
446,445,6,101,3131,1,,
410,76,10,154,3135,1,,
409,74,6,109,3147,1,,
483,1130,6,-85,3159,1,,
413,122,8,173,3170,1,,
478,1070,6,-85,3170,1,,
280,2267,4,36,3171,1,,
182,1729,8,179,3181,1,,
420,2949,3,147,3182,1,,
420,302,2,-85,3182,1,,
321,71,6,173,3191,1,,
404,1035,10,183,3192,1,,
363,200,5,-85,3192,1,,
417,203,6,173,3204,1,,
2,30,8,188,3206,1,,
230,420,4,111,3213,1,,
305,212,4,111,3224,1,,
454,615,5,173,3224,1,,
364,254,3,125,3239,1,,
202,1838,2,125,3245,1,,
157,65,2,-68,3256,1,,
389,208,4,173,3257,1,,
467,856,4,-85,3258,1,,
128,116,5,129,3266,1,,
423,474,4,-85,3273,1,,
267,2197,4,-80,3278,1,,
318,2466,3,164,3294,1,,
444,396,1,36,3295,1,,
224,83,1,111,3299,1,,
384,18,3,135,3300,1,,
60,1799,2,165,3304,1,,
273,243,6,151,3313,1,,
414,143,4,179,3320,1,,
188,1758,3,135,3322,1,,
86,3058,3,149,3334,1,,
312,480,4,129,3334,1,,
485,1165,1,27,3349,1,,
485,1163,10,179,3349,1,,
446,453,6,173,3359,1,,
422,399,8,54,3359,1,,
299,57,7,193,3363,1,,
438,248,4,179,3366,1,,
475,993,4,36,3375,1,,
382,17,3,195,3383,1,,
84,2995,2,135,3395,1,,
84,7,6,97,3395,1,,
457,661,4,173,3396,1,,
0,37,4,97,3402,1,,
79,2722,4,173,3404,1,,
440,307,4,193,3410,1,,
424,479,6,97,3411,1,,
154,1569,2,50,3415,1,,
462,775,4,-80,3417,1,,
454,615,10,40,3431,1,,
383,17,4,186,3435,1,,
298,15,1,210,3442,1,,
320,71,2,97,3444,1,,
403,977,3,162,3448,1,,
450,525,2,-85,3465,1,,
437,179,3,179,3471,1,,
437,-1,-1,-999,3471,2,v14_piggyback,1.0,3471,0
409,76,12,146,3479,1,,
442,344,5,176,3487,1,,
300,15,9,146,3500,1,,
455,635,2,146,3505,1,,
416,189,4,-40,3512,1,,
293,569,2,179,3516,1,,
410,79,5,199,3521,1,,
410,-1,-1,-999,3521,2,v14_piggyback,1.0,3521,0
423,402,7,-16,3523,1,,
343,473,4,-16,3530,1,,
41,1237,2,54,3535,1,,
466,848,2,149,3539,1,,
76,47,4,148,3541,1,,
415,169,4,148,3549,1,,
168,1651,2,139,3553,1,,
173,1677,2,167,3559,1,,
321,61,12,9,3568,1,,
122,1391,1,40,3573,1,,
174,153,7,217,3581,1,,
326,645,5,9,3582,1,,
456,642,2,173,3587,1,,
338,109,6,9,3591,1,,
420,300,7,215,3609,1,,
259,2153,3,217,3617,1,,
118,1372,2,9,3631,1,,
408,68,10,215,3636,1,,
401,917,10,175,3641,1,,
457,664,12,-40,3659,1,,
422,402,9,9,3659,1,,
407,35,8,153,3664,1,,
454,607,1,135,3668,1,,
454,604,4,97,3668,1,,
162,126,8,175,3670,1,,
215,1906,2,9,3676,1,,
440,281,6,207,3682,1,,
440,295,5,176,3682,1,,
467,3152,1,173,3691,1,,
409,79,1,199,3692,1,,
409,86,1,167,3692,1,,
409,-1,-1,-999,3693,2,v14_piggyback,3.0,3692,1
82,2921,3,153,3698,1,,
163,10,8,225,3718,1,,
450,539,6,9,3718,1,,
202,1836,3,17,3724,1,,
40,5,4,222,3725,1,,
413,134,8,67,3740,1,,
198,81,12,196,3747,1,,
461,751,2,108,3751,1,,
327,530,9,189,3756,1,,
424,519,8,196,3763,1,,
229,1995,1,196,3767,1,,
122,1394,3,108,3781,1,,
339,100,8,67,3784,1,,
451,541,4,196,3789,1,,
128,39,7,67,3794,1,,
42,5,12,189,3811,1,,
52,4,12,218,3819,1,,
225,25,8,230,3819,1,,
175,1692,1,135,3822,1,,
175,14,7,189,3822,1,,
192,166,6,218,3828,1,,
282,2,6,218,3838,1,,
437,186,3,199,3846,1,,
214,301,6,67,3850,1,,
216,83,5,233,3858,1,,
288,677,6,190,3861,1,,
322,0,4,67,3874,1,,
117,1,12,14,3878,1,,
117,1364,5,14,3878,1,,
410,86,9,167,3886,1,,
456,654,11,94,3894,1,,
283,20,2,223,3904,1,,
283,461,9,191,3904,1,,
130,1435,8,-59,3905,1,,
364,254,8,224,3918,1,,
232,2010,6,95,3921,1,,
363,2704,2,191,3925,1,,
408,35,6,218,3936,1,,
408,-1,-1,-999,3936,2,v14_piggyback,8.0,3936,0
312,545,1,224,3941,1,,
454,602,10,67,3943,1,,
458,687,3,67,3949,1,,
457,660,6,196,3950,1,,
423,418,6,230,3959,1,,
162,1613,8,17,3971,1,,
407,40,5,233,3972,1,,
455,630,2,184,3980,1,,
441,340,5,197,3980,1,,
299,78,1,-85,3992,1,,
298,26,5,230,3992,1,,
412,122,6,14,4002,1,,
461,750,6,160,4014,1,,
284,20,4,197,4021,1,,
361,11,7,13,4025,1,,
361,69,5,13,4025,1,,
173,153,6,13,4036,1,,
358,12,12,141,4045,1,,
428,758,9,141,4058,1,,
459,701,6,13,4060,1,,
269,2207,3,13,4068,1,,
198,317,10,245,4072,1,,
439,268,3,14,4075,1,,
38,63,8,141,4091,1,,
338,109,9,245,4104,1,,
451,553,11,230,4118,1,,
451,543,8,14,4118,1,,
451,559,8,-59,4118,1,,
322,2486,4,184,4124,1,,
322,0,6,141,4124,1,,
263,440,8,250,4132,1,,
409,92,4,243,4141,1,,
482,1118,2,230,4156,1,,
76,24,10,250,4157,1,,
437,164,4,254,4165,1,,
163,126,7,232,4170,1,,
300,54,8,141,4172,1,,
301,57,8,204,4185,1,,
362,172,11,250,4187,1,,
411,106,12,248,4191,1,,
411,-1,-1,-999,4191,2,v14_piggyback,3.0,4191,0
392,415,2,14,4195,1,,
454,606,9,95,4198,1,,
456,641,7,14,4205,1,,
484,1152,8,204,4210,1,,
446,454,4,254,4212,1,,
77,4,12,99,4219,1,,
77,7,5,99,4219,1,,
77,129,6,99,4219,1,,
110,1323,2,-59,4226,1,,
42,82,4,178,4230,1,,
264,33,1,230,4240,1,,
97,1240,7,238,4240,1,,
97,58,7,247,4240,1,,
286,2299,2,248,4245,1,,
458,693,6,141,4254,1,,
407,66,12,13,4259,1,,
438,248,10,99,4276,1,,
348,2629,2,178,4279,1,,
408,40,7,204,4289,1,,
441,328,9,232,4304,1,,
363,69,10,238,4320,1,,
412,99,10,197,4330,1,,
412,111,7,249,4330,1,,
412,112,8,254,4330,1,,
323,0,8,99,4334,1,,
439,280,6,204,4341,1,,
439,-1,-1,-999,4341,2,v14_piggyback,4.0,4341,0
386,171,6,238,4345,1,,
409,68,5,261,4348,1,,
428,2981,2,200,4353,1,,
452,562,7,247,4358,1,,
0,22,8,262,4365,1,,
224,1967,4,250,4367,1,,
437,174,2,186,4369,1,,
413,114,11,271,4378,1,,
462,772,6,250,4379,1,,
300,2368,3,178,4384,1,,
265,33,12,-76,4394,1,,
423,474,3,247,4401,1,,
332,792,8,-76,4406,1,,
450,524,1,-76,4423,1,,
326,2508,3,99,4430,1,,
454,612,2,178,4433,1,,
414,134,8,142,4435,1,,
410,86,2,142,4440,1,,
457,675,10,142,4454,1,,
286,2300,2,200,4461,1,,
451,548,4,-76,4461,1,,
338,202,10,251,4475,1,,
333,780,6,251,4484,1,,
2,37,10,268,4484,1,,
364,254,5,172,4493,1,,
440,295,7,268,4495,1,,
384,53,3,172,4499,1,,
97,1241,7,1,4509,1,,
319,0,4,172,4516,1,,
383,34,5,251,4518,1,,
383,21,8,273,4518,1,,
312,483,12,270,4526,1,,
348,2629,2,219,4530,1,,
84,270,9,155,4546,1,,
19,1361,2,99,4551,1,,
3,30,4,209,4552,1,,
3,30,12,270,4552,1,,
261,2162,2,99,4556,1,,
482,1122,10,209,4566,1,,
76,24,7,256,4576,1,,
409,76,12,251,4577,1,,
310,2423,2,209,4582,1,,
310,366,10,205,4582,1,,
282,27,10,270,4597,1,,
452,575,9,187,4599,1,,
452,577,4,155,4599,1,,
180,104,2,99,4604,1,,
334,730,9,-99,4605,1,,
473,958,10,270,4611,1,,
412,114,11,-76,4620,1,,
389,245,10,205,4625,1,,
358,11,8,-99,4632,1,,
437,174,6,99,4640,1,,
437,164,4,128,4640,1,,
442,349,9,-99,4645,1,,
326,645,6,128,4650,1,,
382,17,9,-99,4657,1,,
413,135,5,278,4666,1,,
411,98,8,273,4677,1,,
339,136,4,265,4684,1,,
446,436,4,255,4692,1,,
410,92,10,209,4694,1,,
273,330,3,256,4694,1,,
450,524,3,99,4702,1,,
474,983,9,205,4707,1,,
433,3002,3,33,4718,1,,
418,235,9,220,4720,1,,
305,78,6,205,4732,1,,
305,256,2,242,4732,1,,
440,314,10,209,4750,1,,
440,288,4,285,4750,1,,
77,58,3,290,4758,1,,
77,58,8,161,4758,1,,
0,46,8,205,4762,1,,
457,667,7,251,4772,1,,
414,138,7,161,4773,1,,
486,1182,8,209,4774,1,,
352,589,2,128,4778,1,,
419,234,4,161,4785,1,,
390,242,6,295,4788,1,,
386,94,3,161,4793,1,,
306,361,6,285,4807,1,,
385,72,6,297,4817,1,,
434,990,8,275,4820,1,,
178,1705,1,-99,4824,1,,
334,2552,2,33,4829,1,,
459,721,8,297,4829,1,,
451,557,6,205,4838,1,,
359,49,6,209,4847,1,,
452,577,6,251,4853,1,,
162,14,6,297,4856,1,,
119,1377,8,-43,4865,1,,
462,762,6,297,4875,1,,
338,85,8,-43,4878,1,,
360,12,12,88,4895,1,,
348,589,5,220,4901,1,,
340,85,12,192,4911,1,,
158,65,11,302,4914,1,,
14,2499,4,11,4918,1,,
181,104,4,242,4922,1,,
445,417,3,295,4929,1,,
139,50,7,258,4939,1,,
121,1386,4,270,4940,1,,
473,970,4,282,4947,1,,
442,349,6,161,4948,1,,
442,-1,-1,-999,4949,2,v14_piggyback,1.0,4948,1
418,239,2,242,4953,1,,
387,168,8,192,4958,1,,
425,571,7,302,4959,1,,
341,287,10,88,4972,1,,
288,2,2,285,4972,1,,
283,128,5,302,4976,1,,
441,323,1,270,4986,1,,
453,586,5,302,4986,1,,
298,54,1,270,4990,1,,
422,407,5,297,5005,1,,
41,5,12,287,5006,1,,
42,1266,11,306,5038,1,,
479,1075,5,297,5039,1,,
482,1120,3,256,5044,1,,
215,83,4,192,5052,1,,
215,339,6,180,5052,1,,
419,235,10,297,5059,1,,
337,6,8,306,5070,1,,
358,2682,3,302,5072,1,,
382,18,8,66,5084,1,,
363,194,8,180,5095,1,,
289,77,4,305,5102,1,,
342,304,8,66,5107,1,,
339,85,3,258,5107,1,,
452,561,8,306,5119,1,,
452,-1,-1,-999,5119,2,v14_piggyback,2.0,5119,0
199,165,7,306,5129,1,,
458,681,2,258,5130,1,,
284,36,2,304,5132,1,,
284,2,3,304,5132,1,,
385,72,7,180,5143,1,,
443,382,8,304,5145,1,,
446,436,3,161,5150,1,,
359,12,2,214,5155,1,,
488,1212,2,155,5159,1,,
411,2908,3,-43,5160,1,,
411,93,4,192,5160,1,,
360,11,3,-12,5167,1,,
412,112,1,315,5170,1,,
399,2857,2,128,5170,1,,
361,60,4,315,5195,1,,
445,413,4,291,5203,1,,
275,2242,1,302,5203,1,,
474,971,7,66,5208,1,,
51,3,2,180,5217,1,,
51,4,3,66,5217,1,,
472,953,6,88,5227,1,,
342,2593,3,235,5234,1,,
298,2358,2,296,5237,1,,
432,936,4,11,5241,1,,
442,360,4,205,5244,1,,
165,1635,3,-43,5247,1,,
233,2013,4,192,5255,1,,
124,1403,3,180,5261,1,,
52,1491,6,201,5264,1,,
229,1993,2,66,5266,1,,
415,159,7,156,5275,1,,
415,161,2,156,5275,1,,
353,744,12,156,5292,1,,
273,275,10,156,5306,1,,
398,741,8,156,5318,1,,
224,214,6,156,5327,1,,
413,138,3,156,5332,1,,
421,329,2,306,5337,1,,
225,301,7,321,5343,1,,
102,1271,4,156,5350,1,,
178,1704,2,269,5353,1,,
355,774,12,59,5367,1,,
390,266,10,231,5369,1,,
274,278,5,274,5377,1,,
95,3,7,314,5388,1,,
95,1230,6,314,5388,1,,
392,462,6,269,5390,1,,
269,2210,2,66,5390,1,,
424,2966,2,88,5394,1,,
488,1212,2,-63,5395,1,,
488,1204,2,43,5395,1,,
179,1711,2,180,5404,1,,
276,2246,2,306,5422,1,,
429,818,2,180,5430,1,,
443,385,6,201,5434,1,,
443,385,8,-19,5434,1,,
443,370,10,-12,5434,1,,
443,365,4,201,5434,1,,
443,374,7,274,5434,1,,
422,387,9,231,5447,1,,
188,184,6,293,5447,1,,
27,1969,2,284,5451,1,,
449,506,4,264,5458,1,,
182,191,9,280,5461,1,,
77,58,3,284,5464,1,,
299,54,7,284,5474,1,,
408,68,2,192,5477,1,,
230,123,6,293,5486,1,,
445,421,10,269,5488,1,,
452,568,9,161,5489,1,,
253,2120,2,192,5496,1,,
442,364,4,302,5497,1,,
53,1501,4,59,5504,1,,
0,1593,2,314,5516,1,,
393,326,3,264,5536,1,,
1,9,10,334,5544,1,,
460,740,1,306,5546,1,,
446,436,1,156,5548,1,,
124,1406,3,314,5554,1,,
421,350,10,284,5556,1,,
38,63,11,332,5569,1,,
256,279,1,252,5572,1,,
215,181,10,332,5583,1,,
467,855,8,130,5588,1,,
363,200,8,322,5597,1,,
128,141,8,322,5610,1,,
257,221,6,130,5610,1,,
391,316,9,236,5616,1,,
274,434,7,130,5621,1,,
479,1071,9,144,5629,1,,
192,160,6,130,5630,1,,
68,2026,2,130,5635,1,,
388,80,3,131,5655,1,,
388,199,4,229,5655,1,,
388,132,6,246,5655,1,,
422,308,4,240,5659,1,,
280,470,8,236,5669,1,,
483,1130,8,216,5670,1,,
193,113,5,216,5679,1,,
203,1839,11,246,5687,1,,
216,83,12,338,5701,1,,
300,54,12,246,5706,1,,
308,458,2,341,5707,1,,
243,59,12,317,5718,1,,
94,1222,4,338,5732,1,,
94,13,6,337,5732,1,,
78,58,6,236,5739,1,,
78,62,12,246,5739,1,,
78,9,6,246,5739,1,,
384,52,10,246,5755,1,,
42,82,9,337,5757,1,,
42,9,10,317,5757,1,,
454,611,10,339,5762,1,,
110,1325,6,236,5771,1,,
110,13,4,246,5771,1,,
102,13,4,317,5778,1,,
102,1272,3,317,5778,1,,
102,8,6,-98,5778,1,,
258,471,10,308,5784,1,,
449,508,7,131,5789,1,,
449,504,4,131,5789,1,,
244,131,2,330,5795,1,,
244,59,10,266,5795,1,,
445,423,9,229,5804,1,,
337,6,9,337,5810,1,,
39,44,7,339,5815,1,,
460,725,6,177,5825,1,,
281,470,10,-98,5826,1,,
420,302,8,144,5839,1,,
114,1343,10,308,5839,1,,
477,1036,8,338,5840,1,,
385,53,8,316,5850,1,,
182,67,7,-98,5853,1,,
467,859,12,307,5858,1,,
417,225,7,332,5865,1,,
425,566,8,229,5869,1,,
306,376,5,308,5871,1,,
181,104,4,346,5878,1,,
264,33,5,182,5889,1,,
199,165,8,313,5898,1,,
301,152,7,182,5900,1,,
409,92,6,131,5907,1,,
359,11,6,332,5907,1,,
371,596,8,246,5919,1,,
241,284,6,-98,5928,1,,
469,903,6,-98,5938,1,,
483,1128,8,341,5949,1,,
483,1146,5,339,5949,1,,
483,1131,8,339,5949,1,,
483,1141,7,182,5949,1,,
10,1957,2,308,5961,1,,
451,557,6,246,5962,1,,
458,698,5,246,5970,1,,
224,1964,3,317,5977,1,,
465,828,6,246,5980,1,,
395,639,3,337,5983,1,,
265,90,1,333,5984,1,,
446,438,5,229,5988,1,,
405,2884,3,317,5989,1,,
286,2,4,246,5995,1,,
218,1927,3,266,6005,1,,
155,1577,3,322,6011,1,,
415,173,4,131,6026,1,,
290,336,4,144,6033,1,,
440,314,2,253,6034,1,,
11,1917,4,253,6044,1,,
393,2832,2,-98,6052,1,,
158,1588,3,337,6057,1,,
299,124,10,323,6063,1,,
472,940,4,246,6069,1,,
242,59,1,182,6070,1,,
416,189,4,241,6078,1,,
232,2006,3,131,6088,1,,
300,15,10,350,6099,1,,
156,1579,3,246,6101,1,,
386,132,6,350,6108,1,,
410,74,2,-98,6109,1,,
282,20,8,276,6120,1,,
64,1936,2,144,6127,1,,
396,639,4,279,6131,1,,
368,372,1,246,6134,1,,
384,53,10,276,6134,1,,
230,123,8,350,6146,1,,
469,889,10,185,6153,1,,
229,118,6,323,6155,1,,
483,1133,2,-98,6159,1,,
369,392,4,213,6187,1,,
0,19,2,300,6201,1,,
451,558,11,327,6208,1,,
409,70,6,342,6212,1,,
383,31,5,277,6219,1,,
383,1109,11,71,6219,1,,
394,514,12,311,6229,1,,
445,425,8,71,6231,1,,
224,1965,4,313,6234,1,,
465,822,1,203,6237,1,,
477,1036,6,311,6239,1,,
186,1751,8,239,6242,1,,
1,28,9,364,6252,1,,
415,169,12,350,6259,1,,
411,106,10,364,6277,1,,
440,307,8,323,6278,1,,
440,295,2,320,6278,1,,
366,357,8,326,6284,1,,
370,529,8,276,6289,1,,
458,695,5,326,6292,1,,
407,40,5,277,6301,1,,
50,88,6,365,6301,1,,
447,468,6,39,6310,1,,
437,180,6,71,6310,1,,
385,32,4,371,6320,1,,
367,357,11,272,6325,1,,
326,510,4,39,6331,1,,
466,849,8,272,6337,1,,
134,1456,4,320,6338,1,,
300,2369,2,331,6342,1,,
103,1277,8,24,6357,1,,
453,593,1,281,6358,1,,
262,2172,4,71,6363,1,,
124,1401,4,272,6364,1,,
410,74,8,300,6382,1,,
410,76,4,364,6382,1,,
410,87,6,364,6382,1,,
395,600,6,329,6392,1,,
109,1,6,24,6395,1,,
109,8,11,351,6395,1,,
306,361,4,362,6398,1,,
418,241,5,362,6407,1,,
457,659,4,276,6408,1,,
384,17,4,239,6415,1,,
451,548,2,317,6421,1,,
305,212,10,367,6421,1,,
468,880,3,277,6429,1,,
419,239,4,357,6433,1,,
320,213,3,323,6438,1,,
181,1726,3,323,6453,1,,
482,1119,11,194,6461,1,,
360,2691,2,323,6477,1,,
360,-1,-1,-999,6477,2,v14_piggyback,4.0,6477,0
411,96,9,362,6481,1,,
98,47,8,367,6488,1,,
98,13,5,194,6488,1,,
98,1245,8,194,6488,1,,
24,1646,1,323,6494,1,,
477,1031,11,39,6497,1,,
332,780,12,382,6505,1,,
368,337,10,194,6519,1,,
192,224,10,377,6520,1,,
389,2816,1,323,6523,1,,
424,2966,2,371,6528,1,,
102,1270,6,370,6534,1,,
102,8,5,382,6534,1,,
412,106,8,351,6552,1,,
412,122,5,382,6552,1,,
412,-1,-1,-999,6552,2,v14_piggyback,2.0,6552,0
169,139,11,381,6554,1,,
447,460,12,281,6563,1,,
447,476,8,329,6563,1,,
447,-1,-1,-999,6563,2,v14_piggyback,2.0,6563,0
448,499,7,352,6574,1,,
301,57,8,194,6575,1,,
301,152,10,383,6575,1,,
162,10,10,369,6580,1,,
425,550,10,194,6590,1,,
391,236,12,352,6593,1,,
465,828,10,24,6604,1,,
443,384,10,335,6608,1,,
151,16,9,227,6613,1,,
151,50,11,227,6613,1,,
396,619,10,335,6624,1,,
413,133,1,335,6630,1,,
191,1776,3,335,6637,1,,
287,2302,3,24,6638,1,,
287,2,6,383,6638,1,,
385,55,2,335,6644,1,,
380,2775,3,24,6651,1,,
380,991,6,168,6651,1,,
108,45,6,227,6652,1,,
108,13,6,348,6652,1,,
359,12,8,227,6676,1,,
359,49,10,348,6676,1,,
322,196,7,227,6690,1,,
322,2484,3,348,6690,1,,
163,10,8,348,6702,1,,
1,46,8,370,6710,1,,
451,548,10,352,6716,1,,
97,1244,1,318,6722,1,,
411,106,9,383,6723,1,,
56,1659,3,369,6725,1,,
56,63,4,227,6725,1,,
290,2319,3,370,6741,1,,
290,128,10,325,6741,1,,
77,7,8,347,6742,1,,
77,47,5,347,6742,1,,
323,0,12,324,6746,1,,
323,-1,-1,-999,6746,2,v14_piggyback,20.0,6746,0
466,840,8,24,6753,1,,
115,1348,4,351,6765,1,,
115,177,4,382,6765,1,,
383,21,3,369,6766,1,,
383,2789,4,369,6766,1,,
361,69,6,383,6774,1,,
146,43,1,348,6778,1,,
146,1526,7,303,6778,1,,
386,72,8,347,6785,1,,
93,13,8,303,6799,1,,
324,0,8,303,6812,1,,
324,-1,-1,-999,6813,2,v14_piggyback,3.0,6812,1
145,1521,5,24,6818,1,,
390,247,7,400,6820,1,,
424,519,9,168,6831,1,,
199,81,6,347,6835,1,,
111,1330,6,383,6841,1,,
271,230,3,325,6852,1,,
450,535,7,303,6853,1,,
143,1511,4,168,6862,1,,
448,498,6,181,6863,1,,
448,494,5,122,6863,1,,
448,494,7,345,6863,1,,
415,182,7,345,6876,1,,
387,120,6,348,6878,1,,
460,724,4,345,6885,1,,
189,67,4,227,6889,1,,
189,1766,2,348,6889,1,,
283,2,6,400,6896,1,,
479,1083,6,348,6904,1,,
200,144,8,319,6911,1,,
256,233,4,369,6914,1,,
483,1141,4,347,6920,1,,
444,409,3,383,6925,1,,
265,923,2,381,6941,1,,
265,2189,2,227,6941,1,,
374,846,5,319,6942,1,,
457,3109,2,194,6949,1,,
457,660,1,194,6949,1,,
322,0,4,347,6951,1,,
417,219,2,194,6963,1,,
234,131,3,168,6968,1,,
261,327,10,414,6969,1,,
384,17,2,382,6973,1,,
360,11,8,409,6985,1,,
153,1566,9,414,6985,1,,
128,614,3,347,6985,1,,
241,2055,2,347,6993,1,,
264,103,6,310,7004,1,,
264,33,8,310,7004,1,,
363,121,8,310,7018,1,,
451,554,8,323,7026,1,,
191,1776,2,318,7033,1,,
298,15,4,227,7035,1,,
182,191,6,414,7047,1,,
407,1208,6,390,7047,1,,
238,157,8,374,7052,1,,
418,225,6,310,7057,1,,
229,123,4,348,7066,1,,
76,47,4,403,7068,1,,
409,79,2,168,7070,1,,
409,84,6,310,7070,1,,
440,292,2,369,7077,1,,
371,650,8,404,7090,1,,
411,105,3,381,7092,1,,
469,886,4,369,7102,1,,
369,447,10,403,7104,1,,
291,563,3,404,7109,1,,
468,879,3,381,7110,1,,
292,563,3,359,7133,1,,
292,291,10,359,7133,1,,
385,53,4,373,7136,1,,
361,60,1,400,7136,1,,
179,294,4,359,7144,1,,
459,721,6,373,7146,1,,
410,86,6,373,7155,1,,
323,2491,4,370,7162,1,,
454,602,2,303,7168,1,,
130,1435,2,194,7189,1,,
457,667,6,359,7191,1,,
161,1606,4,356,7195,1,,
311,2426,1,227,7198,1,,
462,769,1,359,7199,1,,
408,56,6,356,7205,1,,
200,1824,4,303,7213,1,,
372,723,11,405,7223,1,,
447,481,2,382,7228,1,,
18,1311,2,310,7235,1,,
305,346,3,406,7240,1,,
139,43,10,405,7245,1,,
199,165,4,408,7249,1,,
470,913,2,408,7256,1,,
412,122,1,382,7275,1,,
366,338,10,405,7277,1,,
432,931,7,420,7290,1,,
370,591,10,98,7291,1,,
201,260,10,288,7305,1,,
128,116,10,385,7305,1,,
160,1602,1,288,7310,1,,
407,1151,8,420,7325,1,,
407,1129,6,420,7325,1,,
162,126,8,405,7331,1,,
162,75,12,402,7331,1,,
345,2611,3,288,7332,1,,
417,232,2,420,7340,1,,
439,265,5,288,7343,1,,
266,33,8,402,7350,1,,
411,108,9,420,7355,1,,
264,496,10,421,7366,1,,
431,893,1,119,7367,1,,
431,887,7,372,7367,1,,
59,1755,1,420,7370,1,,
285,36,10,421,7380,1,,
207,1862,2,372,7384,1,,
344,424,10,138,7397,1,,
388,198,4,410,7397,1,,
379,2771,1,138,7402,1,,
438,218,1,138,7411,1,,
140,43,8,421,7416,1,,
451,554,8,347,7428,1,,
92,3245,2,49,7429,1,,
410,93,3,432,7430,1,,
440,290,8,385,7440,1,,
457,667,7,98,7450,1,,
457,-1,-1,-999,7451,2,v14_piggyback,7.0,7450,1
40,44,7,422,7459,1,,
397,643,6,385,7463,1,,
449,512,5,343,7471,1,,
343,534,10,170,7475,1,,
415,182,6,98,7486,1,,
452,577,6,422,7487,1,,
421,341,5,170,7490,1,,
408,48,6,343,7506,1,,
320,91,6,98,7513,1,,
432,901,9,410,7519,1,,
454,624,9,431,7522,1,,
448,487,2,170,7528,1,,
347,551,5,98,7539,1,,
1,22,10,418,7546,1,,
416,187,4,422,7553,1,,
290,412,10,123,7554,1,,
164,10,1,385,7561,1,,
164,10,4,421,7561,1,,
201,1830,3,49,7562,1,,
296,2349,2,416,7569,1,,
450,531,6,402,7570,1,,
433,916,12,389,7571,1,,
128,115,4,437,7591,1,,
439,253,12,389,7593,1,,
341,304,5,123,7593,1,,
341,2590,2,123,7593,1,,
182,1728,2,422,7608,1,,
182,104,9,163,7608,1,,
199,81,10,123,7610,1,,
200,1827,3,375,7618,1,,
291,336,7,445,7621,1,,
256,587,2,421,7631,1,,
183,67,7,429,7637,1,,
435,3012,2,437,7642,1,,
129,1,2,447,7646,1,,
139,43,1,439,7649,1,,
438,248,4,416,7661,1,,
438,-1,-1,-999,7661,2,v14_piggyback,4.0,7661,0
386,146,7,163,7670,1,,
344,538,6,418,7685,1,,
470,914,3,202,7690,1,,
257,411,1,416,7693,1,,
384,31,6,389,7694,1,,
449,500,6,163,7704,1,,
305,256,4,163,7710,1,,
426,550,11,387,7713,1,,
215,83,5,429,7718,1,,
338,6,10,387,7727,1,,
425,536,5,419,7736,1,,
274,378,3,163,7738,1,,
85,8,5,454,7754,1,,
448,489,7,123,7757,1,,
431,892,4,418,7757,1,,
411,111,8,454,7766,1,,
292,563,3,387,7771,1,,
292,336,7,212,7771,1,,
300,57,8,401,7777,1,,
149,1544,2,401,7782,1,,
293,569,2,454,7786,1,,
418,2941,3,387,7794,1,,
0,2609,2,429,7796,1,,
135,107,7,454,7797,1,,
273,278,4,212,7801,1,,
350,700,3,163,7807,1,,
450,526,10,401,7819,1,,
276,278,12,438,7832,1,,
415,158,2,422,7848,1,,
482,3219,2,429,7855,1,,
446,450,8,428,7860,1,,
173,1680,3,419,7865,1,,
440,295,6,104,7870,1,,
440,-1,-1,-999,7870,2,v14_piggyback,6.0,7870,0
410,97,7,455,7880,1,,
277,243,8,361,7892,1,,
86,24,4,104,7894,1,,
86,8,6,443,7894,1,,
351,589,12,360,7895,1,,
183,1734,3,198,7901,1,,
320,0,1,410,7904,1,,
275,243,12,426,7909,1,,
205,1852,2,418,7909,1,,
286,2299,2,429,7913,1,,
374,834,7,361,7919,1,,
394,528,3,212,7925,1,,
291,563,1,429,7928,1,,
1,28,2,387,7929,1,,
139,1490,7,104,7942,1,,
139,703,4,428,7942,1,,
162,10,2,361,7945,1,,
414,158,2,443,7946,1,,
480,1096,8,443,7958,1,,
392,456,8,452,7963,1,,
460,727,6,104,7977,1,,
157,1583,2,104,7982,1,,
258,2148,2,448,7996,1,,
311,2428,2,361,8000,1,,
393,472,3,440,8006,1,,
315,2449,2,212,8018,1,,
153,16,12,465,8023,1,,
438,3027,1,390,8024,1,,
438,249,2,163,8024,1,,
256,411,4,465,8040,1,,
299,15,2,336,8051,1,,
321,0,2,426,8053,1,,
352,678,5,336,8061,1,,
457,660,2,354,8066,1,,
413,135,12,468,8071,1,,
338,287,4,465,8078,1,,
199,149,11,464,8079,1,,
135,1466,2,51,8090,1,,
135,116,6,468,8090,1,,
284,77,10,392,8093,1,,
128,1,1,419,8098,1,,
288,128,8,244,8111,1,,
412,122,6,464,8122,1,,
432,931,6,417,8128,1,,
322,91,7,244,8135,1,,
322,-1,-1,-999,8135,2,v14_piggyback,6.0,8135,0
313,712,5,442,8143,1,,
415,155,8,448,8145,1,,
488,1203,7,244,8147,1,,
339,100,3,442,8149,1,,
101,1265,3,468,8151,1,,
447,468,7,226,8159,1,,
123,1,2,392,8164,1,,
123,1400,8,206,8164,1,,
323,61,4,206,8173,1,,
468,882,7,263,8180,1,,
298,2360,2,468,8184,1,,
257,411,6,226,8187,1,,
320,61,6,226,8204,1,,
364,322,5,263,8207,1,,
40,29,8,427,8220,1,,
40,9,4,349,8220,1,,
394,352,9,226,8233,1,,
414,145,11,417,8252,1,,
414,154,9,263,8252,1,,
262,296,3,427,8258,1,,
262,383,8,349,8258,1,,
262,327,8,444,8258,1,,
134,130,6,480,8262,1,,
440,292,8,443,8273,1,,
133,703,2,353,8281,1,,
133,1,10,294,8281,1,,
463,793,5,380,8283,1,,
211,1885,2,448,8287,1,,
444,388,9,294,8296,1,,
314,564,8,444,8298,1,,
135,1461,4,263,8312,1,,
471,928,10,349,8312,1,,
389,210,10,294,8313,1,,
285,77,8,294,8326,1,,
325,61,8,427,8338,1,,
462,769,4,392,8345,1,,
462,772,8,481,8345,1,,
443,370,8,459,8350,1,,
443,-1,-1,-999,8350,2,v14_piggyback,5.0,8350,0
424,532,2,480,8354,1,,
324,0,8,294,8359,1,,
409,70,6,294,8370,1,,
392,352,9,483,8377,1,,
63,1873,4,206,8380,1,,
446,438,2,480,8384,1,,
174,1685,2,468,8388,1,,
407,56,4,392,8389,1,,
284,2289,4,206,8398,1,,
136,1474,7,459,8399,1,,
445,426,4,392,8407,1,,
466,840,5,226,8428,1,,
470,3161,1,98,8432,1,,
457,667,1,98,8440,1,,
128,39,1,477,8444,1,,
0,3,4,444,8444,1,,
447,468,7,459,8467,1,,
241,284,7,424,8468,1,,
423,444,6,226,8476,1,,
421,341,7,444,8487,1,,
322,2485,2,294,8488,1,,
322,0,5,481,8488,1,,
134,1456,11,380,8502,1,,
384,32,4,427,8508,1,,
432,3001,3,444,8514,1,,
488,1212,4,394,8514,1,,
488,1214,11,353,8514,1,,
282,2277,2,171,8521,1,,
385,52,3,353,8522,1,,
431,2996,3,444,8526,1,,
463,796,3,106,8527,1,,
456,642,2,481,8529,1,,
387,176,3,451,8552,1,,
229,400,5,466,8553,1,,
471,925,9,171,8555,1,,
471,-1,-1,-999,8555,2,v14_piggyback,4.0,8555,0
450,535,2,294,8559,1,,
416,161,2,244,8566,1,,
256,259,6,476,8579,1,,
444,403,12,481,8585,1,,
444,-1,-1,-999,8585,2,v14_piggyback,6.0,8585,0
159,269,8,476,8591,1,,
1,3,9,501,8608,1,,
383,17,6,495,8612,1,,
445,413,7,412,8626,1,,
53,4,6,476,8627,1,,
473,970,10,460,8639,1,,
473,-1,-1,-999,8639,2,v14_piggyback,1.0,8639,0
438,3028,2,419,8644,1,,
446,442,5,477,8645,1,,
446,441,8,424,8645,1,,
135,147,6,460,8653,1,,
40,29,9,498,8658,1,,
257,306,3,501,8664,1,,
422,358,6,411,8664,1,,
156,1578,4,411,8671,1,,
2,28,8,498,8675,1,,
484,1149,6,358,8683,1,,
468,870,6,484,8685,1,,
423,402,6,358,8698,1,,
457,661,4,349,8704,1,,
340,304,6,473,8705,1,,
441,332,6,257,8715,1,,
353,774,8,489,8723,1,,
166,10,4,257,8748,1,,
166,10,8,-82,8748,1,,
166,1636,8,-82,8748,1,,
94,13,8,502,8773,1,,
93,13,6,473,8784,1,,
0,19,6,489,8790,1,,
0,37,9,378,8790,1,,
95,13,4,457,8793,1,,
414,135,10,378,8804,1,,
384,42,12,460,8805,1,,
456,653,9,344,8808,1,,
288,2,6,378,8813,1,,
392,415,7,-82,8816,1,,
413,148,6,457,8820,1,,
119,1373,6,484,8822,1,,
410,97,4,378,8829,1,,
461,751,8,457,8834,1,,
408,35,10,-82,8843,1,,
408,-1,-1,-999,8844,2,v14_piggyback,5.0,8843,1
417,215,9,309,8849,1,,
409,70,8,504,8850,1,,
411,98,6,510,8859,1,,
15,3,6,309,8864,1,,
15,3233,3,309,8864,1,,
421,387,6,-82,8880,1,,
475,1010,12,309,8882,1,,
304,2389,1,309,8888,1,,
447,457,5,460,8889,1,,
163,14,7,497,8919,1,,
446,442,8,498,8922,1,,
446,443,6,484,8922,1,,
438,237,6,-82,8929,1,,
412,99,12,482,8938,1,,
182,67,8,497,8940,1,,
383,21,7,482,8949,1,,
445,426,1,423,8955,1,,
445,425,9,474,8955,1,,
445,429,2,457,8955,1,,
445,429,2,309,8955,1,,
445,-1,-1,-999,8955,2,v14_piggyback,4.0,8955,0
189,1767,4,482,8956,1,,
418,219,2,487,8958,1,,
418,219,4,-82,8958,1,,
393,352,5,487,8972,1,,
448,497,2,378,8978,1,,
444,394,8,473,8983,1,,
484,1150,11,511,8989,1,,
340,2581,2,384,8990,1,,
439,257,3,476,8991,1,,
416,195,8,340,9004,1,,
458,682,6,497,9007,1,,
177,1698,2,378,9007,1,,
299,15,6,340,9015,1,,
441,320,6,-82,9044,1,,
403,964,2,489,9052,1,,
473,960,8,257,9058,1,,
414,145,8,482,9068,1,,
427,683,4,340,9068,1,,
361,2697,4,340,9077,1,,
413,133,8,461,9080,1,,
363,254,4,340,9087,1,,
138,1483,3,-82,9091,1,,
401,811,8,461,9091,1,,
461,748,8,309,9106,1,,
407,56,3,471,9110,1,,
456,644,5,457,9117,1,,
386,72,11,494,9121,1,,
127,1420,8,461,9133,1,,
417,226,12,500,9142,1,,
183,67,10,494,9147,1,,
40,5,2,257,9149,1,,
242,2063,2,460,9156,1,,
164,14,6,499,9156,1,,
475,1010,6,489,9157,1,,
475,-1,-1,-999,9157,2,v14_piggyback,1.0,9157,0
455,636,5,395,9174,1,,
443,379,6,461,9179,1,,
147,1532,11,35,9194,1,,
365,172,10,395,9199,1,,
365,254,7,499,9199,1,,
367,2720,2,257,9201,1,,
0,22,1,520,9207,1,,
123,1396,4,499,9208,1,,
50,1427,2,499,9215,1,,
157,65,4,449,9219,1,,
273,243,4,461,9226,1,,
418,203,9,35,9227,1,,
418,-1,-1,-999,9227,2,v14_piggyback,2.0,9227,0
128,141,6,515,9238,1,,
452,568,4,449,9264,1,,
464,810,11,328,9270,1,,
99,1255,4,449,9277,1,,
129,45,9,514,9279,1,,
243,59,7,328,9283,1,,
177,1702,3,449,9287,1,,
413,143,6,513,9302,1,,
379,1041,8,35,9305,1,,
410,70,2,504,9316,1,,
142,89,8,514,9328,1,,
142,1503,10,514,9328,1,,
205,1850,2,494,9338,1,,
445,423,7,395,9341,1,,
444,394,2,482,9343,1,,
77,47,5,512,9343,1,,
77,4,6,509,9343,1,,
77,3,8,509,9343,1,,
416,167,2,508,9347,1,,
200,149,10,509,9360,1,,
131,39,6,516,9362,1,,
415,167,2,515,9364,1,,
385,55,10,433,9376,1,,
127,1421,12,366,9380,1,,
419,241,11,516,9383,1,,
215,23,8,509,9390,1,,
364,322,6,516,9428,1,,
199,223,7,492,9428,1,,
241,2055,3,516,9449,1,,
241,-1,-1,-999,9449,2,v14_piggyback,2.0,9449,0
239,157,7,492,9454,1,,
386,94,2,516,9455,1,,
438,249,1,449,9457,1,,
288,2,3,522,9464,1,,
420,263,8,397,9469,1,,
229,276,11,518,9472,1,,
452,574,10,522,9479,1,,
414,145,1,516,9487,1,,
414,137,5,397,9487,1,,
392,352,6,509,9490,1,,
86,347,2,393,9500,1,,
86,24,7,393,9500,1,,
440,311,6,492,9502,1,,
455,636,4,301,9503,1,,
400,773,6,492,9513,1,,
201,223,9,393,9513,1,,
436,1142,7,531,9526,1,,
99,1250,10,75,9527,1,,
407,56,8,393,9548,1,,
126,1,11,391,9551,1,,
126,116,10,391,9551,1,,
458,693,6,35,9581,1,,
202,1837,2,391,9582,1,,
202,149,8,542,9582,1,,
282,434,4,505,9587,1,,
282,677,12,505,9587,1,,
464,819,5,531,9593,1,,
114,39,4,393,9603,1,,
114,115,7,505,9603,1,,
387,120,6,391,9617,1,,
387,55,9,542,9617,1,,
387,171,10,542,9617,1,,
418,235,10,509,9619,1,,
418,226,8,433,9619,1,,
338,136,10,488,9625,1,,
445,432,5,531,9630,1,,
389,264,9,542,9632,1,,
203,165,9,488,9638,1,,
109,110,4,433,9639,1,,
231,123,8,542,9646,1,,
441,320,4,328,9648,1,,
242,163,7,505,9654,1,,
242,64,5,479,9654,1,,
142,1506,8,508,9660,1,,
410,86,3,391,9676,1,,
410,93,7,542,9676,1,,
286,77,3,488,9677,1,,
286,77,10,479,9677,1,,
286,20,4,488,9677,1,,
424,532,4,433,9677,1,,
421,303,8,391,9690,1,,
2,22,8,557,9696,1,,
2,28,5,355,9696,1,,
437,186,7,391,9703,1,,
413,145,7,516,9715,1,,
386,80,6,505,9717,1,,
386,127,3,479,9717,1,,
435,1114,4,475,9721,1,,
0,46,3,512,9735,1,,
388,188,12,543,9738,1,,
283,2,8,355,9741,1,,
384,21,3,531,9749,1,,
362,156,4,509,9759,1,,
1,41,11,549,9761,1,,
409,86,2,391,9770,1,,
409,92,6,543,9770,1,,
452,560,7,557,9771,1,,
264,183,6,549,9780,1,,
185,1745,3,328,9781,1,,
128,110,6,542,9782,1,,
408,68,6,488,9790,1,,
158,151,6,393,9799,1,,
53,4,6,391,9799,1,,
440,281,6,479,9809,1,,
459,708,4,397,9816,1,,
114,1342,8,493,9821,1,,
481,1098,5,391,9827,1,,
54,4,12,563,9851,1,,
54,5,5,563,9851,1,,
312,527,4,355,9868,1,,
387,168,12,563,9873,1,,
145,1524,5,355,9876,1,,
383,17,9,563,9888,1,,
383,-1,-1,-999,9888,2,v14_piggyback,8.0,9888,0
229,95,4,393,9889,1,,
120,1380,4,532,9895,1,,
129,89,8,563,9902,1,,
109,1318,9,545,9911,1,,
380,1020,4,505,9914,1,,
445,428,7,555,9915,1,,
192,67,6,556,9922,1,,
363,156,10,532,9938,1,,
174,1684,4,555,9940,1,,
441,331,6,554,9950,1,,
197,1811,1,368,9955,1,,
306,393,3,486,9963,1,,
412,2912,3,393,9968,1,,
467,855,8,446,9969,1,,
173,1679,2,397,9971,1,,
173,10,10,567,9971,1,,
385,34,6,532,9981,1,,
159,50,10,578,9989,1,,
159,151,5,578,9989,1,,
407,66,4,532,9990,1,,
386,53,4,567,9996,1,,
449,513,10,453,10006,1,,
413,125,8,562,10012,1,,
162,126,4,578,10019,1,,
2,3,9,453,10027,1,,
55,1614,4,267,10028,1,,
322,0,6,578,10028,1,,
322,-1,-1,-999,10028,2,v14_piggyback,5.0,10028,0
438,238,4,391,10045,1,,
457,665,2,562,10045,1,,
365,2712,3,211,10053,1,,
450,533,7,562,10058,1,,
425,571,3,391,10064,1,,
419,272,2,488,10096,1,,
275,2239,2,493,10101,1,,
323,0,2,391,10107,1,,
161,1606,2,542,10118,1,,
139,170,8,592,10119,1,,
175,153,9,453,10127,1,,
109,1317,2,397,10148,1,,
160,192,5,544,10149,1,,
179,294,5,524,10159,1,,
179,10,7,524,10159,1,,
179,126,11,524,10159,1,,
411,108,6,544,10167,1,,
411,97,7,544,10167,1,,
418,241,4,593,10174,1,,
440,281,11,540,10177,1,,
440,-1,-1,-999,10177,2,v14_piggyback,5.0,10177,0
130,1,10,591,10178,1,,
27,30,12,524,10198,1,,
27,1802,2,524,10198,1,,
246,2081,3,593,10205,1,,
129,1,10,524,10214,1,,
364,200,4,453,10234,1,,
364,172,9,524,10234,1,,
274,230,9,570,10236,1,,
274,275,10,570,10236,1,,
153,1567,2,544,10241,1,,
394,478,9,503,10249,1,,
128,110,8,594,10253,1,,
472,940,8,524,10262,1,,
61,7,8,594,10265,1,,
422,414,4,570,10266,1,,
181,104,8,503,10276,1,,
410,96,4,602,10280,1,,
410,96,6,523,10280,1,,
78,4,12,587,10281,1,,
438,238,4,585,10291,1,,
140,43,9,600,10293,1,,
467,869,6,368,10300,1,,
467,862,10,453,10300,1,,
445,416,10,523,10307,1,,
441,320,10,540,10316,1,,
441,-1,-1,-999,10316,2,v14_piggyback,6.0,10316,0
283,2,4,587,10329,1,,
159,16,12,568,10343,1,,
159,151,3,568,10343,1,,
40,44,9,580,10349,1,,
192,113,4,587,10356,1,,
320,61,1,575,10359,1,,
458,684,2,580,10364,1,,
242,59,3,575,10370,1,,
450,531,8,560,10372,1,,
450,539,6,544,10372,1,,
450,-1,-1,-999,10373,2,v14_piggyback,5.0,10372,1
449,500,2,529,10381,1,,
449,513,9,524,10381,1,,
449,-1,-1,-999,10382,2,v14_piggyback,2.0,10381,1
0,41,9,568,10385,1,,
384,17,6,532,10393,1,,
417,222,9,568,10403,1,,
412,125,6,524,10404,1,,
241,284,10,601,10423,1,,
109,1318,9,446,10430,1,,
439,268,8,537,10439,1,,
389,208,4,503,10439,1,,
442,356,3,524,10447,1,,
369,447,9,568,10452,1,,
247,2086,3,524,10455,1,,
452,574,10,-65,10470,1,,
452,-1,-1,-999,10470,2,v14_piggyback,7.0,10470,0
408,56,8,568,10471,1,,
421,341,6,602,10483,1,,
306,361,8,601,10484,1,,
243,318,8,-65,10499,1,,
292,2328,2,453,10504,1,,
378,1047,2,540,10513,1,,
160,1603,4,523,10520,1,,
291,404,9,564,10529,1,,
182,104,10,435,10530,1,,
162,10,5,597,10530,1,,
66,1943,1,524,10543,1,,
348,694,8,-65,10550,1,,
197,1809,4,568,10561,1,,
438,216,6,575,10569,1,,
438,216,8,601,10569,1,,
438,-1,-1,-999,10569,2,v14_piggyback,2.0,10569,0
347,551,10,472,10583,1,,
105,1289,4,568,10585,1,,
440,307,11,435,10599,1,,
418,239,7,435,10612,1,,
1,3,8,611,10613,1,,
65,1938,2,159,10621,1,,
473,959,7,601,10624,1,,
152,1558,4,568,10631,1,,
325,2504,2,568,10638,1,,
443,370,4,571,10642,1,,
445,429,1,532,10647,1,,
271,2222,1,537,10648,1,,
294,2337,2,570,10655,1,,
441,320,1,540,10666,1,,
130,1435,6,469,10673,1,,
247,2088,4,376,10675,1,,
199,317,6,601,10684,1,,
439,274,5,597,10695,1,,
338,136,1,552,10699,1,,
192,184,6,610,10707,1,,
307,256,6,-65,10707,1,,
265,183,3,450,10715,1,,
40,44,4,601,10716,1,,
442,354,12,571,10719,1,,
143,1512,4,601,10725,1,,
179,1711,4,580,10734,1,,
450,531,2,560,10749,1,,
450,539,6,537,10749,1,,
483,1130,4,601,10753,1,,
458,684,4,-65,10762,1,,
266,183,7,-45,10774,1,,
355,876,4,536,10783,1,,
467,855,4,601,10784,1,,
467,-1,-1,-999,10784,2,v14_piggyback,2.0,10784,0
451,541,3,536,10791,1,,
282,38,4,619,10793,1,,
129,39,7,619,10806,1,,
251,284,9,124,10807,1,,
465,830,10,237,10826,1,,
339,6,12,124,10828,1,,
339,109,2,124,10828,1,,
388,199,9,467,10834,1,,
325,2502,3,525,10838,1,,
264,103,8,124,10842,1,,
322,389,8,237,10851,1,,
420,246,3,124,10856,1,,
420,293,5,124,10856,1,,
441,342,10,570,10868,1,,
441,332,2,237,10868,1,,
166,1638,3,601,10870,1,,
166,10,6,467,10870,1,,
466,853,8,573,10879,1,,
443,375,12,552,10884,1,,
443,385,8,-45,10884,1,,
460,734,3,573,10885,1,,
445,429,3,568,10900,1,,
445,419,8,237,10900,1,,
370,435,8,124,10905,1,,
370,529,6,260,10905,1,,
128,89,3,573,10909,1,,
161,1612,3,496,10915,1,,
389,210,7,573,10920,1,,
479,1084,11,260,10923,1,,
174,1682,2,472,10934,1,,
391,242,7,259,10951,1,,
391,242,10,628,10951,1,,
164,10,10,599,10958,1,,
390,208,6,579,10960,1,,
2,37,6,599,10970,1,,
440,311,7,124,10971,1,,
267,90,4,599,10979,1,,
291,485,3,472,10987,1,,
290,336,3,599,10995,1,,
369,351,9,547,10997,1,,
369,452,11,633,10997,1,,
483,1139,8,467,11009,1,,
256,306,2,599,11016,1,,
323,0,12,259,11023,1,,
323,-1,-1,-999,11023,2,v14_piggyback,6.0,11023,0
145,345,2,638,11030,1,,
442,359,5,536,11035,1,,
442,348,5,260,11035,1,,
442,355,8,260,11035,1,,
442,344,12,547,11035,1,,
241,276,4,259,11041,1,,
241,284,6,259,11041,1,,
419,267,8,260,11050,1,,
1,22,9,635,11054,1,,
242,59,7,260,11063,1,,
407,48,2,599,11065,1,,
139,50,6,124,11075,1,,
437,164,6,124,11086,1,,
437,-1,-1,-999,11086,2,v14_piggyback,1.0,11086,0
96,8,2,624,11089,1,,
96,1235,9,624,11089,1,,
282,677,6,124,11098,1,,
99,1252,4,628,11105,1,,
99,8,8,645,11105,1,,
413,142,6,547,11109,1,,
120,1381,3,628,11113,1,,
120,110,2,259,11113,1,,
449,513,7,624,11125,1,,
338,6,5,259,11137,1,,
441,320,8,615,11138,1,,
441,332,7,-45,11138,1,,
257,587,8,527,11138,1,,
457,667,5,124,11148,1,,
445,419,5,-65,11149,1,,
215,23,4,635,11153,1,,
484,1159,3,259,11159,1,,
486,1181,2,259,11164,1,,
225,23,10,621,11184,1,,
243,193,2,527,11191,1,,
305,212,1,614,11196,1,,
224,240,1,601,11202,1,,
474,971,5,260,11202,1,,
226,25,12,653,11220,1,,
304,2393,2,621,11227,1,,
416,159,4,260,11229,1,,
298,54,11,572,11245,1,,
467,855,1,601,11250,1,,
390,264,8,635,11257,1,,
390,210,9,624,11257,1,,
415,173,7,607,11259,1,,
240,2048,2,259,11262,1,,
417,203,2,547,11266,1,,
241,284,2,478,11280,1,,
460,726,3,547,11290,1,,
314,2446,2,579,11296,1,,
256,383,9,629,11297,1,,
391,2822,2,547,11297,1,,
392,449,2,124,11304,1,,
443,386,6,643,11309,1,,
42,1238,2,260,11311,1,,
389,247,5,643,11321,1,,
222,1954,2,260,11333,1,,
96,1235,10,478,11350,1,,
70,2140,4,643,11357,1,,
439,257,2,-45,11358,1,,
267,209,4,651,11365,1,,
364,322,6,572,11368,1,,
120,1382,3,643,11370,1,,
60,7,6,572,11379,1,,
441,320,9,573,11391,1,,
441,-1,-1,-999,11391,2,v14_piggyback,4.0,11391,0
410,92,9,629,11394,1,,
410,-1,-1,-999,11395,2,v14_piggyback,6.0,11394,1
2,3,10,670,11405,1,,
348,592,6,626,11405,1,,
253,221,12,626,11424,1,,
395,621,8,626,11438,1,,
474,983,5,490,11451,1,,
474,-1,-1,-999,11451,2,v14_piggyback,5.0,11451,0
447,469,8,588,11452,1,,
409,79,8,588,11466,1,,
437,179,9,642,11466,1,,
131,45,10,616,11471,1,,
131,1438,2,616,11471,1,,
472,940,2,613,11473,1,,
164,10,5,626,11476,1,,
106,1301,2,613,11480,1,,
77,24,11,616,11486,1,,
438,3024,2,657,11486,1,,
396,603,6,507,11488,1,,
216,23,1,588,11497,1,,
216,1912,3,588,11497,1,,
393,472,4,657,11498,1,,
266,33,10,644,11510,1,,
140,1492,2,670,11531,1,,
140,107,8,616,11531,1,,
477,1049,7,650,11533,1,,
451,552,9,616,11544,1,,
135,130,10,668,11568,1,,
300,57,6,644,11579,1,,
440,295,6,413,11580,1,,
443,386,6,651,11598,1,,
288,38,5,413,11605,1,,
442,356,6,616,11609,1,,
461,761,3,588,11609,1,,
467,860,4,413,11614,1,,
222,1953,2,470,11620,1,,
50,1427,3,629,11627,1,,
362,172,3,626,11635,1,,
299,124,8,558,11638,1,,
0,19,2,626,11642,1,,
487,1187,4,626,11651,1,,
133,117,10,558,11652,1,,
373,2748,2,572,11658,1,,
289,2,6,623,11659,1,,
420,293,5,558,11660,1,,
460,738,3,644,11665,1,,
439,255,3,655,11685,1,,
439,261,6,613,11685,1,,
241,2057,2,558,11694,1,,
447,457,7,632,11701,1,,
447,467,2,627,11701,1,,
437,180,1,579,11714,1,,
437,1207,5,558,11714,1,,
457,659,9,671,11727,1,,
256,306,4,625,11734,1,,
472,943,6,650,11743,1,,
472,943,8,657,11743,1,,
472,942,10,413,11743,1,,
472,-1,-1,-999,11743,2,v14_piggyback,2.0,11743,0
441,3039,3,-65,11752,1,,
419,289,7,595,11755,1,,
313,2441,3,595,11764,1,,
257,259,8,671,11766,1,,
444,388,4,595,11773,1,,
479,1077,6,681,11775,1,,
282,27,3,595,11780,1,,
371,723,5,620,11784,1,,
474,983,1,490,11788,1,,
344,2602,4,38,11794,1,,
276,2245,2,620,11800,1,,
115,1,4,681,11801,1,,
115,1348,8,598,11801,1,,
115,110,8,598,11801,1,,
372,670,3,38,11808,1,,
421,293,7,681,11812,1,,
43,5,12,598,11835,1,,
224,83,2,38,11851,1,,
418,241,7,640,11852,1,,
409,84,5,640,11877,1,,
342,310,12,618,11883,1,,
469,886,7,30,11890,1,,
306,393,6,598,11893,1,,
417,225,8,618,11897,1,,
391,316,10,598,11908,1,,
77,47,6,618,11908,1,,
337,6,3,618,11916,1,,
258,587,7,598,11918,1,,
443,370,6,625,11927,1,,
410,76,10,590,11931,1,,
332,792,12,535,11935,1,,
307,393,12,652,11944,1,,
99,8,10,590,11949,1,,
99,1255,1,30,11949,1,,
147,1534,5,598,11952,1,,
199,144,3,625,11958,1,,
439,251,6,595,11960,1,,
265,103,4,590,11970,1,,
340,100,10,680,11973,1,,
340,100,10,636,11973,1,,
277,461,4,590,11979,1,,
163,10,4,654,11991,1,,
139,43,6,664,12003,1,,
487,1195,9,-29,12005,1,,
200,185,6,590,12012,1,,
386,146,8,636,12026,1,,
259,296,12,661,12031,1,,
441,343,10,672,12033,1,,
447,476,6,548,12036,1,,
41,29,7,636,12046,1,,
239,2044,3,598,12050,1,,
385,73,11,663,12062,1,,
42,5,7,663,12072,1,,
479,1081,5,688,12081,1,,
479,1081,6,598,12081,1,,
452,573,2,688,12086,1,,
105,1289,7,663,12089,1,,
418,217,5,30,12090,1,,
418,235,4,654,12090,1,,
302,2380,2,664,12093,1,,
273,277,5,636,12097,1,,
170,1663,2,558,12104,1,,
399,674,1,681,12111,1,,
444,410,12,590,12114,1,,
444,394,4,30,12114,1,,
417,217,2,625,12120,1,,
341,100,1,636,12127,1,,
341,6,9,649,12127,1,,
103,1282,1,558,12130,1,,
164,126,11,661,12131,1,,
443,3048,2,664,12136,1,,
352,700,8,661,12145,1,,
446,433,7,649,12154,1,,
469,886,8,584,12160,1,,
469,-1,-1,-999,12160,2,v14_piggyback,1.0,12160,0
342,2593,3,640,12173,1,,
342,298,4,30,12173,1,,
290,412,5,660,12176,1,,
414,158,2,30,12180,1,,
388,171,4,660,12185,1,,
383,31,7,690,12196,1,,
472,943,2,657,12198,1,,
472,946,5,30,12198,1,,
481,1101,8,698,12207,1,,
160,269,6,693,12209,1,,
224,1964,3,690,12213,1,,
0,37,2,690,12217,1,,
379,1055,1,654,12230,1,,
2,28,6,684,12232,1,,
75,62,6,698,12241,1,,
408,48,2,535,12245,1,,
416,189,4,707,12258,1,,
229,95,4,713,12276,1,,
338,298,10,641,12280,1,,
400,742,2,399,12281,1,,
470,920,10,641,12296,1,,
398,716,12,283,12297,1,,
111,1327,6,641,12308,1,,
326,520,8,283,12309,1,,
302,2383,2,312,12316,1,,
302,2381,2,639,12316,1,,
199,149,2,283,12320,1,,
384,53,2,539,12326,1,,
265,103,4,283,12330,1,,
413,135,3,641,12331,1,,
413,-1,-1,-999,12331,2,v14_piggyback,2.0,12331,0
141,43,4,722,12340,1,,
192,184,8,694,12342,1,,
382,18,10,34,12347,1,,
135,130,9,685,12355,1,,
215,23,8,34,12361,1,,
327,605,11,609,12364,1,,
415,159,2,722,12373,1,,
166,1641,8,577,12386,1,,
443,382,7,713,12389,1,,
443,382,8,283,12389,1,,
443,-1,-1,-999,12389,2,v14_piggyback,3.0,12389,0
129,1,8,685,12390,1,,
480,1090,7,34,12402,1,,
130,1,8,706,12404,1,,
475,1004,5,34,12410,1,,
385,21,4,577,12418,1,,
404,2879,3,491,12432,1,,
445,421,4,577,12432,1,,
42,82,3,577,12438,1,,
367,2721,4,577,12445,1,,
328,510,7,491,12446,1,,
322,0,7,706,12448,1,,
412,122,11,528,12466,1,,
267,209,4,676,12467,1,,
414,135,3,641,12486,1,,
414,155,6,675,12486,1,,
405,978,9,533,12495,1,,
27,1800,3,533,12500,1,,
383,21,9,685,12501,1,,
371,673,7,528,12514,1,,
268,103,9,720,12524,1,,
268,33,3,720,12524,1,,
481,1103,6,684,12525,1,,
481,1102,4,539,12525,1,,
329,451,12,221,12540,1,,
469,903,2,283,12545,1,,
464,813,6,528,12548,1,,
128,141,6,528,12561,1,,
0,3,6,720,12566,1,,
0,41,8,720,12566,1,,
408,35,10,577,12567,1,,
408,-1,-1,-999,12567,2,v14_piggyback,5.0,12567,0
483,3225,2,690,12572,1,,
256,233,4,720,12575,1,,
457,672,2,620,12576,1,,
173,14,5,677,12598,1,,
173,153,6,677,12598,1,,
437,140,4,697,12608,1,,
205,1853,2,34,12610,1,,
439,274,5,528,12618,1,,
402,2871,2,577,12619,1,,
10,1316,1,34,12622,1,,
466,845,2,577,12627,1,,
176,14,10,704,12629,1,,
176,1695,2,704,12629,1,,
411,97,2,675,12637,1,,
411,105,2,697,12637,1,,
411,105,8,731,12637,1,,
433,965,4,675,12646,1,,
320,0,1,676,12651,1,,
264,90,11,221,12654,1,,
384,21,1,577,12658,1,,
475,1007,4,528,12662,1,,
479,1079,10,221,12671,1,,
130,1433,11,528,12685,1,,
130,1437,4,697,12685,1,,
445,423,10,673,12693,1,,
445,426,7,676,12693,1,,
425,2968,3,697,12696,1,,
360,11,10,631,12730,1,,
360,-1,-1,-999,12730,2,v14_piggyback,8.0,12730,0
391,309,2,675,12732,1,,
292,2328,2,685,12739,1,,
163,14,8,519,12742,1,,
200,81,6,709,12745,1,,
488,1201,2,528,12752,1,,
152,16,8,631,12754,1,,
138,1482,2,729,12762,1,,
113,177,7,704,12769,1,,
469,888,5,684,12770,1,,
171,1667,2,528,12777,1,,
358,49,7,581,12780,1,,
442,355,2,709,12782,1,,
385,73,1,720,12793,1,,
385,52,6,677,12793,1,,
407,56,5,686,12801,1,,
141,1502,2,398,12803,1,,
460,725,8,704,12805,1,,
450,3080,1,729,12810,1,,
413,145,8,720,12819,1,,
305,333,2,706,12819,1,,
280,2268,4,741,12829,1,,
290,336,9,724,12842,1,,
437,140,7,725,12862,1,,
139,1486,1,528,12867,1,,
1,46,6,677,12868,1,,
235,131,7,740,12873,1,,
424,519,3,605,12881,1,,
216,23,6,519,12883,1,,
415,167,6,221,12895,1,,
466,838,12,724,12901,1,,
423,474,6,606,12905,1,,
273,277,8,740,12914,1,,
425,519,6,605,12914,1,,
274,330,4,388,12927,1,,
234,205,3,749,12927,1,,
234,131,6,749,12927,1,,
299,78,6,751,12927,1,,
408,56,3,686,12936,1,,
256,221,4,704,12936,1,,
447,3065,3,749,12942,1,,
488,1212,3,683,12944,1,,
488,-1,-1,-999,12945,2,v14_piggyback,1.0,12944,1
443,384,6,677,12947,1,,
320,61,4,677,12957,1,,
298,26,4,750,12983,1,,
439,274,10,712,12986,1,,
439,-1,-1,-999,12987,2,v14_piggyback,7.0,12986,1
300,26,3,735,12997,1,,
61,7,3,519,12998,1,,
342,310,4,221,13008,1,,
258,2147,3,712,13011,1,,
469,903,10,388,13024,1,,
442,349,9,729,13037,1,,
442,349,11,686,13037,1,,
442,-1,-1,-999,13037,2,v14_piggyback,6.0,13037,0
421,350,2,704,13043,1,,
129,141,4,712,13044,1,,
426,547,10,604,13044,1,,
418,235,4,604,13051,1,,
450,523,4,741,13060,1,,
450,533,8,712,13060,1,,
348,592,6,604,13062,1,,
0,30,7,746,13066,1,,
280,2270,4,711,13070,1,,
419,234,8,737,13074,1,,
128,614,1,765,13084,1,,
264,90,8,737,13093,1,,
473,955,2,388,13110,1,,
462,779,2,704,13118,1,,
24,22,2,758,13119,1,,
24,1646,2,758,13119,1,,
131,1,4,748,13132,1,,
402,2868,2,677,13140,1,,
39,63,3,604,13140,1,,
424,532,4,763,13147,1,,
146,1529,2,221,13157,1,,
437,140,9,739,13160,1,,
437,-1,-1,-999,13160,2,v14_piggyback,7.0,13160,0
459,715,1,631,13166,1,,
326,2507,2,764,13169,1,,
313,613,2,581,13171,1,,
360,12,8,764,13183,1,,
349,551,10,744,13194,1,,
76,2494,4,744,13213,1,,
76,129,10,228,13213,1,,
132,116,8,757,13221,1,,
132,1,8,754,13221,1,,
425,536,9,739,13230,1,,
425,550,3,228,13230,1,,
425,-1,-1,-999,13230,2,v14_piggyback,9.0,13230,0
464,820,6,757,13233,1,,
387,171,8,757,13247,1,,
263,440,4,744,13251,1,,
263,233,6,228,13251,1,,
440,311,1,667,13258,1,,
440,307,9,667,13258,1,,
440,-1,-1,-999,13258,2,v14_piggyback,8.0,13258,0
289,2,9,754,13262,1,,
299,124,2,667,13262,1,,
289,-1,-1,-999,13262,2,v14_piggyback,2.0,13262,0
248,284,8,744,13263,1,,
453,579,6,754,13273,1,,
301,15,10,778,13276,1,,
288,36,2,769,13280,1,,
417,217,6,228,13283,1,,
284,2,7,755,13294,1,,
401,897,10,553,13295,1,,
426,536,1,739,13300,1,,
426,550,9,228,13300,1,,
391,313,8,553,13306,1,,
386,168,6,756,13310,1,,
61,7,8,743,13314,1,,
411,111,8,553,13351,1,,
86,8,12,745,13354,1,,
133,1,10,756,13358,1,,
392,313,12,780,13367,1,,
242,284,9,745,13370,1,,
410,97,11,538,13385,1,,
135,1465,6,756,13395,1,,
339,136,12,736,13401,1,,
339,-1,-1,-999,13401,2,v14_piggyback,12.0,13401,0
366,357,6,744,13407,1,,
282,38,7,780,13411,1,,
364,2708,4,756,13413,1,,
352,2649,4,228,13416,1,,
320,71,4,228,13425,1,,
340,6,12,538,13428,1,,
132,1446,8,756,13461,1,,
459,715,9,667,13469,1,,
459,702,6,736,13469,1,,
363,220,10,674,13477,1,,
62,1855,4,665,13484,1,,
316,545,10,538,13486,1,,
419,2943,4,763,13493,1,,
442,355,12,764,13496,1,,
395,570,6,538,13504,1,,
395,621,7,596,13504,1,,
456,641,8,656,13511,1,,
456,-1,-1,-999,13511,2,v14_piggyback,2.0,13511,0
365,172,6,700,13522,1,,
486,1177,2,228,13529,1,,
487,1191,6,541,13534,1,,
293,2335,3,733,13537,1,,
136,1473,2,700,13541,1,,
178,10,8,538,13544,1,,
437,140,2,739,13561,1,,
437,180,5,733,13561,1,,
437,180,9,744,13561,1,,
437,-1,-1,-999,13561,2,v14_piggyback,2.0,13561,0
453,597,10,425,13567,1,,
453,583,8,430,13567,1,,
396,570,12,441,13568,1,,
290,336,3,779,13569,1,,
341,304,9,596,13581,1,,
409,87,7,596,13592,1,,
360,60,5,656,13602,1,,
283,38,7,695,13602,1,,
259,2152,1,228,13605,1,,
468,873,3,656,13618,1,,
288,36,3,656,13626,1,,
385,34,6,695,13630,1,,
385,72,4,723,13630,1,,
41,44,7,736,13642,1,,
467,863,4,695,13651,1,,
440,312,4,708,13663,1,,
383,42,10,456,13667,1,,
408,40,10,630,13679,1,,
408,-1,-1,-999,13679,2,v14_piggyback,5.0,13679,0
85,8,6,768,13691,1,,
85,3,11,768,13691,1,,
410,74,10,456,13700,1,,
407,40,8,775,13703,1,,
97,1239,8,687,13705,1,,
256,259,4,687,13714,1,,
163,1623,2,596,13718,1,,
163,16,6,456,13718,1,,
343,473,9,768,13729,1,,
87,8,9,775,13737,1,,
87,8,10,630,13737,1,,
475,1006,6,768,13741,1,,
52,1491,5,630,13748,1,,
186,1749,2,768,13757,1,,
186,67,8,768,13757,1,,
412,125,5,775,13762,1,,
335,2557,4,768,13766,1,,
421,358,2,768,13773,1,,
51,1464,9,767,13777,1,,
285,2,7,456,13788,1,,
62,7,8,797,13791,1,,
0,19,3,456,13797,1,,
53,46,1,299,13810,1,,
53,4,8,787,13810,1,,
451,552,4,456,13811,1,,
106,1296,6,456,13820,1,,
257,2139,3,456,13826,1,,
316,564,12,782,13835,1,,
453,594,8,797,13856,1,,
283,2285,4,723,13859,1,,
425,547,4,630,13865,1,,
183,67,2,723,13870,1,,
305,346,3,802,13875,1,,
182,294,4,782,13876,1,,
182,113,10,776,13876,1,,
63,7,12,234,13884,1,,
310,2423,3,456,13886,1,,
344,377,8,787,13903,1,,
344,465,4,782,13903,1,,
450,517,2,441,13903,1,,
456,653,9,541,13906,1,,
456,638,6,708,13906,1,,
468,870,8,630,13920,1,,
448,486,5,234,13930,1,,
41,44,10,806,13942,1,,
457,667,4,630,13943,1,,
366,337,9,782,13957,1,,
440,288,8,630,13964,1,,
437,164,6,519,13968,1,,
409,68,4,800,13973,1,,
158,192,10,776,13974,1,,
252,2112,2,596,13986,1,,
417,217,7,782,13987,1,,
223,1960,4,234,13990,1,,
251,2106,2,538,13991,1,,
446,443,7,806,14000,1,,
439,274,8,299,14016,1,,
439,251,2,776,14016,1,,
481,3216,3,708,14016,1,,
362,2700,2,538,14018,1,,
422,387,9,691,14031,1,,
390,2820,3,630,14034,1,,
129,1431,3,234,14048,1,,
186,1748,10,299,14054,1,,
186,139,6,806,14054,1,,
284,27,6,787,14068,1,,
363,156,10,796,14069,1,,
410,96,9,379,14083,1,,
475,989,10,782,14084,1,,
322,61,12,379,14099,1,,
242,64,8,379,14111,1,,
412,125,6,776,14115,1,,
453,590,10,234,14115,1,,
289,2315,2,800,14122,1,,
159,75,12,813,14127,1,,
163,126,4,379,14134,1,,
285,2,6,379,14143,1,,
108,1314,2,767,14143,1,,
204,1848,2,234,14150,1,,
88,8,6,787,14152,1,,
339,2579,2,767,14157,1,,
323,0,11,732,14167,1,,
277,2250,2,541,14170,1,,
128,1422,3,782,14174,1,,
447,457,6,813,14191,1,,
447,-1,-1,-999,14191,2,v14_piggyback,2.0,14191,0
408,40,2,775,14196,1,,
293,2333,3,742,14198,1,,
293,439,2,776,14198,1,,
293,-1,-1,-999,14198,2,v14_piggyback,3.0,14198,0
389,2814,3,782,14206,1,,
448,489,4,804,14212,1,,
338,298,3,806,14213,1,,
437,140,7,379,14228,1,,
444,410,3,806,14238,1,,
444,-1,-1,-999,14238,2,v14_piggyback,2.0,14238,0
288,211,6,826,14244,1,,
280,2269,3,806,14249,1,,
296,2350,1,804,14250,1,,
321,91,12,666,14251,1,,
321,-1,-1,-999,14251,2,v14_piggyback,20.0,14251,0
259,2153,2,768,14262,1,,
482,1113,10,666,14268,1,,
439,255,4,234,14270,1,,
324,0,10,386,14282,1,,
324,-1,-1,-999,14282,2,v14_piggyback,1.0,14282,0
395,2842,2,691,14283,1,,
488,1211,2,787,14294,1,,
281,470,8,386,14294,1,,
205,1851,2,691,14302,1,,
440,311,4,732,14303,1,,
274,277,8,833,14315,1,,
347,2622,1,775,14321,1,,
130,1436,6,386,14324,1,,
298,26,4,379,14333,1,,
465,825,2,582,14351,1,,
445,428,4,379,14362,1,,
106,1299,4,386,14371,1,,
273,297,6,821,14384,1,,
466,848,2,806,14385,1,,
339,85,12,574,14412,1,,
267,103,2,732,14419,1,,
267,33,3,821,14419,1,,
463,795,2,691,14419,1,,
448,492,8,582,14428,1,,
448,494,8,612,14428,1,,
448,-1,-1,-999,14428,2,v14_piggyback,7.0,14428,0
254,2122,1,787,14434,1,,
254,587,8,574,14434,1,,
204,1846,3,811,14436,1,,
340,85,8,783,14448,1,,
78,47,6,815,14455,1,,
475,1001,6,783,14459,1,,
229,123,10,812,14472,1,,
455,632,7,783,14472,1,,
344,534,10,812,14488,1,,
158,1589,3,386,14494,1,,
300,57,4,766,14495,1,,
252,2116,4,565,14503,1,,
289,229,10,815,14504,1,,
185,1746,3,574,14519,1,,
227,25,10,761,14521,1,,
425,550,3,596,14537,1,,
376,932,4,761,14543,1,,
484,3227,3,386,14562,1,,
477,1045,3,766,14567,1,,
129,141,2,821,14569,1,,
197,1813,3,574,14575,1,,
377,975,4,771,14581,1,,
310,2421,2,717,14595,1,,
367,398,2,666,14602,1,,
228,25,10,603,14603,1,,
439,255,2,732,14609,1,,
180,224,2,386,14617,1,,
282,20,10,603,14619,1,,
352,700,1,732,14628,1,,
446,454,1,717,14637,1,,
256,306,7,825,14640,1,,
437,180,4,825,14649,1,,
447,466,5,574,14659,1,,
433,909,5,603,14671,1,,
433,995,3,603,14671,1,,
417,203,10,828,14676,1,,
194,1790,3,825,14684,1,,
343,465,8,846,14685,1,,
432,936,10,622,14701,1,,
386,55,8,692,14706,1,,
463,794,8,574,14710,1,,
463,789,10,766,14710,1,,
463,-1,-1,-999,14710,2,v14_piggyback,3.0,14710,0
274,275,4,689,14710,1,,
444,388,6,783,14721,1,,
271,230,11,785,14728,1,,
451,548,4,603,14737,1,,
451,-1,-1,-999,14737,2,v14_piggyback,3.0,14737,0
254,2126,2,79,14748,1,,
441,331,2,692,14752,1,,
440,305,10,785,14754,1,,
438,190,2,828,14758,1,,
358,2682,1,692,14760,1,,
467,863,2,299,14764,1,,
267,33,10,777,14773,1,,
387,146,7,829,14777,1,,
366,338,4,829,14786,1,,
414,150,1,691,14794,1,,
174,1684,2,829,14816,1,,
402,944,7,662,14829,1,,
388,80,7,715,14842,1,,
434,1009,10,678,14846,1,,
401,811,7,678,14859,1,,
396,603,10,715,14860,1,,
215,181,6,785,14870,1,,
368,351,9,634,14875,1,,
476,1018,5,678,14881,1,,
458,689,5,785,14891,1,,
165,10,5,662,14894,1,,
165,10,7,840,14894,1,,
256,471,10,858,14894,1,,
477,1049,4,603,14900,1,,
100,1260,3,617,14908,1,,
447,467,10,828,14911,1,,
169,1656,2,858,14917,1,,
448,494,2,612,14919,1,,
439,273,7,692,14941,1,,
439,273,10,715,14941,1,,
439,3032,2,692,14941,1,,
439,-1,-1,-999,14941,2,v14_piggyback,4.0,14941,0
68,1962,2,785,14947,1,,
158,75,10,863,14947,1,,
446,438,8,715,14968,1,,
446,433,11,662,14968,1,,
446,-1,-1,-999,14968,2,v14_piggyback,3.0,14968,0
413,142,6,859,14978,1,,
433,931,10,689,14981,1,,
132,1447,6,662,14983,1,,
488,1212,3,859,14986,1,,
462,772,6,715,14995,1,,
386,171,4,817,14995,1,,
462,-1,-1,-999,14995,2,v14_piggyback,4.0,14995,0
386,-1,-1,-999,14995,2,v14_piggyback,2.0,14995,0
313,564,7,662,15008,1,,
0,9,8,856,15012,1,,
247,2088,2,817,15013,1,,
40,29,2,817,15022,1,,
438,227,3,727,15040,1,,
438,248,6,816,15040,1,,
358,2681,2,816,15046,1,,
441,340,6,814,15049,1,,
420,2947,2,785,15065,1,,
363,200,4,715,15065,1,,
437,180,6,840,15077,1,,
326,645,2,856,15087,1,,
414,2924,2,829,15090,1,,
414,148,5,840,15090,1,,
444,391,6,603,15101,1,,
434,1000,10,634,15106,1,,
360,12,2,603,15125,1,,
360,11,3,855,15125,1,,
360,-1,-1,-999,15126,2,v14_piggyback,5.0,15125,1
463,789,1,766,15133,1,,
88,8,9,855,15144,1,,
141,1499,4,715,15145,1,,
367,2719,2,603,15163,1,,
451,548,6,603,15174,1,,
362,60,10,865,15175,1,,
3,3,4,869,15182,1,,
361,49,10,870,15191,1,,
1,19,6,798,15194,1,,
476,1028,9,617,15206,1,,
131,1,9,865,15218,1,,
4,3,11,871,15220,1,,
142,43,8,865,15232,1,,
443,370,8,772,15247,1,,
5,30,11,820,15253,1,,
387,55,8,772,15261,1,,
458,698,7,792,15266,1,,
458,-1,-1,-999,15266,2,v14_piggyback,5.0,15266,0
448,486,4,379,15267,1,,
447,467,4,871,15270,1,,
464,3139,4,634,15276,1,,
465,832,4,772,15288,1,,
129,110,7,794,15291,1,,
158,1592,8,817,15302,1,,
170,1660,3,865,15309,1,,
454,623,3,871,15310,1,,
392,449,1,662,15315,1,,
452,3090,3,526,15318,1,,
359,12,7,820,15331,1,,
359,11,6,807,15331,1,,
388,80,6,835,15346,1,,
364,119,7,873,15353,1,,
364,172,6,589,15353,1,,
368,357,7,870,15358,1,,
433,995,10,589,15370,1,,
455,633,6,807,15370,1,,
235,131,4,820,15379,1,,
78,58,7,589,15383,1,,
231,118,7,845,15392,1,,
463,794,5,772,15409,1,,
220,240,10,77,15412,1,,
220,23,2,77,15412,1,,
449,500,3,526,15417,1,,
217,339,2,820,15421,1,,
217,1921,2,835,15421,1,,
39,44,2,861,15424,1,,
265,90,4,845,15431,1,,
384,17,6,589,15431,1,,
384,-1,-1,-999,15431,2,v14_piggyback,1.0,15431,0
193,228,6,589,15443,1,,
469,896,2,869,15443,1,,
446,442,6,873,15456,1,,
376,2758,1,669,15465,1,,
283,128,6,882,15467,1,,
361,11,2,807,15470,1,,
361,60,8,77,15470,1,,
472,948,1,710,15476,1,,
284,20,8,808,15489,1,,
367,338,10,77,15499,1,,
199,149,3,852,15507,1,,
203,1840,2,705,15514,1,,
120,89,5,589,15518,1,,
120,3,10,808,15518,1,,
443,385,3,861,15522,1,,
121,3,12,854,15559,1,,
121,1,6,854,15559,1,,
121,1388,7,854,15559,1,,
476,1016,9,835,15559,1,,
465,822,2,870,15572,1,,
465,828,2,77,15572,1,,
465,-1,-1,-999,15572,2,v14_piggyback,1.0,15572,0
274,209,2,589,15575,1,,
274,434,8,854,15575,1,,
452,574,5,710,15576,1,,
452,561,4,669,15576,1,,
452,562,6,705,15576,1,,
441,325,6,77,15583,1,,
464,807,9,794,15590,1,,
454,606,10,526,15592,1,,
454,-1,-1,-999,15592,2,v14_piggyback,3.0,15592,0
487,1193,8,77,15597,1,,
457,675,8,854,15604,1,,
294,2338,3,870,15605,1,,
343,473,4,77,15614,1,,
322,389,8,808,15618,1,,
266,183,6,77,15625,1,,
413,138,6,808,15636,1,,
455,635,9,860,15646,1,,
455,637,5,845,15646,1,,
201,149,11,866,15647,1,,
409,74,6,854,15647,1,,
227,1981,1,866,15652,1,,
458,698,3,792,15654,1,,
171,1667,3,77,15691,1,,
291,563,4,808,15701,1,,
195,1796,4,882,15712,1,,
368,357,4,892,15718,1,,
439,251,6,808,15724,1,,
485,1170,3,839,15727,1,,
442,363,3,839,15736,1,,
446,436,8,882,15738,1,,
203,1840,2,836,15743,1,,
117,1364,3,845,15743,1,,
52,1477,3,845,15753,1,,
321,0,10,843,15763,1,,
321,-1,-1,-999,15763,2,v14_piggyback,1.0,15763,0
383,34,12,791,15766,1,,
471,924,4,808,15776,1,,
488,1209,12,436,15785,1,,
200,149,10,436,15802,1,,
328,2518,4,436,15818,1,,
328,510,6,791,15818,1,,
103,1276,10,894,15818,1,,
444,396,3,77,15821,1,,
443,382,3,873,15832,1,,
443,385,1,882,15832,1,,
443,384,4,854,15832,1,,
216,23,9,791,15833,1,,
479,1076,3,820,15839,1,,
460,733,8,791,15847,1,,
323,0,4,784,15848,1,,
414,155,6,843,15852,1,,
456,638,6,784,15860,1,,
121,1385,4,699,15861,1,,
194,1790,2,77,15868,1,,
386,94,10,888,15895,1,,
34,2782,2,882,15906,1,,
54,4,6,436,15907,1,,
159,65,10,888,15911,1,,
420,293,6,436,15919,1,,
299,54,2,808,15925,1,,
58,4,5,897,15929,1,,
58,1712,2,897,15929,1,,
462,772,2,715,15941,1,,
227,1985,3,791,15950,1,,
388,127,3,897,15963,1,,
322,0,4,888,15972,1,,
485,1161,6,702,15988,1,,
485,1173,8,458,15988,1,,
439,251,10,894,15993,1,,
439,-1,-1,-999,15993,2,v14_piggyback,3.0,15993,0
387,146,11,912,15994,1,,
273,275,2,436,15998,1,,
273,923,2,436,15998,1,,
419,246,12,534,16016,1,,
43,1275,6,876,16023,1,,
389,176,8,534,16030,1,,
182,67,5,912,16039,1,,
137,39,5,719,16040,1,,
137,1480,6,719,16040,1,,
442,349,10,436,16046,1,,
44,5,8,919,16057,1,,
44,82,4,919,16057,1,,
302,15,2,876,16058,1,,
302,15,9,719,16058,1,,
480,1093,8,534,16060,1,,
280,2267,2,719,16064,1,,
210,231,7,534,16073,1,,
89,8,6,719,16076,1,,
305,256,4,919,16082,1,,
454,608,6,839,16084,1,,
291,439,2,857,16089,1,,
0,30,10,917,16092,1,,
482,1122,6,521,16124,1,,
265,103,2,919,16139,1,,
90,8,8,917,16149,1,,
444,410,3,458,16150,1,,
479,1079,10,784,16156,1,,
479,-1,-1,-999,16156,2,v14_piggyback,3.0,16156,0
200,1825,3,884,16158,1,,
443,385,7,912,16171,1,,
128,177,10,927,16175,1,,
458,687,2,866,16180,1,,
456,647,4,905,16181,1,,
24,1608,4,521,16201,1,,
24,19,6,463,16201,1,,
257,296,7,909,16201,1,,
303,54,3,921,16216,1,,
303,152,6,463,16216,1,,
261,2164,2,534,16223,1,,
266,90,4,849,16230,1,,
314,2445,2,791,16230,1,,
401,839,8,922,16233,1,,
412,2915,2,458,16237,1,,
321,0,3,849,16239,1,,
415,161,8,463,16247,1,,
1,30,6,872,16249,1,,
437,140,4,909,16251,1,,
485,1167,8,917,16276,1,,
205,144,6,872,16283,1,,
205,207,8,872,16283,1,,
416,161,8,880,16298,1,,
457,672,3,872,16300,1,,
230,1997,3,849,16314,1,,
392,316,5,872,16315,1,,
460,739,7,927,16319,1,,
138,1483,1,77,16321,1,,
449,512,10,831,16329,1,,
231,321,6,904,16333,1,,
462,772,5,521,16335,1,,
462,775,2,927,16335,1,,
217,23,6,831,16346,1,,
273,278,6,521,16346,1,,
324,61,8,908,16378,1,,
324,0,10,908,16378,1,,
324,-1,-1,-999,16378,2,v14_piggyback,4.0,16378,0
253,488,6,831,16380,1,,
439,268,6,463,16386,1,,
466,847,3,904,16386,1,,
482,1113,7,922,16399,1,,
308,458,6,936,16403,1,,
322,91,12,903,16404,1,,
184,67,5,831,16433,1,,
184,294,6,517,16433,1,,
367,322,6,908,16434,1,,
367,398,6,903,16434,1,,
121,1389,6,876,16444,1,,
306,366,8,923,16445,1,,
188,184,10,903,16451,1,,
89,8,6,463,16456,1,,
443,384,8,872,16460,1,,
443,-1,-1,-999,16460,2,v14_piggyback,4.0,16460,0
265,183,8,903,16465,1,,
268,2202,4,463,16465,1,,
288,20,4,463,16474,1,,
104,1286,7,903,16477,1,,
415,154,7,517,16482,1,,
323,389,10,939,16493,1,,
199,149,3,937,16497,1,,
199,260,8,517,16497,1,,
257,2139,4,463,16499,1,,
215,83,6,679,16506,1,,
411,112,6,831,16516,1,,
289,20,10,914,16533,1,,
424,511,6,679,16534,1,,
141,43,3,759,16538,1,,
141,43,5,903,16538,1,,
267,2198,3,463,16538,1,,
135,1460,4,517,16563,1,,
437,164,11,877,16571,1,,
437,-1,-1,-999,16571,2,v14_piggyback,4.0,16571,0
440,295,7,877,16583,1,,
72,2257,2,841,16586,1,,
449,512,9,679,16592,1,,
449,-1,-1,-999,16592,2,v14_piggyback,5.0,16592,0
422,341,4,517,16605,1,,
138,1484,10,893,16607,1,,
62,7,7,942,16608,1,,
73,2259,2,927,16613,1,,
372,2742,2,921,16617,1,,
416,175,7,774,16633,1,,
126,116,8,943,16634,1,,
40,5,5,877,16644,1,,
266,103,8,956,16647,1,,
423,479,7,818,16655,1,,
339,109,8,943,16658,1,,
475,999,4,831,16662,1,,
371,650,8,956,16665,1,,
214,1904,3,908,16669,1,,
214,317,2,759,16669,1,,
483,1146,5,877,16679,1,,
312,480,6,956,16685,1,,
352,713,5,908,16690,1,,
90,8,7,956,16695,1,,
355,2667,2,956,16709,1,,
229,95,3,818,16729,1,,
390,245,4,759,16732,1,,
0,9,3,831,16735,1,,
177,1702,2,872,16751,1,,
480,1090,1,790,16756,1,,
146,1526,3,872,16765,1,,
373,529,9,895,16771,1,,
265,103,6,760,16781,1,,
104,1287,6,759,16790,1,,
443,374,6,517,16792,1,,
374,673,8,760,16793,1,,
415,169,4,947,16799,1,,
264,162,4,759,16799,1,,
465,822,3,947,16805,1,,
485,1162,2,77,16813,1,,
464,807,6,760,16813,1,,
305,333,2,903,16828,1,,
389,242,8,837,16837,1,,
421,329,6,760,16847,1,,
440,292,11,951,16854,1,,
230,2000,3,822,16856,1,,
94,1219,2,877,16863,1,,
422,369,7,837,16864,1,,
435,1136,2,908,16870,1,,
334,2553,2,822,16875,1,,
416,169,2,947,16888,1,,
126,1412,7,799,16890,1,,
410,70,6,837,16894,1,,
95,1229,5,895,16907,1,,
306,393,5,734,16916,1,,
395,603,1,908,16918,1,,
413,143,5,963,16923,1,,
471,922,1,903,16926,1,,
384,21,4,734,16931,1,,
287,2304,2,759,16934,1,,
346,2615,3,837,16946,1,,
408,40,1,943,16964,1,,
231,118,8,955,16969,1,,
231,25,6,752,16969,1,,
274,378,3,734,16979,1,,
438,237,9,955,16985,1,,
100,1258,2,837,16994,1,,
414,155,7,967,16997,1,,
407,35,1,911,16999,1,,
371,670,4,837,17001,1,,
475,989,4,906,17006,1,,
417,197,8,955,17020,1,,
358,11,3,962,17028,1,,
358,-1,-1,-999,17028,2,v14_piggyback,1.0,17028,0
396,595,10,901,17030,1,,
419,263,6,962,17039,1,,
437,140,3,734,17043,1,,
259,2152,1,942,17048,1,,
480,1093,5,822,17050,1,,
228,1987,1,760,17059,1,,
436,1088,10,718,17061,1,,
415,175,7,822,17067,1,,
254,2127,1,734,17073,1,,
288,128,6,925,17074,1,,
342,2593,3,752,17075,1,,
439,262,4,925,17080,1,,
418,239,8,934,17107,1,,
4,30,10,971,17108,1,,
0,28,8,958,17119,1,,
416,178,1,786,17129,1,,
289,27,10,971,17134,1,,
3,22,9,907,17147,1,,
343,406,8,952,17150,1,,
344,377,5,958,17155,1,,
410,70,9,848,17163,1,,
410,-1,-1,-999,17164,2,v14_piggyback,9.0,17163,1
287,2304,2,837,17171,1,,
413,135,2,760,17181,1,,
97,1241,8,907,17191,1,,
412,122,2,962,17191,1,,
338,85,7,867,17204,1,,
477,1031,3,752,17212,1,,
411,101,8,907,17213,1,,
257,233,2,752,17218,1,,
438,216,2,927,17219,1,,
408,35,3,911,17230,1,,
408,56,3,911,17230,1,,
441,323,11,977,17236,1,,
351,2644,2,867,17243,1,,
258,233,7,985,17245,1,,
417,226,2,819,17249,1,,
417,-1,-1,-999,17249,2,v14_piggyback,5.0,17249,0
384,42,6,907,17252,1,,
447,457,4,781,17258,1,,
383,32,2,930,17274,1,,
383,17,12,948,17274,1,,
389,250,4,781,17274,1,,
409,87,2,983,17288,1,,
39,63,10,948,17290,1,,
280,470,6,902,17299,1,,
480,1096,9,970,17308,1,,
179,294,9,953,17308,1,,
299,54,6,953,17327,1,,
439,257,9,907,17341,1,,
439,268,5,773,17341,1,,
352,694,12,868,17343,1,,
288,20,7,953,17343,1,,
360,11,3,948,17352,1,,
360,60,4,948,17352,1,,
56,1637,1,953,17355,1,,
55,1622,2,992,17367,1,,
41,5,3,988,17375,1,,
140,50,5,948,17377,1,,
418,226,7,819,17382,1,,
418,203,9,781,17382,1,,
40,63,6,996,17384,1,,
452,574,8,728,17389,1,,
128,115,3,946,17390,1,,
10,1957,3,902,17404,1,,
10,37,8,728,17404,1,,
415,173,5,902,17413,1,,
416,159,10,977,17426,1,,
192,1782,3,868,17435,1,,
101,1267,4,868,17445,1,,
129,45,11,945,17447,1,,
412,102,5,773,17464,1,,
412,-1,-1,-999,17464,2,v14_piggyback,3.0,17464,0
130,110,12,950,17466,1,,
411,96,6,728,17479,1,,
411,96,5,948,17479,1,,
413,122,10,962,17480,1,,
403,976,9,945,17484,1,,
11,1917,4,978,17486,1,,
274,378,4,991,17494,1,,
302,78,8,998,17495,1,,
438,218,10,752,17496,1,,
441,331,5,781,17507,1,,
440,290,7,950,17515,1,,
421,300,9,950,17528,1,,
450,521,4,945,17535,1,,
2,9,11,1001,17538,1,,
439,265,7,998,17546,1,,
163,126,3,946,17552,1,,
409,74,9,1001,17554,1,,
410,96,5,948,17563,1,,
193,113,8,1005,17568,1,,
68,1962,2,998,17568,1,,
437,179,4,773,17572,1,,
244,2072,2,950,17582,1,,
477,1039,4,1005,17592,1,,
194,1790,2,728,17620,1,,
194,191,2,978,17620,1,,
465,837,6,993,17626,1,,
221,1945,1,728,17633,1,,
221,271,6,838,17633,1,,
206,1856,1,988,17640,1,,
224,240,1,950,17644,1,,
422,402,10,838,17649,1,,
422,-1,-1,-999,17649,2,v14_piggyback,4.0,17649,0
414,150,7,838,17662,1,,
393,472,6,682,17666,1,,
363,220,4,728,17671,1,,
66,1958,2,993,17672,1,,
66,-1,-1,-999,17673,2,v14_piggyback,2.0,17672,1
338,136,2,1011,17679,1,,
400,2860,4,838,17680,1,,
398,685,7,847,17693,1,,
192,67,9,879,17694,1,,
425,572,10,879,17711,1,,
459,714,2,879,17717,1,,
318,2464,3,879,17725,1,,
365,322,12,961,17728,1,,
198,81,2,987,17732,1,,
42,44,8,961,17744,1,,
448,491,2,773,17747,1,,
120,1384,3,961,17750,1,,
101,1264,4,972,17750,1,,
101,1264,4,844,17750,1,,
101,1268,9,682,17750,1,,
411,112,4,838,17756,1,,
413,125,7,993,17781,1,,
438,216,8,953,17793,1,,
438,249,7,996,17793,1,,
138,1485,8,931,17804,1,,
384,53,2,728,17805,1,,
275,378,5,931,17812,1,,
119,45,10,931,17833,1,,
119,13,5,931,17833,1,,
450,526,12,918,17849,1,,
424,522,2,834,17852,1,,
424,505,8,864,17852,1,,
225,83,5,931,17857,1,,
410,70,9,838,17868,1,,
410,79,12,838,17868,1,,
410,-1,-1,-999,17869,2,v14_piggyback,3.0,17868,1
420,302,7,1017,17869,1,,
339,136,6,864,17869,1,,
175,1687,2,930,17875,1,,
64,1895,3,834,17878,1,,
332,2539,2,847,17882,1,,
412,105,4,1014,17891,1,,
131,1,6,1017,17894,1,,
193,1784,1,728,17896,1,,
465,835,2,879,17902,1,,
487,1186,2,1001,17903,1,,
446,438,6,1024,17903,1,,
89,8,6,864,17914,1,,
340,6,8,842,17947,1,,
340,-1,-1,-999,17947,2,v14_piggyback,8.0,17947,0
454,612,1,978,17957,1,,
100,1261,3,931,17958,1,,
414,142,7,842,17960,1,,
78,4,6,842,17982,1,,
78,9,2,842,17982,1,,
78,7,5,842,17982,1,,
78,58,2,830,17982,1,,
300,124,4,823,17985,1,,
419,246,8,823,17997,1,,
154,1571,10,842,18002,1,,
154,117,3,910,18002,1,,
139,1489,7,875,18008,1,,
423,479,7,830,18015,1,,
99,1252,9,823,18020,1,,
321,61,7,830,18028,1,,
321,-1,-1,-999,18028,2,v14_piggyback,2.0,18028,0
267,209,6,875,18030,1,,
158,151,4,1010,18039,1,,
299,26,9,561,18043,1,,
438,206,10,1011,18044,1,,
411,101,6,1028,18057,1,,
450,524,7,966,18062,1,,
450,539,7,1024,18062,1,,
322,91,8,995,18071,1,,
384,17,7,910,18074,1,,
333,706,9,561,18074,1,,
384,-1,-1,-999,18075,2,v14_piggyback,2.0,18074,1
235,131,5,995,18081,1,,
249,59,6,842,18089,1,,
249,2098,1,738,18089,1,,
288,128,6,1004,18093,1,,
231,123,9,703,18108,1,,
160,65,12,1004,18127,1,,
268,90,5,561,18133,1,,
268,33,8,795,18133,1,,
0,9,6,1004,18139,1,,
326,459,9,703,18158,1,,
104,1285,8,561,18164,1,,
54,1519,2,842,18170,1,,
54,3,7,1027,18170,1,,
428,756,10,1018,18174,1,,
446,450,9,1002,18184,1,,
461,752,12,887,18189,1,,
302,57,8,795,18201,1,,
412,112,9,703,18202,1,,
412,102,8,1018,18202,1,,
324,91,5,1027,18208,1,,
324,0,8,887,18208,1,,
269,33,9,1015,18214,1,,
79,129,10,506,18228,1,,
339,6,2,842,18230,1,,
339,6,12,910,18230,1,,
339,-1,-1,-999,18230,2,v14_piggyback,2.0,18230,0
463,785,8,1015,18240,1,,
43,5,7,887,18242,1,,
303,152,6,1027,18254,1,,
392,462,6,830,18265,1,,
327,448,12,964,18272,1,,
327,609,10,949,18272,1,,
425,571,6,842,18277,1,,
410,93,6,1002,18285,1,,
410,87,8,506,18285,1,,
325,389,11,1000,18294,1,,
386,146,9,964,18302,1,,
386,55,8,949,18302,1,,
386,-1,-1,-999,18302,2,v14_piggyback,2.0,18302,0
214,271,4,851,18310,1,,
214,317,7,801,18310,1,,
465,826,8,1002,18321,1,,
161,16,2,703,18331,1,,
161,75,10,973,18331,1,,
161,50,10,973,18331,1,,
109,1317,3,561,18338,1,,
109,13,9,801,18338,1,,
445,413,10,801,18352,1,,
323,71,4,949,18352,1,,
323,91,10,973,18352,1,,
254,259,8,1000,18363,1,,
254,471,1,1000,18363,1,,
62,4,8,703,18374,1,,
62,1868,3,949,18374,1,,
62,3,5,973,18374,1,,
1,41,1,1027,18375,1,,
1,19,5,1000,18375,1,,
340,136,8,795,18387,1,,
411,93,10,1004,18391,1,,
427,627,3,886,18406,1,,
427,690,6,973,18406,1,,
409,76,8,851,18411,1,,
129,115,8,1018,18419,1,,
375,969,6,910,18422,1,,
363,194,8,801,18427,1,,
454,615,9,995,18435,1,,
387,127,7,506,18438,1,,
479,1084,6,842,18438,1,,
266,103,8,973,18448,1,,
408,40,4,1000,18455,1,,
408,-1,-1,-999,18455,2,v14_piggyback,2.0,18455,0
0,28,6,801,18460,1,,
283,20,8,1018,18462,1,,
422,407,4,762,18467,1,,
291,439,6,801,18473,1,,
468,877,4,842,18476,1,,
486,1177,4,1027,18485,1,,
438,3028,3,738,18497,1,,
44,1298,6,973,18512,1,,
200,185,3,842,18529,1,,
463,796,11,506,18537,1,,
444,401,3,738,18537,1,,
482,1118,6,506,18546,1,,
140,50,4,851,18554,1,,
140,147,1,801,18554,1,,
434,1030,6,851,18563,1,,
456,638,6,1004,18567,1,,
456,-1,-1,-999,18567,2,v14_piggyback,3.0,18567,0
410,76,4,851,18578,1,,
410,93,6,801,18578,1,,
343,334,6,703,18579,1,,
419,283,5,561,18586,1,,
457,668,6,1018,18590,1,,
440,307,5,703,18601,1,,
465,3144,4,738,18605,1,,
389,208,5,973,18611,1,,
448,494,2,1027,18618,1,,
478,1056,6,1004,18623,1,,
478,-1,-1,-999,18623,2,v14_piggyback,2.0,18623,0
394,478,4,801,18637,1,,
398,674,4,964,18637,1,,
376,951,3,1049,18642,1,,
84,270,4,1044,18644,1,,
1,19,8,1053,18651,1,,
450,517,2,738,18661,1,,
367,398,4,973,18668,1,,
230,1997,2,842,18668,1,,
429,818,3,1015,18677,1,,
52,1491,3,506,18690,1,,
466,848,2,762,18692,1,,
368,447,4,801,18697,1,,
129,1428,4,1029,18707,1,,
384,21,1,1000,18716,1,,
62,1873,3,561,18722,1,,
340,2583,2,1000,18722,1,,
307,2409,4,1018,18724,1,,
253,2120,2,830,18729,1,,
356,2670,3,795,18742,1,,
443,379,3,875,18748,1,,
484,1159,3,875,18759,1,,
374,2751,3,964,18782,1,,
479,1078,12,1049,18782,1,,
393,352,10,1064,18787,1,,
263,2174,3,703,18790,1,,
408,40,6,1008,18794,1,,
408,-1,-1,-999,18794,2,v14_piggyback,1.0,18794,0
95,1226,1,1018,18795,1,,
0,30,2,1044,18798,1,,
439,251,2,703,18802,1,,
392,2825,2,1018,18808,1,,
3,3,9,1052,18824,1,,
383,17,7,1035,18833,1,,
383,-1,-1,-999,18834,2,v14_piggyback,2.0,18833,1
410,76,8,949,18838,1,,
410,-1,-1,-999,18838,2,v14_piggyback,6.0,18838,0
465,826,9,801,18842,1,,
329,2526,2,561,18849,1,,
151,16,5,1035,18863,1,,
458,698,1,1056,18870,1,,
243,2064,2,1044,18885,1,,
385,31,11,1056,18888,1,,
4,46,3,1050,18889,1,,
4,28,3,1050,18889,1,,
452,574,2,875,18894,1,,
452,-1,-1,-999,18894,2,v14_piggyback,2.0,18894,0
128,89,8,1056,18902,1,,
5,37,8,1047,18903,1,,
426,547,2,1056,18909,1,,
288,27,2,1047,18910,1,,
63,7,6,1042,18926,1,,
478,1056,4,1004,18945,1,,
388,198,2,1019,18952,1,,
356,2668,4,929,18953,1,,
386,53,7,896,18954,1,,
412,125,2,1019,18964,1,,
256,411,6,1042,18965,1,,
387,94,5,954,18975,1,,
140,170,7,1077,18994,1,,
442,354,9,959,19003,1,,
132,1,6,896,19006,1,,
459,705,3,954,19011,1,,
227,1981,3,896,19014,1,,
363,254,4,1043,19020,1,,
6,3,9,959,19035,1,,
321,61,12,1063,19039,1,,
337,2565,2,862,19044,1,,
353,717,6,1063,19053,1,,
312,480,2,1016,19065,1,,
323,91,9,1037,19076,1,,
323,-1,-1,-999,19076,2,v14_piggyback,8.0,19076,0
439,268,2,1015,19083,1,,
131,1444,2,896,19087,1,,
338,6,2,1037,19090,1,,
472,946,2,896,19103,1,,
354,700,6,1083,19118,1,,
151,1553,7,658,19121,1,,
254,2123,4,1083,19127,1,,
440,312,2,896,19127,1,,
290,404,6,994,19135,1,,
243,2065,4,721,19144,1,,
289,36,2,959,19151,1,,
1,30,3,1088,19159,1,,
348,2627,2,896,19164,1,,
339,244,5,916,19169,1,,
396,2843,2,1088,19176,1,,
385,2798,2,810,19180,1,,
444,388,3,916,19195,1,,
408,35,8,1035,19204,1,,
408,40,3,896,19204,1,,
408,-1,-1,-999,19204,2,v14_piggyback,4.0,19204,0
320,213,2,916,19211,1,,
320,-1,-1,-999,19212,2,v14_piggyback,4.0,19211,1
356,2670,3,890,19216,1,,
356,2673,2,862,19216,1,,
386,146,8,1016,19227,1,,
386,53,8,1075,19227,1,,
324,91,10,1089,19233,1,,
466,838,7,1075,19240,1,,
466,-1,-1,-999,19240,2,v14_piggyback,6.0,19240,0
388,80,4,959,19248,1,,
388,146,6,1043,19248,1,,
388,94,10,916,19248,1,,
405,2880,2,1055,19255,1,,
359,2687,2,896,19258,1,,
102,1270,1,1088,19260,1,,
387,80,8,959,19274,1,,
44,1279,12,1062,19278,1,,
322,0,9,1062,19293,1,,
464,816,2,1103,19300,1,,
45,1281,6,809,19312,1,,
347,551,2,1101,19319,1,,
321,0,1,1062,19329,1,,
321,0,10,1103,19329,1,,
459,718,3,809,19337,1,,
439,258,8,1019,19339,1,,
441,328,7,1067,19350,1,,
361,49,5,1071,19352,1,,
103,1282,3,809,19358,1,,
384,2795,2,1071,19363,1,,
442,359,11,1055,19366,1,,
442,344,8,994,19366,1,,
84,270,7,1082,19370,1,,
472,945,10,981,19381,1,,
444,401,2,1072,19397,1,,
360,49,7,1099,19397,1,,
461,755,12,546,19402,1,,
79,58,8,1108,19414,1,,
440,292,9,1058,19427,1,,
440,288,12,1075,19427,1,,
440,-1,-1,-999,19427,2,v14_piggyback,16.0,19427,0
410,93,4,1099,19436,1,,
411,98,4,1092,19445,1,,
358,11,6,944,19463,1,,
404,1002,8,546,19465,1,,
385,32,6,999,19465,1,,
443,379,6,1059,19475,1,,
186,1747,2,1059,19482,1,,
114,1343,8,999,19487,1,,
114,-1,-1,-999,19487,2,v14_piggyback,6.0,19487,0
413,137,6,944,19493,1,,
168,139,8,1068,19507,1,,
78,58,5,546,19514,1,,
52,1477,4,1059,19516,1,,
464,813,8,1067,19526,1,,
464,-1,-1,-999,19526,2,v14_piggyback,3.0,19526,0
164,126,7,1057,19529,1,,
445,417,4,1082,19533,1,,
43,82,9,546,19546,1,,
416,167,6,1030,19556,1,,
412,105,9,726,19559,1,,
359,997,9,1030,19572,1,,
169,139,8,1100,19579,1,,
105,1290,3,1030,19580,1,,
449,502,2,1100,19588,1,,
330,2530,1,1030,19591,1,,
330,645,5,898,19591,1,,
362,997,4,1105,19592,1,,
362,121,3,726,19592,1,,
363,121,4,726,19612,1,,
363,60,11,1026,19612,1,,
414,148,11,1070,19622,1,,
289,2312,2,546,19626,1,,
289,38,8,1026,19626,1,,
417,187,6,965,19628,1,,
415,173,4,898,19648,1,,
442,364,10,944,19655,1,,
441,3037,4,997,19655,1,,
441,325,5,726,19655,1,,
408,40,6,1026,19665,1,,
408,-1,-1,-999,19665,2,v14_piggyback,1.0,19665,0
361,12,10,898,19665,1,,
401,823,3,1070,19666,1,,
192,1779,2,608,19678,1,,
163,126,6,1013,19686,1,,
163,16,8,1013,19686,1,,
206,1858,2,1070,19697,1,,
166,1639,2,1030,19705,1,,
166,1636,10,883,19705,1,,
166,-1,-1,-999,19705,2,v14_piggyback,3.0,19705,0
444,388,6,1059,19709,1,,
444,-1,-1,-999,19709,2,v14_piggyback,1.0,19709,0
243,2065,2,1111,19714,1,,
204,165,3,898,19723,1,,
204,1845,3,1013,19723,1,,
204,223,6,1013,19723,1,,
461,748,12,1105,19731,1,,
461,755,6,1026,19731,1,,
461,-1,-1,-999,19731,2,v14_piggyback,4.0,19731,0
1,3,2,1120,19736,1,,
452,561,5,1026,19740,1,,
154,50,6,559,19750,1,,
154,16,12,559,19750,1,,
418,222,6,1105,19750,1,,
50,88,5,1112,19770,1,,
443,373,4,546,19780,1,,
445,421,8,726,19794,1,,
413,148,12,1111,19799,1,,
455,630,5,726,19804,1,,
106,141,4,1013,19807,1,,
106,8,8,559,19807,1,,
180,224,8,1116,19819,1,,
378,2768,4,1108,19820,1,,
269,183,4,1045,19823,1,,
269,2209,4,559,19823,1,,
348,2628,4,997,19833,1,,
412,133,11,1116,19834,1,,
358,12,2,898,19843,1,,
358,49,11,559,19843,1,,
447,460,8,559,19857,1,,
420,285,4,965,19870,1,,
420,302,3,559,19870,1,,
470,914,8,1013,19884,1,,
385,73,3,1082,19899,1,,
132,117,3,546,19909,1,,
338,287,3,1026,19917,1,,
440,288,8,1111,19919,1,,
417,226,9,1045,19922,1,,
299,54,5,1116,19927,1,,
326,605,6,883,19939,1,,
343,377,6,559,19953,1,,
165,126,9,1130,19953,1,,
384,53,6,1116,19966,1,,
411,108,2,1026,19973,1,,
168,1650,6,608,19975,1,,
201,185,8,1116,19988,1,,
416,173,5,898,19994,1,,
464,813,1,1067,19995,1,,
464,819,7,1026,19995,1,,
477,1032,5,1112,19998,1,,
407,48,4,559,20016,1,,
248,284,2,1105,20016,1,,
298,26,2,1108,20023,1,,
158,75,2,1082,20030,1,,
0,1593,4,1112,20032,1,,
423,479,4,965,20039,1,,
291,439,6,1080,20050,1,,
439,273,4,1091,20053,1,,
452,568,6,1130,20065,1,,
433,967,2,1105,20074,1,,
457,3111,4,898,20077,1,,
481,1099,2,546,20081,1,,
442,360,4,559,20089,1,,
415,154,3,559,20098,1,,
383,34,4,1121,20100,1,,
32,2141,2,1030,20105,1,,
446,437,2,997,20105,1,,
138,1483,2,1013,20112,1,,
179,160,4,1045,20121,1,,
413,134,8,1091,20130,1,,
424,444,4,1094,20142,1,,
424,418,10,1094,20142,1,,
440,292,1,1058,20148,1,,
404,2879,3,1086,20151,1,,
437,140,2,559,20155,1,,
62,7,3,1091,20160,1,,
444,410,7,1112,20172,1,,
1,1297,4,1138,20181,1,,
429,2985,2,1112,20188,1,,
421,302,1,559,20190,1,,
159,192,8,1126,20199,1,,
135,147,9,1102,20214,1,,
308,2413,2,1142,20217,1,,
451,557,4,1102,20224,1,,
18,1311,2,1142,20225,1,,
170,139,10,913,20238,1,,
392,462,8,1097,20245,1,,
165,1630,2,396,20248,1,,
472,950,12,1126,20264,1,,
142,1503,6,913,20266,1,,
305,256,8,1124,20278,1,,
485,1167,10,975,20280,1,,
485,-1,-1,-999,20280,2,v14_piggyback,1.0,20280,0
458,695,4,1140,20280,1,,
258,296,12,1109,20298,1,,
442,362,7,1140,20299,1,,
349,2631,2,1126,20305,1,,
475,1001,3,913,20305,1,,
291,336,4,789,20312,1,,
160,75,10,1139,20328,1,,
477,1038,8,1086,20329,1,,
250,64,4,1109,20332,1,,
250,64,8,1145,20332,1,,
250,306,7,1090,20332,1,,
166,10,6,789,20338,1,,
463,791,6,1139,20347,1,,
410,97,4,1097,20351,1,,
410,74,8,1090,20351,1,,
439,274,9,1142,20359,1,,
420,267,11,1145,20368,1,,
420,-1,-1,-999,20368,2,v14_piggyback,2.0,20368,0
298,1042,7,1143,20371,1,,
130,1435,4,1139,20374,1,,
130,-1,-1,-999,20374,2,v14_piggyback,2.0,20374,0
300,124,6,1085,20383,1,,
225,25,4,1098,20392,1,,
2,30,4,1009,20399,1,,
2,51,7,1023,20399,1,,
239,2045,4,1124,20401,1,,
229,400,5,1093,20411,1,,
120,39,6,975,20421,1,,
120,1380,3,1076,20421,1,,
457,668,3,1142,20425,1,,
391,313,10,1109,20437,1,,
437,174,8,913,20440,1,,
348,680,2,1090,20451,1,,
348,651,6,1145,20451,1,,
419,267,7,1076,20464,1,,
158,65,7,1023,20464,1,,
230,123,6,1125,20475,1,,
445,432,8,1023,20478,1,,
451,554,7,1097,20478,1,,
220,1935,2,1125,20482,1,,
142,1507,4,1009,20496,1,,
284,20,6,1145,20502,1,,
433,1003,6,975,20513,1,,
423,418,7,1023,20525,1,,
354,720,12,1127,20529,1,,
390,210,11,960,20531,1,,
1,41,5,1090,20541,1,,
236,131,10,1127,20543,1,,
400,2863,4,968,20554,1,,
320,0,4,968,20561,1,,
134,1455,1,1129,20566,1,,
446,433,4,1023,20568,1,,
409,74,5,1145,20578,1,,
409,-1,-1,-999,20578,2,v14_piggyback,4.0,20578,0
152,1558,2,1129,20582,1,,
0,51,3,1157,20586,1,,
486,1179,9,57,20603,1,,
463,785,8,1023,20606,1,,
463,-1,-1,-999,20606,2,v14_piggyback,2.0,20606,0
319,2471,3,1123,20610,1,,
44,5,6,57,20620,1,,
487,1186,4,975,20622,1,,
475,1006,6,789,20627,1,,
475,992,8,968,20627,1,,
141,116,2,57,20640,1,,
141,147,4,1163,20640,1,,
141,43,6,1163,20640,1,,
195,1794,3,1023,20661,1,,
389,210,1,960,20661,1,,
389,247,10,1084,20661,1,,
103,1282,3,975,20683,1,,
425,547,3,1157,20685,1,,
425,-1,-1,-999,20685,2,v14_piggyback,1.0,20685,0
387,176,9,1131,20699,1,,
45,22,3,1163,20701,1,,
45,5,4,1163,20701,1,,
45,82,8,1115,20701,1,,
45,3,6,1115,20701,1,,
45,9,2,1115,20701,1,,
101,1269,2,789,20701,1,,
419,289,3,1009,20707,1,,
391,2822,4,803,20708,1,,
438,248,3,1090,20716,1,,
98,1248,4,1115,20721,1,,
98,24,11,1115,20721,1,,
439,258,2,789,20721,1,,
62,7,2,1090,20722,1,,
435,1136,2,1084,20729,1,,
91,8,10,1132,20735,1,,
452,578,8,1163,20747,1,,
129,39,6,1115,20756,1,,
458,692,2,1087,20765,1,,
398,731,2,1032,20778,1,,
151,16,1,1145,20779,1,,
443,384,6,57,20779,1,,
461,745,2,1097,20786,1,,
410,74,1,1145,20792,1,,
457,3109,3,1129,20819,1,,
457,659,2,1115,20819,1,,
411,97,4,1115,20826,1,,
157,1585,6,1115,20835,1,,
386,127,7,1151,20845,1,,
426,566,4,1151,20854,1,,
152,1562,2,1123,20856,1,,
152,1561,11,57,20856,1,,
76,62,12,1170,20857,1,,
408,68,5,1115,20865,1,,
123,1395,4,1061,20866,1,,
397,666,6,974,20877,1,,
163,1624,4,1163,20887,1,,
130,1435,7,1139,20890,1,,
415,175,6,1141,20905,1,,
415,-1,-1,-999,20905,2,v14_piggyback,4.0,20905,0
236,2030,2,82,20905,1,,
236,131,2,1163,20905,1,,
400,741,10,1061,20906,1,,
230,95,12,1168,20925,1,,
409,87,6,1151,20927,1,,
338,100,8,1118,20939,1,,
153,16,6,986,20942,1,,
159,75,7,1173,20947,1,,
418,239,5,974,20949,1,,
88,8,5,1173,20955,1,,
445,417,8,1133,20956,1,,
285,2293,3,974,20957,1,,
285,-1,-1,-999,20957,2,v14_piggyback,13.0,20957,0
438,249,8,1163,20966,1,,
438,-1,-1,-999,20967,2,v14_piggyback,2.0,20966,1
388,132,10,1133,20972,1,,
320,91,7,986,20985,1,,
450,533,3,1163,20998,1,,
286,20,6,1168,21002,1,,
286,211,4,1168,21002,1,,
387,55,3,1156,21003,1,,
387,132,8,986,21003,1,,
298,2360,2,1127,21005,1,,
339,244,1,1115,21015,1,,
322,71,9,1117,21021,1,,
322,-1,-1,-999,21021,2,v14_piggyback,5.0,21021,0
127,116,7,1168,21022,1,,
127,39,6,1186,21022,1,,
321,0,7,1176,21034,1,,
139,170,6,1117,21056,1,,
340,6,8,1095,21067,1,,
340,100,6,1096,21067,1,,
287,2,12,1180,21073,1,,
425,572,11,1141,21074,1,,
462,772,10,1096,21081,1,,
462,-1,-1,-999,21081,2,v14_piggyback,1.0,21081,0
341,244,8,1168,21087,1,,
437,1207,6,1096,21090,1,,
408,68,8,986,21093,1,,
270,2216,3,1096,21096,1,,
386,120,11,1110,21112,1,,
268,33,9,1174,21118,1,,
56,4,8,1033,21126,1,,
199,81,4,1174,21133,1,,
55,4,6,1118,21138,1,,
301,54,5,1117,21147,1,,
284,77,9,1110,21155,1,,
232,118,8,1033,21169,1,,
332,706,8,1134,21186,1,,
458,682,6,1151,21190,1,,
267,209,2,1134,21193,1,,
421,308,6,1033,21210,1,,
333,805,9,1144,21220,1,,
273,243,6,1033,21222,1,,
117,1,1,1176,21227,1,,
117,1364,7,1113,21227,1,,
384,52,5,1168,21232,1,,
323,0,10,1054,21234,1,,
323,-1,-1,-999,21234,2,v14_piggyback,7.0,21234,0
419,239,4,1117,21236,1,,
435,3014,4,1046,21246,1,,
303,15,10,984,21248,1,,
302,54,11,1113,21263,1,,
443,385,2,1141,21270,1,,
320,0,10,984,21272,1,,
320,71,8,1036,21272,1,,
383,18,12,1040,21274,1,,
415,155,10,1180,21291,1,,
201,1830,2,986,21292,1,,
395,514,9,1054,21299,1,,
111,1328,10,1036,21318,1,,
420,293,10,1040,21320,1,,
439,255,8,1040,21334,1,,
324,0,12,1114,21339,1,,
469,889,12,1114,21358,1,,
386,55,3,1156,21360,1,,
460,740,4,1040,21374,1,,
135,107,10,1172,21376,1,,
438,227,11,1134,21378,1,,
438,206,2,1036,21378,1,,
229,118,6,1201,21386,1,,
437,179,10,984,21394,1,,
437,-1,-1,-999,21395,2,v14_piggyback,2.0,21394,1
306,408,9,1040,21401,1,,
183,191,9,1172,21407,1,,
339,109,8,1054,21408,1,,
127,1420,5,976,21418,1,,
274,275,6,1172,21418,1,,
450,525,7,1128,21421,1,,
304,57,6,1036,21433,1,,
416,169,12,1177,21438,1,,
353,737,2,1180,21445,1,,
165,1635,2,1110,21451,1,,
455,636,6,1054,21458,1,,
455,-1,-1,-999,21458,2,v14_piggyback,1.0,21458,0
275,277,10,1204,21463,1,,
358,997,10,1204,21481,1,,
358,-1,-1,-999,21481,2,v14_piggyback,10.0,21481,0
432,909,5,1204,21491,1,,
273,2230,2,1117,21501,1,,
431,891,2,1065,21513,1,,
171,1665,2,1168,21516,1,,
264,162,5,1054,21520,1,,
360,49,10,1195,21536,1,,
360,-1,-1,-999,21536,2,v14_piggyback,4.0,21536,0
459,702,2,1180,21544,1,,
459,-1,-1,-999,21544,2,v14_piggyback,2.0,21544,0
318,2463,4,1144,21547,1,,
288,27,1,1040,21549,1,,
288,-1,-1,-999,21550,2,v14_piggyback,1.0,21549,1
136,147,8,1195,21550,1,,
246,2082,3,1114,21563,1,,
328,2518,3,984,21571,1,,
430,844,12,576,21573,1,,
210,231,3,1054,21579,1,,
487,1198,4,1036,21588,1,,
175,1692,2,974,21588,1,,
386,2801,4,984,21600,1,,
415,173,8,1136,21602,1,,
313,735,4,1136,21611,1,,
109,3,4,1160,21612,1,,
109,1,6,576,21612,1,,
419,239,1,974,21617,1,,
419,-1,-1,-999,21617,2,v14_piggyback,1.0,21617,0
414,150,8,1206,21644,1,,
151,1557,2,984,21647,1,,
268,209,6,1160,21661,1,,
469,884,2,989,21663,1,,
162,10,2,1134,21677,1,,
466,851,8,1195,21682,1,,
285,20,12,586,21702,1,,
361,49,5,1160,21703,1,,
128,1426,3,1160,21715,1,,
425,519,10,586,21718,1,,
425,-1,-1,-999,21719,2,v14_piggyback,2.0,21718,1
158,1592,8,1207,21732,1,,
158,-1,-1,-999,21732,2,v14_piggyback,5.0,21732,0
5,3,12,1213,21734,1,,
2,41,10,1199,21753,1,,
130,1,6,1214,21765,1,,
104,1287,2,1175,21775,1,,
267,209,4,1199,21776,1,,
165,126,8,1207,21779,1,,
165,14,5,1217,21779,1,,
159,269,3,1160,21786,1,,
93,13,6,1202,21786,1,,
326,459,5,1175,21797,1,,
354,2660,2,1160,21807,1,,
283,27,6,1207,21808,1,,
283,38,10,1022,21808,1,,
149,1542,6,586,21829,1,,
149,147,8,1022,21829,1,,
388,2811,3,1224,21830,1,,
246,2080,3,850,21853,1,,
91,8,10,1224,21869,1,,
437,3019,2,1204,21872,1,,
92,1215,4,1221,21879,1,,
409,70,7,1022,21881,1,,
3,19,8,1178,21895,1,,
242,163,8,1197,21917,1,,
4,28,6,1179,21921,1,,
4,9,4,1223,21921,1,,
4,41,8,1223,21921,1,,
487,3247,2,1202,21924,1,,
129,116,4,1149,21929,1,,
135,1460,1,1167,21934,1,,
353,746,8,1022,21935,1,,
6,3,11,1192,21941,1,,
432,936,3,1149,21945,1,,
111,1326,6,1207,21946,1,,
244,64,9,1192,21959,1,,
244,59,2,1192,21959,1,,
362,69,10,1149,21969,1,,
415,155,10,586,21978,1,,
415,-1,-1,-999,21978,2,v14_piggyback,8.0,21978,0
360,49,1,1160,21982,1,,
450,525,1,1213,21987,1,,
470,905,6,1207,21991,1,,
319,850,10,1166,22006,1,,
445,426,6,1022,22006,1,,
431,872,10,1003,22020,1,,
306,366,11,1192,22033,1,,
427,696,10,1192,22055,1,,
392,326,7,1003,22061,1,,
408,68,5,1205,22069,1,,
2,19,8,1171,22076,1,,
2,9,6,924,22076,1,,
420,283,5,1178,22080,1,,
471,924,8,1166,22084,1,,
447,457,6,1022,22091,1,,
483,1135,10,924,22093,1,,
459,702,7,576,22096,1,,
302,57,6,1192,22104,1,,
469,889,7,1221,22117,1,,
469,-1,-1,-999,22117,2,v14_piggyback,4.0,22117,0
162,151,4,1166,22125,1,,
162,1615,4,1222,22125,1,,
399,2857,4,1192,22126,1,,
480,1087,2,586,22132,1,,
419,263,6,1197,22138,1,,
456,655,4,1206,22141,1,,
440,314,4,1022,22150,1,,
305,346,8,1231,22165,1,,
460,725,6,1250,22174,1,,
460,-1,-1,-999,22174,2,v14_piggyback,6.0,22174,0
363,119,6,1003,22183,1,,
331,2537,2,1207,22187,1,,
417,225,6,1003,22193,1,,
418,235,2,1022,22195,1,,
455,628,7,1231,22204,1,,
1,9,9,1250,22210,1,,
151,1555,3,1192,22212,1,,
64,1929,4,1003,22217,1,,
175,1689,2,1022,22223,1,,
225,1973,4,1242,22227,1,,
145,345,5,1235,22237,1,,
193,228,3,1192,22242,1,,
487,1195,7,924,22260,1,,
406,2889,2,924,22267,1,,
450,523,10,1166,22277,1,,
450,531,4,832,22277,1,,
450,-1,-1,-999,22277,2,v14_piggyback,1.0,22277,0
105,1289,2,1146,22295,1,,
105,-1,-1,-999,22295,2,v14_piggyback,1.0,22295,0
368,372,2,1154,22302,1,,
353,700,10,1146,22318,1,,
410,98,2,1171,22319,1,,
470,921,6,832,22329,1,,
292,2328,3,1003,22337,1,,
409,79,11,1244,22345,1,,
471,3169,4,832,22346,1,,
413,135,9,647,22351,1,,
170,1661,2,1197,22352,1,,
483,1140,5,1020,22366,1,,
386,168,10,647,22368,1,,
408,48,6,924,22377,1,,
408,-1,-1,-999,22377,2,v14_piggyback,1.0,22377,0
153,1566,6,1169,22379,1,,
171,1667,3,1222,22385,1,,
158,192,4,1169,22388,1,,
420,283,10,1231,22393,1,,
447,466,4,1203,22397,1,,
459,702,6,1222,22411,1,,
459,715,5,1242,22411,1,,
412,133,9,1219,22414,1,,
440,292,8,1235,22425,1,,
415,2928,2,576,22432,1,,
417,226,3,1222,22454,1,,
224,214,2,924,22458,1,,
129,141,1,1166,22461,1,,
480,1086,9,1154,22461,1,,
108,1310,2,924,22464,1,,
411,97,7,1219,22488,1,,
378,1047,2,824,22492,1,,
460,725,2,1250,22494,1,,
92,8,8,647,22502,1,,
418,203,8,1146,22516,1,,
183,1735,2,1232,22521,1,,
469,884,2,824,22528,1,,
225,181,8,1189,22549,1,,
225,301,6,1189,22549,1,,
79,58,7,1261,22553,1,,
79,129,5,1261,22553,1,,
448,491,4,1189,22558,1,,
419,235,6,1022,22560,1,,
419,246,1,647,22560,1,,
101,1267,10,1229,22569,1,,
439,261,6,647,22578,1,,
367,357,6,1261,22581,1,,
4,22,9,1191,22587,1,,
273,277,6,1261,22598,1,,
473,961,6,647,22600,1,,
7,3,10,1227,22603,1,,
142,43,5,647,22610,1,,
364,322,1,1194,22617,1,,
410,97,2,1219,22617,1,,
421,303,9,1191,22619,1,,
452,573,2,1219,22635,1,,
3,46,12,1260,22647,1,,
3,37,8,1260,22647,1,,
366,337,10,1273,22657,1,,
274,297,4,1270,22666,1,,
226,271,9,1227,22676,1,,
226,25,7,1260,22676,1,,
440,312,6,1212,22681,1,,
440,292,9,1146,22681,1,,
440,305,7,647,22681,1,,
440,-1,-1,-999,22681,2,v14_piggyback,6.0,22681,0
211,1884,1,1169,22687,1,,
257,233,7,1196,22689,1,,
409,86,4,1246,22689,1,,
170,1662,2,1270,22696,1,,
77,24,6,1246,22707,1,,
437,179,6,1191,22719,1,,
50,1443,2,1273,22720,1,,
50,88,5,1268,22720,1,,
108,1314,7,935,22732,1,,
108,-1,-1,-999,22732,2,v14_piggyback,1.0,22732,0
488,1206,8,1260,22746,1,,
464,813,5,1227,22756,1,,
163,1619,4,1227,22767,1,,
352,2650,2,1211,22770,1,,
460,724,9,1229,22770,1,,
413,134,2,1211,22777,1,,
413,-1,-1,-999,22777,2,v14_piggyback,4.0,22777,0
318,2465,3,1246,22778,1,,
408,35,4,1232,22786,1,,
408,48,7,1191,22786,1,,
408,-1,-1,-999,22786,2,v14_piggyback,2.0,22786,0
458,682,3,1190,22786,1,,
312,545,7,1249,22799,1,,
448,495,6,1196,22800,1,,
313,735,4,1260,22810,1,,
299,15,8,1252,22816,1,,
299,-1,-1,-999,22816,2,v14_piggyback,2.0,22816,0
419,285,4,1191,22819,1,,
473,956,5,1226,22827,1,,
473,957,9,1051,22827,1,,
414,134,2,1283,22834,1,,
306,376,12,1252,22835,1,,
200,81,9,716,22866,1,,
445,425,4,1189,22877,1,,
384,34,10,1252,22885,1,,
384,-1,-1,-999,22885,2,v14_piggyback,3.0,22885,0
388,176,6,716,22892,1,,
411,105,7,1074,22905,1,,
411,-1,-1,-999,22905,2,v14_piggyback,16.0,22905,0
452,561,7,1268,22907,1,,
412,105,1,1074,22921,1,,
412,99,9,1198,22921,1,,
258,296,5,1252,22922,1,,
41,29,3,1260,22925,1,,
350,700,5,716,22932,1,,
300,26,8,1272,22937,1,,
410,97,8,1211,22945,1,,
104,1284,3,1260,22947,1,,
444,405,6,1074,22957,1,,
157,65,2,1252,22962,1,,
379,1060,3,1191,22975,1,,
42,1237,3,1275,22983,1,,
463,789,6,1275,22994,1,,
301,78,4,1266,23004,1,,
128,1,4,1218,23025,1,,
302,78,9,1248,23028,1,,
385,2796,1,1273,23029,1,,
385,53,8,1233,23029,1,,
232,123,4,716,23034,1,,
409,76,6,1190,23049,1,,
409,87,6,1252,23049,1,,
386,53,3,1233,23057,1,,
370,452,10,1215,23064,1,,
387,94,6,1278,23068,1,,
215,1910,1,1190,23078,1,,
215,1907,2,1278,23078,1,,
163,1621,9,1248,23079,1,,
451,559,8,1182,23099,1,,
109,8,7,1215,23101,1,,
109,45,8,1215,23101,1,,
473,961,12,1074,23118,1,,
473,-1,-1,-999,23118,2,v14_piggyback,1.0,23118,0
4,22,8,1248,23123,1,,
338,109,2,1273,23131,1,,
229,25,11,1182,23135,1,,
288,27,2,1233,23138,1,,
446,438,5,1182,23156,1,,
214,1903,2,1252,23167,1,,
415,167,5,1225,23168,1,,
136,107,4,1182,23178,1,,
289,36,11,1286,23185,1,,
475,1008,8,1248,23186,1,,
483,1133,8,1248,23200,1,,
170,1662,4,1286,23201,1,,
267,2199,4,716,23202,1,,
319,2472,2,1272,23214,1,,
412,101,2,1225,23218,1,,
412,122,8,1225,23218,1,,
165,10,3,1215,23226,1,,
165,65,4,1289,23226,1,,
429,802,3,716,23237,1,,
313,735,4,1248,23244,1,,
0,51,6,1293,23256,1,,
419,239,6,1275,23268,1,,
410,96,3,1218,23275,1,,
410,76,8,1182,23275,1,,
354,2659,3,1215,23275,1,,
453,588,1,1252,23286,1,,
300,2369,3,1238,23294,1,,
444,396,2,1233,23301,1,,
408,68,6,1225,23302,1,,
463,789,10,1266,23311,1,,
463,791,11,1215,23311,1,,
488,1205,3,1153,23319,1,,
459,701,2,1293,23326,1,,
166,126,5,1243,23327,1,,
413,134,5,1283,23333,1,,
290,229,4,1243,23337,1,,
409,87,7,1310,23347,1,,
285,2,8,1282,23350,1,,
147,1534,2,1215,23358,1,,
129,116,10,1310,23364,1,,
480,1093,7,1282,23372,1,,
480,-1,-1,-999,23372,2,v14_piggyback,3.0,23372,0
451,553,4,1279,23373,1,,
360,60,4,920,23381,1,,
297,2354,1,1293,23396,1,,
442,364,4,1243,23409,1,,
442,-1,-1,-999,23410,2,v14_piggyback,1.0,23409,1
273,278,4,1122,23419,1,,
440,299,2,1198,23425,1,,
411,102,3,1191,23431,1,,
432,2999,3,716,23433,1,,
230,118,1,1310,23441,1,,
77,47,2,1310,23448,1,,
254,2124,3,550,23452,1,,
358,997,11,1012,23470,1,,
259,296,8,1311,23478,1,,
259,488,10,1311,23478,1,,
332,865,7,1012,23482,1,,
267,2197,1,1266,23484,1,,
232,118,7,1315,23485,1,,
232,276,6,1303,23485,1,,
145,1524,4,1304,23493,1,,
384,2793,4,1303,23494,1,,
171,14,1,1311,23501,1,,
171,1666,2,1311,23501,1,,
473,970,9,1025,23523,1,,
289,229,8,1025,23549,1,,
289,2,10,1025,23549,1,,
412,112,10,1304,23551,1,,
412,105,6,1311,23551,1,,
383,52,12,1220,23559,1,,
378,1047,9,1025,23564,1,,
256,488,10,1307,23568,1,,
461,743,4,1241,23569,1,,
471,935,3,1241,23577,1,,
402,944,8,1306,23578,1,,
130,110,8,1307,23581,1,,
453,588,8,920,23592,1,,
128,89,7,1322,23594,1,,
234,95,4,1012,23616,1,,
234,2021,3,1314,23616,1,,
320,71,2,1241,23624,1,,
385,32,2,1241,23633,1,,
457,658,2,1122,23636,1,,
420,303,5,1307,23640,1,,
409,70,4,1025,23647,1,,
338,6,3,1322,23654,1,,
338,-1,-1,-999,23654,2,v14_piggyback,1.0,23654,0
448,498,6,1012,23658,1,,
297,2353,4,550,23661,1,,
137,1475,2,1012,23665,1,,
177,1698,2,1292,23668,1,,
78,129,9,1330,23676,1,,
78,3,5,1330,23676,1,,
78,4,1,1330,23676,1,,
51,88,8,1325,23690,1,,
435,3014,2,1311,23695,1,,
411,105,1,1311,23701,1,,
410,79,6,1330,23702,1,,
79,24,6,1297,23713,1,,
339,109,6,1277,23720,1,,
80,58,5,1294,23724,1,,
444,388,2,1243,23731,1,,
200,81,5,1325,23734,1,,
321,196,4,1330,23753,1,,
436,1110,7,1034,23772,1,,
193,67,7,1034,23783,1,,
480,1093,1,1282,23787,1,,
480,1090,8,1122,23787,1,,
480,1085,8,1012,23787,1,,
480,1087,3,1314,23787,1,,
199,1822,4,1294,23788,1,,
256,2133,2,1292,23790,1,,
256,2135,2,1034,23790,1,,
443,375,2,1323,23794,1,,
442,364,8,1306,23814,1,,
461,3126,3,805,23822,1,,
384,18,8,1241,23825,1,,
384,21,12,1325,23825,1,,
384,-1,-1,-999,23825,2,v14_piggyback,2.0,23825,0
484,1155,4,805,23831,1,,
160,1602,3,1271,23832,1,,
471,938,5,1309,23835,1,,
2,19,5,1284,23841,1,,
298,26,2,1315,23842,1,,
247,2087,3,805,23843,1,,
43,82,5,1327,23849,1,,
184,67,3,1284,23855,1,,
340,6,4,1327,23861,1,,
235,2027,2,1325,23871,1,,
407,66,4,1284,23882,1,,
158,192,2,1327,23909,1,,
158,151,8,1350,23909,1,,
194,184,8,1348,23910,1,,
177,1698,2,1330,23922,1,,
185,67,9,1184,23922,1,,
448,499,8,1323,23928,1,,
448,487,8,1323,23928,1,,
3,41,8,1184,23934,1,,
229,95,6,1119,23941,1,,
55,4,5,1184,23942,1,,
288,2306,2,1263,23945,1,,
288,20,9,1267,23945,1,,
231,2001,2,1347,23952,1,,
476,1015,8,1119,23955,1,,
472,941,10,1263,23968,1,,
189,67,8,1152,23977,1,,
392,313,5,1119,23979,1,,
487,1200,11,1257,23986,1,,
128,1426,2,1119,23993,1,,
242,59,6,1263,24001,1,,
242,64,3,1257,24001,1,,
130,1433,8,1257,24015,1,,
386,53,2,1119,24022,1,,
453,586,6,915,24026,1,,
154,16,7,915,24039,1,,
0,1297,4,1152,24042,1,,
220,240,10,1340,24057,1,,
358,12,6,1257,24060,1,,
44,82,8,1353,24065,1,,
406,1117,5,1152,24079,1,,
78,88,6,1340,24085,1,,
78,47,6,1280,24085,1,,
260,2159,4,1152,24099,1,,
193,1786,4,1271,24106,1,,
443,385,11,1347,24111,1,,
443,382,10,1263,24111,1,,
232,321,9,1280,24112,1,,
232,276,10,1280,24112,1,,
343,310,7,1152,24117,1,,
159,192,8,1340,24126,1,,
404,1002,6,1150,24126,1,,
261,296,6,1302,24136,1,,
461,748,11,915,24140,1,,
461,748,9,1267,24140,1,,
461,-1,-1,-999,24140,2,v14_piggyback,3.0,24140,0
389,188,10,1280,24142,1,,
389,-1,-1,-999,24143,2,v14_piggyback,4.0,24142,1
390,242,6,1285,24145,1,,
79,24,10,1349,24159,1,,
413,145,4,1150,24159,1,,
442,364,10,1257,24166,1,,
442,-1,-1,-999,24166,2,v14_piggyback,5.0,24166,0
109,1320,10,1280,24176,1,,
414,143,6,1285,24179,1,,
385,52,8,1299,24180,1,,
299,54,6,1340,24190,1,,
299,78,2,1280,24190,1,,
360,49,8,1299,24199,1,,
124,1,8,1299,24213,1,,
448,499,8,915,24227,1,,
367,398,8,1280,24227,1,,
367,-1,-1,-999,24227,2,v14_piggyback,3.0,24227,0
472,954,5,1299,24251,1,,
476,1019,8,1280,24253,1,,
476,1018,10,747,24253,1,,
476,-1,-1,-999,24253,2,v14_piggyback,2.0,24253,0
480,1091,5,805,24261,1,,
215,271,8,1316,24266,1,,
182,191,4,1285,24269,1,,
265,90,4,915,24271,1,,
229,95,3,1284,24275,1,,
449,515,2,1284,24280,1,,
320,61,4,1267,24280,1,,
391,264,6,1291,24282,1,,
444,409,2,1191,24306,1,,
384,21,1,1152,24309,1,,
264,496,9,1341,24320,1,,
485,1167,5,1349,24349,1,,
125,1408,1,1185,24350,1,,
451,549,4,1340,24360,1,,
459,705,4,1263,24362,1,,
130,1433,4,747,24380,1,,
419,272,4,747,24389,1,,
423,493,2,747,24396,1,,
6,1259,3,747,24404,1,,
390,264,9,1185,24408,1,,
470,915,3,1267,24409,1,,
368,357,4,1299,24427,1,,
180,166,2,1267,24433,1,,
169,1655,2,1349,24434,1,,
420,246,2,1267,24440,1,,
318,2464,2,1340,24441,1,,
413,142,2,915,24447,1,,
203,1840,3,1257,24455,1,,
424,477,12,1296,24459,1,,
3,9,8,1388,24476,1,,
383,21,10,1107,24479,1,,
353,2652,4,1107,24486,1,,
408,35,4,1107,24493,1,,
166,10,8,1392,24496,1,,
235,131,3,1107,24506,1,,
414,138,3,932,24514,1,,
388,188,2,1107,24520,1,,
363,254,4,1245,24526,1,,
132,1,5,1245,24535,1,,
387,176,4,1245,24542,1,,
487,1187,2,1281,24542,1,,
313,735,6,1388,24545,1,,
461,748,2,1267,24558,1,,
421,303,3,1379,24570,1,,
421,-1,-1,-999,24571,2,v14_piggyback,3.0,24570,1
480,1091,7,1220,24572,1,,
438,238,2,1165,24579,1,,
422,407,5,1165,24589,1,,
449,500,8,1344,24595,1,,
449,513,5,1338,24595,1,,
384,53,4,1119,24598,1,,
384,-1,-1,-999,24598,2,v14_piggyback,3.0,24598,0
369,372,10,1313,24604,1,,
417,217,6,1367,24610,1,,
450,525,3,1360,24612,1,,
385,42,6,1400,24615,1,,
385,31,9,1400,24615,1,,
419,267,4,1360,24621,1,,
418,225,6,1361,24636,1,,
433,3006,2,1324,24639,1,,
437,3019,2,1361,24643,1,,
305,333,2,1313,24646,1,,
125,1411,11,208,24659,1,,
411,111,12,1031,24665,1,,
84,2944,1,1256,24676,1,,
444,390,8,1356,24687,1,,
303,152,2,1031,24691,1,,
303,57,10,1031,24691,1,,
413,138,5,932,24698,1,,
389,188,6,1107,24709,1,,
389,176,2,1245,24709,1,,
41,44,2,1245,24714,1,,
228,1986,2,932,24725,1,,
420,303,8,1379,24730,1,,
420,289,4,1200,24730,1,,
420,263,8,1200,24730,1,,
476,1018,1,747,24732,1,,
383,31,1,1400,24742,1,,
416,195,12,1319,24762,1,,
386,80,5,1319,24773,1,,
149,1542,10,1389,24777,1,,
388,168,3,1404,24781,1,,
4,30,8,1408,24795,1,,
223,1956,2,1048,24797,1,,
223,23,8,1048,24797,1,,
367,398,8,1336,24799,1,,
367,435,7,1389,24799,1,,
408,35,9,1355,24812,1,,
408,-1,-1,-999,24812,2,v14_piggyback,9.0,24812,0
291,2325,3,1048,24820,1,,
132,1449,12,1338,24821,1,,
132,1449,8,932,24821,1,,
132,-1,-1,-999,24821,2,v14_piggyback,1.0,24821,0
451,559,12,1031,24824,1,,
451,542,5,1200,24824,1,,
451,-1,-1,-999,24824,2,v14_piggyback,4.0,24824,0
227,25,9,1408,24834,1,,
438,216,8,1367,24834,1,,
390,266,2,1200,24839,1,,
390,188,7,1389,24839,1,,
197,1812,6,1408,24843,1,,
166,126,10,1031,24855,1,,
75,62,8,1355,24858,1,,
414,143,10,1234,24859,1,,
410,93,8,1236,24869,1,,
8,3,12,1415,24877,1,,
450,518,10,1031,24886,1,,
452,577,8,1200,24900,1,,
48,29,6,1164,24902,1,,
48,1383,8,1164,24902,1,,
18,1253,4,1236,24915,1,,
18,28,5,1236,24915,1,,
419,234,10,1048,24924,1,,
47,1357,11,415,24925,1,,
439,262,8,1031,24928,1,,
453,598,9,1164,24938,1,,
170,139,8,415,24950,1,,
183,191,11,1164,24969,1,,
393,462,7,1354,24971,1,,
421,329,2,1324,24973,1,,
421,302,10,1389,24973,1,,
426,601,6,1234,24981,1,,
385,34,8,1048,24985,1,,
385,-1,-1,-999,24985,2,v14_piggyback,5.0,24985,0
409,79,7,1424,24985,1,,
2,41,4,1423,24996,1,,
2,19,2,1423,24996,1,,
437,186,4,1256,25020,1,,
290,291,6,1423,25032,1,,
417,215,4,1404,25041,1,,
217,23,7,1336,25046,1,,
477,1039,4,1423,25057,1,,
365,322,7,1236,25059,1,,
384,53,6,1408,25065,1,,
384,21,2,1408,25065,1,,
384,17,9,1234,25065,1,,
384,32,7,1164,25065,1,,
113,177,5,1164,25073,1,,
46,1329,1,-20,25086,1,,
46,1354,8,889,25086,1,,
299,124,5,1164,25094,1,,
411,112,6,1200,25102,1,,
442,356,4,1200,25111,1,,
387,2808,4,1234,25117,1,,
1,37,3,1365,25119,1,,
392,367,8,1407,25123,1,,
40,1220,5,1389,25130,1,,
436,3017,3,1365,25140,1,,
438,248,11,1354,25140,1,,
454,607,2,1336,25147,1,,
57,88,4,1234,25149,1,,
0,28,5,1431,25151,1,,
389,208,3,415,25155,1,,
11,2231,4,415,25162,1,,
339,85,1,1031,25174,1,,
457,664,3,1234,25178,1,,
338,6,4,1407,25181,1,,
220,1942,4,1164,25185,1,,
220,-1,-1,-999,25185,2,v14_piggyback,1.0,25185,0
181,104,4,889,25192,1,,
358,49,4,1423,25195,1,,
448,495,3,1415,25228,1,,
320,71,8,1402,25239,1,,
415,178,8,1346,25242,1,,
444,388,3,1234,25242,1,,
453,597,4,1378,25251,1,,
340,6,8,1346,25256,1,,
391,210,10,1448,25268,1,,
360,49,11,1346,25274,1,,
360,-1,-1,-999,25274,2,v14_piggyback,11.0,25274,0
132,1449,4,932,25275,1,,
164,1625,2,1048,25280,1,,
437,180,5,1236,25284,1,,
408,35,3,1407,25288,1,,
113,1337,10,646,25289,1,,
322,0,10,1320,25305,1,,
322,91,4,1320,25305,1,,
247,59,4,1320,25314,1,,
466,845,4,1320,25323,1,,
384,34,2,1407,25334,1,,
341,85,8,1320,25340,1,,
414,154,2,1381,25341,1,,
207,1861,2,1320,25347,1,,
179,1716,2,1381,25348,1,,
442,359,8,1402,25361,1,,
190,1770,2,1320,25368,1,,
30,2431,4,1371,25383,1,,
30,46,4,1371,25383,1,,
30,30,6,1371,25383,1,,
323,0,11,1295,25385,1,,
413,143,2,1234,25390,1,,
32,2436,2,1164,25396,1,,
167,10,10,1371,25413,1,,
2,46,9,1417,25413,1,,
202,1835,2,1354,25423,1,,
95,13,10,1312,25429,1,,
71,2173,2,1431,25430,1,,
454,624,11,1079,25431,1,,
457,662,2,1354,25437,1,,
452,567,4,1371,25443,1,,
339,6,3,1346,25445,1,,
449,503,4,1312,25452,1,,
92,8,6,1420,25465,1,,
141,50,5,1394,25465,1,,
140,170,1,1415,25470,1,,
205,207,2,1394,25489,1,,
363,172,10,1376,25495,1,,
363,-1,-1,-999,25495,2,v14_piggyback,10.0,25495,0
285,211,3,1312,25515,1,,
285,36,10,1376,25515,1,,
285,-1,-1,-999,25515,2,v14_piggyback,8.0,25515,0
358,49,1,1346,25516,1,,
248,163,9,1417,25519,1,,
415,155,6,1417,25528,1,,
386,55,4,1298,25537,1,,
386,171,1,1295,25537,1,,
386,-1,-1,-999,25537,2,v14_piggyback,3.0,25537,0
286,2,10,1390,25540,1,,
114,1343,7,1295,25547,1,,
186,1750,3,1298,25552,1,,
56,4,10,1187,25560,1,,
388,168,10,1456,25570,1,,
338,85,1,1453,25574,1,,
155,16,6,1376,25579,1,,
262,327,8,1187,25583,1,,
466,845,11,1298,25589,1,,
408,66,10,1443,25599,1,,
408,-1,-1,-999,25599,2,v14_piggyback,5.0,25599,0
142,116,3,1376,25600,1,,
142,50,10,1290,25600,1,,
344,473,8,1326,25603,1,,
282,36,9,1397,25615,1,,
416,169,6,1326,25618,1,,
414,137,8,1376,25634,1,,
414,148,4,1376,25634,1,,
190,1771,1,63,25649,1,,
190,166,11,1457,25649,1,,
413,135,10,1443,25652,1,,
413,142,8,1187,25652,1,,
425,547,2,1455,25670,1,,
425,522,8,1247,25670,1,,
93,8,7,1290,25682,1,,
340,100,10,1455,25686,1,,
342,304,7,1247,25699,1,,
154,43,12,1461,25701,1,,
409,2899,4,1371,25710,1,,
393,313,9,1455,25714,1,,
393,-1,-1,-999,25714,2,v14_piggyback,6.0,25714,0
320,0,4,1290,25719,1,,
343,538,8,1317,25728,1,,
309,361,1,1381,25731,1,,
309,2416,2,1247,25731,1,,
309,376,7,1332,25731,1,,
449,515,10,1290,25736,1,,
95,1230,6,1376,25747,1,,
39,37,4,1247,25748,1,,
39,63,7,1332,25748,1,,
418,234,5,1456,25748,1,,
40,63,2,1332,25765,1,,
40,19,8,1440,25765,1,,
136,147,12,1452,25766,1,,
454,623,8,1453,25769,1,,
345,377,8,1383,25788,1,,
94,13,4,1457,25794,1,,
438,190,5,1457,25803,1,,
443,370,10,1332,25825,1,,
139,1488,8,1440,25839,1,,
437,186,9,1451,25850,1,,
444,388,5,1452,25852,1,,
444,396,3,1450,25852,1,,
415,154,8,1381,25860,1,,
415,150,6,1394,25860,1,,
390,266,2,1454,25863,1,,
390,250,5,1454,25863,1,,
280,378,8,1452,25866,1,,
391,2823,3,1451,25869,1,,
164,1626,3,1383,25875,1,,
117,1362,4,1290,25885,1,,
117,3,8,1450,25885,1,,
158,192,6,1451,25887,1,,
421,329,8,1452,25899,1,,
474,980,6,1187,25908,1,,
274,297,7,1450,25912,1,,
414,137,5,1247,25919,1,,
297,2352,2,1247,25925,1,,
275,297,10,1386,25928,1,,
392,313,3,1332,25933,1,,
392,-1,-1,-999,25933,2,v14_piggyback,4.0,25933,0
413,137,3,1247,25941,1,,
86,347,2,1450,25942,1,,
86,347,6,1358,25942,1,,
245,2078,4,1376,25951,1,,
348,551,6,1386,25967,1,,
193,1787,2,1332,25975,1,,
346,377,11,1039,25978,1,,
470,921,8,1358,25981,1,,
342,2595,4,1440,25984,1,,
385,42,2,1454,25985,1,,
202,1837,3,1376,25997,1,,
76,62,2,1440,26000,1,,
389,247,8,1073,26006,1,,
358,997,2,1440,26013,1,,
264,162,8,1039,26027,1,,
263,2174,6,1073,26039,1,,
95,1228,6,1317,26050,1,,
408,56,6,1332,26051,1,,
225,1974,2,1450,26061,1,,
395,600,2,1376,26067,1,,
394,455,10,1488,26067,1,,
1,28,2,1376,26072,1,,
479,1077,6,1039,26076,1,,
256,488,4,1473,26086,1,,
454,608,8,1451,26100,1,,
438,216,5,1039,26110,1,,
438,-1,-1,-999,26110,2,v14_piggyback,1.0,26110,0
139,1487,6,1374,26115,1,,
419,272,4,1039,26119,1,,
441,342,2,1376,26123,1,,
393,313,7,1332,26128,1,,
0,41,1,1465,26128,1,,
390,266,6,1039,26148,1,,
326,530,1,1234,26153,1,,
459,707,2,1473,26156,1,,
474,987,6,1331,26156,1,,
391,309,1,1312,26158,1,,
64,7,6,1477,26168,1,,
348,2627,4,1288,26175,1,,
309,2416,2,1476,26175,1,,
413,148,2,1376,26181,1,,
468,874,2,1477,26182,1,,
462,769,2,1440,26206,1,,
415,169,6,1326,26211,1,,
45,5,7,1478,26236,1,,
187,1756,2,1039,26240,1,,
156,1580,2,1073,26247,1,,
3,9,6,940,26247,1,,
3,41,8,940,26247,1,,
487,1199,1,1473,26253,1,,
384,21,9,940,26260,1,,
327,645,8,940,26272,1,,
140,43,3,1497,26280,1,,
416,197,6,940,26281,1,,
358,1138,2,1321,26284,1,,
328,530,2,1321,26290,1,,
479,1075,4,1446,26291,1,,
370,591,10,940,26295,1,,
95,1227,8,1410,26307,1,,
306,346,9,1159,26311,1,,
385,42,10,1410,26321,1,,
173,153,4,1159,26327,1,,
371,537,6,1333,26334,1,,
441,328,2,1454,26344,1,,
366,351,6,1486,26359,1,,
6,1259,4,1410,26370,1,,
6,28,7,1351,26370,1,,
360,11,7,1159,26372,1,,
96,13,11,1496,26385,1,,
171,139,8,1486,26386,1,,
457,668,7,1410,26396,1,,
453,590,10,1342,26402,1,,
453,-1,-1,-999,26402,2,v14_piggyback,4.0,26402,0
158,65,12,1474,26421,1,,
454,602,4,1412,26425,1,,
486,1180,11,1351,26435,1,,
148,1538,4,1449,26440,1,,
148,345,9,1449,26440,1,,
130,1,11,1412,26443,1,,
415,161,8,1410,26447,1,,
415,-1,-1,-999,26447,2,v14_piggyback,1.0,26447,0
127,1420,7,1474,26453,1,,
127,-1,-1,-999,26453,2,v14_piggyback,2.0,26453,0
444,388,7,1066,26456,1,,
444,-1,-1,-999,26456,2,v14_piggyback,3.0,26456,0
428,690,10,1066,26472,1,,
185,1746,3,1495,26475,1,,
439,273,4,1410,26482,1,,
230,118,5,1066,26482,1,,
229,276,4,1406,26491,1,,
462,3131,2,1383,26498,1,,
413,134,6,1159,26503,1,,
413,-1,-1,-999,26503,2,v14_piggyback,5.0,26503,0
368,372,2,1495,26508,1,,
427,683,10,1437,26514,1,,
187,1753,12,1412,26533,1,,
468,882,6,1471,26534,1,,
468,874,9,1321,26534,1,,
414,150,4,1514,26538,1,,
419,267,6,1449,26545,1,,
192,1780,3,1393,26550,1,,
192,191,8,1492,26550,1,,
192,-1,-1,-999,26551,2,v14_piggyback,1.0,26550,1
225,1971,2,1159,26555,1,,
225,286,2,1449,26555,1,,
452,560,10,1492,26585,1,,
347,2621,3,1342,26599,1,,
441,319,7,1269,26603,1,,
441,328,6,1137,26603,1,,
441,315,11,940,26603,1,,
370,537,3,1159,26607,1,,
422,402,8,753,26614,1,,
161,75,4,1510,26620,1,,
338,6,8,753,26626,1,,
338,-1,-1,-999,26626,2,v14_piggyback,8.0,26626,0
416,2932,2,1449,26627,1,,
193,1786,4,1337,26633,1,,
371,507,4,1337,26649,1,,
355,876,2,1449,26649,1,,
467,857,2,1159,26659,1,,
64,1929,1,1337,26681,1,,
129,115,8,1193,26693,1,,
421,350,2,1449,26694,1,,
486,1183,12,753,26701,1,,
423,477,7,1193,26706,1,,
0,9,2,1516,26720,1,,
454,615,7,1066,26727,1,,
454,612,7,1492,26727,1,,
454,-1,-1,-999,26727,2,v14_piggyback,1.0,26727,0
179,160,6,1193,26738,1,,
299,57,4,1492,26747,1,,
302,57,6,1419,26759,1,,
148,1540,4,112,26771,1,,
301,54,7,1399,26772,1,,
180,14,5,1395,26776,1,,
180,166,12,1395,26776,1,,
322,0,4,1395,26787,1,,
304,15,12,1334,26790,1,,
462,772,10,1342,26795,1,,
475,992,9,1395,26801,1,,
86,3056,3,1069,26803,1,,
402,811,6,1334,26815,1,,
402,786,11,1208,26815,1,,
439,262,2,1069,26833,1,,
439,-1,-1,-999,26833,2,v14_piggyback,1.0,26833,0
305,152,11,1208,26835,1,,
257,2145,2,1398,26840,1,,
132,1,8,1334,26850,1,,
133,117,8,1528,26862,1,,
414,155,1,753,26874,1,,
414,142,8,1395,26874,1,,
414,-1,-1,-999,26875,2,v14_piggyback,2.0,26874,1
453,590,1,1342,26875,1,,
415,150,7,1514,26909,1,,
415,155,8,753,26909,1,,
415,169,10,1337,26909,1,,
343,534,5,1377,26919,1,,
258,233,9,1507,26920,1,,
245,2076,4,1395,26928,1,,
441,328,5,753,26938,1,,
441,-1,-1,-999,26939,2,v14_piggyback,5.0,26938,1
465,3142,3,1359,26946,1,,
458,692,7,1508,26948,1,,
19,1361,2,1395,26953,1,,
452,575,8,1208,26956,1,,
65,7,6,1508,26960,1,,
229,205,1,1508,26965,1,,
107,1305,6,1208,26973,1,,
271,230,6,1399,26984,1,,
471,930,7,1208,26997,1,,
129,1431,4,1399,27006,1,,
267,103,8,1370,27020,1,,
467,862,6,1069,27033,1,,
467,862,8,1398,27033,1,,
256,2138,2,1334,27038,1,,
148,1537,5,1508,27045,1,,
169,1656,4,1208,27047,1,,
127,1420,5,1474,27056,1,,
479,1079,2,1393,27070,1,,
192,1781,4,1419,27092,1,,
475,1001,7,1411,27105,1,,
475,1010,11,1359,27105,1,,
475,998,9,1377,27105,1,,
475,-1,-1,-999,27105,2,v14_piggyback,1.0,27105,0
462,779,10,1066,27109,1,,
130,177,12,1537,27114,1,,
419,239,7,1522,27118,1,,
419,-1,-1,-999,27118,2,v14_piggyback,5.0,27118,0
1,46,4,1216,27123,1,,
344,310,6,1522,27129,1,,
199,1823,2,1216,27141,1,,
20,30,12,1494,27150,1,,
20,1361,2,1522,27150,1,,
415,150,6,1237,27153,1,,
447,476,4,1494,27159,1,,
390,199,8,1512,27173,1,,
264,923,2,1442,27174,1,,
389,250,5,1494,27183,1,,
458,692,8,1362,27190,1,,
234,2018,3,1442,27192,1,,
217,1918,2,1442,27201,1,,
465,837,12,1532,27202,1,,
465,-1,-1,-999,27202,2,v14_piggyback,3.0,27202,0
308,361,3,1230,27209,1,,
254,2127,2,1442,27216,1,,
307,376,5,1442,27226,1,,
132,1,7,1158,27240,1,,
283,27,8,1460,27262,1,,
460,732,12,1475,27267,1,,
416,178,8,1158,27276,1,,
439,262,1,1526,27285,1,,
439,262,12,1193,27285,1,,
0,51,6,1460,27288,1,,
284,36,7,1524,27301,1,,
230,321,6,1526,27304,1,,
230,25,8,1434,27304,1,,
468,883,6,793,27313,1,,
157,1585,8,1475,27316,1,,
113,1,8,1413,27322,1,,
113,13,6,1413,27322,1,,
275,434,8,1515,27327,1,,
470,910,6,1158,27338,1,,
470,912,4,1413,27338,1,,
451,559,6,1515,27339,1,,
483,3223,3,1511,27347,1,,
391,245,11,1515,27364,1,,
183,104,8,1475,27366,1,,
282,38,7,1413,27367,1,,
282,-1,-1,-999,27367,2,v14_piggyback,12.0,27367,0
437,140,6,1470,27376,1,,
96,13,8,1542,27391,1,,
338,298,3,1515,27398,1,,
127,1421,7,1237,27403,1,,
306,212,7,1504,27411,1,,
257,306,8,1475,27411,1,,
441,328,5,753,27421,1,,
103,1282,3,1470,27429,1,,
372,650,8,1426,27435,1,,
446,446,7,1434,27436,1,,
290,404,6,900,27448,1,,
272,2224,4,1434,27455,1,,
339,244,12,1253,27461,1,,
274,297,7,1526,27466,1,,
285,38,6,1426,27473,1,,
479,1071,6,1442,27475,1,,
108,1,6,900,27484,1,,
467,866,6,1216,27485,1,,
32,2077,3,1434,27490,1,,
307,361,5,1542,27495,1,,
460,734,12,1434,27517,1,,
460,734,8,900,27517,1,,
460,-1,-1,-999,27517,2,v14_piggyback,2.0,27517,0
289,2,2,1475,27522,1,,
288,2,10,1479,27540,1,,
389,188,8,793,27544,1,,
389,-1,-1,-999,27544,2,v14_piggyback,3.0,27544,0
486,1180,5,1158,27550,1,,
413,133,5,1253,27554,1,,
201,149,2,1460,27559,1,,
427,719,7,1253,27567,1,,
481,1102,2,1529,27576,1,,
476,1014,7,1253,27580,1,,
414,158,4,1413,27587,1,,
447,482,4,1504,27589,1,,
232,123,7,1484,27602,1,,
205,228,11,1503,27604,1,,
366,351,3,1413,27612,1,,
465,837,7,793,27615,1,,
41,29,4,1503,27622,1,,
483,1128,11,1470,27636,1,,
483,1134,3,1253,27636,1,,
483,-1,-1,-999,27636,2,v14_piggyback,2.0,27636,0
412,122,9,1530,27651,1,,
168,1649,2,1230,27651,1,,
153,1563,2,1230,27655,1,,
4,41,8,1530,27664,1,,
2,37,4,1550,27669,1,,
446,454,12,1373,27686,1,,
283,677,6,1487,27688,1,,
283,-1,-1,-999,27688,2,v14_piggyback,14.0,27688,0
313,2438,2,1434,27690,1,,
443,374,2,900,27695,1,,
98,1245,10,1487,27704,1,,
98,-1,-1,-999,27705,2,v14_piggyback,2.0,27704,1
103,1277,12,1504,27709,1,,
103,-1,-1,-999,27709,2,v14_piggyback,8.0,27709,0
451,559,4,1503,27714,1,,
1,51,8,1519,27719,1,,
439,262,7,1445,27730,1,,
439,-1,-1,-999,27730,2,v14_piggyback,7.0,27730,0
157,1586,2,1529,27738,1,,
286,2,6,982,27744,1,,
469,900,10,1519,27753,1,,
384,53,3,1530,27772,1,,
437,140,7,1549,27785,1,,
350,2636,2,900,27791,1,,
386,171,9,1466,27793,1,,
362,156,3,1530,27804,1,,
417,215,3,1253,27812,1,,
282,2,2,982,27814,1,,
282,20,4,1466,27814,1,,
282,27,8,1466,27814,1,,
454,608,3,1484,27820,1,,
467,856,8,1503,27828,1,,
413,137,4,1484,27832,1,,
419,263,2,1511,27838,1,,
285,2,6,1576,27840,1,,
202,81,6,1487,27851,1,,
447,457,10,1484,27858,1,,
447,-1,-1,-999,27858,2,v14_piggyback,4.0,27858,0
288,2,8,1468,27865,1,,
5,9,8,1468,27879,1,,
411,102,4,1527,27910,1,,
325,2503,2,1484,27917,1,,
358,49,2,1566,27925,1,,
358,12,11,1572,27925,1,,
358,-1,-1,-999,27926,2,v14_piggyback,2.0,27925,1
299,2363,2,793,27938,1,,
145,345,10,1571,27942,1,,
388,171,7,1468,27946,1,,
137,147,7,1566,27955,1,,
394,528,4,1466,27955,1,,
460,734,4,900,27964,1,,
182,113,8,1536,27978,1,,
357,2676,3,982,27979,1,,
478,1053,6,982,27991,1,,
51,9,5,1566,27997,1,,
51,88,8,1396,27997,1,,
395,639,2,1504,28018,1,,
136,116,8,1572,28021,1,,
136,107,8,1536,28021,1,,
446,436,6,1566,28035,1,,
446,453,2,1536,28035,1,,
451,543,9,982,28035,1,,
396,556,4,1555,28049,1,,
398,640,7,1384,28062,1,,
481,3218,2,1158,28066,1,,
443,365,10,1519,28078,1,,
443,384,12,1445,28078,1,,
443,374,11,1536,28078,1,,
443,-1,-1,-999,28079,2,v14_piggyback,9.0,28078,1
397,640,12,1575,28081,1,,
445,417,4,1384,28090,1,,
427,622,8,1536,28092,1,,
400,742,2,1258,28097,1,,
354,700,12,1396,28111,1,,
425,572,8,1458,28114,1,,
368,2726,2,1503,28120,1,,
102,1273,4,1380,28123,1,,
363,156,3,1503,28128,1,,
449,515,8,1396,28129,1,,
449,-1,-1,-999,28129,2,v14_piggyback,4.0,28129,0
362,119,7,1458,28141,1,,
76,62,6,1458,28152,1,,
424,479,7,1536,28159,1,,
158,16,2,1458,28159,1,,
424,-1,-1,-999,28159,2,v14_piggyback,2.0,28159,0
272,2224,2,1466,28166,1,,
413,135,2,1503,28179,1,,
52,1464,9,1372,28182,1,,
415,173,6,1472,28193,1,,
441,331,6,1396,28205,1,,
98,1248,1,566,28210,1,,
114,1345,6,1566,28216,1,,
118,1367,6,928,28231,1,,
118,3,8,928,28231,1,,
394,514,2,1380,28238,1,,
478,1061,10,1458,28248,1,,
348,680,7,928,28251,1,,
399,674,9,928,28266,1,,
216,181,11,1006,28267,1,,
256,383,6,928,28277,1,,
428,719,11,1006,28284,1,,
97,1239,6,1467,28298,1,,
97,3,8,1467,28298,1,,
108,45,8,1558,28313,1,,
447,463,8,982,28326,1,,
253,471,9,1467,28329,1,,
45,29,9,1006,28338,1,,
45,1312,6,1491,28338,1,,
439,261,9,1468,28341,1,,
442,354,10,1467,28345,1,,
292,2329,1,1576,28347,1,,
242,430,8,1469,28359,1,,
113,110,7,1491,28365,1,,
113,1339,4,1491,28365,1,,
453,598,1,1466,28368,1,,
83,7,4,928,28372,1,,
83,2922,3,1558,28372,1,,
83,-1,-1,-999,28372,2,v14_piggyback,1.0,28372,0
225,214,6,1491,28379,1,,
225,1970,2,1491,28379,1,,
127,1419,6,899,28386,1,,
423,418,7,1006,28392,1,,
224,83,6,899,28398,1,,
272,2223,2,1444,28404,1,,
458,698,10,1006,28408,1,,
320,91,6,899,28416,1,,
484,1150,7,1006,28421,1,,
437,164,5,1372,28431,1,,
226,339,8,1287,28442,1,,
128,1423,5,1568,28443,1,,
440,290,2,1287,28451,1,,
56,1643,2,1287,28456,1,,
102,1271,9,1352,28471,1,,
57,4,10,1183,28488,1,,
443,365,8,1472,28490,1,,
445,417,4,1339,28499,1,,
445,432,2,1467,28499,1,,
445,-1,-1,-999,28499,2,v14_piggyback,4.0,28499,0
415,169,9,1006,28505,1,,
349,580,8,1183,28513,1,,
446,446,7,1264,28518,1,,
407,2893,4,1352,28522,1,,
441,324,6,1491,28523,1,,
94,1219,5,1183,28532,1,,
338,6,6,1469,28544,1,,
338,-1,-1,-999,28544,2,v14_piggyback,2.0,28544,0
290,291,5,1264,28548,1,,
290,211,12,878,28548,1,,
257,383,5,1352,28554,1,,
455,636,4,928,28563,1,,
124,1402,6,1264,28567,1,,
124,45,8,1556,28567,1,,
449,500,9,1472,28572,1,,
408,35,4,1558,28578,1,,
366,220,6,878,28583,1,,
366,338,6,1556,28583,1,,
385,72,4,1006,28587,1,,
45,9,4,1264,28603,1,,
45,5,9,878,28603,1,,
447,457,2,1484,28605,1,,
447,468,8,1183,28605,1,,
439,262,4,1445,28622,1,,
439,258,9,1566,28622,1,,
5,41,6,878,28622,1,,
5,41,8,1564,28622,1,,
417,195,9,878,28635,1,,
218,23,8,878,28659,1,,
218,271,4,1564,28659,1,,
383,34,12,891,28671,1,,
46,5,10,1564,28674,1,,
363,254,10,1564,28688,1,,
414,138,2,1566,28696,1,,
414,135,4,891,28696,1,,
414,154,11,891,28696,1,,
438,216,10,1564,28702,1,,
451,552,4,1491,28705,1,,
242,2059,4,1536,28714,1,,
442,344,2,1469,28714,1,,
442,344,11,1558,28714,1,,
424,418,1,1006,28722,1,,
424,532,2,1006,28722,1,,
229,25,1,928,28722,1,,
229,1994,2,928,28722,1,,
411,101,3,1352,28730,1,,
326,2508,2,928,28737,1,,
76,24,2,1472,28738,1,,
76,82,8,891,28738,1,,
460,722,4,957,28746,1,,
443,380,7,878,28751,1,,
443,3049,4,878,28751,1,,
434,995,8,891,28752,1,,
241,193,2,957,28753,1,,
440,282,10,1382,28765,1,,
458,691,7,1568,28766,1,,
386,80,5,891,28788,1,,
469,898,8,1556,28797,1,,
